####
#
# Obj File Generated by Style3D V9.3.965
#
####
mtllib part2_m_uv.mtl
v -0.0599748 -0.129924 0.264323
v -0.0524447 -0.133276 0.263923
v -0.0447121 -0.135963 0.263486
v -0.0368695 -0.13832 0.262983
v -0.0289046 -0.140237 0.26238
v -0.0208483 -0.14162 0.261733
v -0.0127514 -0.142587 0.261026
v -0.00462379 -0.14324 0.260257
v 0.00352609 -0.143314 0.259496
v 0.0116564 -0.14302 0.258736
v 0.0197451 -0.142287 0.257956
v 0.0278006 -0.141208 0.257193
v 0.0358098 -0.139849 0.256425
v 0.0437753 -0.138214 0.255656
v 0.0515957 -0.135983 0.254976
v 0.0593485 -0.133549 0.254258
v 0.0667275 -0.130087 0.253706
v 0.0738201 -0.126098 0.253144
v 0.0809152 -0.122086 0.252529
v 0.0873831 -0.117126 0.251894
v 0.0934802 -0.111709 0.251195
v 0.0994623 -0.106063 0.250226
v 0.104838 -0.0998457 0.248922
v 0.109887 -0.0934872 0.24734
v 0.114652 -0.0870118 0.245588
v 0.118453 -0.080818 0.241378
v 0.122313 -0.0750409 0.236577
v 0.126374 -0.0698413 0.231506
v 0.132775 -0.0680857 0.226459
v 0.134908 -0.0601014 0.227207
v 0.135322 -0.0521142 0.229894
v 0.136537 -0.044717 0.233464
v 0.137823 -0.0374108 0.237237
v 0.139647 -0.0305904 0.24179
v 0.141821 -0.0252623 0.247749
v 0.143072 -0.0171844 0.248722
v 0.143877 -0.00898534 0.249375
v 0.143982 -0.000730813 0.249803
v 0.143694 0.00752172 0.250083
v 0.142973 0.0157073 0.250296
v 0.141729 0.0238044 0.250505
v 0.139906 0.0318133 0.250701
v 0.137617 0.0397126 0.250875
v 0.134942 0.0474746 0.251017
v 0.131811 0.0550396 0.251153
v 0.128164 0.0623888 0.251274
v 0.124219 0.0695773 0.251365
v 0.119756 0.0764363 0.251499
v 0.114955 0.0830516 0.251601
v 0.109717 0.0893409 0.251745
v 0.104212 0.0953807 0.251876
v 0.0982585 0.100942 0.252062
v 0.092104 0.106256 0.252282
v 0.0856916 0.111228 0.25255
v 0.0792147 0.116115 0.252815
v 0.072778 0.12106 0.253037
v 0.066296 0.126042 0.25311
v 0.0658701 0.125583 0.246038
v 0.0652853 0.125186 0.238955
v 0.0644023 0.124635 0.231951
v 0.064271 0.124626 0.230713
v 0.0706076 0.119409 0.230307
v 0.0768825 0.114242 0.230092
v 0.0831753 0.10915 0.229875
v 0.0894386 0.104049 0.229655
v 0.0957226 0.0989767 0.229445
v 0.101849 0.0937188 0.229253
v 0.107596 0.0880378 0.2291
v 0.11283 0.0818817 0.228934
v 0.117656 0.0754194 0.228802
v 0.12205 0.068655 0.228665
v 0.126309 0.0617983 0.228552
v 0.129996 0.0546214 0.228429
v 0.133248 0.0472421 0.228293
v 0.135831 0.0396174 0.228158
v 0.138048 0.0318808 0.228001
v 0.139779 0.0240256 0.227816
v 0.141181 0.0161094 0.227594
v 0.142018 0.00811523 0.22737
v 0.142616 0.000127196 0.227167
v 0.142689 -0.00785092 0.226936
v 0.142468 -0.0158699 0.226629
v 0.141727 -0.0238484 0.226471
v 0.140694 -0.0317574 0.226328
v 0.139206 -0.0395665 0.226236
v 0.137561 -0.0474257 0.226277
v 0.135041 -0.0549901 0.22663
v 0.138811 -0.0619479 0.225211
v 0.137148 -0.0697072 0.223911
v 0.133404 -0.076752 0.222691
v 0.128433 -0.0831186 0.223573
v 0.122876 -0.088986 0.224864
v 0.115415 -0.0910885 0.227206
v 0.110772 -0.097693 0.226836
v 0.10507 -0.103432 0.227336
v 0.0993921 -0.10922 0.227921
v 0.0929196 -0.114129 0.228489
v 0.0861609 -0.118591 0.229106
v 0.0790192 -0.122359 0.229738
v 0.0718357 -0.126054 0.230372
v 0.0643802 -0.129179 0.231019
v 0.0567226 -0.131773 0.23169
v 0.0490157 -0.134227 0.232386
v 0.0412878 -0.136605 0.233105
v 0.0334116 -0.138432 0.233844
v 0.0254702 -0.139913 0.234593
v 0.0174879 -0.141122 0.235345
v 0.0094777 -0.142182 0.236112
v 0.00142534 -0.142787 0.236876
v -0.00664727 -0.143073 0.237634
v -0.0146912 -0.142403 0.23832
v -0.0227258 -0.141673 0.23902
v -0.0307884 -0.141156 0.239803
v -0.038576 -0.138933 0.240278
v -0.0461673 -0.13616 0.240724
v -0.0536586 -0.133191 0.241133
v -0.0611418 -0.130172 0.241541
v -0.061023 -0.13007 0.242794
v -0.0605356 -0.129814 0.249978
v -0.0601498 -0.129704 0.257165
v 0.0665619 0.12342 0.235365
v -0.0532961 -0.132384 0.251749
v 0.0714745 0.120667 0.240825
v -0.0562485 -0.131289 0.260581
v -0.0506473 -0.133333 0.257658
v -0.0437538 -0.135885 0.250566
v -0.0483315 -0.134191 0.252888
v -0.049722 -0.134089 0.246408
v -0.0435934 -0.135945 0.25709
v -0.0347336 -0.138278 0.25352
v -0.0398224 -0.137126 0.253711
v -0.0381661 -0.138137 0.247105
v 0.0692886 0.123293 0.249532
v 0.0738605 0.119405 0.246791
v 0.0792147 0.114069 0.239957
v 0.0755836 0.117424 0.242106
v 0.0785858 0.115739 0.246944
v 0.0750417 0.116655 0.235746
v 0.0707788 0.120081 0.23559
v -0.0430867 -0.136639 0.245204
v -0.0343649 -0.139689 0.243584
v -0.0258925 -0.140176 0.247751
v 0.084361 0.110816 0.244897
v 0.0824312 0.113069 0.24906
v 0.088384 0.108304 0.248299
v 0.0942282 0.10282 0.244458
v 0.0888808 0.106493 0.241494
v 0.0931936 0.101761 0.23656
v -0.00963566 -0.14192 0.249351
v 0.006469 -0.141811 0.247859
v 0.0304522 -0.138831 0.245608
v 0.0462067 -0.135426 0.244129
v 0.0690257 -0.127435 0.242097
v 0.0834183 -0.120148 0.240837
v 0.0965267 -0.110789 0.239556
v 0.107813 -0.0993696 0.237979
v 0.11604 -0.0864223 0.233795
v 0.129672 -0.0810746 0.233187
v 0.138812 -0.059607 0.237014
v 0.142595 -0.036388 0.237234
v 0.141457 -0.0202563 0.23729
v 0.142541 -0.00428861 0.23833
v 0.141493 0.0117444 0.238951
v 0.138953 0.0276778 0.239356
v 0.134633 0.0432304 0.239692
v 0.128275 0.0580721 0.239952
v 0.105405 0.0912041 0.240579
v 0.120336 0.0721293 0.240177
v -0.0330963 -0.138958 0.258829
v -0.0280299 -0.139773 0.254231
v -0.0195807 -0.141014 0.253399
v 0.0804473 0.112013 0.234437
v 0.085593 0.10803 0.235938
v 0.0832788 0.11072 0.239789
v -0.0316091 -0.139247 0.248691
v -0.0264063 -0.140815 0.242624
v -0.0206452 -0.141079 0.244707
v 0.0949008 0.103399 0.249308
v 0.0982001 0.0998198 0.246774
v 0.0974671 0.0989061 0.240477
v 0.10192 0.0955825 0.243695
v 0.106183 0.0918989 0.246864
v 0.11131 0.0855095 0.244384
v 0.0926831 0.101541 0.231932
v 0.0896732 0.104386 0.234469
v -0.0102262 -0.142523 0.24298
v -0.00196058 -0.142273 0.244479
v -0.0149621 -0.141664 0.246586
v -0.00908397 -0.142129 0.255734
v -0.0146773 -0.141776 0.25594
v -0.00254384 -0.141944 0.251933
v 0.00130445 -0.141934 0.248459
v 0.00335988 -0.142143 0.243513
v 0.00453761 -0.142269 0.253615
v 0.00962928 -0.141834 0.242391
v 0.0109299 -0.142049 0.252466
v 0.0298748 -0.138972 0.239214
v 0.0379629 -0.137223 0.240721
v 0.021799 -0.140176 0.243199
v 0.025005 -0.139886 0.239466
v 0.0311697 -0.139523 0.251954
v 0.0234328 -0.140542 0.250776
v 0.0374876 -0.137815 0.248159
v 0.0255706 -0.139612 0.246395
v 0.0235145 -0.141402 0.255311
v 0.0189296 -0.141623 0.253012
v 0.0189597 -0.140558 0.247755
v 0.0157264 -0.141005 0.2426
v 0.0134202 -0.141144 0.247619
v 0.0411859 -0.136673 0.244712
v 0.0431757 -0.136129 0.239768
v 0.0444781 -0.136642 0.249842
v 0.0491876 -0.134305 0.238673
v 0.0506363 -0.134897 0.248753
v 0.0137119 -0.141516 0.238303
v 0.0685121 -0.127542 0.235698
v 0.0759601 -0.123987 0.237319
v 0.0608648 -0.130518 0.239588
v 0.0639374 -0.129451 0.235886
v 0.0698348 -0.128014 0.248444
v 0.0626004 -0.130906 0.247148
v 0.0755058 -0.124616 0.244761
v 0.0644666 -0.129364 0.242821
v 0.0627768 -0.131618 0.251703
v 0.0583288 -0.132688 0.249384
v 0.0582315 -0.1318 0.244102
v 0.0550488 -0.132431 0.238936
v 0.0529358 -0.133536 0.243919
v 0.0789148 -0.122705 0.241355
v 0.0807652 -0.121666 0.236431
v 0.081736 -0.121306 0.246579
v 0.0862346 -0.118564 0.2354
v 0.0868888 -0.117491 0.245557
v 0.0530947 -0.132975 0.234615
v 0.0963616 -0.111361 0.233186
v 0.102933 -0.106365 0.234843
v 0.0916557 -0.114683 0.236836
v 0.0918193 -0.113561 0.243345
v 0.0881088 -0.117033 0.240276
v 0.0961133 -0.109352 0.245799
v 0.100439 -0.104738 0.241703
v 0.104101 -0.102947 0.238518
v 0.10697 -0.102841 0.233994
v 0.10439 -0.0988288 0.243002
v 0.111613 -0.0985604 0.232993
v 0.108124 -0.0938585 0.241244
v 0.120536 -0.0898586 0.230835
v 0.122028 -0.081851 0.228714
v 0.115681 -0.093207 0.234282
v 0.111948 -0.0893824 0.238144
v 0.111575 -0.09522 0.237275
v 0.117699 -0.0870582 0.239933
v 0.123156 -0.0845551 0.235496
v 0.125949 -0.0841203 0.231197
v 0.12674 -0.0792634 0.229087
v 0.124389 -0.0783488 0.23201
v 0.132946 -0.0779346 0.228822
v 0.129865 -0.0751204 0.230748
v 0.136863 -0.0595073 0.230851
v 0.14025 -0.0520457 0.232314
v 0.137697 -0.0674345 0.232631
v 0.139188 -0.0637129 0.229787
v 0.134169 -0.0576039 0.233097
v 0.133921 -0.0654284 0.232682
v 0.136111 -0.0527057 0.238502
v 0.137004 -0.0642036 0.236366
v 0.135457 -0.0646817 0.228356
v 0.135627 -0.0695267 0.230248
v 0.133959 -0.0700882 0.235373
v 0.136234 -0.0730427 0.230541
v 0.133623 -0.0755362 0.234745
v 0.140336 -0.0450337 0.2377
v 0.135478 -0.0737416 0.225843
v 0.139484 -0.0497492 0.236532
v 0.141063 -0.0464005 0.232191
v 0.135021 -0.0469979 0.238605
v 0.141802 -0.0409665 0.233874
v 0.136711 -0.0417908 0.240862
v 0.142348 -0.0354249 0.23108
v 0.13973 -0.0367006 0.243192
v 0.143359 -0.0282112 0.232153
v 0.140565 -0.0284675 0.241025
v 0.143677 -0.0221052 0.231955
v 0.143812 -0.0154738 0.23319
v 0.142076 -0.0124737 0.241057
v 0.14333 -0.0208054 0.243383
v 0.143631 -0.0040144 0.23201
v 0.142668 0.00392249 0.234513
v 0.143675 -0.00948939 0.235048
v 0.143162 -0.00459573 0.244707
v 0.142607 0.00237703 0.241834
v 0.142089 0.00659442 0.238884
v 0.142172 0.00927067 0.234239
v 0.142568 0.00919303 0.244384
v 0.141033 0.0154904 0.233878
v 0.141872 0.0156555 0.24403
v 0.138505 0.0277368 0.232929
v 0.13671 0.0355246 0.235383
v 0.139714 0.0218072 0.236009
v 0.140481 0.022055 0.24258
v 0.140688 0.0173341 0.238992
v 0.139988 0.0277487 0.245693
v 0.137678 0.0343131 0.242706
v 0.13618 0.0382708 0.239712
v 0.135279 0.0407024 0.235018
v 0.13615 0.0410095 0.245157
v 0.133337 0.0467235 0.234583
v 0.133844 0.047083 0.244765
v 0.12796 0.0580222 0.233518
v 0.124267 0.0651473 0.235906
v 0.130587 0.0525937 0.236648
v 0.131108 0.0530103 0.243229
v 0.132636 0.0485201 0.239667
v 0.12916 0.0583968 0.246308
v 0.125545 0.0642938 0.243232
v 0.123082 0.067716 0.24022
v 0.121432 0.0697075 0.235523
v 0.122424 0.0704241 0.245644
v 0.11774 0.0748468 0.23509
v 0.118817 0.075816 0.245214
v 0.10482 0.0908265 0.234194
v 0.100052 0.0953566 0.235457
v 0.109475 0.0859585 0.237279
v 0.114499 0.0804163 0.239449
v 0.115225 0.0808512 0.245477
v 0.114421 0.0793633 0.233828
v -0.0250983 -0.140623 0.258599
v 0.111994 0.0859742 0.24909
v -0.00238697 -0.142688 0.239773
v -0.000839517 -0.142729 0.256722
v 0.037575 -0.13747 0.236002
v 0.0393586 -0.138395 0.252916
v 0.0756364 -0.124176 0.232591
v 0.0770724 -0.124071 0.249632
v 0.102353 -0.106192 0.230152
v 0.0897564 -0.116227 0.232183
v 0.10159 -0.103138 0.246461
v 0.124204 -0.0844339 0.225434
v 0.114687 -0.0956618 0.229763
v 0.120898 -0.0801047 0.236796
v 0.137003 -0.0513121 0.228923
v 0.142962 -0.0291363 0.245054
v 0.14265 -0.0309659 0.236754
v 0.143542 -0.0128471 0.245918
v 0.142856 0.00409442 0.229775
v 0.143314 0.0034844 0.246796
v 0.136815 0.035661 0.230629
v 0.140207 0.019921 0.231109
v 0.138187 0.035663 0.247638
v 0.124133 0.0651557 0.231153
v 0.13152 0.0508229 0.231769
v 0.125723 0.0657664 0.248152
v 0.0963367 0.0985387 0.234367
v 0.110212 0.0848772 0.232274
v 0.0660362 0.12614 0.253071
v 0.0577431 0.127065 0.251577
v 0.0504112 0.129544 0.248464
v 0.0428958 0.130125 0.245195
v 0.0355549 0.13151 0.241803
v 0.0283802 0.132081 0.237841
v 0.0254656 0.136997 0.242882
v 0.0181626 0.139022 0.244293
v 0.011208 0.142827 0.246026
v 0.00350711 0.141446 0.248527
v -0.00461646 0.141026 0.250512
v -0.0126046 0.139496 0.252369
v -0.0200232 0.13635 0.254685
v -0.0280285 0.13435 0.255661
v -0.0358553 0.131936 0.256156
v -0.0434688 0.128894 0.256434
v -0.051123 0.125903 0.256586
v -0.0585824 0.122399 0.256693
v -0.0657652 0.118389 0.256797
v -0.0728098 0.114106 0.256891
v -0.0795327 0.109322 0.256996
v -0.0859624 0.104122 0.257104
v -0.0921549 0.0986016 0.257166
v -0.0979435 0.0926054 0.257211
v -0.103532 0.0862724 0.25694
v -0.108971 0.0798587 0.256261
v -0.114711 0.0737047 0.254914
v -0.121003 0.0686634 0.251851
v -0.129145 0.0662696 0.251701
v -0.13322 0.0592261 0.250193
v -0.132337 0.0510608 0.249734
v -0.133433 0.0440762 0.25393
v -0.134366 0.0374885 0.258683
v -0.135413 0.0294801 0.260082
v -0.13654 0.0214242 0.261187
v -0.137301 0.0132614 0.262
v -0.137247 0.00508891 0.262686
v -0.137275 -0.00306762 0.26321
v -0.136647 -0.0111907 0.26364
v -0.135651 -0.0192908 0.264016
v -0.134418 -0.0273577 0.264291
v -0.132765 -0.0353471 0.264518
v -0.130684 -0.0432314 0.264699
v -0.128139 -0.0509825 0.264831
v -0.125107 -0.05855 0.264928
v -0.121732 -0.0659616 0.264997
v -0.117912 -0.0731699 0.265057
v -0.113692 -0.0801449 0.265094
v -0.108998 -0.0868108 0.265142
v -0.103932 -0.0932117 0.265153
v -0.0986268 -0.0994202 0.265101
v -0.0928753 -0.105229 0.265049
v -0.0867358 -0.110641 0.264966
v -0.0803684 -0.115748 0.264861
v -0.0737701 -0.120538 0.264735
v -0.0670032 -0.12512 0.264597
v -0.0602546 -0.129769 0.264325
v -0.0604446 -0.129551 0.257182
v -0.0607966 -0.129671 0.249985
v -0.0612907 -0.129937 0.242828
v -0.0669765 -0.124215 0.242979
v -0.0732242 -0.119134 0.243157
v -0.0796373 -0.114272 0.243292
v -0.0860893 -0.109457 0.243406
v -0.0925682 -0.104665 0.243513
v -0.0983126 -0.0989902 0.243544
v -0.103843 -0.0930966 0.24358
v -0.108701 -0.0866332 0.243566
v -0.113513 -0.0801329 0.243561
v -0.117781 -0.0732619 0.243519
v -0.121616 -0.0661376 0.243447
v -0.125107 -0.0588397 0.243364
v -0.128398 -0.051451 0.243273
v -0.131302 -0.0438965 0.243166
v -0.133732 -0.0361829 0.243011
v -0.135714 -0.0283566 0.242797
v -0.137326 -0.0204593 0.242515
v -0.13825 -0.0124563 0.242123
v -0.138576 -0.00440901 0.241648
v -0.137886 0.00359053 0.241067
v -0.136758 0.0115635 0.240509
v -0.135418 0.0195042 0.240088
v -0.133733 0.0273821 0.239853
v -0.132088 0.0352531 0.239652
v -0.130884 0.0432586 0.239353
v -0.13351 0.0504238 0.236663
v -0.130919 0.0580587 0.235191
v -0.126369 0.0651399 0.233873
v -0.119292 0.0695708 0.234115
v -0.111831 0.0728231 0.235405
v -0.105161 0.0774925 0.236271
v -0.100249 0.083965 0.236207
v -0.0952111 0.0901271 0.23601
v -0.0895087 0.0956858 0.235962
v -0.0835419 0.100983 0.235909
v -0.0773304 0.106031 0.235794
v -0.0709164 0.110822 0.235661
v -0.0641389 0.115167 0.235539
v -0.057434 0.11963 0.235354
v -0.0507038 0.124103 0.235139
v -0.0438955 0.128465 0.234923
v -0.037033 0.132677 0.234643
v -0.0296278 0.135831 0.234324
v -0.0218371 0.138053 0.234009
v -0.0139405 0.139876 0.233682
v -0.0058345 0.140913 0.233634
v 0.00161154 0.142087 0.236825
v 0.00979835 0.142548 0.236582
v 0.0175385 0.140474 0.237946
v 0.025252 0.139321 0.238314
v 0.0325181 0.138692 0.236146
v 0.0393293 0.134585 0.235404
v 0.0449739 0.131525 0.23079
v 0.0516775 0.127923 0.233408
v 0.0591538 0.130007 0.236125
v 0.0640977 0.124733 0.231999
v 0.0649879 0.125289 0.238985
v 0.0655887 0.125691 0.246082
v -0.0636526 -0.127263 0.260899
v -0.0701884 -0.122242 0.25626
v -0.0652032 -0.125982 0.254932
v -0.0686424 -0.123216 0.24961
v -0.0639611 -0.127016 0.246499
v 0.0625654 0.128525 0.249501
v 0.0585892 0.127115 0.243032
v 0.0575696 0.130835 0.247196
v 0.0527277 0.133986 0.239512
v 0.0604672 0.124713 0.236033
v 0.0553386 0.126418 0.238434
v -0.0749485 -0.118263 0.251019
v 0.0512104 0.129429 0.238096
v 0.0491462 0.132958 0.234204
v 0.0402298 0.134427 0.236516
v 0.0463625 0.13435 0.239021
v 0.0427201 0.128705 0.238362
v 0.049582 0.128756 0.241771
v 0.0373858 0.13326 0.237694
v 0.0536254 0.128597 0.244884
v 0.040286 0.130069 0.234231
v 0.0343672 0.13227 0.232219
v 0.0293935 0.131773 0.234329
v -0.0951405 -0.101613 0.254355
v -0.105818 -0.0895112 0.254389
v -0.119146 -0.0692976 0.254289
v -0.126138 -0.05473 0.254119
v -0.131246 -0.0394194 0.253825
v -0.136668 -0.0157985 0.253079
v -0.137669 0.000305615 0.252176
v -0.13691 0.0163815 0.250959
v -0.135542 0.0323968 0.249845
v -0.132175 0.0478564 0.247797
v -0.124219 0.0602341 0.243996
v -0.118379 0.0745656 0.244162
v -0.0992898 0.0884426 0.246614
v -0.0878419 0.099931 0.246576
v -0.0751517 0.110065 0.246384
v -0.054376 0.122817 0.246001
v -0.0401662 0.130719 0.245552
v -0.0172188 0.137483 0.244105
v -0.00187013 0.135161 0.241783
v 0.0137838 0.135817 0.240694
v -0.0702388 -0.122511 0.261428
v -0.0746543 -0.119048 0.258953
v -0.0764467 -0.116815 0.246369
v -0.082335 -0.112523 0.252334
v -0.0720884 -0.120366 0.247701
v 0.0414308 0.130303 0.234087
v 0.0332621 0.130876 0.237011
v 0.0320133 0.136779 0.239089
v 0.0234553 0.136959 0.237803
v 0.0278726 0.13515 0.237341
v 0.0238156 0.132537 0.234655
v 0.0273232 0.139744 0.239328
v 0.0184819 0.133484 0.237591
v 0.0220888 0.140764 0.241082
v 0.0163808 0.140833 0.23924
v 0.0104275 0.140778 0.240524
v 0.00580207 0.134172 0.238962
v 0.021281 0.137528 0.235023
v 0.0310774 0.13602 0.23256
v 0.0288338 0.135815 0.237067
v -0.0952229 -0.101756 0.260507
v -0.10068 -0.0957493 0.257735
v -0.0891499 -0.107243 0.257367
v -0.0953961 -0.101811 0.248206
v -0.0897414 -0.106151 0.250131
v -0.0994626 -0.0973667 0.251306
v -0.0917068 -0.104859 0.254202
v -0.0864604 -0.109159 0.253143
v -0.083953 -0.111809 0.258895
v -0.102592 -0.0935858 0.253311
v -0.105096 -0.0908894 0.248802
v -0.108959 -0.0856726 0.250048
v -0.110203 -0.0834787 0.257802
v -0.0792623 -0.115394 0.256879
v -0.106024 -0.0896686 0.260542
v -0.119196 -0.0692693 0.260441
v -0.122632 -0.06197 0.257558
v -0.114984 -0.0762315 0.257418
v -0.119543 -0.0695693 0.248152
v -0.115745 -0.0755722 0.250168
v -0.122035 -0.0640213 0.251162
v -0.11685 -0.0734092 0.254169
v -0.112644 -0.0801247 0.253138
v -0.124024 -0.0594983 0.253104
v -0.125833 -0.0563517 0.248557
v -0.12808 -0.05024 0.249709
v -0.128876 -0.0477276 0.257422
v -0.111967 -0.0817781 0.248252
v -0.126084 -0.0546119 0.260271
v -0.131367 -0.0393023 0.259978
v -0.13317 -0.0314801 0.256969
v -0.131909 -0.0397518 0.247711
v -0.130135 -0.0450793 0.248543
v -0.13324 -0.0337788 0.250636
v -0.129854 -0.0443982 0.25362
v -0.135116 -0.0249509 0.25108
v -0.134015 -0.0294216 0.252672
v -0.134444 -0.0251199 0.257476
v -0.134886 -0.0287614 0.247753
v -0.136036 -0.0239755 0.246094
v -0.136347 -0.0199018 0.249602
v -0.137376 -0.0145759 0.247457
v -0.137546 -0.00780486 0.251896
v -0.136106 -0.015444 0.259188
v -0.136947 -0.00943898 0.257781
v -0.135638 -0.0199758 0.25631
v -0.137451 0.00071191 0.258317
v -0.137165 0.00859446 0.254937
v -0.137311 -0.00426008 0.256023
v -0.137942 -0.000105474 0.246024
v -0.138173 -0.00550384 0.246981
v -0.137509 0.00611427 0.248669
v -0.137325 0.0111407 0.250302
v -0.1373 0.0144638 0.245517
v -0.137015 0.02102 0.246271
v -0.135084 0.0238821 0.253635
v -0.136256 0.016828 0.25707
v -0.132826 0.032525 0.255366
v -0.133453 0.0405093 0.252333
v -0.135313 0.0319345 0.243727
v -0.136225 0.0264468 0.24482
v -0.135266 0.0382107 0.246329
v -0.136092 0.0272485 0.24988
v -0.134767 0.0432351 0.248004
v -0.134548 0.0460071 0.24287
v -0.132408 0.0522566 0.242853
v -0.126674 0.0538392 0.248456
v -0.128388 0.0473787 0.252664
v -0.129175 0.0624459 0.246895
v -0.1233 0.0684608 0.246256
v -0.126958 0.0612563 0.238627
v -0.129915 0.056877 0.240636
v -0.122265 0.0656648 0.240412
v -0.126035 0.0554641 0.243641
v -0.11972 0.069705 0.242662
v -0.11889 0.0734342 0.238402
v -0.113433 0.0765286 0.240463
v -0.111792 0.0771886 0.248377
v -0.118789 0.0742158 0.250326
v -0.100355 0.0893205 0.252574
v -0.0941314 0.0947249 0.249918
v -0.106218 0.0838519 0.249077
v -0.0989555 0.088174 0.240497
v -0.103288 0.0825827 0.242556
v -0.0948003 0.0925296 0.243589
v -0.102597 0.0850992 0.246387
v -0.108884 0.0807601 0.244308
v -0.0915168 0.0961942 0.245568
v -0.0884041 0.098214 0.241082
v -0.0837016 0.102696 0.242237
v -0.08253 0.105317 0.249845
v -0.108314 0.0774171 0.240323
v -0.0885768 0.100783 0.252602
v -0.0757955 0.111093 0.25239
v -0.0687405 0.115201 0.249532
v -0.074602 0.109176 0.24034
v -0.0792647 0.10604 0.241098
v -0.0698523 0.113013 0.243281
v -0.0793161 0.10695 0.246148
v -0.0622855 0.117971 0.243844
v -0.0663661 0.115725 0.245348
v -0.0631181 0.118518 0.250169
v -0.0651429 0.115518 0.240473
v -0.0608554 0.118004 0.238892
v -0.0577439 0.120584 0.242442
v -0.0530187 0.123372 0.240405
v -0.0472866 0.126751 0.245024
v -0.0545783 0.123441 0.252084
v -0.0490519 0.126097 0.250848
v -0.0583407 0.120923 0.249137
v -0.0327213 0.13425 0.248452
v -0.0405775 0.131073 0.239446
v -0.0452502 0.12822 0.240184
v -0.0351843 0.133829 0.242313
v -0.0269771 0.136989 0.242469
v -0.0333574 0.134615 0.237618
v -0.0398715 0.130541 0.251669
v -0.0443175 0.128428 0.249245
v -0.0164205 0.135377 0.249767
v -0.00881651 0.135719 0.245827
v -0.0227598 0.135798 0.247475
v -0.0279488 0.136016 0.247394
v -0.0178822 0.139711 0.238461
v -0.0230809 0.138461 0.23912
v -0.0119238 0.136769 0.239986
v -0.00709766 0.13477 0.240942
v -0.0036966 0.136521 0.236574
v 0.00178749 0.136771 0.236438
v -0.00153629 0.140156 0.245231
v 0.00425336 0.140154 0.242353
v 0.0131173 0.13757 0.234898
v -0.0827292 -0.111773 0.246982
v -0.10096 -0.0960181 0.262519
v -0.089568 -0.107621 0.262226
v -0.101006 -0.0959959 0.246666
v -0.111021 -0.0832651 0.262523
v -0.122997 -0.0620868 0.26235
v -0.115444 -0.076457 0.262287
v -0.123159 -0.0623566 0.2465
v -0.129141 -0.0470625 0.262158
v -0.133417 -0.0313928 0.261765
v -0.137009 0.00895261 0.259734
v -0.137395 0.00780098 0.243879
v -0.134948 0.0249921 0.258288
v -0.131281 0.0406288 0.256607
v -0.132401 0.0394977 0.242401
v -0.130418 0.0553272 0.251048
v -0.125638 0.0693903 0.25024
v -0.12369 0.0686464 0.236602
v -0.111424 0.0769449 0.25314
v -0.0947442 0.0953096 0.25461
v -0.106035 0.0831704 0.253863
v -0.0930231 0.0936145 0.238963
v -0.0825303 0.106406 0.254474
v -0.0690908 0.115868 0.254248
v -0.032268 0.133647 0.253245
v -0.00893953 0.139175 0.24911
v -0.0242992 0.134888 0.252185
v -0.00978388 0.139855 0.236655
# 694 vertices
vn 0.383168 0.922572 0.0451995
vn 0.370704 0.924371 0.0900949
vn 0.320629 0.944938 0.0654962
vn 0.260082 0.964211 0.0515247
vn 0.207131 0.974094 0.0907592
vn 0.14507 0.985084 0.0925383
vn 0.0991961 0.986809 0.127935
vn 0.0560822 0.982859 0.175622
vn 0.00394235 0.984836 0.173445
vn -0.0400263 0.986553 0.158467
vn -0.0988627 0.983651 0.150525
vn -0.137213 0.967863 0.210745
vn -0.158358 0.96084 0.227397
vn -0.21019 0.950745 0.227825
vn -0.261112 0.941591 0.212665
vn -0.319965 0.923652 0.210924
vn -0.432399 0.896094 0.100237
vn -0.485817 0.872354 0.0545868
vn -0.538668 0.841712 0.0368508
vn -0.632582 0.774439 0.00916479
vn -0.672771 0.739562 -0.0206881
vn -0.733124 0.677756 0.0563576
vn -0.75381 0.639383 0.151526
vn -0.76029 0.624411 0.179082
vn -0.732803 0.665236 -0.143042
vn -0.871055 0.212168 -0.442999
vn -0.844617 0.194783 -0.498681
vn -0.368575 -0.132384 -0.920123
vn 0.433829 -0.657953 -0.615541
vn 0.998967 0.0307316 -0.0334794
vn 0.991013 -0.129571 0.0332305
vn 0.956144 -0.261655 0.131624
vn 0.958905 -0.242344 -0.147546
vn 0.786987 0.0133571 -0.616825
vn -0.881017 0.169301 -0.441754
vn -0.991046 0.0967734 -0.0919961
vn -0.994224 0.00725141 0.107079
vn -0.98539 -0.0211694 0.168993
vn -0.983098 -0.0661891 0.170698
vn -0.977411 -0.123634 0.17141
vn -0.965834 -0.186399 0.180055
vn -0.949092 -0.254923 0.185038
vn -0.939034 -0.296579 0.173946
vn -0.917448 -0.355278 0.179074
vn -0.894385 -0.40888 0.181365
vn -0.872298 -0.454658 0.179949
vn -0.840952 -0.510299 0.179987
vn -0.8103 -0.558948 0.176046
vn -0.776631 -0.604913 0.175855
vn -0.736897 -0.651255 0.181245
vn -0.700616 -0.69189 0.17443
vn -0.664513 -0.731577 0.152376
vn -0.614695 -0.772974 0.157036
vn -0.601246 -0.784805 0.150279
vn -0.604579 -0.787886 0.117134
vn -0.605573 -0.789076 0.103152
vn -0.610722 -0.786309 0.0934667
vn -0.610794 -0.786878 0.0880573
vn -0.616266 -0.776661 0.130437
vn -0.630227 -0.769763 0.10138
vn -0.6311 -0.77227 0.0728756
vn -0.624394 -0.772261 0.117239
vn -0.627154 -0.769537 0.120375
vn -0.625673 -0.772435 0.108985
vn -0.637697 -0.765856 0.0825045
vn -0.643026 -0.765672 0.0162437
vn -0.679673 -0.733509 0.00320161
vn -0.738264 -0.674102 -0.0235082
vn -0.785431 -0.61716 -0.047029
vn -0.812451 -0.582201 -0.0310805
vn -0.848813 -0.528691 -0.00160001
vn -0.869867 -0.488745 -0.0667868
vn -0.900631 -0.430384 -0.0602766
vn -0.930663 -0.36505 -0.0245987
vn -0.956457 -0.289746 -0.0351753
vn -0.966837 -0.237232 -0.0945897
vn -0.97677 -0.191152 -0.0968591
vn -0.985221 -0.168518 -0.0306741
vn -0.989014 -0.127294 0.0751475
vn -0.982517 -0.0443263 0.180818
vn -0.986895 0.005325 0.161278
vn -0.973259 0.024288 0.228425
vn -0.94119 0.0857334 0.326821
vn -0.9138 0.115918 0.389272
vn -0.899156 0.168202 0.404014
vn -0.85849 0.297006 0.418071
vn -0.948675 -0.00227581 0.316245
vn -0.982396 -0.186647 0.00780561
vn -0.941723 0.329271 0.0688408
vn -0.738844 0.670824 -0.0640741
vn -0.578211 0.511129 -0.63594
vn -0.749499 0.5574 -0.357149
vn -0.555218 0.656808 0.510231
vn -0.655013 0.705992 0.26932
vn -0.681338 0.724517 0.104181
vn -0.664265 0.745269 -0.0576712
vn -0.584934 0.810584 -0.0283956
vn -0.515883 0.856608 0.00935371
vn -0.459317 0.887837 0.0278255
vn -0.424205 0.905566 -0.000799358
vn -0.355994 0.934273 0.0200815
vn -0.310053 0.95057 0.0168701
vn -0.296822 0.954762 0.0180819
vn -0.256633 0.966497 0.00488105
vn -0.203896 0.97863 -0.0266501
vn -0.170568 0.985106 -0.0217532
vn -0.139389 0.98939 -0.040972
vn -0.101732 0.99326 -0.0555434
vn -0.0582948 0.995012 -0.0809509
vn -0.000183258 0.995444 -0.0953512
vn 0.0995276 0.991339 -0.0856859
vn 0.0772712 0.986269 -0.145954
vn 0.12664 0.966948 -0.2213
vn 0.301071 0.945165 -0.12657
vn 0.342059 0.931364 -0.124724
vn 0.364024 0.924401 -0.113884
vn 0.366658 0.92386 -0.109751
vn 0.359628 0.928658 -0.0908987
vn 0.344426 0.937639 -0.0469383
vn 0.358834 0.933401 -0.00118615
vn -0.626776 -0.76648 0.140214
vn 0.349572 0.93626 -0.0348884
vn -0.621989 -0.773176 0.123809
vn 0.378549 0.924495 0.0448217
vn 0.348953 0.936431 0.036457
vn 0.331401 0.942223 -0.0488831
vn 0.342325 0.939293 -0.0233007
vn 0.348482 0.933162 -0.0881396
vn 0.325229 0.945244 0.0271998
vn 0.213404 0.976898 -0.011378
vn 0.27945 0.96006 -0.0138743
vn 0.271724 0.955572 -0.114225
vn -0.61084 -0.786356 0.0923011
vn -0.614441 -0.782819 0.0982691
vn -0.624155 -0.768583 0.140396
vn -0.629306 -0.767323 0.12325
vn -0.61479 -0.779453 0.120363
vn -0.627426 -0.766396 0.137748
vn -0.621047 -0.77049 0.143688
vn 0.333439 0.935921 -0.113448
vn 0.209944 0.964387 -0.160875
vn 0.137992 0.988036 -0.0688751
vn -0.616557 -0.774012 0.144093
vn -0.605615 -0.784153 0.135407
vn -0.609154 -0.776884 0.159321
vn -0.637165 -0.749892 0.177994
vn -0.62429 -0.764376 0.161218
vn -0.648216 -0.74696 0.147872
vn 0.0322086 0.999105 -0.0274148
vn -0.0498461 0.998577 0.0189639
vn -0.172598 0.98335 0.0568524
vn -0.254691 0.963352 0.0841703
vn -0.405646 0.911255 0.0711747
vn -0.530805 0.847396 -0.0128841
vn -0.657919 0.733799 -0.169358
vn -0.677569 0.541892 -0.497245
vn -0.702252 0.596066 -0.389291
vn -0.319992 0.680962 -0.658708
vn -0.547063 0.189608 -0.815335
vn -0.955424 0.142675 -0.258475
vn -0.990182 0.0802604 -0.114446
vn -0.997762 -0.0220667 -0.063122
vn -0.989702 -0.132805 0.0534102
vn -0.970826 -0.212574 0.110946
vn -0.943332 -0.323436 0.0742528
vn -0.892503 -0.440268 0.097996
vn -0.720091 -0.678389 0.145796
vn -0.826918 -0.547608 0.127793
vn 0.220952 0.973118 0.0649661
vn 0.182164 0.98298 0.0238035
vn 0.138501 0.989872 0.0311575
vn -0.626597 -0.768581 0.129075
vn -0.629166 -0.765736 0.133411
vn -0.62641 -0.765037 0.149429
vn 0.173463 0.980034 -0.0971802
vn 0.0898804 0.981615 -0.168384
vn 0.111678 0.990099 -0.0850428
vn -0.639244 -0.753115 0.155514
vn -0.666355 -0.72527 0.173074
vn -0.661564 -0.728948 0.175979
vn -0.690487 -0.701831 0.175101
vn -0.725728 -0.665418 0.174753
vn -0.753788 -0.637277 0.160256
vn -0.641784 -0.764185 0.0642971
vn -0.641429 -0.75849 0.11516
vn 0.0531664 0.99489 -0.0858321
vn -0.0222483 0.997255 -0.0706173
vn 0.105679 0.993179 -0.0492731
vn 0.0551295 0.993355 0.101024
vn 0.0975645 0.99276 0.0700573
vn 0.0157687 0.998466 0.0530786
vn -0.0177291 0.999805 -0.00868048
vn -0.0487977 0.996911 -0.0615482
vn -0.0020391 0.992463 0.122524
vn -0.0954002 0.994202 -0.0496119
vn -0.0485593 0.98912 0.138866
vn -0.194292 0.980803 -0.0166074
vn -0.205282 0.978681 0.00651638
vn -0.134204 0.990649 -0.0245537
vn -0.158842 0.986982 -0.0251992
vn -0.155141 0.971726 0.17799
vn -0.137892 0.975595 0.170882
vn -0.187033 0.973954 0.128191
vn -0.140865 0.988367 0.0573351
vn -0.132128 0.975226 0.177414
vn -0.104074 0.979876 0.170331
vn -0.122035 0.987924 0.0954628
vn -0.129424 0.990951 -0.0355682
vn -0.0985888 0.993365 0.0592172
vn -0.220357 0.972687 0.0729551
vn -0.250446 0.96804 0.013257
vn -0.222748 0.958395 0.178498
vn -0.290653 0.956113 0.0369899
vn -0.263158 0.950154 0.167197
vn -0.135495 0.989592 -0.0484602
vn -0.403866 0.914745 0.0115754
vn -0.432503 0.901459 0.0177015
vn -0.324066 0.945363 0.0356516
vn -0.348809 0.937045 0.0167063
vn -0.440388 0.891761 0.104027
vn -0.346742 0.923179 0.165862
vn -0.458835 0.886447 0.0606777
vn -0.362724 0.927322 0.0922231
vn -0.378592 0.91261 0.154312
vn -0.302181 0.935177 0.184743
vn -0.31982 0.939153 0.125329
vn -0.310635 0.949351 0.0473073
vn -0.29108 0.950755 0.106477
vn -0.467299 0.883685 0.0270638
vn -0.467699 0.88382 0.0109328
vn -0.539876 0.841455 0.0220913
vn -0.535581 0.844316 -0.0168064
vn -0.613707 0.788964 -0.0299987
vn -0.302965 0.952835 0.0178492
vn -0.60809 0.793154 -0.0336667
vn -0.663801 0.735454 -0.135928
vn -0.592131 0.803246 -0.0646244
vn -0.63221 0.768348 -0.099759
vn -0.592482 0.802754 -0.0674566
vn -0.715148 0.694925 -0.0751155
vn -0.751886 0.613937 -0.24031
vn -0.65995 0.614693 -0.431995
vn -0.686621 0.71391 -0.137415
vn -0.786006 0.598992 -0.152981
vn -0.693942 0.705407 -0.144377
vn -0.805129 0.539728 -0.245889
vn -0.771683 0.459882 -0.439334
vn -0.629821 0.741916 -0.22997
vn -0.727073 0.393179 -0.562827
vn -0.732571 0.573723 -0.366307
vn -0.677767 0.392081 -0.622016
vn -0.65969 0.70832 -0.25118
vn -0.734182 0.582349 -0.349066
vn -0.478171 0.871489 0.108898
vn -0.542628 0.828017 0.141224
vn -0.523174 -0.0202713 -0.851985
vn -0.612103 0.786037 0.0864676
vn 0.177826 -0.254333 -0.950628
vn -0.950472 -0.217133 0.222386
vn -0.957996 0.194587 0.210664
vn -0.88874 0.332827 -0.315227
vn -0.999247 -0.0116073 -0.0370313
vn 0.97073 -0.0138652 -0.239773
vn 0.997731 -0.0154334 -0.0655406
vn 0.289246 0.166117 -0.942731
vn -0.15454 0.2192 -0.963363
vn 0.959945 -0.0414351 -0.277107
vn 0.892073 -0.334137 -0.304233
vn 0.471099 0.450595 -0.758307
vn -0.897702 0.40231 -0.179661
vn -0.228069 0.0924423 -0.969247
vn -0.743756 0.281307 -0.606377
vn -0.87509 0.474749 0.0939794
vn -0.757913 0.281913 -0.588297
vn -0.96622 0.184419 0.180023
vn 0.720594 0.0332224 -0.692561
vn -0.981197 0.175118 0.0811531
vn 0.488336 0.0495144 -0.87125
vn -0.95985 0.144379 0.240507
vn 0.00704689 0.20244 -0.979269
vn -0.996718 0.0493172 0.0641921
vn -0.994239 0.0868241 0.0628474
vn -0.997812 0.0547384 -0.0370674
vn -0.996609 0.0535957 -0.0624318
vn -0.998279 0.0207154 0.0548701
vn -0.989263 0.086068 0.118112
vn -0.999249 -0.033624 0.0192352
vn -0.994732 -0.0843756 -0.058215
vn -0.994632 -0.0190917 -0.101698
vn -0.989253 0.00245234 0.146195
vn -0.995802 -0.0429742 0.0808168
vn -0.99431 -0.105829 0.0121369
vn -0.990507 -0.133956 -0.0308607
vn -0.984676 -0.0820254 0.153897
vn -0.98218 -0.185786 -0.0283897
vn -0.975795 -0.134333 0.172565
vn -0.977269 -0.210935 -0.0212638
vn -0.967277 -0.252377 0.0260912
vn -0.98151 -0.186331 0.0438072
vn -0.971857 -0.171904 0.161069
vn -0.982568 -0.160935 0.0930545
vn -0.959432 -0.222287 0.173433
vn -0.955275 -0.263475 0.13428
vn -0.954476 -0.285397 0.0867474
vn -0.95687 -0.290466 0.00543153
vn -0.939364 -0.305909 0.154965
vn -0.931142 -0.364655 -0.00142053
vn -0.920148 -0.361697 0.150009
vn -0.892058 -0.451842 -0.00848057
vn -0.866909 -0.495454 0.05472
vn -0.905131 -0.423436 0.0379386
vn -0.904431 -0.403485 0.138578
vn -0.920153 -0.385312 0.0696602
vn -0.882786 -0.43841 0.16878
vn -0.868336 -0.476053 0.13916
vn -0.848058 -0.518857 0.107638
vn -0.838811 -0.542759 0.0425355
vn -0.837173 -0.520579 0.167749
vn -0.813042 -0.580849 0.0397113
vn -0.813049 -0.558684 0.163777
vn -0.712332 -0.700604 0.0416726
vn -0.674122 -0.733005 0.090903
vn -0.754849 -0.648512 0.0981551
vn -0.78772 -0.600629 0.136905
vn -0.787036 -0.59596 0.15939
vn -0.797695 -0.602524 0.0254505
vn 0.175291 0.980985 0.0833179
vn -0.754363 -0.633521 0.172012
vn -0.0342917 0.995127 -0.0924481
vn 0.0285829 0.985498 0.167263
vn -0.217682 0.975864 -0.0174225
vn -0.178619 0.960526 0.213271
vn -0.444574 0.895697 0.00895174
vn -0.485287 0.872723 0.0534061
vn -0.668522 0.742283 0.0457656
vn -0.568011 0.822836 -0.0174324
vn -0.77045 0.634218 0.0646109
vn -0.611427 0.366643 -0.701234
vn -0.716353 0.652781 0.246407
vn -0.819052 0.0787138 -0.568294
vn -0.830708 0.254843 0.494953
vn -0.633292 0.668258 -0.390348
vn -0.969274 -0.00748688 -0.245868
vn -0.99212 0.0193853 0.123785
vn -0.991145 -0.101865 0.085183
vn -0.985709 -0.0419558 0.163148
vn -0.965761 -0.254559 -0.0500489
vn -0.979597 -0.192903 -0.0563823
vn -0.945339 -0.272244 0.179493
vn -0.861503 -0.50757 -0.0136129
vn -0.907605 -0.418515 -0.0331275
vn -0.860741 -0.477734 0.175771
vn -0.657944 -0.747993 0.0872687
vn -0.768176 -0.640158 -0.0101541
vn -0.392537 -0.894089 -0.215682
vn 0.0711938 -0.8469 -0.526964
vn -0.206182 -0.975968 0.0705319
vn -0.171056 -0.96793 0.183988
vn -0.211116 -0.967115 0.141842
vn -0.343674 -0.0680595 -0.93662
vn -0.606169 -0.429788 -0.66921
vn -0.258602 -0.888687 -0.37863
vn 0.0249137 -0.976621 0.213519
vn 0.158006 -0.96222 0.221735
vn 0.233335 -0.923945 0.303118
vn 0.405058 -0.764803 0.501004
vn 0.264082 -0.909784 0.32024
vn 0.199526 -0.979869 -0.00684567
vn 0.363553 -0.927779 -0.0839919
vn 0.400324 -0.916228 0.0163361
vn 0.410726 -0.90253 0.129401
vn 0.454411 -0.873049 0.176907
vn 0.495885 -0.850229 0.176659
vn 0.540276 -0.821797 0.180975
vn 0.597265 -0.783421 0.171832
vn 0.64101 -0.748045 0.171858
vn 0.683007 -0.706431 0.185624
vn 0.71494 -0.688122 0.123889
vn 0.745572 -0.663021 0.0672733
vn 0.750383 -0.660238 0.0317937
vn 0.581965 -0.676473 -0.451332
vn 0.356405 -0.424433 -0.832366
vn 0.71853 -0.644179 0.2622
vn 0.396696 0.0896792 0.913559
vn -0.454063 0.141936 0.879591
vn -0.129014 0.548785 0.825948
vn 0.689615 -0.0353841 0.723311
vn 0.895289 -0.0670313 0.440415
vn 0.952641 -0.139667 0.270126
vn 0.986273 -0.0354187 0.16128
vn 0.999525 -0.0286191 0.0114491
vn 0.998895 0.0403374 -0.0241078
vn 0.993941 0.109115 -0.0132632
vn 0.988977 0.147842 0.00819077
vn 0.981402 0.183566 0.0561534
vn 0.969044 0.231739 0.0851573
vn 0.950919 0.292141 0.102015
vn 0.930011 0.342631 0.132977
vn 0.902893 0.401823 0.152718
vn 0.885631 0.43008 0.175185
vn 0.857509 0.487795 0.16351
vn 0.822585 0.539973 0.178278
vn 0.796713 0.586161 0.147187
vn 0.757069 0.636353 0.147991
vn 0.724693 0.662959 0.187899
vn 0.68028 0.711654 0.175406
vn 0.63996 0.754666 0.144673
vn 0.607854 0.78436 0.12366
vn 0.573478 0.810833 0.11693
vn 0.576928 0.814002 0.0674923
vn 0.578639 0.81528 0.0222882
vn 0.59955 0.800305 -0.00723208
vn 0.646921 0.76187 -0.032345
vn 0.697261 0.71421 -0.061084
vn 0.655119 0.755108 0.0251004
vn 0.621077 0.782179 0.0495792
vn 0.614498 0.788899 -0.00546621
vn 0.600947 0.79709 -0.0592404
vn 0.636757 0.768513 -0.0626811
vn 0.719075 0.694418 -0.0267364
vn 0.767115 0.637987 -0.0671334
vn 0.799328 0.59809 -0.0579897
vn 0.828865 0.554629 -0.073281
vn 0.859372 0.506577 -0.0697126
vn 0.8938 0.443083 -0.0692767
vn 0.904419 0.420146 -0.0741824
vn 0.924285 0.367308 -0.103841
vn 0.938349 0.318566 -0.134227
vn 0.952752 0.267693 -0.143545
vn 0.966469 0.210182 -0.147516
vn 0.976811 0.158768 -0.143645
vn 0.990348 0.0806789 -0.112699
vn 0.997114 -0.028029 -0.0705596
vn 0.994767 -0.0963161 -0.0340709
vn 0.985232 -0.104398 0.135715
vn 0.952207 -0.115847 0.282631
vn 0.879903 -0.137079 0.45495
vn 0.867756 -0.197482 0.45607
vn 0.826722 0.230468 0.51324
vn 0.978738 -0.202567 0.0322436
vn 0.818858 -0.498262 -0.284966
vn 0.803135 -0.579524 -0.138298
vn 0.372235 -0.717098 0.589246
vn 0.256907 -0.773103 0.579923
vn 0.605812 -0.711741 0.355551
vn 0.774818 -0.564271 0.285055
vn 0.695315 -0.649105 0.308545
vn 0.645779 -0.723678 0.243433
vn 0.634697 -0.74093 0.219506
vn 0.594581 -0.776038 0.210333
vn 0.558573 -0.812095 0.168815
vn 0.539807 -0.825437 0.165115
vn 0.545784 -0.826487 0.137984
vn 0.539123 -0.834129 0.116514
vn 0.53183 -0.840925 0.100009
vn 0.457805 -0.88651 0.0671873
vn 0.340528 -0.937939 0.0656606
vn 0.254613 -0.956164 0.144647
vn 0.0969814 -0.995265 -0.00646138
vn 0.0180716 -0.685104 -0.728221
vn 0.0777058 -0.0321971 -0.996456
vn -0.0557732 0.0658531 -0.996269
vn 0.118447 0.676874 -0.726506
vn 0.152943 0.456209 -0.876631
vn -0.152127 0.672652 -0.724152
vn 0.158809 0.408823 -0.89869
vn -0.115401 -0.991237 0.0642793
vn -0.46606 -0.778576 0.420247
vn -0.442373 -0.441542 -0.780607
vn -0.366815 -0.86809 -0.334463
vn -0.0869749 -0.983118 0.160979
vn -0.396876 -0.894488 0.205865
vn 0.583278 0.811821 0.0270718
vn 0.607278 0.793394 0.0417111
vn 0.609413 0.792821 0.00710281
vn 0.624909 0.780202 0.0278264
vn 0.670485 0.74165 -0.0201358
vn -0.334548 -0.933659 -0.127903
vn -0.491303 -0.789781 0.367242
vn -0.0508305 -0.965587 -0.255065
vn -0.427444 -0.9036 0.0282487
vn -0.429804 -0.846035 -0.315426
vn -0.639956 -0.752673 -0.154728
vn 0.616632 0.785766 0.0483427
vn -0.617529 -0.55537 0.556977
vn -0.439742 -0.722401 0.533632
vn 0.691946 -0.714785 -0.101455
vn 0.161666 -0.831565 -0.531379
vn 0.156467 -0.870541 -0.466558
vn 0.160308 -0.878502 -0.450039
vn -0.635977 -0.399644 -0.660165
vn 0.275966 -0.886648 -0.371078
vn 0.30213 -0.533125 -0.79025
vn -0.38036 -0.586601 -0.715001
vn -0.387778 -0.851472 -0.353021
vn 0.705482 0.70855 -0.0158752
vn 0.795959 0.605324 -0.00570919
vn 0.884975 0.464028 -0.03869
vn 0.921333 0.3873 -0.0338169
vn 0.962761 0.264096 -0.0578368
vn 0.986413 0.133388 -0.0959019
vn 0.998524 -0.0201111 -0.0504556
vn 0.989505 -0.106232 -0.0979529
vn 0.971193 -0.100583 -0.216027
vn 0.755319 -0.462442 -0.464371
vn 0.854344 -0.404513 0.32629
vn 0.730676 -0.682076 0.0297586
vn 0.700601 -0.697333 0.15128
vn 0.66457 -0.727852 0.169048
vn 0.568049 -0.802067 0.184415
vn 0.489457 -0.869245 0.069601
vn 0.473942 -0.878214 -0.0641766
vn -0.0610163 -0.951163 -0.302599
vn 0.0789776 -0.903987 0.420203
vn 0.121112 -0.621194 0.774242
vn 0.5813 0.810129 0.0760419
vn 0.592003 0.801372 0.085652
vn 0.617235 0.785835 0.0385262
vn 0.629831 0.773971 0.0654285
vn 0.624307 0.779827 0.0459354
vn -0.417123 -0.908695 0.0167584
vn -0.247796 -0.664808 -0.704718
vn -0.433503 -0.763489 -0.478706
vn 0.0333321 -0.510978 0.858948
vn -0.102041 -0.570142 0.815184
vn 0.209165 -0.813749 -0.542275
vn -0.593054 -0.788218 0.164313
vn -0.0479548 -0.981435 0.185705
vn -0.219202 -0.973601 -0.0636529
vn 0.0532264 -0.734263 0.676775
vn 0.130356 -0.61912 0.774401
vn 0.134998 -0.990789 0.0105726
vn 0.0971371 0.310248 -0.94568
vn -0.306427 0.277617 -0.910512
vn -0.340215 0.415825 -0.843412
vn 0.707515 0.698806 0.105323
vn 0.743983 0.667671 0.0265482
vn 0.658599 0.748714 0.0753279
vn 0.685332 0.727262 -0.0375559
vn 0.620641 0.784094 0.00158107
vn 0.734804 0.676962 -0.0422398
vn 0.655117 0.755157 0.0236521
vn 0.641397 0.764367 0.0659733
vn 0.634905 0.765323 0.10572
vn 0.767173 0.640994 -0.0239368
vn 0.783935 0.618099 -0.0583057
vn 0.803286 0.593292 -0.0523008
vn 0.818915 0.572397 0.041697
vn 0.613679 0.784678 0.0876258
vn 0.786362 0.611373 0.0886462
vn 0.880904 0.465227 0.0870116
vn 0.902156 0.431337 0.00787498
vn 0.848327 0.528871 0.0252355
vn 0.878162 0.473737 -0.0663667
vn 0.84723 0.527599 -0.0619806
vn 0.897929 0.435577 -0.0632092
vn 0.858299 0.51165 -0.0392122
vn 0.832179 0.552341 -0.0489606
vn 0.904741 0.422718 -0.052467
vn 0.914332 0.398257 -0.0734101
vn 0.933967 0.349764 -0.0732874
vn 0.945121 0.326716 -0.00191396
vn 0.818621 0.569857 -0.071565
vn 0.920559 0.386401 0.0571497
vn 0.965018 0.257801 0.0477402
vn 0.974473 0.223345 -0.0227828
vn 0.949079 0.286415 -0.131209
vn 0.938404 0.327136 -0.111265
vn 0.959198 0.254039 -0.124107
vn 0.955269 0.292972 -0.0403563
vn 0.972822 0.197257 -0.12127
vn 0.971236 0.210249 -0.111781
vn 0.97989 0.19768 -0.0271791
vn 0.967143 0.210558 -0.142478
vn 0.969849 0.192263 -0.149757
vn 0.977225 0.174449 -0.120825
vn 0.987377 0.108605 -0.11529
vn 0.994063 0.0594637 -0.0911173
vn 0.991162 0.126538 -0.0398216
vn 0.994762 0.0883695 -0.0513677
vn 0.981013 0.181596 -0.0680903
vn 0.999637 -0.00626179 -0.0262234
vn 0.997021 -0.0639478 -0.0431283
vn 0.998092 0.0398963 -0.0471237
vn 0.996661 -0.0659851 -0.0480856
vn 0.995988 0.0154313 -0.0881466
vn 0.998676 -0.0480319 -0.0184131
vn 0.997745 -0.0494495 -0.0453823
vn 0.994506 -0.0683958 0.0792513
vn 0.995204 -0.0867158 0.0452727
vn 0.977045 -0.159588 -0.141118
vn 0.991826 -0.119748 0.044053
vn 0.991434 -0.130382 0.00765476
vn 0.872027 -0.27225 -0.406754
vn 0.939725 -0.135133 0.314094
vn 0.970739 -0.132329 0.200388
vn 0.968997 -0.170623 0.178695
vn 0.974108 -0.108492 -0.19835
vn 0.952303 -0.235148 -0.194488
vn 0.992199 -0.00702917 0.124462
vn 0.798115 -0.523175 -0.298831
vn 0.963357 -0.155703 0.218403
vn 0.858155 -0.117943 0.499659
vn 0.675368 -0.233471 0.699549
vn 0.650587 -0.583005 0.486663
vn 0.723949 -0.527586 -0.444467
vn 0.660183 -0.568002 -0.491458
vn 0.865128 -0.432337 -0.254241
vn 0.834322 -0.49922 -0.233851
vn 0.845288 -0.533459 0.0301673
vn 0.576843 -0.764922 0.286611
vn 0.342749 -0.863346 0.370346
vn 0.588657 -0.806168 -0.0598043
vn 0.620275 -0.741806 -0.254918
vn 0.702882 -0.69701 0.141896
vn 0.691634 -0.69972 0.178981
vn 0.657977 -0.745886 0.103536
vn 0.741792 -0.636839 0.21019
vn 0.654363 -0.672135 0.346474
vn 0.701806 -0.702211 0.119865
vn 0.64433 -0.71253 0.277739
vn 0.565308 -0.772024 0.290527
vn 0.684329 -0.71222 0.156325
vn 0.657584 -0.730696 0.183485
vn 0.636008 -0.749457 0.183871
vn 0.621613 -0.763319 0.175901
vn 0.36356 -0.758683 0.540578
vn 0.661384 -0.728392 0.17893
vn 0.570958 -0.800825 0.180794
vn 0.521681 -0.835405 0.173053
vn 0.571068 -0.801988 0.175205
vn 0.597668 -0.78025 0.184398
vn 0.546641 -0.819265 0.173172
vn 0.593999 -0.786107 0.170884
vn 0.516695 -0.844927 0.138292
vn 0.519307 -0.837501 0.170036
vn 0.48575 -0.858783 0.162906
vn 0.535063 -0.8287 0.164205
vn 0.539258 -0.828609 0.150358
vn 0.523341 -0.845607 0.105183
vn 0.528278 -0.845422 0.0786349
vn 0.492369 -0.870386 0.000754102
vn 0.44948 -0.881897 0.142219
vn 0.442245 -0.893997 0.0720383
vn 0.480025 -0.866752 0.135341
vn 0.372737 -0.921115 -0.112311
vn 0.500332 -0.865773 0.0102182
vn 0.521879 -0.852787 0.019908
vn 0.423118 -0.904363 -0.0556681
vn 0.238142 -0.962493 -0.129982
vn 0.388908 -0.920343 0.041468
vn 0.414891 -0.90873 -0.0455635
vn 0.454285 -0.890854 0.00219064
vn 0.210063 -0.969563 0.125781
vn 0.199282 -0.918028 0.342798
vn 0.0241456 -0.96789 -0.250213
vn 0.15803 -0.970087 -0.184277
vn 0.0561725 -0.982094 -0.179824
vn 0.231007 -0.969284 -0.0844048
vn -0.237102 -0.868547 -0.435211
vn -0.0786441 -0.99247 -0.0939033
vn -0.0168521 -0.721015 -0.692715
vn -0.0160255 -0.484017 -0.874912
vn 0.246669 -0.837808 0.487065
vn 0.269259 -0.747968 0.606665
vn -0.105049 -0.248273 -0.962977
vn 0.619844 0.784693 0.0070309
vn 0.745052 0.653396 0.134058
vn 0.663625 0.734944 0.139497
vn 0.74133 0.669533 -0.0464311
vn 0.812613 0.566159 0.138285
vn 0.898284 0.418432 0.134167
vn 0.847048 0.513966 0.135458
vn 0.900222 0.429381 -0.0723431
vn 0.94493 0.319467 0.0710458
vn 0.975181 0.212882 0.0608587
vn 0.998162 -0.0383912 0.0468881
vn 0.996805 -0.076104 0.0242555
vn 0.958636 -0.15064 0.241507
vn 0.794767 0.197456 0.573896
vn 0.895491 -0.0702387 0.439503
vn 0.117846 0.189505 0.974782
vn 0.57635 -0.796688 -0.181956
vn 0.741583 -0.670861 0.000612344
vn 0.661173 -0.746146 -0.0782066
vn 0.696052 -0.697472 0.170426
vn 0.749672 -0.66091 -0.0345055
vn 0.675538 -0.706616 0.210578
vn 0.620013 -0.765778 0.170786
vn 0.516142 -0.839686 0.168894
vn 0.289252 -0.943338 -0.162625
vn 0.3506 -0.776878 0.523011
vn 0.127341 -0.991301 -0.0332751
vn -0.117721 -0.870133 -0.47855
# 694 vertex normals
vt 0.000580788 0.936003 0
vt 0.00740623 0.936003 0
vt 0.0142317 0.936003 0
vt 0.0210581 0.936003 0
vt 0.0278835 0.936003 0
vt 0.034709 0.936003 0
vt 0.0415344 0.936003 0
vt 0.0483608 0.936003 0
vt 0.0551872 0.936003 0
vt 0.0620127 0.936003 0
vt 0.0688381 0.936003 0
vt 0.0756636 0.936003 0
vt 0.08249 0.936003 0
vt 0.0893154 0.936003 0
vt 0.0961409 0.936003 0
vt 0.102967 0.936003 0
vt 0.109793 0.936003 0
vt 0.116619 0.936003 0
vt 0.123445 0.936003 0
vt 0.13027 0.936003 0
vt 0.137095 0.936003 0
vt 0.143922 0.936003 0
vt 0.150748 0.936003 0
vt 0.157573 0.936003 0
vt 0.164399 0.936003 0
vt 0.171225 0.936003 0
vt 0.178051 0.936003 0
vt 0.184876 0.936003 0
vt 0.191702 0.936003 0
vt 0.198528 0.936003 0
vt 0.205354 0.936003 0
vt 0.21218 0.936003 0
vt 0.219005 0.936003 0
vt 0.225831 0.936003 0
vt 0.232656 0.936003 0
vt 0.239483 0.936003 0
vt 0.246308 0.936003 0
vt 0.253134 0.936003 0
vt 0.25996 0.936003 0
vt 0.266786 0.936003 0
vt 0.273612 0.936003 0
vt 0.280437 0.936003 0
vt 0.287263 0.936003 0
vt 0.294089 0.936003 0
vt 0.300915 0.936003 0
vt 0.30774 0.936003 0
vt 0.314566 0.936003 0
vt 0.321392 0.936003 0
vt 0.328218 0.936003 0
vt 0.335044 0.936003 0
vt 0.341869 0.936003 0
vt 0.348695 0.936003 0
vt 0.355521 0.936003 0
vt 0.362347 0.936003 0
vt 0.369172 0.936003 0
vt 0.375998 0.936003 0
vt 0.382824 0.936003 0
vt 0.382824 0.92985 0
vt 0.382824 0.923697 0
vt 0.382824 0.917543 0
vt 0.382824 0.916466 0
vt 0.375998 0.916466 0
vt 0.369172 0.916466 0
vt 0.362347 0.916466 0
vt 0.355521 0.916466 0
vt 0.348695 0.916466 0
vt 0.341869 0.916466 0
vt 0.335044 0.916466 0
vt 0.328218 0.916466 0
vt 0.321392 0.916466 0
vt 0.314566 0.916466 0
vt 0.30774 0.916466 0
vt 0.300915 0.916466 0
vt 0.294089 0.916466 0
vt 0.287263 0.916466 0
vt 0.280437 0.916466 0
vt 0.273612 0.916466 0
vt 0.266786 0.916466 0
vt 0.25996 0.916466 0
vt 0.253134 0.916466 0
vt 0.246308 0.916466 0
vt 0.239483 0.916466 0
vt 0.232656 0.916466 0
vt 0.225831 0.916466 0
vt 0.219005 0.916466 0
vt 0.21218 0.916466 0
vt 0.205354 0.916466 0
vt 0.198528 0.916466 0
vt 0.191702 0.916466 0
vt 0.184876 0.916466 0
vt 0.178051 0.916466 0
vt 0.171225 0.916466 0
vt 0.164399 0.916466 0
vt 0.157573 0.916466 0
vt 0.150748 0.916466 0
vt 0.143922 0.916466 0
vt 0.137095 0.916466 0
vt 0.13027 0.916466 0
vt 0.123445 0.916466 0
vt 0.116619 0.916466 0
vt 0.109793 0.916466 0
vt 0.102967 0.916466 0
vt 0.0961409 0.916466 0
vt 0.0893154 0.916466 0
vt 0.08249 0.916466 0
vt 0.0756636 0.916466 0
vt 0.0688381 0.916466 0
vt 0.0620127 0.916466 0
vt 0.0551872 0.916466 0
vt 0.0483608 0.916466 0
vt 0.0415344 0.916466 0
vt 0.034709 0.916466 0
vt 0.0278835 0.916466 0
vt 0.0210581 0.916466 0
vt 0.0142317 0.916466 0
vt 0.00740623 0.916466 0
vt 0.000580788 0.916466 0
vt 0.000580788 0.917543 0
vt 0.000580788 0.923697 0
vt 0.000580788 0.92985 0
vt 0.380925 0.92062 0
vt 0.00698376 0.925525 0
vt 0.376421 0.925525 0
vt 0.00399303 0.932926 0
vt 0.00910568 0.930686 0
vt 0.0156088 0.924996 0
vt 0.0113869 0.926732 0
vt 0.0105505 0.921152 0
vt 0.0154285 0.930564 0
vt 0.0233173 0.928032 0
vt 0.0189209 0.92789 0
vt 0.0208502 0.922338 0
vt 0.379412 0.932926 0
vt 0.374299 0.930686 0
vt 0.367796 0.924996 0
vt 0.372018 0.926732 0
vt 0.369261 0.930958 0
vt 0.371798 0.921266 0
vt 0.376402 0.920986 0
vt 0.0166025 0.92046 0
vt 0.0244703 0.919527 0
vt 0.0312967 0.923704 0
vt 0.362813 0.929381 0
vt 0.365372 0.932889 0
vt 0.358933 0.932436 0
vt 0.352108 0.929321 0
vt 0.357475 0.926594 0
vt 0.352003 0.922468 0
vt 0.0449486 0.926234 0
vt 0.0585995 0.926234 0
vt 0.0790768 0.926234 0
vt 0.0927286 0.926234 0
vt 0.113205 0.926234 0
vt 0.126858 0.926234 0
vt 0.140509 0.926234 0
vt 0.15416 0.926234 0
vt 0.167812 0.926234 0
vt 0.181463 0.926234 0
vt 0.201941 0.926234 0
vt 0.222419 0.926234 0
vt 0.23607 0.926234 0
vt 0.249722 0.926234 0
vt 0.263372 0.926234 0
vt 0.277024 0.926234 0
vt 0.290676 0.926234 0
vt 0.304327 0.926234 0
vt 0.338456 0.926234 0
vt 0.31798 0.926234 0
vt 0.0244703 0.932665 0
vt 0.0290422 0.929068 0
vt 0.0362644 0.928948 0
vt 0.36576 0.920292 0
vt 0.360308 0.921721 0
vt 0.363348 0.924966 0
vt 0.0263557 0.924113 0
vt 0.0312967 0.91928 0
vt 0.0359879 0.921493 0
vt 0.352108 0.933534 0
vt 0.347985 0.931427 0
vt 0.347792 0.925961 0
vt 0.343205 0.928859 0
vt 0.338543 0.931684 0
vt 0.331631 0.929659 0
vt 0.352108 0.918498 0
vt 0.355658 0.920579 0
vt 0.0449486 0.920753 0
vt 0.0517731 0.922685 0
vt 0.0406628 0.923494 0
vt 0.0449486 0.931715 0
vt 0.0402431 0.931472 0
vt 0.0507088 0.928974 0
vt 0.0542126 0.926332 0
vt 0.0563164 0.922287 0
vt 0.0565109 0.930985 0
vt 0.0616684 0.921826 0
vt 0.0619535 0.930543 0
vt 0.0790768 0.920753 0
vt 0.0859022 0.922685 0
vt 0.0719118 0.923494 0
vt 0.0749025 0.920574 0
vt 0.0790768 0.931715 0
vt 0.0726395 0.930093 0
vt 0.0848379 0.928974 0
vt 0.0748653 0.926508 0
vt 0.0722513 0.934021 0
vt 0.0686083 0.931678 0
vt 0.06915 0.927137 0
vt 0.0668163 0.922501 0
vt 0.0644827 0.926581 0
vt 0.0883417 0.926332 0
vt 0.0904455 0.922287 0
vt 0.0906401 0.930985 0
vt 0.0957966 0.921826 0
vt 0.0960827 0.930543 0
vt 0.0654249 0.918678 0
vt 0.113205 0.920753 0
vt 0.120031 0.922685 0
vt 0.106041 0.923494 0
vt 0.109031 0.920574 0
vt 0.113205 0.931715 0
vt 0.106769 0.930093 0
vt 0.118967 0.928974 0
vt 0.108994 0.926508 0
vt 0.10638 0.934021 0
vt 0.102737 0.931678 0
vt 0.103279 0.927137 0
vt 0.100945 0.922501 0
vt 0.0986118 0.926581 0
vt 0.12247 0.926332 0
vt 0.124575 0.922287 0
vt 0.124769 0.930985 0
vt 0.129926 0.921826 0
vt 0.130212 0.930543 0
vt 0.0995541 0.918678 0
vt 0.140509 0.920753 0
vt 0.147334 0.922685 0
vt 0.135441 0.923494 0
vt 0.13567 0.929129 0
vt 0.131633 0.926133 0
vt 0.140509 0.931715 0
vt 0.14627 0.928974 0
vt 0.149774 0.926332 0
vt 0.151877 0.922287 0
vt 0.152072 0.930985 0
vt 0.157228 0.921826 0
vt 0.157515 0.930543 0
vt 0.167812 0.920753 0
vt 0.174638 0.922685 0
vt 0.162744 0.923494 0
vt 0.162972 0.929129 0
vt 0.158937 0.926133 0
vt 0.167812 0.931715 0
vt 0.173573 0.928974 0
vt 0.177077 0.926332 0
vt 0.17918 0.922287 0
vt 0.179376 0.930985 0
vt 0.184532 0.921826 0
vt 0.184817 0.930543 0
vt 0.201941 0.920753 0
vt 0.208766 0.922685 0
vt 0.194776 0.923494 0
vt 0.197766 0.920574 0
vt 0.201941 0.931715 0
vt 0.195503 0.930093 0
vt 0.207702 0.928974 0
vt 0.197729 0.926508 0
vt 0.195115 0.934021 0
vt 0.191472 0.931678 0
vt 0.192014 0.927137 0
vt 0.18968 0.922501 0
vt 0.187347 0.926581 0
vt 0.214941 0.926965 0
vt 0.18829 0.918678 0
vt 0.21085 0.926272 0
vt 0.213634 0.922256 0
vt 0.212157 0.93098 0
vt 0.218374 0.923476 0
vt 0.217093 0.93143 0
vt 0.223044 0.920973 0
vt 0.222419 0.93189 0
vt 0.229244 0.921691 0
vt 0.229244 0.929698 0
vt 0.234406 0.921335 0
vt 0.240058 0.922148 0
vt 0.242895 0.928906 0
vt 0.23607 0.931715 0
vt 0.249722 0.920753 0
vt 0.256547 0.922685 0
vt 0.245185 0.923494 0
vt 0.249722 0.931715 0
vt 0.255483 0.928974 0
vt 0.258986 0.926332 0
vt 0.26109 0.922287 0
vt 0.261284 0.930985 0
vt 0.266441 0.921826 0
vt 0.266726 0.930543 0
vt 0.277024 0.920753 0
vt 0.283851 0.922685 0
vt 0.271955 0.923494 0
vt 0.272184 0.929129 0
vt 0.268148 0.926133 0
vt 0.277024 0.931715 0
vt 0.282785 0.928974 0
vt 0.286289 0.926332 0
vt 0.288393 0.922287 0
vt 0.288588 0.930985 0
vt 0.293744 0.921826 0
vt 0.294029 0.930543 0
vt 0.304327 0.920753 0
vt 0.311153 0.922685 0
vt 0.299259 0.923494 0
vt 0.299488 0.929129 0
vt 0.295451 0.926133 0
vt 0.304327 0.931715 0
vt 0.310089 0.928974 0
vt 0.313592 0.926332 0
vt 0.315697 0.922287 0
vt 0.31589 0.930985 0
vt 0.321048 0.921826 0
vt 0.321333 0.930543 0
vt 0.338456 0.920753 0
vt 0.344048 0.921701 0
vt 0.332809 0.923494 0
vt 0.326528 0.925488 0
vt 0.326532 0.93069 0
vt 0.325778 0.920678 0
vt 0.0312967 0.933008 0
vt 0.331631 0.933749 0
vt 0.0517731 0.918638 0
vt 0.0517731 0.933236 0
vt 0.0859022 0.918638 0
vt 0.0859022 0.933236 0
vt 0.120031 0.918638 0
vt 0.120031 0.933236 0
vt 0.147334 0.918638 0
vt 0.133683 0.919371 0
vt 0.147334 0.933236 0
vt 0.174638 0.918638 0
vt 0.160986 0.919371 0
vt 0.174638 0.933236 0
vt 0.208766 0.918638 0
vt 0.229244 0.933775 0
vt 0.226984 0.925694 0
vt 0.242895 0.933275 0
vt 0.256547 0.918638 0
vt 0.256547 0.933236 0
vt 0.283851 0.918638 0
vt 0.270199 0.919371 0
vt 0.283851 0.933236 0
vt 0.311153 0.918638 0
vt 0.297502 0.919371 0
vt 0.311153 0.933236 0
vt 0.348162 0.920672 0
vt 0.331631 0.91925 0
vt 0.382824 0.937252 0
vt 0.375998 0.937252 0
vt 0.369172 0.937252 0
vt 0.362347 0.937252 0
vt 0.355521 0.937252 0
vt 0.348695 0.937252 0
vt 0.341869 0.937252 0
vt 0.335044 0.937252 0
vt 0.328218 0.937252 0
vt 0.321392 0.937252 0
vt 0.314566 0.937252 0
vt 0.30774 0.937252 0
vt 0.300915 0.937252 0
vt 0.294089 0.937252 0
vt 0.287263 0.937252 0
vt 0.280437 0.937252 0
vt 0.273612 0.937252 0
vt 0.266786 0.937252 0
vt 0.25996 0.937252 0
vt 0.253134 0.937252 0
vt 0.246308 0.937252 0
vt 0.239483 0.937252 0
vt 0.232656 0.937252 0
vt 0.225831 0.937252 0
vt 0.219005 0.937252 0
vt 0.21218 0.937252 0
vt 0.205354 0.937252 0
vt 0.198528 0.937252 0
vt 0.191702 0.937252 0
vt 0.184876 0.937252 0
vt 0.178051 0.937252 0
vt 0.171225 0.937252 0
vt 0.164399 0.937252 0
vt 0.157573 0.937252 0
vt 0.150748 0.937252 0
vt 0.143922 0.937252 0
vt 0.137095 0.937252 0
vt 0.13027 0.937252 0
vt 0.123445 0.937252 0
vt 0.116619 0.937252 0
vt 0.109793 0.937252 0
vt 0.102967 0.937252 0
vt 0.0961409 0.937252 0
vt 0.0893154 0.937252 0
vt 0.08249 0.937252 0
vt 0.0756636 0.937252 0
vt 0.0688381 0.937252 0
vt 0.0620127 0.937252 0
vt 0.0551872 0.937252 0
vt 0.0483608 0.937252 0
vt 0.0415344 0.937252 0
vt 0.034709 0.937252 0
vt 0.0278835 0.937252 0
vt 0.0210581 0.937252 0
vt 0.0142317 0.937252 0
vt 0.00740623 0.937252 0
vt 0.000580788 0.937252 0
vt 0.000580788 0.943405 0
vt 0.000580788 0.949557 0
vt 0.000580788 0.955711 0
vt 0.00740623 0.955711 0
vt 0.0142317 0.955711 0
vt 0.0210581 0.955711 0
vt 0.0278835 0.955711 0
vt 0.034709 0.955711 0
vt 0.0415344 0.955711 0
vt 0.0483608 0.955711 0
vt 0.0551872 0.955711 0
vt 0.0620127 0.955711 0
vt 0.0688381 0.955711 0
vt 0.0756636 0.955711 0
vt 0.08249 0.955711 0
vt 0.0893154 0.955711 0
vt 0.0961409 0.955711 0
vt 0.102967 0.955711 0
vt 0.109793 0.955711 0
vt 0.116619 0.955711 0
vt 0.123445 0.955711 0
vt 0.13027 0.955711 0
vt 0.137095 0.955711 0
vt 0.143922 0.955711 0
vt 0.150748 0.955711 0
vt 0.157573 0.955711 0
vt 0.164399 0.955711 0
vt 0.171225 0.955711 0
vt 0.178051 0.955711 0
vt 0.184876 0.955711 0
vt 0.191702 0.955711 0
vt 0.198528 0.955711 0
vt 0.205354 0.955711 0
vt 0.21218 0.955711 0
vt 0.219005 0.955711 0
vt 0.225831 0.955711 0
vt 0.232656 0.955711 0
vt 0.239483 0.955711 0
vt 0.246308 0.955711 0
vt 0.253134 0.955711 0
vt 0.25996 0.955711 0
vt 0.266786 0.955711 0
vt 0.273612 0.955711 0
vt 0.280437 0.955711 0
vt 0.287263 0.955711 0
vt 0.294089 0.955711 0
vt 0.300915 0.955711 0
vt 0.30774 0.955711 0
vt 0.314566 0.955711 0
vt 0.321392 0.955711 0
vt 0.328218 0.955711 0
vt 0.335044 0.955711 0
vt 0.341869 0.955711 0
vt 0.348695 0.955711 0
vt 0.355521 0.955711 0
vt 0.362347 0.955711 0
vt 0.369172 0.955711 0
vt 0.375998 0.955711 0
vt 0.382824 0.955711 0
vt 0.382824 0.949557 0
vt 0.382824 0.943405 0
vt 0.00399303 0.940329 0
vt 0.0108194 0.944469 0
vt 0.00553989 0.945476 0
vt 0.00915813 0.950104 0
vt 0.00399303 0.952634 0
vt 0.379412 0.940329 0
vt 0.376958 0.946481 0
vt 0.374771 0.942043 0
vt 0.368982 0.947653 0
vt 0.379412 0.952634 0
vt 0.374771 0.950919 0
vt 0.0159607 0.949047 0
vt 0.370544 0.951647 0
vt 0.36576 0.952295 0
vt 0.358933 0.948888 0
vt 0.363869 0.947542 0
vt 0.359941 0.942865 0
vt 0.366538 0.942407 0
vt 0.352033 0.944637 0
vt 0.370611 0.941237 0
vt 0.356347 0.945359 0
vt 0.353302 0.950303 0
vt 0.346201 0.948919 0
vt 0.0381222 0.946481 0
vt 0.0517731 0.946481 0
vt 0.0722513 0.946481 0
vt 0.0859022 0.946481 0
vt 0.0995541 0.946481 0
vt 0.120031 0.946481 0
vt 0.133683 0.946481 0
vt 0.147334 0.946481 0
vt 0.160986 0.946481 0
vt 0.174638 0.946481 0
vt 0.18829 0.946481 0
vt 0.201941 0.946481 0
vt 0.222419 0.946481 0
vt 0.23607 0.946481 0
vt 0.249722 0.946481 0
vt 0.270199 0.946481 0
vt 0.283851 0.946481 0
vt 0.304327 0.946481 0
vt 0.31798 0.946481 0
vt 0.331631 0.946481 0
vt 0.0108194 0.940053 0
vt 0.0154877 0.942261 0
vt 0.0176449 0.95304 0
vt 0.023881 0.948057 0
vt 0.0129061 0.951812 0
vt 0.358933 0.953154 0
vt 0.352108 0.940157 0
vt 0.347326 0.942317 0
vt 0.340218 0.944503 0
vt 0.344322 0.945203 0
vt 0.341576 0.948924 0
vt 0.342875 0.941295 0
vt 0.336515 0.94806 0
vt 0.338424 0.94031 0
vt 0.33379 0.942034 0
vt 0.328711 0.942315 0
vt 0.324804 0.94816 0
vt 0.338456 0.952458 0
vt 0.349361 0.951612 0
vt 0.345392 0.95307 0
vt 0.0381222 0.941236 0
vt 0.0449486 0.943629 0
vt 0.0312071 0.943859 0
vt 0.0381222 0.951727 0
vt 0.032115 0.950034 0
vt 0.0432272 0.949103 0
vt 0.0341291 0.946584 0
vt 0.0283861 0.947428 0
vt 0.0253963 0.942474 0
vt 0.0473804 0.947402 0
vt 0.0504799 0.951248 0
vt 0.0559635 0.950178 0
vt 0.058073 0.943565 0
vt 0.0204039 0.944116 0
vt 0.0517731 0.941236 0
vt 0.0722513 0.941236 0
vt 0.0790768 0.943629 0
vt 0.065402 0.943859 0
vt 0.0722513 0.951727 0
vt 0.066247 0.950038 0
vt 0.0773563 0.949103 0
vt 0.0682735 0.946612 0
vt 0.0615845 0.947529 0
vt 0.0815096 0.947402 0
vt 0.0846081 0.951248 0
vt 0.0900927 0.950178 0
vt 0.0922022 0.943565 0
vt 0.0601196 0.951708 0
vt 0.0859022 0.941236 0
vt 0.0995541 0.941236 0
vt 0.10638 0.943629 0
vt 0.0995541 0.951727 0
vt 0.0947981 0.951106 0
vt 0.104659 0.949103 0
vt 0.095192 0.946753 0
vt 0.112269 0.948488 0
vt 0.108339 0.947253 0
vt 0.111828 0.943026 0
vt 0.109175 0.951463 0
vt 0.113379 0.952741 0
vt 0.116697 0.949602 0
vt 0.121356 0.951238 0
vt 0.126858 0.947142 0
vt 0.120031 0.941236 0
vt 0.125175 0.942188 0
vt 0.116306 0.943859 0
vt 0.133683 0.941236 0
vt 0.140509 0.943629 0
vt 0.129622 0.94344 0
vt 0.133683 0.951727 0
vt 0.129066 0.951225 0
vt 0.138788 0.949103 0
vt 0.142941 0.947402 0
vt 0.14604 0.951248 0
vt 0.151525 0.950178 0
vt 0.153634 0.943565 0
vt 0.147334 0.941236 0
vt 0.160986 0.941236 0
vt 0.167812 0.943629 0
vt 0.160986 0.951727 0
vt 0.15623 0.951106 0
vt 0.166091 0.949103 0
vt 0.156624 0.946753 0
vt 0.170244 0.947402 0
vt 0.173344 0.951248 0
vt 0.178827 0.950178 0
vt 0.180937 0.943565 0
vt 0.174638 0.941236 0
vt 0.18829 0.941236 0
vt 0.195115 0.943629 0
vt 0.18829 0.951727 0
vt 0.183533 0.951106 0
vt 0.193395 0.949103 0
vt 0.183928 0.946753 0
vt 0.197548 0.947402 0
vt 0.200647 0.951248 0
vt 0.20613 0.950178 0
vt 0.208241 0.943565 0
vt 0.201941 0.941236 0
vt 0.222419 0.941236 0
vt 0.229244 0.943629 0
vt 0.215569 0.943859 0
vt 0.222419 0.951727 0
vt 0.216414 0.950038 0
vt 0.227523 0.949103 0
vt 0.218441 0.946612 0
vt 0.211752 0.947529 0
vt 0.231676 0.947402 0
vt 0.234776 0.951248 0
vt 0.240259 0.950178 0
vt 0.24237 0.943565 0
vt 0.210286 0.951708 0
vt 0.23607 0.941236 0
vt 0.249722 0.941236 0
vt 0.256547 0.943629 0
vt 0.249722 0.951727 0
vt 0.244965 0.951106 0
vt 0.254827 0.949103 0
vt 0.245358 0.946753 0
vt 0.262436 0.948488 0
vt 0.258506 0.947253 0
vt 0.261994 0.943026 0
vt 0.259342 0.951463 0
vt 0.263547 0.952741 0
vt 0.266865 0.949602 0
vt 0.271523 0.951238 0
vt 0.277024 0.947142 0
vt 0.270199 0.941236 0
vt 0.275343 0.942188 0
vt 0.266474 0.943859 0
vt 0.290676 0.943759 0
vt 0.283851 0.951727 0
vt 0.279234 0.951225 0
vt 0.288852 0.949103 0
vt 0.296226 0.948638 0
vt 0.290676 0.953037 0
vt 0.283851 0.941236 0
vt 0.27979 0.94344 0
vt 0.304327 0.941236 0
vt 0.311153 0.943629 0
vt 0.299292 0.943859 0
vt 0.294976 0.944464 0
vt 0.304327 0.951727 0
vt 0.299838 0.951334 0
vt 0.309432 0.949103 0
vt 0.313585 0.947402 0
vt 0.316685 0.951248 0
vt 0.32128 0.951114 0
vt 0.31798 0.941236 0
vt 0.323289 0.94233 0
vt 0.331631 0.951727 0
vt 0.0244703 0.952622 0
vt 0.0449486 0.939527 0
vt 0.0312967 0.939673 0
vt 0.0449486 0.953065 0
vt 0.0585995 0.939507 0
vt 0.0790768 0.939527 0
vt 0.0654249 0.939673 0
vt 0.0790768 0.953065 0
vt 0.0927286 0.939507 0
vt 0.10638 0.939527 0
vt 0.140509 0.939527 0
vt 0.140509 0.953065 0
vt 0.15416 0.939507 0
vt 0.167812 0.939527 0
vt 0.167812 0.953065 0
vt 0.181463 0.939507 0
vt 0.195115 0.939527 0
vt 0.195115 0.953065 0
vt 0.208766 0.939507 0
vt 0.229244 0.939527 0
vt 0.215592 0.939673 0
vt 0.229244 0.953065 0
vt 0.242895 0.939507 0
vt 0.256547 0.939527 0
vt 0.290676 0.93961 0
vt 0.311153 0.939527 0
vt 0.297502 0.939916 0
vt 0.311153 0.953065 0
# 694 texture coords
s 1
g Garment
usemtl uniform_1001
f 186/186/186 111/111/111 188/188/188
f 111/111/111 112/112/112 177/177/177
f 125/125/125 127/127/127 122/122/122
f 176/176/176 177/177/177 112/112/112
f 130/130/130 175/175/175 132/132/132
f 141/141/141 176/176/176 113/113/113
f 175/175/175 170/170/170 142/142/142
f 5/5/5 169/169/169 4/4/4
f 176/176/176 175/175/175 142/142/142
f 2/2/2 125/125/125 124/124/124
f 186/186/186 329/329/329 110/110/110
f 174/174/174 147/147/147 143/143/143
f 108/108/108 193/193/193 195/195/195
f 149/149/149 187/187/187 186/186/186
f 172/172/172 64/64/64 173/173/173
f 171/171/171 188/188/188 177/177/177
f 199/199/199 207/207/207 204/204/204
f 143/143/143 135/135/135 174/174/174
f 331/331/331 105/105/105 197/197/197
f 189/189/189 149/149/149 190/190/190
f 172/172/172 138/138/138 63/63/63
f 200/200/200 197/197/197 106/106/106
f 148/148/148 147/147/147 185/185/185
f 197/197/197 151/151/151 198/198/198
f 174/174/174 172/172/172 173/173/173
f 116/116/116 117/117/117 118/118/118
f 332/332/332 203/203/203 201/201/201
f 170/170/170 169/169/169 327/327/327
f 142/142/142 170/170/170 171/171/171
f 218/218/218 226/226/226 223/223/223
f 101/101/101 216/216/216 100/100/100
f 169/169/169 131/131/131 4/4/4
f 232/232/232 98/98/98 230/230/230
f 318/318/318 47/47/47 48/48/48
f 352/352/352 315/315/315 314/314/314
f 216/216/216 153/153/153 217/217/217
f 175/175/175 130/130/130 170/170/170
f 219/219/219 216/216/216 101/101/101
f 20/20/20 21/21/21 233/233/233
f 184/184/184 66/66/66 353/353/353
f 245/245/245 94/94/94 243/243/243
f 45/45/45 46/46/46 314/314/314
f 313/313/313 308/308/308 312/312/312
f 235/235/235 155/155/155 236/236/236
f 93/93/93 247/247/247 92/92/92
f 306/306/306 43/43/43 44/44/44
f 158/158/158 257/257/257 255/255/255
f 41/41/41 42/42/42 302/302/302
f 76/76/76 297/297/297 347/347/347
f 247/247/247 157/157/157 248/248/248
f 309/309/309 351/351/351 311/311/311
f 246/246/246 251/251/251 156/156/156
f 67/67/67 68/68/68 321/321/321
f 154/154/154 233/233/233 239/239/239
f 177/177/177 176/176/176 142/142/142
f 266/266/266 261/261/261 269/269/269
f 122/122/122 118/118/118 119/119/119
f 120/120/120 1/1/1 124/124/124
f 58/58/58 59/59/59 123/123/123
f 118/118/118 128/128/128 116/116/116
f 119/119/119 120/120/120 122/122/122
f 134/134/134 123/123/123 136/136/136
f 127/127/127 125/125/125 129/129/129
f 124/124/124 125/125/125 122/122/122
f 114/114/114 140/140/140 132/132/132
f 129/129/129 4/4/4 131/131/131
f 121/121/121 62/62/62 139/139/139
f 124/124/124 122/122/122 120/120/120
f 130/130/130 169/169/169 170/170/170
f 126/126/126 128/128/128 127/127/127
f 110/110/110 111/111/111 186/186/186
f 6/6/6 171/171/171 327/327/327
f 1/1/1 2/2/2 124/124/124
f 132/132/132 141/141/141 114/114/114
f 189/189/189 330/330/330 191/191/191
f 128/128/128 118/118/118 122/122/122
f 207/207/207 206/206/206 202/202/202
f 194/194/194 10/10/10 196/196/196
f 3/3/3 129/129/129 125/125/125
f 189/189/189 191/191/191 149/149/149
f 2/2/2 3/3/3 125/125/125
f 106/106/106 197/197/197 105/105/105
f 138/138/138 136/136/136 123/123/123
f 115/115/115 116/116/116 128/128/128
f 201/201/201 203/203/203 151/151/151
f 15/15/15 212/212/212 14/14/14
f 115/115/115 128/128/128 140/140/140
f 3/3/3 4/4/4 129/129/129
f 226/226/226 225/225/225 221/221/221
f 175/175/175 176/176/176 141/141/141
f 222/222/222 153/153/153 220/220/220
f 226/226/226 221/221/221 223/223/223
f 126/126/126 131/131/131 132/132/132
f 212/212/212 15/15/15 214/214/214
f 129/129/129 131/131/131 126/126/126
f 130/130/130 131/131/131 169/169/169
f 231/231/231 20/20/20 233/233/233
f 131/131/131 130/130/130 132/132/132
f 241/241/241 155/155/155 240/240/240
f 21/21/21 22/22/22 240/240/240
f 114/114/114 141/141/141 113/113/113
f 56/56/56 57/57/57 133/133/133
f 24/24/24 246/246/246 244/244/244
f 144/144/144 137/137/137 143/143/143
f 253/253/253 157/157/157 252/252/252
f 250/250/250 251/251/251 246/246/246
f 55/55/55 56/56/56 134/134/134
f 240/240/240 337/337/337 241/241/241
f 133/133/133 134/134/134 56/56/56
f 220/220/220 334/334/334 222/222/222
f 140/140/140 126/126/126 132/132/132
f 90/90/90 255/255/255 257/257/257
f 126/126/126 127/127/127 129/129/129
f 256/256/256 28/28/28 258/258/258
f 128/128/128 122/122/122 127/127/127
f 88/88/88 259/259/259 87/87/87
f 294/294/294 39/39/39 40/40/40
f 80/80/80 287/287/287 345/345/345
f 159/159/159 260/260/260 259/259/259
f 279/279/279 85/85/85 277/277/277
f 34/34/34 35/35/35 342/342/342
f 289/289/289 287/287/287 81/81/81
f 279/279/279 281/281/281 84/84/84
f 35/35/35 36/36/36 286/286/286
f 281/281/281 279/279/279 343/343/343
f 37/37/37 38/38/38 290/290/290
f 277/277/277 275/275/275 272/272/272
f 81/81/81 287/287/287 80/80/80
f 259/259/259 341/341/341 87/87/87
f 295/295/295 78/78/78 293/293/293
f 340/340/340 253/253/253 252/252/252
f 30/30/30 31/31/31 263/263/263
f 287/287/287 162/162/162 288/288/288
f 77/77/77 297/297/297 76/76/76
f 92/92/92 247/247/247 338/338/338
f 307/307/307 74/74/74 305/305/305
f 245/245/245 243/243/243 156/156/156
f 25/25/25 26/26/26 252/252/252
f 297/297/297 164/164/164 298/298/298
f 256/256/256 27/27/27 28/28/28
f 296/296/296 301/301/301 163/163/163
f 280/280/280 278/278/278 33/33/33
f 283/283/283 161/161/161 284/284/284
f 350/350/350 72/72/72 309/309/309
f 335/335/335 96/96/96 235/235/235
f 96/96/96 97/97/97 235/235/235
f 310/310/310 309/309/309 166/166/166
f 60/60/60 121/121/121 59/59/59
f 231/231/231 19/19/19 20/20/20
f 353/353/353 322/322/322 180/180/180
f 17/17/17 18/18/18 220/220/220
f 100/100/100 216/216/216 333/333/333
f 50/50/50 182/182/182 328/328/328
f 230/230/230 154/154/154 232/232/232
f 168/168/168 319/319/319 317/317/317
f 167/167/167 321/321/321 323/323/323
f 213/213/213 211/211/211 152/152/152
f 138/138/138 135/135/135 136/136/136
f 174/174/174 173/173/173 147/147/147
f 202/202/202 204/204/204 207/207/207
f 145/145/145 143/143/143 147/147/147
f 10/10/10 194/194/194 9/9/9
f 62/62/62 121/121/121 60/60/60
f 60/60/60 61/61/61 62/62/62
f 195/195/195 193/193/193 150/150/150
f 12/12/12 13/13/13 201/201/201
f 324/324/324 168/168/168 320/320/320
f 211/211/211 213/213/213 103/103/103
f 307/307/307 305/305/305 165/165/165
f 244/244/244 23/23/23 24/24/24
f 123/123/123 134/134/134 133/133/133
f 145/145/145 53/53/53 54/54/54
f 264/264/264 269/269/269 268/268/268
f 264/264/264 266/266/266 269/269/269
f 134/134/134 137/137/137 55/55/55
f 55/55/55 144/144/144 54/54/54
f 265/265/265 276/276/276 274/274/274
f 62/62/62 63/63/63 138/138/138
f 282/282/282 280/280/280 342/342/342
f 278/278/278 276/276/276 32/32/32
f 136/136/136 135/135/135 137/137/137
f 263/263/263 265/265/265 159/159/159
f 172/172/172 135/135/135 138/138/138
f 123/123/123 121/121/121 139/139/139
f 161/161/161 285/285/285 284/284/284
f 140/140/140 128/128/128 126/126/126
f 291/291/291 162/162/162 290/290/290
f 344/344/344 36/36/36 37/37/37
f 139/139/139 138/138/138 123/123/123
f 113/113/113 176/176/176 112/112/112
f 40/40/40 296/296/296 294/294/294
f 171/171/171 177/177/177 142/142/142
f 303/303/303 164/164/164 302/302/302
f 300/300/300 301/301/301 296/296/296
f 141/141/141 132/132/132 175/175/175
f 290/290/290 346/346/346 291/291/291
f 140/140/140 114/114/114 115/115/115
f 281/281/281 161/161/161 283/283/283
f 62/62/62 138/138/138 139/139/139
f 144/144/144 143/143/143 145/145/145
f 44/44/44 308/308/308 306/306/306
f 72/72/72 73/73/73 309/309/309
f 172/172/172 174/174/174 135/135/135
f 70/70/70 317/317/317 319/319/319
f 315/315/315 166/166/166 314/314/314
f 52/52/52 53/53/53 178/178/178
f 318/318/318 48/48/48 320/320/320
f 167/167/167 183/183/183 182/182/182
f 144/144/144 145/145/145 54/54/54
f 349/349/349 303/303/303 302/302/302
f 144/144/144 55/55/55 137/137/137
f 52/52/52 179/179/179 51/51/51
f 181/181/181 167/167/167 182/182/182
f 147/147/147 148/148/148 146/146/146
f 178/178/178 53/53/53 145/145/145
f 179/179/179 178/178/178 146/146/146
f 148/148/148 185/185/185 184/184/184
f 180/180/180 179/179/179 146/146/146
f 172/172/172 63/63/63 64/64/64
f 7/7/7 8/8/8 189/189/189
f 133/133/133 57/57/57 58/58/58
f 59/59/59 121/121/121 123/123/123
f 184/184/184 65/65/65 66/66/66
f 135/135/135 143/143/143 137/137/137
f 65/65/65 173/173/173 64/64/64
f 146/146/146 145/145/145 147/147/147
f 133/133/133 58/58/58 123/123/123
f 6/6/6 327/327/327 5/5/5
f 171/171/171 6/6/6 190/190/190
f 262/262/262 259/259/259 88/88/88
f 295/295/295 293/293/293 163/163/163
f 134/134/134 136/136/136 137/137/137
f 178/178/178 179/179/179 52/52/52
f 178/178/178 145/145/145 146/146/146
f 181/181/181 322/322/322 167/167/167
f 180/180/180 146/146/146 148/148/148
f 180/180/180 181/181/181 179/179/179
f 321/321/321 167/167/167 322/322/322
f 51/51/51 179/179/179 181/181/181
f 181/181/181 182/182/182 51/51/51
f 50/50/50 51/51/51 182/182/182
f 50/50/50 328/328/328 49/49/49
f 320/320/320 48/48/48 325/325/325
f 354/354/354 323/323/323 321/321/321
f 184/184/184 185/185/185 65/65/65
f 184/184/184 353/353/353 148/148/148
f 173/173/173 65/65/65 185/185/185
f 185/185/185 147/147/147 173/173/173
f 109/109/109 110/110/110 329/329/329
f 186/186/186 188/188/188 149/149/149
f 192/192/192 150/150/150 193/193/193
f 192/192/192 191/191/191 194/194/194
f 149/149/149 188/188/188 190/190/190
f 188/188/188 111/111/111 177/177/177
f 189/189/189 190/190/190 7/7/7
f 149/149/149 191/191/191 187/187/187
f 190/190/190 6/6/6 7/7/7
f 171/171/171 190/190/190 188/188/188
f 191/191/191 192/192/192 187/187/187
f 330/330/330 8/8/8 9/9/9
f 192/192/192 193/193/193 187/187/187
f 192/192/192 194/194/194 150/150/150
f 193/193/193 329/329/329 187/187/187
f 193/193/193 108/108/108 109/109/109
f 150/150/150 194/194/194 196/196/196
f 9/9/9 194/194/194 330/330/330
f 215/215/215 107/107/107 108/108/108
f 107/107/107 200/200/200 106/106/106
f 150/150/150 209/209/209 195/195/195
f 196/196/196 10/10/10 206/206/206
f 105/105/105 331/331/331 104/104/104
f 200/200/200 204/204/204 151/151/151
f 210/210/210 152/152/152 211/211/211
f 212/212/212 210/210/210 203/203/203
f 201/201/201 204/204/204 202/202/202
f 199/199/199 208/208/208 207/207/207
f 200/200/200 151/151/151 197/197/197
f 200/200/200 107/107/107 199/199/199
f 205/205/205 12/12/12 201/201/201
f 151/151/151 203/203/203 198/198/198
f 202/202/202 205/205/205 201/201/201
f 205/205/205 202/202/202 206/206/206
f 203/203/203 210/210/210 198/198/198
f 332/332/332 13/13/13 14/14/14
f 204/204/204 200/200/200 199/199/199
f 204/204/204 201/201/201 151/151/151
f 11/11/11 12/12/12 205/205/205
f 205/205/205 206/206/206 11/11/11
f 206/206/206 10/10/10 11/11/11
f 209/209/209 208/208/208 195/195/195
f 206/206/206 209/209/209 196/196/196
f 209/209/209 207/207/207 208/208/208
f 195/195/195 215/215/215 108/108/108
f 199/199/199 107/107/107 208/208/208
f 209/209/209 206/206/206 207/207/207
f 196/196/196 209/209/209 150/150/150
f 210/210/210 211/211/211 198/198/198
f 210/210/210 212/212/212 152/152/152
f 211/211/211 331/331/331 198/198/198
f 211/211/211 103/103/103 104/104/104
f 152/152/152 212/212/212 214/214/214
f 14/14/14 212/212/212 332/332/332
f 234/234/234 102/102/102 103/103/103
f 102/102/102 219/219/219 101/101/101
f 152/152/152 228/228/228 213/213/213
f 214/214/214 15/15/15 225/225/225
f 208/208/208 107/107/107 215/215/215
f 215/215/215 195/195/195 208/208/208
f 100/100/100 333/333/333 99/99/99
f 219/219/219 223/223/223 153/153/153
f 229/229/229 154/154/154 230/230/230
f 229/229/229 222/222/222 231/231/231
f 220/220/220 223/223/223 221/221/221
f 218/218/218 227/227/227 226/226/226
f 219/219/219 153/153/153 216/216/216
f 219/219/219 102/102/102 218/218/218
f 224/224/224 17/17/17 220/220/220
f 153/153/153 222/222/222 217/217/217
f 221/221/221 224/224/224 220/220/220
f 224/224/224 221/221/221 225/225/225
f 222/222/222 229/229/229 217/217/217
f 334/334/334 18/18/18 19/19/19
f 223/223/223 219/219/219 218/218/218
f 223/223/223 220/220/220 153/153/153
f 16/16/16 17/17/17 224/224/224
f 224/224/224 225/225/225 16/16/16
f 225/225/225 15/15/15 16/16/16
f 228/228/228 227/227/227 213/213/213
f 225/225/225 228/228/228 214/214/214
f 228/228/228 226/226/226 227/227/227
f 213/213/213 234/234/234 103/103/103
f 218/218/218 102/102/102 227/227/227
f 228/228/228 225/225/225 226/226/226
f 214/214/214 228/228/228 152/152/152
f 229/229/229 230/230/230 217/217/217
f 229/229/229 231/231/231 154/154/154
f 230/230/230 333/333/333 217/217/217
f 230/230/230 98/98/98 99/99/99
f 154/154/154 231/231/231 233/233/233
f 19/19/19 231/231/231 334/334/334
f 336/336/336 97/97/97 98/98/98
f 237/237/237 235/235/235 336/336/336
f 154/154/154 239/239/239 232/232/232
f 238/238/238 239/239/239 233/233/233
f 227/227/227 102/102/102 234/234/234
f 234/234/234 213/213/213 227/227/227
f 96/96/96 335/335/335 95/95/95
f 235/235/235 237/237/237 155/155/155
f 242/242/242 156/156/156 243/243/243
f 242/242/242 241/241/241 244/244/244
f 155/155/155 237/237/237 238/238/238
f 98/98/98 232/232/232 336/336/336
f 238/238/238 240/240/240 155/155/155
f 233/233/233 21/21/21 238/238/238
f 237/237/237 232/232/232 239/239/239
f 239/239/239 238/238/238 237/237/237
f 240/240/240 238/238/238 21/21/21
f 155/155/155 241/241/241 236/236/236
f 241/241/241 242/242/242 236/236/236
f 337/337/337 22/22/22 23/23/23
f 242/242/242 243/243/243 236/236/236
f 242/242/242 244/244/244 156/156/156
f 243/243/243 335/335/335 236/236/236
f 243/243/243 94/94/94 95/95/95
f 156/156/156 244/244/244 246/246/246
f 23/23/23 244/244/244 337/337/337
f 339/339/339 93/93/93 94/94/94
f 249/249/249 247/247/247 339/339/339
f 245/245/245 156/156/156 251/251/251
f 24/24/24 25/25/25 246/246/246
f 92/92/92 338/338/338 91/91/91
f 247/247/247 249/249/249 157/157/157
f 254/254/254 158/158/158 255/255/255
f 254/254/254 253/253/253 256/256/256
f 157/157/157 249/249/249 250/250/250
f 94/94/94 245/245/245 339/339/339
f 250/250/250 252/252/252 157/157/157
f 246/246/246 25/25/25 250/250/250
f 249/249/249 245/245/245 251/251/251
f 251/251/251 250/250/250 249/249/249
f 252/252/252 250/250/250 25/25/25
f 157/157/157 253/253/253 248/248/248
f 253/253/253 254/254/254 248/248/248
f 340/340/340 26/26/26 27/27/27
f 254/254/254 255/255/255 248/248/248
f 254/254/254 256/256/256 158/158/158
f 255/255/255 338/338/338 248/248/248
f 255/255/255 90/90/90 91/91/91
f 158/158/158 256/256/256 258/258/258
f 27/27/27 256/256/256 340/340/340
f 273/273/273 89/89/89 90/90/90
f 89/89/89 262/262/262 88/88/88
f 158/158/158 271/271/271 257/257/257
f 258/258/258 28/28/28 268/268/268
f 87/87/87 341/341/341 86/86/86
f 262/262/262 266/266/266 159/159/159
f 277/277/277 272/272/272 160/160/160
f 31/31/31 265/265/265 263/263/263
f 263/263/263 266/266/266 264/264/264
f 261/261/261 270/270/270 269/269/269
f 262/262/262 159/159/159 259/259/259
f 262/262/262 89/89/89 261/261/261
f 267/267/267 30/30/30 263/263/263
f 159/159/159 265/265/265 260/260/260
f 264/264/264 267/267/267 263/263/263
f 267/267/267 264/264/264 268/268/268
f 265/265/265 274/274/274 260/260/260
f 276/276/276 265/265/265 31/31/31
f 266/266/266 262/262/262 261/261/261
f 266/266/266 263/263/263 159/159/159
f 29/29/29 30/30/30 267/267/267
f 267/267/267 268/268/268 29/29/29
f 268/268/268 28/28/28 29/29/29
f 271/271/271 270/270/270 257/257/257
f 268/268/268 271/271/271 258/258/258
f 271/271/271 269/269/269 270/270/270
f 257/257/257 273/273/273 90/90/90
f 261/261/261 89/89/89 270/270/270
f 271/271/271 268/268/268 269/269/269
f 258/258/258 271/271/271 158/158/158
f 275/275/275 274/274/274 272/272/272
f 32/32/32 33/33/33 278/278/278
f 270/270/270 89/89/89 273/273/273
f 273/273/273 257/257/257 270/270/270
f 274/274/274 275/275/275 260/260/260
f 274/274/274 276/276/276 272/272/272
f 275/275/275 341/341/341 260/260/260
f 275/275/275 85/85/85 86/86/86
f 272/272/272 276/276/276 278/278/278
f 276/276/276 31/31/31 32/32/32
f 85/85/85 275/275/275 277/277/277
f 85/85/85 279/279/279 84/84/84
f 160/160/160 272/272/272 278/278/278
f 280/280/280 33/33/33 34/34/34
f 84/84/84 281/281/281 83/83/83
f 277/277/277 160/160/160 279/279/279
f 160/160/160 278/278/278 280/280/280
f 280/280/280 282/282/282 343/343/343
f 281/281/281 283/283/283 83/83/83
f 343/343/343 282/282/282 161/161/161
f 160/160/160 280/280/280 343/343/343
f 282/282/282 286/286/286 161/161/161
f 82/82/82 83/83/83 283/283/283
f 283/283/283 284/284/284 82/82/82
f 284/284/284 81/81/81 82/82/82
f 289/289/289 284/284/284 285/285/285
f 162/162/162 285/285/285 290/290/290
f 344/344/344 285/285/285 286/286/286
f 35/35/35 286/286/286 342/342/342
f 286/286/286 285/285/285 161/161/161
f 80/80/80 345/345/345 79/79/79
f 287/287/287 289/289/289 162/162/162
f 292/292/292 163/163/163 293/293/293
f 292/292/292 291/291/291 294/294/294
f 289/289/289 285/285/285 162/162/162
f 289/289/289 81/81/81 284/284/284
f 37/37/37 290/290/290 344/344/344
f 162/162/162 291/291/291 288/288/288
f 291/291/291 292/292/292 288/288/288
f 346/346/346 38/38/38 39/39/39
f 292/292/292 293/293/293 288/288/288
f 292/292/292 294/294/294 163/163/163
f 293/293/293 345/345/345 288/288/288
f 293/293/293 78/78/78 79/79/79
f 163/163/163 294/294/294 296/296/296
f 39/39/39 294/294/294 346/346/346
f 348/348/348 77/77/77 78/78/78
f 299/299/299 297/297/297 348/348/348
f 295/295/295 163/163/163 301/301/301
f 40/40/40 41/41/41 296/296/296
f 76/76/76 347/347/347 75/75/75
f 297/297/297 299/299/299 164/164/164
f 304/304/304 165/165/165 305/305/305
f 304/304/304 303/303/303 306/306/306
f 164/164/164 299/299/299 300/300/300
f 78/78/78 295/295/295 348/348/348
f 300/300/300 302/302/302 164/164/164
f 296/296/296 41/41/41 300/300/300
f 299/299/299 295/295/295 301/301/301
f 301/301/301 300/300/300 299/299/299
f 302/302/302 300/300/300 41/41/41
f 164/164/164 303/303/303 298/298/298
f 303/303/303 304/304/304 298/298/298
f 349/349/349 42/42/42 43/43/43
f 304/304/304 305/305/305 298/298/298
f 304/304/304 306/306/306 165/165/165
f 305/305/305 347/347/347 298/298/298
f 305/305/305 74/74/74 75/75/75
f 165/165/165 306/306/306 308/308/308
f 43/43/43 306/306/306 349/349/349
f 74/74/74 351/351/351 73/73/73
f 308/308/308 313/313/313 165/165/165
f 307/307/307 165/165/165 313/313/313
f 44/44/44 45/45/45 308/308/308
f 72/72/72 350/350/350 71/71/71
f 309/309/309 311/311/311 166/166/166
f 316/316/316 168/168/168 317/317/317
f 318/318/318 316/316/316 315/315/315
f 166/166/166 311/311/311 312/312/312
f 74/74/74 307/307/307 351/351/351
f 312/312/312 314/314/314 166/166/166
f 308/308/308 45/45/45 312/312/312
f 311/311/311 307/307/307 313/313/313
f 313/313/313 312/312/312 311/311/311
f 314/314/314 312/312/312 45/45/45
f 166/166/166 315/315/315 310/310/310
f 315/315/315 316/316/316 310/310/310
f 352/352/352 46/46/46 47/47/47
f 316/316/316 317/317/317 310/310/310
f 316/316/316 318/318/318 168/168/168
f 317/317/317 350/350/350 310/310/310
f 317/317/317 70/70/70 71/71/71
f 168/168/168 318/318/318 320/320/320
f 47/47/47 318/318/318 352/352/352
f 326/326/326 69/69/69 70/70/70
f 324/324/324 323/323/323 326/326/326
f 168/168/168 324/324/324 319/319/319
f 324/324/324 320/320/320 325/325/325
f 321/321/321 322/322/322 67/67/67
f 167/167/167 323/323/323 183/183/183
f 322/322/322 66/66/66 67/67/67
f 180/180/180 322/322/322 181/181/181
f 323/323/323 324/324/324 183/183/183
f 68/68/68 69/69/69 354/354/354
f 183/183/183 324/324/324 325/325/325
f 324/324/324 326/326/326 319/319/319
f 325/325/325 328/328/328 183/183/183
f 325/325/325 48/48/48 49/49/49
f 326/326/326 70/70/70 319/319/319
f 69/69/69 326/326/326 354/354/354
f 327/327/327 169/169/169 5/5/5
f 327/327/327 171/171/171 170/170/170
f 328/328/328 325/325/325 49/49/49
f 328/328/328 182/182/182 183/183/183
f 329/329/329 193/193/193 109/109/109
f 329/329/329 186/186/186 187/187/187
f 330/330/330 189/189/189 8/8/8
f 330/330/330 194/194/194 191/191/191
f 331/331/331 211/211/211 104/104/104
f 331/331/331 197/197/197 198/198/198
f 332/332/332 201/201/201 13/13/13
f 332/332/332 212/212/212 203/203/203
f 333/333/333 230/230/230 99/99/99
f 333/333/333 216/216/216 217/217/217
f 334/334/334 220/220/220 18/18/18
f 334/334/334 231/231/231 222/222/222
f 335/335/335 243/243/243 95/95/95
f 335/335/335 235/235/235 236/236/236
f 336/336/336 235/235/235 97/97/97
f 336/336/336 232/232/232 237/237/237
f 337/337/337 240/240/240 22/22/22
f 337/337/337 244/244/244 241/241/241
f 338/338/338 255/255/255 91/91/91
f 338/338/338 247/247/247 248/248/248
f 339/339/339 247/247/247 93/93/93
f 339/339/339 245/245/245 249/249/249
f 340/340/340 252/252/252 26/26/26
f 340/340/340 256/256/256 253/253/253
f 341/341/341 275/275/275 86/86/86
f 341/341/341 259/259/259 260/260/260
f 342/342/342 280/280/280 34/34/34
f 342/342/342 286/286/286 282/282/282
f 343/343/343 279/279/279 160/160/160
f 343/343/343 161/161/161 281/281/281
f 344/344/344 286/286/286 36/36/36
f 344/344/344 290/290/290 285/285/285
f 345/345/345 293/293/293 79/79/79
f 345/345/345 287/287/287 288/288/288
f 346/346/346 290/290/290 38/38/38
f 346/346/346 294/294/294 291/291/291
f 347/347/347 305/305/305 75/75/75
f 347/347/347 297/297/297 298/298/298
f 348/348/348 297/297/297 77/77/77
f 348/348/348 295/295/295 299/299/299
f 349/349/349 302/302/302 42/42/42
f 349/349/349 306/306/306 303/303/303
f 350/350/350 317/317/317 71/71/71
f 350/350/350 309/309/309 310/310/310
f 351/351/351 309/309/309 73/73/73
f 351/351/351 307/307/307 311/311/311
f 352/352/352 314/314/314 46/46/46
f 352/352/352 318/318/318 315/315/315
f 353/353/353 180/180/180 148/148/148
f 66/66/66 322/322/322 353/353/353
f 354/354/354 321/321/321 68/68/68
f 354/354/354 326/326/326 323/323/323
usemtl uniform_1001
f 473/473/473 411/411/411 412/412/412
f 361/361/361 527/527/527 360/360/360
f 529/529/529 530/530/530 524/524/524
f 516/516/516 410/410/410 473/473/473
f 667/667/667 417/417/417 418/418/418
f 520/520/520 415/415/415 416/416/416
f 405/405/405 406/406/406 536/536/536
f 516/516/516 517/517/517 409/409/409
f 518/518/518 520/520/520 416/416/416
f 536/536/536 669/669/669 538/538/538
f 522/522/522 493/493/493 359/359/359
f 416/416/416 417/417/417 518/518/518
f 403/403/403 404/404/404 550/550/550
f 647/647/647 455/455/455 456/456/456
f 450/450/450 451/451/451 631/631/631
f 547/547/547 422/422/422 563/563/563
f 400/400/400 401/401/401 551/551/551
f 601/601/601 602/602/602 505/505/505
f 562/562/562 499/499/499 561/561/561
f 582/582/582 677/677/677 391/391/391
f 678/678/678 435/435/435 589/589/589
f 552/552/552 551/551/551 498/498/498
f 613/613/613 507/507/507 612/612/612
f 551/551/551 673/673/673 553/553/553
f 460/460/460 662/662/662 694/694/694
f 537/537/537 536/536/536 496/496/496
f 568/568/568 561/561/561 427/427/427
f 674/674/674 425/425/425 426/426/426
f 400/400/400 551/551/551 672/672/672
f 500/500/500 566/566/566 565/565/565
f 393/393/393 394/394/394 579/579/579
f 405/405/405 536/536/536 668/668/668
f 582/582/582 391/391/391 392/392/392
f 466/466/466 494/494/494 534/534/534
f 360/360/360 523/523/523 522/522/522
f 578/578/578 584/584/584 580/580/580
f 547/547/547 548/548/548 497/497/497
f 581/581/581 571/571/571 576/576/576
f 389/389/389 390/390/390 592/592/592
f 492/492/492 481/481/481 480/480/480
f 387/387/387 388/388/388 593/593/593
f 488/488/488 490/490/490 489/489/489
f 535/535/535 534/534/534 495/495/495
f 503/503/503 590/590/590 591/591/591
f 385/385/385 386/386/386 603/603/603
f 358/358/358 490/490/490 357/357/357
f 601/601/601 440/440/440 607/607/607
f 485/485/485 481/481/481 486/486/486
f 358/358/358 489/489/489 490/490/490
f 602/602/602 609/609/609 604/604/604
f 358/358/358 359/359/359 489/489/489
f 594/594/594 593/593/593 504/504/504
f 491/491/491 493/493/493 522/522/522
f 502/502/502 583/583/583 582/582/582
f 396/396/396 397/397/397 565/565/565
f 565/565/565 562/562/562 570/570/570
f 525/525/525 526/526/526 495/495/495
f 473/473/473 475/475/475 516/516/516
f 413/413/413 414/414/414 477/477/477
f 533/533/533 528/528/528 666/666/666
f 523/523/523 525/525/525 495/495/495
f 475/475/475 473/473/473 412/412/412
f 484/484/484 476/476/476 520/520/520
f 475/475/475 477/477/477 476/476/476
f 520/520/520 518/518/518 484/484/484
f 522/522/522 523/523/523 491/491/491
f 518/518/518 667/667/667 519/519/519
f 525/525/525 527/527/527 524/524/524
f 474/474/474 516/516/516 475/475/475
f 519/519/519 543/543/543 544/544/544
f 369/369/369 370/370/370 652/652/652
f 496/496/496 539/539/539 541/541/541
f 543/543/543 540/540/540 542/542/542
f 694/694/694 459/459/459 460/460/460
f 446/446/446 447/447/447 618/618/618
f 546/546/546 422/422/422 547/547/547
f 437/437/437 438/438/438 595/595/595
f 557/557/557 553/553/553 555/555/555
f 558/558/558 555/555/555 553/553/553
f 383/383/383 604/604/604 683/683/683
f 421/421/421 670/670/670 420/420/420
f 374/374/374 629/629/629 690/690/690
f 554/554/554 556/556/556 498/498/498
f 484/484/484 518/518/518 519/519/519
f 399/399/399 564/564/564 398/398/398
f 567/567/567 428/428/428 429/429/429
f 427/427/427 561/561/561 560/560/560
f 577/577/577 576/576/576 431/431/431
f 474/474/474 475/475/475 476/476/476
f 569/569/569 500/500/500 567/567/567
f 413/413/413 477/477/477 475/475/475
f 430/430/430 575/575/575 574/574/574
f 572/572/572 569/569/569 574/574/574
f 476/476/476 484/484/484 474/474/474
f 578/578/578 577/577/577 586/586/586
f 484/484/484 517/517/517 474/474/474
f 469/469/469 483/483/483 485/485/485
f 586/586/586 577/577/577 432/432/432
f 468/468/468 485/485/485 486/486/486
f 483/483/483 482/482/482 479/479/479
f 502/502/502 585/585/585 587/587/587
f 479/479/479 471/471/471 472/472/472
f 482/482/482 483/483/483 469/469/469
f 590/590/590 589/589/589 436/436/436
f 516/516/516 474/474/474 517/517/517
f 597/597/597 504/504/504 595/595/595
f 596/596/596 590/590/590 436/436/436
f 469/469/469 485/485/485 468/468/468
f 678/678/678 434/434/434 435/435/435
f 468/468/468 486/486/486 467/467/467
f 438/438/438 439/439/439 681/681/681
f 433/433/433 434/434/434 585/585/585
f 601/601/601 600/600/600 440/440/440
f 528/528/528 524/524/524 530/530/530
f 442/442/442 606/606/606 441/441/441
f 528/528/528 533/533/533 526/526/526
f 614/614/614 381/381/381 382/382/382
f 407/407/407 544/544/544 669/669/669
f 479/479/479 481/481/481 483/483/483
f 444/444/444 627/627/627 612/612/612
f 615/615/615 378/378/378 379/379/379
f 490/490/490 492/492/492 357/357/357
f 625/625/625 626/626/626 509/509/509
f 480/480/480 481/481/481 479/479/479
f 480/480/480 356/356/356 492/492/492
f 508/508/508 616/616/616 615/615/615
f 471/471/471 479/479/479 482/482/482
f 617/617/617 615/615/615 687/687/687
f 629/629/629 374/374/374 375/375/375
f 414/414/414 415/415/415 477/477/477
f 476/476/476 415/415/415 520/520/520
f 629/629/629 510/510/510 630/630/630
f 643/643/643 371/371/371 372/372/372
f 477/477/477 415/415/415 476/476/476
f 691/691/691 368/368/368 369/369/369
f 409/409/409 410/410/410 516/516/516
f 410/410/410 411/411/411 473/473/473
f 635/635/635 640/640/640 645/645/645
f 412/412/412 413/413/413 475/475/475
f 634/634/634 629/629/629 626/626/626
f 470/470/470 471/471/471 482/482/482
f 644/644/644 642/642/642 653/653/653
f 439/439/439 600/600/600 681/681/681
f 443/443/443 611/611/611 684/684/684
f 692/692/692 366/366/366 654/654/654
f 654/654/654 656/656/656 513/513/513
f 665/665/665 531/531/531 363/363/363
f 376/376/376 377/377/377 628/628/628
f 523/523/523 527/527/527 525/525/525
f 457/457/457 659/659/659 650/650/650
f 642/642/642 644/644/644 511/511/511
f 688/688/688 448/448/448 624/624/624
f 666/666/666 462/462/462 463/463/463
f 655/655/655 654/654/654 513/513/513
f 530/530/530 362/362/362 363/363/363
f 544/544/544 408/408/408 549/549/549
f 486/486/486 481/481/481 488/488/488
f 359/359/359 493/493/493 489/489/489
f 406/406/406 407/407/407 669/669/669
f 491/491/491 523/523/523 495/495/495
f 479/479/479 478/478/478 480/480/480
f 525/525/525 524/524/524 526/526/526
f 478/478/478 472/472/472 355/355/355
f 529/529/529 362/362/362 530/530/530
f 527/527/527 529/529/529 524/524/524
f 490/490/490 481/481/481 492/492/492
f 521/521/521 486/486/486 487/487/487
f 530/530/530 363/363/363 531/531/531
f 531/531/531 532/532/532 515/515/515
f 652/652/652 512/512/512 646/646/646
f 483/483/483 481/481/481 485/485/485
f 356/356/356 478/478/478 355/355/355
f 521/521/521 466/466/466 467/467/467
f 608/608/608 506/506/506 606/606/606
f 684/684/684 442/442/442 443/443/443
f 493/493/493 491/491/491 494/494/494
f 487/487/487 489/489/489 493/493/493
f 622/622/622 619/619/619 617/617/617
f 521/521/521 487/487/487 494/494/494
f 508/508/508 618/618/618 620/620/620
f 621/621/621 617/617/617 619/619/619
f 488/488/488 481/481/481 490/490/490
f 612/612/612 611/611/611 444/444/444
f 488/488/488 489/489/489 487/487/487
f 493/493/493 494/494/494 487/487/487
f 624/624/624 449/449/449 625/625/625
f 524/524/524 528/528/528 526/526/526
f 510/510/510 631/631/631 633/633/633
f 625/625/625 449/449/449 632/632/632
f 534/534/534 465/465/465 466/466/466
f 421/421/421 546/546/546 670/670/670
f 639/639/639 638/638/638 452/452/452
f 426/426/426 560/560/560 674/674/674
f 641/641/641 454/454/454 648/648/648
f 648/648/648 642/642/642 641/641/641
f 424/424/424 425/425/425 554/554/554
f 633/633/633 638/638/638 636/636/636
f 419/419/419 420/420/420 539/539/539
f 447/447/447 448/448/448 688/688/688
f 492/492/492 356/356/356 357/357/357
f 501/501/501 578/578/578 580/580/580
f 457/457/457 650/650/650 651/651/651
f 366/366/366 367/367/367 654/654/654
f 593/593/593 591/591/591 598/598/598
f 664/664/664 364/364/364 365/365/365
f 513/513/513 658/658/658 660/660/660
f 378/378/378 615/615/615 686/686/686
f 532/532/532 663/663/663 462/462/462
f 665/665/665 664/664/664 514/514/514
f 383/383/383 384/384/384 604/604/604
f 512/512/512 647/647/647 649/649/649
f 387/387/387 593/593/593 680/680/680
f 458/458/458 459/459/459 658/658/658
f 530/530/530 515/515/515 528/528/528
f 408/408/408 409/409/409 517/517/517
f 360/360/360 522/522/522 359/359/359
f 534/534/534 494/494/494 491/491/491
f 529/529/529 527/527/527 361/361/361
f 521/521/521 494/494/494 466/466/466
f 488/488/488 487/487/487 486/486/486
f 526/526/526 535/535/535 495/495/495
f 482/482/482 469/469/469 470/470/470
f 478/478/478 356/356/356 480/480/480
f 523/523/523 360/360/360 527/527/527
f 486/486/486 521/521/521 467/467/467
f 517/517/517 484/484/484 549/549/549
f 526/526/526 533/533/533 464/464/464
f 641/641/641 640/640/640 453/453/453
f 472/472/472 478/478/478 479/479/479
f 396/396/396 565/565/565 676/676/676
f 515/515/515 530/530/530 531/531/531
f 604/604/604 506/506/506 605/605/605
f 364/364/364 664/664/664 665/665/665
f 529/529/529 361/361/361 362/362/362
f 532/532/532 666/666/666 515/515/515
f 462/462/462 663/663/663 461/461/461
f 463/463/463 464/464/464 533/533/533
f 463/463/463 533/533/533 666/666/666
f 534/534/534 535/535/535 465/465/465
f 534/534/534 491/491/491 495/495/495
f 464/464/464 465/465/465 535/535/535
f 535/535/535 526/526/526 464/464/464
f 405/405/405 668/668/668 404/404/404
f 542/542/542 496/496/496 536/536/536
f 668/668/668 537/537/537 550/550/550
f 546/546/546 545/545/545 670/670/670
f 542/542/542 540/540/540 539/539/539
f 543/543/543 538/538/538 544/544/544
f 419/419/419 539/539/539 540/540/540
f 496/496/496 541/541/541 537/537/537
f 418/418/418 419/419/419 540/540/540
f 543/543/543 667/667/667 540/540/540
f 537/537/537 541/541/541 545/545/545
f 541/541/541 539/539/539 670/670/670
f 542/542/542 536/536/536 538/538/538
f 542/542/542 539/539/539 496/496/496
f 543/543/543 542/542/542 538/538/538
f 540/540/540 667/667/667 418/418/418
f 544/544/544 549/549/549 519/519/519
f 407/407/407 408/408/408 544/544/544
f 545/545/545 550/550/550 537/537/537
f 497/497/497 545/545/545 546/546/546
f 546/546/546 547/547/547 497/497/497
f 421/421/421 422/422/422 546/546/546
f 550/550/550 497/497/497 548/548/548
f 558/558/558 553/553/553 548/548/548
f 402/402/402 403/403/403 671/671/671
f 673/673/673 401/401/401 402/402/402
f 549/549/549 484/484/484 519/519/519
f 549/549/549 408/408/408 517/517/517
f 403/403/403 550/550/550 671/671/671
f 497/497/497 550/550/550 545/545/545
f 400/400/400 672/672/672 399/399/399
f 557/557/557 498/498/498 551/551/551
f 672/672/672 552/552/552 564/564/564
f 560/560/560 559/559/559 674/674/674
f 557/557/557 555/555/555 554/554/554
f 548/548/548 553/553/553 671/671/671
f 424/424/424 554/554/554 555/555/555
f 498/498/498 556/556/556 552/552/552
f 423/423/423 424/424/424 555/555/555
f 563/563/563 555/555/555 558/558/558
f 552/552/552 556/556/556 559/559/559
f 556/556/556 554/554/554 674/674/674
f 557/557/557 551/551/551 553/553/553
f 557/557/557 554/554/554 498/498/498
f 555/555/555 563/563/563 423/423/423
f 548/548/548 547/547/547 558/558/558
f 559/559/559 564/564/564 552/552/552
f 499/499/499 559/559/559 560/560/560
f 560/560/560 561/561/561 499/499/499
f 426/426/426 427/427/427 560/560/560
f 562/562/562 564/564/564 499/499/499
f 568/568/568 567/567/567 570/570/570
f 397/397/397 398/398/398 675/675/675
f 565/565/565 675/675/675 562/562/562
f 563/563/563 422/422/422 423/423/423
f 558/558/558 547/547/547 563/563/563
f 398/398/398 564/564/564 675/675/675
f 499/499/499 564/564/564 559/559/559
f 396/396/396 676/676/676 395/395/395
f 500/500/500 565/565/565 570/570/570
f 572/572/572 571/571/571 573/573/573
f 429/429/429 574/574/574 569/569/569
f 567/567/567 568/568/568 428/428/428
f 500/500/500 569/569/569 566/566/566
f 568/568/568 427/427/427 428/428/428
f 562/562/562 561/561/561 570/570/570
f 566/566/566 569/569/569 572/572/572
f 567/567/567 429/429/429 569/569/569
f 570/570/570 567/567/567 500/500/500
f 570/570/570 561/561/561 568/568/568
f 573/573/573 676/676/676 566/566/566
f 431/431/431 576/576/576 575/575/575
f 572/572/572 573/573/573 566/566/566
f 572/572/572 574/574/574 571/571/571
f 394/394/394 395/395/395 573/573/573
f 579/579/579 394/394/394 581/581/581
f 574/574/574 575/575/575 571/571/571
f 430/430/430 574/574/574 429/429/429
f 575/575/575 576/576/576 571/571/571
f 575/575/575 430/430/430 431/431/431
f 571/571/571 581/581/581 573/573/573
f 501/501/501 576/576/576 577/577/577
f 501/501/501 577/577/577 578/578/578
f 577/577/577 431/431/431 432/432/432
f 580/580/580 579/579/579 501/501/501
f 585/585/585 502/502/502 586/586/586
f 393/393/393 579/579/579 580/580/580
f 579/579/579 581/581/581 501/501/501
f 392/392/392 393/393/393 580/580/580
f 582/582/582 392/392/392 584/584/584
f 581/581/581 576/576/576 501/501/501
f 581/581/581 394/394/394 573/573/573
f 391/391/391 677/677/677 390/390/390
f 578/578/578 502/502/502 584/584/584
f 677/677/677 583/583/583 592/592/592
f 678/678/678 589/589/589 588/588/588
f 584/584/584 392/392/392 580/580/580
f 584/584/584 502/502/502 582/582/582
f 585/585/585 586/586/586 433/433/433
f 502/502/502 587/587/587 583/583/583
f 586/586/586 432/432/432 433/433/433
f 586/586/586 502/502/502 578/578/578
f 583/583/583 587/587/587 588/588/588
f 587/587/587 585/585/585 678/678/678
f 588/588/588 592/592/592 583/583/583
f 503/503/503 588/588/588 589/589/589
f 589/589/589 590/590/590 503/503/503
f 435/435/435 436/436/436 589/589/589
f 592/592/592 503/503/503 591/591/591
f 595/595/595 598/598/598 596/596/596
f 388/388/388 389/389/389 679/679/679
f 593/593/593 679/679/679 591/591/591
f 389/389/389 592/592/592 679/679/679
f 503/503/503 592/592/592 588/588/588
f 387/387/387 680/680/680 386/386/386
f 504/504/504 593/593/593 598/598/598
f 680/680/680 594/594/594 603/603/603
f 600/600/600 599/599/599 681/681/681
f 595/595/595 596/596/596 437/437/437
f 504/504/504 597/597/597 594/594/594
f 596/596/596 436/436/436 437/437/437
f 591/591/591 590/590/590 598/598/598
f 594/594/594 597/597/597 599/599/599
f 597/597/597 595/595/595 681/681/681
f 598/598/598 595/595/595 504/504/504
f 598/598/598 590/590/590 596/596/596
f 599/599/599 603/603/603 594/594/594
f 505/505/505 599/599/599 600/600/600
f 600/600/600 601/601/601 505/505/505
f 439/439/439 440/440/440 600/600/600
f 602/602/602 603/603/603 505/505/505
f 606/606/606 609/609/609 607/607/607
f 384/384/384 385/385/385 682/682/682
f 604/604/604 682/682/682 602/602/602
f 385/385/385 603/603/603 682/682/682
f 505/505/505 603/603/603 599/599/599
f 383/383/383 683/683/683 382/382/382
f 506/506/506 604/604/604 609/609/609
f 683/683/683 605/605/605 614/614/614
f 611/611/611 610/610/610 684/684/684
f 606/606/606 607/607/607 441/441/441
f 506/506/506 608/608/608 605/605/605
f 607/607/607 440/440/440 441/441/441
f 602/602/602 601/601/601 609/609/609
f 605/605/605 608/608/608 610/610/610
f 608/608/608 606/606/606 684/684/684
f 609/609/609 606/606/606 506/506/506
f 609/609/609 601/601/601 607/607/607
f 610/610/610 614/614/614 605/605/605
f 507/507/507 610/610/610 611/611/611
f 611/611/611 612/612/612 507/507/507
f 443/443/443 444/444/444 611/611/611
f 614/614/614 507/507/507 613/613/613
f 622/622/622 617/617/617 613/613/613
f 380/380/380 381/381/381 685/685/685
f 687/687/687 379/379/379 380/380/380
f 381/381/381 614/614/614 685/685/685
f 507/507/507 614/614/614 610/610/610
f 378/378/378 686/686/686 377/377/377
f 621/621/621 508/508/508 615/615/615
f 686/686/686 616/616/616 628/628/628
f 624/624/624 623/623/623 688/688/688
f 621/621/621 619/619/619 618/618/618
f 613/613/613 617/617/617 685/685/685
f 446/446/446 618/618/618 619/619/619
f 508/508/508 620/620/620 616/616/616
f 445/445/445 446/446/446 619/619/619
f 627/627/627 619/619/619 622/622/622
f 616/616/616 620/620/620 623/623/623
f 620/620/620 618/618/618 688/688/688
f 621/621/621 615/615/615 617/617/617
f 621/621/621 618/618/618 508/508/508
f 619/619/619 627/627/627 445/445/445
f 613/613/613 612/612/612 622/622/622
f 623/623/623 628/628/628 616/616/616
f 509/509/509 623/623/623 624/624/624
f 624/624/624 625/625/625 509/509/509
f 448/448/448 449/449/449 624/624/624
f 626/626/626 628/628/628 509/509/509
f 631/631/631 634/634/634 632/632/632
f 375/375/375 376/376/376 689/689/689
f 629/629/629 689/689/689 626/626/626
f 627/627/627 444/444/444 445/445/445
f 622/622/622 612/612/612 627/627/627
f 376/376/376 628/628/628 689/689/689
f 509/509/509 628/628/628 623/623/623
f 374/374/374 690/690/690 373/373/373
f 510/510/510 629/629/629 634/634/634
f 636/636/636 635/635/635 637/637/637
f 451/451/451 638/638/638 633/633/633
f 631/631/631 632/632/632 450/450/450
f 510/510/510 633/633/633 630/630/630
f 632/632/632 449/449/449 450/450/450
f 626/626/626 625/625/625 634/634/634
f 630/630/630 633/633/633 636/636/636
f 631/631/631 451/451/451 633/633/633
f 634/634/634 631/631/631 510/510/510
f 634/634/634 625/625/625 632/632/632
f 637/637/637 690/690/690 630/630/630
f 453/453/453 640/640/640 639/639/639
f 636/636/636 637/637/637 630/630/630
f 636/636/636 638/638/638 635/635/635
f 372/372/372 373/373/373 637/637/637
f 643/643/643 372/372/372 645/645/645
f 638/638/638 639/639/639 635/635/635
f 452/452/452 638/638/638 451/451/451
f 639/639/639 640/640/640 635/635/635
f 639/639/639 452/452/452 453/453/453
f 635/635/635 645/645/645 637/637/637
f 511/511/511 640/640/640 641/641/641
f 511/511/511 641/641/641 642/642/642
f 641/641/641 453/453/453 454/454/454
f 644/644/644 643/643/643 511/511/511
f 647/647/647 512/512/512 648/648/648
f 371/371/371 643/643/643 644/644/644
f 643/643/643 645/645/645 511/511/511
f 370/370/370 371/371/371 644/644/644
f 652/652/652 370/370/370 653/653/653
f 645/645/645 640/640/640 511/511/511
f 645/645/645 372/372/372 637/637/637
f 693/693/693 367/367/367 368/368/368
f 457/457/457 651/651/651 456/456/456
f 647/647/647 648/648/648 455/455/455
f 512/512/512 649/649/649 646/646/646
f 648/648/648 454/454/454 455/455/455
f 648/648/648 512/512/512 642/642/642
f 657/657/657 646/646/646 649/649/649
f 649/649/649 647/647/647 651/651/651
f 691/691/691 657/657/657 693/693/693
f 658/658/658 513/513/513 659/659/659
f 651/651/651 647/647/647 456/456/456
f 651/651/651 650/650/650 649/649/649
f 369/369/369 652/652/652 691/691/691
f 642/642/642 512/512/512 653/653/653
f 653/653/653 370/370/370 644/644/644
f 653/653/653 512/512/512 652/652/652
f 366/366/366 692/692/692 365/365/365
f 659/659/659 513/513/513 656/656/656
f 692/692/692 655/655/655 664/664/664
f 694/694/694 662/662/662 661/661/661
f 650/650/650 656/656/656 657/657/657
f 656/656/656 654/654/654 693/693/693
f 657/657/657 649/649/649 650/650/650
f 646/646/646 657/657/657 691/691/691
f 658/658/658 659/659/659 458/458/458
f 513/513/513 660/660/660 655/655/655
f 659/659/659 457/457/457 458/458/458
f 650/650/650 659/659/659 656/656/656
f 655/655/655 660/660/660 661/661/661
f 660/660/660 658/658/658 694/694/694
f 661/661/661 664/664/664 655/655/655
f 514/514/514 661/661/661 662/662/662
f 514/514/514 663/663/663 532/532/532
f 460/460/460 461/461/461 662/662/662
f 662/662/662 461/461/461 663/663/663
f 663/663/663 514/514/514 662/662/662
f 665/665/665 363/363/363 364/364/364
f 514/514/514 664/664/664 661/661/661
f 532/532/532 531/531/531 665/665/665
f 665/665/665 514/514/514 532/532/532
f 666/666/666 532/532/532 462/462/462
f 666/666/666 528/528/528 515/515/515
f 667/667/667 518/518/518 417/417/417
f 667/667/667 543/543/543 519/519/519
f 668/668/668 550/550/550 404/404/404
f 668/668/668 536/536/536 537/537/537
f 669/669/669 536/536/536 406/406/406
f 669/669/669 544/544/544 538/538/538
f 670/670/670 539/539/539 420/420/420
f 541/541/541 670/670/670 545/545/545
f 402/402/402 671/671/671 673/673/673
f 671/671/671 550/550/550 548/548/548
f 672/672/672 564/564/564 399/399/399
f 672/672/672 551/551/551 552/552/552
f 673/673/673 551/551/551 401/401/401
f 673/673/673 671/671/671 553/553/553
f 674/674/674 554/554/554 425/425/425
f 556/556/556 674/674/674 559/559/559
f 675/675/675 565/565/565 397/397/397
f 675/675/675 564/564/564 562/562/562
f 676/676/676 573/573/573 395/395/395
f 676/676/676 565/565/565 566/566/566
f 677/677/677 592/592/592 390/390/390
f 677/677/677 582/582/582 583/583/583
f 678/678/678 585/585/585 434/434/434
f 587/587/587 678/678/678 588/588/588
f 679/679/679 593/593/593 388/388/388
f 679/679/679 592/592/592 591/591/591
f 680/680/680 603/603/603 386/386/386
f 680/680/680 593/593/593 594/594/594
f 681/681/681 595/595/595 438/438/438
f 597/597/597 681/681/681 599/599/599
f 682/682/682 604/604/604 384/384/384
f 682/682/682 603/603/603 602/602/602
f 683/683/683 614/614/614 382/382/382
f 683/683/683 604/604/604 605/605/605
f 684/684/684 606/606/606 442/442/442
f 608/608/608 684/684/684 610/610/610
f 380/380/380 685/685/685 687/687/687
f 685/685/685 614/614/614 613/613/613
f 686/686/686 628/628/628 377/377/377
f 686/686/686 615/615/615 616/616/616
f 687/687/687 615/615/615 379/379/379
f 687/687/687 685/685/685 617/617/617
f 688/688/688 618/618/618 447/447/447
f 620/620/620 688/688/688 623/623/623
f 689/689/689 629/629/629 375/375/375
f 689/689/689 628/628/628 626/626/626
f 690/690/690 637/637/637 373/373/373
f 690/690/690 629/629/629 630/630/630
f 368/368/368 691/691/691 693/693/693
f 691/691/691 652/652/652 646/646/646
f 692/692/692 664/664/664 365/365/365
f 692/692/692 654/654/654 655/655/655
f 693/693/693 654/654/654 367/367/367
f 693/693/693 657/657/657 656/656/656
f 694/694/694 658/658/658 459/459/459
f 660/660/660 694/694/694 661/661/661
# 1146 faces
# End of File
