mtllib material.mtl
usemtl Material-塑胶__2__033-material
v -0.08614200 0.01101500 0.02293100
v -0.08528700 0.01101500 0.02528100
v -0.08505500 -0.00586200 0.02519600
v -0.08591000 -0.00586200 0.02284700
v -0.08472600 -0.01473900 0.02507700
v -0.08558100 -0.01473900 0.02272700
v -0.08462800 -0.01683700 0.02504100
v -0.08548300 -0.01683700 0.02269200
v -0.08452600 -0.01870200 0.02500400
v -0.08538100 -0.01870200 0.02265500
v -0.08413400 -0.02024800 0.02486100
v -0.08498900 -0.02024800 0.02251200
v -0.08327200 -0.02165000 0.02454700
v -0.08412700 -0.02165000 0.02219800
v -0.08217600 -0.02260200 0.02414900
v -0.08303100 -0.02260200 0.02179900
v -0.08023900 -0.02357000 0.02344400
v -0.08109400 -0.02357000 0.02109400
v -0.07906800 -0.02409000 0.02301700
v -0.07992300 -0.02409000 0.02066800
v -0.06898600 0.01098400 0.01668700
v -0.06903700 -0.02094700 0.01670600
v -0.06860900 -0.02094700 0.01788000
v -0.06855900 0.01098400 0.01786200
v -0.06818200 -0.02094700 0.01905500
v -0.06813100 0.01098400 0.01903700
v -0.06893500 0.04291400 0.01666900
v -0.06850800 0.04291400 0.01784300
v -0.06808000 0.04291400 0.01901800
v -0.08412700 -0.02165000 0.02219800
v -0.08412700 -0.02165000 0.02219800
v -0.08412700 -0.02165000 0.02219800
v -0.08303100 -0.02260200 0.02179900
v -0.07931500 -0.01366300 0.02044700
v -0.07931500 -0.01366300 0.02044700
v -0.07931500 -0.01366300 0.02044700
v -0.07931500 -0.01366300 0.02044700
v -0.07931500 -0.01366300 0.02044700
v -0.08303100 -0.02260200 0.02179900
v -0.08303100 -0.02260200 0.02179900
v -0.07814100 -0.01400000 0.02001900
v -0.07814100 -0.01400000 0.02001900
v -0.07814100 -0.01400000 0.02001900
v -0.07814100 -0.01400000 0.02001900
v -0.07814100 -0.01400000 0.02001900
v -0.07814100 -0.01400000 0.02001900
v -0.07814100 -0.01400000 0.02001900
v -0.07890800 -0.02426500 0.02029900
v -0.07792100 -0.02396200 0.01993900
v -0.07792100 -0.02396200 0.01993900
v -0.07792100 -0.02396200 0.01993900
v -0.07992300 -0.02409000 0.02066800
v -0.07992300 -0.02409000 0.02066800
v -0.07992300 -0.02409000 0.02066800
v -0.08109400 -0.02357000 0.02109400
v -0.08109400 -0.02357000 0.02109400
v -0.08429200 0.04333400 0.02225800
v -0.08429200 0.04333400 0.02225800
v -0.08429200 0.04333400 0.02225800
v -0.08504800 0.04184800 0.02253300
v -0.08532500 0.04018300 0.02263400
v -0.08532500 0.04018300 0.02263400
v -0.08532500 0.04018300 0.02263400
v -0.08532500 0.04018300 0.02263400
v -0.07095600 -0.02340000 0.01740400
v -0.07095600 -0.02340000 0.01740400
v -0.07095600 -0.02340000 0.01740400
v -0.06997200 -0.02293900 0.01704600
v -0.06928500 -0.02206000 0.01679600
v -0.06928500 -0.02206000 0.01679600
v -0.06928500 -0.02206000 0.01679600
v -0.06928500 -0.02206000 0.01679600
v -0.07704000 0.04523700 0.01961900
v -0.07704000 0.04523700 0.01961900
v -0.07780900 0.04596200 0.01989900
v -0.07780900 0.04596200 0.01989900
v -0.07806100 0.03600000 0.01999000
v -0.07806100 0.03600000 0.01999000
v -0.07806100 0.03600000 0.01999000
v -0.07806100 0.03600000 0.01999000
v -0.07806100 0.03600000 0.01999000
v -0.07806100 0.03600000 0.01999000
v -0.07806100 0.03600000 0.01999000
v -0.07806100 0.03600000 0.01999000
v -0.07879600 0.04626800 0.02025800
v -0.07879600 0.04626800 0.02025800
v -0.07688700 0.03566300 0.01956300
v -0.07688700 0.03566300 0.01956300
v -0.07688700 0.03566300 0.01956300
v -0.07688700 0.03566300 0.01956300
v -0.07688700 0.03566300 0.01956300
v -0.07688700 0.03566300 0.01956300
v -0.07192100 0.04532500 0.01775600
v -0.07192100 0.04532500 0.01775600
v -0.07286200 0.04477100 0.01809800
v -0.07286200 0.04477100 0.01809800
v -0.07084700 0.04537500 0.01736500
v -0.07084700 0.04537500 0.01736500
v -0.07084700 0.04537500 0.01736500
v -0.07602900 0.03474600 0.01925100
v -0.07602900 0.03474600 0.01925100
v -0.07602900 0.03474600 0.01925100
v -0.07602900 0.03474600 0.01925100
v -0.07602900 0.03474600 0.01925100
v -0.06986500 0.04491000 0.01700700
v -0.06986500 0.04491000 0.01700700
v -0.08544200 0.03794300 0.02267700
v -0.08544200 0.03794300 0.02267700
v -0.08544200 0.03794300 0.02267700
v -0.08544200 0.03794300 0.02267700
v -0.08601000 0.02223700 0.02288300
v -0.08601000 0.02223700 0.02288300
v -0.08601000 0.02223700 0.02288300
v -0.08601000 0.02223700 0.02288300
v -0.08010200 0.03225400 0.02073300
v -0.08010200 0.03225400 0.02073300
v -0.08010200 0.03225400 0.02073300
v -0.07813300 -0.00900000 0.02001600
v -0.07695900 -0.00933700 0.01958900
v -0.07695900 -0.00933700 0.01958900
v -0.06898600 0.01098400 0.01668700
v -0.06898600 0.01098400 0.01668700
v -0.06898600 0.01098400 0.01668700
v -0.07610000 -0.01025300 0.01927700
v -0.07610000 -0.01025300 0.01927700
v -0.07610000 -0.01025300 0.01927700
v -0.06903700 -0.02094700 0.01670600
v -0.06903700 -0.02094700 0.01670600
v -0.06903700 -0.02094700 0.01670600
v -0.06903700 -0.02094700 0.01670600
v -0.08041500 0.03350400 0.02084700
v -0.08041500 0.03350400 0.02084700
v -0.08009800 0.03475400 0.02073200
v -0.08009800 0.03475400 0.02073200
v -0.08009800 0.03475400 0.02073200
v -0.07923600 0.03566700 0.02041800
v -0.07923600 0.03566700 0.02041800
v -0.07923600 0.03566700 0.02041800
v -0.07923600 0.03566700 0.02041800
v -0.07981100 0.04609600 0.02062700
v -0.07981100 0.04609600 0.02062700
v -0.08174900 0.04522400 0.02133300
v -0.08174900 0.04522400 0.02133300
v -0.08174900 0.04522400 0.02133300
v -0.07923600 0.03566700 0.02041800
v -0.08316900 0.04445400 0.02185000
v -0.08316900 0.04445400 0.02185000
v -0.07603300 0.03224600 0.01925200
v -0.07603300 0.03224600 0.01925200
v -0.06898600 0.01098400 0.01668700
v -0.06898600 0.01098400 0.01668700
v -0.06898600 0.01098400 0.01668700
v -0.06898600 0.01098400 0.01668700
v -0.06898600 0.01098400 0.01668700
v -0.07571600 0.03349600 0.01913700
v -0.07571600 0.03349600 0.01913700
v -0.07571600 0.03349600 0.01913700
v -0.06893500 0.04291400 0.01666900
v -0.06893500 0.04291400 0.01666900
v -0.06893500 0.04291400 0.01666900
v -0.06918000 0.04402800 0.01675800
v -0.06918000 0.04402800 0.01675800
v -0.08498900 -0.02024800 0.02251200
v -0.08538100 -0.01870200 0.02265500
v -0.08538100 -0.01870200 0.02265500
v -0.08538100 -0.01870200 0.02265500
v -0.08548300 -0.01683700 0.02269200
v -0.08548300 -0.01683700 0.02269200
v -0.08548300 -0.01683700 0.02269200
v -0.08017300 -0.01274600 0.02075900
v -0.08017300 -0.01274600 0.02075900
v -0.08017300 -0.01274600 0.02075900
v -0.08558100 -0.01473900 0.02272700
v -0.08558100 -0.01473900 0.02272700
v -0.08558100 -0.01473900 0.02272700
v -0.08048600 -0.01149600 0.02087300
v -0.08048600 -0.01149600 0.02087300
v -0.08048600 -0.01149600 0.02087300
v -0.08591000 -0.00586200 0.02284700
v -0.08591000 -0.00586200 0.02284700
v -0.08591000 -0.00586200 0.02284700
v -0.08016900 -0.01024600 0.02075800
v -0.08016900 -0.01024600 0.02075800
v -0.08016900 -0.01024600 0.02075800
v -0.08614200 0.01101500 0.02293100
v -0.08614200 0.01101500 0.02293100
v -0.08614200 0.01101500 0.02293100
v -0.08614200 0.01101500 0.02293100
v -0.08614200 0.01101500 0.02293100
v -0.07578800 -0.01150400 0.01916300
v -0.07578800 -0.01150400 0.01916300
v -0.07610400 -0.01275300 0.01927800
v -0.07610400 -0.01275300 0.01927800
v -0.07610400 -0.01275300 0.01927800
v -0.07696600 -0.01366700 0.01959200
v -0.07696600 -0.01366700 0.01959200
v -0.07696600 -0.01366700 0.01959200
v -0.07696600 -0.01366700 0.01959200
v -0.07696600 -0.01366700 0.01959200
v -0.07696600 -0.01366700 0.01959200
v -0.07696600 -0.01366700 0.01959200
v -0.07696600 -0.01366700 0.01959200
v -0.07714900 -0.02324000 0.01965800
v -0.07714900 -0.02324000 0.01965800
v -0.07627300 -0.02240400 0.01934000
v -0.07627300 -0.02240400 0.01934000
v -0.07627300 -0.02240400 0.01934000
v -0.07515400 -0.02202100 0.01893200
v -0.07515400 -0.02202100 0.01893200
v -0.07398400 -0.02215700 0.01850700
v -0.07398400 -0.02215700 0.01850700
v -0.07387900 0.04414200 0.01846800
v -0.07387900 0.04414200 0.01846800
v -0.07504900 0.04401000 0.01889400
v -0.07504900 0.04401000 0.01889400
v -0.07504900 0.04401000 0.01889400
v -0.07616700 0.04439800 0.01930100
v -0.07616700 0.04439800 0.01930100
v -0.07296900 -0.02278900 0.01813700
v -0.07296900 -0.02278900 0.01813700
v -0.07203000 -0.02334700 0.01779500
v -0.07203000 -0.02334700 0.01779500
v -0.07806900 0.03100000 0.01999300
v -0.07806900 0.03100000 0.01999300
v -0.07806900 0.03100000 0.01999300
v -0.07806900 0.03100000 0.01999300
v -0.07806900 0.03100000 0.01999300
v -0.07924300 0.03133700 0.02042100
v -0.07924300 0.03133700 0.02042100
v -0.07689400 0.03133300 0.01956600
v -0.07689400 0.03133300 0.01956600
v -0.07813300 -0.00900000 0.02001600
v -0.07813300 -0.00900000 0.02001600
v -0.07813300 -0.00900000 0.02001600
v -0.07930800 -0.00933300 0.02044400
v -0.07930800 -0.00933300 0.02044400
v -0.07981100 0.04609600 0.02062700
v -0.07895600 0.04609600 0.02297600
v -0.08089400 0.04522400 0.02368200
v -0.08174900 0.04522400 0.02133300
v -0.08231400 0.04445400 0.02419900
v -0.08231400 0.04445400 0.02419900
v -0.08316900 0.04445400 0.02185000
v -0.08316900 0.04445400 0.02185000
v -0.08343700 0.04333400 0.02460700
v -0.08429200 0.04333400 0.02225800
v -0.08419300 0.04184800 0.02488300
v -0.08504800 0.04184800 0.02253300
v -0.08447000 0.04018300 0.02498300
v -0.08532500 0.04018300 0.02263400
v -0.08458700 0.03794300 0.02502600
v -0.08544200 0.03794300 0.02267700
v -0.08515500 0.02223700 0.02523300
v -0.08601000 0.02223700 0.02288300
v -0.06650200 0.01097900 0.01545900
v -0.06635500 0.01097900 0.01573000
v -0.06639300 -0.01306600 0.01574300
v -0.06786800 -0.02539600 0.01516600
v -0.06805300 -0.02492200 0.01490500
v -0.06769200 -0.02349600 0.01474700
v -0.08877000 0.00803000 0.02388800
v -0.08877300 0.01101900 0.02388900
v -0.08882800 0.01101900 0.02329000
v -0.08873000 -0.00091600 0.02351700
v -0.08871600 -0.00081100 0.02314500
v -0.08837700 -0.01261900 0.02299000
v -0.06901400 -0.02333400 0.01456900
v -0.06876700 -0.02368900 0.01452600
v -0.06895700 -0.02442000 0.01459700
v -0.06893200 0.00230300 0.01453900
v -0.06891800 0.01098200 0.01453400
v -0.06861000 0.01098200 0.01447300
v -0.08354700 -0.02420900 0.01985900
v -0.08285300 -0.02483900 0.01966000
v -0.08405900 -0.02422800 0.02010000
v -0.08165600 -0.02538400 0.01922500
v -0.08057100 -0.02555400 0.01877600
v -0.07923700 -0.02637200 0.01834300
v -0.07753900 -0.02668600 0.01767200
v -0.07712200 -0.02707000 0.01755900
v -0.08517700 -0.02336600 0.02050500
v -0.08443400 -0.02366200 0.02018200
v -0.08397000 -0.02397700 0.02001200
v -0.08704700 -0.01949900 0.02118000
v -0.08647400 -0.02082200 0.02092400
v -0.08672000 -0.02092400 0.02106300
v -0.08590300 -0.02203700 0.02071600
v -0.08608500 -0.02224100 0.02083400
v -0.08565600 -0.02240900 0.02062600
v -0.08504100 -0.02313500 0.02040200
v -0.08693300 -0.01660900 0.02109100
v -0.08681000 -0.01904800 0.02104600
v -0.08678500 -0.01938200 0.02103700
v -0.08724300 -0.01671200 0.02124800
v -0.08747200 -0.01115400 0.02133400
v -0.08716700 -0.01121200 0.02117600
v -0.08739800 -0.00399500 0.02126000
v -0.08776700 -0.00006100 0.02144400
v -0.08748500 -0.00001900 0.02129200
v -0.08784800 0.01101600 0.02147300
v -0.08757800 0.01101600 0.02132600
v -0.06865100 -0.02223600 0.01448100
v -0.06894500 -0.00573000 0.01454400
v -0.06861200 -0.01108500 0.01446800
v -0.06895300 -0.01100300 0.01454700
v -0.06860900 -0.01664800 0.01446400
v -0.06896200 -0.01655000 0.01455000
v -0.06860700 -0.01944100 0.01446300
v -0.06897100 -0.02213100 0.01455300
v -0.06897200 -0.02263200 0.01455400
v -0.07012100 -0.02637900 0.01502400
v -0.06984500 -0.02556500 0.01487200
v -0.06964000 -0.02578300 0.01484800
v -0.06948000 -0.02492500 0.01473900
v -0.06924900 -0.02512400 0.01470400
v -0.06945500 -0.02487100 0.01473000
v -0.06921300 -0.02424400 0.01464200
v -0.07083300 -0.02664800 0.01523100
v -0.07034700 -0.02619600 0.01505400
v -0.07030000 -0.02614500 0.01503700
v -0.07515800 -0.02764300 0.01683900
v -0.07468600 -0.02754300 0.01663400
v -0.07414300 -0.02790900 0.01649000
v -0.07346200 -0.02765700 0.01618800
v -0.07342200 -0.02792900 0.01622800
v -0.07312700 -0.02762800 0.01606600
v -0.07269400 -0.02784000 0.01596300
v -0.07208600 -0.02736800 0.01568700
v -0.07198200 -0.02763400 0.01570300
v -0.07160100 -0.02715000 0.01551100
v -0.07130600 -0.02731700 0.01545700
v -0.07068000 -0.02689500 0.01522800
v -0.07583500 -0.02760100 0.01714100
v -0.07540100 -0.02793600 0.01710400
v -0.07646800 -0.02741800 0.01737500
v -0.07668800 -0.02755400 0.01757300
v -0.07677000 -0.02728100 0.01746600
v -0.07677000 -0.02728100 0.01746600
v -0.07919800 -0.02668800 0.01848800
v -0.08869200 0.00063600 0.02386000
v -0.08857100 0.01101800 0.02241100
v -0.08848300 -0.00049000 0.02236800
v -0.08817700 -0.01199300 0.02222900
v -0.08811700 -0.01850800 0.02287500
v -0.08794000 -0.01774100 0.02212500
v -0.08793100 -0.01996700 0.02281600
v -0.08793100 -0.01996700 0.02281600
v -0.08779800 -0.01917200 0.02208100
v -0.08779800 -0.01917200 0.02208100
v -0.08751700 -0.02137600 0.02268600
v -0.08750100 -0.02058400 0.02199100
v -0.08687600 -0.02269400 0.02247900
v -0.08698200 -0.02198500 0.02182400
v -0.08601900 -0.02385100 0.02218900
v -0.08619800 -0.02324200 0.02155900
v -0.08497100 -0.02481600 0.02182500
v -0.08518500 -0.02430000 0.02120600
v -0.08376600 -0.02555900 0.02139800
v -0.08799200 -0.01916000 0.02360500
v -0.08810400 -0.01876000 0.02325400
v -0.08785400 -0.02007400 0.02355500
v -0.08789900 -0.02022700 0.02318500
v -0.08789900 -0.02022700 0.02318500
v -0.08779800 -0.02032300 0.02353400
v -0.08677000 -0.02291400 0.02280500
v -0.08664000 -0.02298300 0.02311300
v -0.08686800 -0.02262100 0.02319600
v -0.08744700 -0.02163100 0.02303500
v -0.08728700 -0.02181700 0.02334800
v -0.08761900 -0.02095900 0.02346900
v -0.08363800 -0.02567300 0.02170100
v -0.08351600 -0.02568500 0.02197600
v -0.08484000 -0.02495700 0.02213000
v -0.08443600 -0.02517100 0.02231100
v -0.08471000 -0.02498400 0.02241000
v -0.08513300 -0.02465900 0.02256400
v -0.08589200 -0.02403000 0.02250100
v -0.08577800 -0.02405700 0.02279900
v -0.08635900 -0.02337700 0.02301000
v -0.08801600 -0.01885600 0.02361400
v -0.08807700 -0.01768000 0.02363600
v -0.08837500 -0.01282500 0.02336600
v -0.08829500 -0.01290300 0.02371500
v -0.08851700 -0.00674300 0.02379600
v -0.08398900 -0.02511200 0.02078100
v -0.08273600 -0.02573000 0.02032500
v -0.08121400 -0.02674200 0.02046800
v -0.08148800 -0.02629200 0.01986900
v -0.07858600 -0.02778100 0.01950600
v -0.07894400 -0.02731400 0.01893900
v -0.07592400 -0.02866200 0.01853300
v -0.07635500 -0.02819000 0.01799200
v -0.07459200 -0.02903500 0.01804800
v -0.07504300 -0.02856800 0.01751400
v -0.07322900 -0.02920600 0.01755800
v -0.07367200 -0.02878900 0.01702200
v -0.07295100 -0.02878300 0.01676200
v -0.06847800 -0.02697800 0.01578000
v -0.06858800 -0.02664600 0.01546100
v -0.06967500 -0.02736900 0.01554800
v -0.06916200 -0.02684100 0.01535000
v -0.06871600 -0.02625100 0.01517400
v -0.06834500 -0.02560800 0.01502500
v -0.07060100 -0.02864300 0.01659900
v -0.07187400 -0.02907500 0.01706900
v -0.07223100 -0.02868400 0.01650100
v -0.07153400 -0.02848900 0.01624500
v -0.07087000 -0.02820100 0.01599900
v -0.06945600 -0.02793500 0.01616400
v -0.07024700 -0.02782500 0.01576600
v -0.07304100 -0.02930700 0.01784100
v -0.07439500 -0.02915100 0.01832900
v -0.07573300 -0.02878100 0.01881600
v -0.07841800 -0.02790000 0.01979600
v -0.08107200 -0.02685500 0.02076600
v -0.08601900 -0.02385100 0.02218900
v -0.08687600 -0.02269400 0.02247900
v -0.08751700 -0.02137600 0.02268600
v -0.06936300 -0.02809600 0.01648700
v -0.07048700 -0.02875900 0.01690900
v -0.07172400 -0.02916900 0.01736400
v -0.07161300 -0.02917500 0.01764300
v -0.06785500 -0.02675200 0.01627600
v -0.06829000 -0.02726800 0.01643400
v -0.06838100 -0.02720000 0.01611100
v -0.06839300 -0.02737600 0.01647100
v -0.06899800 -0.02792500 0.01669200
v -0.06927700 -0.02813600 0.01679300
v -0.06965800 -0.02838900 0.01693200
v -0.07039400 -0.02877600 0.01720000
v -0.07109800 -0.02904100 0.01745600
v -0.06664900 -0.02334500 0.01542600
v -0.06648500 -0.02346200 0.01577700
v -0.06698300 -0.02477100 0.01556000
v -0.06671800 -0.02451300 0.01586200
v -0.06739400 -0.02606500 0.01610800
v -0.06757500 -0.02608500 0.01579600
v -0.06701000 -0.02530800 0.01596800
v -0.06684200 -0.02488600 0.01590700
v -0.06717200 0.01098000 0.01487900
v -0.06676900 0.01097900 0.01517000
v -0.06680800 -0.01274100 0.01512300
v -0.06656200 -0.01297700 0.01541600
v -0.06681800 -0.01863200 0.01510400
v -0.06657500 -0.01891500 0.01540500
v -0.06682400 -0.02156900 0.01509500
v -0.06658100 -0.02187200 0.01540000
v -0.06688100 -0.02303200 0.01511800
v -0.06717800 -0.02445600 0.01524500
v -0.06770900 -0.02580300 0.01546800
v -0.06824200 0.01098100 0.01448900
v -0.06745900 0.01098000 0.01472800
v -0.06746600 -0.01202600 0.01467700
v -0.06746300 -0.01777500 0.01465500
v -0.06746300 -0.02065000 0.01464500
v -0.06749700 -0.02208600 0.01465900
v -0.06831700 -0.02254300 0.01449200
v -0.06850200 -0.02400900 0.01456900
v -0.06872300 -0.02474300 0.01465500
v -0.06904100 -0.02544500 0.01477600
v -0.06945400 -0.02609800 0.01493100
v -0.06995300 -0.02668700 0.01511700
v -0.07052700 -0.02719600 0.01532900
v -0.07116200 -0.02761300 0.01556300
v -0.07184700 -0.02792800 0.01581400
v -0.07256900 -0.02813400 0.01607700
v -0.07331000 -0.02822600 0.01634600
v -0.07404400 -0.02821100 0.01661300
v -0.07553500 -0.02764100 0.01701200
v -0.06823100 -0.01131600 0.01446500
v -0.06822200 -0.01692400 0.01445500
v -0.06821800 -0.01973700 0.01445000
v -0.06823200 -0.02114500 0.01445500
v -0.06831900 0.01098100 0.01447900
v -0.08165100 -0.02568900 0.01938200
v -0.08286100 -0.02513900 0.01982300
v -0.08408800 -0.02452200 0.02027000
v -0.08524200 -0.02366100 0.02068600
v -0.08619100 -0.02253800 0.02102600
v -0.08687700 -0.02121700 0.02126800
v -0.08725900 -0.01977500 0.02139900
v -0.08742800 -0.01837000 0.02145400
v -0.08752600 -0.01697000 0.02148700
v -0.08775200 -0.01136400 0.02157500
v -0.08804200 -0.00016800 0.02169100
v -0.08842900 0.01101800 0.02214300
v -0.08812500 0.01101700 0.02172600
v -0.06640600 -0.02117700 0.01574800
v -0.06640700 -0.02198800 0.01574900
v -0.06642900 -0.02295900 0.01575700
v -0.07264400 -0.02930600 0.01801900
v -0.07290900 -0.02931200 0.01811500
v -0.07416200 -0.02918000 0.01857100
v -0.07630600 -0.02857400 0.01935200
v -0.07840600 -0.02786700 0.02011600
v -0.08043700 -0.02708000 0.02085500
v -0.08299200 -0.02594000 0.02178500
v -0.08698200 -0.02198500 0.02182400
v -0.08725900 -0.01977500 0.02139900
v -0.08750100 -0.02058400 0.02199100
v -0.08750100 -0.02058400 0.02199100
v -0.07775300 -0.02635200 0.01775000
v -0.07416700 0.04933000 0.01644500
v -0.07456400 0.04952800 0.01658900
v -0.07334000 0.04963700 0.01614400
v -0.07301600 -0.02501000 0.01602600
v -0.07809100 -0.02500100 0.01787300
v -0.07809100 -0.02500100 0.01787300
v -0.07882300 -0.01275000 0.01813900
v -0.07882300 -0.01275000 0.01813900
v -0.07882300 -0.01275000 0.01813900
v -0.07882300 -0.01275000 0.01813900
v -0.07882300 -0.01275000 0.01813900
v -0.07774800 -0.02365200 0.01774800
v -0.07774800 -0.02365200 0.01774800
v -0.07681800 -0.02266500 0.01741000
v -0.07681800 -0.02266500 0.01741000
v -0.07797600 0.04699900 0.01783100
v -0.08046200 0.04755800 0.01873600
v -0.07763400 0.04834800 0.01770700
v -0.07741900 0.04868200 0.01762800
v -0.07773300 0.03287300 0.01774300
v -0.07757500 0.03349800 0.01768500
v -0.06888300 0.03296800 0.01452100
v -0.07335800 -0.02636000 0.01615000
v -0.07428800 -0.02734600 0.01648900
v -0.07554900 -0.02230600 0.01694800
v -0.07554900 -0.02230600 0.01694800
v -0.07554900 -0.02230600 0.01694800
v -0.07823500 -0.01258300 0.01792500
v -0.07823500 -0.01258300 0.01792500
v -0.07823500 -0.01258300 0.01792500
v -0.07428100 -0.02267000 0.01648600
v -0.07428100 -0.02267000 0.01648600
v -0.07941000 -0.01258100 0.01835300
v -0.07983900 -0.01212300 0.01850900
v -0.07999500 -0.01149800 0.01856600
v -0.07983700 -0.01087300 0.01850800
v -0.07940600 -0.01041600 0.01835200
v -0.07335400 -0.02366000 0.01614900
v -0.07882300 -0.01275000 0.01813900
v -0.07335400 -0.02366000 0.01614900
v -0.06887500 0.03851500 0.01451800
v -0.07071400 0.04861900 0.01518800
v -0.07023400 0.04817100 0.01501300
v -0.07290200 0.04698900 0.01598400
v -0.07018200 0.04811400 0.01499400
v -0.07324000 0.04834000 0.01610700
v -0.06889200 0.02769500 0.01452500
v -0.06890500 0.01966100 0.01452900
v -0.07816400 0.03241600 0.01789900
v -0.07875100 0.03225000 0.01811300
v -0.07301300 0.04960900 0.01602400
v -0.07196400 0.04934400 0.01564300
v -0.07148900 0.04912900 0.01547000
v -0.07324400 0.04564000 0.01610900
v -0.07324400 0.04564000 0.01610900
v -0.06886600 0.04409600 0.01451500
v -0.07417400 0.04465400 0.01644700
v -0.07417400 0.04465400 0.01644700
v -0.07816000 0.03458100 0.01789800
v -0.07816000 0.03458100 0.01789800
v -0.07816000 0.03458100 0.01789800
v -0.07816000 0.03458100 0.01789800
v -0.07816000 0.03458100 0.01789800
v -0.07773100 0.03412300 0.01774200
v -0.07881900 -0.01025000 0.01813800
v -0.06972900 0.04753200 0.01482900
v -0.06936600 0.04689100 0.01469700
v -0.07324400 0.04564000 0.01610900
v -0.06934300 0.04684200 0.01468900
v -0.06910100 0.04620900 0.01460100
v -0.08553900 0.04444900 0.02058400
v -0.08493400 0.04515900 0.02036300
v -0.07933500 0.03458300 0.01832600
v -0.08439300 0.04563400 0.02016700
v -0.07874700 0.03475000 0.01811200
v -0.07874700 0.03475000 0.01811200
v -0.07874700 0.03475000 0.01811200
v -0.07874700 0.03475000 0.01811200
v -0.07874700 0.03475000 0.01811200
v -0.08385900 0.04599600 0.01997200
v -0.08343500 0.04622600 0.01981800
v -0.06890600 0.04530300 0.01453000
v -0.06886500 0.04459700 0.01451500
v -0.07797600 0.04699900 0.01783100
v -0.07763800 0.04564800 0.01770800
v -0.07763800 0.04564800 0.01770800
v -0.07671100 0.04465800 0.01737100
v -0.07671100 0.04465800 0.01737100
v -0.07671100 0.04465800 0.01737100
v -0.07544300 0.04429400 0.01690900
v -0.07544300 0.04429400 0.01690900
v -0.07780500 -0.01212700 0.01776900
v -0.07764600 -0.01150200 0.01771100
v -0.07780300 -0.01087700 0.01776800
v -0.07823200 -0.01041800 0.01792400
v -0.07881900 -0.01025000 0.01813800
v -0.07933800 0.03241800 0.01832700
v -0.08745000 0.02205100 0.02127900
v -0.07976800 0.03287700 0.01848300
v -0.08735000 0.02602600 0.02124300
v -0.07992400 0.03350200 0.01854000
v -0.08709600 0.03324300 0.02115000
v -0.07976600 0.03412700 0.01848200
v -0.08684500 0.03863900 0.02105900
v -0.07933500 0.03458300 0.01832600
v -0.08671400 0.04107700 0.02101100
v -0.08668800 0.04141100 0.02100200
v -0.08636100 0.04288700 0.02088300
v -0.08579800 0.04406300 0.02067800
v -0.06708000 0.04812000 0.01705700
v -0.06708000 0.04812000 0.01705700
v -0.06708000 0.04812000 0.01705700
v -0.06864800 0.04782500 0.01762800
v -0.06864800 0.04782500 0.01762800
v -0.06864800 0.04782500 0.01762800
v -0.06864800 0.04782500 0.01762800
v -0.06778200 0.04638100 0.01731300
v -0.06778200 0.04638100 0.01731300
v -0.06778200 0.04638100 0.01731300
v -0.06778200 0.04638100 0.01731300
v -0.06863300 -0.02775500 0.01762300
v -0.06863300 -0.02775500 0.01762300
v -0.06948600 -0.02656000 0.01793300
v -0.06948600 -0.02656000 0.01793300
v -0.06948600 -0.02656000 0.01793300
v -0.06948600 -0.02656000 0.01793300
v -0.06948600 -0.02656000 0.01793300
v -0.06928700 -0.02821500 0.01786100
v -0.06928700 -0.02821500 0.01786100
v -0.06928700 -0.02821500 0.01786100
v -0.07090700 -0.02735700 0.01845000
v -0.07090700 -0.02735700 0.01845000
v -0.07090700 -0.02735700 0.01845000
v -0.07090700 -0.02735700 0.01845000
v -0.08591000 0.04520900 0.02391100
v -0.08591000 0.04520900 0.02391100
v -0.08642200 0.04445700 0.02409800
v -0.08642200 0.04445700 0.02409800
v -0.08642200 0.04445700 0.02409800
v -0.08460200 0.04452600 0.02343500
v -0.08460200 0.04452600 0.02343500
v -0.08460200 0.04452600 0.02343500
v -0.08460200 0.04452600 0.02343500
v -0.08559400 0.04296300 0.02379600
v -0.08559400 0.04296300 0.02379600
v -0.08559400 0.04296300 0.02379600
v -0.08559400 0.04296300 0.02379600
v -0.06756700 0.04878800 0.01723500
v -0.06756700 0.04878800 0.01723500
v -0.06812300 0.04938300 0.01743700
v -0.06812300 0.04938300 0.01743700
v -0.06812300 0.04938300 0.01743700
v -0.06989900 0.04890500 0.01808400
v -0.06989900 0.04890500 0.01808400
v -0.06989900 0.04890500 0.01808400
v -0.06989900 0.04890500 0.01808400
v -0.06739500 0.04479700 0.01717300
v -0.06739500 0.04479700 0.01717300
v -0.06739500 0.04479700 0.01717300
v -0.06739500 0.04479700 0.01717300
v -0.06621700 0.04617500 0.01674400
v -0.06621700 0.04617500 0.01674400
v -0.06621700 0.04617500 0.01674400
v -0.06667500 0.04739600 0.01691000
v -0.06667500 0.04739600 0.01691000
v -0.06803400 -0.02721000 0.01740500
v -0.06803400 -0.02721000 0.01740500
v -0.06750100 -0.02659100 0.01721100
v -0.06750100 -0.02659100 0.01721100
v -0.06750100 -0.02659100 0.01721100
v -0.06837200 -0.02532800 0.01752800
v -0.06837200 -0.02532800 0.01752800
v -0.06837200 -0.02532800 0.01752800
v -0.06837200 -0.02532800 0.01752800
v -0.08478100 -0.02241500 0.02350000
v -0.08478100 -0.02241500 0.02350000
v -0.08478100 -0.02241500 0.02350000
v -0.08478100 -0.02241500 0.02350000
v -0.08573900 -0.02083400 0.02384900
v -0.08573900 -0.02083400 0.02384900
v -0.08573900 -0.02083400 0.02384900
v -0.08573900 -0.02083400 0.02384900
v -0.08654600 -0.02239400 0.02414300
v -0.08654600 -0.02239400 0.02414300
v -0.08654600 -0.02239400 0.02414300
v -0.06874200 0.04990000 0.01766300
v -0.06874200 0.04990000 0.01766300
v -0.07012200 0.05067200 0.01816500
v -0.07012200 0.05067200 0.01816500
v -0.07012200 0.05067200 0.01816500
v -0.07125800 0.04947700 0.01857800
v -0.07125800 0.04947700 0.01857800
v -0.07125800 0.04947700 0.01857800
v -0.07071900 0.05087800 0.01838200
v -0.07071900 0.05087800 0.01838200
v -0.07071900 0.05087800 0.01838200
v -0.07286000 0.04959700 0.01916100
v -0.07286000 0.04959700 0.01916100
v -0.07286000 0.04959700 0.01916100
v -0.07224900 0.05111600 0.01893900
v -0.07224900 0.05111600 0.01893900
v -0.07224900 0.05111600 0.01893900
v -0.07442900 0.04923900 0.01973300
v -0.07442900 0.04923900 0.01973300
v -0.07442900 0.04923900 0.01973300
v -0.07442900 0.04923900 0.01973300
v -0.06704500 -0.02591000 0.01704500
v -0.06704500 -0.02591000 0.01704500
v -0.06666300 -0.02516000 0.01690600
v -0.06666300 -0.02516000 0.01690600
v -0.06666300 -0.02516000 0.01690600
v -0.06768100 -0.02379000 0.01727600
v -0.06768100 -0.02379000 0.01727600
v -0.06768100 -0.02379000 0.01727600
v -0.06637400 -0.02437100 0.01680100
v -0.06637400 -0.02437100 0.01680100
v -0.06637400 -0.02437100 0.01680100
v -0.06637400 -0.02437100 0.01680100
v -0.06763300 -0.02360500 0.01725900
v -0.06763300 -0.02360500 0.01725900
v -0.07649800 -0.02664300 0.02048600
v -0.07649800 -0.02664300 0.02048600
v -0.07649800 -0.02664300 0.02048600
v -0.07649800 -0.02664300 0.02048600
v -0.07591700 -0.02839900 0.02027400
v -0.07591700 -0.02839900 0.02027400
v -0.07591700 -0.02839900 0.02027400
v -0.07406400 -0.02738900 0.01960000
v -0.07406400 -0.02738900 0.01960000
v -0.07406400 -0.02738900 0.01960000
v -0.07376500 -0.02900800 0.01949100
v -0.07376500 -0.02900800 0.01949100
v -0.07376500 -0.02900800 0.01949100
v -0.07253100 -0.02763700 0.01904100
v -0.07253100 -0.02763700 0.01904100
v -0.07253100 -0.02763700 0.01904100
v -0.07225100 -0.02913100 0.01894000
v -0.07225100 -0.02913100 0.01894000
v -0.07225100 -0.02913100 0.01894000
v -0.07071500 -0.02886400 0.01838100
v -0.07071500 -0.02886400 0.01838100
v -0.08604000 -0.02315100 0.02395900
v -0.08604000 -0.02315100 0.02395900
v -0.08546100 -0.02383200 0.02374800
v -0.08546100 -0.02383200 0.02374800
v -0.08546100 -0.02383200 0.02374800
v -0.08343500 -0.02364000 0.02301100
v -0.08343500 -0.02364000 0.02301100
v -0.08343500 -0.02364000 0.02301100
v -0.08343500 -0.02364000 0.02301100
v -0.08622000 -0.01911600 0.02402400
v -0.08622000 -0.01911600 0.02402400
v -0.08622000 -0.01911600 0.02402400
v -0.08622000 -0.01911600 0.02402400
v -0.08622000 -0.01911600 0.02402400
v -0.08729200 -0.02073600 0.02441400
v -0.08729200 -0.02073600 0.02441400
v -0.08729200 -0.02073600 0.02441400
v -0.08696200 -0.02159200 0.02429400
v -0.08696200 -0.02159200 0.02429400
v -0.08774400 -0.01747600 0.02457900
v -0.08774400 -0.01747600 0.02457900
v -0.08774400 -0.01747600 0.02457900
v -0.08774400 -0.01747600 0.02457900
v -0.08766100 -0.01894600 0.02454900
v -0.08766100 -0.01894600 0.02454900
v -0.08752400 -0.01985600 0.02449900
v -0.08752400 -0.01985600 0.02449900
v -0.08612200 0.04116200 0.02398800
v -0.08612200 0.04116200 0.02398800
v -0.08612200 0.04116200 0.02398800
v -0.08612200 0.04116200 0.02398800
v -0.08756200 0.04101700 0.02451300
v -0.08756200 0.04101700 0.02451300
v -0.08756200 0.04101700 0.02451300
v -0.08628500 0.03867800 0.02404800
v -0.08628500 0.03867800 0.02404800
v -0.08628500 0.03867800 0.02404800
v -0.08775300 0.03756800 0.02458200
v -0.08775300 0.03756800 0.02458200
v -0.08775300 0.03756800 0.02458200
v -0.08675000 0.02749700 0.02421700
v -0.08675000 0.02749700 0.02421700
v -0.08675000 0.02749700 0.02421700
v -0.08811600 0.02886300 0.02471400
v -0.08811600 0.02886300 0.02471400
v -0.08811600 0.02886300 0.02471400
v -0.08702100 0.01101700 0.02431600
v -0.08702100 0.01101700 0.02431600
v -0.08702100 0.01101700 0.02431600
v -0.08702100 0.01101700 0.02431600
v -0.08702100 0.01101700 0.02431600
v -0.08702100 0.01101700 0.02431600
v -0.08841000 0.01503900 0.02482100
v -0.08841000 0.01503900 0.02482100
v -0.08843100 0.01101900 0.02482900
v -0.08843100 0.01101900 0.02482900
v -0.08684400 0.04365800 0.02425100
v -0.08684400 0.04365800 0.02425100
v -0.08718000 0.04280400 0.02437300
v -0.08718000 0.04280400 0.02437300
v -0.08718000 0.04280400 0.02437300
v -0.08741800 0.04192600 0.02446000
v -0.08741800 0.04192600 0.02446000
v -0.08532600 0.04588600 0.02369900
v -0.08532600 0.04588600 0.02369900
v -0.08532600 0.04588600 0.02369900
v -0.08331400 0.04566700 0.02296600
v -0.08331400 0.04566700 0.02296600
v -0.08331400 0.04566700 0.02296600
v -0.08331400 0.04566700 0.02296600
v -0.08331400 0.04566700 0.02296600
v -0.08467600 0.04648500 0.02346200
v -0.08467600 0.04648500 0.02346200
v -0.08842800 0.00805200 0.02482800
v -0.08842800 0.00805200 0.02482800
v -0.08835200 0.00071300 0.02480000
v -0.08835200 0.00071300 0.02480000
v -0.08835200 0.00071300 0.02480000
v -0.08679000 -0.00588000 0.02423200
v -0.08679000 -0.00588000 0.02423200
v -0.08679000 -0.00588000 0.02423200
v -0.08817900 -0.00661300 0.02473700
v -0.08817900 -0.00661300 0.02473700
v -0.08817900 -0.00661300 0.02473700
v -0.08647300 -0.01450600 0.02411600
v -0.08647300 -0.01450600 0.02411600
v -0.08647300 -0.01450600 0.02411600
v -0.08636200 -0.01688000 0.02407600
v -0.08636200 -0.01688000 0.02407600
v -0.08481700 -0.02443600 0.02351400
v -0.08481700 -0.02443600 0.02351400
v -0.08412100 -0.02495200 0.02326000
v -0.08412100 -0.02495200 0.02326000
v -0.08412100 -0.02495200 0.02326000
v -0.08151900 -0.02463300 0.02231300
v -0.08151900 -0.02463300 0.02231300
v -0.08151900 -0.02463300 0.02231300
v -0.08267200 -0.02572800 0.02273300
v -0.08267200 -0.02572800 0.02273300
v -0.08267200 -0.02572800 0.02273300
v -0.08127400 -0.02474600 0.02222400
v -0.08127400 -0.02474600 0.02222400
v -0.08127400 -0.02474600 0.02222400
v -0.08009300 -0.02688500 0.02179400
v -0.08009300 -0.02688500 0.02179400
v -0.08009300 -0.02688500 0.02179400
v -0.07803700 -0.02768500 0.02104600
v -0.07803700 -0.02768500 0.02104600
v -0.07924200 0.04758500 0.02148400
v -0.07924200 0.04758500 0.02148400
v -0.07924200 0.04758500 0.02148400
v -0.07924200 0.04758500 0.02148400
v -0.08040700 0.04871200 0.02190900
v -0.08040700 0.04871200 0.02190900
v -0.08040700 0.04871200 0.02190900
v -0.08139300 0.04665200 0.02226700
v -0.08139300 0.04665200 0.02226700
v -0.08139300 0.04665200 0.02226700
v -0.08247600 0.04778300 0.02266100
v -0.08247600 0.04778300 0.02266100
v -0.08247600 0.04778300 0.02266100
v -0.08397400 0.04699600 0.02320700
v -0.08397400 0.04699600 0.02320700
v -0.06747500 -0.02192800 0.01720100
v -0.06747500 -0.02192800 0.01720100
v -0.06747500 -0.02192800 0.01720100
v -0.06747500 -0.02192800 0.01720100
v -0.06608700 -0.02282700 0.01669600
v -0.06608700 -0.02282700 0.01669600
v -0.06606400 -0.02105300 0.01668800
v -0.06606400 -0.02105300 0.01668800
v -0.06606400 -0.02105300 0.01668800
v -0.06606400 -0.02105300 0.01668800
v -0.07376000 0.05096700 0.01948900
v -0.07376000 0.05096700 0.01948900
v -0.07621900 0.05025900 0.02038400
v -0.07621900 0.05025900 0.02038400
v -0.07621900 0.05025900 0.02038400
v -0.07834000 0.04953000 0.02115600
v -0.07834000 0.04953000 0.02115600
v -0.06601300 0.01097900 0.01666900
v -0.06601300 0.01097900 0.01666900
v -0.06601300 0.01097900 0.01666900
v -0.06601300 0.01097900 0.01666900
v -0.06744000 0.00000800 0.01718900
v -0.06744000 0.00000800 0.01718900
v -0.06744000 0.00000800 0.01718900
v -0.06746400 -0.01499800 0.01719700
v -0.06746400 -0.01499800 0.01719700
v -0.06739600 0.02752700 0.01717300
v -0.06739600 0.02752700 0.01717300
v -0.06739600 0.02752700 0.01717300
v -0.06739600 0.02752700 0.01717300
v -0.06740100 0.02447700 0.01717500
v -0.06740100 0.02447700 0.01717500
v -0.06740100 0.02447700 0.01717500
v -0.06599300 0.02351000 0.01666200
v -0.06599300 0.02351000 0.01666200
v -0.06599300 0.02351000 0.01666200
v -0.06599900 0.01961200 0.01666400
v -0.06599900 0.01961200 0.01666400
v -0.06599900 0.01961200 0.01666400
v -0.06740700 0.02058600 0.01717700
v -0.06740700 0.02058600 0.01717700
v -0.06740700 0.02058600 0.01717700
v -0.06600600 0.01543500 0.01666700
v -0.06600600 0.01543500 0.01666700
v -0.06600600 0.01543500 0.01666700
v -0.06600600 0.01543500 0.01666700
v -0.06598700 0.02712900 0.01666000
v -0.06598700 0.02712900 0.01666000
v -0.06598200 0.03046700 0.01665800
v -0.06598200 0.03046700 0.01665800
v -0.06598200 0.03046700 0.01665800
v -0.06739200 0.03007000 0.01717100
v -0.06739200 0.03007000 0.01717100
v -0.06739200 0.03007000 0.01717100
v -0.06597700 0.03352400 0.01665600
v -0.06597700 0.03352400 0.01665600
v -0.06597700 0.03352400 0.01665600
v -0.06737900 0.03834000 0.01716600
v -0.06737900 0.03834000 0.01716600
v -0.06737900 0.03834000 0.01716600
v -0.06737900 0.03834000 0.01716600
v -0.06741200 0.01745900 0.01717900
v -0.06741200 0.01745900 0.01717900
v -0.06741700 0.01435300 0.01718000
v -0.06741700 0.01435300 0.01718000
v -0.06741700 0.01435300 0.01718000
v -0.06742200 0.01098100 0.01718200
v -0.06742200 0.01098100 0.01718200
v -0.06597300 0.03630000 0.01665500
v -0.06597300 0.03630000 0.01665500
v -0.06596900 0.03879400 0.01665300
v -0.06596900 0.03879400 0.01665300
v -0.06596900 0.03879400 0.01665300
v -0.06737500 0.04089500 0.01716500
v -0.06737500 0.04089500 0.01716500
v -0.06737500 0.04089500 0.01716500
v -0.06596500 0.04100700 0.01665200
v -0.06596500 0.04100700 0.01665200
v -0.06596500 0.04100700 0.01665200
v -0.06737100 0.04303900 0.01716400
v -0.06737100 0.04303900 0.01716400
v -0.06737100 0.04303900 0.01716400
v -0.06596200 0.04294200 0.01665100
v -0.06596200 0.04294200 0.01665100
v -0.06596200 0.04294200 0.01665100
v -0.06596900 0.04462100 0.01665300
v -0.06596900 0.04462100 0.01665300
v -0.08842800 0.00805200 0.02482800
v -0.08843100 0.01101900 0.02482900
v -0.06601300 0.01097900 0.01666900
v -0.06606400 -0.02105300 0.01668800
v -0.08835200 0.00071300 0.02480000
v -0.08817900 -0.00661300 0.02473700
v -0.08774400 -0.01747600 0.02457900
v -0.08766100 -0.01894600 0.02454900
v -0.08752400 -0.01985600 0.02449900
v -0.08729200 -0.02073600 0.02441400
v -0.08696200 -0.02159200 0.02429400
v -0.08654600 -0.02239400 0.02414300
v -0.08604000 -0.02315100 0.02395900
v -0.08546100 -0.02383200 0.02374800
v -0.08481700 -0.02443600 0.02351400
v -0.08412100 -0.02495200 0.02326000
v -0.08267200 -0.02572800 0.02273300
v -0.08009300 -0.02688500 0.02179400
v -0.07803700 -0.02768500 0.02104600
v -0.07591700 -0.02839900 0.02027400
v -0.07376500 -0.02900800 0.01949100
v -0.07225100 -0.02913100 0.01894000
v -0.07071500 -0.02886400 0.01838100
v -0.07071500 -0.02886400 0.01838100
v -0.06928700 -0.02821500 0.01786100
v -0.06863300 -0.02775500 0.01762300
v -0.06803400 -0.02721000 0.01740500
v -0.06750100 -0.02659100 0.01721100
v -0.06704500 -0.02591000 0.01704500
v -0.06666300 -0.02516000 0.01690600
v -0.06637400 -0.02437100 0.01680100
v -0.06608700 -0.02282700 0.01669600
v -0.06608700 -0.02282700 0.01669600
v -0.08841000 0.01503900 0.02482100
v -0.06621700 0.04617500 0.01674400
v -0.06596900 0.04462100 0.01665300
v -0.06631100 0.04475200 0.01571400
v -0.06596200 0.04294200 0.01665100
v -0.06630400 0.04306500 0.01571100
v -0.06596500 0.04100700 0.01665200
v -0.06630700 0.04112200 0.01571200
v -0.06596900 0.03879400 0.01665300
v -0.06631100 0.03890000 0.01571300
v -0.06597300 0.03630000 0.01665500
v -0.06631500 0.03639600 0.01571500
v -0.06597700 0.03352400 0.01665600
v -0.06631900 0.03360900 0.01571700
v -0.06598200 0.03046700 0.01665800
v -0.06632400 0.03054000 0.01571800
v -0.06598700 0.02712900 0.01666000
v -0.06632900 0.02718900 0.01572000
v -0.06599300 0.02351000 0.01666200
v -0.06633500 0.02355700 0.01572200
v -0.06599900 0.01961200 0.01666400
v -0.06634100 0.01964400 0.01572500
v -0.06600600 0.01543500 0.01666700
v -0.06634800 0.01545200 0.01572700
v -0.06637500 0.04542000 0.01573700
v -0.06656100 0.04631600 0.01580400
v -0.06667500 0.04739600 0.01691000
v -0.06672800 0.04684500 0.01586500
v -0.06702100 0.04754600 0.01597200
v -0.06667500 0.04739600 0.01691000
v -0.06743000 0.04827700 0.01612100
v -0.06708000 0.04812000 0.01705700
v -0.06792200 0.04895100 0.01630000
v -0.06756700 0.04878800 0.01723500
v -0.06816900 0.04923300 0.01639000
v -0.06812300 0.04938300 0.01743700
v -0.06848400 0.04955100 0.01650400
v -0.06910800 0.05007200 0.01673200
v -0.06874200 0.04990000 0.01766300
v -0.07026700 0.05074800 0.01715400
v -0.07012200 0.05067200 0.01816500
v -0.07050200 0.05084800 0.01723900
v -0.07110300 0.05105500 0.01745800
v -0.07071900 0.05087800 0.01838200
v -0.07148500 0.05115200 0.01759700
v -0.07224900 0.05111600 0.01893900
v -0.07264200 0.05129100 0.01801800
v -0.07415700 0.05114000 0.01856900
v -0.07376000 0.05096700 0.01948900
v -0.07660500 0.05043500 0.01946000
v -0.07621900 0.05025900 0.02038400
v -0.07870300 0.04971500 0.02022400
v -0.07834000 0.04953000 0.02115600
v -0.08074600 0.04891000 0.02096700
v -0.08040700 0.04871200 0.02190900
v -0.08279600 0.04799500 0.02171400
v -0.08247600 0.04778300 0.02266100
v -0.08339900 0.04770400 0.02193300
v -0.08397400 0.04699600 0.02320700
v -0.08428900 0.04721500 0.02225700
v -0.08459600 0.04700800 0.02236900
v -0.08467600 0.04648500 0.02346200
v -0.08499100 0.04670700 0.02251200
v -0.08467600 0.04648500 0.02346200
v -0.08564200 0.04611000 0.02274900
v -0.08532600 0.04588600 0.02369900
v -0.08622800 0.04543500 0.02296300
v -0.08591000 0.04520900 0.02391100
v -0.08653200 0.04501300 0.02307300
v -0.08642200 0.04445700 0.02409800
v -0.08674300 0.04468300 0.02315000
v -0.08716700 0.04388300 0.02330500
v -0.08684400 0.04365800 0.02425100
v -0.08750600 0.04302700 0.02342800
v -0.08718000 0.04280400 0.02437300
v -0.08769900 0.04235800 0.02349800
v -0.08741800 0.04192600 0.02446000
v -0.08774700 0.04214500 0.02351600
v -0.08789300 0.04123100 0.02356900
v -0.08756200 0.04101700 0.02451300
v -0.08792100 0.04089100 0.02357900
v -0.08775300 0.03756800 0.02458200
v -0.08808600 0.03776000 0.02363900
v -0.08821900 0.03493900 0.02368800
v -0.08811600 0.02886300 0.02471400
v -0.08845300 0.02899400 0.02377300
v -0.08862500 0.02299400 0.02383500
v -0.08841000 0.01503900 0.02482100
v -0.08875200 0.01506900 0.02388100
v -0.08844600 0.02252600 0.02235500
v -0.07055900 0.04886600 0.01518500
v -0.07118400 0.04929000 0.01541300
v -0.07186000 0.04961000 0.01565900
v -0.07257000 0.04981900 0.01591800
v -0.07329800 0.04991000 0.01618300
v -0.07401900 0.04989200 0.01644500
v -0.06913400 0.04709000 0.01466200
v -0.06952300 0.04775000 0.01480500
v -0.07000200 0.04834800 0.01498100
v -0.06884500 0.04638500 0.01455600
v -0.06865600 0.04565300 0.01448600
v -0.06854200 0.03304900 0.01444200
v -0.08773200 0.02209300 0.02143100
v -0.08740200 0.03318600 0.02130800
v -0.08715500 0.03874300 0.02121700
v -0.08695000 0.04152900 0.02114500
v -0.08661900 0.04295300 0.02102700
v -0.08597900 0.04426800 0.02079600
v -0.08394800 0.04624700 0.02005900
v -0.08506800 0.04539000 0.02046600
v -0.07704400 0.04903400 0.01752600
v -0.07911800 0.04837400 0.01830100
v -0.08154100 0.04739500 0.01918300
v -0.08273900 0.04685400 0.01961900
v -0.07639600 0.04938900 0.01734600
v -0.07656600 0.04954700 0.01752900
v -0.07573900 0.04958600 0.01710700
v -0.07527700 0.04992500 0.01706000
v -0.07391900 0.05019500 0.01656700
v -0.07505000 0.04963000 0.01680200
v -0.07535600 0.04963300 0.01694200
v -0.08867800 0.02284800 0.02313200
v -0.08869200 0.02295400 0.02350300
v -0.08829900 0.03486100 0.02333800
v -0.08810400 0.03402800 0.02220200
v -0.08365000 0.04757800 0.02135600
v -0.08387500 0.04713200 0.02074000
v -0.08485700 0.04684000 0.02178400
v -0.08507300 0.04632400 0.02116500
v -0.08590800 0.04587900 0.02214800
v -0.08608900 0.04526900 0.02152000
v -0.08676900 0.04472500 0.02244000
v -0.08687700 0.04401500 0.02178700
v -0.08741400 0.04340900 0.02264900
v -0.08740100 0.04261600 0.02195500
v -0.08783200 0.04200200 0.02278000
v -0.08770300 0.04120500 0.02204600
v -0.08802300 0.04054300 0.02284100
v -0.08784900 0.03977500 0.02209200
v -0.08830200 0.03465500 0.02296300
v -0.08780000 0.04226200 0.02314900
v -0.08800900 0.04079600 0.02321900
v -0.08734300 0.04366500 0.02299700
v -0.08666200 0.04494400 0.02276600
v -0.08472500 0.04698100 0.02208900
v -0.08352100 0.04769200 0.02165900
v -0.08095200 0.04886600 0.02072200
v -0.07829400 0.04990100 0.01975100
v -0.08578100 0.04605800 0.02246100
v -0.07210500 0.05066200 0.01645500
v -0.07282400 0.05076300 0.01671600
v -0.07310100 0.05118700 0.01751200
v -0.07354500 0.05077200 0.01697600
v -0.07446400 0.05102100 0.01800100
v -0.07491700 0.05055500 0.01746900
v -0.07579800 0.05065300 0.01848700
v -0.07623000 0.05018200 0.01794700
v -0.07846300 0.04978200 0.01946200
v -0.07882200 0.04931600 0.01889500
v -0.08109400 0.04875200 0.02042400
v -0.08136900 0.04830300 0.01982600
v -0.08261900 0.04774500 0.02028200
v -0.06933200 0.04990300 0.01611900
v -0.06955300 0.04933700 0.01550400
v -0.07012400 0.04979500 0.01572100
v -0.07047500 0.05061600 0.01655300
v -0.06775300 0.04735800 0.01512400
v -0.06793900 0.04688400 0.01486400
v -0.06822800 0.04757100 0.01498300
v -0.06846900 0.04861100 0.01541800
v -0.06859700 0.04821500 0.01513200
v -0.06904100 0.04880700 0.01530600
v -0.07074500 0.05017300 0.01595400
v -0.07140800 0.05046400 0.01620000
v -0.07174600 0.05105200 0.01702300
v -0.06835800 0.04894200 0.01573600
v -0.06759200 0.04776500 0.01542600
v -0.06706500 0.04641600 0.01520400
v -0.06673300 0.03469900 0.01509600
v -0.06739200 0.03398600 0.01465000
v -0.06672400 0.04059100 0.01507000
v -0.06737200 0.03973600 0.01462200
v -0.06672000 0.04352700 0.01505800
v -0.06736200 0.04261000 0.01460900
v -0.06677300 0.04499100 0.01507900
v -0.06739200 0.04404700 0.01462100
v -0.06739200 0.04404700 0.01462100
v -0.06706500 0.04641600 0.01520400
v -0.06758200 0.04545800 0.01470700
v -0.07291300 0.05128800 0.01779400
v -0.07159600 0.05114600 0.01731800
v -0.07560600 0.05077200 0.01877000
v -0.07426700 0.05113700 0.01828200
v -0.06825900 0.04916400 0.01606700
v -0.06745700 0.04804600 0.01575300
v -0.07036100 0.05073100 0.01686400
v -0.06923800 0.05006400 0.01644200
v -0.06686900 0.04673000 0.01551900
v -0.06654000 0.04530300 0.01538600
v -0.06637500 0.04542000 0.01573700
v -0.06647700 0.04383000 0.01536200
v -0.06648000 0.04087300 0.01537000
v -0.06813300 0.03888700 0.01442200
v -0.06852000 0.03861200 0.01443200
v -0.06812000 0.04169900 0.01441400
v -0.06851000 0.04140500 0.01442800
v -0.06813000 0.04310800 0.01441800
v -0.06854500 0.04420000 0.01444300
v -0.07318500 0.05020700 0.01630100
v -0.07244400 0.05011200 0.01603200
v -0.07172400 0.04990400 0.01576900
v -0.07103900 0.04958600 0.01551800
v -0.07040500 0.04916700 0.01528500
v -0.06983300 0.04865500 0.01507400
v -0.06933600 0.04806500 0.01488800
v -0.06892500 0.04741000 0.01473400
v -0.06860900 0.04670800 0.01461400
v -0.06839000 0.04597300 0.01452900
v -0.06821000 0.04450600 0.01445400
v -0.06816000 0.03327800 0.01444000
v -0.07664800 0.04927400 0.01742200
v -0.07907800 0.04869000 0.01844400
v -0.08153500 0.04770000 0.01934000
v -0.08274600 0.04715400 0.01978200
v -0.08397500 0.04654100 0.02022900
v -0.08513100 0.04568500 0.02064600
v -0.08608500 0.04456500 0.02098700
v -0.08677400 0.04324600 0.02123100
v -0.08716200 0.04180600 0.02136400
v -0.08800600 0.02220100 0.02167900
v -0.08768100 0.03339700 0.02155000
v -0.08743700 0.03900200 0.02145500
v -0.08733500 0.04040200 0.02142000
v -0.06648600 0.03493500 0.01538800
v -0.06758200 0.04545800 0.01470700
v -0.06690900 0.01098100 0.01859200
v -0.06690900 0.01098100 0.01859200
v -0.06690900 0.01098100 0.01859200
v -0.06742200 0.01098100 0.01718200
v -0.06742200 0.01098100 0.01718200
v -0.06742200 0.01098100 0.01718200
v -0.06741700 0.01435300 0.01718000
v -0.06741700 0.01435300 0.01718000
v -0.06741700 0.01435300 0.01718000
v -0.06690400 0.01435300 0.01859000
v -0.06690400 0.01435300 0.01859000
v -0.06690400 0.01435300 0.01859000
v -0.06741200 0.01745900 0.01717900
v -0.06741200 0.01745900 0.01717900
v -0.06741200 0.01745900 0.01717900
v -0.06689900 0.01745900 0.01858800
v -0.06689900 0.01745900 0.01858800
v -0.06689900 0.01745900 0.01858800
v -0.06740700 0.02058600 0.01717700
v -0.06740700 0.02058600 0.01717700
v -0.06740700 0.02058600 0.01717700
v -0.06689400 0.02058600 0.01858600
v -0.06689400 0.02058600 0.01858600
v -0.06689400 0.02058600 0.01858600
v -0.06740100 0.02447700 0.01717500
v -0.06740100 0.02447700 0.01717500
v -0.06740100 0.02447700 0.01717500
v -0.06688800 0.02447700 0.01858400
v -0.06688800 0.02447700 0.01858400
v -0.06688800 0.02447700 0.01858400
v -0.06739600 0.02752700 0.01717300
v -0.06739600 0.02752700 0.01717300
v -0.06739600 0.02752700 0.01717300
v -0.06688300 0.02752700 0.01858200
v -0.06688300 0.02752700 0.01858200
v -0.06688300 0.02752700 0.01858200
v -0.06739200 0.03007000 0.01717100
v -0.06739200 0.03007000 0.01717100
v -0.06739200 0.03007000 0.01717100
v -0.06687900 0.03007000 0.01858100
v -0.06687900 0.03007000 0.01858100
v -0.06687900 0.03007000 0.01858100
v -0.06737900 0.03834000 0.01716600
v -0.06737900 0.03834000 0.01716600
v -0.06737900 0.03834000 0.01716600
v -0.06686600 0.03834000 0.01857600
v -0.06686600 0.03834000 0.01857600
v -0.06686600 0.03834000 0.01857600
v -0.06737500 0.04089500 0.01716500
v -0.06737500 0.04089500 0.01716500
v -0.06737500 0.04089500 0.01716500
v -0.06686200 0.04089500 0.01857500
v -0.06686200 0.04089500 0.01857500
v -0.06737100 0.04303900 0.01716400
v -0.06685800 0.04303900 0.01857300
v -0.06739500 0.04479700 0.01717300
v -0.06688200 0.04479700 0.01858200
v -0.06778200 0.04638100 0.01731300
v -0.06726900 0.04638100 0.01872300
v -0.06864800 0.04782500 0.01762800
v -0.06813500 0.04782500 0.01903800
v -0.06813500 0.04782500 0.01903800
v -0.06989900 0.04890500 0.01808400
v -0.06989900 0.04890500 0.01808400
v -0.06938600 0.04890500 0.01949300
v -0.06938600 0.04890500 0.01949300
v -0.07125800 0.04947700 0.01857800
v -0.07125800 0.04947700 0.01857800
v -0.07074500 0.04947700 0.01998800
v -0.07074500 0.04947700 0.01998800
v -0.07286000 0.04959700 0.01916100
v -0.07286000 0.04959700 0.01916100
v -0.07234700 0.04959700 0.02057100
v -0.07234700 0.04959700 0.02057100
v -0.07442900 0.04923900 0.01973300
v -0.07442900 0.04923900 0.01973300
v -0.07391600 0.04923900 0.02114200
v -0.07391600 0.04923900 0.02114200
v -0.07924200 0.04758500 0.02148400
v -0.07924200 0.04758500 0.02148400
v -0.07872900 0.04758500 0.02289400
v -0.08139300 0.04665200 0.02226700
v -0.08088000 0.04665200 0.02367700
v -0.08331400 0.04566700 0.02296600
v -0.08280100 0.04566700 0.02437600
v -0.08460200 0.04452600 0.02343500
v -0.08408900 0.04452600 0.02484500
v -0.08559400 0.04296300 0.02379600
v -0.08508100 0.04296300 0.02520600
v -0.08612200 0.04116200 0.02398800
v -0.08560900 0.04116200 0.02539800
v -0.08628500 0.03867800 0.02404800
v -0.08577200 0.03867800 0.02545700
v -0.08675000 0.02749700 0.02421700
v -0.08623700 0.02749700 0.02562600
v -0.08702100 0.01101700 0.02431600
v -0.08650800 0.01101700 0.02572500
v -0.08679000 -0.00588000 0.02423200
v -0.08627700 -0.00588000 0.02564100
v -0.08647300 -0.01450600 0.02411600
v -0.08596000 -0.01450600 0.02552600
v -0.08636200 -0.01688000 0.02407600
v -0.08584900 -0.01688000 0.02548500
v -0.08622000 -0.01911600 0.02402400
v -0.08570700 -0.01911600 0.02543400
v -0.08573900 -0.02083400 0.02384900
v -0.08522600 -0.02083400 0.02525900
v -0.08478100 -0.02241500 0.02350000
v -0.08426700 -0.02241500 0.02491000
v -0.08343500 -0.02364000 0.02301100
v -0.08292200 -0.02364000 0.02442000
v -0.08151900 -0.02463300 0.02231300
v -0.08100600 -0.02463300 0.02372300
v -0.08127400 -0.02474600 0.02222400
v -0.08076100 -0.02474600 0.02363400
v -0.07649800 -0.02664300 0.02048600
v -0.07598500 -0.02664300 0.02189500
v -0.07598500 -0.02664300 0.02189500
v -0.07406400 -0.02738900 0.01960000
v -0.07406400 -0.02738900 0.01960000
v -0.07355100 -0.02738900 0.02100900
v -0.07253100 -0.02763700 0.01904100
v -0.07201800 -0.02763700 0.02045100
v -0.07090700 -0.02735700 0.01845000
v -0.07039400 -0.02735700 0.01986000
v -0.06948600 -0.02656000 0.01793300
v -0.06897300 -0.02656000 0.01934300
v -0.06897300 -0.02656000 0.01934300
v -0.06837200 -0.02532800 0.01752800
v -0.06837200 -0.02532800 0.01752800
v -0.06785900 -0.02532800 0.01893700
v -0.06785900 -0.02532800 0.01893700
v -0.06768100 -0.02379000 0.01727600
v -0.06768100 -0.02379000 0.01727600
v -0.06716800 -0.02379000 0.01868600
v -0.06763300 -0.02360500 0.01725900
v -0.06712000 -0.02360500 0.01866800
v -0.06747500 -0.02192800 0.01720100
v -0.06696200 -0.02192800 0.01861100
v -0.06746400 -0.01499800 0.01719700
v -0.06746400 -0.01499800 0.01719700
v -0.06695100 -0.01499800 0.01860700
v -0.06695100 -0.01499800 0.01860700
v -0.06695100 -0.01499800 0.01860700
v -0.06744000 0.00000800 0.01718900
v -0.06744000 0.00000800 0.01718900
v -0.06744000 0.00000800 0.01718900
v -0.06692700 0.00000800 0.01859800
v -0.06692700 0.00000800 0.01859800
v -0.06692700 0.00000800 0.01859800
v -0.08650800 0.01101700 0.02572500
v -0.08650800 0.01101700 0.02572500
v -0.08650800 0.01101700 0.02572500
v -0.08650800 0.01101700 0.02572500
v -0.08627700 -0.00588000 0.02564100
v -0.08627700 -0.00588000 0.02564100
v -0.08627700 -0.00588000 0.02564100
v -0.08505500 -0.00586200 0.02519600
v -0.08505500 -0.00586200 0.02519600
v -0.08505500 -0.00586200 0.02519600
v -0.07598500 -0.02664300 0.02189500
v -0.07598500 -0.02664300 0.02189500
v -0.07598500 -0.02664300 0.02189500
v -0.07598500 -0.02664300 0.02189500
v -0.07519500 -0.02572900 0.02160800
v -0.07519500 -0.02572900 0.02160800
v -0.07519500 -0.02572900 0.02160800
v -0.08076100 -0.02474600 0.02363400
v -0.08076100 -0.02474600 0.02363400
v -0.08076100 -0.02474600 0.02363400
v -0.08076100 -0.02474600 0.02363400
v -0.07537700 -0.02500300 0.02167400
v -0.07537700 -0.02500300 0.02167400
v -0.07537700 -0.02500300 0.02167400
v -0.07537700 -0.02500300 0.02167400
v -0.07805300 -0.02426500 0.02264800
v -0.07805300 -0.02426500 0.02264800
v -0.07805300 -0.02426500 0.02264800
v -0.06897300 -0.02656000 0.01934300
v -0.06897300 -0.02656000 0.01934300
v -0.07265200 -0.02500800 0.02068200
v -0.07265200 -0.02500800 0.02068200
v -0.07265200 -0.02500800 0.02068200
v -0.07265200 -0.02500800 0.02068200
v -0.07265200 -0.02500800 0.02068200
v -0.07039400 -0.02735700 0.01986000
v -0.07039400 -0.02735700 0.01986000
v -0.07039400 -0.02735700 0.01986000
v -0.07283500 -0.02573300 0.02074900
v -0.07283500 -0.02573300 0.02074900
v -0.07283500 -0.02573300 0.02074900
v -0.07201800 -0.02763700 0.02045100
v -0.07201800 -0.02763700 0.02045100
v -0.07201800 -0.02763700 0.02045100
v -0.07333500 -0.02626300 0.02093100
v -0.07333500 -0.02626300 0.02093100
v -0.07333500 -0.02626300 0.02093100
v -0.07355100 -0.02738900 0.02100900
v -0.07355100 -0.02738900 0.02100900
v -0.07355100 -0.02738900 0.02100900
v -0.07401700 -0.02645600 0.02117900
v -0.07401700 -0.02645600 0.02117900
v -0.07401700 -0.02645600 0.02117900
v -0.07469800 -0.02626000 0.02142600
v -0.07469800 -0.02626000 0.02142600
v -0.07508100 0.04627100 0.02156600
v -0.07508100 0.04627100 0.02156600
v -0.07508100 0.04627100 0.02156600
v -0.07508100 0.04627100 0.02156600
v -0.07618500 0.04523700 0.02196800
v -0.07618500 0.04523700 0.02196800
v -0.07618500 0.04523700 0.02196800
v -0.07458300 0.04574000 0.02138500
v -0.07458300 0.04574000 0.02138500
v -0.07458300 0.04574000 0.02138500
v -0.07531200 0.04439800 0.02165000
v -0.07531200 0.04439800 0.02165000
v -0.07531200 0.04439800 0.02165000
v -0.07390200 0.04554400 0.02113700
v -0.07390200 0.04554400 0.02113700
v -0.07390200 0.04554400 0.02113700
v -0.07390200 0.04554400 0.02113700
v -0.07906800 -0.02409000 0.02301700
v -0.07906800 -0.02409000 0.02301700
v -0.08076100 -0.02474600 0.02363400
v -0.08076100 -0.02474600 0.02363400
v -0.08023900 -0.02357000 0.02344400
v -0.08023900 -0.02357000 0.02344400
v -0.08023900 -0.02357000 0.02344400
v -0.08100600 -0.02463300 0.02372300
v -0.08100600 -0.02463300 0.02372300
v -0.08100600 -0.02463300 0.02372300
v -0.08217600 -0.02260200 0.02414900
v -0.08217600 -0.02260200 0.02414900
v -0.08217600 -0.02260200 0.02414900
v -0.08217600 -0.02260200 0.02414900
v -0.08472600 -0.01473900 0.02507700
v -0.08472600 -0.01473900 0.02507700
v -0.08472600 -0.01473900 0.02507700
v -0.08596000 -0.01450600 0.02552600
v -0.08596000 -0.01450600 0.02552600
v -0.08596000 -0.01450600 0.02552600
v -0.08462800 -0.01683700 0.02504100
v -0.08462800 -0.01683700 0.02504100
v -0.08462800 -0.01683700 0.02504100
v -0.08584900 -0.01688000 0.02548500
v -0.08584900 -0.01688000 0.02548500
v -0.08584900 -0.01688000 0.02548500
v -0.08452600 -0.01870200 0.02500400
v -0.08452600 -0.01870200 0.02500400
v -0.08452600 -0.01870200 0.02500400
v -0.08570700 -0.01911600 0.02543400
v -0.08570700 -0.01911600 0.02543400
v -0.08570700 -0.01911600 0.02543400
v -0.08413400 -0.02024800 0.02486100
v -0.08413400 -0.02024800 0.02486100
v -0.08413400 -0.02024800 0.02486100
v -0.08522600 -0.02083400 0.02525900
v -0.08522600 -0.02083400 0.02525900
v -0.08522600 -0.02083400 0.02525900
v -0.08327200 -0.02165000 0.02454700
v -0.08327200 -0.02165000 0.02454700
v -0.08327200 -0.02165000 0.02454700
v -0.08426700 -0.02241500 0.02491000
v -0.08426700 -0.02241500 0.02491000
v -0.08426700 -0.02241500 0.02491000
v -0.08292200 -0.02364000 0.02442000
v -0.08292200 -0.02364000 0.02442000
v -0.07526200 0.04699700 0.02163200
v -0.07526200 0.04699700 0.02163200
v -0.07526200 0.04699700 0.02163200
v -0.07526200 0.04699700 0.02163200
v -0.07507900 0.04772100 0.02156500
v -0.07507900 0.04772100 0.02156500
v -0.07872900 0.04758500 0.02289400
v -0.07872900 0.04758500 0.02289400
v -0.07872900 0.04758500 0.02289400
v -0.07872900 0.04758500 0.02289400
v -0.07457900 0.04825100 0.02138300
v -0.07457900 0.04825100 0.02138300
v -0.07457900 0.04825100 0.02138300
v -0.07391600 0.04923900 0.02114200
v -0.07391600 0.04923900 0.02114200
v -0.07391600 0.04923900 0.02114200
v -0.07389800 0.04844400 0.02113500
v -0.07389800 0.04844400 0.02113500
v -0.07389800 0.04844400 0.02113500
v -0.07234700 0.04959700 0.02057100
v -0.07234700 0.04959700 0.02057100
v -0.07234700 0.04959700 0.02057100
v -0.07321700 0.04824900 0.02088700
v -0.07321700 0.04824900 0.02088700
v -0.07321700 0.04824900 0.02088700
v -0.07074500 0.04947700 0.01998800
v -0.07074500 0.04947700 0.01998800
v -0.07074500 0.04947700 0.01998800
v -0.07271900 0.04771700 0.02070600
v -0.07271900 0.04771700 0.02070600
v -0.07271900 0.04771700 0.02070600
v -0.06938600 0.04890500 0.01949300
v -0.06938600 0.04890500 0.01949300
v -0.06938600 0.04890500 0.01949300
v -0.07253700 0.04699200 0.02064000
v -0.07253700 0.04699200 0.02064000
v -0.07253700 0.04699200 0.02064000
v -0.07253700 0.04699200 0.02064000
v -0.07253700 0.04699200 0.02064000
v -0.07253700 0.04699200 0.02064000
v -0.06813500 0.04782500 0.01903800
v -0.06813500 0.04782500 0.01903800
v -0.06726900 0.04638100 0.01872300
v -0.06726900 0.04638100 0.01872300
v -0.06726900 0.04638100 0.01872300
v -0.06726900 0.04638100 0.01872300
v -0.08528700 0.01101500 0.02528100
v -0.08528700 0.01101500 0.02528100
v -0.08515500 0.02223700 0.02523300
v -0.08515500 0.02223700 0.02523300
v -0.08515500 0.02223700 0.02523300
v -0.08623700 0.02749700 0.02562600
v -0.08623700 0.02749700 0.02562600
v -0.08623700 0.02749700 0.02562600
v -0.08458700 0.03794300 0.02502600
v -0.08458700 0.03794300 0.02502600
v -0.08458700 0.03794300 0.02502600
v -0.08458700 0.03794300 0.02502600
v -0.08577200 0.03867800 0.02545700
v -0.08577200 0.03867800 0.02545700
v -0.08088000 0.04665200 0.02367700
v -0.08088000 0.04665200 0.02367700
v -0.08088000 0.04665200 0.02367700
v -0.08088000 0.04665200 0.02367700
v -0.08088000 0.04665200 0.02367700
v -0.08088000 0.04665200 0.02367700
v -0.07895600 0.04609600 0.02297600
v -0.07895600 0.04609600 0.02297600
v -0.07794100 0.04626800 0.02260700
v -0.07794100 0.04626800 0.02260700
v -0.07794100 0.04626800 0.02260700
v -0.07794100 0.04626800 0.02260700
v -0.08560900 0.04116200 0.02539800
v -0.08560900 0.04116200 0.02539800
v -0.08560900 0.04116200 0.02539800
v -0.08447000 0.04018300 0.02498300
v -0.08447000 0.04018300 0.02498300
v -0.08447000 0.04018300 0.02498300
v -0.08508100 0.04296300 0.02520600
v -0.08508100 0.04296300 0.02520600
v -0.08508100 0.04296300 0.02520600
v -0.08419300 0.04184800 0.02488300
v -0.08419300 0.04184800 0.02488300
v -0.08419300 0.04184800 0.02488300
v -0.08408900 0.04452600 0.02484500
v -0.08408900 0.04452600 0.02484500
v -0.08408900 0.04452600 0.02484500
v -0.08343700 0.04333400 0.02460700
v -0.08343700 0.04333400 0.02460700
v -0.08343700 0.04333400 0.02460700
v -0.08280100 0.04566700 0.02437600
v -0.08280100 0.04566700 0.02437600
v -0.08280100 0.04566700 0.02437600
v -0.08231400 0.04445400 0.02419900
v -0.08231400 0.04445400 0.02419900
v -0.08231400 0.04445400 0.02419900
v -0.08089400 0.04522400 0.02368200
v -0.08089400 0.04522400 0.02368200
v -0.07695400 0.04596200 0.02224800
v -0.07695400 0.04596200 0.02224800
v -0.06785900 -0.02532800 0.01893700
v -0.06785900 -0.02532800 0.01893700
v -0.06785900 -0.02532800 0.01893700
v -0.06785900 -0.02532800 0.01893700
v -0.06785900 -0.02532800 0.01893700
v -0.07117500 -0.02334700 0.02014500
v -0.07117500 -0.02334700 0.02014500
v -0.07117500 -0.02334700 0.02014500
v -0.07117500 -0.02334700 0.02014500
v -0.07283300 -0.02428300 0.02074800
v -0.07283300 -0.02428300 0.02074800
v -0.07283300 -0.02428300 0.02074800
v -0.07211400 -0.02278900 0.02048600
v -0.07211400 -0.02278900 0.02048600
v -0.07211400 -0.02278900 0.02048600
v -0.07333100 -0.02375100 0.02092900
v -0.07333100 -0.02375100 0.02092900
v -0.07333100 -0.02375100 0.02092900
v -0.07312900 -0.02215700 0.02085600
v -0.07312900 -0.02215700 0.02085600
v -0.07312900 -0.02215700 0.02085600
v -0.07401200 -0.02355600 0.02117700
v -0.07401200 -0.02355600 0.02117700
v -0.07401200 -0.02355600 0.02117700
v -0.07429900 -0.02202100 0.02128100
v -0.07429900 -0.02202100 0.02128100
v -0.07429900 -0.02202100 0.02128100
v -0.07469400 -0.02374900 0.02142500
v -0.07469400 -0.02374900 0.02142500
v -0.07469400 -0.02374900 0.02142500
v -0.07541800 -0.02240400 0.02168900
v -0.07541800 -0.02240400 0.02168900
v -0.07541800 -0.02240400 0.02168900
v -0.07519300 -0.02427900 0.02160700
v -0.07519300 -0.02427900 0.02160700
v -0.07519300 -0.02427900 0.02160700
v -0.07629400 -0.02324000 0.02200700
v -0.07629400 -0.02324000 0.02200700
v -0.07629400 -0.02324000 0.02200700
v -0.07537700 -0.02500300 0.02167400
v -0.07706600 -0.02396200 0.02228800
v -0.07706600 -0.02396200 0.02228800
v -0.06687900 0.03007000 0.01858100
v -0.06687900 0.03007000 0.01858100
v -0.06686600 0.03834000 0.01857600
v -0.06686600 0.03834000 0.01857600
v -0.06808000 0.04291400 0.01901800
v -0.06808000 0.04291400 0.01901800
v -0.06808000 0.04291400 0.01901800
v -0.06808000 0.04291400 0.01901800
v -0.06808000 0.04291400 0.01901800
v -0.06808000 0.04291400 0.01901800
v -0.06696200 -0.02192800 0.01861100
v -0.06696200 -0.02192800 0.01861100
v -0.06818200 -0.02094700 0.01905500
v -0.06818200 -0.02094700 0.01905500
v -0.06818200 -0.02094700 0.01905500
v -0.06818200 -0.02094700 0.01905500
v -0.06818200 -0.02094700 0.01905500
v -0.06712000 -0.02360500 0.01866800
v -0.06712000 -0.02360500 0.01866800
v -0.06712000 -0.02360500 0.01866800
v -0.06843000 -0.02206000 0.01914500
v -0.06843000 -0.02206000 0.01914500
v -0.06843000 -0.02206000 0.01914500
v -0.06716800 -0.02379000 0.01868600
v -0.06716800 -0.02379000 0.01868600
v -0.06716800 -0.02379000 0.01868600
v -0.06911700 -0.02293900 0.01939600
v -0.06911700 -0.02293900 0.01939600
v -0.06911700 -0.02293900 0.01939600
v -0.07010100 -0.02340000 0.01975400
v -0.07010100 -0.02340000 0.01975400
v -0.07419400 0.04401000 0.02124300
v -0.07419400 0.04401000 0.02124300
v -0.07302400 0.04414200 0.02081700
v -0.07302400 0.04414200 0.02081700
v -0.07302400 0.04414200 0.02081700
v -0.07322100 0.04573700 0.02088900
v -0.07322100 0.04573700 0.02088900
v -0.07322100 0.04573700 0.02088900
v -0.07200700 0.04477100 0.02044700
v -0.07200700 0.04477100 0.02044700
v -0.07200700 0.04477100 0.02044700
v -0.07272100 0.04626700 0.02070700
v -0.07272100 0.04626700 0.02070700
v -0.07272100 0.04626700 0.02070700
v -0.07106600 0.04532500 0.02010500
v -0.07106600 0.04532500 0.02010500
v -0.07106600 0.04532500 0.02010500
v -0.06999200 0.04537500 0.01971400
v -0.06999200 0.04537500 0.01971400
v -0.06999200 0.04537500 0.01971400
v -0.06901000 0.04491000 0.01935600
v -0.06901000 0.04491000 0.01935600
v -0.06901000 0.04491000 0.01935600
v -0.06688200 0.04479700 0.01858200
v -0.06688200 0.04479700 0.01858200
v -0.06688200 0.04479700 0.01858200
v -0.06832500 0.04402800 0.01910700
v -0.06832500 0.04402800 0.01910700
v -0.06832500 0.04402800 0.01910700
v -0.06685800 0.04303900 0.01857300
v -0.06685800 0.04303900 0.01857300
v -0.06685800 0.04303900 0.01857300
v -0.06686200 0.04089500 0.01857500
v -0.06686200 0.04089500 0.01857500
v -0.06688300 0.02752700 0.01858200
v -0.06688300 0.02752700 0.01858200
v -0.06688300 0.02752700 0.01858200
v -0.06813100 0.01098400 0.01903700
v -0.06813100 0.01098400 0.01903700
v -0.06813100 0.01098400 0.01903700
v -0.06813100 0.01098400 0.01903700
v -0.06813100 0.01098400 0.01903700
v -0.06813100 0.01098400 0.01903700
v -0.06813100 0.01098400 0.01903700
v -0.06813100 0.01098400 0.01903700
v -0.06688800 0.02447700 0.01858400
v -0.06688800 0.02447700 0.01858400
v -0.06690400 0.01435300 0.01859000
v -0.06690400 0.01435300 0.01859000
v -0.06689900 0.01745900 0.01858800
v -0.06689900 0.01745900 0.01858800
v -0.06689400 0.02058600 0.01858600
v -0.06689400 0.02058600 0.01858600
v -0.06695100 -0.01499800 0.01860700
v -0.06695100 -0.01499800 0.01860700
v -0.06692700 0.00000800 0.01859800
v -0.06692700 0.00000800 0.01859800
v -0.06692700 0.00000800 0.01859800
v -0.06690900 0.01098100 0.01859200
v -0.06690900 0.01098100 0.01859200
v -0.07401700 -0.02645600 0.02117900
v -0.07512800 -0.02645600 0.01812500
v -0.07512800 -0.02645600 0.01812500
v -0.07469800 -0.02626000 0.02142600
v -0.07469800 -0.02626000 0.02142600
v -0.07580900 -0.02626000 0.01837300
v -0.07469800 -0.02626000 0.02142600
v -0.07580900 -0.02626000 0.01837300
v -0.07580900 -0.02626000 0.01837300
v -0.07519500 -0.02572900 0.02160800
v -0.07519500 -0.02572900 0.02160800
v -0.07630700 -0.02572900 0.01855400
v -0.07519500 -0.02572900 0.02160800
v -0.07630700 -0.02572900 0.01855400
v -0.07630700 -0.02572900 0.01855400
v -0.07537700 -0.02500300 0.02167400
v -0.07537700 -0.02500300 0.02167400
v -0.07648800 -0.02500300 0.01862000
v -0.07537700 -0.02500300 0.02167400
v -0.07648800 -0.02500300 0.01862000
v -0.07648800 -0.02500300 0.01862000
v -0.07519300 -0.02427900 0.02160700
v -0.07519300 -0.02427900 0.02160700
v -0.07630500 -0.02427900 0.01855300
v -0.07519300 -0.02427900 0.02160700
v -0.07630500 -0.02427900 0.01855300
v -0.07630500 -0.02427900 0.01855300
v -0.07469400 -0.02374900 0.02142500
v -0.07469400 -0.02374900 0.02142500
v -0.07580500 -0.02374900 0.01837100
v -0.07469400 -0.02374900 0.02142500
v -0.07580500 -0.02374900 0.01837100
v -0.07580500 -0.02374900 0.01837100
v -0.07401200 -0.02355600 0.02117700
v -0.07401200 -0.02355600 0.02117700
v -0.07512400 -0.02355600 0.01812300
v -0.07401200 -0.02355600 0.02117700
v -0.07512400 -0.02355600 0.01812300
v -0.07512400 -0.02355600 0.01812300
v -0.07333100 -0.02375100 0.02092900
v -0.07333100 -0.02375100 0.02092900
v -0.07444300 -0.02375100 0.01787500
v -0.07333100 -0.02375100 0.02092900
v -0.07444300 -0.02375100 0.01787500
v -0.07444300 -0.02375100 0.01787500
v -0.07283300 -0.02428300 0.02074800
v -0.07283300 -0.02428300 0.02074800
v -0.07394500 -0.02428300 0.01769400
v -0.07283300 -0.02428300 0.02074800
v -0.07394500 -0.02428300 0.01769400
v -0.07394500 -0.02428300 0.01769400
v -0.07265200 -0.02500800 0.02068200
v -0.07265200 -0.02500800 0.02068200
v -0.07376300 -0.02500800 0.01762800
v -0.07265200 -0.02500800 0.02068200
v -0.07376300 -0.02500800 0.01762800
v -0.07376300 -0.02500800 0.01762800
v -0.07283500 -0.02573300 0.02074900
v -0.07283500 -0.02573300 0.02074900
v -0.07394700 -0.02573300 0.01769500
v -0.07283500 -0.02573300 0.02074900
v -0.07394700 -0.02573300 0.01769500
v -0.07394700 -0.02573300 0.01769500
v -0.07333500 -0.02626300 0.02093100
v -0.07333500 -0.02626300 0.02093100
v -0.07444700 -0.02626300 0.01787700
v -0.07333500 -0.02626300 0.02093100
v -0.07444700 -0.02626300 0.01787700
v -0.07444700 -0.02626300 0.01787700
v -0.07401700 -0.02645600 0.02117900
v -0.07401700 -0.02645600 0.02117900
v -0.07512800 -0.02645600 0.01812500
v -0.07712200 -0.02707000 0.01755900
v -0.07712200 -0.02707000 0.01755900
v -0.07630700 -0.02572900 0.01855400
v -0.07677000 -0.02728100 0.01746600
v -0.07580900 -0.02626000 0.01837300
v -0.07646800 -0.02741800 0.01737500
v -0.07583500 -0.02760100 0.01714100
v -0.07512800 -0.02645600 0.01812500
v -0.07553500 -0.02764100 0.01701200
v -0.07515800 -0.02764300 0.01683900
v -0.07444700 -0.02626300 0.01787700
v -0.07468600 -0.02754300 0.01663400
v -0.07753900 -0.02668600 0.01767200
v -0.07630700 -0.02572900 0.01855400
v -0.07775300 -0.02635200 0.01775000
v -0.07648800 -0.02500300 0.01862000
v -0.07809100 -0.02500100 0.01787300
v -0.07630500 -0.02427900 0.01855300
v -0.07630500 -0.02427900 0.01855300
v -0.07774800 -0.02365200 0.01774800
v -0.07774800 -0.02365200 0.01774800
v -0.07580500 -0.02374900 0.01837100
v -0.07681800 -0.02266500 0.01741000
v -0.07512400 -0.02355600 0.01812300
v -0.07554900 -0.02230600 0.01694800
v -0.07444300 -0.02375100 0.01787500
v -0.07428100 -0.02267000 0.01648600
v -0.07394500 -0.02428300 0.01769400
v -0.07335400 -0.02366000 0.01614900
v -0.07376300 -0.02500800 0.01762800
v -0.07301600 -0.02501000 0.01602600
v -0.07394700 -0.02573300 0.01769500
v -0.07335800 -0.02636000 0.01615000
v -0.07444700 -0.02626300 0.01787700
v -0.07428800 -0.02734600 0.01648900
v -0.07428800 -0.02734600 0.01648900
v -0.07390200 0.04554400 0.02113700
v -0.07501400 0.04554400 0.01808300
v -0.07501400 0.04554400 0.01808300
v -0.07458300 0.04574000 0.02138500
v -0.07458300 0.04574000 0.02138500
v -0.07569500 0.04574000 0.01833100
v -0.07458300 0.04574000 0.02138500
v -0.07569500 0.04574000 0.01833100
v -0.07569500 0.04574000 0.01833100
v -0.07508100 0.04627100 0.02156600
v -0.07508100 0.04627100 0.02156600
v -0.07619300 0.04627100 0.01851200
v -0.07508100 0.04627100 0.02156600
v -0.07619300 0.04627100 0.01851200
v -0.07619300 0.04627100 0.01851200
v -0.07526200 0.04699700 0.02163200
v -0.07526200 0.04699700 0.02163200
v -0.07637400 0.04699700 0.01857800
v -0.07526200 0.04699700 0.02163200
v -0.07637400 0.04699700 0.01857800
v -0.07637400 0.04699700 0.01857800
v -0.07507900 0.04772100 0.02156500
v -0.07507900 0.04772100 0.02156500
v -0.07619000 0.04772100 0.01851100
v -0.07507900 0.04772100 0.02156500
v -0.07619000 0.04772100 0.01851100
v -0.07619000 0.04772100 0.01851100
v -0.07457900 0.04825100 0.02138300
v -0.07457900 0.04825100 0.02138300
v -0.07569100 0.04825100 0.01832900
v -0.07457900 0.04825100 0.02138300
v -0.07569100 0.04825100 0.01832900
v -0.07569100 0.04825100 0.01832900
v -0.07389800 0.04844400 0.02113500
v -0.07389800 0.04844400 0.02113500
v -0.07500900 0.04844400 0.01808100
v -0.07389800 0.04844400 0.02113500
v -0.07500900 0.04844400 0.01808100
v -0.07500900 0.04844400 0.01808100
v -0.07321700 0.04824900 0.02088700
v -0.07321700 0.04824900 0.02088700
v -0.07432800 0.04824900 0.01783400
v -0.07321700 0.04824900 0.02088700
v -0.07432800 0.04824900 0.01783400
v -0.07432800 0.04824900 0.01783400
v -0.07271900 0.04771700 0.02070600
v -0.07271900 0.04771700 0.02070600
v -0.07383000 0.04771700 0.01765200
v -0.07271900 0.04771700 0.02070600
v -0.07383000 0.04771700 0.01765200
v -0.07383000 0.04771700 0.01765200
v -0.07253700 0.04699200 0.02064000
v -0.07253700 0.04699200 0.02064000
v -0.07364900 0.04699200 0.01758600
v -0.07253700 0.04699200 0.02064000
v -0.07364900 0.04699200 0.01758600
v -0.07364900 0.04699200 0.01758600
v -0.07272100 0.04626700 0.02070700
v -0.07272100 0.04626700 0.02070700
v -0.07383300 0.04626700 0.01765300
v -0.07272100 0.04626700 0.02070700
v -0.07383300 0.04626700 0.01765300
v -0.07383300 0.04626700 0.01765300
v -0.07322100 0.04573700 0.02088900
v -0.07322100 0.04573700 0.02088900
v -0.07433200 0.04573700 0.01783500
v -0.07322100 0.04573700 0.02088900
v -0.07433200 0.04573700 0.01783500
v -0.07433200 0.04573700 0.01783500
v -0.07390200 0.04554400 0.02113700
v -0.07390200 0.04554400 0.02113700
v -0.07501400 0.04554400 0.01808300
v -0.07505000 0.04963000 0.01680200
v -0.07432800 0.04824900 0.01783400
v -0.07432800 0.04824900 0.01783400
v -0.07535600 0.04963300 0.01694200
v -0.07500900 0.04844400 0.01808100
v -0.07573900 0.04958600 0.01710700
v -0.07569100 0.04825100 0.01832900
v -0.07639600 0.04938900 0.01734600
v -0.07664800 0.04927400 0.01742200
v -0.07704400 0.04903400 0.01752600
v -0.07619000 0.04772100 0.01851100
v -0.07741900 0.04868200 0.01762800
v -0.07456400 0.04952800 0.01658900
v -0.07416700 0.04933000 0.01644500
v -0.07416700 0.04933000 0.01644500
v -0.07383000 0.04771700 0.01765200
v -0.07324000 0.04834000 0.01610700
v -0.07364900 0.04699200 0.01758600
v -0.07290200 0.04698900 0.01598400
v -0.07383300 0.04626700 0.01765300
v -0.07324400 0.04564000 0.01610900
v -0.07433200 0.04573700 0.01783500
v -0.07417400 0.04465400 0.01644700
v -0.07501400 0.04554400 0.01808300
v -0.07501400 0.04554400 0.01808300
v -0.07417400 0.04465400 0.01644700
v -0.07544300 0.04429400 0.01690900
v -0.07569500 0.04574000 0.01833100
v -0.07671100 0.04465800 0.01737100
v -0.07619300 0.04627100 0.01851200
v -0.07763800 0.04564800 0.01770800
v -0.07637400 0.04699700 0.01857800
v -0.07797600 0.04699900 0.01783100
v -0.07763400 0.04834800 0.01770700
v -0.07618500 0.04523700 0.02196800
v -0.07704000 0.04523700 0.01961900
v -0.07616700 0.04439800 0.01930100
v -0.07531200 0.04439800 0.02165000
v -0.07531200 0.04439800 0.02165000
v -0.07531200 0.04439800 0.02165000
v -0.07616700 0.04439800 0.01930100
v -0.07504900 0.04401000 0.01889400
v -0.07504900 0.04401000 0.01889400
v -0.07419400 0.04401000 0.02124300
v -0.07419400 0.04401000 0.02124300
v -0.07419400 0.04401000 0.02124300
v -0.07504900 0.04401000 0.01889400
v -0.07387900 0.04414200 0.01846800
v -0.07387900 0.04414200 0.01846800
v -0.07302400 0.04414200 0.02081700
v -0.07302400 0.04414200 0.02081700
v -0.07387900 0.04414200 0.01846800
v -0.07286200 0.04477100 0.01809800
v -0.07200700 0.04477100 0.02044700
v -0.07211400 -0.02278900 0.02048600
v -0.07296900 -0.02278900 0.01813700
v -0.07398400 -0.02215700 0.01850700
v -0.07312900 -0.02215700 0.02085600
v -0.07312900 -0.02215700 0.02085600
v -0.07312900 -0.02215700 0.02085600
v -0.07398400 -0.02215700 0.01850700
v -0.07515400 -0.02202100 0.01893200
v -0.07515400 -0.02202100 0.01893200
v -0.07429900 -0.02202100 0.02128100
v -0.07429900 -0.02202100 0.02128100
v -0.07429900 -0.02202100 0.02128100
v -0.07515400 -0.02202100 0.01893200
v -0.07627300 -0.02240400 0.01934000
v -0.07627300 -0.02240400 0.01934000
v -0.07541800 -0.02240400 0.02168900
v -0.07541800 -0.02240400 0.02168900
v -0.07627300 -0.02240400 0.01934000
v -0.07714900 -0.02324000 0.01965800
v -0.07629400 -0.02324000 0.02200700
v -0.07203000 -0.02334700 0.01779500
v -0.07117500 -0.02334700 0.02014500
v -0.07203000 -0.02334700 0.01779500
v -0.07117500 -0.02334700 0.02014500
v -0.07117500 -0.02334700 0.02014500
v -0.07095600 -0.02340000 0.01740400
v -0.07095600 -0.02340000 0.01740400
v -0.07010100 -0.02340000 0.01975400
v -0.07095600 -0.02340000 0.01740400
v -0.07010100 -0.02340000 0.01975400
v -0.07010100 -0.02340000 0.01975400
v -0.06997200 -0.02293900 0.01704600
v -0.06997200 -0.02293900 0.01704600
v -0.06911700 -0.02293900 0.01939600
v -0.06997200 -0.02293900 0.01704600
v -0.06911700 -0.02293900 0.01939600
v -0.06911700 -0.02293900 0.01939600
v -0.06928500 -0.02206000 0.01679600
v -0.06928500 -0.02206000 0.01679600
v -0.06843000 -0.02206000 0.01914500
v -0.06843000 -0.02206000 0.01914500
v -0.06928500 -0.02206000 0.01679600
v -0.07890800 -0.02426500 0.02029900
v -0.07805300 -0.02426500 0.02264800
v -0.07890800 -0.02426500 0.02029900
v -0.07805300 -0.02426500 0.02264800
v -0.07805300 -0.02426500 0.02264800
v -0.07792100 -0.02396200 0.01993900
v -0.07792100 -0.02396200 0.01993900
v -0.07706600 -0.02396200 0.02228800
v -0.07792100 -0.02396200 0.01993900
v -0.07706600 -0.02396200 0.02228800
v -0.06832500 0.04402800 0.01910700
v -0.07106600 0.04532500 0.02010500
v -0.07192100 0.04532500 0.01775600
v -0.07106600 0.04532500 0.02010500
v -0.07192100 0.04532500 0.01775600
v -0.07192100 0.04532500 0.01775600
v -0.06999200 0.04537500 0.01971400
v -0.06999200 0.04537500 0.01971400
v -0.07084700 0.04537500 0.01736500
v -0.06999200 0.04537500 0.01971400
v -0.07084700 0.04537500 0.01736500
v -0.07084700 0.04537500 0.01736500
v -0.06901000 0.04491000 0.01935600
v -0.06901000 0.04491000 0.01935600
v -0.06986500 0.04491000 0.01700700
v -0.06901000 0.04491000 0.01935600
v -0.06986500 0.04491000 0.01700700
v -0.06986500 0.04491000 0.01700700
v -0.06832500 0.04402800 0.01910700
v -0.06832500 0.04402800 0.01910700
v -0.06918000 0.04402800 0.01675800
v -0.06918000 0.04402800 0.01675800
v -0.07780900 0.04596200 0.01989900
v -0.07695400 0.04596200 0.02224800
v -0.07780900 0.04596200 0.01989900
v -0.07695400 0.04596200 0.02224800
v -0.07695400 0.04596200 0.02224800
v -0.07879600 0.04626800 0.02025800
v -0.07879600 0.04626800 0.02025800
v -0.07794100 0.04626800 0.02260700
v -0.07879600 0.04626800 0.02025800
v -0.07794100 0.04626800 0.02260700
v -0.07814100 -0.01400000 0.02001900
v -0.07814100 -0.01400000 0.02001900
v -0.07846000 -0.01366300 0.02279600
v -0.07846000 -0.01366300 0.02279600
v -0.07931500 -0.01366300 0.02044700
v -0.07931500 -0.01366300 0.02044700
v -0.07931500 -0.01366300 0.02044700
v -0.07846000 -0.01366300 0.02279600
v -0.07931800 -0.01274600 0.02310800
v -0.07931800 -0.01274600 0.02310800
v -0.08017300 -0.01274600 0.02075900
v -0.08017300 -0.01274600 0.02075900
v -0.08017300 -0.01274600 0.02075900
v -0.07931800 -0.01274600 0.02310800
v -0.07963100 -0.01149600 0.02322200
v -0.07963100 -0.01149600 0.02322200
v -0.08048600 -0.01149600 0.02087300
v -0.08048600 -0.01149600 0.02087300
v -0.08048600 -0.01149600 0.02087300
v -0.07963100 -0.01149600 0.02322200
v -0.07931400 -0.01024600 0.02310700
v -0.07931400 -0.01024600 0.02310700
v -0.08016900 -0.01024600 0.02075800
v -0.08016900 -0.01024600 0.02075800
v -0.08016900 -0.01024600 0.02075800
v -0.07931400 -0.01024600 0.02310700
v -0.07845300 -0.00933300 0.02279300
v -0.07845300 -0.00933300 0.02279300
v -0.07930800 -0.00933300 0.02044400
v -0.07930800 -0.00933300 0.02044400
v -0.07930800 -0.00933300 0.02044400
v -0.07845300 -0.00933300 0.02279300
v -0.07727800 -0.00900000 0.02236600
v -0.07727800 -0.00900000 0.02236600
v -0.07813300 -0.00900000 0.02001600
v -0.07813300 -0.00900000 0.02001600
v -0.07813300 -0.00900000 0.02001600
v -0.07727800 -0.00900000 0.02236600
v -0.07610400 -0.00933700 0.02193800
v -0.07610400 -0.00933700 0.02193800
v -0.07695900 -0.00933700 0.01958900
v -0.07695900 -0.00933700 0.01958900
v -0.07695900 -0.00933700 0.01958900
v -0.07610400 -0.00933700 0.02193800
v -0.07524500 -0.01025300 0.02162600
v -0.07524500 -0.01025300 0.02162600
v -0.07610000 -0.01025300 0.01927700
v -0.07610000 -0.01025300 0.01927700
v -0.07610000 -0.01025300 0.01927700
v -0.07524500 -0.01025300 0.02162600
v -0.07493300 -0.01150400 0.02151200
v -0.07493300 -0.01150400 0.02151200
v -0.07578800 -0.01150400 0.01916300
v -0.07578800 -0.01150400 0.01916300
v -0.07578800 -0.01150400 0.01916300
v -0.07493300 -0.01150400 0.02151200
v -0.07524900 -0.01275300 0.02162700
v -0.07524900 -0.01275300 0.02162700
v -0.07610400 -0.01275300 0.01927800
v -0.07610400 -0.01275300 0.01927800
v -0.07610400 -0.01275300 0.01927800
v -0.07524900 -0.01275300 0.02162700
v -0.07611100 -0.01366700 0.02194100
v -0.07611100 -0.01366700 0.02194100
v -0.07696600 -0.01366700 0.01959200
v -0.07696600 -0.01366700 0.01959200
v -0.07696600 -0.01366700 0.01959200
v -0.07611100 -0.01366700 0.02194100
v -0.07728600 -0.01400000 0.02236900
v -0.07728600 -0.01400000 0.02236900
v -0.07814100 -0.01400000 0.02001900
v -0.07728600 -0.01400000 0.02236900
v -0.07787100 -0.01258100 0.02258100
v -0.07787100 -0.01258100 0.02258100
v -0.07787100 -0.01258100 0.02258100
v -0.07846000 -0.01366300 0.02279600
v -0.07846000 -0.01366300 0.02279600
v -0.07846000 -0.01366300 0.02279600
v -0.07728400 -0.01275000 0.02236800
v -0.07728400 -0.01275000 0.02236800
v -0.07728400 -0.01275000 0.02236800
v -0.07728600 -0.01400000 0.02236900
v -0.07728600 -0.01400000 0.02236900
v -0.07728600 -0.01400000 0.02236900
v -0.07669600 -0.01258300 0.02215400
v -0.07669600 -0.01258300 0.02215400
v -0.07669600 -0.01258300 0.02215400
v -0.07611100 -0.01366700 0.02194100
v -0.07611100 -0.01366700 0.02194100
v -0.07611100 -0.01366700 0.02194100
v -0.07626500 -0.01212700 0.02199700
v -0.07626500 -0.01212700 0.02199700
v -0.07626500 -0.01212700 0.02199700
v -0.07524900 -0.01275300 0.02162700
v -0.07524900 -0.01275300 0.02162700
v -0.07524900 -0.01275300 0.02162700
v -0.07610700 -0.01150200 0.02194000
v -0.07610700 -0.01150200 0.02194000
v -0.07610700 -0.01150200 0.02194000
v -0.07493300 -0.01150400 0.02151200
v -0.07493300 -0.01150400 0.02151200
v -0.07493300 -0.01150400 0.02151200
v -0.07626300 -0.01087700 0.02199600
v -0.07626300 -0.01087700 0.02199600
v -0.07626300 -0.01087700 0.02199600
v -0.07524500 -0.01025300 0.02162600
v -0.07524500 -0.01025300 0.02162600
v -0.07524500 -0.01025300 0.02162600
v -0.07669300 -0.01041800 0.02215300
v -0.07669300 -0.01041800 0.02215300
v -0.07669300 -0.01041800 0.02215300
v -0.07610400 -0.00933700 0.02193800
v -0.07610400 -0.00933700 0.02193800
v -0.07610400 -0.00933700 0.02193800
v -0.07728000 -0.01025000 0.02236600
v -0.07728000 -0.01025000 0.02236600
v -0.07728000 -0.01025000 0.02236600
v -0.07727800 -0.00900000 0.02236600
v -0.07727800 -0.00900000 0.02236600
v -0.07727800 -0.00900000 0.02236600
v -0.07786700 -0.01041600 0.02258000
v -0.07786700 -0.01041600 0.02258000
v -0.07786700 -0.01041600 0.02258000
v -0.07845300 -0.00933300 0.02279300
v -0.07845300 -0.00933300 0.02279300
v -0.07845300 -0.00933300 0.02279300
v -0.07829800 -0.01087300 0.02273700
v -0.07829800 -0.01087300 0.02273700
v -0.07829800 -0.01087300 0.02273700
v -0.07931400 -0.01024600 0.02310700
v -0.07931400 -0.01024600 0.02310700
v -0.07931400 -0.01024600 0.02310700
v -0.07845600 -0.01149800 0.02279500
v -0.07845600 -0.01149800 0.02279500
v -0.07845600 -0.01149800 0.02279500
v -0.07963100 -0.01149600 0.02322200
v -0.07963100 -0.01149600 0.02322200
v -0.07963100 -0.01149600 0.02322200
v -0.07830000 -0.01212300 0.02273800
v -0.07830000 -0.01212300 0.02273800
v -0.07830000 -0.01212300 0.02273800
v -0.07931800 -0.01274600 0.02310800
v -0.07931800 -0.01274600 0.02310800
v -0.07931800 -0.01274600 0.02310800
v -0.07806900 0.03100000 0.01999300
v -0.07806900 0.03100000 0.01999300
v -0.07838800 0.03133700 0.02277000
v -0.07838800 0.03133700 0.02277000
v -0.07924300 0.03133700 0.02042100
v -0.07924300 0.03133700 0.02042100
v -0.07924300 0.03133700 0.02042100
v -0.07838800 0.03133700 0.02277000
v -0.07924700 0.03225400 0.02308200
v -0.07924700 0.03225400 0.02308200
v -0.08010200 0.03225400 0.02073300
v -0.08010200 0.03225400 0.02073300
v -0.08010200 0.03225400 0.02073300
v -0.07924700 0.03225400 0.02308200
v -0.07955900 0.03350400 0.02319600
v -0.07955900 0.03350400 0.02319600
v -0.08041500 0.03350400 0.02084700
v -0.08041500 0.03350400 0.02084700
v -0.08041500 0.03350400 0.02084700
v -0.07955900 0.03350400 0.02319600
v -0.07924300 0.03475400 0.02308100
v -0.07924300 0.03475400 0.02308100
v -0.08009800 0.03475400 0.02073200
v -0.08009800 0.03475400 0.02073200
v -0.08009800 0.03475400 0.02073200
v -0.07924300 0.03475400 0.02308100
v -0.07838100 0.03566700 0.02276700
v -0.07838100 0.03566700 0.02276700
v -0.07923600 0.03566700 0.02041800
v -0.07923600 0.03566700 0.02041800
v -0.07923600 0.03566700 0.02041800
v -0.07838100 0.03566700 0.02276700
v -0.07720600 0.03600000 0.02234000
v -0.07720600 0.03600000 0.02234000
v -0.07806100 0.03600000 0.01999000
v -0.07806100 0.03600000 0.01999000
v -0.07806100 0.03600000 0.01999000
v -0.07720600 0.03600000 0.02234000
v -0.07603200 0.03566300 0.02191200
v -0.07603200 0.03566300 0.02191200
v -0.07688700 0.03566300 0.01956300
v -0.07688700 0.03566300 0.01956300
v -0.07688700 0.03566300 0.01956300
v -0.07603200 0.03566300 0.02191200
v -0.07517400 0.03474600 0.02160000
v -0.07517400 0.03474600 0.02160000
v -0.07602900 0.03474600 0.01925100
v -0.07602900 0.03474600 0.01925100
v -0.07602900 0.03474600 0.01925100
v -0.07517400 0.03474600 0.02160000
v -0.07486100 0.03349600 0.02148600
v -0.07486100 0.03349600 0.02148600
v -0.07571600 0.03349600 0.01913700
v -0.07571600 0.03349600 0.01913700
v -0.07571600 0.03349600 0.01913700
v -0.07486100 0.03349600 0.02148600
v -0.07517800 0.03224600 0.02160100
v -0.07517800 0.03224600 0.02160100
v -0.07603300 0.03224600 0.01925200
v -0.07603300 0.03224600 0.01925200
v -0.07603300 0.03224600 0.01925200
v -0.07517800 0.03224600 0.02160100
v -0.07603900 0.03133300 0.02191500
v -0.07603900 0.03133300 0.02191500
v -0.07689400 0.03133300 0.01956600
v -0.07689400 0.03133300 0.01956600
v -0.07689400 0.03133300 0.01956600
v -0.07603900 0.03133300 0.02191500
v -0.07721400 0.03100000 0.02234300
v -0.07721400 0.03100000 0.02234300
v -0.07806900 0.03100000 0.01999300
v -0.07721400 0.03100000 0.02234300
v -0.07779900 0.03241800 0.02255500
v -0.07779900 0.03241800 0.02255500
v -0.07779900 0.03241800 0.02255500
v -0.07838800 0.03133700 0.02277000
v -0.07838800 0.03133700 0.02277000
v -0.07838800 0.03133700 0.02277000
v -0.07721200 0.03225000 0.02234200
v -0.07721200 0.03225000 0.02234200
v -0.07721200 0.03225000 0.02234200
v -0.07721400 0.03100000 0.02234300
v -0.07721400 0.03100000 0.02234300
v -0.07721400 0.03100000 0.02234300
v -0.07662500 0.03241600 0.02212800
v -0.07662500 0.03241600 0.02212800
v -0.07662500 0.03241600 0.02212800
v -0.07603900 0.03133300 0.02191500
v -0.07603900 0.03133300 0.02191500
v -0.07603900 0.03133300 0.02191500
v -0.07619400 0.03287300 0.02197100
v -0.07619400 0.03287300 0.02197100
v -0.07619400 0.03287300 0.02197100
v -0.07517800 0.03224600 0.02160100
v -0.07517800 0.03224600 0.02160100
v -0.07517800 0.03224600 0.02160100
v -0.07603600 0.03349800 0.02191300
v -0.07603600 0.03349800 0.02191300
v -0.07603600 0.03349800 0.02191300
v -0.07486100 0.03349600 0.02148600
v -0.07486100 0.03349600 0.02148600
v -0.07486100 0.03349600 0.02148600
v -0.07619200 0.03412300 0.02197000
v -0.07619200 0.03412300 0.02197000
v -0.07619200 0.03412300 0.02197000
v -0.07517400 0.03474600 0.02160000
v -0.07517400 0.03474600 0.02160000
v -0.07517400 0.03474600 0.02160000
v -0.07662100 0.03458100 0.02212700
v -0.07662100 0.03458100 0.02212700
v -0.07662100 0.03458100 0.02212700
v -0.07603200 0.03566300 0.02191200
v -0.07603200 0.03566300 0.02191200
v -0.07603200 0.03566300 0.02191200
v -0.07720800 0.03475000 0.02234000
v -0.07720800 0.03475000 0.02234000
v -0.07720800 0.03475000 0.02234000
v -0.07720600 0.03600000 0.02234000
v -0.07720600 0.03600000 0.02234000
v -0.07720600 0.03600000 0.02234000
v -0.07779600 0.03458300 0.02255400
v -0.07779600 0.03458300 0.02255400
v -0.07779600 0.03458300 0.02255400
v -0.07838100 0.03566700 0.02276700
v -0.07838100 0.03566700 0.02276700
v -0.07838100 0.03566700 0.02276700
v -0.07822700 0.03412700 0.02271100
v -0.07822700 0.03412700 0.02271100
v -0.07822700 0.03412700 0.02271100
v -0.07924300 0.03475400 0.02308100
v -0.07924300 0.03475400 0.02308100
v -0.07924300 0.03475400 0.02308100
v -0.07838500 0.03350200 0.02276900
v -0.07838500 0.03350200 0.02276900
v -0.07838500 0.03350200 0.02276900
v -0.07955900 0.03350400 0.02319600
v -0.07955900 0.03350400 0.02319600
v -0.07955900 0.03350400 0.02319600
v -0.07822800 0.03287700 0.02271200
v -0.07822800 0.03287700 0.02271200
v -0.07822800 0.03287700 0.02271200
v -0.07924700 0.03225400 0.02308200
v -0.07924700 0.03225400 0.02308200
v -0.07924700 0.03225400 0.02308200
v -0.07728400 -0.01275000 0.02236800
v -0.07882300 -0.01275000 0.01813900
v -0.07882300 -0.01275000 0.01813900
v -0.07787100 -0.01258100 0.02258100
v -0.07787100 -0.01258100 0.02258100
v -0.07941000 -0.01258100 0.01835300
v -0.07787100 -0.01258100 0.02258100
v -0.07941000 -0.01258100 0.01835300
v -0.07941000 -0.01258100 0.01835300
v -0.07830000 -0.01212300 0.02273800
v -0.07830000 -0.01212300 0.02273800
v -0.07983900 -0.01212300 0.01850900
v -0.07830000 -0.01212300 0.02273800
v -0.07983900 -0.01212300 0.01850900
v -0.07983900 -0.01212300 0.01850900
v -0.07845600 -0.01149800 0.02279500
v -0.07845600 -0.01149800 0.02279500
v -0.07999500 -0.01149800 0.01856600
v -0.07845600 -0.01149800 0.02279500
v -0.07999500 -0.01149800 0.01856600
v -0.07999500 -0.01149800 0.01856600
v -0.07829800 -0.01087300 0.02273700
v -0.07829800 -0.01087300 0.02273700
v -0.07983700 -0.01087300 0.01850800
v -0.07829800 -0.01087300 0.02273700
v -0.07983700 -0.01087300 0.01850800
v -0.07983700 -0.01087300 0.01850800
v -0.07786700 -0.01041600 0.02258000
v -0.07786700 -0.01041600 0.02258000
v -0.07940600 -0.01041600 0.01835200
v -0.07786700 -0.01041600 0.02258000
v -0.07940600 -0.01041600 0.01835200
v -0.07940600 -0.01041600 0.01835200
v -0.07728000 -0.01025000 0.02236600
v -0.07728000 -0.01025000 0.02236600
v -0.07881900 -0.01025000 0.01813800
v -0.07728000 -0.01025000 0.02236600
v -0.07881900 -0.01025000 0.01813800
v -0.07881900 -0.01025000 0.01813800
v -0.07669300 -0.01041800 0.02215300
v -0.07669300 -0.01041800 0.02215300
v -0.07823200 -0.01041800 0.01792400
v -0.07669300 -0.01041800 0.02215300
v -0.07823200 -0.01041800 0.01792400
v -0.07823200 -0.01041800 0.01792400
v -0.07626300 -0.01087700 0.02199600
v -0.07626300 -0.01087700 0.02199600
v -0.07780300 -0.01087700 0.01776800
v -0.07626300 -0.01087700 0.02199600
v -0.07780300 -0.01087700 0.01776800
v -0.07780300 -0.01087700 0.01776800
v -0.07610700 -0.01150200 0.02194000
v -0.07610700 -0.01150200 0.02194000
v -0.07764600 -0.01150200 0.01771100
v -0.07610700 -0.01150200 0.02194000
v -0.07764600 -0.01150200 0.01771100
v -0.07764600 -0.01150200 0.01771100
v -0.07626500 -0.01212700 0.02199700
v -0.07626500 -0.01212700 0.02199700
v -0.07780500 -0.01212700 0.01776900
v -0.07626500 -0.01212700 0.02199700
v -0.07780500 -0.01212700 0.01776900
v -0.07780500 -0.01212700 0.01776900
v -0.07669600 -0.01258300 0.02215400
v -0.07669600 -0.01258300 0.02215400
v -0.07823500 -0.01258300 0.01792500
v -0.07669600 -0.01258300 0.02215400
v -0.07823500 -0.01258300 0.01792500
v -0.07823500 -0.01258300 0.01792500
v -0.07728400 -0.01275000 0.02236800
v -0.07728400 -0.01275000 0.02236800
v -0.07882300 -0.01275000 0.01813900
v -0.07721200 0.03225000 0.02234200
v -0.07875100 0.03225000 0.01811300
v -0.07875100 0.03225000 0.01811300
v -0.07779900 0.03241800 0.02255500
v -0.07779900 0.03241800 0.02255500
v -0.07933800 0.03241800 0.01832700
v -0.07779900 0.03241800 0.02255500
v -0.07933800 0.03241800 0.01832700
v -0.07933800 0.03241800 0.01832700
v -0.07822800 0.03287700 0.02271200
v -0.07822800 0.03287700 0.02271200
v -0.07976800 0.03287700 0.01848300
v -0.07822800 0.03287700 0.02271200
v -0.07976800 0.03287700 0.01848300
v -0.07976800 0.03287700 0.01848300
v -0.07838500 0.03350200 0.02276900
v -0.07838500 0.03350200 0.02276900
v -0.07992400 0.03350200 0.01854000
v -0.07838500 0.03350200 0.02276900
v -0.07992400 0.03350200 0.01854000
v -0.07992400 0.03350200 0.01854000
v -0.07822700 0.03412700 0.02271100
v -0.07822700 0.03412700 0.02271100
v -0.07976600 0.03412700 0.01848200
v -0.07822700 0.03412700 0.02271100
v -0.07976600 0.03412700 0.01848200
v -0.07976600 0.03412700 0.01848200
v -0.07779600 0.03458300 0.02255400
v -0.07779600 0.03458300 0.02255400
v -0.07933500 0.03458300 0.01832600
v -0.07779600 0.03458300 0.02255400
v -0.07933500 0.03458300 0.01832600
v -0.07933500 0.03458300 0.01832600
v -0.07720800 0.03475000 0.02234000
v -0.07720800 0.03475000 0.02234000
v -0.07874700 0.03475000 0.01811200
v -0.07720800 0.03475000 0.02234000
v -0.07874700 0.03475000 0.01811200
v -0.07874700 0.03475000 0.01811200
v -0.07662100 0.03458100 0.02212700
v -0.07662100 0.03458100 0.02212700
v -0.07816000 0.03458100 0.01789800
v -0.07662100 0.03458100 0.02212700
v -0.07816000 0.03458100 0.01789800
v -0.07816000 0.03458100 0.01789800
v -0.07619200 0.03412300 0.02197000
v -0.07619200 0.03412300 0.02197000
v -0.07773100 0.03412300 0.01774200
v -0.07619200 0.03412300 0.02197000
v -0.07773100 0.03412300 0.01774200
v -0.07773100 0.03412300 0.01774200
v -0.07603600 0.03349800 0.02191300
v -0.07603600 0.03349800 0.02191300
v -0.07757500 0.03349800 0.01768500
v -0.07603600 0.03349800 0.02191300
v -0.07757500 0.03349800 0.01768500
v -0.07757500 0.03349800 0.01768500
v -0.07619400 0.03287300 0.02197100
v -0.07619400 0.03287300 0.02197100
v -0.07773300 0.03287300 0.01774300
v -0.07619400 0.03287300 0.02197100
v -0.07773300 0.03287300 0.01774300
v -0.07773300 0.03287300 0.01774300
v -0.07662500 0.03241600 0.02212800
v -0.07662500 0.03241600 0.02212800
v -0.07816400 0.03241600 0.01789900
v -0.07662500 0.03241600 0.02212800
v -0.07816400 0.03241600 0.01789900
v -0.07816400 0.03241600 0.01789900
v -0.07721200 0.03225000 0.02234200
v -0.07721200 0.03225000 0.02234200
v -0.07875100 0.03225000 0.01811300
vn 0.93968200 0.00551400 -0.34200500
vn 0.93969000 -0.00344100 -0.34201000
vn 0.93944800 0.02295400 -0.34192200
vn 0.93924000 0.03109900 -0.34184900
vn 0.93881800 0.04301800 -0.34171700
vn 0.93867700 0.04636300 -0.34166500
vn 0.93838000 0.05275300 -0.34155700
vn 0.93826100 0.05515200 -0.34150300
vn 0.93220900 0.12596000 -0.33929300
vn 0.92186100 0.19390700 -0.33551800
vn 0.87657300 0.36032700 -0.31903600
vn 0.83580000 0.45705400 -0.30420500
vn 0.72978100 0.62997000 -0.26562700
vn 0.66517200 0.70634900 -0.24211100
vn 0.53293700 0.82362200 -0.19397400
vn 0.46766100 0.86736600 -0.17020700
vn 0.38696300 0.91127600 -0.14084100
vn 0.37418800 0.91729800 -0.13619100
vn 0.25774900 0.96164700 -0.09381100
vn 0.25774500 0.96164800 -0.09380900
vn -0.93968700 0.00169100 0.34203100
vn -0.93324800 0.11684900 0.33969800
vn -0.93554400 0.09385100 0.34051300
vn -0.93968800 0.00169100 0.34202800
vn -0.93325000 0.11686200 0.33968800
vn -0.93968900 0.00169000 0.34202600
vn -0.93363000 -0.11349700 0.33978400
vn -0.93584200 -0.09043400 0.34061900
vn -0.93361500 -0.11350000 0.33982500
vn 0.34201900 0.00000300 0.93969300
vn 0.34201700 0.00000000 0.93969400
vn 0.34203700 -0.00001200 0.93968700
vn 0.34203700 -0.00001200 0.93968700
vn 0.34203700 -0.00001200 0.93968700
vn 0.34205100 -0.00001600 0.93968200
vn 0.34201900 0.00000300 0.93969300
vn 0.34201500 0.00000900 0.93969500
vn 0.34201900 -0.00000700 0.93969300
vn 0.34200700 0.00000900 0.93969700
vn 0.34205100 -0.00001600 0.93968200
vn 0.34200700 0.00000900 0.93969700
vn 0.34204100 0.00000700 0.93968500
vn 0.34203200 0.00000300 0.93968800
vn 0.34201500 0.00000300 0.93969400
vn 0.34205100 -0.00001600 0.93968200
vn 0.34198300 -0.00000800 0.93970600
vn 0.34202400 0.00000300 0.93969100
vn 0.34202200 0.00002900 0.93969200
vn 0.34201500 0.00000300 0.93969400
vn 0.34202200 0.00002900 0.93969200
vn 0.34202400 0.00000300 0.93969100
vn 0.34203200 0.00000300 0.93968800
vn 0.34202400 0.00000300 0.93969100
vn 0.34202200 0.00002900 0.93969200
vn 0.34200700 0.00000900 0.93969700
vn 0.34203200 0.00000300 0.93968800
vn 0.34200400 -0.00001100 0.93969800
vn 0.34207200 -0.00001400 0.93967400
vn 0.34202300 0.00000400 0.93969200
vn 0.34207200 -0.00001400 0.93967400
vn 0.34202300 0.00000400 0.93969200
vn 0.34207200 -0.00001400 0.93967400
vn 0.34202600 0.00001100 0.93969000
vn 0.34202400 0.00000700 0.93969100
vn 0.34201800 -0.00000100 0.93969300
vn 0.34202400 -0.00000100 0.93969100
vn 0.34208300 -0.00009400 0.93967000
vn 0.34208300 -0.00009400 0.93967000
vn 0.34201800 -0.00000100 0.93969300
vn 0.34208300 -0.00009400 0.93967000
vn 0.34202600 0.00000700 0.93969100
vn 0.34202200 -0.00000300 0.93969200
vn 0.34198600 0.00000200 0.93970500
vn 0.34204500 -0.00000700 0.93968300
vn 0.34204500 -0.00000000 0.93968400
vn 0.34198600 0.00000200 0.93970500
vn 0.34202100 -0.00000200 0.93969200
vn 0.34202600 0.00000000 0.93969100
vn 0.34201100 -0.00000300 0.93969600
vn 0.34204500 -0.00000000 0.93968400
vn 0.34201500 0.00000400 0.93969400
vn 0.34204500 -0.00000700 0.93968300
vn 0.34202400 -0.00000100 0.93969100
vn 0.34198600 0.00000200 0.93970500
vn 0.34201100 -0.00000300 0.93969600
vn 0.34204500 -0.00000000 0.93968400
vn 0.34198000 0.00002600 0.93970700
vn 0.34201700 -0.00000100 0.93969400
vn 0.34201500 0.00000400 0.93969400
vn 0.34201300 0.00000400 0.93969500
vn 0.34201200 0.00000500 0.93969600
vn 0.34205200 -0.00001600 0.93968100
vn 0.34205200 -0.00001600 0.93968100
vn 0.34198000 0.00002600 0.93970700
vn 0.34201200 0.00000500 0.93969600
vn 0.34205200 -0.00001600 0.93968100
vn 0.34201700 -0.00000100 0.93969400
vn 0.34198000 0.00002600 0.93970700
vn 0.34204100 -0.00001300 0.93968500
vn 0.34199700 0.00001400 0.93970100
vn 0.34201700 -0.00000100 0.93969400
vn 0.34203200 -0.00001200 0.93968800
vn 0.34204100 -0.00001300 0.93968500
vn 0.34204100 -0.00001900 0.93968500
vn 0.34204100 -0.00001300 0.93968500
vn 0.34199700 0.00001400 0.93970100
vn 0.34202400 0.00000700 0.93969100
vn 0.34202200 -0.00000200 0.93969200
vn 0.34200700 -0.00001700 0.93969700
vn 0.34201800 -0.00000200 0.93969300
vn 0.34200600 0.00000800 0.93969800
vn 0.34201500 0.00000100 0.93969500
vn 0.34202200 -0.00000200 0.93969200
vn 0.34201900 0.00000100 0.93969300
vn 0.34200700 -0.00001700 0.93969700
vn 0.34200600 0.00000800 0.93969800
vn 0.34202200 -0.00000200 0.93969200
vn 0.34200200 0.00001000 0.93969900
vn 0.34203000 -0.00000200 0.93968900
vn 0.34200200 0.00001000 0.93969900
vn 0.34200200 0.00001000 0.93969900
vn 0.34203000 -0.00000200 0.93968900
vn 0.34202200 0.00000000 0.93969200
vn 0.34203000 -0.00000200 0.93968900
vn 0.34202200 0.00000000 0.93969200
vn 0.34200800 -0.00001000 0.93969700
vn 0.34200800 -0.00001000 0.93969700
vn 0.34202200 -0.00000300 0.93969200
vn 0.34202200 0.00000000 0.93969200
vn 0.34201200 -0.00000700 0.93969600
vn 0.34201800 -0.00000200 0.93969300
vn 0.34200700 -0.00001700 0.93969700
vn 0.34202400 0.00000700 0.93969100
vn 0.34201800 -0.00000200 0.93969300
vn 0.34202600 0.00001100 0.93969000
vn 0.34202300 0.00000400 0.93969200
vn 0.34202600 0.00001100 0.93969000
vn 0.34200400 -0.00001100 0.93969800
vn 0.34201600 -0.00000300 0.93969400
vn 0.34201100 -0.00000300 0.93969600
vn 0.34202600 0.00000000 0.93969100
vn 0.34202600 0.00000000 0.93969100
vn 0.34202100 -0.00000200 0.93969200
vn 0.34201600 -0.00000300 0.93969400
vn 0.34202100 -0.00000200 0.93969200
vn 0.34201600 -0.00000300 0.93969400
vn 0.34200400 -0.00001100 0.93969800
vn 0.34202800 0.00000300 0.93969000
vn 0.34204400 0.00000700 0.93968400
vn 0.34201800 0.00000000 0.93969300
vn 0.34202800 0.00000300 0.93969000
vn 0.34202100 0.00000000 0.93969200
vn 0.34204400 0.00000700 0.93968400
vn 0.34201700 0.00000000 0.93969400
vn 0.34204400 0.00000700 0.93968400
vn 0.34203200 -0.00001200 0.93968800
vn 0.34201700 0.00000000 0.93969400
vn 0.34201700 0.00000000 0.93969400
vn 0.34203200 -0.00001200 0.93968800
vn 0.34204100 -0.00001900 0.93968500
vn 0.34199700 0.00001400 0.93970100
vn 0.34204100 -0.00001900 0.93968500
vn 0.34201700 0.00000000 0.93969400
vn 0.34201900 0.00000300 0.93969300
vn 0.34201700 0.00000000 0.93969400
vn 0.34201500 0.00000900 0.93969500
vn 0.34201900 -0.00000700 0.93969300
vn 0.34201500 0.00000900 0.93969500
vn 0.34200800 0.00001100 0.93969700
vn 0.34200800 0.00001100 0.93969700
vn 0.34201900 -0.00000700 0.93969300
vn 0.34201600 -0.00001800 0.93969400
vn 0.34201200 -0.00000600 0.93969600
vn 0.34201600 -0.00001800 0.93969400
vn 0.34200800 0.00001100 0.93969700
vn 0.34206300 0.00004800 0.93967700
vn 0.34201200 -0.00000600 0.93969600
vn 0.34201600 -0.00001800 0.93969400
vn 0.34203200 0.00000200 0.93968800
vn 0.34206300 0.00004800 0.93967700
vn 0.34201200 -0.00000600 0.93969600
vn 0.34198200 -0.00001100 0.93970600
vn 0.34203200 0.00000200 0.93968800
vn 0.34206300 0.00004800 0.93967700
vn 0.34198200 -0.00001100 0.93970600
vn 0.34202000 -0.00000200 0.93969300
vn 0.34201500 0.00000100 0.93969500
vn 0.34203200 0.00000200 0.93968800
vn 0.34201800 0.00000000 0.93969300
vn 0.34201200 -0.00000700 0.93969600
vn 0.34200800 -0.00001000 0.93969700
vn 0.34202600 0.00000700 0.93969100
vn 0.34201200 -0.00000700 0.93969600
vn 0.34202200 -0.00000300 0.93969200
vn 0.34204500 0.00001300 0.93968400
vn 0.34202400 -0.00000100 0.93969100
vn 0.34201000 -0.00000400 0.93969600
vn 0.34202600 0.00000700 0.93969100
vn 0.34201200 -0.00000400 0.93969600
vn 0.34198300 -0.00000800 0.93970600
vn 0.34199700 -0.00000600 0.93970100
vn 0.34201800 -0.00000100 0.93969300
vn 0.34204100 0.00000700 0.93968500
vn 0.34201500 0.00000300 0.93969400
vn 0.34198300 -0.00000800 0.93970600
vn 0.34199700 -0.00000600 0.93970100
vn 0.34204100 0.00000700 0.93968500
vn 0.34201200 -0.00000400 0.93969600
vn 0.34199700 -0.00000600 0.93970100
vn 0.34201000 -0.00000400 0.93969600
vn 0.34201200 -0.00000400 0.93969600
vn 0.34201200 0.00000500 0.93969600
vn 0.34201300 0.00000400 0.93969500
vn 0.34202400 -0.00000100 0.93969100
vn 0.34201500 0.00000400 0.93969400
vn 0.34201300 0.00000400 0.93969500
vn 0.34204500 -0.00000700 0.93968300
vn 0.34202400 -0.00000100 0.93969100
vn 0.34204500 0.00001300 0.93968400
vn 0.34201000 -0.00000400 0.93969600
vn 0.34204500 0.00001300 0.93968400
vn 0.34202400 -0.00000100 0.93969100
vn 0.34201800 0.00000000 0.93969300
vn 0.34202100 0.00000000 0.93969200
vn 0.34201800 0.00000000 0.93969300
vn 0.34201500 0.00000100 0.93969500
vn 0.34201900 0.00000100 0.93969300
vn 0.34201900 0.00000100 0.93969300
vn 0.34200600 0.00000800 0.93969800
vn 0.34202800 0.00000300 0.93969000
vn 0.34201800 0.00000000 0.93969300
vn 0.34202000 -0.00000200 0.93969300
vn 0.34201800 0.00000000 0.93969300
vn 0.34202100 0.00000000 0.93969200
vn 0.34202000 -0.00000200 0.93969300
vn 0.34198200 -0.00001100 0.93970600
vn 0.25850100 -0.96141800 -0.09408900
vn 0.25849700 -0.96141900 -0.09408400
vn 0.38637200 -0.91155900 -0.14063300
vn 0.40681100 -0.90143200 -0.14807200
vn 0.50331300 -0.84446200 -0.18319600
vn 0.50336300 -0.84442900 -0.18320700
vn 0.42701100 -0.89078900 -0.15542300
vn 0.64269900 -0.72953100 -0.23392900
vn 0.71197500 -0.65263800 -0.25914400
vn 0.77384400 -0.56730600 -0.28165400
vn 0.86922800 -0.37994300 -0.31636300
vn 0.90266100 -0.27797300 -0.32853300
vn 0.93113900 -0.13461500 -0.33890900
vn 0.93543200 -0.09510100 -0.34047500
vn 0.93852800 -0.04978500 -0.34159300
vn 0.93877800 -0.04415100 -0.34168100
vn 0.93927300 -0.02978700 -0.34187600
vn 0.93947800 -0.02121400 -0.34195100
vn 0.84096600 -0.00183500 -0.54108500
vn 0.91157700 -0.00168400 -0.41112500
vn 0.91165600 -0.00155000 -0.41095200
vn 0.46532700 -0.36865800 -0.80471300
vn 0.36938200 -0.24335500 -0.89684700
vn 0.39772600 -0.16151300 -0.90317600
vn -0.97965200 -0.00632000 0.20060500
vn -0.96552700 0.00218600 0.26029500
vn -0.99748700 0.00251100 -0.07080100
vn -0.99766400 -0.02020000 0.06525300
vn -0.98129700 -0.01459400 -0.19194400
vn -0.99063000 -0.03312200 -0.13249700
vn -0.25200400 -0.01583000 -0.96759700
vn -0.05811900 -0.05060900 -0.99702600
vn -0.10238500 -0.08542400 -0.99107000
vn -0.27662100 -0.00003600 -0.96097900
vn -0.30090800 -0.00007000 -0.95365300
vn -0.11047400 -0.00021200 -0.99387900
vn -0.38646500 -0.10788100 -0.91597300
vn -0.45291300 -0.31466500 -0.83417900
vn -0.46705100 -0.26632500 -0.84317000
vn -0.43477100 -0.29087500 -0.85227100
vn -0.36623800 -0.06924900 -0.92794100
vn -0.41878800 -0.27701000 -0.86480200
vn -0.37378000 -0.10294000 -0.92178700
vn -0.40693800 -0.24390500 -0.88029100
vn -0.51240600 -0.22766900 -0.82801400
vn -0.39271100 -0.07714600 -0.91642000
vn -0.38352000 -0.07948300 -0.92010600
vn -0.56299800 -0.04337700 -0.82531900
vn -0.42116000 -0.02795600 -0.90655600
vn -0.58160100 -0.11617600 -0.80513600
vn -0.42048400 -0.04888400 -0.90598200
vn -0.55976900 -0.18217400 -0.80837500
vn -0.41783900 -0.06839800 -0.90594300
vn -0.39795600 -0.06390300 -0.91517600
vn -0.41056600 -0.00409900 -0.91182200
vn -0.39706700 -0.00392700 -0.91778100
vn -0.40748800 -0.01077100 -0.91314700
vn -0.56316600 -0.01606900 -0.82618800
vn -0.54375700 -0.00825800 -0.83920200
vn -0.38993600 -0.00206500 -0.92084000
vn -0.40770300 -0.00196900 -0.91311300
vn -0.57255200 -0.00516900 -0.81985200
vn -0.42322500 -0.00118100 -0.90602400
vn -0.57881800 -0.00035400 -0.81545700
vn -0.39360500 0.00027200 -0.91927900
vn -0.11581400 -0.01184500 -0.99320000
vn -0.29597200 -0.00008300 -0.95519700
vn -0.15054700 0.00018600 -0.98860300
vn -0.30007800 0.00000900 -0.95391500
vn -0.12608600 0.00061600 -0.99201900
vn -0.28927600 0.00001400 -0.95724600
vn -0.13287500 -0.00101200 -0.99113200
vn -0.27385400 -0.00062600 -0.96177100
vn -0.27958800 -0.00227400 -0.96011700
vn -0.15262800 -0.18522600 -0.97077100
vn -0.26641100 -0.06013000 -0.96198200
vn -0.10795900 -0.16841200 -0.97978700
vn -0.26344700 -0.04783100 -0.96348700
vn -0.09274900 -0.13192400 -0.98691100
vn -0.27493500 -0.03204200 -0.96092900
vn -0.27352500 -0.02277400 -0.96159500
vn -0.27658600 -0.09142100 -0.95663100
vn -0.28638900 -0.06143700 -0.95614100
vn -0.28176700 -0.05683000 -0.95779800
vn -0.38194800 -0.37337500 -0.84540400
vn -0.35244900 -0.11197900 -0.92910800
vn -0.34986900 -0.31483600 -0.88230900
vn -0.34087200 -0.10514600 -0.93421100
vn -0.30472500 -0.31885900 -0.89748100
vn -0.32904100 -0.08898600 -0.94011300
vn -0.26388500 -0.30568600 -0.91483400
vn -0.31125400 -0.09935500 -0.94511900
vn -0.22224800 -0.29043200 -0.93072800
vn -0.30450600 -0.07924900 -0.94920800
vn -0.18665100 -0.26664100 -0.94555000
vn -0.13733000 -0.26049400 -0.95565800
vn -0.41277000 -0.44818200 -0.79294000
vn -0.39696500 -0.52755000 -0.75107200
vn -0.42641900 -0.45306300 -0.78288000
vn -0.43438700 -0.54998800 -0.71331600
vn -0.43658500 -0.43862100 -0.78549700
vn -0.43288700 -0.39597300 -0.80982300
vn -0.45571200 -0.51883700 -0.72328000
vn -0.95932100 -0.01673500 0.28182000
vn -0.93321300 -0.00011600 -0.35932400
vn -0.91295100 -0.01333500 -0.40785100
vn -0.90739200 -0.02517300 -0.41953100
vn -0.98426500 -0.08163500 -0.15671300
vn -0.89811000 -0.05700800 -0.43606000
vn -0.96270700 -0.18909200 -0.19349200
vn -0.96274500 -0.18906600 -0.19332700
vn -0.85410400 -0.08037700 -0.51385400
vn -0.92492400 -0.20609400 -0.31943900
vn -0.90115700 -0.25339700 -0.35171800
vn -0.91542400 -0.28584300 -0.28335800
vn -0.85862400 -0.38532700 -0.33806400
vn -0.85962300 -0.43093100 -0.27449500
vn -0.77992000 -0.52653400 -0.33835800
vn -0.76535600 -0.47988600 -0.42888100
vn -0.64171700 -0.73358000 -0.22373800
vn -0.66332400 -0.59719700 -0.45095100
vn -0.52754900 -0.81016300 -0.25559400
vn -0.95656500 -0.12055400 0.26542300
vn -0.98966800 -0.08933000 0.11214800
vn -0.94576300 -0.18074600 0.26993100
vn -0.98435900 -0.17617100 -0.00138600
vn -0.93863300 -0.30080700 0.16877000
vn -0.91509800 -0.26138900 0.30703700
vn -0.82675800 -0.55862100 0.06642800
vn -0.75126300 -0.58050500 0.31403500
vn -0.81364400 -0.50967300 0.27967400
vn -0.91979400 -0.38933800 0.04894000
vn -0.87464800 -0.40590200 0.26501700
vn -0.91243500 -0.33257700 0.23844100
vn -0.45394700 -0.89061800 0.02706000
vn -0.39821000 -0.89081100 0.21882400
vn -0.57811100 -0.81506000 0.03828400
vn -0.45643700 -0.86348300 0.21462100
vn -0.49794100 -0.82141100 0.27809800
vn -0.57904800 -0.77409800 0.25588200
vn -0.72661000 -0.68615600 0.03505000
vn -0.67072900 -0.69456000 0.26020800
vn -0.72831100 -0.63881400 0.24794900
vn -0.95276700 -0.06688800 0.29624400
vn -0.96268200 -0.05098600 0.26579000
vn -0.99202400 -0.04031500 0.11943000
vn -0.95418800 -0.04324800 0.29606400
vn -0.96434000 -0.03056800 0.26289500
vn -0.57616200 -0.65310000 -0.49142500
vn -0.51296700 -0.70709400 -0.48670600
vn -0.45629500 -0.85274800 -0.25419500
vn -0.48652400 -0.71786600 -0.49795900
vn -0.41437900 -0.86871900 -0.27132500
vn -0.45498400 -0.73077800 -0.50887400
vn -0.37330600 -0.88311800 -0.28415900
vn -0.42137000 -0.74186200 -0.52162000
vn -0.29745700 -0.89731100 -0.32611700
vn -0.36241700 -0.75106400 -0.55186700
vn -0.15502200 -0.90428200 -0.39779700
vn -0.29015900 -0.74664300 -0.59860900
vn -0.17437000 -0.76762300 -0.61672500
vn 0.44069200 -0.57349900 -0.69057200
vn 0.41414100 -0.50044700 -0.76029000
vn 0.22343000 -0.57240000 -0.78894700
vn 0.25931100 -0.50441700 -0.82360300
vn 0.31070500 -0.41525600 -0.85500000
vn 0.32200200 -0.33292100 -0.88627200
vn 0.17828000 -0.82747500 -0.53244800
vn 0.03274200 -0.89132000 -0.45219200
vn -0.07136700 -0.75653200 -0.65005100
vn -0.01138100 -0.71655700 -0.69743500
vn 0.09128400 -0.68451000 -0.72326600
vn 0.32467000 -0.72011400 -0.61320900
vn 0.13832700 -0.62182200 -0.77084600
vn -0.05110400 -0.98838800 -0.14309700
vn -0.21654100 -0.97308700 -0.07881800
vn -0.30125300 -0.95299200 -0.03243200
vn -0.34982200 -0.93635700 -0.02933600
vn -0.39408300 -0.91904700 -0.00719600
vn -0.72731800 -0.68326200 -0.06450300
vn -0.83835600 -0.54283700 -0.04987400
vn -0.91987000 -0.38852800 -0.05371900
vn 0.45646300 -0.80884600 -0.37068700
vn 0.29017500 -0.90542000 -0.30986000
vn 0.13451900 -0.96330200 -0.23227900
vn 0.16835300 -0.98564000 -0.01308600
vn 0.71723100 -0.62494800 -0.30825300
vn 0.69176800 -0.68705000 -0.22230300
vn 0.59291900 -0.66892100 -0.44832000
vn 0.62416700 -0.74506100 -0.23515700
vn 0.58045800 -0.78865300 -0.20271900
vn 0.53818900 -0.83133500 -0.13869000
vn 0.45758400 -0.87405900 -0.16321200
vn 0.36321600 -0.92669200 -0.09651400
vn 0.27500900 -0.95815000 -0.07949000
vn 0.81210900 -0.13163400 -0.56846400
vn 0.89274500 -0.18739400 -0.40974400
vn 0.75968500 -0.32917700 -0.56082200
vn 0.89212500 -0.26417100 -0.36650500
vn 0.76663200 -0.55178600 -0.32834000
vn 0.67495800 -0.51084800 -0.53241600
vn 0.82323900 -0.44098000 -0.35751200
vn 0.86681600 -0.36168600 -0.34324000
vn 0.53400600 -0.00085400 -0.84548000
vn 0.66568400 -0.00152700 -0.74623200
vn 0.64080200 0.00110000 -0.76770600
vn 0.80803000 -0.00044500 -0.58914200
vn 0.67993900 0.00117200 -0.73326700
vn 0.83998900 -0.00074300 -0.54260300
vn 0.67612100 -0.01605200 -0.73661500
vn 0.83776700 -0.02340700 -0.54552700
vn 0.63097000 -0.10529600 -0.76862900
vn 0.57933900 -0.25978800 -0.77257800
vn 0.54734900 -0.42198700 -0.72272800
vn 0.18242100 -0.00025500 -0.98322100
vn 0.35818000 -0.00154300 -0.93365100
vn 0.38674100 0.00207000 -0.92218600
vn 0.42007300 0.00287400 -0.90748600
vn 0.41533300 -0.00591700 -0.90965000
vn 0.38923400 -0.05472200 -0.91951200
vn 0.13999500 -0.05673200 -0.98852600
vn 0.17897200 -0.12918200 -0.97533600
vn 0.16208200 -0.20837300 -0.96452600
vn 0.13536700 -0.27511600 -0.95183300
vn 0.10051200 -0.33805300 -0.93574400
vn 0.05844500 -0.39549200 -0.91660800
vn 0.00811000 -0.44648700 -0.89475400
vn -0.04983900 -0.48955800 -0.87054500
vn -0.11401700 -0.52412400 -0.84397600
vn -0.18324400 -0.54937800 -0.81523300
vn -0.25333900 -0.56289800 -0.78674400
vn -0.33196800 -0.56396900 -0.75613300
vn -0.39099400 -0.43172800 -0.81285600
vn 0.09238100 0.00114500 -0.99572300
vn 0.11833400 0.00211700 -0.99297200
vn 0.10662900 -0.00141000 -0.99429800
vn 0.13523300 -0.01841200 -0.99064300
vn 0.07242000 -0.00001300 -0.99737400
vn -0.48086600 -0.52467700 -0.70248300
vn -0.49967000 -0.51736800 -0.69473800
vn -0.54701800 -0.49247800 -0.67693200
vn -0.62527500 -0.42392900 -0.65522200
vn -0.69928500 -0.32578400 -0.63629100
vn -0.74970600 -0.21433600 -0.62610000
vn -0.74486600 -0.08225400 -0.66212400
vn -0.74715100 -0.06088600 -0.66186000
vn -0.73594700 -0.03100500 -0.67632900
vn -0.74736700 -0.01633500 -0.66421100
vn -0.76549000 -0.00827300 -0.64339500
vn -0.84421200 0.00103000 -0.53600800
vn -0.73056300 0.00148700 -0.68284300
vn 0.91388400 -0.00159000 -0.40597300
vn 0.91184600 -0.01895100 -0.41009400
vn 0.90693400 -0.07035900 -0.41535500
vn 0.11107300 -0.99247800 0.05148200
vn -0.02626000 -0.99519500 0.09432300
vn -0.15899000 -0.97490900 0.15580500
vn -0.23642000 -0.95439100 0.18232700
vn -0.28141700 -0.94109200 0.18748300
vn -0.32323500 -0.92450500 0.20201400
vn -0.35211100 -0.91353000 0.20366800
vn -0.79890000 -0.24757300 -0.54814900
vn -0.82825200 -0.20441100 -0.52174200
vn -0.81039700 -0.14198400 -0.56841700
vn -0.81037100 -0.14203200 -0.56844200
vn -0.34202000 0.00003100 -0.93969300
vn -0.34200700 0.00002900 -0.93969700
vn -0.35011400 0.12740200 -0.92800300
vn -0.33693800 0.09550900 -0.93667000
vn -0.34202900 -0.00001300 -0.93969000
vn -0.34201800 0.00000800 -0.93969300
vn -0.34205100 -0.00000300 -0.93968200
vn -0.34196400 0.00001900 -0.93971300
vn -0.34201700 -0.00000200 -0.93969400
vn -0.34202000 -0.00000500 -0.93969300
vn -0.34199300 0.00000200 -0.93970300
vn -0.34205100 -0.00000300 -0.93968200
vn -0.34199300 0.00000200 -0.93970300
vn -0.34205100 -0.00000300 -0.93968200
vn -0.34199300 0.00000200 -0.93970300
vn -0.34202000 -0.00000500 -0.93969300
vn -0.34202400 -0.00000200 -0.93969100
vn -0.36992200 0.08114500 -0.92551200
vn -0.34204100 0.00005400 -0.93968500
vn -0.37310800 0.09992900 -0.92239100
vn -0.34202500 -0.00000300 -0.93969100
vn -0.34202200 0.00000800 -0.93969200
vn -0.29591400 -0.00022500 -0.95521500
vn -0.34203600 0.00001100 -0.93968700
vn -0.34201100 0.00000100 -0.93969600
vn -0.34196400 0.00001900 -0.93971300
vn -0.34202000 -0.00000500 -0.93969300
vn -0.34201700 0.00000100 -0.93969400
vn -0.34201700 0.00000100 -0.93969400
vn -0.34202300 0.00000200 -0.93969200
vn -0.34196400 0.00001900 -0.93971300
vn -0.34203300 0.00001200 -0.93968800
vn -0.34201700 0.00000100 -0.93969400
vn -0.34202500 0.00000300 -0.93969100
vn -0.34202100 0.00000100 -0.93969200
vn -0.34202400 0.00000200 -0.93969100
vn -0.34203200 -0.00000900 -0.93968800
vn -0.34203000 -0.00000700 -0.93968900
vn -0.34203200 0.00001500 -0.93968800
vn -0.34203300 0.00000700 -0.93968800
vn -0.34202600 -0.00001700 -0.93969100
vn -0.29437000 -0.00022100 -0.95569200
vn -0.29241000 0.06946800 -0.95376700
vn -0.27495600 0.07570200 -0.95847200
vn -0.34201800 -0.00000600 -0.93969300
vn -0.27017600 0.06637100 -0.96052100
vn -0.34203100 0.00001100 -0.93968900
vn -0.28425500 -0.00010300 -0.95874900
vn -0.27611800 -0.00028600 -0.96112400
vn -0.34202900 -0.00000700 -0.93968900
vn -0.34202700 0.00000400 -0.93969000
vn -0.32128800 0.10613600 -0.94101500
vn -0.31136800 0.08486000 -0.94649300
vn -0.29276600 0.09160300 -0.95178600
vn -0.34196000 -0.00003000 -0.93971500
vn -0.34202300 0.00000100 -0.93969100
vn -0.27374600 0.00038400 -0.96180200
vn -0.34202200 -0.00000400 -0.93969200
vn -0.34196000 -0.00003000 -0.93971500
vn -0.34196000 -0.00003000 -0.93971500
vn -0.34203000 -0.00000100 -0.93968900
vn -0.34202200 -0.00000400 -0.93969200
vn -0.34203000 -0.00000100 -0.93968900
vn -0.34203000 0.00000900 -0.93968900
vn -0.34203100 0.00001600 -0.93968800
vn -0.34202100 0.00000400 -0.93969200
vn -0.26630300 0.05418300 -0.96236500
vn -0.29021000 0.02981100 -0.95649800
vn -0.34201600 -0.00000400 -0.93969400
vn -0.27255900 0.03271700 -0.96158300
vn -0.25226100 0.03229500 -0.96712000
vn -0.40734300 0.05787300 -0.91144000
vn -0.41481100 0.07834500 -0.90652900
vn -0.34201600 -0.00000100 -0.93969400
vn -0.39330700 0.07802200 -0.91609100
vn -0.34201400 -0.00000000 -0.93969500
vn -0.34205700 0.00000500 -0.93967900
vn -0.34203000 -0.00000100 -0.93968900
vn -0.34194700 -0.00000900 -0.93971900
vn -0.34202200 -0.00000100 -0.93969200
vn -0.37549800 0.06403100 -0.92460900
vn -0.38618500 0.10837800 -0.91603200
vn -0.27226900 0.01006400 -0.96216900
vn -0.26004800 0.00461500 -0.96558500
vn -0.34194700 -0.00000900 -0.93971900
vn -0.34194700 -0.00000900 -0.93971900
vn -0.34205700 0.00000500 -0.93967900
vn -0.34203000 -0.00000100 -0.93968900
vn -0.34205700 0.00000500 -0.93967900
vn -0.34203000 -0.00000100 -0.93968900
vn -0.34202200 -0.00000400 -0.93969200
vn -0.34203000 -0.00000100 -0.93968900
vn -0.34202400 0.00000800 -0.93969100
vn -0.34202000 0.00000200 -0.93969300
vn -0.34201600 -0.00000500 -0.93969400
vn -0.34199600 -0.00001000 -0.93970200
vn -0.34199000 -0.00001300 -0.93970300
vn -0.34200500 -0.00001500 -0.93969800
vn -0.39598100 0.00113400 -0.91825800
vn -0.34200900 -0.00000700 -0.93969700
vn -0.40775100 0.00221100 -0.91309000
vn -0.34202300 0.00000900 -0.93969100
vn -0.40044100 0.00276200 -0.91631800
vn -0.34200400 0.00002900 -0.93969900
vn -0.38662800 0.00255400 -0.92223200
vn -0.34199300 0.00004400 -0.93970300
vn -0.41780300 0.00624800 -0.90851600
vn -0.42176800 0.01654200 -0.90655300
vn -0.42415300 0.03764000 -0.90480800
vn -0.40847100 0.04355500 -0.91173100
vn 0.34204500 -0.00000300 0.93968300
vn 0.34201600 0.00001100 0.93969400
vn 0.34204400 0.00001700 0.93968400
vn 0.34204300 0.00002200 0.93968400
vn 0.34204400 0.00001700 0.93968400
vn 0.34204500 -0.00000300 0.93968300
vn 0.34201600 0.00003000 0.93969400
vn 0.34201900 0.00002900 0.93969300
vn 0.34204500 -0.00000300 0.93968300
vn 0.34201600 0.00001100 0.93969400
vn 0.34201600 0.00001000 0.93969400
vn 0.34205000 0.00000100 0.93968200
vn 0.34199800 -0.00004100 0.93970100
vn 0.34204800 0.00002500 0.93968300
vn 0.34205000 0.00000100 0.93968200
vn 0.34199800 -0.00004100 0.93970100
vn 0.34204700 0.00008100 0.93968300
vn 0.34199900 -0.00000500 0.93970000
vn 0.34199900 -0.00000500 0.93970000
vn 0.34200700 0.00001500 0.93969700
vn 0.34205000 0.00000100 0.93968200
vn 0.34202200 0.00001100 0.93969200
vn 0.34199900 -0.00000500 0.93970000
vn 0.34200700 0.00001500 0.93969700
vn 0.34201400 0.00001600 0.93969500
vn 0.34199600 -0.00001000 0.93970100
vn 0.34201200 0.00002700 0.93969600
vn 0.34199400 -0.00001600 0.93970200
vn 0.34199600 -0.00001000 0.93970100
vn 0.34203500 0.00000500 0.93968700
vn 0.34199600 -0.00001000 0.93970100
vn 0.34201200 0.00002700 0.93969600
vn 0.34202800 0.00003600 0.93969000
vn 0.34199400 -0.00001600 0.93970200
vn 0.34203800 0.00000600 0.93968600
vn 0.34203500 0.00000500 0.93968700
vn 0.34199400 -0.00001600 0.93970200
vn 0.34203100 0.00001600 0.93968900
vn 0.34204300 0.00002200 0.93968400
vn 0.34204400 0.00001700 0.93968400
vn 0.34201600 0.00003000 0.93969400
vn 0.34204300 0.00002200 0.93968400
vn 0.34204300 -0.00008200 0.93968400
vn 0.34200200 -0.00003300 0.93969900
vn 0.34204300 -0.00008200 0.93968400
vn 0.34201700 -0.00003200 0.93969400
vn 0.34201600 0.00003000 0.93969400
vn 0.34203100 -0.00002200 0.93968900
vn 0.34201900 0.00002900 0.93969300
vn 0.34204300 -0.00001000 0.93968400
vn 0.34203300 0.00001500 0.93968800
vn 0.34201600 0.00001000 0.93969400
vn 0.34201900 0.00002900 0.93969300
vn 0.34203300 0.00001500 0.93968800
vn 0.34201600 0.00001000 0.93969400
vn 0.34201600 0.00001100 0.93969400
vn 0.34199800 -0.00004100 0.93970100
vn 0.34204700 0.00008100 0.93968300
vn 0.34197500 -0.00002900 0.93970900
vn 0.34204700 0.00008100 0.93968300
vn 0.34204800 0.00002500 0.93968300
vn 0.34204800 0.00002500 0.93968300
vn 0.34199800 0.00002700 0.93970100
vn 0.34199900 -0.00000700 0.93970000
vn 0.34197500 -0.00002900 0.93970900
vn 0.34203400 0.00000800 0.93968700
vn 0.34200800 0.00002700 0.93969700
vn 0.34204300 0.00000700 0.93968400
vn 0.34203700 -0.00000400 0.93968700
vn 0.34199800 0.00002500 0.93970100
vn 0.34202200 0.00001000 0.93969200
vn 0.34203700 -0.00000400 0.93968700
vn 0.34202000 -0.00002900 0.93969300
vn 0.34199800 0.00002500 0.93970100
vn 0.34203700 -0.00000400 0.93968700
vn 0.34203400 0.00000800 0.93968700
vn 0.34200200 -0.00003300 0.93969900
vn 0.34204300 -0.00008200 0.93968400
vn 0.34200200 -0.00003300 0.93969900
vn 0.34198600 0.00000700 0.93970500
vn 0.34201700 -0.00003200 0.93969400
vn 0.34198600 0.00000700 0.93970500
vn 0.34201700 -0.00003200 0.93969400
vn 0.34201200 -0.00000600 0.93969600
vn 0.34200500 0.00001200 0.93969800
vn 0.34201200 -0.00000600 0.93969600
vn 0.34198600 0.00000700 0.93970500
vn 0.34201200 -0.00000600 0.93969600
vn 0.34200500 0.00001200 0.93969800
vn 0.34205500 -0.00000600 0.93968000
vn 0.34205500 -0.00000600 0.93968000
vn 0.34202400 0.00002400 0.93969100
vn 0.34200500 0.00001200 0.93969800
vn 0.34201200 0.00000300 0.93969600
vn 0.34202400 0.00002400 0.93969100
vn 0.34202400 0.00002700 0.93969100
vn 0.34205500 -0.00000600 0.93968000
vn 0.34197500 -0.00002900 0.93970900
vn 0.34199800 0.00002700 0.93970100
vn 0.34198700 -0.00001700 0.93970500
vn 0.34199800 0.00002700 0.93970100
vn 0.34199900 -0.00000700 0.93970000
vn 0.34199900 -0.00000700 0.93970000
vn 0.34188800 -0.00026700 0.93974100
vn 0.34198700 -0.00001700 0.93970500
vn 0.34188800 -0.00026700 0.93974100
vn 0.34198700 -0.00001700 0.93970500
vn 0.34204800 0.00002600 0.93968300
vn 0.34203800 0.00002000 0.93968600
vn 0.34188800 -0.00026700 0.93974100
vn 0.34204800 0.00002600 0.93968300
vn 0.34202700 0.00000900 0.93969000
vn 0.34203500 0.00001700 0.93968700
vn 0.34202700 0.00002600 0.93969000
vn 0.34201900 0.00001100 0.93969300
vn 0.34202100 0.00001000 0.93969200
vn 0.34203500 0.00001700 0.93968700
vn 0.34201900 0.00001100 0.93969300
vn 0.34201900 0.00001100 0.93969300
vn 0.34202100 0.00001000 0.93969200
vn 0.34203400 0.00001300 0.93968800
vn 0.34203200 0.00001200 0.93968800
vn 0.34202100 0.00001000 0.93969200
vn 0.34203400 0.00001300 0.93968800
vn 0.34203200 0.00001200 0.93968800
vn 0.34202200 0.00001100 0.93969200
vn 0.34203400 0.00001300 0.93968800
vn 0.34201400 0.00001600 0.93969500
vn 0.34202200 0.00001100 0.93969200
vn 0.34203200 0.00001200 0.93968800
vn 0.34200700 0.00001500 0.93969700
vn 0.34201400 0.00001600 0.93969500
vn 0.34204300 0.00000700 0.93968400
vn 0.34203400 0.00000800 0.93968700
vn 0.34201400 -0.00005100 0.93969500
vn 0.34204300 0.00000700 0.93968400
vn 0.34200800 0.00002700 0.93969700
vn 0.34200800 0.00002700 0.93969700
vn 0.34201400 -0.00005100 0.93969500
vn 0.34203200 -0.00000400 0.93968800
vn 0.34197500 0.00003200 0.93970900
vn 0.34202400 0.00002500 0.93969100
vn 0.34202200 0.00001000 0.93969200
vn 0.34202000 -0.00001900 0.93969300
vn 0.34203900 0.00000300 0.93968600
vn 0.34203900 0.00000400 0.93968600
vn 0.34202200 0.00001000 0.93969200
vn 0.34202000 -0.00002900 0.93969300
vn 0.34203900 0.00000300 0.93968600
vn 0.34199800 0.00002500 0.93970100
vn 0.34202000 -0.00002900 0.93969300
vn 0.34202000 -0.00001900 0.93969300
vn 0.34203900 0.00000400 0.93968600
vn 0.34201400 0.00000100 0.93969500
vn 0.34204600 -0.00001200 0.93968300
vn 0.34202400 0.00002500 0.93969100
vn 0.34202000 -0.00001900 0.93969300
vn 0.34203900 0.00000300 0.93968600
vn 0.34202400 0.00002500 0.93969100
vn 0.34203800 0.00000600 0.93968600
vn 0.34201800 0.00002600 0.93969400
vn 0.34202400 0.00000200 0.93969100
vn 0.34200300 -0.00001900 0.93969900
vn 0.34201800 0.00002600 0.93969400
vn 0.34202100 -0.00000300 0.93969200
vn 0.34202400 0.00000200 0.93969100
vn 0.34202400 0.00000200 0.93969100
vn 0.34202100 -0.00000300 0.93969200
vn 0.34201600 0.00000300 0.93969400
vn 0.34199300 -0.00000000 0.93970200
vn 0.34202100 -0.00000300 0.93969200
vn 0.34201600 0.00000300 0.93969400
vn 0.34201600 0.00000300 0.93969400
vn 0.34199300 -0.00000000 0.93970200
vn 0.34198900 -0.00000200 0.93970400
vn 0.34199300 -0.00000000 0.93970200
vn 0.34202200 -0.00000000 0.93969200
vn 0.34198900 -0.00000200 0.93970400
vn 0.34201600 -0.00000100 0.93969400
vn 0.34201800 0.00001000 0.93969300
vn 0.34203600 0.00000100 0.93968700
vn 0.34202200 -0.00000000 0.93969200
vn 0.34203600 0.00000200 0.93968700
vn 0.34198900 -0.00000200 0.93970400
vn 0.34201600 -0.00000100 0.93969400
vn 0.34202200 -0.00000000 0.93969200
vn 0.34201800 0.00001000 0.93969300
vn 0.34201600 -0.00000100 0.93969400
vn 0.34203500 0.00000500 0.93968700
vn 0.34203100 0.00001600 0.93968900
vn 0.34200300 -0.00001900 0.93969900
vn 0.34203100 0.00001600 0.93968900
vn 0.34203800 0.00000600 0.93968600
vn 0.34200300 -0.00001900 0.93969900
vn 0.34201800 0.00002600 0.93969400
vn 0.34201200 0.00002700 0.93969600
vn 0.34202800 0.00003600 0.93969000
vn 0.34202200 -0.00001500 0.93969200
vn 0.34202800 0.00003600 0.93969000
vn 0.34202600 -0.00000900 0.93969000
vn 0.34204100 -0.00001900 0.93968500
vn 0.34201300 -0.00003000 0.93969500
vn 0.34202200 -0.00001500 0.93969200
vn 0.34201300 -0.00003000 0.93969500
vn 0.34202200 -0.00001500 0.93969200
vn 0.34203600 0.00000200 0.93968700
vn 0.34201800 0.00001000 0.93969300
vn 0.34203600 0.00000100 0.93968700
vn 0.34202300 -0.00000300 0.93969200
vn 0.34203600 0.00000200 0.93968700
vn 0.34202300 -0.00000300 0.93969200
vn 0.34203600 0.00000100 0.93968700
vn 0.34202100 0.00000200 0.93969200
vn 0.34202300 -0.00000300 0.93969200
vn 0.34202100 0.00000200 0.93969200
vn 0.34201400 0.00000100 0.93969500
vn 0.34202100 0.00000200 0.93969200
vn 0.34204600 -0.00001200 0.93968300
vn 0.34201400 0.00000100 0.93969500
vn 0.34203900 0.00000400 0.93968600
vn 0.34204600 -0.00001200 0.93968300
vn 0.34201400 -0.00005100 0.93969500
vn 0.34197500 0.00003200 0.93970900
vn 0.34197500 0.00003200 0.93970900
vn 0.34203200 -0.00000400 0.93968800
vn 0.34203300 -0.00001900 0.93968800
vn 0.34196600 0.00005100 0.93971200
vn 0.34203200 -0.00000400 0.93968800
vn 0.34203300 -0.00001900 0.93968800
vn 0.34196600 0.00005100 0.93971200
vn 0.34203300 -0.00001900 0.93968800
vn 0.34200800 -0.00000500 0.93969700
vn 0.34202700 0.00000900 0.93969000
vn 0.34196600 0.00005100 0.93971200
vn 0.34200800 -0.00000500 0.93969700
vn 0.34202700 0.00000900 0.93969000
vn 0.34200800 -0.00000500 0.93969700
vn 0.34202700 0.00002600 0.93969000
vn 0.34202700 0.00002600 0.93969000
vn 0.34203500 0.00001700 0.93968700
vn 0.34202100 -0.00002200 0.93969200
vn 0.34201200 0.00000300 0.93969600
vn 0.34199900 0.00001800 0.93970000
vn 0.34203700 -0.00000400 0.93968600
vn 0.34203700 -0.00000400 0.93968600
vn 0.34202100 -0.00002200 0.93969200
vn 0.34201900 -0.00002500 0.93969300
vn 0.34202100 -0.00002200 0.93969200
vn 0.34202600 -0.00000900 0.93969000
vn 0.34201900 -0.00002500 0.93969300
vn 0.34201900 -0.00002500 0.93969300
vn 0.34202600 -0.00000900 0.93969000
vn 0.34204100 -0.00001900 0.93968500
vn 0.34204100 -0.00001900 0.93968500
vn 0.34201300 -0.00003000 0.93969500
vn 0.34204800 0.00002600 0.93968300
vn 0.34202700 -0.00000400 0.93969000
vn 0.34202500 -0.00000400 0.93969100
vn 0.34203800 0.00002000 0.93968600
vn 0.34203800 0.00002000 0.93968600
vn 0.34202700 -0.00000400 0.93969000
vn 0.34202500 -0.00000400 0.93969100
vn 0.34204400 0.00000200 0.93968400
vn 0.34202700 -0.00000400 0.93969000
vn 0.34199800 -0.00000100 0.93970100
vn 0.34202400 0.00002400 0.93969100
vn 0.34202400 0.00002700 0.93969100
vn 0.34202400 0.00002700 0.93969100
vn 0.34201200 0.00000300 0.93969600
vn 0.34199900 0.00001800 0.93970000
vn 0.34203700 -0.00000400 0.93968600
vn 0.34199900 0.00001800 0.93970000
vn 0.34199800 -0.00000100 0.93970100
vn 0.34201600 -0.00000400 0.93969400
vn 0.34201700 0.00001200 0.93969400
vn 0.34201000 0.00000800 0.93969600
vn 0.34204400 0.00000200 0.93968400
vn 0.34201600 -0.00000400 0.93969400
vn 0.34199800 -0.00000100 0.93970100
vn 0.34202500 -0.00000400 0.93969100
vn 0.34204400 0.00000200 0.93968400
vn 0.34206600 -0.00001600 0.93967600
vn 0.34201700 0.00000000 0.93969400
vn 0.34201400 0.00001100 0.93969500
vn 0.34203500 0.00001100 0.93968700
vn 0.34203100 0.00000100 0.93968900
vn 0.34203500 0.00001100 0.93968700
vn 0.34203100 0.00000000 0.93968900
vn 0.34203100 0.00000100 0.93968900
vn 0.34203500 0.00001100 0.93968700
vn 0.34201700 0.00000000 0.93969400
vn 0.34203100 0.00000000 0.93968900
vn 0.34202800 -0.00000300 0.93969000
vn 0.34203100 0.00000100 0.93968900
vn 0.34203100 0.00000000 0.93968900
vn 0.34202800 -0.00000300 0.93969000
vn 0.34201100 -0.00000900 0.93969600
vn 0.34202800 -0.00000300 0.93969000
vn 0.34201800 -0.00000300 0.93969300
vn 0.34201000 0.00000800 0.93969600
vn 0.34201100 -0.00000900 0.93969600
vn 0.34201400 0.00001100 0.93969500
vn 0.34201700 0.00000000 0.93969400
vn 0.34206600 -0.00001500 0.93967600
vn 0.34206600 -0.00001600 0.93967600
vn 0.34201400 0.00001100 0.93969500
vn 0.34206600 -0.00001600 0.93967600
vn 0.34206600 -0.00001500 0.93967600
vn 0.34202100 0.00000600 0.93969200
vn 0.34206600 -0.00001500 0.93967600
vn 0.34202100 0.00000600 0.93969200
vn 0.34199500 -0.00000100 0.93970200
vn 0.34199500 -0.00000100 0.93970200
vn 0.34201300 -0.00001600 0.93969500
vn 0.34200700 0.00000300 0.93969700
vn 0.34202100 0.00000600 0.93969200
vn 0.34201100 -0.00000900 0.93969600
vn 0.34201800 -0.00000300 0.93969300
vn 0.34201700 0.00001200 0.93969400
vn 0.34201000 0.00000800 0.93969600
vn 0.34201800 -0.00000300 0.93969300
vn 0.34201700 0.00001200 0.93969400
vn 0.34201600 -0.00000400 0.93969400
vn 0.34199500 -0.00000100 0.93970200
vn 0.34200700 0.00000300 0.93969700
vn 0.34201300 -0.00001600 0.93969500
vn 0.34204700 0.00001200 0.93968300
vn 0.34200700 0.00000300 0.93969700
vn 0.34204700 0.00001200 0.93968300
vn 0.34204800 0.00000700 0.93968300
vn 0.34201300 -0.00001600 0.93969500
vn 0.34204700 0.00001200 0.93968300
vn 0.34203800 -0.00000100 0.93968600
vn 0.34204800 0.00000700 0.93968300
vn 0.34204300 -0.00001000 0.93968400
vn 0.34203800 -0.00000100 0.93968600
vn 0.34204800 0.00000700 0.93968300
vn 0.34203100 -0.00002200 0.93968900
vn 0.34204300 -0.00001000 0.93968400
vn 0.34203800 -0.00000100 0.93968600
vn 0.34203100 -0.00002200 0.93968900
vn 0.34203300 0.00001500 0.93968800
vn -0.93966200 -0.00607200 0.34205200
vn -0.93969000 0.00220100 0.34202100
vn 0.93969300 -0.00169000 -0.34201500
vn 0.94067500 -0.00483200 -0.33927300
vn -0.93954400 -0.02044600 0.34181600
vn -0.93581800 -0.03529200 0.35071200
vn -0.93521900 -0.05148600 0.35030600
vn -0.92825100 -0.11511100 0.35369500
vn -0.90266300 -0.21996600 0.36988300
vn -0.86458000 -0.32915700 0.37968100
vn -0.80781900 -0.44803500 0.38300500
vn -0.74911400 -0.53753900 0.38714400
vn -0.67875600 -0.62768400 0.38118800
vn -0.59159000 -0.71806700 0.36660700
vn -0.50818000 -0.78415400 0.35616800
vn -0.40759000 -0.84775600 0.33938200
vn -0.31579100 -0.89619600 0.31162300
vn -0.26976700 -0.91862800 0.28870100
vn -0.23067700 -0.93353200 0.27442100
vn -0.19021100 -0.94676500 0.25972400
vn -0.06965600 -0.97230200 0.22310500
vn 0.09352700 -0.98323100 0.15655700
vn 0.20477200 -0.97392000 0.09771800
vn 0.31479800 -0.94565300 0.08150000
vn 0.49822200 -0.86679800 -0.02088300
vn 0.60939300 -0.78758300 -0.09139900
vn 0.68834000 -0.71264400 -0.13537600
vn 0.76040600 -0.62444200 -0.17848100
vn 0.82990800 -0.51036400 -0.22534900
vn 0.87618000 -0.40965600 -0.25395000
vn 0.91149100 -0.29728000 -0.28427000
vn 0.93023100 -0.19424300 -0.31135300
vn 0.94497100 -0.09628300 -0.31266400
vn -0.93963000 0.00951500 0.34206100
vn 0.93522200 0.21461200 -0.28160400
vn 0.94005300 0.08630900 -0.32992600
vn 0.92087500 0.06379200 -0.38460500
vn 0.93986100 0.00233800 -0.34155000
vn 0.91925300 0.00027400 -0.39366700
vn 0.93968900 -0.00170000 -0.34202700
vn 0.92263900 -0.00168900 -0.38566200
vn 0.93970200 -0.00168100 -0.34199000
vn 0.91741600 -0.00198100 -0.39792300
vn 0.93968600 -0.00169300 -0.34203400
vn 0.92105900 -0.00168800 -0.38942000
vn 0.93968600 -0.00169100 -0.34203300
vn 0.92104800 -0.00168900 -0.38944600
vn 0.93969200 -0.00169300 -0.34201800
vn 0.92106200 -0.00169000 -0.38941300
vn 0.93970000 -0.00168800 -0.34199700
vn 0.92104400 -0.00168900 -0.38945400
vn 0.93969000 -0.00169200 -0.34202200
vn 0.91410300 -0.00183700 -0.40547700
vn 0.93969800 -0.00168500 -0.34200000
vn 0.91759000 -0.00168700 -0.39752500
vn 0.93968600 -0.00169500 -0.34203600
vn 0.91760000 -0.00168700 -0.39750200
vn 0.95039300 0.15843100 -0.26767900
vn 0.88255600 0.28034300 -0.37749500
vn 0.90763700 0.34324500 -0.24161500
vn 0.86468200 0.36300700 -0.34720500
vn 0.81062000 0.45442300 -0.36931800
vn 0.84678000 0.47639800 -0.23666100
vn 0.78104000 0.55310700 -0.28991200
vn 0.79123800 0.57807800 -0.19942100
vn 0.71615200 0.63633000 -0.28672200
vn 0.73089600 0.66401600 -0.15771400
vn 0.67700700 0.70376800 -0.21534100
vn 0.65463900 0.74705100 -0.11559500
vn 0.60483200 0.75646100 -0.24888700
vn 0.54504600 0.81517700 -0.19598700
vn 0.53448800 0.84392000 -0.04605800
vn 0.43421600 0.89512600 -0.10102700
vn 0.39074200 0.92023900 0.02191400
vn 0.33262000 0.93980900 -0.07825500
vn 0.27649300 0.95898200 -0.06249000
vn 0.27067100 0.95902200 0.08374600
vn 0.18901100 0.98138800 0.03393800
vn 0.07820700 0.98339900 0.16373800
vn 0.04691000 0.99779600 0.04692600
vn -0.12398000 0.98213800 0.14154400
vn -0.12909300 0.96296800 0.23670100
vn -0.23106700 0.95527600 0.18454100
vn -0.20840500 0.94100900 0.26658700
vn -0.26658200 0.94128700 0.20715400
vn -0.24753700 0.92709800 0.28145300
vn -0.30995300 0.92991400 0.19796100
vn -0.28460200 0.91183400 0.29590600
vn -0.34409900 0.91478300 0.21158400
vn -0.31881700 0.89382700 0.31532400
vn -0.37069900 0.89387400 0.25213600
vn -0.40182500 0.85103700 0.33804200
vn -0.45073800 0.86796000 0.20852300
vn -0.49298200 0.82495200 0.27644700
vn -0.46250500 0.81252200 0.35481900
vn -0.56925700 0.78585500 0.24161600
vn -0.53305600 0.76704800 0.35705500
vn -0.62806900 0.73404000 0.25829100
vn -0.61344300 0.69761700 0.37016000
vn -0.70904200 0.64945100 0.27472200
vn -0.68511400 0.61985900 0.38261400
vn -0.74788300 0.58547500 0.31287400
vn -0.75490800 0.53019100 0.38601900
vn -0.80096900 0.52729700 0.28356000
vn -0.84342600 0.45737600 0.28185300
vn -0.82268500 0.42083200 0.38221800
vn -0.89153900 0.35019800 0.28726300
vn -0.86876500 0.31873000 0.37902300
vn -0.92424700 0.27636100 0.26342200
vn -0.90556400 0.21202300 0.36742400
vn -0.93758200 0.20168600 0.28330800
vn -0.95287800 0.13742500 0.27044200
vn -0.92975400 0.10456000 0.35302100
vn -0.95241800 0.06943500 0.29678100
vn -0.93602500 0.05232600 0.34802300
vn -0.96319000 0.05278200 0.26358900
vn -0.95475300 0.04561600 0.29388200
vn -0.93376600 0.03478800 0.35618900
vn -0.96969100 0.03576100 0.24170500
vn -0.95588000 0.02347500 0.29281800
vn -0.92314500 0.02263900 0.38378500
vn -0.97816800 0.01112000 0.20751700
vn -0.90223800 0.01341700 -0.43103000
vn -0.17170000 0.23268300 -0.95727600
vn -0.19558300 0.27689200 -0.94078600
vn -0.23579400 0.29347800 -0.92642900
vn -0.27665700 0.31120300 -0.90918300
vn -0.31876200 0.31145600 -0.89520200
vn -0.35739900 0.30890200 -0.88138800
vn -0.11874500 0.12520800 -0.98499900
vn -0.10642900 0.18442100 -0.97706800
vn -0.12887400 0.21831200 -0.96733200
vn -0.05162400 0.11432600 -0.99210100
vn -0.08527900 0.05339800 -0.99492500
vn -0.10205800 -0.00109900 -0.99477800
vn -0.56348000 0.00457800 -0.82611700
vn -0.56433300 0.00890400 -0.82549900
vn -0.53905600 0.01260600 -0.84217600
vn -0.57759500 0.03717000 -0.81547700
vn -0.57372400 0.09066100 -0.81401600
vn -0.53777600 0.14759500 -0.83006800
vn -0.47373400 0.25937000 -0.84160800
vn -0.52542400 0.22784000 -0.81976700
vn -0.43311500 0.35617600 -0.82797900
vn -0.42363500 0.29083600 -0.85787400
vn -0.43641500 0.29081200 -0.85145200
vn -0.45482000 0.31374400 -0.83348900
vn -0.42963700 0.44616200 -0.78508100
vn -0.43946500 0.51995600 -0.73247300
vn -0.41427300 0.45016400 -0.79103100
vn -0.40125400 0.53197900 -0.74564900
vn -0.34279700 0.54326000 -0.76639300
vn -0.38005100 0.37497500 -0.84555000
vn -0.38701800 0.43236600 -0.81441800
vn -0.98681700 0.02278700 -0.16023100
vn -0.99658800 0.02277000 0.07933200
vn -0.99564100 0.04236600 0.08308500
vn -0.90398600 0.02667300 -0.42673000
vn -0.51929800 0.81514700 -0.25664200
vn -0.55958000 0.67808800 -0.47651500
vn -0.63872600 0.73632000 -0.22329800
vn -0.66107700 0.59688200 -0.45465300
vn -0.76077400 0.61625900 -0.20358600
vn -0.76194500 0.47991800 -0.43487800
vn -0.85791900 0.47455000 -0.19692100
vn -0.83604700 0.34501800 -0.42660000
vn -0.92466400 0.32376000 -0.20043700
vn -0.87463000 0.21382400 -0.43508800
vn -0.96544700 0.18130800 -0.18718800
vn -0.88984900 0.11118600 -0.44250100
vn -0.98468000 0.07792300 -0.15599100
vn -0.89982600 0.05075100 -0.43328700
vn -0.98465100 0.03684400 -0.17060100
vn -0.96981900 0.22942200 0.08256300
vn -0.99007300 0.09480600 0.10377000
vn -0.92061900 0.38536400 0.06288900
vn -0.82544400 0.55884100 0.07961400
vn -0.57912800 0.81412700 0.04253100
vn -0.45168300 0.89210000 0.01185900
vn -0.39270000 0.91956200 -0.01386000
vn -0.33975100 0.94040600 -0.01432600
vn -0.71372700 0.69899500 0.04472900
vn -0.08325800 0.75823400 -0.64664500
vn -0.16592700 0.75287300 -0.63690700
vn -0.14509800 0.90631800 -0.39690600
vn -0.26685700 0.76647400 -0.58421400
vn -0.30009000 0.89802300 -0.32171500
vn -0.36906500 0.75190900 -0.54628200
vn -0.37133600 0.88371700 -0.28487300
vn -0.42066600 0.74148800 -0.52272000
vn -0.41263900 0.86930500 -0.27209800
vn -0.45438600 0.72992300 -0.51063200
vn -0.45735800 0.85063500 -0.25931300
vn -0.48709500 0.72118700 -0.49257200
vn -0.50792000 0.69538000 -0.50839300
vn 0.33693600 0.72128400 -0.60516500
vn 0.21340100 0.54446300 -0.81118500
vn 0.16129100 0.62883000 -0.76063000
vn 0.18750100 0.82696200 -0.53007300
vn 0.45668400 0.35996400 -0.81355100
vn 0.36082600 0.21901800 -0.90655100
vn 0.34093200 0.33083800 -0.87995000
vn 0.41006600 0.48031900 -0.77533200
vn 0.28955500 0.38793100 -0.87502400
vn 0.27794400 0.50945000 -0.81437600
vn 0.08010500 0.65745600 -0.74922300
vn 0.01293100 0.72144700 -0.69234900
vn 0.02366300 0.89388000 -0.44768100
vn 0.45630500 0.61847800 -0.63974300
vn 0.55468800 0.46325500 -0.69117000
vn 0.58228100 0.27662100 -0.76448000
vn 0.70025500 -0.00341500 -0.71388500
vn 0.47495800 -0.00439700 -0.87999700
vn 0.68155600 -0.00413000 -0.73175400
vn 0.42497100 -0.00525400 -0.90519200
vn 0.67569400 0.01655300 -0.73699600
vn 0.41334400 0.00820600 -0.91053800
vn 0.62541500 0.11451200 -0.77184400
vn 0.37383900 0.06904700 -0.92492000
vn 0.37369400 0.06903300 -0.92498000
vn 0.41286300 0.16330400 -0.89603300
vn 0.37827300 0.13292400 -0.91610100
vn -0.05317000 0.98849700 -0.14158300
vn 0.13595800 0.96487200 -0.22480400
vn -0.29324600 0.95534000 -0.03650900
vn -0.21030400 0.97198800 -0.10494000
vn 0.57730700 0.67572100 -0.45838700
vn 0.67221000 0.50017500 -0.54585500
vn 0.30090800 0.90363000 -0.30480800
vn 0.45454800 0.80217600 -0.38716800
vn 0.74397800 0.31676400 -0.58835100
vn 0.80305800 0.13415300 -0.58060500
vn 0.85001200 0.11915100 -0.51311100
vn 0.83295800 0.02613100 -0.55271900
vn 0.84667300 -0.00246400 -0.53210800
vn 0.12039400 -0.00351400 -0.99272000
vn -0.11105700 -0.00153900 -0.99381300
vn 0.10995500 0.00188600 -0.99393500
vn -0.13606200 0.00102000 -0.99070000
vn 0.11316200 0.02733100 -0.99320100
vn -0.08350500 0.01931300 -0.99632000
vn -0.25418300 0.56201300 -0.78710400
vn -0.18429700 0.54916000 -0.81514300
vn -0.11465800 0.52503400 -0.84332300
vn -0.04954300 0.49132100 -0.86956900
vn 0.00964000 0.44873800 -0.89361100
vn 0.06110100 0.39806800 -0.91531900
vn 0.10448800 0.34086000 -0.93428900
vn 0.14136900 0.27794900 -0.95013600
vn 0.17067300 0.21092500 -0.96248700
vn 0.19629100 0.13172900 -0.97165700
vn 0.19077600 0.07488800 -0.97877300
vn 0.18073600 -0.00374100 -0.98352400
vn -0.45192400 0.43858700 -0.77679200
vn -0.45764200 0.52864300 -0.71491300
vn -0.48036700 0.52409300 -0.70326000
vn -0.49854900 0.51711700 -0.69572900
vn -0.54512800 0.49051100 -0.67987800
vn -0.62553800 0.41849700 -0.65845500
vn -0.69687600 0.31964200 -0.64202200
vn -0.74378100 0.20859200 -0.63504200
vn -0.75490500 0.11037400 -0.64647900
vn -0.75005400 0.00983400 -0.66130300
vn -0.74491800 0.01726300 -0.66693300
vn -0.73472300 0.02773500 -0.67779900
vn -0.75809400 0.05440800 -0.64987200
vn 0.86461000 -0.00200200 -0.50243900
vn 0.16584500 0.08217600 -0.98272200
vn 0.93969600 -0.00167800 -0.34200600
vn 0.93968200 -0.00169700 -0.34204600
vn 0.93969700 -0.00169100 -0.34200500
vn 0.93969200 -0.00169200 -0.34201800
vn 0.93969700 -0.00169100 -0.34200500
vn 0.93969600 -0.00167800 -0.34200600
vn 0.93968100 -0.00169400 -0.34204900
vn 0.93968200 -0.00169700 -0.34204600
vn 0.93969600 -0.00167800 -0.34200600
vn 0.93969700 -0.00167400 -0.34200500
vn 0.93968100 -0.00169400 -0.34204900
vn 0.93968200 -0.00169700 -0.34204600
vn 0.93969400 -0.00169800 -0.34201300
vn 0.93969700 -0.00167400 -0.34200500
vn 0.93968100 -0.00169400 -0.34204900
vn 0.93969700 -0.00167400 -0.34200500
vn 0.93969400 -0.00169800 -0.34201300
vn 0.93969200 -0.00170200 -0.34201800
vn 0.93969200 -0.00170200 -0.34201800
vn 0.93969600 -0.00169500 -0.34200600
vn 0.93969400 -0.00169800 -0.34201300
vn 0.93969600 -0.00169500 -0.34200600
vn 0.93969000 -0.00169600 -0.34202300
vn 0.93969200 -0.00170200 -0.34201800
vn 0.93969600 -0.00169500 -0.34200600
vn 0.93969300 -0.00168900 -0.34201500
vn 0.93969000 -0.00169600 -0.34202300
vn 0.93969300 -0.00168900 -0.34201500
vn 0.93969100 -0.00168800 -0.34202000
vn 0.93969000 -0.00169600 -0.34202300
vn 0.93969100 -0.00168800 -0.34202000
vn 0.93969100 -0.00168900 -0.34202000
vn 0.93969300 -0.00168900 -0.34201500
vn 0.93969100 -0.00169000 -0.34202000
vn 0.93969100 -0.00168800 -0.34202000
vn 0.93969100 -0.00168900 -0.34202000
vn 0.93969000 -0.00169000 -0.34202300
vn 0.93969100 -0.00169000 -0.34202000
vn 0.93969100 -0.00168900 -0.34202000
vn 0.93969100 -0.00169000 -0.34202000
vn 0.93969000 -0.00169000 -0.34202300
vn 0.93969900 -0.00168900 -0.34199800
vn 0.93969900 -0.00168900 -0.34199800
vn 0.93969000 -0.00169000 -0.34202300
vn 0.93969700 -0.00168300 -0.34200500
vn 0.93969900 -0.00168900 -0.34199800
vn 0.93969400 -0.00168500 -0.34201200
vn 0.93969700 -0.00168300 -0.34200500
vn 0.93969700 -0.00168300 -0.34200500
vn 0.93969100 -0.00168800 -0.34201900
vn 0.93969400 -0.00168500 -0.34201200
vn 0.93968900 -0.00169700 -0.34202500
vn 0.93969400 -0.00168500 -0.34201200
vn 0.93968600 0.00372000 -0.34201900
vn 0.93965300 0.00911100 -0.34200700
vn 0.93552200 0.09412300 -0.34049800
vn 0.92541100 0.17365600 -0.33683400
vn 0.87998400 0.35079900 -0.32026200
vn 0.84047000 0.44724900 -0.30590500
vn 0.73389600 0.62453000 -0.26713200
vn 0.66640600 0.70502700 -0.24256800
vn 0.66650500 0.70493200 -0.24257400
vn 0.59213000 0.77649200 -0.21550400
vn 0.47416000 0.86335600 -0.17259500
vn 0.43192700 0.88810000 -0.15721600
vn 0.43206100 0.88802200 -0.15728700
vn 0.34519700 0.93008400 -0.12563300
vn 0.20798800 0.97519800 -0.07569700
vn 0.16065800 0.98527700 -0.05847300
vn 0.16078800 0.98525500 -0.05847500
vn 0.06593700 0.99753500 -0.02400000
vn -0.06600400 0.99753000 0.02402200
vn -0.11003900 0.99312000 0.04005500
vn -0.11010800 0.99311200 0.04006600
vn -0.19660100 0.97786900 0.07155800
vn -0.24304300 0.96597400 0.08845100
vn -0.25838900 0.96145100 0.09405300
vn -0.25840800 0.96144700 0.09405100
vn -0.28882500 0.95159300 0.10512200
vn -0.32194500 0.93947900 0.11717700
vn -0.33286900 0.93515700 0.12115700
vn -0.37252000 0.91806600 0.13558600
vn -0.39030000 0.90966100 0.14206500
vn -0.47552700 0.86250500 0.17308500
vn -0.54037000 0.81812500 0.19665300
vn -0.66633800 0.70510100 0.24254300
vn -0.72603300 0.63486000 0.26425200
vn -0.82597800 0.47684700 0.30063000
vn -0.86573600 0.38885700 0.31510600
vn -0.91596900 0.22330300 0.33337100
vn -0.92952100 0.14673400 0.33831800
vn -0.93793100 0.06119100 0.34138100
vn -0.93838400 0.05276500 0.34154200
vn -0.93910900 0.03528500 0.34180300
vn -0.93936600 0.02646100 0.34189500
vn -0.93967200 0.00680500 0.34201000
vn -0.93968600 -0.00382200 0.34201800
vn -0.93944900 -0.02279200 0.34193000
vn -0.93924600 -0.03084100 0.34185500
vn -0.93883500 -0.04271300 0.34170800
vn -0.93869700 -0.04602400 0.34165800
vn -0.93824100 -0.05555300 0.34149200
vn -0.93792400 -0.06132300 0.34137800
vn -0.93032600 -0.14082500 0.33861800
vn -0.91791300 -0.21404700 0.33409500
vn -0.87128600 -0.37456000 0.31712100
vn -0.83399400 -0.46077800 0.30354200
vn -0.73685500 -0.62057600 0.26819800
vn -0.67668700 -0.69385300 0.24629800
vn -0.54826300 -0.81215100 0.19954800
vn -0.48140200 -0.85881000 0.17520700
vn -0.39960200 -0.90507700 0.14544500
vn -0.38762600 -0.91095600 0.14108400
vn -0.35995700 -0.92372300 0.13101900
vn -0.34431900 -0.93045000 0.12532400
vn -0.30585000 -0.94555000 0.11131800
vn -0.28296300 -0.95358600 0.10298600
vn -0.28291000 -0.95360300 0.10297100
vn -0.25984000 -0.96100900 0.09457300
vn -0.20103300 -0.97684800 0.07317700
vn -0.18120400 -0.98123200 0.06595200
vn -0.04458600 -0.99887400 0.01622900
vn 0.05373200 -0.99836400 -0.01953700
vn 0.24920800 -0.96419500 -0.09067900
vn 0.34616900 -0.92967300 -0.12599900
vn 0.52369800 -0.83031200 -0.19058500
vn 0.60423800 -0.76584200 -0.21996000
vn 0.60435900 -0.76574100 -0.21998000
vn 0.67717000 -0.69332300 -0.24646500
vn 0.77234900 -0.56961200 -0.28110500
vn 0.79993400 -0.52473500 -0.29113300
vn 0.79997000 -0.52465600 -0.29117700
vn 0.84771600 -0.43146300 -0.30857200
vn 0.88029500 -0.34988700 -0.32040600
vn 0.88964200 -0.32200100 -0.32380900
vn 0.91853900 -0.21102000 -0.33430100
vn 0.92824400 -0.15561400 -0.33785700
vn 0.93756600 -0.06720100 -0.34125500
vn 0.93913600 -0.03445800 -0.34181300
vn 0.93969200 -0.00169200 -0.34201900
vn 0.93969300 -0.00169100 -0.34201500
vn 0.93969200 -0.00169200 -0.34201900
vn 0.93969300 -0.00169100 -0.34201500
vn 0.93969200 -0.00169100 -0.34201700
vn 0.93969300 -0.00169100 -0.34201500
vn 0.93969200 -0.00169200 -0.34201800
vn 0.93969200 -0.00169100 -0.34201700
vn 0.93969200 -0.00169100 -0.34201700
vn 0.93969200 -0.00169200 -0.34201800
vn 0.93969700 -0.00169100 -0.34200500
vn 0.34199600 -0.00000200 0.93970100
vn 0.34201000 -0.00000200 0.93969600
vn 0.34199800 -0.00000100 0.93970100
vn 0.34203800 0.00000200 0.93968600
vn 0.34203900 0.00000300 0.93968600
vn 0.34201000 -0.00000000 0.93969600
vn 0.34203800 0.00000200 0.93968600
vn 0.34203800 0.00000200 0.93968600
vn 0.34199600 -0.00000200 0.93970100
vn 0.34203900 0.00000300 0.93968600
vn 0.34203800 -0.00010700 0.93968600
vn 0.34202600 0.00000700 0.93969000
vn 0.34202200 -0.00000500 0.93969200
vn 0.34200100 0.00001200 0.93970000
vn 0.34201400 -0.00003400 0.93969500
vn 0.34202200 -0.00000500 0.93969200
vn 0.34200100 0.00001200 0.93970000
vn 0.34202200 -0.00000500 0.93969200
vn 0.34204700 -0.00009900 0.93968300
vn 0.34201900 0.00007700 0.93969300
vn 0.34201400 -0.00003400 0.93969500
vn 0.34198900 -0.00003800 0.93970400
vn 0.34201300 0.00000000 0.93969500
vn 0.34201900 0.00007700 0.93969300
vn 0.34201400 -0.00003400 0.93969500
vn 0.34204700 -0.00009900 0.93968300
vn 0.34201900 0.00007700 0.93969300
vn 0.34198900 -0.00003800 0.93970400
vn 0.34201100 -0.00001600 0.93969600
vn 0.34201300 -0.00000400 0.93969500
vn 0.34203600 -0.00002000 0.93968700
vn 0.34201100 -0.00001600 0.93969600
vn 0.34204100 0.00001400 0.93968500
vn 0.34201300 -0.00000400 0.93969500
vn 0.34201400 0.00000600 0.93969500
vn 0.34204100 0.00001400 0.93968500
vn 0.34201600 -0.00002400 0.93969400
vn 0.34201100 -0.00001600 0.93969600
vn 0.34204100 0.00001400 0.93968500
vn 0.34199900 -0.00003000 0.93970000
vn 0.34201600 -0.00002400 0.93969400
vn 0.34201600 -0.00002400 0.93969400
vn 0.34199900 -0.00003000 0.93970000
vn 0.34203500 0.00000500 0.93968700
vn 0.34199900 -0.00003000 0.93970000
vn 0.34202500 0.00000900 0.93969100
vn 0.34203500 0.00000500 0.93968700
vn 0.34202500 0.00000900 0.93969100
vn 0.34203500 0.00000500 0.93968700
vn 0.34202600 0.00000700 0.93969000
vn 0.34202600 0.00000700 0.93969000
vn 0.34202500 0.00000900 0.93969100
vn 0.34203800 -0.00010700 0.93968600
vn 0.34203800 -0.00010700 0.93968600
vn 0.34200100 0.00001200 0.93970000
vn 0.34204600 -0.00001500 0.93968300
vn 0.34202800 -0.00019900 0.93969000
vn 0.34201600 0.00002500 0.93969400
vn 0.34202900 -0.00003300 0.93968900
vn 0.34204600 -0.00001500 0.93968300
vn 0.34201600 0.00002500 0.93969400
vn 0.34201600 0.00003500 0.93969400
vn 0.34201600 0.00002500 0.93969400
vn 0.34201600 0.00003500 0.93969400
vn 0.34200600 0.00003900 0.93969800
vn 0.34200600 0.00003900 0.93969800
vn 0.34203800 -0.00000700 0.93968600
vn 0.34201600 0.00003500 0.93969400
vn 0.34202200 -0.00000100 0.93969200
vn 0.34200600 0.00003900 0.93969800
vn 0.34203800 -0.00000700 0.93968600
vn 0.34201100 -0.00000400 0.93969600
vn 0.34200300 0.00003100 0.93969900
vn 0.34204700 -0.00009900 0.93968300
vn 0.34200300 0.00003100 0.93969900
vn 0.34196800 0.00003900 0.93971200
vn 0.34196800 0.00003900 0.93971200
vn 0.34200300 0.00003100 0.93969900
vn 0.34202700 -0.00000200 0.93969000
vn 0.34196800 0.00003900 0.93971200
vn 0.34204800 0.00001000 0.93968200
vn 0.34202700 -0.00000200 0.93969000
vn 0.34201500 0.00003000 0.93969500
vn 0.34201300 0.00000800 0.93969500
vn 0.34202700 -0.00000200 0.93969000
vn 0.34204800 0.00001000 0.93968200
vn 0.34201700 0.00001100 0.93969400
vn 0.34201000 -0.00000000 0.93969600
vn 0.34203900 0.00000300 0.93968600
vn 0.34201800 0.00000900 0.93969300
vn 0.34201700 0.00001100 0.93969400
vn 0.34201000 -0.00000000 0.93969600
vn 0.34201700 0.00001100 0.93969400
vn 0.34201800 0.00000900 0.93969300
vn 0.34201600 -0.00000900 0.93969400
vn 0.34201600 -0.00000900 0.93969400
vn 0.34201800 0.00000900 0.93969300
vn 0.34201100 -0.00001500 0.93969600
vn 0.34201100 -0.00001500 0.93969600
vn 0.34201800 -0.00003100 0.93969300
vn 0.34201600 -0.00000900 0.93969400
vn 0.34201100 -0.00001500 0.93969600
vn 0.34204000 0.00001600 0.93968500
vn 0.34201800 -0.00003100 0.93969300
vn 0.34204000 0.00003000 0.93968500
vn 0.34201800 -0.00003100 0.93969300
vn 0.34204000 0.00001600 0.93968500
vn 0.34204000 0.00001600 0.93968500
vn 0.34204000 0.00003000 0.93968500
vn 0.34202400 -0.00001200 0.93969100
vn 0.34201300 0.00000800 0.93969500
vn 0.34204000 0.00003000 0.93968500
vn 0.34202400 -0.00001200 0.93969100
vn 0.34201300 0.00000800 0.93969500
vn 0.34202400 -0.00001200 0.93969100
vn 0.34201500 0.00003000 0.93969500
vn 0.34204800 0.00001000 0.93968200
vn 0.34201500 0.00003000 0.93969500
vn 0.34202300 0.00001600 0.93969100
vn 0.34202900 -0.00003300 0.93968900
vn 0.34202700 0.00003000 0.93969000
vn 0.34202500 -0.00005200 0.93969100
vn 0.34202300 0.00001600 0.93969100
vn 0.34202600 -0.00005900 0.93969000
vn 0.34202400 -0.00000900 0.93969100
vn 0.34202600 -0.00005900 0.93969000
vn 0.34202700 0.00003000 0.93969000
vn 0.34202300 0.00001600 0.93969100
vn 0.34202400 -0.00000900 0.93969100
vn 0.34200700 -0.00000300 0.93969700
vn 0.34202600 -0.00005900 0.93969000
vn 0.34202400 -0.00000900 0.93969100
vn 0.34200700 -0.00000300 0.93969700
vn 0.34204700 -0.00000500 0.93968300
vn 0.34207100 -0.00003600 0.93967400
vn 0.34204700 -0.00000500 0.93968300
vn 0.34200700 -0.00000300 0.93969700
vn 0.34201700 0.00000300 0.93969400
vn 0.34204700 -0.00000500 0.93968300
vn 0.34207100 -0.00003600 0.93967400
vn 0.34207100 -0.00003600 0.93967400
vn 0.34200400 0.00003800 0.93969900
vn 0.34201700 0.00000300 0.93969400
vn 0.34200500 0.00003900 0.93969800
vn 0.34201700 0.00000300 0.93969400
vn 0.34200400 0.00003800 0.93969900
vn 0.34202800 -0.00003400 0.93969000
vn 0.34200400 0.00003800 0.93969900
vn 0.34200500 0.00003900 0.93969800
vn 0.34200500 0.00003900 0.93969800
vn 0.34201900 -0.00001900 0.93969300
vn 0.34202800 -0.00003400 0.93969000
vn 0.34203100 0.00001500 0.93968900
vn 0.34201700 -0.00001900 0.93969400
vn 0.34201900 -0.00001900 0.93969300
vn 0.34202800 -0.00003400 0.93969000
vn 0.34202200 0.00001000 0.93969200
vn 0.34201700 0.00000600 0.93969400
vn 0.34201700 -0.00001900 0.93969400
vn 0.34201900 -0.00001900 0.93969300
vn 0.34201700 -0.00001900 0.93969400
vn 0.34202200 0.00001000 0.93969200
vn 0.34201100 0.00003600 0.93969600
vn 0.34202200 0.00002300 0.93969200
vn 0.34199800 -0.00000100 0.93970100
vn 0.34199600 -0.00000200 0.93970100
vn 0.34203400 0.00000300 0.93968800
vn 0.34201000 -0.00000200 0.93969600
vn 0.34199800 -0.00000100 0.93970100
vn 0.34206000 -0.00000200 0.93967800
vn 0.34203400 0.00000300 0.93968800
vn 0.34201000 -0.00000200 0.93969600
vn 0.34203400 0.00000300 0.93968800
vn 0.34206000 -0.00000200 0.93967800
vn 0.34198300 -0.00002600 0.93970600
vn 0.34205800 0.00000100 0.93967900
vn 0.34206000 -0.00000200 0.93967800
vn 0.34205800 0.00000100 0.93967900
vn 0.34203100 -0.00003700 0.93968900
vn 0.34203200 -0.00004100 0.93968800
vn 0.34202500 -0.00005200 0.93969100
vn 0.34202100 -0.00013700 0.93969200
vn 0.34202700 0.00003000 0.93969000
vn 0.34204400 -0.00003500 0.93968400
vn 0.34204400 -0.00003500 0.93968400
vn 0.34202100 -0.00013700 0.93969200
vn 0.34202900 -0.00003300 0.93968900
vn 0.34202500 -0.00005200 0.93969100
vn 0.34202100 -0.00013700 0.93969200
vn 0.34202800 -0.00019900 0.93969000
vn 0.34198300 -0.00002600 0.93970600
vn 0.34205800 0.00000100 0.93967900
vn 0.34202100 0.00001500 0.93969200
vn 0.34202100 0.00001500 0.93969200
vn 0.34198300 -0.00002600 0.93970600
vn 0.34199200 0.00001400 0.93970300
vn 0.34199200 0.00001400 0.93970300
vn 0.34202100 0.00001500 0.93969200
vn 0.34198900 -0.00000100 0.93970400
vn 0.34199200 0.00001400 0.93970300
vn 0.34202600 0.00000000 0.93969000
vn 0.34198900 -0.00000100 0.93970400
vn 0.34202600 0.00000000 0.93969000
vn 0.34198900 -0.00000100 0.93970400
vn 0.34201600 -0.00000600 0.93969400
vn 0.34202600 0.00000000 0.93969000
vn 0.34201600 -0.00000600 0.93969400
vn 0.34207200 -0.00002000 0.93967400
vn 0.34203200 -0.00004100 0.93968800
vn 0.34201600 -0.00000600 0.93969400
vn 0.34207200 -0.00002000 0.93967400
vn 0.34207200 -0.00002000 0.93967400
vn 0.34203200 -0.00004100 0.93968800
vn 0.34203100 -0.00003700 0.93968900
vn 0.34204400 -0.00003500 0.93968400
vn 0.34203100 -0.00003700 0.93968900
vn 0.34204600 -0.00001500 0.93968300
vn 0.34202800 -0.00019900 0.93969000
vn 0.34201400 0.00000600 0.93969500
vn 0.34201300 -0.00000400 0.93969500
vn 0.34199100 -0.00000500 0.93970300
vn 0.34201500 0.00000800 0.93969400
vn 0.34204900 0.00005600 0.93968200
vn 0.34203600 -0.00002000 0.93968700
vn 0.34202400 0.00001300 0.93969100
vn 0.34201400 0.00000600 0.93969500
vn 0.34204900 0.00005600 0.93968200
vn 0.34202400 0.00001300 0.93969100
vn 0.34202000 0.00001800 0.93969300
vn 0.34203600 -0.00002000 0.93968700
vn 0.34202400 0.00001300 0.93969100
vn 0.34202000 0.00001800 0.93969300
vn 0.34203000 -0.00000400 0.93968900
vn 0.34202000 0.00001800 0.93969300
vn 0.34203000 -0.00000400 0.93968900
vn 0.34199400 0.00000300 0.93970200
vn 0.34203400 -0.00002100 0.93968800
vn 0.34203000 -0.00000400 0.93968900
vn 0.34199400 0.00000300 0.93970200
vn 0.34199400 0.00000300 0.93970200
vn 0.34203400 -0.00002100 0.93968800
vn 0.34202200 -0.00002500 0.93969200
vn 0.34203400 -0.00002100 0.93968800
vn 0.34202200 -0.00002500 0.93969200
vn 0.34201400 -0.00002500 0.93969500
vn 0.34207500 0.00001400 0.93967200
vn 0.34201400 -0.00002500 0.93969500
vn 0.34202200 -0.00002500 0.93969200
vn 0.34207500 0.00001400 0.93967200
vn 0.34202500 0.00000700 0.93969100
vn 0.34201400 -0.00002500 0.93969500
vn 0.34202800 0.00000300 0.93969000
vn 0.34207500 0.00001400 0.93967200
vn 0.34202500 0.00000700 0.93969100
vn 0.34202800 0.00000300 0.93969000
vn 0.34201300 0.00000000 0.93969500
vn 0.34202500 0.00000700 0.93969100
vn 0.34202800 0.00000300 0.93969000
vn 0.34201300 0.00000000 0.93969500
vn 0.34198900 -0.00003800 0.93970400
vn 0.34208300 0.00000600 0.93967000
vn 0.34185300 -0.00001600 0.93975300
vn 0.34199600 -0.00001800 0.93970100
vn 0.34208300 0.00000600 0.93967000
vn 0.34185300 -0.00001600 0.93975300
vn 0.34205500 0.00000000 0.93968000
vn 0.34199600 -0.00001800 0.93970100
vn 0.34202000 0.00002900 0.93969300
vn 0.34208300 0.00000600 0.93967000
vn 0.34202500 -0.00000100 0.93969100
vn 0.34204500 0.00002200 0.93968400
vn 0.34202700 -0.00000300 0.93969000
vn 0.34202700 -0.00000300 0.93969000
vn 0.34204500 0.00002200 0.93968400
vn 0.34198500 -0.00000400 0.93970500
vn 0.34200300 0.00000200 0.93969900
vn 0.34205500 -0.00000100 0.93968000
vn 0.34204500 0.00002200 0.93968400
vn 0.34198500 -0.00000400 0.93970500
vn 0.34198000 0.00002200 0.93970700
vn 0.34198500 -0.00000400 0.93970500
vn 0.34198000 0.00002200 0.93970700
vn 0.34202200 0.00002600 0.93969200
vn 0.34201500 0.00000800 0.93969400
vn 0.34202200 0.00002600 0.93969200
vn 0.34198000 0.00002200 0.93970700
vn 0.34201500 0.00000800 0.93969400
vn 0.34202200 0.00002600 0.93969200
vn 0.34199100 -0.00000500 0.93970300
vn 0.34199100 -0.00000500 0.93970300
vn 0.34204900 0.00005600 0.93968200
vn 0.34201100 -0.00000400 0.93969600
vn 0.34203800 -0.00000700 0.93968600
vn 0.34201100 -0.00000400 0.93969600
vn 0.34202200 -0.00000100 0.93969200
vn 0.34201100 -0.00000400 0.93969600
vn 0.34202200 0.00001100 0.93969200
vn 0.34202200 -0.00000100 0.93969200
vn 0.34201100 -0.00000400 0.93969600
vn 0.34203700 0.00002300 0.93968600
vn 0.34202200 0.00001100 0.93969200
vn 0.34201100 -0.00000400 0.93969600
vn 0.34202200 0.00001100 0.93969200
vn 0.34203100 0.00001500 0.93968900
vn 0.34203700 0.00002300 0.93968600
vn 0.34203700 0.00002300 0.93968600
vn 0.34203100 0.00001500 0.93968900
vn 0.34201700 0.00000600 0.93969400
vn 0.34201100 0.00003600 0.93969600
vn 0.34201700 0.00000600 0.93969400
vn 0.34202200 0.00001000 0.93969200
vn 0.34201700 -0.00003200 0.93969400
vn 0.34202200 0.00002300 0.93969200
vn 0.34201100 0.00003600 0.93969600
vn 0.34200200 -0.00000100 0.93969900
vn 0.34201700 -0.00003200 0.93969400
vn 0.34202200 0.00002300 0.93969200
vn 0.34200200 -0.00000100 0.93969900
vn 0.34201700 -0.00003200 0.93969400
vn 0.34202000 0.00002900 0.93969300
vn 0.34200200 -0.00000100 0.93969900
vn 0.34202500 -0.00000100 0.93969100
vn 0.34202000 0.00002900 0.93969300
vn 0.34202500 -0.00000100 0.93969100
vn 0.34199600 -0.00001800 0.93970100
vn 0.34185300 -0.00001600 0.93975300
vn 0.34194400 0.00001100 0.93972000
vn 0.34205500 0.00000000 0.93968000
vn 0.34202600 0.00000100 0.93969000
vn 0.34203600 -0.00000400 0.93968700
vn 0.34205500 -0.00000100 0.93968000
vn 0.34203800 0.00000600 0.93968600
vn 0.34194400 0.00001100 0.93972000
vn 0.34204200 0.00000400 0.93968500
vn 0.34210100 -0.00001100 0.93966300
vn 0.34205500 0.00000000 0.93968000
vn 0.34202600 0.00000100 0.93969000
vn 0.34194400 0.00001100 0.93972000
vn 0.34203800 0.00000600 0.93968600
vn 0.34204200 0.00000400 0.93968500
vn 0.34204200 0.00000400 0.93968500
vn 0.34210100 -0.00001100 0.93966300
vn 0.34210100 -0.00001100 0.93966300
vn 0.34202600 0.00000100 0.93969000
vn 0.34202700 -0.00000300 0.93969000
vn 0.34200300 0.00000200 0.93969900
vn 0.34200300 0.00000200 0.93969900
vn 0.34205500 -0.00000100 0.93968000
vn 0.34203600 -0.00000400 0.93968700
vn 0.34203800 0.00000600 0.93968600
vn 0.34203600 -0.00000400 0.93968700
vn 0.24469500 0.96550100 -0.08906100
vn 0.24469400 0.96550100 -0.08906300
vn 0.24469500 0.96550100 -0.08906100
vn 0.24469400 0.96550100 -0.08906300
vn 0.24469500 0.96550100 -0.08906100
vn 0.24469400 0.96550100 -0.08906300
vn 0.66561200 0.70588200 -0.24226300
vn 0.66562200 0.70587100 -0.24226600
vn 0.66561200 0.70588200 -0.24226300
vn 0.66562200 0.70587100 -0.24226600
vn 0.66561200 0.70588200 -0.24226300
vn 0.66562200 0.70587100 -0.24226600
vn 0.90809100 0.25716200 -0.33051300
vn 0.90808800 0.25717100 -0.33051400
vn 0.90809100 0.25716200 -0.33051300
vn 0.90808800 0.25717100 -0.33051400
vn 0.90809100 0.25716200 -0.33051300
vn 0.90808800 0.25717100 -0.33051400
vn 0.90726000 -0.26045700 -0.33021500
vn 0.90725900 -0.26046200 -0.33021400
vn 0.90726000 -0.26045700 -0.33021500
vn 0.90726000 -0.26045700 -0.33021500
vn 0.90725900 -0.26046200 -0.33021400
vn 0.90725900 -0.26046200 -0.33021400
vn 0.66335000 -0.70829100 -0.24143400
vn 0.66335000 -0.70829100 -0.24143400
vn 0.66335300 -0.70828500 -0.24144400
vn 0.66335000 -0.70829100 -0.24143400
vn 0.66335300 -0.70828500 -0.24144400
vn 0.66335300 -0.70828500 -0.24144400
vn 0.24170600 -0.96635300 -0.08797500
vn 0.24170600 -0.96635300 -0.08797500
vn 0.24170300 -0.96635400 -0.08797300
vn 0.24170300 -0.96635400 -0.08797300
vn 0.24170600 -0.96635300 -0.08797500
vn 0.24170300 -0.96635400 -0.08797300
vn -0.24475800 -0.96548300 0.08908300
vn -0.24474700 -0.96548600 0.08907900
vn -0.24475800 -0.96548300 0.08908300
vn -0.24475800 -0.96548300 0.08908300
vn -0.24474700 -0.96548600 0.08907900
vn -0.24474700 -0.96548600 0.08907900
vn -0.66562900 -0.70586500 0.24226800
vn -0.66562900 -0.70586500 0.24226800
vn -0.66562300 -0.70587200 0.24226300
vn -0.66562900 -0.70586500 0.24226800
vn -0.66562300 -0.70587200 0.24226300
vn -0.66562300 -0.70587200 0.24226300
vn -0.90808300 -0.25719900 0.33050600
vn -0.90808300 -0.25719900 0.33050600
vn -0.90808300 -0.25718200 0.33051800
vn -0.90808300 -0.25719900 0.33050600
vn -0.90808300 -0.25718200 0.33051800
vn -0.90808300 -0.25718200 0.33051800
vn -0.90725700 0.26046500 0.33021700
vn -0.90725700 0.26046500 0.33021700
vn -0.90725900 0.26046100 0.33021400
vn -0.90725900 0.26046100 0.33021400
vn -0.90725700 0.26046500 0.33021700
vn -0.90725900 0.26046100 0.33021400
vn -0.66338500 0.70825100 0.24145500
vn -0.66338500 0.70825100 0.24145500
vn -0.66339000 0.70824600 0.24145600
vn -0.66339000 0.70824600 0.24145600
vn -0.66338500 0.70825100 0.24145500
vn -0.66339000 0.70824600 0.24145600
vn -0.24163100 0.96637400 0.08794800
vn -0.24163100 0.96637400 0.08794800
vn -0.24163400 0.96637400 0.08794800
vn -0.24163400 0.96637400 0.08794800
vn -0.24163100 0.96637400 0.08794800
vn -0.24163400 0.96637400 0.08794800
vn 0.16622700 0.52008300 -0.83778400
vn 0.16627300 0.52006500 -0.83778600
vn 0.17550200 0.52930200 -0.83008300
vn 0.13525100 0.56621400 -0.81308600
vn 0.03701600 0.63042300 -0.77536800
vn -0.01088000 0.65644200 -0.75429800
vn -0.11616400 0.68722000 -0.71710100
vn -0.24671300 0.69667100 -0.67363400
vn -0.24589300 0.70710300 -0.66298000
vn -0.37242300 0.68579700 -0.62528600
vn -0.44924700 0.66447200 -0.59720500
vn -0.46680100 0.65942300 -0.58928600
vn 0.26638200 0.44465600 -0.85517400
vn 0.31943100 0.36162500 -0.87589500
vn 0.38239700 0.25766600 -0.88734500
vn 0.42187400 0.06179400 -0.90454600
vn 0.42166900 -0.06418400 -0.90447500
vn 0.36210000 -0.29931500 -0.88277600
vn 0.36202900 -0.29942400 -0.88276800
vn 0.41492100 -0.18734200 -0.89036100
vn 0.23951200 -0.50942400 -0.82651200
vn 0.14054200 -0.58035000 -0.80214800
vn 0.03792600 -0.64315000 -0.76480000
vn -0.18330400 -0.70580600 -0.68427800
vn -0.30165300 -0.70559300 -0.64120400
vn -0.52271100 -0.64213400 -0.56074800
vn -0.62509500 -0.57898500 -0.52348200
vn -0.78672600 -0.40640300 -0.46464900
vn -0.84573500 -0.29720400 -0.44317300
vn -0.90460500 -0.06176200 -0.42175200
vn -0.90440200 0.06418500 -0.42182500
vn -0.84478700 0.29938000 -0.44351700
vn -0.78541300 0.40838800 -0.46512900
vn -0.71474900 0.50940800 -0.47920600
vn -0.62327000 0.58034800 -0.52414800
vn -0.62320200 0.58040400 -0.52416700
vn 0.24477800 0.96547800 -0.08908300
vn 0.24477800 0.96547800 -0.08908300
vn 0.24476000 0.96548300 -0.08908200
vn 0.24476000 0.96548300 -0.08908200
vn 0.24477800 0.96547800 -0.08908300
vn 0.24476000 0.96548300 -0.08908200
vn 0.66558600 0.70591500 -0.24223800
vn 0.66558600 0.70591500 -0.24223800
vn 0.66553000 0.70596700 -0.24224200
vn 0.66558600 0.70591500 -0.24223800
vn 0.66553000 0.70596700 -0.24224200
vn 0.66553000 0.70596700 -0.24224200
vn 0.90809100 0.25716000 -0.33051500
vn 0.90809100 0.25716000 -0.33051500
vn 0.90809300 0.25715000 -0.33051700
vn 0.90809300 0.25715000 -0.33051700
vn 0.90809100 0.25716000 -0.33051500
vn 0.90809300 0.25715000 -0.33051700
vn 0.90725700 -0.26046400 -0.33021600
vn 0.90725700 -0.26046400 -0.33021600
vn 0.90726400 -0.26042800 -0.33022500
vn 0.90725700 -0.26046400 -0.33021600
vn 0.90726400 -0.26042800 -0.33022500
vn 0.90726400 -0.26042800 -0.33022500
vn 0.66335800 -0.70828000 -0.24144700
vn 0.66335800 -0.70828000 -0.24144700
vn 0.66330700 -0.70833900 -0.24141000
vn 0.66335800 -0.70828000 -0.24144700
vn 0.66330700 -0.70833900 -0.24141000
vn 0.66330700 -0.70833900 -0.24141000
vn 0.24169200 -0.96635800 -0.08796200
vn 0.24170500 -0.96635400 -0.08797100
vn 0.24169200 -0.96635800 -0.08796200
vn 0.24170500 -0.96635400 -0.08797100
vn 0.24169200 -0.96635800 -0.08796200
vn 0.24170500 -0.96635400 -0.08797100
vn -0.24477800 -0.96547700 0.08909000
vn -0.24478900 -0.96547400 0.08909600
vn -0.24477800 -0.96547700 0.08909000
vn -0.24477800 -0.96547700 0.08909000
vn -0.24478900 -0.96547400 0.08909600
vn -0.24478900 -0.96547400 0.08909600
vn -0.66553900 -0.70595800 0.24224100
vn -0.66553000 -0.70597000 0.24223100
vn -0.66553900 -0.70595800 0.24224100
vn -0.66553000 -0.70597000 0.24223100
vn -0.66553900 -0.70595800 0.24224100
vn -0.66553000 -0.70597000 0.24223100
vn -0.90808900 -0.25716300 0.33051600
vn -0.90809300 -0.25714600 0.33051900
vn -0.90808900 -0.25716300 0.33051600
vn -0.90808900 -0.25716300 0.33051600
vn -0.90809300 -0.25714600 0.33051900
vn -0.90809300 -0.25714600 0.33051900
vn -0.90726100 0.26045300 0.33021400
vn -0.90726200 0.26044300 0.33022000
vn -0.90726100 0.26045300 0.33021400
vn -0.90726100 0.26045300 0.33021400
vn -0.90726200 0.26044300 0.33022000
vn -0.90726200 0.26044300 0.33022000
vn -0.66334700 0.70829400 0.24143500
vn -0.66334700 0.70829400 0.24143500
vn -0.66334700 0.70829300 0.24143700
vn -0.66334700 0.70829400 0.24143500
vn -0.66334700 0.70829300 0.24143700
vn -0.66334700 0.70829300 0.24143700
vn -0.24164200 0.96637200 0.08794600
vn -0.24164200 0.96637200 0.08794600
vn -0.24165300 0.96636900 0.08795000
vn -0.24164200 0.96637200 0.08794600
vn -0.24165300 0.96636900 0.08795000
vn -0.24165300 0.96636900 0.08795000
vn -0.36283300 -0.67184800 -0.64573400
vn -0.48256000 -0.64501300 -0.59253300
vn -0.48243500 -0.64506100 -0.59258100
vn -0.31254400 -0.69176500 -0.65098100
vn -0.23431900 -0.69898200 -0.67566200
vn -0.11575700 -0.68772900 -0.71667900
vn 0.05510100 -0.61695300 -0.78506900
vn -0.00387500 -0.65500900 -0.75561100
vn 0.09951300 -0.60673400 -0.78865100
vn 0.19441200 -0.52082100 -0.83123400
vn 0.32013100 -0.35559500 -0.87810500
vn 0.26722500 -0.44409300 -0.85520300
vn -0.46805500 -0.65885400 -0.58892900
vn -0.52416100 -0.64134000 -0.56030100
vn -0.71633200 -0.50774400 -0.47860700
vn -0.78672500 -0.40639300 -0.46466100
vn -0.84573100 -0.29720600 -0.44317800
vn -0.90460600 -0.06178200 -0.42174700
vn -0.90440800 0.06415600 -0.42181800
vn -0.84477300 0.29941200 -0.44352100
vn -0.78543200 0.40835400 -0.46512900
vn -0.62327800 0.58034200 -0.52414500
vn -0.57316600 0.61291900 -0.54388600
vn -0.29953900 0.70580700 -0.64196000
vn -0.29943800 0.70580200 -0.64201300
vn -0.41145400 0.69506300 -0.58957100
vn -0.18104600 0.70559000 -0.68510200
vn 0.03996900 0.64214000 -0.76554500
vn 0.14237900 0.57897300 -0.80281900
vn 0.30395500 0.40645600 -0.86162900
vn 0.36300200 0.29720000 -0.88312100
vn 0.42187700 0.06176200 -0.90454700
vn 0.42166800 -0.06415300 -0.90447800
vn 0.36387500 -0.29579000 -0.88323500
vn -0.62642600 -0.74538700 0.22801200
vn -0.62642500 -0.74538700 0.22801300
vn -0.63005700 -0.74191200 0.22933400
vn -0.63006300 -0.74190700 0.22933600
vn -0.29078000 -0.95091900 0.10583100
vn -0.29076600 -0.95092300 0.10583400
vn -0.29076600 -0.95092300 0.10583400
vn -0.29078000 -0.95091900 0.10583100
vn -0.29076600 -0.95092300 0.10583400
vn -0.29078000 -0.95091900 0.10583100
vn 0.09915900 -0.99441700 -0.03609000
vn 0.09916000 -0.99441700 -0.03609000
vn 0.09915900 -0.99441700 -0.03609000
vn 0.09915900 -0.99441700 -0.03609000
vn 0.09916000 -0.99441700 -0.03609000
vn 0.09916000 -0.99441700 -0.03609000
vn 0.47186900 -0.86478100 -0.17173900
vn 0.47186300 -0.86478300 -0.17174100
vn 0.46340600 -0.86994800 -0.16865900
vn 0.46340700 -0.86994700 -0.16865800
vn 0.46615900 0.86827800 -0.16967600
vn 0.46616100 0.86827800 -0.16966800
vn 0.47458700 0.86309200 -0.17273900
vn 0.47459900 0.86308300 -0.17275300
vn 0.10234000 0.99405200 -0.03724700
vn 0.10234600 0.99405100 -0.03725400
vn 0.10234600 0.99405100 -0.03725400
vn 0.10234600 0.99405100 -0.03725400
vn 0.10234000 0.99405200 -0.03724700
vn 0.10234000 0.99405200 -0.03724700
vn -0.28773700 0.95196600 0.10473100
vn -0.28772600 0.95197000 0.10472000
vn -0.28772600 0.95197000 0.10472000
vn -0.28772600 0.95197000 0.10472000
vn -0.28773700 0.95196600 0.10473100
vn -0.28773700 0.95196600 0.10473100
vn -0.62771900 0.74415800 0.22846900
vn -0.62773300 0.74414200 0.22848400
vn -0.62406200 0.74763300 0.22713800
vn -0.62405600 0.74764100 0.22713100
vn 0.45768400 0.87337000 -0.16658500
vn 0.45766700 0.87337800 -0.16658600
vn 0.04410300 0.99889800 -0.01605300
vn 0.04410700 0.99889800 -0.01605300
vn 0.04410300 0.99889800 -0.01605300
vn 0.04410700 0.99889800 -0.01605300
vn 0.04410300 0.99889800 -0.01605300
vn 0.04410700 0.99889800 -0.01605300
vn -0.37866400 0.91521600 0.13781700
vn -0.37867300 0.91521200 0.13782000
vn -0.37866400 0.91521600 0.13781700
vn -0.37867300 0.91521200 0.13782000
vn -0.37866400 0.91521600 0.13781700
vn -0.37867300 0.91521200 0.13782000
vn -0.72216000 0.63984600 0.26283500
vn -0.72216000 0.63984600 0.26283500
vn -0.72215200 0.63985400 0.26283700
vn -0.72215200 0.63985400 0.26283700
vn -0.72216000 0.63984600 0.26283500
vn -0.72215200 0.63985400 0.26283700
vn -0.91438900 0.23050600 0.33280500
vn -0.91439200 0.23046300 0.33282800
vn 0.15065500 0.98706500 -0.05483300
vn 0.15065200 0.98706500 -0.05483200
vn -0.25973000 0.96104300 0.09453400
vn -0.25973700 0.96104100 0.09453200
vn -0.25973000 0.96104300 0.09453400
vn -0.25973700 0.96104100 0.09453200
vn -0.25973000 0.96104300 0.09453400
vn -0.25973700 0.96104100 0.09453200
vn -0.62037900 0.75109800 0.22579100
vn -0.62038000 0.75109700 0.22579200
vn -0.91512200 -0.22717700 0.33307900
vn 0.45489400 -0.87502100 -0.16556000
vn 0.45490000 -0.87501800 -0.16555900
vn 0.04092800 -0.99905100 -0.01489600
vn 0.04092800 -0.99905100 -0.01489600
vn 0.04092800 -0.99905100 -0.01489800
vn 0.04092800 -0.99905100 -0.01489600
vn 0.04092800 -0.99905100 -0.01489800
vn 0.04092800 -0.99905100 -0.01489800
vn -0.38156900 -0.91384600 0.13888800
vn -0.38155100 -0.91385700 0.13886800
vn -0.38156900 -0.91384600 0.13888800
vn -0.38155100 -0.91385700 0.13886800
vn -0.38156900 -0.91384600 0.13888800
vn -0.38155100 -0.91385700 0.13886800
vn -0.72419000 -0.63724200 0.26357300
vn -0.72419400 -0.63723500 0.26358100
vn -0.72419000 -0.63724200 0.26357300
vn -0.72419400 -0.63723500 0.26358100
vn -0.72419000 -0.63724200 0.26357300
vn -0.72419400 -0.63723500 0.26358100
vn -0.91511800 -0.22720300 0.33307300
vn -0.62277700 -0.74884100 0.22668500
vn -0.62277300 -0.74884600 0.22668000
vn -0.26280900 -0.96009400 0.09565900
vn -0.26281200 -0.96009300 0.09566300
vn -0.26280900 -0.96009400 0.09565900
vn -0.26280900 -0.96009400 0.09565900
vn -0.26281200 -0.96009300 0.09566300
vn -0.26281200 -0.96009300 0.09566300
vn 0.14748700 -0.98760600 -0.05368400
vn 0.14748600 -0.98760600 -0.05368000
vn -0.24475900 -0.96548300 0.08908400
vn -0.24475100 -0.96548500 0.08908500
vn -0.24475900 -0.96548300 0.08908400
vn -0.24475100 -0.96548500 0.08908500
vn -0.24475900 -0.96548300 0.08908400
vn -0.66558100 -0.70591700 0.24224500
vn -0.66558000 -0.70591700 0.24225000
vn -0.66558100 -0.70591700 0.24224500
vn -0.66558000 -0.70591700 0.24225000
vn -0.66558100 -0.70591700 0.24224500
vn -0.66558000 -0.70591700 0.24225000
vn -0.90808500 -0.25718600 0.33050900
vn -0.90808400 -0.25718600 0.33051200
vn -0.90808400 -0.25718600 0.33051200
vn -0.90808500 -0.25718600 0.33050900
vn -0.90808400 -0.25718600 0.33051200
vn -0.90808500 -0.25718600 0.33050900
vn -0.90726200 0.26043400 0.33022700
vn -0.90726100 0.26046100 0.33020900
vn -0.90726100 0.26046100 0.33020900
vn -0.90726100 0.26046100 0.33020900
vn -0.90726200 0.26043400 0.33022700
vn -0.90726200 0.26043400 0.33022700
vn -0.66332400 0.70831300 0.24144300
vn -0.66331700 0.70832100 0.24143600
vn -0.66331700 0.70832100 0.24143600
vn -0.66331700 0.70832100 0.24143600
vn -0.66332400 0.70831300 0.24144300
vn -0.66332400 0.70831300 0.24144300
vn -0.24167900 0.96636100 0.08796300
vn -0.24168600 0.96635900 0.08797100
vn -0.24168600 0.96635900 0.08797100
vn -0.24168600 0.96635900 0.08797100
vn -0.24167900 0.96636100 0.08796300
vn -0.24167900 0.96636100 0.08796300
vn 0.24475500 0.96548400 -0.08908300
vn 0.24475400 0.96548400 -0.08908200
vn 0.24475500 0.96548400 -0.08908300
vn 0.24475400 0.96548400 -0.08908200
vn 0.24475500 0.96548400 -0.08908300
vn 0.24475400 0.96548400 -0.08908200
vn 0.66558000 0.70591900 -0.24224200
vn 0.66558000 0.70591700 -0.24224700
vn 0.66558000 0.70591700 -0.24224700
vn 0.66558000 0.70591900 -0.24224200
vn 0.66558000 0.70591700 -0.24224700
vn 0.66558000 0.70591900 -0.24224200
vn 0.90808500 0.25718400 -0.33051300
vn 0.90808500 0.25718800 -0.33050800
vn 0.90808500 0.25718800 -0.33050800
vn 0.90808500 0.25718400 -0.33051300
vn 0.90808500 0.25718800 -0.33050800
vn 0.90808500 0.25718400 -0.33051300
vn 0.90726000 -0.26046100 -0.33021200
vn 0.90726100 -0.26046200 -0.33020800
vn 0.90726100 -0.26046200 -0.33020800
vn 0.90726000 -0.26046100 -0.33021200
vn 0.90726100 -0.26046200 -0.33020800
vn 0.90726000 -0.26046100 -0.33021200
vn 0.66331900 -0.70831800 -0.24144000
vn 0.66334300 -0.70829700 -0.24143600
vn 0.66334300 -0.70829700 -0.24143600
vn 0.66331900 -0.70831800 -0.24144000
vn 0.66334300 -0.70829700 -0.24143600
vn 0.66331900 -0.70831800 -0.24144000
vn 0.24168000 -0.96636000 -0.08796700
vn 0.24167600 -0.96636100 -0.08796800
vn 0.24167600 -0.96636100 -0.08796800
vn 0.24167600 -0.96636100 -0.08796800
vn 0.24168000 -0.96636000 -0.08796700
vn 0.24168000 -0.96636000 -0.08796700
vn -0.24475100 -0.96548500 0.08908500
vn 0.34200100 -0.00002800 0.93970000
vn 0.34203200 -0.00004700 0.93968800
vn 0.34200300 -0.00002800 0.93969900
vn 0.34200100 -0.00002800 0.93970000
vn 0.34203200 -0.00004700 0.93968800
vn 0.34199600 0.00000500 0.93970100
vn 0.34199600 0.00000500 0.93970100
vn 0.34203200 -0.00004700 0.93968800
vn 0.34200500 0.00000500 0.93969800
vn 0.34202700 0.00000000 0.93969000
vn 0.34200500 0.00000500 0.93969800
vn 0.34199600 0.00000500 0.93970100
vn 0.34202700 0.00000000 0.93969000
vn 0.34202100 -0.00000600 0.93969200
vn 0.34200500 0.00000500 0.93969800
vn 0.34202100 -0.00000600 0.93969200
vn 0.34205300 -0.00000200 0.93968100
vn 0.34202700 0.00000000 0.93969000
vn 0.34202100 -0.00000600 0.93969200
vn 0.34205300 -0.00000200 0.93968100
vn 0.34206200 0.00001900 0.93967700
vn 0.34205300 -0.00000200 0.93968100
vn 0.34202900 -0.00001300 0.93968900
vn 0.34206200 0.00001900 0.93967700
vn 0.34202700 -0.00002800 0.93969000
vn 0.34202900 -0.00001300 0.93968900
vn 0.34206200 0.00001900 0.93967700
vn 0.34203500 0.00000100 0.93968700
vn 0.34202700 -0.00002800 0.93969000
vn 0.34202900 -0.00001300 0.93968900
vn 0.34203800 0.00000900 0.93968600
vn 0.34203500 0.00000100 0.93968700
vn 0.34202700 -0.00002800 0.93969000
vn 0.34203800 0.00000900 0.93968600
vn 0.34203700 0.00000500 0.93968600
vn 0.34203500 0.00000100 0.93968700
vn 0.34203700 0.00000500 0.93968600
vn 0.34204900 -0.00000500 0.93968200
vn 0.34203800 0.00000900 0.93968600
vn 0.34200700 0.00005100 0.93969700
vn 0.34203700 0.00000500 0.93968600
vn 0.34204900 -0.00000500 0.93968200
vn 0.34204900 -0.00000500 0.93968200
vn 0.34200700 0.00005100 0.93969700
vn 0.34199900 0.00005100 0.93970000
vn 0.34200700 0.00005100 0.93969700
vn 0.34199900 0.00005100 0.93970000
vn 0.34203100 0.00003500 0.93968900
vn 0.34203100 0.00003500 0.93968900
vn 0.34193900 -0.00001500 0.93972200
vn 0.34199900 0.00005100 0.93970000
vn 0.34203100 0.00003500 0.93968900
vn 0.34203500 -0.00000500 0.93968700
vn 0.34193900 -0.00001500 0.93972200
vn 0.34203500 -0.00000500 0.93968700
vn 0.34193900 -0.00001500 0.93972200
vn 0.34204100 -0.00000500 0.93968500
vn 0.34203500 -0.00000500 0.93968700
vn 0.34202400 -0.00001200 0.93969100
vn 0.34204100 -0.00000500 0.93968500
vn 0.34202600 0.00007500 0.93969000
vn 0.34204100 -0.00000500 0.93968500
vn 0.34202400 -0.00001200 0.93969100
vn 0.34202400 -0.00001200 0.93969100
vn 0.34198900 -0.00001300 0.93970400
vn 0.34202600 0.00007500 0.93969000
vn 0.34200300 -0.00002800 0.93969900
vn 0.34198900 -0.00001300 0.93970400
vn 0.34202600 0.00007500 0.93969000
vn 0.34200300 -0.00002800 0.93969900
vn 0.34200100 -0.00002800 0.93970000
vn 0.34198900 -0.00001300 0.93970400
vn -0.24476600 -0.96548100 0.08908600
vn -0.24475200 -0.96548400 0.08908700
vn -0.24475200 -0.96548400 0.08908700
vn -0.24476600 -0.96548100 0.08908600
vn -0.24476600 -0.96548100 0.08908600
vn -0.66556200 -0.70593400 0.24225000
vn -0.66558100 -0.70591600 0.24225000
vn -0.66558100 -0.70591600 0.24225000
vn -0.66558100 -0.70591600 0.24225000
vn -0.66556200 -0.70593400 0.24225000
vn -0.66556200 -0.70593400 0.24225000
vn -0.90807700 -0.25718600 0.33053300
vn -0.90808300 -0.25717300 0.33052400
vn -0.90808300 -0.25717300 0.33052400
vn -0.90807700 -0.25718600 0.33053300
vn -0.90808300 -0.25717300 0.33052400
vn -0.90807700 -0.25718600 0.33053300
vn -0.90725800 0.26046300 0.33021400
vn -0.90726300 0.26042100 0.33023300
vn -0.90726300 0.26042100 0.33023300
vn -0.90726300 0.26042100 0.33023300
vn -0.90725800 0.26046300 0.33021400
vn -0.90725800 0.26046300 0.33021400
vn -0.66332800 0.70831700 0.24142000
vn -0.66333200 0.70830900 0.24143200
vn -0.66333200 0.70830900 0.24143200
vn -0.66332800 0.70831700 0.24142000
vn -0.66333200 0.70830900 0.24143200
vn -0.66332800 0.70831700 0.24142000
vn -0.24167400 0.96636200 0.08796200
vn -0.24168300 0.96636000 0.08796000
vn -0.24168300 0.96636000 0.08796000
vn -0.24168300 0.96636000 0.08796000
vn -0.24167400 0.96636200 0.08796200
vn -0.24167400 0.96636200 0.08796200
vn 0.24476100 0.96548200 -0.08909200
vn 0.24475800 0.96548300 -0.08908000
vn 0.24475800 0.96548300 -0.08908000
vn 0.24476100 0.96548200 -0.08909200
vn 0.24475800 0.96548300 -0.08908000
vn 0.24476100 0.96548200 -0.08909200
vn 0.66558000 0.70591300 -0.24226100
vn 0.66557900 0.70591400 -0.24225900
vn 0.66557900 0.70591400 -0.24225900
vn 0.66558000 0.70591300 -0.24226100
vn 0.66557900 0.70591400 -0.24225900
vn 0.66558000 0.70591300 -0.24226100
vn 0.90808000 0.25717900 -0.33052900
vn 0.90808200 0.25718600 -0.33051800
vn 0.90808000 0.25717900 -0.33052900
vn 0.90808200 0.25718600 -0.33051800
vn 0.90808000 0.25717900 -0.33052900
vn 0.90808200 0.25718600 -0.33051800
vn 0.90727400 -0.26042200 -0.33020400
vn 0.90725700 -0.26045700 -0.33022200
vn 0.90725700 -0.26045700 -0.33022200
vn 0.90725700 -0.26045700 -0.33022200
vn 0.90727400 -0.26042200 -0.33020400
vn 0.90727400 -0.26042200 -0.33020400
vn 0.66332300 -0.70831700 -0.24143200
vn 0.66333400 -0.70831000 -0.24142300
vn 0.66333400 -0.70831000 -0.24142300
vn 0.66332300 -0.70831700 -0.24143200
vn 0.66333400 -0.70831000 -0.24142300
vn 0.66332300 -0.70831700 -0.24143200
vn 0.24169300 -0.96635700 -0.08796800
vn 0.24168200 -0.96636000 -0.08797000
vn 0.24169300 -0.96635700 -0.08796800
vn 0.24169300 -0.96635700 -0.08796800
vn 0.24168200 -0.96636000 -0.08797000
vn 0.24168200 -0.96636000 -0.08797000
vn -0.24475200 -0.96548400 0.08908700
vn 0.34203500 0.00000000 0.93968700
vn 0.34204600 -0.00000900 0.93968300
vn 0.34203100 0.00000500 0.93968900
vn 0.34203800 -0.00000200 0.93968600
vn 0.34204600 -0.00000900 0.93968300
vn 0.34203100 0.00000500 0.93968900
vn 0.34201700 0.00000200 0.93969400
vn 0.34203800 -0.00000200 0.93968600
vn 0.34204600 -0.00000900 0.93968300
vn 0.34201700 0.00000200 0.93969400
vn 0.34203000 -0.00000500 0.93968900
vn 0.34203800 -0.00000200 0.93968600
vn 0.34204100 0.00000400 0.93968500
vn 0.34201700 0.00000200 0.93969400
vn 0.34203000 -0.00000500 0.93968900
vn 0.34203000 -0.00000500 0.93968900
vn 0.34198900 0.00000000 0.93970400
vn 0.34204100 0.00000400 0.93968500
vn 0.34204100 0.00000400 0.93968500
vn 0.34199800 0.00000900 0.93970100
vn 0.34198900 0.00000000 0.93970400
vn 0.34198700 0.00000400 0.93970500
vn 0.34198900 0.00000000 0.93970400
vn 0.34199800 0.00000900 0.93970100
vn 0.34198200 -0.00004200 0.93970700
vn 0.34198700 0.00000400 0.93970500
vn 0.34199800 0.00000900 0.93970100
vn 0.34199500 -0.00001700 0.93970200
vn 0.34198700 0.00000400 0.93970500
vn 0.34198200 -0.00004200 0.93970700
vn 0.34198200 -0.00004200 0.93970700
vn 0.34200400 -0.00001900 0.93969800
vn 0.34199500 -0.00001700 0.93970200
vn 0.34199700 0.00003000 0.93970100
vn 0.34200400 -0.00001900 0.93969800
vn 0.34199500 -0.00001700 0.93970200
vn 0.34199700 0.00003000 0.93970100
vn 0.34200400 -0.00001900 0.93969800
vn 0.34204200 0.00000000 0.93968500
vn 0.34199700 0.00003000 0.93970100
vn 0.34204200 0.00000000 0.93968500
vn 0.34204500 -0.00000900 0.93968400
vn 0.34204500 -0.00000900 0.93968400
vn 0.34202200 -0.00000700 0.93969200
vn 0.34204200 0.00000000 0.93968500
vn 0.34204500 -0.00000900 0.93968400
vn 0.34202200 -0.00000700 0.93969200
vn 0.34201800 -0.00000500 0.93969400
vn 0.34202200 -0.00000700 0.93969200
vn 0.34201800 -0.00000500 0.93969400
vn 0.34202800 -0.00000300 0.93969000
vn 0.34202800 -0.00000300 0.93969000
vn 0.34198400 -0.00000900 0.93970600
vn 0.34201800 -0.00000500 0.93969400
vn 0.34202800 -0.00000300 0.93969000
vn 0.34199300 0.00000500 0.93970300
vn 0.34198400 -0.00000900 0.93970600
vn 0.34198400 -0.00000900 0.93970600
vn 0.34199300 0.00000500 0.93970300
vn 0.34200900 0.00001800 0.93969700
vn 0.34200200 0.00000900 0.93969900
vn 0.34199300 0.00000500 0.93970300
vn 0.34200900 0.00001800 0.93969700
vn 0.34201900 0.00003000 0.93969300
vn 0.34200900 0.00001800 0.93969700
vn 0.34200200 0.00000900 0.93969900
vn 0.34201900 0.00003000 0.93969300
vn 0.34200200 0.00000900 0.93969900
vn 0.34203500 0.00000000 0.93968700
vn 0.34201900 0.00003000 0.93969300
vn 0.34203100 0.00000500 0.93968900
vn 0.34203500 0.00000000 0.93968700
vn 0.24472500 0.96549300 -0.08907000
vn 0.24472500 0.96549300 -0.08906900
vn 0.24472500 0.96549300 -0.08907000
vn 0.24472500 0.96549300 -0.08906900
vn 0.24472500 0.96549300 -0.08907000
vn 0.24472500 0.96549300 -0.08906900
vn 0.66558000 0.70591900 -0.24224500
vn 0.66557900 0.70592000 -0.24224400
vn 0.66558000 0.70591900 -0.24224500
vn 0.66557900 0.70592000 -0.24224400
vn 0.66558000 0.70591900 -0.24224500
vn 0.66557900 0.70592000 -0.24224400
vn 0.90810500 0.25711400 -0.33051100
vn 0.90807600 0.25720700 -0.33052000
vn 0.90810500 0.25711400 -0.33051100
vn 0.90807600 0.25720700 -0.33052000
vn 0.90810500 0.25711400 -0.33051100
vn 0.90807600 0.25720700 -0.33052000
vn 0.90725700 -0.26045900 -0.33022000
vn 0.90725700 -0.26045900 -0.33022000
vn 0.90725600 -0.26046600 -0.33021800
vn 0.90725600 -0.26046600 -0.33021800
vn 0.90725700 -0.26045900 -0.33022000
vn 0.90725600 -0.26046600 -0.33021800
vn 0.66335600 -0.70828200 -0.24144400
vn 0.66335000 -0.70828800 -0.24144400
vn 0.66335600 -0.70828200 -0.24144400
vn 0.66335000 -0.70828800 -0.24144400
vn 0.66335600 -0.70828200 -0.24144400
vn 0.66335000 -0.70828800 -0.24144400
vn 0.24166800 -0.96636400 -0.08796100
vn 0.24166600 -0.96636500 -0.08796000
vn 0.24166800 -0.96636400 -0.08796100
vn 0.24166600 -0.96636500 -0.08796000
vn 0.24166800 -0.96636400 -0.08796100
vn 0.24166600 -0.96636500 -0.08796000
vn -0.24479000 -0.96547400 0.08909600
vn -0.24479400 -0.96547200 0.08910000
vn -0.24479000 -0.96547400 0.08909600
vn -0.24479000 -0.96547400 0.08909600
vn -0.24479400 -0.96547200 0.08910000
vn -0.24479400 -0.96547200 0.08910000
vn -0.66557400 -0.70592100 0.24225300
vn -0.66557400 -0.70592100 0.24225300
vn -0.66557300 -0.70592100 0.24225400
vn -0.66557400 -0.70592100 0.24225300
vn -0.66557300 -0.70592100 0.24225400
vn -0.66557300 -0.70592100 0.24225400
vn -0.90808900 -0.25715400 0.33052500
vn -0.90807300 -0.25723600 0.33050400
vn -0.90808900 -0.25715400 0.33052500
vn -0.90808900 -0.25715400 0.33052500
vn -0.90807300 -0.25723600 0.33050400
vn -0.90807300 -0.25723600 0.33050400
vn -0.90728200 0.26038000 0.33021600
vn -0.90725600 0.26046200 0.33022000
vn -0.90728200 0.26038000 0.33021600
vn -0.90728200 0.26038000 0.33021600
vn -0.90725600 0.26046200 0.33022000
vn -0.90725600 0.26046200 0.33022000
vn -0.66330500 0.70833600 0.24142700
vn -0.66330500 0.70833600 0.24142700
vn -0.66330300 0.70833800 0.24142700
vn -0.66330500 0.70833600 0.24142700
vn -0.66330300 0.70833800 0.24142700
vn -0.66330300 0.70833800 0.24142700
vn -0.24168100 0.96636000 0.08796600
vn -0.24171000 0.96635200 0.08797300
vn -0.24168100 0.96636000 0.08796600
vn -0.24168100 0.96636000 0.08796600
vn -0.24171000 0.96635200 0.08797300
vn -0.24171000 0.96635200 0.08797300
vn 0.24478800 0.96547400 -0.08909700
vn 0.24478100 0.96547600 -0.08909700
vn 0.24478800 0.96547400 -0.08909700
vn 0.24478800 0.96547400 -0.08909700
vn 0.24478100 0.96547600 -0.08909700
vn 0.24478100 0.96547600 -0.08909700
vn 0.66558600 0.70590900 -0.24225500
vn 0.66559300 0.70590200 -0.24225800
vn 0.66558600 0.70590900 -0.24225500
vn 0.66558600 0.70590900 -0.24225500
vn 0.66559300 0.70590200 -0.24225800
vn 0.66559300 0.70590200 -0.24225800
vn 0.90807100 0.25723000 -0.33051400
vn 0.90807100 0.25723000 -0.33051400
vn 0.90809700 0.25714900 -0.33050700
vn 0.90807100 0.25723000 -0.33051400
vn 0.90809700 0.25714900 -0.33050700
vn 0.90809700 0.25714900 -0.33050700
vn 0.90726100 -0.26046500 -0.33020600
vn 0.90726100 -0.26046600 -0.33020500
vn 0.90726100 -0.26046500 -0.33020600
vn 0.90726100 -0.26046600 -0.33020500
vn 0.90726100 -0.26046500 -0.33020600
vn 0.90726100 -0.26046600 -0.33020500
vn 0.66331500 -0.70833000 -0.24141700
vn 0.66331500 -0.70833000 -0.24141700
vn 0.66336100 -0.70827700 -0.24144400
vn 0.66336100 -0.70827700 -0.24144400
vn 0.66331500 -0.70833000 -0.24141700
vn 0.66336100 -0.70827700 -0.24144400
vn 0.24167700 -0.96636100 -0.08796700
vn 0.24168900 -0.96635800 -0.08796800
vn 0.24167700 -0.96636100 -0.08796700
vn 0.24167700 -0.96636100 -0.08796700
vn 0.24168900 -0.96635800 -0.08796800
vn 0.24168900 -0.96635800 -0.08796800
vn -0.24470500 -0.96549800 0.08906800
vn -0.24470500 -0.96549800 0.08906800
vn -0.24470300 -0.96549900 0.08906800
vn -0.24470500 -0.96549800 0.08906800
vn -0.24470300 -0.96549900 0.08906800
vn -0.24470300 -0.96549900 0.08906800
vn -0.66558500 -0.70590900 0.24225700
vn -0.66558500 -0.70590900 0.24225700
vn -0.66558000 -0.70591400 0.24225700
vn -0.66558500 -0.70590900 0.24225700
vn -0.66558000 -0.70591400 0.24225700
vn -0.66558000 -0.70591400 0.24225700
vn -0.90809200 -0.25714300 0.33052300
vn -0.90809400 -0.25713700 0.33052400
vn -0.90809200 -0.25714300 0.33052300
vn -0.90809200 -0.25714300 0.33052300
vn -0.90809400 -0.25713700 0.33052400
vn -0.90809400 -0.25713700 0.33052400
vn -0.90725400 0.26046600 0.33022200
vn -0.90725400 0.26046600 0.33022200
vn -0.90725500 0.26046800 0.33021900
vn -0.90725400 0.26046600 0.33022200
vn -0.90725500 0.26046800 0.33021900
vn -0.90725500 0.26046800 0.33021900
vn -0.66333600 0.70830200 0.24144200
vn -0.66333900 0.70829900 0.24144000
vn -0.66333600 0.70830200 0.24144200
vn -0.66333600 0.70830200 0.24144200
vn -0.66333900 0.70829900 0.24144000
vn -0.66333900 0.70829900 0.24144000
vn -0.24168900 0.96635800 0.08796800
vn -0.24168900 0.96635800 0.08796800
vn -0.24168100 0.96636000 0.08796800
vn -0.24168100 0.96636000 0.08796800
vn -0.24168900 0.96635800 0.08796800
vn -0.24168100 0.96636000 0.08796800
f 1//1 2//2 3//3
f 1//1 3//3 4//4
f 4//4 3//3 5//5
f 4//4 5//5 6//6
f 6//6 5//5 7//7
f 6//6 7//7 8//8
f 8//8 7//7 9//9
f 8//8 9//9 10//10
f 10//10 9//9 11//11
f 10//10 11//11 12//12
f 12//12 11//11 13//13
f 12//12 13//13 14//14
f 14//14 13//13 15//15
f 14//14 15//15 16//16
f 16//16 15//15 17//17
f 16//16 17//17 18//18
f 18//18 17//17 19//19
f 18//18 19//19 20//20
f 21//21 22//22 23//23
f 21//21 23//23 24//24
f 24//24 23//23 25//25
f 24//24 25//25 26//26
f 27//27 21//21 24//24
f 27//27 24//24 28//28
f 28//28 24//24 26//26
f 28//28 26//26 29//29
f 32//32 33//33 34//34
f 35//35 40//40 45//45
f 48//48 50//50 54//54
f 53//53 51//51 47//47
f 52//52 43//43 56//56
f 55//55 41//41 39//39
f 58//58 60//60 62//62
f 67//67 68//68 70//70
f 73//73 76//76 84//84
f 80//80 75//75 86//86
f 92//92 93//93 96//96
f 94//94 87//87 98//98
f 97//97 88//88 101//101
f 99//99 103//103 105//105
f 108//108 113//113 117//117
f 118//118 120//120 121//121
f 122//122 119//119 124//124
f 123//123 125//125 129//129
f 115//115 132//132 109//109
f 110//110 131//131 134//134
f 107//107 133//133 64//64
f 63//63 135//135 137//137
f 61//61 136//136 59//59
f 85//85 140//140 79//79
f 78//78 141//141 142//142
f 77//77 143//143 145//145
f 139//139 144//144 146//146
f 138//138 147//147 57//57
f 149//149 153//153 155//155
f 157//157 154//154 158//158
f 156//156 159//159 102//102
f 104//104 160//160 162//162
f 100//100 161//161 106//106
f 163//163 31//31 165//165
f 164//164 30//30 36//36
f 166//166 37//37 168//168
f 167//167 38//38 171//171
f 169//169 170//170 175//175
f 174//174 172//172 178//178
f 173//173 177//177 181//181
f 180//180 176//176 184//184
f 179//179 183//183 188//188
f 126//126 191//191 127//127
f 130//130 190//190 193//193
f 128//128 194//194 72//72
f 71//71 192//192 198//198
f 69//69 202//202 65//65
f 49//49 204//204 44//44
f 42//42 203//203 207//207
f 46//46 205//205 200//200
f 201//201 206//206 209//209
f 199//199 208//208 211//211
f 95//95 212//212 91//91
f 90//90 213//213 216//216
f 89//89 215//215 81//81
f 83//83 214//214 218//218
f 82//82 217//217 74//74
f 210//210 220//220 197//197
f 195//195 219//219 221//221
f 196//196 222//222 66//66
f 187//187 226//226 112//112
f 114//114 227//227 228//228
f 111//111 229//229 116//116
f 148//148 230//230 151//151
f 150//150 231//231 223//223
f 152//152 224//224 234//234
f 233//233 225//225 189//189
f 232//232 186//186 235//235
f 236//236 185//185 182//182
f 237//237 238//238 239//239
f 237//237 239//239 240//240
f 240//240 239//239 241//241
f 240//240 241//241 243//243
f 244//244 242//242 245//245
f 244//244 245//245 246//246
f 246//246 245//245 247//247
f 246//246 247//247 248//248
f 248//248 247//247 249//249
f 248//248 249//249 250//250
f 250//250 249//249 251//251
f 250//250 251//251 252//252
f 252//252 251//251 253//253
f 252//252 253//253 254//254
f 254//254 253//253 2//2
f 254//254 2//2 1//1
f 255//255 256//256 257//257
f 258//258 259//259 260//260
f 261//261 262//262 263//263
f 264//264 265//265 266//266
f 267//267 268//268 269//269
f 270//270 271//271 272//272
f 273//273 274//274 275//275
f 274//274 273//273 276//276
f 276//276 273//273 277//277
f 276//276 277//277 278//278
f 278//278 277//277 279//279
f 278//278 279//279 280//280
f 281//281 282//282 275//275
f 275//275 282//282 283//283
f 275//275 283//283 273//273
f 284//284 285//285 286//286
f 286//286 285//285 287//287
f 286//286 287//287 288//288
f 288//288 287//287 289//289
f 288//288 289//289 281//281
f 281//281 289//289 290//290
f 281//281 290//290 282//282
f 291//291 292//292 284//284
f 284//284 292//292 293//293
f 284//284 293//293 285//285
f 284//284 294//294 291//291
f 291//291 294//294 295//295
f 291//291 295//295 296//296
f 296//296 295//295 297//297
f 297//297 295//295 298//298
f 297//297 298//298 299//299
f 299//299 298//298 300//300
f 299//299 300//300 301//301
f 268//268 267//267 302//302
f 303//303 304//304 305//305
f 305//305 304//304 306//306
f 305//305 306//306 307//307
f 307//307 306//306 308//308
f 307//307 308//308 309//309
f 309//309 308//308 302//302
f 309//309 302//302 310//310
f 310//310 302//302 267//267
f 311//311 312//312 313//313
f 313//313 312//312 314//314
f 313//313 314//314 315//315
f 315//315 314//314 316//316
f 315//315 316//316 269//269
f 269//269 316//316 317//317
f 269//269 317//317 267//267
f 318//318 319//319 311//311
f 311//311 319//319 320//320
f 311//311 320//320 312//312
f 321//321 322//322 323//323
f 323//323 322//322 324//324
f 323//323 324//324 325//325
f 325//325 324//324 326//326
f 325//325 326//326 327//327
f 327//327 326//326 328//328
f 327//327 328//328 329//329
f 329//329 328//328 330//330
f 329//329 330//330 331//331
f 331//331 330//330 318//318
f 331//331 318//318 332//332
f 332//332 318//318 311//311
f 333//333 334//334 335//335
f 335//335 334//334 336//336
f 335//335 336//336 337//337
f 338//338 336//336 339//339
f 340//340 261//261 264//264
f 264//264 261//261 263//263
f 264//264 263//263 265//265
f 263//263 341//341 265//265
f 265//265 341//341 342//342
f 265//265 342//342 266//266
f 266//266 342//342 343//343
f 266//266 343//343 344//344
f 344//344 343//343 345//345
f 344//344 345//345 347//347
f 347//347 345//345 348//348
f 346//346 349//349 350//350
f 350//350 349//349 351//351
f 350//350 351//351 352//352
f 352//352 351//351 353//353
f 352//352 353//353 354//354
f 354//354 353//353 355//355
f 354//354 355//355 356//356
f 356//356 355//355 357//357
f 356//356 357//357 358//358
f 359//359 360//360 361//361
f 361//361 360//360 362//362
f 361//361 363//363 364//364
f 365//365 366//366 367//367
f 365//365 367//367 368//368
f 368//368 367//367 369//369
f 368//368 369//369 363//363
f 363//363 369//369 370//370
f 363//363 370//370 364//364
f 371//371 372//372 373//373
f 373//373 372//372 374//374
f 374//374 375//375 373//373
f 373//373 375//375 376//376
f 373//373 376//376 377//377
f 377//377 376//376 378//378
f 377//377 378//378 365//365
f 365//365 378//378 379//379
f 365//365 379//379 366//366
f 359//359 380//380 360//360
f 360//360 380//380 381//381
f 360//360 381//381 382//382
f 382//382 381//381 383//383
f 382//382 383//383 384//384
f 357//357 385//385 358//358
f 358//358 385//385 386//386
f 358//358 386//386 387//387
f 387//387 386//386 388//388
f 387//387 388//388 389//389
f 389//389 388//388 390//390
f 389//389 390//390 391//391
f 391//391 390//390 392//392
f 391//391 392//392 393//393
f 393//393 392//392 394//394
f 393//393 394//394 395//395
f 395//395 394//394 396//396
f 395//395 396//396 397//397
f 398//398 399//399 258//258
f 400//400 401//401 398//398
f 398//398 401//401 399//399
f 399//399 401//401 402//402
f 399//399 402//402 258//258
f 258//258 402//402 403//403
f 258//258 403//403 259//259
f 404//404 405//405 406//406
f 406//406 407//407 404//404
f 404//404 407//407 408//408
f 404//404 408//408 409//409
f 409//409 408//408 410//410
f 409//409 410//410 400//400
f 395//395 411//411 393//393
f 393//393 411//411 412//412
f 393//393 412//412 391//391
f 391//391 412//412 413//413
f 391//391 413//413 389//389
f 389//389 413//413 414//414
f 389//389 414//414 387//387
f 387//387 414//414 415//415
f 387//387 415//415 358//358
f 358//358 415//415 371//371
f 358//358 371//371 356//356
f 356//356 371//371 373//373
f 356//356 373//373 416//416
f 416//416 373//373 377//377
f 416//416 377//377 417//417
f 417//417 377//377 365//365
f 417//417 365//365 418//418
f 418//418 365//365 368//368
f 418//418 368//368 347//347
f 347//347 368//368 362//362
f 347//347 362//362 344//344
f 344//344 362//362 360//360
f 344//344 360//360 266//266
f 266//266 360//360 382//382
f 266//266 382//382 264//264
f 264//264 382//382 384//384
f 264//264 384//384 340//340
f 409//409 419//419 404//404
f 404//404 419//419 420//420
f 404//404 420//420 405//405
f 405//405 420//420 421//421
f 422//422 411//411 421//421
f 421//421 411//411 395//395
f 421//421 395//395 405//405
f 405//405 395//395 397//397
f 405//405 397//397 406//406
f 423//423 424//424 425//425
f 425//425 424//424 426//426
f 400//400 398//398 409//409
f 409//409 398//398 425//425
f 409//409 425//425 419//419
f 419//419 425//425 426//426
f 419//419 426//426 427//427
f 427//427 428//428 419//419
f 419//419 428//428 429//429
f 419//419 429//429 420//420
f 420//420 429//429 430//430
f 420//420 430//430 421//421
f 421//421 430//430 431//431
f 421//421 431//431 422//422
f 432//432 433//433 434//434
f 434//434 433//433 435//435
f 436//436 437//437 438//438
f 438//438 437//437 434//434
f 438//438 434//434 439//439
f 439//439 434//434 435//435
f 440//440 441//441 442//442
f 442//442 441//441 443//443
f 442//442 443//443 444//444
f 444//444 443//443 445//445
f 444//444 445//445 446//446
f 446//446 445//445 447//447
f 446//446 447//447 448//448
f 448//448 447//447 432//432
f 448//448 432//432 449//449
f 449//449 432//432 434//434
f 449//449 434//434 450//450
f 450//450 434//434 437//437
f 451//451 452//452 453//453
f 452//452 440//440 453//453
f 453//453 440//440 442//442
f 453//453 442//442 454//454
f 454//454 442//442 444//444
f 454//454 444//444 455//455
f 455//455 444//444 446//446
f 455//455 446//446 456//456
f 456//456 446//446 448//448
f 456//456 448//448 260//260
f 260//260 448//448 449//449
f 260//260 449//449 258//258
f 258//258 449//449 450//450
f 258//258 450//450 398//398
f 398//398 450//450 437//437
f 398//398 437//437 425//425
f 425//425 437//437 436//436
f 425//425 436//436 423//423
f 302//302 457//457 268//268
f 268//268 457//457 458//458
f 268//268 458//458 269//269
f 269//269 458//458 459//459
f 269//269 459//459 315//315
f 315//315 459//459 460//460
f 315//315 460//460 313//313
f 313//313 460//460 461//461
f 313//313 461//461 311//311
f 311//311 461//461 462//462
f 311//311 462//462 332//332
f 332//332 462//462 463//463
f 332//332 463//463 331//331
f 331//331 463//463 464//464
f 331//331 464//464 329//329
f 329//329 464//464 465//465
f 329//329 465//465 327//327
f 327//327 465//465 466//466
f 327//327 466//466 325//325
f 325//325 466//466 467//467
f 325//325 467//467 323//323
f 323//323 467//467 468//468
f 323//323 468//468 321//321
f 321//321 468//468 334//334
f 321//321 334//334 469//469
f 469//469 334//334 333//333
f 304//304 470//470 306//306
f 306//306 470//470 471//471
f 306//306 471//471 308//308
f 308//308 471//471 472//472
f 308//308 472//472 302//302
f 302//302 472//472 473//473
f 302//302 473//473 457//457
f 303//303 270//270 304//304
f 304//304 270//270 272//272
f 304//304 272//272 470//470
f 470//470 272//272 474//474
f 280//280 338//338 278//278
f 278//278 338//338 339//339
f 278//278 339//339 276//276
f 276//276 339//339 475//475
f 276//276 475//475 274//274
f 274//274 475//475 476//476
f 274//274 476//476 275//275
f 275//275 476//476 477//477
f 275//275 477//477 281//281
f 281//281 477//477 478//478
f 281//281 478//478 288//288
f 288//288 478//478 479//479
f 288//288 479//479 286//286
f 286//286 479//479 480//480
f 286//286 480//480 284//284
f 480//480 481//481 284//284
f 284//284 481//481 482//482
f 284//284 482//482 294//294
f 294//294 482//482 483//483
f 294//294 483//483 295//295
f 295//295 483//483 484//484
f 295//295 484//484 298//298
f 298//298 484//484 485//485
f 298//298 485//485 300//300
f 486//486 487//487 485//485
f 485//485 487//487 300//300
f 441//441 255//255 443//443
f 443//443 255//255 257//257
f 443//443 257//257 445//445
f 445//445 257//257 488//488
f 445//445 488//488 447//447
f 447//447 488//488 489//489
f 447//447 489//489 432//432
f 432//432 489//489 490//490
f 432//432 490//490 433//433
f 422//422 491//491 411//411
f 411//411 491//491 492//492
f 411//411 492//492 412//412
f 412//412 492//492 493//493
f 412//412 493//493 413//413
f 413//413 493//493 494//494
f 413//413 494//494 414//414
f 414//414 494//494 495//495
f 414//414 495//495 415//415
f 415//415 495//495 496//496
f 415//415 496//496 371//371
f 371//371 496//496 497//497
f 371//371 497//497 372//372
f 474//474 451//451 470//470
f 470//470 451//451 453//453
f 470//470 453//453 471//471
f 471//471 453//453 454//454
f 471//471 454//454 472//472
f 472//472 454//454 455//455
f 472//472 455//455 473//473
f 473//473 455//455 456//456
f 473//473 456//456 457//457
f 457//457 456//456 260//260
f 457//457 260//260 458//458
f 458//458 260//260 259//259
f 458//458 259//259 459//459
f 459//459 259//259 403//403
f 459//459 403//403 460//460
f 460//460 403//403 402//402
f 460//460 402//402 461//461
f 461//461 402//402 401//401
f 461//461 401//401 462//462
f 462//462 401//401 400//400
f 462//462 400//400 463//463
f 463//463 400//400 410//410
f 463//463 410//410 464//464
f 464//464 410//410 408//408
f 464//464 408//408 465//465
f 465//465 408//408 407//407
f 465//465 407//407 466//466
f 466//466 407//407 406//406
f 466//466 406//406 467//467
f 467//467 406//406 397//397
f 467//467 397//397 468//468
f 468//468 397//397 396//396
f 468//468 396//396 334//334
f 334//334 396//396 394//394
f 334//334 394//394 336//336
f 336//336 394//394 392//392
f 336//336 392//392 339//339
f 339//339 392//392 390//390
f 339//339 390//390 475//475
f 475//475 390//390 388//388
f 475//475 388//388 476//476
f 476//476 388//388 386//386
f 476//476 386//386 477//477
f 477//477 386//386 385//385
f 477//477 385//385 478//478
f 478//478 385//385 357//357
f 478//478 357//357 479//479
f 479//479 357//357 355//355
f 479//479 355//355 480//480
f 480//480 355//355 498//498
f 480//480 498//498 499//499
f 499//499 498//498 501//501
f 481//481 500//500 482//482
f 482//482 500//500 348//348
f 482//482 348//348 483//483
f 483//483 348//348 345//345
f 483//483 345//345 484//484
f 484//484 345//345 343//343
f 484//484 343//343 485//485
f 485//485 343//343 342//342
f 485//485 342//342 486//486
f 486//486 342//342 341//341
f 502//502 279//279 277//277
f 503//503 504//504 505//505
f 320//320 319//319 506//506
f 508//508 513//513 515//515
f 514//514 512//512 516//516
f 518//518 519//519 520//520
f 520//520 519//519 521//521
f 522//522 523//523 524//524
f 525//525 326//326 526//526
f 526//526 326//326 324//324
f 526//526 324//324 322//322
f 320//320 506//506 312//312
f 517//517 511//511 528//528
f 527//527 509//509 532//532
f 529//529 530//530 534//534
f 535//535 292//292 536//536
f 536//536 292//292 291//291
f 536//536 291//291 537//537
f 537//537 291//291 296//296
f 537//537 296//296 538//538
f 538//538 296//296 297//297
f 538//538 297//297 539//539
f 319//319 318//318 506//506
f 506//506 318//318 330//330
f 506//506 330//330 525//525
f 525//525 330//330 328//328
f 525//525 328//328 326//326
f 531//531 305//305 533//533
f 533//533 305//305 307//307
f 533//533 307//307 540//540
f 540//540 307//307 309//309
f 540//540 309//309 310//310
f 535//535 289//289 287//287
f 273//273 541//541 277//277
f 277//277 510//510 507//507
f 277//277 507//507 502//502
f 542//542 316//316 506//506
f 506//506 316//316 314//314
f 506//506 314//314 312//312
f 524//524 523//523 543//543
f 544//544 545//545 546//546
f 546//546 545//545 547//547
f 503//503 505//505 548//548
f 287//287 285//285 535//535
f 535//535 285//285 293//293
f 535//535 293//293 292//292
f 310//310 267//267 542//542
f 542//542 267//267 317//317
f 542//542 317//317 316//316
f 524//524 549//549 522//522
f 522//522 549//549 550//550
f 522//522 550//550 551//551
f 551//551 550//550 271//271
f 551//551 271//271 552//552
f 505//505 553//553 548//548
f 548//548 553//553 554//554
f 548//548 554//554 546//546
f 546//546 554//554 555//555
f 546//546 555//555 544//544
f 273//273 283//283 541//541
f 541//541 283//283 282//282
f 541//541 282//282 535//535
f 535//535 282//282 290//290
f 535//535 290//290 289//289
f 557//557 558//558 543//543
f 560//560 556//556 561//561
f 565//565 557//557 543//543
f 565//565 543//543 566//566
f 566//566 543//543 523//523
f 297//297 299//299 539//539
f 539//539 299//299 301//301
f 539//539 301//301 567//567
f 547//547 568//568 546//546
f 546//546 568//568 569//569
f 546//546 569//569 570//570
f 570//570 569//569 571//571
f 570//570 571//571 572//572
f 573//573 574//574 575//575
f 575//575 574//574 576//576
f 575//575 576//576 577//577
f 581//581 576//576 582//582
f 581//581 582//582 518//518
f 518//518 582//582 583//583
f 518//518 583//583 519//519
f 572//572 584//584 570//570
f 557//557 584//584 585//585
f 557//557 585//585 558//558
f 586//586 587//587 580//580
f 578//578 588//588 590//590
f 579//579 589//589 562//562
f 564//564 591//591 593//593
f 563//563 592//592 559//559
f 531//531 594//594 305//305
f 305//305 594//594 595//595
f 305//305 595//595 303//303
f 303//303 595//595 596//596
f 303//303 596//596 270//270
f 270//270 596//596 597//597
f 270//270 597//597 271//271
f 271//271 597//597 598//598
f 271//271 598//598 552//552
f 552//552 598//598 301//301
f 552//552 301//301 599//599
f 599//599 301//301 600//600
f 599//599 600//600 601//601
f 601//601 600//600 602//602
f 601//601 602//602 603//603
f 603//603 602//602 604//604
f 603//603 604//604 605//605
f 605//605 604//604 606//606
f 605//605 606//606 607//607
f 607//607 606//606 608//608
f 607//607 608//608 609//609
f 609//609 610//610 575//575
f 575//575 610//610 611//611
f 575//575 611//611 573//573
f 612//612 617//617 620//620
f 623//623 626//626 632//632
f 630//630 629//629 634//634
f 637//637 640//640 642//642
f 645//645 639//639 648//648
f 614//614 651//651 616//616
f 615//615 650//650 653//653
f 618//618 652//652 658//658
f 660//660 664//664 619//619
f 622//622 663//663 666//666
f 621//621 667//667 613//613
f 624//624 668//668 627//627
f 628//628 669//669 671//671
f 625//625 672//672 673//673
f 680//680 683//683 686//686
f 654//654 689//689 656//656
f 655//655 688//688 690//690
f 657//657 692//692 694//694
f 693//693 691//691 698//698
f 695//695 697//697 699//699
f 700//700 696//696 704//704
f 701//701 702//702 708//708
f 670//670 709//709 676//676
f 674//674 710//710 712//712
f 675//675 713//713 714//714
f 716//716 711//711 718//718
f 715//715 717//717 721//721
f 726//726 729//729 730//730
f 731//731 727//727 734//734
f 732//732 735//735 738//738
f 736//736 733//733 741//741
f 737//737 740//740 633//633
f 636//636 739//739 743//743
f 635//635 742//742 631//631
f 687//687 745//745 677//677
f 679//679 744//744 747//747
f 678//678 748//748 749//749
f 754//754 758//758 682//682
f 684//684 759//759 762//762
f 681//681 761//761 685//685
f 763//763 768//768 755//755
f 753//753 767//767 770//770
f 756//756 769//769 760//760
f 773//773 777//777 778//778
f 779//779 776//776 782//782
f 780//780 783//783 784//784
f 785//785 781//781 787//787
f 786//786 789//789 795//795
f 793//793 788//788 797//797
f 790//790 796//796 799//799
f 641//641 800//800 647//647
f 649//649 801//801 803//803
f 646//646 804//804 771//771
f 774//774 802//802 805//805
f 772//772 806//806 775//775
f 638//638 643//643 807//807
f 808//808 644//644 810//810
f 809//809 814//814 816//816
f 798//798 818//818 791//791
f 794//794 817//817 821//821
f 792//792 819//819 823//823
f 822//822 820//820 825//825
f 824//824 826//826 828//828
f 830//830 827//827 765//765
f 829//829 766//766 832//832
f 831//831 764//764 757//757
f 746//746 833//833 750//750
f 752//752 834//834 835//835
f 751//751 836//836 839//839
f 840//840 837//837 842//842
f 838//838 841//841 845//845
f 846//846 843//843 848//848
f 844//844 847//847 723//723
f 725//725 849//849 850//850
f 724//724 851//851 728//728
f 852//852 857//857 859//859
f 861//861 858//858 862//862
f 860//860 863//863 811//811
f 812//812 864//864 865//865
f 813//813 866//866 815//815
f 722//722 719//719 867//867
f 870//870 720//720 871//871
f 868//868 872//872 875//875
f 703//703 877//877 706//706
f 707//707 878//878 879//879
f 705//705 880//880 853//853
f 854//854 881//881 883//883
f 855//855 882//882 856//856
f 884//884 890//890 876//876
f 874//874 888//888 892//892
f 873//873 891//891 869//869
f 896//896 898//898 901//901
f 900//900 897//897 905//905
f 903//903 899//899 906//906
f 904//904 907//907 909//909
f 902//902 914//914 894//894
f 895//895 913//913 917//917
f 893//893 916//916 918//918
f 919//919 915//915 921//921
f 920//920 922//922 927//927
f 908//908 928//928 912//912
f 910//910 929//929 932//932
f 911//911 931//931 887//887
f 886//886 930//930 933//933
f 885//885 934//934 889//889
f 923//923 935//935 924//924
f 926//926 936//936 939//939
f 925//925 937//937 942//942
f 940//940 938//938 943//943
f 941//941 945//945 948//948
f 947//947 944//944 951//951
f 946//946 950//950 661//661
f 659//659 949//949 952//952
f 662//662 953//953 665//665
f 954//954 955//955 262//262
f 256//256 956//956 257//257
f 257//257 956//956 957//957
f 262//262 261//261 954//954
f 954//954 261//261 340//340
f 954//954 340//340 958//958
f 958//958 340//340 384//384
f 958//958 384//384 959//959
f 959//959 384//384 383//383
f 959//959 383//383 960//960
f 383//383 381//381 960//960
f 960//960 381//381 380//380
f 960//960 380//380 961//961
f 380//380 359//359 961//961
f 961//961 359//359 361//361
f 961//961 361//361 962//962
f 962//962 361//361 364//364
f 962//962 364//364 963//963
f 364//364 370//370 963//963
f 963//963 370//370 369//369
f 963//963 369//369 964//964
f 964//964 369//369 367//367
f 964//964 367//367 965//965
f 965//965 367//367 366//366
f 965//965 366//366 966//966
f 366//366 379//379 966//966
f 966//966 379//379 378//378
f 966//966 378//378 967//967
f 967//967 378//378 376//376
f 967//967 376//376 968//968
f 968//968 376//376 375//375
f 968//968 375//375 969//969
f 375//375 374//374 969//969
f 969//969 374//374 372//372
f 969//969 372//372 970//970
f 372//372 497//497 970//970
f 970//970 497//497 496//496
f 970//970 496//496 971//971
f 971//971 496//496 495//495
f 971//971 495//495 972//972
f 972//972 495//495 494//494
f 972//972 494//494 973//973
f 973//973 494//494 493//493
f 973//973 493//493 974//974
f 974//974 493//493 492//492
f 974//974 492//492 975//975
f 975//975 492//492 491//491
f 975//975 491//491 976//976
f 977//977 491//491 422//422
f 422//422 431//431 977//977
f 977//977 431//431 430//430
f 977//977 430//430 978//978
f 430//430 429//429 978//978
f 978//978 429//429 428//428
f 978//978 428//428 979//979
f 428//428 427//427 979//979
f 979//979 427//427 426//426
f 979//979 426//426 980//980
f 980//980 426//426 424//424
f 980//980 424//424 981//981
f 424//424 423//423 981//981
f 981//981 423//423 436//436
f 981//981 436//436 982//982
f 982//982 436//436 438//438
f 982//982 438//438 983//983
f 983//983 438//438 439//439
f 983//983 439//439 984//984
f 984//984 439//439 435//435
f 984//984 435//435 985//985
f 986//986 435//435 433//433
f 433//433 490//490 986//986
f 986//986 490//490 489//489
f 986//986 489//489 957//957
f 957//957 489//489 488//488
f 957//957 488//488 257//257
f 262//262 955//955 987//987
f 988//988 989//989 990//990
f 990//990 989//989 991//991
f 990//990 991//991 992//992
f 992//992 991//991 993//993
f 992//992 993//993 994//994
f 994//994 993//993 995//995
f 994//994 995//995 996//996
f 996//996 995//995 997//997
f 996//996 997//997 998//998
f 998//998 997//997 999//999
f 998//998 999//999 1000//1000
f 1000//1000 999//999 1001//1001
f 1000//1000 1001//1001 1002//1002
f 1002//1002 1001//1001 1003//1003
f 1002//1002 1003//1003 1004//1004
f 1004//1004 1003//1003 1005//1005
f 1004//1004 1005//1005 1006//1006
f 1006//1006 1005//1005 1007//1007
f 1006//1006 1007//1007 1008//1008
f 1008//1008 1007//1007 1009//1009
f 1008//1008 1009//1009 1010//1010
f 1010//1010 1009//1009 956//956
f 1010//1010 956//956 256//256
f 990//990 1011//1011 988//988
f 988//988 1011//1011 1012//1012
f 988//988 1012//1012 1013//1013
f 1013//1013 1012//1012 1014//1014
f 1014//1014 1015//1015 1016//1016
f 1016//1016 1015//1015 1017//1017
f 1016//1016 1017//1017 1018//1018
f 1018//1018 1017//1017 1019//1019
f 1018//1018 1019//1019 1020//1020
f 1020//1020 1019//1019 1021//1021
f 1020//1020 1021//1021 1022//1022
f 1021//1021 1023//1023 1022//1022
f 1022//1022 1023//1023 1024//1024
f 1022//1022 1024//1024 1025//1025
f 1025//1025 1024//1024 1026//1026
f 1025//1025 1026//1026 1027//1027
f 1026//1026 1028//1028 1027//1027
f 1027//1027 1028//1028 1029//1029
f 1027//1027 1029//1029 1030//1030
f 1030//1030 1029//1029 1031//1031
f 1030//1030 1031//1031 1032//1032
f 1031//1031 1033//1033 1032//1032
f 1032//1032 1033//1033 1034//1034
f 1032//1032 1034//1034 1035//1035
f 1035//1035 1034//1034 1036//1036
f 1035//1035 1036//1036 1037//1037
f 1037//1037 1036//1036 1038//1038
f 1037//1037 1038//1038 1039//1039
f 1039//1039 1038//1038 1040//1040
f 1039//1039 1040//1040 1041//1041
f 1041//1041 1040//1040 1042//1042
f 1041//1041 1042//1042 1043//1043
f 1043//1043 1042//1042 1044//1044
f 1043//1043 1044//1044 1045//1045
f 1044//1044 1046//1046 1045//1045
f 1045//1045 1046//1046 1047//1047
f 1045//1045 1047//1047 1048//1048
f 1047//1047 1049//1049 1050//1050
f 1050//1050 1049//1049 1051//1051
f 1050//1050 1051//1051 1052//1052
f 1052//1052 1051//1051 1053//1053
f 1052//1052 1053//1053 1054//1054
f 1054//1054 1053//1053 1055//1055
f 1054//1054 1055//1055 1056//1056
f 1055//1055 1057//1057 1056//1056
f 1056//1056 1057//1057 1058//1058
f 1056//1056 1058//1058 1059//1059
f 1059//1059 1058//1058 1060//1060
f 1059//1059 1060//1060 1061//1061
f 1061//1061 1060//1060 1062//1062
f 1061//1061 1062//1062 1063//1063
f 1062//1062 1064//1064 1063//1063
f 1063//1063 1064//1064 1065//1065
f 1063//1063 1065//1065 1066//1066
f 1066//1066 1065//1065 1067//1067
f 1066//1066 1067//1067 1068//1068
f 1067//1067 1069//1069 1068//1068
f 1068//1068 1069//1069 1070//1070
f 1068//1068 1070//1070 1071//1071
f 1070//1070 1072//1072 1071//1071
f 1071//1071 1072//1072 1073//1073
f 1071//1071 1073//1073 1074//1074
f 987//987 1073//1073 1075//1075
f 987//987 1075//1075 262//262
f 1010//1010 256//256 255//255
f 486//486 341//341 1076//1076
f 1076//1076 341//341 263//263
f 1077//1077 555//555 1078//1078
f 1078//1078 555//555 554//554
f 1078//1078 554//554 1079//1079
f 1079//1079 554//554 553//553
f 1079//1079 553//553 1080//1080
f 1080//1080 553//553 505//505
f 1080//1080 505//505 1081//1081
f 1081//1081 505//505 504//504
f 1081//1081 504//504 1082//1082
f 1083//1083 568//568 1084//1084
f 1084//1084 568//568 547//547
f 1084//1084 547//547 1085//1085
f 1085//1085 547//547 545//545
f 1085//1085 545//545 1077//1077
f 1077//1077 545//545 544//544
f 1077//1077 544//544 555//555
f 572//572 571//571 1083//1083
f 1083//1083 571//571 569//569
f 1083//1083 569//569 568//568
f 1083//1083 1086//1086 572//572
f 572//572 1086//1086 1087//1087
f 572//572 1087//1087 584//584
f 1088//1088 524//524 543//543
f 272//272 271//271 550//550
f 524//524 1088//1088 549//549
f 549//549 1088//1088 550//550
f 550//550 1088//1088 272//272
f 300//300 1089//1089 301//301
f 301//301 1089//1089 600//600
f 600//600 1089//1089 602//602
f 602//602 1089//1089 1090//1090
f 602//602 1090//1090 604//604
f 604//604 1090//1090 1091//1091
f 604//604 1091//1091 606//606
f 606//606 1091//1091 608//608
f 608//608 1091//1091 1092//1092
f 608//608 1092//1092 609//609
f 609//609 1092//1092 1093//1093
f 609//609 1093//1093 610//610
f 610//610 1093//1093 1094//1094
f 610//610 1094//1094 611//611
f 583//583 582//582 1095//1095
f 1095//1095 582//582 576//576
f 1095//1095 576//576 1096//1096
f 1096//1096 576//576 574//574
f 1096//1096 574//574 1094//1094
f 1094//1094 574//574 573//573
f 1094//1094 573//573 611//611
f 1097//1097 521//521 1098//1098
f 1098//1098 521//521 519//519
f 1098//1098 519//519 1099//1099
f 1099//1099 519//519 583//583
f 1099//1099 583//583 1100//1100
f 1100//1100 583//583 1095//1095
f 1101//1101 1102//1102 1103//1103
f 1103//1103 1102//1102 1104//1104
f 1105//1105 1106//1106 1104//1104
f 1104//1104 1106//1106 1107//1107
f 1104//1104 1107//1107 1103//1103
f 1108//1108 1109//1109 1110//1110
f 263//263 262//262 1075//1075
f 1075//1075 1109//1109 263//263
f 263//263 1109//1109 1108//1108
f 263//263 1108//1108 1076//1076
f 1076//1076 1108//1108 1111//1111
f 1112//1112 1113//1113 1114//1114
f 1114//1114 1113//1113 1115//1115
f 1114//1114 1115//1115 1116//1116
f 1116//1116 1115//1115 1117//1117
f 1116//1116 1117//1117 1118//1118
f 1118//1118 1117//1117 1119//1119
f 1118//1118 1119//1119 1120//1120
f 1120//1120 1119//1119 1121//1121
f 1120//1120 1121//1121 1122//1122
f 1122//1122 1121//1121 1123//1123
f 1122//1122 1123//1123 1124//1124
f 1124//1124 1123//1123 1125//1125
f 1124//1124 1125//1125 1126//1126
f 1126//1126 1125//1125 1111//1111
f 1127//1127 1128//1128 1065//1065
f 1129//1129 1058//1058 1130//1130
f 1130//1130 1058//1058 1057//1057
f 1065//1065 1064//1064 1127//1127
f 1127//1127 1064//1064 1062//1062
f 1127//1127 1062//1062 1129//1129
f 1129//1129 1062//1062 1060//1060
f 1129//1129 1060//1060 1058//1058
f 1110//1110 1069//1069 1128//1128
f 1128//1128 1069//1069 1067//1067
f 1128//1128 1067//1067 1065//1065
f 1131//1131 1047//1047 1046//1046
f 1131//1131 1046//1046 1132//1132
f 1046//1046 1044//1044 1132//1132
f 1132//1132 1044//1044 1042//1042
f 1132//1132 1042//1042 1133//1133
f 1133//1133 1042//1042 1040//1040
f 1133//1133 1040//1040 1134//1134
f 1057//1057 1055//1055 1130//1130
f 1130//1130 1055//1055 1053//1053
f 1130//1130 1053//1053 1135//1135
f 1135//1135 1053//1053 1051//1051
f 1135//1135 1051//1051 1131//1131
f 1131//1131 1051//1051 1049//1049
f 1131//1131 1049//1049 1047//1047
f 1075//1075 1073//1073 1109//1109
f 1109//1109 1073//1073 1072//1072
f 1109//1109 1072//1072 1110//1110
f 1110//1110 1072//1072 1070//1070
f 1110//1110 1070//1070 1069//1069
f 1136//1136 1137//1137 1138//1138
f 1138//1138 1137//1137 1139//1139
f 1138//1138 1139//1139 1140//1140
f 1140//1140 1139//1139 1141//1141
f 1140//1140 1141//1141 1142//1142
f 1142//1142 1141//1141 1143//1143
f 1142//1142 1143//1143 1144//1144
f 1144//1144 1143//1143 1145//1145
f 1144//1144 1145//1145 1146//1146
f 1146//1146 1145//1145 1147//1147
f 1146//1146 1147//1147 1112//1112
f 1112//1112 1147//1147 1148//1148
f 1112//1112 1148//1148 1113//1113
f 1149//1149 1150//1150 1151//1151
f 1149//1149 1151//1151 1152//1152
f 1153//1153 1154//1154 1155//1155
f 1153//1153 1155//1155 1156//1156
f 1156//1156 1155//1155 1157//1157
f 1156//1156 1157//1157 1158//1158
f 1151//1151 1159//1159 1152//1152
f 1152//1152 1159//1159 1160//1160
f 1152//1152 1160//1160 1161//1161
f 1150//1150 1149//1149 1158//1158
f 1158//1158 1149//1149 1162//1162
f 1158//1158 1162//1162 1156//1156
f 1156//1156 1162//1162 1163//1163
f 1156//1156 1163//1163 1153//1153
f 1153//1153 1163//1163 1164//1164
f 1153//1153 1164//1164 1154//1154
f 1165//1165 1166//1166 1167//1167
f 1167//1167 1166//1166 1168//1168
f 1167//1167 1168//1168 1169//1169
f 1169//1169 1168//1168 1170//1170
f 1169//1169 1170//1170 1171//1171
f 1171//1171 1170//1170 1173//1173
f 1171//1171 1173//1173 1174//1174
f 1164//1164 1172//1172 1175//1175
f 1164//1164 1175//1175 1154//1154
f 1034//1034 1033//1033 1176//1176
f 1176//1176 1033//1033 1177//1177
f 1176//1176 1177//1177 1161//1161
f 1111//1111 1108//1108 1126//1126
f 1126//1126 1108//1108 1110//1110
f 1126//1126 1110//1110 1124//1124
f 1124//1124 1110//1110 1128//1128
f 1124//1124 1128//1128 1122//1122
f 1122//1122 1128//1128 1127//1127
f 1122//1122 1127//1127 1120//1120
f 1120//1120 1127//1127 1129//1129
f 1120//1120 1129//1129 1118//1118
f 1118//1118 1129//1129 1130//1130
f 1118//1118 1130//1130 1116//1116
f 1116//1116 1130//1130 1135//1135
f 1116//1116 1135//1135 1114//1114
f 1114//1114 1135//1135 1131//1131
f 1114//1114 1131//1131 1112//1112
f 1112//1112 1131//1131 1132//1132
f 1112//1112 1132//1132 1146//1146
f 1146//1146 1132//1132 1133//1133
f 1146//1146 1133//1133 1144//1144
f 1144//1144 1133//1133 1134//1134
f 1144//1144 1134//1134 1142//1142
f 1142//1142 1134//1134 1178//1178
f 1142//1142 1178//1178 1140//1140
f 1140//1140 1178//1178 1179//1179
f 1140//1140 1179//1179 1138//1138
f 1180//1180 1021//1021 1019//1019
f 1180//1180 1019//1019 1181//1181
f 1033//1033 1031//1031 1177//1177
f 1177//1177 1031//1031 1029//1029
f 1177//1177 1029//1029 1182//1182
f 1029//1029 1028//1028 1182//1182
f 1182//1182 1028//1028 1026//1026
f 1182//1182 1026//1026 1183//1183
f 1183//1183 1026//1026 1024//1024
f 1183//1183 1024//1024 1180//1180
f 1180//1180 1024//1024 1023//1023
f 1180//1180 1023//1023 1021//1021
f 1184//1184 1012//1012 1185//1185
f 1185//1185 1012//1012 1186//1186
f 1185//1185 1186//1186 1187//1187
f 1186//1186 990//990 1187//1187
f 1187//1187 990//990 992//992
f 1187//1187 992//992 1188//1188
f 1019//1019 1017//1017 1181//1181
f 1181//1181 1017//1017 1015//1015
f 1181//1181 1015//1015 1184//1184
f 1184//1184 1015//1015 1014//1014
f 1184//1184 1014//1014 1012//1012
f 440//440 1166//1166 441//441
f 441//441 1166//1166 1165//1165
f 441//441 1165//1165 255//255
f 1189//1189 1190//1190 1191//1191
f 1191//1191 1190//1190 1192//1192
f 1191//1191 1192//1192 1193//1193
f 1193//1193 1192//1192 1194//1194
f 504//504 1106//1106 1082//1082
f 1082//1082 1106//1106 1105//1105
f 1082//1082 1105//1105 1081//1081
f 1081//1081 1105//1105 1195//1195
f 1081//1081 1195//1195 1080//1080
f 1080//1080 1195//1195 1196//1196
f 1080//1080 1196//1196 1079//1079
f 1079//1079 1196//1196 1197//1197
f 1079//1079 1197//1197 1078//1078
f 1078//1078 1197//1197 1198//1198
f 1078//1078 1198//1198 1077//1077
f 1077//1077 1198//1198 1199//1199
f 1077//1077 1199//1199 1085//1085
f 1085//1085 1199//1199 1200//1200
f 1085//1085 1200//1200 1084//1084
f 1084//1084 1200//1200 1201//1201
f 1084//1084 1201//1201 1083//1083
f 1083//1083 1201//1201 1202//1202
f 1083//1083 1202//1202 1086//1086
f 1086//1086 1202//1202 1203//1203
f 1086//1086 1203//1203 1087//1087
f 1087//1087 1203//1203 1204//1204
f 1087//1087 1204//1204 1194//1194
f 1194//1194 1204//1204 1205//1205
f 1194//1194 1205//1205 1193//1193
f 584//584 1087//1087 585//585
f 585//585 1087//1087 1194//1194
f 585//585 1194//1194 558//558
f 558//558 1194//1194 1192//1192
f 558//558 1192//1192 543//543
f 543//543 1192//1192 1190//1190
f 543//543 1190//1190 1088//1088
f 1088//1088 1190//1190 1189//1189
f 1088//1088 1189//1189 1206//1206
f 1101//1101 1207//1207 1102//1102
f 1102//1102 1207//1207 1097//1097
f 1102//1102 1097//1097 1208//1208
f 1208//1208 1097//1097 1098//1098
f 1208//1208 1098//1098 1209//1209
f 1209//1209 1098//1098 1099//1099
f 1209//1209 1099//1099 1210//1210
f 1210//1210 1099//1099 1100//1100
f 1210//1210 1100//1100 1211//1211
f 1211//1211 1100//1100 1095//1095
f 1211//1211 1095//1095 1212//1212
f 1212//1212 1095//1095 1096//1096
f 1212//1212 1096//1096 1213//1213
f 1213//1213 1096//1096 1094//1094
f 1213//1213 1094//1094 1214//1214
f 1214//1214 1094//1094 1093//1093
f 1214//1214 1093//1093 1215//1215
f 1215//1215 1093//1093 1092//1092
f 300//300 487//487 1089//1089
f 1089//1089 487//487 1216//1216
f 1089//1089 1216//1216 1090//1090
f 1090//1090 1216//1216 1217//1217
f 1090//1090 1217//1217 1091//1091
f 1091//1091 1217//1217 1218//1218
f 1091//1091 1218//1218 1092//1092
f 1092//1092 1218//1218 1219//1219
f 1092//1092 1219//1219 1215//1215
f 992//992 994//994 1188//1188
f 1188//1188 994//994 996//996
f 1188//1188 996//996 1220//1220
f 1220//1220 996//996 998//998
f 1220//1220 998//998 1000//1000
f 1000//1000 1002//1002 1220//1220
f 1220//1220 1002//1002 1004//1004
f 1220//1220 1004//1004 1006//1006
f 1010//1010 255//255 1008//1008
f 1161//1161 1177//1177 1152//1152
f 1152//1152 1177//1177 1182//1182
f 1152//1152 1182//1182 1149//1149
f 1149//1149 1182//1182 1183//1183
f 1149//1149 1183//1183 1162//1162
f 1162//1162 1183//1183 1180//1180
f 1162//1162 1180//1180 1163//1163
f 1163//1163 1180//1180 1181//1181
f 1163//1163 1181//1181 1164//1164
f 1164//1164 1181//1181 1184//1184
f 1164//1164 1184//1184 1171//1171
f 1171//1171 1184//1184 1185//1185
f 1171//1171 1185//1185 1169//1169
f 1169//1169 1185//1185 1187//1187
f 1169//1169 1187//1187 1167//1167
f 1167//1167 1187//1187 1188//1188
f 1167//1167 1188//1188 1165//1165
f 1165//1165 1188//1188 1220//1220
f 1165//1165 1220//1220 255//255
f 255//255 1220//1220 1006//1006
f 255//255 1006//1006 1008//1008
f 1040//1040 1038//1038 1134//1134
f 1134//1134 1038//1038 1036//1036
f 1134//1134 1036//1036 1178//1178
f 1178//1178 1036//1036 1034//1034
f 1178//1178 1034//1034 1179//1179
f 1179//1179 1034//1034 1176//1176
f 1179//1179 1176//1176 1138//1138
f 1138//1138 1176//1176 1161//1161
f 1138//1138 1161//1161 1136//1136
f 1136//1136 1161//1161 1160//1160
f 1206//1206 452//452 451//451
f 1206//1206 451//451 1088//1088
f 1088//1088 451//451 474//474
f 1088//1088 474//474 272//272
f 440//440 452//452 1166//1166
f 1166//1166 452//452 1206//1206
f 1166//1166 1206//1206 1168//1168
f 1168//1168 1206//1206 1189//1189
f 1168//1168 1189//1189 1170//1170
f 1170//1170 1189//1189 1191//1191
f 1170//1170 1191//1191 1173//1173
f 1173//1173 1191//1191 1193//1193
f 1173//1173 1193//1193 1221//1221
f 1175//1175 1193//1193 1205//1205
f 1175//1175 1205//1205 1154//1154
f 1154//1154 1205//1205 1204//1204
f 1154//1154 1204//1204 1155//1155
f 1155//1155 1204//1204 1203//1203
f 1155//1155 1203//1203 1157//1157
f 1157//1157 1203//1203 1202//1202
f 1157//1157 1202//1202 1158//1158
f 1158//1158 1202//1202 1201//1201
f 1158//1158 1201//1201 1150//1150
f 1150//1150 1201//1201 1200//1200
f 1150//1150 1200//1200 1151//1151
f 1151//1151 1200//1200 1199//1199
f 1151//1151 1199//1199 1159//1159
f 1159//1159 1199//1199 1198//1198
f 1159//1159 1198//1198 1160//1160
f 1160//1160 1198//1198 1197//1197
f 1160//1160 1197//1197 1136//1136
f 1136//1136 1197//1197 1196//1196
f 1136//1136 1196//1196 1137//1137
f 1137//1137 1196//1196 1195//1195
f 1137//1137 1195//1195 1139//1139
f 1139//1139 1195//1195 1105//1105
f 1139//1139 1105//1105 1141//1141
f 1141//1141 1105//1105 1104//1104
f 1141//1141 1104//1104 1143//1143
f 1143//1143 1104//1104 1102//1102
f 1143//1143 1102//1102 1145//1145
f 1145//1145 1102//1102 1208//1208
f 1145//1145 1208//1208 1147//1147
f 1147//1147 1208//1208 1209//1209
f 1147//1147 1209//1209 1148//1148
f 1148//1148 1209//1209 1210//1210
f 1148//1148 1210//1210 1113//1113
f 1113//1113 1210//1210 1211//1211
f 1113//1113 1211//1211 1115//1115
f 1115//1115 1211//1211 1212//1212
f 1115//1115 1212//1212 1117//1117
f 1117//1117 1212//1212 1213//1213
f 1117//1117 1213//1213 1119//1119
f 1119//1119 1213//1213 1214//1214
f 1119//1119 1214//1214 1121//1121
f 1121//1121 1214//1214 1215//1215
f 1121//1121 1215//1215 1123//1123
f 1123//1123 1215//1215 1219//1219
f 1123//1123 1219//1219 1125//1125
f 1125//1125 1219//1219 1218//1218
f 1125//1125 1218//1218 1111//1111
f 1111//1111 1218//1218 1217//1217
f 1111//1111 1217//1217 1076//1076
f 1076//1076 1217//1217 1216//1216
f 1076//1076 1216//1216 486//486
f 486//486 1216//1216 487//487
f 1222//1222 1227//1227 1230//1230
f 1223//1223 1229//1229 1233//1233
f 1232//1232 1228//1228 1236//1236
f 1231//1231 1235//1235 1237//1237
f 1238//1238 1234//1234 1242//1242
f 1239//1239 1240//1240 1245//1245
f 1243//1243 1241//1241 1246//1246
f 1244//1244 1248//1248 1251//1251
f 1249//1249 1247//1247 1254//1254
f 1250//1250 1252//1252 1256//1256
f 1257//1257 1253//1253 1260//1260
f 1255//1255 1259//1259 1261//1261
f 1262//1262 1258//1258 1265//1265
f 1263//1263 1264//1264 1267//1267
f 1269//1269 1266//1266 1270//1270
f 1268//1268 1272//1272 1274//1274
f 1273//1273 1271//1271 1275//1275
f 1273//1273 1275//1275 1276//1276
f 1276//1276 1275//1275 1277//1277
f 1276//1276 1277//1277 1278//1278
f 1278//1278 1277//1277 1279//1279
f 1278//1278 1279//1279 1280//1280
f 1280//1280 1279//1279 1281//1281
f 1280//1280 1281//1281 1283//1283
f 1283//1283 1281//1281 1284//1284
f 1282//1282 1285//1285 1287//1287
f 1287//1287 1285//1285 1288//1288
f 1286//1286 1289//1289 1291//1291
f 1291//1291 1289//1289 1292//1292
f 1290//1290 1293//1293 1294//1294
f 1294//1294 1293//1293 1296//1296
f 1295//1295 1297//1297 1298//1298
f 1298//1298 1297//1297 1300//1300
f 1299//1299 1301//1301 1302//1302
f 1302//1302 1301//1301 1303//1303
f 1302//1302 1303//1303 1304//1304
f 1304//1304 1303//1303 1305//1305
f 1304//1304 1305//1305 1306//1306
f 1306//1306 1305//1305 1307//1307
f 1306//1306 1307//1307 1308//1308
f 1308//1308 1307//1307 1309//1309
f 1308//1308 1309//1309 1310//1310
f 1310//1310 1309//1309 1311//1311
f 1310//1310 1311//1311 1312//1312
f 1312//1312 1311//1311 1313//1313
f 1312//1312 1313//1313 1314//1314
f 1314//1314 1313//1313 1315//1315
f 1314//1314 1315//1315 1316//1316
f 1316//1316 1315//1315 1317//1317
f 1316//1316 1317//1317 1318//1318
f 1318//1318 1317//1317 1319//1319
f 1318//1318 1319//1319 1320//1320
f 1320//1320 1319//1319 1321//1321
f 1320//1320 1321//1321 1322//1322
f 1322//1322 1321//1321 1323//1323
f 1322//1322 1323//1323 1324//1324
f 1324//1324 1323//1323 1325//1325
f 1324//1324 1325//1325 1326//1326
f 1326//1326 1325//1325 1327//1327
f 1326//1326 1327//1327 1328//1328
f 1328//1328 1327//1327 1329//1329
f 1328//1328 1329//1329 1330//1330
f 1330//1330 1329//1329 1331//1331
f 1330//1330 1331//1331 1332//1332
f 1332//1332 1331//1331 1333//1333
f 1332//1332 1333//1333 1334//1334
f 1334//1334 1333//1333 1335//1335
f 1334//1334 1335//1335 1336//1336
f 1336//1336 1335//1335 1337//1337
f 1336//1336 1337//1337 1338//1338
f 1338//1338 1337//1337 1340//1340
f 1339//1339 1341//1341 1342//1342
f 1342//1342 1341//1341 1343//1343
f 1342//1342 1343//1343 1344//1344
f 1344//1344 1343//1343 1345//1345
f 1344//1344 1345//1345 1346//1346
f 1346//1346 1345//1345 1347//1347
f 1346//1346 1347//1347 1348//1348
f 1348//1348 1347//1347 1350//1350
f 1349//1349 1351//1351 1352//1352
f 1352//1352 1351//1351 1354//1354
f 1353//1353 1355//1355 1356//1356
f 1356//1356 1355//1355 1357//1357
f 1356//1356 1357//1357 1358//1358
f 1358//1358 1357//1357 1359//1359
f 1358//1358 1359//1359 1360//1360
f 1360//1360 1359//1359 1361//1361
f 1360//1360 1361//1361 1363//1363
f 1364//1364 1362//1362 1366//1366
f 1365//1365 1368//1368 1369//1369
f 1370//1370 1367//1367 1225//1225
f 1371//1371 1226//1226 1224//1224
f 1375//1375 1378//1378 1379//1379
f 1384//1384 1387//1387 1389//1389
f 1392//1392 1386//1386 1396//1396
f 1391//1391 1395//1395 1398//1398
f 1400//1400 1403//1403 1409//1409
f 1407//1407 1404//1404 1410//1410
f 1408//1408 1412//1412 1413//1413
f 1414//1414 1411//1411 1416//1416
f 1415//1415 1418//1418 1420//1420
f 1419//1419 1417//1417 1423//1423
f 1421//1421 1422//1422 1383//1383
f 1382//1382 1424//1424 1425//1425
f 1385//1385 1426//1426 1388//1388
f 1429//1429 1432//1432 1434//1434
f 1435//1435 1433//1433 1439//1439
f 1436//1436 1437//1437 1441//1441
f 1397//1397 1445//1445 1390//1390
f 1446//1446 1444//1444 1449//1449
f 1447//1447 1448//1448 1451//1451
f 1453//1453 1450//1450 1456//1456
f 1381//1381 1376//1376 1460//1460
f 1459//1459 1377//1377 1463//1463
f 1458//1458 1462//1462 1464//1464
f 1465//1465 1461//1461 1468//1468
f 1466//1466 1467//1467 1472//1472
f 1470//1470 1469//1469 1473//1473
f 1471//1471 1475//1475 1477//1477
f 1478//1478 1474//1474 1479//1479
f 1476//1476 1480//1480 1483//1483
f 1484//1484 1481//1481 1486//1486
f 1482//1482 1485//1485 1455//1455
f 1454//1454 1487//1487 1489//1489
f 1457//1457 1488//1488 1452//1452
f 1490//1490 1494//1494 1499//1499
f 1497//1497 1495//1495 1502//1502
f 1496//1496 1500//1500 1503//1503
f 1504//1504 1501//1501 1508//1508
f 1505//1505 1507//1507 1510//1510
f 1511//1511 1506//1506 1512//1512
f 1509//1509 1514//1514 1516//1516
f 1517//1517 1513//1513 1519//1519
f 1515//1515 1520//1520 1521//1521
f 1523//1523 1518//1518 1527//1527
f 1522//1522 1526//1526 1531//1531
f 1530//1530 1525//1525 1532//1532
f 1380//1380 1537//1537 1372//1372
f 1374//1374 1536//1536 1540//1540
f 1373//1373 1539//1539 1543//1543
f 1542//1542 1538//1538 1544//1544
f 1541//1541 1545//1545 1548//1548
f 1553//1553 1557//1557 1560//1560
f 1549//1549 1547//1547 1563//1563
f 1562//1562 1546//1546 1566//1566
f 1564//1564 1565//1565 1569//1569
f 1568//1568 1567//1567 1571//1571
f 1570//1570 1573//1573 1575//1575
f 1574//1574 1572//1572 1577//1577
f 1576//1576 1578//1578 1581//1581
f 1582//1582 1579//1579 1583//1583
f 1580//1580 1584//1584 1551//1551
f 1550//1550 1585//1585 1587//1587
f 1555//1555 1586//1586 1556//1556
f 1498//1498 1554//1554 1492//1492
f 1493//1493 1552//1552 1559//1559
f 1491//1491 1558//1558 1430//1430
f 1428//1428 1561//1561 1589//1589
f 1427//1427 1588//1588 1431//1431
f 1401//1401 1591//1591 1405//1405
f 1406//1406 1590//1590 1597//1597
f 1402//1402 1595//1595 1601//1601
f 1599//1599 1596//1596 1602//1602
f 1600//1600 1603//1603 1605//1605
f 1606//1606 1604//1604 1609//1609
f 1607//1607 1610//1610 1611//1611
f 1612//1612 1608//1608 1614//1614
f 1613//1613 1615//1615 1619//1619
f 1618//1618 1616//1616 1622//1622
f 1617//1617 1620//1620 1624//1624
f 1625//1625 1621//1621 1628//1628
f 1623//1623 1626//1626 1629//1629
f 1394//1394 1627//1627 1630//1630
f 1393//1393 1631//1631 1399//1399
f 1632//1632 1635//1635 1640//1640
f 1642//1642 1645//1645 1649//1649
f 1650//1650 1646//1646 1652//1652
f 1651//1651 1653//1653 1657//1657
f 1656//1656 1654//1654 1659//1659
f 1655//1655 1658//1658 1593//1593
f 1592//1592 1660//1660 1661//1661
f 1594//1594 1662//1662 1598//1598
f 1438//1438 1664//1664 1442//1442
f 1443//1443 1663//1663 1667//1667
f 1440//1440 1666//1666 1669//1669
f 1670//1670 1665//1665 1673//1673
f 1668//1668 1672//1672 1674//1674
f 1676//1676 1671//1671 1677//1677
f 1675//1675 1678//1678 1524//1524
f 1529//1529 1679//1679 1681//1681
f 1528//1528 1682//1682 1533//1533
f 1534//1534 1680//1680 1685//1685
f 1535//1535 1684//1684 1688//1688
f 1687//1687 1683//1683 1690//1690
f 1686//1686 1689//1689 1692//1692
f 1694//1694 1691//1691 1639//1639
f 1693//1693 1641//1641 1695//1695
f 1696//1696 1638//1638 1634//1634
f 1633//1633 1636//1636 1697//1697
f 1699//1699 1637//1637 1707//1707
f 1698//1698 1704//1704 1709//1709
f 1711//1711 1712//1712 1705//1705
f 1706//1706 1713//1713 1714//1714
f 1700//1700 1715//1715 1708//1708
f 1643//1643 1716//1716 1644//1644
f 1647//1647 1717//1717 1718//1718
f 1648//1648 1719//1719 1702//1702
f 1701//1701 1720//1720 1722//1722
f 1703//1703 1721//1721 1710//1710
f 1723//1723 1725//1725 1727//1727
f 1726//1726 1724//1724 1728//1728
f 1729//1729 1731//1731 1733//1733
f 1732//1732 1730//1730 1734//1734
f 1735//1735 1737//1737 1739//1739
f 1738//1738 1736//1736 1740//1740
f 1741//1741 1743//1743 1744//1744
f 1745//1745 1742//1742 1746//1746
f 1747//1747 1748//1748 1750//1750
f 1751//1751 1749//1749 1752//1752
f 1753//1753 1754//1754 1757//1757
f 1756//1756 1755//1755 1758//1758
f 1759//1759 1761//1761 1762//1762
f 1763//1763 1760//1760 1764//1764
f 1765//1765 1766//1766 1768//1768
f 1769//1769 1767//1767 1770//1770
f 1771//1771 1772//1772 1774//1774
f 1775//1775 1773//1773 1776//1776
f 1777//1777 1778//1778 1781//1781
f 1780//1780 1779//1779 1782//1782
f 1783//1783 1784//1784 1787//1787
f 1786//1786 1785//1785 1788//1788
f 1789//1789 1790//1790 1793//1793
f 1792//1792 1791//1791 1794//1794
f 1795//1795 1797//1797 1798//1798
f 1798//1798 1797//1797 1799//1799
f 1798//1798 1799//1799 1800//1800
f 1800//1800 1799//1799 1801//1801
f 1801//1801 1799//1799 1802//1802
f 1801//1801 1802//1802 1803//1803
f 1803//1803 1802//1802 1804//1804
f 1804//1804 1802//1802 1805//1805
f 1804//1804 1805//1805 1806//1806
f 1796//1796 1807//1807 1808//1808
f 1808//1808 1807//1807 1809//1809
f 1808//1808 1809//1809 1810//1810
f 1810//1810 1809//1809 1811//1811
f 1810//1810 1811//1811 1812//1812
f 1812//1812 1811//1811 1814//1814
f 1813//1813 1815//1815 1816//1816
f 1816//1816 1815//1815 1817//1817
f 1816//1816 1817//1817 1818//1818
f 1818//1818 1817//1817 1819//1819
f 1818//1818 1819//1819 1820//1820
f 1820//1820 1819//1819 1821//1821
f 1820//1820 1821//1821 1822//1822
f 1822//1822 1821//1821 1823//1823
f 1822//1822 1823//1823 1824//1824
f 1824//1824 1823//1823 1825//1825
f 1824//1824 1825//1825 1826//1826
f 1826//1826 1825//1825 1827//1827
f 1826//1826 1827//1827 1828//1828
f 1828//1828 1827//1827 1829//1829
f 1805//1805 1830//1830 1806//1806
f 1831//1831 1832//1832 1835//1835
f 1834//1834 1833//1833 1836//1836
f 1837//1837 1838//1838 1840//1840
f 1841//1841 1839//1839 1842//1842
f 1843//1843 1844//1844 1847//1847
f 1846//1846 1845//1845 1848//1848
f 1849//1849 1850//1850 1852//1852
f 1853//1853 1851//1851 1854//1854
f 1855//1855 1856//1856 1858//1858
f 1859//1859 1857//1857 1860//1860
f 1861//1861 1863//1863 1865//1865
f 1864//1864 1862//1862 1866//1866
f 1867//1867 1869//1869 1870//1870
f 1871//1871 1868//1868 1872//1872
f 1873//1873 1875//1875 1877//1877
f 1876//1876 1874//1874 1878//1878
f 1879//1879 1881//1881 1882//1882
f 1883//1883 1880//1880 1884//1884
f 1885//1885 1887//1887 1888//1888
f 1889//1889 1886//1886 1890//1890
f 1891//1891 1892//1892 1894//1894
f 1895//1895 1893//1893 1896//1896
f 1897//1897 1898//1898 1900//1900
f 1901//1901 1899//1899 1902//1902
f 1903//1903 1905//1905 1906//1906
f 1906//1906 1905//1905 1907//1907
f 1906//1906 1907//1907 1908//1908
f 1908//1908 1907//1907 1909//1909
f 1908//1908 1909//1909 1910//1910
f 1910//1910 1909//1909 1911//1911
f 1911//1911 1909//1909 1912//1912
f 1912//1912 1909//1909 1913//1913
f 1912//1912 1913//1913 1914//1914
f 1903//1903 1915//1915 1905//1905
f 1905//1905 1915//1915 1916//1916
f 1904//1904 1917//1917 1918//1918
f 1918//1918 1917//1917 1919//1919
f 1918//1918 1919//1919 1920//1920
f 1920//1920 1919//1919 1921//1921
f 1920//1920 1921//1921 1922//1922
f 1922//1922 1921//1921 1923//1923
f 1922//1922 1923//1923 1924//1924
f 1924//1924 1923//1923 1925//1925
f 1924//1924 1925//1925 1926//1926
f 1927//1927 1928//1928 1929//1929
f 1927//1927 1929//1929 1930//1930
f 1930//1930 1929//1929 1931//1931
f 1930//1930 1931//1931 1932//1932
f 1932//1932 1931//1931 1933//1933
f 1932//1932 1933//1933 1934//1934
f 1934//1934 1933//1933 1935//1935
f 1934//1934 1935//1935 1913//1913
f 1913//1913 1935//1935 1936//1936
f 1913//1913 1936//1936 1914//1914
f 1937//1937 1938//1938 1939//1939
f 1937//1937 1939//1939 1940//1940
f 1942//1942 1943//1943 1945//1945
f 1941//1941 1944//1944 1946//1946
f 1947//1947 1949//1949 1950//1950
f 1948//1948 1951//1951 1952//1952
f 1953//1953 1954//1954 1955//1955
f 1953//1953 1955//1955 1956//1956
f 1957//1957 1958//1958 1959//1959
f 1957//1957 1959//1959 1960//1960
f 1962//1962 1963//1963 1964//1964
f 1961//1961 1965//1965 1966//1966
f 1968//1968 1969//1969 1970//1970
f 1967//1967 1971//1971 1972//1972
f 1973//1973 1974//1974 1975//1975
f 1973//1973 1975//1975 1976//1976
f 1958//1958 1957//1957 1977//1977
f 1977//1977 1957//1957 1978//1978
f 1979//1979 1981//1981 1983//1983
f 1982//1982 1980//1980 1984//1984
f 1985//1985 1987//1987 1989//1989
f 1988//1988 1986//1986 1990//1990
f 1991//1991 1992//1992 1995//1995
f 1994//1994 1993//1993 1996//1996
f 1997//1997 25//25 1998//1998
f 1998//1998 25//25 23//23
f 1998//1998 23//23 22//22
f 20//20 19//19 1999//1999
f 1999//1999 19//19 2000//2000
f 2001//2001 2003//2003 2005//2005
f 2004//2004 2002//2002 2006//2006
f 2007//2007 2008//2008 1975//1975
f 1975//1975 2008//2008 1976//1976
f 28//28 29//29 2009//2009
f 28//28 2009//2009 27//27
f 1956//1956 1955//1955 2010//2010
f 2010//2010 1955//1955 2011//2011
f 2012//2012 2013//2013 2015//2015
f 2016//2016 2014//2014 2017//2017
f 2018//2018 2020//2020 2022//2022
f 2021//2021 2019//2019 2023//2023
f 2024//2024 2026//2026 2028//2028
f 2027//2027 2025//2025 2029//2029
f 2009//2009 2030//2030 27//27
f 1938//1938 1937//1937 2031//2031
f 2031//2031 1937//1937 2032//2032
f 2033//2033 2035//2035 2036//2036
f 2037//2037 2034//2034 2038//2038
f 2039//2039 2040//2040 237//237
f 237//237 2040//2040 238//238
f 2041//2041 2043//2043 2045//2045
f 2046//2046 2048//2048 2050//2050
f 2047//2047 2049//2049 2051//2051
f 2053//2053 2054//2054 2056//2056
f 2052//2052 2055//2055 2057//2057
f 2059//2059 2060//2060 2061//2061
f 2058//2058 2062//2062 2063//2063
f 2065//2065 2066//2066 2067//2067
f 2064//2064 2068//2068 2069//2069
f 2071//2071 2072//2072 2073//2073
f 2070//2070 2074//2074 2075//2075
f 2076//2076 2078//2078 2080//2080
f 2077//2077 2079//2079 2081//2081
f 2083//2083 2084//2084 2086//2086
f 2082//2082 2085//2085 2087//2087
f 2089//2089 2090//2090 2092//2092
f 2088//2088 2091//2091 2093//2093
f 2095//2095 2096//2096 2098//2098
f 2094//2094 2097//2097 2099//2099
f 2101//2101 2102//2102 2104//2104
f 2100//2100 2103//2103 2105//2105
f 2107//2107 2108//2108 2109//2109
f 2106//2106 2110//2110 2111//2111
f 2042//2042 2112//2112 2044//2044
f 2114//2114 2117//2117 2120//2120
f 2119//2119 2118//2118 2124//2124
f 2121//2121 2123//2123 2127//2127
f 2125//2125 2122//2122 2130//2130
f 2126//2126 2128//2128 2131//2131
f 2132//2132 2129//2129 2134//2134
f 2133//2133 2136//2136 2139//2139
f 2138//2138 2135//2135 2142//2142
f 2137//2137 2141//2141 2145//2145
f 2144//2144 2140//2140 2148//2148
f 2143//2143 2146//2146 2151//2151
f 2149//2149 2147//2147 2153//2153
f 2150//2150 2154//2154 2155//2155
f 2156//2156 2152//2152 2158//2158
f 2157//2157 2159//2159 2163//2163
f 2161//2161 2160//2160 2164//2164
f 2162//2162 2166//2166 2168//2168
f 2167//2167 2165//2165 2170//2170
f 2169//2169 2172//2172 2174//2174
f 2175//2175 2171//2171 2176//2176
f 2173//2173 2178//2178 2181//2181
f 2180//2180 2177//2177 2184//2184
f 2179//2179 2182//2182 2115//2115
f 2113//2113 2183//2183 2116//2116
f 2185//2185 2188//2188 2189//2189
f 2191//2191 2192//2192 2193//2193
f 2190//2190 2194//2194 2195//2195
f 2197//2197 2198//2198 2200//2200
f 2196//2196 2199//2199 2201//2201
f 2203//2203 2204//2204 2205//2205
f 2202//2202 2206//2206 2207//2207
f 2209//2209 2210//2210 2212//2212
f 2208//2208 2211//2211 2213//2213
f 2215//2215 2216//2216 2217//2217
f 2214//2214 2218//2218 2219//2219
f 2221//2221 2222//2222 2224//2224
f 2220//2220 2223//2223 2225//2225
f 2227//2227 2228//2228 2230//2230
f 2226//2226 2229//2229 2231//2231
f 2232//2232 2234//2234 2236//2236
f 2233//2233 2235//2235 2237//2237
f 2239//2239 2240//2240 2241//2241
f 2238//2238 2242//2242 2243//2243
f 2245//2245 2246//2246 2248//2248
f 2244//2244 2247//2247 2249//2249
f 2250//2250 2252//2252 2253//2253
f 2251//2251 2254//2254 2255//2255
f 2186//2186 2256//2256 2187//2187
f 2258//2258 2261//2261 2265//2265
f 2264//2264 2260//2260 2268//2268
f 2263//2263 2266//2266 2270//2270
f 2271//2271 2267//2267 2272//2272
f 2269//2269 2274//2274 2275//2275
f 2277//2277 2273//2273 2279//2279
f 2276//2276 2280//2280 2283//2283
f 2282//2282 2278//2278 2285//2285
f 2281//2281 2286//2286 2287//2287
f 2289//2289 2284//2284 2292//2292
f 2288//2288 2291//2291 2294//2294
f 2293//2293 2290//2290 2296//2296
f 2295//2295 2297//2297 2301//2301
f 2299//2299 2298//2298 2302//2302
f 2300//2300 2303//2303 2305//2305
f 2306//2306 2304//2304 2310//2310
f 2307//2307 2308//2308 2311//2311
f 2313//2313 2309//2309 2314//2314
f 2312//2312 2315//2315 2318//2318
f 2319//2319 2316//2316 2321//2321
f 2317//2317 2322//2322 2324//2324
f 2323//2323 2320//2320 2326//2326
f 2325//2325 2328//2328 2257//2257
f 2259//2259 2327//2327 2262//2262
f 2329//2329 2331//2331 2333//2333
f 2332//2332 2330//2330 2334//2334
f 2335//2335 2337//2337 2339//2339
f 2338//2338 2336//2336 2340//2340
f 2341//2341 2343//2343 2345//2345
f 2344//2344 2342//2342 2346//2346
f 2347//2347 2348//2348 2351//2351
f 2350//2350 2349//2349 2352//2352
f 2353//2353 2355//2355 2357//2357
f 2356//2356 2354//2354 2358//2358
f 2359//2359 2361//2361 2363//2363
f 2362//2362 2360//2360 2364//2364
f 2365//2365 2367//2367 2368//2368
f 2369//2369 2366//2366 2370//2370
f 2371//2371 2372//2372 2374//2374
f 2375//2375 2373//2373 2376//2376
f 2377//2377 2379//2379 2380//2380
f 2381//2381 2378//2378 2382//2382
f 2383//2383 2385//2385 2386//2386
f 2387//2387 2384//2384 2388//2388
f 2389//2389 2390//2390 2392//2392
f 2393//2393 2391//2391 2394//2394
f 2395//2395 2397//2397 2398//2398
f 2399//2399 2396//2396 2400//2400
f 2401//2401 2403//2403 2404//2404
f 2405//2405 2402//2402 2406//2406
f 2407//2407 2409//2409 2410//2410
f 2411//2411 2408//2408 2412//2412
f 2413//2413 2414//2414 2416//2416
f 2417//2417 2415//2415 2418//2418
f 2419//2419 2421//2421 2423//2423
f 2422//2422 2420//2420 2424//2424
f 2425//2425 2426//2426 2429//2429
f 2428//2428 2427//2427 2430//2430
f 2431//2431 2433//2433 2434//2434
f 2435//2435 2432//2432 2436//2436
f 2437//2437 2438//2438 2440//2440
f 2441//2441 2439//2439 2442//2442
f 2443//2443 2444//2444 2446//2446
f 2447//2447 2445//2445 2448//2448
f 2449//2449 2451//2451 2452//2452
f 2453//2453 2450//2450 2454//2454
f 2455//2455 2456//2456 2458//2458
f 2459//2459 2457//2457 2460//2460
f 2461//2461 2463//2463 2464//2464
f 2465//2465 2462//2462 2466//2466
f 2467//2467 2468//2468 2471//2471
f 2470//2470 2469//2469 2472//2472

