mtllib material.mtl
usemtl Material-塑胶__2__036-material
v -0.02114600 -0.01910700 0.00100600
v -0.02171800 -0.01845500 0.00168800
v -0.02170900 -0.01846600 0.00000000
v 0.02067100 -0.01962000 0.00726700
v 0.02243500 -0.01757600 0.00800000
v 0.02015200 -0.02015200 0.00736000
v 0.01932500 -0.02094800 0.00800000
v 0.01973600 -0.02056100 0.00730300
v 0.01932500 -0.02094800 0.00713300
v 0.02114600 -0.01910700 0.00699400
v 0.02154700 -0.01865400 0.00657200
v 0.02186700 -0.01827800 0.00602400
v 0.02209400 -0.01800300 0.00539700
v 0.02223100 -0.01783300 0.00471000
v 0.02227600 -0.01777700 0.00400100
v 0.02223100 -0.01783300 0.00329000
v 0.02209500 -0.01800200 0.00260500
v 0.02243500 -0.01757600 0.00000000
v 0.02186700 -0.01827800 0.00197500
v 0.02171800 -0.01845500 0.00168800
v 0.02114600 -0.01910700 0.00100600
v 0.02067300 -0.01961800 0.00073400
v 0.01932500 -0.02094800 0.00000000
v 0.02015200 -0.02015200 0.00064000
v 0.01973400 -0.02056200 0.00069800
v 0.01865400 -0.02154700 0.00142700
v 0.01571400 -0.02377600 0.00000000
v 0.01910700 -0.02114600 0.00100600
v 0.01931700 -0.02095500 0.00087100
v 0.01827800 -0.02186700 0.00197600
v 0.01800200 -0.02209400 0.00260400
v 0.01783300 -0.02223100 0.00329000
v 0.01777700 -0.02227600 0.00400100
v 0.01571400 -0.02377600 0.00800000
v 0.01783300 -0.02223100 0.00471000
v 0.01800300 -0.02209400 0.00539700
v 0.01827800 -0.02186700 0.00602400
v 0.01865300 -0.02154800 0.00657100
v 0.01910700 -0.02114700 0.00699400
v 0.02015200 0.02015200 0.00800000
v 0.02015200 0.02015200 0.00736000
v 0.01962000 0.02067100 0.00726700
v 0.01665900 0.02312400 0.00800000
v 0.01910700 0.02114600 0.00699400
v 0.01865400 0.02154700 0.00657200
v 0.01827800 0.02186700 0.00602400
v 0.01800300 0.02209400 0.00539700
v 0.01783300 0.02223100 0.00471000
v 0.01777700 0.02227600 0.00400100
v 0.01783300 0.02223100 0.00329000
v 0.01800200 0.02209500 0.00260500
v 0.01665900 0.02312400 0.00000000
v 0.01827800 0.02186700 0.00197500
v 0.01845500 0.02171800 0.00168800
v 0.01910700 0.02114600 0.00100600
v 0.02015200 0.02015200 0.00000000
v 0.01961800 0.02067300 0.00073400
v 0.02015200 0.02015200 0.00064000
v 0.02067200 0.01961900 0.00073400
v 0.02312400 0.01665900 0.00000000
v 0.02114600 0.01910700 0.00100600
v 0.02154700 0.01865400 0.00142700
v 0.02186700 0.01827800 0.00197600
v 0.02227600 0.01777700 0.00400100
v 0.02223100 0.01783300 0.00471000
v 0.02312400 0.01665900 0.00800000
v 0.02209400 0.01800300 0.00539700
v 0.02186700 0.01827800 0.00602400
v 0.02209400 0.01800200 0.00260400
v 0.02223100 0.01783300 0.00329000
v 0.02154800 0.01865300 0.00657100
v 0.02114600 0.01910700 0.00699400
v 0.02067100 0.01962000 0.00726700
v -0.01962000 0.02067100 0.00073300
v -0.01757600 0.02243500 0.00000000
v -0.02015200 0.02015200 0.00064000
v -0.02094800 0.01932500 0.00000000
v -0.02056300 0.01973300 0.00069800
v -0.02094800 0.01932500 0.00086700
v -0.01827800 0.02186700 0.00602400
v -0.01865300 0.02154800 0.00657100
v -0.01757600 0.02243500 0.00800000
v -0.01910700 0.02114600 0.00100600
v -0.01845500 0.02171800 0.00168800
v -0.01827800 0.02186700 0.00197600
v -0.01777700 0.02227600 0.00400100
v -0.01783300 0.02223100 0.00471000
v -0.01800300 0.02209400 0.00539600
v -0.01800200 0.02209400 0.00260400
v -0.01783300 0.02223100 0.00329000
v -0.01910700 0.02114600 0.00699400
v -0.01962000 0.02067100 0.00726700
v -0.02094800 0.01932500 0.00800000
v -0.02015200 0.02015200 0.00736000
v -0.02056200 0.01973400 0.00730200
v -0.02095500 0.01931700 0.00712900
v -0.02114600 0.01910700 0.00699400
v -0.02377600 0.01571400 0.00800000
v -0.02154700 0.01865400 0.00657200
v -0.02186700 0.01827800 0.00602400
v -0.02223100 0.01783300 0.00329000
v -0.02209400 0.01800200 0.00260400
v -0.02377600 0.01571400 0.00000000
v -0.02209400 0.01800300 0.00539700
v -0.02223100 0.01783300 0.00471000
v -0.02227600 0.01777700 0.00400100
v -0.02186700 0.01827800 0.00197600
v -0.02154600 0.01865500 0.00142700
v -0.02114700 0.01910700 0.00100600
v -0.02439000 -0.01474400 0.00000000
v -0.02186700 -0.01827800 0.00197600
v -0.02209400 -0.01800200 0.00260400
v -0.02223100 -0.01783300 0.00329000
v -0.02227600 -0.01777700 0.00400100
v -0.02223100 -0.01783300 0.00471000
v -0.02439000 -0.01474400 0.00800000
v -0.02170900 -0.01846600 0.00632800
v -0.02170900 -0.01846600 0.00800000
v -0.02186700 -0.01827800 0.00602400
v -0.02209400 -0.01800300 0.00539600
v -0.01846600 -0.02170900 0.00000000
v -0.01910700 -0.02114600 0.00100600
v -0.01962000 -0.02067200 0.00073300
v -0.02015200 -0.02015200 0.00000000
v -0.02015200 -0.02015200 0.00064000
v -0.02067100 -0.01962000 0.00073300
v -0.01827800 -0.02186700 0.00602400
v -0.01474400 -0.02439000 0.00800000
v -0.01846600 -0.02170900 0.00632800
v -0.01846600 -0.02170900 0.00800000
v -0.01910700 -0.02114600 0.00699400
v -0.01800300 -0.02209400 0.00539700
v -0.01783300 -0.02223100 0.00471000
v -0.01777700 -0.02227600 0.00400100
v -0.01783300 -0.02223100 0.00329000
v -0.01800200 -0.02209400 0.00260400
v -0.01474400 -0.02439000 0.00000000
v -0.01827800 -0.02186700 0.00197500
v -0.01846600 -0.02170900 0.00167200
v -0.02114600 -0.01910700 0.00699400
v -0.02067100 -0.01962000 0.00726700
v -0.02015200 -0.02015200 0.00800000
v -0.02015200 -0.02015200 0.00736000
v -0.01962000 -0.02067100 0.00726700
v -0.01375000 0.02496400 0.00800000
v -0.01375000 0.02496400 0.00000000
v -0.00956800 0.02684600 0.00800000
v -0.00956800 0.02684600 0.00000000
v -0.00513700 0.02803300 0.00800000
v -0.00513700 0.02803300 0.00000000
v -0.00057400 0.02849400 0.00800000
v -0.00057400 0.02849400 0.00000000
v 0.00400400 0.02821700 0.00800000
v 0.00400400 0.02821700 0.00000000
v 0.00847900 0.02721000 0.00800000
v 0.00847900 0.02721000 0.00000000
v 0.01273400 0.02549700 0.00800000
v 0.01273400 0.02549700 0.00000000
v -0.02643900 -0.01064100 0.00800000
v -0.02643900 -0.01064100 0.00000000
v -0.02780400 -0.00626200 0.00800000
v -0.02780400 -0.00626200 0.00000000
v -0.02844800 -0.00172100 0.00800000
v -0.02844800 -0.00172100 0.00000000
v -0.02835600 0.00286500 0.00800000
v -0.02835600 0.00286500 0.00000000
v -0.02752900 0.00737600 0.00800000
v -0.02752900 0.00737600 0.00000000
v -0.02598900 0.01169700 0.00800000
v -0.02598900 0.01169700 0.00000000
v 0.01169700 -0.02598900 0.00800000
v 0.01169700 -0.02598900 0.00000000
v 0.00737600 -0.02752900 0.00800000
v 0.00737600 -0.02752900 0.00000000
v 0.00286500 -0.02835600 0.00800000
v 0.00286500 -0.02835600 0.00000000
v -0.00172100 -0.02844800 0.00800000
v -0.00172100 -0.02844800 0.00000000
v -0.00626200 -0.02780400 0.00800000
v -0.00626200 -0.02780400 0.00000000
v -0.01064100 -0.02643900 0.00800000
v -0.01064100 -0.02643900 0.00000000
v 0.02549700 0.01273400 0.00800000
v 0.02549700 0.01273400 0.00000000
v 0.02721000 0.00847900 0.00800000
v 0.02721000 0.00847900 0.00000000
v 0.02821700 0.00400400 0.00800000
v 0.02821700 0.00400400 0.00000000
v 0.02849400 -0.00057400 0.00800000
v 0.02849400 -0.00057400 0.00000000
v 0.02803300 -0.00513700 0.00800000
v 0.02803300 -0.00513700 0.00000000
v 0.02684600 -0.00956800 0.00800000
v 0.02684600 -0.00956800 0.00000000
v 0.02496400 -0.01375000 0.00800000
v 0.02496400 -0.01375000 0.00000000
v 0.01423600 -0.01869700 0.00800000
v 0.01423600 -0.01869700 0.00800000
v 0.01423600 -0.01869700 0.00800000
v 0.01423600 -0.01869700 0.00800000
v 0.01932500 -0.02094800 0.00800000
v 0.01932500 -0.02094800 0.00800000
v 0.01932500 -0.02094800 0.00800000
v 0.01734600 -0.01585500 0.00800000
v 0.01734600 -0.01585500 0.00800000
v 0.01734600 -0.01585500 0.00800000
v 0.02243500 -0.01757600 0.00800000
v 0.02243500 -0.01757600 0.00800000
v 0.02243500 -0.01757600 0.00800000
v 0.01989800 -0.01250300 0.00800000
v 0.01989800 -0.01250300 0.00800000
v 0.01989800 -0.01250300 0.00800000
v 0.02496400 -0.01375000 0.00800000
v 0.02496400 -0.01375000 0.00800000
v 0.02496400 -0.01375000 0.00800000
v 0.02181100 -0.00874900 0.00800000
v 0.02181100 -0.00874900 0.00800000
v 0.02181100 -0.00874900 0.00800000
v 0.02684600 -0.00956800 0.00800000
v 0.02684600 -0.00956800 0.00800000
v 0.02684600 -0.00956800 0.00800000
v 0.02302200 -0.00471400 0.00800000
v 0.02302200 -0.00471400 0.00800000
v 0.02803300 -0.00513700 0.00800000
v 0.02803300 -0.00513700 0.00800000
v 0.02803300 -0.00513700 0.00800000
v 0.02349400 -0.00052700 0.00800000
v 0.02349400 -0.00052700 0.00800000
v 0.02849400 -0.00057400 0.00800000
v 0.02849400 -0.00057400 0.00800000
v 0.02849400 -0.00057400 0.00800000
v 0.02321100 0.00367600 0.00800000
v 0.02321100 0.00367600 0.00800000
v 0.02821700 0.00400400 0.00800000
v 0.02821700 0.00400400 0.00800000
v 0.02821700 0.00400400 0.00800000
v 0.02218100 0.00776200 0.00800000
v 0.02218100 0.00776200 0.00800000
v 0.02721000 0.00847900 0.00800000
v 0.02721000 0.00847900 0.00800000
v 0.02721000 0.00847900 0.00800000
v 0.02043900 0.01159700 0.00800000
v 0.02043900 0.01159700 0.00800000
v 0.02549700 0.01273400 0.00800000
v 0.02549700 0.01273400 0.00800000
v 0.02549700 0.01273400 0.00800000
v 0.01804000 0.01506100 0.00800000
v 0.01804000 0.01506100 0.00800000
v 0.01804000 0.01506100 0.00800000
v 0.02312400 0.01665900 0.00800000
v 0.02312400 0.01665900 0.00800000
v 0.02015200 0.02015200 0.00800000
v 0.02015200 0.02015200 0.00800000
v 0.02015200 0.02015200 0.00800000
v 0.01506100 0.01804000 0.00800000
v 0.01506100 0.01804000 0.00800000
v 0.01506100 0.01804000 0.00800000
v 0.01665900 0.02312400 0.00800000
v 0.01665900 0.02312400 0.00800000
v 0.01665900 0.02312400 0.00800000
v 0.01159700 0.02043900 0.00800000
v 0.01159700 0.02043900 0.00800000
v 0.01159700 0.02043900 0.00800000
v 0.01273400 0.02549700 0.00800000
v 0.01273400 0.02549700 0.00800000
v 0.01273400 0.02549700 0.00800000
v 0.00776200 0.02218100 0.00800000
v 0.00776200 0.02218100 0.00800000
v 0.00776200 0.02218100 0.00800000
v 0.00847900 0.02721000 0.00800000
v 0.00847900 0.02721000 0.00800000
v 0.00847900 0.02721000 0.00800000
v 0.00367600 0.02321100 0.00800000
v 0.00367600 0.02321100 0.00800000
v 0.00367600 0.02321100 0.00800000
v 0.00400400 0.02821700 0.00800000
v 0.00400400 0.02821700 0.00800000
v 0.00400400 0.02821700 0.00800000
v -0.00052700 0.02349400 0.00800000
v -0.00052700 0.02349400 0.00800000
v -0.00057400 0.02849400 0.00800000
v -0.00471400 0.02302200 0.00800000
v -0.00513700 0.02803300 0.00800000
v -0.00874900 0.02181100 0.00800000
v -0.00956800 0.02684600 0.00800000
v -0.01250300 0.01989800 0.00800000
v -0.01250300 0.01989800 0.00800000
v -0.01375000 0.02496400 0.00800000
v -0.01375000 0.02496400 0.00800000
v -0.01375000 0.02496400 0.00800000
v -0.01585500 0.01734600 0.00800000
v -0.01585500 0.01734600 0.00800000
v -0.01585500 0.01734600 0.00800000
v -0.02170900 -0.01846600 0.00800000
v -0.02170900 -0.01846600 0.00800000
v -0.01661700 -0.01661700 0.00800000
v -0.01661700 -0.01661700 0.00800000
v -0.01661700 -0.01661700 0.00800000
v -0.01931700 -0.01338300 0.00800000
v -0.01931700 -0.01338300 0.00800000
v -0.01931700 -0.01338300 0.00800000
v -0.01757600 0.02243500 0.00800000
v -0.01757600 0.02243500 0.00800000
v -0.02094800 0.01932500 0.00800000
v -0.02094800 0.01932500 0.00800000
v -0.02094800 0.01932500 0.00800000
v -0.01869700 0.01423600 0.00800000
v -0.01869700 0.01423600 0.00800000
v -0.01869700 0.01423600 0.00800000
v -0.02377600 0.01571400 0.00800000
v -0.02377600 0.01571400 0.00800000
v -0.02377600 0.01571400 0.00800000
v -0.02093900 0.01066900 0.00800000
v -0.02093900 0.01066900 0.00800000
v -0.02093900 0.01066900 0.00800000
v -0.02598900 0.01169700 0.00800000
v -0.02598900 0.01169700 0.00800000
v -0.02598900 0.01169700 0.00800000
v -0.02250700 0.00675900 0.00800000
v -0.02250700 0.00675900 0.00800000
v -0.02752900 0.00737600 0.00800000
v -0.02752900 0.00737600 0.00800000
v -0.02335200 0.00263100 0.00800000
v -0.02335200 0.00263100 0.00800000
v -0.02835600 0.00286500 0.00800000
v -0.02835600 0.00286500 0.00800000
v -0.02835600 0.00286500 0.00800000
v -0.02344700 -0.00158100 0.00800000
v -0.02344700 -0.00158100 0.00800000
v -0.02344700 -0.00158100 0.00800000
v -0.02844800 -0.00172100 0.00800000
v -0.02844800 -0.00172100 0.00800000
v -0.02844800 -0.00172100 0.00800000
v -0.02278800 -0.00574200 0.00800000
v -0.02278800 -0.00574200 0.00800000
v -0.02278800 -0.00574200 0.00800000
v -0.02780400 -0.00626200 0.00800000
v -0.02780400 -0.00626200 0.00800000
v -0.02780400 -0.00626200 0.00800000
v -0.02139600 -0.00971900 0.00800000
v -0.02139600 -0.00971900 0.00800000
v -0.02643900 -0.01064100 0.00800000
v -0.02643900 -0.01064100 0.00800000
v -0.02643900 -0.01064100 0.00800000
v -0.02439000 -0.01474400 0.00800000
v -0.02439000 -0.01474400 0.00800000
v -0.02170900 -0.01846600 0.00800000
v -0.02015200 -0.02015200 0.00800000
v -0.02015200 -0.02015200 0.00800000
v -0.01846600 -0.02170900 0.00800000
v -0.01846600 -0.02170900 0.00800000
v -0.01846600 -0.02170900 0.00800000
v -0.01338300 -0.01931700 0.00800000
v -0.01338300 -0.01931700 0.00800000
v -0.01338300 -0.01931700 0.00800000
v -0.01474400 -0.02439000 0.00800000
v -0.01474400 -0.02439000 0.00800000
v -0.00971900 -0.02139600 0.00800000
v -0.01064100 -0.02643900 0.00800000
v -0.01064100 -0.02643900 0.00800000
v -0.00574200 -0.02278800 0.00800000
v -0.00574200 -0.02278800 0.00800000
v -0.00574200 -0.02278800 0.00800000
v -0.00626200 -0.02780400 0.00800000
v -0.00626200 -0.02780400 0.00800000
v -0.00626200 -0.02780400 0.00800000
v -0.00158100 -0.02344700 0.00800000
v -0.00158100 -0.02344700 0.00800000
v -0.00158100 -0.02344700 0.00800000
v -0.00172100 -0.02844800 0.00800000
v -0.00172100 -0.02844800 0.00800000
v -0.00172100 -0.02844800 0.00800000
v 0.00263100 -0.02335200 0.00800000
v 0.00263100 -0.02335200 0.00800000
v 0.00263100 -0.02335200 0.00800000
v 0.00286500 -0.02835600 0.00800000
v 0.00286500 -0.02835600 0.00800000
v 0.00286500 -0.02835600 0.00800000
v 0.00675900 -0.02250700 0.00800000
v 0.00675900 -0.02250700 0.00800000
v 0.00675900 -0.02250700 0.00800000
v 0.00737600 -0.02752900 0.00800000
v 0.00737600 -0.02752900 0.00800000
v 0.01066900 -0.02093900 0.00800000
v 0.01066900 -0.02093900 0.00800000
v 0.01169700 -0.02598900 0.00800000
v 0.01169700 -0.02598900 0.00800000
v 0.01571400 -0.02377600 0.00800000
v 0.01571400 -0.02377600 0.00800000
v -0.01129300 0.00302600 0.00000000
v -0.00302600 0.01129300 0.00000000
v 0.00413300 0.00413300 0.00000000
v 0.02312400 0.01665900 0.00000000
v 0.02549700 0.01273400 0.00000000
v 0.02197000 0.00765100 0.00000000
v -0.00393400 -0.01468200 0.00000000
v -0.00305400 -0.01468200 0.00000000
v -0.01064100 -0.02643900 0.00000000
v -0.00469600 -0.01424200 0.00000000
v -0.00229200 -0.01424200 0.00000000
v 0.00302600 -0.01129300 0.00000000
v -0.00626200 -0.02780400 0.00000000
v -0.00185200 -0.01348000 0.00000000
v -0.00185200 -0.01260000 0.00000000
v -0.00229200 -0.01183800 0.00000000
v -0.00305400 -0.01139800 0.00000000
v -0.00393400 -0.01139800 0.00000000
v -0.00413300 -0.00413300 0.00000000
v -0.00469600 -0.01183800 0.00000000
v -0.02015200 -0.02015200 0.00000000
v -0.01474400 -0.02439000 0.00000000
v -0.01846600 -0.02170900 0.00000000
v -0.00513600 -0.01348000 0.00000000
v -0.00513600 -0.01260000 0.00000000
v 0.01169700 -0.02598900 0.00000000
v 0.00737600 -0.02752900 0.00000000
v 0.00286500 -0.02835600 0.00000000
v -0.00172100 -0.02844800 0.00000000
v 0.00998600 -0.00790400 0.00000000
v 0.00910600 -0.00790400 0.00000000
v 0.01129300 -0.00302600 0.00000000
v 0.00834400 -0.00834400 0.00000000
v 0.00790400 -0.00910600 0.00000000
v 0.01169700 -0.02598900 0.00000000
v 0.00998600 -0.01118800 0.00000000
v 0.01571400 -0.02377600 0.00000000
v 0.01074800 -0.01074800 0.00000000
v 0.01932500 -0.02094800 0.00000000
v 0.00790400 -0.00998600 0.00000000
v 0.00834400 -0.01074800 0.00000000
v 0.00910600 -0.01118800 0.00000000
v 0.02243500 -0.01757600 0.00000000
v 0.01118800 -0.00998600 0.00000000
v 0.02496400 -0.01375000 0.00000000
v 0.01118800 -0.00910600 0.00000000
v 0.01074800 -0.00834400 0.00000000
v 0.02849400 -0.00057400 0.00000000
v 0.02803300 -0.00513700 0.00000000
v 0.02684600 -0.00956800 0.00000000
v 0.02721000 0.00847900 0.00000000
v 0.02821700 0.00400400 0.00000000
v 0.02015200 0.02015200 0.00000000
v 0.01481100 0.01481100 0.00000000
v 0.01665900 0.02312400 0.00000000
v 0.00765100 0.02197000 0.00000000
v 0.01273400 0.02549700 0.00000000
v -0.00057400 0.02849400 0.00000000
v 0.00400400 0.02821700 0.00000000
v 0.00847900 0.02721000 0.00000000
v -0.02094800 0.01932500 0.00000000
v -0.01757600 0.02243500 0.00000000
v -0.01131700 0.01958400 0.00000000
v -0.01375000 0.02496400 0.00000000
v -0.00956800 0.02684600 0.00000000
v -0.02752900 0.00737600 0.00000000
v -0.02598900 0.01169700 0.00000000
v -0.01958400 0.01131700 0.00000000
v -0.02377600 0.01571400 0.00000000
v -0.02643900 -0.01064100 0.00000000
v -0.02780400 -0.00626200 0.00000000
v -0.02844800 -0.00172100 0.00000000
v -0.02835600 0.00286500 0.00000000
v -0.01139800 -0.00393400 0.00000000
v -0.01139800 -0.00305400 0.00000000
v -0.01183800 -0.00229200 0.00000000
v -0.01260000 -0.00185200 0.00000000
v -0.02643900 -0.01064100 0.00000000
v -0.01468200 -0.00393400 0.00000000
v -0.02439000 -0.01474400 0.00000000
v -0.01424200 -0.00469600 0.00000000
v -0.02170900 -0.01846600 0.00000000
v -0.01348000 -0.00513600 0.00000000
v -0.01260000 -0.00513600 0.00000000
v -0.01183800 -0.00469600 0.00000000
v -0.01348000 -0.00185200 0.00000000
v -0.01424200 -0.00229200 0.00000000
v -0.01468200 -0.00305400 0.00000000
v -0.01074800 0.01074800 0.00000000
v -0.01118800 0.00998600 0.00000000
v -0.01118800 0.00910600 0.00000000
v -0.01074800 0.00834400 0.00000000
v -0.00998600 0.00790400 0.00000000
v -0.00910600 0.00790400 0.00000000
v -0.00834400 0.00834400 0.00000000
v -0.00790400 0.00910600 0.00000000
v -0.00998600 0.01118800 0.00000000
v -0.00790400 0.00998600 0.00000000
v -0.00834400 0.01074800 0.00000000
v -0.00910600 0.01118800 0.00000000
v 0.00393400 0.01468200 0.00000000
v 0.00305400 0.01468200 0.00000000
v 0.00393400 0.01139800 0.00000000
v 0.00469600 0.01183800 0.00000000
v 0.00229200 0.01424200 0.00000000
v 0.00185200 0.01348000 0.00000000
v 0.00185200 0.01260000 0.00000000
v 0.00229200 0.01183800 0.00000000
v 0.00305400 0.01139800 0.00000000
v 0.00513600 0.01260000 0.00000000
v 0.00513600 0.01348000 0.00000000
v 0.00469600 0.01424200 0.00000000
v -0.00513700 0.02803300 0.00000000
v -0.00057400 0.02849400 0.00000000
v 0.01468200 0.00305400 0.00000000
v 0.01468200 0.00393400 0.00000000
v 0.01424200 0.00229200 0.00000000
v 0.01139800 0.00393400 0.00000000
v 0.01139800 0.00305400 0.00000000
v 0.01424200 0.00469600 0.00000000
v 0.01348000 0.00513600 0.00000000
v 0.01260000 0.00513600 0.00000000
v 0.01183800 0.00469600 0.00000000
v 0.01183800 0.00229200 0.00000000
v 0.01260000 0.00185200 0.00000000
v 0.01348000 0.00185200 0.00000000
v 0.01685300 -0.01565100 0.00547200
v 0.01657300 -0.01594800 0.00564200
v 0.01697700 -0.01551700 0.00750000
v 0.01626300 -0.01626300 0.00570000
v 0.01393300 -0.01829900 0.00750000
v 0.01595000 -0.01657100 0.00564200
v 0.01565100 -0.01685300 0.00547200
v 0.01539100 -0.01709100 0.00520200
v 0.01518900 -0.01727100 0.00485000
v 0.01506100 -0.01738300 0.00444000
v 0.01501700 -0.01742100 0.00400000
v 0.01393300 -0.01829900 0.00200000
v 0.01506100 -0.01738300 0.00356000
v 0.01518900 -0.01727100 0.00315000
v 0.01539100 -0.01709100 0.00279800
v 0.01565100 -0.01685300 0.00252800
v 0.01594900 -0.01657200 0.00235800
v 0.01626300 -0.01626300 0.00230000
v 0.01697700 -0.01551700 0.00200000
v 0.01657200 -0.01594900 0.00235800
v 0.01685300 -0.01565100 0.00252800
v 0.01697700 -0.01551700 0.00264900
v 0.01947500 -0.01223700 0.00200000
v 0.01727100 -0.01518900 0.00315000
v 0.01738300 -0.01506100 0.00356000
v 0.01742100 -0.01501700 0.00400000
v 0.01738300 -0.01506100 0.00444000
v 0.01947500 -0.01223700 0.00750000
v 0.01727100 -0.01518900 0.00485000
v 0.01697700 -0.01551700 0.00535100
v -0.01565100 0.01685300 0.00252800
v -0.01594800 0.01657300 0.00235800
v -0.01551700 0.01697700 0.00200000
v -0.01626300 0.01626300 0.00230000
v -0.01829900 0.01393300 0.00200000
v -0.01657100 0.01595000 0.00235800
v -0.01685300 0.01565100 0.00252800
v -0.01709100 0.01539100 0.00279800
v -0.01727100 0.01518900 0.00315000
v -0.01738300 0.01506100 0.00355900
v -0.01742100 0.01501700 0.00400000
v -0.01738300 0.01506100 0.00444000
v -0.01829900 0.01393300 0.00750000
v -0.01727100 0.01518900 0.00485000
v -0.01709100 0.01539100 0.00520200
v -0.01685300 0.01565100 0.00547200
v -0.01657200 0.01594900 0.00564200
v -0.01551700 0.01697700 0.00750000
v -0.01626300 0.01626300 0.00570000
v -0.01594900 0.01657200 0.00564200
v -0.01565100 0.01685300 0.00547200
v -0.01551700 0.01697700 0.00535100
v -0.01223700 0.01947500 0.00750000
v -0.01518900 0.01727100 0.00485000
v -0.01506100 0.01738300 0.00443900
v -0.01501700 0.01742100 0.00400000
v -0.01223700 0.01947500 0.00200000
v -0.01506100 0.01738300 0.00356000
v -0.01518900 0.01727100 0.00315000
v -0.01551700 0.01697700 0.00264900
v -0.01709100 -0.01539100 0.00520200
v -0.01727100 -0.01518900 0.00485000
v -0.01890600 -0.01309800 0.00750000
v -0.01626300 -0.01626300 0.00750000
v -0.01626300 -0.01626300 0.00570000
v -0.01657200 -0.01594900 0.00564200
v -0.01685300 -0.01565100 0.00547200
v -0.01738300 -0.01506100 0.00443900
v -0.01742100 -0.01501700 0.00400000
v -0.01890600 -0.01309800 0.00200000
v -0.01738300 -0.01506100 0.00356000
v -0.01727100 -0.01518900 0.00315000
v -0.01709100 -0.01539100 0.00279800
v -0.01685300 -0.01565100 0.00252800
v -0.01657300 -0.01594800 0.00235800
v -0.01626300 -0.01626300 0.00200000
v -0.01518900 -0.01727100 0.00315000
v -0.01506100 -0.01738300 0.00355900
v -0.01309800 -0.01890600 0.00200000
v -0.01539100 -0.01709100 0.00279800
v -0.01626300 -0.01626300 0.00230000
v -0.01595000 -0.01657100 0.00235800
v -0.01565100 -0.01685300 0.00252800
v -0.01501700 -0.01742100 0.00400000
v -0.01506100 -0.01738300 0.00444000
v -0.01309800 -0.01890600 0.00750000
v -0.01518900 -0.01727100 0.00485000
v -0.01539100 -0.01709100 0.00520200
v -0.01565100 -0.01685300 0.00547200
v -0.01594900 -0.01657200 0.00564200
v -0.00951200 -0.02094100 0.00200000
v -0.00951200 -0.02094100 0.00750000
v -0.00562000 -0.02230300 0.00200000
v -0.00562000 -0.02230300 0.00750000
v -0.00154700 -0.02294800 0.00200000
v -0.00154700 -0.02294800 0.00750000
v 0.00257500 -0.02285500 0.00200000
v 0.00257500 -0.02285500 0.00750000
v 0.00661500 -0.02202800 0.00200000
v 0.00661500 -0.02202800 0.00750000
v 0.01044200 -0.02049300 0.00200000
v 0.01044200 -0.02049300 0.00750000
v 0.02134700 -0.00856300 0.00200000
v 0.02134700 -0.00856300 0.00750000
v 0.02253300 -0.00461300 0.00200000
v 0.02253300 -0.00461300 0.00750000
v 0.02299400 -0.00051600 0.00200000
v 0.02299400 -0.00051600 0.00750000
v 0.02271700 0.00359800 0.00200000
v 0.02271700 0.00359800 0.00750000
v 0.02170900 0.00759600 0.00200000
v 0.02170900 0.00759600 0.00750000
v 0.02000400 0.01135100 0.00200000
v 0.02000400 0.01135100 0.00750000
v 0.01765600 0.01474000 0.00200000
v 0.01765600 0.01474000 0.00750000
v 0.01501700 0.01742100 0.00400000
v 0.01506100 0.01738300 0.00444000
v 0.01474000 0.01765600 0.00750000
v 0.01518900 0.01727100 0.00485000
v 0.01539100 0.01709100 0.00520200
v 0.01565100 0.01685300 0.00547200
v 0.01594800 0.01657300 0.00564200
v 0.01626300 0.01626300 0.00570000
v 0.01657100 0.01595000 0.00564200
v 0.01685300 0.01565100 0.00547200
v 0.01709100 0.01539100 0.00520200
v 0.01727100 0.01518900 0.00485000
v 0.01738300 0.01506100 0.00444000
v 0.01742100 0.01501700 0.00400000
v 0.01738300 0.01506100 0.00356000
v 0.01727100 0.01518900 0.00315000
v 0.01709100 0.01539100 0.00279800
v 0.01685300 0.01565100 0.00252800
v 0.01657200 0.01594900 0.00235800
v 0.01626300 0.01626300 0.00230000
v 0.01474000 0.01765600 0.00200000
v 0.01594900 0.01657200 0.00235800
v 0.01565100 0.01685300 0.00252800
v 0.01539100 0.01709100 0.00279800
v 0.01518900 0.01727100 0.00315000
v 0.01506100 0.01738300 0.00356000
v 0.01135100 0.02000400 0.00200000
v 0.01135100 0.02000400 0.00750000
v 0.00759600 0.02170900 0.00200000
v 0.00759600 0.02170900 0.00750000
v 0.00359800 0.02271700 0.00200000
v 0.00359800 0.02271700 0.00750000
v -0.00051600 0.02299400 0.00200000
v -0.00051600 0.02299400 0.00750000
v -0.00461300 0.02253300 0.00200000
v -0.00461300 0.02253300 0.00750000
v -0.00856300 0.02134700 0.00200000
v -0.00856300 0.02134700 0.00750000
v -0.02049300 0.01044200 0.00200000
v -0.02049300 0.01044200 0.00750000
v -0.02202800 0.00661500 0.00200000
v -0.02202800 0.00661500 0.00750000
v -0.02285500 0.00257500 0.00200000
v -0.02285500 0.00257500 0.00750000
v -0.02294800 -0.00154700 0.00200000
v -0.02294800 -0.00154700 0.00750000
v -0.02230300 -0.00562000 0.00200000
v -0.02230300 -0.00562000 0.00750000
v -0.02094100 -0.00951200 0.00200000
v -0.02094100 -0.00951200 0.00750000
v 0.00170600 0.01588500 0.00200000
v 0.00170600 0.01588500 0.00200000
v 0.00170600 0.01588500 0.00200000
v 0.00311800 0.01637900 0.00200000
v 0.00311800 0.01637900 0.00200000
v 0.00629400 0.02061300 0.00200000
v 0.00629400 0.02061300 0.00200000
v 0.00629400 0.02061300 0.00200000
v 0.00629400 0.02061300 0.00200000
v 0.00629400 0.02061300 0.00200000
v 0.00629400 0.02061300 0.00200000
v 0.00629400 0.02061300 0.00200000
v -0.00051600 0.02299400 0.00200000
v -0.00051600 0.02299400 0.00200000
v -0.00051600 0.02299400 0.00200000
v -0.00461300 0.02253300 0.00200000
v -0.00461300 0.02253300 0.00200000
v -0.00995900 0.01822600 0.00200000
v -0.00995900 0.01822600 0.00200000
v -0.00995900 0.01822600 0.00200000
v -0.00995900 0.01822600 0.00200000
v -0.00995900 0.01822600 0.00200000
v -0.00995900 0.01822600 0.00200000
v -0.02202800 0.00661500 0.00200000
v -0.01822600 0.00995900 0.00200000
v -0.01822600 0.00995900 0.00200000
v -0.01822600 0.00995900 0.00200000
v -0.01822600 0.00995900 0.00200000
v -0.02049300 0.01044200 0.00200000
v -0.02294800 -0.00154700 0.00200000
v -0.02294800 -0.00154700 0.00200000
v -0.02230300 -0.00562000 0.00200000
v -0.02230300 -0.00562000 0.00200000
v -0.02230300 -0.00562000 0.00200000
v -0.01129300 0.00302600 0.00200000
v -0.01129300 0.00302600 0.00200000
v -0.01129300 0.00302600 0.00200000
v -0.01129300 0.00302600 0.00200000
v -0.01129300 0.00302600 0.00200000
v -0.01129300 0.00302600 0.00200000
v -0.01129300 0.00302600 0.00200000
v -0.01129300 0.00302600 0.00200000
v -0.01129300 0.00302600 0.00200000
v -0.01129300 0.00302600 0.00200000
v -0.01193000 -0.00032300 0.00200000
v -0.01193000 -0.00032300 0.00200000
v -0.01066400 -0.00111800 0.00200000
v -0.01066400 -0.00111800 0.00200000
v -0.00413300 -0.00413300 0.00200000
v -0.00413300 -0.00413300 0.00200000
v -0.00413300 -0.00413300 0.00200000
v -0.00413300 -0.00413300 0.00200000
v -0.00413300 -0.00413300 0.00200000
v -0.00413300 -0.00413300 0.00200000
v -0.00413300 -0.00413300 0.00200000
v -0.01019500 -0.00528200 0.00200000
v -0.01019500 -0.00528200 0.00200000
v -0.01125200 -0.00633900 0.00200000
v -0.01626300 -0.01626300 0.00200000
v -0.01626300 -0.01626300 0.00200000
v -0.01626300 -0.01626300 0.00200000
v -0.01626300 -0.01626300 0.00200000
v -0.00986900 -0.00238400 0.00200000
v -0.00986900 -0.00238400 0.00200000
v -0.00970100 -0.00387000 0.00200000
v -0.00970100 -0.00387000 0.00200000
v -0.01266400 -0.00683300 0.00200000
v -0.01266400 -0.00683300 0.00200000
v -0.01626300 -0.01626300 0.00200000
v -0.01626300 -0.01626300 0.00200000
v -0.01626300 -0.01626300 0.00200000
v -0.01415000 -0.00666500 0.00200000
v -0.01415000 -0.00666500 0.00200000
v -0.01415000 -0.00666500 0.00200000
v -0.01890600 -0.01309800 0.00200000
v -0.01890600 -0.01309800 0.00200000
v -0.01890600 -0.01309800 0.00200000
v -0.01541600 -0.00587000 0.00200000
v -0.01541600 -0.00587000 0.00200000
v -0.02094100 -0.00951200 0.00200000
v -0.02230300 -0.00562000 0.00200000
v -0.02230300 -0.00562000 0.00200000
v -0.01541600 -0.00587000 0.00200000
v -0.01621100 -0.00460400 0.00200000
v -0.01621100 -0.00460400 0.00200000
v -0.01637900 -0.00311800 0.00200000
v -0.01588500 -0.00170600 0.00200000
v -0.01588500 -0.00170600 0.00200000
v -0.01482800 -0.00064900 0.00200000
v -0.01482800 -0.00064900 0.00200000
v -0.01482800 -0.00064900 0.00200000
v -0.01341600 -0.00015500 0.00200000
v -0.01341600 -0.00015500 0.00200000
v -0.02202800 0.00661500 0.00200000
v -0.02202800 0.00661500 0.00200000
v -0.02285500 0.00257500 0.00200000
v -0.02285500 0.00257500 0.00200000
v -0.01551700 0.01697700 0.00200000
v -0.01551700 0.01697700 0.00200000
v -0.01551700 0.01697700 0.00200000
v -0.01829900 0.01393300 0.00200000
v -0.00856300 0.02134700 0.00200000
v -0.00856300 0.02134700 0.00200000
v -0.01223700 0.01947500 0.00200000
v -0.01223700 0.01947500 0.00200000
v 0.00359800 0.02271700 0.00200000
v 0.00359800 0.02271700 0.00200000
v 0.00359800 0.02271700 0.00200000
v -0.00302600 0.01129300 0.00200000
v -0.00302600 0.01129300 0.00200000
v -0.00302600 0.01129300 0.00200000
v -0.00302600 0.01129300 0.00200000
v -0.00302600 0.01129300 0.00200000
v -0.00302600 0.01129300 0.00200000
v -0.00302600 0.01129300 0.00200000
v -0.00302600 0.01129300 0.00200000
v -0.00302600 0.01129300 0.00200000
v -0.00302600 0.01129300 0.00200000
v -0.00302600 0.01129300 0.00200000
v -0.00302600 0.01129300 0.00200000
v -0.00302600 0.01129300 0.00200000
v 0.00759600 0.02170900 0.00200000
v 0.00759600 0.02170900 0.00200000
v 0.01135100 0.02000400 0.00200000
v 0.01345300 0.01345300 0.00200000
v 0.01345300 0.01345300 0.00200000
v 0.01345300 0.01345300 0.00200000
v 0.01345300 0.01345300 0.00200000
v 0.01345300 0.01345300 0.00200000
v 0.01345300 0.01345300 0.00200000
v 0.01345300 0.01345300 0.00200000
v 0.01345300 0.01345300 0.00200000
v 0.01345300 0.01345300 0.00200000
v 0.01474000 0.01765600 0.00200000
v 0.01765600 0.01474000 0.00200000
v 0.02061300 0.00629400 0.00200000
v 0.02061300 0.00629400 0.00200000
v 0.02061300 0.00629400 0.00200000
v 0.02061300 0.00629400 0.00200000
v 0.02061300 0.00629400 0.00200000
v 0.02061300 0.00629400 0.00200000
v 0.02170900 0.00759600 0.00200000
v 0.02170900 0.00759600 0.00200000
v 0.02000400 0.01135100 0.00200000
v 0.02000400 0.01135100 0.00200000
v 0.02134700 -0.00856300 0.00200000
v 0.02253300 -0.00461300 0.00200000
v 0.02253300 -0.00461300 0.00200000
v 0.01129300 -0.00302600 0.00200000
v 0.01129300 -0.00302600 0.00200000
v 0.01129300 -0.00302600 0.00200000
v 0.01129300 -0.00302600 0.00200000
v 0.01129300 -0.00302600 0.00200000
v 0.01129300 -0.00302600 0.00200000
v 0.01129300 -0.00302600 0.00200000
v 0.01129300 -0.00302600 0.00200000
v 0.01129300 -0.00302600 0.00200000
v 0.01129300 -0.00302600 0.00200000
v 0.02299400 -0.00051600 0.00200000
v 0.02299400 -0.00051600 0.00200000
v 0.02299400 -0.00051600 0.00200000
v 0.02271700 0.00359800 0.00200000
v 0.02271700 0.00359800 0.00200000
v 0.00775800 -0.00670100 0.00200000
v 0.00775800 -0.00670100 0.00200000
v 0.00917000 -0.00620700 0.00200000
v 0.01065600 -0.00637400 0.00200000
v 0.00843600 -0.01271700 0.00200000
v 0.00717000 -0.01192200 0.00200000
v 0.00717000 -0.01192200 0.00200000
v 0.00302600 -0.01129300 0.00200000
v 0.00302600 -0.01129300 0.00200000
v 0.00302600 -0.01129300 0.00200000
v 0.00302600 -0.01129300 0.00200000
v 0.00302600 -0.01129300 0.00200000
v 0.00302600 -0.01129300 0.00200000
v 0.00302600 -0.01129300 0.00200000
v 0.00302600 -0.01129300 0.00200000
v 0.00302600 -0.01129300 0.00200000
v 0.00302600 -0.01129300 0.00200000
v 0.00637400 -0.01065600 0.00200000
v 0.00637400 -0.01065600 0.00200000
v 0.00620700 -0.00917000 0.00200000
v 0.00670100 -0.00775800 0.00200000
v 0.01192200 -0.00717000 0.00200000
v 0.01192200 -0.00717000 0.00200000
v 0.02134700 -0.00856300 0.00200000
v 0.02134700 -0.00856300 0.00200000
v 0.02134700 -0.00856300 0.00200000
v 0.01271700 -0.00843600 0.00200000
v 0.01271700 -0.00843600 0.00200000
v 0.01271700 -0.00843600 0.00200000
v 0.01947500 -0.01223700 0.00200000
v 0.01947500 -0.01223700 0.00200000
v 0.01947500 -0.01223700 0.00200000
v 0.01288500 -0.00992200 0.00200000
v 0.01288500 -0.00992200 0.00200000
v 0.01288500 -0.00992200 0.00200000
v 0.01697700 -0.01551700 0.00200000
v 0.01697700 -0.01551700 0.00200000
v 0.01697700 -0.01551700 0.00200000
v 0.01239100 -0.01133300 0.00200000
v 0.01239100 -0.01133300 0.00200000
v 0.01239100 -0.01133300 0.00200000
v 0.01393300 -0.01829900 0.00200000
v 0.01393300 -0.01829900 0.00200000
v 0.01393300 -0.01829900 0.00200000
v 0.01133300 -0.01239100 0.00200000
v 0.01133300 -0.01239100 0.00200000
v 0.01044200 -0.02049300 0.00200000
v 0.01044200 -0.02049300 0.00200000
v 0.01044200 -0.02049300 0.00200000
v 0.00992200 -0.01288500 0.00200000
v 0.00257500 -0.02285500 0.00200000
v 0.00257500 -0.02285500 0.00200000
v -0.00154700 -0.02294800 0.00200000
v -0.00154700 -0.02294800 0.00200000
v -0.00562000 -0.02230300 0.00200000
v -0.00562000 -0.02230300 0.00200000
v 0.00661500 -0.02202800 0.00200000
v 0.00661500 -0.02202800 0.00200000
v -0.00528200 -0.01019500 0.00200000
v -0.00528200 -0.01019500 0.00200000
v -0.00387000 -0.00970100 0.00200000
v -0.00387000 -0.00970100 0.00200000
v -0.00238400 -0.00986900 0.00200000
v -0.00238400 -0.00986900 0.00200000
v -0.00111800 -0.01066400 0.00200000
v -0.00111800 -0.01066400 0.00200000
v -0.00032300 -0.01193000 0.00200000
v -0.00032300 -0.01193000 0.00200000
v -0.00633900 -0.01125200 0.00200000
v -0.00633900 -0.01125200 0.00200000
v -0.00633900 -0.01125200 0.00200000
v -0.00170600 -0.01588500 0.00200000
v -0.00170600 -0.01588500 0.00200000
v -0.00064900 -0.01482800 0.00200000
v -0.00064900 -0.01482800 0.00200000
v -0.00064900 -0.01482800 0.00200000
v -0.00015500 -0.01341600 0.00200000
v -0.00015500 -0.01341600 0.00200000
v -0.00311800 -0.01637900 0.00200000
v -0.00311800 -0.01637900 0.00200000
v -0.00562000 -0.02230300 0.00200000
v -0.00562000 -0.02230300 0.00200000
v -0.00562000 -0.02230300 0.00200000
v -0.00460400 -0.01621100 0.00200000
v -0.00460400 -0.01621100 0.00200000
v -0.00460400 -0.01621100 0.00200000
v -0.00951200 -0.02094100 0.00200000
v -0.00951200 -0.02094100 0.00200000
v -0.00951200 -0.02094100 0.00200000
v -0.00587000 -0.01541600 0.00200000
v -0.00587000 -0.01541600 0.00200000
v -0.00587000 -0.01541600 0.00200000
v -0.01309800 -0.01890600 0.00200000
v -0.01309800 -0.01890600 0.00200000
v -0.01309800 -0.01890600 0.00200000
v -0.00666500 -0.01415000 0.00200000
v -0.00666500 -0.01415000 0.00200000
v -0.00666500 -0.01415000 0.00200000
v -0.00683300 -0.01266400 0.00200000
v -0.00683300 -0.01266400 0.00200000
v 0.01541600 0.00587000 0.00200000
v 0.01541600 0.00587000 0.00200000
v 0.01621100 0.00460400 0.00200000
v 0.01621100 0.00460400 0.00200000
v 0.01415000 0.00666500 0.00200000
v 0.01415000 0.00666500 0.00200000
v 0.01415000 0.00666500 0.00200000
v 0.01266400 0.00683300 0.00200000
v 0.01266400 0.00683300 0.00200000
v 0.01637900 0.00311800 0.00200000
v 0.01637900 0.00311800 0.00200000
v 0.01588500 0.00170600 0.00200000
v 0.01588500 0.00170600 0.00200000
v 0.01588500 0.00170600 0.00200000
v 0.01482800 0.00064900 0.00200000
v 0.01482800 0.00064900 0.00200000
v 0.01341600 0.00015500 0.00200000
v 0.01341600 0.00015500 0.00200000
v 0.00986900 0.00238400 0.00200000
v 0.00986900 0.00238400 0.00200000
v 0.00413300 0.00413300 0.00200000
v 0.00413300 0.00413300 0.00200000
v 0.00413300 0.00413300 0.00200000
v 0.00413300 0.00413300 0.00200000
v 0.00413300 0.00413300 0.00200000
v 0.00413300 0.00413300 0.00200000
v 0.00413300 0.00413300 0.00200000
v 0.01066400 0.00111800 0.00200000
v 0.01066400 0.00111800 0.00200000
v 0.01193000 0.00032300 0.00200000
v 0.01193000 0.00032300 0.00200000
v 0.00970100 0.00387000 0.00200000
v 0.00970100 0.00387000 0.00200000
v 0.01019500 0.00528200 0.00200000
v 0.01019500 0.00528200 0.00200000
v 0.01019500 0.00528200 0.00200000
v 0.01125200 0.00633900 0.00200000
v 0.01125200 0.00633900 0.00200000
v 0.00032300 0.01193000 0.00200000
v 0.00032300 0.01193000 0.00200000
v 0.00015500 0.01341600 0.00200000
v 0.00015500 0.01341600 0.00200000
v 0.00064900 0.01482800 0.00200000
v 0.00064900 0.01482800 0.00200000
v 0.00460400 0.01621100 0.00200000
v 0.00460400 0.01621100 0.00200000
v 0.00587000 0.01541600 0.00200000
v 0.00587000 0.01541600 0.00200000
v 0.00587000 0.01541600 0.00200000
v 0.00666500 0.01415000 0.00200000
v 0.00666500 0.01415000 0.00200000
v 0.00528200 0.01019500 0.00200000
v 0.00528200 0.01019500 0.00200000
v 0.00633900 0.01125200 0.00200000
v 0.00683300 0.01266400 0.00200000
v 0.00387000 0.00970100 0.00200000
v 0.00387000 0.00970100 0.00200000
v 0.00238400 0.00986900 0.00200000
v 0.00238400 0.00986900 0.00200000
v 0.00111800 0.01066400 0.00200000
v 0.00111800 0.01066400 0.00200000
v -0.00992200 0.01288500 0.00200000
v -0.00992200 0.01288500 0.00200000
v -0.00843600 0.01271700 0.00200000
v -0.00843600 0.01271700 0.00200000
v -0.00843600 0.01271700 0.00200000
v -0.00717000 0.01192200 0.00200000
v -0.00717000 0.01192200 0.00200000
v -0.00637400 0.01065600 0.00200000
v -0.00637400 0.01065600 0.00200000
v -0.00620700 0.00917000 0.00200000
v -0.00670100 0.00775800 0.00200000
v -0.00670100 0.00775800 0.00200000
v -0.00775800 0.00670100 0.00200000
v -0.00775800 0.00670100 0.00200000
v -0.00775800 0.00670100 0.00200000
v -0.00917000 0.00620700 0.00200000
v -0.00917000 0.00620700 0.00200000
v -0.01065600 0.00637400 0.00200000
v -0.01192200 0.00717000 0.00200000
v -0.01192200 0.00717000 0.00200000
v -0.01271700 0.00843600 0.00200000
v -0.01271700 0.00843600 0.00200000
v -0.01288500 0.00992200 0.00200000
v -0.01288500 0.00992200 0.00200000
v -0.01239100 0.01133300 0.00200000
v -0.01239100 0.01133300 0.00200000
v -0.01133300 0.01239100 0.00200000
v 0.01183800 0.00229200 0.00000000
v 0.01247800 0.00188900 0.00034000
v 0.01260000 0.00185200 0.00000000
v 0.01260000 0.00185200 0.00034000
v 0.01348000 0.00185200 0.00000000
v 0.01323000 0.00180500 0.00034000
v 0.01348000 0.00185200 0.00034000
v 0.01424200 0.00229200 0.00000000
v 0.01394400 0.00205500 0.00034000
v 0.01424200 0.00229200 0.00034000
v 0.01447900 0.00259000 0.00034000
v 0.01468200 0.00305400 0.00000000
v 0.01468200 0.00305400 0.00034000
v 0.01472900 0.00330400 0.00034000
v 0.01468200 0.00393400 0.00000000
v 0.01468200 0.00393400 0.00034000
v 0.01464500 0.00405600 0.00034000
v 0.01424200 0.00469600 0.00000000
v 0.01424200 0.00469600 0.00034000
v 0.01424200 0.00469600 0.00000000
v 0.01424200 0.00469600 0.00034000
v 0.01360100 0.00509900 0.00034000
v 0.01348000 0.00513600 0.00000000
v 0.01348000 0.00513600 0.00034000
v 0.01260000 0.00513600 0.00000000
v 0.01285000 0.00518300 0.00034000
v 0.01260000 0.00513600 0.00034000
v 0.01183800 0.00469600 0.00000000
v 0.01213500 0.00493300 0.00034000
v 0.01183800 0.00469600 0.00034000
v 0.01160100 0.00439800 0.00034000
v 0.01139800 0.00393400 0.00000000
v 0.01139800 0.00393400 0.00034000
v 0.01135100 0.00368400 0.00034000
v 0.01139800 0.00305400 0.00000000
v 0.01139800 0.00305400 0.00034000
v 0.01143500 0.00293200 0.00034000
v 0.01183800 0.00229200 0.00000000
v 0.01183800 0.00229200 0.00034000
v 0.01183800 0.00229200 0.00034000
v 0.00970100 0.00387000 0.00200000
v 0.00986900 0.00238400 0.00200000
v 0.01139800 0.00305400 0.00034000
v 0.01135100 0.00368400 0.00034000
v 0.01139800 0.00393400 0.00034000
v 0.01019500 0.00528200 0.00200000
v 0.01160100 0.00439800 0.00034000
v 0.01183800 0.00469600 0.00034000
v 0.01125200 0.00633900 0.00200000
v 0.01213500 0.00493300 0.00034000
v 0.01266400 0.00683300 0.00200000
v 0.01260000 0.00513600 0.00034000
v 0.01285000 0.00518300 0.00034000
v 0.01415000 0.00666500 0.00200000
v 0.01348000 0.00513600 0.00034000
v 0.01360100 0.00509900 0.00034000
v 0.01541600 0.00587000 0.00200000
v 0.01424200 0.00469600 0.00034000
v 0.01621100 0.00460400 0.00200000
v 0.01464500 0.00405600 0.00034000
v 0.01468200 0.00393400 0.00034000
v 0.01637900 0.00311800 0.00200000
v 0.01472900 0.00330400 0.00034000
v 0.01468200 0.00305400 0.00034000
v 0.01588500 0.00170600 0.00200000
v 0.01447900 0.00259000 0.00034000
v 0.01424200 0.00229200 0.00034000
v 0.01482800 0.00064900 0.00200000
v 0.01394400 0.00205500 0.00034000
v 0.01341600 0.00015500 0.00200000
v 0.01348000 0.00185200 0.00034000
v 0.01323000 0.00180500 0.00034000
v 0.01193000 0.00032300 0.00200000
v 0.01260000 0.00185200 0.00034000
v 0.01247800 0.00188900 0.00034000
v 0.01066400 0.00111800 0.00200000
v 0.01183800 0.00229200 0.00034000
v 0.01143500 0.00293200 0.00034000
v 0.00229200 0.01183800 0.00000000
v 0.00293200 0.01143500 0.00034000
v 0.00305400 0.01139800 0.00000000
v 0.00305400 0.01139800 0.00034000
v 0.00393400 0.01139800 0.00000000
v 0.00368400 0.01135100 0.00034000
v 0.00393400 0.01139800 0.00034000
v 0.00469600 0.01183800 0.00000000
v 0.00439800 0.01160100 0.00034000
v 0.00469600 0.01183800 0.00034000
v 0.00493300 0.01213500 0.00034000
v 0.00513600 0.01260000 0.00000000
v 0.00513600 0.01260000 0.00034000
v 0.00518300 0.01285000 0.00034000
v 0.00513600 0.01348000 0.00000000
v 0.00513600 0.01348000 0.00034000
v 0.00509900 0.01360100 0.00034000
v 0.00469600 0.01424200 0.00000000
v 0.00469600 0.01424200 0.00034000
v 0.00469600 0.01424200 0.00000000
v 0.00469600 0.01424200 0.00034000
v 0.00405500 0.01464500 0.00034000
v 0.00393400 0.01468200 0.00000000
v 0.00393400 0.01468200 0.00034000
v 0.00305400 0.01468200 0.00000000
v 0.00330400 0.01472900 0.00034000
v 0.00305400 0.01468200 0.00034000
v 0.00229200 0.01424200 0.00000000
v 0.00259000 0.01447900 0.00034000
v 0.00229200 0.01424200 0.00034000
v 0.00205500 0.01394400 0.00034000
v 0.00185200 0.01348000 0.00000000
v 0.00185200 0.01348000 0.00034000
v 0.00180500 0.01323000 0.00034000
v 0.00185200 0.01260000 0.00000000
v 0.00185200 0.01260000 0.00034000
v 0.00188900 0.01247800 0.00034000
v 0.00229200 0.01183800 0.00000000
v 0.00229200 0.01183800 0.00034000
v 0.00229200 0.01183800 0.00034000
v 0.00015500 0.01341600 0.00200000
v 0.00032300 0.01193000 0.00200000
v 0.00185200 0.01260000 0.00034000
v 0.00180500 0.01323000 0.00034000
v 0.00185200 0.01348000 0.00034000
v 0.00064900 0.01482800 0.00200000
v 0.00205500 0.01394400 0.00034000
v 0.00229200 0.01424200 0.00034000
v 0.00170600 0.01588500 0.00200000
v 0.00259000 0.01447900 0.00034000
v 0.00311800 0.01637900 0.00200000
v 0.00305400 0.01468200 0.00034000
v 0.00330400 0.01472900 0.00034000
v 0.00460400 0.01621100 0.00200000
v 0.00393400 0.01468200 0.00034000
v 0.00405500 0.01464500 0.00034000
v 0.00587000 0.01541600 0.00200000
v 0.00469600 0.01424200 0.00034000
v 0.00666500 0.01415000 0.00200000
v 0.00509900 0.01360100 0.00034000
v 0.00513600 0.01348000 0.00034000
v 0.00683300 0.01266400 0.00200000
v 0.00518300 0.01285000 0.00034000
v 0.00513600 0.01260000 0.00034000
v 0.00633900 0.01125200 0.00200000
v 0.00493300 0.01213500 0.00034000
v 0.00469600 0.01183800 0.00034000
v 0.00528200 0.01019500 0.00200000
v 0.00439800 0.01160100 0.00034000
v 0.00387000 0.00970100 0.00200000
v 0.00393400 0.01139800 0.00034000
v 0.00368400 0.01135100 0.00034000
v 0.00238400 0.00986900 0.00200000
v 0.00305400 0.01139800 0.00034000
v 0.00293200 0.01143500 0.00034000
v 0.00111800 0.01066400 0.00200000
v 0.00229200 0.01183800 0.00034000
v 0.00188900 0.01247800 0.00034000
v -0.01074800 0.00834400 0.00000000
v -0.01010700 0.00794100 0.00034000
v -0.00998600 0.00790400 0.00000000
v -0.00998600 0.00790400 0.00034000
v -0.00910600 0.00790400 0.00000000
v -0.00935600 0.00785700 0.00034000
v -0.00910600 0.00790400 0.00034000
v -0.00834400 0.00834400 0.00000000
v -0.00864100 0.00810600 0.00034000
v -0.00834400 0.00834400 0.00034000
v -0.00810600 0.00864100 0.00034000
v -0.00790400 0.00910600 0.00000000
v -0.00790400 0.00910600 0.00034000
v -0.00785700 0.00935600 0.00034000
v -0.00790400 0.00998600 0.00000000
v -0.00790400 0.00998600 0.00034000
v -0.00794100 0.01010700 0.00034000
v -0.00834400 0.01074800 0.00000000
v -0.00834400 0.01074800 0.00034000
v -0.00834400 0.01074800 0.00000000
v -0.00834400 0.01074800 0.00034000
v -0.00898400 0.01115000 0.00034000
v -0.00910600 0.01118800 0.00000000
v -0.00910600 0.01118800 0.00034000
v -0.00998600 0.01118800 0.00000000
v -0.00973600 0.01123500 0.00034000
v -0.00998600 0.01118800 0.00034000
v -0.01074800 0.01074800 0.00000000
v -0.01045000 0.01098500 0.00034000
v -0.01074800 0.01074800 0.00034000
v -0.01098500 0.01045000 0.00034000
v -0.01118800 0.00998600 0.00000000
v -0.01118800 0.00998600 0.00034000
v -0.01123500 0.00973600 0.00034000
v -0.01118800 0.00910600 0.00000000
v -0.01118800 0.00910600 0.00034000
v -0.01115000 0.00898400 0.00034000
v -0.01074800 0.00834400 0.00000000
v -0.01074800 0.00834400 0.00034000
v -0.01074800 0.00834400 0.00034000
v -0.01288500 0.00992200 0.00200000
v -0.01271700 0.00843600 0.00200000
v -0.01118800 0.00910600 0.00034000
v -0.01123500 0.00973600 0.00034000
v -0.01118800 0.00998600 0.00034000
v -0.01239100 0.01133300 0.00200000
v -0.01098500 0.01045000 0.00034000
v -0.01074800 0.01074800 0.00034000
v -0.01133300 0.01239100 0.00200000
v -0.01045000 0.01098500 0.00034000
v -0.00992200 0.01288500 0.00200000
v -0.00998600 0.01118800 0.00034000
v -0.00973600 0.01123500 0.00034000
v -0.00843600 0.01271700 0.00200000
v -0.00910600 0.01118800 0.00034000
v -0.00898400 0.01115000 0.00034000
v -0.00717000 0.01192200 0.00200000
v -0.00834400 0.01074800 0.00034000
v -0.00637400 0.01065600 0.00200000
v -0.00794100 0.01010700 0.00034000
v -0.00790400 0.00998600 0.00034000
v -0.00620700 0.00917000 0.00200000
v -0.00785700 0.00935600 0.00034000
v -0.00790400 0.00910600 0.00034000
v -0.00670100 0.00775800 0.00200000
v -0.00810600 0.00864100 0.00034000
v -0.00834400 0.00834400 0.00034000
v -0.00775800 0.00670100 0.00200000
v -0.00864100 0.00810600 0.00034000
v -0.00917000 0.00620700 0.00200000
v -0.00910600 0.00790400 0.00034000
v -0.00935600 0.00785700 0.00034000
v -0.01065600 0.00637400 0.00200000
v -0.00998600 0.00790400 0.00034000
v -0.01010700 0.00794100 0.00034000
v -0.01192200 0.00717000 0.00200000
v -0.01074800 0.00834400 0.00034000
v -0.01115000 0.00898400 0.00034000
v -0.01424200 -0.00469600 0.00000000
v -0.01360100 -0.00509900 0.00034000
v -0.01348000 -0.00513600 0.00000000
v -0.01348000 -0.00513600 0.00034000
v -0.01260000 -0.00513600 0.00000000
v -0.01285000 -0.00518300 0.00034000
v -0.01260000 -0.00513600 0.00034000
v -0.01183800 -0.00469600 0.00000000
v -0.01213500 -0.00493300 0.00034000
v -0.01183800 -0.00469600 0.00034000
v -0.01160100 -0.00439800 0.00034000
v -0.01139800 -0.00393400 0.00000000
v -0.01139800 -0.00393400 0.00034000
v -0.01135100 -0.00368400 0.00034000
v -0.01139800 -0.00305400 0.00000000
v -0.01139800 -0.00305400 0.00034000
v -0.01143500 -0.00293200 0.00034000
v -0.01183800 -0.00229200 0.00000000
v -0.01183800 -0.00229200 0.00034000
v -0.01183800 -0.00229200 0.00000000
v -0.01183800 -0.00229200 0.00034000
v -0.01247900 -0.00188900 0.00034000
v -0.01260000 -0.00185200 0.00000000
v -0.01260000 -0.00185200 0.00034000
v -0.01348000 -0.00185200 0.00000000
v -0.01323000 -0.00180500 0.00034000
v -0.01348000 -0.00185200 0.00034000
v -0.01424200 -0.00229200 0.00000000
v -0.01394400 -0.00205500 0.00034000
v -0.01424200 -0.00229200 0.00034000
v -0.01447900 -0.00259000 0.00034000
v -0.01468200 -0.00305400 0.00000000
v -0.01468200 -0.00305400 0.00034000
v -0.01472900 -0.00330400 0.00034000
v -0.01468200 -0.00393400 0.00000000
v -0.01468200 -0.00393400 0.00034000
v -0.01464500 -0.00405600 0.00034000
v -0.01424200 -0.00469600 0.00000000
v -0.01424200 -0.00469600 0.00034000
v -0.01424200 -0.00469600 0.00034000
v -0.01637900 -0.00311800 0.00200000
v -0.01621100 -0.00460400 0.00200000
v -0.01468200 -0.00393400 0.00034000
v -0.01472900 -0.00330400 0.00034000
v -0.01468200 -0.00305400 0.00034000
v -0.01588500 -0.00170600 0.00200000
v -0.01447900 -0.00259000 0.00034000
v -0.01424200 -0.00229200 0.00034000
v -0.01482800 -0.00064900 0.00200000
v -0.01394400 -0.00205500 0.00034000
v -0.01341600 -0.00015500 0.00200000
v -0.01348000 -0.00185200 0.00034000
v -0.01323000 -0.00180500 0.00034000
v -0.01193000 -0.00032300 0.00200000
v -0.01260000 -0.00185200 0.00034000
v -0.01247900 -0.00188900 0.00034000
v -0.01066400 -0.00111800 0.00200000
v -0.01183800 -0.00229200 0.00034000
v -0.00986900 -0.00238400 0.00200000
v -0.01143500 -0.00293200 0.00034000
v -0.01139800 -0.00305400 0.00034000
v -0.00970100 -0.00387000 0.00200000
v -0.01135100 -0.00368400 0.00034000
v -0.01139800 -0.00393400 0.00034000
v -0.01019500 -0.00528200 0.00200000
v -0.01160100 -0.00439800 0.00034000
v -0.01183800 -0.00469600 0.00034000
v -0.01125200 -0.00633900 0.00200000
v -0.01213500 -0.00493300 0.00034000
v -0.01266400 -0.00683300 0.00200000
v -0.01260000 -0.00513600 0.00034000
v -0.01285000 -0.00518300 0.00034000
v -0.01415000 -0.00666500 0.00200000
v -0.01348000 -0.00513600 0.00034000
v -0.01360100 -0.00509900 0.00034000
v -0.01541600 -0.00587000 0.00200000
v -0.01424200 -0.00469600 0.00034000
v -0.01464500 -0.00405600 0.00034000
v -0.00469600 -0.01424200 0.00000000
v -0.00405500 -0.01464500 0.00034000
v -0.00393400 -0.01468200 0.00000000
v -0.00393400 -0.01468200 0.00034000
v -0.00305400 -0.01468200 0.00000000
v -0.00330400 -0.01472900 0.00034000
v -0.00305400 -0.01468200 0.00034000
v -0.00229200 -0.01424200 0.00000000
v -0.00259000 -0.01447900 0.00034000
v -0.00229200 -0.01424200 0.00034000
v -0.00205500 -0.01394400 0.00034000
v -0.00185200 -0.01348000 0.00000000
v -0.00185200 -0.01348000 0.00034000
v -0.00180500 -0.01323000 0.00034000
v -0.00185200 -0.01260000 0.00000000
v -0.00185200 -0.01260000 0.00034000
v -0.00188900 -0.01247900 0.00034000
v -0.00229200 -0.01183800 0.00000000
v -0.00229200 -0.01183800 0.00034000
v -0.00229200 -0.01183800 0.00000000
v -0.00229200 -0.01183800 0.00034000
v -0.00293200 -0.01143500 0.00034000
v -0.00305400 -0.01139800 0.00000000
v -0.00305400 -0.01139800 0.00034000
v -0.00393400 -0.01139800 0.00000000
v -0.00368400 -0.01135100 0.00034000
v -0.00393400 -0.01139800 0.00034000
v -0.00469600 -0.01183800 0.00000000
v -0.00439800 -0.01160100 0.00034000
v -0.00469600 -0.01183800 0.00034000
v -0.00493300 -0.01213500 0.00034000
v -0.00513600 -0.01260000 0.00000000
v -0.00513600 -0.01260000 0.00034000
v -0.00518300 -0.01285000 0.00034000
v -0.00513600 -0.01348000 0.00000000
v -0.00513600 -0.01348000 0.00034000
v -0.00509900 -0.01360100 0.00034000
v -0.00469600 -0.01424200 0.00000000
v -0.00469600 -0.01424200 0.00034000
v -0.00469600 -0.01424200 0.00034000
v -0.00683300 -0.01266400 0.00200000
v -0.00666500 -0.01415000 0.00200000
v -0.00513600 -0.01348000 0.00034000
v -0.00518300 -0.01285000 0.00034000
v -0.00513600 -0.01260000 0.00034000
v -0.00633900 -0.01125200 0.00200000
v -0.00493300 -0.01213500 0.00034000
v -0.00469600 -0.01183800 0.00034000
v -0.00528200 -0.01019500 0.00200000
v -0.00439800 -0.01160100 0.00034000
v -0.00387000 -0.00970100 0.00200000
v -0.00393400 -0.01139800 0.00034000
v -0.00368400 -0.01135100 0.00034000
v -0.00238400 -0.00986900 0.00200000
v -0.00305400 -0.01139800 0.00034000
v -0.00293200 -0.01143500 0.00034000
v -0.00111800 -0.01066400 0.00200000
v -0.00229200 -0.01183800 0.00034000
v -0.00032300 -0.01193000 0.00200000
v -0.00188900 -0.01247900 0.00034000
v -0.00185200 -0.01260000 0.00034000
v -0.00015500 -0.01341600 0.00200000
v -0.00180500 -0.01323000 0.00034000
v -0.00185200 -0.01348000 0.00034000
v -0.00064900 -0.01482800 0.00200000
v -0.00205500 -0.01394400 0.00034000
v -0.00229200 -0.01424200 0.00034000
v -0.00170600 -0.01588500 0.00200000
v -0.00259000 -0.01447900 0.00034000
v -0.00311800 -0.01637900 0.00200000
v -0.00305400 -0.01468200 0.00034000
v -0.00330400 -0.01472900 0.00034000
v -0.00460400 -0.01621100 0.00200000
v -0.00393400 -0.01468200 0.00034000
v -0.00405500 -0.01464500 0.00034000
v -0.00587000 -0.01541600 0.00200000
v -0.00469600 -0.01424200 0.00034000
v -0.00509900 -0.01360100 0.00034000
v 0.00834400 -0.01074800 0.00000000
v 0.00898400 -0.01115000 0.00034000
v 0.00910600 -0.01118800 0.00000000
v 0.00910600 -0.01118800 0.00034000
v 0.00998600 -0.01118800 0.00000000
v 0.00973600 -0.01123500 0.00034000
v 0.00998600 -0.01118800 0.00034000
v 0.01074800 -0.01074800 0.00000000
v 0.01045000 -0.01098500 0.00034000
v 0.01074800 -0.01074800 0.00034000
v 0.01098500 -0.01045000 0.00034000
v 0.01118800 -0.00998600 0.00000000
v 0.01118800 -0.00998600 0.00034000
v 0.01123500 -0.00973600 0.00034000
v 0.01118800 -0.00910600 0.00000000
v 0.01118800 -0.00910600 0.00034000
v 0.01115000 -0.00898400 0.00034000
v 0.01074800 -0.00834400 0.00000000
v 0.01074800 -0.00834400 0.00034000
v 0.01074800 -0.00834400 0.00000000
v 0.01074800 -0.00834400 0.00034000
v 0.01010700 -0.00794100 0.00034000
v 0.00998600 -0.00790400 0.00000000
v 0.00998600 -0.00790400 0.00034000
v 0.00910600 -0.00790400 0.00000000
v 0.00935600 -0.00785700 0.00034000
v 0.00910600 -0.00790400 0.00034000
v 0.00834400 -0.00834400 0.00000000
v 0.00864100 -0.00810600 0.00034000
v 0.00834400 -0.00834400 0.00034000
v 0.00810600 -0.00864100 0.00034000
v 0.00790400 -0.00910600 0.00000000
v 0.00790400 -0.00910600 0.00034000
v 0.00785700 -0.00935600 0.00034000
v 0.00790400 -0.00998600 0.00000000
v 0.00790400 -0.00998600 0.00034000
v 0.00794100 -0.01010700 0.00034000
v 0.00834400 -0.01074800 0.00000000
v 0.00834400 -0.01074800 0.00034000
v 0.00834400 -0.01074800 0.00034000
v 0.00620700 -0.00917000 0.00200000
v 0.00637400 -0.01065600 0.00200000
v 0.00790400 -0.00998600 0.00034000
v 0.00785700 -0.00935600 0.00034000
v 0.00790400 -0.00910600 0.00034000
v 0.00670100 -0.00775800 0.00200000
v 0.00810600 -0.00864100 0.00034000
v 0.00834400 -0.00834400 0.00034000
v 0.00775800 -0.00670100 0.00200000
v 0.00864100 -0.00810600 0.00034000
v 0.00917000 -0.00620700 0.00200000
v 0.00910600 -0.00790400 0.00034000
v 0.00935600 -0.00785700 0.00034000
v 0.01065600 -0.00637400 0.00200000
v 0.00998600 -0.00790400 0.00034000
v 0.01010700 -0.00794100 0.00034000
v 0.01192200 -0.00717000 0.00200000
v 0.01074800 -0.00834400 0.00034000
v 0.01271700 -0.00843600 0.00200000
v 0.01115000 -0.00898400 0.00034000
v 0.01118800 -0.00910600 0.00034000
v 0.01288500 -0.00992200 0.00200000
v 0.01123500 -0.00973600 0.00034000
v 0.01118800 -0.00998600 0.00034000
v 0.01239100 -0.01133300 0.00200000
v 0.01098500 -0.01045000 0.00034000
v 0.01074800 -0.01074800 0.00034000
v 0.01133300 -0.01239100 0.00200000
v 0.01045000 -0.01098500 0.00034000
v 0.00992200 -0.01288500 0.00200000
v 0.00998600 -0.01118800 0.00034000
v 0.00973600 -0.01123500 0.00034000
v 0.00843600 -0.01271700 0.00200000
v 0.00910600 -0.01118800 0.00034000
v 0.00898400 -0.01115000 0.00034000
v 0.00717000 -0.01192200 0.00200000
v 0.00834400 -0.01074800 0.00034000
v 0.00794100 -0.01010700 0.00034000
v 0.01657300 -0.01594800 0.00564200
v 0.01950000 -0.01845700 0.00553200
v 0.01626300 -0.01626300 0.00570000
v 0.01897900 -0.01897900 0.00570000
v 0.01595000 -0.01657100 0.00564200
v 0.01845700 -0.01950000 0.00553200
v 0.01565100 -0.01685300 0.00547200
v 0.01837800 -0.01958000 0.00547200
v 0.01539100 -0.01709100 0.00520200
v 0.01803900 -0.01991900 0.00506000
v 0.01518900 -0.01727100 0.00485000
v 0.01793800 -0.02002000 0.00485000
v 0.01506100 -0.01738300 0.00444000
v 0.01780700 -0.02015100 0.00437800
v 0.01501700 -0.01742100 0.00400000
v 0.01777700 -0.02018100 0.00400000
v 0.01506100 -0.01738300 0.00356000
v 0.01780700 -0.02015100 0.00362200
v 0.01518900 -0.01727100 0.00315000
v 0.01793800 -0.02002000 0.00315000
v 0.01539100 -0.01709100 0.00279800
v 0.01803900 -0.01991900 0.00294000
v 0.01565100 -0.01685300 0.00252800
v 0.01837800 -0.01958000 0.00252800
v 0.01594900 -0.01657200 0.00235800
v 0.01845700 -0.01950000 0.00246800
v 0.01626300 -0.01626300 0.00230000
v 0.01897900 -0.01897900 0.00230000
v 0.01657200 -0.01594900 0.00235800
v 0.01950000 -0.01845700 0.00246800
v 0.01685300 -0.01565100 0.00252800
v 0.01958000 -0.01837800 0.00252800
v 0.01697700 -0.01551700 0.00264900
v 0.01991900 -0.01803900 0.00294000
v 0.01727100 -0.01518900 0.00315000
v 0.02002000 -0.01793800 0.00315000
v 0.01738300 -0.01506100 0.00356000
v 0.02015100 -0.01780700 0.00362200
v 0.01742100 -0.01501700 0.00400000
v 0.02018100 -0.01777700 0.00400000
v 0.01738300 -0.01506100 0.00444000
v 0.02015100 -0.01780700 0.00437800
v 0.01727100 -0.01518900 0.00485000
v 0.02002000 -0.01793800 0.00485000
v 0.01697700 -0.01551700 0.00535100
v 0.01991900 -0.01803900 0.00506000
v 0.01685300 -0.01565100 0.00547200
v 0.01958000 -0.01837800 0.00547200
v 0.01973400 -0.02056200 0.00069800
v 0.01897900 -0.01897900 0.00230000
v 0.01845700 -0.01950000 0.00246800
v 0.01803900 -0.01991900 0.00294000
v 0.01865400 -0.02154700 0.00142700
v 0.01837800 -0.01958000 0.00252800
v 0.01910700 -0.02114600 0.00100600
v 0.01910700 -0.02114600 0.00100600
v 0.01845700 -0.01950000 0.00246800
v 0.01931700 -0.02095500 0.00087100
v 0.01845700 -0.01950000 0.00553200
v 0.01910700 -0.02114700 0.00699400
v 0.01837800 -0.01958000 0.00547200
v 0.01865300 -0.02154800 0.00657100
v 0.01803900 -0.01991900 0.00506000
v 0.01827800 -0.02186700 0.00602400
v 0.01793800 -0.02002000 0.00485000
v 0.01800300 -0.02209400 0.00539700
v 0.01780700 -0.02015100 0.00437800
v 0.01783300 -0.02223100 0.00471000
v 0.01777700 -0.02018100 0.00400000
v 0.01777700 -0.02227600 0.00400100
v 0.01780700 -0.02015100 0.00362200
v 0.01783300 -0.02223100 0.00329000
v 0.01793800 -0.02002000 0.00315000
v 0.01800200 -0.02209400 0.00260400
v 0.01827800 -0.02186700 0.00197600
v 0.01897900 -0.01897900 0.00570000
v 0.01897900 -0.01897900 0.00570000
v 0.01973600 -0.02056100 0.00730300
v 0.01932500 -0.02094800 0.00713300
v 0.01991900 -0.01803900 0.00506000
v 0.02154700 -0.01865400 0.00657200
v 0.01958000 -0.01837800 0.00547200
v 0.02114600 -0.01910700 0.00699400
v 0.01950000 -0.01845700 0.00553200
v 0.02067100 -0.01962000 0.00726700
v 0.02015200 -0.02015200 0.00736000
v 0.01973600 -0.02056100 0.00730300
v 0.02015200 -0.02015200 0.00064000
v 0.02067300 -0.01961800 0.00073400
v 0.01950000 -0.01845700 0.00246800
v 0.02114600 -0.01910700 0.00100600
v 0.01958000 -0.01837800 0.00252800
v 0.02171800 -0.01845500 0.00168800
v 0.01991900 -0.01803900 0.00294000
v 0.02186700 -0.01827800 0.00197500
v 0.02002000 -0.01793800 0.00315000
v 0.02209500 -0.01800200 0.00260500
v 0.02015100 -0.01780700 0.00362200
v 0.02223100 -0.01783300 0.00329000
v 0.02018100 -0.01777700 0.00400000
v 0.02227600 -0.01777700 0.00400100
v 0.02015100 -0.01780700 0.00437800
v 0.02223100 -0.01783300 0.00471000
v 0.02002000 -0.01793800 0.00485000
v 0.02209400 -0.01800300 0.00539700
v 0.02186700 -0.01827800 0.00602400
v 0.01594800 0.01657300 0.00564200
v 0.01845700 0.01950000 0.00553200
v 0.01626300 0.01626300 0.00570000
v 0.01897900 0.01897900 0.00570000
v 0.01657100 0.01595000 0.00564200
v 0.01950000 0.01845700 0.00553200
v 0.01685300 0.01565100 0.00547200
v 0.01958000 0.01837800 0.00547200
v 0.01709100 0.01539100 0.00520200
v 0.01991900 0.01803900 0.00506000
v 0.01727100 0.01518900 0.00485000
v 0.02002000 0.01793800 0.00485000
v 0.01738300 0.01506100 0.00444000
v 0.02015100 0.01780700 0.00437800
v 0.01742100 0.01501700 0.00400000
v 0.02018100 0.01777700 0.00400000
v 0.01738300 0.01506100 0.00356000
v 0.02015100 0.01780700 0.00362200
v 0.01727100 0.01518900 0.00315000
v 0.02002000 0.01793800 0.00315000
v 0.01709100 0.01539100 0.00279800
v 0.01991900 0.01803900 0.00294000
v 0.01685300 0.01565100 0.00252800
v 0.01958000 0.01837800 0.00252800
v 0.01657200 0.01594900 0.00235800
v 0.01950000 0.01845700 0.00246800
v 0.01626300 0.01626300 0.00230000
v 0.01897900 0.01897900 0.00230000
v 0.01594900 0.01657200 0.00235800
v 0.01845700 0.01950000 0.00246800
v 0.01565100 0.01685300 0.00252800
v 0.01837800 0.01958000 0.00252800
v 0.01539100 0.01709100 0.00279800
v 0.01803900 0.01991900 0.00294000
v 0.01518900 0.01727100 0.00315000
v 0.01793800 0.02002000 0.00315000
v 0.01506100 0.01738300 0.00356000
v 0.01780700 0.02015100 0.00362200
v 0.01501700 0.01742100 0.00400000
v 0.01777700 0.02018100 0.00400000
v 0.01506100 0.01738300 0.00444000
v 0.01780700 0.02015100 0.00437800
v 0.01518900 0.01727100 0.00485000
v 0.01793800 0.02002000 0.00485000
v 0.01539100 0.01709100 0.00520200
v 0.01803900 0.01991900 0.00506000
v 0.01565100 0.01685300 0.00547200
v 0.01837800 0.01958000 0.00547200
v 0.01991900 0.01803900 0.00294000
v 0.02154700 0.01865400 0.00142700
v 0.01958000 0.01837800 0.00252800
v 0.02114600 0.01910700 0.00100600
v 0.01950000 0.01845700 0.00246800
v 0.02067200 0.01961900 0.00073400
v 0.01897900 0.01897900 0.00230000
v 0.01897900 0.01897900 0.00570000
v 0.02067100 0.01962000 0.00726700
v 0.01950000 0.01845700 0.00553200
v 0.02114600 0.01910700 0.00699400
v 0.01958000 0.01837800 0.00547200
v 0.02154800 0.01865300 0.00657100
v 0.01991900 0.01803900 0.00506000
v 0.02186700 0.01827800 0.00602400
v 0.02002000 0.01793800 0.00485000
v 0.02209400 0.01800300 0.00539700
v 0.02015100 0.01780700 0.00437800
v 0.02223100 0.01783300 0.00471000
v 0.02018100 0.01777700 0.00400000
v 0.02227600 0.01777700 0.00400100
v 0.02015100 0.01780700 0.00362200
v 0.02223100 0.01783300 0.00329000
v 0.02002000 0.01793800 0.00315000
v 0.02209400 0.01800200 0.00260400
v 0.02186700 0.01827800 0.00197600
v 0.01803900 0.01991900 0.00506000
v 0.01865400 0.02154700 0.00657200
v 0.01837800 0.01958000 0.00547200
v 0.01910700 0.02114600 0.00699400
v 0.01845700 0.01950000 0.00553200
v 0.01962000 0.02067100 0.00726700
v 0.01962000 0.02067100 0.00726700
v 0.01897900 0.01897900 0.00570000
v 0.02015200 0.02015200 0.00736000
v 0.02015200 0.02015200 0.00064000
v 0.01961800 0.02067300 0.00073400
v 0.01845700 0.01950000 0.00246800
v 0.01910700 0.02114600 0.00100600
v 0.01837800 0.01958000 0.00252800
v 0.01845500 0.02171800 0.00168800
v 0.01803900 0.01991900 0.00294000
v 0.01827800 0.02186700 0.00197500
v 0.01793800 0.02002000 0.00315000
v 0.01800200 0.02209500 0.00260500
v 0.01780700 0.02015100 0.00362200
v 0.01783300 0.02223100 0.00329000
v 0.01777700 0.02018100 0.00400000
v 0.01777700 0.02227600 0.00400100
v 0.01780700 0.02015100 0.00437800
v 0.01783300 0.02223100 0.00471000
v 0.01793800 0.02002000 0.00485000
v 0.01800300 0.02209400 0.00539700
v 0.01827800 0.02186700 0.00602400
v -0.01594800 0.01657300 0.00235800
v -0.01845700 0.01950000 0.00246800
v -0.01626300 0.01626300 0.00230000
v -0.01897900 0.01897900 0.00230000
v -0.01657100 0.01595000 0.00235800
v -0.01950000 0.01845700 0.00246800
v -0.01685300 0.01565100 0.00252800
v -0.01958000 0.01837800 0.00252800
v -0.01709100 0.01539100 0.00279800
v -0.01991900 0.01803900 0.00294000
v -0.01727100 0.01518900 0.00315000
v -0.02002000 0.01793800 0.00315000
v -0.01738300 0.01506100 0.00355900
v -0.02015100 0.01780700 0.00362200
v -0.01742100 0.01501700 0.00400000
v -0.02018100 0.01777700 0.00400000
v -0.01738300 0.01506100 0.00444000
v -0.02015100 0.01780700 0.00437800
v -0.01727100 0.01518900 0.00485000
v -0.02002000 0.01793800 0.00485000
v -0.01709100 0.01539100 0.00520200
v -0.01991900 0.01803900 0.00506000
v -0.01685300 0.01565100 0.00547200
v -0.01958000 0.01837800 0.00547200
v -0.01657200 0.01594900 0.00564200
v -0.01950000 0.01845700 0.00553200
v -0.01626300 0.01626300 0.00570000
v -0.01897900 0.01897900 0.00570000
v -0.01594900 0.01657200 0.00564200
v -0.01845700 0.01950000 0.00553200
v -0.01565100 0.01685300 0.00547200
v -0.01837800 0.01958000 0.00547200
v -0.01551700 0.01697700 0.00535100
v -0.01803900 0.01991900 0.00506000
v -0.01518900 0.01727100 0.00485000
v -0.01793800 0.02002000 0.00485000
v -0.01506100 0.01738300 0.00443900
v -0.01780700 0.02015100 0.00437800
v -0.01501700 0.01742100 0.00400000
v -0.01777700 0.02018100 0.00400000
v -0.01506100 0.01738300 0.00356000
v -0.01780700 0.02015100 0.00362200
v -0.01518900 0.01727100 0.00315000
v -0.01793800 0.02002000 0.00315000
v -0.01551700 0.01697700 0.00264900
v -0.01803900 0.01991900 0.00294000
v -0.01565100 0.01685300 0.00252800
v -0.01837800 0.01958000 0.00252800
v -0.01897900 0.01897900 0.00570000
v -0.01962000 0.02067100 0.00726700
v -0.01845700 0.01950000 0.00553200
v -0.01910700 0.02114600 0.00699400
v -0.01837800 0.01958000 0.00547200
v -0.01865300 0.02154800 0.00657100
v -0.01803900 0.01991900 0.00506000
v -0.01803900 0.01991900 0.00506000
v -0.01827800 0.02186700 0.00602400
v -0.01827800 0.02186700 0.00602400
v -0.01793800 0.02002000 0.00485000
v -0.01800300 0.02209400 0.00539600
v -0.01780700 0.02015100 0.00437800
v -0.01783300 0.02223100 0.00471000
v -0.01777700 0.02018100 0.00400000
v -0.01777700 0.02227600 0.00400100
v -0.01780700 0.02015100 0.00362200
v -0.01783300 0.02223100 0.00329000
v -0.01793800 0.02002000 0.00315000
v -0.01800200 0.02209400 0.00260400
v -0.01803900 0.01991900 0.00294000
v -0.01950000 0.01845700 0.00553200
v -0.02056200 0.01973400 0.00730200
v -0.02015200 0.02015200 0.00736000
v -0.01991900 0.01803900 0.00506000
v -0.02154700 0.01865400 0.00657200
v -0.01958000 0.01837800 0.00547200
v -0.02114600 0.01910700 0.00699400
v -0.02095500 0.01931700 0.00712900
v -0.01950000 0.01845700 0.00246800
v -0.02114700 0.01910700 0.00100600
v -0.01958000 0.01837800 0.00252800
v -0.02154600 0.01865500 0.00142700
v -0.01991900 0.01803900 0.00294000
v -0.02186700 0.01827800 0.00197600
v -0.02002000 0.01793800 0.00315000
v -0.02209400 0.01800200 0.00260400
v -0.02015100 0.01780700 0.00362200
v -0.02015100 0.01780700 0.00362200
v -0.02223100 0.01783300 0.00329000
v -0.02223100 0.01783300 0.00329000
v -0.02018100 0.01777700 0.00400000
v -0.02227600 0.01777700 0.00400100
v -0.02015100 0.01780700 0.00437800
v -0.02223100 0.01783300 0.00471000
v -0.02002000 0.01793800 0.00485000
v -0.02209400 0.01800300 0.00539700
v -0.02186700 0.01827800 0.00602400
v -0.01897900 0.01897900 0.00230000
v -0.01897900 0.01897900 0.00230000
v -0.02056300 0.01973300 0.00069800
v -0.02094800 0.01932500 0.00086700
v -0.01827800 0.02186700 0.00197600
v -0.01845500 0.02171800 0.00168800
v -0.01837800 0.01958000 0.00252800
v -0.01910700 0.02114600 0.00100600
v -0.01845700 0.01950000 0.00246800
v -0.01962000 0.02067100 0.00073300
v -0.02015200 0.02015200 0.00064000
v -0.02056300 0.01973300 0.00069800
v -0.01657300 -0.01594800 0.00235800
v -0.01950000 -0.01845700 0.00246800
v -0.01626300 -0.01626300 0.00230000
v -0.01897900 -0.01897900 0.00230000
v -0.01595000 -0.01657100 0.00235800
v -0.01845700 -0.01950000 0.00246800
v -0.01565100 -0.01685300 0.00252800
v -0.01837800 -0.01958000 0.00252800
v -0.01539100 -0.01709100 0.00279800
v -0.01803900 -0.01991900 0.00294000
v -0.01518900 -0.01727100 0.00315000
v -0.01793800 -0.02002000 0.00315000
v -0.01506100 -0.01738300 0.00355900
v -0.01780700 -0.02015100 0.00362200
v -0.01501700 -0.01742100 0.00400000
v -0.01777700 -0.02018100 0.00400000
v -0.01506100 -0.01738300 0.00444000
v -0.01780700 -0.02015100 0.00437800
v -0.01518900 -0.01727100 0.00485000
v -0.01793800 -0.02002000 0.00485000
v -0.01539100 -0.01709100 0.00520200
v -0.01803900 -0.01991900 0.00506000
v -0.01565100 -0.01685300 0.00547200
v -0.01837800 -0.01958000 0.00547200
v -0.01594900 -0.01657200 0.00564200
v -0.01845700 -0.01950000 0.00553200
v -0.01626300 -0.01626300 0.00570000
v -0.01897900 -0.01897900 0.00570000
v -0.01657200 -0.01594900 0.00564200
v -0.01950000 -0.01845700 0.00553200
v -0.01685300 -0.01565100 0.00547200
v -0.01958000 -0.01837800 0.00547200
v -0.01709100 -0.01539100 0.00520200
v -0.01991900 -0.01803900 0.00506000
v -0.01727100 -0.01518900 0.00485000
v -0.02002000 -0.01793800 0.00485000
v -0.01738300 -0.01506100 0.00443900
v -0.02015100 -0.01780700 0.00437800
v -0.01742100 -0.01501700 0.00400000
v -0.02018100 -0.01777700 0.00400000
v -0.01738300 -0.01506100 0.00356000
v -0.02015100 -0.01780700 0.00362200
v -0.01727100 -0.01518900 0.00315000
v -0.02002000 -0.01793800 0.00315000
v -0.01709100 -0.01539100 0.00279800
v -0.01991900 -0.01803900 0.00294000
v -0.01685300 -0.01565100 0.00252800
v -0.01958000 -0.01837800 0.00252800
v -0.01897900 -0.01897900 0.00570000
v -0.02067100 -0.01962000 0.00726700
v -0.01950000 -0.01845700 0.00553200
v -0.02114600 -0.01910700 0.00699400
v -0.01958000 -0.01837800 0.00547200
v -0.02170900 -0.01846600 0.00632800
v -0.01991900 -0.01803900 0.00506000
v -0.02186700 -0.01827800 0.00602400
v -0.02002000 -0.01793800 0.00485000
v -0.02209400 -0.01800300 0.00539600
v -0.02015100 -0.01780700 0.00437800
v -0.02223100 -0.01783300 0.00471000
v -0.02018100 -0.01777700 0.00400000
v -0.02227600 -0.01777700 0.00400100
v -0.02015100 -0.01780700 0.00362200
v -0.02223100 -0.01783300 0.00329000
v -0.02002000 -0.01793800 0.00315000
v -0.02209400 -0.01800200 0.00260400
v -0.01991900 -0.01803900 0.00294000
v -0.01803900 -0.01991900 0.00506000
v -0.01803900 -0.01991900 0.00506000
v -0.01846600 -0.02170900 0.00632800
v -0.01837800 -0.01958000 0.00547200
v -0.01837800 -0.01958000 0.00547200
v -0.01910700 -0.02114600 0.00699400
v -0.01910700 -0.02114600 0.00699400
v -0.01845700 -0.01950000 0.00553200
v -0.01962000 -0.02067100 0.00726700
v -0.02015200 -0.02015200 0.00736000
v -0.01897900 -0.01897900 0.00230000
v -0.01962000 -0.02067200 0.00073300
v -0.01845700 -0.01950000 0.00246800
v -0.01910700 -0.02114600 0.00100600
v -0.01837800 -0.01958000 0.00252800
v -0.01846600 -0.02170900 0.00167200
v -0.01803900 -0.01991900 0.00294000
v -0.01827800 -0.02186700 0.00197500
v -0.01793800 -0.02002000 0.00315000
v -0.01800200 -0.02209400 0.00260400
v -0.01780700 -0.02015100 0.00362200
v -0.01783300 -0.02223100 0.00329000
v -0.01777700 -0.02018100 0.00400000
v -0.01777700 -0.02227600 0.00400100
v -0.01780700 -0.02015100 0.00437800
v -0.01783300 -0.02223100 0.00471000
v -0.01793800 -0.02002000 0.00485000
v -0.01800300 -0.02209400 0.00539700
v -0.01827800 -0.02186700 0.00602400
v -0.01846600 -0.02170900 0.00632800
v -0.02186700 -0.01827800 0.00197600
v -0.02171800 -0.01845500 0.00168800
v -0.01958000 -0.01837800 0.00252800
v -0.02114600 -0.01910700 0.00100600
v -0.01950000 -0.01845700 0.00246800
v -0.02067100 -0.01962000 0.00073300
v -0.02015200 -0.02015200 0.00064000
v -0.01309800 -0.01890600 0.00750000
v -0.01338300 -0.01931700 0.00800000
v -0.00951200 -0.02094100 0.00750000
v -0.00971900 -0.02139600 0.00800000
v -0.00562000 -0.02230300 0.00750000
v -0.00574200 -0.02278800 0.00800000
v -0.00154700 -0.02294800 0.00750000
v -0.00158100 -0.02344700 0.00800000
v 0.00257500 -0.02285500 0.00750000
v 0.00263100 -0.02335200 0.00800000
v 0.00661500 -0.02202800 0.00750000
v 0.00675900 -0.02250700 0.00800000
v 0.01044200 -0.02049300 0.00750000
v 0.01066900 -0.02093900 0.00800000
v 0.01393300 -0.01829900 0.00750000
v 0.01423600 -0.01869700 0.00800000
v 0.01697700 -0.01551700 0.00750000
v 0.01734600 -0.01585500 0.00800000
v 0.01947500 -0.01223700 0.00750000
v 0.01989800 -0.01250300 0.00800000
v 0.02134700 -0.00856300 0.00750000
v 0.02181100 -0.00874900 0.00800000
v 0.02253300 -0.00461300 0.00750000
v 0.02302200 -0.00471400 0.00800000
v 0.02299400 -0.00051600 0.00750000
v 0.02349400 -0.00052700 0.00800000
v 0.02271700 0.00359800 0.00750000
v 0.02321100 0.00367600 0.00800000
v 0.02170900 0.00759600 0.00750000
v 0.02218100 0.00776200 0.00800000
v 0.02000400 0.01135100 0.00750000
v 0.02043900 0.01159700 0.00800000
v 0.01765600 0.01474000 0.00750000
v 0.01804000 0.01506100 0.00800000
v 0.01474000 0.01765600 0.00750000
v 0.01506100 0.01804000 0.00800000
v 0.01135100 0.02000400 0.00750000
v 0.01159700 0.02043900 0.00800000
v 0.00759600 0.02170900 0.00750000
v 0.00776200 0.02218100 0.00800000
v 0.00359800 0.02271700 0.00750000
v 0.00367600 0.02321100 0.00800000
v -0.00051600 0.02299400 0.00750000
v -0.00052700 0.02349400 0.00800000
v -0.00461300 0.02253300 0.00750000
v -0.00471400 0.02302200 0.00800000
v -0.00856300 0.02134700 0.00750000
v -0.00874900 0.02181100 0.00800000
v -0.01223700 0.01947500 0.00750000
v -0.01250300 0.01989800 0.00800000
v -0.01551700 0.01697700 0.00750000
v -0.01585500 0.01734600 0.00800000
v -0.01829900 0.01393300 0.00750000
v -0.01869700 0.01423600 0.00800000
v -0.02049300 0.01044200 0.00750000
v -0.02093900 0.01066900 0.00800000
v -0.02202800 0.00661500 0.00750000
v -0.02250700 0.00675900 0.00800000
v -0.02285500 0.00257500 0.00750000
v -0.02335200 0.00263100 0.00800000
v -0.02294800 -0.00154700 0.00750000
v -0.02344700 -0.00158100 0.00800000
v -0.02230300 -0.00562000 0.00750000
v -0.02278800 -0.00574200 0.00800000
v -0.02094100 -0.00951200 0.00750000
v -0.02139600 -0.00971900 0.00800000
v -0.01890600 -0.01309800 0.00750000
v -0.01931700 -0.01338300 0.00800000
v -0.01626300 -0.01626300 0.00750000
v -0.01661700 -0.01661700 0.00800000
vn -0.74516800 -0.66682100 -0.00861000
vn -0.78876500 -0.61448800 -0.01594900
vn -0.75258000 -0.65828000 -0.01704800
vn 0.73479600 -0.67059900 0.10183900
vn 0.77586900 -0.63012200 0.03119500
vn 0.71819900 -0.68983200 0.09122400
vn 0.67872000 -0.73385200 0.02829700
vn 0.69209900 -0.72176200 0.00760200
vn 0.67976600 -0.73342900 0.00000100
vn 0.75253500 -0.65753000 0.03667900
vn 0.76251100 -0.64682200 0.01409900
vn 0.77058000 -0.63732500 0.00485700
vn 0.77658500 -0.63001000 0.00155700
vn 0.78064900 -0.62496900 0.00047600
vn 0.78301700 -0.62200100 0.00000000
vn 0.78071900 -0.62488200 -0.00046500
vn 0.77656200 -0.63003800 -0.00156500
vn 0.77456500 -0.63210800 -0.02211200
vn 0.77170100 -0.63597200 -0.00405600
vn 0.76463200 -0.64437900 -0.01061200
vn 0.75342400 -0.65664500 -0.03418800
vn 0.73272200 -0.67536600 -0.08366100
vn 0.68911400 -0.72359000 -0.03923100
vn 0.71022500 -0.70247700 -0.04589900
vn 0.69197800 -0.72188000 -0.00746700
vn 0.61970400 -0.78301500 -0.05343100
vn 0.57866300 -0.81531700 -0.02017900
vn 0.63880500 -0.76876400 -0.03050500
vn 0.67959400 -0.73358800 0.00002900
vn 0.61144900 -0.79074300 -0.02927400
vn 0.60402100 -0.79680500 -0.01611500
vn 0.59033900 -0.80713600 -0.00555500
vn 0.58713800 -0.80948600 -0.00079600
vn 0.58645300 -0.80986900 0.01363100
vn 0.59692800 -0.80225800 0.00769200
vn 0.60394200 -0.79686700 0.01601000
vn 0.61144600 -0.79074400 0.02927500
vn 0.63059900 -0.77560200 0.02802900
vn 0.66686100 -0.74517600 0.00291600
vn 0.71428500 0.69882400 0.03797400
vn 0.70709100 0.70712200 0.00000000
vn 0.66521100 0.74467100 0.05439800
vn 0.60606900 0.79502800 0.02472300
vn 0.64398700 0.76189300 0.06928100
vn 0.63409300 0.77256600 0.03266300
vn 0.62554300 0.78002000 0.01626000
vn 0.61832200 0.78588200 0.00821500
vn 0.61200600 0.79084400 0.00377600
vn 0.60740300 0.79439400 0.00000200
vn 0.61200700 0.79084400 -0.00377600
vn 0.61822600 0.78595900 -0.00813600
vn 0.61046400 0.79181700 -0.01898700
vn 0.62422800 0.78110800 -0.01449400
vn 0.63195500 0.77453200 -0.02708500
vn 0.64999700 0.75811500 -0.05259600
vn 0.69878200 0.71432200 -0.03803700
vn 0.68248500 0.73059000 -0.02128000
vn 0.70709200 0.70712100 0.00000000
vn 0.74469600 0.66518200 -0.05441000
vn 0.79502900 0.60606800 -0.02472700
vn 0.76188500 0.64399400 -0.06931100
vn 0.77255400 0.63410700 -0.03269800
vn 0.78011700 0.62542700 -0.01610800
vn 0.79445100 0.60732900 0.00000300
vn 0.79086300 0.61198100 0.00376200
vn 0.79137400 0.61099300 0.02035800
vn 0.78595000 0.61823600 0.00814600
vn 0.78033100 0.62516800 0.01577600
vn 0.78589400 0.61830700 -0.00820300
vn 0.79086900 0.61197400 -0.00375800
vn 0.77256200 0.63409800 0.03267500
vn 0.75745600 0.65056000 0.05507400
vn 0.73052400 0.68255900 0.02116600
vn -0.67060200 0.73478900 -0.10187100
vn -0.62969800 0.77623800 -0.03059300
vn -0.68985700 0.71817700 -0.09121200
vn -0.73382600 0.67875000 -0.02825500
vn -0.72181600 0.69204400 -0.00754300
vn -0.73343900 0.67975600 -0.00000200
vn -0.63741300 0.77050600 0.00490900
vn -0.64654900 0.76274900 0.01375100
vn -0.63263900 0.77410900 0.02286000
vn -0.65665900 0.75341100 -0.03423200
vn -0.64431800 0.76468500 -0.01055900
vn -0.63600100 0.77167800 -0.00407400
vn -0.62203900 0.78298600 0.00000100
vn -0.62498800 0.78063400 0.00047600
vn -0.63004500 0.77655700 0.00156600
vn -0.63004500 0.77655700 -0.00156600
vn -0.62504800 0.78058600 -0.00048700
vn -0.65754600 0.75251900 0.03671900
vn -0.67540700 0.73268800 0.08363500
vn -0.72359000 0.68911500 0.03921400
vn -0.70251800 0.71019100 0.04579900
vn -0.72187300 0.69198600 0.00747500
vn -0.73352100 0.67966700 -0.00002800
vn -0.76876700 0.63880100 0.03049200
vn -0.81428000 0.58018100 0.01837900
vn -0.78302900 0.61969000 0.05338100
vn -0.79062600 0.61158500 0.02955900
vn -0.80227500 0.59690500 -0.00766700
vn -0.79687400 0.60393300 -0.01599500
vn -0.80938200 0.58705500 -0.01638100
vn -0.79682600 0.60399500 0.01608100
vn -0.80228200 0.59689600 0.00766000
vn -0.80627900 0.59153600 0.00000400
vn -0.79078200 0.61140200 -0.02918300
vn -0.77557600 0.63063200 -0.02802700
vn -0.74515400 0.66688600 -0.00291200
vn -0.83624200 -0.54818500 -0.01387200
vn -0.80267400 -0.59510700 -0.03952300
vn -0.80795000 -0.58874200 -0.02448600
vn -0.81857800 -0.57433600 -0.00829800
vn -0.82090100 -0.57107000 -0.00075900
vn -0.81379100 -0.58104200 0.01163300
vn -0.82750400 -0.56140100 0.00814200
vn -0.75830300 -0.65190200 0.00000400
vn -0.76090700 -0.64876900 0.01090000
vn -0.79416600 -0.60754600 0.01369400
vn -0.80799100 -0.58869100 0.02438600
vn -0.64877600 -0.76090200 -0.01090100
vn -0.66687900 -0.74511500 -0.00868400
vn -0.68344800 -0.72984600 -0.01499100
vn -0.70400100 -0.71014000 -0.00920100
vn -0.71830000 -0.69537400 -0.02237700
vn -0.72960000 -0.68256200 -0.04234100
vn -0.59514100 -0.80264300 0.03962800
vn -0.55174100 -0.83391700 0.01286400
vn -0.61455100 -0.78871700 0.01590500
vn -0.65830800 -0.75255800 0.01694100
vn -0.66686500 -0.74512800 0.00866700
vn -0.58872900 -0.80796000 0.02446300
vn -0.58109700 -0.81375000 0.01170900
vn -0.57503800 -0.81812700 0.00001000
vn -0.58110000 -0.81374800 -0.01171500
vn -0.58863200 -0.80803600 -0.02427600
vn -0.56061100 -0.82800900 -0.01076300
vn -0.60755900 -0.79415700 -0.01368800
vn -0.65195900 -0.75825400 -0.00000300
vn -0.74509100 -0.66690600 0.00871100
vn -0.72983800 -0.68345600 0.01499200
vn -0.71013600 -0.70400400 0.00920400
vn -0.69536500 -0.71830800 0.02238500
vn -0.68255000 -0.72961300 0.04230700
vn -0.50585600 0.86261800 0.00000000
vn -0.45871500 0.88858400 0.00000000
vn -0.36092800 0.93259400 -0.00001200
vn -0.31023200 0.95066100 -0.00000100
vn -0.20665500 0.97841400 -0.00000900
vn -0.15371900 0.98811500 -0.00001000
vn -0.04703300 0.99889300 0.00000000
vn 0.00677400 0.99997700 0.00000000
vn 0.11380700 0.99350300 0.00000100
vn 0.16709100 0.98594200 0.00000000
vn 0.27170200 0.96238100 0.00000000
vn 0.32308300 0.94637100 0.00000000
vn 0.42256700 0.90633200 0.00000000
vn 0.47071400 0.88228600 0.00001300
vn -0.91730400 -0.39818800 0.00001300
vn -0.93739700 -0.34826300 0.00001100
vn -0.96929800 -0.24588900 -0.00000000
vn -0.98112300 -0.19338700 0.00000100
vn -0.99618900 -0.08721500 0.00000000
vn -0.99943900 -0.03349500 0.00000000
vn -0.99728000 0.07371100 0.00000000
vn -0.99187000 0.12725600 0.00000000
vn -0.97254100 0.23273000 0.00000000
vn -0.95861200 0.28471500 -0.00000100
vn -0.92261300 0.38572700 0.00000000
vn -0.90052600 0.43480300 0.00000000
vn 0.43480300 -0.90052500 0.00000000
vn 0.38572600 -0.92261300 -0.00001500
vn 0.28471500 -0.95861200 0.00000000
vn 0.23273000 -0.97254100 0.00000000
vn 0.12725700 -0.99187000 -0.00001300
vn 0.07371100 -0.99728000 0.00000000
vn -0.03349400 -0.99943900 0.00000100
vn -0.08721500 -0.99618900 0.00000000
vn -0.19338500 -0.98112300 0.00000000
vn -0.24588800 -0.96929800 0.00000000
vn -0.34826200 -0.93739700 0.00001300
vn -0.39818800 -0.91730400 0.00000000
vn 0.88228600 0.47071400 0.00000000
vn 0.90633200 0.42256700 0.00001000
vn 0.94637100 0.32308300 0.00001300
vn 0.96238100 0.27170200 0.00000000
vn 0.98594100 0.16709100 0.00000000
vn 0.99350300 0.11380700 0.00000000
vn 0.99997700 0.00677400 0.00000000
vn 0.99889300 -0.04703300 0.00000000
vn 0.98811500 -0.15371900 0.00000000
vn 0.97841400 -0.20665500 0.00000000
vn 0.95066100 -0.31023300 0.00000000
vn 0.93259400 -0.36092800 0.00000000
vn 0.88858300 -0.45871500 0.00000000
vn 0.86261800 -0.50585600 0.00000000
vn 0.00000000 -0.00000000 1.00000000
vn 0.00000000 -0.00000000 1.00000000
vn -0.00000000 0.00000000 1.00000000
vn 0.00000000 0.00000000 1.00000000
vn 0.00000000 -0.00000000 1.00000000
vn -0.00000000 0.00000000 1.00000000
vn 0.00000000 0.00000000 1.00000000
vn 0.00000000 -0.00000000 1.00000000
vn -0.00000000 0.00000000 1.00000000
vn 0.00000000 0.00000000 1.00000000
vn -0.00000000 0.00000000 1.00000000
vn 0.00000000 -0.00000000 1.00000000
vn 0.00000000 0.00000000 1.00000000
vn 0.00000000 -0.00000000 1.00000000
vn -0.00000000 0.00000000 1.00000000
vn 0.00000000 -0.00000000 1.00000000
vn -0.00000000 0.00000000 1.00000000
vn 0.00000000 -0.00000000 1.00000000
vn 0.00000000 0.00000000 1.00000000
vn 0.00000000 -0.00000000 1.00000000
vn 0.00000000 0.00000000 1.00000000
vn 0.00000000 0.00000000 1.00000000
vn 0.00000000 0.00000000 1.00000000
vn 0.00000000 0.00000000 1.00000000
vn 0.00000000 -0.00000000 1.00000000
vn 0.00000000 0.00000000 1.00000000
vn 0.00000000 -0.00000000 1.00000000
vn 0.00000000 0.00000000 1.00000000
vn 0.00000000 0.00000000 1.00000000
vn 0.00000000 -0.00000000 1.00000000
vn 0.00000000 0.00000000 1.00000000
vn 0.00000000 0.00000000 1.00000000
vn 0.00000000 0.00000000 1.00000000
vn 0.00000000 0.00000000 1.00000000
vn 0.00000000 0.00000000 1.00000000
vn 0.00000000 0.00000000 1.00000000
vn 0.00000000 0.00000000 1.00000000
vn 0.00000000 0.00000000 1.00000000
vn 0.00000000 0.00000000 1.00000000
vn 0.00000000 0.00000000 1.00000000
vn 0.00000000 0.00000000 1.00000000
vn 0.00000000 0.00000000 1.00000000
vn 0.00000000 0.00000000 1.00000000
vn 0.00000000 0.00000000 1.00000000
vn -0.00000000 0.00000000 1.00000000
vn 0.00000000 0.00000000 1.00000000
vn -0.00000000 0.00000000 1.00000000
vn 0.00000000 -0.00000000 1.00000000
vn -0.00000000 0.00000000 1.00000000
vn 0.00000000 0.00000000 1.00000000
vn 0.00000000 0.00000000 1.00000000
vn -0.00000000 0.00000000 1.00000000
vn 0.00000000 -0.00000000 1.00000000
vn 0.00000000 -0.00000000 1.00000000
vn -0.00000000 0.00000000 1.00000000
vn -0.00000000 0.00000000 1.00000000
vn -0.00000000 0.00000000 1.00000000
vn 0.00000000 0.00000000 1.00000000
vn 0.00000000 -0.00000000 1.00000000
vn -0.00000000 0.00000000 1.00000000
vn 0.00000000 0.00000000 1.00000000
vn -0.00000000 0.00000000 1.00000000
vn 0.00000000 -0.00000000 1.00000000
vn 0.00000000 0.00000000 1.00000000
vn -0.00000000 0.00000000 1.00000000
vn 0.00000000 -0.00000000 1.00000000
vn 0.00000000 0.00000000 1.00000000
vn -0.00000000 0.00000000 1.00000000
vn 0.00000000 0.00000000 1.00000000
vn 0.00000000 -0.00000000 1.00000000
vn -0.00000000 0.00000000 1.00000000
vn 0.00000000 -0.00000000 1.00000000
vn -0.00000000 0.00000000 1.00000000
vn 0.00000000 -0.00000000 1.00000000
vn 0.00000000 -0.00000000 1.00000000
vn -0.00000000 0.00000000 1.00000000
vn -0.00000000 0.00000000 1.00000000
vn 0.00000000 -0.00000000 1.00000000
vn -0.00000000 0.00000000 1.00000000
vn 0.00000000 -0.00000000 1.00000000
vn -0.00000000 0.00000000 1.00000000
vn 0.00000000 0.00000000 1.00000000
vn 0.00000000 0.00000000 1.00000000
vn -0.00000000 0.00000000 1.00000000
vn 0.00000000 0.00000000 1.00000000
vn 0.00000000 0.00000000 1.00000000
vn 0.00000000 0.00000000 1.00000000
vn 0.00000000 0.00000000 1.00000000
vn 0.00000000 0.00000000 1.00000000
vn 0.00000000 0.00000000 1.00000000
vn -0.00000000 0.00000000 1.00000000
vn 0.00000000 0.00000000 1.00000000
vn 0.00000000 -0.00000000 1.00000000
vn -0.00000000 0.00000000 1.00000000
vn -0.00000000 0.00000000 1.00000000
vn 0.00000000 -0.00000000 1.00000000
vn 0.00000000 0.00000000 1.00000000
vn 0.00000000 -0.00000000 1.00000000
vn 0.00000000 0.00000000 1.00000000
vn 0.00000000 0.00000000 1.00000000
vn 0.00000000 -0.00000000 1.00000000
vn -0.00000000 0.00000000 1.00000000
vn 0.00000000 0.00000000 1.00000000
vn 0.00000000 -0.00000000 1.00000000
vn -0.00000000 0.00000000 1.00000000
vn 0.00000000 0.00000000 1.00000000
vn 0.00000000 -0.00000000 1.00000000
vn 0.00000000 0.00000000 1.00000000
vn 0.00000000 -0.00000000 1.00000000
vn 0.00000000 0.00000000 1.00000000
vn 0.00000000 0.00000000 1.00000000
vn -0.00000000 0.00000000 1.00000000
vn 0.00000000 -0.00000000 1.00000000
vn 0.00000000 -0.00000000 1.00000000
vn 0.00000000 -0.00000000 1.00000000
vn -0.00000000 0.00000000 1.00000000
vn -0.00000000 0.00000000 1.00000000
vn 0.00000000 -0.00000000 1.00000000
vn -0.00000000 0.00000000 1.00000000
vn 0.00000000 -0.00000000 1.00000000
vn -0.00000000 0.00000000 1.00000000
vn 0.00000000 0.00000000 1.00000000
vn 0.00000000 0.00000000 1.00000000
vn -0.00000000 0.00000000 1.00000000
vn 0.00000000 0.00000000 1.00000000
vn 0.00000000 0.00000000 1.00000000
vn 0.00000000 0.00000000 1.00000000
vn 0.00000000 0.00000000 1.00000000
vn 0.00000000 0.00000000 1.00000000
vn 0.00000000 0.00000000 1.00000000
vn 0.00000000 0.00000000 1.00000000
vn 0.00000000 0.00000000 1.00000000
vn 0.00000000 -0.00000000 1.00000000
vn 0.00000000 0.00000000 1.00000000
vn 0.00000000 -0.00000000 1.00000000
vn 0.00000000 0.00000000 1.00000000
vn 0.00000000 0.00000000 1.00000000
vn 0.00000000 0.00000000 1.00000000
vn 0.00000000 0.00000000 1.00000000
vn 0.00000000 -0.00000000 1.00000000
vn 0.00000000 0.00000000 1.00000000
vn 0.00000000 0.00000000 1.00000000
vn 0.00000000 0.00000000 1.00000000
vn 0.00000000 0.00000000 1.00000000
vn 0.00000000 0.00000000 1.00000000
vn 0.00000000 0.00000000 1.00000000
vn -0.00000000 0.00000000 1.00000000
vn 0.00000000 0.00000000 1.00000000
vn 0.00000000 -0.00000000 1.00000000
vn -0.00000000 0.00000000 1.00000000
vn 0.00000000 0.00000000 1.00000000
vn 0.00000000 0.00000000 1.00000000
vn -0.00000000 0.00000000 1.00000000
vn -0.00000000 0.00000000 1.00000000
vn 0.00000000 -0.00000000 1.00000000
vn -0.00000000 0.00000000 1.00000000
vn 0.00000000 -0.00000000 1.00000000
vn -0.00000000 0.00000000 1.00000000
vn 0.00000000 0.00000000 1.00000000
vn 0.00000000 0.00000000 1.00000000
vn -0.00000000 0.00000000 1.00000000
vn 0.00000000 0.00000000 1.00000000
vn 0.00000000 0.00000000 1.00000000
vn -0.00000000 0.00000000 1.00000000
vn -0.00000000 0.00000000 1.00000000
vn 0.00000000 0.00000000 1.00000000
vn 0.00000000 -0.00000000 1.00000000
vn 0.00000000 0.00000000 1.00000000
vn -0.00000000 0.00000000 1.00000000
vn 0.00000000 -0.00000000 1.00000000
vn 0.00000000 -0.00000000 1.00000000
vn -0.00000000 0.00000000 1.00000000
vn 0.00000000 0.00000000 1.00000000
vn -0.00000000 0.00000000 1.00000000
vn 0.00000000 0.00000000 1.00000000
vn 0.00000000 -0.00000000 1.00000000
vn -0.00000000 0.00000000 1.00000000
vn 0.00000000 -0.00000000 1.00000000
vn -0.00000000 0.00000000 1.00000000
vn 0.00000000 -0.00000000 1.00000000
vn 0.00000000 -0.00000000 1.00000000
vn -0.00000000 0.00000000 1.00000000
vn 0.00000000 -0.00000000 1.00000000
vn -0.00000000 0.00000000 1.00000000
vn 0.00000000 0.00000000 1.00000000
vn 0.00000000 0.00000000 1.00000000
vn 0.00000000 -0.00000000 1.00000000
vn 0.00000000 -0.00000000 1.00000000
vn 0.00000000 0.00000000 1.00000000
vn 0.00000000 0.00000000 1.00000000
vn 0.00000000 -0.00000000 1.00000000
vn 0.00000000 -0.00000000 1.00000000
vn 0.00000000 0.00000000 1.00000000
vn 0.00000000 0.00000000 -1.00000000
vn 0.00000000 0.00000000 -1.00000000
vn 0.00000000 0.00000000 -1.00000000
vn 0.00000000 0.00000000 -1.00000000
vn 0.00000000 0.00000000 -1.00000000
vn 0.00000000 0.00000000 -1.00000000
vn 0.00000000 0.00000000 -1.00000000
vn 0.00000000 0.00000000 -1.00000000
vn 0.00000000 0.00000000 -1.00000000
vn 0.00000000 0.00000000 -1.00000000
vn 0.00000000 0.00000000 -1.00000000
vn 0.00000000 0.00000000 -1.00000000
vn 0.00000000 0.00000000 -1.00000000
vn 0.00000000 0.00000000 -1.00000000
vn 0.00000000 0.00000000 -1.00000000
vn 0.00000000 0.00000000 -1.00000000
vn 0.00000000 0.00000000 -1.00000000
vn 0.00000000 0.00000000 -1.00000000
vn 0.00000000 0.00000000 -1.00000000
vn 0.00000000 0.00000000 -1.00000000
vn 0.00000000 0.00000000 -1.00000000
vn 0.00000000 0.00000000 -1.00000000
vn 0.00000000 0.00000000 -1.00000000
vn 0.00000000 0.00000000 -1.00000000
vn 0.00000000 0.00000000 -1.00000000
vn 0.00000000 0.00000000 -1.00000000
vn 0.00000000 0.00000000 -1.00000000
vn 0.00000000 0.00000000 -1.00000000
vn 0.00000000 0.00000000 -1.00000000
vn 0.00000000 0.00000000 -1.00000000
vn 0.00000000 0.00000000 -1.00000000
vn 0.00000000 0.00000000 -1.00000000
vn 0.00000000 0.00000000 -1.00000000
vn 0.00000000 0.00000000 -1.00000000
vn 0.00000000 0.00000000 -1.00000000
vn 0.00000000 0.00000000 -1.00000000
vn 0.00000000 0.00000000 -1.00000000
vn 0.00000000 0.00000000 -1.00000000
vn 0.00000000 0.00000000 -1.00000000
vn 0.00000000 0.00000000 -1.00000000
vn 0.00000000 0.00000000 -1.00000000
vn 0.00000000 0.00000000 -1.00000000
vn 0.00000000 0.00000000 -1.00000000
vn 0.00000000 0.00000000 -1.00000000
vn 0.00000000 0.00000000 -1.00000000
vn 0.00000000 0.00000000 -1.00000000
vn 0.00000000 0.00000000 -1.00000000
vn 0.00000000 0.00000000 -1.00000000
vn 0.00000000 0.00000000 -1.00000000
vn 0.00000000 0.00000000 -1.00000000
vn 0.00000000 0.00000000 -1.00000000
vn 0.00000000 0.00000000 -1.00000000
vn 0.00000000 0.00000000 -1.00000000
vn 0.00000000 0.00000000 -1.00000000
vn 0.00000000 0.00000000 -1.00000000
vn 0.00000000 0.00000000 -1.00000000
vn 0.00000000 0.00000000 -1.00000000
vn 0.00000000 0.00000000 -1.00000000
vn 0.00000000 0.00000000 -1.00000000
vn 0.00000000 0.00000000 -1.00000000
vn 0.00000000 0.00000000 -1.00000000
vn 0.00000000 0.00000000 -1.00000000
vn 0.00000000 0.00000000 -1.00000000
vn 0.00000000 0.00000000 -1.00000000
vn 0.00000000 0.00000000 -1.00000000
vn 0.00000000 0.00000000 -1.00000000
vn 0.00000000 0.00000000 -1.00000000
vn 0.00000000 0.00000000 -1.00000000
vn 0.00000000 0.00000000 -1.00000000
vn 0.00000000 0.00000000 -1.00000000
vn 0.00000000 0.00000000 -1.00000000
vn 0.00000000 0.00000000 -1.00000000
vn 0.00000000 0.00000000 -1.00000000
vn 0.00000000 0.00000000 -1.00000000
vn 0.00000000 0.00000000 -1.00000000
vn 0.00000000 0.00000000 -1.00000000
vn 0.00000000 0.00000000 -1.00000000
vn 0.00000000 0.00000000 -1.00000000
vn 0.00000000 0.00000000 -1.00000000
vn 0.00000000 0.00000000 -1.00000000
vn 0.00000000 0.00000000 -1.00000000
vn 0.00000000 0.00000000 -1.00000000
vn 0.00000000 0.00000000 -1.00000000
vn 0.00000000 0.00000000 -1.00000000
vn 0.00000000 0.00000000 -1.00000000
vn 0.00000000 0.00000000 -1.00000000
vn 0.00000000 0.00000000 -1.00000000
vn 0.00000000 0.00000000 -1.00000000
vn 0.00000000 0.00000000 -1.00000000
vn 0.00000000 0.00000000 -1.00000000
vn 0.00000000 0.00000000 -1.00000000
vn 0.00000000 0.00000000 -1.00000000
vn 0.00000000 0.00000000 -1.00000000
vn 0.00000000 0.00000000 -1.00000000
vn 0.00000000 0.00000000 -1.00000000
vn 0.00000000 0.00000000 -1.00000000
vn 0.00000000 0.00000000 -1.00000000
vn 0.00000000 0.00000000 -1.00000000
vn 0.00000000 0.00000000 -1.00000000
vn 0.00000000 0.00000000 -1.00000000
vn 0.00000000 0.00000000 -1.00000000
vn 0.00000000 0.00000000 -1.00000000
vn 0.00000000 0.00000000 -1.00000000
vn 0.00000000 0.00000000 -1.00000000
vn 0.00000000 0.00000000 -1.00000000
vn 0.00000000 0.00000000 -1.00000000
vn 0.00000000 0.00000000 -1.00000000
vn 0.00000000 0.00000000 -1.00000000
vn 0.00000000 0.00000000 -1.00000000
vn 0.00000000 0.00000000 -1.00000000
vn 0.00000000 0.00000000 -1.00000000
vn 0.00000000 0.00000000 -1.00000000
vn 0.00000000 0.00000000 -1.00000000
vn 0.00000000 0.00000000 -1.00000000
vn 0.00000000 0.00000000 -1.00000000
vn 0.00000000 0.00000000 -1.00000000
vn 0.00000000 0.00000000 -1.00000000
vn 0.00000000 0.00000000 -1.00000000
vn 0.00000000 0.00000000 -1.00000000
vn 0.00000000 0.00000000 -1.00000000
vn 0.00000000 0.00000000 -1.00000000
vn 0.00000000 0.00000000 -1.00000000
vn 0.00000000 0.00000000 -1.00000000
vn 0.00000000 0.00000000 -1.00000000
vn 0.00000000 0.00000000 -1.00000000
vn 0.00000000 0.00000000 -1.00000000
vn -0.73127000 0.68208800 -0.00055200
vn -0.72057900 0.69336100 -0.00406700
vn -0.73299600 0.68015900 -0.00999000
vn -0.69350500 0.71922600 -0.04201700
vn -0.64571700 0.76312600 -0.02624200
vn -0.68192900 0.72875900 -0.06231200
vn -0.66686300 0.74439400 -0.03421700
vn -0.65551600 0.75494200 -0.01902400
vn -0.64711500 0.76231500 -0.01089700
vn -0.63262900 0.77444300 -0.00434500
vn -0.62871200 0.77763700 -0.00083100
vn -0.62686400 0.77700400 0.05749900
vn -0.63617200 0.77151800 0.00670000
vn -0.64162500 0.76687000 0.01505400
vn -0.64767200 0.76129500 0.03082600
vn -0.65414700 0.75357800 0.06490600
vn -0.65848900 0.73375600 0.16731500
vn -0.67991200 0.71384400 0.16776800
vn -0.73056000 0.68084700 0.05223900
vn -0.72212700 0.69154700 0.01716700
vn -0.73199000 0.68131300 0.00178000
vn -0.77411100 0.63271400 0.02062000
vn -0.81467400 0.57968200 0.01657800
vn -0.79212900 0.60870100 0.04488400
vn -0.79856600 0.60162400 0.01844300
vn -0.80158100 0.59788600 0.00036100
vn -0.79479700 0.60664700 -0.01661700
vn -0.83149400 0.55547800 -0.00780100
vn -0.77743100 0.62884200 -0.01259600
vn -0.74003700 0.67256600 -0.00000100
vn 0.68175600 -0.73157700 0.00196100
vn 0.69151400 -0.72216100 0.01707400
vn 0.67861400 -0.73288400 0.04862100
vn 0.71383100 -0.67990900 0.16783800
vn 0.76773100 -0.63683800 0.07089100
vn 0.73373600 -0.65848900 0.16740100
vn 0.75357200 -0.65415100 0.06492900
vn 0.76130700 -0.64766000 0.03078000
vn 0.76687600 -0.64161900 0.01504100
vn 0.77144400 -0.63626100 0.00680800
vn 0.77429900 -0.63282000 0.00014400
vn 0.76879400 -0.63947300 -0.00544900
vn 0.77876500 -0.62712400 -0.01548800
vn 0.76230400 -0.64712700 -0.01090600
vn 0.75476400 -0.65571400 -0.01923900
vn 0.74438000 -0.66687800 -0.03424000
vn 0.73055300 -0.68188100 -0.03647400
vn 0.68824800 -0.72537200 -0.01227300
vn 0.70766900 -0.70641700 -0.01337300
vn 0.69338300 -0.72055800 -0.00406600
vn 0.68208200 -0.73127600 -0.00055100
vn 0.63673600 -0.77091300 -0.01614600
vn 0.58009800 -0.81441600 -0.01458200
vn 0.61822900 -0.78517900 -0.03587200
vn 0.59904400 -0.80063000 -0.01173700
vn 0.59376000 -0.80464200 -0.00083500
vn 0.55900100 -0.82912700 0.00819300
vn 0.60162400 -0.79856600 0.01844800
vn 0.62651000 -0.77916700 0.01960200
vn 0.67256800 -0.74003600 0.00000400
vn 0.76528500 0.64263400 -0.03688300
vn 0.77408200 0.63271500 -0.02166200
vn 0.78503100 0.61888600 -0.02658000
vn 0.70281300 0.71129400 -0.01077300
vn 0.70710500 0.70710800 0.00000000
vn 0.74330600 0.66818100 -0.03209600
vn 0.75341700 0.65465100 -0.06160500
vn 0.78764200 0.61608100 -0.00797900
vn 0.79123000 0.61151900 -0.00081200
vn 0.79902700 0.60021800 0.03596900
vn 0.78510600 0.61923300 0.01260300
vn 0.77993200 0.62523800 0.02799800
vn 0.77407300 0.63091200 0.05254800
vn 0.76466600 0.63610600 0.10322100
vn 0.74696900 0.66016500 0.07886200
vn 0.70625900 0.70624400 0.04918000
vn 0.62523400 0.77993500 0.02798900
vn 0.61927400 0.78507300 0.01268600
vn 0.61178700 0.78968800 0.04592000
vn 0.63091400 0.77407000 0.05255900
vn 0.70713000 0.70708300 0.00000000
vn 0.66018700 0.74694900 0.07886900
vn 0.63611200 0.76465100 0.10330000
vn 0.61570900 0.78797400 0.00015900
vn 0.62359000 0.78167500 -0.01093000
vn 0.59815500 0.80122700 -0.01569200
vn 0.63275400 0.77404900 -0.02171300
vn 0.64269200 0.76523100 -0.03698900
vn 0.65824100 0.75232700 -0.02689800
vn 0.69293700 0.72099400 -0.00243500
vn 0.44069100 0.89765900 -0.00000400
vn 0.38606400 0.92247200 0.00001000
vn 0.27327300 0.96193600 0.00000000
vn 0.21518500 0.97657300 0.00000300
vn 0.09712200 0.99527200 0.00000800
vn 0.03735000 0.99930200 0.00000800
vn -0.08214500 0.99662000 -0.00001500
vn -0.14172800 0.98990600 -0.00001800
vn -0.25877600 0.96593700 -0.00000100
vn -0.31619800 0.94869300 0.00000000
vn -0.42710000 0.90420400 -0.00000100
vn -0.48051900 0.87698400 0.00000000
vn -0.91654600 0.39993000 0.00000000
vn -0.93886500 0.34428400 0.00000000
vn -0.97322800 0.22984200 -0.00001000
vn -0.98524500 0.17115100 0.00000100
vn -0.99862500 0.05242200 0.00000100
vn -0.99997200 -0.00751800 0.00001000
vn -0.99193700 -0.12673500 -0.00001100
vn -0.98255900 -0.18595100 -0.00001000
vn -0.95336700 -0.30181300 -0.00001400
vn -0.93356700 -0.35840400 0.00001100
vn -0.88415500 -0.46719300 0.00000000
vn -0.85454500 -0.51937800 0.00000000
vn -0.75975200 -0.64836500 0.04898600
vn -0.75048300 -0.66076300 -0.01294000
vn -0.64912900 -0.76067800 0.00005500
vn -0.65302300 -0.75733700 -0.00093300
vn -0.65205000 -0.75808600 -0.01164000
vn -0.65840300 -0.75266200 -0.00227800
vn -0.66607400 -0.74586600 -0.00546600
vn -0.67615800 -0.73665300 -0.01233800
vn -0.68923300 -0.72407200 -0.02603700
vn -0.70651000 -0.70653800 -0.04059300
vn -0.72402600 -0.68927900 -0.02609700
vn -0.73662400 -0.67618900 -0.01236600
vn -0.74592000 -0.66601300 -0.00543400
vn -0.75268500 -0.65837700 -0.00227000
vn -0.75737100 -0.65298400 -0.00092600
vn -0.76064200 -0.64917100 0.00005400
vn -0.75836300 -0.65183100 0.00140600
vn -0.75432500 -0.65649000 0.00394200
vn -0.74886800 -0.66263000 0.01081400
vn -0.74188200 -0.66992000 0.02859100
vn -0.72941000 -0.67889200 0.08406200
vn -0.69513500 -0.69513000 0.18325200
vn -0.65666500 -0.75221700 0.05440900
vn -0.67889000 -0.72941400 0.08403800
vn -0.66991700 -0.74188500 0.02858600
vn -0.66259700 -0.74889800 0.01079700
vn -0.65646300 -0.75434800 0.00392700
vn -0.65178300 -0.75840400 0.00138800
vn -0.51937800 -0.85454500 0.00000000
vn -0.46719600 -0.88415400 0.00000300
vn -0.35840600 -0.93356600 -0.00000400
vn -0.30181500 -0.95336700 0.00000700
vn -0.18594800 -0.98256000 -0.00001600
vn -0.12677400 -0.99193200 0.00000000
vn -0.00751800 -0.99997200 0.00001000
vn 0.05242200 -0.99862500 0.00000100
vn 0.17110600 -0.98525300 0.00001300
vn 0.22984200 -0.97322800 -0.00001000
vn 0.34428400 -0.93886500 0.00000000
vn 0.39993000 -0.91654600 0.00000000
vn 0.87698400 -0.48051900 -0.00000100
vn 0.90420400 -0.42710000 0.00000000
vn 0.94869300 -0.31619800 0.00000000
vn 0.96594900 -0.25873200 0.00000000
vn 0.98991300 -0.14167400 0.00001900
vn 0.99662000 -0.08214700 0.00000400
vn 0.99930400 0.03729800 -0.00000500
vn 0.99527300 0.09711700 -0.00000300
vn 0.97657400 0.21518400 0.00000300
vn 0.96193400 0.27328100 -0.00001100
vn 0.92245600 0.38610100 -0.00001400
vn 0.89766000 0.44068800 -0.00001200
vn 0.00000000 0.00000000 1.00000000
vn 0.00000000 -0.00000100 1.00000000
vn -0.00000000 0.00000600 1.00000000
vn 0.00000000 0.00000000 1.00000000
vn 0.00000000 0.00000000 1.00000000
vn 0.00000000 0.00000000 1.00000000
vn 0.00000000 0.00000000 1.00000000
vn 0.00000000 0.00000000 1.00000000
vn 0.00000000 -0.00000100 1.00000000
vn 0.00000000 0.00000000 1.00000000
vn 0.00000000 -0.00000000 1.00000000
vn 0.00000000 0.00000000 1.00000000
vn 0.00000000 -0.00000000 1.00000000
vn 0.00000000 0.00000000 1.00000000
vn 0.00000000 0.00000000 1.00000000
vn 0.00000000 -0.00000000 1.00000000
vn 0.00000000 0.00000000 1.00000000
vn 0.00000000 -0.00000000 1.00000000
vn 0.00000000 0.00000000 1.00000000
vn 0.00000000 0.00000000 1.00000000
vn 0.00000000 0.00000000 1.00000000
vn 0.00000000 0.00000000 1.00000000
vn 0.00000000 0.00000000 1.00000000
vn 0.00000000 0.00000000 1.00000000
vn 0.00000000 0.00000000 1.00000000
vn 0.00000000 0.00000000 1.00000000
vn 0.00000000 -0.00000000 1.00000000
vn 0.00000000 0.00000000 1.00000000
vn 0.00000000 0.00000000 1.00000000
vn 0.00000000 0.00000000 1.00000000
vn 0.00000000 0.00000000 1.00000000
vn 0.00000000 0.00000000 1.00000000
vn -0.00000000 0.00000000 1.00000000
vn 0.00000000 0.00000000 1.00000000
vn -0.00000000 0.00000000 1.00000000
vn 0.00000000 0.00000000 1.00000000
vn 0.00000000 0.00000000 1.00000000
vn 0.00000000 -0.00000000 1.00000000
vn 0.00000000 0.00000000 1.00000000
vn -0.00000000 0.00000300 1.00000000
vn 0.00000000 0.00000000 1.00000000
vn 0.00000000 0.00000000 1.00000000
vn 0.00000000 0.00000000 1.00000000
vn 0.00000000 0.00000000 1.00000000
vn 0.00000000 0.00000000 1.00000000
vn 0.00000000 0.00000000 1.00000000
vn 0.00000000 0.00000000 1.00000000
vn 0.00000000 0.00000000 1.00000000
vn 0.00000000 0.00000000 1.00000000
vn -0.00000000 0.00000000 1.00000000
vn 0.00000000 0.00000000 1.00000000
vn 0.00000000 0.00000000 1.00000000
vn 0.00000000 -0.00000000 1.00000000
vn 0.00000000 0.00000000 1.00000000
vn 0.00000000 0.00000000 1.00000000
vn -0.00000000 0.00000000 1.00000000
vn 0.00000000 0.00000000 1.00000000
vn 0.00000000 0.00000000 1.00000000
vn 0.00000000 -0.00000000 1.00000000
vn 0.00000000 0.00000000 1.00000000
vn 0.00000000 0.00000000 1.00000000
vn 0.00000000 0.00000000 1.00000000
vn 0.00000000 -0.00000000 1.00000000
vn 0.00000000 0.00000000 1.00000000
vn 0.00000000 -0.00000000 1.00000000
vn -0.00000000 0.00000000 1.00000000
vn 0.00000000 0.00000000 1.00000000
vn 0.00000000 0.00000000 1.00000000
vn 0.00000000 0.00000000 1.00000000
vn 0.00000000 0.00000000 1.00000000
vn 0.00000000 0.00000000 1.00000000
vn 0.00000000 0.00000000 1.00000000
vn 0.00000000 0.00000000 1.00000000
vn 0.00000000 0.00000000 1.00000000
vn 0.00000000 0.00000000 1.00000000
vn 0.00000000 0.00000000 1.00000000
vn 0.00000000 0.00000000 1.00000000
vn 0.00000000 0.00000000 1.00000000
vn 0.00000000 0.00000000 1.00000000
vn 0.00000000 0.00000000 1.00000000
vn 0.00000000 0.00000000 1.00000000
vn 0.00000000 0.00000000 1.00000000
vn 0.00000000 0.00000000 1.00000000
vn 0.00000000 0.00000000 1.00000000
vn 0.00000000 0.00000000 1.00000000
vn 0.00000000 0.00000000 1.00000000
vn 0.00000000 0.00000000 1.00000000
vn -0.00000000 0.00000000 1.00000000
vn 0.00000000 0.00000000 1.00000000
vn -0.00000000 0.00000000 1.00000000
vn -0.00000000 0.00000000 1.00000000
vn -0.00000000 0.00000000 1.00000000
vn 0.00000000 0.00000000 1.00000000
vn 0.00000000 0.00000000 1.00000000
vn 0.00000000 0.00000000 1.00000000
vn 0.00000000 0.00000000 1.00000000
vn 0.00000000 0.00000000 1.00000000
vn 0.00000000 0.00000000 1.00000000
vn 0.00000000 0.00000000 1.00000000
vn 0.00000000 0.00000000 1.00000000
vn 0.00000000 0.00000000 1.00000000
vn 0.00000000 0.00000000 1.00000000
vn 0.00000000 0.00000000 1.00000000
vn 0.00000000 0.00000000 1.00000000
vn 0.00000000 0.00000000 1.00000000
vn 0.00000000 -0.00000000 1.00000000
vn 0.00000000 0.00000000 1.00000000
vn 0.00000000 0.00000000 1.00000000
vn 0.00000000 0.00000000 1.00000000
vn -0.00000000 0.00000000 1.00000000
vn 0.00000000 0.00000000 1.00000000
vn 0.00000000 0.00000000 1.00000000
vn 0.00000000 0.00000000 1.00000000
vn 0.00000000 0.00000000 1.00000000
vn 0.00000000 -0.00000000 1.00000000
vn -0.00000000 0.00000300 1.00000000
vn -0.00000000 0.00000600 1.00000000
vn 0.00000000 -0.00000100 1.00000000
vn 0.00000000 -0.00000600 1.00000000
vn -0.00000000 0.00000000 1.00000000
vn 0.00000000 -0.00000000 1.00000000
vn 0.00000000 0.00000000 1.00000000
vn 0.00000000 -0.00000000 1.00000000
vn 0.00000000 0.00000000 1.00000000
vn 0.00000000 0.00000000 1.00000000
vn 0.00000000 0.00000000 1.00000000
vn 0.00000000 0.00000000 1.00000000
vn 0.00000000 0.00000000 1.00000000
vn 0.00000000 0.00000000 1.00000000
vn 0.00000000 0.00000000 1.00000000
vn 0.00000000 0.00000000 1.00000000
vn 0.00000000 0.00000000 1.00000000
vn 0.00000000 0.00000000 1.00000000
vn 0.00000000 0.00000000 1.00000000
vn 0.00000000 0.00000000 1.00000000
vn 0.00000000 0.00000000 1.00000000
vn 0.00000000 0.00000000 1.00000000
vn 0.00000000 0.00000000 1.00000000
vn 0.00000000 0.00000000 1.00000000
vn 0.00000000 0.00000000 1.00000000
vn -0.00000000 0.00000000 1.00000000
vn 0.00000000 0.00000000 1.00000000
vn 0.00000000 0.00000000 1.00000000
vn 0.00000000 0.00000000 1.00000000
vn 0.00000000 0.00000000 1.00000000
vn 0.00000000 0.00000000 1.00000000
vn 0.00000000 0.00000000 1.00000000
vn 0.00000000 0.00000000 1.00000000
vn 0.00000000 0.00000000 1.00000000
vn 0.00000000 0.00000000 1.00000000
vn 0.00000000 -0.00000200 1.00000000
vn 0.00000000 0.00000000 1.00000000
vn 0.00000000 0.00000000 1.00000000
vn 0.00000000 0.00000000 1.00000000
vn 0.00000000 -0.00000000 1.00000000
vn -0.00000000 0.00000000 1.00000000
vn 0.00000000 0.00000000 1.00000000
vn -0.00000000 0.00000300 1.00000000
vn 0.00000000 0.00000000 1.00000000
vn 0.00000000 0.00000000 1.00000000
vn 0.00000000 0.00000000 1.00000000
vn 0.00000000 0.00000000 1.00000000
vn 0.00000000 0.00000000 1.00000000
vn 0.00000000 -0.00000200 1.00000000
vn 0.00000000 0.00000000 1.00000000
vn 0.00000000 0.00000000 1.00000000
vn 0.00000000 0.00000000 1.00000000
vn 0.00000000 0.00000000 1.00000000
vn 0.00000000 0.00000000 1.00000000
vn -0.00000000 0.00000000 1.00000000
vn 0.00000000 -0.00000000 1.00000000
vn 0.00000000 0.00000000 1.00000000
vn 0.00000000 0.00000000 1.00000000
vn 0.00000000 0.00000000 1.00000000
vn 0.00000000 -0.00000000 1.00000000
vn 0.00000000 0.00000000 1.00000000
vn 0.00000000 0.00000000 1.00000000
vn -0.00000000 0.00000000 1.00000000
vn 0.00000000 0.00000000 1.00000000
vn 0.00000000 -0.00000200 1.00000000
vn -0.00000000 0.00000000 1.00000000
vn 0.00000000 0.00000000 1.00000000
vn 0.00000000 0.00000000 1.00000000
vn 0.00000000 0.00000000 1.00000000
vn 0.00000000 0.00000000 1.00000000
vn 0.00000000 0.00000000 1.00000000
vn 0.00000000 0.00000000 1.00000000
vn 0.00000000 0.00000000 1.00000000
vn 0.00000000 0.00000000 1.00000000
vn 0.00000000 0.00000000 1.00000000
vn 0.00000000 0.00000000 1.00000000
vn 0.00000000 0.00000000 1.00000000
vn 0.00000000 0.00000000 1.00000000
vn 0.00000000 0.00000000 1.00000000
vn 0.00000000 0.00000000 1.00000000
vn 0.00000000 0.00000000 1.00000000
vn 0.00000000 0.00000000 1.00000000
vn 0.00000000 0.00000000 1.00000000
vn 0.00000000 0.00000000 1.00000000
vn 0.00000000 0.00000000 1.00000000
vn 0.00000000 0.00000000 1.00000000
vn 0.00000000 0.00000000 1.00000000
vn 0.00000000 0.00000000 1.00000000
vn 0.00000000 0.00000000 1.00000000
vn 0.00000000 0.00000000 1.00000000
vn 0.00000000 0.00000000 1.00000000
vn 0.00000000 0.00000000 1.00000000
vn 0.00000000 0.00000000 1.00000000
vn 0.00000000 0.00000000 1.00000000
vn 0.00000000 0.00000000 1.00000000
vn 0.00000000 0.00000000 1.00000000
vn 0.00000000 0.00000000 1.00000000
vn 0.00000000 0.00000000 1.00000000
vn 0.00000000 0.00000000 1.00000000
vn 0.00000000 0.00000000 1.00000000
vn 0.00000000 0.00000000 1.00000000
vn 0.00000000 0.00000000 1.00000000
vn 0.00000000 0.00000000 1.00000000
vn -0.00000000 0.00000100 1.00000000
vn 0.00000000 0.00000000 1.00000000
vn 0.00000000 0.00000000 1.00000000
vn 0.00000000 0.00000000 1.00000000
vn 0.00000000 0.00000000 1.00000000
vn 0.00000000 0.00000000 1.00000000
vn 0.00000000 0.00000000 1.00000000
vn 0.00000000 -0.00000000 1.00000000
vn 0.00000000 0.00000000 1.00000000
vn 0.00000000 -0.00000000 1.00000000
vn 0.00000000 0.00000000 1.00000000
vn 0.00000000 0.00000000 1.00000000
vn 0.00000000 0.00000000 1.00000000
vn 0.00000000 0.00000000 1.00000000
vn 0.00000000 0.00000000 1.00000000
vn 0.00000000 0.00000000 1.00000000
vn -0.00000000 0.00000100 1.00000000
vn 0.00000000 -0.00000000 1.00000000
vn -0.00000000 0.00000100 1.00000000
vn 0.00000000 0.00000000 1.00000000
vn 0.00000000 -0.00000000 1.00000000
vn 0.00000000 0.00000000 1.00000000
vn 0.00000000 -0.00000000 1.00000000
vn 0.00000000 -0.00000000 1.00000000
vn 0.00000000 0.00000000 1.00000000
vn 0.00000000 -0.00000000 1.00000000
vn 0.00000000 0.00000000 1.00000000
vn 0.00000000 0.00000000 1.00000000
vn 0.00000000 0.00000000 1.00000000
vn -0.00000000 0.00000000 1.00000000
vn 0.00000000 0.00000000 1.00000000
vn -0.00000000 0.00000000 1.00000000
vn 0.00000000 0.00000000 1.00000000
vn 0.00000000 0.00000000 1.00000000
vn 0.00000000 0.00000000 1.00000000
vn -0.00000000 0.00000000 1.00000000
vn 0.00000000 0.00000000 1.00000000
vn 0.00000000 0.00000000 1.00000000
vn 0.00000000 0.00000000 1.00000000
vn 0.00000000 0.00000000 1.00000000
vn 0.00000000 -0.00000000 1.00000000
vn 0.00000000 0.00000000 1.00000000
vn 0.00000000 0.00000000 1.00000000
vn 0.00000000 -0.00000000 1.00000000
vn 0.00000000 0.00000000 1.00000000
vn 0.00000000 0.00000000 1.00000000
vn 0.00000000 0.00000000 1.00000000
vn 0.00000000 0.00000000 1.00000000
vn 0.00000000 0.00000000 1.00000000
vn 0.00000000 0.00000000 1.00000000
vn 0.00000000 0.00000000 1.00000000
vn 0.00000000 0.00000000 1.00000000
vn 0.00000000 0.00000000 1.00000000
vn 0.00000000 0.00000000 1.00000000
vn 0.00000000 0.00000000 1.00000000
vn -0.00000000 0.00000000 1.00000000
vn 0.00000000 0.00000000 1.00000000
vn -0.00000000 0.00000300 1.00000000
vn -0.00000000 0.00000000 1.00000000
vn 0.00000000 -0.00000000 1.00000000
vn -0.00000000 0.00000300 1.00000000
vn 0.00000000 -0.00000000 1.00000000
vn -0.00000000 0.00000000 1.00000000
vn 0.00000000 0.00000000 1.00000000
vn -0.00000000 0.00000000 1.00000000
vn 0.00000000 0.00000000 1.00000000
vn 0.00000000 0.00000000 1.00000000
vn 0.00000000 0.00000000 1.00000000
vn 0.00000000 -0.00000000 1.00000000
vn 0.00000000 0.00000000 1.00000000
vn -0.00000000 0.00000000 1.00000000
vn 0.00000000 0.00000000 1.00000000
vn 0.00000000 0.00000000 1.00000000
vn 0.00000000 0.00000000 1.00000000
vn -0.00000000 0.00000000 1.00000000
vn 0.00000000 0.00000000 1.00000000
vn -0.00000000 0.00000000 1.00000000
vn 0.00000000 -0.00000000 1.00000000
vn 0.00000000 -0.00000000 1.00000000
vn 0.00000000 0.00000000 1.00000000
vn 0.00000000 0.00000000 1.00000000
vn 0.00000000 0.00000000 1.00000000
vn 0.00000000 0.00000000 1.00000000
vn 0.00000000 0.00000000 1.00000000
vn 0.00000000 -0.00000000 1.00000000
vn 0.00000000 -0.00000000 1.00000000
vn 0.00000000 0.00000000 1.00000000
vn 0.00000000 0.00000000 1.00000000
vn -0.00000000 0.00000600 1.00000000
vn 0.00000000 0.00000000 1.00000000
vn 0.00000000 0.00000000 1.00000000
vn 0.00000000 0.00000000 1.00000000
vn 0.00000000 0.00000000 1.00000000
vn 0.00000000 0.00000000 1.00000000
vn 0.00000000 0.00000000 1.00000000
vn 0.00000000 0.00000000 1.00000000
vn 0.00000000 0.00000000 1.00000000
vn 0.00000000 0.00000000 1.00000000
vn 0.00000000 0.00000000 1.00000000
vn 0.00000000 0.00000000 1.00000000
vn 0.00000000 0.00000000 1.00000000
vn 0.00000000 0.00000000 1.00000000
vn 0.00000000 0.00000000 1.00000000
vn -0.00000000 0.00000000 1.00000000
vn 0.00000000 0.00000000 1.00000000
vn -0.00000000 0.00000000 1.00000000
vn 0.00000000 0.00000000 1.00000000
vn 0.00000000 0.00000000 1.00000000
vn 0.00000000 0.00000000 1.00000000
vn -0.00000000 0.00000000 1.00000000
vn 0.00000000 0.00000000 1.00000000
vn 0.00000000 -0.00000000 1.00000000
vn -0.00000000 0.00000000 1.00000000
vn 0.00000000 0.00000000 1.00000000
vn 0.00000000 -0.00000000 1.00000000
vn 0.00000000 0.00000000 1.00000000
vn 0.00000000 -0.00000600 1.00000000
vn 0.00000000 0.00000000 1.00000000
vn 0.00000000 -0.00000600 1.00000000
vn 0.00000000 -0.00000000 1.00000000
vn -0.00000000 0.00000300 1.00000000
vn 0.00000000 -0.00000000 1.00000000
vn 0.00000000 0.00000000 1.00000000
vn 0.00000000 0.00000000 1.00000000
vn 0.00000000 0.00000000 1.00000000
vn 0.00000000 0.00000000 1.00000000
vn 0.00000000 0.00000000 1.00000000
vn 0.00000000 0.00000000 1.00000000
vn 0.00000000 0.00000000 1.00000000
vn 0.00000000 -0.00000000 1.00000000
vn 0.00000000 -0.00000000 1.00000000
vn 0.00000000 0.00000000 1.00000000
vn 0.00000000 0.00000000 1.00000000
vn 0.51570000 0.85576400 0.04148300
vn 0.44498500 0.89510400 0.02786400
vn 0.27069400 0.96224900 0.02832200
vn 0.12423600 0.99018300 0.06405500
vn -0.15786400 0.98624800 0.04891900
vn -0.05697500 0.99372800 0.09621900
vn -0.36340100 0.92682600 0.09451700
vn -0.65040100 0.75404500 0.09162600
vn -0.51311600 0.84652900 0.14177800
vn -0.70714200 0.70707100 0.00000000
vn -0.85839500 0.50999200 0.05537400
vn -0.95802400 0.27606400 0.07732000
vn -0.95558500 0.29471700 0.00000000
vn -0.99823100 0.03736400 0.04624300
vn -0.97342400 -0.22195600 0.05639700
vn -0.98255600 -0.18596600 0.00000000
vn -0.89511300 -0.44496800 0.02786800
vn -0.85576300 -0.51570200 0.04147900
vn -0.84673900 -0.53200800 0.00000000
vn -0.51570300 -0.85576300 0.04147100
vn -0.53200900 -0.84673900 0.00000000
vn -0.44497800 -0.89510800 0.02786100
vn -0.27068900 -0.96225000 0.02831700
vn -0.12425200 -0.99018200 0.06403700
vn 0.15788600 -0.98624500 0.04890900
vn 0.05698400 -0.99372900 0.09620200
vn 0.36340000 -0.92682700 0.09450800
vn 0.65041500 -0.75403500 0.09160800
vn 0.51312100 -0.84653000 0.14175300
vn 0.70714300 -0.70707000 0.00000000
vn 0.85839400 -0.50999300 0.05537300
vn 0.95801000 -0.27611200 0.07732400
vn 0.95555600 -0.29481100 0.00000000
vn 0.99823100 -0.03737000 0.04624000
vn 0.97342500 0.22195300 0.05638800
vn 0.98254900 0.18600600 0.00000000
vn 0.89511300 0.44496900 0.02785600
vn 0.85576900 0.51569200 0.04148900
vn 0.84673900 0.53200800 0.00009500
vn 0.53203900 0.84672000 0.00014900
vn 0.70810300 -0.05975500 0.70357600
vn 0.65731300 0.26518300 0.70542000
vn 0.70300000 0.11450800 0.70191100
vn 0.70659100 -0.03920800 0.70653500
vn 0.67855500 -0.21887600 0.70118200
vn 0.60598600 -0.37291300 0.70265000
vn 0.60579700 -0.36482800 0.70704400
vn 0.50430700 -0.50431000 0.70096100
vn 0.40094800 -0.58655300 0.70370200
vn 0.32605400 -0.63828700 0.69733700
vn 0.14702400 -0.69653600 0.70229800
vn 0.21360900 -0.68726500 0.69429000
vn -0.00090800 -0.71346200 0.70069300
vn -0.18268100 -0.68577300 0.70451600
vn -0.13173500 -0.70198900 0.69989800
vn -0.32468700 -0.63194600 0.70372000
vn -0.46127900 -0.53727000 0.70609000
vn -0.53723200 -0.46132200 0.70609000
vn -0.65729900 -0.26521300 0.70542200
vn -0.64389400 -0.29602100 0.70553000
vn -0.70300500 -0.11448600 0.70190900
vn -0.70810200 0.05971300 0.70358100
vn -0.70658100 0.03930200 0.70654000
vn -0.67855500 0.21890300 0.70117300
vn -0.60598600 0.37291100 0.70265000
vn -0.60589200 0.36467000 0.70704300
vn -0.50431200 0.50430800 0.70095800
vn -0.40090800 0.58658100 0.70370100
vn -0.32607000 0.63827600 0.69733900
vn -0.14702600 0.69653600 0.70229700
vn -0.21358700 0.68726700 0.69429500
vn 0.00091400 0.71346100 0.70069400
vn 0.18271700 0.68576200 0.70451800
vn 0.13173900 0.70198800 0.69989800
vn 0.32469700 0.63194100 0.70372000
vn 0.46127900 0.53726900 0.70609100
vn 0.53724300 0.46131200 0.70608900
vn 0.64387800 0.29606200 0.70552700
vn 0.51570300 0.85576300 0.04146700
vn 0.44498100 0.89510600 0.02786100
vn 0.27070200 0.96224600 0.02832100
vn 0.12425400 0.99018200 0.06404200
vn -0.15786600 0.98624800 0.04892800
vn -0.05697300 0.99372700 0.09622800
vn -0.36338900 0.92683400 0.09447800
vn -0.65041600 0.75403300 0.09161200
vn -0.51311900 0.84653000 0.14175900
vn -0.70707000 0.70714400 0.00000000
vn -0.85839100 0.50999700 0.05538600
vn -0.95802100 0.27607500 0.07732300
vn -0.95558700 0.29470800 0.00000000
vn -0.99823200 0.03735900 0.04623800
vn -0.97341700 -0.22198400 0.05640800
vn -0.98255700 -0.18596100 0.00017300
vn -0.89509600 -0.44500200 0.02785300
vn -0.85576600 -0.51569900 0.04146800
vn -0.84673800 -0.53201000 0.00000000
vn -0.51569700 -0.85576600 0.04147800
vn -0.53200700 -0.84674000 0.00000000
vn -0.44499500 -0.89510000 0.02784600
vn -0.27068700 -0.96225100 0.02831700
vn -0.12421200 -0.99018400 0.06407900
vn 0.15788800 -0.98624500 0.04891000
vn 0.05699100 -0.99372900 0.09620500
vn 0.36340100 -0.92682800 0.09450100
vn 0.65040000 -0.75404600 0.09162100
vn 0.51310800 -0.84653400 0.14177400
vn 0.70706200 -0.70715100 0.00000000
vn 0.85839300 -0.50999500 0.05538300
vn 0.95801900 -0.27608000 0.07733000
vn 0.95556900 -0.29476700 0.00000000
vn 0.99823100 -0.03736600 0.04625100
vn 0.97342500 0.22195500 0.05639600
vn 0.98260000 0.18573200 0.00000000
vn 0.89509900 0.44499700 0.02785100
vn 0.85577100 0.51568800 0.04150000
vn 0.84668400 0.53209600 0.00000000
vn 0.53204300 0.84671700 0.00000000
vn 0.70810300 -0.05975300 0.70357700
vn 0.65729600 0.26521900 0.70542300
vn 0.70301400 0.11445800 0.70190500
vn 0.70658300 -0.03927800 0.70653900
vn 0.67855400 -0.21882300 0.70119900
vn 0.60598500 -0.37291000 0.70265200
vn 0.60578700 -0.36484400 0.70704400
vn 0.50431200 -0.50431500 0.70095300
vn 0.40095400 -0.58654900 0.70370200
vn 0.32606500 -0.63828000 0.69733800
vn 0.14703000 -0.69653300 0.70229900
vn 0.21361900 -0.68726200 0.69428900
vn -0.00089800 -0.71346000 0.70069600
vn -0.18268300 -0.68577400 0.70451400
vn -0.13175700 -0.70198100 0.69990200
vn -0.32471600 -0.63193300 0.70371900
vn -0.46128600 -0.53726300 0.70609100
vn -0.53723200 -0.46132000 0.70609200
vn -0.65729400 -0.26522400 0.70542200
vn -0.64391200 -0.29597400 0.70553300
vn -0.70299200 -0.11453100 0.70191500
vn -0.70810400 0.05975400 0.70357600
vn -0.70658300 0.03927500 0.70653900
vn -0.67855400 0.21886700 0.70118500
vn -0.60598500 0.37291800 0.70264800
vn -0.60578900 0.36484200 0.70704400
vn -0.50430700 0.50431100 0.70096000
vn -0.40091000 0.58657900 0.70370200
vn -0.32607500 0.63827700 0.69733700
vn -0.14702700 0.69653300 0.70230000
vn -0.21360800 0.68726500 0.69429000
vn 0.00090800 0.71346000 0.70069500
vn 0.18268100 0.68577200 0.70451700
vn 0.13179100 0.70197100 0.69990500
vn 0.32471900 0.63193000 0.70372000
vn 0.46129000 0.53725700 0.70609200
vn 0.53725700 0.46129100 0.70609100
vn 0.64388600 0.29603900 0.70553000
vn 0.51570800 0.85576100 0.04144900
vn 0.44498400 0.89510500 0.02784800
vn 0.27069500 0.96224900 0.02831200
vn 0.12422400 0.99018400 0.06406500
vn -0.15787200 0.98624700 0.04892200
vn -0.05699900 0.99372800 0.09620700
vn -0.36340900 0.92682100 0.09452900
vn -0.65040600 0.75404200 0.09161300
vn -0.51311200 0.84653200 0.14177300
vn -0.70710600 0.70710800 0.00000000
vn -0.85839600 0.50999000 0.05537900
vn -0.95802400 0.27606000 0.07733200
vn -0.95558100 0.29473000 0.00000000
vn -0.99822900 0.03736700 0.04628300
vn -0.97342000 -0.22197300 0.05639900
vn -0.98255500 -0.18597300 0.00000000
vn -0.89510400 -0.44498700 0.02784800
vn -0.85576400 -0.51570300 0.04146300
vn -0.84671700 -0.53204400 0.00000000
vn -0.51569700 -0.85576600 0.04148800
vn -0.53206500 -0.84670300 0.00000000
vn -0.44495500 -0.89511900 0.02787200
vn -0.27069000 -0.96225000 0.02832000
vn -0.12424200 -0.99018400 0.06403400
vn 0.15791200 -0.98624100 0.04891900
vn 0.05699500 -0.99372900 0.09620000
vn 0.36339600 -0.92683000 0.09449400
vn 0.65041000 -0.75404000 0.09160100
vn 0.51311200 -0.84653300 0.14176500
vn 0.70709100 -0.70712300 -0.00012700
vn 0.85839400 -0.50999200 0.05538900
vn 0.95800800 -0.27611400 0.07734000
vn 0.95557200 -0.29475900 0.00000000
vn 0.99823100 -0.03736500 0.04624100
vn 0.97343100 0.22192300 0.05640500
vn 0.98258400 0.18582100 0.00000000
vn 0.89510600 0.44498200 0.02785100
vn 0.85576700 0.51569600 0.04148200
vn 0.84670300 0.53206500 -0.00014800
vn 0.53204400 0.84671700 -0.00009500
vn 0.70810300 -0.05974800 0.70357700
vn 0.65729600 0.26521800 0.70542300
vn 0.70300900 0.11447600 0.70190700
vn 0.70658100 -0.03930000 0.70654000
vn 0.67855500 -0.21890100 0.70117400
vn 0.60598400 -0.37291300 0.70265100
vn 0.60588500 -0.36468500 0.70704200
vn 0.50431400 -0.50431600 0.70095100
vn 0.40094800 -0.58655100 0.70370400
vn 0.32605100 -0.63828800 0.69733700
vn 0.14702200 -0.69653500 0.70229900
vn 0.21359100 -0.68726700 0.69429400
vn -0.00089000 -0.71346100 0.70069400
vn -0.18271700 -0.68576400 0.70451500
vn -0.13175100 -0.70198400 0.69990000
vn -0.32472100 -0.63193200 0.70371700
vn -0.46131900 -0.53723400 0.70609100
vn -0.53724600 -0.46130300 0.70609200
vn -0.65731300 -0.26517800 0.70542200
vn -0.64388600 -0.29604200 0.70552800
vn -0.70300500 -0.11449300 0.70190800
vn -0.70810400 0.05975400 0.70357500
vn -0.70658100 0.03932200 0.70653900
vn -0.67855500 0.21891800 0.70116900
vn -0.60598500 0.37291700 0.70264800
vn -0.60579700 0.36482700 0.70704400
vn -0.50430600 0.50430400 0.70096600
vn -0.40091000 0.58657900 0.70370200
vn -0.32607200 0.63827600 0.69733900
vn -0.14702600 0.69653500 0.70229800
vn -0.21361600 0.68726400 0.69428900
vn 0.00090300 0.71346000 0.70069600
vn 0.18271700 0.68576200 0.70451800
vn 0.13180400 0.70196600 0.69990800
vn 0.32468500 0.63194400 0.70372300
vn 0.46128700 0.53726100 0.70609100
vn 0.53723500 0.46132000 0.70609000
vn 0.64388500 0.29604600 0.70552800
vn 0.51570500 0.85576200 0.04147200
vn 0.44497800 0.89510800 0.02786100
vn 0.27068900 0.96225000 0.02831700
vn 0.12424500 0.99018300 0.06403100
vn -0.15788700 0.98624500 0.04890800
vn -0.05698800 0.99372900 0.09620700
vn -0.36340100 0.92682700 0.09450800
vn -0.65041500 0.75403400 0.09161400
vn -0.51312700 0.84652500 0.14176000
vn -0.70714300 0.70707000 0.00000000
vn -0.85839400 0.50999300 0.05537300
vn -0.95801500 0.27609500 0.07732600
vn -0.95559000 0.29469900 0.00000000
vn -0.99823000 0.03737300 0.04626700
vn -0.97342600 -0.22195100 0.05638800
vn -0.98255700 -0.18596000 0.00000000
vn -0.89509300 -0.44501000 0.02783400
vn -0.85576400 -0.51570300 0.04145000
vn -0.84671700 -0.53204400 -0.00009500
vn -0.51569300 -0.85576800 0.04148800
vn -0.53206000 -0.84670600 -0.00014800
vn -0.44499300 -0.89510100 0.02783700
vn -0.27070100 -0.96224700 0.02830500
vn -0.12422600 -0.99018500 0.06404800
vn 0.15786400 -0.98624800 0.04891900
vn 0.05697500 -0.99372800 0.09621800
vn 0.36340000 -0.92682600 0.09451700
vn 0.65040000 -0.75404700 0.09162000
vn 0.51311000 -0.84653300 0.14177100
vn 0.70714200 -0.70707100 0.00000000
vn 0.85839300 -0.50999500 0.05537300
vn 0.95801200 -0.27610300 0.07733600
vn 0.95558400 -0.29471800 0.00000000
vn 0.99823100 -0.03736400 0.04624300
vn 0.97342400 0.22195600 0.05639700
vn 0.98255600 0.18596600 0.00000000
vn 0.89509600 0.44500400 0.02784700
vn 0.85576600 0.51569700 0.04147700
vn 0.84673900 0.53200800 0.00000000
vn 0.53200800 0.84673900 0.00000000
vn 0.70810300 -0.05975600 0.70357600
vn 0.65729400 0.26522400 0.70542300
vn 0.70300400 0.11449100 0.70190900
vn 0.70658400 -0.03926100 0.70653900
vn 0.67855500 -0.21886300 0.70118600
vn 0.60598400 -0.37291800 0.70264900
vn 0.60589400 -0.36467200 0.70704100
vn 0.50430800 -0.50431100 0.70095900
vn 0.40090700 -0.58658100 0.70370200
vn 0.32607300 -0.63827900 0.69733500
vn 0.14702600 -0.69653500 0.70229800
vn 0.21358500 -0.68726800 0.69429400
vn -0.00091500 -0.71346100 0.70069400
vn -0.18267700 -0.68577900 0.70451100
vn -0.13178100 -0.70197300 0.69990500
vn -0.32470300 -0.63193700 0.70372100
vn -0.46131300 -0.53723900 0.70609100
vn -0.53724400 -0.46130900 0.70609000
vn -0.65729400 -0.26522700 0.70542100
vn -0.64390300 -0.29599400 0.70553300
vn -0.70299000 -0.11453500 0.70191700
vn -0.70810300 0.05975400 0.70357600
vn -0.70658500 0.03925100 0.70653900
vn -0.67855500 0.21889500 0.70117600
vn -0.60598200 0.37295500 0.70263100
vn -0.60589100 0.36467000 0.70704400
vn -0.50430700 0.50431000 0.70096100
vn -0.40091100 0.58657900 0.70370200
vn -0.32605400 0.63828700 0.69733700
vn -0.14702400 0.69653600 0.70229800
vn -0.21360800 0.68726500 0.69429000
vn 0.00090700 0.71346200 0.70069300
vn 0.18268100 0.68577300 0.70451600
vn 0.13173500 0.70198800 0.69989900
vn 0.32468600 0.63194500 0.70372200
vn 0.46131200 0.53723900 0.70609100
vn 0.53726000 0.46128700 0.70609200
vn 0.64389400 0.29601800 0.70553100
vn 0.51569500 0.85576800 0.04147600
vn 0.44499300 0.89510100 0.02784200
vn 0.27068600 0.96225100 0.02831300
vn 0.12421300 0.99018400 0.06408000
vn -0.15787100 0.98624700 0.04892400
vn -0.05699100 0.99372900 0.09620600
vn -0.36340300 0.92682400 0.09453300
vn -0.65042400 0.75402700 0.09160800
vn -0.51311500 0.84653200 0.14176000
vn -0.70707200 0.70714200 0.00000000
vn -0.85839400 0.50999400 0.05537300
vn -0.95802300 0.27606500 0.07733200
vn -0.95556900 0.29476700 0.00000000
vn -0.99823100 0.03736100 0.04625200
vn -0.97343300 -0.22191600 0.05639900
vn -0.98258800 -0.18579900 0.00000000
vn -0.89510700 -0.44498100 0.02784900
vn -0.85576700 -0.51569700 0.04146600
vn -0.84674200 -0.53200400 0.00000000
vn -0.51569900 -0.85576500 0.04147800
vn -0.53200700 -0.84674000 0.00000000
vn -0.44496300 -0.89511500 0.02785900
vn -0.27068800 -0.96225100 0.02830500
vn -0.12420900 -0.99018600 0.06406500
vn 0.15786600 -0.98624800 0.04891600
vn 0.05697200 -0.99372700 0.09622800
vn 0.36338300 -0.92683700 0.09448100
vn 0.65042200 -0.75402900 0.09160300
vn 0.51312400 -0.84652600 0.14176400
vn 0.70707000 -0.70714400 0.00000000
vn 0.85839300 -0.50999500 0.05537500
vn 0.95801100 -0.27610700 0.07733500
vn 0.95556900 -0.29476800 0.00000000
vn 0.99823100 -0.03736500 0.04625100
vn 0.97343400 0.22191300 0.05640300
vn 0.98259000 0.18578800 0.00000000
vn 0.89511000 0.44497400 0.02785600
vn 0.85576500 0.51570000 0.04147000
vn 0.84673900 0.53200800 0.00000000
vn 0.53200700 0.84674000 0.00000000
vn 0.70810200 -0.05975100 0.70357700
vn 0.65731600 0.26517900 0.70541900
vn 0.70300400 0.11449300 0.70191000
vn 0.70658300 -0.03927800 0.70653900
vn 0.67855500 -0.21886300 0.70118600
vn 0.60598300 -0.37294500 0.70263600
vn 0.60573800 -0.36492300 0.70704500
vn 0.50430600 -0.50430500 0.70096500
vn 0.40095200 -0.58654800 0.70370300
vn 0.32607300 -0.63827900 0.69733600
vn 0.14702400 -0.69653800 0.70229600
vn 0.21360700 -0.68726500 0.69429000
vn -0.00091100 -0.71346000 0.70069500
vn -0.18268200 -0.68577600 0.70451300
vn -0.13179100 -0.70197100 0.69990600
vn -0.32471100 -0.63193500 0.70372000
vn -0.46129000 -0.53726000 0.70609000
vn -0.53723600 -0.46131800 0.70609000
vn -0.65729900 -0.26521500 0.70542100
vn -0.64388500 -0.29604300 0.70552900
vn -0.70301600 -0.11445900 0.70190300
vn -0.70810200 0.05970800 0.70358100
vn -0.70657700 0.03936700 0.70654000
vn -0.67855500 0.21886600 0.70118500
vn -0.60598600 0.37291100 0.70265100
vn -0.60581200 0.36480500 0.70704300
vn -0.50428600 0.50428800 0.70099200
vn -0.40090500 0.58658400 0.70370100
vn -0.32606700 0.63828100 0.69733600
vn -0.14699000 0.69654200 0.70229900
vn -0.21357900 0.68727000 0.69429400
vn 0.00089100 0.71346000 0.70069500
vn 0.18271700 0.68576200 0.70451800
vn 0.13175900 0.70198100 0.69990100
vn 0.32471500 0.63193100 0.70372100
vn 0.46128500 0.53726300 0.70609100
vn 0.53726200 0.46128700 0.70609000
vn 0.64387200 0.29607700 0.70552600
vn 0.51569700 0.85576600 0.04148800
vn 0.44499300 0.89510100 0.02784900
vn 0.27069000 0.96225000 0.02831300
vn 0.12424300 0.99018400 0.06403200
vn -0.15787100 0.98624700 0.04892400
vn -0.05699200 0.99372900 0.09619600
vn -0.36338600 0.92683400 0.09450000
vn -0.65041200 0.75403700 0.09161300
vn -0.51311700 0.84652900 0.14177100
vn -0.70709100 0.70712300 -0.00012700
vn -0.85839200 0.50999500 0.05538900
vn -0.95802000 0.27607600 0.07732400
vn -0.95557200 0.29475900 0.00000000
vn -0.99823100 0.03735900 0.04624200
vn -0.97342200 -0.22196500 0.05640700
vn -0.98258400 -0.18582100 0.00000000
vn -0.89510300 -0.44498700 0.02786100
vn -0.85576800 -0.51569400 0.04148100
vn -0.84670400 -0.53206500 -0.00014800
vn -0.51569600 -0.85576600 0.04149500
vn -0.53204400 -0.84671600 -0.00009500
vn -0.44498500 -0.89510500 0.02785200
vn -0.27069500 -0.96224900 0.02831600
vn -0.12424500 -0.99018400 0.06402400
vn 0.15787200 -0.98624700 0.04892500
vn 0.05698500 -0.99372800 0.09621100
vn 0.36338800 -0.92683200 0.09450200
vn 0.65040800 -0.75403900 0.09162500
vn 0.51311900 -0.84652700 0.14177800
vn 0.70710600 -0.70710800 0.00000000
vn 0.85839200 -0.50999700 0.05537900
vn 0.95802400 -0.27606200 0.07732600
vn 0.95558100 -0.29473000 0.00000000
vn 0.99823200 -0.03736000 0.04623800
vn 0.97342100 0.22197300 0.05639500
vn 0.98255500 0.18597300 0.00000000
vn 0.89510200 0.44499000 0.02785300
vn 0.85576400 0.51570300 0.04146300
vn 0.84671700 0.53204400 0.00000000
vn 0.53206500 0.84670300 0.00000000
vn 0.70810300 -0.05975500 0.70357700
vn 0.65729800 0.26522100 0.70542000
vn 0.70300300 0.11449600 0.70191000
vn 0.70658700 -0.03923000 0.70653800
vn 0.67855500 -0.21887400 0.70118300
vn 0.60598400 -0.37291800 0.70264900
vn 0.60579700 -0.36482700 0.70704400
vn 0.50430500 -0.50430500 0.70096600
vn 0.40094700 -0.58655200 0.70370300
vn 0.32607400 -0.63827800 0.69733500
vn 0.14702500 -0.69653400 0.70229900
vn 0.21358300 -0.68726800 0.69429500
vn -0.00088700 -0.71346000 0.70069600
vn -0.18268000 -0.68577400 0.70451500
vn -0.13179700 -0.70196900 0.69990600
vn -0.32468500 -0.63194700 0.70372100
vn -0.46131700 -0.53723700 0.70609000
vn -0.53723100 -0.46132000 0.70609300
vn -0.65729400 -0.26522700 0.70542100
vn -0.64384800 -0.29613100 0.70552500
vn -0.70299500 -0.11451900 0.70191400
vn -0.70810200 0.05974800 0.70357700
vn -0.70658900 0.03920900 0.70653700
vn -0.67855500 0.21885600 0.70118800
vn -0.60598600 0.37291300 0.70265000
vn -0.60583800 0.36476200 0.70704200
vn -0.50431400 0.50431500 0.70095100
vn -0.40091200 0.58657900 0.70370000
vn -0.32605000 0.63828900 0.69733700
vn -0.14702200 0.69653500 0.70229800
vn -0.21359200 0.68726800 0.69429200
vn 0.00088900 0.71345900 0.70069600
vn 0.18267300 0.68577500 0.70451700
vn 0.13179800 0.70196900 0.69990600
vn 0.32468200 0.63194700 0.70372200
vn 0.46128600 0.53726400 0.70609000
vn 0.53721600 0.46133500 0.70609400
vn 0.64388300 0.29604400 0.70553000
vn -0.23580100 -0.23217700 -0.94365900
vn -0.19753800 -0.19394300 -0.96091900
vn -0.05754900 -0.04884500 -0.99714700
vn 0.02872100 0.03390200 -0.99901200
vn 0.17254000 0.17618800 -0.96911700
vn 0.25237800 0.25604200 -0.93313900
vn 0.34656000 0.34509700 -0.87224100
vn 0.40770300 0.41074500 -0.81551600
vn 0.48667000 0.48797300 -0.72459300
vn 0.53821800 0.53953100 -0.64747700
vn 0.60416700 0.60242600 -0.52159800
vn 0.63466300 0.63568100 -0.43944600
vn 0.67556000 0.67570600 -0.29502600
vn 0.69214300 0.69228900 -0.20414100
vn 0.70704600 0.70616800 -0.03758800
vn 0.70693600 0.70592200 0.04375700
vn 0.69124900 0.69139200 0.21012400
vn 0.67686900 0.67701000 0.28897400
vn 0.62872000 0.62987600 0.45603400
vn 0.60711600 0.60406300 0.51625400
vn 0.52970000 0.53099200 0.66141100
vn 0.49616800 0.49745200 0.71158900
vn 0.38905400 0.39340600 0.83298800
vn 0.35985000 0.35472800 0.86294600
vn 0.23195100 0.23557700 0.94377000
vn 0.19383700 0.19743500 0.96096100
vn 0.04864900 0.05740700 0.99716500
vn -0.03396300 -0.02878100 0.99900900
vn -0.17629900 -0.17265100 0.96907700
vn -0.25611000 -0.25245300 0.93310000
vn -0.33143600 -0.33289700 0.88279700
vn -0.39802100 -0.39464400 0.82815200
vn -0.46385300 -0.46439100 0.75444100
vn -0.52827100 -0.52873100 0.66435900
vn -0.59307700 -0.59689400 0.54035000
vn -0.63570000 -0.63469800 0.43936800
vn -0.67574800 -0.67560700 0.29482100
vn -0.69230200 -0.69215400 0.20406000
vn -0.70617600 -0.70704100 0.03752600
vn -0.70593000 -0.70693000 -0.04373400
vn -0.69140400 -0.69126100 -0.21004200
vn -0.67701800 -0.67688100 -0.28892700
vn -0.62267300 -0.62152600 -0.47537800
vn -0.59231100 -0.60237100 -0.53508600
vn -0.50884300 -0.50940000 -0.69396700
vn -0.48529400 -0.48587100 -0.72692400
vn -0.38287800 -0.37338700 -0.84497700
vn -0.35484200 -0.35991800 -0.86287100
vn 0.59787700 -0.40829000 0.68981400
vn 0.50307500 -0.50918200 0.69831900
vn 0.64873400 -0.35790100 0.67160400
vn 0.88234900 -0.11953600 0.45516000
vn 0.81671900 -0.18520400 0.54650700
vn 0.77690900 -0.22598200 0.58766000
vn 0.73183000 -0.26690600 0.62704600
vn 0.73186600 -0.26686100 0.62702300
vn 0.73328300 -0.26640400 0.62556000
vn 0.66464700 -0.33857200 0.66604300
vn 0.67066600 -0.33596100 -0.66131500
vn 0.73165900 -0.26707500 -0.62717300
vn 0.77693100 -0.22592700 -0.58765300
vn 0.81683500 -0.18509300 -0.54637100
vn 0.86715500 -0.13719000 -0.47877100
vn 0.89841800 -0.10040000 -0.42751100
vn 0.93606100 -0.06488500 -0.34580300
vn 0.95568800 -0.04466500 -0.29097500
vn 0.98134400 -0.02097500 -0.19111100
vn 0.99126900 -0.00839500 -0.13158600
vn 0.99964600 -0.00000100 -0.02658700
vn 0.99965100 0.00000800 0.02642300
vn 0.99010100 -0.00972300 0.14002100
vn 0.98130600 -0.02014300 0.19139800
vn 0.95297700 -0.04607900 0.29951900
vn 0.93884500 -0.06102500 0.33889000
vn 0.89072800 -0.10927100 0.44120800
vn 0.50312300 -0.50914000 -0.69831400
vn 0.50302600 -0.50923000 -0.69832000
vn 0.62372000 -0.38455600 -0.68050700
vn 0.66383300 -0.33952400 -0.66637000
vn 0.11952700 -0.88236800 -0.45512600
vn 0.18514800 -0.81678000 -0.54643400
vn 0.22596900 -0.77688600 -0.58769600
vn 0.27674400 -0.72223700 -0.63386600
vn 0.33277500 -0.67317100 -0.66038000
vn 0.39143100 -0.61276400 -0.68651400
vn 0.49419500 -0.50577200 -0.70708300
vn 0.54278700 -0.45530000 -0.70575100
vn 0.49419200 -0.50576700 0.70708800
vn 0.39133400 -0.61288900 0.68645800
vn 0.33273600 -0.67320200 0.66036700
vn 0.26748800 -0.73053000 0.62831100
vn 0.21593800 -0.78416200 0.58177300
vn 0.16932200 -0.83061300 0.53048300
vn 0.13090500 -0.87345400 0.46897900
vn 0.09450000 -0.90398800 0.41698400
vn 0.06487000 -0.93606700 0.34579100
vn 0.04464600 -0.95570500 0.29091900
vn 0.02098300 -0.98134700 0.19109800
vn 0.00835000 -0.99129100 0.13142600
vn 0.00000000 -0.99965000 0.02645800
vn 0.00001100 -0.99964500 -0.02665400
vn 0.00978000 -0.99008400 -0.14013400
vn 0.02015900 -0.98128200 -0.19151900
vn 0.04608200 -0.95297200 -0.29953400
vn 0.06104100 -0.93883000 -0.33892900
vn 0.10923400 -0.89074100 -0.44119000
vn 0.23217400 -0.23580100 -0.94365900
vn 0.19394200 -0.19754400 -0.96091800
vn 0.04884300 -0.05755000 -0.99714700
vn -0.03389900 0.02872000 -0.99901300
vn -0.17618900 0.17253800 -0.96911700
vn -0.25604800 0.25239000 -0.93313400
vn -0.34509700 0.34656000 -0.87224100
vn -0.41076000 0.40771600 -0.81550200
vn -0.48797100 0.48666800 -0.72459500
vn -0.53953000 0.53822000 -0.64747800
vn -0.60244100 0.60418300 -0.52156300
vn -0.63567900 0.63466400 -0.43944700
vn -0.67570600 0.67556000 -0.29502700
vn -0.69228700 0.69214500 -0.20414200
vn -0.70617100 0.70704300 -0.03758600
vn -0.70592400 0.70693200 0.04380100
vn -0.69139100 0.69124900 0.21012800
vn -0.67700700 0.67687200 0.28897300
vn -0.62987600 0.62871900 0.45603600
vn -0.60406900 0.60712500 0.51623600
vn -0.53098100 0.52968200 0.66143500
vn -0.49745500 0.49617500 0.71158200
vn -0.39338300 0.38903800 0.83300600
vn -0.35471100 0.35983600 0.86295900
vn -0.23556900 0.23193900 0.94377500
vn -0.19743500 0.19382800 0.96096300
vn -0.05739700 0.04864600 0.99716600
vn 0.02878200 -0.03396200 0.99900900
vn 0.17263900 -0.17629300 0.96908000
vn 0.25241200 -0.25608300 0.93311800
vn 0.34657900 -0.34512100 0.87222400
vn 0.40768300 -0.41072900 0.81553500
vn 0.48661300 -0.48791600 0.72466900
vn 0.53820000 -0.53951000 0.64751000
vn 0.60418500 -0.60243900 0.52156200
vn 0.63468800 -0.63569300 0.43939300
vn 0.67560300 -0.67575400 0.29481800
vn 0.69215500 -0.69229900 0.20406800
vn 0.70703800 -0.70617900 0.03752800
vn 0.70693100 -0.70592900 -0.04373600
vn 0.69126200 -0.69140500 -0.21003800
vn 0.67687900 -0.67702000 -0.28892800
vn 0.62873600 -0.62988400 -0.45600200
vn 0.60712500 -0.60406400 -0.51624200
vn 0.52967100 -0.53097000 -0.66145200
vn 0.49615300 -0.49743600 -0.71161100
vn 0.38912700 -0.39348600 -0.83291600
vn 0.35991800 -0.35484300 -0.86287000
vn 0.11953900 0.88234900 0.45516100
vn 0.18520900 0.81671300 0.54651400
vn 0.22598900 0.77688600 0.58768800
vn 0.27677900 0.72220400 0.63388900
vn 0.33276600 0.67316600 0.66038900
vn 0.39137700 0.61282600 0.68649000
vn 0.50630700 0.50627000 0.69810100
vn 0.46673100 0.54029200 -0.70017600
vn 0.39147200 0.61278300 -0.68647400
vn 0.33280200 0.67313100 -0.66040700
vn 0.27674600 0.72223200 -0.63387100
vn 0.22593700 0.77691500 -0.58767000
vn 0.18510800 0.81681100 -0.54640100
vn 0.13718800 0.86715700 -0.47876800
vn 0.10040200 0.89841600 -0.42751300
vn 0.06489300 0.93604600 -0.34584200
vn 0.04466400 0.95568700 -0.29097500
vn 0.02097100 0.98134400 -0.19111400
vn 0.00839600 0.99126900 -0.13158500
vn 0.00000200 0.99964600 -0.02659100
vn -0.00000800 0.99965100 0.02642500
vn 0.00972400 0.99010100 0.14001800
vn 0.02014200 0.98130700 0.19139200
vn 0.04608400 0.95297100 0.29953800
vn 0.06102300 0.93884600 0.33888800
vn 0.10925600 0.89071800 0.44123000
vn 0.88236800 0.11952800 -0.45512700
vn 0.81675400 0.18516300 -0.54646900
vn 0.77689100 0.22596600 -0.58769100
vn 0.72220800 0.27677200 -0.63388800
vn 0.67314500 0.33278800 -0.66040000
vn 0.61282500 0.39142600 -0.68646300
vn 0.61279600 0.39144600 -0.68647700
vn 0.61621600 0.39645900 -0.68051300
vn 0.50000000 0.49999900 -0.70710700
vn 0.50002400 0.49996800 0.70711300
vn 0.61289000 0.39133200 0.68645800
vn 0.67320000 0.33274100 0.66036800
vn 0.73053000 0.26748900 0.62831100
vn 0.78416000 0.21593700 0.58177700
vn 0.83063100 0.16928100 0.53046900
vn 0.87344100 0.13090300 0.46900500
vn 0.90399100 0.09449800 0.41697700
vn 0.93607000 0.06487000 0.34578100
vn 0.95572000 0.04463700 0.29087300
vn 0.98135700 0.02097800 0.19104800
vn 0.99129000 0.00835100 0.13143200
vn 0.99964900 0.00000200 0.02650100
vn 0.99964500 0.00001100 -0.02665200
vn 0.99008400 0.00978200 -0.14013600
vn 0.98128300 0.02016300 -0.19151500
vn 0.95297100 0.04608700 -0.29953700
vn 0.93881400 0.06105200 -0.33897000
vn 0.89074100 0.10923400 -0.44119100
vn -0.23217300 -0.23580100 0.94366000
vn -0.19393700 -0.19754300 0.96091900
vn -0.04885700 -0.05756600 0.99714600
vn 0.03389600 0.02871500 0.99901300
vn 0.17618700 0.17253700 0.96911800
vn 0.25604700 0.25238800 0.93313500
vn 0.34510500 0.34656900 0.87223400
vn 0.41075700 0.40771400 0.81550500
vn 0.48797300 0.48666700 0.72459400
vn 0.53953000 0.53822000 0.64747700
vn 0.60242300 0.60416700 0.52160200
vn 0.63568000 0.63466400 0.43944600
vn 0.67569900 0.67556300 0.29503600
vn 0.69228700 0.69214200 0.20415100
vn 0.70617000 0.70704300 0.03760300
vn 0.70592300 0.70693400 -0.04378400
vn 0.69139200 0.69125000 -0.21011900
vn 0.67701200 0.67687100 -0.28896400
vn 0.62987900 0.62871600 -0.45603600
vn 0.60407300 0.60712100 -0.51623600
vn 0.53099300 0.52970100 -0.66141000
vn 0.49745600 0.49617400 -0.71158100
vn 0.39340300 0.38905600 -0.83298800
vn 0.35471200 0.35984000 -0.86295700
vn 0.23557800 0.23195300 -0.94377000
vn 0.19744000 0.19383800 -0.96096000
vn 0.05740800 0.04865100 -0.99716500
vn -0.02878200 -0.03396200 -0.99900900
vn -0.17265000 -0.17630000 -0.96907700
vn -0.25245600 -0.25611100 -0.93309900
vn -0.33288200 -0.33142200 -0.88280800
vn -0.39463900 -0.39804000 -0.82814500
vn -0.46440100 -0.46385100 -0.75443600
vn -0.52872300 -0.52827400 -0.66436300
vn -0.59689200 -0.59307400 -0.54035500
vn -0.63469400 -0.63569700 -0.43937700
vn -0.67560100 -0.67574600 -0.29483900
vn -0.69215500 -0.69230100 -0.20406100
vn -0.70703900 -0.70617800 -0.03752800
vn -0.70692800 -0.70593100 0.04375300
vn -0.69125500 -0.69140400 0.21006500
vn -0.67687900 -0.67701500 0.28893700
vn -0.62150800 -0.62266700 0.47541000
vn -0.60237200 -0.59231100 0.53508400
vn -0.50939700 -0.50884300 0.69397000
vn -0.48586500 -0.48529600 0.72692700
vn -0.37338400 -0.38287000 0.84498200
vn -0.35992000 -0.35483700 0.86287200
vn -0.50913600 0.50314300 -0.69830300
vn -0.61274800 0.39147100 -0.68650600
vn -0.67314000 0.33279400 -0.66040200
vn -0.72225600 0.27672200 -0.63385400
vn -0.77693700 0.22592700 -0.58764400
vn -0.81681500 0.18510900 -0.54639500
vn -0.86717600 0.13715600 -0.47874200
vn -0.86695700 0.13642300 -0.47934800
vn -0.85293700 0.14389600 -0.50178900
vn -0.91799000 0.07827500 -0.38880300
vn -0.93606600 0.06488200 -0.34578900
vn -0.95569400 0.04465800 -0.29095600
vn -0.98134500 0.02097300 -0.19110600
vn -0.99127000 0.00839400 -0.13158000
vn -0.99964600 -0.00000000 -0.02658900
vn -0.99965000 -0.00000900 0.02643800
vn -0.99010100 0.00972500 0.14002200
vn -0.98130000 0.02015000 0.19142500
vn -0.95298000 0.04607600 0.29951000
vn -0.93885600 0.06101000 0.33886200
vn -0.88681600 0.11473700 0.44765300
vn -0.33546000 0.67110900 -0.66112000
vn -0.40828900 0.59788300 -0.68980800
vn -0.50591200 0.49405300 -0.70708200
vn -0.11950500 0.88238800 -0.45509300
vn -0.18513800 0.81679000 -0.54642300
vn -0.22596500 0.77688600 -0.58769700
vn -0.26685800 0.73186900 -0.62702100
vn -0.33857600 0.66464300 -0.66604500
vn -0.33588500 0.67075400 0.66126400
vn -0.26716000 0.73158400 0.62722400
vn -0.22600000 0.77688400 0.58768600
vn -0.18523300 0.81668900 0.54654100
vn -0.13724200 0.86708000 0.47889200
vn -0.10043600 0.89838200 0.42757700
vn -0.06488100 0.93606100 0.34580400
vn -0.04466100 0.95569200 0.29096000
vn -0.02095800 0.98135300 0.19107000
vn -0.02097900 0.98133900 0.19113700
vn -0.02504500 0.97177400 0.23458200
vn 0.00005300 0.99685800 0.07921200
vn -0.00000300 0.99964900 0.02650600
vn -0.00001100 0.99964500 -0.02666200
vn -0.00978400 0.99008400 -0.14013400
vn -0.02016000 0.98127900 -0.19153300
vn -0.04609500 0.95295900 -0.29957400
vn -0.06103700 0.93884000 -0.33890200
vn -0.10924100 0.89073400 -0.44120100
vn -0.50915700 0.50311200 0.69831100
vn -0.50909000 0.50318000 0.69831000
vn -0.38446800 0.62384200 0.68044400
vn -0.33942500 0.66392500 0.66632900
vn -0.89938700 0.10041900 0.42546300
vn -0.83062600 0.16929600 0.53047000
vn -0.78418300 0.21589500 0.58176200
vn -0.73046900 0.26754900 0.62835600
vn -0.67313500 0.33279500 0.66040700
vn -0.61278900 0.39146400 0.68647400
vn -0.50597900 0.49398400 0.70708200
vn -0.45504200 0.54301400 0.70574300
vn 0.23579600 -0.23217800 0.94366000
vn 0.19753700 -0.19394000 0.96092000
vn 0.05756600 -0.04885700 0.99714600
vn -0.02871800 0.03389700 0.99901300
vn -0.17253900 0.17618600 0.96911700
vn -0.25237700 0.25604100 0.93313900
vn -0.34656800 0.34510500 0.87223400
vn -0.40771300 0.41075600 0.81550600
vn -0.48667000 0.48797600 0.72459100
vn -0.53821800 0.53953000 0.64747900
vn -0.60416700 0.60242400 0.52160100
vn -0.63467000 0.63568500 0.43943100
vn -0.67556000 0.67570200 0.29503400
vn -0.69214100 0.69228800 0.20415000
vn -0.70704500 0.70616800 0.03760500
vn -0.70693500 0.70592200 -0.04378600
vn -0.69125000 0.69139300 -0.21011500
vn -0.67687100 0.67701200 -0.28896500
vn -0.62872000 0.62987600 -0.45603400
vn -0.60712500 0.60407000 -0.51623500
vn -0.52970000 0.53099500 -0.66141000
vn -0.49617700 0.49745500 -0.71158100
vn -0.38905600 0.39340200 -0.83298900
vn -0.35983700 0.35471500 -0.86295700
vn -0.23195200 0.23557800 -0.94377000
vn -0.19383700 0.19744300 -0.96096000
vn -0.04865000 0.05740800 -0.99716500
vn 0.03396300 -0.02878100 -0.99900900
vn 0.17629200 -0.17264000 -0.96908000
vn 0.25610900 -0.25245300 -0.93310000
vn 0.34512400 -0.34657900 -0.87222300
vn 0.41071900 -0.40767100 -0.81554500
vn 0.48791900 -0.48661300 -0.72466800
vn 0.53950900 -0.53819700 -0.64751400
vn 0.60244800 -0.60419300 -0.52154300
vn 0.63569600 -0.63469500 -0.43937800
vn 0.67574300 -0.67560400 -0.29483900
vn 0.69230200 -0.69215300 -0.20406400
vn 0.70617500 -0.70704000 -0.03757200
vn 0.70593000 -0.70693200 0.04370500
vn 0.69140300 -0.69125500 0.21006900
vn 0.67701500 -0.67686700 0.28896700
vn 0.62989100 -0.62874000 0.45598700
vn 0.60405400 -0.60712000 0.51626000
vn 0.53097000 -0.52967200 0.66145200
vn 0.49742900 -0.49614000 0.71162400
vn 0.39348600 -0.38912700 0.83291600
vn 0.35483700 -0.35991900 0.86287300
vn -0.50631000 -0.50628400 -0.69808800
vn -0.39148100 -0.61281400 -0.68644100
vn -0.33280200 -0.67313500 -0.66040300
vn -0.26810600 -0.72997400 -0.62869400
vn -0.21657400 -0.78378500 -0.58204500
vn -0.17032600 -0.82985900 -0.53134000
vn -0.13135600 -0.87309600 -0.46952000
vn -0.09487300 -0.90364800 -0.41763600
vn -0.06489100 -0.93604700 -0.34583900
vn -0.04466200 -0.95568800 -0.29097400
vn -0.02097500 -0.98134400 -0.19111300
vn -0.00839200 -0.99127000 -0.13157700
vn -0.00000100 -0.99964600 -0.02659300
vn 0.00000900 -0.99965000 0.02644000
vn -0.00972600 -0.99010100 0.14002200
vn -0.02014800 -0.98130800 0.19138900
vn -0.04608200 -0.95297000 0.29953900
vn -0.06102000 -0.93884300 0.33889600
vn -0.11473000 -0.88682400 0.44763900
vn -0.88656400 -0.11509800 -0.44805800
vn -0.88660400 -0.11505600 -0.44799100
vn -0.80689500 -0.19123500 -0.55888200
vn -0.78374400 -0.21661100 -0.58208700
vn -0.78369100 -0.21610300 -0.58234700
vn -0.78543700 -0.20255100 -0.58486000
vn -0.69970100 -0.29993700 -0.64842600
vn -0.67317700 -0.33277000 -0.66037700
vn -0.61279600 -0.39144000 -0.68648100
vn -0.50003200 -0.49996700 -0.70710800
vn -0.50630600 -0.50627600 0.69809600
vn -0.61277600 -0.39141200 0.68651400
vn -0.67318700 -0.33275700 0.66037200
vn -0.73000200 -0.26807400 0.62867600
vn -0.78378700 -0.21657500 0.58204200
vn -0.82986200 -0.17031800 0.53133900
vn -0.87307400 -0.13135200 0.46956300
vn -0.90365300 -0.09486400 0.41762700
vn -0.93606100 -0.06488200 0.34580200
vn -0.95571200 -0.04464200 0.29089900
vn -0.98134500 -0.02097500 0.19110900
vn -0.99128500 -0.00835400 0.13146700
vn -0.99965000 -0.00000100 0.02645500
vn -0.99964500 -0.00001100 -0.02665900
vn -0.99008400 -0.00978300 -0.14013700
vn -0.98128000 -0.02016200 -0.19153000
vn -0.95296100 -0.04609600 -0.29956900
vn -0.93883900 -0.06103200 -0.33890500
vn -0.89887000 -0.10096000 -0.42642700
vn -0.87146700 -0.12762800 -0.47355700
vn -0.10042100 -0.89938800 0.42546200
vn -0.16929500 -0.83062500 0.53047300
vn -0.21589700 -0.78418100 0.58176300
vn -0.26754800 -0.73047000 0.62835600
vn -0.33279800 -0.67313200 0.66040900
vn -0.39145300 -0.61272400 0.68653800
vn -0.50002300 -0.49997100 0.70711100
vn 0.42002300 0.56903900 0.70694800
vn 0.38516700 0.59318600 0.70694900
vn 0.31167000 0.63489100 0.70694800
vn 0.27306400 0.65242600 0.70694800
vn 0.19329300 0.68034100 0.70694600
vn 0.15217500 0.69070200 0.70694700
vn 0.06870100 0.70392000 0.70694800
vn 0.02639700 0.70677100 0.70694900
vn -0.05808700 0.70487400 0.70695000
vn -0.10021700 0.70012800 0.70695000
vn -0.18301000 0.68317900 0.70694700
vn -0.22362100 0.67098400 0.70694700
vn -0.30206500 0.63951800 0.70694700
vn -0.33984000 0.62027000 0.70694700
vn -0.41139500 0.57530800 0.70694700
vn -0.44513000 0.54962200 0.70694800
vn -0.50750900 0.49260500 0.70694800
vn -0.53611500 0.46130600 0.70694900
vn -0.58731000 0.39407000 0.70694800
vn -0.60986900 0.35816900 0.70694800
vn -0.64823900 0.28286600 0.70694700
vn -0.66402300 0.24351600 0.70694700
vn -0.68832500 0.16257200 0.70695000
vn -0.69683000 0.12103800 0.70695000
vn -0.70629100 0.03705800 0.70695100
vn -0.70724500 -0.00533000 0.70694800
vn -0.70155900 -0.08966000 0.70694900
vn -0.69492600 -0.13153500 0.70694900
vn -0.67427900 -0.21347500 0.70694800
vn -0.66027500 -0.25349800 0.70694900
vn -0.62531900 -0.33045200 0.70695000
vn -0.60439800 -0.36732300 0.70694900
vn -0.55626900 -0.43679200 0.70694900
vn -0.52909900 -0.46933800 0.70694900
vn -0.46934200 -0.52909400 0.70694900
vn -0.43679200 -0.55626800 0.70695000
vn -0.36732300 -0.60439900 0.70694800
vn -0.33044300 -0.62532700 0.70694700
vn -0.25349500 -0.66027800 0.70694700
vn -0.21348000 -0.67428000 0.70694500
vn -0.13152700 -0.69493000 0.70694600
vn -0.08964900 -0.70156200 0.70694700
vn -0.00533400 -0.70724600 0.70694700
vn 0.03705400 -0.70629300 0.70695000
vn 0.12103700 -0.69683100 0.70694900
vn 0.16257700 -0.68832600 0.70694800
vn 0.24352000 -0.66401800 0.70695000
vn 0.28287100 -0.64823200 0.70695000
vn 0.35816700 -0.60986800 0.70694900
vn 0.39406700 -0.58731200 0.70694800
vn 0.46131300 -0.53611100 0.70694800
vn 0.49260600 -0.50750900 0.70694700
vn 0.54962300 -0.44513000 0.70694700
vn 0.57530700 -0.41139800 0.70694700
vn 0.62027200 -0.33983700 0.70694600
vn 0.63952100 -0.30205800 0.70694700
vn 0.67098600 -0.22361800 0.70694600
vn 0.68317700 -0.18301400 0.70694800
vn 0.70012800 -0.10022000 0.70694900
vn 0.70487500 -0.05808500 0.70694900
vn 0.70677000 0.02640500 0.70695000
vn 0.70392000 0.06870600 0.70694800
vn 0.69069700 0.15218300 0.70695000
vn 0.68034000 0.19329200 0.70694900
vn 0.65242800 0.27306200 0.70694800
vn 0.63489500 0.31166300 0.70694800
vn 0.59318300 0.38517400 0.70694700
vn 0.56903800 0.42002600 0.70694700
vn 0.51487700 0.48489700 0.70694900
vn 0.48489700 0.51487700 0.70694900
f 1//1 2//2 3//3
f 4//4 5//5 6//6
f 6//6 5//5 7//7
f 6//6 7//7 8//8
f 8//8 7//7 9//9
f 4//4 10//10 5//5
f 5//5 10//10 11//11
f 5//5 11//11 12//12
f 12//12 13//13 5//5
f 5//5 13//13 14//14
f 5//5 14//14 15//15
f 16//16 17//17 18//18
f 18//18 17//17 19//19
f 18//18 19//19 20//20
f 20//20 21//21 18//18
f 18//18 21//21 22//22
f 18//18 22//22 23//23
f 23//23 22//22 24//24
f 23//23 24//24 25//25
f 26//26 27//27 28//28
f 28//28 27//27 23//23
f 28//28 23//23 29//29
f 29//29 23//23 25//25
f 26//26 30//30 27//27
f 27//27 30//30 31//31
f 27//27 31//31 32//32
f 32//32 33//33 34//34
f 34//34 33//33 35//35
f 34//34 35//35 36//36
f 36//36 37//37 34//34
f 34//34 37//37 38//38
f 34//34 38//38 7//7
f 7//7 38//38 39//39
f 7//7 39//39 9//9
f 40//40 41//41 42//42
f 40//40 42//42 43//43
f 42//42 44//44 43//43
f 43//43 44//44 45//45
f 43//43 45//45 46//46
f 46//46 47//47 43//43
f 43//43 47//47 48//48
f 43//43 48//48 49//49
f 50//50 51//51 52//52
f 52//52 51//51 53//53
f 53//53 54//54 52//52
f 52//52 54//54 55//55
f 52//52 55//55 56//56
f 56//56 55//55 57//57
f 57//57 58//58 56//56
f 56//56 58//58 59//59
f 56//56 59//59 60//60
f 59//59 61//61 60//60
f 60//60 61//61 62//62
f 60//60 62//62 63//63
f 64//64 65//65 66//66
f 66//66 65//65 67//67
f 66//66 67//67 68//68
f 63//63 69//69 60//60
f 60//60 69//69 70//70
f 60//60 70//70 64//64
f 68//68 71//71 66//66
f 66//66 71//71 72//72
f 66//66 72//72 40//40
f 40//40 72//72 73//73
f 40//40 73//73 41//41
f 74//74 75//75 76//76
f 76//76 75//75 77//77
f 76//76 77//77 78//78
f 78//78 77//77 79//79
f 80//80 81//81 82//82
f 74//74 83//83 75//75
f 75//75 83//83 84//84
f 75//75 84//84 85//85
f 86//86 87//87 82//82
f 82//82 87//87 88//88
f 82//82 88//88 80//80
f 85//85 89//89 75//75
f 75//75 89//89 90//90
f 75//75 90//90 86//86
f 81//81 91//91 82//82
f 82//82 91//91 92//92
f 82//82 92//92 93//93
f 93//93 92//92 94//94
f 93//93 94//94 95//95
f 95//95 96//96 93//93
f 93//93 96//96 97//97
f 93//93 97//97 98//98
f 98//98 97//97 99//99
f 98//98 99//99 100//100
f 101//101 102//102 103//103
f 100//100 104//104 98//98
f 98//98 104//104 105//105
f 98//98 105//105 106//106
f 102//102 107//107 103//103
f 103//103 107//107 108//108
f 103//103 108//108 77//77
f 77//77 108//108 109//109
f 77//77 109//109 79//79
f 3//3 2//2 110//110
f 2//2 111//111 110//110
f 110//110 111//111 112//112
f 110//110 112//112 113//113
f 114//114 115//115 116//116
f 114//114 116//116 113//113
f 117//117 118//118 119//119
f 119//119 118//118 116//116
f 119//119 116//116 120//120
f 120//120 116//116 115//115
f 121//121 122//122 123//123
f 121//121 123//123 124//124
f 124//124 123//123 125//125
f 124//124 125//125 3//3
f 3//3 125//125 126//126
f 3//3 126//126 1//1
f 127//127 128//128 129//129
f 129//129 128//128 130//130
f 129//129 130//130 131//131
f 127//127 132//132 128//128
f 128//128 132//132 133//133
f 128//128 133//133 134//134
f 135//135 136//136 137//137
f 137//137 136//136 138//138
f 137//137 138//138 121//121
f 121//121 138//138 139//139
f 121//121 139//139 122//122
f 117//117 140//140 118//118
f 118//118 140//140 141//141
f 118//118 141//141 142//142
f 142//142 141//141 143//143
f 142//142 143//143 130//130
f 130//130 143//143 144//144
f 130//130 144//144 131//131
f 86//86 82//82 75//75
f 75//75 82//82 145//145
f 75//75 145//145 146//146
f 146//146 145//145 147//147
f 146//146 147//147 148//148
f 148//148 147//147 149//149
f 148//148 149//149 150//150
f 150//150 149//149 151//151
f 150//150 151//151 152//152
f 152//152 151//151 153//153
f 152//152 153//153 154//154
f 154//154 153//153 155//155
f 154//154 155//155 156//156
f 156//156 155//155 157//157
f 156//156 157//157 158//158
f 158//158 157//157 43//43
f 158//158 43//43 52//52
f 52//52 43//43 49//49
f 52//52 49//49 50//50
f 113//113 116//116 110//110
f 110//110 116//116 159//159
f 110//110 159//159 160//160
f 160//160 159//159 161//161
f 160//160 161//161 162//162
f 162//162 161//161 163//163
f 162//162 163//163 164//164
f 164//164 163//163 165//165
f 164//164 165//165 166//166
f 166//166 165//165 167//167
f 166//166 167//167 168//168
f 168//168 167//167 169//169
f 168//168 169//169 170//170
f 170//170 169//169 98//98
f 170//170 98//98 103//103
f 103//103 98//98 106//106
f 103//103 106//106 101//101
f 32//32 34//34 27//27
f 27//27 34//34 171//171
f 27//27 171//171 172//172
f 172//172 171//171 173//173
f 172//172 173//173 174//174
f 174//174 173//173 175//175
f 174//174 175//175 176//176
f 176//176 175//175 177//177
f 176//176 177//177 178//178
f 178//178 177//177 179//179
f 178//178 179//179 180//180
f 180//180 179//179 181//181
f 180//180 181//181 182//182
f 182//182 181//181 128//128
f 182//182 128//128 137//137
f 137//137 128//128 134//134
f 137//137 134//134 135//135
f 64//64 66//66 60//60
f 60//60 66//66 183//183
f 60//60 183//183 184//184
f 184//184 183//183 185//185
f 184//184 185//185 186//186
f 186//186 185//185 187//187
f 186//186 187//187 188//188
f 188//188 187//187 189//189
f 188//188 189//189 190//190
f 190//190 189//189 191//191
f 190//190 191//191 192//192
f 192//192 191//191 193//193
f 192//192 193//193 194//194
f 194//194 193//193 195//195
f 194//194 195//195 196//196
f 196//196 195//195 5//5
f 196//196 5//5 18//18
f 18//18 5//5 15//15
f 18//18 15//15 16//16
f 199//199 202//202 205//205
f 206//206 203//203 209//209
f 204//204 208//208 210//210
f 211//211 207//207 213//213
f 212//212 214//214 216//216
f 218//218 215//215 219//219
f 217//217 220//220 222//222
f 223//223 221//221 226//226
f 222//222 224//224 227//227
f 228//228 225//225 229//229
f 227//227 230//230 233//233
f 232//232 231//231 234//234
f 233//233 236//236 237//237
f 238//238 235//235 239//239
f 237//237 240//240 242//242
f 243//243 241//241 245//245
f 242//242 246//246 247//247
f 244//244 250//250 249//249
f 248//248 251//251 252//252
f 247//247 254//254 257//257
f 256//256 253//253 258//258
f 255//255 259//259 262//262
f 263//263 260//260 265//265
f 261//261 264//264 267//267
f 268//268 266//266 270//270
f 269//269 272//272 275//275
f 274//274 271//271 276//276
f 273//273 277//277 280//280
f 279//279 278//278 281//281
f 279//279 281//281 282//282
f 282//282 281//281 283//283
f 282//282 283//283 284//284
f 284//284 283//283 285//285
f 284//284 285//285 286//286
f 286//286 285//285 288//288
f 287//287 290//290 291//291
f 295//295 296//296 299//299
f 289//289 303//303 292//292
f 293//293 302//302 304//304
f 293//293 306//306 307//307
f 309//309 305//305 310//310
f 308//308 312//312 315//315
f 314//314 311//311 316//316
f 313//313 317//317 320//320
f 319//319 318//318 322//322
f 319//319 322//322 324//324
f 323//323 321//321 325//325
f 324//324 327//327 328//328
f 330//330 326//326 333//333
f 329//329 331//331 336//336
f 334//334 332//332 338//338
f 335//335 339//339 341//341
f 340//340 337//337 344//344
f 341//341 342//342 299//299
f 301//301 343//343 346//346
f 300//300 345//345 294//294
f 347//347 348//348 296//296
f 298//298 349//349 352//352
f 297//297 351//351 353//353
f 354//354 350//350 357//357
f 355//355 356//356 358//358
f 358//358 356//356 359//359
f 358//358 359//359 362//362
f 361//361 360//360 365//365
f 363//363 366//366 367//367
f 369//369 364//364 371//371
f 368//368 370//370 373//373
f 374//374 372//372 377//377
f 375//375 378//378 380//380
f 379//379 376//376 383//383
f 381//381 382//382 385//385
f 385//385 382//382 386//386
f 384//384 387//387 197//197
f 200//200 386//386 389//389
f 198//198 388//388 201//201
f 390//390 391//391 392//392
f 393//393 394//394 395//395
f 396//396 397//397 398//398
f 396//396 398//398 399//399
f 397//397 400//400 398//398
f 398//398 400//400 401//401
f 398//398 401//401 402//402
f 400//400 403//403 401//401
f 401//401 403//403 404//404
f 401//401 404//404 405//405
f 406//406 407//407 408//408
f 408//408 407//407 409//409
f 408//408 409//409 410//410
f 398//398 411//411 399//399
f 399//399 411//411 412//412
f 399//399 412//412 413//413
f 413//413 412//412 410//410
f 413//413 410//410 414//414
f 414//414 410//410 409//409
f 401//401 415//415 416//416
f 416//416 417//417 401//401
f 401//401 417//417 418//418
f 401//401 418//418 402//402
f 419//419 420//420 421//421
f 401//401 422//422 423//423
f 424//424 425//425 426//426
f 426//426 425//425 427//427
f 426//426 427//427 428//428
f 423//423 429//429 401//401
f 401//401 429//429 430//430
f 401//401 430//430 415//415
f 424//424 430//430 431//431
f 424//424 431//431 425//425
f 428//428 427//427 432//432
f 432//432 427//427 433//433
f 432//432 433//433 434//434
f 434//434 433//433 435//435
f 434//434 435//435 421//421
f 421//421 435//435 436//436
f 421//421 436//436 419//419
f 437//437 438//438 421//421
f 421//421 438//438 439//439
f 421//421 439//439 434//434
f 394//394 440//440 395//395
f 395//395 440//440 441//441
f 395//395 441//441 437//437
f 442//442 443//443 444//444
f 444//444 443//443 445//445
f 444//444 445//445 446//446
f 447//447 448//448 445//445
f 445//445 448//448 449//449
f 445//445 449//449 446//446
f 450//450 451//451 452//452
f 452//452 451//451 453//453
f 452//452 453//453 454//454
f 455//455 456//456 457//457
f 457//457 456//456 458//458
f 457//457 458//458 450//450
f 459//459 460//460 390//390
f 390//390 460//460 461//461
f 390//390 461//461 457//457
f 457//457 461//461 462//462
f 457//457 462//462 455//455
f 408//408 463//463 464//464
f 465//465 466//466 390//390
f 467//467 468//468 469//469
f 469//469 468//468 470//470
f 469//469 470//470 471//471
f 471//471 470//470 472//472
f 471//471 472//472 410//410
f 410//410 472//472 473//473
f 410//410 473//473 408//408
f 408//408 473//473 474//474
f 408//408 474//474 463//463
f 465//465 390//390 464//464
f 466//466 475//475 390//390
f 390//390 475//475 476//476
f 390//390 476//476 459//459
f 467//467 476//476 477//477
f 467//467 477//477 468//468
f 478//478 479//479 457//457
f 457//457 479//479 480//480
f 457//457 480//480 390//390
f 390//390 480//480 481//481
f 390//390 481//481 482//482
f 482//482 483//483 390//390
f 390//390 483//483 484//484
f 390//390 484//484 391//391
f 391//391 484//484 485//485
f 450//450 452//452 457//457
f 457//457 452//452 486//486
f 457//457 486//486 478//478
f 485//485 487//487 391//391
f 391//391 487//487 488//488
f 391//391 488//488 452//452
f 452//452 488//488 489//489
f 452//452 489//489 486//486
f 490//490 491//491 445//445
f 392//392 492//492 493//493
f 494//494 495//495 391//391
f 392//392 493//493 443//443
f 495//495 496//496 391//391
f 391//391 496//496 497//497
f 391//391 497//497 392//392
f 392//392 497//497 498//498
f 392//392 498//498 492//492
f 493//493 499//499 443//443
f 443//443 499//499 500//500
f 443//443 500//500 445//445
f 445//445 500//500 501//501
f 445//445 501//501 490//490
f 454//454 502//502 452//452
f 452//452 502//502 503//503
f 452//452 503//503 391//391
f 391//391 447//447 445//445
f 391//391 445//445 494//494
f 494//494 445//445 491//491
f 420//420 422//422 421//421
f 421//421 422//422 401//401
f 421//421 401//401 408//408
f 408//408 401//401 405//405
f 408//408 405//405 406//406
f 504//504 505//505 395//395
f 437//437 421//421 395//395
f 395//395 421//421 506//506
f 395//395 506//506 504//504
f 392//392 507//507 508//508
f 505//505 509//509 395//395
f 395//395 509//509 443//443
f 395//395 443//443 393//393
f 393//393 443//443 442//442
f 509//509 510//510 443//443
f 443//443 510//510 511//511
f 443//443 511//511 392//392
f 392//392 511//511 512//512
f 392//392 512//512 507//507
f 513//513 514//514 421//421
f 421//421 514//514 515//515
f 421//421 515//515 506//506
f 464//464 390//390 408//408
f 408//408 390//390 392//392
f 408//408 392//392 421//421
f 421//421 392//392 508//508
f 421//421 508//508 513//513
f 516//516 517//517 518//518
f 518//518 517//517 519//519
f 518//518 519//519 520//520
f 520//520 519//519 521//521
f 521//521 522//522 520//520
f 520//520 522//522 523//523
f 520//520 523//523 524//524
f 525//525 526//526 527//527
f 527//527 526//526 528//528
f 528//528 529//529 527//527
f 527//527 529//529 530//530
f 527//527 530//530 531//531
f 531//531 532//532 527//527
f 527//527 532//532 533//533
f 527//527 533//533 534//534
f 534//534 533//533 535//535
f 535//535 536//536 534//534
f 534//534 536//536 537//537
f 534//534 537//537 538//538
f 538//538 537//537 539//539
f 538//538 539//539 540//540
f 541//541 542//542 543//543
f 543//543 542//542 544//544
f 543//543 544//544 518//518
f 518//518 544//544 545//545
f 518//518 545//545 516//516
f 546//546 547//547 548//548
f 548//548 547//547 549//549
f 548//548 549//549 550//550
f 550//550 549//549 551//551
f 550//550 551//551 552//552
f 552//552 553//553 550//550
f 550//550 553//553 554//554
f 550//550 554//554 555//555
f 556//556 557//557 558//558
f 558//558 557//557 559//559
f 558//558 559//559 560//560
f 560//560 561//561 558//558
f 558//558 561//561 562//562
f 558//558 562//562 563//563
f 563//563 562//562 564//564
f 563//563 564//564 565//565
f 565//565 566//566 563//563
f 563//563 566//566 567//567
f 563//563 567//567 568//568
f 568//568 567//567 569//569
f 570//570 571//571 572//572
f 571//571 573//573 572//572
f 572//572 573//573 574//574
f 572//572 574//574 548//548
f 548//548 574//574 575//575
f 548//548 575//575 546//546
f 576//576 577//577 578//578
f 579//579 580//580 581//581
f 579//579 581//581 578//578
f 578//578 581//581 582//582
f 578//578 582//582 576//576
f 583//583 584//584 585//585
f 584//584 586//586 585//585
f 585//585 586//586 587//587
f 585//585 587//587 588//588
f 588//588 589//589 585//585
f 585//585 589//589 590//590
f 585//585 590//590 591//591
f 592//592 593//593 594//594
f 592//592 594//594 595//595
f 590//590 596//596 591//591
f 591//591 596//596 597//597
f 591//591 597//597 594//594
f 594//594 597//597 598//598
f 594//594 598//598 595//595
f 599//599 600//600 601//601
f 601//601 600//600 602//602
f 602//602 603//603 601//601
f 601//601 603//603 604//604
f 601//601 604//604 579//579
f 579//579 604//604 605//605
f 579//579 605//605 580//580
f 593//593 599//599 594//594
f 594//594 599//599 601//601
f 594//594 601//601 606//606
f 606//606 601//601 607//607
f 606//606 607//607 608//608
f 608//608 607//607 609//609
f 608//608 609//609 610//610
f 610//610 609//609 611//611
f 610//610 611//611 612//612
f 612//612 611//611 613//613
f 612//612 613//613 614//614
f 614//614 613//613 615//615
f 614//614 615//615 616//616
f 616//616 615//615 617//617
f 616//616 617//617 527//527
f 527//527 617//617 520//520
f 527//527 520//520 525//525
f 525//525 520//520 524//524
f 540//540 541//541 538//538
f 538//538 541//541 543//543
f 538//538 543//543 618//618
f 618//618 543//543 619//619
f 618//618 619//619 620//620
f 620//620 619//619 621//621
f 620//620 621//621 622//622
f 622//622 621//621 623//623
f 622//622 623//623 624//624
f 624//624 623//623 625//625
f 624//624 625//625 626//626
f 626//626 625//625 627//627
f 626//626 627//627 628//628
f 628//628 627//627 629//629
f 628//628 629//629 630//630
f 630//630 629//629 631//631
f 632//632 633//633 634//634
f 633//633 635//635 634//634
f 634//634 635//635 636//636
f 634//634 636//636 637//637
f 637//637 638//638 634//634
f 634//634 638//638 639//639
f 634//634 639//639 631//631
f 631//631 639//639 640//640
f 640//640 641//641 631//631
f 631//631 641//641 642//642
f 631//631 642//642 643//643
f 643//643 644//644 631//631
f 631//631 644//644 645//645
f 631//631 645//645 630//630
f 630//630 645//645 646//646
f 646//646 647//647 630//630
f 630//630 647//647 648//648
f 630//630 648//648 649//649
f 649//649 650//650 630//630
f 630//630 650//650 651//651
f 630//630 651//651 652//652
f 652//652 651//651 653//653
f 652//652 653//653 654//654
f 654//654 655//655 652//652
f 652//652 655//655 656//656
f 652//652 656//656 657//657
f 657//657 632//632 652//652
f 652//652 632//632 634//634
f 652//652 634//634 658//658
f 658//658 634//634 659//659
f 658//658 659//659 660//660
f 660//660 659//659 661//661
f 660//660 661//661 662//662
f 662//662 661//661 663//663
f 662//662 663//663 664//664
f 664//664 663//663 665//665
f 664//664 665//665 666//666
f 666//666 665//665 667//667
f 666//666 667//667 668//668
f 668//668 667//667 669//669
f 668//668 669//669 572//572
f 572//572 669//669 568//568
f 572//572 568//568 570//570
f 570//570 568//568 569//569
f 555//555 556//556 550//550
f 550//550 556//556 558//558
f 550//550 558//558 670//670
f 670//670 558//558 671//671
f 670//670 671//671 672//672
f 672//672 671//671 673//673
f 672//672 673//673 674//674
f 674//674 673//673 675//675
f 674//674 675//675 676//676
f 676//676 675//675 677//677
f 676//676 677//677 678//678
f 678//678 677//677 679//679
f 678//678 679//679 680//680
f 680//680 679//679 681//681
f 680//680 681//681 585//585
f 585//585 681//681 578//578
f 585//585 578//578 583//583
f 583//583 578//578 577//577
f 682//682 686//686 689//689
f 694//694 697//697 699//699
f 705//705 709//709 710//710
f 712//712 715//715 723//723
f 726//726 728//728 722//722
f 723//723 729//729 736//736
f 738//738 739//739 741//741
f 729//729 745//745 736//736
f 734//734 744//744 746//746
f 731//731 747//747 737//737
f 739//739 748//748 750//750
f 751//751 749//749 754//754
f 752//752 755//755 756//756
f 757//757 753//753 760//760
f 758//758 759//759 761//761
f 761//761 759//759 762//762
f 763//763 764//764 765//765
f 762//762 766//766 767//767
f 767//767 768//768 762//762
f 714//714 769//769 772//772
f 713//713 770//770 717//717
f 716//716 771//771 773//773
f 718//718 774//774 727//727
f 709//709 775//775 723//723
f 725//725 776//776 777//777
f 724//724 778//778 711//711
f 701//701 779//779 707//707
f 709//709 781//781 782//782
f 709//709 782//782 710//710
f 698//698 783//783 703//703
f 704//704 784//784 785//785
f 700//700 786//786 780//780
f 789//789 696//696 792//792
f 803//803 689//689 805//805
f 805//805 689//689 806//806
f 805//805 806//806 815//815
f 815//815 806//806 816//816
f 818//818 823//823 806//806
f 811//811 824//824 825//825
f 806//806 826//826 816//816
f 827//827 829//829 834//834
f 833//833 828//828 840//840
f 838//838 841//841 817//817
f 821//821 842//842 844//844
f 818//818 843//843 823//823
f 846//846 847//847 834//834
f 834//834 847//847 848//848
f 834//834 848//848 827//827
f 849//849 850//850 858//858
f 851//851 862//862 859//859
f 858//858 863//863 864//864
f 858//858 864//864 865//865
f 848//848 866//866 870//870
f 869//869 867//867 871//871
f 868//868 873//873 876//876
f 875//875 872//872 879//879
f 874//874 877//877 880//880
f 881//881 878//878 883//883
f 882//882 884//884 887//887
f 886//886 885//885 889//889
f 888//888 890//890 892//892
f 891//891 889//889 894//894
f 895//895 857//857 897//897
f 898//898 858//858 899//899
f 894//894 849//849 891//891
f 891//891 849//849 858//858
f 893//893 855//855 901//901
f 902//902 854//854 896//896
f 904//904 906//906 732//732
f 736//736 905//905 908//908
f 736//736 908//908 858//858
f 856//856 907//907 909//909
f 853//853 910//910 912//912
f 738//738 741//741 736//736
f 736//736 741//741 915//915
f 733//733 914//914 903//903
f 916//916 900//900 918//918
f 919//919 899//899 858//858
f 920//920 852//852 922//922
f 921//921 858//858 911//911
f 917//917 923//923 925//925
f 926//926 924//924 928//928
f 927//927 930//930 932//932
f 931//931 929//929 935//935
f 933//933 936//936 939//939
f 938//938 934//934 941//941
f 937//937 942//942 742//742
f 740//740 940//940 943//943
f 743//743 944//944 913//913
f 820//820 945//945 947//947
f 946//946 818//818 951//951
f 949//949 819//819 807//807
f 950//950 812//812 952//952
f 948//948 954//954 818//818
f 822//822 955//955 958//958
f 818//818 956//956 834//834
f 839//839 957//957 960//960
f 836//836 959//959 961//961
f 963//963 967//967 972//972
f 972//972 967//967 834//834
f 973//973 835//835 975//975
f 974//974 837//837 962//962
f 964//964 976//976 970//970
f 968//968 977//977 978//978
f 969//969 980//980 814//814
f 809//809 979//979 981//981
f 810//810 982//982 953//953
f 984//984 985//985 802//802
f 793//793 986//986 987//987
f 804//804 787//787 692//692
f 691//691 788//788 790//790
f 690//690 799//799 683//683
f 684//684 798//798 988//988
f 685//685 990//990 687//687
f 693//693 989//989 993//993
f 688//688 991//991 808//808
f 813//813 992//992 994//994
f 996//996 967//967 998//998
f 998//998 967//967 806//806
f 998//998 806//806 999//999
f 999//999 806//806 995//995
f 997//997 1001//1001 971//971
f 967//967 1000//1000 1002//1002
f 967//967 1002//1002 794//794
f 791//791 1003//1003 1005//1005
f 794//794 1004//1004 983//983
f 702//702 1006//1006 1010//1010
f 695//695 704//704 794//794
f 794//794 704//704 1008//1008
f 801//801 1009//1009 1012//1012
f 1011//1011 1014//1014 796//796
f 794//794 1013//1013 1015//1015
f 794//794 1015//1015 1017//1017
f 719//719 1019//1019 1021//1021
f 865//865 846//846 858//858
f 861//861 845//845 832//832
f 860//860 831//831 735//735
f 730//730 830//830 966//966
f 736//736 967//967 723//723
f 720//720 965//965 795//795
f 721//721 797//797 1020//1020
f 1018//1018 800//800 1016//1016
f 1022//1022 1023//1023 723//723
f 723//723 1023//1023 1024//1024
f 723//723 1024//1024 709//709
f 706//706 1025//1025 1026//1026
f 1027//1027 1028//1028 709//709
f 708//708 1029//1029 1030//1030
f 709//709 1031//1031 704//704
f 704//704 1031//1031 1032//1032
f 704//704 1032//1032 1007//1007
f 1033//1033 1034//1034 1035//1035
f 1035//1035 1034//1034 1036//1036
f 1035//1035 1036//1036 1037//1037
f 1036//1036 1038//1038 1037//1037
f 1037//1037 1038//1038 1039//1039
f 1037//1037 1039//1039 1040//1040
f 1040//1040 1039//1039 1041//1041
f 1041//1041 1042//1042 1040//1040
f 1040//1040 1042//1042 1043//1043
f 1040//1040 1043//1043 1044//1044
f 1043//1043 1045//1045 1044//1044
f 1044//1044 1045//1045 1046//1046
f 1044//1044 1046//1046 1047//1047
f 1046//1046 1048//1048 1047//1047
f 1047//1047 1048//1048 1049//1049
f 1047//1047 1049//1049 1050//1050
f 1049//1049 1051//1051 1050//1050
f 1052//1052 1053//1053 1054//1054
f 1052//1052 1054//1054 1055//1055
f 1055//1055 1054//1054 1056//1056
f 1055//1055 1056//1056 1057//1057
f 1056//1056 1058//1058 1057//1057
f 1057//1057 1058//1058 1059//1059
f 1057//1057 1059//1059 1060//1060
f 1060//1060 1059//1059 1061//1061
f 1061//1061 1062//1062 1060//1060
f 1060//1060 1062//1062 1063//1063
f 1060//1060 1063//1063 1064//1064
f 1063//1063 1065//1065 1064//1064
f 1064//1064 1065//1065 1066//1066
f 1064//1064 1066//1066 1067//1067
f 1066//1066 1068//1068 1067//1067
f 1067//1067 1068//1068 1069//1069
f 1067//1067 1069//1069 1070//1070
f 1070//1070 1069//1069 1071//1071
f 1033//1033 1072//1072 1034//1034
f 1073//1073 1074//1074 1075//1075
f 1075//1075 1076//1076 1073//1073
f 1073//1073 1076//1076 1077//1077
f 1073//1073 1077//1077 1078//1078
f 1077//1077 1079//1079 1078//1078
f 1078//1078 1079//1079 1080//1080
f 1078//1078 1080//1080 1081//1081
f 1081//1081 1080//1080 1082//1082
f 1081//1081 1082//1082 1083//1083
f 1082//1082 1084//1084 1083//1083
f 1083//1083 1084//1084 1085//1085
f 1083//1083 1085//1085 1086//1086
f 1085//1085 1087//1087 1086//1086
f 1086//1086 1087//1087 1088//1088
f 1086//1086 1088//1088 1089//1089
f 1089//1089 1088//1088 1090//1090
f 1089//1089 1090//1090 1091//1091
f 1090//1090 1092//1092 1091//1091
f 1091//1091 1092//1092 1093//1093
f 1091//1091 1093//1093 1094//1094
f 1093//1093 1095//1095 1094//1094
f 1094//1094 1095//1095 1096//1096
f 1094//1094 1096//1096 1097//1097
f 1096//1096 1098//1098 1097//1097
f 1097//1097 1098//1098 1099//1099
f 1097//1097 1099//1099 1100//1100
f 1100//1100 1099//1099 1101//1101
f 1100//1100 1101//1101 1102//1102
f 1101//1101 1103//1103 1102//1102
f 1102//1102 1103//1103 1104//1104
f 1102//1102 1104//1104 1105//1105
f 1104//1104 1106//1106 1105//1105
f 1105//1105 1106//1106 1107//1107
f 1105//1105 1107//1107 1108//1108
f 1108//1108 1107//1107 1109//1109
f 1108//1108 1109//1109 1074//1074
f 1074//1074 1109//1109 1110//1110
f 1074//1074 1110//1110 1075//1075
f 1111//1111 1112//1112 1113//1113
f 1113//1113 1112//1112 1114//1114
f 1113//1113 1114//1114 1115//1115
f 1114//1114 1116//1116 1115//1115
f 1115//1115 1116//1116 1117//1117
f 1115//1115 1117//1117 1118//1118
f 1118//1118 1117//1117 1119//1119
f 1119//1119 1120//1120 1118//1118
f 1118//1118 1120//1120 1121//1121
f 1118//1118 1121//1121 1122//1122
f 1121//1121 1123//1123 1122//1122
f 1122//1122 1123//1123 1124//1124
f 1122//1122 1124//1124 1125//1125
f 1124//1124 1126//1126 1125//1125
f 1125//1125 1126//1126 1127//1127
f 1125//1125 1127//1127 1128//1128
f 1127//1127 1129//1129 1128//1128
f 1130//1130 1131//1131 1132//1132
f 1130//1130 1132//1132 1133//1133
f 1133//1133 1132//1132 1134//1134
f 1133//1133 1134//1134 1135//1135
f 1134//1134 1136//1136 1135//1135
f 1135//1135 1136//1136 1137//1137
f 1135//1135 1137//1137 1138//1138
f 1138//1138 1137//1137 1139//1139
f 1139//1139 1140//1140 1138//1138
f 1138//1138 1140//1140 1141//1141
f 1138//1138 1141//1141 1142//1142
f 1141//1141 1143//1143 1142//1142
f 1142//1142 1143//1143 1144//1144
f 1142//1142 1144//1144 1145//1145
f 1144//1144 1146//1146 1145//1145
f 1145//1145 1146//1146 1147//1147
f 1145//1145 1147//1147 1148//1148
f 1148//1148 1147//1147 1149//1149
f 1111//1111 1150//1150 1112//1112
f 1151//1151 1152//1152 1153//1153
f 1153//1153 1154//1154 1151//1151
f 1151//1151 1154//1154 1155//1155
f 1151//1151 1155//1155 1156//1156
f 1155//1155 1157//1157 1156//1156
f 1156//1156 1157//1157 1158//1158
f 1156//1156 1158//1158 1159//1159
f 1159//1159 1158//1158 1160//1160
f 1159//1159 1160//1160 1161//1161
f 1160//1160 1162//1162 1161//1161
f 1161//1161 1162//1162 1163//1163
f 1161//1161 1163//1163 1164//1164
f 1163//1163 1165//1165 1164//1164
f 1164//1164 1165//1165 1166//1166
f 1164//1164 1166//1166 1167//1167
f 1167//1167 1166//1166 1168//1168
f 1167//1167 1168//1168 1169//1169
f 1168//1168 1170//1170 1169//1169
f 1169//1169 1170//1170 1171//1171
f 1169//1169 1171//1171 1172//1172
f 1171//1171 1173//1173 1172//1172
f 1172//1172 1173//1173 1174//1174
f 1172//1172 1174//1174 1175//1175
f 1174//1174 1176//1176 1175//1175
f 1175//1175 1176//1176 1177//1177
f 1175//1175 1177//1177 1178//1178
f 1178//1178 1177//1177 1179//1179
f 1178//1178 1179//1179 1180//1180
f 1179//1179 1181//1181 1180//1180
f 1180//1180 1181//1181 1182//1182
f 1180//1180 1182//1182 1183//1183
f 1182//1182 1184//1184 1183//1183
f 1183//1183 1184//1184 1185//1185
f 1183//1183 1185//1185 1186//1186
f 1186//1186 1185//1185 1187//1187
f 1186//1186 1187//1187 1152//1152
f 1152//1152 1187//1187 1188//1188
f 1152//1152 1188//1188 1153//1153
f 1189//1189 1190//1190 1191//1191
f 1191//1191 1190//1190 1192//1192
f 1191//1191 1192//1192 1193//1193
f 1192//1192 1194//1194 1193//1193
f 1193//1193 1194//1194 1195//1195
f 1193//1193 1195//1195 1196//1196
f 1196//1196 1195//1195 1197//1197
f 1197//1197 1198//1198 1196//1196
f 1196//1196 1198//1198 1199//1199
f 1196//1196 1199//1199 1200//1200
f 1199//1199 1201//1201 1200//1200
f 1200//1200 1201//1201 1202//1202
f 1200//1200 1202//1202 1203//1203
f 1202//1202 1204//1204 1203//1203
f 1203//1203 1204//1204 1205//1205
f 1203//1203 1205//1205 1206//1206
f 1205//1205 1207//1207 1206//1206
f 1208//1208 1209//1209 1210//1210
f 1208//1208 1210//1210 1211//1211
f 1211//1211 1210//1210 1212//1212
f 1211//1211 1212//1212 1213//1213
f 1212//1212 1214//1214 1213//1213
f 1213//1213 1214//1214 1215//1215
f 1213//1213 1215//1215 1216//1216
f 1216//1216 1215//1215 1217//1217
f 1217//1217 1218//1218 1216//1216
f 1216//1216 1218//1218 1219//1219
f 1216//1216 1219//1219 1220//1220
f 1219//1219 1221//1221 1220//1220
f 1220//1220 1221//1221 1222//1222
f 1220//1220 1222//1222 1223//1223
f 1222//1222 1224//1224 1223//1223
f 1223//1223 1224//1224 1225//1225
f 1223//1223 1225//1225 1226//1226
f 1226//1226 1225//1225 1227//1227
f 1189//1189 1228//1228 1190//1190
f 1229//1229 1230//1230 1231//1231
f 1231//1231 1232//1232 1229//1229
f 1229//1229 1232//1232 1233//1233
f 1229//1229 1233//1233 1234//1234
f 1233//1233 1235//1235 1234//1234
f 1234//1234 1235//1235 1236//1236
f 1234//1234 1236//1236 1237//1237
f 1237//1237 1236//1236 1238//1238
f 1237//1237 1238//1238 1239//1239
f 1238//1238 1240//1240 1239//1239
f 1239//1239 1240//1240 1241//1241
f 1239//1239 1241//1241 1242//1242
f 1241//1241 1243//1243 1242//1242
f 1242//1242 1243//1243 1244//1244
f 1242//1242 1244//1244 1245//1245
f 1245//1245 1244//1244 1246//1246
f 1245//1245 1246//1246 1247//1247
f 1246//1246 1248//1248 1247//1247
f 1247//1247 1248//1248 1249//1249
f 1247//1247 1249//1249 1250//1250
f 1249//1249 1251//1251 1250//1250
f 1250//1250 1251//1251 1252//1252
f 1250//1250 1252//1252 1253//1253
f 1252//1252 1254//1254 1253//1253
f 1253//1253 1254//1254 1255//1255
f 1253//1253 1255//1255 1256//1256
f 1256//1256 1255//1255 1257//1257
f 1256//1256 1257//1257 1258//1258
f 1257//1257 1259//1259 1258//1258
f 1258//1258 1259//1259 1260//1260
f 1258//1258 1260//1260 1261//1261
f 1260//1260 1262//1262 1261//1261
f 1261//1261 1262//1262 1263//1263
f 1261//1261 1263//1263 1264//1264
f 1264//1264 1263//1263 1265//1265
f 1264//1264 1265//1265 1230//1230
f 1230//1230 1265//1265 1266//1266
f 1230//1230 1266//1266 1231//1231
f 1267//1267 1268//1268 1269//1269
f 1269//1269 1268//1268 1270//1270
f 1269//1269 1270//1270 1271//1271
f 1270//1270 1272//1272 1271//1271
f 1271//1271 1272//1272 1273//1273
f 1271//1271 1273//1273 1274//1274
f 1274//1274 1273//1273 1275//1275
f 1275//1275 1276//1276 1274//1274
f 1274//1274 1276//1276 1277//1277
f 1274//1274 1277//1277 1278//1278
f 1277//1277 1279//1279 1278//1278
f 1278//1278 1279//1279 1280//1280
f 1278//1278 1280//1280 1281//1281
f 1280//1280 1282//1282 1281//1281
f 1281//1281 1282//1282 1283//1283
f 1281//1281 1283//1283 1284//1284
f 1283//1283 1285//1285 1284//1284
f 1286//1286 1287//1287 1288//1288
f 1286//1286 1288//1288 1289//1289
f 1289//1289 1288//1288 1290//1290
f 1289//1289 1290//1290 1291//1291
f 1290//1290 1292//1292 1291//1291
f 1291//1291 1292//1292 1293//1293
f 1291//1291 1293//1293 1294//1294
f 1294//1294 1293//1293 1295//1295
f 1295//1295 1296//1296 1294//1294
f 1294//1294 1296//1296 1297//1297
f 1294//1294 1297//1297 1298//1298
f 1297//1297 1299//1299 1298//1298
f 1298//1298 1299//1299 1300//1300
f 1298//1298 1300//1300 1301//1301
f 1300//1300 1302//1302 1301//1301
f 1301//1301 1302//1302 1303//1303
f 1301//1301 1303//1303 1304//1304
f 1304//1304 1303//1303 1305//1305
f 1267//1267 1306//1306 1268//1268
f 1307//1307 1308//1308 1309//1309
f 1309//1309 1310//1310 1307//1307
f 1307//1307 1310//1310 1311//1311
f 1307//1307 1311//1311 1312//1312
f 1311//1311 1313//1313 1312//1312
f 1312//1312 1313//1313 1314//1314
f 1312//1312 1314//1314 1315//1315
f 1315//1315 1314//1314 1316//1316
f 1315//1315 1316//1316 1317//1317
f 1316//1316 1318//1318 1317//1317
f 1317//1317 1318//1318 1319//1319
f 1317//1317 1319//1319 1320//1320
f 1319//1319 1321//1321 1320//1320
f 1320//1320 1321//1321 1322//1322
f 1320//1320 1322//1322 1323//1323
f 1323//1323 1322//1322 1324//1324
f 1323//1323 1324//1324 1325//1325
f 1324//1324 1326//1326 1325//1325
f 1325//1325 1326//1326 1327//1327
f 1325//1325 1327//1327 1328//1328
f 1327//1327 1329//1329 1328//1328
f 1328//1328 1329//1329 1330//1330
f 1328//1328 1330//1330 1331//1331
f 1330//1330 1332//1332 1331//1331
f 1331//1331 1332//1332 1333//1333
f 1331//1331 1333//1333 1334//1334
f 1334//1334 1333//1333 1335//1335
f 1334//1334 1335//1335 1336//1336
f 1335//1335 1337//1337 1336//1336
f 1336//1336 1337//1337 1338//1338
f 1336//1336 1338//1338 1339//1339
f 1338//1338 1340//1340 1339//1339
f 1339//1339 1340//1340 1341//1341
f 1339//1339 1341//1341 1342//1342
f 1342//1342 1341//1341 1343//1343
f 1342//1342 1343//1343 1308//1308
f 1308//1308 1343//1343 1344//1344
f 1308//1308 1344//1344 1309//1309
f 1345//1345 1346//1346 1347//1347
f 1347//1347 1346//1346 1348//1348
f 1347//1347 1348//1348 1349//1349
f 1348//1348 1350//1350 1349//1349
f 1349//1349 1350//1350 1351//1351
f 1349//1349 1351//1351 1352//1352
f 1352//1352 1351//1351 1353//1353
f 1353//1353 1354//1354 1352//1352
f 1352//1352 1354//1354 1355//1355
f 1352//1352 1355//1355 1356//1356
f 1355//1355 1357//1357 1356//1356
f 1356//1356 1357//1357 1358//1358
f 1356//1356 1358//1358 1359//1359
f 1358//1358 1360//1360 1359//1359
f 1359//1359 1360//1360 1361//1361
f 1359//1359 1361//1361 1362//1362
f 1361//1361 1363//1363 1362//1362
f 1364//1364 1365//1365 1366//1366
f 1364//1364 1366//1366 1367//1367
f 1367//1367 1366//1366 1368//1368
f 1367//1367 1368//1368 1369//1369
f 1368//1368 1370//1370 1369//1369
f 1369//1369 1370//1370 1371//1371
f 1369//1369 1371//1371 1372//1372
f 1372//1372 1371//1371 1373//1373
f 1373//1373 1374//1374 1372//1372
f 1372//1372 1374//1374 1375//1375
f 1372//1372 1375//1375 1376//1376
f 1375//1375 1377//1377 1376//1376
f 1376//1376 1377//1377 1378//1378
f 1376//1376 1378//1378 1379//1379
f 1378//1378 1380//1380 1379//1379
f 1379//1379 1380//1380 1381//1381
f 1379//1379 1381//1381 1382//1382
f 1382//1382 1381//1381 1383//1383
f 1345//1345 1384//1384 1346//1346
f 1385//1385 1386//1386 1387//1387
f 1387//1387 1388//1388 1385//1385
f 1385//1385 1388//1388 1389//1389
f 1385//1385 1389//1389 1390//1390
f 1389//1389 1391//1391 1390//1390
f 1390//1390 1391//1391 1392//1392
f 1390//1390 1392//1392 1393//1393
f 1393//1393 1392//1392 1394//1394
f 1393//1393 1394//1394 1395//1395
f 1394//1394 1396//1396 1395//1395
f 1395//1395 1396//1396 1397//1397
f 1395//1395 1397//1397 1398//1398
f 1397//1397 1399//1399 1398//1398
f 1398//1398 1399//1399 1400//1400
f 1398//1398 1400//1400 1401//1401
f 1401//1401 1400//1400 1402//1402
f 1401//1401 1402//1402 1403//1403
f 1402//1402 1404//1404 1403//1403
f 1403//1403 1404//1404 1405//1405
f 1403//1403 1405//1405 1406//1406
f 1405//1405 1407//1407 1406//1406
f 1406//1406 1407//1407 1408//1408
f 1406//1406 1408//1408 1409//1409
f 1408//1408 1410//1410 1409//1409
f 1409//1409 1410//1410 1411//1411
f 1409//1409 1411//1411 1412//1412
f 1412//1412 1411//1411 1413//1413
f 1412//1412 1413//1413 1414//1414
f 1413//1413 1415//1415 1414//1414
f 1414//1414 1415//1415 1416//1416
f 1414//1414 1416//1416 1417//1417
f 1416//1416 1418//1418 1417//1417
f 1417//1417 1418//1418 1419//1419
f 1417//1417 1419//1419 1420//1420
f 1420//1420 1419//1419 1421//1421
f 1420//1420 1421//1421 1386//1386
f 1386//1386 1421//1421 1422//1422
f 1386//1386 1422//1422 1387//1387
f 1423//1423 1424//1424 1425//1425
f 1425//1425 1424//1424 1426//1426
f 1425//1425 1426//1426 1427//1427
f 1426//1426 1428//1428 1427//1427
f 1427//1427 1428//1428 1429//1429
f 1427//1427 1429//1429 1430//1430
f 1430//1430 1429//1429 1431//1431
f 1431//1431 1432//1432 1430//1430
f 1430//1430 1432//1432 1433//1433
f 1430//1430 1433//1433 1434//1434
f 1433//1433 1435//1435 1434//1434
f 1434//1434 1435//1435 1436//1436
f 1434//1434 1436//1436 1437//1437
f 1436//1436 1438//1438 1437//1437
f 1437//1437 1438//1438 1439//1439
f 1437//1437 1439//1439 1440//1440
f 1439//1439 1441//1441 1440//1440
f 1442//1442 1443//1443 1444//1444
f 1442//1442 1444//1444 1445//1445
f 1445//1445 1444//1444 1446//1446
f 1445//1445 1446//1446 1447//1447
f 1446//1446 1448//1448 1447//1447
f 1447//1447 1448//1448 1449//1449
f 1447//1447 1449//1449 1450//1450
f 1450//1450 1449//1449 1451//1451
f 1451//1451 1452//1452 1450//1450
f 1450//1450 1452//1452 1453//1453
f 1450//1450 1453//1453 1454//1454
f 1453//1453 1455//1455 1454//1454
f 1454//1454 1455//1455 1456//1456
f 1454//1454 1456//1456 1457//1457
f 1456//1456 1458//1458 1457//1457
f 1457//1457 1458//1458 1459//1459
f 1457//1457 1459//1459 1460//1460
f 1460//1460 1459//1459 1461//1461
f 1423//1423 1462//1462 1424//1424
f 1463//1463 1464//1464 1465//1465
f 1465//1465 1466//1466 1463//1463
f 1463//1463 1466//1466 1467//1467
f 1463//1463 1467//1467 1468//1468
f 1467//1467 1469//1469 1468//1468
f 1468//1468 1469//1469 1470//1470
f 1468//1468 1470//1470 1471//1471
f 1471//1471 1470//1470 1472//1472
f 1471//1471 1472//1472 1473//1473
f 1472//1472 1474//1474 1473//1473
f 1473//1473 1474//1474 1475//1475
f 1473//1473 1475//1475 1476//1476
f 1475//1475 1477//1477 1476//1476
f 1476//1476 1477//1477 1478//1478
f 1476//1476 1478//1478 1479//1479
f 1479//1479 1478//1478 1480//1480
f 1479//1479 1480//1480 1481//1481
f 1480//1480 1482//1482 1481//1481
f 1481//1481 1482//1482 1483//1483
f 1481//1481 1483//1483 1484//1484
f 1483//1483 1485//1485 1484//1484
f 1484//1484 1485//1485 1486//1486
f 1484//1484 1486//1486 1487//1487
f 1486//1486 1488//1488 1487//1487
f 1487//1487 1488//1488 1489//1489
f 1487//1487 1489//1489 1490//1490
f 1490//1490 1489//1489 1491//1491
f 1490//1490 1491//1491 1492//1492
f 1491//1491 1493//1493 1492//1492
f 1492//1492 1493//1493 1494//1494
f 1492//1492 1494//1494 1495//1495
f 1494//1494 1496//1496 1495//1495
f 1495//1495 1496//1496 1497//1497
f 1495//1495 1497//1497 1498//1498
f 1498//1498 1497//1497 1499//1499
f 1498//1498 1499//1499 1464//1464
f 1464//1464 1499//1499 1500//1500
f 1464//1464 1500//1500 1465//1465
f 1501//1501 1502//1502 1503//1503
f 1503//1503 1502//1502 1504//1504
f 1503//1503 1504//1504 1505//1505
f 1505//1505 1504//1504 1506//1506
f 1505//1505 1506//1506 1507//1507
f 1507//1507 1506//1506 1508//1508
f 1507//1507 1508//1508 1509//1509
f 1509//1509 1508//1508 1510//1510
f 1509//1509 1510//1510 1511//1511
f 1511//1511 1510//1510 1512//1512
f 1511//1511 1512//1512 1513//1513
f 1513//1513 1512//1512 1514//1514
f 1513//1513 1514//1514 1515//1515
f 1515//1515 1514//1514 1516//1516
f 1515//1515 1516//1516 1517//1517
f 1517//1517 1516//1516 1518//1518
f 1517//1517 1518//1518 1519//1519
f 1519//1519 1518//1518 1520//1520
f 1519//1519 1520//1520 1521//1521
f 1521//1521 1520//1520 1522//1522
f 1521//1521 1522//1522 1523//1523
f 1523//1523 1522//1522 1524//1524
f 1523//1523 1524//1524 1525//1525
f 1525//1525 1524//1524 1526//1526
f 1525//1525 1526//1526 1527//1527
f 1527//1527 1526//1526 1528//1528
f 1527//1527 1528//1528 1529//1529
f 1529//1529 1528//1528 1530//1530
f 1529//1529 1530//1530 1531//1531
f 1531//1531 1530//1530 1532//1532
f 1531//1531 1532//1532 1533//1533
f 1533//1533 1532//1532 1534//1534
f 1533//1533 1534//1534 1535//1535
f 1535//1535 1534//1534 1536//1536
f 1535//1535 1536//1536 1537//1537
f 1537//1537 1536//1536 1538//1538
f 1537//1537 1538//1538 1539//1539
f 1539//1539 1538//1538 1540//1540
f 1539//1539 1540//1540 1541//1541
f 1541//1541 1540//1540 1542//1542
f 1541//1541 1542//1542 1543//1543
f 1543//1543 1542//1542 1544//1544
f 1543//1543 1544//1544 1545//1545
f 1545//1545 1544//1544 1546//1546
f 1545//1545 1546//1546 1547//1547
f 1547//1547 1546//1546 1548//1548
f 1547//1547 1548//1548 1501//1501
f 1501//1501 1548//1548 1502//1502
f 1549//1549 1550//1550 1551//1551
f 1552//1552 1553//1553 1554//1554
f 1554//1554 1553//1553 1556//1556
f 1554//1554 1556//1556 1557//1557
f 1551//1551 1555//1555 1558//1558
f 1551//1551 1558//1558 1549//1549
f 1559//1559 1560//1560 1561//1561
f 1561//1561 1560//1560 1562//1562
f 1561//1561 1562//1562 1563//1563
f 1563//1563 1562//1562 1564//1564
f 1563//1563 1564//1564 1565//1565
f 1565//1565 1564//1564 1566//1566
f 1565//1565 1566//1566 1567//1567
f 1567//1567 1566//1566 1568//1568
f 1567//1567 1568//1568 1569//1569
f 1569//1569 1568//1568 1570//1570
f 1569//1569 1570//1570 1571//1571
f 1571//1571 1570//1570 1572//1572
f 1571//1571 1572//1572 1573//1573
f 1573//1573 1572//1572 1574//1574
f 1573//1573 1574//1574 1552//1552
f 1552//1552 1574//1574 1575//1575
f 1552//1552 1575//1575 1553//1553
f 1576//1576 1578//1578 1559//1559
f 1559//1559 1578//1578 1579//1579
f 1559//1559 1579//1579 1560//1560
f 1580//1580 1581//1581 1582//1582
f 1582//1582 1581//1581 1583//1583
f 1582//1582 1583//1583 1584//1584
f 1584//1584 1583//1583 1585//1585
f 1584//1584 1585//1585 1577//1577
f 1577//1577 1585//1585 1586//1586
f 1577//1577 1586//1586 1587//1587
f 1549//1549 1588//1588 1550//1550
f 1550//1550 1588//1588 1589//1589
f 1550//1550 1589//1589 1590//1590
f 1590//1590 1589//1589 1591//1591
f 1590//1590 1591//1591 1592//1592
f 1592//1592 1591//1591 1593//1593
f 1592//1592 1593//1593 1594//1594
f 1594//1594 1593//1593 1595//1595
f 1594//1594 1595//1595 1596//1596
f 1596//1596 1595//1595 1597//1597
f 1596//1596 1597//1597 1598//1598
f 1598//1598 1597//1597 1599//1599
f 1598//1598 1599//1599 1600//1600
f 1600//1600 1599//1599 1601//1601
f 1600//1600 1601//1601 1602//1602
f 1602//1602 1601//1601 1603//1603
f 1602//1602 1603//1603 1604//1604
f 1604//1604 1603//1603 1605//1605
f 1604//1604 1605//1605 1580//1580
f 1580//1580 1605//1605 1606//1606
f 1580//1580 1606//1606 1581//1581
f 1607//1607 1608//1608 1609//1609
f 1609//1609 1608//1608 1610//1610
f 1609//1609 1610//1610 1611//1611
f 1611//1611 1610//1610 1612//1612
f 1611//1611 1612//1612 1613//1613
f 1613//1613 1612//1612 1614//1614
f 1613//1613 1614//1614 1615//1615
f 1615//1615 1614//1614 1616//1616
f 1615//1615 1616//1616 1617//1617
f 1617//1617 1616//1616 1618//1618
f 1617//1617 1618//1618 1619//1619
f 1619//1619 1618//1618 1620//1620
f 1619//1619 1620//1620 1621//1621
f 1621//1621 1620//1620 1622//1622
f 1621//1621 1622//1622 1623//1623
f 1623//1623 1622//1622 1624//1624
f 1623//1623 1624//1624 1625//1625
f 1625//1625 1624//1624 1626//1626
f 1625//1625 1626//1626 1627//1627
f 1627//1627 1626//1626 1628//1628
f 1627//1627 1628//1628 1629//1629
f 1629//1629 1628//1628 1630//1630
f 1629//1629 1630//1630 1631//1631
f 1631//1631 1630//1630 1632//1632
f 1631//1631 1632//1632 1633//1633
f 1633//1633 1632//1632 1634//1634
f 1633//1633 1634//1634 1635//1635
f 1635//1635 1634//1634 1636//1636
f 1635//1635 1636//1636 1637//1637
f 1637//1637 1636//1636 1638//1638
f 1637//1637 1638//1638 1639//1639
f 1639//1639 1638//1638 1640//1640
f 1639//1639 1640//1640 1641//1641
f 1641//1641 1640//1640 1642//1642
f 1641//1641 1642//1642 1643//1643
f 1643//1643 1642//1642 1644//1644
f 1643//1643 1644//1644 1645//1645
f 1645//1645 1644//1644 1646//1646
f 1645//1645 1646//1646 1647//1647
f 1647//1647 1646//1646 1648//1648
f 1647//1647 1648//1648 1649//1649
f 1649//1649 1648//1648 1650//1650
f 1649//1649 1650//1650 1651//1651
f 1651//1651 1650//1650 1652//1652
f 1651//1651 1652//1652 1653//1653
f 1653//1653 1652//1652 1654//1654
f 1653//1653 1654//1654 1607//1607
f 1607//1607 1654//1654 1608//1608
f 1655//1655 1656//1656 1657//1657
f 1657//1657 1656//1656 1658//1658
f 1657//1657 1658//1658 1659//1659
f 1659//1659 1658//1658 1660//1660
f 1659//1659 1660//1660 1661//1661
f 1662//1662 1663//1663 1664//1664
f 1664//1664 1663//1663 1665//1665
f 1664//1664 1665//1665 1666//1666
f 1666//1666 1665//1665 1667//1667
f 1666//1666 1667//1667 1668//1668
f 1668//1668 1667//1667 1669//1669
f 1668//1668 1669//1669 1670//1670
f 1670//1670 1669//1669 1671//1671
f 1670//1670 1671//1671 1672//1672
f 1672//1672 1671//1671 1673//1673
f 1672//1672 1673//1673 1674//1674
f 1674//1674 1673//1673 1675//1675
f 1674//1674 1675//1675 1676//1676
f 1676//1676 1675//1675 1677//1677
f 1676//1676 1677//1677 1678//1678
f 1678//1678 1677//1677 1679//1679
f 1678//1678 1679//1679 1655//1655
f 1655//1655 1679//1679 1680//1680
f 1655//1655 1680//1680 1656//1656
f 1681//1681 1682//1682 1683//1683
f 1683//1683 1682//1682 1684//1684
f 1683//1683 1684//1684 1685//1685
f 1685//1685 1684//1684 1686//1686
f 1685//1685 1686//1686 1688//1688
f 1662//1662 1687//1687 1689//1689
f 1662//1662 1689//1689 1663//1663
f 1660//1660 1690//1690 1661//1661
f 1661//1661 1690//1690 1691//1691
f 1661//1661 1691//1691 1692//1692
f 1692//1692 1691//1691 1693//1693
f 1692//1692 1693//1693 1694//1694
f 1694//1694 1693//1693 1695//1695
f 1694//1694 1695//1695 1696//1696
f 1696//1696 1695//1695 1697//1697
f 1696//1696 1697//1697 1698//1698
f 1698//1698 1697//1697 1699//1699
f 1698//1698 1699//1699 1700//1700
f 1700//1700 1699//1699 1701//1701
f 1700//1700 1701//1701 1702//1702
f 1702//1702 1701//1701 1703//1703
f 1702//1702 1703//1703 1704//1704
f 1704//1704 1703//1703 1705//1705
f 1704//1704 1705//1705 1706//1706
f 1706//1706 1705//1705 1707//1707
f 1706//1706 1707//1707 1681//1681
f 1681//1681 1707//1707 1708//1708
f 1681//1681 1708//1708 1682//1682
f 1709//1709 1710//1710 1711//1711
f 1711//1711 1710//1710 1712//1712
f 1711//1711 1712//1712 1713//1713
f 1713//1713 1712//1712 1714//1714
f 1713//1713 1714//1714 1715//1715
f 1715//1715 1714//1714 1716//1716
f 1715//1715 1716//1716 1717//1717
f 1717//1717 1716//1716 1718//1718
f 1717//1717 1718//1718 1719//1719
f 1719//1719 1718//1718 1720//1720
f 1719//1719 1720//1720 1721//1721
f 1721//1721 1720//1720 1722//1722
f 1721//1721 1722//1722 1723//1723
f 1723//1723 1722//1722 1724//1724
f 1723//1723 1724//1724 1725//1725
f 1725//1725 1724//1724 1726//1726
f 1725//1725 1726//1726 1727//1727
f 1727//1727 1726//1726 1728//1728
f 1727//1727 1728//1728 1729//1729
f 1729//1729 1728//1728 1730//1730
f 1729//1729 1730//1730 1731//1731
f 1731//1731 1730//1730 1732//1732
f 1731//1731 1732//1732 1733//1733
f 1733//1733 1732//1732 1734//1734
f 1733//1733 1734//1734 1735//1735
f 1735//1735 1734//1734 1736//1736
f 1735//1735 1736//1736 1737//1737
f 1737//1737 1736//1736 1738//1738
f 1737//1737 1738//1738 1739//1739
f 1739//1739 1738//1738 1740//1740
f 1739//1739 1740//1740 1741//1741
f 1741//1741 1740//1740 1742//1742
f 1741//1741 1742//1742 1743//1743
f 1743//1743 1742//1742 1744//1744
f 1743//1743 1744//1744 1745//1745
f 1745//1745 1744//1744 1746//1746
f 1745//1745 1746//1746 1747//1747
f 1747//1747 1746//1746 1748//1748
f 1747//1747 1748//1748 1749//1749
f 1749//1749 1748//1748 1750//1750
f 1749//1749 1750//1750 1751//1751
f 1751//1751 1750//1750 1752//1752
f 1751//1751 1752//1752 1753//1753
f 1753//1753 1752//1752 1754//1754
f 1753//1753 1754//1754 1755//1755
f 1755//1755 1754//1754 1756//1756
f 1755//1755 1756//1756 1709//1709
f 1709//1709 1756//1756 1710//1710
f 1757//1757 1758//1758 1759//1759
f 1759//1759 1758//1758 1760//1760
f 1759//1759 1760//1760 1761//1761
f 1761//1761 1760//1760 1762//1762
f 1761//1761 1762//1762 1764//1764
f 1764//1764 1762//1762 1765//1765
f 1763//1763 1766//1766 1767//1767
f 1767//1767 1766//1766 1768//1768
f 1767//1767 1768//1768 1769//1769
f 1769//1769 1768//1768 1770//1770
f 1769//1769 1770//1770 1771//1771
f 1771//1771 1770//1770 1772//1772
f 1771//1771 1772//1772 1773//1773
f 1773//1773 1772//1772 1774//1774
f 1773//1773 1774//1774 1775//1775
f 1775//1775 1774//1774 1776//1776
f 1775//1775 1776//1776 1777//1777
f 1778//1778 1779//1779 1757//1757
f 1757//1757 1779//1779 1780//1780
f 1757//1757 1780//1780 1758//1758
f 1781//1781 1782//1782 1783//1783
f 1783//1783 1782//1782 1784//1784
f 1783//1783 1784//1784 1778//1778
f 1778//1778 1784//1784 1785//1785
f 1778//1778 1785//1785 1779//1779
f 1786//1786 1787//1787 1788//1788
f 1788//1788 1787//1787 1789//1789
f 1788//1788 1789//1789 1790//1790
f 1790//1790 1789//1789 1791//1791
f 1790//1790 1791//1791 1792//1792
f 1792//1792 1791//1791 1793//1793
f 1792//1792 1793//1793 1795//1795
f 1795//1795 1793//1793 1796//1796
f 1794//1794 1797//1797 1798//1798
f 1798//1798 1797//1797 1799//1799
f 1798//1798 1799//1799 1800//1800
f 1800//1800 1799//1799 1801//1801
f 1800//1800 1801//1801 1802//1802
f 1802//1802 1801//1801 1803//1803
f 1802//1802 1803//1803 1781//1781
f 1781//1781 1803//1803 1804//1804
f 1781//1781 1804//1804 1782//1782
f 1806//1806 1807//1807 1786//1786
f 1786//1786 1807//1807 1808//1808
f 1786//1786 1808//1808 1787//1787
f 1776//1776 1809//1809 1777//1777
f 1777//1777 1809//1809 1810//1810
f 1777//1777 1810//1810 1811//1811
f 1811//1811 1810//1810 1812//1812
f 1811//1811 1812//1812 1813//1813
f 1813//1813 1812//1812 1814//1814
f 1813//1813 1814//1814 1805//1805
f 1805//1805 1814//1814 1815//1815
f 1805//1805 1815//1815 1816//1816
f 1817//1817 1818//1818 1819//1819
f 1819//1819 1818//1818 1820//1820
f 1819//1819 1820//1820 1821//1821
f 1821//1821 1820//1820 1822//1822
f 1821//1821 1822//1822 1823//1823
f 1823//1823 1822//1822 1824//1824
f 1823//1823 1824//1824 1825//1825
f 1825//1825 1824//1824 1826//1826
f 1825//1825 1826//1826 1827//1827
f 1827//1827 1826//1826 1828//1828
f 1827//1827 1828//1828 1829//1829
f 1829//1829 1828//1828 1830//1830
f 1829//1829 1830//1830 1831//1831
f 1831//1831 1830//1830 1832//1832
f 1831//1831 1832//1832 1833//1833
f 1833//1833 1832//1832 1834//1834
f 1833//1833 1834//1834 1835//1835
f 1835//1835 1834//1834 1836//1836
f 1835//1835 1836//1836 1837//1837
f 1837//1837 1836//1836 1838//1838
f 1837//1837 1838//1838 1839//1839
f 1839//1839 1838//1838 1840//1840
f 1839//1839 1840//1840 1841//1841
f 1841//1841 1840//1840 1842//1842
f 1841//1841 1842//1842 1843//1843
f 1843//1843 1842//1842 1844//1844
f 1843//1843 1844//1844 1845//1845
f 1845//1845 1844//1844 1846//1846
f 1845//1845 1846//1846 1847//1847
f 1847//1847 1846//1846 1848//1848
f 1847//1847 1848//1848 1849//1849
f 1849//1849 1848//1848 1850//1850
f 1849//1849 1850//1850 1851//1851
f 1851//1851 1850//1850 1852//1852
f 1851//1851 1852//1852 1853//1853
f 1853//1853 1852//1852 1854//1854
f 1853//1853 1854//1854 1855//1855
f 1855//1855 1854//1854 1856//1856
f 1855//1855 1856//1856 1857//1857
f 1857//1857 1856//1856 1858//1858
f 1857//1857 1858//1858 1859//1859
f 1859//1859 1858//1858 1860//1860
f 1859//1859 1860//1860 1861//1861
f 1861//1861 1860//1860 1862//1862
f 1861//1861 1862//1862 1863//1863
f 1863//1863 1862//1862 1864//1864
f 1863//1863 1864//1864 1817//1817
f 1817//1817 1864//1864 1818//1818
f 1865//1865 1866//1866 1867//1867
f 1867//1867 1866//1866 1868//1868
f 1867//1867 1868//1868 1869//1869
f 1869//1869 1868//1868 1870//1870
f 1869//1869 1870//1870 1871//1871
f 1871//1871 1870//1870 1872//1872
f 1871//1871 1872//1872 1873//1873
f 1873//1873 1872//1872 1874//1874
f 1873//1873 1874//1874 1875//1875
f 1875//1875 1874//1874 1876//1876
f 1875//1875 1876//1876 1877//1877
f 1877//1877 1876//1876 1878//1878
f 1877//1877 1878//1878 1879//1879
f 1879//1879 1878//1878 1880//1880
f 1879//1879 1880//1880 1881//1881
f 1881//1881 1880//1880 1882//1882
f 1881//1881 1882//1882 1883//1883
f 1884//1884 1886//1886 1888//1888
f 1888//1888 1886//1886 1889//1889
f 1887//1887 1890//1890 1891//1891
f 1891//1891 1890//1890 1892//1892
f 1891//1891 1892//1892 1865//1865
f 1865//1865 1892//1892 1893//1893
f 1865//1865 1893//1893 1866//1866
f 1894//1894 1895//1895 1896//1896
f 1896//1896 1895//1895 1897//1897
f 1896//1896 1897//1897 1898//1898
f 1898//1898 1897//1897 1899//1899
f 1898//1898 1899//1899 1900//1900
f 1900//1900 1899//1899 1901//1901
f 1900//1900 1901//1901 1902//1902
f 1902//1902 1901//1901 1903//1903
f 1902//1902 1903//1903 1904//1904
f 1904//1904 1903//1903 1905//1905
f 1904//1904 1905//1905 1906//1906
f 1906//1906 1905//1905 1907//1907
f 1906//1906 1907//1907 1908//1908
f 1908//1908 1907//1907 1909//1909
f 1908//1908 1909//1909 1910//1910
f 1910//1910 1909//1909 1911//1911
f 1910//1910 1911//1911 1885//1885
f 1885//1885 1911//1911 1912//1912
f 1885//1885 1912//1912 1913//1913
f 1882//1882 1914//1914 1883//1883
f 1883//1883 1914//1914 1915//1915
f 1883//1883 1915//1915 1916//1916
f 1916//1916 1915//1915 1917//1917
f 1916//1916 1917//1917 1918//1918
f 1918//1918 1917//1917 1919//1919
f 1918//1918 1919//1919 1894//1894
f 1894//1894 1919//1919 1920//1920
f 1894//1894 1920//1920 1895//1895
f 1921//1921 1922//1922 1923//1923
f 1923//1923 1922//1922 1924//1924
f 1923//1923 1924//1924 1925//1925
f 1925//1925 1924//1924 1926//1926
f 1925//1925 1926//1926 1927//1927
f 1927//1927 1926//1926 1928//1928
f 1927//1927 1928//1928 1929//1929
f 1929//1929 1928//1928 1930//1930
f 1929//1929 1930//1930 1931//1931
f 1931//1931 1930//1930 1932//1932
f 1931//1931 1932//1932 1933//1933
f 1933//1933 1932//1932 1934//1934
f 1933//1933 1934//1934 1935//1935
f 1935//1935 1934//1934 1936//1936
f 1935//1935 1936//1936 1937//1937
f 1937//1937 1936//1936 1938//1938
f 1937//1937 1938//1938 1939//1939
f 1939//1939 1938//1938 1940//1940
f 1939//1939 1940//1940 1941//1941
f 1941//1941 1940//1940 1942//1942
f 1941//1941 1942//1942 1943//1943
f 1943//1943 1942//1942 1944//1944
f 1943//1943 1944//1944 1945//1945
f 1945//1945 1944//1944 1946//1946
f 1945//1945 1946//1946 1947//1947
f 1947//1947 1946//1946 1948//1948
f 1947//1947 1948//1948 1949//1949
f 1949//1949 1948//1948 1950//1950
f 1949//1949 1950//1950 1951//1951
f 1951//1951 1950//1950 1952//1952
f 1951//1951 1952//1952 1953//1953
f 1953//1953 1952//1952 1954//1954
f 1953//1953 1954//1954 1955//1955
f 1955//1955 1954//1954 1956//1956
f 1955//1955 1956//1956 1957//1957
f 1957//1957 1956//1956 1958//1958
f 1957//1957 1958//1958 1959//1959
f 1959//1959 1958//1958 1960//1960
f 1959//1959 1960//1960 1961//1961
f 1961//1961 1960//1960 1962//1962
f 1961//1961 1962//1962 1963//1963
f 1963//1963 1962//1962 1964//1964
f 1963//1963 1964//1964 1965//1965
f 1965//1965 1964//1964 1966//1966
f 1965//1965 1966//1966 1967//1967
f 1967//1967 1966//1966 1968//1968
f 1967//1967 1968//1968 1969//1969
f 1969//1969 1968//1968 1970//1970
f 1969//1969 1970//1970 1971//1971
f 1971//1971 1970//1970 1972//1972
f 1971//1971 1972//1972 1973//1973
f 1973//1973 1972//1972 1974//1974
f 1973//1973 1974//1974 1975//1975
f 1975//1975 1974//1974 1976//1976
f 1975//1975 1976//1976 1977//1977
f 1977//1977 1976//1976 1978//1978
f 1977//1977 1978//1978 1979//1979
f 1979//1979 1978//1978 1980//1980
f 1979//1979 1980//1980 1981//1981
f 1981//1981 1980//1980 1982//1982
f 1981//1981 1982//1982 1983//1983
f 1983//1983 1982//1982 1984//1984
f 1983//1983 1984//1984 1985//1985
f 1985//1985 1984//1984 1986//1986
f 1985//1985 1986//1986 1987//1987
f 1987//1987 1986//1986 1988//1988
f 1987//1987 1988//1988 1989//1989
f 1989//1989 1988//1988 1990//1990
f 1989//1989 1990//1990 1921//1921
f 1921//1921 1990//1990 1922//1922

