mtllib material.mtl
usemtl Material-塑胶__2__040-material
v -0.00891500 -0.01044100 0.05400000
v -0.00891500 -0.01044100 0.04800000
v -0.00905700 -0.01068700 0.05400000
v -0.00905700 -0.01068700 0.04800000
v -0.01378400 -0.00250000 0.05400000
v -0.01378400 -0.00250000 0.04800000
v -0.01363600 -0.00250000 0.05400000
v -0.01350000 -0.00250000 0.04800000
v -0.01350000 -0.00250000 0.05400000
v -0.01014600 -0.00100000 0.04800000
v -0.01014600 -0.00100000 0.05400000
v -0.01096200 -0.00117400 0.04800000
v -0.01096200 -0.00117400 0.05400000
v -0.01096200 -0.00117400 0.04800000
v -0.01096200 -0.00117400 0.05400000
v -0.01096200 -0.00117400 0.05400000
v -0.01163600 -0.00166700 0.04800000
v -0.01163600 -0.00166700 0.04800000
v -0.01163600 -0.00166700 0.04800000
v -0.01163600 -0.00166700 0.04800000
v -0.01163700 -0.00166700 0.05400000
v -0.01163700 -0.00166700 0.05400000
v -0.00726200 -0.00924400 0.04800000
v -0.00726200 -0.00924400 0.04800000
v -0.00726200 -0.00924400 0.05400000
v -0.00726200 -0.00924400 0.05400000
v -0.00726200 -0.00924400 0.05400000
v -0.00726200 -0.00924400 0.05400000
v -0.00649800 -0.00890700 0.04800000
v -0.00649800 -0.00890700 0.04800000
v -0.00649800 -0.00890700 0.05400000
v -0.00649800 -0.00890700 0.04800000
v -0.00649800 -0.00890700 0.05400000
v -0.00593900 -0.00828700 0.04800000
v -0.00593900 -0.00828700 0.05400000
v -0.01014600 -0.00100000 0.04800000
v -0.01014600 -0.00100000 0.04800000
v -0.01014600 -0.00100000 0.04800000
v -0.01096200 -0.00117400 0.04800000
v -0.01163600 -0.00166700 0.04800000
v -0.01163600 -0.00166700 0.04800000
v -0.00649800 -0.00890700 0.04800000
v -0.01163600 -0.00166700 0.04800000
v -0.01163600 -0.00166700 0.04800000
v -0.00726200 -0.00924400 0.04800000
v -0.00726200 -0.00924400 0.04800000
v -0.00726200 -0.00924400 0.04800000
v -0.01247900 -0.00228200 0.04800000
v -0.01247900 -0.00228200 0.04800000
v -0.01247900 -0.00228200 0.04800000
v -0.00821600 -0.00966600 0.04800000
v -0.00821600 -0.00966600 0.04800000
v -0.00821600 -0.00966600 0.04800000
v -0.01350000 -0.00250000 0.04800000
v -0.01350000 -0.00250000 0.04800000
v -0.01350000 -0.00250000 0.04800000
v -0.00891500 -0.01044100 0.04800000
v -0.00891500 -0.01044100 0.04800000
v -0.00891500 -0.01044100 0.04800000
v -0.00891500 -0.01044100 0.04800000
v -0.00891500 -0.01044100 0.04800000
v -0.00891500 -0.01044100 0.04800000
v -0.00891500 -0.01044100 0.04800000
v -0.01378400 -0.00250000 0.04800000
v -0.01378400 -0.00250000 0.04800000
v -0.01469300 -0.00271800 0.04800000
v -0.01469300 -0.00271800 0.04800000
v -0.01227700 -0.01102400 0.04800000
v -0.00905700 -0.01068700 0.04800000
v -0.00905700 -0.01068700 0.04800000
v -0.00905700 -0.01068700 0.04800000
v -0.00905700 -0.01068700 0.04800000
v -0.01428900 -0.00825000 0.04800000
v -0.01428900 -0.00825000 0.04800000
v -0.01568500 -0.00512100 0.04800000
v -0.01568500 -0.00512100 0.04800000
v -0.01540300 -0.00332500 0.04800000
v -0.01540300 -0.00332500 0.04800000
v -0.01576000 -0.00418900 0.04800000
v -0.01576000 -0.00418900 0.04800000
v -0.00650900 -0.00161600 0.04800000
v -0.00716800 -0.00116100 0.04800000
v -0.00716800 -0.00116100 0.04800000
v -0.00608200 -0.00229400 0.04800000
v -0.00608200 -0.00229400 0.04800000
v -0.00608200 -0.00229400 0.04800000
v -0.00795300 -0.00100000 0.04800000
v -0.00795300 -0.00100000 0.04800000
v -0.01150800 -0.01155400 0.04800000
v -0.01150800 -0.01155400 0.04800000
v -0.01058100 -0.01167600 0.04800000
v -0.01058100 -0.01167600 0.04800000
v -0.00970000 -0.01136500 0.04800000
v -0.00458900 -0.00562700 0.04800000
v -0.00465400 -0.00482900 0.04800000
v -0.00465400 -0.00482900 0.04800000
v -0.00484200 -0.00638700 0.04800000
v -0.00484200 -0.00638700 0.04800000
v -0.00484200 -0.00638700 0.04800000
v -0.00502800 -0.00412000 0.04800000
v -0.00502800 -0.00412000 0.04800000
v -0.00593900 -0.00828700 0.04800000
v 0.01350000 -0.00250000 0.05400000
v 0.01350000 -0.00250000 0.04800000
v 0.01378400 -0.00250000 0.05400000
v 0.01378400 -0.00250000 0.04800000
v 0.00891500 -0.01044100 0.04800000
v 0.00891500 -0.01044100 0.05400000
v 0.00905700 -0.01068700 0.04800000
v 0.00905700 -0.01068700 0.05400000
v 0.00593900 -0.00828700 0.04800000
v 0.00593900 -0.00828700 0.05400000
v 0.00649800 -0.00890700 0.04800000
v 0.00649800 -0.00890700 0.05400000
v 0.00649800 -0.00890700 0.04800000
v 0.00649800 -0.00890700 0.05400000
v 0.00649800 -0.00890700 0.05400000
v 0.00726200 -0.00924400 0.04800000
v 0.00726200 -0.00924400 0.04800000
v 0.00726200 -0.00924400 0.04800000
v 0.00726200 -0.00924400 0.04800000
v 0.00726200 -0.00924400 0.05400000
v 0.00726200 -0.00924400 0.05400000
v 0.01163600 -0.00166700 0.04800000
v 0.01163600 -0.00166700 0.04800000
v 0.01163700 -0.00166700 0.05400000
v 0.01163700 -0.00166700 0.05400000
v 0.01163700 -0.00166700 0.05400000
v 0.01163700 -0.00166700 0.05400000
v 0.01096200 -0.00117400 0.04800000
v 0.01096200 -0.00117400 0.04800000
v 0.01096200 -0.00117400 0.05400000
v 0.01096200 -0.00117400 0.04800000
v 0.01096200 -0.00117400 0.05400000
v 0.01014600 -0.00100000 0.04800000
v 0.01014600 -0.00100000 0.05400000
v 0.01469300 -0.00271800 0.04800000
v 0.01469300 -0.00271800 0.04800000
v 0.01378400 -0.00250000 0.04800000
v 0.00891500 -0.01044100 0.04800000
v 0.00891500 -0.01044100 0.04800000
v 0.00891500 -0.01044100 0.04800000
v 0.00821600 -0.00966600 0.04800000
v 0.00821600 -0.00966600 0.04800000
v 0.01350000 -0.00250000 0.04800000
v 0.01350000 -0.00250000 0.04800000
v 0.01247900 -0.00228200 0.04800000
v 0.01247900 -0.00228200 0.04800000
v 0.01247900 -0.00228200 0.04800000
v 0.00726200 -0.00924400 0.04800000
v 0.00726200 -0.00924400 0.04800000
v 0.01163600 -0.00166700 0.04800000
v 0.01163600 -0.00166700 0.04800000
v 0.01163600 -0.00166700 0.04800000
v 0.00649800 -0.00890700 0.04800000
v 0.00465400 -0.00482900 0.04800000
v 0.00458900 -0.00562700 0.04800000
v 0.00458900 -0.00562700 0.04800000
v 0.00502800 -0.00412000 0.04800000
v 0.00502800 -0.00412000 0.04800000
v 0.00502800 -0.00412000 0.04800000
v 0.00484200 -0.00638700 0.04800000
v 0.00484200 -0.00638700 0.04800000
v 0.00593900 -0.00828700 0.04800000
v 0.00649800 -0.00890700 0.04800000
v 0.00608200 -0.00229400 0.04800000
v 0.00608200 -0.00229400 0.04800000
v 0.00608200 -0.00229400 0.04800000
v 0.00608200 -0.00229400 0.04800000
v 0.01568500 -0.00512100 0.04800000
v 0.01568500 -0.00512100 0.04800000
v 0.01576000 -0.00418900 0.04800000
v 0.01576000 -0.00418900 0.04800000
v 0.00891500 -0.01044100 0.04800000
v 0.00891500 -0.01044100 0.04800000
v 0.00891500 -0.01044100 0.04800000
v 0.01540300 -0.00332500 0.04800000
v 0.01540300 -0.00332500 0.04800000
v 0.00905700 -0.01068700 0.04800000
v 0.00905700 -0.01068700 0.04800000
v 0.00970000 -0.01136500 0.04800000
v 0.01058100 -0.01167600 0.04800000
v 0.01058100 -0.01167600 0.04800000
v 0.01058100 -0.01167600 0.04800000
v 0.00716800 -0.00116100 0.04800000
v 0.00650900 -0.00161600 0.04800000
v 0.00650900 -0.00161600 0.04800000
v 0.00795300 -0.00100000 0.04800000
v 0.00795300 -0.00100000 0.04800000
v 0.00795300 -0.00100000 0.04800000
v 0.01014600 -0.00100000 0.04800000
v 0.01014600 -0.00100000 0.04800000
v 0.01428900 -0.00825000 0.04800000
v 0.01428900 -0.00825000 0.04800000
v 0.00905700 -0.01068700 0.04800000
v 0.01227700 -0.01102400 0.04800000
v 0.01227700 -0.01102400 0.04800000
v 0.01150800 -0.01155400 0.04800000
v 0.01096200 -0.00117400 0.04800000
v 0.01096200 -0.00117400 0.04800000
v -0.00458500 0.01294100 0.05400000
v -0.00458500 0.01294100 0.04800000
v -0.00472700 0.01318700 0.05400000
v -0.00472700 0.01318700 0.04800000
v 0.00458500 0.01294100 0.04800000
v 0.00458500 0.01294100 0.05400000
v 0.00472700 0.01318700 0.04800000
v 0.00472700 0.01318700 0.05400000
v 0.00420700 0.00928700 0.04800000
v 0.00420700 0.00928700 0.05400000
v 0.00446400 0.01008100 0.04800000
v 0.00446400 0.01008100 0.05400000
v 0.00446400 0.01008100 0.04800000
v 0.00446400 0.01008100 0.05400000
v 0.00446400 0.01008100 0.05400000
v 0.00437500 0.01091100 0.04800000
v 0.00437500 0.01091100 0.04800000
v 0.00437500 0.01091100 0.04800000
v 0.00437500 0.01091100 0.04800000
v 0.00437500 0.01091100 0.05400000
v 0.00437500 0.01091100 0.05400000
v -0.00437500 0.01091100 0.04800000
v -0.00437500 0.01091100 0.04800000
v -0.00437500 0.01091100 0.05400000
v -0.00437500 0.01091100 0.05400000
v -0.00437500 0.01091100 0.05400000
v -0.00437500 0.01091100 0.05400000
v -0.00446400 0.01008100 0.04800000
v -0.00446400 0.01008100 0.04800000
v -0.00446400 0.01008100 0.05400000
v -0.00446400 0.01008100 0.04800000
v -0.00446400 0.01008100 0.05400000
v -0.00420700 0.00928700 0.04800000
v -0.00420700 0.00928700 0.05400000
v 0.00426300 0.01194800 0.04800000
v 0.00426300 0.01194800 0.04800000
v 0.00426300 0.01194800 0.04800000
v 0.00426300 0.01194800 0.04800000
v -0.00458500 0.01294100 0.04800000
v -0.00458500 0.01294100 0.04800000
v -0.00426300 0.01194800 0.04800000
v -0.00426300 0.01194800 0.04800000
v -0.00426300 0.01194800 0.04800000
v 0.00340800 0.01614400 0.04800000
v -0.00000000 0.01650000 0.04800000
v -0.00000000 0.01650000 0.04800000
v -0.00000000 0.01650000 0.04800000
v 0.00472700 0.01318700 0.04800000
v 0.00472700 0.01318700 0.04800000
v 0.00437500 0.01091100 0.04800000
v 0.00437500 0.01091100 0.04800000
v 0.00437500 0.01091100 0.04800000
v -0.00437500 0.01091100 0.04800000
v -0.00437500 0.01091100 0.04800000
v -0.00437500 0.01091100 0.04800000
v -0.00437500 0.01091100 0.04800000
v 0.00446400 0.01008100 0.04800000
v 0.00446400 0.01008100 0.04800000
v 0.00458500 0.01294100 0.04800000
v 0.00458500 0.01294100 0.04800000
v -0.00340800 0.01614400 0.04800000
v -0.00340800 0.01614400 0.04800000
v 0.00458500 0.01294100 0.04800000
v 0.00458500 0.01294100 0.04800000
v 0.00458500 0.01294100 0.04800000
v 0.00458500 0.01294100 0.04800000
v -0.00425200 0.01574300 0.04800000
v -0.00425200 0.01574300 0.04800000
v -0.00425200 0.01574300 0.04800000
v -0.00472700 0.01318700 0.04800000
v -0.00472700 0.01318700 0.04800000
v -0.00472700 0.01318700 0.04800000
v -0.00499200 0.01408300 0.04800000
v -0.00499200 0.01408300 0.04800000
v -0.00499200 0.01408300 0.04800000
v -0.00482100 0.01500200 0.04800000
v -0.00257900 0.00678800 0.04800000
v -0.00185500 0.00644500 0.04800000
v -0.00185500 0.00644500 0.04800000
v -0.00311000 0.00738700 0.04800000
v -0.00311000 0.00738700 0.04800000
v -0.00105400 0.00641400 0.04800000
v -0.00105400 0.00641400 0.04800000
v -0.00105400 0.00641400 0.04800000
v -0.00105400 0.00641400 0.04800000
v -0.00420700 0.00928700 0.04800000
v -0.00446400 0.01008100 0.04800000
v -0.00446400 0.01008100 0.04800000
v 0.00185500 0.00644500 0.04800000
v 0.00257900 0.00678800 0.04800000
v 0.00257900 0.00678800 0.04800000
v 0.00105400 0.00641400 0.04800000
v 0.00105400 0.00641400 0.04800000
v 0.00105400 0.00641400 0.04800000
v 0.00105400 0.00641400 0.04800000
v 0.00311000 0.00738700 0.04800000
v 0.00311000 0.00738700 0.04800000
v 0.00420700 0.00928700 0.04800000
v 0.00420700 0.00928700 0.04800000
v 0.00446400 0.01008100 0.04800000
v 0.00446400 0.01008100 0.04800000
v 0.00499200 0.01408300 0.04800000
v 0.00482100 0.01500200 0.04800000
v 0.00482100 0.01500200 0.04800000
v 0.00472700 0.01318700 0.04800000
v 0.00472700 0.01318700 0.04800000
v 0.00425200 0.01574300 0.04800000
v -0.00173200 -0.01315000 0.05000000
v -0.00173200 -0.01315000 0.05000000
v -0.00100000 -0.01388200 0.05000000
v -0.00100000 -0.01388200 0.05000000
v 0.00000000 -0.01215000 0.05000000
v 0.00000000 -0.01215000 0.05000000
v 0.00000000 -0.01215000 0.05000000
v 0.00000000 -0.01215000 0.05000000
v 0.00000000 -0.01215000 0.05000000
v 0.00000000 -0.01415000 0.05000000
v 0.00100000 -0.01388200 0.05000000
v -0.00100000 -0.01041800 0.05000000
v -0.00100000 -0.01041800 0.05000000
v -0.00173200 -0.01115000 0.05000000
v -0.00173200 -0.01115000 0.05000000
v -0.00200000 -0.01215000 0.05000000
v -0.00200000 -0.01215000 0.05000000
v 0.00173200 -0.01115000 0.05000000
v 0.00173200 -0.01115000 0.05000000
v 0.00100000 -0.01041800 0.05000000
v 0.00000000 -0.01015000 0.05000000
v 0.00173200 -0.01315000 0.05000000
v 0.00173200 -0.01315000 0.05000000
v 0.00200000 -0.01215000 0.05000000
v 0.00200000 -0.01215000 0.05000000
v -0.01225400 0.00507500 0.05000000
v -0.01225400 0.00507500 0.05000000
v -0.01152200 0.00434300 0.05000000
v -0.01152200 0.00434300 0.05000000
v -0.01052200 0.00607500 0.05000000
v -0.01052200 0.00607500 0.05000000
v -0.01052200 0.00607500 0.05000000
v -0.01052200 0.00607500 0.05000000
v -0.01052200 0.00607500 0.05000000
v -0.01052200 0.00607500 0.05000000
v -0.01052200 0.00607500 0.05000000
v -0.01052200 0.00607500 0.05000000
v -0.01052200 0.00407500 0.05000000
v -0.00952200 0.00434300 0.05000000
v -0.01152200 0.00780700 0.05000000
v -0.01152200 0.00780700 0.05000000
v -0.01225400 0.00707500 0.05000000
v -0.01225400 0.00707500 0.05000000
v -0.01252200 0.00607500 0.05000000
v -0.01252200 0.00607500 0.05000000
v -0.00879000 0.00707500 0.05000000
v -0.00879000 0.00707500 0.05000000
v -0.00952200 0.00780700 0.05000000
v -0.00952200 0.00780700 0.05000000
v -0.01052200 0.00807500 0.05000000
v -0.00879000 0.00507500 0.05000000
v -0.00879000 0.00507500 0.05000000
v -0.00852200 0.00607500 0.05000000
v -0.00852200 0.00607500 0.05000000
v 0.00879000 0.00507500 0.05000000
v 0.00879000 0.00507500 0.05000000
v 0.00952200 0.00434300 0.05000000
v 0.00952200 0.00434300 0.05000000
v 0.01052200 0.00607500 0.05000000
v 0.01052200 0.00607500 0.05000000
v 0.01052200 0.00607500 0.05000000
v 0.01052200 0.00607500 0.05000000
v 0.01052200 0.00607500 0.05000000
v 0.01052200 0.00607500 0.05000000
v 0.01052200 0.00607500 0.05000000
v 0.01052200 0.00607500 0.05000000
v 0.01052200 0.00407500 0.05000000
v 0.01152200 0.00434300 0.05000000
v 0.01152200 0.00434300 0.05000000
v 0.00952200 0.00780700 0.05000000
v 0.00879000 0.00707500 0.05000000
v 0.00879000 0.00707500 0.05000000
v 0.00852200 0.00607500 0.05000000
v 0.00852200 0.00607500 0.05000000
v 0.01225400 0.00707500 0.05000000
v 0.01225400 0.00707500 0.05000000
v 0.01152200 0.00780700 0.05000000
v 0.01152200 0.00780700 0.05000000
v 0.01052200 0.00807500 0.05000000
v 0.01225400 0.00507500 0.05000000
v 0.01225400 0.00507500 0.05000000
v 0.01252200 0.00607500 0.05000000
v 0.01252200 0.00607500 0.05000000
v -0.00675000 0.01169100 0.04824900
v -0.00612500 0.01060900 0.04900000
v -0.00566700 0.01106600 0.04900000
v -0.00675000 0.01044100 0.04900000
v -0.00566700 0.01231600 0.04900000
v -0.00612500 0.01277400 0.04900000
v -0.00550000 0.01169100 0.04900000
v -0.00737500 0.01277400 0.04900000
v -0.00783300 0.01231600 0.04900000
v -0.00675000 0.01294100 0.04900000
v -0.00783300 0.01106600 0.04900000
v -0.00737500 0.01060900 0.04900000
v -0.00800000 0.01169100 0.04900000
v -0.01350000 -0.00000000 0.04824900
v -0.01287500 -0.00108200 0.04900000
v -0.01241700 -0.00062500 0.04900000
v -0.01350000 -0.00125000 0.04900000
v -0.01241700 0.00062500 0.04900000
v -0.01287500 0.00108200 0.04900000
v -0.01225000 -0.00000000 0.04900000
v -0.01412500 0.00108200 0.04900000
v -0.01458300 0.00062500 0.04900000
v -0.01350000 0.00125000 0.04900000
v -0.01458300 -0.00062500 0.04900000
v -0.01412500 -0.00108200 0.04900000
v -0.01475000 -0.00000000 0.04900000
v -0.00675000 -0.01169100 0.04824900
v -0.00612500 -0.01277400 0.04900000
v -0.00566700 -0.01231600 0.04900000
v -0.00675000 -0.01294100 0.04900000
v -0.00566700 -0.01106600 0.04900000
v -0.00612500 -0.01060900 0.04900000
v -0.00550000 -0.01169100 0.04900000
v -0.00737500 -0.01060900 0.04900000
v -0.00783300 -0.01106600 0.04900000
v -0.00675000 -0.01044100 0.04900000
v -0.00783300 -0.01231600 0.04900000
v -0.00737500 -0.01277400 0.04900000
v -0.00800000 -0.01169100 0.04900000
v 0.00675000 -0.01169100 0.04824900
v 0.00737500 -0.01277400 0.04900000
v 0.00783300 -0.01231600 0.04900000
v 0.00675000 -0.01294100 0.04900000
v 0.00783300 -0.01106600 0.04900000
v 0.00737500 -0.01060900 0.04900000
v 0.00800000 -0.01169100 0.04900000
v 0.00612500 -0.01060900 0.04900000
v 0.00566700 -0.01106600 0.04900000
v 0.00675000 -0.01044100 0.04900000
v 0.00566700 -0.01231600 0.04900000
v 0.00612500 -0.01277400 0.04900000
v 0.00550000 -0.01169100 0.04900000
v 0.01350000 0.00000000 0.04824900
v 0.01412500 -0.00108200 0.04900000
v 0.01458300 -0.00062500 0.04900000
v 0.01350000 -0.00125000 0.04900000
v 0.01458300 0.00062500 0.04900000
v 0.01412500 0.00108200 0.04900000
v 0.01475000 0.00000000 0.04900000
v 0.01287500 0.00108200 0.04900000
v 0.01241700 0.00062500 0.04900000
v 0.01350000 0.00125000 0.04900000
v 0.01241700 -0.00062500 0.04900000
v 0.01287500 -0.00108200 0.04900000
v 0.01225000 0.00000000 0.04900000
v 0.00675000 0.01169100 0.04824900
v 0.00737500 0.01060900 0.04900000
v 0.00783300 0.01106600 0.04900000
v 0.00675000 0.01044100 0.04900000
v 0.00783300 0.01231600 0.04900000
v 0.00737500 0.01277400 0.04900000
v 0.00800000 0.01169100 0.04900000
v 0.00612500 0.01277400 0.04900000
v 0.00566700 0.01231600 0.04900000
v 0.00675000 0.01294100 0.04900000
v 0.00566700 0.01106600 0.04900000
v 0.00612500 0.01060900 0.04900000
v 0.00550000 0.01169100 0.04900000
v -0.00821600 -0.00966600 0.05400000
v -0.00821600 -0.00966600 0.04800000
v -0.00821600 -0.00966600 0.04800000
v -0.00821600 -0.00966600 0.04800000
v -0.00821600 -0.00966600 0.05400000
v -0.01227700 -0.01102400 0.04800000
v -0.01227700 -0.01102400 0.05400000
v -0.01150800 -0.01155400 0.04800000
v -0.01150800 -0.01155400 0.05400000
v -0.01150800 -0.01155400 0.04800000
v -0.01150800 -0.01155400 0.05400000
v -0.01150800 -0.01155400 0.05400000
v -0.01058100 -0.01167600 0.04800000
v -0.01058100 -0.01167600 0.04800000
v -0.01058100 -0.01167600 0.05400000
v -0.01058100 -0.01167600 0.04800000
v -0.01058100 -0.01167600 0.05400000
v -0.01058100 -0.01167600 0.05400000
v -0.00970000 -0.01136500 0.04800000
v -0.00970000 -0.01136500 0.04800000
v -0.00970000 -0.01136500 0.05400000
v -0.00970000 -0.01136500 0.04800000
v -0.00970000 -0.01136500 0.05400000
v -0.01428900 -0.00825000 0.04800000
v -0.01568500 -0.00512100 0.04800000
v -0.01568500 -0.00512100 0.05400000
v -0.01428900 -0.00825000 0.05400000
v -0.01369900 -0.00919600 0.05400000
v -0.01286100 -0.01033600 0.05400000
v -0.01469300 -0.00271800 0.04800000
v -0.01469300 -0.00271800 0.05400000
v -0.01469300 -0.00271800 0.04800000
v -0.01469300 -0.00271800 0.05400000
v -0.01540300 -0.00332500 0.04800000
v -0.01540300 -0.00332500 0.05400000
v -0.01540300 -0.00332500 0.04800000
v -0.01540300 -0.00332500 0.05400000
v -0.01540300 -0.00332500 0.05400000
v -0.01576000 -0.00418900 0.04800000
v -0.01576000 -0.00418900 0.04800000
v -0.01576000 -0.00418900 0.05400000
v -0.01576000 -0.00418900 0.04800000
v -0.01576000 -0.00418900 0.05400000
v -0.01247900 -0.00228200 0.05400000
v -0.01247900 -0.00228200 0.05400000
v -0.01247900 -0.00228200 0.04800000
v -0.01247900 -0.00228200 0.04800000
v -0.01247900 -0.00228200 0.05400000
v -0.00826100 -0.00100000 0.05400000
v -0.00826100 -0.00100000 0.05400000
v -0.00795300 -0.00100000 0.04800000
v -0.00795300 -0.00100000 0.04800000
v -0.00795300 -0.00100000 0.05400000
v -0.00608200 -0.00229400 0.04800000
v -0.00608200 -0.00229400 0.05400000
v -0.00650900 -0.00161600 0.04800000
v -0.00650900 -0.00161600 0.05400000
v -0.00650900 -0.00161600 0.04800000
v -0.00650900 -0.00161600 0.05400000
v -0.00650900 -0.00161600 0.05400000
v -0.00716800 -0.00116100 0.04800000
v -0.00716800 -0.00116100 0.04800000
v -0.00716800 -0.00116100 0.05400000
v -0.00716800 -0.00116100 0.04800000
v -0.00716800 -0.00116100 0.05400000
v -0.00502800 -0.00412000 0.05400000
v -0.00502800 -0.00412000 0.04800000
v -0.00484200 -0.00638700 0.04800000
v -0.00484200 -0.00638700 0.05400000
v -0.00458900 -0.00562700 0.04800000
v -0.00458900 -0.00562700 0.05400000
v -0.00458900 -0.00562700 0.04800000
v -0.00458900 -0.00562700 0.05400000
v -0.00458900 -0.00562700 0.05400000
v -0.00465400 -0.00482900 0.04800000
v -0.00465400 -0.00482900 0.04800000
v -0.00465400 -0.00482900 0.05400000
v -0.00465400 -0.00482900 0.04800000
v -0.00465400 -0.00482900 0.05400000
v 0.01247900 -0.00228200 0.05400000
v 0.01247900 -0.00228200 0.04800000
v 0.01247900 -0.00228200 0.04800000
v 0.01247900 -0.00228200 0.04800000
v 0.01247900 -0.00228200 0.05400000
v 0.01568500 -0.00512100 0.04800000
v 0.01568500 -0.00512100 0.05400000
v 0.01576000 -0.00418900 0.04800000
v 0.01576000 -0.00418900 0.05400000
v 0.01576000 -0.00418900 0.04800000
v 0.01576000 -0.00418900 0.05400000
v 0.01576000 -0.00418900 0.05400000
v 0.01540300 -0.00332500 0.04800000
v 0.01540300 -0.00332500 0.04800000
v 0.01540300 -0.00332500 0.05400000
v 0.01540300 -0.00332500 0.04800000
v 0.01540300 -0.00332500 0.05400000
v 0.01469300 -0.00271800 0.04800000
v 0.01469300 -0.00271800 0.05400000
v 0.01469300 -0.00271800 0.04800000
v 0.01469300 -0.00271800 0.05400000
v 0.01227700 -0.01102400 0.04800000
v 0.01227700 -0.01102400 0.05400000
v 0.01428900 -0.00825000 0.04800000
v 0.01428900 -0.00825000 0.05400000
v 0.00970000 -0.01136500 0.04800000
v 0.00970000 -0.01136500 0.05400000
v 0.00970000 -0.01136500 0.04800000
v 0.00970000 -0.01136500 0.05400000
v 0.00970000 -0.01136500 0.05400000
v 0.01058100 -0.01167600 0.04800000
v 0.01058100 -0.01167600 0.04800000
v 0.01058100 -0.01167600 0.05400000
v 0.01058100 -0.01167600 0.04800000
v 0.01058100 -0.01167600 0.05400000
v 0.01058100 -0.01167600 0.05400000
v 0.01150800 -0.01155400 0.04800000
v 0.01150800 -0.01155400 0.04800000
v 0.01150800 -0.01155400 0.05400000
v 0.01150800 -0.01155400 0.04800000
v 0.01150800 -0.01155400 0.05400000
v 0.00821600 -0.00966600 0.05400000
v 0.00821600 -0.00966600 0.05400000
v 0.00821600 -0.00966600 0.04800000
v 0.00821600 -0.00966600 0.04800000
v 0.00821600 -0.00966600 0.05400000
v 0.00484200 -0.00638700 0.04800000
v 0.00484200 -0.00638700 0.05400000
v 0.00484200 -0.00638700 0.05400000
v 0.00502800 -0.00412000 0.04800000
v 0.00502800 -0.00412000 0.05400000
v 0.00465400 -0.00482900 0.04800000
v 0.00465400 -0.00482900 0.05400000
v 0.00465400 -0.00482900 0.04800000
v 0.00465400 -0.00482900 0.05400000
v 0.00465400 -0.00482900 0.05400000
v 0.00458900 -0.00562700 0.04800000
v 0.00458900 -0.00562700 0.04800000
v 0.00458900 -0.00562700 0.05400000
v 0.00458900 -0.00562700 0.04800000
v 0.00458900 -0.00562700 0.05400000
v 0.00458900 -0.00562700 0.05400000
v 0.00484200 -0.00638700 0.04800000
v 0.00484200 -0.00638700 0.04800000
v 0.00608200 -0.00229400 0.05400000
v 0.00608200 -0.00229400 0.04800000
v 0.00795300 -0.00100000 0.04800000
v 0.00795300 -0.00100000 0.05400000
v 0.00716800 -0.00116100 0.04800000
v 0.00716800 -0.00116100 0.05400000
v 0.00716800 -0.00116100 0.04800000
v 0.00716800 -0.00116100 0.05400000
v 0.00716800 -0.00116100 0.05400000
v 0.00650900 -0.00161600 0.04800000
v 0.00650900 -0.00161600 0.04800000
v 0.00650900 -0.00161600 0.05400000
v 0.00650900 -0.00161600 0.04800000
v 0.00650900 -0.00161600 0.05400000
v 0.00826100 -0.00100000 0.05400000
v -0.00426300 0.01194800 0.05400000
v -0.00426300 0.01194800 0.04800000
v -0.00426300 0.01194800 0.04800000
v -0.00426300 0.01194800 0.04800000
v -0.00426300 0.01194800 0.05400000
v -0.00340800 0.01614400 0.04800000
v -0.00340800 0.01614400 0.05400000
v -0.00425200 0.01574300 0.04800000
v -0.00425200 0.01574300 0.05400000
v -0.00425200 0.01574300 0.04800000
v -0.00425200 0.01574300 0.05400000
v -0.00482100 0.01500200 0.04800000
v -0.00482100 0.01500200 0.05400000
v -0.00482100 0.01500200 0.04800000
v -0.00482100 0.01500200 0.05400000
v -0.00482100 0.01500200 0.05400000
v -0.00499200 0.01408300 0.04800000
v -0.00499200 0.01408300 0.04800000
v -0.00499200 0.01408300 0.05400000
v -0.00499200 0.01408300 0.04800000
v -0.00499200 0.01408300 0.05400000
v 0.00340800 0.01614400 0.04800000
v 0.00340800 0.01614400 0.05400000
v -0.00000000 0.01650000 0.04800000
v -0.00000000 0.01650000 0.05400000
v 0.00499200 0.01408300 0.04800000
v 0.00499200 0.01408300 0.05400000
v 0.00499200 0.01408300 0.04800000
v 0.00499200 0.01408300 0.05400000
v 0.00499200 0.01408300 0.05400000
v 0.00482100 0.01500200 0.04800000
v 0.00482100 0.01500200 0.04800000
v 0.00482100 0.01500200 0.05400000
v 0.00482100 0.01500200 0.04800000
v 0.00482100 0.01500200 0.05400000
v 0.00425200 0.01574300 0.04800000
v 0.00425200 0.01574300 0.05400000
v 0.00425200 0.01574300 0.04800000
v 0.00425200 0.01574300 0.05400000
v 0.00426300 0.01194800 0.05400000
v 0.00426300 0.01194800 0.05400000
v 0.00426300 0.01194800 0.04800000
v 0.00426300 0.01194800 0.04800000
v 0.00426300 0.01194800 0.05400000
v 0.00311000 0.00738700 0.04800000
v 0.00311000 0.00738700 0.05400000
v 0.00311000 0.00738700 0.05400000
v 0.00105400 0.00641400 0.04800000
v 0.00105400 0.00641400 0.05400000
v 0.00185500 0.00644500 0.04800000
v 0.00185500 0.00644500 0.04800000
v 0.00105400 0.00641400 0.05400000
v 0.00185500 0.00644500 0.05400000
v 0.00185500 0.00644500 0.04800000
v 0.00185500 0.00644500 0.05400000
v 0.00185500 0.00644500 0.05400000
v 0.00257900 0.00678800 0.04800000
v 0.00257900 0.00678800 0.04800000
v 0.00257900 0.00678800 0.05400000
v 0.00257900 0.00678800 0.04800000
v 0.00257900 0.00678800 0.05400000
v 0.00257900 0.00678800 0.05400000
v 0.00311000 0.00738700 0.04800000
v 0.00311000 0.00738700 0.04800000
v -0.00105400 0.00641400 0.05400000
v -0.00105400 0.00641400 0.04800000
v -0.00311000 0.00738700 0.04800000
v -0.00311000 0.00738700 0.05400000
v -0.00257900 0.00678800 0.04800000
v -0.00257900 0.00678800 0.05400000
v -0.00257900 0.00678800 0.04800000
v -0.00257900 0.00678800 0.05400000
v -0.00257900 0.00678800 0.05400000
v -0.00185500 0.00644500 0.04800000
v -0.00185500 0.00644500 0.04800000
v -0.00185500 0.00644500 0.05400000
v -0.00185500 0.00644500 0.04800000
v -0.00185500 0.00644500 0.05400000
v 0.00000000 -0.01415000 0.05000000
v 0.00000000 -0.01415000 0.05400000
v 0.00000000 -0.01415000 0.05400000
v 0.00100000 -0.01388200 0.05000000
v 0.00100000 -0.01388200 0.05000000
v 0.00100000 -0.01388200 0.05400000
v 0.00100000 -0.01388200 0.05000000
v 0.00100000 -0.01388200 0.05400000
v 0.00100000 -0.01388200 0.05400000
v 0.00173200 -0.01315000 0.05000000
v 0.00173200 -0.01315000 0.05000000
v 0.00173200 -0.01315000 0.05400000
v 0.00173200 -0.01315000 0.05000000
v 0.00173200 -0.01315000 0.05400000
v 0.00173200 -0.01315000 0.05400000
v 0.00200000 -0.01215000 0.05000000
v 0.00200000 -0.01215000 0.05000000
v 0.00200000 -0.01215000 0.05400000
v 0.00200000 -0.01215000 0.05000000
v 0.00200000 -0.01215000 0.05400000
v 0.00200000 -0.01215000 0.05400000
v 0.00173200 -0.01115000 0.05000000
v 0.00173200 -0.01115000 0.05000000
v 0.00173200 -0.01115000 0.05400000
v 0.00173200 -0.01115000 0.05000000
v 0.00173200 -0.01115000 0.05400000
v 0.00173200 -0.01115000 0.05400000
v 0.00100000 -0.01041800 0.05000000
v 0.00100000 -0.01041800 0.05000000
v 0.00100000 -0.01041800 0.05400000
v 0.00100000 -0.01041800 0.05000000
v 0.00100000 -0.01041800 0.05400000
v 0.00000000 -0.01015000 0.05000000
v 0.00000000 -0.01015000 0.05400000
v 0.00000000 -0.01015000 0.05000000
v 0.00000000 -0.01015000 0.05400000
v 0.00000000 -0.01015000 0.05400000
v -0.00100000 -0.01041800 0.05000000
v -0.00100000 -0.01041800 0.05000000
v -0.00100000 -0.01041800 0.05400000
v -0.00100000 -0.01041800 0.05000000
v -0.00100000 -0.01041800 0.05400000
v -0.00100000 -0.01041800 0.05400000
v -0.00173200 -0.01115000 0.05000000
v -0.00173200 -0.01115000 0.05000000
v -0.00173200 -0.01115000 0.05400000
v -0.00173200 -0.01115000 0.05000000
v -0.00173200 -0.01115000 0.05400000
v -0.00173200 -0.01115000 0.05400000
v -0.00200000 -0.01215000 0.05000000
v -0.00200000 -0.01215000 0.05000000
v -0.00200000 -0.01215000 0.05400000
v -0.00200000 -0.01215000 0.05000000
v -0.00200000 -0.01215000 0.05400000
v -0.00200000 -0.01215000 0.05400000
v -0.00173200 -0.01315000 0.05000000
v -0.00173200 -0.01315000 0.05000000
v -0.00173200 -0.01315000 0.05400000
v -0.00173200 -0.01315000 0.05000000
v -0.00173200 -0.01315000 0.05400000
v -0.00173200 -0.01315000 0.05400000
v -0.00100000 -0.01388200 0.05000000
v -0.00100000 -0.01388200 0.05000000
v -0.00100000 -0.01388200 0.05400000
v -0.00100000 -0.01388200 0.05000000
v -0.00100000 -0.01388200 0.05400000
v -0.00100000 -0.01388200 0.05400000
v 0.00000000 -0.01415000 0.05000000
v 0.00000000 -0.01415000 0.05000000
v 0.00000000 -0.01415000 0.05400000
v -0.01052200 0.00407500 0.05000000
v -0.01052200 0.00407500 0.05400000
v -0.01052200 0.00407500 0.05400000
v -0.00952200 0.00434300 0.05000000
v -0.00952200 0.00434300 0.05000000
v -0.00952200 0.00434300 0.05400000
v -0.00952200 0.00434300 0.05000000
v -0.00952200 0.00434300 0.05400000
v -0.00952200 0.00434300 0.05400000
v -0.00879000 0.00507500 0.05000000
v -0.00879000 0.00507500 0.05000000
v -0.00879000 0.00507500 0.05400000
v -0.00879000 0.00507500 0.05000000
v -0.00879000 0.00507500 0.05400000
v -0.00879000 0.00507500 0.05400000
v -0.00852200 0.00607500 0.05000000
v -0.00852200 0.00607500 0.05000000
v -0.00852200 0.00607500 0.05400000
v -0.00852200 0.00607500 0.05000000
v -0.00852200 0.00607500 0.05400000
v -0.00852200 0.00607500 0.05400000
v -0.00879000 0.00707500 0.05000000
v -0.00879000 0.00707500 0.05000000
v -0.00879000 0.00707500 0.05400000
v -0.00879000 0.00707500 0.05000000
v -0.00879000 0.00707500 0.05400000
v -0.00879000 0.00707500 0.05400000
v -0.00952200 0.00780700 0.05000000
v -0.00952200 0.00780700 0.05000000
v -0.00952200 0.00780700 0.05400000
v -0.00952200 0.00780700 0.05000000
v -0.00952200 0.00780700 0.05400000
v -0.00952200 0.00780700 0.05400000
v -0.01052200 0.00807500 0.05000000
v -0.01052200 0.00807500 0.05000000
v -0.01052200 0.00807500 0.05400000
v -0.01052200 0.00807500 0.05000000
v -0.01052200 0.00807500 0.05400000
v -0.01052200 0.00807500 0.05400000
v -0.01152200 0.00780700 0.05000000
v -0.01152200 0.00780700 0.05000000
v -0.01152200 0.00780700 0.05400000
v -0.01152200 0.00780700 0.05000000
v -0.01152200 0.00780700 0.05400000
v -0.01152200 0.00780700 0.05400000
v -0.01225400 0.00707500 0.05000000
v -0.01225400 0.00707500 0.05000000
v -0.01225400 0.00707500 0.05400000
v -0.01225400 0.00707500 0.05000000
v -0.01225400 0.00707500 0.05400000
v -0.01225400 0.00707500 0.05400000
v -0.01252200 0.00607500 0.05000000
v -0.01252200 0.00607500 0.05000000
v -0.01252200 0.00607500 0.05400000
v -0.01252200 0.00607500 0.05000000
v -0.01252200 0.00607500 0.05400000
v -0.01252200 0.00607500 0.05400000
v -0.01225400 0.00507500 0.05000000
v -0.01225400 0.00507500 0.05000000
v -0.01225400 0.00507500 0.05400000
v -0.01225400 0.00507500 0.05000000
v -0.01225400 0.00507500 0.05400000
v -0.01225400 0.00507500 0.05400000
v -0.01152200 0.00434300 0.05000000
v -0.01152200 0.00434300 0.05000000
v -0.01152200 0.00434300 0.05400000
v -0.01152200 0.00434300 0.05000000
v -0.01152200 0.00434300 0.05400000
v -0.01152200 0.00434300 0.05400000
v -0.01052200 0.00407500 0.05000000
v -0.01052200 0.00407500 0.05000000
v -0.01052200 0.00407500 0.05400000
v 0.01052200 0.00407500 0.05000000
v 0.01052200 0.00407500 0.05400000
v 0.01052200 0.00407500 0.05400000
v 0.01152200 0.00434300 0.05000000
v 0.01152200 0.00434300 0.05000000
v 0.01152200 0.00434300 0.05400000
v 0.01152200 0.00434300 0.05000000
v 0.01152200 0.00434300 0.05400000
v 0.01152200 0.00434300 0.05400000
v 0.01225400 0.00507500 0.05000000
v 0.01225400 0.00507500 0.05000000
v 0.01225400 0.00507500 0.05400000
v 0.01225400 0.00507500 0.05000000
v 0.01225400 0.00507500 0.05400000
v 0.01225400 0.00507500 0.05400000
v 0.01252200 0.00607500 0.05000000
v 0.01252200 0.00607500 0.05000000
v 0.01252200 0.00607500 0.05400000
v 0.01252200 0.00607500 0.05000000
v 0.01252200 0.00607500 0.05400000
v 0.01252200 0.00607500 0.05400000
v 0.01225400 0.00707500 0.05000000
v 0.01225400 0.00707500 0.05000000
v 0.01225400 0.00707500 0.05400000
v 0.01225400 0.00707500 0.05000000
v 0.01225400 0.00707500 0.05400000
v 0.01225400 0.00707500 0.05400000
v 0.01152200 0.00780700 0.05000000
v 0.01152200 0.00780700 0.05000000
v 0.01152200 0.00780700 0.05400000
v 0.01152200 0.00780700 0.05000000
v 0.01152200 0.00780700 0.05400000
v 0.01152200 0.00780700 0.05400000
v 0.01052200 0.00807500 0.05000000
v 0.01052200 0.00807500 0.05000000
v 0.01052200 0.00807500 0.05400000
v 0.01052200 0.00807500 0.05000000
v 0.01052200 0.00807500 0.05400000
v 0.01052200 0.00807500 0.05400000
v 0.00952200 0.00780700 0.05000000
v 0.00952200 0.00780700 0.05000000
v 0.00952200 0.00780700 0.05400000
v 0.00952200 0.00780700 0.05000000
v 0.00952200 0.00780700 0.05400000
v 0.00952200 0.00780700 0.05400000
v 0.00879000 0.00707500 0.05000000
v 0.00879000 0.00707500 0.05000000
v 0.00879000 0.00707500 0.05400000
v 0.00879000 0.00707500 0.05000000
v 0.00879000 0.00707500 0.05400000
v 0.00879000 0.00707500 0.05400000
v 0.00852200 0.00607500 0.05000000
v 0.00852200 0.00607500 0.05000000
v 0.00852200 0.00607500 0.05400000
v 0.00852200 0.00607500 0.05000000
v 0.00852200 0.00607500 0.05400000
v 0.00852200 0.00607500 0.05400000
v 0.00879000 0.00507500 0.05000000
v 0.00879000 0.00507500 0.05000000
v 0.00879000 0.00507500 0.05400000
v 0.00879000 0.00507500 0.05000000
v 0.00879000 0.00507500 0.05400000
v 0.00879000 0.00507500 0.05400000
v 0.00952200 0.00434300 0.05000000
v 0.00952200 0.00434300 0.05000000
v 0.00952200 0.00434300 0.05400000
v 0.00952200 0.00434300 0.05000000
v 0.00952200 0.00434300 0.05400000
v 0.00952200 0.00434300 0.05400000
v 0.01052200 0.00407500 0.05000000
v 0.01052200 0.00407500 0.05000000
v 0.01052200 0.00407500 0.05400000
v -0.00675000 0.01044100 0.04900000
v -0.00675000 0.01044100 0.05400000
v -0.00675000 0.01044100 0.05400000
v -0.00612500 0.01060900 0.04900000
v -0.00612500 0.01060900 0.04900000
v -0.00612500 0.01060900 0.05400000
v -0.00612500 0.01060900 0.04900000
v -0.00612500 0.01060900 0.05400000
v -0.00612500 0.01060900 0.05400000
v -0.00566700 0.01106600 0.04900000
v -0.00566700 0.01106600 0.04900000
v -0.00566700 0.01106600 0.05400000
v -0.00566700 0.01106600 0.04900000
v -0.00566700 0.01106600 0.05400000
v -0.00550000 0.01169100 0.04900000
v -0.00550000 0.01169100 0.05400000
v -0.00550000 0.01169100 0.04900000
v -0.00550000 0.01169100 0.05400000
v -0.00550000 0.01169100 0.05400000
v -0.00566700 0.01231600 0.04900000
v -0.00566700 0.01231600 0.04900000
v -0.00566700 0.01231600 0.05400000
v -0.00566700 0.01231600 0.04900000
v -0.00566700 0.01231600 0.05400000
v -0.00566700 0.01231600 0.05400000
v -0.00612500 0.01277400 0.04900000
v -0.00612500 0.01277400 0.04900000
v -0.00612500 0.01277400 0.05400000
v -0.00612500 0.01277400 0.04900000
v -0.00612500 0.01277400 0.05400000
v -0.00675000 0.01294100 0.04900000
v -0.00675000 0.01294100 0.05400000
v -0.00675000 0.01294100 0.04900000
v -0.00675000 0.01294100 0.05400000
v -0.00675000 0.01294100 0.05400000
v -0.00737500 0.01277400 0.04900000
v -0.00737500 0.01277400 0.04900000
v -0.00737500 0.01277400 0.05400000
v -0.00737500 0.01277400 0.04900000
v -0.00737500 0.01277400 0.05400000
v -0.00737500 0.01277400 0.05400000
v -0.00783300 0.01231600 0.04900000
v -0.00783300 0.01231600 0.04900000
v -0.00783300 0.01231600 0.05400000
v -0.00783300 0.01231600 0.04900000
v -0.00783300 0.01231600 0.05400000
v -0.00783300 0.01231600 0.05400000
v -0.00800000 0.01169100 0.04900000
v -0.00800000 0.01169100 0.04900000
v -0.00800000 0.01169100 0.05400000
v -0.00800000 0.01169100 0.04900000
v -0.00800000 0.01169100 0.05400000
v -0.00800000 0.01169100 0.05400000
v -0.00783300 0.01106600 0.04900000
v -0.00783300 0.01106600 0.04900000
v -0.00783300 0.01106600 0.05400000
v -0.00783300 0.01106600 0.04900000
v -0.00783300 0.01106600 0.05400000
v -0.00783300 0.01106600 0.05400000
v -0.00737500 0.01060900 0.04900000
v -0.00737500 0.01060900 0.04900000
v -0.00737500 0.01060900 0.05400000
v -0.00737500 0.01060900 0.04900000
v -0.00737500 0.01060900 0.05400000
v -0.00737500 0.01060900 0.05400000
v -0.00675000 0.01044100 0.04900000
v -0.00675000 0.01044100 0.04900000
v -0.00675000 0.01044100 0.05400000
v -0.01458300 -0.00062500 0.05400000
v -0.01458300 -0.00062500 0.05400000
v -0.01412500 -0.00108200 0.05400000
v -0.01412500 -0.00108200 0.04900000
v -0.01412500 -0.00108200 0.04900000
v -0.01412500 -0.00108200 0.04900000
v -0.01412500 -0.00108200 0.05400000
v -0.01364400 -0.00124200 0.05400000
v -0.01350000 -0.00125000 0.04900000
v -0.01350000 -0.00125000 0.05400000
v -0.01287500 -0.00108200 0.04900000
v -0.01287500 -0.00108200 0.05400000
v -0.01287500 -0.00108200 0.04900000
v -0.01287500 -0.00108200 0.05400000
v -0.01287500 -0.00108200 0.05400000
v -0.01241700 -0.00062500 0.04900000
v -0.01241700 -0.00062500 0.04900000
v -0.01241700 -0.00062500 0.05400000
v -0.01241700 -0.00062500 0.04900000
v -0.01241700 -0.00062500 0.05400000
v -0.01241700 -0.00062500 0.05400000
v -0.01225000 -0.00000000 0.04900000
v -0.01225000 -0.00000000 0.04900000
v -0.01225000 -0.00000000 0.05400000
v -0.01225000 -0.00000000 0.04900000
v -0.01225000 -0.00000000 0.05400000
v -0.01225000 -0.00000000 0.05400000
v -0.01241700 0.00062500 0.04900000
v -0.01241700 0.00062500 0.04900000
v -0.01241700 0.00062500 0.05400000
v -0.01241700 0.00062500 0.04900000
v -0.01241700 0.00062500 0.05400000
v -0.01241700 0.00062500 0.05400000
v -0.01287500 0.00108200 0.04900000
v -0.01287500 0.00108200 0.04900000
v -0.01287500 0.00108200 0.05400000
v -0.01287500 0.00108200 0.04900000
v -0.01287500 0.00108200 0.05400000
v -0.01287500 0.00108200 0.05400000
v -0.01350000 0.00125000 0.04900000
v -0.01350000 0.00125000 0.04900000
v -0.01350000 0.00125000 0.05400000
v -0.01350000 0.00125000 0.04900000
v -0.01350000 0.00125000 0.05400000
v -0.01412500 0.00108200 0.04900000
v -0.01412500 0.00108200 0.05400000
v -0.01412500 0.00108200 0.04900000
v -0.01412500 0.00108200 0.05400000
v -0.01412500 0.00108200 0.05400000
v -0.01458300 0.00062500 0.04900000
v -0.01458300 0.00062500 0.04900000
v -0.01458300 0.00062500 0.05400000
v -0.01458300 0.00062500 0.04900000
v -0.01458300 0.00062500 0.05400000
v -0.01458300 0.00062500 0.05400000
v -0.01475000 -0.00000000 0.04900000
v -0.01475000 -0.00000000 0.04900000
v -0.01475000 -0.00000000 0.05400000
v -0.01475000 -0.00000000 0.04900000
v -0.01475000 -0.00000000 0.05400000
v -0.01475000 -0.00000000 0.05400000
v -0.01458300 -0.00062500 0.04900000
v -0.01458300 -0.00062500 0.04900000
v -0.01458300 -0.00062500 0.05400000
v -0.01458300 -0.00062500 0.04900000
v -0.00675000 -0.01294100 0.04900000
v -0.00675000 -0.01294100 0.05400000
v -0.00612500 -0.01277400 0.04900000
v -0.00612500 -0.01277400 0.05400000
v -0.00612500 -0.01277400 0.04900000
v -0.00612500 -0.01277400 0.05400000
v -0.00612500 -0.01277400 0.05400000
v -0.00566700 -0.01231600 0.04900000
v -0.00566700 -0.01231600 0.04900000
v -0.00566700 -0.01231600 0.05400000
v -0.00566700 -0.01231600 0.04900000
v -0.00566700 -0.01231600 0.05400000
v -0.00566700 -0.01231600 0.05400000
v -0.00550000 -0.01169100 0.04900000
v -0.00550000 -0.01169100 0.04900000
v -0.00550000 -0.01169100 0.05400000
v -0.00550000 -0.01169100 0.04900000
v -0.00550000 -0.01169100 0.05400000
v -0.00566700 -0.01106600 0.04900000
v -0.00566700 -0.01106600 0.05400000
v -0.00566700 -0.01106600 0.04900000
v -0.00566700 -0.01106600 0.05400000
v -0.00566700 -0.01106600 0.05400000
v -0.00612500 -0.01060900 0.04900000
v -0.00612500 -0.01060900 0.04900000
v -0.00612500 -0.01060900 0.05400000
v -0.00612500 -0.01060900 0.04900000
v -0.00612500 -0.01060900 0.05400000
v -0.00612500 -0.01060900 0.05400000
v -0.00675000 -0.01044100 0.04900000
v -0.00675000 -0.01044100 0.04900000
v -0.00675000 -0.01044100 0.05400000
v -0.00675000 -0.01044100 0.04900000
v -0.00675000 -0.01044100 0.05400000
v -0.00675000 -0.01044100 0.05400000
v -0.00737500 -0.01060900 0.04900000
v -0.00737500 -0.01060900 0.04900000
v -0.00737500 -0.01060900 0.05400000
v -0.00737500 -0.01060900 0.04900000
v -0.00737500 -0.01060900 0.05400000
v -0.00737500 -0.01060900 0.05400000
v -0.00783300 -0.01106600 0.04900000
v -0.00783300 -0.01106600 0.04900000
v -0.00783300 -0.01106600 0.05400000
v -0.00783300 -0.01106600 0.04900000
v -0.00783300 -0.01106600 0.05400000
v -0.00783300 -0.01106600 0.05400000
v -0.00800000 -0.01169100 0.04900000
v -0.00800000 -0.01169100 0.04900000
v -0.00800000 -0.01169100 0.05400000
v -0.00800000 -0.01169100 0.04900000
v -0.00800000 -0.01169100 0.05400000
v -0.00800000 -0.01169100 0.05400000
v -0.00783300 -0.01231600 0.04900000
v -0.00783300 -0.01231600 0.04900000
v -0.00783300 -0.01231600 0.05400000
v -0.00783300 -0.01231600 0.04900000
v -0.00783300 -0.01231600 0.05400000
v -0.00783300 -0.01231600 0.05400000
v -0.00737500 -0.01277400 0.04900000
v -0.00737500 -0.01277400 0.04900000
v -0.00737500 -0.01277400 0.05400000
v -0.00737500 -0.01277400 0.04900000
v -0.00737500 -0.01277400 0.05400000
v -0.00737500 -0.01277400 0.05400000
v -0.00675000 -0.01294100 0.04900000
v -0.00675000 -0.01294100 0.04900000
v -0.00675000 -0.01294100 0.05400000
v 0.00675000 -0.01294100 0.04900000
v 0.00675000 -0.01294100 0.05400000
v 0.00675000 -0.01294100 0.05400000
v 0.00737500 -0.01277400 0.04900000
v 0.00737500 -0.01277400 0.04900000
v 0.00737500 -0.01277400 0.05400000
v 0.00737500 -0.01277400 0.04900000
v 0.00737500 -0.01277400 0.05400000
v 0.00737500 -0.01277400 0.05400000
v 0.00783300 -0.01231600 0.04900000
v 0.00783300 -0.01231600 0.04900000
v 0.00783300 -0.01231600 0.05400000
v 0.00783300 -0.01231600 0.04900000
v 0.00783300 -0.01231600 0.05400000
v 0.00783300 -0.01231600 0.05400000
v 0.00800000 -0.01169100 0.04900000
v 0.00800000 -0.01169100 0.04900000
v 0.00800000 -0.01169100 0.05400000
v 0.00800000 -0.01169100 0.04900000
v 0.00800000 -0.01169100 0.05400000
v 0.00800000 -0.01169100 0.05400000
v 0.00783300 -0.01106600 0.04900000
v 0.00783300 -0.01106600 0.04900000
v 0.00783300 -0.01106600 0.05400000
v 0.00783300 -0.01106600 0.04900000
v 0.00783300 -0.01106600 0.05400000
v 0.00783300 -0.01106600 0.05400000
v 0.00737500 -0.01060900 0.04900000
v 0.00737500 -0.01060900 0.04900000
v 0.00737500 -0.01060900 0.05400000
v 0.00737500 -0.01060900 0.04900000
v 0.00737500 -0.01060900 0.05400000
v 0.00737500 -0.01060900 0.05400000
v 0.00675000 -0.01044100 0.04900000
v 0.00675000 -0.01044100 0.04900000
v 0.00675000 -0.01044100 0.05400000
v 0.00675000 -0.01044100 0.04900000
v 0.00675000 -0.01044100 0.05400000
v 0.00675000 -0.01044100 0.05400000
v 0.00612500 -0.01060900 0.04900000
v 0.00612500 -0.01060900 0.04900000
v 0.00612500 -0.01060900 0.05400000
v 0.00612500 -0.01060900 0.04900000
v 0.00612500 -0.01060900 0.05400000
v 0.00612500 -0.01060900 0.05400000
v 0.00566700 -0.01106600 0.04900000
v 0.00566700 -0.01106600 0.04900000
v 0.00566700 -0.01106600 0.05400000
v 0.00566700 -0.01106600 0.04900000
v 0.00566700 -0.01106600 0.05400000
v 0.00550000 -0.01169100 0.04900000
v 0.00550000 -0.01169100 0.05400000
v 0.00550000 -0.01169100 0.04900000
v 0.00550000 -0.01169100 0.05400000
v 0.00550000 -0.01169100 0.05400000
v 0.00566700 -0.01231600 0.04900000
v 0.00566700 -0.01231600 0.04900000
v 0.00566700 -0.01231600 0.05400000
v 0.00566700 -0.01231600 0.04900000
v 0.00566700 -0.01231600 0.05400000
v 0.00566700 -0.01231600 0.05400000
v 0.00612500 -0.01277400 0.04900000
v 0.00612500 -0.01277400 0.04900000
v 0.00612500 -0.01277400 0.05400000
v 0.00612500 -0.01277400 0.04900000
v 0.00612500 -0.01277400 0.05400000
v 0.00675000 -0.01294100 0.04900000
v 0.00675000 -0.01294100 0.05400000
v 0.01350000 -0.00125000 0.04900000
v 0.01350000 -0.00125000 0.05400000
v 0.01412500 -0.00108200 0.04900000
v 0.01412500 -0.00108200 0.05400000
v 0.01412500 -0.00108200 0.04900000
v 0.01412500 -0.00108200 0.05400000
v 0.01412500 -0.00108200 0.05400000
v 0.01458300 -0.00062500 0.04900000
v 0.01458300 -0.00062500 0.04900000
v 0.01458300 -0.00062500 0.05400000
v 0.01458300 -0.00062500 0.04900000
v 0.01458300 -0.00062500 0.05400000
v 0.01458300 -0.00062500 0.05400000
v 0.01475000 0.00000000 0.04900000
v 0.01475000 0.00000000 0.04900000
v 0.01475000 0.00000000 0.05400000
v 0.01475000 0.00000000 0.04900000
v 0.01475000 0.00000000 0.05400000
v 0.01475000 0.00000000 0.05400000
v 0.01458300 0.00062500 0.04900000
v 0.01458300 0.00062500 0.04900000
v 0.01458300 0.00062500 0.05400000
v 0.01458300 0.00062500 0.04900000
v 0.01458300 0.00062500 0.05400000
v 0.01458300 0.00062500 0.05400000
v 0.01412500 0.00108200 0.04900000
v 0.01412500 0.00108200 0.04900000
v 0.01412500 0.00108200 0.05400000
v 0.01412500 0.00108200 0.04900000
v 0.01412500 0.00108200 0.05400000
v 0.01350000 0.00125000 0.04900000
v 0.01350000 0.00125000 0.05400000
v 0.01350000 0.00125000 0.04900000
v 0.01350000 0.00125000 0.05400000
v 0.01350000 0.00125000 0.05400000
v 0.01287500 0.00108200 0.04900000
v 0.01287500 0.00108200 0.04900000
v 0.01287500 0.00108200 0.05400000
v 0.01287500 0.00108200 0.04900000
v 0.01287500 0.00108200 0.05400000
v 0.01287500 0.00108200 0.05400000
v 0.01241700 0.00062500 0.04900000
v 0.01241700 0.00062500 0.04900000
v 0.01241700 0.00062500 0.05400000
v 0.01241700 0.00062500 0.04900000
v 0.01241700 0.00062500 0.05400000
v 0.01241700 0.00062500 0.05400000
v 0.01225000 0.00000000 0.04900000
v 0.01225000 0.00000000 0.04900000
v 0.01225000 0.00000000 0.05400000
v 0.01225000 0.00000000 0.04900000
v 0.01225000 0.00000000 0.05400000
v 0.01225000 0.00000000 0.05400000
v 0.01241700 -0.00062500 0.04900000
v 0.01241700 -0.00062500 0.04900000
v 0.01241700 -0.00062500 0.05400000
v 0.01241700 -0.00062500 0.04900000
v 0.01241700 -0.00062500 0.05400000
v 0.01241700 -0.00062500 0.05400000
v 0.01287500 -0.00108200 0.04900000
v 0.01287500 -0.00108200 0.04900000
v 0.01287500 -0.00108200 0.05400000
v 0.01287500 -0.00108200 0.04900000
v 0.01287500 -0.00108200 0.05400000
v 0.01287500 -0.00108200 0.05400000
v 0.01350000 -0.00125000 0.04900000
v 0.01350000 -0.00125000 0.04900000
v 0.01350000 -0.00125000 0.05400000
v 0.00675000 0.01044100 0.04900000
v 0.00675000 0.01044100 0.05400000
v 0.00675000 0.01044100 0.05400000
v 0.00737500 0.01060900 0.04900000
v 0.00737500 0.01060900 0.04900000
v 0.00737500 0.01060900 0.05400000
v 0.00737500 0.01060900 0.04900000
v 0.00737500 0.01060900 0.05400000
v 0.00737500 0.01060900 0.05400000
v 0.00783300 0.01106600 0.04900000
v 0.00783300 0.01106600 0.04900000
v 0.00783300 0.01106600 0.05400000
v 0.00783300 0.01106600 0.04900000
v 0.00783300 0.01106600 0.05400000
v 0.00783300 0.01106600 0.05400000
v 0.00800000 0.01169100 0.04900000
v 0.00800000 0.01169100 0.04900000
v 0.00800000 0.01169100 0.05400000
v 0.00800000 0.01169100 0.04900000
v 0.00800000 0.01169100 0.05400000
v 0.00800000 0.01169100 0.05400000
v 0.00783300 0.01231600 0.04900000
v 0.00783300 0.01231600 0.04900000
v 0.00783300 0.01231600 0.05400000
v 0.00783300 0.01231600 0.04900000
v 0.00783300 0.01231600 0.05400000
v 0.00783300 0.01231600 0.05400000
v 0.00737500 0.01277400 0.04900000
v 0.00737500 0.01277400 0.04900000
v 0.00737500 0.01277400 0.05400000
v 0.00737500 0.01277400 0.04900000
v 0.00737500 0.01277400 0.05400000
v 0.00737500 0.01277400 0.05400000
v 0.00675000 0.01294100 0.04900000
v 0.00675000 0.01294100 0.04900000
v 0.00675000 0.01294100 0.05400000
v 0.00675000 0.01294100 0.04900000
v 0.00675000 0.01294100 0.05400000
v 0.00612500 0.01277400 0.04900000
v 0.00612500 0.01277400 0.05400000
v 0.00612500 0.01277400 0.04900000
v 0.00612500 0.01277400 0.05400000
v 0.00612500 0.01277400 0.05400000
v 0.00566700 0.01231600 0.04900000
v 0.00566700 0.01231600 0.04900000
v 0.00566700 0.01231600 0.05400000
v 0.00566700 0.01231600 0.04900000
v 0.00566700 0.01231600 0.05400000
v 0.00566700 0.01231600 0.05400000
v 0.00550000 0.01169100 0.04900000
v 0.00550000 0.01169100 0.04900000
v 0.00550000 0.01169100 0.05400000
v 0.00550000 0.01169100 0.04900000
v 0.00550000 0.01169100 0.05400000
v 0.00566700 0.01106600 0.04900000
v 0.00566700 0.01106600 0.05400000
v 0.00566700 0.01106600 0.04900000
v 0.00566700 0.01106600 0.05400000
v 0.00566700 0.01106600 0.05400000
v 0.00612500 0.01060900 0.04900000
v 0.00612500 0.01060900 0.04900000
v 0.00612500 0.01060900 0.05400000
v 0.00612500 0.01060900 0.04900000
v 0.00612500 0.01060900 0.05400000
v 0.00612500 0.01060900 0.05400000
v 0.00675000 0.01044100 0.04900000
v 0.00675000 0.01044100 0.04900000
v 0.00675000 0.01044100 0.05400000
v 0.00612500 0.01277400 0.05400000
v 0.00612500 0.01277400 0.05400000
v 0.00675000 0.01294100 0.05400000
v 0.00675000 0.01294100 0.05400000
v 0.00675000 0.01294100 0.05400000
v 0.00524700 0.01472100 0.05400000
v 0.00524700 0.01472100 0.05400000
v 0.00524700 0.01472100 0.05400000
v 0.00524700 0.01472100 0.05400000
v 0.00524700 0.01472100 0.05400000
v -0.00902200 0.01499500 0.05400000
v -0.00826100 0.01472100 0.05400000
v -0.00826100 0.01472100 0.05400000
v -0.00826100 0.01472100 0.05400000
v -0.00826100 0.01472100 0.05400000
v -0.00558800 0.01658400 0.05400000
v -0.00558800 0.01658400 0.05400000
v -0.01367700 -0.01091700 0.05400000
v -0.01367700 -0.01091700 0.05400000
v -0.01367700 -0.01091700 0.05400000
v -0.01363600 -0.01029600 0.05400000
v -0.01411400 -0.01034700 0.05400000
v 0.00952200 0.00434300 0.05400000
v 0.00952200 0.00434300 0.05400000
v 0.00879000 0.00507500 0.05400000
v 0.00879000 0.00507500 0.05400000
v 0.00826100 0.00523100 0.05400000
v 0.00826100 0.00523100 0.05400000
v -0.00499200 0.01408300 0.05400000
v -0.00499200 0.01408300 0.05400000
v -0.00482100 0.01500200 0.05400000
v -0.00482100 0.01500200 0.05400000
v -0.00482100 0.01500200 0.05400000
v -0.00524700 0.01472100 0.05400000
v -0.00524700 0.01472100 0.05400000
v -0.00524700 0.01472100 0.05400000
v -0.00524700 0.01472100 0.05400000
v -0.00524700 0.01472100 0.05400000
v -0.00524700 0.01472100 0.05400000
v 0.00446400 0.01008100 0.05400000
v 0.00420700 0.00928700 0.05400000
v 0.00524700 0.00925800 0.05400000
v 0.00524700 0.00925800 0.05400000
v 0.00524700 0.00925800 0.05400000
v 0.00524700 0.00925800 0.05400000
v 0.00524700 0.00925800 0.05400000
v -0.00257900 0.00678800 0.05400000
v -0.00257900 0.00678800 0.05400000
v -0.00311000 0.00738700 0.05400000
v -0.00311000 0.00738700 0.05400000
v -0.00328700 0.00523100 0.05400000
v -0.00328700 0.00523100 0.05400000
v -0.00328700 0.00523100 0.05400000
v -0.00328700 0.00523100 0.05400000
v -0.00328700 0.00523100 0.05400000
v -0.00502800 -0.00412000 0.05400000
v -0.00465400 -0.00482900 0.05400000
v -0.00465400 -0.00482900 0.05400000
v -0.00328700 -0.00570000 0.05400000
v -0.00328700 -0.00570000 0.05400000
v -0.00328700 -0.00570000 0.05400000
v -0.00328700 -0.00570000 0.05400000
v -0.00458900 -0.00562700 0.05400000
v -0.00458900 -0.00562700 0.05400000
v -0.00484200 -0.00638700 0.05400000
v -0.00484200 -0.00638700 0.05400000
v -0.00484200 -0.00638700 0.05400000
v -0.00826100 0.00012500 0.05400000
v -0.00826100 0.00012500 0.05400000
v -0.00826100 -0.00100000 0.05400000
v -0.00795300 -0.00100000 0.05400000
v -0.00795300 -0.00100000 0.05400000
v -0.00716800 -0.00116100 0.05400000
v -0.00716800 -0.00116100 0.05400000
v -0.00524700 0.00012500 0.05400000
v -0.00524700 0.00012500 0.05400000
v -0.00650900 -0.00161600 0.05400000
v -0.01014600 -0.00100000 0.05400000
v -0.01225000 -0.00000000 0.05400000
v -0.01225000 -0.00000000 0.05400000
v -0.01225000 -0.00000000 0.05400000
v -0.01096200 -0.00117400 0.05400000
v -0.01096200 -0.00117400 0.05400000
v -0.01096200 -0.00117400 0.05400000
v -0.01241700 -0.00062500 0.05400000
v -0.01241700 -0.00062500 0.05400000
v -0.01241700 -0.00062500 0.05400000
v -0.01163700 -0.00166700 0.05400000
v -0.01163700 -0.00166700 0.05400000
v -0.01163700 -0.00166700 0.05400000
v -0.01287500 -0.00108200 0.05400000
v -0.01287500 -0.00108200 0.05400000
v -0.01287500 -0.00108200 0.05400000
v -0.01247900 -0.00228200 0.05400000
v -0.01247900 -0.00228200 0.05400000
v -0.01350000 -0.00250000 0.05400000
v -0.01350000 -0.00125000 0.05400000
v -0.01363600 -0.00250000 0.05400000
v -0.01364400 -0.00124200 0.05400000
v -0.01378400 -0.00250000 0.05400000
v -0.01412500 -0.00108200 0.05400000
v -0.01412500 -0.00108200 0.05400000
v -0.01469300 -0.00271800 0.05400000
v -0.01469300 -0.00271800 0.05400000
v -0.01458300 -0.00062500 0.05400000
v -0.01458300 -0.00062500 0.05400000
v -0.01458300 -0.00062500 0.05400000
v -0.01458300 -0.00062500 0.05400000
v -0.01540300 -0.00332500 0.05400000
v -0.01540300 -0.00332500 0.05400000
v -0.01540300 -0.00332500 0.05400000
v -0.01540300 -0.00332500 0.05400000
v -0.01568500 -0.00512100 0.05400000
v -0.01568500 -0.00512100 0.05400000
v -0.01576000 -0.00418900 0.05400000
v -0.01576000 -0.00418900 0.05400000
v -0.01686200 -0.00468200 0.05400000
v -0.01747400 -0.00094700 0.05400000
v -0.01747400 -0.00094700 0.05400000
v -0.01747400 -0.00094700 0.05400000
v -0.01747400 -0.00094700 0.05400000
v -0.01526700 0.00012500 0.05400000
v -0.01526700 0.00012500 0.05400000
v -0.01526700 0.00012500 0.05400000
v -0.01526700 0.00012500 0.05400000
v -0.01526700 0.00012500 0.05400000
v -0.01369900 -0.00919600 0.05400000
v -0.01428900 -0.00825000 0.05400000
v -0.01529500 -0.00850300 0.05400000
v -0.01529500 -0.00850300 0.05400000
v -0.01546100 -0.00819700 0.05400000
v -0.01546100 -0.00819700 0.05400000
v -0.01059100 -0.01393200 0.05400000
v -0.01059100 -0.01393200 0.05400000
v -0.01059100 -0.01393200 0.05400000
v -0.01059100 -0.01393200 0.05400000
v -0.01150800 -0.01155400 0.05400000
v -0.01150800 -0.01155400 0.05400000
v -0.01150800 -0.01155400 0.05400000
v -0.01333800 -0.01132900 0.05400000
v -0.01333800 -0.01132900 0.05400000
v -0.01333800 -0.01132900 0.05400000
v -0.01227700 -0.01102400 0.05400000
v -0.01227700 -0.01102400 0.05400000
v -0.01227700 -0.01102400 0.05400000
v -0.01286100 -0.01033600 0.05400000
v -0.01286100 -0.01033600 0.05400000
v -0.00891500 -0.01044100 0.05400000
v -0.00891500 -0.01044100 0.05400000
v -0.00905700 -0.01068700 0.05400000
v -0.00905700 -0.01068700 0.05400000
v -0.00830400 -0.01540400 0.05400000
v -0.00830400 -0.01540400 0.05400000
v -0.00830400 -0.01540400 0.05400000
v -0.00970000 -0.01136500 0.05400000
v -0.00970000 -0.01136500 0.05400000
v -0.00970000 -0.01136500 0.05400000
v -0.01058100 -0.01167600 0.05400000
v -0.01058100 -0.01167600 0.05400000
v -0.00593900 -0.00828700 0.05400000
v -0.00524700 -0.01029600 0.05400000
v -0.00524700 -0.01029600 0.05400000
v -0.00524700 -0.01029600 0.05400000
v -0.00524700 -0.01029600 0.05400000
v -0.00524700 -0.01029600 0.05400000
v -0.00524700 -0.01029600 0.05400000
v -0.00524700 -0.01029600 0.05400000
v -0.00328700 -0.01029600 0.05400000
v -0.00328700 -0.01029600 0.05400000
v -0.00328700 -0.01029600 0.05400000
v -0.00328700 -0.01029600 0.05400000
v -0.00328700 -0.01029600 0.05400000
v -0.00821600 -0.00966600 0.05400000
v -0.00821600 -0.00966600 0.05400000
v -0.00826100 -0.01029600 0.05400000
v -0.00826100 -0.01029600 0.05400000
v -0.00826100 -0.01029600 0.05400000
v -0.00826100 -0.01029600 0.05400000
v -0.00726200 -0.00924400 0.05400000
v -0.00726200 -0.00924400 0.05400000
v -0.00649800 -0.00890700 0.05400000
v -0.00649800 -0.00890700 0.05400000
v 0.00608200 -0.00229400 0.05400000
v 0.00650900 -0.00161600 0.05400000
v 0.00524700 0.00012500 0.05400000
v 0.00524700 0.00012500 0.05400000
v 0.00716800 -0.00116100 0.05400000
v 0.00716800 -0.00116100 0.05400000
v 0.00716800 -0.00116100 0.05400000
v 0.00826100 0.00012500 0.05400000
v 0.00826100 0.00012500 0.05400000
v 0.00826100 0.00012500 0.05400000
v 0.00826100 0.00012500 0.05400000
v 0.00795300 -0.00100000 0.05400000
v 0.00795300 -0.00100000 0.05400000
v 0.00502800 -0.00412000 0.05400000
v 0.00328700 0.00012500 0.05400000
v 0.00465400 -0.00482900 0.05400000
v 0.00484200 -0.00638700 0.05400000
v 0.00484200 -0.00638700 0.05400000
v 0.00484200 -0.00638700 0.05400000
v 0.00524700 -0.01029600 0.05400000
v 0.00524700 -0.01029600 0.05400000
v 0.00524700 -0.01029600 0.05400000
v 0.00524700 -0.01029600 0.05400000
v 0.00524700 -0.01029600 0.05400000
v 0.00524700 -0.01029600 0.05400000
v 0.00524700 -0.01029600 0.05400000
v 0.00524700 -0.01029600 0.05400000
v 0.00593900 -0.00828700 0.05400000
v 0.00649800 -0.00890700 0.05400000
v 0.00649800 -0.00890700 0.05400000
v 0.00826100 -0.01029600 0.05400000
v 0.00826100 -0.01029600 0.05400000
v 0.00826100 -0.01029600 0.05400000
v 0.00826100 -0.01029600 0.05400000
v 0.00826100 -0.01029600 0.05400000
v 0.00821600 -0.00966600 0.05400000
v 0.00821600 -0.00966600 0.05400000
v 0.00821600 -0.00966600 0.05400000
v 0.00726200 -0.00924400 0.05400000
v 0.00726200 -0.00924400 0.05400000
v 0.00830400 -0.01540400 0.05400000
v 0.00830400 -0.01540400 0.05400000
v 0.00830400 -0.01540400 0.05400000
v 0.00830400 -0.01540400 0.05400000
v 0.00830400 -0.01540400 0.05400000
v 0.00830400 -0.01540400 0.05400000
v 0.00905700 -0.01068700 0.05400000
v 0.00905700 -0.01068700 0.05400000
v 0.00905700 -0.01068700 0.05400000
v 0.00891500 -0.01044100 0.05400000
v 0.00891500 -0.01044100 0.05400000
v 0.01726900 0.00283100 0.05400000
v 0.01726900 0.00283100 0.05400000
v 0.01726900 0.00283100 0.05400000
v 0.01726900 0.00283100 0.05400000
v 0.01726900 0.00283100 0.05400000
v 0.01475000 0.00000000 0.05400000
v 0.01475000 0.00000000 0.05400000
v 0.01475000 0.00000000 0.05400000
v 0.01747400 -0.00094700 0.05400000
v 0.01747400 -0.00094700 0.05400000
v 0.01747400 -0.00094700 0.05400000
v 0.01458300 -0.00062500 0.05400000
v 0.01458300 -0.00062500 0.05400000
v 0.01686200 -0.00468200 0.05400000
v 0.01686200 -0.00468200 0.05400000
v 0.01686200 -0.00468200 0.05400000
v 0.01686200 -0.00468200 0.05400000
v 0.01568500 -0.00512100 0.05400000
v 0.01568500 -0.00512100 0.05400000
v 0.01568500 -0.00512100 0.05400000
v 0.01546100 -0.00819700 0.05400000
v 0.01546100 -0.00819700 0.05400000
v 0.01546100 -0.00819700 0.05400000
v 0.01428900 -0.00825000 0.05400000
v 0.01428900 -0.00825000 0.05400000
v 0.01333800 -0.01132900 0.05400000
v 0.01333800 -0.01132900 0.05400000
v 0.01333800 -0.01132900 0.05400000
v 0.01227700 -0.01102400 0.05400000
v 0.01227700 -0.01102400 0.05400000
v 0.01059000 -0.01393200 0.05400000
v 0.01059000 -0.01393200 0.05400000
v 0.01059000 -0.01393200 0.05400000
v 0.01150800 -0.01155400 0.05400000
v 0.01150800 -0.01155400 0.05400000
v 0.01039900 -0.01407500 0.05400000
v 0.01039900 -0.01407500 0.05400000
v 0.01058100 -0.01167600 0.05400000
v 0.01058100 -0.01167600 0.05400000
v 0.00970000 -0.01136500 0.05400000
v 0.00970000 -0.01136500 0.05400000
v 0.01469300 -0.00271800 0.05400000
v 0.01540300 -0.00332500 0.05400000
v 0.01540300 -0.00332500 0.05400000
v 0.01540300 -0.00332500 0.05400000
v 0.01412500 -0.00108200 0.05400000
v 0.01378400 -0.00250000 0.05400000
v 0.01576000 -0.00418900 0.05400000
v 0.01576000 -0.00418900 0.05400000
v 0.00826100 -0.00100000 0.05400000
v 0.01014600 -0.00100000 0.05400000
v 0.01014600 -0.00100000 0.05400000
v 0.01038600 0.00012500 0.05400000
v 0.01038600 0.00012500 0.05400000
v 0.01096200 -0.00117400 0.05400000
v 0.01096200 -0.00117400 0.05400000
v 0.00524700 0.00523100 0.05400000
v 0.00524700 0.00523100 0.05400000
v 0.00311000 0.00738700 0.05400000
v 0.00311000 0.00738700 0.05400000
v 0.00311000 0.00738700 0.05400000
v 0.00328700 0.00523100 0.05400000
v 0.00328700 0.00523100 0.05400000
v 0.00328700 0.00523100 0.05400000
v 0.00328700 0.00523100 0.05400000
v 0.00328700 0.00523100 0.05400000
v 0.00257900 0.00678800 0.05400000
v 0.00257900 0.00678800 0.05400000
v -0.00185500 0.00644500 0.05400000
v -0.00185500 0.00644500 0.05400000
v 0.00185500 0.00644500 0.05400000
v 0.00185500 0.00644500 0.05400000
v 0.00105400 0.00641400 0.05400000
v 0.00105400 0.00641400 0.05400000
v 0.00105400 0.00641400 0.05400000
v -0.00105400 0.00641400 0.05400000
v -0.00105400 0.00641400 0.05400000
v 0.00437500 0.01091100 0.05400000
v 0.00437500 0.01091100 0.05400000
v 0.00425200 0.01574300 0.05400000
v 0.00425200 0.01574300 0.05400000
v 0.00482100 0.01500200 0.05400000
v 0.00482100 0.01500200 0.05400000
v 0.00499200 0.01408300 0.05400000
v 0.00499200 0.01408300 0.05400000
v 0.00426300 0.01194800 0.05400000
v 0.00458500 0.01294100 0.05400000
v 0.00458500 0.01294100 0.05400000
v 0.00472700 0.01318700 0.05400000
v -0.00340800 0.01614400 0.05400000
v -0.00340800 0.01614400 0.05400000
v -0.00000000 0.01650000 0.05400000
v -0.00000000 0.01650000 0.05400000
v 0.00189200 0.01739700 0.05400000
v 0.00189200 0.01739700 0.05400000
v 0.00340800 0.01614400 0.05400000
v 0.00558800 0.01658400 0.05400000
v 0.00558800 0.01658400 0.05400000
v -0.00425200 0.01574300 0.05400000
v -0.00425200 0.01574300 0.05400000
v -0.00558800 0.01658400 0.05400000
v -0.00189200 0.01739700 0.05400000
v -0.00420700 0.00928700 0.05400000
v -0.00446400 0.01008100 0.05400000
v -0.00446400 0.01008100 0.05400000
v -0.00524700 0.00925800 0.05400000
v -0.00524700 0.00925800 0.05400000
v -0.00524700 0.00925800 0.05400000
v -0.00524700 0.00925800 0.05400000
v -0.00524700 0.00925800 0.05400000
v -0.00524700 0.00925800 0.05400000
v -0.00437500 0.01091100 0.05400000
v -0.00437500 0.01091100 0.05400000
v -0.00426300 0.01194800 0.05400000
v -0.00426300 0.01194800 0.05400000
v -0.00458500 0.01294100 0.05400000
v -0.00458500 0.01294100 0.05400000
v -0.00472700 0.01318700 0.05400000
v -0.00472700 0.01318700 0.05400000
v -0.00524700 0.00523100 0.05400000
v 0.00376200 -0.01709100 0.05400000
v 0.00376200 -0.01709100 0.05400000
v 0.00376200 -0.01709100 0.05400000
v 0.00376200 -0.01709100 0.05400000
v 0.00376200 -0.01709100 0.05400000
v 0.00328700 -0.01029600 0.05400000
v 0.00328700 -0.01029600 0.05400000
v 0.00328700 -0.01029600 0.05400000
v 0.00328700 -0.01029600 0.05400000
v 0.00328700 -0.01029600 0.05400000
v 0.00200000 -0.01215000 0.05400000
v 0.00200000 -0.01215000 0.05400000
v 0.00173200 -0.01315000 0.05400000
v 0.00173200 -0.01315000 0.05400000
v 0.00376200 -0.01709100 0.05400000
v 0.00376200 -0.01709100 0.05400000
v 0.00100000 -0.01388200 0.05400000
v 0.00100000 -0.01388200 0.05400000
v 0.00100000 -0.01388200 0.05400000
v 0.00000000 -0.01750000 0.05400000
v 0.00000000 -0.01750000 0.05400000
v 0.00000000 -0.01415000 0.05400000
v 0.00000000 -0.01415000 0.05400000
v -0.00376200 -0.01709100 0.05400000
v -0.00376200 -0.01709100 0.05400000
v -0.00376200 -0.01709100 0.05400000
v -0.00376200 -0.01709100 0.05400000
v -0.00376200 -0.01709100 0.05400000
v -0.00376200 -0.01709100 0.05400000
v -0.00376200 -0.01709100 0.05400000
v -0.00100000 -0.01388200 0.05400000
v -0.00100000 -0.01388200 0.05400000
v -0.00173200 -0.01315000 0.05400000
v -0.00173200 -0.01315000 0.05400000
v -0.00173200 -0.01315000 0.05400000
v -0.00200000 -0.01215000 0.05400000
v -0.00200000 -0.01215000 0.05400000
v -0.00173200 -0.01115000 0.05400000
v -0.00173200 -0.01115000 0.05400000
v -0.00100000 -0.01041800 0.05400000
v -0.00100000 -0.01041800 0.05400000
v -0.00100000 -0.01041800 0.05400000
v 0.00000000 -0.01015000 0.05400000
v 0.00000000 -0.01015000 0.05400000
v 0.00328700 -0.00570000 0.05400000
v 0.00328700 -0.00570000 0.05400000
v 0.00328700 -0.00570000 0.05400000
v 0.00100000 -0.01041800 0.05400000
v 0.00100000 -0.01041800 0.05400000
v 0.00100000 -0.01041800 0.05400000
v 0.00173200 -0.01115000 0.05400000
v 0.00173200 -0.01115000 0.05400000
v -0.01363600 0.00523100 0.05400000
v -0.01363600 0.00523100 0.05400000
v -0.01363600 0.00523100 0.05400000
v -0.01363600 0.00523100 0.05400000
v -0.01225400 0.00507500 0.05400000
v -0.01225400 0.00507500 0.05400000
v -0.01225400 0.00507500 0.05400000
v -0.01225400 0.00507500 0.05400000
v -0.01252200 0.00607500 0.05400000
v -0.01252200 0.00607500 0.05400000
v -0.01252200 0.00607500 0.05400000
v -0.01225400 0.00707500 0.05400000
v -0.01225400 0.00707500 0.05400000
v -0.01363600 0.00925800 0.05400000
v -0.01363600 0.00925800 0.05400000
v -0.01363600 0.00925800 0.05400000
v -0.01287500 0.00108200 0.05400000
v -0.01287500 0.00108200 0.05400000
v -0.01287500 0.00108200 0.05400000
v -0.01287500 0.00108200 0.05400000
v -0.01241700 0.00062500 0.05400000
v -0.01241700 0.00062500 0.05400000
v -0.01052200 0.00407500 0.05400000
v -0.01052200 0.00407500 0.05400000
v -0.01052200 0.00407500 0.05400000
v -0.01052200 0.00407500 0.05400000
v -0.00952200 0.00434300 0.05400000
v -0.00952200 0.00434300 0.05400000
v -0.00879000 0.00507500 0.05400000
v -0.00879000 0.00507500 0.05400000
v -0.00826100 0.00523100 0.05400000
v -0.00852200 0.00607500 0.05400000
v -0.00826100 0.00925800 0.05400000
v -0.00826100 0.00925800 0.05400000
v -0.00826100 0.00925800 0.05400000
v -0.00826100 0.00925800 0.05400000
v -0.00879000 0.00707500 0.05400000
v -0.00879000 0.00707500 0.05400000
v -0.01152200 0.00780700 0.05400000
v -0.01152200 0.00780700 0.05400000
v -0.01052200 0.00807500 0.05400000
v -0.00952200 0.00780700 0.05400000
v -0.00952200 0.00780700 0.05400000
v 0.01350000 0.00125000 0.05400000
v 0.01350000 0.00125000 0.05400000
v 0.01350000 0.00125000 0.05400000
v 0.01412500 0.00108200 0.05400000
v 0.01412500 0.00108200 0.05400000
v 0.01458300 0.00062500 0.05400000
v 0.01458300 0.00062500 0.05400000
v 0.01225000 0.00000000 0.05400000
v 0.01241700 0.00062500 0.05400000
v 0.01241700 0.00062500 0.05400000
v 0.01241700 0.00062500 0.05400000
v 0.01052200 0.00407500 0.05400000
v 0.01052200 0.00407500 0.05400000
v 0.01152200 0.00434300 0.05400000
v 0.01152200 0.00434300 0.05400000
v 0.01152200 0.00434300 0.05400000
v 0.01152200 0.00434300 0.05400000
v 0.01287500 0.00108200 0.05400000
v 0.01287500 0.00108200 0.05400000
v 0.01225400 0.00507500 0.05400000
v 0.01225400 0.00507500 0.05400000
v 0.01252200 0.00607500 0.05400000
v 0.01252200 0.00607500 0.05400000
v 0.01625700 0.00647700 0.05400000
v 0.01625700 0.00647700 0.05400000
v 0.01225400 0.00707500 0.05400000
v 0.01448500 0.00982100 0.05400000
v 0.01448500 0.00982100 0.05400000
v 0.00852200 0.00607500 0.05400000
v 0.00879000 0.00707500 0.05400000
v 0.00879000 0.00707500 0.05400000
v 0.00826100 0.00925800 0.05400000
v 0.00826100 0.00925800 0.05400000
v 0.00826100 0.00925800 0.05400000
v 0.00826100 0.00925800 0.05400000
v 0.00826100 0.00925800 0.05400000
v 0.00826100 0.00925800 0.05400000
v 0.00826100 0.00925800 0.05400000
v 0.00952200 0.00780700 0.05400000
v 0.00952200 0.00780700 0.05400000
v 0.00952200 0.00780700 0.05400000
v 0.01038600 0.00925800 0.05400000
v 0.01038600 0.00925800 0.05400000
v 0.01038600 0.00925800 0.05400000
v 0.01038600 0.00925800 0.05400000
v 0.01052200 0.00807500 0.05400000
v 0.01052200 0.00807500 0.05400000
v 0.01448500 0.00982100 0.05400000
v 0.01448500 0.00982100 0.05400000
v 0.01152200 0.00780700 0.05400000
v 0.01152200 0.00780700 0.05400000
v 0.01350000 -0.00250000 0.05400000
v 0.01350000 -0.00125000 0.05400000
v 0.01247900 -0.00228200 0.05400000
v 0.01287500 -0.00108200 0.05400000
v 0.01287500 -0.00108200 0.05400000
v 0.01163700 -0.00166700 0.05400000
v 0.01163700 -0.00166700 0.05400000
v 0.01241700 -0.00062500 0.05400000
v 0.01241700 -0.00062500 0.05400000
v 0.01241700 -0.00062500 0.05400000
v 0.01225000 0.00000000 0.05400000
v 0.01225000 0.00000000 0.05400000
v -0.01475000 -0.00000000 0.05400000
v -0.01475000 -0.00000000 0.05400000
v -0.01475000 -0.00000000 0.05400000
v -0.01526700 0.00523100 0.05400000
v -0.01526700 0.00523100 0.05400000
v -0.01526700 0.00523100 0.05400000
v -0.01526700 0.00523100 0.05400000
v -0.01152200 0.00434300 0.05400000
v -0.01152200 0.00434300 0.05400000
v -0.01350000 0.00125000 0.05400000
v -0.01350000 0.00125000 0.05400000
v -0.01350000 0.00125000 0.05400000
v -0.01412500 0.00108200 0.05400000
v -0.01412500 0.00108200 0.05400000
v -0.01412500 0.00108200 0.05400000
v -0.01458300 0.00062500 0.05400000
v -0.01458300 0.00062500 0.05400000
v -0.00800000 -0.01169100 0.05400000
v -0.00800000 -0.01169100 0.05400000
v -0.00800000 -0.01169100 0.05400000
v -0.00783300 -0.01106600 0.05400000
v -0.00783300 -0.01106600 0.05400000
v -0.00737500 -0.01060900 0.05400000
v -0.00737500 -0.01060900 0.05400000
v -0.00675000 -0.01044100 0.05400000
v -0.00675000 -0.01044100 0.05400000
v -0.00675000 -0.01044100 0.05400000
v -0.00612500 -0.01060900 0.05400000
v -0.00612500 -0.01060900 0.05400000
v -0.00566700 -0.01106600 0.05400000
v -0.00566700 -0.01106600 0.05400000
v -0.00550000 -0.01169100 0.05400000
v -0.00550000 -0.01169100 0.05400000
v -0.00830400 -0.01540400 0.05400000
v -0.00830400 -0.01540400 0.05400000
v -0.00830400 -0.01540400 0.05400000
v -0.00830400 -0.01540400 0.05400000
v -0.00783300 -0.01231600 0.05400000
v -0.00783300 -0.01231600 0.05400000
v -0.00566700 -0.01231600 0.05400000
v -0.00566700 -0.01231600 0.05400000
v -0.00612500 -0.01277400 0.05400000
v -0.00612500 -0.01277400 0.05400000
v -0.00612500 -0.01277400 0.05400000
v -0.00734800 -0.01588300 0.05400000
v -0.00734800 -0.01588300 0.05400000
v -0.00734800 -0.01588300 0.05400000
v -0.00675000 -0.01294100 0.05400000
v -0.00675000 -0.01294100 0.05400000
v -0.00675000 -0.01294100 0.05400000
v -0.00737500 -0.01277400 0.05400000
v -0.00737500 -0.01277400 0.05400000
v -0.01535600 0.00839200 0.05400000
v -0.01535600 0.00839200 0.05400000
v -0.01625700 0.00647700 0.05400000
v -0.01726900 0.00283100 0.05400000
v -0.01726900 0.00283100 0.05400000
v -0.01203500 0.01270500 0.05400000
v -0.01448500 0.00982100 0.05400000
v 0.00940900 0.01475500 0.05400000
v 0.00940900 0.01475500 0.05400000
v 0.00902200 0.01499500 0.05400000
v 0.00902200 0.01499500 0.05400000
v 0.00826100 0.01472100 0.05400000
v 0.00826100 0.01472100 0.05400000
v 0.00826100 0.01472100 0.05400000
v 0.00826100 0.01472100 0.05400000
v 0.00826100 0.01472100 0.05400000
v 0.00550000 -0.01169100 0.05400000
v 0.00550000 -0.01169100 0.05400000
v 0.00566700 -0.01106600 0.05400000
v 0.00566700 -0.01106600 0.05400000
v 0.00737500 -0.01060900 0.05400000
v 0.00737500 -0.01060900 0.05400000
v 0.00675000 -0.01044100 0.05400000
v 0.00675000 -0.01044100 0.05400000
v 0.00675000 -0.01044100 0.05400000
v 0.00612500 -0.01060900 0.05400000
v 0.00612500 -0.01060900 0.05400000
v 0.00566700 -0.01231600 0.05400000
v 0.00566700 -0.01231600 0.05400000
v 0.00458900 -0.00562700 0.05400000
v 0.00458900 -0.00562700 0.05400000
v 0.00737500 -0.01277400 0.05400000
v 0.00737500 -0.01277400 0.05400000
v 0.00737500 -0.01277400 0.05400000
v 0.00734800 -0.01588300 0.05400000
v 0.00734800 -0.01588300 0.05400000
v 0.00734800 -0.01588300 0.05400000
v 0.00675000 -0.01294100 0.05400000
v 0.00675000 -0.01294100 0.05400000
v 0.00612500 -0.01277400 0.05400000
v 0.00612500 -0.01277400 0.05400000
v 0.00783300 -0.01106600 0.05400000
v 0.00783300 -0.01106600 0.05400000
v 0.00800000 -0.01169100 0.05400000
v 0.00800000 -0.01169100 0.05400000
v 0.00800000 -0.01169100 0.05400000
v 0.00783300 -0.01231600 0.05400000
v 0.00783300 -0.01231600 0.05400000
v 0.00737500 0.01277400 0.05400000
v 0.00737500 0.01277400 0.05400000
v 0.00783300 0.01231600 0.05400000
v 0.00783300 0.01231600 0.05400000
v 0.01203500 0.01270500 0.05400000
v 0.01203500 0.01270500 0.05400000
v 0.00800000 0.01169100 0.05400000
v 0.00800000 0.01169100 0.05400000
v 0.00800000 0.01169100 0.05400000
v 0.00783300 0.01106600 0.05400000
v 0.00783300 0.01106600 0.05400000
v 0.00737500 0.01060900 0.05400000
v 0.00737500 0.01060900 0.05400000
v 0.00737500 0.01060900 0.05400000
v 0.00675000 0.01044100 0.05400000
v 0.00675000 0.01044100 0.05400000
v 0.00612500 0.01060900 0.05400000
v 0.00612500 0.01060900 0.05400000
v 0.00566700 0.01106600 0.05400000
v 0.00566700 0.01106600 0.05400000
v 0.00550000 0.01169100 0.05400000
v 0.00566700 0.01231600 0.05400000
v 0.00566700 0.01231600 0.05400000
v -0.00328700 0.00012500 0.05400000
v -0.00608200 -0.00229400 0.05400000
v -0.00566700 0.01231600 0.05400000
v -0.00566700 0.01231600 0.05400000
v -0.00612500 0.01277400 0.05400000
v -0.00612500 0.01277400 0.05400000
v -0.00675000 0.01294100 0.05400000
v -0.00675000 0.01294100 0.05400000
v -0.00550000 0.01169100 0.05400000
v -0.00737500 0.01277400 0.05400000
v -0.00737500 0.01277400 0.05400000
v -0.00737500 0.01277400 0.05400000
v -0.00566700 0.01106600 0.05400000
v -0.00566700 0.01106600 0.05400000
v -0.00612500 0.01060900 0.05400000
v -0.00612500 0.01060900 0.05400000
v -0.00675000 0.01044100 0.05400000
v -0.00675000 0.01044100 0.05400000
v -0.00675000 0.01044100 0.05400000
v -0.00737500 0.01060900 0.05400000
v -0.00737500 0.01060900 0.05400000
v -0.00783300 0.01106600 0.05400000
v -0.00783300 0.01106600 0.05400000
v -0.00800000 0.01169100 0.05400000
v -0.00800000 0.01169100 0.05400000
v -0.00800000 0.01169100 0.05400000
v -0.00783300 0.01231600 0.05400000
v -0.00783300 0.01231600 0.05400000
v -0.01333800 -0.01132900 0.05400000
v -0.01333800 -0.01132900 0.05400000
v -0.01333800 -0.01132900 0.05250000
v -0.01059000 -0.01393200 0.05250000
v -0.01367700 -0.01091700 0.05400000
v -0.01333800 -0.01132900 0.05250000
v -0.01411400 -0.01034700 0.05400000
v -0.01546100 -0.00819700 0.05250000
v -0.01529500 -0.00850300 0.05400000
v -0.01625700 0.00647700 0.05400000
v -0.01625700 0.00647700 0.05400000
v -0.01726900 0.00283100 0.05250000
v -0.01726900 0.00283100 0.05400000
v -0.01747400 -0.00094700 0.05250000
v -0.01747400 -0.00094700 0.05400000
v -0.01686200 -0.00468200 0.05250000
v -0.01686200 -0.00468200 0.05400000
v -0.01546100 -0.00819700 0.05400000
v -0.01535600 0.00839200 0.05400000
v -0.01448500 0.00982100 0.05250000
v -0.01448500 0.00982100 0.05250000
v -0.01625700 0.00647700 0.05250000
v -0.01448500 0.00982100 0.05400000
v -0.01203500 0.01270500 0.05400000
v -0.01203500 0.01270500 0.05250000
v -0.00902200 0.01499500 0.05400000
v -0.00902200 0.01499500 0.05250000
v -0.00558800 0.01658400 0.05400000
v -0.00558800 0.01658400 0.05250000
v -0.00189200 0.01739700 0.05400000
v -0.00189200 0.01739700 0.05250000
v 0.00189200 0.01739700 0.05400000
v 0.00189200 0.01739700 0.05250000
v 0.00558800 0.01658400 0.05400000
v 0.00558800 0.01658400 0.05250000
v 0.00902200 0.01499500 0.05400000
v 0.00902200 0.01499500 0.05250000
v 0.00940900 0.01475500 0.05400000
v 0.00940900 0.01475500 0.05400000
v 0.01203500 0.01270500 0.05250000
v 0.00830400 -0.01540400 0.05400000
v 0.00734800 -0.01588300 0.05250000
v 0.01039900 -0.01407500 0.05400000
v 0.01039900 -0.01407500 0.05400000
v 0.00734800 -0.01588300 0.05250000
v 0.01059100 -0.01393200 0.05250000
v 0.01059000 -0.01393200 0.05400000
v 0.01333800 -0.01132900 0.05250000
v 0.01333800 -0.01132900 0.05400000
v 0.01546100 -0.00819700 0.05250000
v 0.01546100 -0.00819700 0.05400000
v 0.01686200 -0.00468200 0.05250000
v 0.01686200 -0.00468200 0.05400000
v 0.01747400 -0.00094700 0.05250000
v 0.01747400 -0.00094700 0.05400000
v 0.01726900 0.00283100 0.05250000
v 0.01726900 0.00283100 0.05400000
v 0.01625700 0.00647700 0.05250000
v 0.01625700 0.00647700 0.05400000
v 0.01448500 0.00982100 0.05250000
v 0.01448500 0.00982100 0.05400000
v 0.01203500 0.01270500 0.05250000
v 0.01203500 0.01270500 0.05400000
v 0.00734800 -0.01588300 0.05400000
v 0.00376200 -0.01709100 0.05400000
v 0.00376200 -0.01709100 0.05250000
v 0.00000000 -0.01750000 0.05400000
v 0.00000000 -0.01750000 0.05250000
v -0.00376200 -0.01709100 0.05400000
v -0.00376200 -0.01709100 0.05250000
v -0.00734800 -0.01588300 0.05400000
v -0.00734800 -0.01588300 0.05250000
v -0.00830400 -0.01540400 0.05400000
v -0.00830400 -0.01540400 0.05400000
v -0.01059000 -0.01393200 0.05250000
v -0.01059100 -0.01393200 0.05400000
v 0.00517100 0.02339800 0.04300000
v 0.00517100 0.02339800 0.04300000
v 0.00572000 0.02284900 0.04300000
v 0.00647000 0.02414800 0.04300000
v 0.00647000 0.02414800 0.04300000
v 0.00647000 0.02414800 0.04300000
v 0.00647000 0.02414800 0.04300000
v 0.00647000 0.02414800 0.04300000
v 0.00647000 0.02264800 0.04300000
v 0.00722000 0.02284900 0.04300000
v 0.00572000 0.02544700 0.04300000
v 0.00517100 0.02489800 0.04300000
v 0.00517100 0.02489800 0.04300000
v 0.00497000 0.02414800 0.04300000
v 0.00497000 0.02414800 0.04300000
v 0.00776900 0.02489800 0.04300000
v 0.00776900 0.02489800 0.04300000
v 0.00722000 0.02544700 0.04300000
v 0.00647000 0.02564800 0.04300000
v 0.00776900 0.02339800 0.04300000
v 0.00776900 0.02339800 0.04300000
v 0.00797000 0.02414800 0.04300000
v 0.00797000 0.02414800 0.04300000
v -0.00776900 -0.02489800 0.04300000
v -0.00776900 -0.02489800 0.04300000
v -0.00722000 -0.02544700 0.04300000
v -0.00647000 -0.02414800 0.04300000
v -0.00647000 -0.02414800 0.04300000
v -0.00647000 -0.02414800 0.04300000
v -0.00647000 -0.02414800 0.04300000
v -0.00647000 -0.02414800 0.04300000
v -0.00647000 -0.02564800 0.04300000
v -0.00572000 -0.02544700 0.04300000
v -0.00722000 -0.02284900 0.04300000
v -0.00776900 -0.02339800 0.04300000
v -0.00776900 -0.02339800 0.04300000
v -0.00797000 -0.02414800 0.04300000
v -0.00797000 -0.02414800 0.04300000
v -0.00517100 -0.02339800 0.04300000
v -0.00517100 -0.02339800 0.04300000
v -0.00572000 -0.02284900 0.04300000
v -0.00647000 -0.02264800 0.04300000
v -0.00517100 -0.02489800 0.04300000
v -0.00517100 -0.02489800 0.04300000
v -0.00497000 -0.02414800 0.04300000
v -0.00497000 -0.02414800 0.04300000
v -0.00000000 0.02500000 0.04824900
v 0.00062500 0.02391700 0.04900000
v 0.00108200 0.02437500 0.04900000
v -0.00000000 0.02375000 0.04900000
v 0.00108200 0.02562500 0.04900000
v 0.00062500 0.02608300 0.04900000
v 0.00125000 0.02500000 0.04900000
v -0.00062500 0.02608300 0.04900000
v -0.00108200 0.02562500 0.04900000
v -0.00000000 0.02625000 0.04900000
v -0.00108200 0.02437500 0.04900000
v -0.00062500 0.02391700 0.04900000
v -0.00125000 0.02500000 0.04900000
v -0.02165100 0.01250000 0.04824900
v -0.02102600 0.01141700 0.04900000
v -0.02056800 0.01187500 0.04900000
v -0.02165100 0.01125000 0.04900000
v -0.02056800 0.01312500 0.04900000
v -0.02102600 0.01358200 0.04900000
v -0.02040100 0.01250000 0.04900000
v -0.02227600 0.01358200 0.04900000
v -0.02273300 0.01312500 0.04900000
v -0.02165100 0.01375000 0.04900000
v -0.02273300 0.01187500 0.04900000
v -0.02227600 0.01141700 0.04900000
v -0.02290100 0.01250000 0.04900000
v -0.02165100 -0.01250000 0.04824900
v -0.02102600 -0.01358200 0.04900000
v -0.02056800 -0.01312500 0.04900000
v -0.02165100 -0.01375000 0.04900000
v -0.02056800 -0.01187500 0.04900000
v -0.02102600 -0.01141700 0.04900000
v -0.02040100 -0.01250000 0.04900000
v -0.02227600 -0.01141700 0.04900000
v -0.02273300 -0.01187500 0.04900000
v -0.02165100 -0.01125000 0.04900000
v -0.02273300 -0.01312500 0.04900000
v -0.02227600 -0.01358200 0.04900000
v -0.02290100 -0.01250000 0.04900000
v 0.00000000 -0.02500000 0.04824900
v 0.00062500 -0.02608300 0.04900000
v 0.00108200 -0.02562500 0.04900000
v 0.00000000 -0.02625000 0.04900000
v 0.00108200 -0.02437500 0.04900000
v 0.00062500 -0.02391700 0.04900000
v 0.00125000 -0.02500000 0.04900000
v -0.00062500 -0.02391700 0.04900000
v -0.00108200 -0.02437500 0.04900000
v 0.00000000 -0.02375000 0.04900000
v -0.00108200 -0.02562500 0.04900000
v -0.00062500 -0.02608300 0.04900000
v -0.00125000 -0.02500000 0.04900000
v 0.02165100 -0.01250000 0.04824900
v 0.02227600 -0.01358200 0.04900000
v 0.02273300 -0.01312500 0.04900000
v 0.02165100 -0.01375000 0.04900000
v 0.02273300 -0.01187500 0.04900000
v 0.02227600 -0.01141700 0.04900000
v 0.02290100 -0.01250000 0.04900000
v 0.02102600 -0.01141700 0.04900000
v 0.02056800 -0.01187500 0.04900000
v 0.02165100 -0.01125000 0.04900000
v 0.02056800 -0.01312500 0.04900000
v 0.02102600 -0.01358200 0.04900000
v 0.02040100 -0.01250000 0.04900000
v 0.02165100 0.01250000 0.04824900
v 0.02227600 0.01141700 0.04900000
v 0.02273300 0.01187500 0.04900000
v 0.02165100 0.01125000 0.04900000
v 0.02273300 0.01312500 0.04900000
v 0.02227600 0.01358200 0.04900000
v 0.02290100 0.01250000 0.04900000
v 0.02102600 0.01358200 0.04900000
v 0.02056800 0.01312500 0.04900000
v 0.02165100 0.01375000 0.04900000
v 0.02056800 0.01187500 0.04900000
v 0.02102600 0.01141700 0.04900000
v 0.02040100 0.01250000 0.04900000
v 0.01203500 0.01270500 0.05250000
v 0.01220700 0.01288600 0.05250000
v 0.00902200 0.01499500 0.05250000
v 0.00915100 0.01520900 0.05250000
v 0.00558800 0.01658400 0.05250000
v 0.00566800 0.01682100 0.05250000
v 0.00189200 0.01739700 0.05250000
v 0.00191900 0.01764600 0.05250000
v -0.00189200 0.01739700 0.05250000
v -0.00189200 0.01739700 0.05250000
v -0.00191900 0.01764600 0.05250000
v -0.00191900 0.01764600 0.05250000
v -0.00191900 0.01764600 0.05250000
v -0.00558800 0.01658400 0.05250000
v -0.00558800 0.01658400 0.05250000
v -0.00558800 0.01658400 0.05250000
v -0.00566800 0.01682100 0.05250000
v -0.00566800 0.01682100 0.05250000
v -0.00902200 0.01499500 0.05250000
v -0.00915100 0.01520900 0.05250000
v -0.01203500 0.01270500 0.05250000
v -0.01203500 0.01270500 0.05250000
v -0.01220700 0.01288600 0.05250000
v -0.01220700 0.01288600 0.05250000
v -0.01448500 0.00982100 0.05250000
v -0.01448500 0.00982100 0.05250000
v -0.01469100 0.00996100 0.05250000
v -0.01625700 0.00647700 0.05250000
v -0.01648900 0.00657000 0.05250000
v -0.01726900 0.00283100 0.05250000
v -0.01751600 0.00287200 0.05250000
v -0.01751600 0.00287200 0.05250000
v -0.01747400 -0.00094700 0.05250000
v -0.01747400 -0.00094700 0.05250000
v -0.01772400 -0.00096100 0.05250000
v -0.01772400 -0.00096100 0.05250000
v -0.01686200 -0.00468200 0.05250000
v -0.01710300 -0.00474900 0.05250000
v -0.01546100 -0.00819700 0.05250000
v -0.01568200 -0.00831400 0.05250000
v -0.01333800 -0.01132900 0.05250000
v -0.01352800 -0.01149100 0.05250000
v -0.01352800 -0.01149100 0.05250000
v -0.01059000 -0.01393200 0.05250000
v -0.01059000 -0.01393200 0.05250000
v -0.01074200 -0.01413100 0.05250000
v -0.01074200 -0.01413100 0.05250000
v -0.00734800 -0.01588300 0.05250000
v -0.00734800 -0.01588300 0.05250000
v -0.00745300 -0.01610900 0.05250000
v -0.00745300 -0.01610900 0.05250000
v -0.00376200 -0.01709100 0.05250000
v -0.00376200 -0.01709100 0.05250000
v -0.00381600 -0.01733500 0.05250000
v 0.00000000 -0.01750000 0.05250000
v 0.00000000 -0.01775000 0.05250000
v 0.00376200 -0.01709100 0.05250000
v 0.00381600 -0.01733500 0.05250000
v 0.00381600 -0.01733500 0.05250000
v 0.00734800 -0.01588300 0.05250000
v 0.00734800 -0.01588300 0.05250000
v 0.00745300 -0.01610900 0.05250000
v 0.00745300 -0.01610900 0.05250000
v 0.01059100 -0.01393200 0.05250000
v 0.01074200 -0.01413100 0.05250000
v 0.01074200 -0.01413100 0.05250000
v 0.01333800 -0.01132900 0.05250000
v 0.01333800 -0.01132900 0.05250000
v 0.01333800 -0.01132900 0.05250000
v 0.01352800 -0.01149100 0.05250000
v 0.01352800 -0.01149100 0.05250000
v 0.01352800 -0.01149100 0.05250000
v 0.01546100 -0.00819700 0.05250000
v 0.01546100 -0.00819700 0.05250000
v 0.01568200 -0.00831400 0.05250000
v 0.01686200 -0.00468200 0.05250000
v 0.01686200 -0.00468200 0.05250000
v 0.01710300 -0.00474900 0.05250000
v 0.01710300 -0.00474900 0.05250000
v 0.01710300 -0.00474900 0.05250000
v 0.01747400 -0.00094700 0.05250000
v 0.01747400 -0.00094700 0.05250000
v 0.01747400 -0.00094700 0.05250000
v 0.01772400 -0.00096100 0.05250000
v 0.01772400 -0.00096100 0.05250000
v 0.01772400 -0.00096100 0.05250000
v 0.01726900 0.00283100 0.05250000
v 0.01726900 0.00283100 0.05250000
v 0.01751600 0.00287200 0.05250000
v 0.01751600 0.00287200 0.05250000
v 0.01625700 0.00647700 0.05250000
v 0.01648900 0.00657000 0.05250000
v 0.01448500 0.00982100 0.05250000
v 0.01469100 0.00996100 0.05250000
v 0.00647000 0.02264800 0.04300000
v 0.00647000 0.02264800 0.05300000
v 0.00647000 0.02264800 0.05300000
v 0.00722000 0.02284900 0.04300000
v 0.00722000 0.02284900 0.04300000
v 0.00722000 0.02284900 0.05300000
v 0.00722000 0.02284900 0.04300000
v 0.00722000 0.02284900 0.05300000
v 0.00722000 0.02284900 0.05300000
v 0.00776900 0.02339800 0.04300000
v 0.00776900 0.02339800 0.04300000
v 0.00776900 0.02339800 0.05300000
v 0.00776900 0.02339800 0.04300000
v 0.00776900 0.02339800 0.05300000
v 0.00776900 0.02339800 0.05300000
v 0.00797000 0.02414800 0.04300000
v 0.00797000 0.02414800 0.04300000
v 0.00797000 0.02414800 0.05300000
v 0.00797000 0.02414800 0.04300000
v 0.00797000 0.02414800 0.05300000
v 0.00797000 0.02414800 0.05300000
v 0.00776900 0.02489800 0.04300000
v 0.00776900 0.02489800 0.04300000
v 0.00776900 0.02489800 0.05300000
v 0.00776900 0.02489800 0.04300000
v 0.00776900 0.02489800 0.05300000
v 0.00776900 0.02489800 0.05300000
v 0.00722000 0.02544700 0.04300000
v 0.00722000 0.02544700 0.04300000
v 0.00722000 0.02544700 0.05300000
v 0.00722000 0.02544700 0.04300000
v 0.00722000 0.02544700 0.05300000
v 0.00722000 0.02544700 0.05300000
v 0.00647000 0.02564800 0.04300000
v 0.00647000 0.02564800 0.04300000
v 0.00647000 0.02564800 0.05300000
v 0.00647000 0.02564800 0.04300000
v 0.00647000 0.02564800 0.05300000
v 0.00647000 0.02564800 0.05300000
v 0.00572000 0.02544700 0.04300000
v 0.00572000 0.02544700 0.04300000
v 0.00572000 0.02544700 0.05300000
v 0.00572000 0.02544700 0.04300000
v 0.00572000 0.02544700 0.05300000
v 0.00572000 0.02544700 0.05300000
v 0.00517100 0.02489800 0.04300000
v 0.00517100 0.02489800 0.04300000
v 0.00517100 0.02489800 0.05300000
v 0.00517100 0.02489800 0.04300000
v 0.00517100 0.02489800 0.05300000
v 0.00517100 0.02489800 0.05300000
v 0.00497000 0.02414800 0.04300000
v 0.00497000 0.02414800 0.04300000
v 0.00497000 0.02414800 0.05300000
v 0.00497000 0.02414800 0.04300000
v 0.00497000 0.02414800 0.05300000
v 0.00497000 0.02414800 0.05300000
v 0.00517100 0.02339800 0.04300000
v 0.00517100 0.02339800 0.04300000
v 0.00517100 0.02339800 0.05300000
v 0.00517100 0.02339800 0.04300000
v 0.00517100 0.02339800 0.05300000
v 0.00517100 0.02339800 0.05300000
v 0.00572000 0.02284900 0.04300000
v 0.00572000 0.02284900 0.04300000
v 0.00572000 0.02284900 0.05300000
v 0.00572000 0.02284900 0.04300000
v 0.00572000 0.02284900 0.05300000
v 0.00572000 0.02284900 0.05300000
v 0.00647000 0.02264800 0.04300000
v 0.00647000 0.02264800 0.04300000
v 0.00647000 0.02264800 0.05300000
v -0.00647000 -0.02564800 0.04300000
v -0.00647000 -0.02564800 0.05300000
v -0.00647000 -0.02564800 0.05300000
v -0.00572000 -0.02544700 0.04300000
v -0.00572000 -0.02544700 0.04300000
v -0.00572000 -0.02544700 0.05300000
v -0.00572000 -0.02544700 0.04300000
v -0.00572000 -0.02544700 0.05300000
v -0.00572000 -0.02544700 0.05300000
v -0.00517100 -0.02489800 0.04300000
v -0.00517100 -0.02489800 0.04300000
v -0.00517100 -0.02489800 0.05300000
v -0.00517100 -0.02489800 0.04300000
v -0.00517100 -0.02489800 0.05300000
v -0.00517100 -0.02489800 0.05300000
v -0.00497000 -0.02414800 0.04300000
v -0.00497000 -0.02414800 0.04300000
v -0.00497000 -0.02414800 0.05300000
v -0.00497000 -0.02414800 0.04300000
v -0.00497000 -0.02414800 0.05300000
v -0.00497000 -0.02414800 0.05300000
v -0.00517100 -0.02339800 0.04300000
v -0.00517100 -0.02339800 0.04300000
v -0.00517100 -0.02339800 0.05300000
v -0.00517100 -0.02339800 0.04300000
v -0.00517100 -0.02339800 0.05300000
v -0.00517100 -0.02339800 0.05300000
v -0.00572000 -0.02284900 0.04300000
v -0.00572000 -0.02284900 0.04300000
v -0.00572000 -0.02284900 0.05300000
v -0.00572000 -0.02284900 0.04300000
v -0.00572000 -0.02284900 0.05300000
v -0.00572000 -0.02284900 0.05300000
v -0.00647000 -0.02264800 0.04300000
v -0.00647000 -0.02264800 0.04300000
v -0.00647000 -0.02264800 0.05300000
v -0.00647000 -0.02264800 0.04300000
v -0.00647000 -0.02264800 0.05300000
v -0.00647000 -0.02264800 0.05300000
v -0.00722000 -0.02284900 0.04300000
v -0.00722000 -0.02284900 0.04300000
v -0.00722000 -0.02284900 0.05300000
v -0.00722000 -0.02284900 0.04300000
v -0.00722000 -0.02284900 0.05300000
v -0.00722000 -0.02284900 0.05300000
v -0.00776900 -0.02339800 0.04300000
v -0.00776900 -0.02339800 0.04300000
v -0.00776900 -0.02339800 0.05300000
v -0.00776900 -0.02339800 0.04300000
v -0.00776900 -0.02339800 0.05300000
v -0.00776900 -0.02339800 0.05300000
v -0.00797000 -0.02414800 0.04300000
v -0.00797000 -0.02414800 0.04300000
v -0.00797000 -0.02414800 0.05300000
v -0.00797000 -0.02414800 0.04300000
v -0.00797000 -0.02414800 0.05300000
v -0.00797000 -0.02414800 0.05300000
v -0.00776900 -0.02489800 0.04300000
v -0.00776900 -0.02489800 0.04300000
v -0.00776900 -0.02489800 0.05300000
v -0.00776900 -0.02489800 0.04300000
v -0.00776900 -0.02489800 0.05300000
v -0.00776900 -0.02489800 0.05300000
v -0.00722000 -0.02544700 0.04300000
v -0.00722000 -0.02544700 0.04300000
v -0.00722000 -0.02544700 0.05300000
v -0.00722000 -0.02544700 0.04300000
v -0.00722000 -0.02544700 0.05300000
v -0.00722000 -0.02544700 0.05300000
v -0.00647000 -0.02564800 0.04300000
v -0.00647000 -0.02564800 0.04300000
v -0.00647000 -0.02564800 0.05300000
v -0.00000000 0.02375000 0.04900000
v -0.00000000 0.02375000 0.05300000
v -0.00000000 0.02375000 0.05300000
v 0.00062500 0.02391700 0.04900000
v 0.00062500 0.02391700 0.04900000
v 0.00062500 0.02391700 0.05300000
v 0.00062500 0.02391700 0.04900000
v 0.00062500 0.02391700 0.05300000
v 0.00062500 0.02391700 0.05300000
v 0.00108200 0.02437500 0.04900000
v 0.00108200 0.02437500 0.04900000
v 0.00108200 0.02437500 0.05300000
v 0.00108200 0.02437500 0.04900000
v 0.00108200 0.02437500 0.05300000
v 0.00125000 0.02500000 0.04900000
v 0.00125000 0.02500000 0.05300000
v 0.00125000 0.02500000 0.04900000
v 0.00125000 0.02500000 0.05300000
v 0.00125000 0.02500000 0.05300000
v 0.00108200 0.02562500 0.04900000
v 0.00108200 0.02562500 0.04900000
v 0.00108200 0.02562500 0.05300000
v 0.00108200 0.02562500 0.04900000
v 0.00108200 0.02562500 0.05300000
v 0.00108200 0.02562500 0.05300000
v 0.00062500 0.02608300 0.04900000
v 0.00062500 0.02608300 0.04900000
v 0.00062500 0.02608300 0.05300000
v 0.00062500 0.02608300 0.04900000
v 0.00062500 0.02608300 0.05300000
v 0.00062500 0.02608300 0.05300000
v -0.00000000 0.02625000 0.04900000
v -0.00000000 0.02625000 0.04900000
v -0.00000000 0.02625000 0.05300000
v -0.00000000 0.02625000 0.04900000
v -0.00000000 0.02625000 0.05300000
v -0.00000000 0.02625000 0.05300000
v -0.00062500 0.02608300 0.04900000
v -0.00062500 0.02608300 0.04900000
v -0.00062500 0.02608300 0.05300000
v -0.00062500 0.02608300 0.04900000
v -0.00062500 0.02608300 0.05300000
v -0.00062500 0.02608300 0.05300000
v -0.00108200 0.02562500 0.04900000
v -0.00108200 0.02562500 0.04900000
v -0.00108200 0.02562500 0.05300000
v -0.00108200 0.02562500 0.04900000
v -0.00108200 0.02562500 0.05300000
v -0.00108200 0.02562500 0.05300000
v -0.00125000 0.02500000 0.04900000
v -0.00125000 0.02500000 0.04900000
v -0.00125000 0.02500000 0.05300000
v -0.00125000 0.02500000 0.04900000
v -0.00125000 0.02500000 0.05300000
v -0.00108200 0.02437500 0.04900000
v -0.00108200 0.02437500 0.05300000
v -0.00108200 0.02437500 0.04900000
v -0.00108200 0.02437500 0.05300000
v -0.00108200 0.02437500 0.05300000
v -0.00062500 0.02391700 0.04900000
v -0.00062500 0.02391700 0.04900000
v -0.00062500 0.02391700 0.05300000
v -0.00062500 0.02391700 0.04900000
v -0.00062500 0.02391700 0.05300000
v -0.00062500 0.02391700 0.05300000
v -0.00000000 0.02375000 0.04900000
v -0.00000000 0.02375000 0.04900000
v -0.00000000 0.02375000 0.05300000
v -0.02165100 0.01125000 0.04900000
v -0.02165100 0.01125000 0.05300000
v -0.02165100 0.01125000 0.05300000
v -0.02102600 0.01141700 0.04900000
v -0.02102600 0.01141700 0.04900000
v -0.02102600 0.01141700 0.05300000
v -0.02102600 0.01141700 0.04900000
v -0.02102600 0.01141700 0.05300000
v -0.02102600 0.01141700 0.05300000
v -0.02056800 0.01187500 0.04900000
v -0.02056800 0.01187500 0.04900000
v -0.02056800 0.01187500 0.05300000
v -0.02056800 0.01187500 0.04900000
v -0.02056800 0.01187500 0.05300000
v -0.02056800 0.01187500 0.05300000
v -0.02040100 0.01250000 0.04900000
v -0.02040100 0.01250000 0.04900000
v -0.02040100 0.01250000 0.05300000
v -0.02040100 0.01250000 0.04900000
v -0.02040100 0.01250000 0.05300000
v -0.02056800 0.01312500 0.04900000
v -0.02056800 0.01312500 0.05300000
v -0.02056800 0.01312500 0.04900000
v -0.02056800 0.01312500 0.05300000
v -0.02056800 0.01312500 0.05300000
v -0.02102600 0.01358200 0.04900000
v -0.02102600 0.01358200 0.04900000
v -0.02102600 0.01358200 0.05300000
v -0.02102600 0.01358200 0.04900000
v -0.02102600 0.01358200 0.05300000
v -0.02102600 0.01358200 0.05300000
v -0.02165100 0.01375000 0.04900000
v -0.02165100 0.01375000 0.04900000
v -0.02165100 0.01375000 0.05300000
v -0.02165100 0.01375000 0.04900000
v -0.02165100 0.01375000 0.05300000
v -0.02165100 0.01375000 0.05300000
v -0.02227600 0.01358200 0.04900000
v -0.02227600 0.01358200 0.04900000
v -0.02227600 0.01358200 0.05300000
v -0.02227600 0.01358200 0.04900000
v -0.02227600 0.01358200 0.05300000
v -0.02227600 0.01358200 0.05300000
v -0.02273300 0.01312500 0.04900000
v -0.02273300 0.01312500 0.04900000
v -0.02273300 0.01312500 0.05300000
v -0.02273300 0.01312500 0.04900000
v -0.02273300 0.01312500 0.05300000
v -0.02273300 0.01312500 0.05300000
v -0.02290100 0.01250000 0.04900000
v -0.02290100 0.01250000 0.04900000
v -0.02290100 0.01250000 0.05300000
v -0.02290100 0.01250000 0.04900000
v -0.02290100 0.01250000 0.05300000
v -0.02290100 0.01250000 0.05300000
v -0.02273300 0.01187500 0.04900000
v -0.02273300 0.01187500 0.04900000
v -0.02273300 0.01187500 0.05300000
v -0.02273300 0.01187500 0.04900000
v -0.02273300 0.01187500 0.05300000
v -0.02273300 0.01187500 0.05300000
v -0.02227600 0.01141700 0.04900000
v -0.02227600 0.01141700 0.04900000
v -0.02227600 0.01141700 0.05300000
v -0.02227600 0.01141700 0.04900000
v -0.02227600 0.01141700 0.05300000
v -0.02227600 0.01141700 0.05300000
v -0.02165100 0.01125000 0.04900000
v -0.02165100 0.01125000 0.04900000
v -0.02165100 0.01125000 0.05300000
v -0.02165100 -0.01375000 0.04900000
v -0.02165100 -0.01375000 0.05300000
v -0.02165100 -0.01375000 0.05300000
v -0.02102600 -0.01358200 0.04900000
v -0.02102600 -0.01358200 0.04900000
v -0.02102600 -0.01358200 0.05300000
v -0.02102600 -0.01358200 0.04900000
v -0.02102600 -0.01358200 0.05300000
v -0.02102600 -0.01358200 0.05300000
v -0.02056800 -0.01312500 0.04900000
v -0.02056800 -0.01312500 0.04900000
v -0.02056800 -0.01312500 0.05300000
v -0.02056800 -0.01312500 0.04900000
v -0.02056800 -0.01312500 0.05300000
v -0.02056800 -0.01312500 0.05300000
v -0.02040100 -0.01250000 0.04900000
v -0.02040100 -0.01250000 0.04900000
v -0.02040100 -0.01250000 0.05300000
v -0.02040100 -0.01250000 0.04900000
v -0.02040100 -0.01250000 0.05300000
v -0.02040100 -0.01250000 0.05300000
v -0.02056800 -0.01187500 0.04900000
v -0.02056800 -0.01187500 0.04900000
v -0.02056800 -0.01187500 0.05300000
v -0.02056800 -0.01187500 0.04900000
v -0.02056800 -0.01187500 0.05300000
v -0.02056800 -0.01187500 0.05300000
v -0.02102600 -0.01141700 0.04900000
v -0.02102600 -0.01141700 0.04900000
v -0.02102600 -0.01141700 0.05300000
v -0.02102600 -0.01141700 0.04900000
v -0.02102600 -0.01141700 0.05300000
v -0.02102600 -0.01141700 0.05300000
v -0.02165100 -0.01125000 0.04900000
v -0.02165100 -0.01125000 0.04900000
v -0.02165100 -0.01125000 0.05300000
v -0.02165100 -0.01125000 0.04900000
v -0.02165100 -0.01125000 0.05300000
v -0.02165100 -0.01125000 0.05300000
v -0.02227600 -0.01141700 0.04900000
v -0.02227600 -0.01141700 0.04900000
v -0.02227600 -0.01141700 0.05300000
v -0.02227600 -0.01141700 0.04900000
v -0.02227600 -0.01141700 0.05300000
v -0.02227600 -0.01141700 0.05300000
v -0.02273300 -0.01187500 0.04900000
v -0.02273300 -0.01187500 0.04900000
v -0.02273300 -0.01187500 0.05300000
v -0.02273300 -0.01187500 0.04900000
v -0.02273300 -0.01187500 0.05300000
v -0.02273300 -0.01187500 0.05300000
v -0.02290100 -0.01250000 0.04900000
v -0.02290100 -0.01250000 0.04900000
v -0.02290100 -0.01250000 0.05300000
v -0.02290100 -0.01250000 0.04900000
v -0.02290100 -0.01250000 0.05300000
v -0.02290100 -0.01250000 0.05300000
v -0.02273300 -0.01312500 0.04900000
v -0.02273300 -0.01312500 0.04900000
v -0.02273300 -0.01312500 0.05300000
v -0.02273300 -0.01312500 0.04900000
v -0.02273300 -0.01312500 0.05300000
v -0.02273300 -0.01312500 0.05300000
v -0.02227600 -0.01358200 0.04900000
v -0.02227600 -0.01358200 0.04900000
v -0.02227600 -0.01358200 0.05300000
v -0.02227600 -0.01358200 0.04900000
v -0.02227600 -0.01358200 0.05300000
v -0.02227600 -0.01358200 0.05300000
v -0.02165100 -0.01375000 0.04900000
v -0.02165100 -0.01375000 0.04900000
v -0.02165100 -0.01375000 0.05300000
v 0.00000000 -0.02625000 0.04900000
v 0.00000000 -0.02625000 0.05300000
v 0.00000000 -0.02625000 0.05300000
v 0.00062500 -0.02608300 0.04900000
v 0.00062500 -0.02608300 0.04900000
v 0.00062500 -0.02608300 0.05300000
v 0.00062500 -0.02608300 0.04900000
v 0.00062500 -0.02608300 0.05300000
v 0.00062500 -0.02608300 0.05300000
v 0.00108200 -0.02562500 0.04900000
v 0.00108200 -0.02562500 0.04900000
v 0.00108200 -0.02562500 0.05300000
v 0.00108200 -0.02562500 0.04900000
v 0.00108200 -0.02562500 0.05300000
v 0.00108200 -0.02562500 0.05300000
v 0.00125000 -0.02500000 0.04900000
v 0.00125000 -0.02500000 0.04900000
v 0.00125000 -0.02500000 0.05300000
v 0.00125000 -0.02500000 0.04900000
v 0.00125000 -0.02500000 0.05300000
v 0.00108200 -0.02437500 0.04900000
v 0.00108200 -0.02437500 0.05300000
v 0.00108200 -0.02437500 0.04900000
v 0.00108200 -0.02437500 0.05300000
v 0.00108200 -0.02437500 0.05300000
v 0.00062500 -0.02391700 0.04900000
v 0.00062500 -0.02391700 0.04900000
v 0.00062500 -0.02391700 0.05300000
v 0.00062500 -0.02391700 0.04900000
v 0.00062500 -0.02391700 0.05300000
v 0.00062500 -0.02391700 0.05300000
v 0.00000000 -0.02375000 0.04900000
v 0.00000000 -0.02375000 0.04900000
v 0.00000000 -0.02375000 0.05300000
v 0.00000000 -0.02375000 0.04900000
v 0.00000000 -0.02375000 0.05300000
v 0.00000000 -0.02375000 0.05300000
v -0.00062500 -0.02391700 0.04900000
v -0.00062500 -0.02391700 0.04900000
v -0.00062500 -0.02391700 0.05300000
v -0.00062500 -0.02391700 0.04900000
v -0.00062500 -0.02391700 0.05300000
v -0.00062500 -0.02391700 0.05300000
v -0.00108200 -0.02437500 0.04900000
v -0.00108200 -0.02437500 0.04900000
v -0.00108200 -0.02437500 0.05300000
v -0.00108200 -0.02437500 0.04900000
v -0.00108200 -0.02437500 0.05300000
v -0.00125000 -0.02500000 0.04900000
v -0.00125000 -0.02500000 0.05300000
v -0.00125000 -0.02500000 0.04900000
v -0.00125000 -0.02500000 0.05300000
v -0.00125000 -0.02500000 0.05300000
v -0.00108200 -0.02562500 0.04900000
v -0.00108200 -0.02562500 0.04900000
v -0.00108200 -0.02562500 0.05300000
v -0.00108200 -0.02562500 0.04900000
v -0.00108200 -0.02562500 0.05300000
v -0.00108200 -0.02562500 0.05300000
v -0.00062500 -0.02608300 0.04900000
v -0.00062500 -0.02608300 0.04900000
v -0.00062500 -0.02608300 0.05300000
v -0.00062500 -0.02608300 0.04900000
v -0.00062500 -0.02608300 0.05300000
v -0.00062500 -0.02608300 0.05300000
v 0.00000000 -0.02625000 0.04900000
v 0.00000000 -0.02625000 0.04900000
v 0.00000000 -0.02625000 0.05300000
v 0.02165100 -0.01375000 0.04900000
v 0.02165100 -0.01375000 0.05300000
v 0.02165100 -0.01375000 0.05300000
v 0.02227600 -0.01358200 0.04900000
v 0.02227600 -0.01358200 0.04900000
v 0.02227600 -0.01358200 0.05300000
v 0.02227600 -0.01358200 0.04900000
v 0.02227600 -0.01358200 0.05300000
v 0.02227600 -0.01358200 0.05300000
v 0.02273300 -0.01312500 0.04900000
v 0.02273300 -0.01312500 0.04900000
v 0.02273300 -0.01312500 0.05300000
v 0.02273300 -0.01312500 0.04900000
v 0.02273300 -0.01312500 0.05300000
v 0.02273300 -0.01312500 0.05300000
v 0.02290100 -0.01250000 0.04900000
v 0.02290100 -0.01250000 0.04900000
v 0.02290100 -0.01250000 0.05300000
v 0.02290100 -0.01250000 0.04900000
v 0.02290100 -0.01250000 0.05300000
v 0.02290100 -0.01250000 0.05300000
v 0.02273300 -0.01187500 0.04900000
v 0.02273300 -0.01187500 0.04900000
v 0.02273300 -0.01187500 0.05300000
v 0.02273300 -0.01187500 0.04900000
v 0.02273300 -0.01187500 0.05300000
v 0.02273300 -0.01187500 0.05300000
v 0.02227600 -0.01141700 0.04900000
v 0.02227600 -0.01141700 0.04900000
v 0.02227600 -0.01141700 0.05300000
v 0.02227600 -0.01141700 0.04900000
v 0.02227600 -0.01141700 0.05300000
v 0.02227600 -0.01141700 0.05300000
v 0.02165100 -0.01125000 0.04900000
v 0.02165100 -0.01125000 0.04900000
v 0.02165100 -0.01125000 0.05300000
v 0.02165100 -0.01125000 0.04900000
v 0.02165100 -0.01125000 0.05300000
v 0.02165100 -0.01125000 0.05300000
v 0.02102600 -0.01141700 0.04900000
v 0.02102600 -0.01141700 0.04900000
v 0.02102600 -0.01141700 0.05300000
v 0.02102600 -0.01141700 0.04900000
v 0.02102600 -0.01141700 0.05300000
v 0.02102600 -0.01141700 0.05300000
v 0.02056800 -0.01187500 0.04900000
v 0.02056800 -0.01187500 0.04900000
v 0.02056800 -0.01187500 0.05300000
v 0.02056800 -0.01187500 0.04900000
v 0.02056800 -0.01187500 0.05300000
v 0.02056800 -0.01187500 0.05300000
v 0.02040100 -0.01250000 0.04900000
v 0.02040100 -0.01250000 0.04900000
v 0.02040100 -0.01250000 0.05300000
v 0.02040100 -0.01250000 0.04900000
v 0.02040100 -0.01250000 0.05300000
v 0.02040100 -0.01250000 0.05300000
v 0.02056800 -0.01312500 0.04900000
v 0.02056800 -0.01312500 0.04900000
v 0.02056800 -0.01312500 0.05300000
v 0.02056800 -0.01312500 0.04900000
v 0.02056800 -0.01312500 0.05300000
v 0.02056800 -0.01312500 0.05300000
v 0.02102600 -0.01358200 0.04900000
v 0.02102600 -0.01358200 0.04900000
v 0.02102600 -0.01358200 0.05300000
v 0.02102600 -0.01358200 0.04900000
v 0.02102600 -0.01358200 0.05300000
v 0.02102600 -0.01358200 0.05300000
v 0.02165100 -0.01375000 0.04900000
v 0.02165100 -0.01375000 0.04900000
v 0.02165100 -0.01375000 0.05300000
v 0.02165100 0.01125000 0.04900000
v 0.02165100 0.01125000 0.05300000
v 0.02165100 0.01125000 0.05300000
v 0.02227600 0.01141700 0.04900000
v 0.02227600 0.01141700 0.04900000
v 0.02227600 0.01141700 0.05300000
v 0.02227600 0.01141700 0.04900000
v 0.02227600 0.01141700 0.05300000
v 0.02227600 0.01141700 0.05300000
v 0.02273300 0.01187500 0.04900000
v 0.02273300 0.01187500 0.04900000
v 0.02273300 0.01187500 0.05300000
v 0.02273300 0.01187500 0.04900000
v 0.02273300 0.01187500 0.05300000
v 0.02273300 0.01187500 0.05300000
v 0.02290100 0.01250000 0.04900000
v 0.02290100 0.01250000 0.04900000
v 0.02290100 0.01250000 0.05300000
v 0.02290100 0.01250000 0.04900000
v 0.02290100 0.01250000 0.05300000
v 0.02290100 0.01250000 0.05300000
v 0.02273300 0.01312500 0.04900000
v 0.02273300 0.01312500 0.04900000
v 0.02273300 0.01312500 0.05300000
v 0.02273300 0.01312500 0.04900000
v 0.02273300 0.01312500 0.05300000
v 0.02273300 0.01312500 0.05300000
v 0.02227600 0.01358200 0.04900000
v 0.02227600 0.01358200 0.04900000
v 0.02227600 0.01358200 0.05300000
v 0.02227600 0.01358200 0.04900000
v 0.02227600 0.01358200 0.05300000
v 0.02227600 0.01358200 0.05300000
v 0.02165100 0.01375000 0.04900000
v 0.02165100 0.01375000 0.04900000
v 0.02165100 0.01375000 0.05300000
v 0.02165100 0.01375000 0.04900000
v 0.02165100 0.01375000 0.05300000
v 0.02165100 0.01375000 0.05300000
v 0.02102600 0.01358200 0.04900000
v 0.02102600 0.01358200 0.04900000
v 0.02102600 0.01358200 0.05300000
v 0.02102600 0.01358200 0.04900000
v 0.02102600 0.01358200 0.05300000
v 0.02102600 0.01358200 0.05300000
v 0.02056800 0.01312500 0.04900000
v 0.02056800 0.01312500 0.04900000
v 0.02056800 0.01312500 0.05300000
v 0.02056800 0.01312500 0.04900000
v 0.02056800 0.01312500 0.05300000
v 0.02056800 0.01312500 0.05300000
v 0.02040100 0.01250000 0.04900000
v 0.02040100 0.01250000 0.04900000
v 0.02040100 0.01250000 0.05300000
v 0.02040100 0.01250000 0.04900000
v 0.02040100 0.01250000 0.05300000
v 0.02040100 0.01250000 0.05300000
v 0.02056800 0.01187500 0.04900000
v 0.02056800 0.01187500 0.04900000
v 0.02056800 0.01187500 0.05300000
v 0.02056800 0.01187500 0.04900000
v 0.02056800 0.01187500 0.05300000
v 0.02056800 0.01187500 0.05300000
v 0.02102600 0.01141700 0.04900000
v 0.02102600 0.01141700 0.04900000
v 0.02102600 0.01141700 0.05300000
v 0.02102600 0.01141700 0.04900000
v 0.02102600 0.01141700 0.05300000
v 0.02102600 0.01141700 0.05300000
v 0.02165100 0.01125000 0.04900000
v 0.02165100 0.01125000 0.04900000
v 0.02165100 0.01125000 0.05300000
v 0.00000000 -0.01775000 0.05250000
v 0.00000000 -0.01775000 0.05300000
v 0.00381600 -0.01733500 0.05250000
v 0.00381600 -0.01733500 0.05300000
v 0.00745300 -0.01610900 0.05250000
v 0.00745300 -0.01610900 0.05300000
v 0.01074200 -0.01413100 0.05250000
v 0.01074200 -0.01413100 0.05300000
v 0.01352800 -0.01149100 0.05250000
v 0.01352800 -0.01149100 0.05300000
v 0.01568200 -0.00831400 0.05250000
v 0.01568200 -0.00831400 0.05300000
v 0.01710300 -0.00474900 0.05250000
v 0.01710300 -0.00474900 0.05300000
v 0.01772400 -0.00096100 0.05250000
v 0.01772400 -0.00096100 0.05300000
v 0.01751600 0.00287200 0.05250000
v 0.01751600 0.00287200 0.05300000
v 0.01648900 0.00657000 0.05250000
v 0.01648900 0.00657000 0.05300000
v 0.01469100 0.00996100 0.05250000
v 0.01469100 0.00996100 0.05300000
v 0.01220700 0.01288600 0.05250000
v 0.01220700 0.01288600 0.05300000
v 0.00915100 0.01520900 0.05250000
v 0.00915100 0.01520900 0.05300000
v 0.00566800 0.01682100 0.05250000
v 0.00566800 0.01682100 0.05300000
v 0.00191900 0.01764600 0.05250000
v 0.00191900 0.01764600 0.05300000
v -0.00191900 0.01764600 0.05250000
v -0.00191900 0.01764600 0.05300000
v -0.00566800 0.01682100 0.05250000
v -0.00566800 0.01682100 0.05300000
v -0.00915100 0.01520900 0.05250000
v -0.00915100 0.01520900 0.05300000
v -0.01220700 0.01288600 0.05250000
v -0.01220700 0.01288600 0.05300000
v -0.01469100 0.00996100 0.05250000
v -0.01469100 0.00996100 0.05300000
v -0.01648900 0.00657000 0.05250000
v -0.01648900 0.00657000 0.05300000
v -0.01751600 0.00287200 0.05250000
v -0.01751600 0.00287200 0.05300000
v -0.01772400 -0.00096100 0.05250000
v -0.01772400 -0.00096100 0.05300000
v -0.01710300 -0.00474900 0.05250000
v -0.01710300 -0.00474900 0.05300000
v -0.01568200 -0.00831400 0.05250000
v -0.01568200 -0.00831400 0.05300000
v -0.01352800 -0.01149100 0.05250000
v -0.01352800 -0.01149100 0.05300000
v -0.01074200 -0.01413100 0.05250000
v -0.01074200 -0.01413100 0.05300000
v -0.00745300 -0.01610900 0.05250000
v -0.00745300 -0.01610900 0.05300000
v -0.00381600 -0.01733500 0.05250000
v -0.00381600 -0.01733500 0.05300000
v 0.00974800 -0.02678100 0.01450000
v 0.00974800 -0.02678100 0.01450000
v 0.00494900 -0.02806700 0.01450000
v 0.00494900 -0.02806700 0.01450000
v 0.00000000 0.00000000 0.01450000
v 0.00000000 0.00000000 0.01450000
v 0.00000000 0.00000000 0.01450000
v 0.00000000 0.00000000 0.01450000
v 0.00000000 0.00000000 0.01450000
v 0.00000000 0.00000000 0.01450000
v 0.00000000 0.00000000 0.01450000
v 0.00000000 0.00000000 0.01450000
v 0.00000000 0.00000000 0.01450000
v 0.00000000 0.00000000 0.01450000
v 0.00000000 0.00000000 0.01450000
v 0.00000000 0.00000000 0.01450000
v 0.00000000 0.00000000 0.01450000
v 0.00000000 0.00000000 0.01450000
v 0.00000000 0.00000000 0.01450000
v 0.00000000 0.00000000 0.01450000
v 0.00000000 0.00000000 0.01450000
v 0.00000000 0.00000000 0.01450000
v 0.00000000 -0.02850000 0.01450000
v -0.00494900 -0.02806700 0.01450000
v -0.00494900 -0.02806700 0.01450000
v 0.02183200 -0.01831900 0.01450000
v 0.01831900 -0.02183200 0.01450000
v 0.01831900 -0.02183200 0.01450000
v 0.01425000 -0.02468200 0.01450000
v 0.01425000 -0.02468200 0.01450000
v 0.02806700 -0.00494900 0.01450000
v 0.02806700 -0.00494900 0.01450000
v 0.02678100 -0.00974800 0.01450000
v 0.02678100 -0.00974800 0.01450000
v 0.02468200 -0.01425000 0.01450000
v 0.02468200 -0.01425000 0.01450000
v 0.02678100 0.00974800 0.01450000
v 0.02678100 0.00974800 0.01450000
v 0.02806700 0.00494900 0.01450000
v 0.02806700 0.00494900 0.01450000
v 0.02850000 0.00000000 0.01450000
v 0.02850000 0.00000000 0.01450000
v 0.01831900 0.02183200 0.01450000
v 0.01831900 0.02183200 0.01450000
v 0.02183200 0.01831900 0.01450000
v 0.02468200 0.01425000 0.01450000
v 0.02468200 0.01425000 0.01450000
v 0.00494900 0.02806700 0.01450000
v 0.00494900 0.02806700 0.01450000
v 0.00974800 0.02678100 0.01450000
v 0.00974800 0.02678100 0.01450000
v 0.01425000 0.02468200 0.01450000
v 0.01425000 0.02468200 0.01450000
v -0.00974800 0.02678100 0.01450000
v -0.00974800 0.02678100 0.01450000
v -0.00494900 0.02806700 0.01450000
v -0.00494900 0.02806700 0.01450000
v -0.00000000 0.02850000 0.01450000
v -0.02183200 0.01831900 0.01450000
v -0.01831900 0.02183200 0.01450000
v -0.01831900 0.02183200 0.01450000
v -0.01425000 0.02468200 0.01450000
v -0.01425000 0.02468200 0.01450000
v -0.02806700 0.00494900 0.01450000
v -0.02806700 0.00494900 0.01450000
v -0.02678100 0.00974800 0.01450000
v -0.02678100 0.00974800 0.01450000
v -0.02468200 0.01425000 0.01450000
v -0.02468200 0.01425000 0.01450000
v -0.02678100 -0.00974800 0.01450000
v -0.02678100 -0.00974800 0.01450000
v -0.02806700 -0.00494900 0.01450000
v -0.02806700 -0.00494900 0.01450000
v -0.02850000 -0.00000000 0.01450000
v -0.02850000 -0.00000000 0.01450000
v -0.01831900 -0.02183200 0.01450000
v -0.01831900 -0.02183200 0.01450000
v -0.02183200 -0.01831900 0.01450000
v -0.02468200 -0.01425000 0.01450000
v -0.02468200 -0.01425000 0.01450000
v -0.00974800 -0.02678100 0.01450000
v -0.00974800 -0.02678100 0.01450000
v -0.01425000 -0.02468200 0.01450000
v -0.01425000 -0.02468200 0.01450000
v 0.02183200 -0.01831900 0.05300000
v 0.02183200 -0.01831900 0.05300000
v 0.01907500 -0.02019900 0.05300000
v 0.01907500 -0.02019900 0.05300000
v 0.01831900 -0.02183200 0.05300000
v 0.01831900 -0.02183200 0.05300000
v 0.02183200 0.01831900 0.05300000
v 0.02183200 0.01831900 0.05300000
v 0.02183200 0.01831900 0.05300000
v 0.02002900 0.02027500 0.05300000
v 0.02002900 0.02027500 0.05300000
v 0.01907500 0.02019900 0.05300000
v 0.01907500 0.02019900 0.05300000
v 0.01907500 0.02019900 0.05300000
v 0.01907500 0.02019900 0.05300000
v 0.01907500 0.02019900 0.05300000
v 0.01907500 0.02019900 0.05300000
v 0.01907500 0.02019900 0.05300000
v 0.01907500 0.02019900 0.05300000
v 0.01912700 0.02112800 0.05300000
v 0.01912700 0.02112800 0.05300000
v 0.01912700 0.02112800 0.05300000
v -0.02806700 -0.00494900 0.05300000
v -0.02806700 -0.00494900 0.05300000
v -0.02678100 -0.00974800 0.05300000
v -0.02678100 -0.00974800 0.05300000
v -0.02678100 -0.00974800 0.05300000
v -0.02570000 -0.00000000 0.05300000
v -0.02570000 -0.00000000 0.05300000
v -0.02570000 -0.00000000 0.05300000
v -0.02570000 -0.00000000 0.05300000
v -0.02570000 -0.00000000 0.05300000
v -0.02570000 -0.00000000 0.05300000
v -0.02570000 -0.00000000 0.05300000
v -0.02570000 -0.00000000 0.05300000
v -0.01831900 -0.02183200 0.05300000
v -0.01831900 -0.02183200 0.05300000
v -0.01831900 -0.02183200 0.05300000
v -0.01907500 -0.02019900 0.05300000
v -0.01907500 -0.02019900 0.05300000
v -0.01907500 -0.02019900 0.05300000
v -0.02183200 -0.01831900 0.05300000
v -0.00572000 -0.02284900 0.05300000
v -0.00572000 -0.02284900 0.05300000
v -0.00517100 -0.02339800 0.05300000
v -0.00517100 -0.02339800 0.05300000
v -0.00311000 -0.02319900 0.05300000
v -0.00311000 -0.02319900 0.05300000
v -0.00311000 -0.02319900 0.05300000
v -0.00311000 -0.02319900 0.05300000
v -0.00311000 -0.02319900 0.05300000
v -0.00311000 -0.02319900 0.05300000
v -0.00311000 -0.02319900 0.05300000
v -0.00497000 -0.02414800 0.05300000
v -0.00497000 -0.02414800 0.05300000
v -0.00497000 -0.02414800 0.05300000
v -0.00494900 -0.02806700 0.05300000
v -0.00494900 -0.02806700 0.05300000
v -0.00494900 -0.02806700 0.05300000
v -0.00494900 -0.02806700 0.05300000
v -0.00517100 -0.02489800 0.05300000
v -0.00517100 -0.02489800 0.05300000
v -0.00572000 -0.02544700 0.05300000
v -0.00572000 -0.02544700 0.05300000
v -0.00494900 -0.02806700 0.05300000
v -0.00494900 -0.02806700 0.05300000
v -0.00647000 -0.02564800 0.05300000
v -0.00647000 -0.02564800 0.05300000
v -0.00974800 -0.02678100 0.05300000
v -0.00974800 -0.02678100 0.05300000
v -0.00647000 -0.02264800 0.05300000
v -0.00647000 -0.02264800 0.05300000
v -0.00311000 -0.02019900 0.05300000
v -0.00311000 -0.02019900 0.05300000
v -0.00311000 -0.02019900 0.05300000
v -0.00311000 -0.02019900 0.05300000
v -0.00311000 -0.02019900 0.05300000
v -0.00722000 -0.02284900 0.05300000
v -0.00722000 -0.02284900 0.05300000
v -0.00722000 -0.02284900 0.05300000
v -0.00776900 -0.02339800 0.05300000
v -0.00776900 -0.02339800 0.05300000
v -0.00776900 -0.02339800 0.05300000
v -0.00797000 -0.02414800 0.05300000
v -0.00797000 -0.02414800 0.05300000
v -0.00797000 -0.02414800 0.05300000
v -0.01425000 -0.02468200 0.05300000
v -0.01425000 -0.02468200 0.05300000
v -0.00776900 -0.02489800 0.05300000
v -0.00776900 -0.02489800 0.05300000
v -0.00974800 -0.02678100 0.05300000
v -0.00722000 -0.02544700 0.05300000
v 0.00062500 0.02608300 0.05300000
v 0.00062500 0.02608300 0.05300000
v 0.00062500 0.02608300 0.05300000
v 0.00108200 0.02562500 0.05300000
v 0.00108200 0.02562500 0.05300000
v 0.00311000 0.02594900 0.05300000
v 0.00311000 0.02594900 0.05300000
v 0.00311000 0.02594900 0.05300000
v 0.00311000 0.02594900 0.05300000
v 0.00311000 0.02594900 0.05300000
v 0.00125000 0.02500000 0.05300000
v 0.00125000 0.02500000 0.05300000
v 0.00125000 0.02500000 0.05300000
v 0.00311000 0.02019900 0.05300000
v 0.00311000 0.02019900 0.05300000
v 0.00311000 0.02019900 0.05300000
v 0.00311000 0.02019900 0.05300000
v 0.00311000 0.02019900 0.05300000
v 0.00311000 0.02019900 0.05300000
v 0.00311000 0.02019900 0.05300000
v -0.00000000 0.02375000 0.05300000
v -0.00000000 0.02375000 0.05300000
v -0.00311000 0.02019900 0.05300000
v -0.00311000 0.02019900 0.05300000
v -0.00311000 0.02019900 0.05300000
v -0.00311000 0.02019900 0.05300000
v -0.00311000 0.02019900 0.05300000
v -0.00311000 0.02019900 0.05300000
v -0.00311000 0.02019900 0.05300000
v 0.00062500 0.02391700 0.05300000
v 0.00062500 0.02391700 0.05300000
v 0.00108200 0.02437500 0.05300000
v 0.00108200 0.02437500 0.05300000
v -0.00062500 0.02391700 0.05300000
v -0.00062500 0.02391700 0.05300000
v -0.00108200 0.02437500 0.05300000
v -0.00108200 0.02437500 0.05300000
v -0.00108200 0.02437500 0.05300000
v -0.00311000 0.02594900 0.05300000
v -0.00311000 0.02594900 0.05300000
v -0.00311000 0.02594900 0.05300000
v -0.00311000 0.02594900 0.05300000
v -0.00311000 0.02594900 0.05300000
v -0.00125000 0.02500000 0.05300000
v -0.00125000 0.02500000 0.05300000
v -0.00108200 0.02562500 0.05300000
v -0.00108200 0.02562500 0.05300000
v -0.00062500 0.02608300 0.05300000
v -0.00062500 0.02608300 0.05300000
v -0.00000000 0.02850000 0.05300000
v -0.00000000 0.02850000 0.05300000
v -0.00000000 0.02850000 0.05300000
v 0.00494900 0.02806700 0.05300000
v 0.00494900 0.02806700 0.05300000
v 0.00494900 0.02806700 0.05300000
v -0.00000000 0.02625000 0.05300000
v -0.00062500 -0.02391700 0.05300000
v -0.00062500 -0.02391700 0.05300000
v 0.00000000 -0.02375000 0.05300000
v 0.00000000 -0.02375000 0.05300000
v 0.00311000 -0.02319900 0.05300000
v 0.00311000 -0.02319900 0.05300000
v 0.00311000 -0.02319900 0.05300000
v 0.00062500 -0.02391700 0.05300000
v 0.00062500 -0.02391700 0.05300000
v 0.00108200 -0.02437500 0.05300000
v 0.00108200 -0.02437500 0.05300000
v 0.00125000 -0.02500000 0.05300000
v 0.00494900 -0.02806700 0.05300000
v -0.00062500 -0.02608300 0.05300000
v 0.00000000 -0.02625000 0.05300000
v 0.00000000 -0.02850000 0.05300000
v 0.00062500 -0.02608300 0.05300000
v 0.00108200 -0.02562500 0.05300000
v -0.00108200 -0.02562500 0.05300000
v -0.00108200 -0.02562500 0.05300000
v -0.00125000 -0.02500000 0.05300000
v -0.00125000 -0.02500000 0.05300000
v -0.00125000 -0.02500000 0.05300000
v -0.00108200 -0.02437500 0.05300000
v -0.00108200 -0.02437500 0.05300000
v -0.02468200 -0.01425000 0.05300000
v -0.02273300 -0.01312500 0.05300000
v -0.02102600 -0.01141700 0.05300000
v -0.02102600 -0.01141700 0.05300000
v -0.02056800 -0.01187500 0.05300000
v -0.02056800 -0.01187500 0.05300000
v -0.01907500 -0.00000000 0.05300000
v -0.01907500 -0.00000000 0.05300000
v -0.01907500 -0.00000000 0.05300000
v -0.01907500 -0.00000000 0.05300000
v -0.01907500 -0.00000000 0.05300000
v -0.01907500 -0.00000000 0.05300000
v -0.01907500 -0.00000000 0.05300000
v -0.02040100 -0.01250000 0.05300000
v -0.02040100 -0.01250000 0.05300000
v -0.02040100 -0.01250000 0.05300000
v -0.01907500 -0.01575000 0.05300000
v -0.01907500 -0.01575000 0.05300000
v -0.01907500 -0.01575000 0.05300000
v -0.02056800 -0.01312500 0.05300000
v -0.02056800 -0.01312500 0.05300000
v -0.02102600 -0.01358200 0.05300000
v -0.02102600 -0.01358200 0.05300000
v -0.02227600 -0.01358200 0.05300000
v -0.02227600 -0.01358200 0.05300000
v -0.02183200 -0.01831900 0.05300000
v -0.02183200 -0.01831900 0.05300000
v -0.02183200 -0.01831900 0.05300000
v -0.02165100 -0.01375000 0.05300000
v -0.02165100 -0.01375000 0.05300000
v -0.02290100 -0.01250000 0.05300000
v -0.02290100 -0.01250000 0.05300000
v -0.02273300 -0.01187500 0.05300000
v -0.02273300 -0.01187500 0.05300000
v -0.02273300 -0.01187500 0.05300000
v -0.02227600 -0.01141700 0.05300000
v -0.02227600 -0.01141700 0.05300000
v -0.02227600 -0.01141700 0.05300000
v -0.02165100 -0.01125000 0.05300000
v -0.02165100 -0.01125000 0.05300000
v -0.02678100 0.00974800 0.05300000
v -0.02678100 0.00974800 0.05300000
v -0.02678100 0.00974800 0.05300000
v -0.02678100 0.00974800 0.05300000
v -0.02806700 0.00494900 0.05300000
v -0.02806700 0.00494900 0.05300000
v -0.02850000 -0.00000000 0.05300000
v -0.02850000 -0.00000000 0.05300000
v -0.02056800 0.01312500 0.05300000
v -0.02040100 0.01250000 0.05300000
v -0.01907500 0.02019900 0.05300000
v -0.01907500 0.02019900 0.05300000
v -0.01907500 0.02019900 0.05300000
v -0.01907500 0.02019900 0.05300000
v -0.01907500 0.02019900 0.05300000
v -0.01907500 0.02019900 0.05300000
v -0.01907500 0.02019900 0.05300000
v -0.02002900 0.02027500 0.05300000
v -0.02002900 0.02027500 0.05300000
v -0.02183200 0.01831900 0.05300000
v -0.02183200 0.01831900 0.05300000
v -0.02183200 0.01831900 0.05300000
v -0.02183200 0.01831900 0.05300000
v -0.02102600 0.01358200 0.05300000
v -0.02102600 0.01358200 0.05300000
v -0.02165100 0.01375000 0.05300000
v -0.02165100 0.01375000 0.05300000
v -0.02056800 0.01187500 0.05300000
v -0.02290100 0.01250000 0.05300000
v -0.02290100 0.01250000 0.05300000
v -0.02290100 0.01250000 0.05300000
v -0.02468200 0.01425000 0.05300000
v -0.02468200 0.01425000 0.05300000
v -0.02273300 0.01312500 0.05300000
v -0.02273300 0.01312500 0.05300000
v -0.02273300 0.01312500 0.05300000
v -0.02227600 0.01358200 0.05300000
v -0.02227600 0.01358200 0.05300000
v -0.02102600 0.01141700 0.05300000
v -0.02102600 0.01141700 0.05300000
v -0.02165100 0.01125000 0.05300000
v -0.02165100 0.01125000 0.05300000
v -0.02165100 0.01125000 0.05300000
v -0.02227600 0.01141700 0.05300000
v -0.02227600 0.01141700 0.05300000
v -0.02273300 0.01187500 0.05300000
v -0.02273300 0.01187500 0.05300000
v -0.00494900 0.02806700 0.05300000
v -0.00494900 0.02806700 0.05300000
v -0.00974800 0.02678100 0.05300000
v -0.00974800 0.02678100 0.05300000
v -0.01425000 0.02468200 0.05300000
v -0.01425000 0.02468200 0.05300000
v -0.01425000 0.02468200 0.05300000
v -0.01831900 0.02183200 0.05300000
v -0.01831900 0.02183200 0.05300000
v 0.00517100 0.02489800 0.05300000
v 0.00517100 0.02489800 0.05300000
v 0.00572000 0.02544700 0.05300000
v 0.00647000 0.02264800 0.05300000
v 0.00647000 0.02264800 0.05300000
v 0.00572000 0.02284900 0.05300000
v 0.00572000 0.02284900 0.05300000
v 0.00517100 0.02339800 0.05300000
v 0.00517100 0.02339800 0.05300000
v 0.00517100 0.02339800 0.05300000
v 0.00497000 0.02414800 0.05300000
v 0.00497000 0.02414800 0.05300000
v 0.00647000 0.02564800 0.05300000
v 0.00974800 0.02678100 0.05300000
v 0.00974800 0.02678100 0.05300000
v 0.00722000 0.02544700 0.05300000
v 0.00722000 0.02544700 0.05300000
v 0.00776900 0.02489800 0.05300000
v 0.00776900 0.02489800 0.05300000
v 0.00776900 0.02489800 0.05300000
v 0.01425000 0.02468200 0.05300000
v 0.01425000 0.02468200 0.05300000
v 0.00797000 0.02414800 0.05300000
v 0.00797000 0.02414800 0.05300000
v 0.00797000 0.02414800 0.05300000
v 0.01831900 0.02183200 0.05300000
v 0.01831900 0.02183200 0.05300000
v 0.01831900 0.02183200 0.05300000
v 0.00776900 0.02339800 0.05300000
v 0.00776900 0.02339800 0.05300000
v 0.00776900 0.02339800 0.05300000
v 0.00776900 0.02339800 0.05300000
v 0.00722000 0.02284900 0.05300000
v 0.00722000 0.02284900 0.05300000
v 0.00722000 0.02284900 0.05300000
v 0.02290100 0.01250000 0.05300000
v 0.02273300 0.01187500 0.05300000
v 0.02273300 0.01187500 0.05300000
v 0.02678100 0.00974800 0.05300000
v 0.02806700 0.00494900 0.05300000
v 0.02806700 0.00494900 0.05300000
v 0.02227600 0.01141700 0.05300000
v 0.02227600 0.01141700 0.05300000
v 0.02227600 0.01141700 0.05300000
v 0.02850000 0.00000000 0.05300000
v 0.02850000 0.00000000 0.05300000
v 0.02850000 0.00000000 0.05300000
v 0.02850000 0.00000000 0.05300000
v 0.02850000 0.00000000 0.05300000
v 0.01907500 0.00000000 0.05300000
v 0.01907500 0.00000000 0.05300000
v 0.01907500 0.00000000 0.05300000
v 0.01907500 0.00000000 0.05300000
v 0.01907500 0.00000000 0.05300000
v 0.01907500 0.00000000 0.05300000
v 0.01907500 0.00000000 0.05300000
v 0.02165100 0.01125000 0.05300000
v 0.02165100 0.01125000 0.05300000
v 0.02102600 0.01141700 0.05300000
v 0.02102600 0.01141700 0.05300000
v 0.02273300 0.01312500 0.05300000
v 0.02468200 0.01425000 0.05300000
v 0.02227600 0.01358200 0.05300000
v 0.02227600 0.01358200 0.05300000
v 0.02165100 0.01375000 0.05300000
v 0.02165100 0.01375000 0.05300000
v 0.02102600 0.01358200 0.05300000
v 0.02056800 0.01187500 0.05300000
v 0.02056800 0.01187500 0.05300000
v 0.02040100 0.01250000 0.05300000
v 0.02040100 0.01250000 0.05300000
v 0.02040100 0.01250000 0.05300000
v 0.02056800 0.01312500 0.05300000
v 0.02056800 0.01312500 0.05300000
v 0.02678100 -0.00974800 0.05300000
v 0.02678100 -0.00974800 0.05300000
v 0.02806700 -0.00494900 0.05300000
v 0.02806700 -0.00494900 0.05300000
v 0.02227600 -0.01141700 0.05300000
v 0.02227600 -0.01141700 0.05300000
v 0.02227600 -0.01141700 0.05300000
v 0.02165100 -0.01125000 0.05300000
v 0.02165100 -0.01125000 0.05300000
v 0.02102600 -0.01141700 0.05300000
v 0.02227600 -0.01358200 0.05300000
v 0.02227600 -0.01358200 0.05300000
v 0.02273300 -0.01312500 0.05300000
v 0.02468200 -0.01425000 0.05300000
v 0.02290100 -0.01250000 0.05300000
v 0.02273300 -0.01187500 0.05300000
v 0.02165100 -0.01375000 0.05300000
v 0.02165100 -0.01375000 0.05300000
v 0.02102600 -0.01358200 0.05300000
v 0.01907500 -0.01575000 0.05300000
v 0.01907500 -0.01575000 0.05300000
v 0.01907500 -0.01575000 0.05300000
v 0.01907500 -0.01575000 0.05300000
v 0.02056800 -0.01312500 0.05300000
v 0.02056800 -0.01312500 0.05300000
v 0.02040100 -0.01250000 0.05300000
v 0.02040100 -0.01250000 0.05300000
v 0.02040100 -0.01250000 0.05300000
v 0.02056800 -0.01187500 0.05300000
v 0.02056800 -0.01187500 0.05300000
v 0.00974800 -0.02678100 0.05300000
v 0.00974800 -0.02678100 0.05300000
v 0.01425000 -0.02468200 0.05300000
v 0.01425000 -0.02468200 0.05300000
v 0.00311000 -0.02019900 0.05300000
v 0.00311000 -0.02019900 0.05300000
v 0.00311000 -0.02019900 0.05300000
v 0.01568200 -0.00831400 0.05300000
v 0.01568200 -0.00831400 0.05300000
v 0.01352800 -0.01149100 0.05300000
v 0.00000000 -0.01775000 0.05300000
v 0.00000000 -0.01775000 0.05300000
v 0.00381600 -0.01733500 0.05300000
v 0.00381600 -0.01733500 0.05300000
v 0.00745300 -0.01610900 0.05300000
v 0.00745300 -0.01610900 0.05300000
v 0.01074200 -0.01413100 0.05300000
v 0.00915100 0.01520900 0.05300000
v 0.00915100 0.01520900 0.05300000
v 0.01220700 0.01288600 0.05300000
v 0.01220700 0.01288600 0.05300000
v 0.01469100 0.00996100 0.05300000
v 0.01469100 0.00996100 0.05300000
v 0.01648900 0.00657000 0.05300000
v 0.01751600 0.00287200 0.05300000
v 0.01751600 0.00287200 0.05300000
v 0.01772400 -0.00096100 0.05300000
v 0.01772400 -0.00096100 0.05300000
v 0.01710300 -0.00474900 0.05300000
v 0.01710300 -0.00474900 0.05300000
v 0.00566800 0.01682100 0.05300000
v 0.00566800 0.01682100 0.05300000
v 0.00566800 0.01682100 0.05300000
v 0.00191900 0.01764600 0.05300000
v -0.00191900 0.01764600 0.05300000
v -0.01648900 0.00657000 0.05300000
v -0.01469100 0.00996100 0.05300000
v -0.01751600 0.00287200 0.05300000
v -0.01751600 0.00287200 0.05300000
v -0.01220700 0.01288600 0.05300000
v -0.01220700 0.01288600 0.05300000
v -0.00915100 0.01520900 0.05300000
v -0.00915100 0.01520900 0.05300000
v -0.00915100 0.01520900 0.05300000
v -0.00566800 0.01682100 0.05300000
v -0.00566800 0.01682100 0.05300000
v -0.00745300 -0.01610900 0.05300000
v -0.01074200 -0.01413100 0.05300000
v -0.01352800 -0.01149100 0.05300000
v -0.01568200 -0.00831400 0.05300000
v -0.01568200 -0.00831400 0.05300000
v -0.01710300 -0.00474900 0.05300000
v -0.01710300 -0.00474900 0.05300000
v -0.01772400 -0.00096100 0.05300000
v -0.01772400 -0.00096100 0.05300000
v -0.00381600 -0.01733500 0.05300000
v -0.00381600 -0.01733500 0.05300000
v -0.01831900 0.02183200 0.01450000
v -0.01425000 0.02468200 0.05300000
v -0.01425000 0.02468200 0.01450000
v -0.00974800 0.02678100 0.05300000
v -0.00974800 0.02678100 0.01450000
v -0.00494900 0.02806700 0.05300000
v -0.00494900 0.02806700 0.01450000
v -0.00000000 0.02850000 0.05300000
v -0.00000000 0.02850000 0.01450000
v 0.00494900 0.02806700 0.05300000
v 0.00494900 0.02806700 0.01450000
v 0.00974800 0.02678100 0.05300000
v 0.00974800 0.02678100 0.01450000
v 0.01425000 0.02468200 0.05300000
v 0.01425000 0.02468200 0.01450000
v 0.01831900 0.02183200 0.05300000
v 0.01831900 0.02183200 0.01450000
v 0.01912700 0.02112800 0.05300000
v 0.02002900 0.02027500 0.05300000
v 0.02183200 0.01831900 0.01450000
v 0.02183200 0.01831900 0.05300000
v 0.02468200 0.01425000 0.05300000
v 0.02468200 0.01425000 0.01450000
v 0.02678100 0.00974800 0.05300000
v 0.02678100 0.00974800 0.01450000
v 0.02806700 0.00494900 0.05300000
v 0.02806700 0.00494900 0.01450000
v 0.02850000 0.00000000 0.05300000
v 0.02850000 0.00000000 0.01450000
v 0.02806700 -0.00494900 0.05300000
v 0.02806700 -0.00494900 0.01450000
v 0.02678100 -0.00974800 0.05300000
v 0.02678100 -0.00974800 0.01450000
v 0.02468200 -0.01425000 0.05300000
v 0.02468200 -0.01425000 0.01450000
v 0.02183200 -0.01831900 0.05300000
v 0.02183200 -0.01831900 0.01450000
v 0.01831900 -0.02183200 0.05300000
v 0.01831900 -0.02183200 0.01450000
v 0.01425000 -0.02468200 0.05300000
v 0.01425000 -0.02468200 0.01450000
v 0.00974800 -0.02678100 0.05300000
v 0.00974800 -0.02678100 0.05300000
v 0.01425000 -0.02468200 0.01450000
v 0.00974800 -0.02678100 0.01450000
v 0.00494900 -0.02806700 0.05300000
v 0.00494900 -0.02806700 0.01450000
v 0.00000000 -0.02850000 0.05300000
v 0.00000000 -0.02850000 0.01450000
v -0.00494900 -0.02806700 0.05300000
v -0.00494900 -0.02806700 0.01450000
v -0.00974800 -0.02678100 0.05300000
v -0.00974800 -0.02678100 0.01450000
v -0.01425000 -0.02468200 0.05300000
v -0.01425000 -0.02468200 0.01450000
v -0.01831900 -0.02183200 0.05300000
v -0.01831900 -0.02183200 0.01450000
v -0.02183200 -0.01831900 0.05300000
v -0.02183200 -0.01831900 0.01450000
v -0.02468200 -0.01425000 0.05300000
v -0.02468200 -0.01425000 0.01450000
v -0.02678100 -0.00974800 0.05300000
v -0.02678100 -0.00974800 0.01450000
v -0.02806700 -0.00494900 0.05300000
v -0.02806700 -0.00494900 0.01450000
v -0.02850000 -0.00000000 0.05300000
v -0.02850000 -0.00000000 0.01450000
v -0.02806700 0.00494900 0.05300000
v -0.02806700 0.00494900 0.01450000
v -0.02678100 0.00974800 0.05300000
v -0.02678100 0.00974800 0.01450000
v -0.02468200 0.01425000 0.05300000
v -0.02468200 0.01425000 0.01450000
v -0.02183200 0.01831900 0.05300000
v -0.02183200 0.01831900 0.01450000
v -0.02002900 0.02027500 0.05300000
v -0.01831900 0.02183200 0.05300000
vn -0.80880800 0.58807200 -0.00000800
vn -0.80876800 0.58812800 -0.00000100
vn -0.82417400 0.56633700 -0.00000400
vn -0.77698500 0.62952000 0.00000000
vn 0.15670800 -0.98764500 -0.00001500
vn 0.07837500 -0.99692400 -0.00001500
vn 0.00000000 -1.00000000 0.00000000
vn 0.06995400 -0.99755000 -0.00000100
vn 0.13981300 -0.99017800 0.00000000
vn 0.06993300 -0.99755200 0.00000100
vn 0.13978600 -0.99018200 -0.00000000
vn 0.20867800 -0.97798400 -0.00000000
vn 0.20867600 -0.97798500 0.00000000
vn 0.58984200 -0.80751900 0.00000000
vn 0.58980800 -0.80754400 0.00000600
vn 0.58984200 -0.80751900 0.00000000
vn 0.58978000 -0.80756400 0.00000600
vn 0.58975200 -0.80758400 0.00000000
vn 0.58984200 -0.80751900 0.00000000
vn 0.58980800 -0.80754400 0.00000600
vn 0.58980800 -0.80754400 0.00000600
vn 0.58978000 -0.80756400 0.00000600
vn -0.40442600 0.91457100 0.00000000
vn -0.40450800 0.91453400 0.00000000
vn -0.40450800 0.91453400 0.00000000
vn -0.40442600 0.91457100 0.00000000
vn -0.40451100 0.91453300 0.00000000
vn -0.40442400 0.91457100 0.00000000
vn -0.40451100 0.91453300 0.00000000
vn -0.40450800 0.91453400 0.00000000
vn -0.40451100 0.91453300 0.00000000
vn -0.74258000 0.66975700 0.00000000
vn -0.74258000 0.66975800 0.00000000
vn -0.78761700 0.61616500 0.00000000
vn -0.82893100 0.55935100 0.00000300
vn 0.00000000 -0.00001000 1.00000000
vn 0.00000000 0.00000000 1.00000000
vn 0.00000000 -0.00002600 1.00000000
vn 0.00000000 -0.00002600 1.00000000
vn 0.00000000 -0.00002600 1.00000000
vn 0.00000000 0.00000000 1.00000000
vn 0.00000000 0.00000000 1.00000000
vn 0.00000000 -0.00000200 1.00000000
vn 0.00000000 0.00000000 1.00000000
vn 0.00000000 -0.00000200 1.00000000
vn -0.00000000 0.00000300 1.00000000
vn 0.00000000 0.00000000 1.00000000
vn 0.00000000 -0.00000200 1.00000000
vn -0.00000000 0.00000300 1.00000000
vn -0.00000000 0.00000100 1.00000000
vn -0.00000000 0.00000100 1.00000000
vn -0.00000000 0.00000300 1.00000000
vn 0.00000000 -0.00000300 1.00000000
vn -0.00000000 0.00000100 1.00000000
vn -0.00000000 0.00000600 1.00000000
vn 0.00000000 -0.00000300 1.00000000
vn -0.00000000 0.00000300 1.00000000
vn 0.00000000 -0.00000300 1.00000000
vn -0.00000000 0.00000600 1.00000000
vn -0.00000000 0.00000200 1.00000000
vn 0.00000000 0.00000000 1.00000000
vn 0.00000000 -0.00000600 1.00000000
vn 0.00000000 -0.00000900 1.00000000
vn -0.00000000 0.00000200 1.00000000
vn -0.00000000 0.00000600 1.00000000
vn 0.00000000 0.00000000 1.00000000
vn -0.00000000 0.00000200 1.00000000
vn 0.00000000 0.00000000 1.00000000
vn -0.00000000 0.00000700 1.00000000
vn 0.00000000 0.00000000 1.00000000
vn 0.00000000 -0.00000900 1.00000000
vn 0.00000000 -0.00001800 1.00000000
vn 0.00000000 -0.00000900 1.00000000
vn 0.00000000 0.00000000 1.00000000
vn 0.00000000 0.00000000 1.00000000
vn 0.00000000 -0.00000600 1.00000000
vn 0.00000000 0.00000000 1.00000000
vn -0.00000000 0.00000300 1.00000000
vn 0.00000000 -0.00000600 1.00000000
vn -0.00000000 0.00000300 1.00000000
vn -0.00000000 0.00002900 1.00000000
vn -0.00000000 0.00002900 1.00000000
vn 0.00000000 0.00000000 1.00000000
vn -0.00000000 0.00002900 1.00000000
vn 0.00000000 -0.00001000 1.00000000
vn 0.00000000 0.00000000 1.00000000
vn 0.00000000 0.00000000 1.00000000
vn 0.00000000 -0.00001000 1.00000000
vn -0.00000000 0.00000700 1.00000000
vn 0.00000000 0.00000000 1.00000000
vn 0.00000000 -0.00001800 1.00000000
vn -0.00000000 0.00000700 1.00000000
vn 0.00000000 -0.00001800 1.00000000
vn -0.00000000 0.00000700 1.00000000
vn 0.00000000 -0.00000500 1.00000000
vn -0.00000000 0.00000700 1.00000000
vn -0.00000000 0.00000700 1.00000000
vn 0.00000000 -0.00000500 1.00000000
vn 0.00000000 0.00000000 1.00000000
vn 0.00000000 -0.00000500 1.00000000
vn 0.00000000 0.00000000 1.00000000
vn 0.00000000 0.00000000 1.00000000
vn -0.10495600 -0.99447700 0.00000000
vn -0.10495500 -0.99447700 0.00000000
vn -0.07834600 -0.99692600 0.00000000
vn -0.15670800 -0.98764500 0.00000000
vn 0.80876800 0.58812800 0.00000000
vn 0.80876700 0.58812900 0.00000000
vn 0.82417700 0.56633200 0.00000000
vn 0.77698500 0.62951900 0.00001500
vn 0.82893500 0.55934500 0.00002000
vn 0.78763800 0.61613800 -0.00001700
vn 0.74258000 0.66975700 0.00000000
vn 0.74258000 0.66975800 0.00000000
vn 0.40451200 0.91453300 0.00000000
vn 0.40450700 0.91453500 0.00000000
vn 0.40451200 0.91453300 0.00000000
vn 0.40442600 0.91457100 0.00000000
vn 0.40450700 0.91453500 0.00000000
vn 0.40442400 0.91457200 0.00000000
vn 0.40451200 0.91453300 0.00000000
vn 0.40442600 0.91457100 0.00000000
vn 0.40450700 0.91453500 0.00000000
vn -0.58975200 -0.80758400 0.00000600
vn -0.58984200 -0.80751900 0.00000600
vn -0.58978000 -0.80756400 0.00000000
vn -0.58980800 -0.80754400 0.00000000
vn -0.58984200 -0.80751900 0.00000600
vn -0.58975200 -0.80758400 0.00000600
vn -0.58980800 -0.80754400 0.00000000
vn -0.58984200 -0.80751900 0.00000600
vn -0.58980800 -0.80754400 0.00000000
vn -0.20867600 -0.97798500 0.00000000
vn -0.20867700 -0.97798500 0.00000000
vn -0.10492000 -0.99448100 -0.00000000
vn -0.10492100 -0.99448100 -0.00000100
vn 0.00000000 -0.00000200 1.00000000
vn 0.00000000 0.00000000 1.00000000
vn 0.00000000 0.00000000 1.00000000
vn -0.00000000 0.00000300 1.00000000
vn 0.00000000 0.00000000 1.00000000
vn 0.00000000 -0.00000200 1.00000000
vn 0.00000000 0.00000000 1.00000000
vn -0.00000000 0.00000100 1.00000000
vn 0.00000000 0.00000000 1.00000000
vn -0.00000000 0.00000100 1.00000000
vn -0.00000000 0.00000100 1.00000000
vn 0.00000000 0.00000000 1.00000000
vn 0.00000000 -0.00000200 1.00000000
vn 0.00000000 0.00000000 1.00000000
vn 0.00000000 -0.00000200 1.00000000
vn 0.00000000 -0.00000700 1.00000000
vn 0.00000000 0.00000000 1.00000000
vn 0.00000000 -0.00000200 1.00000000
vn 0.00000000 0.00000000 1.00000000
vn 0.00000000 -0.00001400 1.00000000
vn 0.00000000 -0.00001400 1.00000000
vn -0.00000000 0.00000300 1.00000000
vn 0.00000000 -0.00001400 1.00000000
vn -0.00000000 0.00000300 1.00000000
vn 0.00000000 0.00000000 1.00000000
vn -0.00000000 0.00000300 1.00000000
vn 0.00000000 0.00000000 1.00000000
vn 0.00000000 0.00000000 1.00000000
vn 0.00000000 0.00000000 1.00000000
vn 0.00000000 0.00000000 1.00000000
vn 0.00000000 -0.00001000 1.00000000
vn -0.00000000 0.00001000 1.00000000
vn 0.00000000 -0.00000700 1.00000000
vn 0.00000000 -0.00001000 1.00000000
vn 0.00000000 0.00000000 1.00000000
vn -0.00000000 0.00000300 1.00000000
vn 0.00000000 -0.00001000 1.00000000
vn 0.00000000 -0.00000900 1.00000000
vn 0.00000000 0.00000000 1.00000000
vn 0.00000000 -0.00001000 1.00000000
vn 0.00000000 -0.00000200 1.00000000
vn -0.00000000 0.00000300 1.00000000
vn 0.00000000 -0.00001800 1.00000000
vn 0.00000000 0.00000000 1.00000000
vn 0.00000000 -0.00001800 1.00000000
vn -0.00000000 0.00001800 1.00000000
vn 0.00000000 0.00000000 1.00000000
vn 0.00000000 -0.00001800 1.00000000
vn 0.00000000 0.00000000 1.00000000
vn 0.00000000 0.00000000 1.00000000
vn 0.00000000 -0.00001000 1.00000000
vn -0.00000000 0.00001000 1.00000000
vn 0.00000000 -0.00001000 1.00000000
vn 0.00000000 0.00000000 1.00000000
vn -0.00000000 0.00001000 1.00000000
vn 0.00000000 0.00000000 1.00000000
vn 0.00000000 -0.00000900 1.00000000
vn 0.00000000 0.00000000 1.00000000
vn 0.00000000 -0.00000900 1.00000000
vn -0.00000000 0.00001800 1.00000000
vn 0.00000000 0.00000000 1.00000000
vn -0.00000000 0.00001800 1.00000000
vn 0.00000000 -0.00000700 1.00000000
vn 0.00000000 0.00000000 1.00000000
vn 0.91369600 0.40639800 0.00000000
vn 0.91369600 0.40639800 0.00000000
vn 0.90254800 0.43058900 -0.00001500
vn 0.93367300 0.35812600 -0.00001500
vn -0.91369600 0.40639800 0.00000000
vn -0.91369700 0.40639700 0.00000000
vn -0.90254800 0.43058900 -0.00000200
vn -0.93367300 0.35812600 0.00000000
vn -0.89887600 0.43820200 0.00000300
vn -0.92741200 0.37404200 0.00000000
vn -0.95131900 0.30820800 0.00000000
vn -0.95131900 0.30820800 0.00000000
vn -0.99426500 -0.10694500 0.00000000
vn -0.99426500 -0.10694500 0.00000000
vn -0.99426500 -0.10694500 0.00000000
vn -0.99425500 -0.10703300 0.00000000
vn -0.99426500 -0.10694500 0.00000000
vn -0.99426500 -0.10694500 0.00000000
vn -0.99425500 -0.10703300 0.00000000
vn -0.99425500 -0.10703300 0.00000000
vn -0.99426500 -0.10694500 0.00000000
vn 0.99425500 -0.10703300 0.00000000
vn 0.99426500 -0.10694500 0.00000000
vn 0.99426500 -0.10694500 0.00000000
vn 0.99426500 -0.10694500 0.00000000
vn 0.99425500 -0.10703300 0.00000000
vn 0.99425600 -0.10703300 0.00000000
vn 0.99426500 -0.10694500 0.00000000
vn 0.99426500 -0.10694500 0.00000000
vn 0.99426500 -0.10694500 0.00000000
vn 0.95131900 0.30820800 0.00000000
vn 0.95131900 0.30820800 0.00000000
vn 0.92741200 0.37404200 0.00001300
vn 0.89887600 0.43820200 -0.00000300
vn -0.00000000 0.00000200 1.00000000
vn -0.00000000 0.00000300 1.00000000
vn 0.00000000 -0.00002900 1.00000000
vn 0.00000000 0.00000000 1.00000000
vn 0.00000000 -0.00002900 1.00000000
vn -0.00000000 0.00000300 1.00000000
vn -0.00000000 0.00000300 1.00000000
vn 0.00000000 0.00000000 1.00000000
vn 0.00000000 -0.00000400 1.00000000
vn 0.00000000 0.00000000 1.00000000
vn 0.00000000 -0.00000200 1.00000000
vn -0.00000000 0.00001800 1.00000000
vn 0.00000000 0.00000000 1.00000000
vn -0.00000000 0.00001800 1.00000000
vn 0.00000000 0.00000000 1.00000000
vn 0.00000000 -0.00000400 1.00000000
vn 0.00000000 0.00000000 1.00000000
vn -0.00000000 0.00000800 1.00000000
vn 0.00000000 -0.00000200 1.00000000
vn -0.00000000 0.00000800 1.00000000
vn 0.00000000 -0.00000400 1.00000000
vn 0.00000000 -0.00000100 1.00000000
vn -0.00000000 0.00000800 1.00000000
vn 0.00000000 -0.00000200 1.00000000
vn -0.00000000 0.00001800 1.00000000
vn 0.00000000 -0.00000200 1.00000000
vn 0.00000000 -0.00000200 1.00000000
vn -0.00000000 0.00000900 1.00000000
vn -0.00000000 0.00000900 1.00000000
vn 0.00000000 -0.00000700 1.00000000
vn -0.00000000 0.00000200 1.00000000
vn 0.00000000 0.00000000 1.00000000
vn -0.00000000 0.00000900 1.00000000
vn -0.00000000 0.00000900 1.00000000
vn 0.00000000 0.00000000 1.00000000
vn 0.00000000 -0.00000700 1.00000000
vn -0.00000000 0.00000200 1.00000000
vn 0.00000000 -0.00002900 1.00000000
vn 0.00000000 -0.00000700 1.00000000
vn 0.00000000 0.00000000 1.00000000
vn -0.00000000 0.00000900 1.00000000
vn -0.00000000 0.00000900 1.00000000
vn 0.00000000 0.00000000 1.00000000
vn -0.00000000 0.00002000 1.00000000
vn 0.00000000 0.00000000 1.00000000
vn 0.00000000 0.00000000 1.00000000
vn -0.00000000 0.00002000 1.00000000
vn 0.00000000 -0.00000100 1.00000000
vn 0.00000000 -0.00000200 1.00000000
vn -0.00000000 0.00002000 1.00000000
vn 0.00000000 0.00000000 1.00000000
vn 0.00000000 0.00000000 1.00000000
vn 0.00000000 -0.00000100 1.00000000
vn 0.00000000 0.00000000 1.00000000
vn -0.00000000 0.00005800 1.00000000
vn -0.00000000 0.00000500 1.00000000
vn -0.00000000 0.00005800 1.00000000
vn -0.00000000 0.00005800 1.00000000
vn -0.00000000 0.00000500 1.00000000
vn -0.00000000 0.00000500 1.00000000
vn 0.00000000 0.00000000 1.00000000
vn -0.00000000 0.00000500 1.00000000
vn 0.00000000 0.00000000 1.00000000
vn 0.00000000 0.00000000 1.00000000
vn -0.00000000 0.00000500 1.00000000
vn 0.00000000 0.00000000 1.00000000
vn -0.00000000 0.00000500 1.00000000
vn -0.00000000 0.00000200 1.00000000
vn 0.00000000 0.00000000 1.00000000
vn -0.00000000 0.00000200 1.00000000
vn -0.00000000 0.00000200 1.00000000
vn 0.00000000 0.00000000 1.00000000
vn 0.00000000 0.00000000 1.00000000
vn 0.00000000 -0.00000200 1.00000000
vn 0.00000000 -0.00000400 1.00000000
vn 0.00000000 -0.00000400 1.00000000
vn 0.00000000 0.00000000 1.00000000
vn 0.00000000 -0.00000200 1.00000000
vn 0.00000000 -0.00000400 1.00000000
vn -0.00000000 0.00000200 1.00000000
vn 0.00000000 0.00000000 1.00000000
vn -0.00000000 0.00000700 1.00000000
vn 0.00000000 0.00000000 1.00000000
vn 0.00000000 0.00000000 1.00000000
vn -0.00000000 0.00000700 1.00000000
vn 0.00000000 0.00000000 1.00000000
vn -0.00000000 0.00000200 1.00000000
vn -0.00000000 0.00000700 1.00000000
vn -0.00000000 0.00000200 1.00000000
vn 0.00000000 -0.00000200 1.00000000
vn 0.00000000 0.00000000 1.00000000
vn -0.00000000 0.00000200 1.00000000
vn 0.00000000 0.00000000 1.00000000
vn 0.00000000 0.00000000 1.00000000
vn 0.00000000 -0.00000200 1.00000000
vn 0.00000000 0.00000000 1.00000000
vn -0.00000000 0.00000200 1.00000000
vn 0.00000000 -0.00000200 1.00000000
vn -0.00000000 0.00000400 1.00000000
vn 0.00000000 -0.00000500 1.00000000
vn 0.00000000 0.00000000 1.00000000
vn -0.00000000 0.00000400 1.00000000
vn -0.00000000 0.00000100 1.00000000
vn -0.00000000 0.00000500 1.00000000
vn -0.00000000 0.00000400 1.00000000
vn 0.00000000 -0.00000500 1.00000000
vn 0.00000000 -0.00000700 1.00000000
vn -0.00000000 0.00000400 1.00000000
vn 0.00000000 0.00000000 1.00000000
vn 0.00000000 -0.00000100 1.00000000
vn 0.00000000 0.00000000 1.00000000
vn 0.00000000 0.00000000 1.00000000
vn 0.00000000 0.00000000 1.00000000
vn 0.00000000 -0.00000700 1.00000000
vn 0.00000000 -0.00000700 1.00000000
vn -0.00000000 0.00000500 1.00000000
vn -0.00000000 0.00000500 1.00000000
vn 0.00000000 -0.00000500 1.00000000
vn 0.00000000 -0.00000100 1.00000000
vn -0.00000000 0.00000400 1.00000000
vn 0.00000000 0.00000000 1.00000000
vn -0.00000000 0.00000400 1.00000000
vn 0.00000000 0.00000000 1.00000000
vn 0.00000000 0.00000000 1.00000000
vn -0.00000000 0.00000100 1.00000000
vn -0.00000000 0.00000100 1.00000000
vn 0.00000000 -0.00000100 1.00000000
vn 0.00000000 -0.00000400 1.00000000
vn -0.00000000 0.00000500 1.00000000
vn 0.00000000 -0.00000400 1.00000000
vn 0.00000000 0.00000000 1.00000000
vn -0.00000000 0.00000700 1.00000000
vn -0.00000000 0.00000500 1.00000000
vn 0.00000000 -0.00000500 1.00000000
vn 0.00000000 -0.00000400 1.00000000
vn -0.00000000 0.00000500 1.00000000
vn 0.00000000 0.00000000 1.00000000
vn 0.00000000 -0.00000500 1.00000000
vn 0.00000000 -0.00000400 1.00000000
vn 0.00000000 0.00000000 1.00000000
vn 0.00000000 0.00000000 1.00000000
vn -0.00000000 0.00000700 1.00000000
vn 0.00000000 0.00000000 1.00000000
vn 0.00000000 0.00000000 1.00000000
vn 0.00000000 -0.00000500 1.00000000
vn 0.00000000 -0.00000500 1.00000000
vn -0.00000000 0.00000500 1.00000000
vn -0.00000000 0.00000500 1.00000000
vn 0.00000000 -0.00000400 1.00000000
vn 0.00000000 0.00000000 1.00000000
vn 0.00000000 -0.00000400 1.00000000
vn 0.00000000 0.00000000 1.00000000
vn 0.00000000 -0.00000500 1.00000000
vn -0.00000000 0.00000700 1.00000000
vn 0.00000000 -0.00000500 1.00000000
vn -0.00000000 0.00000500 1.00000000
vn 0.00000500 -0.00000400 1.00000000
vn -0.25752200 0.44603700 0.85716600
vn -0.44603000 0.25752900 0.85716700
vn 0.00000600 0.51503300 0.85717000
vn -0.44603300 -0.25752800 0.85716600
vn -0.25750700 -0.44604600 0.85716600
vn -0.51503300 -0.00000100 0.85717100
vn 0.25750100 -0.44605700 0.85716200
vn 0.44603500 -0.25752000 0.85716700
vn 0.00000600 -0.51505100 0.85715900
vn 0.44603300 0.25752100 0.85716800
vn 0.25751500 0.44604800 0.85716200
vn 0.51505000 -0.00000100 0.85716000
vn -0.00000000 -0.00000000 1.00000000
vn -0.25752300 0.44605300 0.85715700
vn -0.44602700 0.25753900 0.85716600
vn -0.00000000 0.51505200 0.85715900
vn -0.44602700 -0.25753900 0.85716600
vn -0.25752300 -0.44605300 0.85715700
vn -0.51503200 0.00000000 0.85717100
vn 0.25752300 -0.44605500 0.85715600
vn 0.44602700 -0.25754000 0.85716600
vn -0.00000000 -0.51505200 0.85715900
vn 0.44602700 0.25754000 0.85716600
vn 0.25752300 0.44605500 0.85715600
vn 0.51503100 0.00000000 0.85717100
vn 0.00000300 0.00000400 1.00000000
vn -0.25750700 0.44604500 0.85716600
vn -0.44603300 0.25752800 0.85716600
vn -0.00000000 0.51505400 0.85715800
vn -0.44603000 -0.25752900 0.85716700
vn -0.25752200 -0.44603700 0.85716600
vn -0.51503300 0.00000100 0.85717100
vn 0.25752100 -0.44603600 0.85716700
vn 0.44604000 -0.25750700 0.85716900
vn 0.00000000 -0.51503600 0.85716900
vn 0.44604300 0.25750600 0.85716800
vn 0.25750700 0.44604500 0.85716600
vn 0.51505000 0.00000100 0.85716000
vn -0.00000500 0.00000400 1.00000000
vn -0.25750100 0.44605700 0.85716200
vn -0.44603500 0.25752000 0.85716700
vn -0.00000600 0.51505100 0.85715900
vn -0.44603300 -0.25752100 0.85716800
vn -0.25751500 -0.44604800 0.85716200
vn -0.51505000 0.00000100 0.85716000
vn 0.25752200 -0.44603700 0.85716600
vn 0.44603000 -0.25752900 0.85716700
vn -0.00000600 -0.51503300 0.85717000
vn 0.44603300 0.25752800 0.85716600
vn 0.25750700 0.44604600 0.85716600
vn 0.51503300 0.00000100 0.85717100
vn 0.00000400 0.00000000 1.00000000
vn -0.25752300 0.44605500 0.85715600
vn -0.44602700 0.25754000 0.85716600
vn 0.00000000 0.51505200 0.85715900
vn -0.44602600 -0.25754100 0.85716600
vn -0.25752200 -0.44605500 0.85715700
vn -0.51503200 0.00000000 0.85717100
vn 0.25752300 -0.44605200 0.85715800
vn 0.44603700 -0.25752200 0.85716600
vn 0.00000000 -0.51505200 0.85715900
vn 0.44603700 0.25752200 0.85716600
vn 0.25752300 0.44605300 0.85715700
vn 0.51505000 -0.00000000 0.85716000
vn -0.00000500 -0.00000400 1.00000000
vn -0.25751600 0.44604800 0.85716200
vn -0.44603300 0.25752100 0.85716800
vn -0.00000600 0.51503300 0.85717000
vn -0.44603500 -0.25752000 0.85716700
vn -0.25750100 -0.44605700 0.85716200
vn -0.51505000 -0.00000100 0.85716000
vn 0.25750700 -0.44604500 0.85716600
vn 0.44603300 -0.25752800 0.85716600
vn -0.00000600 -0.51505100 0.85716000
vn 0.44603000 0.25752900 0.85716700
vn 0.25752200 0.44603700 0.85716600
vn 0.51503300 -0.00000100 0.85717100
vn -0.74258100 0.66975600 -0.00000700
vn -0.74260600 0.66972800 0.00000000
vn -0.40442600 0.91457100 0.00000000
vn -0.40442400 0.91457100 0.00000000
vn -0.40442400 0.91457100 0.00000000
vn 0.74318700 0.66905800 0.00595100
vn 0.63720500 0.77069500 0.00000200
vn 0.56739200 0.82344800 0.00000000
vn 0.56739500 0.82344500 0.00000000
vn 0.13140000 0.99132900 0.00000000
vn 0.13140000 0.99132900 0.00000000
vn 0.13139900 0.99133000 0.00000000
vn 0.13140000 0.99132900 0.00000000
vn 0.13139900 0.99133000 0.00000000
vn 0.13139900 0.99133000 0.00000000
vn -0.33329100 0.94282400 0.00000000
vn -0.33329100 0.94282400 0.00000000
vn -0.33329100 0.94282400 0.00000000
vn -0.33329100 0.94282400 0.00000000
vn -0.33329100 0.94282400 0.00000000
vn -0.33329100 0.94282400 0.00000000
vn -0.72526600 0.68846900 0.00000000
vn -0.72526600 0.68846800 0.00000000
vn 0.87466500 0.48471600 0.00328000
vn 0.98151900 0.19136400 0.00000000
vn 0.95332000 0.30196200 0.00000000
vn 0.88304400 0.46929000 0.00000000
vn 0.82171300 0.56984700 0.00785900
vn 0.78431500 0.62034000 0.00527900
vn 0.23359500 -0.97233400 0.00000000
vn 0.23359600 -0.97233400 0.00000000
vn 0.64984500 -0.76006700 0.00000000
vn 0.64984500 -0.76006700 0.00000000
vn 0.64984500 -0.76006700 0.00000000
vn 0.64984500 -0.76006700 0.00000000
vn 0.92421700 -0.38186700 0.00000000
vn 0.92421700 -0.38186700 0.00000000
vn 0.92421700 -0.38186700 0.00000000
vn 0.92421700 -0.38186700 0.00000000
vn 0.92421700 -0.38186700 0.00000000
vn 0.92421700 -0.38186700 0.00000000
vn 0.99682200 0.07966600 0.00000000
vn 0.99682200 0.07966600 0.00000000
vn 0.58978000 -0.80756400 0.00000600
vn 0.58975200 -0.80758400 0.00000000
vn 0.58975200 -0.80758400 0.00000000
vn 0.20875300 -0.97796800 0.00000000
vn 0.20875300 -0.97796800 0.00000000
vn 0.00000500 -1.00000000 0.00000000
vn 0.00000000 -1.00000000 0.00000200
vn -0.00000000 -1.00000000 0.00000200
vn -0.13417700 -0.99095700 0.00000000
vn -0.10067100 -0.99492000 0.00000100
vn -0.85616400 -0.51670400 0.00000000
vn -0.85616400 -0.51670500 0.00000000
vn -0.84596900 -0.53323200 0.00000000
vn -0.84596900 -0.53323200 0.00000000
vn -0.56876400 -0.82250100 0.00000000
vn -0.56876400 -0.82250100 0.00000000
vn -0.56876500 -0.82250000 0.00000000
vn -0.56876500 -0.82250000 0.00000000
vn -0.56876400 -0.82250100 0.00000000
vn -0.56876500 -0.82250000 0.00000000
vn -0.20032000 -0.97973100 0.00000000
vn -0.20032000 -0.97973100 0.00000000
vn -0.87556500 -0.48310100 0.00000000
vn -0.87556500 -0.48310000 0.00000000
vn -0.89762100 0.44076900 -0.00000700
vn -0.92527000 0.37930800 -0.00001200
vn -0.94861800 0.31642300 0.00000800
vn -0.94863800 0.31636200 0.00000000
vn -0.99668300 -0.08138400 0.00000000
vn -0.99668300 -0.08138400 0.00000000
vn -0.99668300 -0.08138400 0.00000000
vn -0.99668300 -0.08138400 0.00000000
vn -0.99668300 -0.08138400 0.00000000
vn -0.99668300 -0.08138400 0.00000000
vn -0.88476500 -0.46603700 0.00000000
vn -0.88476500 -0.46603700 0.00000000
vn -0.20875300 -0.97796800 0.00000000
vn -0.20875300 -0.97796800 0.00000000
vn -0.58975200 -0.80758400 0.00000600
vn -0.58978000 -0.80756400 0.00000000
vn -0.58978000 -0.80756400 0.00000000
vn -0.95332000 0.30196200 -0.00002700
vn -0.98151100 0.19140800 -0.00002500
vn -0.99682200 0.07966600 0.00000000
vn -0.99682200 0.07966600 0.00000000
vn -0.92421700 -0.38186700 0.00000000
vn -0.92421700 -0.38186700 0.00000000
vn -0.92421700 -0.38186700 0.00000000
vn -0.92421700 -0.38186700 0.00000000
vn -0.92421700 -0.38186700 0.00000000
vn -0.92421700 -0.38186700 0.00000000
vn -0.64984500 -0.76006700 0.00000000
vn -0.64984500 -0.76006700 0.00000000
vn -0.64984500 -0.76006700 0.00000000
vn -0.64984500 -0.76006700 0.00000000
vn -0.23359600 -0.97233400 0.00000000
vn -0.23359500 -0.97233400 0.00000000
vn -0.65651600 0.75431200 0.00000000
vn -0.73816300 0.67462300 0.00000000
vn -0.84811000 0.52982000 0.00000000
vn -0.88289300 0.46957300 0.00000000
vn 0.72526600 0.68846900 0.00000000
vn 0.72526600 0.68846900 0.00000000
vn 0.33329000 0.94282400 0.00000000
vn 0.33329100 0.94282400 0.00000000
vn 0.33329000 0.94282400 0.00000000
vn 0.33329100 0.94282400 0.00000000
vn 0.33329000 0.94282400 0.00000000
vn 0.33329100 0.94282400 0.00000000
vn -0.13140000 0.99132900 0.00000000
vn -0.13140000 0.99132900 0.00000000
vn -0.13140000 0.99132900 0.00000000
vn -0.13140000 0.99132900 0.00000000
vn -0.13140000 0.99132900 0.00000000
vn -0.13140000 0.99132900 0.00000000
vn -0.56739600 0.82344500 0.00000000
vn -0.56739200 0.82344800 0.00000000
vn 0.40442600 0.91457100 0.00000000
vn 0.40442400 0.91457200 0.00000000
vn 0.40442400 0.91457200 0.00000000
vn 0.74260600 0.66972900 0.00000000
vn 0.74260500 0.66972900 0.00000000
vn 0.86603200 0.49998900 0.00000800
vn 0.89760500 0.44080100 0.00000200
vn 0.89764100 0.44072700 0.00000300
vn 0.87556500 -0.48310000 0.00000000
vn 0.87556500 -0.48310000 0.00000000
vn 0.88476600 -0.46603600 0.00000000
vn 0.88476500 -0.46603700 0.00000000
vn 0.99668300 -0.08138400 0.00000000
vn 0.99668300 -0.08138400 0.00000000
vn 0.99668300 -0.08138400 0.00000000
vn 0.99668300 -0.08138400 0.00000000
vn 0.99668300 -0.08138400 0.00000000
vn 0.99668300 -0.08138400 0.00000000
vn 0.94861600 0.31642800 0.00000000
vn 0.94861600 0.31642800 0.00000000
vn 0.94863800 0.31636300 0.00000900
vn 0.94863800 0.31636300 0.00000900
vn 0.94861600 0.31642800 0.00000000
vn 0.85616400 -0.51670400 0.00000000
vn 0.85616400 -0.51670500 0.00000000
vn 0.06708600 -0.99774700 0.00001300
vn 0.13411500 -0.99096600 0.00001400
vn 0.20032000 -0.97973100 0.00000000
vn 0.20032100 -0.97973000 0.00000000
vn 0.56876400 -0.82250100 0.00000000
vn 0.56876400 -0.82250100 0.00000000
vn 0.56876500 -0.82250000 0.00000000
vn 0.56876400 -0.82250100 0.00000000
vn 0.56876500 -0.82250000 0.00000000
vn 0.56876500 -0.82250000 0.00000000
vn 0.84596900 -0.53323200 0.00000000
vn 0.84596900 -0.53323200 0.00000000
vn 0.00001500 -1.00000000 -0.00000200
vn 0.95130600 0.30824800 0.00000000
vn 0.95130600 0.30824800 0.00000000
vn 0.99425500 -0.10703300 0.00000000
vn 0.99425600 -0.10703300 0.00000000
vn 0.99425600 -0.10703300 0.00000000
vn 0.21516900 -0.97657700 0.00000000
vn 0.32500400 -0.94571300 0.00000000
vn 0.42945000 -0.90309100 0.00000000
vn 0.42944600 -0.90309200 0.00000000
vn 0.79280000 -0.60948200 0.00000000
vn 0.79280000 -0.60948200 0.00000000
vn 0.79280000 -0.60948200 0.00000000
vn 0.79280000 -0.60948200 0.00000000
vn 0.98316100 -0.18274000 0.00000000
vn 0.98316100 -0.18274100 0.00000000
vn 0.98316100 -0.18274000 0.00000000
vn 0.98316100 -0.18274000 0.00000000
vn 0.98316100 -0.18274100 0.00000000
vn 0.98316100 -0.18274100 0.00000000
vn 0.95887200 0.28384000 0.00000000
vn 0.95887200 0.28384000 0.00000000
vn -0.32500300 -0.94571300 0.00002200
vn -0.21516900 -0.97657700 0.00000000
vn -0.03478300 -0.99939500 0.00000000
vn 0.03478300 -0.99939500 0.00000000
vn -0.95887200 0.28384000 0.00000000
vn -0.95887200 0.28384000 0.00000000
vn -0.98316100 -0.18274100 0.00000000
vn -0.98316100 -0.18274000 0.00000000
vn -0.98316100 -0.18274100 0.00000000
vn -0.98316100 -0.18274000 0.00000000
vn -0.98316100 -0.18274100 0.00000000
vn -0.98316100 -0.18274000 0.00000000
vn -0.79280000 -0.60948200 0.00000000
vn -0.79280000 -0.60948200 0.00000000
vn -0.79280000 -0.60948200 0.00000000
vn -0.79280000 -0.60948200 0.00000000
vn -0.42944600 -0.90309300 0.00000000
vn -0.42945000 -0.90309100 0.00000000
vn -0.99425500 -0.10703300 0.00000000
vn -0.99425500 -0.10703300 0.00000000
vn -0.99425500 -0.10703300 0.00000000
vn -0.95130600 0.30824800 0.00000000
vn -0.95130600 0.30824700 0.00000000
vn -0.86602000 0.50001000 0.00000900
vn -0.83054800 0.55694600 0.00000200
vn -0.83050600 0.55700900 0.00000100
vn -0.01938200 0.99981200 0.00000000
vn -0.01292900 0.99991600 -0.00000000
vn -0.03875700 0.99924900 0.00000000
vn -0.03875600 0.99924900 0.00000000
vn -0.03875700 0.99924900 0.00000000
vn -0.03875700 0.99924900 0.00000000
vn -0.42788700 0.90383200 0.00000000
vn -0.42788700 0.90383200 0.00000000
vn -0.42788800 0.90383200 0.00000000
vn -0.42788700 0.90383200 0.00000000
vn -0.42788800 0.90383200 0.00000000
vn -0.42788800 0.90383200 0.00000000
vn -0.74834100 0.66331400 0.00000000
vn -0.74834100 0.66331400 0.00000000
vn -0.74830400 0.66335600 0.00000700
vn -0.74830400 0.66335600 0.00000700
vn -0.74834100 0.66331400 0.00000000
vn 0.01938100 0.99981200 0.00000000
vn 0.01938300 0.99981200 0.00000000
vn 0.83054000 0.55695900 -0.00000500
vn 0.79113500 0.61164100 0.00001100
vn 0.74830700 0.66335300 -0.00000700
vn 0.74834100 0.66331400 0.00000000
vn 0.42788800 0.90383200 0.00000000
vn 0.42788800 0.90383200 0.00000000
vn 0.42788700 0.90383200 0.00000000
vn 0.42788800 0.90383200 0.00000000
vn 0.42788700 0.90383200 0.00000000
vn 0.42788700 0.90383200 0.00000000
vn 0.03875700 0.99924900 0.00000000
vn 0.03875600 0.99924900 0.00000000
vn -0.25879300 0.96593300 0.00000000
vn -0.25879700 0.96593200 -0.00000100
vn -0.25879300 0.96593300 0.00000000
vn -0.25879700 0.96593200 -0.00000100
vn -0.25879300 0.96593300 0.00000000
vn -0.25879700 0.96593200 -0.00000100
vn -0.70711500 0.70709900 -0.00000200
vn -0.70711000 0.70710300 0.00000000
vn -0.70711500 0.70709900 -0.00000200
vn -0.70711000 0.70710300 0.00000000
vn -0.70711500 0.70709900 -0.00000200
vn -0.70711000 0.70710300 0.00000000
vn -0.96593100 0.25879800 0.00000000
vn -0.96593200 0.25879700 0.00000000
vn -0.96593100 0.25879800 0.00000000
vn -0.96593100 0.25879800 0.00000000
vn -0.96593200 0.25879700 0.00000000
vn -0.96593200 0.25879700 0.00000000
vn -0.96591600 -0.25885500 0.00000000
vn -0.96593100 -0.25880000 0.00001400
vn -0.96591600 -0.25885500 0.00000000
vn -0.96591600 -0.25885500 0.00000000
vn -0.96593100 -0.25880000 0.00001400
vn -0.96593100 -0.25880000 0.00001400
vn -0.70713800 -0.70707500 0.00001100
vn -0.70711000 -0.70710300 0.00000000
vn -0.70713800 -0.70707500 0.00001100
vn -0.70713800 -0.70707500 0.00001100
vn -0.70711000 -0.70710300 0.00000000
vn -0.70711000 -0.70710300 0.00000000
vn -0.25885000 -0.96591800 0.00000000
vn -0.25885000 -0.96591800 0.00000000
vn -0.25885000 -0.96591800 0.00000000
vn -0.25885000 -0.96591800 0.00000000
vn 0.25884700 -0.96591800 0.00000000
vn 0.25884700 -0.96591800 0.00000000
vn 0.25885100 -0.96591700 -0.00000100
vn 0.25885100 -0.96591700 -0.00000100
vn 0.25884700 -0.96591800 0.00000000
vn 0.25885100 -0.96591700 -0.00000100
vn 0.70714400 -0.70707000 -0.00000200
vn 0.70713900 -0.70707400 0.00000000
vn 0.70714400 -0.70707000 -0.00000200
vn 0.70714400 -0.70707000 -0.00000200
vn 0.70713900 -0.70707400 0.00000000
vn 0.70713900 -0.70707400 0.00000000
vn 0.96591600 -0.25885400 0.00000000
vn 0.96591600 -0.25885400 0.00000000
vn 0.96591600 -0.25885400 0.00000000
vn 0.96591600 -0.25885400 0.00000000
vn 0.96591600 -0.25885400 0.00000000
vn 0.96591600 -0.25885400 0.00000000
vn 0.96591700 0.25885200 0.00000000
vn 0.96593100 0.25879800 0.00001400
vn 0.96591700 0.25885200 0.00000000
vn 0.96593100 0.25879800 0.00001400
vn 0.96591700 0.25885200 0.00000000
vn 0.96593100 0.25879800 0.00001400
vn 0.70714400 0.70707000 0.00001100
vn 0.70711000 0.70710300 -0.00000200
vn 0.70714400 0.70707000 0.00001100
vn 0.70711000 0.70710300 -0.00000200
vn 0.70714400 0.70707000 0.00001100
vn 0.70711000 0.70710300 -0.00000200
vn 0.25879300 0.96593300 -0.00000100
vn 0.25879600 0.96593200 0.00000000
vn 0.25879300 0.96593300 -0.00000100
vn 0.25879600 0.96593200 0.00000000
vn 0.25879300 0.96593300 -0.00000100
vn 0.25879600 0.96593200 0.00000000
vn -0.25879900 0.96593100 0.00000000
vn -0.25879900 0.96593100 0.00000000
vn -0.25880000 0.96593100 0.00000000
vn -0.25880000 0.96593100 0.00000000
vn -0.25879900 0.96593100 0.00000000
vn -0.25880000 0.96593100 0.00000000
vn -0.70710700 0.70710700 0.00000000
vn -0.70710600 0.70710700 0.00000000
vn -0.70710700 0.70710700 0.00000000
vn -0.70710600 0.70710700 0.00000000
vn -0.70710700 0.70710700 0.00000000
vn -0.70710600 0.70710700 0.00000000
vn -0.96593100 0.25879800 0.00000000
vn -0.96591700 0.25885200 0.00001400
vn -0.96593100 0.25879800 0.00000000
vn -0.96593100 0.25879800 0.00000000
vn -0.96591700 0.25885200 0.00001400
vn -0.96591700 0.25885200 0.00001400
vn -0.96593100 -0.25879900 0.00001400
vn -0.96591700 -0.25885200 0.00000000
vn -0.96593100 -0.25879900 0.00001400
vn -0.96591700 -0.25885200 0.00000000
vn -0.96593100 -0.25879900 0.00001400
vn -0.96591700 -0.25885200 0.00000000
vn -0.70710700 -0.70710700 0.00000000
vn -0.70710600 -0.70710700 0.00000000
vn -0.70710700 -0.70710700 0.00000000
vn -0.70710600 -0.70710700 0.00000000
vn -0.70710700 -0.70710700 0.00000000
vn -0.70710600 -0.70710700 0.00000000
vn -0.25885300 -0.96591700 0.00000000
vn -0.25885300 -0.96591700 0.00000000
vn -0.25885300 -0.96591700 0.00000000
vn -0.25885300 -0.96591700 0.00000000
vn -0.25885300 -0.96591700 0.00000000
vn -0.25885300 -0.96591700 0.00000000
vn 0.25885100 -0.96591700 0.00000000
vn 0.25885100 -0.96591700 0.00000000
vn 0.25885100 -0.96591700 0.00000000
vn 0.25885100 -0.96591700 0.00000000
vn 0.25885100 -0.96591700 0.00000000
vn 0.25885100 -0.96591700 0.00000000
vn 0.70710800 -0.70710500 0.00000000
vn 0.70711000 -0.70710300 0.00000000
vn 0.70710800 -0.70710500 0.00000000
vn 0.70711000 -0.70710300 0.00000000
vn 0.70710800 -0.70710500 0.00000000
vn 0.70711000 -0.70710300 0.00000000
vn 0.96592900 -0.25880600 0.00000000
vn 0.96593000 -0.25880500 0.00000000
vn 0.96592900 -0.25880600 0.00000000
vn 0.96592900 -0.25880600 0.00000000
vn 0.96593000 -0.25880500 0.00000000
vn 0.96593000 -0.25880500 0.00000000
vn 0.96592900 0.25880500 0.00000000
vn 0.96592900 0.25880500 0.00000000
vn 0.96593000 0.25880500 0.00000000
vn 0.96593000 0.25880500 0.00000000
vn 0.96592900 0.25880500 0.00000000
vn 0.96593000 0.25880500 0.00000000
vn 0.70710800 0.70710600 0.00000000
vn 0.70711000 0.70710300 0.00000000
vn 0.70710800 0.70710600 0.00000000
vn 0.70711000 0.70710300 0.00000000
vn 0.70710800 0.70710600 0.00000000
vn 0.70711000 0.70710300 0.00000000
vn 0.25879700 0.96593200 0.00000000
vn 0.25879700 0.96593200 0.00000000
vn 0.25879800 0.96593100 0.00000000
vn 0.25879800 0.96593100 0.00000000
vn 0.25879700 0.96593200 0.00000000
vn 0.25879800 0.96593100 0.00000000
vn -0.25879800 0.96593200 0.00000000
vn -0.25879800 0.96593100 0.00000000
vn -0.25879800 0.96593200 0.00000000
vn -0.25879800 0.96593100 0.00000000
vn -0.25879800 0.96593200 0.00000000
vn -0.25879800 0.96593100 0.00000000
vn -0.70710900 0.70710500 0.00000000
vn -0.70711000 0.70710400 0.00000000
vn -0.70710900 0.70710500 0.00000000
vn -0.70711000 0.70710400 0.00000000
vn -0.70710900 0.70710500 0.00000000
vn -0.70711000 0.70710400 0.00000000
vn -0.96592900 0.25880500 0.00000000
vn -0.96593000 0.25880500 0.00000000
vn -0.96592900 0.25880500 0.00000000
vn -0.96592900 0.25880500 0.00000000
vn -0.96593000 0.25880500 0.00000000
vn -0.96593000 0.25880500 0.00000000
vn -0.96592900 -0.25880600 0.00000000
vn -0.96593000 -0.25880500 0.00000000
vn -0.96592900 -0.25880600 0.00000000
vn -0.96592900 -0.25880600 0.00000000
vn -0.96593000 -0.25880500 0.00000000
vn -0.96593000 -0.25880500 0.00000000
vn -0.70710900 -0.70710500 0.00000000
vn -0.70710900 -0.70710500 0.00000000
vn -0.70711000 -0.70710400 0.00000000
vn -0.70710900 -0.70710500 0.00000000
vn -0.70711000 -0.70710400 0.00000000
vn -0.70711000 -0.70710400 0.00000000
vn -0.25885100 -0.96591700 0.00000000
vn -0.25885100 -0.96591700 0.00000000
vn -0.25885100 -0.96591700 0.00000000
vn -0.25885100 -0.96591700 0.00000000
vn -0.25885100 -0.96591700 0.00000000
vn -0.25885100 -0.96591700 0.00000000
vn 0.25885300 -0.96591700 0.00000000
vn 0.25885300 -0.96591700 0.00000000
vn 0.25885300 -0.96591700 0.00000000
vn 0.25885300 -0.96591700 0.00000000
vn 0.25885300 -0.96591700 0.00000000
vn 0.25885300 -0.96591700 0.00000000
vn 0.70710600 -0.70710700 0.00000000
vn 0.70710700 -0.70710700 0.00000000
vn 0.70710600 -0.70710700 0.00000000
vn 0.70710600 -0.70710700 0.00000000
vn 0.70710700 -0.70710700 0.00000000
vn 0.70710700 -0.70710700 0.00000000
vn 0.96591700 -0.25885300 0.00000000
vn 0.96591700 -0.25885300 0.00000000
vn 0.96591700 -0.25885200 0.00000000
vn 0.96591700 -0.25885300 0.00000000
vn 0.96591700 -0.25885200 0.00000000
vn 0.96591700 -0.25885200 0.00000000
vn 0.96591700 0.25885200 0.00000000
vn 0.96591700 0.25885200 0.00000000
vn 0.96591700 0.25885200 0.00000000
vn 0.96591700 0.25885200 0.00000000
vn 0.96591700 0.25885200 0.00000000
vn 0.96591700 0.25885200 0.00000000
vn 0.70710600 0.70710700 0.00000000
vn 0.70710700 0.70710700 0.00000000
vn 0.70710600 0.70710700 0.00000000
vn 0.70710600 0.70710700 0.00000000
vn 0.70710700 0.70710700 0.00000000
vn 0.70710700 0.70710700 0.00000000
vn 0.25879900 0.96593100 0.00000000
vn 0.25879900 0.96593100 0.00000000
vn 0.25880000 0.96593100 0.00000000
vn 0.25879900 0.96593100 0.00000000
vn 0.25880000 0.96593100 0.00000000
vn 0.25880000 0.96593100 0.00000000
vn -0.25884500 0.96591900 0.00000000
vn -0.25884300 0.96592000 0.00000000
vn -0.25884500 0.96591900 0.00000000
vn -0.25884500 0.96591900 0.00000000
vn -0.25884300 0.96592000 0.00000000
vn -0.25884300 0.96592000 0.00000000
vn -0.70710200 0.70711100 0.00000000
vn -0.70710200 0.70711100 0.00000000
vn -0.70710600 0.70710800 0.00000000
vn -0.70710200 0.70711100 0.00000000
vn -0.70710600 0.70710800 0.00000000
vn -0.70710600 0.70710800 0.00000000
vn -0.96591900 0.25884300 0.00000000
vn -0.96591900 0.25884300 0.00000000
vn -0.96591900 0.25884300 0.00000000
vn -0.96591900 0.25884300 0.00000000
vn -0.96591800 -0.25884600 0.00000000
vn -0.96591800 -0.25884800 0.00000000
vn -0.96591800 -0.25884600 0.00000000
vn -0.96591800 -0.25884800 0.00000000
vn -0.96591800 -0.25884600 0.00000000
vn -0.96591800 -0.25884800 0.00000000
vn -0.70711200 -0.70710100 0.00000000
vn -0.70710900 -0.70710500 0.00000000
vn -0.70711200 -0.70710100 0.00000000
vn -0.70711200 -0.70710100 0.00000000
vn -0.70710900 -0.70710500 0.00000000
vn -0.70710900 -0.70710500 0.00000000
vn -0.25876100 -0.96594100 0.00000000
vn -0.25876100 -0.96594100 0.00000000
vn -0.25876100 -0.96594100 0.00000000
vn -0.25876100 -0.96594100 0.00000000
vn 0.25878300 -0.96593600 0.00000000
vn 0.25878300 -0.96593600 0.00000000
vn 0.25878400 -0.96593500 0.00000000
vn 0.25878300 -0.96593600 0.00000000
vn 0.25878400 -0.96593500 0.00000000
vn 0.25878400 -0.96593500 0.00000000
vn 0.70706100 -0.70715200 0.00000000
vn 0.70706700 -0.70714700 0.00000000
vn 0.70706100 -0.70715200 0.00000000
vn 0.70706700 -0.70714700 0.00000000
vn 0.70706100 -0.70715200 0.00000000
vn 0.70706700 -0.70714700 0.00000000
vn 0.96594200 -0.25875900 0.00000000
vn 0.96594200 -0.25875700 0.00000000
vn 0.96594200 -0.25875900 0.00000000
vn 0.96594200 -0.25875700 0.00000000
vn 0.96594200 -0.25875900 0.00000000
vn 0.96594200 -0.25875700 0.00000000
vn 0.96594300 0.25875500 0.00000000
vn 0.96594300 0.25875400 0.00000000
vn 0.96594300 0.25875500 0.00000000
vn 0.96594300 0.25875500 0.00000000
vn 0.96594300 0.25875400 0.00000000
vn 0.96594300 0.25875400 0.00000000
vn 0.70705800 0.70715600 0.00000000
vn 0.70710200 0.70711100 0.00000800
vn 0.70705800 0.70715600 0.00000000
vn 0.70710200 0.70711100 0.00000800
vn 0.70705800 0.70715600 0.00000000
vn 0.70710200 0.70711100 0.00000800
vn 0.25886400 0.96591400 0.00000300
vn 0.25884500 0.96591900 0.00000000
vn 0.25886400 0.96591400 0.00000300
vn 0.25886400 0.96591400 0.00000300
vn 0.25884500 0.96591900 0.00000000
vn 0.25884500 0.96591900 0.00000000
vn 0.70706700 0.70714600 0.00000000
vn 0.70706800 0.70714600 0.00000000
vn 0.70706700 0.70714600 0.00000000
vn 0.70706700 0.70714600 0.00000000
vn 0.70706800 0.70714600 0.00000000
vn 0.28649500 0.95807700 0.00292300
vn 0.31400900 0.94942000 0.00000000
vn 0.21141100 0.97739500 0.00195300
vn 0.01962400 0.99980500 0.00199200
vn -0.15507600 0.98790300 0.00002100
vn -0.25884600 0.96591800 0.00000000
vn -0.25884700 0.96591800 0.00000000
vn -0.70706700 0.70714600 0.00000000
vn -0.70707000 0.70714400 -0.00000000
vn -0.70706700 0.70714600 0.00000000
vn -0.70706700 0.70714600 0.00000000
vn -0.70707000 0.70714400 -0.00000000
vn -0.70707000 0.70714400 -0.00000000
vn -0.96591700 0.25885000 0.00000000
vn -0.96591700 0.25885000 0.00000000
vn -0.96591700 0.25885100 0.00000000
vn -0.96591700 0.25885000 0.00000000
vn -0.96591700 0.25885100 0.00000000
vn -0.96591700 0.25885100 0.00000000
vn -0.96591700 -0.25885000 0.00000000
vn -0.96591700 -0.25885000 0.00000000
vn -0.96591700 -0.25885100 -0.00000100
vn -0.96591700 -0.25885000 0.00000000
vn -0.96591700 -0.25885100 -0.00000100
vn -0.96591700 -0.25885100 -0.00000100
vn -0.70706600 -0.70714700 -0.00000000
vn -0.70706900 -0.70714500 0.00000000
vn -0.70706600 -0.70714700 -0.00000000
vn -0.70706600 -0.70714700 -0.00000000
vn -0.70706900 -0.70714500 0.00000000
vn -0.70706900 -0.70714500 0.00000000
vn -0.25884600 -0.96591900 0.00000000
vn -0.25884700 -0.96591800 0.00000000
vn -0.25884600 -0.96591900 0.00000000
vn -0.25884600 -0.96591900 0.00000000
vn -0.25884700 -0.96591800 0.00000000
vn -0.25884700 -0.96591800 0.00000000
vn 0.25884600 -0.96591800 0.00000000
vn 0.25884600 -0.96591800 0.00000000
vn 0.25884600 -0.96591800 0.00000000
vn 0.25884600 -0.96591800 0.00000000
vn 0.70706900 -0.70714500 0.00000000
vn 0.70706900 -0.70714500 0.00000000
vn 0.70706800 -0.70714500 0.00000000
vn 0.70706900 -0.70714500 0.00000000
vn 0.70706800 -0.70714500 0.00000000
vn 0.70706800 -0.70714500 0.00000000
vn 0.96591700 -0.25885100 0.00000000
vn 0.96591700 -0.25885100 0.00000000
vn 0.96594100 -0.25876300 -0.00001200
vn 0.96591700 -0.25885100 0.00000000
vn 0.96594100 -0.25876300 -0.00001200
vn 0.96594100 -0.25876300 -0.00001200
vn 0.96591700 0.25885100 -0.00001200
vn 0.96591700 0.25885100 -0.00001200
vn 0.96594100 0.25876300 0.00000000
vn 0.96594100 0.25876300 0.00000000
vn 0.96591700 0.25885100 -0.00001200
vn 0.96594100 0.25876300 0.00000000
vn 0.70706800 0.70714600 0.00000000
vn -0.25876100 0.96594100 0.00000000
vn -0.25876100 0.96594100 0.00000000
vn -0.25876100 0.96594100 0.00000000
vn -0.25876100 0.96594100 0.00000000
vn -0.70710800 0.70710600 0.00000000
vn -0.70711400 0.70710000 0.00000000
vn -0.70710800 0.70710600 0.00000000
vn -0.70711400 0.70710000 0.00000000
vn -0.70710800 0.70710600 0.00000000
vn -0.70711400 0.70710000 0.00000000
vn -0.96591800 0.25884700 0.00000000
vn -0.96591900 0.25884600 0.00000000
vn -0.96591800 0.25884700 0.00000000
vn -0.96591800 0.25884700 0.00000000
vn -0.96591900 0.25884600 0.00000000
vn -0.96591900 0.25884600 0.00000000
vn -0.96591900 -0.25884300 0.00000000
vn -0.96591900 -0.25884300 0.00000000
vn -0.96591900 -0.25884300 0.00000000
vn -0.96591900 -0.25884300 0.00000000
vn -0.70710500 -0.70710900 0.00000000
vn -0.70710500 -0.70710900 0.00000000
vn -0.70710300 -0.70711000 0.00000000
vn -0.70710300 -0.70711000 0.00000000
vn -0.70710500 -0.70710900 0.00000000
vn -0.70710300 -0.70711000 0.00000000
vn -0.25884300 -0.96592000 0.00000000
vn -0.25884500 -0.96591900 0.00000000
vn -0.25884300 -0.96592000 0.00000000
vn -0.25884300 -0.96592000 0.00000000
vn -0.25884500 -0.96591900 0.00000000
vn -0.25884500 -0.96591900 0.00000000
vn 0.25884400 -0.96591900 0.00000000
vn 0.25884400 -0.96591900 0.00000000
vn 0.25886600 -0.96591300 -0.00000300
vn 0.25884400 -0.96591900 0.00000000
vn 0.25886600 -0.96591300 -0.00000300
vn 0.25886600 -0.96591300 -0.00000300
vn 0.70710100 -0.70711200 -0.00000800
vn 0.70710100 -0.70711200 -0.00000800
vn 0.70705900 -0.70715500 0.00000000
vn 0.70710100 -0.70711200 -0.00000800
vn 0.70705900 -0.70715500 0.00000000
vn 0.70705900 -0.70715500 0.00000000
vn 0.96594300 -0.25875500 0.00000000
vn 0.96594300 -0.25875500 0.00000000
vn 0.96594300 -0.25875400 0.00000000
vn 0.96594300 -0.25875400 0.00000000
vn 0.96594300 -0.25875500 0.00000000
vn 0.96594300 -0.25875400 0.00000000
vn 0.96594200 0.25875800 0.00000000
vn 0.96594200 0.25875800 0.00000000
vn 0.96594200 0.25875800 0.00000000
vn 0.96594200 0.25875800 0.00000000
vn 0.96594200 0.25875800 0.00000000
vn 0.96594200 0.25875800 0.00000000
vn 0.70711200 0.70710200 0.00000000
vn 0.70706200 0.70715200 -0.00000800
vn 0.70711200 0.70710200 0.00000000
vn 0.70706200 0.70715200 -0.00000800
vn 0.70711200 0.70710200 0.00000000
vn 0.70706200 0.70715200 -0.00000800
vn 0.25876000 0.96594200 -0.00000300
vn 0.25876000 0.96594200 -0.00000300
vn 0.25878400 0.96593500 0.00000000
vn 0.25878400 0.96593500 0.00000000
vn 0.25876000 0.96594200 -0.00000300
vn 0.25878400 0.96593500 0.00000000
vn -0.25878300 0.96593600 0.00000000
vn -0.25878300 0.96593600 0.00000000
vn -0.25878400 0.96593500 0.00000000
vn -0.25878300 0.96593600 0.00000000
vn -0.25878400 0.96593500 0.00000000
vn -0.25878400 0.96593500 0.00000000
vn -0.70706100 0.70715200 0.00000000
vn -0.70706100 0.70715200 0.00000000
vn -0.70706700 0.70714700 0.00000000
vn -0.70706100 0.70715200 0.00000000
vn -0.70706700 0.70714700 0.00000000
vn -0.70706700 0.70714700 0.00000000
vn -0.96594200 0.25875900 0.00000000
vn -0.96594200 0.25875900 0.00000000
vn -0.96594200 0.25875700 0.00000000
vn -0.96594200 0.25875700 0.00000000
vn -0.96594200 0.25875900 0.00000000
vn -0.96594200 0.25875700 0.00000000
vn -0.96594300 -0.25875500 0.00000000
vn -0.96594300 -0.25875400 0.00000000
vn -0.96594300 -0.25875500 0.00000000
vn -0.96594300 -0.25875400 0.00000000
vn -0.96594300 -0.25875500 0.00000000
vn -0.96594300 -0.25875400 0.00000000
vn -0.70705800 -0.70715600 0.00000000
vn -0.70710200 -0.70711100 0.00000800
vn -0.70705800 -0.70715600 0.00000000
vn -0.70705800 -0.70715600 0.00000000
vn -0.70710200 -0.70711100 0.00000800
vn -0.70710200 -0.70711100 0.00000800
vn -0.25886400 -0.96591400 0.00000300
vn -0.25884500 -0.96591900 0.00000000
vn -0.25886400 -0.96591400 0.00000300
vn -0.25886400 -0.96591400 0.00000300
vn -0.25884500 -0.96591900 0.00000000
vn -0.25884500 -0.96591900 0.00000000
vn 0.25884500 -0.96591900 0.00000000
vn 0.25884300 -0.96592000 0.00000000
vn 0.25884500 -0.96591900 0.00000000
vn 0.25884300 -0.96592000 0.00000000
vn 0.25884500 -0.96591900 0.00000000
vn 0.25884300 -0.96592000 0.00000000
vn 0.70710200 -0.70711100 0.00000000
vn 0.70710600 -0.70710800 0.00000000
vn 0.70710200 -0.70711100 0.00000000
vn 0.70710200 -0.70711100 0.00000000
vn 0.70710600 -0.70710800 0.00000000
vn 0.70710600 -0.70710800 0.00000000
vn 0.96591900 -0.25884300 0.00000000
vn 0.96591900 -0.25884300 0.00000000
vn 0.96591900 -0.25884300 0.00000000
vn 0.96591900 -0.25884300 0.00000000
vn 0.96591800 0.25884600 0.00000000
vn 0.96591800 0.25884600 0.00000000
vn 0.96591800 0.25884800 0.00000000
vn 0.96591800 0.25884600 0.00000000
vn 0.96591800 0.25884800 0.00000000
vn 0.96591800 0.25884800 0.00000000
vn 0.70711200 0.70710100 0.00000000
vn 0.70710900 0.70710500 0.00000000
vn 0.70711200 0.70710100 0.00000000
vn 0.70710900 0.70710500 0.00000000
vn 0.70711200 0.70710100 0.00000000
vn 0.70710900 0.70710500 0.00000000
vn 0.25876100 0.96594100 0.00000000
vn 0.25876100 0.96594100 0.00000000
vn 0.25876100 0.96594100 0.00000000
vn 0.25876100 0.96594100 0.00000000
vn -0.25884600 0.96591800 0.00000000
vn -0.25884600 0.96591800 0.00000000
vn -0.25884600 0.96591800 0.00000000
vn -0.25884600 0.96591800 0.00000000
vn -0.70706800 0.70714600 0.00000000
vn -0.70706700 0.70714600 0.00000000
vn -0.70706800 0.70714600 0.00000000
vn -0.70706800 0.70714600 0.00000000
vn -0.70706700 0.70714600 0.00000000
vn -0.70706700 0.70714600 0.00000000
vn -0.96591700 0.25885100 0.00000000
vn -0.96591700 0.25885100 0.00000000
vn -0.96594100 0.25876200 -0.00001200
vn -0.96591700 0.25885100 0.00000000
vn -0.96594100 0.25876200 -0.00001200
vn -0.96594100 0.25876200 -0.00001200
vn -0.96591800 -0.25885000 -0.00001200
vn -0.96591800 -0.25885000 -0.00001200
vn -0.96594100 -0.25876300 0.00000000
vn -0.96591800 -0.25885000 -0.00001200
vn -0.96594100 -0.25876300 0.00000000
vn -0.96594100 -0.25876300 0.00000000
vn -0.70706500 -0.70714800 -0.00000000
vn -0.70706500 -0.70714800 -0.00000000
vn -0.70706800 -0.70714500 0.00000000
vn -0.70706800 -0.70714500 0.00000000
vn -0.70706500 -0.70714800 -0.00000000
vn -0.70706800 -0.70714500 0.00000000
vn -0.25884600 -0.96591900 0.00000000
vn -0.25884600 -0.96591900 0.00000000
vn -0.25884600 -0.96591900 0.00000000
vn -0.25884600 -0.96591900 0.00000000
vn 0.25884600 -0.96591800 0.00000000
vn 0.25884600 -0.96591800 0.00000000
vn 0.25884700 -0.96591800 0.00000000
vn 0.25884600 -0.96591800 0.00000000
vn 0.25884700 -0.96591800 0.00000000
vn 0.25884700 -0.96591800 0.00000000
vn 0.70706800 -0.70714600 0.00000000
vn 0.70706800 -0.70714600 0.00000000
vn 0.70706700 -0.70714600 0.00000000
vn 0.70706800 -0.70714600 0.00000000
vn 0.70706700 -0.70714600 0.00000000
vn 0.70706700 -0.70714600 0.00000000
vn 0.96594000 -0.25876500 0.00000000
vn 0.96594000 -0.25876500 0.00000000
vn 0.96591800 -0.25885000 0.00001200
vn 0.96594000 -0.25876500 0.00000000
vn 0.96591800 -0.25885000 0.00001200
vn 0.96591800 -0.25885000 0.00001200
vn 0.96594100 0.25876400 0.00001100
vn 0.96594100 0.25876400 0.00001100
vn 0.96591700 0.25885100 0.00000000
vn 0.96594100 0.25876400 0.00001100
vn 0.96591700 0.25885100 0.00000000
vn 0.96591700 0.25885100 0.00000000
vn 0.70706500 0.70714800 -0.00000000
vn 0.70706800 0.70714500 0.00000000
vn 0.70706500 0.70714800 -0.00000000
vn 0.70706800 0.70714500 0.00000000
vn 0.70706500 0.70714800 -0.00000000
vn 0.70706800 0.70714500 0.00000000
vn 0.25884600 0.96591900 0.00000000
vn 0.25884700 0.96591800 0.00000000
vn 0.25884600 0.96591900 0.00000000
vn 0.25884700 0.96591800 0.00000000
vn 0.25884600 0.96591900 0.00000000
vn 0.25884700 0.96591800 0.00000000
vn -0.25886700 0.96591300 0.00000000
vn -0.25886600 0.96591300 0.00000000
vn -0.25886700 0.96591300 0.00000000
vn -0.25886700 0.96591300 0.00000000
vn -0.25886600 0.96591300 0.00000000
vn -0.25886600 0.96591300 0.00000000
vn -0.70705600 0.70715800 0.00000000
vn -0.70705900 0.70715500 0.00000000
vn -0.70705600 0.70715800 0.00000000
vn -0.70705900 0.70715500 0.00000000
vn -0.70705600 0.70715800 0.00000000
vn -0.70705900 0.70715500 0.00000000
vn -0.96594300 0.25875500 0.00000000
vn -0.96594300 0.25875400 0.00000000
vn -0.96594300 0.25875500 0.00000000
vn -0.96594300 0.25875400 0.00000000
vn -0.96594300 0.25875500 0.00000000
vn -0.96594300 0.25875400 0.00000000
vn -0.96594200 -0.25875800 0.00000000
vn -0.96594200 -0.25875800 0.00000000
vn -0.96594200 -0.25875800 0.00000000
vn -0.96594200 -0.25875800 0.00000000
vn -0.96594200 -0.25875800 0.00000000
vn -0.96594200 -0.25875800 0.00000000
vn -0.70706600 -0.70714800 0.00000000
vn -0.70706200 -0.70715100 0.00000000
vn -0.70706600 -0.70714800 0.00000000
vn -0.70706200 -0.70715100 0.00000000
vn -0.70706600 -0.70714800 0.00000000
vn -0.70706200 -0.70715100 0.00000000
vn -0.25878300 -0.96593600 0.00000000
vn -0.25878300 -0.96593600 0.00000000
vn -0.25878400 -0.96593500 0.00000000
vn -0.25878300 -0.96593600 0.00000000
vn -0.25878400 -0.96593500 0.00000000
vn -0.25878400 -0.96593500 0.00000000
vn 0.25876100 -0.96594100 0.00000000
vn 0.25876100 -0.96594100 0.00000000
vn 0.25876100 -0.96594100 0.00000000
vn 0.25876100 -0.96594100 0.00000000
vn 0.70710800 -0.70710600 0.00000000
vn 0.70711400 -0.70710000 0.00000000
vn 0.70710800 -0.70710600 0.00000000
vn 0.70711400 -0.70710000 0.00000000
vn 0.70710800 -0.70710600 0.00000000
vn 0.70711400 -0.70710000 0.00000000
vn 0.96591800 -0.25884700 0.00000000
vn 0.96591800 -0.25884700 0.00000000
vn 0.96591900 -0.25884600 0.00000000
vn 0.96591900 -0.25884600 0.00000000
vn 0.96591800 -0.25884700 0.00000000
vn 0.96591900 -0.25884600 0.00000000
vn 0.96591900 0.25884300 0.00000000
vn 0.96591900 0.25884300 0.00000000
vn 0.96591900 0.25884300 0.00000000
vn 0.96591900 0.25884300 0.00000000
vn 0.70710500 0.70710900 0.00000000
vn 0.70710300 0.70711000 0.00000000
vn 0.70710500 0.70710900 0.00000000
vn 0.70710300 0.70711000 0.00000000
vn 0.70710500 0.70710900 0.00000000
vn 0.70710300 0.70711000 0.00000000
vn 0.25884300 0.96592000 0.00000000
vn 0.25884500 0.96591900 0.00000000
vn 0.25884300 0.96592000 0.00000000
vn 0.25884500 0.96591900 0.00000000
vn 0.25884300 0.96592000 0.00000000
vn 0.25884500 0.96591900 0.00000000
vn 0.00000000 -0.00000300 1.00000000
vn -0.00000000 0.00001100 1.00000000
vn -0.00000000 0.00000500 1.00000000
vn -0.00000000 0.00001100 1.00000000
vn 0.00000000 0.00000000 1.00000000
vn -0.00000000 0.00001100 1.00000000
vn 0.00000000 -0.00000300 1.00000000
vn 0.00000000 -0.00002300 1.00000000
vn 0.00000000 0.00000000 1.00000000
vn 0.00000000 -0.00000500 1.00000000
vn 0.00000000 0.00000000 1.00000000
vn 0.00000000 -0.00000300 1.00000000
vn 0.00000000 -0.00000300 1.00000000
vn -0.00000000 0.00000200 1.00000000
vn 0.00000000 0.00000000 1.00000000
vn 0.00000000 0.00000000 1.00000000
vn 0.00000000 -0.00001000 1.00000000
vn -0.00000000 0.00000800 1.00000000
vn 0.00000000 0.00000000 1.00000000
vn 0.00000000 -0.00002700 1.00000000
vn 0.00000000 0.00000000 1.00000000
vn 0.00000000 0.00000000 1.00000000
vn 0.00000000 0.00000000 1.00000000
vn 0.00000000 -0.00002700 1.00000000
vn 0.00000000 0.00000000 1.00000000
vn 0.00000000 -0.00002700 1.00000000
vn 0.00000000 -0.00002700 1.00000000
vn 0.00000000 0.00000000 1.00000000
vn 0.00000000 -0.00001100 1.00000000
vn 0.00000000 0.00000000 1.00000000
vn 0.00000000 0.00000000 1.00000000
vn 0.00000000 -0.00001100 1.00000000
vn 0.00000000 -0.00001000 1.00000000
vn 0.00000000 -0.00000600 1.00000000
vn 0.00000000 -0.00000800 1.00000000
vn 0.00000000 0.00000000 1.00000000
vn -0.00000000 0.00001100 1.00000000
vn 0.00000000 -0.00001100 1.00000000
vn -0.00000000 0.00000200 1.00000000
vn 0.00000000 0.00000000 1.00000000
vn 0.00000000 0.00000000 1.00000000
vn -0.00000000 0.00001500 1.00000000
vn 0.00000000 -0.00000400 1.00000000
vn -0.00000000 0.00000400 1.00000000
vn 0.00000000 -0.00000700 1.00000000
vn 0.00000000 0.00000000 1.00000000
vn 0.00000000 0.00000000 1.00000000
vn -0.00000000 0.00000100 1.00000000
vn -0.00000000 0.00000100 1.00000000
vn 0.00000000 0.00000000 1.00000000
vn 0.00000000 -0.00002100 1.00000000
vn -0.00000000 0.00001800 1.00000000
vn 0.00000000 0.00000000 1.00000000
vn 0.00000000 -0.00000400 1.00000000
vn -0.00000000 0.00000100 1.00000000
vn 0.00000000 0.00000000 1.00000000
vn -0.00000000 0.00000200 1.00000000
vn 0.00000000 0.00000000 1.00000000
vn 0.00000000 -0.00000900 1.00000000
vn -0.00000000 0.00000200 1.00000000
vn 0.00000000 -0.00000100 1.00000000
vn 0.00000000 0.00000000 1.00000000
vn 0.00000000 -0.00000900 1.00000000
vn -0.00000000 0.00000200 1.00000000
vn 0.00000000 -0.00000900 1.00000000
vn -0.00000000 0.00000200 1.00000000
vn 0.00000000 0.00000000 1.00000000
vn 0.00000000 0.00000000 1.00000000
vn 0.00000000 -0.00000200 1.00000000
vn 0.00000000 0.00000000 1.00000000
vn 0.00000000 0.00000000 1.00000000
vn -0.00000000 0.00001100 1.00000000
vn -0.00000000 0.00001100 1.00000000
vn 0.00000000 0.00000000 1.00000000
vn 0.00000000 0.00000000 1.00000000
vn -0.00000000 0.00001100 1.00000000
vn 0.00000000 0.00000000 1.00000000
vn 0.00000000 0.00000000 1.00000000
vn -0.00000000 0.00000100 1.00000000
vn 0.00000000 0.00000000 1.00000000
vn -0.00000000 0.00001300 1.00000000
vn -0.00000000 0.00001300 1.00000000
vn 0.00000000 -0.00000700 1.00000000
vn 0.00000000 0.00000000 1.00000000
vn -0.00000000 0.00001300 1.00000000
vn 0.00000000 -0.00000700 1.00000000
vn 0.00000000 -0.00000400 1.00000000
vn 0.00000000 -0.00000700 1.00000000
vn -0.00000000 0.00000600 1.00000000
vn 0.00000000 -0.00000400 1.00000000
vn 0.00000000 -0.00000400 1.00000000
vn 0.00000000 0.00000000 1.00000000
vn -0.00000000 0.00000600 1.00000000
vn 0.00000000 0.00000000 1.00000000
vn -0.00000000 0.00000600 1.00000000
vn 0.00000000 0.00000000 1.00000000
vn 0.00000000 0.00000000 1.00000000
vn 0.00000000 0.00000000 1.00000000
vn 0.00000000 0.00000000 1.00000000
vn 0.00000000 0.00000000 1.00000000
vn 0.00000000 0.00000000 1.00000000
vn -0.00000000 0.00000400 1.00000000
vn -0.00000000 0.00000400 1.00000000
vn 0.00000000 0.00000000 1.00000000
vn -0.00000000 0.00001200 1.00000000
vn 0.00000000 0.00000000 1.00000000
vn 0.00000000 -0.00000300 1.00000000
vn -0.00000000 0.00000400 1.00000000
vn 0.00000000 0.00000000 1.00000000
vn 0.00000000 -0.00000300 1.00000000
vn 0.00000000 -0.00000000 1.00000000
vn 0.00000000 -0.00000300 1.00000000
vn 0.00000000 0.00000000 1.00000000
vn 0.00000000 -0.00000400 1.00000000
vn 0.00000000 0.00000000 1.00000000
vn 0.00000000 -0.00000300 1.00000000
vn 0.00000000 0.00000000 1.00000000
vn 0.00000000 -0.00000000 1.00000000
vn -0.00000000 0.00000000 1.00000000
vn 0.00000000 -0.00000300 1.00000000
vn 0.00000000 0.00000000 1.00000000
vn 0.00000000 0.00000000 1.00000000
vn -0.00000000 0.00000000 1.00000000
vn -0.00000000 0.00001200 1.00000000
vn 0.00000000 -0.00000000 1.00000000
vn 0.00000000 -0.00000300 1.00000000
vn 0.00000000 0.00000000 1.00000000
vn 0.00000000 0.00000000 1.00000000
vn 0.00000000 0.00000000 1.00000000
vn 0.00000000 -0.00000400 1.00000000
vn 0.00000000 -0.00000400 1.00000000
vn 0.00000000 0.00000000 1.00000000
vn -0.00000000 0.00000400 1.00000000
vn 0.00000000 -0.00000200 1.00000000
vn 0.00000000 0.00000000 1.00000000
vn 0.00000000 -0.00000400 1.00000000
vn -0.00000000 0.00000400 1.00000000
vn 0.00000000 0.00000000 1.00000000
vn -0.00000000 0.00000900 1.00000000
vn -0.00000000 0.00000400 1.00000000
vn 0.00000000 -0.00002700 1.00000000
vn -0.00000000 0.00000900 1.00000000
vn 0.00000000 -0.00002700 1.00000000
vn -0.00000000 0.00000800 1.00000000
vn -0.00000000 0.00000900 1.00000000
vn 0.00000000 0.00000000 1.00000000
vn -0.00000000 0.00000800 1.00000000
vn 0.00000000 0.00000000 1.00000000
vn 0.00000000 -0.00001800 1.00000000
vn 0.00000000 0.00000000 1.00000000
vn -0.00000000 0.00000200 1.00000000
vn 0.00000000 -0.00000200 1.00000000
vn 0.00000000 0.00000000 1.00000000
vn -0.00000000 0.00000200 1.00000000
vn 0.00000000 -0.00000400 1.00000000
vn -0.00000000 0.00000200 1.00000000
vn 0.00000000 -0.00000200 1.00000000
vn 0.00000000 0.00000000 1.00000000
vn 0.00000000 -0.00000400 1.00000000
vn 0.00000000 0.00000000 1.00000000
vn 0.00000000 -0.00000700 1.00000000
vn -0.00000000 0.00002100 1.00000000
vn -0.00000000 0.00000200 1.00000000
vn 0.00000000 -0.00001000 1.00000000
vn 0.00000000 -0.00000100 1.00000000
vn -0.00000000 0.00000400 1.00000000
vn 0.00000000 0.00000000 1.00000000
vn 0.00000000 0.00000000 1.00000000
vn 0.00000000 -0.00000100 1.00000000
vn -0.00000000 0.00000200 1.00000000
vn -0.00000000 0.00000800 1.00000000
vn 0.00000000 -0.00000700 1.00000000
vn 0.00000000 -0.00001800 1.00000000
vn 0.00000000 0.00000000 1.00000000
vn 0.00000000 0.00000000 1.00000000
vn 0.00000000 -0.00000900 1.00000000
vn -0.00000000 0.00002100 1.00000000
vn 0.00000000 -0.00001800 1.00000000
vn 0.00000000 -0.00001000 1.00000000
vn 0.00000000 0.00000000 1.00000000
vn 0.00000000 -0.00001000 1.00000000
vn 0.00000000 0.00000000 1.00000000
vn 0.00000000 0.00000000 1.00000000
vn 0.00000000 0.00000000 1.00000000
vn 0.00000000 0.00000000 1.00000000
vn -0.00000000 0.00000200 1.00000000
vn -0.00000000 0.00000200 1.00000000
vn -0.00000000 0.00000900 1.00000000
vn 0.00000000 0.00000000 1.00000000
vn -0.00000000 0.00000100 1.00000000
vn -0.00000000 0.00000200 1.00000000
vn 0.00000000 0.00000000 1.00000000
vn -0.00000000 0.00000900 1.00000000
vn -0.00000000 0.00000900 1.00000000
vn 0.00000000 0.00000000 1.00000000
vn 0.00000000 0.00000000 1.00000000
vn 0.00000000 0.00000000 1.00000000
vn 0.00000000 0.00000000 1.00000000
vn 0.00000000 -0.00000900 1.00000000
vn 0.00000000 0.00000000 1.00000000
vn -0.00000000 0.00000100 1.00000000
vn 0.00000000 -0.00000100 1.00000000
vn -0.00000000 0.00002100 1.00000000
vn -0.00000000 0.00000400 1.00000000
vn 0.00000000 -0.00000500 1.00000000
vn 0.00000000 0.00000000 1.00000000
vn -0.00000000 0.00000100 1.00000000
vn -0.00000000 0.00000200 1.00000000
vn 0.00000000 -0.00000700 1.00000000
vn 0.00000000 0.00000000 1.00000000
vn 0.00000000 -0.00000500 1.00000000
vn 0.00000000 0.00000000 1.00000000
vn -0.00000000 0.00002600 1.00000000
vn 0.00000000 0.00000000 1.00000000
vn 0.00000000 -0.00000500 1.00000000
vn -0.00000000 0.00004200 1.00000000
vn 0.00000000 -0.00001800 1.00000000
vn -0.00000000 0.00000400 1.00000000
vn 0.00000000 -0.00001800 1.00000000
vn 0.00000000 0.00000000 1.00000000
vn 0.00000000 -0.00000500 1.00000000
vn -0.00000000 0.00000400 1.00000000
vn 0.00000000 0.00000000 1.00000000
vn 0.00000000 -0.00000400 1.00000000
vn -0.00000000 0.00000200 1.00000000
vn -0.00000000 0.00000200 1.00000000
vn 0.00000000 -0.00000200 1.00000000
vn -0.00000000 0.00000200 1.00000000
vn -0.00000000 0.00002600 1.00000000
vn 0.00000000 0.00000000 1.00000000
vn -0.00000000 0.00000200 1.00000000
vn 0.00000000 -0.00001800 1.00000000
vn -0.00000000 0.00002600 1.00000000
vn 0.00000000 0.00000000 1.00000000
vn -0.00000000 0.00000500 1.00000000
vn 0.00000000 -0.00000200 1.00000000
vn 0.00000000 -0.00000900 1.00000000
vn 0.00000000 -0.00000100 1.00000000
vn 0.00000000 -0.00000900 1.00000000
vn -0.00000000 0.00001000 1.00000000
vn 0.00000000 0.00000000 1.00000000
vn -0.00000000 0.00001000 1.00000000
vn 0.00000000 -0.00000200 1.00000000
vn 0.00000000 0.00000000 1.00000000
vn -0.00000000 0.00001000 1.00000000
vn 0.00000000 0.00000000 1.00000000
vn 0.00000000 -0.00000200 1.00000000
vn 0.00000000 -0.00000100 1.00000000
vn -0.00000000 0.00000900 1.00000000
vn -0.00000000 0.00000300 1.00000000
vn -0.00000000 0.00000300 1.00000000
vn 0.00000000 0.00000000 1.00000000
vn 0.00000000 -0.00000100 1.00000000
vn 0.00000000 -0.00000100 1.00000000
vn 0.00000000 -0.00000200 1.00000000
vn 0.00000000 0.00000000 1.00000000
vn 0.00000000 -0.00000200 1.00000000
vn 0.00000000 0.00000000 1.00000000
vn 0.00000000 0.00000000 1.00000000
vn -0.00000000 0.00000400 1.00000000
vn 0.00000000 -0.00000200 1.00000000
vn -0.00000000 0.00000400 1.00000000
vn 0.00000000 0.00000000 1.00000000
vn 0.00000000 0.00000000 1.00000000
vn 0.00000000 -0.00002200 1.00000000
vn -0.00000000 0.00000400 1.00000000
vn 0.00000000 0.00000000 1.00000000
vn 0.00000000 -0.00002200 1.00000000
vn 0.00000000 0.00000000 1.00000000
vn 0.00000000 -0.00002200 1.00000000
vn 0.00000000 -0.00000400 1.00000000
vn 0.00000000 0.00000000 1.00000000
vn 0.00000000 -0.00000400 1.00000000
vn -0.00000000 0.00000200 1.00000000
vn 0.00000000 0.00000000 1.00000000
vn 0.00000000 -0.00000200 1.00000000
vn -0.00000000 0.00000900 1.00000000
vn 0.00000000 0.00000000 1.00000000
vn 0.00000000 0.00000000 1.00000000
vn 0.00000000 0.00000000 1.00000000
vn -0.00000000 0.00000300 1.00000000
vn -0.00000000 0.00000900 1.00000000
vn 0.00000000 0.00000000 1.00000000
vn 0.00000000 0.00000000 1.00000000
vn -0.00000000 0.00000100 1.00000000
vn -0.00000000 0.00000100 1.00000000
vn 0.00000000 0.00000000 1.00000000
vn -0.00000000 0.00001300 1.00000000
vn 0.00000000 0.00000000 1.00000000
vn -0.00000000 0.00000000 1.00000000
vn 0.00000000 0.00000000 1.00000000
vn -0.00000000 0.00000300 1.00000000
vn 0.00000000 0.00000000 1.00000000
vn -0.00000000 0.00000000 1.00000000
vn 0.00000000 -0.00000400 1.00000000
vn 0.00000000 -0.00002100 1.00000000
vn 0.00000000 0.00000000 1.00000000
vn -0.00000000 0.00000000 1.00000000
vn -0.00000000 0.00000300 1.00000000
vn -0.00000000 0.00000300 1.00000000
vn 0.00000000 0.00000000 1.00000000
vn 0.00000000 0.00000000 1.00000000
vn 0.00000000 -0.00002100 1.00000000
vn 0.00000000 -0.00002100 1.00000000
vn 0.00000000 0.00000000 1.00000000
vn 0.00000000 -0.00000400 1.00000000
vn 0.00000000 -0.00002100 1.00000000
vn -0.00000000 0.00001800 1.00000000
vn -0.00000000 0.00001800 1.00000000
vn 0.00000000 -0.00002100 1.00000000
vn 0.00000000 0.00000000 1.00000000
vn -0.00000000 0.00000400 1.00000000
vn 0.00000000 -0.00002300 1.00000000
vn 0.00000000 0.00000000 1.00000000
vn 0.00000000 -0.00000500 1.00000000
vn 0.00000000 -0.00002300 1.00000000
vn 0.00000000 -0.00000500 1.00000000
vn 0.00000000 0.00000000 1.00000000
vn -0.00000000 0.00000400 1.00000000
vn -0.00000000 0.00000400 1.00000000
vn 0.00000000 0.00000000 1.00000000
vn 0.00000000 0.00000000 1.00000000
vn 0.00000000 0.00000000 1.00000000
vn 0.00000000 -0.00000600 1.00000000
vn 0.00000000 0.00000000 1.00000000
vn 0.00000000 -0.00000600 1.00000000
vn 0.00000000 -0.00000600 1.00000000
vn 0.00000000 0.00000000 1.00000000
vn 0.00000000 0.00000000 1.00000000
vn 0.00000000 -0.00001400 1.00000000
vn 0.00000000 0.00000000 1.00000000
vn 0.00000000 0.00000000 1.00000000
vn 0.00000000 -0.00001000 1.00000000
vn 0.00000000 0.00000000 1.00000000
vn 0.00000000 0.00000000 1.00000000
vn 0.00000000 0.00000000 1.00000000
vn 0.00000000 0.00000000 1.00000000
vn -0.00000000 0.00000600 1.00000000
vn 0.00000000 -0.00000300 1.00000000
vn -0.00000000 0.00000400 1.00000000
vn 0.00000000 0.00000000 1.00000000
vn 0.00000000 -0.00000700 1.00000000
vn -0.00000000 0.00000600 1.00000000
vn -0.00000000 0.00000200 1.00000000
vn 0.00000000 0.00000000 1.00000000
vn -0.00000000 0.00000600 1.00000000
vn 0.00000000 0.00000000 1.00000000
vn -0.00000000 0.00000200 1.00000000
vn 0.00000000 -0.00000300 1.00000000
vn -0.00000000 0.00000200 1.00000000
vn 0.00000000 -0.00000300 1.00000000
vn 0.00000000 0.00000000 1.00000000
vn 0.00000000 0.00000000 1.00000000
vn -0.00000000 0.00000200 1.00000000
vn -0.00000000 0.00000300 1.00000000
vn 0.00000000 -0.00000100 1.00000000
vn 0.00000000 0.00000000 1.00000000
vn 0.00000000 -0.00000400 1.00000000
vn 0.00000000 0.00000000 1.00000000
vn -0.00000000 0.00000300 1.00000000
vn 0.00000000 -0.00000100 1.00000000
vn -0.00000000 0.00000100 1.00000000
vn -0.00000000 0.00000800 1.00000000
vn 0.00000000 0.00000000 1.00000000
vn -0.00000000 0.00000300 1.00000000
vn -0.00000000 0.00000700 1.00000000
vn 0.00000000 0.00000000 1.00000000
vn 0.00000000 -0.00000200 1.00000000
vn -0.00000000 0.00000700 1.00000000
vn -0.00000000 0.00000700 1.00000000
vn 0.00000000 -0.00000200 1.00000000
vn 0.00000000 0.00000000 1.00000000
vn 0.00000000 -0.00000200 1.00000000
vn 0.00000000 0.00000000 1.00000000
vn 0.00000000 -0.00000600 1.00000000
vn 0.00000000 0.00000000 1.00000000
vn -0.00000000 0.00000100 1.00000000
vn 0.00000000 -0.00000100 1.00000000
vn -0.00000000 0.00000400 1.00000000
vn 0.00000000 -0.00000600 1.00000000
vn 0.00000000 0.00000000 1.00000000
vn 0.00000000 -0.00000400 1.00000000
vn -0.00000000 0.00000700 1.00000000
vn -0.00000000 0.00000700 1.00000000
vn 0.00000000 -0.00000600 1.00000000
vn 0.00000000 -0.00000700 1.00000000
vn 0.00000000 0.00000000 1.00000000
vn -0.00000000 0.00000700 1.00000000
vn 0.00000000 -0.00000700 1.00000000
vn 0.00000000 0.00000000 1.00000000
vn 0.00000000 0.00000000 1.00000000
vn -0.00000000 0.00000800 1.00000000
vn 0.00000000 -0.00000100 1.00000000
vn 0.00000000 0.00000000 1.00000000
vn -0.00000000 0.00000800 1.00000000
vn 0.00000000 0.00000000 1.00000000
vn 0.00000000 -0.00000100 1.00000000
vn 0.00000000 -0.00000900 1.00000000
vn 0.00000000 -0.00000100 1.00000000
vn 0.00000000 0.00000000 1.00000000
vn -0.00000000 0.00000800 1.00000000
vn 0.00000000 0.00000000 1.00000000
vn 0.00000000 -0.00000100 1.00000000
vn -0.00000000 0.00000800 1.00000000
vn -0.00000000 0.00000300 1.00000000
vn -0.00000000 0.00000100 1.00000000
vn 0.00000000 -0.00000500 1.00000000
vn 0.00000000 0.00000000 1.00000000
vn -0.00000000 0.00000100 1.00000000
vn 0.00000000 0.00000000 1.00000000
vn -0.00000000 0.00000600 1.00000000
vn -0.00000000 0.00000200 1.00000000
vn 0.00000000 -0.00000500 1.00000000
vn -0.00000000 0.00000700 1.00000000
vn 0.00000000 0.00000000 1.00000000
vn 0.00000000 -0.00000500 1.00000000
vn 0.00000000 -0.00000600 1.00000000
vn -0.00000000 0.00000700 1.00000000
vn -0.00000000 0.00000700 1.00000000
vn 0.00000000 0.00000000 1.00000000
vn 0.00000000 -0.00000600 1.00000000
vn 0.00000000 -0.00000400 1.00000000
vn -0.00000000 0.00000600 1.00000000
vn -0.00000000 0.00000600 1.00000000
vn -0.00000000 0.00000200 1.00000000
vn -0.00000000 0.00000100 1.00000000
vn -0.00000000 0.00000600 1.00000000
vn 0.00000000 0.00000000 1.00000000
vn -0.00000000 0.00000100 1.00000000
vn -0.00000000 0.00000600 1.00000000
vn 0.00000000 -0.00000400 1.00000000
vn 0.00000000 -0.00000200 1.00000000
vn 0.00000000 0.00000000 1.00000000
vn 0.00000000 0.00000000 1.00000000
vn 0.00000000 -0.00000200 1.00000000
vn 0.00000000 0.00000000 1.00000000
vn 0.00000000 0.00000000 1.00000000
vn -0.00000000 0.00000400 1.00000000
vn 0.00000000 0.00000000 1.00000000
vn -0.00000000 0.00000300 1.00000000
vn 0.00000000 -0.00000700 1.00000000
vn -0.00000000 0.00000400 1.00000000
vn 0.00000000 0.00000000 1.00000000
vn 0.00000000 0.00000000 1.00000000
vn 0.00000000 -0.00000600 1.00000000
vn 0.00000000 0.00000000 1.00000000
vn 0.00000000 0.00000000 1.00000000
vn -0.00000000 0.00000400 1.00000000
vn 0.00000000 -0.00000200 1.00000000
vn -0.00000000 0.00000600 1.00000000
vn 0.00000000 0.00000000 1.00000000
vn 0.00000000 0.00000000 1.00000000
vn -0.00000000 0.00000500 1.00000000
vn -0.00000000 0.00000500 1.00000000
vn 0.00000000 -0.00000900 1.00000000
vn 0.00000000 0.00000000 1.00000000
vn -0.00000000 0.00000200 1.00000000
vn 0.00000000 -0.00000700 1.00000000
vn 0.00000000 0.00000000 1.00000000
vn -0.00000000 0.00000200 1.00000000
vn 0.00000000 0.00000000 1.00000000
vn -0.00000000 0.00000600 1.00000000
vn -0.00000000 0.00000200 1.00000000
vn 0.00000000 0.00000000 1.00000000
vn 0.00000000 -0.00000700 1.00000000
vn 0.00000000 -0.00000700 1.00000000
vn -0.00000000 0.00000600 1.00000000
vn 0.00000000 -0.00000200 1.00000000
vn 0.00000000 0.00000000 1.00000000
vn 0.00000000 -0.00000100 1.00000000
vn 0.00000000 0.00000000 1.00000000
vn 0.00000000 0.00000000 1.00000000
vn 0.00000000 -0.00000100 1.00000000
vn 0.00000000 0.00000000 1.00000000
vn 0.00000000 -0.00000500 1.00000000
vn 0.00000000 0.00000000 1.00000000
vn 0.00000000 0.00000000 1.00000000
vn -0.00000000 0.00000400 1.00000000
vn 0.00000000 0.00000000 1.00000000
vn 0.00000000 -0.00000200 1.00000000
vn -0.00000000 0.00000400 1.00000000
vn 0.00000000 -0.00000100 1.00000000
vn -0.00000000 0.00000600 1.00000000
vn 0.00000000 -0.00000400 1.00000000
vn 0.00000000 0.00000000 1.00000000
vn -0.00000000 0.00000400 1.00000000
vn 0.00000000 -0.00000200 1.00000000
vn -0.00000000 0.00000400 1.00000000
vn 0.00000000 0.00000000 1.00000000
vn -0.00000000 0.00000100 1.00000000
vn 0.00000000 0.00000000 1.00000000
vn 0.00000000 -0.00000200 1.00000000
vn 0.00000000 -0.00000100 1.00000000
vn 0.00000000 0.00000000 1.00000000
vn 0.00000000 -0.00000500 1.00000000
vn -0.00000000 0.00000100 1.00000000
vn 0.00000000 0.00000000 1.00000000
vn 0.00000000 -0.00000500 1.00000000
vn 0.00000000 0.00000000 1.00000000
vn 0.00000000 0.00000000 1.00000000
vn 0.00000000 0.00000000 1.00000000
vn 0.00000000 0.00000000 1.00000000
vn 0.00000000 0.00000000 1.00000000
vn 0.00000000 -0.00000400 1.00000000
vn 0.00000000 0.00000000 1.00000000
vn 0.00000000 -0.00000400 1.00000000
vn -0.00000000 0.00001300 1.00000000
vn 0.00000000 -0.00000400 1.00000000
vn 0.00000000 0.00000000 1.00000000
vn 0.00000000 0.00000000 1.00000000
vn -0.00000000 0.00001300 1.00000000
vn 0.00000000 -0.00000300 1.00000000
vn 0.00000000 0.00000000 1.00000000
vn -0.00000000 0.00001200 1.00000000
vn 0.00000000 -0.00000300 1.00000000
vn 0.00000000 0.00000000 1.00000000
vn -0.00000000 0.00000100 1.00000000
vn -0.00000000 0.00000300 1.00000000
vn -0.00000000 0.00000200 1.00000000
vn 0.00000000 -0.00000400 1.00000000
vn -0.00000000 0.00000600 1.00000000
vn 0.00000000 0.00000000 1.00000000
vn -0.00000000 0.00000100 1.00000000
vn -0.00000000 0.00000300 1.00000000
vn 0.00000000 0.00000000 1.00000000
vn -0.00000000 0.00000100 1.00000000
vn 0.00000000 -0.00000300 1.00000000
vn -0.00000000 0.00000300 1.00000000
vn 0.00000000 0.00000000 1.00000000
vn -0.00000000 0.00000400 1.00000000
vn 0.00000000 -0.00000900 1.00000000
vn 0.00000000 -0.00000900 1.00000000
vn 0.00000000 0.00000000 1.00000000
vn 0.00000000 0.00000000 1.00000000
vn -0.00000000 0.00002100 1.00000000
vn 0.00000000 0.00000000 1.00000000
vn -0.00000000 0.00002100 1.00000000
vn -0.00000000 0.00002100 1.00000000
vn 0.00000000 -0.00000700 1.00000000
vn -0.00000000 0.00002100 1.00000000
vn 0.00000000 0.00000000 1.00000000
vn 0.00000000 -0.00000700 1.00000000
vn -0.00000000 0.00000400 1.00000000
vn 0.00000000 0.00000000 1.00000000
vn -0.00000000 0.00000400 1.00000000
vn 0.00000000 -0.00000400 1.00000000
vn -0.00000000 0.00000200 1.00000000
vn 0.00000000 0.00000000 1.00000000
vn -0.00000000 0.00000400 1.00000000
vn -0.00000000 0.00000200 1.00000000
vn 0.00000000 -0.00000400 1.00000000
vn 0.00000000 0.00000000 1.00000000
vn 0.00000000 -0.00000400 1.00000000
vn -0.00000000 0.00000100 1.00000000
vn -0.00000000 0.00000400 1.00000000
vn -0.00000000 0.00000100 1.00000000
vn 0.00000000 0.00000000 1.00000000
vn -0.00000000 0.00000400 1.00000000
vn 0.00000000 0.00000000 1.00000000
vn -0.00000000 0.00000400 1.00000000
vn 0.00000000 -0.00000400 1.00000000
vn -0.00000000 0.00000200 1.00000000
vn 0.00000000 -0.00000400 1.00000000
vn -0.00000000 0.00000100 1.00000000
vn 0.00000000 0.00000000 1.00000000
vn 0.00000000 0.00000000 1.00000000
vn 0.00000000 0.00000000 1.00000000
vn -0.00000000 0.00000000 1.00000000
vn 0.00000000 0.00000000 1.00000000
vn 0.00000000 0.00000000 1.00000000
vn 0.00000000 -0.00000100 1.00000000
vn 0.00000000 0.00000000 1.00000000
vn 0.00000000 -0.00001400 1.00000000
vn 0.00000000 0.00000000 1.00000000
vn 0.00000000 -0.00000300 1.00000000
vn 0.00000000 -0.00000500 1.00000000
vn 0.00000000 0.00000000 1.00000000
vn -0.00000000 0.00000500 1.00000000
vn 0.00000000 -0.00001400 1.00000000
vn 0.00000000 0.00000000 1.00000000
vn -0.00000000 0.00000200 1.00000000
vn 0.00000000 -0.00000700 1.00000000
vn 0.00000000 0.00000000 1.00000000
vn 0.00000000 0.00000000 1.00000000
vn -0.00000000 0.00004200 1.00000000
vn -0.00000000 0.00002100 1.00000000
vn 0.00000000 0.00000000 1.00000000
vn -0.00000000 0.00004200 1.00000000
vn -0.00000000 0.00002100 1.00000000
vn 0.00000000 -0.00000700 1.00000000
vn 0.00000000 -0.00000400 1.00000000
vn 0.00000000 0.00000000 1.00000000
vn 0.00000000 -0.00000900 1.00000000
vn 0.00000000 0.00000000 1.00000000
vn 0.00000000 -0.00000200 1.00000000
vn 0.00000000 0.00000000 1.00000000
vn -0.00000000 0.00000200 1.00000000
vn 0.00000000 -0.00000200 1.00000000
vn 0.00000000 0.00000000 1.00000000
vn -0.00000000 0.00000300 1.00000000
vn 0.00000000 0.00000000 1.00000000
vn -0.00000000 0.00000300 1.00000000
vn 0.00000000 0.00000000 1.00000000
vn 0.00000000 -0.00000400 1.00000000
vn 0.00000000 -0.00000500 1.00000000
vn 0.00000000 0.00000000 1.00000000
vn -0.00000000 0.00000200 1.00000000
vn 0.00000000 -0.00000500 1.00000000
vn 0.00000000 0.00000000 1.00000000
vn -0.00000000 0.00000200 1.00000000
vn -0.00000000 0.00000200 1.00000000
vn -0.00000000 0.00000500 1.00000000
vn 0.00000000 -0.00000300 1.00000000
vn 0.00000000 -0.00000300 1.00000000
vn 0.00000000 -0.00000500 1.00000000
vn -0.00000000 0.00000100 1.00000000
vn 0.00000000 0.00000000 1.00000000
vn 0.00000000 0.00000000 1.00000000
vn -0.00000000 0.00000600 1.00000000
vn 0.00000000 -0.00000500 1.00000000
vn -0.00000000 0.00000400 1.00000000
vn -0.00000000 0.00000600 1.00000000
vn -0.00000000 0.00001500 1.00000000
vn 0.00000000 -0.00000400 1.00000000
vn -0.00000000 0.00000400 1.00000000
vn -0.00000000 0.00001500 1.00000000
vn 0.00000000 -0.00000700 1.00000000
vn 0.00000000 -0.00000700 1.00000000
vn -0.00000000 0.00000400 1.00000000
vn 0.00000000 0.00000000 1.00000000
vn -0.00000000 0.00000400 1.00000000
vn 0.00000000 0.00000000 1.00000000
vn 0.00000000 0.00000000 1.00000000
vn 0.00000000 -0.00000300 1.00000000
vn 0.00000000 0.00000000 1.00000000
vn 0.00000000 0.00000000 1.00000000
vn 0.00000000 -0.00000600 1.00000000
vn 0.00000000 0.00000000 1.00000000
vn 0.00000000 -0.00000600 1.00000000
vn -0.00000000 0.00001100 1.00000000
vn 0.00000000 -0.00000800 1.00000000
vn -0.00000000 0.00001100 1.00000000
vn 0.00000000 0.00000000 1.00000000
vn 0.00000000 -0.00000800 1.00000000
vn 0.00000000 -0.00000300 1.00000000
vn -0.00000000 0.00000200 1.00000000
vn -0.00000000 0.00000400 1.00000000
vn 0.00000000 0.00000000 1.00000000
vn 0.00000000 -0.00000700 1.00000000
vn -0.00000000 0.00000400 1.00000000
vn 0.00000000 -0.00000700 1.00000000
vn 0.00000000 0.00000000 1.00000000
vn 0.00000000 -0.00000700 1.00000000
vn 0.00000000 -0.00000700 1.00000000
vn 0.00000000 0.00000000 1.00000000
vn 0.00000000 0.00000000 1.00000000
vn -0.00000000 0.00000300 1.00000000
vn -0.00000000 0.00000300 1.00000000
vn 0.00000000 0.00000000 1.00000000
vn 0.00000000 -0.00000300 1.00000000
vn 0.00000000 -0.00000300 1.00000000
vn 0.00000000 -0.00000300 1.00000000
vn -0.71700800 -0.69706500 -0.00000300
vn -0.71702200 -0.69705000 -0.00000400
vn -0.68770200 -0.72599300 0.00000000
vn -0.64140300 -0.76720500 -0.00000100
vn -0.78321000 -0.62172500 -0.00638500
vn -0.79828600 -0.60178400 -0.02441800
vn -0.82138300 -0.56958600 -0.03003000
vn -0.88490100 -0.46552100 -0.01551200
vn -0.86089700 -0.50871000 -0.00841500
vn -0.93294800 0.35874400 -0.03016900
vn -0.93296400 0.35870500 -0.03013300
vn -0.98032400 0.19739700 0.00001600
vn -0.99203600 0.12595600 0.00000000
vn -0.99983900 -0.01796000 0.00000000
vn -0.99591900 -0.09024800 0.00000000
vn -0.97260300 -0.23247200 0.00000000
vn -0.95323600 -0.30222800 0.00001900
vn -0.90547900 -0.42439000 0.00000000
vn -0.87886300 0.47327200 -0.06011800
vn -0.82532500 0.56385100 -0.03016700
vn -0.88351400 0.46840500 0.00000000
vn -0.92897700 0.37013800 0.00000000
vn -0.81033200 0.58597100 0.00000000
vn -0.71352700 0.70062800 0.00000000
vn -0.66097000 0.75041300 0.00001600
vn -0.54623300 0.83763300 -0.00000000
vn -0.48420200 0.87495600 0.00002300
vn -0.35339500 0.93547400 0.00000000
vn -0.28479100 0.95859000 -0.00001400
vn -0.14403300 0.98957300 0.00000000
vn -0.07206300 0.99740000 0.00001600
vn 0.07206300 0.99740000 0.00001900
vn 0.14403300 0.98957300 0.00000000
vn 0.28479000 0.95859000 0.00000100
vn 0.35339500 0.93547400 0.00001400
vn 0.45620400 0.88987500 0.00000100
vn 0.51921100 0.85459100 -0.00967000
vn 0.58307100 0.81236400 -0.00964100
vn 0.58308200 0.81235600 -0.00963600
vn 0.60492500 0.79575900 -0.02885600
vn 0.49181700 -0.86995100 -0.03606700
vn 0.40736900 -0.91308400 -0.01810200
vn 0.55062200 -0.83423500 -0.02944100
vn 0.55062900 -0.83423100 -0.02942100
vn 0.51547700 -0.85675000 -0.01618800
vn 0.60333500 -0.79746900 -0.00541700
vn 0.65932500 -0.75185800 -0.00000200
vn 0.73823000 -0.67454900 0.00002100
vn 0.78509500 -0.61937500 -0.00001400
vn 0.86597700 -0.50008300 0.00000000
vn 0.89988800 -0.43612200 0.00000100
vn 0.95323600 -0.30222800 0.00001200
vn 0.97260300 -0.23247200 -0.00000000
vn 0.99591900 -0.09024800 -0.00000100
vn 0.99983900 -0.01796000 -0.00000100
vn 0.99203600 0.12595600 -0.00000100
vn 0.98032400 0.19739700 0.00001700
vn 0.94176600 0.33626900 0.00001400
vn 0.91497000 0.40352200 0.00000000
vn 0.84746100 0.53085800 0.00002400
vn 0.80683400 0.59077900 -0.00001400
vn 0.71657100 0.69751400 0.00000100
vn 0.69240300 0.72151100 0.00000000
vn 0.38429700 -0.92321000 -0.00001500
vn 0.25018100 -0.96819900 -0.00000100
vn 0.17948000 -0.98376200 0.00000000
vn 0.03619700 -0.99934500 0.00000000
vn -0.03619700 -0.99934500 0.00000000
vn -0.17947700 -0.98376200 0.00001700
vn -0.25018000 -0.96819900 -0.00000200
vn -0.36281700 -0.93186100 -0.00000200
vn -0.42904000 -0.90309600 -0.01851300
vn -0.50190600 -0.86472500 -0.01846200
vn -0.50194600 -0.86470200 -0.01844000
vn -0.51476300 -0.85554800 -0.05527800
vn -0.61725800 -0.78676000 -0.00002500
vn -0.00000000 0.00000800 1.00000000
vn 0.00000000 0.00000000 1.00000000
vn 0.00000000 0.00000000 1.00000000
vn -0.00000000 0.00000800 1.00000000
vn -0.00000000 0.00000500 1.00000000
vn 0.00000000 -0.00000500 1.00000000
vn 0.00000000 -0.00000800 1.00000000
vn 0.00000000 0.00000000 1.00000000
vn 0.00000000 0.00000000 1.00000000
vn 0.00000000 0.00000000 1.00000000
vn 0.00000000 0.00000000 1.00000000
vn 0.00000000 0.00000000 1.00000000
vn 0.00000000 -0.00000800 1.00000000
vn -0.00000000 0.00000800 1.00000000
vn 0.00000000 -0.00000800 1.00000000
vn 0.00000000 0.00000000 1.00000000
vn 0.00000000 -0.00000500 1.00000000
vn 0.00000000 0.00000000 1.00000000
vn 0.00000000 0.00000000 1.00000000
vn -0.00000000 0.00000500 1.00000000
vn 0.00000000 0.00000000 1.00000000
vn -0.00000000 0.00000500 1.00000000
vn 0.00000000 -0.00000500 1.00000000
vn -0.00000000 0.00000500 1.00000000
vn 0.00000000 0.00000000 1.00000000
vn 0.00000000 0.00000000 1.00000000
vn 0.00000000 -0.00000500 1.00000000
vn -0.00000000 0.00000800 1.00000000
vn 0.00000000 -0.00000800 1.00000000
vn 0.00000000 0.00000000 1.00000000
vn -0.00000000 0.00000500 1.00000000
vn 0.00000000 0.00000000 1.00000000
vn 0.00000000 0.00000000 1.00000000
vn 0.00000000 0.00000000 1.00000000
vn 0.00000000 0.00000000 1.00000000
vn 0.00000000 -0.00000500 1.00000000
vn -0.00000000 0.00000500 1.00000000
vn 0.00000000 -0.00000500 1.00000000
vn 0.00000000 -0.00000800 1.00000000
vn 0.00000000 0.00000000 1.00000000
vn 0.00000000 0.00000000 1.00000000
vn 0.00000000 0.00000000 1.00000000
vn -0.00000000 0.00000800 1.00000000
vn 0.00000000 0.00000000 1.00000000
vn 0.00000000 -0.00000800 1.00000000
vn -0.00000000 0.00000800 1.00000000
vn 0.00000000 0.00000000 1.00000000
vn -0.25753600 0.44602600 0.85716700
vn -0.44605200 0.25752400 0.85715800
vn 0.00000000 0.51503100 0.85717100
vn -0.44605000 -0.25752500 0.85715800
vn -0.25753500 -0.44602800 0.85716700
vn -0.51505000 0.00000100 0.85716000
vn 0.25753500 -0.44602900 0.85716600
vn 0.44604900 -0.25752600 0.85715800
vn 0.00000000 -0.51503200 0.85717100
vn 0.44605100 0.25752500 0.85715800
vn 0.25753600 0.44602700 0.85716700
vn 0.51505000 0.00000100 0.85716000
vn 0.00000000 -0.00000300 1.00000000
vn -0.25752500 0.44603000 0.85716900
vn -0.44603300 0.25752300 0.85716700
vn 0.00000100 0.51503400 0.85717000
vn -0.44603100 -0.25752400 0.85716900
vn -0.25750500 -0.44604200 0.85716900
vn -0.51503300 0.00000100 0.85717000
vn 0.25750400 -0.44604500 0.85716700
vn 0.44603000 -0.25752700 0.85716800
vn 0.00000000 -0.51505200 0.85715900
vn 0.44603300 0.25752700 0.85716700
vn 0.25752400 0.44603400 0.85716700
vn 0.51503200 0.00000100 0.85717100
vn 0.00000400 0.00000300 1.00000000
vn -0.25750500 0.44604200 0.85716900
vn -0.44603100 0.25752400 0.85716900
vn 0.00000000 0.51505200 0.85715900
vn -0.44603300 -0.25752300 0.85716700
vn -0.25752500 -0.44603000 0.85716900
vn -0.51503300 -0.00000100 0.85717000
vn 0.25752400 -0.44603400 0.85716700
vn 0.44604300 -0.25750600 0.85716700
vn 0.00000100 -0.51503400 0.85717000
vn 0.44604100 0.25750600 0.85716900
vn 0.25750400 0.44604500 0.85716700
vn 0.51505000 -0.00000100 0.85716000
vn -0.00000000 -0.00000400 1.00000000
vn -0.25753500 0.44602900 0.85716600
vn -0.44604900 0.25752600 0.85715800
vn -0.00000100 0.51503300 0.85717000
vn -0.44605100 -0.25752500 0.85715800
vn -0.25751900 -0.44603900 0.85716600
vn -0.51505000 -0.00000100 0.85716000
vn 0.25752000 -0.44603700 0.85716600
vn 0.44605200 -0.25752400 0.85715800
vn -0.00000100 -0.51505200 0.85715900
vn 0.44605000 0.25752500 0.85715800
vn 0.25753500 0.44602900 0.85716600
vn 0.51505000 -0.00000100 0.85716000
vn -0.00000000 0.00000300 1.00000000
vn -0.25750400 0.44604500 0.85716700
vn -0.44603000 0.25752700 0.85716800
vn -0.00000000 0.51505200 0.85715900
vn -0.44603300 -0.25752700 0.85716700
vn -0.25752400 -0.44603400 0.85716700
vn -0.51503200 -0.00000100 0.85717100
vn 0.25752500 -0.44603000 0.85716900
vn 0.44603300 -0.25752300 0.85716700
vn -0.00000100 -0.51503400 0.85717000
vn 0.44603100 0.25752400 0.85716900
vn 0.25750500 0.44604200 0.85716900
vn 0.51503300 -0.00000100 0.85717000
vn -0.00000100 -0.00000300 1.00000000
vn -0.25752400 0.44603400 0.85716700
vn -0.44604300 0.25750600 0.85716700
vn -0.00000100 0.51503400 0.85717000
vn -0.44604100 -0.25750600 0.85716900
vn -0.25750400 -0.44604500 0.85716700
vn -0.51505000 0.00000100 0.85716000
vn 0.25750500 -0.44604200 0.85716900
vn 0.44604100 -0.25750300 0.85716900
vn -0.00000000 -0.51505200 0.85715900
vn 0.44604400 0.25750300 0.85716800
vn 0.25752500 0.44603000 0.85716900
vn 0.51505000 0.00000100 0.85716000
vn 0.00000000 0.00000000 1.00000000
vn 0.00000000 0.00000000 1.00000000
vn 0.00000000 0.00000000 1.00000000
vn 0.00000000 0.00000000 1.00000000
vn 0.00000000 0.00000000 1.00000000
vn 0.00000000 0.00000000 1.00000000
vn 0.00000000 0.00000000 1.00000000
vn 0.00000000 0.00000000 1.00000000
vn 0.00000000 0.00000000 1.00000000
vn 0.00000000 -0.00003100 1.00000000
vn 0.00000000 -0.00003100 1.00000000
vn 0.00000000 0.00000000 1.00000000
vn -0.00000000 0.00003100 1.00000000
vn 0.00000000 0.00000000 1.00000000
vn 0.00000000 -0.00003100 1.00000000
vn -0.00000000 0.00003100 1.00000000
vn -0.00000000 0.00003100 1.00000000
vn 0.00000000 0.00000000 1.00000000
vn 0.00000000 0.00000000 1.00000000
vn 0.00000000 0.00000000 1.00000000
vn -0.00000000 0.00001500 1.00000000
vn 0.00000000 0.00000000 1.00000000
vn -0.00000000 0.00001500 1.00000000
vn 0.00000000 0.00000000 1.00000000
vn 0.00000000 0.00000000 1.00000000
vn -0.00000000 0.00001500 1.00000000
vn 0.00000000 0.00000000 1.00000000
vn 0.00000000 0.00000000 1.00000000
vn 0.00000000 0.00000000 1.00000000
vn 0.00000000 0.00000000 1.00000000
vn 0.00000000 -0.00000200 1.00000000
vn 0.00000000 0.00000000 1.00000000
vn 0.00000000 0.00000000 1.00000000
vn 0.00000000 -0.00000200 1.00000000
vn 0.00000000 0.00000000 1.00000000
vn 0.00000000 -0.00000200 1.00000000
vn 0.00000000 0.00000000 1.00000000
vn 0.00000000 0.00000000 1.00000000
vn 0.00000000 0.00000000 1.00000000
vn 0.00000000 0.00000000 1.00000000
vn 0.00000000 0.00000000 1.00000000
vn 0.00000000 0.00000000 1.00000000
vn 0.00000000 -0.00003100 1.00000000
vn 0.00000000 -0.00003100 1.00000000
vn 0.00000000 0.00000000 1.00000000
vn 0.00000000 0.00000000 1.00000000
vn 0.00000000 -0.00003100 1.00000000
vn 0.00000000 0.00000000 1.00000000
vn -0.00000000 0.00003100 1.00000000
vn -0.00000000 0.00003100 1.00000000
vn 0.00000000 0.00000000 1.00000000
vn -0.00000000 0.00003100 1.00000000
vn 0.00000000 0.00000000 1.00000000
vn 0.00000000 0.00000000 1.00000000
vn 0.00000000 0.00000000 1.00000000
vn 0.00000000 0.00000000 1.00000000
vn 0.00000000 0.00000000 1.00000000
vn 0.00000000 0.00000000 1.00000000
vn -0.00000000 0.00003100 1.00000000
vn -0.00000000 0.00003100 1.00000000
vn 0.00000000 0.00000000 1.00000000
vn 0.00000000 0.00000000 1.00000000
vn -0.00000000 0.00003100 1.00000000
vn 0.00000000 0.00000000 1.00000000
vn 0.00000000 -0.00003100 1.00000000
vn 0.00000000 0.00000000 1.00000000
vn 0.00000000 0.00000000 1.00000000
vn 0.00000000 -0.00003100 1.00000000
vn 0.00000000 -0.00001500 1.00000000
vn 0.00000000 -0.00001500 1.00000000
vn 0.00000000 -0.00003100 1.00000000
vn 0.00000000 0.00000000 1.00000000
vn 0.00000000 -0.00001500 1.00000000
vn 0.00000000 0.00000000 1.00000000
vn 0.00000000 0.00000000 1.00000000
vn -0.00000000 0.00000400 1.00000000
vn 0.00000000 0.00000000 1.00000000
vn -0.00000000 0.00000400 1.00000000
vn 0.00000000 -0.00000800 1.00000000
vn 0.00000000 0.00000000 1.00000000
vn 0.00000000 0.00000000 1.00000000
vn 0.00000000 -0.00000800 1.00000000
vn -0.00000000 0.00000400 1.00000000
vn 0.00000000 -0.00000200 1.00000000
vn 0.00000000 -0.00000800 1.00000000
vn 0.00000000 0.00000000 1.00000000
vn 0.00000000 0.00000000 1.00000000
vn 0.00000000 -0.00000200 1.00000000
vn 0.00000000 0.00000000 1.00000000
vn 0.00000000 -0.00000200 1.00000000
vn 0.00000000 0.00000000 1.00000000
vn 0.00000000 0.00000000 1.00000000
vn 0.00000000 0.00000000 1.00000000
vn 0.00000000 0.00000000 1.00000000
vn -0.25885300 0.96591700 0.00000000
vn -0.25885300 0.96591700 0.00000000
vn -0.25884900 0.96591800 0.00000000
vn -0.25884900 0.96591800 0.00000000
vn -0.25885300 0.96591700 0.00000000
vn -0.25884900 0.96591800 0.00000000
vn -0.70710700 0.70710700 0.00000000
vn -0.70710700 0.70710700 0.00000000
vn -0.70710900 0.70710500 0.00000000
vn -0.70710700 0.70710700 0.00000000
vn -0.70710900 0.70710500 0.00000000
vn -0.70710900 0.70710500 0.00000000
vn -0.96591800 0.25884700 0.00000000
vn -0.96591800 0.25884800 0.00000000
vn -0.96591800 0.25884700 0.00000000
vn -0.96591800 0.25884700 0.00000000
vn -0.96591800 0.25884800 0.00000000
vn -0.96591800 0.25884800 0.00000000
vn -0.96591900 -0.25884600 0.00000000
vn -0.96591900 -0.25884600 0.00000000
vn -0.96591800 -0.25884600 0.00000000
vn -0.96591800 -0.25884600 0.00000000
vn -0.96591900 -0.25884600 0.00000000
vn -0.96591800 -0.25884600 0.00000000
vn -0.70714200 -0.70707100 0.00000000
vn -0.70713900 -0.70707500 0.00000000
vn -0.70714200 -0.70707100 0.00000000
vn -0.70713900 -0.70707500 0.00000000
vn -0.70714200 -0.70707100 0.00000000
vn -0.70713900 -0.70707500 0.00000000
vn -0.25878300 -0.96593600 0.00000000
vn -0.25878300 -0.96593600 0.00000000
vn -0.25877500 -0.96593800 0.00000000
vn -0.25877500 -0.96593800 0.00000000
vn -0.25878300 -0.96593600 0.00000000
vn -0.25877500 -0.96593800 0.00000000
vn 0.25877600 -0.96593700 0.00000000
vn 0.25878300 -0.96593600 0.00000000
vn 0.25877600 -0.96593700 0.00000000
vn 0.25878300 -0.96593600 0.00000000
vn 0.25877600 -0.96593700 0.00000000
vn 0.25878300 -0.96593600 0.00000000
vn 0.70713900 -0.70707500 0.00000000
vn 0.70714200 -0.70707100 0.00000000
vn 0.70713900 -0.70707500 0.00000000
vn 0.70713900 -0.70707500 0.00000000
vn 0.70714200 -0.70707100 0.00000000
vn 0.70714200 -0.70707100 0.00000000
vn 0.96591800 -0.25884700 0.00000000
vn 0.96591800 -0.25884700 0.00000000
vn 0.96591900 -0.25884600 0.00000000
vn 0.96591800 -0.25884700 0.00000000
vn 0.96591900 -0.25884600 0.00000000
vn 0.96591900 -0.25884600 0.00000000
vn 0.96591800 0.25884900 0.00000000
vn 0.96591800 0.25884900 0.00000000
vn 0.96591800 0.25884800 0.00000000
vn 0.96591800 0.25884900 0.00000000
vn 0.96591800 0.25884800 0.00000000
vn 0.96591800 0.25884800 0.00000000
vn 0.70710900 0.70710500 0.00000000
vn 0.70710900 0.70710500 0.00000000
vn 0.70710700 0.70710700 0.00000000
vn 0.70710700 0.70710700 0.00000000
vn 0.70710900 0.70710500 0.00000000
vn 0.70710700 0.70710700 0.00000000
vn 0.25884900 0.96591800 0.00000000
vn 0.25885300 0.96591700 0.00000000
vn 0.25884900 0.96591800 0.00000000
vn 0.25885300 0.96591700 0.00000000
vn 0.25884900 0.96591800 0.00000000
vn 0.25885300 0.96591700 0.00000000
vn -0.25877600 0.96593700 0.00000000
vn -0.25878300 0.96593600 0.00000000
vn -0.25877600 0.96593700 0.00000000
vn -0.25878300 0.96593600 0.00000000
vn -0.25877600 0.96593700 0.00000000
vn -0.25878300 0.96593600 0.00000000
vn -0.70713900 0.70707500 0.00000000
vn -0.70713900 0.70707500 0.00000000
vn -0.70714200 0.70707100 0.00000000
vn -0.70713900 0.70707500 0.00000000
vn -0.70714200 0.70707100 0.00000000
vn -0.70714200 0.70707100 0.00000000
vn -0.96591800 0.25884700 0.00000000
vn -0.96591800 0.25884700 0.00000000
vn -0.96591900 0.25884600 0.00000000
vn -0.96591900 0.25884600 0.00000000
vn -0.96591800 0.25884700 0.00000000
vn -0.96591900 0.25884600 0.00000000
vn -0.96591800 -0.25884900 0.00000000
vn -0.96591800 -0.25884900 0.00000000
vn -0.96591800 -0.25884800 0.00000000
vn -0.96591800 -0.25884900 0.00000000
vn -0.96591800 -0.25884800 0.00000000
vn -0.96591800 -0.25884800 0.00000000
vn -0.70710900 -0.70710500 0.00000000
vn -0.70710700 -0.70710700 0.00000000
vn -0.70710900 -0.70710500 0.00000000
vn -0.70710900 -0.70710500 0.00000000
vn -0.70710700 -0.70710700 0.00000000
vn -0.70710700 -0.70710700 0.00000000
vn -0.25884900 -0.96591800 0.00000000
vn -0.25884900 -0.96591800 0.00000000
vn -0.25885300 -0.96591700 0.00000000
vn -0.25884900 -0.96591800 0.00000000
vn -0.25885300 -0.96591700 0.00000000
vn -0.25885300 -0.96591700 0.00000000
vn 0.25885300 -0.96591700 0.00000000
vn 0.25884900 -0.96591800 0.00000000
vn 0.25885300 -0.96591700 0.00000000
vn 0.25884900 -0.96591800 0.00000000
vn 0.25885300 -0.96591700 0.00000000
vn 0.25884900 -0.96591800 0.00000000
vn 0.70710700 -0.70710700 0.00000000
vn 0.70710700 -0.70710700 0.00000000
vn 0.70710900 -0.70710500 0.00000000
vn 0.70710700 -0.70710700 0.00000000
vn 0.70710900 -0.70710500 0.00000000
vn 0.70710900 -0.70710500 0.00000000
vn 0.96591800 -0.25884700 0.00000000
vn 0.96591800 -0.25884700 0.00000000
vn 0.96591800 -0.25884800 0.00000000
vn 0.96591800 -0.25884700 0.00000000
vn 0.96591800 -0.25884800 0.00000000
vn 0.96591800 -0.25884800 0.00000000
vn 0.96591900 0.25884600 0.00000000
vn 0.96591900 0.25884600 0.00000000
vn 0.96591800 0.25884600 0.00000000
vn 0.96591900 0.25884600 0.00000000
vn 0.96591800 0.25884600 0.00000000
vn 0.96591800 0.25884600 0.00000000
vn 0.70714200 0.70707100 0.00000000
vn 0.70713900 0.70707500 0.00000000
vn 0.70714200 0.70707100 0.00000000
vn 0.70714200 0.70707100 0.00000000
vn 0.70713900 0.70707500 0.00000000
vn 0.70713900 0.70707500 0.00000000
vn 0.25878300 0.96593600 0.00000000
vn 0.25878300 0.96593600 0.00000000
vn 0.25877500 0.96593800 0.00000000
vn 0.25878300 0.96593600 0.00000000
vn 0.25877500 0.96593800 0.00000000
vn 0.25877500 0.96593800 0.00000000
vn -0.25884800 0.96591800 0.00000000
vn -0.25884800 0.96591800 0.00000000
vn -0.25884800 0.96591800 -0.00000000
vn -0.25884800 0.96591800 -0.00000000
vn -0.25884800 0.96591800 0.00000000
vn -0.25884800 0.96591800 -0.00000000
vn -0.70714900 0.70706500 -0.00000000
vn -0.70714500 0.70706800 0.00000000
vn -0.70714900 0.70706500 -0.00000000
vn -0.70714500 0.70706800 0.00000000
vn -0.70714900 0.70706500 -0.00000000
vn -0.70714500 0.70706800 0.00000000
vn -0.96591900 0.25884600 0.00000000
vn -0.96591900 0.25884600 0.00000000
vn -0.96591900 0.25884600 0.00000000
vn -0.96591900 0.25884600 0.00000000
vn -0.96591900 -0.25884300 0.00000000
vn -0.96592000 -0.25884200 0.00000000
vn -0.96591900 -0.25884300 0.00000000
vn -0.96591900 -0.25884300 0.00000000
vn -0.96592000 -0.25884200 0.00000000
vn -0.96592000 -0.25884200 0.00000000
vn -0.70713800 -0.70707500 0.00000000
vn -0.70713800 -0.70707500 0.00000000
vn -0.70713800 -0.70707500 -0.00000100
vn -0.70713800 -0.70707500 0.00000000
vn -0.70713800 -0.70707500 -0.00000100
vn -0.70713800 -0.70707500 -0.00000100
vn -0.25884800 -0.96591800 -0.00000000
vn -0.25884800 -0.96591800 -0.00000000
vn -0.25884900 -0.96591800 0.00000000
vn -0.25884900 -0.96591800 0.00000000
vn -0.25884800 -0.96591800 -0.00000000
vn -0.25884900 -0.96591800 0.00000000
vn 0.25884900 -0.96591800 0.00000000
vn 0.25884800 -0.96591800 0.00000000
vn 0.25884900 -0.96591800 0.00000000
vn 0.25884800 -0.96591800 0.00000000
vn 0.25884900 -0.96591800 0.00000000
vn 0.25884800 -0.96591800 0.00000000
vn 0.70713900 -0.70707400 0.00000100
vn 0.70713800 -0.70707600 0.00000000
vn 0.70713900 -0.70707400 0.00000100
vn 0.70713800 -0.70707600 0.00000000
vn 0.70713900 -0.70707400 0.00000100
vn 0.70713800 -0.70707600 0.00000000
vn 0.96592000 -0.25884200 0.00000000
vn 0.96591900 -0.25884300 0.00000000
vn 0.96592000 -0.25884200 0.00000000
vn 0.96591900 -0.25884300 0.00000000
vn 0.96592000 -0.25884200 0.00000000
vn 0.96591900 -0.25884300 0.00000000
vn 0.96591900 0.25884600 0.00000000
vn 0.96591900 0.25884600 0.00000000
vn 0.96591900 0.25884600 0.00000000
vn 0.96591900 0.25884600 0.00000000
vn 0.70714400 0.70707000 0.00000000
vn 0.70714900 0.70706500 0.00000000
vn 0.70714400 0.70707000 0.00000000
vn 0.70714900 0.70706500 0.00000000
vn 0.70714400 0.70707000 0.00000000
vn 0.70714900 0.70706500 0.00000000
vn 0.25884900 0.96591800 0.00000000
vn 0.25884900 0.96591800 0.00000000
vn 0.25884800 0.96591800 0.00000000
vn 0.25884900 0.96591800 0.00000000
vn 0.25884800 0.96591800 0.00000000
vn 0.25884800 0.96591800 0.00000000
vn -0.25884100 0.96592000 0.00000000
vn -0.25884600 0.96591900 0.00000000
vn -0.25884100 0.96592000 0.00000000
vn -0.25884100 0.96592000 0.00000000
vn -0.25884600 0.96591900 0.00000000
vn -0.25884600 0.96591900 0.00000000
vn -0.70711300 0.70710000 0.00000000
vn -0.70711200 0.70710100 0.00000000
vn -0.70711300 0.70710000 0.00000000
vn -0.70711300 0.70710000 0.00000000
vn -0.70711200 0.70710100 0.00000000
vn -0.70711200 0.70710100 0.00000000
vn -0.96591900 0.25884500 0.00000000
vn -0.96591900 0.25884600 0.00000000
vn -0.96591900 0.25884500 0.00000000
vn -0.96591900 0.25884500 0.00000000
vn -0.96591900 0.25884600 0.00000000
vn -0.96591900 0.25884600 0.00000000
vn -0.96592000 -0.25884100 0.00000000
vn -0.96592000 -0.25884100 0.00000000
vn -0.96592000 -0.25884100 0.00000000
vn -0.96592000 -0.25884100 0.00000000
vn -0.70710600 -0.70710800 0.00000000
vn -0.70710600 -0.70710800 0.00000000
vn -0.70710500 -0.70710800 0.00000000
vn -0.70710500 -0.70710800 0.00000000
vn -0.70710600 -0.70710800 0.00000000
vn -0.70710500 -0.70710800 0.00000000
vn -0.25875700 -0.96594300 0.00000000
vn -0.25875700 -0.96594300 0.00000000
vn -0.25875400 -0.96594300 0.00000000
vn -0.25875700 -0.96594300 0.00000000
vn -0.25875400 -0.96594300 0.00000000
vn -0.25875400 -0.96594300 0.00000000
vn 0.25875800 -0.96594200 0.00000000
vn 0.25875800 -0.96594200 0.00000000
vn 0.25876200 -0.96594100 0.00000000
vn 0.25875800 -0.96594200 0.00000000
vn 0.25876200 -0.96594100 0.00000000
vn 0.25876200 -0.96594100 0.00000000
vn 0.70709800 -0.70711500 0.00000000
vn 0.70709800 -0.70711500 0.00000000
vn 0.70709900 -0.70711400 0.00000000
vn 0.70709900 -0.70711400 0.00000000
vn 0.70709800 -0.70711500 0.00000000
vn 0.70709900 -0.70711400 0.00000000
vn 0.96592000 -0.25884100 0.00000000
vn 0.96592000 -0.25884100 0.00000000
vn 0.96594300 -0.25875500 -0.00001500
vn 0.96592000 -0.25884100 0.00000000
vn 0.96594300 -0.25875500 -0.00001500
vn 0.96594300 -0.25875500 -0.00001500
vn 0.96591900 0.25884500 -0.00001500
vn 0.96591900 0.25884500 -0.00001500
vn 0.96594200 0.25875900 0.00000000
vn 0.96591900 0.25884500 -0.00001500
vn 0.96594200 0.25875900 0.00000000
vn 0.96594200 0.25875900 0.00000000
vn 0.70710500 0.70710800 0.00000000
vn 0.70710600 0.70710800 0.00000000
vn 0.70710500 0.70710800 0.00000000
vn 0.70710500 0.70710800 0.00000000
vn 0.70710600 0.70710800 0.00000000
vn 0.70710600 0.70710800 0.00000000
vn 0.25885000 0.96591800 0.00000000
vn 0.25885000 0.96591800 0.00000000
vn 0.25884600 0.96591900 0.00000000
vn 0.25885000 0.96591800 0.00000000
vn 0.25884600 0.96591900 0.00000000
vn 0.25884600 0.96591900 0.00000000
vn -0.25875400 0.96594300 0.00000000
vn -0.25875400 0.96594300 0.00000000
vn -0.25875700 0.96594200 0.00000000
vn -0.25875400 0.96594300 0.00000000
vn -0.25875700 0.96594200 0.00000000
vn -0.25875700 0.96594200 0.00000000
vn -0.70710600 0.70710700 0.00000000
vn -0.70710500 0.70710800 0.00000000
vn -0.70710600 0.70710700 0.00000000
vn -0.70710600 0.70710700 0.00000000
vn -0.70710500 0.70710800 0.00000000
vn -0.70710500 0.70710800 0.00000000
vn -0.96592000 0.25884100 0.00000000
vn -0.96594300 0.25875500 -0.00001400
vn -0.96592000 0.25884100 0.00000000
vn -0.96594300 0.25875500 -0.00001400
vn -0.96592000 0.25884100 0.00000000
vn -0.96594300 0.25875500 -0.00001400
vn -0.96591900 -0.25884500 -0.00001400
vn -0.96591900 -0.25884500 -0.00001400
vn -0.96594200 -0.25875900 0.00000000
vn -0.96591900 -0.25884500 -0.00001400
vn -0.96594200 -0.25875900 0.00000000
vn -0.96594200 -0.25875900 0.00000000
vn -0.70711300 -0.70710000 0.00000000
vn -0.70711200 -0.70710100 0.00000000
vn -0.70711300 -0.70710000 0.00000000
vn -0.70711300 -0.70710000 0.00000000
vn -0.70711200 -0.70710100 0.00000000
vn -0.70711200 -0.70710100 0.00000000
vn -0.25884600 -0.96591900 0.00000000
vn -0.25884600 -0.96591900 0.00000000
vn -0.25884100 -0.96592000 0.00000000
vn -0.25884600 -0.96591900 0.00000000
vn -0.25884100 -0.96592000 0.00000000
vn -0.25884100 -0.96592000 0.00000000
vn 0.25884500 -0.96591900 0.00000000
vn 0.25884500 -0.96591900 0.00000000
vn 0.25885100 -0.96591700 0.00000000
vn 0.25884500 -0.96591900 0.00000000
vn 0.25885100 -0.96591700 0.00000000
vn 0.25885100 -0.96591700 0.00000000
vn 0.70710500 -0.70710800 0.00000000
vn 0.70710600 -0.70710700 0.00000000
vn 0.70710500 -0.70710800 0.00000000
vn 0.70710600 -0.70710700 0.00000000
vn 0.70710500 -0.70710800 0.00000000
vn 0.70710600 -0.70710700 0.00000000
vn 0.96594200 -0.25875900 0.00000000
vn 0.96591900 -0.25884600 0.00001500
vn 0.96594200 -0.25875900 0.00000000
vn 0.96591900 -0.25884600 0.00001500
vn 0.96594200 -0.25875900 0.00000000
vn 0.96591900 -0.25884600 0.00001500
vn 0.96594300 0.25875600 0.00001500
vn 0.96592000 0.25884100 0.00000000
vn 0.96594300 0.25875600 0.00001500
vn 0.96594300 0.25875600 0.00001500
vn 0.96592000 0.25884100 0.00000000
vn 0.96592000 0.25884100 0.00000000
vn 0.70709800 0.70711500 0.00000000
vn 0.70709900 0.70711500 0.00000000
vn 0.70709800 0.70711500 0.00000000
vn 0.70709900 0.70711500 0.00000000
vn 0.70709800 0.70711500 0.00000000
vn 0.70709900 0.70711500 0.00000000
vn 0.25876100 0.96594100 0.00000000
vn 0.25875900 0.96594200 0.00000000
vn 0.25876100 0.96594100 0.00000000
vn 0.25876100 0.96594100 0.00000000
vn 0.25875900 0.96594200 0.00000000
vn 0.25875900 0.96594200 0.00000000
vn -0.25884900 0.96591800 0.00000000
vn -0.25884800 0.96591800 0.00000000
vn -0.25884900 0.96591800 0.00000000
vn -0.25884800 0.96591800 0.00000000
vn -0.25884900 0.96591800 0.00000000
vn -0.25884800 0.96591800 0.00000000
vn -0.70713800 0.70707600 0.00000100
vn -0.70713800 0.70707600 0.00000100
vn -0.70713900 0.70707400 0.00000000
vn -0.70713800 0.70707600 0.00000100
vn -0.70713900 0.70707400 0.00000000
vn -0.70713900 0.70707400 0.00000000
vn -0.96592000 0.25884200 0.00000000
vn -0.96592000 0.25884200 0.00000000
vn -0.96591900 0.25884300 0.00000000
vn -0.96592000 0.25884200 0.00000000
vn -0.96591900 0.25884300 0.00000000
vn -0.96591900 0.25884300 0.00000000
vn -0.96591900 -0.25884600 0.00000000
vn -0.96591900 -0.25884600 0.00000000
vn -0.96591900 -0.25884600 0.00000000
vn -0.96591900 -0.25884600 0.00000000
vn -0.70714300 -0.70707100 0.00000000
vn -0.70714300 -0.70707100 0.00000000
vn -0.70715000 -0.70706400 0.00000100
vn -0.70714300 -0.70707100 0.00000000
vn -0.70715000 -0.70706400 0.00000100
vn -0.70715000 -0.70706400 0.00000100
vn -0.25876100 -0.96594200 0.00000000
vn -0.25876100 -0.96594200 0.00000000
vn -0.25885300 -0.96591700 0.00001400
vn -0.25876100 -0.96594200 0.00000000
vn -0.25885300 -0.96591700 0.00001400
vn -0.25885300 -0.96591700 0.00001400
vn 0.25876300 -0.96594100 0.00001400
vn 0.25876300 -0.96594100 0.00001400
vn 0.25885000 -0.96591800 -0.00000000
vn 0.25876300 -0.96594100 0.00001400
vn 0.25885000 -0.96591800 -0.00000000
vn 0.25885000 -0.96591800 -0.00000000
vn 0.70715100 -0.70706200 -0.00000100
vn 0.70715100 -0.70706200 -0.00000100
vn 0.70714300 -0.70707000 0.00000000
vn 0.70715100 -0.70706200 -0.00000100
vn 0.70714300 -0.70707000 0.00000000
vn 0.70714300 -0.70707000 0.00000000
vn 0.96591900 -0.25884600 0.00000000
vn 0.96591900 -0.25884600 0.00000000
vn 0.96591900 -0.25884600 0.00000000
vn 0.96591900 -0.25884600 0.00000000
vn 0.96591900 0.25884300 0.00000000
vn 0.96591900 0.25884300 0.00000000
vn 0.96592000 0.25884200 0.00000000
vn 0.96591900 0.25884300 0.00000000
vn 0.96592000 0.25884200 0.00000000
vn 0.96592000 0.25884200 0.00000000
vn 0.70713800 0.70707500 0.00000000
vn 0.70713800 0.70707500 0.00000000
vn 0.70713800 0.70707600 -0.00000100
vn 0.70713800 0.70707500 0.00000000
vn 0.70713800 0.70707600 -0.00000100
vn 0.70713800 0.70707600 -0.00000100
vn 0.25884800 0.96591800 -0.00000000
vn 0.25885000 0.96591800 0.00000000
vn 0.25884800 0.96591800 -0.00000000
vn 0.25885000 0.96591800 0.00000000
vn 0.25884800 0.96591800 -0.00000000
vn 0.25885000 0.96591800 0.00000000
vn -0.25875800 0.96594200 0.00000000
vn -0.25876200 0.96594100 0.00000000
vn -0.25875800 0.96594200 0.00000000
vn -0.25876200 0.96594100 0.00000000
vn -0.25875800 0.96594200 0.00000000
vn -0.25876200 0.96594100 0.00000000
vn -0.70709800 0.70711500 0.00000000
vn -0.70709800 0.70711500 0.00000000
vn -0.70709900 0.70711400 0.00000000
vn -0.70709900 0.70711400 0.00000000
vn -0.70709800 0.70711500 0.00000000
vn -0.70709900 0.70711400 0.00000000
vn -0.96592000 0.25884100 0.00000000
vn -0.96594300 0.25875500 -0.00001500
vn -0.96592000 0.25884100 0.00000000
vn -0.96594300 0.25875500 -0.00001500
vn -0.96592000 0.25884100 0.00000000
vn -0.96594300 0.25875500 -0.00001500
vn -0.96591900 -0.25884500 -0.00001500
vn -0.96594200 -0.25875900 0.00000000
vn -0.96591900 -0.25884500 -0.00001500
vn -0.96591900 -0.25884500 -0.00001500
vn -0.96594200 -0.25875900 0.00000000
vn -0.96594200 -0.25875900 0.00000000
vn -0.70710500 -0.70710800 0.00000000
vn -0.70710600 -0.70710800 0.00000000
vn -0.70710500 -0.70710800 0.00000000
vn -0.70710500 -0.70710800 0.00000000
vn -0.70710600 -0.70710800 0.00000000
vn -0.70710600 -0.70710800 0.00000000
vn -0.25885000 -0.96591800 0.00000000
vn -0.25885000 -0.96591800 0.00000000
vn -0.25884600 -0.96591900 0.00000000
vn -0.25884600 -0.96591900 0.00000000
vn -0.25885000 -0.96591800 0.00000000
vn -0.25884600 -0.96591900 0.00000000
vn 0.25884100 -0.96592000 0.00000000
vn 0.25884600 -0.96591900 0.00000000
vn 0.25884100 -0.96592000 0.00000000
vn 0.25884600 -0.96591900 0.00000000
vn 0.25884100 -0.96592000 0.00000000
vn 0.25884600 -0.96591900 0.00000000
vn 0.70711300 -0.70710000 0.00000000
vn 0.70711200 -0.70710100 0.00000000
vn 0.70711300 -0.70710000 0.00000000
vn 0.70711200 -0.70710100 0.00000000
vn 0.70711300 -0.70710000 0.00000000
vn 0.70711200 -0.70710100 0.00000000
vn 0.96591900 -0.25884500 0.00000000
vn 0.96594200 -0.25875900 -0.00001400
vn 0.96591900 -0.25884500 0.00000000
vn 0.96594200 -0.25875900 -0.00001400
vn 0.96591900 -0.25884500 0.00000000
vn 0.96594200 -0.25875900 -0.00001400
vn 0.96592000 0.25884100 -0.00001400
vn 0.96594300 0.25875600 0.00000000
vn 0.96592000 0.25884100 -0.00001400
vn 0.96594300 0.25875600 0.00000000
vn 0.96592000 0.25884100 -0.00001400
vn 0.96594300 0.25875600 0.00000000
vn 0.70710600 0.70710800 0.00000000
vn 0.70710500 0.70710800 0.00000000
vn 0.70710600 0.70710800 0.00000000
vn 0.70710600 0.70710800 0.00000000
vn 0.70710500 0.70710800 0.00000000
vn 0.70710500 0.70710800 0.00000000
vn 0.25875700 0.96594300 0.00000000
vn 0.25875700 0.96594300 0.00000000
vn 0.25875400 0.96594300 0.00000000
vn 0.25875700 0.96594300 0.00000000
vn 0.25875400 0.96594300 0.00000000
vn 0.25875400 0.96594300 0.00000000
vn -0.25884500 0.96591900 0.00000000
vn -0.25885100 0.96591700 0.00000000
vn -0.25884500 0.96591900 0.00000000
vn -0.25885100 0.96591700 0.00000000
vn -0.25884500 0.96591900 0.00000000
vn -0.25885100 0.96591700 0.00000000
vn -0.70710500 0.70710800 0.00000000
vn -0.70710500 0.70710800 0.00000000
vn -0.70710600 0.70710700 0.00000000
vn -0.70710600 0.70710700 0.00000000
vn -0.70710500 0.70710800 0.00000000
vn -0.70710600 0.70710700 0.00000000
vn -0.96594200 0.25875900 0.00000000
vn -0.96594200 0.25875900 0.00000000
vn -0.96591900 0.25884600 0.00001500
vn -0.96594200 0.25875900 0.00000000
vn -0.96591900 0.25884600 0.00001500
vn -0.96591900 0.25884600 0.00001500
vn -0.96594300 -0.25875600 0.00001500
vn -0.96592000 -0.25884100 0.00000000
vn -0.96594300 -0.25875600 0.00001500
vn -0.96594300 -0.25875600 0.00001500
vn -0.96592000 -0.25884100 0.00000000
vn -0.96592000 -0.25884100 0.00000000
vn -0.70709800 -0.70711500 0.00000000
vn -0.70709900 -0.70711500 0.00000000
vn -0.70709800 -0.70711500 0.00000000
vn -0.70709900 -0.70711500 0.00000000
vn -0.70709800 -0.70711500 0.00000000
vn -0.70709900 -0.70711500 0.00000000
vn -0.25876100 -0.96594100 0.00000000
vn -0.25875900 -0.96594200 0.00000000
vn -0.25876100 -0.96594100 0.00000000
vn -0.25876100 -0.96594100 0.00000000
vn -0.25875900 -0.96594200 0.00000000
vn -0.25875900 -0.96594200 0.00000000
vn 0.25875400 -0.96594300 0.00000000
vn 0.25875400 -0.96594300 0.00000000
vn 0.25875700 -0.96594200 0.00000000
vn 0.25875400 -0.96594300 0.00000000
vn 0.25875700 -0.96594200 0.00000000
vn 0.25875700 -0.96594200 0.00000000
vn 0.70710600 -0.70710700 0.00000000
vn 0.70710600 -0.70710700 0.00000000
vn 0.70710500 -0.70710800 0.00000000
vn 0.70710600 -0.70710700 0.00000000
vn 0.70710500 -0.70710800 0.00000000
vn 0.70710500 -0.70710800 0.00000000
vn 0.96594300 -0.25875500 0.00000000
vn 0.96594300 -0.25875500 0.00000000
vn 0.96592000 -0.25884200 0.00001400
vn 0.96594300 -0.25875500 0.00000000
vn 0.96592000 -0.25884200 0.00001400
vn 0.96592000 -0.25884200 0.00001400
vn 0.96594200 0.25876000 0.00001400
vn 0.96594200 0.25876000 0.00001400
vn 0.96591900 0.25884500 0.00000000
vn 0.96594200 0.25876000 0.00001400
vn 0.96591900 0.25884500 0.00000000
vn 0.96591900 0.25884500 0.00000000
vn 0.70711300 0.70710000 0.00000000
vn 0.70711300 0.70710000 0.00000000
vn 0.70711200 0.70710100 0.00000000
vn 0.70711200 0.70710100 0.00000000
vn 0.70711300 0.70710000 0.00000000
vn 0.70711200 0.70710100 0.00000000
vn 0.25884600 0.96591900 0.00000000
vn 0.25884100 0.96592000 0.00000000
vn 0.25884600 0.96591900 0.00000000
vn 0.25884100 0.96592000 0.00000000
vn 0.25884600 0.96591900 0.00000000
vn 0.25884100 0.96592000 0.00000000
vn 0.03622800 0.99934400 0.00000000
vn -0.03623000 0.99934300 0.00000000
vn -0.17944300 0.98376800 0.00000000
vn -0.25020700 0.96819200 -0.00001700
vn -0.38672800 0.92219400 0.00001400
vn -0.45249000 0.89177000 0.00000100
vn -0.57594200 0.81749100 0.00000000
vn -0.63362500 0.77364000 0.00000000
vn -0.73820500 0.67457700 0.00000000
vn -0.78511400 0.61935200 0.00000000
vn -0.86596000 0.50011300 0.00000000
vn -0.89990100 0.43609500 0.00000800
vn -0.95323000 0.30224600 -0.00000100
vn -0.97260200 0.23247700 -0.00001100
vn -0.99591600 0.09028300 -0.00000500
vn -0.99983900 0.01793200 0.00001400
vn -0.99204100 -0.12591800 0.00000000
vn -0.98031900 -0.19742200 0.00000000
vn -0.94177900 -0.33623100 0.00001600
vn -0.91496000 -0.40354400 0.00000100
vn -0.84748000 -0.53082800 0.00001400
vn -0.80681700 -0.59080100 -0.00001600
vn -0.71355000 -0.70060400 -0.00000300
vn -0.66097100 -0.75041200 -0.00000300
vn -0.54625800 -0.83761700 -0.00000300
vn -0.48417200 -0.87497300 -0.00001400
vn -0.35342700 -0.93546200 0.00000000
vn -0.28476200 -0.95859800 -0.00000600
vn -0.14405800 -0.98956900 0.00000600
vn -0.07202700 -0.99740300 -0.00000600
vn 0.07202400 -0.99740300 0.00000800
vn 0.14405700 -0.98956900 -0.00001600
vn 0.28476000 -0.95859900 0.00000000
vn 0.35342600 -0.93546200 -0.00001700
vn 0.48417800 -0.87496900 0.00000000
vn 0.54626400 -0.83761300 -0.00001300
vn 0.66094100 -0.75043800 -0.00001400
vn 0.71354600 -0.70060900 0.00000000
vn 0.80681400 -0.59080500 -0.00001200
vn 0.84747700 -0.53083300 0.00000100
vn 0.91496000 -0.40354300 -0.00001900
vn 0.94177900 -0.33623100 -0.00001300
vn 0.98031900 -0.19742100 0.00000000
vn 0.99204100 -0.12591700 0.00000000
vn 0.99983900 0.01792400 -0.00001400
vn 0.99591700 0.09027600 0.00000000
vn 0.97261100 0.23243800 -0.00001400
vn 0.95322700 0.30225500 0.00000000
vn 0.89990000 0.43609700 0.00001400
vn 0.86595900 0.50011400 0.00002400
vn 0.78511800 0.61934600 0.00001300
vn 0.73821000 0.67457100 0.00000100
vn 0.63362200 0.77364300 0.00000000
vn 0.57593900 0.81749300 0.00000000
vn 0.45249500 0.89176700 0.00000000
vn 0.38673400 0.92219100 0.00000000
vn 0.25020600 0.96819300 0.00001300
vn 0.17944100 0.98376900 0.00000000
vn 0.00000000 0.00000000 -1.00000000
vn 0.00000000 0.00000000 -1.00000000
vn 0.00000000 0.00000000 -1.00000000
vn 0.00000000 0.00000000 -1.00000000
vn 0.00000000 -0.00000000 -1.00000000
vn 0.00000000 0.00000000 -1.00000000
vn 0.00000000 0.00000000 -1.00000000
vn 0.00000000 -0.00000000 -1.00000000
vn 0.00000000 0.00000000 -1.00000000
vn 0.00000000 0.00000000 -1.00000000
vn 0.00000000 0.00000000 -1.00000000
vn 0.00000000 -0.00000000 -1.00000000
vn 0.00000000 0.00000000 -1.00000000
vn -0.00000000 0.00000000 -1.00000000
vn -0.00000000 0.00000000 -1.00000000
vn -0.00000000 0.00000000 -1.00000000
vn 0.00000000 0.00000000 -1.00000000
vn 0.00000000 0.00000000 -1.00000000
vn 0.00000000 0.00000000 -1.00000000
vn 0.00000000 -0.00000000 -1.00000000
vn -0.00000000 0.00000000 -1.00000000
vn 0.00000000 0.00000000 -1.00000000
vn 0.00000000 0.00000000 -1.00000000
vn 0.00000000 0.00000000 -1.00000000
vn 0.00000000 -0.00000000 -1.00000000
vn 0.00000000 0.00000000 -1.00000000
vn 0.00000000 0.00000000 -1.00000000
vn 0.00000000 0.00000000 -1.00000000
vn 0.00000000 0.00000000 -1.00000000
vn 0.00000000 0.00000000 -1.00000000
vn 0.00000000 0.00000000 -1.00000000
vn -0.00000000 0.00000000 -1.00000000
vn -0.00000000 0.00000000 -1.00000000
vn 0.00000000 -0.00000000 -1.00000000
vn 0.00000000 -0.00000000 -1.00000000
vn 0.00000000 0.00000000 -1.00000000
vn 0.00000000 -0.00000000 -1.00000000
vn -0.00000000 0.00000000 -1.00000000
vn 0.00000000 0.00000000 -1.00000000
vn 0.00000000 -0.00000000 -1.00000000
vn 0.00000000 0.00000000 -1.00000000
vn 0.00000000 0.00000000 -1.00000000
vn 0.00000000 0.00000000 -1.00000000
vn 0.00000000 0.00000000 -1.00000000
vn 0.00000000 0.00000000 -1.00000000
vn -0.00000000 0.00000000 -1.00000000
vn 0.00000000 0.00000000 -1.00000000
vn -0.00000000 0.00000000 -1.00000000
vn 0.00000000 0.00000000 -1.00000000
vn -0.00000000 0.00000000 -1.00000000
vn 0.00000000 0.00000000 -1.00000000
vn 0.00000000 0.00000000 -1.00000000
vn 0.00000000 0.00000000 -1.00000000
vn 0.00000000 0.00000000 -1.00000000
vn 0.00000000 0.00000000 -1.00000000
vn 0.00000000 0.00000000 -1.00000000
vn 0.00000000 0.00000000 -1.00000000
vn 0.00000000 0.00000000 -1.00000000
vn 0.00000000 0.00000000 -1.00000000
vn 0.00000000 0.00000000 -1.00000000
vn 0.00000000 0.00000000 -1.00000000
vn 0.00000000 0.00000000 -1.00000000
vn 0.00000000 0.00000000 -1.00000000
vn 0.00000000 -0.00000000 -1.00000000
vn 0.00000000 0.00000000 -1.00000000
vn -0.00000000 0.00000000 -1.00000000
vn 0.00000000 -0.00000000 -1.00000000
vn -0.00000000 0.00000000 -1.00000000
vn 0.00000000 0.00000000 -1.00000000
vn 0.00000000 -0.00000000 -1.00000000
vn -0.00000000 0.00000000 -1.00000000
vn 0.00000000 0.00000000 -1.00000000
vn -0.00000000 0.00000000 -1.00000000
vn 0.00000000 0.00000000 -1.00000000
vn 0.00000000 0.00000000 -1.00000000
vn 0.00000000 0.00000000 -1.00000000
vn 0.00000000 0.00000000 -1.00000000
vn 0.00000000 0.00000000 -1.00000000
vn 0.00000000 0.00000000 -1.00000000
vn 0.00000000 -0.00000000 -1.00000000
vn 0.00000000 0.00000000 -1.00000000
vn 0.00000000 -0.00000000 -1.00000000
vn 0.00000000 0.00000000 -1.00000000
vn 0.00000000 0.00000000 -1.00000000
vn 0.00000000 0.00000000 1.00000000
vn -0.00000000 0.00000100 1.00000000
vn 0.00000000 -0.00000400 1.00000000
vn 0.00000000 0.00000000 1.00000000
vn 0.00000000 -0.00000400 1.00000000
vn 0.00000000 0.00000000 1.00000000
vn 0.00000000 -0.00000400 1.00000000
vn 0.00000000 0.00000000 1.00000000
vn 0.00000000 -0.00000100 1.00000000
vn 0.00000000 0.00000000 1.00000000
vn 0.00000000 -0.00000400 1.00000000
vn 0.00000000 0.00000000 1.00000000
vn 0.00000000 -0.00000400 1.00000000
vn -0.00000000 0.00000300 1.00000000
vn 0.00000000 0.00000000 1.00000000
vn 0.00000000 -0.00000200 1.00000000
vn -0.00000000 0.00000300 1.00000000
vn 0.00000000 -0.00000100 1.00000000
vn 0.00000000 -0.00000100 1.00000000
vn 0.00000000 0.00000000 1.00000000
vn 0.00000000 0.00000000 1.00000000
vn -0.00000000 0.00001400 1.00000000
vn 0.00000000 -0.00000200 1.00000000
vn -0.00000000 0.00000100 1.00000000
vn -0.00000000 0.00000100 1.00000000
vn 0.00000000 -0.00000100 1.00000000
vn 0.00000000 0.00000000 1.00000000
vn 0.00000000 -0.00000100 1.00000000
vn 0.00000000 -0.00000000 1.00000000
vn 0.00000000 -0.00000200 1.00000000
vn 0.00000000 0.00000000 1.00000000
vn -0.00000000 0.00000100 1.00000000
vn -0.00000000 0.00000200 1.00000000
vn 0.00000000 -0.00000200 1.00000000
vn -0.00000000 0.00000000 1.00000000
vn 0.00000000 0.00000000 1.00000000
vn -0.00000000 0.00001400 1.00000000
vn 0.00000000 -0.00000500 1.00000000
vn 0.00000000 -0.00000300 1.00000000
vn 0.00000000 0.00000000 1.00000000
vn 0.00000000 -0.00000500 1.00000000
vn 0.00000000 0.00000000 1.00000000
vn 0.00000000 0.00000000 1.00000000
vn -0.00000000 0.00001200 1.00000000
vn 0.00000000 -0.00000300 1.00000000
vn -0.00000000 0.00001200 1.00000000
vn 0.00000000 0.00000000 1.00000000
vn -0.00000000 0.00001200 1.00000000
vn 0.00000000 -0.00000100 1.00000000
vn 0.00000000 -0.00000300 1.00000000
vn -0.00000000 0.00000600 1.00000000
vn 0.00000000 -0.00000500 1.00000000
vn -0.00000000 0.00000800 1.00000000
vn 0.00000000 -0.00000100 1.00000000
vn 0.00000000 0.00000000 1.00000000
vn 0.00000000 -0.00000300 1.00000000
vn 0.00000000 0.00000000 1.00000000
vn 0.00000000 -0.00000400 1.00000000
vn 0.00000000 -0.00000300 1.00000000
vn 0.00000000 -0.00000100 1.00000000
vn 0.00000000 -0.00000400 1.00000000
vn 0.00000000 0.00000000 1.00000000
vn 0.00000000 0.00000000 1.00000000
vn 0.00000000 -0.00000400 1.00000000
vn -0.00000000 0.00000300 1.00000000
vn 0.00000000 0.00000000 1.00000000
vn 0.00000000 0.00000000 1.00000000
vn -0.00000000 0.00000300 1.00000000
vn -0.00000000 0.00000300 1.00000000
vn 0.00000000 0.00000000 1.00000000
vn 0.00000000 0.00000000 1.00000000
vn 0.00000000 -0.00002500 1.00000000
vn 0.00000000 -0.00000100 1.00000000
vn 0.00000000 0.00000000 1.00000000
vn 0.00000000 -0.00000700 1.00000000
vn 0.00000000 -0.00002500 1.00000000
vn 0.00000000 -0.00000300 1.00000000
vn 0.00000000 -0.00002500 1.00000000
vn 0.00000000 0.00000000 1.00000000
vn 0.00000000 -0.00000300 1.00000000
vn 0.00000000 0.00000000 1.00000000
vn -0.00000000 0.00001400 1.00000000
vn 0.00000000 -0.00000500 1.00000000
vn 0.00000000 0.00000000 1.00000000
vn -0.00000000 0.00001400 1.00000000
vn -0.00000000 0.00001200 1.00000000
vn 0.00000000 0.00000000 1.00000000
vn -0.00000000 0.00001200 1.00000000
vn 0.00000000 0.00000000 1.00000000
vn -0.00000000 0.00001200 1.00000000
vn 0.00000000 0.00000000 1.00000000
vn 0.00000000 0.00000000 1.00000000
vn 0.00000000 0.00000000 1.00000000
vn 0.00000000 -0.00000500 1.00000000
vn -0.00000000 0.00000500 1.00000000
vn 0.00000000 0.00000000 1.00000000
vn -0.00000000 0.00000700 1.00000000
vn 0.00000000 0.00000000 1.00000000
vn -0.00000000 0.00000500 1.00000000
vn 0.00000000 -0.00000300 1.00000000
vn -0.00000000 0.00000700 1.00000000
vn 0.00000000 -0.00000500 1.00000000
vn 0.00000000 0.00000000 1.00000000
vn -0.00000000 0.00000700 1.00000000
vn 0.00000000 -0.00000700 1.00000000
vn 0.00000000 -0.00000200 1.00000000
vn 0.00000000 0.00000000 1.00000000
vn -0.00000000 0.00000300 1.00000000
vn 0.00000000 -0.00000300 1.00000000
vn -0.00000000 0.00002500 1.00000000
vn -0.00000000 0.00000500 1.00000000
vn 0.00000000 -0.00000700 1.00000000
vn -0.00000000 0.00001100 1.00000000
vn 0.00000000 0.00000000 1.00000000
vn 0.00000000 0.00000000 1.00000000
vn 0.00000000 -0.00000800 1.00000000
vn 0.00000000 -0.00000100 1.00000000
vn -0.00000000 0.00000400 1.00000000
vn -0.00000000 0.00001100 1.00000000
vn -0.00000000 0.00000200 1.00000000
vn 0.00000000 -0.00000100 1.00000000
vn 0.00000000 0.00000000 1.00000000
vn -0.00000000 0.00000500 1.00000000
vn -0.00000000 0.00000500 1.00000000
vn 0.00000000 -0.00000700 1.00000000
vn -0.00000000 0.00001100 1.00000000
vn 0.00000000 -0.00000800 1.00000000
vn 0.00000000 -0.00000900 1.00000000
vn 0.00000000 0.00000000 1.00000000
vn 0.00000000 -0.00000800 1.00000000
vn 0.00000000 0.00000000 1.00000000
vn -0.00000000 0.00000300 1.00000000
vn -0.00000000 0.00001100 1.00000000
vn 0.00000000 -0.00000900 1.00000000
vn -0.00000000 0.00000100 1.00000000
vn 0.00000000 -0.00000900 1.00000000
vn -0.00000000 0.00001100 1.00000000
vn -0.00000000 0.00000300 1.00000000
vn -0.00000000 0.00001100 1.00000000
vn 0.00000000 0.00000000 1.00000000
vn -0.00000000 0.00000300 1.00000000
vn -0.00000000 0.00000500 1.00000000
vn 0.00000000 0.00000000 1.00000000
vn -0.00000000 0.00000100 1.00000000
vn 0.00000000 0.00000000 1.00000000
vn -0.00000000 0.00000500 1.00000000
vn 0.00000000 -0.00000500 1.00000000
vn 0.00000000 0.00000000 1.00000000
vn 0.00000000 -0.00000500 1.00000000
vn -0.00000000 0.00000800 1.00000000
vn 0.00000000 0.00000000 1.00000000
vn -0.00000000 0.00000800 1.00000000
vn 0.00000000 0.00000000 1.00000000
vn -0.00000000 0.00000200 1.00000000
vn -0.00000000 0.00000200 1.00000000
vn 0.00000000 0.00000000 1.00000000
vn -0.00000000 0.00000200 1.00000000
vn -0.00000000 0.00000200 1.00000000
vn 0.00000000 0.00000000 1.00000000
vn 0.00000000 0.00000000 1.00000000
vn 0.00000000 0.00000000 1.00000000
vn 0.00000000 0.00000000 1.00000000
vn 0.00000000 0.00000000 1.00000000
vn 0.00000000 0.00000000 1.00000000
vn 0.00000000 0.00000000 1.00000000
vn 0.00000000 0.00000000 1.00000000
vn 0.00000000 0.00000000 1.00000000
vn 0.00000000 -0.00000300 1.00000000
vn 0.00000000 0.00000000 1.00000000
vn -0.00000000 0.00000600 1.00000000
vn 0.00000000 -0.00000300 1.00000000
vn -0.00000000 0.00000600 1.00000000
vn 0.00000000 -0.00000500 1.00000000
vn 0.00000000 0.00000000 1.00000000
vn 0.00000000 0.00000000 1.00000000
vn 0.00000000 0.00000000 1.00000000
vn 0.00000000 -0.00000100 1.00000000
vn 0.00000000 0.00000000 1.00000000
vn 0.00000000 -0.00000200 1.00000000
vn 0.00000000 -0.00000000 1.00000000
vn -0.00000000 0.00000100 1.00000000
vn 0.00000000 -0.00000100 1.00000000
vn 0.00000000 -0.00000200 1.00000000
vn 0.00000000 0.00000000 1.00000000
vn -0.00000000 0.00000000 1.00000000
vn -0.00000000 0.00000000 1.00000000
vn 0.00000000 0.00000000 1.00000000
vn -0.00000000 0.00000400 1.00000000
vn 0.00000000 -0.00000200 1.00000000
vn 0.00000000 0.00000000 1.00000000
vn -0.00000000 0.00000400 1.00000000
vn -0.00000000 0.00000100 1.00000000
vn -0.00000000 0.00000400 1.00000000
vn 0.00000000 0.00000000 1.00000000
vn 0.00000000 0.00000000 1.00000000
vn -0.00000000 0.00000300 1.00000000
vn 0.00000000 0.00000000 1.00000000
vn -0.00000000 0.00000100 1.00000000
vn -0.00000000 0.00000100 1.00000000
vn 0.00000000 0.00000000 1.00000000
vn -0.00000000 0.00000300 1.00000000
vn -0.00000000 0.00000300 1.00000000
vn -0.00000000 0.00000100 1.00000000
vn 0.00000000 -0.00000100 1.00000000
vn 0.00000000 0.00000000 1.00000000
vn 0.00000000 -0.00000100 1.00000000
vn 0.00000000 -0.00000100 1.00000000
vn 0.00000000 0.00000000 1.00000000
vn 0.00000000 0.00000000 1.00000000
vn 0.00000000 -0.00000000 1.00000000
vn 0.00000000 -0.00000100 1.00000000
vn 0.00000000 0.00000000 1.00000000
vn 0.00000000 -0.00000100 1.00000000
vn -0.00000000 0.00000100 1.00000000
vn 0.00000000 0.00000000 1.00000000
vn 0.00000000 -0.00000200 1.00000000
vn -0.00000000 0.00000200 1.00000000
vn -0.00000000 0.00000200 1.00000000
vn 0.00000000 -0.00000200 1.00000000
vn 0.00000000 -0.00000200 1.00000000
vn -0.00000000 0.00000200 1.00000000
vn 0.00000000 0.00000000 1.00000000
vn 0.00000000 0.00000000 1.00000000
vn -0.00000000 0.00000200 1.00000000
vn 0.00000000 -0.00000700 1.00000000
vn 0.00000000 -0.00000100 1.00000000
vn 0.00000000 0.00000000 1.00000000
vn -0.00000000 0.00000900 1.00000000
vn 0.00000000 -0.00000600 1.00000000
vn 0.00000000 -0.00000100 1.00000000
vn -0.00000000 0.00000900 1.00000000
vn 0.00000000 -0.00000700 1.00000000
vn -0.00000000 0.00000200 1.00000000
vn 0.00000000 -0.00000100 1.00000000
vn 0.00000000 -0.00000700 1.00000000
vn 0.00000000 0.00000000 1.00000000
vn 0.00000000 0.00000000 1.00000000
vn 0.00000000 -0.00000100 1.00000000
vn 0.00000000 0.00000000 1.00000000
vn 0.00000000 -0.00000100 1.00000000
vn 0.00000000 0.00000000 1.00000000
vn 0.00000000 -0.00000400 1.00000000
vn -0.00000000 0.00000200 1.00000000
vn 0.00000000 0.00000000 1.00000000
vn 0.00000000 -0.00000400 1.00000000
vn 0.00000000 0.00000000 1.00000000
vn 0.00000000 0.00000000 1.00000000
vn -0.00000000 0.00000200 1.00000000
vn 0.00000000 -0.00000400 1.00000000
vn 0.00000000 0.00000000 1.00000000
vn -0.00000000 0.00000200 1.00000000
vn -0.00000000 0.00000100 1.00000000
vn 0.00000000 0.00000000 1.00000000
vn 0.00000000 0.00000000 1.00000000
vn -0.00000000 0.00000100 1.00000000
vn -0.00000000 0.00000000 1.00000000
vn -0.00000000 0.00000100 1.00000000
vn 0.00000000 0.00000000 1.00000000
vn -0.00000000 0.00000100 1.00000000
vn -0.00000000 0.00000200 1.00000000
vn 0.00000000 0.00000000 1.00000000
vn -0.00000000 0.00000100 1.00000000
vn 0.00000000 -0.00000100 1.00000000
vn 0.00000000 0.00000000 1.00000000
vn 0.00000000 -0.00000600 1.00000000
vn 0.00000000 -0.00000100 1.00000000
vn -0.00000000 0.00000200 1.00000000
vn -0.00000000 0.00000900 1.00000000
vn 0.00000000 -0.00000600 1.00000000
vn 0.00000000 -0.00000300 1.00000000
vn 0.00000000 0.00000000 1.00000000
vn 0.00000000 0.00000000 1.00000000
vn 0.00000000 0.00000000 1.00000000
vn -0.00000000 0.00002500 1.00000000
vn 0.00000000 0.00000000 1.00000000
vn 0.00000000 -0.00000300 1.00000000
vn -0.00000000 0.00000500 1.00000000
vn 0.00000000 -0.00000300 1.00000000
vn 0.00000000 0.00000000 1.00000000
vn -0.00000000 0.00000500 1.00000000
vn 0.00000000 -0.00000300 1.00000000
vn 0.00000000 0.00000000 1.00000000
vn 0.00000000 0.00000000 1.00000000
vn 0.00000000 -0.00000200 1.00000000
vn 0.00000000 -0.00000200 1.00000000
vn 0.00000000 0.00000000 1.00000000
vn 0.00000000 -0.00000800 1.00000000
vn 0.00000000 -0.00000200 1.00000000
vn 0.00000000 0.00000000 1.00000000
vn 0.00000000 0.00000000 1.00000000
vn 0.00000000 -0.00000800 1.00000000
vn 0.00000000 -0.00000900 1.00000000
vn 0.00000000 0.00000000 1.00000000
vn 0.00000000 -0.00000800 1.00000000
vn 0.00000000 0.00000000 1.00000000
vn -0.00000000 0.00001400 1.00000000
vn 0.00000000 -0.00000900 1.00000000
vn 0.00000000 -0.00000900 1.00000000
vn -0.00000000 0.00001400 1.00000000
vn 0.00000000 0.00000000 1.00000000
vn 0.00000000 0.00000000 1.00000000
vn -0.00000000 0.00002500 1.00000000
vn -0.00000000 0.00000300 1.00000000
vn 0.00000000 0.00000000 1.00000000
vn 0.00000000 0.00000000 1.00000000
vn 0.00000000 0.00000000 1.00000000
vn 0.00000000 -0.00000500 1.00000000
vn 0.00000000 0.00000000 1.00000000
vn 0.00000000 0.00000000 1.00000000
vn 0.00000000 -0.00000500 1.00000000
vn 0.00000000 0.00000000 1.00000000
vn 0.00000000 -0.00000500 1.00000000
vn 0.00000000 -0.00000100 1.00000000
vn 0.00000000 0.00000000 1.00000000
vn 0.00000000 -0.00000100 1.00000000
vn 0.00000000 -0.00000100 1.00000000
vn 0.00000000 0.00000000 1.00000000
vn -0.00000000 0.00000100 1.00000000
vn 0.00000000 -0.00000200 1.00000000
vn -0.00000000 0.00000100 1.00000000
vn -0.00000000 0.00000100 1.00000000
vn -0.00000000 0.00000000 1.00000000
vn -0.00000000 0.00000100 1.00000000
vn 0.00000000 0.00000000 1.00000000
vn 0.00000000 -0.00000100 1.00000000
vn 0.00000000 0.00000000 1.00000000
vn -0.00000000 0.00000100 1.00000000
vn -0.00000000 0.00000100 1.00000000
vn 0.00000000 0.00000000 1.00000000
vn 0.00000000 0.00000000 1.00000000
vn 0.00000000 0.00000000 1.00000000
vn 0.00000000 -0.00000100 1.00000000
vn 0.00000000 0.00000000 1.00000000
vn 0.00000000 -0.00000100 1.00000000
vn 0.00000000 0.00000000 1.00000000
vn 0.00000000 0.00000000 1.00000000
vn -0.00000000 0.00000100 1.00000000
vn 0.00000000 0.00000000 1.00000000
vn 0.00000000 -0.00000100 1.00000000
vn 0.00000000 0.00000000 1.00000000
vn -0.00000000 0.00000100 1.00000000
vn 0.00000000 -0.00000100 1.00000000
vn 0.00000000 0.00000000 1.00000000
vn 0.00000000 0.00000000 1.00000000
vn -0.00000000 0.00000300 1.00000000
vn 0.00000000 -0.00000100 1.00000000
vn -0.00000000 0.00000300 1.00000000
vn -0.00000000 0.00000300 1.00000000
vn 0.00000000 0.00000000 1.00000000
vn 0.00000000 -0.00000100 1.00000000
vn 0.00000000 0.00000000 1.00000000
vn -0.00000000 0.00000100 1.00000000
vn 0.00000000 0.00000000 1.00000000
vn -0.00000000 0.00000100 1.00000000
vn 0.00000000 0.00000000 1.00000000
vn 0.00000000 0.00000000 1.00000000
vn 0.00000000 0.00000000 1.00000000
vn 0.00000000 0.00000000 1.00000000
vn 0.00000000 0.00000000 1.00000000
vn 0.00000000 0.00000000 1.00000000
vn -0.00000000 0.00000100 1.00000000
vn 0.00000000 0.00000000 1.00000000
vn -0.00000000 0.00000300 1.00000000
vn -0.00000000 0.00000100 1.00000000
vn 0.00000000 0.00000000 1.00000000
vn -0.00000000 0.00000400 1.00000000
vn 0.00000000 0.00000000 1.00000000
vn -0.00000000 0.00000400 1.00000000
vn -0.00000000 0.00000400 1.00000000
vn 0.00000000 0.00000000 1.00000000
vn 0.00000000 -0.00000200 1.00000000
vn 0.00000000 0.00000000 1.00000000
vn 0.00000000 -0.00000200 1.00000000
vn 0.00000000 0.00000000 1.00000000
vn -0.00000000 0.00000200 1.00000000
vn -0.00000000 0.00000200 1.00000000
vn 0.00000000 0.00000000 1.00000000
vn -0.00000000 0.00000300 1.00000000
vn 0.00000000 0.00000000 1.00000000
vn 0.00000000 -0.00000400 1.00000000
vn -0.00000000 0.00000100 1.00000000
vn 0.00000000 0.00000000 1.00000000
vn 0.00000000 0.00000000 1.00000000
vn 0.00000000 -0.00000100 1.00000000
vn 0.00000000 -0.00000700 1.00000000
vn 0.00000000 -0.00000700 1.00000000
vn 0.00000000 0.00000000 1.00000000
vn -0.00000000 0.00000300 1.00000000
vn 0.00000000 0.00000000 1.00000000
vn 0.00000000 0.00000000 1.00000000
vn 0.00000000 0.00000000 1.00000000
vn -0.00000000 0.00000300 1.00000000
vn 0.00000000 0.00000000 1.00000000
vn 0.00000000 -0.00000100 1.00000000
vn 0.00000000 0.00000000 1.00000000
vn 0.00000000 -0.00000100 1.00000000
vn 0.00000000 0.00000000 1.00000000
vn 0.00000000 0.00000000 1.00000000
vn -0.00000000 0.00000000 1.00000000
vn -0.00000000 0.00000000 1.00000000
vn 0.00000000 0.00000000 1.00000000
vn 0.00000000 0.00000000 1.00000000
vn -0.00000000 0.00000100 1.00000000
vn 0.00000000 -0.00000200 1.00000000
vn -0.00000000 0.00000300 1.00000000
vn 0.00000000 0.00000000 1.00000000
vn 0.00000000 0.00000000 1.00000000
vn 0.00000000 0.00000000 1.00000000
vn 0.00000000 0.00000000 1.00000000
vn 0.00000000 0.00000000 1.00000000
vn 0.00000000 0.00000000 1.00000000
vn -0.00000000 0.00000000 1.00000000
vn 0.00000000 0.00000000 1.00000000
vn 0.00000000 -0.00000100 1.00000000
vn 0.00000000 -0.00000100 1.00000000
vn 0.00000000 -0.00000100 1.00000000
vn -0.00000000 0.00000400 1.00000000
vn -0.00000000 0.00000400 1.00000000
vn 0.00000000 0.00000000 1.00000000
vn 0.00000000 0.00000000 1.00000000
vn 0.00000000 0.00000000 1.00000000
vn 0.00000000 0.00000000 1.00000000
vn 0.00000000 0.00000000 1.00000000
vn -0.00000000 0.00000100 1.00000000
vn -0.00000000 0.00000100 1.00000000
vn 0.00000000 0.00000000 1.00000000
vn -0.00000000 0.00000000 1.00000000
vn 0.00000000 0.00000000 1.00000000
vn 0.00000000 0.00000000 1.00000000
vn 0.00000000 -0.00000100 1.00000000
vn -0.63380000 0.77349600 -0.00070400
vn -0.52504600 0.85107400 0.00000100
vn -0.47453100 0.88023900 0.00000000
vn -0.36923600 0.92933500 -0.00001000
vn -0.31451700 0.94925200 -0.00000100
vn -0.20224800 0.97933400 -0.00001000
vn -0.14490200 0.98944600 0.00000000
vn -0.02911400 0.99957600 0.00000000
vn 0.02916400 0.99957500 0.00000000
vn 0.14490200 0.98944600 0.00000100
vn 0.20224700 0.97933500 0.00001100
vn 0.31451700 0.94925200 0.00000900
vn 0.36923500 0.92933600 0.00000000
vn 0.47453100 0.88023900 0.00000000
vn 0.52500400 0.85110000 -0.00000100
vn 0.60218600 0.79835600 0.00000000
vn 0.65764600 0.75332600 -0.00098600
vn 0.67249100 0.74010500 -0.00057400
vn 0.71017000 0.70402900 -0.00126800
vn 0.77252900 0.63497900 -0.00070300
vn 0.77892900 0.62711200 0.00000000
vn 0.85107400 0.52504600 0.00000000
vn 0.88023900 0.47453100 0.00001100
vn 0.92933600 0.36923600 0.00000000
vn 0.94926700 0.31447100 0.00000000
vn 0.97933400 0.20224800 0.00000000
vn 0.98944600 0.14490200 0.00001000
vn 0.99957600 0.02911500 0.00000000
vn 0.99957500 -0.02916400 0.00000000
vn 0.98944600 -0.14490200 0.00000100
vn 0.97933400 -0.20224700 0.00000000
vn 0.94926700 -0.31447100 0.00000000
vn 0.92933600 -0.36923600 -0.00001100
vn 0.88023900 -0.47453100 -0.00001100
vn 0.85110000 -0.52500400 0.00000000
vn 0.78443400 -0.62021200 0.00000000
vn 0.74700500 -0.66481900 -0.00001100
vn 0.66485600 -0.74697200 0.00000000
vn 0.62021200 -0.78443400 0.00000000
vn 0.52500400 -0.85110000 0.00000100
vn 0.50002600 -0.86601000 0.00000100
vn 0.36920400 -0.92934800 -0.00000100
vn 0.36927900 -0.92931900 -0.00000400
vn 0.42261900 -0.90630700 0.00000000
vn 0.31451600 -0.94925200 0.00000100
vn 0.20229600 -0.97932400 0.00001500
vn 0.14490100 -0.98944600 0.00001400
vn 0.02916400 -0.99957500 0.00000000
vn -0.02911400 -0.99957600 0.00000000
vn -0.14490200 -0.98944600 0.00001400
vn -0.20229600 -0.97932400 0.00001000
vn -0.31447000 -0.94926700 -0.00001300
vn -0.36923600 -0.92933500 0.00001000
vn -0.47453100 -0.88023900 0.00000000
vn -0.52504600 -0.85107400 -0.00000100
vn -0.62021200 -0.78443400 -0.00000000
vn -0.66485600 -0.74697200 -0.00001100
vn -0.74697200 -0.66485600 0.00000000
vn -0.78446500 -0.62017300 0.00001400
vn -0.85110000 -0.52500400 0.00000000
vn -0.88023900 -0.47453100 0.00001100
vn -0.92933600 -0.36923500 0.00001100
vn -0.94925200 -0.31451800 -0.00000100
vn -0.97932500 -0.20229500 0.00001900
vn -0.98944600 -0.14490200 0.00001400
vn -0.99957500 -0.02916400 0.00000000
vn -0.99957600 0.02911500 0.00000000
vn -0.98944600 0.14490100 -0.00001000
vn -0.97933500 0.20224600 -0.00000100
vn -0.94926800 0.31446900 0.00000000
vn -0.92933600 0.36923500 0.00001100
vn -0.88023900 0.47453100 -0.00001100
vn -0.85107400 0.52504600 0.00000000
vn -0.79275300 0.60954300 0.00000000
vn -0.75593900 0.65464100 -0.00093700
vn -0.70561300 0.70859600 -0.00087800
vn -0.62472800 0.78084300 0.00000000
f 1//1 2//2 3//3
f 3//3 2//2 4//4
f 5//5 6//6 7//7
f 7//7 6//6 8//8
f 7//7 8//8 9//9
f 10//10 11//11 12//12
f 12//12 11//11 13//13
f 14//14 16//16 19//19
f 20//20 15//15 21//21
f 24//24 25//25 30//30
f 29//29 27//27 31//31
f 32//32 33//33 34//34
f 34//34 33//33 35//35
f 38//38 39//39 40//40
f 42//42 44//44 47//47
f 45//45 43//43 48//48
f 46//46 49//49 52//52
f 51//51 50//50 54//54
f 53//53 56//56 58//58
f 59//59 55//55 65//65
f 60//60 64//64 67//67
f 68//68 70//70 74//74
f 73//73 71//71 63//63
f 74//74 61//61 75//75
f 66//66 77//77 61//61
f 57//57 78//78 80//80
f 62//62 79//79 76//76
f 81//81 82//82 84//84
f 86//86 83//83 87//87
f 68//68 90//90 70//70
f 69//69 89//89 92//92
f 72//72 91//91 93//93
f 94//94 96//96 97//97
f 98//98 95//95 100//100
f 99//99 101//101 102//102
f 88//88 36//36 85//85
f 86//86 37//37 41//41
f 86//86 44//44 101//101
f 101//101 44//44 42//42
f 101//101 42//42 102//102
f 103//103 104//104 105//105
f 105//105 104//104 106//106
f 107//107 108//108 109//109
f 109//109 108//108 110//110
f 111//111 112//112 113//113
f 113//113 112//112 114//114
f 115//115 117//117 121//121
f 119//119 116//116 123//123
f 125//125 128//128 131//131
f 130//130 127//127 132//132
f 133//133 134//134 135//135
f 135//135 134//134 136//136
f 138//138 139//139 141//141
f 141//141 139//139 143//143
f 139//139 145//145 143//143
f 144//144 146//146 147//147
f 143//143 148//148 150//150
f 151//151 149//149 154//154
f 150//150 153//153 155//155
f 156//156 157//157 159//159
f 160//160 158//158 162//162
f 163//163 164//164 161//161
f 161//161 164//164 165//165
f 161//161 155//155 166//166
f 170//170 173//173 176//176
f 140//140 172//172 178//178
f 142//142 177//177 137//137
f 179//179 181//181 184//184
f 185//185 186//186 190//190
f 189//189 187//187 167//167
f 188//188 168//168 191//191
f 171//171 175//175 194//194
f 193//193 174//174 195//195
f 194//194 180//180 197//197
f 197//197 180//180 183//183
f 196//196 182//182 198//198
f 155//155 153//153 166//166
f 169//169 152//152 199//199
f 166//166 200//200 192//192
f 201//201 202//202 203//203
f 203//203 202//202 204//204
f 205//205 206//206 207//207
f 207//207 206//206 208//208
f 209//209 210//210 211//211
f 211//211 210//210 212//212
f 213//213 214//214 218//218
f 217//217 215//215 221//221
f 223//223 225//225 229//229
f 228//228 224//224 230//230
f 231//231 232//232 233//233
f 233//233 232//232 234//234
f 236//236 240//240 241//241
f 244//244 247//247 249//249
f 238//238 242//242 251//251
f 250//250 243//243 255//255
f 252//252 254//254 257//257
f 248//248 246//246 259//259
f 260//260 245//245 261//261
f 263//263 262//262 268//268
f 239//239 237//237 272//272
f 271//271 235//235 265//265
f 270//270 264//264 273//273
f 274//274 266//266 269//269
f 275//275 267//267 276//276
f 277//277 279//279 280//280
f 281//281 278//278 284//284
f 280//280 285//285 286//286
f 286//286 285//285 288//288
f 289//289 291//291 292//292
f 293//293 290//290 296//296
f 297//297 298//298 295//295
f 294//294 299//299 301//301
f 295//295 300//300 285//285
f 283//283 258//258 253//253
f 282//282 256//256 287//287
f 302//302 304//304 305//305
f 306//306 303//303 307//307
f 306//306 307//307 244//244
f 309//309 310//310 313//313
f 315//315 311//311 317//317
f 315//315 317//317 318//318
f 319//319 322//322 316//316
f 314//314 321//321 323//323
f 312//312 324//324 308//308
f 325//325 327//327 315//315
f 315//315 327//327 328//328
f 315//315 328//328 320//320
f 318//318 330//330 315//315
f 312//312 329//329 332//332
f 314//314 331//331 326//326
f 333//333 336//336 342//342
f 343//343 335//335 345//345
f 343//343 345//345 346//346
f 348//348 349//349 341//341
f 338//338 350//350 351//351
f 340//340 352//352 334//334
f 354//354 356//356 339//339
f 343//343 355//355 357//357
f 343//343 357//357 347//347
f 346//346 358//358 343//343
f 337//337 359//359 360//360
f 344//344 361//361 353//353
f 362//362 364//364 369//369
f 371//371 365//365 374//374
f 371//371 374//374 375//375
f 377//377 378//378 371//371
f 368//368 379//379 380//380
f 367//367 381//381 363//363
f 383//383 385//385 373//373
f 371//371 384//384 386//386
f 371//371 386//386 377//377
f 376//376 388//388 366//366
f 372//372 387//387 389//389
f 370//370 390//390 382//382
f 391//391 392//392 393//393
f 394//394 392//392 391//391
f 391//391 395//395 396//396
f 397//397 395//395 391//391
f 393//393 397//397 391//391
f 391//391 398//398 399//399
f 400//400 398//398 391//391
f 396//396 400//400 391//391
f 391//391 401//401 402//402
f 403//403 401//401 391//391
f 399//399 403//403 391//391
f 402//402 394//394 391//391
f 404//404 405//405 406//406
f 407//407 405//405 404//404
f 404//404 408//408 409//409
f 410//410 408//408 404//404
f 406//406 410//410 404//404
f 404//404 411//411 412//412
f 413//413 411//411 404//404
f 409//409 413//413 404//404
f 404//404 414//414 415//415
f 416//416 414//414 404//404
f 412//412 416//416 404//404
f 415//415 407//407 404//404
f 417//417 418//418 419//419
f 420//420 418//418 417//417
f 417//417 421//421 422//422
f 423//423 421//421 417//417
f 419//419 423//423 417//417
f 417//417 424//424 425//425
f 426//426 424//424 417//417
f 422//422 426//426 417//417
f 417//417 427//427 428//428
f 429//429 427//427 417//417
f 425//425 429//429 417//417
f 428//428 420//420 417//417
f 430//430 431//431 432//432
f 433//433 431//431 430//430
f 430//430 434//434 435//435
f 436//436 434//434 430//430
f 432//432 436//436 430//430
f 430//430 437//437 438//438
f 439//439 437//437 430//430
f 435//435 439//439 430//430
f 430//430 440//440 441//441
f 442//442 440//440 430//430
f 438//438 442//442 430//430
f 441//441 433//433 430//430
f 443//443 444//444 445//445
f 446//446 444//444 443//443
f 443//443 447//447 448//448
f 449//449 447//447 443//443
f 445//445 449//449 443//443
f 443//443 450//450 451//451
f 452//452 450//450 443//443
f 448//448 452//452 443//443
f 443//443 453//453 454//454
f 455//455 453//453 443//443
f 451//451 455//455 443//443
f 454//454 446//446 443//443
f 456//456 457//457 458//458
f 459//459 457//457 456//456
f 456//456 460//460 461//461
f 462//462 460//460 456//456
f 458//458 462//462 456//456
f 456//456 463//463 464//464
f 465//465 463//463 456//456
f 461//461 465//465 456//456
f 456//456 466//466 467//467
f 468//468 466//466 456//456
f 464//464 468//468 456//456
f 467//467 459//459 456//456
f 2//2 1//1 469//469
f 2//2 469//469 470//470
f 472//472 473//473 28//28
f 471//471 26//26 23//23
f 474//474 475//475 476//476
f 476//476 475//475 477//477
f 478//478 479//479 481//481
f 482//482 480//480 483//483
f 484//484 486//486 488//488
f 487//487 485//485 489//489
f 490//490 491//491 4//4
f 4//4 491//491 3//3
f 492//492 493//493 494//494
f 494//494 495//495 492//492
f 492//492 495//495 496//496
f 492//492 496//496 474//474
f 474//474 496//496 497//497
f 474//474 497//497 475//475
f 6//6 5//5 498//498
f 498//498 5//5 499//499
f 500//500 501//501 502//502
f 502//502 501//501 503//503
f 504//504 506//506 507//507
f 508//508 505//505 509//509
f 510//510 511//511 493//493
f 493//493 511//511 494//494
f 17//17 22//22 512//512
f 18//18 513//513 514//514
f 515//515 516//516 9//9
f 515//515 9//9 8//8
f 11//11 10//10 517//517
f 517//517 10//10 519//519
f 518//518 520//520 521//521
f 522//522 523//523 524//524
f 524//524 523//523 525//525
f 526//526 527//527 530//530
f 529//529 528//528 531//531
f 532//532 533//533 520//520
f 520//520 533//533 521//521
f 534//534 523//523 535//535
f 535//535 523//523 522//522
f 536//536 537//537 538//538
f 538//538 537//537 539//539
f 540//540 541//541 543//543
f 544//544 542//542 545//545
f 546//546 547//547 535//535
f 535//535 547//547 534//534
f 34//34 35//35 536//536
f 536//536 35//35 537//537
f 104//104 103//103 548//548
f 104//104 548//548 549//549
f 551//551 552//552 126//126
f 550//550 129//129 124//124
f 553//553 554//554 555//555
f 555//555 554//554 556//556
f 557//557 559//559 561//561
f 560//560 558//558 562//562
f 563//563 564//564 565//565
f 565//565 564//564 566//566
f 567//567 568//568 106//106
f 106//106 568//568 105//105
f 569//569 570//570 571//571
f 571//571 570//570 572//572
f 571//571 572//572 553//553
f 553//553 572//572 554//554
f 109//109 110//110 573//573
f 573//573 110//110 574//574
f 575//575 577//577 579//579
f 578//578 576//576 580//580
f 581//581 583//583 585//585
f 584//584 582//582 586//586
f 587//587 588//588 569//569
f 569//569 588//588 570//570
f 118//118 122//122 589//589
f 120//120 590//590 591//591
f 592//592 593//593 108//108
f 592//592 108//108 107//107
f 594//594 595//595 111//111
f 111//111 595//595 112//112
f 597//597 598//598 599//599
f 599//599 598//598 600//600
f 601//601 603//603 604//604
f 605//605 602//602 606//606
f 607//607 608//608 611//611
f 610//610 609//609 596//596
f 612//612 598//598 613//613
f 613//613 598//598 597//597
f 614//614 615//615 616//616
f 616//616 615//615 617//617
f 618//618 619//619 621//621
f 622//622 620//620 623//623
f 624//624 625//625 613//613
f 613//613 625//625 612//612
f 615//615 614//614 626//626
f 626//626 614//614 135//135
f 626//626 135//135 136//136
f 202//202 201//201 627//627
f 202//202 627//627 628//628
f 630//630 631//631 227//227
f 629//629 226//226 222//222
f 632//632 633//633 634//634
f 634//634 633//633 635//635
f 636//636 637//637 638//638
f 638//638 637//637 639//639
f 640//640 642//642 643//643
f 644//644 641//641 645//645
f 646//646 647//647 204//204
f 204//204 647//647 203//203
f 648//648 649//649 650//650
f 650//650 649//649 651//651
f 650//650 651//651 632//632
f 632//632 651//651 633//633
f 207//207 208//208 652//652
f 652//652 208//208 653//653
f 654//654 656//656 658//658
f 657//657 655//655 659//659
f 660//660 661//661 662//662
f 662//662 661//661 663//663
f 664//664 665//665 648//648
f 648//648 665//665 649//649
f 216//216 220//220 666//666
f 219//219 667//667 668//668
f 669//669 670//670 206//206
f 669//669 206//206 205//205
f 671//671 672//672 209//209
f 209//209 672//672 210//210
f 674//674 675//675 677//677
f 676//676 678//678 679//679
f 680//680 681//681 683//683
f 684//684 682//682 685//685
f 686//686 687//687 690//690
f 689//689 688//688 673//673
f 691//691 675//675 692//692
f 692//692 675//675 674//674
f 693//693 694//694 695//695
f 695//695 694//694 696//696
f 697//697 698//698 700//700
f 701//701 699//699 702//702
f 703//703 704//704 692//692
f 692//692 704//704 691//691
f 233//233 234//234 693//693
f 693//693 234//234 694//694
f 705//705 707//707 709//709
f 708//708 706//706 710//710
f 711//711 713//713 715//715
f 714//714 712//712 716//716
f 717//717 719//719 720//720
f 721//721 718//718 722//722
f 723//723 725//725 726//726
f 727//727 724//724 728//728
f 729//729 731//731 732//732
f 733//733 730//730 734//734
f 735//735 736//736 737//737
f 737//737 736//736 738//738
f 739//739 740//740 743//743
f 742//742 741//741 744//744
f 745//745 747//747 748//748
f 749//749 746//746 750//750
f 751//751 753//753 754//754
f 755//755 752//752 756//756
f 757//757 759//759 761//761
f 760//760 758//758 762//762
f 763//763 765//765 767//767
f 766//766 764//764 768//768
f 769//769 771//771 773//773
f 772//772 770//770 774//774
f 775//775 776//776 779//779
f 778//778 777//777 780//780
f 781//781 783//783 785//785
f 784//784 782//782 786//786
f 787//787 789//789 790//790
f 791//791 788//788 792//792
f 793//793 795//795 797//797
f 796//796 794//794 798//798
f 799//799 801//801 803//803
f 802//802 800//800 804//804
f 805//805 807//807 809//809
f 808//808 806//806 810//810
f 811//811 812//812 814//814
f 815//815 813//813 816//816
f 817//817 819//819 821//821
f 820//820 818//818 822//822
f 823//823 825//825 826//826
f 827//827 824//824 828//828
f 829//829 830//830 833//833
f 832//832 831//831 834//834
f 835//835 837//837 839//839
f 838//838 836//836 840//840
f 841//841 842//842 845//845
f 844//844 843//843 846//846
f 847//847 849//849 851//851
f 850//850 848//848 852//852
f 853//853 855//855 857//857
f 856//856 854//854 858//858
f 859//859 861//861 862//862
f 863//863 860//860 864//864
f 865//865 867//867 868//868
f 869//869 866//866 870//870
f 871//871 872//872 874//874
f 875//875 873//873 876//876
f 877//877 878//878 880//880
f 881//881 879//879 882//882
f 883//883 885//885 887//887
f 886//886 884//884 888//888
f 889//889 891//891 892//892
f 893//893 890//890 894//894
f 895//895 896//896 898//898
f 899//899 897//897 900//900
f 901//901 902//902 904//904
f 905//905 903//903 906//906
f 907//907 909//909 910//910
f 911//911 908//908 912//912
f 913//913 914//914 916//916
f 917//917 915//915 918//918
f 919//919 921//921 922//922
f 923//923 920//920 924//924
f 925//925 926//926 928//928
f 929//929 927//927 930//930
f 931//931 932//932 933//933
f 933//933 932//932 934//934
f 935//935 937//937 939//939
f 938//938 936//936 940//940
f 941//941 943//943 944//944
f 945//945 942//942 946//946
f 947//947 948//948 949//949
f 949//949 948//948 950//950
f 951//951 952//952 954//954
f 955//955 953//953 956//956
f 957//957 959//959 961//961
f 960//960 958//958 962//962
f 963//963 965//965 967//967
f 966//966 964//964 968//968
f 969//969 971//971 972//972
f 973//973 970//970 974//974
f 975//975 977//977 979//979
f 978//978 976//976 980//980
f 981//981 983//983 984//984
f 985//985 982//982 986//986
f 987//987 989//989 990//990
f 992//992 993//993 994//994
f 992//992 994//994 995//995
f 995//995 994//994 996//996
f 995//995 996//996 997//997
f 997//997 996//996 998//998
f 999//999 1001//1001 1002//1002
f 1003//1003 1000//1000 1004//1004
f 1005//1005 1006//1006 1008//1008
f 1009//1009 1007//1007 1010//1010
f 1011//1011 1012//1012 1014//1014
f 1015//1015 1013//1013 1016//1016
f 1017//1017 1019//1019 1020//1020
f 1021//1021 1018//1018 1022//1022
f 1023//1023 1025//1025 1026//1026
f 1027//1027 1024//1024 1028//1028
f 1029//1029 1030//1030 1031//1031
f 1031//1031 1030//1030 1032//1032
f 1033//1033 1034//1034 1036//1036
f 1037//1037 1035//1035 1038//1038
f 1039//1039 1040//1040 1042//1042
f 1043//1043 1041//1041 1044//1044
f 1045//1045 1046//1046 1049//1049
f 1048//1048 1047//1047 1050//1050
f 1051//1051 988//988 991//991
f 1052//1052 1053//1053 1054//1054
f 1054//1054 1053//1053 1055//1055
f 1056//1056 1058//1058 1060//1060
f 1059//1059 1057//1057 1061//1061
f 1062//1062 1064//1064 1065//1065
f 1066//1066 1063//1063 1067//1067
f 1068//1068 1069//1069 1070//1070
f 1070//1070 1069//1069 1071//1071
f 1072//1072 1073//1073 1076//1076
f 1075//1075 1074//1074 1077//1077
f 1078//1078 1080//1080 1081//1081
f 1082//1082 1079//1079 1083//1083
f 1084//1084 1085//1085 1087//1087
f 1088//1088 1086//1086 1089//1089
f 1090//1090 1091//1091 1093//1093
f 1094//1094 1092//1092 1095//1095
f 1096//1096 1097//1097 1100//1100
f 1099//1099 1098//1098 1101//1101
f 1102//1102 1103//1103 1105//1105
f 1106//1106 1104//1104 1107//1107
f 1108//1108 1110//1110 1112//1112
f 1111//1111 1109//1109 1113//1113
f 1114//1114 1115//1115 1118//1118
f 1117//1117 1116//1116 1119//1119
f 1120//1120 1121//1121 1123//1123
f 1124//1124 1122//1122 1125//1125
f 1126//1126 1127//1127 1129//1129
f 1130//1130 1128//1128 1131//1131
f 1132//1132 1133//1133 1136//1136
f 1135//1135 1134//1134 1137//1137
f 1138//1138 1140//1140 1142//1142
f 1141//1141 1139//1139 1143//1143
f 1144//1144 1146//1146 1147//1147
f 1148//1148 1145//1145 1149//1149
f 1150//1150 1152//1152 1153//1153
f 1154//1154 1151//1151 1155//1155
f 1156//1156 1158//1158 1160//1160
f 1159//1159 1157//1157 1161//1161
f 1162//1162 1164//1164 1165//1165
f 1166//1166 1163//1163 1167//1167
f 1168//1168 1169//1169 1170//1170
f 1170//1170 1169//1169 1171//1171
f 1172//1172 1173//1173 1175//1175
f 1176//1176 1174//1174 1177//1177
f 1178//1178 1180//1180 1182//1182
f 1181//1181 1179//1179 1183//1183
f 1184//1184 1185//1185 1186//1186
f 1186//1186 1185//1185 1187//1187
f 1188//1188 1189//1189 1190//1190
f 1190//1190 1189//1189 1191//1191
f 1192//1192 1194//1194 1195//1195
f 1196//1196 1193//1193 1197//1197
f 1198//1198 1199//1199 1201//1201
f 1202//1202 1200//1200 1203//1203
f 1204//1204 1205//1205 1207//1207
f 1208//1208 1206//1206 1209//1209
f 1210//1210 1211//1211 1214//1214
f 1213//1213 1212//1212 1215//1215
f 1216//1216 1217//1217 1218//1218
f 1218//1218 1217//1217 1219//1219
f 1220//1220 1221//1221 1223//1223
f 1224//1224 1222//1222 1225//1225
f 1226//1226 1227//1227 1229//1229
f 1230//1230 1228//1228 1231//1231
f 1232//1232 1233//1233 1235//1235
f 1236//1236 1234//1234 1237//1237
f 1238//1238 1239//1239 1241//1241
f 1242//1242 1240//1240 1243//1243
f 1244//1244 1246//1246 1248//1248
f 1247//1247 1245//1245 1249//1249
f 1250//1250 1252//1252 1254//1254
f 1253//1253 1251//1251 1255//1255
f 1256//1256 1258//1258 1259//1259
f 1260//1260 1257//1257 1261//1261
f 1262//1262 1264//1264 1266//1266
f 1265//1265 1263//1263 1267//1267
f 1268//1268 1270//1270 1272//1272
f 1271//1271 1269//1269 1273//1273
f 1274//1274 1276//1276 1278//1278
f 1277//1277 1275//1275 1279//1279
f 1280//1280 1282//1282 1284//1284
f 1283//1283 1281//1281 1285//1285
f 1286//1286 1287//1287 1289//1289
f 1290//1290 1288//1288 1291//1291
f 1292//1292 1293//1293 1294//1294
f 1294//1294 1293//1293 1295//1295
f 1296//1296 1298//1298 1300//1300
f 1299//1299 1297//1297 1301//1301
f 1302//1302 1303//1303 1306//1306
f 1305//1305 1304//1304 1307//1307
f 1308//1308 1309//1309 1310//1310
f 1310//1310 1309//1309 1311//1311
f 1312//1312 1314//1314 1316//1316
f 1315//1315 1313//1313 1317//1317
f 1318//1318 1320//1320 1322//1322
f 1321//1321 1319//1319 1323//1323
f 1325//1325 1327//1327 1329//1329
f 1334//1334 1338//1338 1339//1339
f 1342//1342 1344//1344 1345//1345
f 1347//1347 1349//1349 1350//1350
f 1352//1352 1355//1355 1361//1361
f 1363//1363 1364//1364 1369//1369
f 1371//1371 1372//1372 1378//1378
f 1379//1379 1381//1381 1385//1385
f 1383//1383 1380//1380 1387//1387
f 1382//1382 1386//1386 1388//1388
f 1391//1391 1393//1393 1394//1394
f 1395//1395 1396//1396 1399//1399
f 1398//1398 1397//1397 1400//1400
f 1393//1393 1391//1391 1401//1401
f 1401//1401 1391//1391 1403//1403
f 1401//1401 1403//1403 1407//1407
f 1405//1405 1404//1404 1408//1408
f 1406//1406 1409//1409 1411//1411
f 1413//1413 1410//1410 1414//1414
f 1412//1412 1416//1416 1418//1418
f 1417//1417 1415//1415 1419//1419
f 1419//1419 1415//1415 1420//1420
f 1419//1419 1420//1420 1421//1421
f 1421//1421 1420//1420 1422//1422
f 1421//1421 1422//1422 1423//1423
f 1423//1423 1422//1422 1424//1424
f 1423//1423 1424//1424 1427//1427
f 1426//1426 1425//1425 1431//1431
f 1427//1427 1429//1429 1432//1432
f 1436//1436 1438//1438 1440//1440
f 1440//1440 1438//1438 1444//1444
f 1443//1443 1439//1439 1433//1433
f 1441//1441 1434//1434 1448//1448
f 1450//1450 1451//1451 1452//1452
f 1452//1452 1451//1451 1436//1436
f 1453//1453 1437//1437 1454//1454
f 1455//1455 1436//1436 1440//1440
f 1456//1456 1460//1460 1463//1463
f 1465//1465 1462//1462 1468//1468
f 1464//1464 1466//1466 1343//1343
f 1341//1341 1467//1467 1470//1470
f 1342//1342 1469//1469 1344//1344
f 1344//1344 1469//1469 1450//1450
f 1344//1344 1450//1450 1345//1345
f 1345//1345 1450//1450 1452//1452
f 1471//1471 1473//1473 1476//1476
f 1477//1477 1474//1474 1479//1479
f 1475//1475 1480//1480 1457//1457
f 1459//1459 1478//1478 1482//1482
f 1458//1458 1481//1481 1461//1461
f 1483//1483 1490//1490 1390//1390
f 1389//1389 1486//1486 1493//1493
f 1390//1390 1491//1491 1385//1385
f 1497//1497 1498//1498 1503//1503
f 1503//1503 1498//1498 1490//1490
f 1502//1502 1487//1487 1504//1504
f 1505//1505 1490//1490 1483//1483
f 1506//1506 1507//1507 1508//1508
f 1508//1508 1507//1507 1512//1512
f 1509//1509 1510//1510 1514//1514
f 1516//1516 1511//1511 1517//1517
f 1506//1506 1508//1508 1519//1519
f 1519//1519 1508//1508 1520//1520
f 1519//1519 1520//1520 1521//1521
f 1523//1523 1529//1529 1533//1533
f 1533//1533 1529//1529 1535//1535
f 1537//1537 1543//1543 1529//1529
f 1527//1527 1541//1541 1545//1545
f 1528//1528 1544//1544 1534//1534
f 1546//1546 1553//1553 1537//1537
f 1536//1536 1552//1552 1556//1556
f 1540//1540 1555//1555 1542//1542
f 1557//1557 1564//1564 1567//1567
f 1565//1565 1563//1563 1568//1568
f 1571//1571 1576//1576 1577//1577
f 1579//1579 1575//1575 1581//1581
f 1578//1578 1580//1580 1584//1584
f 1582//1582 1581//1581 1586//1586
f 1583//1583 1585//1585 1589//1589
f 1587//1587 1586//1586 1590//1590
f 1588//1588 1591//1591 1593//1593
f 1592//1592 1590//1590 1595//1595
f 1592//1592 1595//1595 1546//1546
f 1547//1547 1594//1594 1596//1596
f 1548//1548 1597//1597 1554//1554
f 1598//1598 1601//1601 1602//1602
f 1598//1598 1602//1602 1603//1603
f 1569//1569 1602//1602 1567//1567
f 1567//1567 1602//1602 1601//1601
f 1566//1566 1599//1599 1570//1570
f 1572//1572 1600//1600 1605//1605
f 1573//1573 1604//1604 1574//1574
f 1518//1518 1606//1606 1515//1515
f 1515//1515 1606//1606 1607//1607
f 1513//1513 1608//1608 1609//1609
f 1610//1610 1607//1607 1612//1612
f 1613//1613 1617//1617 1621//1621
f 1622//1622 1615//1615 1623//1623
f 1370//1370 1376//1376 1625//1625
f 1624//1624 1628//1628 1620//1620
f 1619//1619 1627//1627 1630//1630
f 1618//1618 1629//1629 1377//1377
f 1375//1375 1631//1631 1632//1632
f 1374//1374 1633//1633 1626//1626
f 1363//1363 1369//1369 1634//1634
f 1636//1636 1639//1639 1331//1331
f 1333//1333 1638//1638 1640//1640
f 1332//1332 1641//1641 1369//1369
f 1642//1642 1635//1635 1643//1643
f 1644//1644 1634//1634 1369//1369
f 1644//1644 1369//1369 1645//1645
f 1645//1645 1369//1369 1641//1641
f 1647//1647 1649//1649 1650//1650
f 1651//1651 1648//1648 1652//1652
f 1651//1651 1652//1652 1654//1654
f 1359//1359 1354//1354 1339//1339
f 1356//1356 1656//1656 1340//1340
f 1657//1657 1655//1655 1646//1646
f 1657//1657 1646//1646 1658//1658
f 1658//1658 1646//1646 1651//1651
f 1659//1659 1660//1660 1664//1664
f 1666//1666 1661//1661 1669//1669
f 1668//1668 1670//1670 1664//1664
f 1667//1667 1671//1671 1673//1673
f 1662//1662 1672//1672 1674//1674
f 1659//1659 1664//1664 1373//1373
f 1373//1373 1664//1664 1676//1676
f 1373//1373 1676//1676 1376//1376
f 1680//1680 1682//1682 1687//1687
f 1687//1687 1690//1690 1680//1680
f 1692//1692 1689//1689 1693//1693
f 1691//1691 1694//1694 1696//1696
f 1697//1697 1695//1695 1699//1699
f 1697//1697 1699//1699 1704//1704
f 1703//1703 1698//1698 1708//1708
f 1706//1706 1707//1707 1711//1711
f 1713//1713 1714//1714 1491//1491
f 1494//1494 1715//1715 1718//1718
f 1491//1491 1717//1717 1385//1385
f 1384//1384 1716//1716 1720//1720
f 1385//1385 1719//1719 1723//1723
f 1722//1722 1720//1720 1726//1726
f 1723//1723 1725//1725 1682//1682
f 1686//1686 1724//1724 1727//1727
f 1683//1683 1728//1728 1688//1688
f 1730//1730 1736//1736 1739//1739
f 1737//1737 1741//1741 1742//1742
f 1746//1746 1750//1750 1753//1753
f 1752//1752 1749//1749 1402//1402
f 1751//1751 1403//1403 1756//1756
f 1756//1756 1403//1403 1391//1391
f 1755//1755 1392//1392 1758//1758
f 1757//1757 1391//1391 1759//1759
f 1757//1757 1759//1759 1760//1760
f 1760//1760 1759//1759 1762//1762
f 1760//1760 1762//1762 1766//1766
f 1740//1740 1768//1768 1744//1744
f 1743//1743 1767//1767 1769//1769
f 1743//1743 1769//1769 1762//1762
f 1762//1762 1769//1769 1770//1770
f 1761//1761 1771//1771 1765//1765
f 1774//1774 1775//1775 1557//1557
f 1558//1558 1776//1776 1777//1777
f 1560//1560 1778//1778 1562//1562
f 1779//1779 1782//1782 1784//1784
f 1783//1783 1780//1780 1786//1786
f 1781//1781 1789//1789 1788//1788
f 1785//1785 1790//1790 1773//1773
f 1787//1787 1774//1774 1792//1792
f 1791//1791 1772//1772 1559//1559
f 1792//1792 1557//1557 1794//1794
f 1793//1793 1561//1561 1796//1796
f 1794//1794 1795//1795 1797//1797
f 1797//1797 1795//1795 1799//1799
f 1800//1800 1802//1802 1808//1808
f 1809//1809 1801//1801 1811//1811
f 1803//1803 1810//1810 1815//1815
f 1814//1814 1812//1812 1817//1817
f 1814//1814 1817//1817 1820//1820
f 1798//1798 1818//1818 1821//1821
f 1799//1799 1822//1822 1797//1797
f 1603//1603 1602//1602 1823//1823
f 1823//1823 1602//1602 1824//1824
f 1823//1823 1824//1824 1825//1825
f 1825//1825 1824//1824 1826//1826
f 1825//1825 1826//1826 1828//1828
f 1829//1829 1827//1827 1831//1831
f 1828//1828 1832//1832 1612//1612
f 1611//1611 1830//1830 1834//1834
f 1612//1612 1833//1833 1610//1610
f 1610//1610 1833//1833 1784//1784
f 1610//1610 1784//1784 1515//1515
f 1435//1435 1430//1430 1449//1449
f 1447//1447 1428//1428 1837//1837
f 1445//1445 1836//1836 1839//1839
f 1754//1754 1843//1843 1745//1745
f 1748//1748 1842//1842 1735//1735
f 1747//1747 1734//1734 1844//1844
f 1845//1845 1733//1733 1731//1731
f 1846//1846 1732//1732 1849//1849
f 1848//1848 1731//1731 1839//1839
f 1847//1847 1841//1841 1851//1851
f 1850//1850 1838//1838 1835//1835
f 1854//1854 1855//1855 1499//1499
f 1856//1856 1857//1857 1498//1498
f 1500//1500 1858//1858 1861//1861
f 1498//1498 1859//1859 1490//1490
f 1485//1485 1860//1860 1863//1863
f 1484//1484 1862//1862 1865//1865
f 1864//1864 1867//1867 1490//1490
f 1489//1489 1866//1866 1702//1702
f 1488//1488 1701//1701 1492//1492
f 1491//1491 1704//1704 1710//1710
f 1495//1495 1709//1709 1712//1712
f 1496//1496 1472//1472 1501//1501
f 1498//1498 1471//1471 1476//1476
f 1498//1498 1476//1476 1852//1852
f 1853//1853 1868//1868 1872//1872
f 1867//1867 1875//1875 1704//1704
f 1705//1705 1874//1874 1876//1876
f 1700//1700 1877//1877 1879//1879
f 1881//1881 1878//1878 1883//1883
f 1880//1880 1882//1882 1871//1871
f 1869//1869 1884//1884 1886//1886
f 1870//1870 1885//1885 1873//1873
f 1738//1738 1743//1743 1731//1731
f 1731//1731 1743//1743 1888//1888
f 1729//1729 1887//1887 1840//1840
f 1839//1839 1888//1888 1889//1889
f 1839//1839 1889//1889 1445//1445
f 1445//1445 1889//1889 1890//1890
f 1446//1446 1891//1891 1442//1442
f 1338//1338 1334//1334 1762//1762
f 1762//1762 1334//1334 1892//1892
f 1762//1762 1892//1892 1743//1743
f 1743//1743 1892//1892 1893//1893
f 1743//1743 1893//1893 1888//1888
f 1895//1895 1897//1897 1900//1900
f 1902//1902 1896//1896 1653//1653
f 1903//1903 1906//1906 1529//1529
f 1908//1908 1539//1539 1911//1911
f 1910//1910 1537//1537 1529//1529
f 1909//1909 1526//1526 1912//1912
f 1913//1913 1532//1532 1905//1905
f 1915//1915 1903//1903 1680//1680
f 1677//1677 1904//1904 1531//1531
f 1679//1679 1525//1525 1684//1684
f 1685//1685 1530//1530 1524//1524
f 1682//1682 1523//1523 1723//1723
f 1721//1721 1522//1522 1916//1916
f 1550//1550 1918//1918 1921//1921
f 1922//1922 1919//1919 1924//1924
f 1923//1923 1925//1925 1678//1678
f 1680//1680 1924//1924 1926//1926
f 1681//1681 1927//1927 1914//1914
f 1907//1907 1929//1929 1537//1537
f 1538//1538 1928//1928 1931//1931
f 1537//1537 1932//1932 1546//1546
f 1551//1551 1930//1930 1933//1933
f 1549//1549 1934//1934 1920//1920
f 1348//1348 1800//1800 1351//1351
f 1351//1351 1800//1800 1808//1808
f 1351//1351 1808//1808 1614//1614
f 1614//1614 1808//1808 1369//1369
f 1614//1614 1369//1369 1616//1616
f 1616//1616 1369//1369 1364//1364
f 1936//1936 1937//1937 1898//1898
f 1819//1819 1939//1939 1813//1813
f 1814//1814 1940//1940 1895//1895
f 1816//1816 1894//1894 1805//1805
f 1808//1808 1895//1895 1900//1900
f 1808//1808 1900//1900 1941//1941
f 1943//1943 1899//1899 1938//1938
f 1942//1942 1945//1945 1806//1806
f 1804//1804 1944//1944 1948//1948
f 1807//1807 1947//1947 1366//1366
f 1365//1365 1946//1946 1949//1949
f 1368//1368 1950//1950 1951//1951
f 1652//1652 1637//1637 1654//1654
f 1654//1654 1637//1637 1332//1332
f 1654//1654 1332//1332 1900//1900
f 1900//1900 1332//1332 1328//1328
f 1901//1901 1326//1326 1935//1935
f 1952//1952 1954//1954 1367//1367
f 1369//1369 1953//1953 1955//1955
f 1369//1369 1955//1955 1332//1332
f 1332//1332 1955//1955 1956//1956
f 1330//1330 1957//1957 1324//1324
f 1917//1917 1521//1521 1723//1723
f 1723//1723 1521//1521 1520//1520
f 1723//1723 1520//1520 1385//1385
f 1385//1385 1520//1520 1958//1958
f 1385//1385 1958//1958 1379//1379
f 1379//1379 1958//1958 1398//1398
f 1379//1379 1398//1398 1959//1959
f 1959//1959 1398//1398 1400//1400
f 1784//1784 1346//1346 1515//1515
f 1515//1515 1346//1346 1351//1351
f 1515//1515 1351//1351 1508//1508
f 1508//1508 1351//1351 1614//1614
f 1508//1508 1614//1614 1520//1520
f 1520//1520 1614//1614 1620//1620
f 1520//1520 1620//1620 1958//1958
f 1958//1958 1620//1620 1376//1376
f 1958//1958 1376//1376 1398//1398
f 1398//1398 1376//1376 1676//1676
f 1960//1960 1357//1357 1962//1962
f 1963//1963 1360//1360 1965//1965
f 1675//1675 1353//1353 1664//1664
f 1664//1664 1353//1353 1359//1359
f 1664//1664 1359//1359 1966//1966
f 1966//1966 1359//1359 1961//1961
f 1339//1339 1338//1338 1359//1359
f 1362//1362 1337//1337 1969//1969
f 1358//1358 1967//1967 1964//1964
f 1966//1966 1971//1971 1664//1664
f 1663//1663 1970//1970 1973//1973
f 1665//1665 1972//1972 1974//1974
f 1978//1978 1979//1979 1762//1762
f 1763//1763 1980//1980 1981//1981
f 1762//1762 1982//1982 1338//1338
f 1336//1336 1983//1983 1984//1984
f 1335//1335 1985//1985 1968//1968
f 1394//1394 1398//1398 1391//1391
f 1391//1391 1398//1398 1676//1676
f 1391//1391 1676//1676 1759//1759
f 1759//1759 1676//1676 1664//1664
f 1759//1759 1664//1664 1762//1762
f 1762//1762 1664//1664 1975//1975
f 1764//1764 1976//1976 1977//1977
f 1986//1986 1988//1988 1989//1989
f 1987//1987 1990//1990 1991//1991
f 1991//1991 1990//1990 1992//1992
f 1991//1991 1992//1992 1993//1993
f 1993//1993 1992//1992 1994//1994
f 1996//1996 1997//1997 1998//1998
f 1998//1998 1997//1997 1999//1999
f 1998//1998 1999//1999 2000//2000
f 2000//2000 1999//1999 2001//2001
f 2000//2000 2001//2001 2002//2002
f 2002//2002 2001//2001 1993//1993
f 2002//2002 1993//1993 2003//2003
f 2003//2003 1993//1993 1994//1994
f 2004//2004 2005//2005 1995//1995
f 1996//1996 2006//2006 2007//2007
f 1996//1996 2007//2007 1997//1997
f 2004//2004 2008//2008 2005//2005
f 2005//2005 2008//2008 2009//2009
f 2005//2005 2009//2009 2010//2010
f 2010//2010 2009//2009 2011//2011
f 2010//2010 2011//2011 2012//2012
f 2012//2012 2011//2011 2013//2013
f 2012//2012 2013//2013 2014//2014
f 2014//2014 2013//2013 2015//2015
f 2014//2014 2015//2015 2016//2016
f 2016//2016 2015//2015 2017//2017
f 2016//2016 2017//2017 2018//2018
f 2018//2018 2017//2017 2019//2019
f 2018//2018 2019//2019 2020//2020
f 2020//2020 2019//2019 2021//2021
f 2020//2020 2021//2021 2022//2022
f 2022//2022 2021//2021 2023//2023
f 2022//2022 2023//2023 2025//2025
f 2026//2026 2027//2027 2028//2028
f 2029//2029 2030//2030 2031//2031
f 2029//2029 2031//2031 2032//2032
f 2032//2032 2031//2031 2033//2033
f 2032//2032 2033//2033 2034//2034
f 2034//2034 2033//2033 2035//2035
f 2034//2034 2035//2035 2036//2036
f 2036//2036 2035//2035 2037//2037
f 2036//2036 2037//2037 2038//2038
f 2038//2038 2037//2037 2039//2039
f 2038//2038 2039//2039 2040//2040
f 2040//2040 2039//2039 2041//2041
f 2040//2040 2041//2041 2042//2042
f 2042//2042 2041//2041 2043//2043
f 2042//2042 2043//2043 2044//2044
f 2044//2044 2043//2043 2045//2045
f 2044//2044 2045//2045 2046//2046
f 2046//2046 2045//2045 2047//2047
f 2046//2046 2047//2047 2048//2048
f 2048//2048 2047//2047 2024//2024
f 2026//2026 2049//2049 2027//2027
f 2027//2027 2049//2049 2050//2050
f 2027//2027 2050//2050 2051//2051
f 2051//2051 2050//2050 2052//2052
f 2051//2051 2052//2052 2053//2053
f 2053//2053 2052//2052 2054//2054
f 2053//2053 2054//2054 2055//2055
f 2055//2055 2054//2054 2056//2056
f 2055//2055 2056//2056 2057//2057
f 2057//2057 2056//2056 2058//2058
f 2057//2057 2058//2058 2060//2060
f 1989//1989 2059//2059 2061//2061
f 1989//1989 2061//2061 1986//1986
f 2063//2063 2064//2064 2069//2069
f 2069//2069 2064//2064 2070//2070
f 2069//2069 2070//2070 2071//2071
f 2072//2072 2073//2073 2069//2069
f 2068//2068 2074//2074 2076//2076
f 2065//2065 2075//2075 2062//2062
f 2077//2077 2079//2079 2069//2069
f 2069//2069 2079//2079 2080//2080
f 2069//2069 2080//2080 2072//2072
f 2071//2071 2082//2082 2069//2069
f 2066//2066 2081//2081 2083//2083
f 2067//2067 2084//2084 2078//2078
f 2086//2086 2087//2087 2091//2091
f 2091//2091 2087//2087 2093//2093
f 2091//2091 2093//2093 2094//2094
f 2095//2095 2096//2096 2091//2091
f 2088//2088 2097//2097 2099//2099
f 2092//2092 2098//2098 2085//2085
f 2101//2101 2102//2102 2091//2091
f 2091//2091 2102//2102 2103//2103
f 2091//2091 2103//2103 2095//2095
f 2094//2094 2105//2105 2091//2091
f 2089//2089 2104//2104 2107//2107
f 2090//2090 2106//2106 2100//2100
f 2108//2108 2109//2109 2110//2110
f 2111//2111 2109//2109 2108//2108
f 2108//2108 2112//2112 2113//2113
f 2114//2114 2112//2112 2108//2108
f 2110//2110 2114//2114 2108//2108
f 2108//2108 2115//2115 2116//2116
f 2117//2117 2115//2115 2108//2108
f 2113//2113 2117//2117 2108//2108
f 2108//2108 2118//2118 2119//2119
f 2120//2120 2118//2118 2108//2108
f 2116//2116 2120//2120 2108//2108
f 2119//2119 2111//2111 2108//2108
f 2121//2121 2122//2122 2123//2123
f 2124//2124 2122//2122 2121//2121
f 2121//2121 2125//2125 2126//2126
f 2127//2127 2125//2125 2121//2121
f 2123//2123 2127//2127 2121//2121
f 2121//2121 2128//2128 2129//2129
f 2130//2130 2128//2128 2121//2121
f 2126//2126 2130//2130 2121//2121
f 2121//2121 2131//2131 2132//2132
f 2133//2133 2131//2131 2121//2121
f 2129//2129 2133//2133 2121//2121
f 2132//2132 2124//2124 2121//2121
f 2134//2134 2135//2135 2136//2136
f 2137//2137 2135//2135 2134//2134
f 2134//2134 2138//2138 2139//2139
f 2140//2140 2138//2138 2134//2134
f 2136//2136 2140//2140 2134//2134
f 2134//2134 2141//2141 2142//2142
f 2143//2143 2141//2141 2134//2134
f 2139//2139 2143//2143 2134//2134
f 2134//2134 2144//2144 2145//2145
f 2146//2146 2144//2144 2134//2134
f 2142//2142 2146//2146 2134//2134
f 2145//2145 2137//2137 2134//2134
f 2147//2147 2148//2148 2149//2149
f 2150//2150 2148//2148 2147//2147
f 2147//2147 2151//2151 2152//2152
f 2153//2153 2151//2151 2147//2147
f 2149//2149 2153//2153 2147//2147
f 2147//2147 2154//2154 2155//2155
f 2156//2156 2154//2154 2147//2147
f 2152//2152 2156//2156 2147//2147
f 2147//2147 2157//2157 2158//2158
f 2159//2159 2157//2157 2147//2147
f 2155//2155 2159//2159 2147//2147
f 2158//2158 2150//2150 2147//2147
f 2160//2160 2161//2161 2162//2162
f 2163//2163 2161//2161 2160//2160
f 2160//2160 2164//2164 2165//2165
f 2166//2166 2164//2164 2160//2160
f 2162//2162 2166//2166 2160//2160
f 2160//2160 2167//2167 2168//2168
f 2169//2169 2167//2167 2160//2160
f 2165//2165 2169//2169 2160//2160
f 2160//2160 2170//2170 2171//2171
f 2172//2172 2170//2170 2160//2160
f 2168//2168 2172//2172 2160//2160
f 2171//2171 2163//2163 2160//2160
f 2173//2173 2174//2174 2175//2175
f 2176//2176 2174//2174 2173//2173
f 2173//2173 2177//2177 2178//2178
f 2179//2179 2177//2177 2173//2173
f 2175//2175 2179//2179 2173//2173
f 2173//2173 2180//2180 2181//2181
f 2182//2182 2180//2180 2173//2173
f 2178//2178 2182//2182 2173//2173
f 2173//2173 2183//2183 2184//2184
f 2185//2185 2183//2183 2173//2173
f 2181//2181 2185//2185 2173//2173
f 2184//2184 2176//2176 2173//2173
f 2186//2186 2187//2187 2188//2188
f 2188//2188 2187//2187 2189//2189
f 2188//2188 2189//2189 2190//2190
f 2190//2190 2189//2189 2191//2191
f 2190//2190 2191//2191 2192//2192
f 2192//2192 2191//2191 2193//2193
f 2192//2192 2193//2193 2194//2194
f 2194//2194 2193//2193 2197//2197
f 2195//2195 2196//2196 2200//2200
f 2201//2201 2198//2198 2202//2202
f 2199//2199 2203//2203 2204//2204
f 2204//2204 2203//2203 2205//2205
f 2204//2204 2205//2205 2207//2207
f 2207//2207 2205//2205 2209//2209
f 2206//2206 2208//2208 2211//2211
f 2210//2210 2209//2209 2212//2212
f 2210//2210 2212//2212 2213//2213
f 2213//2213 2212//2212 2214//2214
f 2213//2213 2214//2214 2215//2215
f 2215//2215 2214//2214 2217//2217
f 2215//2215 2217//2217 2218//2218
f 2219//2219 2216//2216 2221//2221
f 2218//2218 2220//2220 2222//2222
f 2222//2222 2220//2220 2223//2223
f 2222//2222 2223//2223 2224//2224
f 2224//2224 2223//2223 2225//2225
f 2224//2224 2225//2225 2226//2226
f 2226//2226 2225//2225 2227//2227
f 2226//2226 2227//2227 2230//2230
f 2229//2229 2228//2228 2232//2232
f 2230//2230 2231//2231 2233//2233
f 2233//2233 2231//2231 2236//2236
f 2234//2234 2235//2235 2237//2237
f 2238//2238 2236//2236 2239//2239
f 2238//2238 2239//2239 2240//2240
f 2240//2240 2239//2239 2241//2241
f 2240//2240 2241//2241 2242//2242
f 2242//2242 2241//2241 2243//2243
f 2242//2242 2243//2243 2246//2246
f 2245//2245 2244//2244 2248//2248
f 2246//2246 2247//2247 2249//2249
f 2249//2249 2247//2247 2251//2251
f 2249//2249 2251//2251 2252//2252
f 2253//2253 2250//2250 2256//2256
f 2254//2254 2255//2255 2258//2258
f 2259//2259 2257//2257 2260//2260
f 2259//2259 2260//2260 2262//2262
f 2262//2262 2260//2260 2265//2265
f 2261//2261 2263//2263 2268//2268
f 2267//2267 2264//2264 2270//2270
f 2266//2266 2271//2271 2272//2272
f 2273//2273 2269//2269 2275//2275
f 2272//2272 2274//2274 2276//2276
f 2276//2276 2274//2274 2277//2277
f 2276//2276 2277//2277 2278//2278
f 2278//2278 2277//2277 2279//2279
f 2278//2278 2279//2279 2186//2186
f 2186//2186 2279//2279 2187//2187
f 2280//2280 2281//2281 2284//2284
f 2283//2283 2282//2282 2285//2285
f 2286//2286 2287//2287 2289//2289
f 2290//2290 2288//2288 2291//2291
f 2292//2292 2294//2294 2295//2295
f 2296//2296 2293//2293 2297//2297
f 2298//2298 2299//2299 2302//2302
f 2301//2301 2300//2300 2303//2303
f 2304//2304 2306//2306 2308//2308
f 2307//2307 2305//2305 2309//2309
f 2310//2310 2311//2311 2314//2314
f 2313//2313 2312//2312 2315//2315
f 2316//2316 2318//2318 2320//2320
f 2319//2319 2317//2317 2321//2321
f 2322//2322 2324//2324 2325//2325
f 2326//2326 2323//2323 2327//2327
f 2328//2328 2329//2329 2331//2331
f 2332//2332 2330//2330 2333//2333
f 2334//2334 2335//2335 2337//2337
f 2338//2338 2336//2336 2339//2339
f 2340//2340 2341//2341 2344//2344
f 2343//2343 2342//2342 2345//2345
f 2346//2346 2348//2348 2350//2350
f 2349//2349 2347//2347 2351//2351
f 2352//2352 2354//2354 2356//2356
f 2355//2355 2353//2353 2357//2357
f 2358//2358 2359//2359 2361//2361
f 2362//2362 2360//2360 2363//2363
f 2364//2364 2365//2365 2368//2368
f 2367//2367 2366//2366 2369//2369
f 2370//2370 2371//2371 2373//2373
f 2374//2374 2372//2372 2375//2375
f 2376//2376 2378//2378 2379//2379
f 2380//2380 2377//2377 2381//2381
f 2382//2382 2383//2383 2385//2385
f 2386//2386 2384//2384 2387//2387
f 2388//2388 2390//2390 2392//2392
f 2391//2391 2389//2389 2393//2393
f 2394//2394 2395//2395 2397//2397
f 2398//2398 2396//2396 2399//2399
f 2400//2400 2401//2401 2403//2403
f 2404//2404 2402//2402 2405//2405
f 2406//2406 2407//2407 2409//2409
f 2410//2410 2408//2408 2411//2411
f 2412//2412 2414//2414 2415//2415
f 2416//2416 2413//2413 2417//2417
f 2418//2418 2419//2419 2421//2421
f 2422//2422 2420//2420 2423//2423
f 2424//2424 2425//2425 2428//2428
f 2427//2427 2426//2426 2429//2429
f 2430//2430 2432//2432 2434//2434
f 2433//2433 2431//2431 2435//2435
f 2436//2436 2437//2437 2438//2438
f 2438//2438 2437//2437 2439//2439
f 2440//2440 2442//2442 2443//2443
f 2444//2444 2441//2441 2445//2445
f 2446//2446 2447//2447 2449//2449
f 2450//2450 2448//2448 2451//2451
f 2452//2452 2453//2453 2456//2456
f 2455//2455 2454//2454 2457//2457
f 2458//2458 2460//2460 2462//2462
f 2461//2461 2459//2459 2463//2463
f 2464//2464 2466//2466 2468//2468
f 2467//2467 2465//2465 2469//2469
f 2470//2470 2472//2472 2474//2474
f 2473//2473 2471//2471 2475//2475
f 2476//2476 2477//2477 2478//2478
f 2478//2478 2477//2477 2479//2479
f 2480//2480 2482//2482 2484//2484
f 2483//2483 2481//2481 2485//2485
f 2486//2486 2487//2487 2489//2489
f 2490//2490 2488//2488 2491//2491
f 2492//2492 2494//2494 2495//2495
f 2496//2496 2493//2493 2497//2497
f 2498//2498 2500//2500 2501//2501
f 2502//2502 2499//2499 2503//2503
f 2504//2504 2506//2506 2507//2507
f 2508//2508 2505//2505 2509//2509
f 2510//2510 2511//2511 2512//2512
f 2512//2512 2511//2511 2513//2513
f 2514//2514 2515//2515 2518//2518
f 2517//2517 2516//2516 2519//2519
f 2520//2520 2521//2521 2523//2523
f 2524//2524 2522//2522 2525//2525
f 2526//2526 2527//2527 2529//2529
f 2530//2530 2528//2528 2531//2531
f 2532//2532 2533//2533 2536//2536
f 2535//2535 2534//2534 2537//2537
f 2538//2538 2539//2539 2541//2541
f 2542//2542 2540//2540 2543//2543
f 2544//2544 2545//2545 2547//2547
f 2548//2548 2546//2546 2549//2549
f 2550//2550 2552//2552 2553//2553
f 2554//2554 2551//2551 2555//2555
f 2556//2556 2557//2557 2559//2559
f 2560//2560 2558//2558 2561//2561
f 2562//2562 2563//2563 2565//2565
f 2566//2566 2564//2564 2567//2567
f 2568//2568 2570//2570 2571//2571
f 2572//2572 2569//2569 2573//2573
f 2574//2574 2576//2576 2578//2578
f 2577//2577 2575//2575 2579//2579
f 2580//2580 2581//2581 2583//2583
f 2584//2584 2582//2582 2585//2585
f 2586//2586 2588//2588 2589//2589
f 2590//2590 2587//2587 2591//2591
f 2592//2592 2593//2593 2595//2595
f 2596//2596 2594//2594 2597//2597
f 2598//2598 2599//2599 2601//2601
f 2602//2602 2600//2600 2603//2603
f 2604//2604 2606//2606 2608//2608
f 2607//2607 2605//2605 2609//2609
f 2610//2610 2612//2612 2614//2614
f 2613//2613 2611//2611 2615//2615
f 2616//2616 2618//2618 2619//2619
f 2620//2620 2617//2617 2621//2621
f 2622//2622 2624//2624 2626//2626
f 2625//2625 2623//2623 2627//2627
f 2628//2628 2630//2630 2631//2631
f 2632//2632 2629//2629 2633//2633
f 2634//2634 2636//2636 2638//2638
f 2637//2637 2635//2635 2639//2639
f 2640//2640 2641//2641 2643//2643
f 2644//2644 2642//2642 2645//2645
f 2646//2646 2647//2647 2649//2649
f 2650//2650 2648//2648 2651//2651
f 2652//2652 2653//2653 2654//2654
f 2654//2654 2653//2653 2655//2655
f 2656//2656 2657//2657 2659//2659
f 2660//2660 2658//2658 2661//2661
f 2662//2662 2663//2663 2665//2665
f 2666//2666 2664//2664 2667//2667
f 2668//2668 2669//2669 2671//2671
f 2672//2672 2670//2670 2673//2673
f 2674//2674 2675//2675 2677//2677
f 2678//2678 2676//2676 2679//2679
f 2680//2680 2681//2681 2682//2682
f 2682//2682 2681//2681 2683//2683
f 2684//2684 2685//2685 2687//2687
f 2688//2688 2686//2686 2689//2689
f 2690//2690 2691//2691 2693//2693
f 2694//2694 2692//2692 2695//2695
f 2696//2696 2698//2698 2700//2700
f 2699//2699 2697//2697 2701//2701
f 2702//2702 2704//2704 2706//2706
f 2705//2705 2703//2703 2707//2707
f 2708//2708 2709//2709 2712//2712
f 2711//2711 2710//2710 2713//2713
f 2714//2714 2716//2716 2718//2718
f 2717//2717 2715//2715 2719//2719
f 2720//2720 2722//2722 2723//2723
f 2724//2724 2721//2721 2725//2725
f 2726//2726 2728//2728 2729//2729
f 2730//2730 2727//2727 2731//2731
f 2732//2732 2733//2733 2736//2736
f 2735//2735 2734//2734 2737//2737
f 2738//2738 2740//2740 2742//2742
f 2741//2741 2739//2739 2743//2743
f 2744//2744 2746//2746 2748//2748
f 2747//2747 2745//2745 2749//2749
f 2750//2750 2752//2752 2754//2754
f 2753//2753 2751//2751 2755//2755
f 2756//2756 2758//2758 2760//2760
f 2759//2759 2757//2757 2761//2761
f 2762//2762 2764//2764 2765//2765
f 2766//2766 2763//2763 2767//2767
f 2768//2768 2769//2769 2771//2771
f 2772//2772 2770//2770 2773//2773
f 2774//2774 2776//2776 2778//2778
f 2777//2777 2775//2775 2779//2779
f 2780//2780 2781//2781 2784//2784
f 2783//2783 2782//2782 2785//2785
f 2786//2786 2787//2787 2789//2789
f 2790//2790 2788//2788 2791//2791
f 2792//2792 2794//2794 2795//2795
f 2796//2796 2793//2793 2797//2797
f 2798//2798 2800//2800 2802//2802
f 2801//2801 2799//2799 2803//2803
f 2804//2804 2806//2806 2807//2807
f 2808//2808 2805//2805 2809//2809
f 2810//2810 2811//2811 2813//2813
f 2814//2814 2812//2812 2815//2815
f 2816//2816 2817//2817 2819//2819
f 2820//2820 2818//2818 2821//2821
f 2822//2822 2823//2823 2825//2825
f 2826//2826 2824//2824 2827//2827
f 2828//2828 2829//2829 2831//2831
f 2832//2832 2830//2830 2833//2833
f 2834//2834 2835//2835 2838//2838
f 2837//2837 2836//2836 2839//2839
f 2840//2840 2842//2842 2844//2844
f 2843//2843 2841//2841 2845//2845
f 2846//2846 2847//2847 2848//2848
f 2848//2848 2847//2847 2849//2849
f 2848//2848 2849//2849 2850//2850
f 2850//2850 2849//2849 2851//2851
f 2850//2850 2851//2851 2852//2852
f 2852//2852 2851//2851 2853//2853
f 2852//2852 2853//2853 2854//2854
f 2854//2854 2853//2853 2855//2855
f 2854//2854 2855//2855 2856//2856
f 2856//2856 2855//2855 2857//2857
f 2856//2856 2857//2857 2858//2858
f 2858//2858 2857//2857 2859//2859
f 2858//2858 2859//2859 2860//2860
f 2860//2860 2859//2859 2861//2861
f 2860//2860 2861//2861 2862//2862
f 2862//2862 2861//2861 2863//2863
f 2862//2862 2863//2863 2864//2864
f 2864//2864 2863//2863 2865//2865
f 2864//2864 2865//2865 2866//2866
f 2866//2866 2865//2865 2867//2867
f 2866//2866 2867//2867 2868//2868
f 2868//2868 2867//2867 2869//2869
f 2868//2868 2869//2869 2870//2870
f 2870//2870 2869//2869 2871//2871
f 2870//2870 2871//2871 2872//2872
f 2872//2872 2871//2871 2873//2873
f 2872//2872 2873//2873 2874//2874
f 2874//2874 2873//2873 2875//2875
f 2874//2874 2875//2875 2876//2876
f 2876//2876 2875//2875 2877//2877
f 2876//2876 2877//2877 2878//2878
f 2878//2878 2877//2877 2879//2879
f 2878//2878 2879//2879 2880//2880
f 2880//2880 2879//2879 2881//2881
f 2880//2880 2881//2881 2882//2882
f 2882//2882 2881//2881 2883//2883
f 2882//2882 2883//2883 2884//2884
f 2884//2884 2883//2883 2885//2885
f 2884//2884 2885//2885 2886//2886
f 2886//2886 2885//2885 2887//2887
f 2886//2886 2887//2887 2888//2888
f 2888//2888 2887//2887 2889//2889
f 2888//2888 2889//2889 2890//2890
f 2890//2890 2889//2889 2891//2891
f 2890//2890 2891//2891 2892//2892
f 2892//2892 2891//2891 2893//2893
f 2892//2892 2893//2893 2894//2894
f 2894//2894 2893//2893 2895//2895
f 2894//2894 2895//2895 2896//2896
f 2896//2896 2895//2895 2897//2897
f 2896//2896 2897//2897 2898//2898
f 2898//2898 2897//2897 2899//2899
f 2898//2898 2899//2899 2900//2900
f 2900//2900 2899//2899 2901//2901
f 2900//2900 2901//2901 2902//2902
f 2902//2902 2901//2901 2903//2903
f 2902//2902 2903//2903 2846//2846
f 2846//2846 2903//2903 2847//2847
f 2905//2905 2907//2907 2925//2925
f 2921//2921 2906//2906 2926//2926
f 2921//2921 2926//2926 2927//2927
f 2929//2929 2931//2931 2921//2921
f 2916//2916 2930//2930 2932//2932
f 2922//2922 2933//2933 2904//2904
f 2935//2935 2936//2936 2917//2917
f 2915//2915 2937//2937 2938//2938
f 2921//2921 2939//2939 2929//2929
f 2940//2940 2943//2943 2908//2908
f 2910//2910 2942//2942 2944//2944
f 2920//2920 2945//2945 2934//2934
f 2946//2946 2948//2948 2921//2921
f 2921//2921 2948//2948 2950//2950
f 2918//2918 2949//2949 2941//2941
f 2951//2951 2953//2953 2919//2919
f 2909//2909 2954//2954 2956//2956
f 2913//2913 2955//2955 2947//2947
f 2958//2958 2959//2959 2912//2912
f 2921//2921 2960//2960 2961//2961
f 2921//2921 2961//2961 2952//2952
f 2962//2962 2964//2964 2921//2921
f 2913//2913 2963//2963 2966//2966
f 2909//2909 2965//2965 2957//2957
f 2967//2967 2970//2970 2911//2911
f 2918//2918 2969//2969 2971//2971
f 2921//2921 2972//2972 2962//2962
f 2974//2974 2976//2976 2924//2924
f 2920//2920 2975//2975 2978//2978
f 2914//2914 2977//2977 2968//2968
f 2979//2979 2981//2981 2921//2921
f 2921//2921 2981//2981 2982//2982
f 2915//2915 2983//2983 2973//2973
f 2928//2928 2985//2985 2923//2923
f 2922//2922 2984//2984 2987//2987
f 2916//2916 2986//2986 2980//2980
f 2988//2988 2991//2991 2993//2993
f 2994//2994 2998//2998 3000//3000
f 3002//3002 2997//2997 3007//3007
f 3011//3011 3012//3012 3019//3019
f 3023//3023 3027//3027 3029//3029
f 3031//3031 3033//3033 3035//3035
f 3037//3037 3032//3032 3043//3043
f 3036//3036 3041//3041 3047//3047
f 3044//3044 3042//3042 3049//3049
f 3048//3048 3051//3051 3045//3045
f 3053//3053 3050//3050 3054//3054
f 3052//3052 3055//3055 3056//3056
f 3059//3059 3063//3063 3065//3065
f 3067//3067 3064//3064 3026//3026
f 3066//3066 3027//3027 3068//3068
f 3070//3070 3028//3028 3025//3025
f 3069//3069 3024//3024 3072//3072
f 3071//3071 3023//3023 3074//3074
f 3073//3073 3075//3075 3077//3077
f 3076//3076 3074//3074 3078//3078
f 3076//3076 3078//3078 3079//3079
f 3079//3079 3057//3057 3054//3054
f 3080//3080 3083//3083 3085//3085
f 3088//3088 3084//3084 3091//3091
f 3085//3085 3090//3090 3094//3094
f 3101//3101 3102//3102 3109//3109
f 3109//3109 3102//3102 3094//3094
f 3110//3110 3098//3098 3111//3111
f 3112//3112 3099//3099 3092//3092
f 3100//3100 3113//3113 3106//3106
f 3103//3103 3114//3114 3117//3117
f 3102//3102 3116//3116 3118//3118
f 3121//3121 3115//3115 3123//3123
f 3124//3124 3126//3126 3120//3120
f 3119//3119 3125//3125 3128//3128
f 3118//3118 3127//3127 3130//3130
f 3089//3089 3134//3134 3081//3081
f 3082//3082 3133//3133 3129//3129
f 3080//3080 3130//3130 3135//3135
f 3135//3135 3130//3130 3127//3127
f 3040//3040 3137//3137 3139//3139
f 3034//3034 3138//3138 3140//3140
f 3140//3140 3138//3138 3143//3143
f 3141//3141 3144//3144 3145//3145
f 3146//3146 3147//3147 3148//3148
f 3149//3149 3044//3044 3150//3150
f 3150//3150 3044//3044 3151//3151
f 3150//3150 3151//3151 3152//3152
f 3152//3152 3151//3151 3148//3148
f 3152//3152 3148//3148 3153//3153
f 3153//3153 3148//3148 3147//3147
f 3149//3149 3154//3154 3044//3044
f 3046//3046 3155//3155 3158//3158
f 3044//3044 3156//3156 3034//3034
f 3038//3038 3157//3157 3159//3159
f 3039//3039 3160//3160 3136//3136
f 3014//3014 3161//3161 3162//3162
f 3163//3163 3165//3165 3171//3171
f 3170//3170 3166//3166 3176//3176
f 3171//3171 3174//3174 3177//3177
f 3178//3178 3175//3175 3180//3180
f 3177//3177 3181//3181 3182//3182
f 3162//3162 3161//3161 3184//3184
f 3184//3184 3161//3161 3187//3187
f 3185//3185 3186//3186 3190//3190
f 3162//3162 3192//3192 3014//3014
f 3013//3013 3191//3191 3194//3194
f 3014//3014 3195//3195 3018//3018
f 3015//3015 3193//3193 3198//3198
f 3016//3016 3197//3197 3167//3167
f 3171//3171 3196//3196 3199//3199
f 3169//3169 3200//3200 3164//3164
f 3203//3203 3206//3206 3017//3017
f 3020//3020 3205//3205 3208//3208
f 3021//3021 3207//3207 3010//3010
f 3209//3209 3210//3210 3214//3214
f 3212//3212 3219//3219 3222//3222
f 3209//3209 3214//3214 3224//3224
f 3224//3224 3214//3214 3223//3223
f 3225//3225 3221//3221 3227//3227
f 3210//3210 3228//3228 3171//3171
f 3202//3202 3231//3231 3233//3233
f 3232//3232 3229//3229 3236//3236
f 3233//3233 3234//3234 3223//3223
f 3220//3220 3235//3235 3238//3238
f 3223//3223 3237//3237 3226//3226
f 3228//3228 3240//3240 3171//3171
f 3168//3168 3239//3239 3242//3242
f 3173//3173 3243//3243 3022//3022
f 3018//3018 3241//3241 3245//3245
f 3018//3018 3245//3245 3202//3202
f 3201//3201 3244//3244 3246//3246
f 3204//3204 3247//3247 3230//3230
f 3131//3131 3249//3249 3122//3122
f 3118//3118 3248//3248 3251//3251
f 3118//3118 3251//3251 3102//3102
f 3108//3108 3250//3250 3253//3253
f 3107//3107 3254//3254 3211//3211
f 3216//3216 3252//3252 3256//3256
f 3215//3215 3255//3255 3218//3218
f 3258//3258 3259//3259 3085//3085
f 3260//3260 3262//3262 3094//3094
f 3096//3096 3263//3263 3265//3265
f 3094//3094 3266//3266 3085//3085
f 3086//3086 3264//3264 3267//3267
f 3087//3087 3268//3268 3257//3257
f 3259//3259 3269//3269 3085//3085
f 3085//3085 3269//3269 3270//3270
f 3085//3085 3270//3270 3132//3132
f 3269//3269 3273//3273 3270//3270
f 3271//3271 3272//3272 3275//3275
f 3270//3270 3276//3276 3277//3277
f 3278//3278 3274//3274 3281//3281
f 3277//3277 3280//3280 3282//3282
f 3284//3284 3279//3279 3285//3285
f 3261//3261 3097//3097 3289//3289
f 3290//3290 3095//3095 3001//3001
f 3291//3291 3002//3002 3288//3288
f 3287//3287 2999//2999 3008//3008
f 3286//3286 3009//3009 3283//3283
f 3292//3292 3293//3293 3295//3295
f 3295//3295 3293//3293 3296//3296
f 3297//3297 3294//3294 3299//3299
f 3296//3296 3298//3298 3301//3301
f 3302//3302 3300//3300 3312//3312
f 3311//3311 3298//3298 3313//3313
f 3307//3307 3314//3314 3315//3315
f 3292//3292 3295//3295 3317//3317
f 3317//3317 3295//3295 3318//3318
f 3317//3317 3318//3318 3320//3320
f 3320//3320 3318//3318 2995//2995
f 3319//3319 2996//2996 3321//3321
f 3322//3322 2995//2995 3002//3002
f 3322//3322 3002//3002 3323//3323
f 3316//3316 3325//3325 3311//3311
f 3308//3308 3324//3324 3328//3328
f 3311//3311 3327//3327 3002//3002
f 3005//3005 3326//3326 3329//3329
f 3002//3002 3330//3330 3323//3323
f 3332//3332 3334//3334 3335//3335
f 3337//3337 3333//3333 3303//3303
f 3336//3336 3304//3304 3338//3338
f 3339//3339 3305//3305 3310//3310
f 3338//3338 3311//3311 3340//3340
f 3342//3342 2988//2988 3343//3343
f 3343//3343 2988//2988 3344//3344
f 3343//3343 3344//3344 3345//3345
f 3345//3345 3344//3344 3331//3331
f 3345//3345 3331//3331 3346//3346
f 3346//3346 3331//3331 3336//3336
f 3347//3347 3349//3349 3352//3352
f 3349//3349 3354//3354 3352//3352
f 3353//3353 3355//3355 3356//3356
f 3352//3352 3357//3357 3311//3311
f 3306//3306 3358//3358 3360//3360
f 3311//3311 3359//3359 3340//3340
f 3146//3146 3148//3148 3140//3140
f 3140//3140 3148//3148 3361//3361
f 3142//3142 3362//3362 3363//3363
f 3341//3341 3348//3348 2989//2989
f 2988//2988 3347//3347 3352//3352
f 2988//2988 3352//3352 2991//2991
f 2991//2991 3352//3352 3366//3366
f 2990//2990 3367//3367 2992//2992
f 3369//3369 3370//3370 3352//3352
f 3372//3372 3062//3062 3373//3373
f 3374//3374 3061//3061 3366//3366
f 3374//3374 3366//3366 3376//3376
f 3375//3375 3365//3365 3350//3350
f 3376//3376 3352//3352 3377//3377
f 3377//3377 3352//3352 3370//3370
f 3378//3378 3380//3380 3002//3002
f 3006//3006 3381//3381 3383//3383
f 3382//3382 3384//3384 3002//3002
f 3002//3002 3384//3384 3385//3385
f 3002//3002 3385//3385 3311//3311
f 3309//3309 3386//3386 3387//3387
f 3311//3311 3388//3388 3352//3352
f 3352//3352 3388//3388 3389//3389
f 3351//3351 3390//3390 3368//3368
f 3379//3379 3004//3004 3392//3392
f 3391//3391 3003//3003 3093//3093
f 3393//3393 3094//3094 3394//3394
f 3394//3394 3094//3094 3102//3102
f 3394//3394 3102//3102 3395//3395
f 3396//3396 3397//3397 3214//3214
f 3210//3210 3171//3171 3214//3214
f 3214//3214 3171//3171 3398//3398
f 3214//3214 3398//3398 3396//3396
f 3397//3397 3400//3400 3214//3214
f 3217//3217 3401//3401 3403//3403
f 3213//3213 3402//3402 3104//3104
f 3105//3105 3404//3404 3405//3405
f 3102//3102 3406//3406 3395//3395
f 3407//3407 3408//3408 3177//3177
f 3177//3177 3408//3408 3409//3409
f 3409//3409 3410//3410 3177//3177
f 3179//3179 3411//3411 3412//3412
f 3177//3177 3413//3413 3171//3171
f 3171//3171 3413//3413 3415//3415
f 3172//3172 3414//3414 3399//3399
f 3371//3371 3417//3417 3060//3060
f 3061//3061 3416//3416 3407//3407
f 3061//3061 3407//3407 3027//3027
f 3027//3027 3407//3407 3177//3177
f 3027//3027 3177//3177 3187//3187
f 3187//3187 3177//3177 3182//3182
f 3188//3188 3183//3183 3189//3189
f 3364//3364 2993//2993 3140//3140
f 3140//3140 2993//2993 3366//3366
f 3140//3140 3366//3366 3034//3034
f 3034//3034 3366//3366 3061//3061
f 3034//3034 3061//3061 3030//3030
f 3030//3030 3061//3061 3058//3058
f 3418//3418 3419//3419 3420//3420
f 3420//3420 3419//3419 3421//3421
f 3420//3420 3421//3421 3422//3422
f 3422//3422 3421//3421 3423//3423
f 3422//3422 3423//3423 3424//3424
f 3424//3424 3423//3423 3425//3425
f 3424//3424 3425//3425 3426//3426
f 3426//3426 3425//3425 3427//3427
f 3426//3426 3427//3427 3428//3428
f 3428//3428 3427//3427 3429//3429
f 3428//3428 3429//3429 3430//3430
f 3430//3430 3429//3429 3431//3431
f 3430//3430 3431//3431 3432//3432
f 3432//3432 3431//3431 3433//3433
f 3432//3432 3433//3433 3434//3434
f 3433//3433 3435//3435 3434//3434
f 3434//3434 3435//3435 3436//3436
f 3434//3434 3436//3436 3437//3437
f 3436//3436 3438//3438 3437//3437
f 3437//3437 3438//3438 3439//3439
f 3437//3437 3439//3439 3440//3440
f 3440//3440 3439//3439 3441//3441
f 3440//3440 3441//3441 3442//3442
f 3442//3442 3441//3441 3443//3443
f 3442//3442 3443//3443 3444//3444
f 3444//3444 3443//3443 3445//3445
f 3444//3444 3445//3445 3446//3446
f 3446//3446 3445//3445 3447//3447
f 3446//3446 3447//3447 3448//3448
f 3448//3448 3447//3447 3449//3449
f 3448//3448 3449//3449 3450//3450
f 3450//3450 3449//3449 3451//3451
f 3450//3450 3451//3451 3452//3452
f 3452//3452 3451//3451 3453//3453
f 3452//3452 3453//3453 3454//3454
f 3454//3454 3453//3453 3455//3455
f 3454//3454 3455//3455 3456//3456
f 3456//3456 3455//3455 3457//3457
f 3456//3456 3457//3457 3458//3458
f 3458//3458 3457//3457 3460//3460
f 3461//3461 3459//3459 3462//3462
f 3462//3462 3459//3459 3463//3463
f 3462//3462 3463//3463 3464//3464
f 3464//3464 3463//3463 3465//3465
f 3464//3464 3465//3465 3466//3466
f 3466//3466 3465//3465 3467//3467
f 3466//3466 3467//3467 3468//3468
f 3468//3468 3467//3467 3469//3469
f 3468//3468 3469//3469 3470//3470
f 3470//3470 3469//3469 3471//3471
f 3470//3470 3471//3471 3472//3472
f 3472//3472 3471//3471 3473//3473
f 3472//3472 3473//3473 3474//3474
f 3474//3474 3473//3473 3475//3475
f 3474//3474 3475//3475 3476//3476
f 3476//3476 3475//3475 3477//3477
f 3476//3476 3477//3477 3478//3478
f 3478//3478 3477//3477 3479//3479
f 3478//3478 3479//3479 3480//3480
f 3480//3480 3479//3479 3481//3481
f 3480//3480 3481//3481 3482//3482
f 3482//3482 3481//3481 3483//3483
f 3482//3482 3483//3483 3484//3484
f 3484//3484 3483//3483 3485//3485
f 3484//3484 3485//3485 3486//3486
f 3486//3486 3485//3485 3487//3487
f 3486//3486 3487//3487 3488//3488
f 3488//3488 3487//3487 3489//3489
f 3488//3488 3489//3489 3490//3490
f 3490//3490 3489//3489 3491//3491
f 3490//3490 3491//3491 3492//3492
f 3492//3492 3491//3491 3493//3493
f 3492//3492 3493//3493 3418//3418
f 3418//3418 3493//3493 3494//3494
f 3418//3418 3494//3494 3419//3419

