mtllib material.mtl
usemtl Material-塑胶__2__037-material
v -0.02614700 -0.00673300 0.00900000
v -0.02614700 -0.00673300 0.00900000
v -0.02465300 -0.01101000 0.00900000
v -0.02465300 -0.01101000 0.00900000
v -0.02465300 -0.01101000 0.00900000
v -0.02465300 -0.01101000 0.00900000
v -0.02465300 -0.01101000 0.00900000
v -0.01650000 -0.01000000 0.00900000
v -0.01650000 -0.01000000 0.00900000
v -0.01650000 -0.01000000 0.00900000
v -0.01650000 -0.01000000 0.00900000
v -0.02614700 0.00673300 0.00900000
v -0.02614700 0.00673300 0.00900000
v -0.02690500 0.00226500 0.00900000
v -0.02690500 0.00226500 0.00900000
v -0.01650000 0.01000000 0.00900000
v -0.01650000 0.01000000 0.00900000
v -0.01650000 0.01000000 0.00900000
v -0.01650000 0.01000000 0.00900000
v -0.01704000 0.01350500 0.00900000
v -0.01810300 0.01456800 0.00900000
v -0.02465300 0.01101000 0.00900000
v -0.02465300 0.01101000 0.00900000
v -0.02465300 0.01101000 0.00900000
v -0.02465300 0.01101000 0.00900000
v -0.02465300 0.01101000 0.00900000
v -0.02465300 0.01101000 0.00900000
v -0.02168800 -0.01566100 0.00900000
v -0.02067300 -0.01586400 0.00900000
v -0.02246500 -0.01497800 0.00900000
v -0.02246500 -0.01497800 0.00900000
v -0.01969300 -0.01553300 0.00900000
v -0.01969300 -0.01553300 0.00900000
v -0.01969300 -0.01553300 0.00900000
v -0.01912800 -0.01523900 0.00900000
v -0.01912800 -0.01523900 0.00900000
v -0.01810300 -0.01456800 0.00900000
v -0.01810300 -0.01456800 0.00900000
v -0.01635800 0.01245100 0.00900000
v -0.01635800 0.01245100 0.00900000
v -0.01969300 0.01553300 0.00900000
v -0.01969300 0.01553300 0.00900000
v -0.01969300 0.01553300 0.00900000
v -0.02067300 0.01586400 0.00900000
v -0.02168800 0.01566100 0.00900000
v -0.01616700 -0.01121000 0.00900000
v -0.01635800 -0.01245100 0.00900000
v -0.01635800 -0.01245100 0.00900000
v -0.01704000 -0.01350500 0.00900000
v -0.02690500 -0.00226500 0.00900000
v -0.02690500 -0.00226500 0.00900000
v -0.01912800 0.01523900 0.00900000
v -0.01912800 0.01523900 0.00900000
v -0.02246500 0.01497800 0.00900000
v -0.02246500 0.01497800 0.00900000
v -0.01616700 0.01121000 0.00900000
v -0.01616700 0.01121000 0.00900000
v -0.01704000 0.01350500 0.01000000
v -0.01704000 0.01350500 0.01000000
v -0.01810300 0.01456800 0.01000000
v -0.01704000 0.01350500 0.00900000
v -0.01810300 0.01456800 0.00900000
v -0.01704000 -0.01350500 0.00900000
v -0.01704000 -0.01350500 0.00900000
v -0.01810300 -0.01456800 0.00900000
v -0.01704000 -0.01350500 0.01000000
v -0.01810300 -0.01456800 0.01000000
v -0.01505600 -0.01841900 0.01000000
v -0.01523900 -0.01912800 0.01000000
v -0.01456800 -0.01810300 0.01000000
v -0.01456800 -0.01810300 0.01000000
v -0.01635800 -0.01245100 0.01000000
v -0.01635800 -0.01245100 0.01000000
v -0.01635800 -0.01245100 0.01000000
v -0.01635800 -0.01245100 0.01000000
v -0.01706500 -0.01519100 0.01000000
v -0.01591000 -0.01591000 0.01000000
v -0.01591000 -0.01591000 0.01000000
v -0.01591000 -0.01591000 0.01000000
v -0.01519100 -0.01706500 0.01000000
v -0.01519100 -0.01706500 0.01000000
v -0.01519100 -0.01706500 0.01000000
v -0.01704000 -0.01350500 0.01000000
v -0.01704000 -0.01350500 0.01000000
v -0.01706500 -0.01519100 0.01000000
v -0.01706500 -0.01519100 0.01000000
v -0.01706500 -0.01519100 0.01000000
v -0.01810300 -0.01456800 0.01000000
v -0.01810300 -0.01456800 0.01000000
v -0.01810300 -0.01456800 0.01000000
v -0.01841900 -0.01505600 0.01000000
v -0.01841900 -0.01505600 0.01000000
v -0.01912800 -0.01523900 0.01000000
v -0.01523900 0.01912800 0.01000000
v -0.01505600 0.01841900 0.01000000
v -0.01505600 0.01841900 0.01000000
v -0.01456800 0.01810300 0.01000000
v -0.01456800 0.01810300 0.01000000
v -0.01456800 0.01810300 0.01000000
v -0.01519100 0.01706500 0.01000000
v -0.01519100 0.01706500 0.01000000
v -0.01519100 0.01706500 0.01000000
v -0.01519100 0.01706500 0.01000000
v -0.01519100 0.01706500 0.01000000
v -0.01519100 0.01706500 0.01000000
v -0.00212100 0.00565700 0.01000000
v -0.00212100 0.00565700 0.01000000
v -0.00212100 0.00565700 0.01000000
v -0.00212100 0.00565700 0.01000000
v -0.01616700 0.01121000 0.01000000
v -0.01650000 0.01000000 0.01000000
v -0.00950000 0.01000000 0.01000000
v -0.00950000 0.01000000 0.01000000
v -0.00950000 0.01000000 0.01000000
v -0.00950000 0.01000000 0.01000000
v -0.01635800 0.01245100 0.01000000
v -0.01635800 0.01245100 0.01000000
v -0.01704000 0.01350500 0.01000000
v -0.01704000 0.01350500 0.01000000
v -0.01706500 0.01519100 0.01000000
v -0.01706500 0.01519100 0.01000000
v -0.01706500 0.01519100 0.01000000
v -0.01706500 0.01519100 0.01000000
v -0.01810300 0.01456800 0.01000000
v -0.01810300 0.01456800 0.01000000
v -0.01810300 0.01456800 0.01000000
v -0.01706500 0.01519100 0.01000000
v -0.01841900 0.01505600 0.01000000
v -0.01841900 0.01505600 0.01000000
v -0.01912800 0.01523900 0.01000000
v -0.00212100 -0.00565700 0.01000000
v -0.00212100 -0.00565700 0.01000000
v -0.00212100 -0.00565700 0.01000000
v -0.00212100 -0.00565700 0.01000000
v -0.00212100 -0.00565700 0.01000000
v -0.00212100 -0.00565700 0.01000000
v -0.00672800 -0.00814800 0.01000000
v -0.00672800 -0.00814800 0.01000000
v -0.00737900 -0.00912100 0.01000000
v -0.00737900 -0.00912100 0.01000000
v -0.00737900 -0.00912100 0.01000000
v -0.00737900 -0.00912100 0.01000000
v 0.00000000 -0.00477800 0.01000000
v 0.00000000 -0.00477800 0.01000000
v 0.00114800 -0.00500600 0.01000000
v 0.00114800 -0.00500600 0.01000000
v -0.00672800 0.00814800 0.01000000
v -0.00672800 0.00814800 0.01000000
v -0.00672800 0.00814800 0.01000000
v -0.00672800 0.00814800 0.01000000
v -0.00672800 0.00814800 0.01000000
v 0.00212100 -0.00565700 0.01000000
v 0.00212100 -0.00565700 0.01000000
v 0.00212100 -0.00565700 0.01000000
v -0.00835200 -0.00977200 0.01000000
v -0.00835200 -0.00977200 0.01000000
v -0.00835200 -0.00977200 0.01000000
v -0.00950000 -0.01000000 0.01000000
v -0.00950000 -0.01000000 0.01000000
v -0.01616700 -0.01121000 0.01000000
v -0.01650000 -0.01000000 0.01000000
v 0.00500600 -0.00114800 0.01000000
v 0.00500600 -0.00114800 0.01000000
v 0.00477800 0.00000000 0.01000000
v 0.00477800 0.00000000 0.01000000
v 0.00477800 0.00000000 0.01000000
v -0.00737900 0.00912100 0.01000000
v -0.00737900 0.00912100 0.01000000
v -0.00737900 0.00912100 0.01000000
v -0.00737900 0.00912100 0.01000000
v 0.01591000 -0.01591000 0.01000000
v 0.01591000 -0.01591000 0.01000000
v 0.01519100 -0.01706500 0.01000000
v 0.01519100 -0.01706500 0.01000000
v 0.01519100 -0.01706500 0.01000000
v 0.01456800 -0.01810300 0.01000000
v 0.01456800 -0.01810300 0.01000000
v 0.01456800 -0.01810300 0.01000000
v 0.01505600 -0.01841900 0.01000000
v 0.01505600 -0.01841900 0.01000000
v 0.01523900 -0.01912800 0.01000000
v 0.00565700 -0.00212100 0.01000000
v 0.00565700 -0.00212100 0.01000000
v 0.00565700 -0.00212100 0.01000000
v 0.00565700 -0.00212100 0.01000000
v -0.01591000 0.01591000 0.01000000
v -0.01591000 0.01591000 0.01000000
v -0.00114800 -0.00500600 0.01000000
v -0.00114800 -0.00500600 0.01000000
v -0.00114800 -0.00500600 0.01000000
v -0.00650000 0.00700000 0.01000000
v -0.00650000 0.00700000 0.01000000
v -0.00650000 0.00700000 0.01000000
v -0.00650000 -0.00700000 0.01000000
v -0.00650000 -0.00700000 0.01000000
v 0.00212100 0.00565700 0.01000000
v 0.00212100 0.00565700 0.01000000
v 0.00212100 0.00565700 0.01000000
v 0.00114800 0.00500600 0.01000000
v 0.00114800 0.00500600 0.01000000
v 0.00114800 0.00500600 0.01000000
v 0.00565700 0.00212100 0.01000000
v 0.00565700 0.00212100 0.01000000
v 0.00565700 0.00212100 0.01000000
v 0.00500600 0.00114800 0.01000000
v 0.00500600 0.00114800 0.01000000
v 0.00500600 0.00114800 0.01000000
v 0.00500600 0.00114800 0.01000000
v 0.01591000 -0.01591000 0.01000000
v 0.01591000 -0.01591000 0.01000000
v 0.01706500 -0.01519100 0.01000000
v 0.01706500 -0.01519100 0.01000000
v 0.01706500 -0.01519100 0.01000000
v 0.01810300 -0.01456800 0.01000000
v 0.01810300 -0.01456800 0.01000000
v 0.01810300 -0.01456800 0.01000000
v 0.01841900 -0.01505600 0.01000000
v 0.01841900 -0.01505600 0.01000000
v 0.01912800 -0.01523900 0.01000000
v -0.00000000 0.00477800 0.01000000
v -0.00000000 0.00477800 0.01000000
v -0.00114800 0.00500600 0.01000000
v -0.00114800 0.00500600 0.01000000
v -0.00114800 0.00500600 0.01000000
v -0.00737900 0.00912100 0.01000000
v -0.00737900 0.00912100 0.01000000
v -0.00835200 0.00977200 0.01000000
v -0.00835200 0.00977200 0.01000000
v 0.01912800 0.01523900 0.01000000
v 0.01841900 0.01505600 0.01000000
v 0.01841900 0.01505600 0.01000000
v 0.01810300 0.01456800 0.01000000
v 0.01810300 0.01456800 0.01000000
v 0.01706500 0.01519100 0.01000000
v 0.01706500 0.01519100 0.01000000
v 0.01591000 0.01591000 0.01000000
v 0.01591000 0.01591000 0.01000000
v 0.01591000 0.01591000 0.01000000
v 0.01519100 0.01706500 0.01000000
v 0.01519100 0.01706500 0.01000000
v 0.01519100 0.01706500 0.01000000
v 0.01456800 0.01810300 0.01000000
v 0.01456800 0.01810300 0.01000000
v 0.01456800 0.01810300 0.01000000
v 0.01505600 0.01841900 0.01000000
v 0.01505600 0.01841900 0.01000000
v 0.01523900 0.01912800 0.01000000
v -0.01803100 0.01658100 0.01340000
v -0.01803100 0.01658100 0.00930000
v -0.01803100 0.01658100 0.00930000
v -0.01875600 0.01677500 0.01340000
v -0.01875600 0.01677500 0.01340000
v -0.01875600 0.01677500 0.00930000
v -0.01875600 0.01677500 0.01340000
v -0.01875600 0.01677500 0.00930000
v -0.01875600 0.01677500 0.00930000
v -0.01928700 0.01730600 0.01340000
v -0.01928700 0.01730600 0.01340000
v -0.01928700 0.01730600 0.00930000
v -0.01928700 0.01730600 0.01340000
v -0.01928700 0.01730600 0.00930000
v -0.01928700 0.01730600 0.00930000
v -0.01948100 0.01803100 0.01340000
v -0.01948100 0.01803100 0.01340000
v -0.01948100 0.01803100 0.00930000
v -0.01948100 0.01803100 0.01340000
v -0.01948100 0.01803100 0.00930000
v -0.01948100 0.01803100 0.00930000
v -0.01928700 0.01875600 0.01340000
v -0.01928700 0.01875600 0.01340000
v -0.01928700 0.01875600 0.00930000
v -0.01928700 0.01875600 0.01340000
v -0.01928700 0.01875600 0.00930000
v -0.01928700 0.01875600 0.00930000
v -0.01875600 0.01928700 0.01340000
v -0.01875600 0.01928700 0.01340000
v -0.01875600 0.01928700 0.00930000
v -0.01875600 0.01928700 0.01340000
v -0.01875600 0.01928700 0.00930000
v -0.01875600 0.01928700 0.00930000
v -0.01803100 0.01948100 0.01340000
v -0.01803100 0.01948100 0.01340000
v -0.01803100 0.01948100 0.00930000
v -0.01803100 0.01948100 0.01340000
v -0.01803100 0.01948100 0.00930000
v -0.01803100 0.01948100 0.00930000
v -0.01730600 0.01928700 0.01340000
v -0.01730600 0.01928700 0.01340000
v -0.01730600 0.01928700 0.00930000
v -0.01730600 0.01928700 0.01340000
v -0.01730600 0.01928700 0.00930000
v -0.01730600 0.01928700 0.00930000
v -0.01677500 0.01875600 0.01340000
v -0.01677500 0.01875600 0.01340000
v -0.01677500 0.01875600 0.00930000
v -0.01677500 0.01875600 0.01340000
v -0.01677500 0.01875600 0.00930000
v -0.01677500 0.01875600 0.00930000
v -0.01658100 0.01803100 0.01340000
v -0.01658100 0.01803100 0.01340000
v -0.01658100 0.01803100 0.00930000
v -0.01658100 0.01803100 0.01340000
v -0.01658100 0.01803100 0.00930000
v -0.01658100 0.01803100 0.00930000
v -0.01677500 0.01730600 0.01340000
v -0.01677500 0.01730600 0.01340000
v -0.01677500 0.01730600 0.00930000
v -0.01677500 0.01730600 0.01340000
v -0.01677500 0.01730600 0.00930000
v -0.01677500 0.01730600 0.00930000
v -0.01730600 0.01677500 0.01340000
v -0.01730600 0.01677500 0.01340000
v -0.01730600 0.01677500 0.00930000
v -0.01730600 0.01677500 0.01340000
v -0.01730600 0.01677500 0.00930000
v -0.01730600 0.01677500 0.00930000
v -0.01803100 0.01658100 0.01340000
v -0.01803100 0.01658100 0.01340000
v -0.01803100 0.01658100 0.00930000
v 0.01803100 0.01658100 0.01340000
v 0.01803100 0.01658100 0.00930000
v 0.01803100 0.01658100 0.00930000
v 0.01730600 0.01677500 0.01340000
v 0.01730600 0.01677500 0.01340000
v 0.01730600 0.01677500 0.00930000
v 0.01730600 0.01677500 0.01340000
v 0.01730600 0.01677500 0.00930000
v 0.01730600 0.01677500 0.00930000
v 0.01677500 0.01730600 0.01340000
v 0.01677500 0.01730600 0.01340000
v 0.01677500 0.01730600 0.00930000
v 0.01677500 0.01730600 0.01340000
v 0.01677500 0.01730600 0.00930000
v 0.01677500 0.01730600 0.00930000
v 0.01658100 0.01803100 0.01340000
v 0.01658100 0.01803100 0.01340000
v 0.01658100 0.01803100 0.00930000
v 0.01658100 0.01803100 0.01340000
v 0.01658100 0.01803100 0.00930000
v 0.01658100 0.01803100 0.00930000
v 0.01677500 0.01875600 0.01340000
v 0.01677500 0.01875600 0.01340000
v 0.01677500 0.01875600 0.00930000
v 0.01677500 0.01875600 0.01340000
v 0.01677500 0.01875600 0.00930000
v 0.01677500 0.01875600 0.00930000
v 0.01730600 0.01928700 0.01340000
v 0.01730600 0.01928700 0.01340000
v 0.01730600 0.01928700 0.00930000
v 0.01730600 0.01928700 0.01340000
v 0.01730600 0.01928700 0.00930000
v 0.01730600 0.01928700 0.00930000
v 0.01803100 0.01948100 0.01340000
v 0.01803100 0.01948100 0.01340000
v 0.01803100 0.01948100 0.00930000
v 0.01803100 0.01948100 0.01340000
v 0.01803100 0.01948100 0.00930000
v 0.01803100 0.01948100 0.00930000
v 0.01875600 0.01928700 0.01340000
v 0.01875600 0.01928700 0.01340000
v 0.01875600 0.01928700 0.00930000
v 0.01875600 0.01928700 0.01340000
v 0.01875600 0.01928700 0.00930000
v 0.01875600 0.01928700 0.00930000
v 0.01928700 0.01875600 0.01340000
v 0.01928700 0.01875600 0.01340000
v 0.01928700 0.01875600 0.00930000
v 0.01928700 0.01875600 0.01340000
v 0.01928700 0.01875600 0.00930000
v 0.01928700 0.01875600 0.00930000
v 0.01948100 0.01803100 0.01340000
v 0.01948100 0.01803100 0.01340000
v 0.01948100 0.01803100 0.00930000
v 0.01948100 0.01803100 0.01340000
v 0.01948100 0.01803100 0.00930000
v 0.01948100 0.01803100 0.00930000
v 0.01928700 0.01730600 0.01340000
v 0.01928700 0.01730600 0.01340000
v 0.01928700 0.01730600 0.00930000
v 0.01928700 0.01730600 0.01340000
v 0.01928700 0.01730600 0.00930000
v 0.01928700 0.01730600 0.00930000
v 0.01875600 0.01677500 0.01340000
v 0.01875600 0.01677500 0.01340000
v 0.01875600 0.01677500 0.00930000
v 0.01875600 0.01677500 0.01340000
v 0.01875600 0.01677500 0.00930000
v 0.01875600 0.01677500 0.00930000
v 0.01803100 0.01658100 0.01340000
v 0.01803100 0.01658100 0.01340000
v 0.01803100 0.01658100 0.00930000
v 0.01803100 -0.01948100 0.01340000
v 0.01803100 -0.01948100 0.00930000
v 0.01803100 -0.01948100 0.00930000
v 0.01730600 -0.01928700 0.01340000
v 0.01730600 -0.01928700 0.01340000
v 0.01730600 -0.01928700 0.00930000
v 0.01730600 -0.01928700 0.01340000
v 0.01730600 -0.01928700 0.00930000
v 0.01730600 -0.01928700 0.00930000
v 0.01677500 -0.01875600 0.01340000
v 0.01677500 -0.01875600 0.01340000
v 0.01677500 -0.01875600 0.00930000
v 0.01677500 -0.01875600 0.01340000
v 0.01677500 -0.01875600 0.00930000
v 0.01677500 -0.01875600 0.00930000
v 0.01658100 -0.01803100 0.01340000
v 0.01658100 -0.01803100 0.01340000
v 0.01658100 -0.01803100 0.00930000
v 0.01658100 -0.01803100 0.01340000
v 0.01658100 -0.01803100 0.00930000
v 0.01658100 -0.01803100 0.00930000
v 0.01677500 -0.01730600 0.01340000
v 0.01677500 -0.01730600 0.01340000
v 0.01677500 -0.01730600 0.00930000
v 0.01677500 -0.01730600 0.01340000
v 0.01677500 -0.01730600 0.00930000
v 0.01677500 -0.01730600 0.00930000
v 0.01730600 -0.01677500 0.01340000
v 0.01730600 -0.01677500 0.01340000
v 0.01730600 -0.01677500 0.00930000
v 0.01730600 -0.01677500 0.01340000
v 0.01730600 -0.01677500 0.00930000
v 0.01730600 -0.01677500 0.00930000
v 0.01803100 -0.01658100 0.01340000
v 0.01803100 -0.01658100 0.01340000
v 0.01803100 -0.01658100 0.00930000
v 0.01803100 -0.01658100 0.01340000
v 0.01803100 -0.01658100 0.00930000
v 0.01803100 -0.01658100 0.00930000
v 0.01875600 -0.01677500 0.01340000
v 0.01875600 -0.01677500 0.01340000
v 0.01875600 -0.01677500 0.00930000
v 0.01875600 -0.01677500 0.01340000
v 0.01875600 -0.01677500 0.00930000
v 0.01875600 -0.01677500 0.00930000
v 0.01928700 -0.01730600 0.01340000
v 0.01928700 -0.01730600 0.01340000
v 0.01928700 -0.01730600 0.00930000
v 0.01928700 -0.01730600 0.01340000
v 0.01928700 -0.01730600 0.00930000
v 0.01928700 -0.01730600 0.00930000
v 0.01948100 -0.01803100 0.01340000
v 0.01948100 -0.01803100 0.01340000
v 0.01948100 -0.01803100 0.00930000
v 0.01948100 -0.01803100 0.01340000
v 0.01948100 -0.01803100 0.00930000
v 0.01948100 -0.01803100 0.00930000
v 0.01928700 -0.01875600 0.01340000
v 0.01928700 -0.01875600 0.01340000
v 0.01928700 -0.01875600 0.00930000
v 0.01928700 -0.01875600 0.01340000
v 0.01928700 -0.01875600 0.00930000
v 0.01928700 -0.01875600 0.00930000
v 0.01875600 -0.01928700 0.01340000
v 0.01875600 -0.01928700 0.01340000
v 0.01875600 -0.01928700 0.00930000
v 0.01875600 -0.01928700 0.01340000
v 0.01875600 -0.01928700 0.00930000
v 0.01875600 -0.01928700 0.00930000
v 0.01803100 -0.01948100 0.01340000
v 0.01803100 -0.01948100 0.01340000
v 0.01803100 -0.01948100 0.00930000
v -0.01803100 -0.01948100 0.01340000
v -0.01803100 -0.01948100 0.00930000
v -0.01803100 -0.01948100 0.00930000
v -0.01875600 -0.01928700 0.01340000
v -0.01875600 -0.01928700 0.01340000
v -0.01875600 -0.01928700 0.00930000
v -0.01875600 -0.01928700 0.01340000
v -0.01875600 -0.01928700 0.00930000
v -0.01875600 -0.01928700 0.00930000
v -0.01928700 -0.01875600 0.01340000
v -0.01928700 -0.01875600 0.01340000
v -0.01928700 -0.01875600 0.00930000
v -0.01928700 -0.01875600 0.01340000
v -0.01928700 -0.01875600 0.00930000
v -0.01928700 -0.01875600 0.00930000
v -0.01948100 -0.01803100 0.01340000
v -0.01948100 -0.01803100 0.01340000
v -0.01948100 -0.01803100 0.00930000
v -0.01948100 -0.01803100 0.01340000
v -0.01948100 -0.01803100 0.00930000
v -0.01948100 -0.01803100 0.00930000
v -0.01928700 -0.01730600 0.01340000
v -0.01928700 -0.01730600 0.01340000
v -0.01928700 -0.01730600 0.00930000
v -0.01928700 -0.01730600 0.01340000
v -0.01928700 -0.01730600 0.00930000
v -0.01928700 -0.01730600 0.00930000
v -0.01875600 -0.01677500 0.01340000
v -0.01875600 -0.01677500 0.01340000
v -0.01875600 -0.01677500 0.00930000
v -0.01875600 -0.01677500 0.01340000
v -0.01875600 -0.01677500 0.00930000
v -0.01875600 -0.01677500 0.00930000
v -0.01803100 -0.01658100 0.01340000
v -0.01803100 -0.01658100 0.01340000
v -0.01803100 -0.01658100 0.00930000
v -0.01803100 -0.01658100 0.01340000
v -0.01803100 -0.01658100 0.00930000
v -0.01803100 -0.01658100 0.00930000
v -0.01730600 -0.01677500 0.01340000
v -0.01730600 -0.01677500 0.01340000
v -0.01730600 -0.01677500 0.00930000
v -0.01730600 -0.01677500 0.01340000
v -0.01730600 -0.01677500 0.00930000
v -0.01730600 -0.01677500 0.00930000
v -0.01677500 -0.01730600 0.01340000
v -0.01677500 -0.01730600 0.01340000
v -0.01677500 -0.01730600 0.00930000
v -0.01677500 -0.01730600 0.01340000
v -0.01677500 -0.01730600 0.00930000
v -0.01677500 -0.01730600 0.00930000
v -0.01658100 -0.01803100 0.01340000
v -0.01658100 -0.01803100 0.01340000
v -0.01658100 -0.01803100 0.00930000
v -0.01658100 -0.01803100 0.01340000
v -0.01658100 -0.01803100 0.00930000
v -0.01658100 -0.01803100 0.00930000
v -0.01677500 -0.01875600 0.01340000
v -0.01677500 -0.01875600 0.01340000
v -0.01677500 -0.01875600 0.00930000
v -0.01677500 -0.01875600 0.01340000
v -0.01677500 -0.01875600 0.00930000
v -0.01677500 -0.01875600 0.00930000
v -0.01730600 -0.01928700 0.01340000
v -0.01730600 -0.01928700 0.01340000
v -0.01730600 -0.01928700 0.00930000
v -0.01730600 -0.01928700 0.01340000
v -0.01730600 -0.01928700 0.00930000
v -0.01730600 -0.01928700 0.00930000
v -0.01803100 -0.01948100 0.01340000
v -0.01803100 -0.01948100 0.01340000
v -0.01803100 -0.01948100 0.00930000
v -0.01497800 -0.02246500 0.00900000
v -0.01497800 -0.02246500 0.01430000
v -0.01170700 -0.02433000 0.00900000
v -0.01170700 -0.02433000 0.01430000
v -0.00820900 -0.02572200 0.00900000
v -0.00820900 -0.02572200 0.01430000
v -0.00820900 0.02572200 0.00900000
v -0.00820900 0.02572200 0.01430000
v -0.01170700 0.02433000 0.00900000
v -0.01170700 0.02433000 0.01430000
v -0.01497800 0.02246500 0.00900000
v -0.01497800 0.02246500 0.01430000
v -0.01636900 0.02308600 0.01450000
v -0.01636900 0.02308600 0.01450000
v -0.01803100 0.02023100 0.01450000
v -0.01693100 0.01993600 0.01450000
v -0.01693100 0.01993600 0.01450000
v -0.01693100 0.01993600 0.01450000
v -0.01693100 0.01993600 0.01450000
v -0.00827000 0.02591200 0.01450000
v -0.00827000 0.02591200 0.01450000
v -0.00827000 0.02591200 0.01450000
v -0.00823300 0.02593300 0.01450000
v -0.00820900 0.02596700 0.01450000
v -0.00820900 0.02596700 0.01450000
v -0.00820000 0.02600800 0.01450000
v -0.00832900 0.02704600 0.01450000
v -0.00832900 0.02704600 0.01450000
v -0.00832900 0.02704600 0.01450000
v -0.01179400 0.02451000 0.01450000
v -0.01179400 0.02451000 0.01450000
v -0.01179400 0.02451000 0.01450000
v -0.01250700 0.02538600 0.01450000
v -0.01250700 0.02538600 0.01450000
v -0.01508900 0.02263100 0.01450000
v -0.01584000 0.02177600 0.01450000
v -0.01584000 0.02177600 0.01450000
v -0.01584000 0.02177600 0.01450000
v -0.01693100 0.01612600 0.01450000
v -0.01693100 0.01612600 0.01450000
v -0.01693100 0.01612600 0.01450000
v -0.01693100 0.01612600 0.01450000
v -0.01605100 0.01605100 0.01450000
v -0.01605100 0.01605100 0.01450000
v -0.01612600 0.01693100 0.01450000
v -0.01612600 0.01693100 0.01450000
v -0.01538000 0.01712900 0.01450000
v -0.01538000 0.01712900 0.01450000
v -0.01583100 0.01803100 0.01450000
v -0.01583100 0.01803100 0.01450000
v -0.01525500 0.01839300 0.01450000
v -0.01525500 0.01839300 0.01450000
v -0.01612600 0.01913100 0.01450000
v -0.01570000 0.01958200 0.01450000
v -0.01570000 0.01958200 0.01450000
v -0.01693100 0.01993600 0.01450000
v -0.01606400 0.02066000 0.01450000
v -0.01606400 0.02066000 0.01450000
v -0.01803100 -0.02023100 0.01450000
v -0.01803100 -0.02023100 0.01450000
v -0.01803100 -0.02023100 0.01450000
v -0.01803100 -0.02023100 0.01450000
v -0.01913100 -0.01993600 0.01450000
v -0.01913100 -0.01993600 0.01450000
v -0.01981700 -0.02020300 0.01450000
v -0.01981700 -0.02020300 0.01450000
v -0.01981700 -0.02020300 0.01450000
v -0.01993600 -0.01913100 0.01450000
v -0.01993600 -0.01913100 0.01450000
v -0.02276600 -0.01681000 0.01450000
v -0.02276600 -0.01681000 0.01450000
v -0.02276600 -0.01681000 0.01450000
v -0.02276600 -0.01681000 0.01450000
v -0.02276600 -0.01681000 0.01450000
v -0.02023100 -0.01803100 0.01450000
v -0.02023100 -0.01803100 0.01450000
v -0.01993600 -0.01693100 0.01450000
v -0.01993600 -0.01693100 0.01450000
v -0.01636900 -0.02308600 0.01450000
v -0.01636900 -0.02308600 0.01450000
v -0.01636900 -0.02308600 0.01450000
v -0.01584000 -0.02177600 0.01450000
v -0.01584000 -0.02177600 0.01450000
v -0.01584000 -0.02177600 0.01450000
v -0.01693100 -0.01993600 0.01450000
v -0.01693100 -0.01993600 0.01450000
v -0.01693100 -0.01993600 0.01450000
v -0.01606400 -0.02066000 0.01450000
v -0.01606400 -0.02066000 0.01450000
v -0.01606400 -0.02066000 0.01450000
v -0.01612600 -0.01913100 0.01450000
v -0.01612600 -0.01913100 0.01450000
v -0.01612600 -0.01913100 0.01450000
v -0.01570000 -0.01958200 0.01450000
v -0.01570000 -0.01958200 0.01450000
v -0.01570000 -0.01958200 0.01450000
v -0.01583100 -0.01803100 0.01450000
v -0.01583100 -0.01803100 0.01450000
v -0.01583100 -0.01803100 0.01450000
v -0.01525500 -0.01839300 0.01450000
v -0.01525500 -0.01839300 0.01450000
v -0.01525500 -0.01839300 0.01450000
v -0.01612600 -0.01693100 0.01450000
v -0.01612600 -0.01693100 0.01450000
v -0.01538000 -0.01712900 0.01450000
v -0.01538000 -0.01712900 0.01450000
v -0.01693100 -0.01612600 0.01450000
v -0.01693100 -0.01612600 0.01450000
v -0.00824100 0.02703100 0.01450000
v -0.00828300 0.02704900 0.01450000
v -0.00821100 0.02699600 0.01450000
v -0.00820000 0.02695100 0.01450000
v -0.00832900 -0.02704600 0.01450000
v -0.00832900 -0.02704600 0.01450000
v -0.00827000 -0.02591200 0.01450000
v -0.00827000 -0.02591200 0.01450000
v -0.00827000 -0.02591200 0.01450000
v -0.00827000 -0.02591200 0.01450000
v -0.01250700 -0.02538600 0.01450000
v -0.01250700 -0.02538600 0.01450000
v -0.01179400 -0.02451000 0.01450000
v -0.01179400 -0.02451000 0.01450000
v -0.01636900 -0.02308600 0.01450000
v -0.01508900 -0.02263100 0.01450000
v -0.01605100 -0.01605100 0.01450000
v -0.01712900 -0.01538000 0.01450000
v -0.01712900 -0.01538000 0.01450000
v -0.01803100 -0.01583100 0.01450000
v -0.01803100 -0.01583100 0.01450000
v -0.01839300 -0.01525500 0.01450000
v -0.01803100 -0.01583100 0.01450000
v -0.01803100 -0.01583100 0.01450000
v -0.01803100 -0.01583100 0.01450000
v -0.01803100 -0.01583100 0.01450000
v -0.01958200 -0.01570000 0.01450000
v -0.01958200 -0.01570000 0.01450000
v -0.02276600 0.01681000 0.01450000
v -0.02276600 0.01681000 0.01450000
v -0.02276600 0.01681000 0.01450000
v -0.02263100 0.01508900 0.01450000
v -0.02263100 0.01508900 0.01450000
v -0.02177600 0.01584000 0.01450000
v -0.02177600 0.01584000 0.01450000
v -0.00832900 -0.02704600 0.01450000
v -0.00832900 -0.02704600 0.01450000
v -0.00832900 -0.02704600 0.01450000
v -0.00828300 -0.02704900 0.01450000
v -0.00824100 -0.02703100 0.01450000
v -0.00824100 -0.02703100 0.01450000
v -0.01913100 -0.01612600 0.01450000
v -0.01913100 -0.01612600 0.01450000
v -0.02066000 -0.01606400 0.01450000
v -0.02066000 -0.01606400 0.01450000
v -0.02066000 -0.01606400 0.01450000
v -0.01913100 0.01993600 0.01450000
v -0.01913100 0.01993600 0.01450000
v -0.01981700 0.02020300 0.01450000
v -0.01981700 0.02020300 0.01450000
v -0.01981700 0.02020300 0.01450000
v -0.01993600 0.01913100 0.01450000
v -0.01993600 0.01913100 0.01450000
v -0.01993600 0.01913100 0.01450000
v -0.02023100 0.01803100 0.01450000
v -0.02177600 0.01584000 0.01450000
v -0.02177600 0.01584000 0.01450000
v -0.01993600 0.01693100 0.01450000
v -0.01993600 0.01693100 0.01450000
v -0.02066000 0.01606400 0.01450000
v -0.02066000 0.01606400 0.01450000
v -0.01913100 0.01612600 0.01450000
v -0.01958200 0.01570000 0.01450000
v -0.01803100 0.01583100 0.01450000
v -0.01803100 0.01583100 0.01450000
v -0.01839300 0.01525500 0.01450000
v -0.01839300 0.01525500 0.01450000
v -0.01839300 0.01525500 0.01450000
v -0.01712900 0.01538000 0.01450000
v -0.01712900 0.01538000 0.01450000
v -0.00820900 -0.02596700 0.01450000
v -0.00823300 -0.02593300 0.01450000
v -0.00823300 -0.02593300 0.01450000
v -0.00820000 -0.02600800 0.01450000
v -0.00820000 -0.02600800 0.01450000
v -0.00820000 -0.02695100 0.01450000
v -0.00820000 -0.02695100 0.01450000
v -0.00821100 -0.02699600 0.01450000
v -0.00821100 -0.02699600 0.01450000
v -0.02710400 -0.00228200 0.01450000
v -0.02710400 -0.00228200 0.01450000
v -0.02710400 -0.00228200 0.01450000
v -0.02794300 -0.00448100 0.01450000
v -0.02794300 -0.00448100 0.01450000
v -0.02634100 -0.00678200 0.01450000
v -0.02688100 -0.00884900 0.01450000
v -0.02688100 -0.00884900 0.01450000
v -0.02483600 -0.01109200 0.01450000
v -0.02483600 -0.01109200 0.01450000
v -0.02483600 -0.01109200 0.01450000
v -0.02514100 -0.01299300 0.01450000
v -0.02514100 -0.01299300 0.01450000
v -0.02514100 -0.01299300 0.01450000
v -0.02263100 -0.01508900 0.01450000
v -0.02263100 -0.01508900 0.01450000
v -0.02177600 -0.01584000 0.01450000
v -0.02483600 0.01109200 0.01450000
v -0.02483600 0.01109200 0.01450000
v -0.02514100 0.01299300 0.01450000
v -0.02514100 0.01299300 0.01450000
v -0.02634100 0.00678200 0.01450000
v -0.02634100 0.00678200 0.01450000
v -0.02634100 0.00678200 0.01450000
v -0.02688100 0.00884900 0.01450000
v -0.02688100 0.00884900 0.01450000
v -0.02710400 0.00228200 0.01450000
v -0.02710400 0.00228200 0.01450000
v -0.02794300 0.00448100 0.01450000
v -0.02794300 0.00448100 0.01450000
v -0.02830000 -0.00000000 0.01450000
v -0.02830000 -0.00000000 0.01450000
v 0.00812200 -0.02719200 0.00900000
v 0.00469100 -0.02811100 0.00900000
v 0.00825000 -0.02724700 0.00900000
v 0.00838800 -0.02723800 0.00900000
v -0.00803200 -0.02708600 0.00900000
v -0.00812200 -0.02719200 0.00900000
v -0.00812200 -0.02719200 0.00900000
v -0.00469100 -0.02811100 0.00900000
v -0.00469100 -0.02811100 0.00900000
v -0.00469100 -0.02811100 0.00900000
v -0.00825000 -0.02724700 0.00900000
v -0.00825000 -0.02724700 0.00900000
v -0.00838800 -0.02723800 0.00900000
v 0.00000000 -0.02850000 0.00900000
v 0.00800000 -0.02695100 0.00900000
v 0.00800000 -0.02695100 0.00900000
v 0.00803200 -0.02708600 0.00900000
v 0.01170700 -0.02433000 0.00900000
v 0.01497800 -0.02246500 0.00900000
v 0.01497800 -0.02246500 0.00900000
v 0.00820900 -0.02572200 0.00900000
v 0.00820900 -0.02572200 0.00900000
v 0.00820900 -0.02572200 0.00900000
v 0.00820900 -0.02572200 0.00900000
v 0.00820900 -0.02572200 0.00900000
v 0.00820900 -0.02572200 0.00900000
v 0.00820900 -0.02572200 0.00900000
v 0.01566100 -0.02168800 0.00900000
v 0.01566100 -0.02168800 0.00900000
v 0.01586400 -0.02067300 0.00900000
v 0.01586400 -0.02067300 0.00900000
v -0.00114800 -0.00500600 0.00900000
v -0.00212100 -0.00565700 0.00900000
v -0.00212100 -0.00565700 0.00900000
v 0.00000000 -0.00477800 0.00900000
v 0.00000000 -0.00477800 0.00900000
v 0.00000000 -0.00477800 0.00900000
v -0.00820900 -0.02572200 0.00900000
v -0.00820900 -0.02572200 0.00900000
v -0.00820900 -0.02572200 0.00900000
v -0.00820900 -0.02572200 0.00900000
v -0.01553300 -0.01969300 0.00900000
v -0.01553300 -0.01969300 0.00900000
v -0.01553300 -0.01969300 0.00900000
v -0.01553300 -0.01969300 0.00900000
v -0.01586400 -0.02067300 0.00900000
v -0.01566100 -0.02168800 0.00900000
v -0.01566100 -0.02168800 0.00900000
v -0.00800000 -0.02695100 0.00900000
v -0.00800000 -0.02600800 0.00900000
v 0.00800000 -0.02600800 0.00900000
v 0.00800000 -0.02600800 0.00900000
v -0.00802600 -0.02588500 0.00900000
v -0.00802600 -0.02588500 0.00900000
v 0.00802600 -0.02588500 0.00900000
v 0.00802600 -0.02588500 0.00900000
v -0.00802600 -0.02588500 0.00900000
v -0.00802600 -0.02588500 0.00900000
v -0.00802600 -0.02588500 0.00900000
v -0.00802600 -0.02588500 0.00900000
v -0.00802600 -0.02588500 0.00900000
v 0.00810000 -0.02578400 0.00900000
v 0.00810000 -0.02578400 0.00900000
v -0.01456800 -0.01810300 0.00900000
v -0.01456800 -0.01810300 0.00900000
v -0.00820900 -0.02572200 0.00900000
v -0.00820900 -0.02572200 0.00900000
v -0.01523900 -0.01912800 0.00900000
v -0.01523900 -0.01912800 0.00900000
v -0.01523900 -0.01912800 0.00900000
v -0.01170700 -0.02433000 0.00900000
v -0.01170700 -0.02433000 0.00900000
v -0.01497800 -0.02246500 0.00900000
v -0.01497800 -0.02246500 0.00900000
v 0.01553300 -0.01969300 0.00900000
v 0.01553300 -0.01969300 0.00900000
v 0.01523900 -0.01912800 0.00900000
v 0.01523900 -0.01912800 0.00900000
v 0.01523900 -0.01912800 0.00900000
v 0.01456800 -0.01810300 0.00900000
v 0.01456800 -0.01810300 0.00900000
v 0.01456800 -0.01810300 0.00900000
v -0.00810000 -0.02578400 0.00900000
v -0.00810000 -0.02578400 0.00900000
v 0.00212100 -0.00565700 0.00900000
v 0.00212100 -0.00565700 0.00900000
v 0.00212100 -0.00565700 0.00900000
v 0.00114800 -0.00500600 0.00900000
v 0.00114800 -0.00500600 0.00900000
v -0.00469100 0.02811100 0.00900000
v -0.00469100 0.02811100 0.00900000
v -0.00469100 0.02811100 0.00900000
v -0.00469100 0.02811100 0.00900000
v -0.00469100 0.02811100 0.00900000
v -0.00838800 0.02723800 0.00900000
v -0.00825000 0.02724700 0.00900000
v -0.00825000 0.02724700 0.00900000
v -0.00000000 0.02850000 0.00900000
v -0.00000000 0.02850000 0.00900000
v 0.00800000 0.02695100 0.00900000
v 0.00800000 0.02695100 0.00900000
v 0.00800000 0.02695100 0.00900000
v 0.00800000 0.02695100 0.00900000
v 0.00838800 0.02723800 0.00900000
v 0.00469100 0.02811100 0.00900000
v 0.00469100 0.02811100 0.00900000
v 0.00469100 0.02811100 0.00900000
v 0.00469100 0.02811100 0.00900000
v 0.00825000 0.02724700 0.00900000
v 0.00825000 0.02724700 0.00900000
v 0.00812200 0.02719200 0.00900000
v 0.00812200 0.02719200 0.00900000
v 0.00800000 0.02695100 0.00900000
v 0.00800000 0.02695100 0.00900000
v 0.00803200 0.02708600 0.00900000
v 0.00803200 0.02708600 0.00900000
v -0.01170700 0.02433000 0.00900000
v -0.01497800 0.02246500 0.00900000
v -0.01497800 0.02246500 0.00900000
v -0.00820900 0.02572200 0.00900000
v -0.00820900 0.02572200 0.00900000
v -0.00820900 0.02572200 0.00900000
v -0.00820900 0.02572200 0.00900000
v -0.00820900 0.02572200 0.00900000
v -0.00820900 0.02572200 0.00900000
v -0.00820900 0.02572200 0.00900000
v -0.01566100 0.02168800 0.00900000
v -0.01566100 0.02168800 0.00900000
v -0.01586400 0.02067300 0.00900000
v -0.01586400 0.02067300 0.00900000
v 0.00114800 0.00500600 0.00900000
v 0.00212100 0.00565700 0.00900000
v 0.00212100 0.00565700 0.00900000
v -0.00000000 0.00477800 0.00900000
v -0.00000000 0.00477800 0.00900000
v -0.00000000 0.00477800 0.00900000
v 0.00820900 0.02572200 0.00900000
v 0.00820900 0.02572200 0.00900000
v 0.00820900 0.02572200 0.00900000
v 0.01553300 0.01969300 0.00900000
v 0.01553300 0.01969300 0.00900000
v 0.01553300 0.01969300 0.00900000
v 0.01553300 0.01969300 0.00900000
v 0.01586400 0.02067300 0.00900000
v 0.01566100 0.02168800 0.00900000
v 0.01566100 0.02168800 0.00900000
v -0.00812200 0.02719200 0.00900000
v -0.00812200 0.02719200 0.00900000
v -0.00803200 0.02708600 0.00900000
v -0.00803200 0.02708600 0.00900000
v -0.00803200 0.02708600 0.00900000
v -0.00800000 0.02695100 0.00900000
v -0.00800000 0.02695100 0.00900000
v 0.00800000 0.02600800 0.00900000
v -0.00800000 0.02600800 0.00900000
v -0.00800000 0.02600800 0.00900000
v 0.00802600 0.02588500 0.00900000
v 0.00802600 0.02588500 0.00900000
v -0.00802600 0.02588500 0.00900000
v -0.00802600 0.02588500 0.00900000
v 0.00802600 0.02588500 0.00900000
v 0.00802600 0.02588500 0.00900000
v 0.00802600 0.02588500 0.00900000
v 0.00802600 0.02588500 0.00900000
v 0.00802600 0.02588500 0.00900000
v -0.00810000 0.02578400 0.00900000
v -0.00810000 0.02578400 0.00900000
v 0.01456800 0.01810300 0.00900000
v 0.01456800 0.01810300 0.00900000
v 0.01523900 0.01912800 0.00900000
v 0.01523900 0.01912800 0.00900000
v 0.01523900 0.01912800 0.00900000
v 0.01170700 0.02433000 0.00900000
v 0.01170700 0.02433000 0.00900000
v 0.01497800 0.02246500 0.00900000
v 0.01497800 0.02246500 0.00900000
v -0.01553300 0.01969300 0.00900000
v -0.01553300 0.01969300 0.00900000
v -0.01523900 0.01912800 0.00900000
v -0.01523900 0.01912800 0.00900000
v -0.01523900 0.01912800 0.00900000
v -0.01456800 0.01810300 0.00900000
v -0.01456800 0.01810300 0.00900000
v -0.01456800 0.01810300 0.00900000
v 0.00810000 0.02578400 0.00900000
v 0.00810000 0.02578400 0.00900000
v -0.00212100 0.00565700 0.00900000
v -0.00212100 0.00565700 0.00900000
v -0.00212100 0.00565700 0.00900000
v 0.00820900 0.02572200 0.00900000
v 0.00820900 0.02572200 0.00900000
v 0.00820900 0.02572200 0.00900000
v -0.00114800 0.00500600 0.00900000
v -0.00114800 0.00500600 0.00900000
v 0.01523900 -0.01912800 0.00900000
v 0.01553300 -0.01969300 0.00900000
v 0.01523900 -0.01912800 0.01000000
v 0.01553300 -0.01969300 0.01430000
v 0.01553300 -0.01969300 0.01430000
v 0.01505600 -0.01841900 0.01000000
v 0.01505600 -0.01841900 0.01430000
v 0.01505600 -0.01841900 0.01000000
v 0.01505600 -0.01841900 0.01000000
v 0.01505600 -0.01841900 0.01430000
v 0.01519100 -0.01706500 0.01430000
v 0.01519100 -0.01706500 0.01430000
v 0.01519100 -0.01706500 0.01000000
v 0.01519100 -0.01706500 0.01000000
v 0.01519100 -0.01706500 0.01000000
v 0.01519100 -0.01706500 0.01430000
v 0.01591000 -0.01591000 0.01430000
v 0.01591000 -0.01591000 0.01430000
v 0.01591000 -0.01591000 0.01000000
v 0.01591000 -0.01591000 0.01000000
v 0.01591000 -0.01591000 0.01000000
v 0.01591000 -0.01591000 0.01430000
v 0.01706500 -0.01519100 0.01430000
v 0.01706500 -0.01519100 0.01430000
v 0.01706500 -0.01519100 0.01000000
v 0.01706500 -0.01519100 0.01000000
v 0.01706500 -0.01519100 0.01430000
v 0.01841900 -0.01505600 0.01430000
v 0.01841900 -0.01505600 0.01000000
v 0.01969300 -0.01553300 0.00900000
v 0.01969300 -0.01553300 0.00900000
v 0.01912800 -0.01523900 0.00900000
v 0.01912800 -0.01523900 0.01000000
v 0.01912800 -0.01523900 0.01000000
v 0.01969300 -0.01553300 0.01430000
v 0.01114000 -0.01997200 0.00800000
v 0.01114000 -0.01997200 0.00800000
v 0.01114000 -0.01997200 0.00800000
v 0.01114000 -0.01997200 0.00800000
v 0.01114000 -0.01997200 0.00800000
v 0.01501700 -0.01609500 0.00532100
v 0.01501700 -0.01609500 0.00532100
v 0.01555600 -0.01555600 0.00552500
v 0.01555600 -0.01555600 0.00552500
v 0.01997200 -0.01114000 0.00800000
v 0.01649000 -0.01462200 0.00323700
v 0.01649000 -0.01462200 0.00323700
v 0.01889200 -0.01222100 0.00200000
v 0.01889200 -0.01222100 0.00200000
v 0.01889200 -0.01222100 0.00200000
v 0.01889200 -0.01222100 0.00200000
v 0.01889200 -0.01222100 0.00200000
v 0.01663500 -0.01447800 0.00400000
v 0.01663500 -0.01447800 0.00400000
v 0.01997200 -0.01114000 0.00236900
v 0.01649000 -0.01462200 0.00476200
v 0.01609500 -0.01501700 0.00532100
v 0.01609500 -0.01501700 0.00267900
v 0.01609500 -0.01501700 0.00267900
v 0.01555600 -0.01555600 0.00247500
v 0.01555600 -0.01555600 0.00247500
v 0.01555600 -0.01555600 0.00247500
v 0.01222100 -0.01889200 0.00200000
v 0.01222100 -0.01889200 0.00200000
v 0.01222100 -0.01889200 0.00200000
v 0.01222100 -0.01889200 0.00200000
v 0.01501700 -0.01609500 0.00267900
v 0.01501700 -0.01609500 0.00267900
v 0.01462200 -0.01649000 0.00323700
v 0.01462200 -0.01649000 0.00323700
v 0.01462200 -0.01649000 0.00323700
v 0.01114000 -0.01997200 0.00236900
v 0.01114000 -0.01997200 0.00236900
v 0.01114000 -0.01997200 0.00236900
v 0.01447800 -0.01663500 0.00400000
v 0.01447800 -0.01663500 0.00400000
v 0.01462200 -0.01649000 0.00476200
v 0.01462200 -0.01649000 0.00476200
v -0.01609500 -0.01501700 0.00532100
v -0.01609500 -0.01501700 0.00532100
v -0.01555600 -0.01555600 0.00552500
v -0.01555600 -0.01555600 0.00552500
v -0.01997200 -0.01114000 0.00800000
v -0.01997200 -0.01114000 0.00800000
v -0.01997200 -0.01114000 0.00800000
v -0.01997200 -0.01114000 0.00800000
v -0.01997200 -0.01114000 0.00800000
v -0.01114000 -0.01997200 0.00800000
v -0.01889200 -0.01222100 0.00200000
v -0.01889200 -0.01222100 0.00200000
v -0.01889200 -0.01222100 0.00200000
v -0.01889200 -0.01222100 0.00200000
v -0.01649000 -0.01462200 0.00323700
v -0.01649000 -0.01462200 0.00323700
v -0.01649000 -0.01462200 0.00323700
v -0.01997200 -0.01114000 0.00236900
v -0.01997200 -0.01114000 0.00236900
v -0.01997200 -0.01114000 0.00236900
v -0.01663500 -0.01447800 0.00400000
v -0.01663500 -0.01447800 0.00400000
v -0.01649000 -0.01462200 0.00476200
v -0.01649000 -0.01462200 0.00476200
v -0.01462200 -0.01649000 0.00323700
v -0.01462200 -0.01649000 0.00323700
v -0.01222100 -0.01889200 0.00200000
v -0.01222100 -0.01889200 0.00200000
v -0.01222100 -0.01889200 0.00200000
v -0.01222100 -0.01889200 0.00200000
v -0.01222100 -0.01889200 0.00200000
v -0.01447800 -0.01663500 0.00400000
v -0.01447800 -0.01663500 0.00400000
v -0.01114000 -0.01997200 0.00236900
v -0.01462200 -0.01649000 0.00476200
v -0.01501700 -0.01609500 0.00532100
v -0.01501700 -0.01609500 0.00267900
v -0.01501700 -0.01609500 0.00267900
v -0.01555600 -0.01555600 0.00247500
v -0.01555600 -0.01555600 0.00247500
v -0.01609500 -0.01501700 0.00267900
v -0.01609500 -0.01501700 0.00267900
v 0.01997200 0.01114000 0.00800000
v 0.01997200 0.01114000 0.00800000
v 0.01997200 0.01114000 0.00800000
v 0.01997200 0.01114000 0.00800000
v 0.01997200 0.01114000 0.00800000
v 0.01609500 0.01501700 0.00532100
v 0.01609500 0.01501700 0.00532100
v 0.01555600 0.01555600 0.00552500
v 0.01555600 0.01555600 0.00552500
v 0.01114000 0.01997200 0.00800000
v 0.01889200 0.01222100 0.00200000
v 0.01889200 0.01222100 0.00200000
v 0.01889200 0.01222100 0.00200000
v 0.01889200 0.01222100 0.00200000
v 0.01222100 0.01889200 0.00200000
v 0.01222100 0.01889200 0.00200000
v 0.01222100 0.01889200 0.00200000
v 0.01222100 0.01889200 0.00200000
v 0.01222100 0.01889200 0.00200000
v 0.01555600 0.01555600 0.00247500
v 0.01555600 0.01555600 0.00247500
v 0.01501700 0.01609500 0.00267900
v 0.01501700 0.01609500 0.00267900
v 0.01609500 0.01501700 0.00267900
v 0.01609500 0.01501700 0.00267900
v 0.01649000 0.01462200 0.00323700
v 0.01649000 0.01462200 0.00323700
v 0.01649000 0.01462200 0.00323700
v 0.01997200 0.01114000 0.00236900
v 0.01997200 0.01114000 0.00236900
v 0.01997200 0.01114000 0.00236900
v 0.01663500 0.01447800 0.00400000
v 0.01663500 0.01447800 0.00400000
v 0.01649000 0.01462200 0.00476200
v 0.01649000 0.01462200 0.00476200
v 0.01501700 0.01609500 0.00532100
v 0.01462200 0.01649000 0.00476200
v 0.01114000 0.01997200 0.00236900
v 0.01447800 0.01663500 0.00400000
v 0.01447800 0.01663500 0.00400000
v 0.01462200 0.01649000 0.00323700
v 0.01462200 0.01649000 0.00323700
v -0.01037200 0.02052800 0.00250000
v -0.01037200 0.02052800 0.00800000
v -0.00927400 0.02104700 0.00250000
v -0.00705800 0.02189000 0.00800000
v -0.00705800 0.02189000 0.00250000
v -0.00566900 0.02229000 0.00250000
v -0.00357200 0.02272100 0.00800000
v -0.00357200 0.02272100 0.00250000
v -0.00190700 0.02292100 0.00250000
v -0.00000000 0.02300000 0.00800000
v -0.00000000 0.02300000 0.00250000
v 0.00190700 0.02292100 0.00250000
v 0.00357200 0.02272100 0.00800000
v 0.00357200 0.02272100 0.00250000
v 0.00566900 0.02229000 0.00250000
v 0.00705800 0.02189000 0.00800000
v 0.00705800 0.02189000 0.00250000
v 0.00927400 0.02104700 0.00250000
v 0.01037200 0.02052800 0.00800000
v 0.01037200 0.02052800 0.00250000
v 0.02052800 0.01037200 0.00250000
v 0.02052800 0.01037200 0.00800000
v 0.02104700 0.00927400 0.00250000
v 0.02189000 0.00705800 0.00800000
v 0.02189000 0.00705800 0.00250000
v 0.02229000 0.00566900 0.00250000
v 0.02272100 0.00357200 0.00800000
v 0.02272100 0.00357200 0.00250000
v 0.02292100 0.00190700 0.00250000
v 0.02300000 0.00000000 0.00800000
v 0.02300000 0.00000000 0.00250000
v 0.02292100 -0.00190700 0.00250000
v 0.02272100 -0.00357200 0.00800000
v 0.02272100 -0.00357200 0.00250000
v 0.02229000 -0.00566900 0.00250000
v 0.02189000 -0.00705800 0.00800000
v 0.02189000 -0.00705800 0.00250000
v 0.02104700 -0.00927400 0.00250000
v 0.02052800 -0.01037200 0.00800000
v 0.02052800 -0.01037200 0.00250000
v 0.01037200 -0.02052800 0.00250000
v 0.01037200 -0.02052800 0.00800000
v 0.00927400 -0.02104700 0.00250000
v 0.00705800 -0.02189000 0.00800000
v 0.00705800 -0.02189000 0.00250000
v 0.00566900 -0.02229000 0.00250000
v 0.00357200 -0.02272100 0.00800000
v 0.00357200 -0.02272100 0.00250000
v 0.00190700 -0.02292100 0.00250000
v 0.00000000 -0.02300000 0.00800000
v 0.00000000 -0.02300000 0.00250000
v -0.00190700 -0.02292100 0.00250000
v -0.00357200 -0.02272100 0.00800000
v -0.00357200 -0.02272100 0.00250000
v -0.00566900 -0.02229000 0.00250000
v -0.00705800 -0.02189000 0.00800000
v -0.00705800 -0.02189000 0.00250000
v -0.00927400 -0.02104700 0.00250000
v -0.01037200 -0.02052800 0.00800000
v -0.01037200 -0.02052800 0.00250000
v 0.01037200 0.02052800 0.00250000
v 0.01078100 0.02027900 0.00246700
v 0.00907300 0.02059000 0.00200000
v 0.01114000 0.01997200 0.00236900
v 0.01222100 0.01889200 0.00200000
v -0.01222100 0.01889200 0.00200000
v -0.01114000 0.01997200 0.00236900
v -0.01114000 0.01997200 0.00236900
v -0.00907300 0.02059000 0.00200000
v -0.00907300 0.02059000 0.00200000
v -0.00907300 0.02059000 0.00200000
v -0.01078300 0.02027800 0.00246600
v -0.01037200 0.02052800 0.00250000
v -0.00927400 0.02104700 0.00250000
v -0.00927400 0.02104700 0.00250000
v -0.00554500 0.02180600 0.00200000
v -0.00705800 0.02189000 0.00250000
v -0.00566900 0.02229000 0.00250000
v -0.00186600 0.02242200 0.00200000
v -0.00357200 0.02272100 0.00250000
v -0.00190700 0.02292100 0.00250000
v 0.00186600 0.02242200 0.00200000
v 0.00186600 0.02242200 0.00200000
v -0.00000000 0.02300000 0.00250000
v 0.00190700 0.02292100 0.00250000
v 0.00357200 0.02272100 0.00250000
v 0.00357200 0.02272100 0.00250000
v 0.00554500 0.02180600 0.00200000
v 0.00566900 0.02229000 0.00250000
v 0.00705800 0.02189000 0.00250000
v 0.00927400 0.02104700 0.00250000
v 0.02052800 -0.01037200 0.00250000
v 0.02027900 -0.01078100 0.00246700
v 0.02059000 -0.00907300 0.00200000
v 0.01997200 -0.01114000 0.00236900
v 0.01889200 -0.01222100 0.00200000
v 0.01889200 0.01222100 0.00200000
v 0.01997200 0.01114000 0.00236900
v 0.02059000 0.00907300 0.00200000
v 0.02059000 0.00907300 0.00200000
v 0.02027800 0.01078300 0.00246600
v 0.02052800 0.01037200 0.00250000
v 0.02104700 0.00927400 0.00250000
v 0.02104700 0.00927400 0.00250000
v 0.02180600 0.00554500 0.00200000
v 0.02189000 0.00705800 0.00250000
v 0.02229000 0.00566900 0.00250000
v 0.02242200 0.00186600 0.00200000
v 0.02242200 0.00186600 0.00200000
v 0.02272100 0.00357200 0.00250000
v 0.02292100 0.00190700 0.00250000
v 0.02300000 0.00000000 0.00250000
v 0.02300000 0.00000000 0.00250000
v 0.02242200 -0.00186600 0.00200000
v 0.02242200 -0.00186600 0.00200000
v 0.02292100 -0.00190700 0.00250000
v 0.02272100 -0.00357200 0.00250000
v 0.02272100 -0.00357200 0.00250000
v 0.02180600 -0.00554500 0.00200000
v 0.02229000 -0.00566900 0.00250000
v 0.02189000 -0.00705800 0.00250000
v 0.02104700 -0.00927400 0.00250000
v -0.01037200 -0.02052800 0.00250000
v -0.01078100 -0.02027900 0.00246700
v -0.00907300 -0.02059000 0.00200000
v -0.01114000 -0.01997200 0.00236900
v -0.01222100 -0.01889200 0.00200000
v 0.01222100 -0.01889200 0.00200000
v 0.01114000 -0.01997200 0.00236900
v 0.00907300 -0.02059000 0.00200000
v 0.00907300 -0.02059000 0.00200000
v 0.01078300 -0.02027800 0.00246600
v 0.01037200 -0.02052800 0.00250000
v 0.00927400 -0.02104700 0.00250000
v 0.00927400 -0.02104700 0.00250000
v 0.00554500 -0.02180600 0.00200000
v 0.00705800 -0.02189000 0.00250000
v 0.00566900 -0.02229000 0.00250000
v 0.00186600 -0.02242200 0.00200000
v 0.00186600 -0.02242200 0.00200000
v 0.00357200 -0.02272100 0.00250000
v 0.00190700 -0.02292100 0.00250000
v 0.00000000 -0.02300000 0.00250000
v 0.00000000 -0.02300000 0.00250000
v -0.00186600 -0.02242200 0.00200000
v -0.00186600 -0.02242200 0.00200000
v -0.00190700 -0.02292100 0.00250000
v -0.00357200 -0.02272100 0.00250000
v -0.00357200 -0.02272100 0.00250000
v -0.00554500 -0.02180600 0.00200000
v -0.00566900 -0.02229000 0.00250000
v -0.00705800 -0.02189000 0.00250000
v -0.00927400 -0.02104700 0.00250000
v 0.02062900 0.01893200 0.00800000
v 0.02344100 0.01531400 0.00800000
v 0.02344100 0.01531400 0.00800000
v 0.02344100 0.01531400 0.00800000
v 0.02078100 0.01803100 0.00800000
v 0.02041300 0.01665600 0.00800000
v 0.02041300 0.01665600 0.00800000
v -0.01565000 -0.01940600 0.00800000
v -0.01565000 -0.01940600 0.00800000
v -0.01565000 -0.01940600 0.00800000
v -0.01528100 -0.01803100 0.00800000
v -0.01528100 -0.01803100 0.00800000
v 0.00000000 -0.02800000 0.00800000
v 0.00000000 -0.02800000 0.00800000
v 0.00000000 -0.02800000 0.00800000
v -0.00460900 -0.02761800 0.00800000
v -0.00460900 -0.02761800 0.00800000
v -0.00909200 -0.02648300 0.00800000
v -0.00909200 -0.02648300 0.00800000
v -0.00909200 -0.02648300 0.00800000
v -0.01665600 -0.02041300 0.00800000
v -0.01665600 -0.02041300 0.00800000
v -0.01665600 -0.02041300 0.00800000
v -0.01332600 -0.02462500 0.00800000
v -0.01332600 -0.02462500 0.00800000
v -0.01332600 -0.02462500 0.00800000
v -0.01803100 -0.02078100 0.00800000
v -0.01803100 -0.02078100 0.00800000
v -0.01719800 -0.02209600 0.00800000
v -0.01719800 -0.02209600 0.00800000
v -0.01893200 -0.02062900 0.00800000
v -0.02062900 -0.01893200 0.00800000
v -0.02344100 -0.01531400 0.00800000
v -0.02344100 -0.01531400 0.00800000
v -0.02344100 -0.01531400 0.00800000
v -0.02078100 -0.01803100 0.00800000
v -0.02041300 -0.01665600 0.00800000
v -0.02041300 -0.01665600 0.00800000
v -0.01803100 0.01528100 0.00800000
v -0.01803100 0.01528100 0.00800000
v -0.01665600 0.01565000 0.00800000
v -0.01665600 0.01565000 0.00800000
v -0.01997200 0.01114000 0.00800000
v -0.01997200 0.01114000 0.00800000
v -0.01997200 0.01114000 0.00800000
v -0.01997200 0.01114000 0.00800000
v -0.01565000 0.01665600 0.00800000
v -0.01565000 0.01665600 0.00800000
v -0.01565000 0.01665600 0.00800000
v -0.01114000 0.01997200 0.00800000
v -0.01114000 0.01997200 0.00800000
v -0.01114000 0.01997200 0.00800000
v -0.01528100 0.01803100 0.00800000
v -0.01528100 0.01803100 0.00800000
v -0.01528100 0.01803100 0.00800000
v -0.01037200 0.02052800 0.00800000
v -0.01037200 0.02052800 0.00800000
v -0.01037200 0.02052800 0.00800000
v -0.01037200 0.02052800 0.00800000
v -0.01565000 0.01940600 0.00800000
v -0.01565000 0.01940600 0.00800000
v -0.01565000 0.01940600 0.00800000
v 0.01565000 -0.01940600 0.00800000
v 0.01565000 -0.01940600 0.00800000
v 0.01565000 -0.01940600 0.00800000
v 0.01037200 -0.02052800 0.00800000
v 0.01037200 -0.02052800 0.00800000
v 0.01037200 -0.02052800 0.00800000
v 0.01037200 -0.02052800 0.00800000
v 0.01528100 -0.01803100 0.00800000
v 0.01528100 -0.01803100 0.00800000
v 0.01528100 -0.01803100 0.00800000
v 0.01114000 -0.01997200 0.00800000
v 0.01114000 -0.01997200 0.00800000
v 0.01565000 -0.01665600 0.00800000
v 0.01997200 -0.01114000 0.00800000
v 0.01997200 -0.01114000 0.00800000
v 0.01665600 -0.01565000 0.00800000
v 0.01803100 -0.01528100 0.00800000
v 0.01803100 -0.01528100 0.00800000
v -0.00357200 -0.02272100 0.00800000
v -0.00357200 -0.02272100 0.00800000
v 0.00000000 -0.02300000 0.00800000
v 0.00357200 -0.02272100 0.00800000
v 0.00357200 -0.02272100 0.00800000
v 0.00000000 -0.02800000 0.00800000
v 0.00000000 -0.02800000 0.00800000
v 0.00000000 -0.02800000 0.00800000
v 0.00705800 -0.02189000 0.00800000
v 0.00705800 -0.02189000 0.00800000
v -0.01940600 -0.01565000 0.00800000
v -0.01940600 -0.01565000 0.00800000
v -0.01940600 -0.01565000 0.00800000
v -0.01940600 -0.01565000 0.00800000
v -0.01940600 -0.01565000 0.00800000
v -0.02564200 -0.01124700 0.00800000
v -0.02564200 -0.01124700 0.00800000
v -0.02714300 -0.00687400 0.00800000
v -0.02714300 -0.00687400 0.00800000
v -0.00000000 0.02800000 0.00800000
v -0.00000000 0.02800000 0.00800000
v -0.00000000 0.02800000 0.00800000
v 0.00460900 0.02761800 0.00800000
v 0.00460900 0.02761800 0.00800000
v 0.01565000 0.01940600 0.00800000
v 0.01565000 0.01940600 0.00800000
v 0.01565000 0.01940600 0.00800000
v 0.01565000 0.01940600 0.00800000
v 0.00909200 0.02648300 0.00800000
v 0.00909200 0.02648300 0.00800000
v 0.00909200 0.02648300 0.00800000
v 0.01665600 0.02041300 0.00800000
v 0.01665600 0.02041300 0.00800000
v 0.01665600 0.02041300 0.00800000
v 0.01332600 0.02462500 0.00800000
v 0.01332600 0.02462500 0.00800000
v 0.01332600 0.02462500 0.00800000
v 0.01803100 0.02078100 0.00800000
v 0.01803100 0.02078100 0.00800000
v 0.01719800 0.02209600 0.00800000
v 0.01719800 0.02209600 0.00800000
v 0.01893200 0.02062900 0.00800000
v 0.00909200 -0.02648300 0.00800000
v 0.00909200 -0.02648300 0.00800000
v 0.01332600 -0.02462500 0.00800000
v 0.01332600 -0.02462500 0.00800000
v 0.01665600 -0.02041300 0.00800000
v 0.01665600 -0.02041300 0.00800000
v 0.01665600 -0.02041300 0.00800000
v 0.01719800 -0.02209600 0.00800000
v 0.01719800 -0.02209600 0.00800000
v 0.01719800 -0.02209600 0.00800000
v 0.01803100 -0.02078100 0.00800000
v 0.01803100 -0.02078100 0.00800000
v 0.01893200 -0.02062900 0.00800000
v -0.00909200 0.02648300 0.00800000
v -0.00909200 0.02648300 0.00800000
v -0.01332600 0.02462500 0.00800000
v -0.01332600 0.02462500 0.00800000
v -0.01665600 0.02041300 0.00800000
v -0.01665600 0.02041300 0.00800000
v -0.01665600 0.02041300 0.00800000
v -0.01719800 0.02209600 0.00800000
v -0.01719800 0.02209600 0.00800000
v -0.01719800 0.02209600 0.00800000
v -0.01803100 0.02078100 0.00800000
v -0.01803100 0.02078100 0.00800000
v -0.01893200 0.02062900 0.00800000
v 0.00460900 -0.02761800 0.00800000
v 0.00460900 -0.02761800 0.00800000
v -0.01114000 -0.01997200 0.00800000
v -0.01114000 -0.01997200 0.00800000
v -0.01114000 -0.01997200 0.00800000
v -0.01037200 -0.02052800 0.00800000
v -0.01037200 -0.02052800 0.00800000
v -0.01037200 -0.02052800 0.00800000
v -0.00705800 -0.02189000 0.00800000
v -0.00705800 -0.02189000 0.00800000
v -0.02062900 0.01893200 0.00800000
v -0.02078100 0.01803100 0.00800000
v -0.02078100 0.01803100 0.00800000
v -0.02344100 0.01531400 0.00800000
v -0.02344100 0.01531400 0.00800000
v -0.02041300 0.01665600 0.00800000
v -0.02041300 0.01665600 0.00800000
v -0.02564200 0.01124700 0.00800000
v -0.01940600 0.01565000 0.00800000
v -0.01940600 0.01565000 0.00800000
v -0.01940600 0.01565000 0.00800000
v -0.02714300 0.00687400 0.00800000
v -0.02790400 0.00231200 0.00800000
v -0.02790400 0.00231200 0.00800000
v 0.01528100 0.01803100 0.00800000
v 0.01114000 0.01997200 0.00800000
v 0.01114000 0.01997200 0.00800000
v 0.01037200 0.02052800 0.00800000
v 0.01037200 0.02052800 0.00800000
v 0.01037200 0.02052800 0.00800000
v 0.00705800 0.02189000 0.00800000
v 0.00705800 0.02189000 0.00800000
v 0.00357200 0.02272100 0.00800000
v 0.00357200 0.02272100 0.00800000
v -0.00000000 0.02300000 0.00800000
v -0.00357200 0.02272100 0.00800000
v -0.00357200 0.02272100 0.00800000
v -0.00000000 0.02800000 0.00800000
v -0.00000000 0.02800000 0.00800000
v -0.00000000 0.02800000 0.00800000
v -0.00705800 0.02189000 0.00800000
v -0.00705800 0.02189000 0.00800000
v 0.02062900 -0.01893200 0.00800000
v 0.02078100 -0.01803100 0.00800000
v 0.02078100 -0.01803100 0.00800000
v 0.02344100 -0.01531400 0.00800000
v 0.02344100 -0.01531400 0.00800000
v 0.02041300 -0.01665600 0.00800000
v 0.02041300 -0.01665600 0.00800000
v 0.02564200 -0.01124700 0.00800000
v 0.01940600 -0.01565000 0.00800000
v 0.01940600 -0.01565000 0.00800000
v 0.01940600 -0.01565000 0.00800000
v 0.02714300 -0.00687400 0.00800000
v 0.02790400 -0.00231200 0.00800000
v 0.02790400 -0.00231200 0.00800000
v 0.01940600 0.01565000 0.00800000
v 0.01940600 0.01565000 0.00800000
v 0.01940600 0.01565000 0.00800000
v 0.01940600 0.01565000 0.00800000
v 0.01940600 0.01565000 0.00800000
v 0.02564200 0.01124700 0.00800000
v 0.02564200 0.01124700 0.00800000
v 0.02714300 0.00687400 0.00800000
v 0.02714300 0.00687400 0.00800000
v -0.02052800 0.01037200 0.00800000
v -0.02052800 0.01037200 0.00800000
v -0.02272100 -0.00357200 0.00800000
v -0.02272100 -0.00357200 0.00800000
v -0.02189000 -0.00705800 0.00800000
v -0.02189000 -0.00705800 0.00800000
v -0.02790400 -0.00231200 0.00800000
v -0.02790400 -0.00231200 0.00800000
v -0.02790400 -0.00231200 0.00800000
v -0.02790400 -0.00231200 0.00800000
v -0.02790400 -0.00231200 0.00800000
v -0.02790400 -0.00231200 0.00800000
v -0.02052800 -0.01037200 0.00800000
v -0.02052800 -0.01037200 0.00800000
v -0.02052800 -0.01037200 0.00800000
v -0.02052800 -0.01037200 0.00800000
v -0.00460900 0.02761800 0.00800000
v -0.00460900 0.02761800 0.00800000
v -0.01803100 -0.01528100 0.00800000
v -0.01803100 -0.01528100 0.00800000
v -0.01803100 -0.01528100 0.00800000
v -0.01997200 -0.01114000 0.00800000
v -0.01997200 -0.01114000 0.00800000
v -0.01997200 -0.01114000 0.00800000
v -0.01665600 -0.01565000 0.00800000
v -0.01665600 -0.01565000 0.00800000
v -0.01665600 -0.01565000 0.00800000
v -0.01565000 -0.01665600 0.00800000
v -0.01565000 -0.01665600 0.00800000
v 0.02052800 -0.01037200 0.00800000
v 0.02052800 -0.01037200 0.00800000
v 0.02272100 0.00357200 0.00800000
v 0.02272100 0.00357200 0.00800000
v 0.02189000 0.00705800 0.00800000
v 0.02189000 0.00705800 0.00800000
v 0.02790400 0.00231200 0.00800000
v 0.02790400 0.00231200 0.00800000
v 0.02790400 0.00231200 0.00800000
v 0.02790400 0.00231200 0.00800000
v 0.02790400 0.00231200 0.00800000
v 0.02790400 0.00231200 0.00800000
v 0.02052800 0.01037200 0.00800000
v 0.02052800 0.01037200 0.00800000
v 0.02052800 0.01037200 0.00800000
v 0.02052800 0.01037200 0.00800000
v -0.02189000 0.00705800 0.00800000
v -0.02272100 0.00357200 0.00800000
v -0.02272100 0.00357200 0.00800000
v -0.02300000 -0.00000000 0.00800000
v -0.02300000 -0.00000000 0.00800000
v 0.01803100 0.01528100 0.00800000
v 0.01803100 0.01528100 0.00800000
v 0.01803100 0.01528100 0.00800000
v 0.01997200 0.01114000 0.00800000
v 0.01997200 0.01114000 0.00800000
v 0.01997200 0.01114000 0.00800000
v 0.01665600 0.01565000 0.00800000
v 0.01665600 0.01565000 0.00800000
v 0.01665600 0.01565000 0.00800000
v 0.01114000 0.01997200 0.00800000
v 0.01114000 0.01997200 0.00800000
v 0.01565000 0.01665600 0.00800000
v 0.01565000 0.01665600 0.00800000
v 0.02189000 -0.00705800 0.00800000
v 0.02272100 -0.00357200 0.00800000
v 0.02272100 -0.00357200 0.00800000
v 0.02300000 0.00000000 0.00800000
v 0.02300000 0.00000000 0.00800000
v 0.00820900 -0.02572200 0.00900000
v 0.00820900 -0.02572200 0.01430000
v 0.01170700 -0.02433000 0.00900000
v 0.01170700 -0.02433000 0.01430000
v 0.01497800 -0.02246500 0.00900000
v 0.01497800 -0.02246500 0.01430000
v -0.02246500 0.01497800 0.00900000
v -0.02246500 0.01497800 0.01430000
v -0.02465300 0.01101000 0.00900000
v -0.02465300 0.01101000 0.01430000
v -0.02614700 0.00673300 0.00900000
v -0.02614700 0.00673300 0.01430000
v -0.02690500 0.00226500 0.00900000
v -0.02690500 0.00226500 0.01430000
v -0.02690500 0.00226500 0.01430000
v -0.02690500 -0.00226500 0.00900000
v -0.02690500 -0.00226500 0.00900000
v -0.02690500 -0.00226500 0.01430000
v -0.02614700 -0.00673300 0.00900000
v -0.02614700 -0.00673300 0.01430000
v -0.02465300 -0.01101000 0.00900000
v -0.02465300 -0.01101000 0.01430000
v -0.02246500 -0.01497800 0.00900000
v -0.02246500 -0.01497800 0.01430000
v 0.02246500 -0.01497800 0.00900000
v 0.02246500 -0.01497800 0.01430000
v 0.02465300 -0.01101000 0.00900000
v 0.02465300 -0.01101000 0.01430000
v 0.02614700 -0.00673300 0.00900000
v 0.02614700 -0.00673300 0.01430000
v 0.02690500 -0.00226500 0.00900000
v 0.02690500 -0.00226500 0.01430000
v 0.02690500 0.00226500 0.00900000
v 0.02690500 0.00226500 0.01430000
v 0.02614700 0.00673300 0.00900000
v 0.02614700 0.00673300 0.01430000
v 0.02465300 0.01101000 0.00900000
v 0.02465300 0.01101000 0.01430000
v 0.02246500 0.01497800 0.00900000
v 0.02246500 0.01497800 0.01430000
v 0.01497800 0.02246500 0.00900000
v 0.01497800 0.02246500 0.01430000
v 0.01170700 0.02433000 0.00900000
v 0.01170700 0.02433000 0.01430000
v 0.00820900 0.02572200 0.00900000
v 0.00820900 0.02572200 0.01430000
v 0.00860600 0.00974300 0.00309800
v 0.00881700 0.00955300 0.00288200
v 0.00882000 0.00956500 0.00286700
v 0.00919200 0.00919200 0.00275000
v 0.00875000 0.00963400 0.00291700
v 0.00860600 0.00974300 0.00309800
v 0.00875000 0.00963400 0.00291700
v 0.00850600 0.00987900 0.00321300
v 0.00851300 0.00982500 0.00324700
v 0.00842700 0.00995800 0.00337500
v 0.00835300 0.00996100 0.00373700
v 0.00833100 0.01005400 0.00371800
v 0.00830800 0.01007600 0.00400000
v 0.00835300 0.00996100 0.00426300
v 0.00833100 0.01005400 0.00428100
v 0.00851300 0.00982500 0.00475200
v 0.00842700 0.00995800 0.00462500
v 0.00850600 0.00987900 0.00478700
v 0.00860600 0.00974300 0.00490200
v 0.00875000 0.00963400 0.00508200
v 0.00860600 0.00974300 0.00490200
v 0.00875000 0.00963400 0.00508200
v 0.00881700 0.00955300 0.00511800
v 0.00882000 0.00956500 0.00513300
v 0.00919200 0.00919200 0.00525000
v 0.00860600 -0.00974300 0.00490200
v 0.00881700 -0.00955300 0.00511800
v 0.00882000 -0.00956500 0.00513300
v 0.00919200 -0.00919200 0.00525000
v 0.00875000 -0.00963400 0.00508200
v 0.00860600 -0.00974300 0.00490200
v 0.00875000 -0.00963400 0.00508200
v 0.00850600 -0.00987900 0.00478700
v 0.00851300 -0.00982500 0.00475200
v 0.00842700 -0.00995800 0.00462500
v 0.00835300 -0.00996100 0.00426300
v 0.00833100 -0.01005400 0.00428100
v 0.00830800 -0.01007600 0.00400000
v 0.00835300 -0.00996100 0.00373700
v 0.00833100 -0.01005400 0.00371800
v 0.00851300 -0.00982500 0.00324700
v 0.00842700 -0.00995800 0.00337500
v 0.00850600 -0.00987900 0.00321300
v 0.00860600 -0.00974300 0.00309800
v 0.00875000 -0.00963400 0.00291700
v 0.00860600 -0.00974300 0.00309800
v 0.00875000 -0.00963400 0.00291700
v 0.00881700 -0.00955300 0.00288200
v 0.00882000 -0.00956500 0.00286700
v 0.00919200 -0.00919200 0.00275000
v -0.00860600 -0.00974300 0.00309800
v -0.00881700 -0.00955300 0.00288200
v -0.00882000 -0.00956500 0.00286700
v -0.00919200 -0.00919200 0.00275000
v -0.00875000 -0.00963400 0.00291700
v -0.00860600 -0.00974300 0.00309800
v -0.00875000 -0.00963400 0.00291700
v -0.00850600 -0.00987900 0.00321300
v -0.00851300 -0.00982500 0.00324700
v -0.00842700 -0.00995800 0.00337500
v -0.00835300 -0.00996100 0.00373700
v -0.00833100 -0.01005400 0.00371800
v -0.00830800 -0.01007600 0.00400000
v -0.00835300 -0.00996100 0.00426300
v -0.00833100 -0.01005400 0.00428100
v -0.00851300 -0.00982500 0.00475200
v -0.00842700 -0.00995800 0.00462500
v -0.00850600 -0.00987900 0.00478700
v -0.00860600 -0.00974300 0.00490200
v -0.00875000 -0.00963400 0.00508200
v -0.00860600 -0.00974300 0.00490200
v -0.00875000 -0.00963400 0.00508200
v -0.00881700 -0.00955300 0.00511800
v -0.00882000 -0.00956500 0.00513300
v -0.00919200 -0.00919200 0.00525000
v -0.00955300 0.00881700 0.00511800
v -0.00956500 0.00882000 0.00513300
v -0.00919200 0.00919200 0.00525000
v -0.00919200 0.00919200 0.00275000
v -0.00956500 0.00882000 0.00286700
v -0.00955300 0.00881700 0.00288200
v -0.00963400 0.00875000 0.00291700
v -0.00982500 0.00851300 0.00324700
v -0.00987900 0.00850600 0.00321300
v -0.00995800 0.00842700 0.00337500
v -0.00996100 0.00835300 0.00373700
v -0.01005400 0.00833100 0.00371800
v -0.01007600 0.00830800 0.00400000
v -0.00996100 0.00835300 0.00426300
v -0.01005400 0.00833100 0.00428100
v -0.00982500 0.00851300 0.00475200
v -0.00995800 0.00842700 0.00462500
v -0.00987900 0.00850600 0.00478700
v -0.00963400 0.00875000 0.00508200
v -0.02052800 -0.01037200 0.00250000
v -0.02052800 -0.01037200 0.00800000
v -0.02104700 -0.00927400 0.00250000
v -0.02189000 -0.00705800 0.00800000
v -0.02189000 -0.00705800 0.00250000
v -0.02229000 -0.00566900 0.00250000
v -0.02229000 -0.00566900 0.00250000
v -0.02272100 -0.00357200 0.00800000
v -0.02272100 -0.00357200 0.00800000
v -0.02272100 -0.00357200 0.00250000
v -0.02292100 -0.00190700 0.00250000
v -0.02292100 -0.00190700 0.00250000
v -0.02300000 -0.00000000 0.00800000
v -0.02300000 -0.00000000 0.00800000
v -0.02300000 -0.00000000 0.00250000
v -0.02292100 0.00190700 0.00250000
v -0.02272100 0.00357200 0.00800000
v -0.02272100 0.00357200 0.00250000
v -0.02229000 0.00566900 0.00250000
v -0.02189000 0.00705800 0.00800000
v -0.02189000 0.00705800 0.00250000
v -0.02104700 0.00927400 0.00250000
v -0.02052800 0.01037200 0.00800000
v -0.02052800 0.01037200 0.00250000
v 0.00156700 0.01340900 0.00200000
v 0.00156700 0.01340900 0.00200000
v 0.00156700 0.01340900 0.00200000
v 0.00156700 0.01340900 0.00200000
v -0.00156700 0.01340900 0.00200000
v -0.00156700 0.01340900 0.00200000
v -0.00186600 0.02242200 0.00200000
v -0.00186600 0.02242200 0.00200000
v -0.00186600 0.02242200 0.00200000
v 0.01347700 0.00078500 0.00200000
v 0.01347700 0.00078500 0.00200000
v 0.01347700 0.00078500 0.00200000
v 0.02242200 -0.00186600 0.00200000
v 0.02242200 -0.00186600 0.00200000
v 0.02242200 -0.00186600 0.00200000
v 0.01329500 -0.00234400 0.00200000
v 0.01329500 -0.00234400 0.00200000
v 0.01329500 -0.00234400 0.00200000
v 0.02180600 -0.00554500 0.00200000
v 0.02180600 -0.00554500 0.00200000
v 0.02180600 -0.00554500 0.00200000
v 0.01239600 -0.00534700 0.00200000
v 0.01239600 -0.00534700 0.00200000
v 0.02059000 -0.00907300 0.00200000
v 0.02059000 -0.00907300 0.00200000
v 0.02059000 -0.00907300 0.00200000
v 0.01082900 -0.00806200 0.00200000
v 0.01082900 -0.00806200 0.00200000
v 0.01082900 -0.00806200 0.00200000
v 0.01889200 -0.01222100 0.00200000
v 0.01889200 -0.01222100 0.00200000
v 0.01889200 -0.01222100 0.00200000
v 0.00867800 -0.01034200 0.00200000
v 0.00867800 -0.01034200 0.00200000
v 0.01222100 -0.01889200 0.00200000
v 0.01222100 -0.01889200 0.00200000
v 0.01222100 -0.01889200 0.00200000
v 0.00605900 -0.01206400 0.00200000
v 0.00605900 -0.01206400 0.00200000
v 0.00907300 -0.02059000 0.00200000
v 0.00907300 -0.02059000 0.00200000
v 0.00907300 -0.02059000 0.00200000
v 0.00311300 -0.01313600 0.00200000
v 0.00311300 -0.01313600 0.00200000
v 0.00311300 -0.01313600 0.00200000
v -0.00554500 0.02180600 0.00200000
v -0.00461700 0.01268600 0.00200000
v -0.00461700 0.01268600 0.00200000
v -0.00461700 0.01268600 0.00200000
v -0.00907300 0.02059000 0.00200000
v -0.00907300 0.02059000 0.00200000
v -0.01222100 0.01889200 0.00200000
v -0.01222100 0.01889200 0.00200000
v -0.01222100 0.01889200 0.00200000
v -0.00741800 0.01127900 0.00200000
v -0.00741800 0.01127900 0.00200000
v -0.01889200 0.01222100 0.00200000
v -0.01889200 0.01222100 0.00200000
v -0.01329500 -0.00234400 0.00200000
v -0.01329500 -0.00234400 0.00200000
v -0.01329500 -0.00234400 0.00200000
v -0.01329500 -0.00234400 0.00200000
v -0.02242200 -0.00186600 0.00200000
v -0.02242200 -0.00186600 0.00200000
v -0.02242200 -0.00186600 0.00200000
v -0.01347700 0.00078500 0.00200000
v -0.01347700 0.00078500 0.00200000
v -0.02242200 0.00186600 0.00200000
v -0.01293300 0.00387200 0.00200000
v -0.01293300 0.00387200 0.00200000
v 0.00554500 -0.02180600 0.00200000
v 0.00554500 -0.02180600 0.00200000
v 0.00186600 -0.02242200 0.00200000
v 0.00186600 -0.02242200 0.00200000
v 0.00000000 -0.01350000 0.00200000
v 0.00000000 -0.01350000 0.00200000
v -0.00186600 -0.02242200 0.00200000
v -0.00186600 -0.02242200 0.00200000
v -0.00311300 -0.01313600 0.00200000
v -0.00311300 -0.01313600 0.00200000
v -0.00311300 -0.01313600 0.00200000
v -0.00554500 -0.02180600 0.00200000
v -0.00554500 -0.02180600 0.00200000
v -0.00554500 -0.02180600 0.00200000
v -0.00605900 -0.01206400 0.00200000
v -0.00605900 -0.01206400 0.00200000
v -0.00605900 -0.01206400 0.00200000
v -0.00907300 -0.02059000 0.00200000
v -0.00907300 -0.02059000 0.00200000
v -0.00907300 -0.02059000 0.00200000
v -0.00867800 -0.01034200 0.00200000
v -0.00867800 -0.01034200 0.00200000
v -0.00867800 -0.01034200 0.00200000
v -0.01222100 -0.01889200 0.00200000
v -0.01222100 -0.01889200 0.00200000
v -0.01222100 -0.01889200 0.00200000
v -0.01082900 -0.00806200 0.00200000
v -0.01082900 -0.00806200 0.00200000
v -0.01082900 -0.00806200 0.00200000
v -0.01889200 -0.01222100 0.00200000
v -0.01889200 -0.01222100 0.00200000
v -0.01889200 -0.01222100 0.00200000
v -0.01239600 -0.00534700 0.00200000
v -0.01239600 -0.00534700 0.00200000
v -0.01239600 -0.00534700 0.00200000
v -0.02059000 -0.00907300 0.00200000
v -0.02059000 -0.00907300 0.00200000
v -0.02059000 -0.00907300 0.00200000
v -0.02180600 -0.00554500 0.00200000
v -0.02180600 -0.00554500 0.00200000
v 0.00186600 0.02242200 0.00200000
v 0.00186600 0.02242200 0.00200000
v 0.00554500 0.02180600 0.00200000
v 0.00554500 0.02180600 0.00200000
v 0.00554500 0.02180600 0.00200000
v 0.00461700 0.01268600 0.00200000
v 0.00461700 0.01268600 0.00200000
v 0.00461700 0.01268600 0.00200000
v 0.00907300 0.02059000 0.00200000
v 0.00907300 0.02059000 0.00200000
v 0.00907300 0.02059000 0.00200000
v 0.00741800 0.01127900 0.00200000
v 0.00741800 0.01127900 0.00200000
v 0.00741800 0.01127900 0.00200000
v 0.01222100 0.01889200 0.00200000
v 0.01222100 0.01889200 0.00200000
v 0.01222100 0.01889200 0.00200000
v 0.00982000 0.00926400 0.00200000
v 0.00982000 0.00926400 0.00200000
v 0.00982000 0.00926400 0.00200000
v 0.01889200 0.01222100 0.00200000
v 0.01889200 0.01222100 0.00200000
v 0.01889200 0.01222100 0.00200000
v 0.01169100 0.00675000 0.00200000
v 0.01169100 0.00675000 0.00200000
v 0.01169100 0.00675000 0.00200000
v 0.02059000 0.00907300 0.00200000
v 0.02059000 0.00907300 0.00200000
v 0.02059000 0.00907300 0.00200000
v 0.01293300 0.00387200 0.00200000
v 0.01293300 0.00387200 0.00200000
v 0.02180600 0.00554500 0.00200000
v 0.02180600 0.00554500 0.00200000
v 0.02180600 0.00554500 0.00200000
v 0.02242200 0.00186600 0.00200000
v 0.02242200 0.00186600 0.00200000
v -0.00982000 0.00926400 0.00200000
v -0.00982000 0.00926400 0.00200000
v -0.01169100 0.00675000 0.00200000
v -0.01169100 0.00675000 0.00200000
v -0.01169100 0.00675000 0.00200000
v -0.02059000 0.00907300 0.00200000
v -0.02059000 0.00907300 0.00200000
v -0.02180600 0.00554500 0.00200000
v -0.01889200 -0.01222100 0.00200000
v -0.01997200 -0.01114000 0.00236900
v -0.02059000 -0.00907300 0.00200000
v -0.02027800 -0.01078300 0.00246600
v -0.02052800 0.01037200 0.00250000
v -0.02027900 0.01078100 0.00246700
v -0.02059000 0.00907300 0.00200000
v -0.01997200 0.01114000 0.00236900
v -0.01889200 0.01222100 0.00200000
v -0.02052800 -0.01037200 0.00250000
v -0.02104700 -0.00927400 0.00250000
v -0.02180600 -0.00554500 0.00200000
v -0.02189000 -0.00705800 0.00250000
v -0.02229000 -0.00566900 0.00250000
v -0.02242200 -0.00186600 0.00200000
v -0.02272100 -0.00357200 0.00250000
v -0.02292100 -0.00190700 0.00250000
v -0.02242200 0.00186600 0.00200000
v -0.02300000 -0.00000000 0.00250000
v -0.02292100 0.00190700 0.00250000
v -0.02272100 0.00357200 0.00250000
v -0.02180600 0.00554500 0.00200000
v -0.02229000 0.00566900 0.00250000
v -0.02189000 0.00705800 0.00250000
v -0.02104700 0.00927400 0.00250000
v 0.01005400 0.00833100 0.00371800
v 0.01624600 0.01447800 0.00400000
v 0.01612700 0.01459600 0.00337500
v 0.01580400 0.01492000 0.00291700
v 0.00987900 0.00850600 0.00321300
v 0.00995800 0.00842700 0.00337500
v 0.01536200 0.01536200 0.00275000
v 0.00956500 0.00882000 0.00286700
v 0.00963400 0.00875000 0.00291700
v 0.01492000 0.01580400 0.00291700
v 0.00882000 0.00956500 0.00286700
v 0.01536200 0.01536200 0.00275000
v 0.00919200 0.00919200 0.00275000
v 0.00919200 0.00919200 0.00275000
v 0.01459600 0.01612700 0.00337500
v 0.00850600 0.00987900 0.00321300
v 0.00875000 0.00963400 0.00291700
v 0.01447800 0.01624600 0.00400000
v 0.00833100 0.01005400 0.00371800
v 0.00842700 0.00995800 0.00337500
v 0.01459600 0.01612700 0.00462500
v 0.00833100 0.01005400 0.00428100
v 0.00830800 0.01007600 0.00400000
v 0.01492000 0.01580400 0.00508200
v 0.00850600 0.00987900 0.00478700
v 0.00842700 0.00995800 0.00462500
v 0.01536200 0.01536200 0.00525000
v 0.00882000 0.00956500 0.00513300
v 0.00875000 0.00963400 0.00508200
v 0.01580400 0.01492000 0.00508200
v 0.00956500 0.00882000 0.00513300
v 0.01536200 0.01536200 0.00525000
v 0.00919200 0.00919200 0.00525000
v 0.00919200 0.00919200 0.00525000
v 0.01612700 0.01459600 0.00462500
v 0.00987900 0.00850600 0.00478700
v 0.00963400 0.00875000 0.00508200
v 0.01007600 0.00830800 0.00400000
v 0.01005400 0.00833100 0.00428100
v 0.00995800 0.00842700 0.00462500
v 0.00955300 0.00881700 0.00288200
v 0.00956500 0.00882000 0.00286700
v 0.00919200 0.00919200 0.00275000
v 0.00919200 0.00919200 0.00525000
v 0.00956500 0.00882000 0.00513300
v 0.00955300 0.00881700 0.00511800
v 0.00963400 0.00875000 0.00508200
v 0.00963400 0.00875000 0.00508200
v 0.00982500 0.00851300 0.00475200
v 0.00987900 0.00850600 0.00478700
v 0.00982500 0.00851300 0.00475200
v 0.00995800 0.00842700 0.00462500
v 0.00996100 0.00835300 0.00426300
v 0.01005400 0.00833100 0.00428100
v 0.00996100 0.00835300 0.00373700
v 0.01007600 0.00830800 0.00400000
v 0.01005400 0.00833100 0.00371800
v 0.00982500 0.00851300 0.00324700
v 0.00995800 0.00842700 0.00337500
v 0.00987900 0.00850600 0.00321300
v 0.00963400 0.00875000 0.00291700
v 0.01459600 -0.01612700 0.00337500
v 0.01492000 -0.01580400 0.00291700
v 0.00875000 -0.00963400 0.00291700
v 0.00833100 -0.01005400 0.00371800
v 0.01447800 -0.01624600 0.00400000
v 0.00842700 -0.00995800 0.00337500
v 0.00850600 -0.00987900 0.00321300
v 0.01580400 -0.01492000 0.00291700
v 0.00956500 -0.00882000 0.00286700
v 0.01536200 -0.01536200 0.00275000
v 0.00919200 -0.00919200 0.00275000
v 0.01536200 -0.01536200 0.00275000
v 0.00919200 -0.00919200 0.00275000
v 0.00882000 -0.00956500 0.00286700
v 0.01612700 -0.01459600 0.00337500
v 0.00987900 -0.00850600 0.00321300
v 0.00963400 -0.00875000 0.00291700
v 0.01624600 -0.01447800 0.00400000
v 0.01005400 -0.00833100 0.00371800
v 0.00995800 -0.00842700 0.00337500
v 0.01612700 -0.01459600 0.00462500
v 0.01005400 -0.00833100 0.00428100
v 0.01007600 -0.00830800 0.00400000
v 0.01580400 -0.01492000 0.00508200
v 0.00987900 -0.00850600 0.00478700
v 0.00995800 -0.00842700 0.00462500
v 0.01536200 -0.01536200 0.00525000
v 0.00956500 -0.00882000 0.00513300
v 0.00963400 -0.00875000 0.00508200
v 0.01492000 -0.01580400 0.00508200
v 0.00882000 -0.00956500 0.00513300
v 0.01536200 -0.01536200 0.00525000
v 0.00919200 -0.00919200 0.00525000
v 0.00919200 -0.00919200 0.00525000
v 0.01459600 -0.01612700 0.00462500
v 0.00850600 -0.00987900 0.00478700
v 0.00875000 -0.00963400 0.00508200
v 0.00830800 -0.01007600 0.00400000
v 0.00833100 -0.01005400 0.00428100
v 0.00842700 -0.00995800 0.00462500
v 0.00955300 -0.00881700 0.00511800
v 0.00956500 -0.00882000 0.00513300
v 0.00919200 -0.00919200 0.00525000
v 0.00919200 -0.00919200 0.00275000
v 0.00956500 -0.00882000 0.00286700
v 0.00955300 -0.00881700 0.00288200
v 0.00963400 -0.00875000 0.00291700
v 0.00963400 -0.00875000 0.00291700
v 0.00982500 -0.00851300 0.00324700
v 0.00987900 -0.00850600 0.00321300
v 0.00982500 -0.00851300 0.00324700
v 0.00995800 -0.00842700 0.00337500
v 0.00995800 -0.00842700 0.00337500
v 0.00996100 -0.00835300 0.00373700
v 0.01005400 -0.00833100 0.00371800
v 0.00996100 -0.00835300 0.00373700
v 0.01007600 -0.00830800 0.00400000
v 0.00996100 -0.00835300 0.00426300
v 0.01005400 -0.00833100 0.00428100
v 0.00982500 -0.00851300 0.00475200
v 0.00995800 -0.00842700 0.00462500
v 0.00987900 -0.00850600 0.00478700
v 0.00963400 -0.00875000 0.00508200
v -0.01005400 -0.00833100 0.00371800
v -0.01624600 -0.01447800 0.00400000
v -0.01612700 -0.01459600 0.00337500
v -0.01580400 -0.01492000 0.00291700
v -0.00987900 -0.00850600 0.00321300
v -0.00995800 -0.00842700 0.00337500
v -0.01536200 -0.01536200 0.00275000
v -0.00956500 -0.00882000 0.00286700
v -0.00963400 -0.00875000 0.00291700
v -0.01492000 -0.01580400 0.00291700
v -0.00882000 -0.00956500 0.00286700
v -0.01536200 -0.01536200 0.00275000
v -0.00919200 -0.00919200 0.00275000
v -0.00919200 -0.00919200 0.00275000
v -0.01459600 -0.01612700 0.00337500
v -0.00850600 -0.00987900 0.00321300
v -0.00875000 -0.00963400 0.00291700
v -0.01447800 -0.01624600 0.00400000
v -0.00833100 -0.01005400 0.00371800
v -0.00842700 -0.00995800 0.00337500
v -0.01459600 -0.01612700 0.00462500
v -0.00833100 -0.01005400 0.00428100
v -0.00830800 -0.01007600 0.00400000
v -0.01492000 -0.01580400 0.00508200
v -0.00850600 -0.00987900 0.00478700
v -0.00842700 -0.00995800 0.00462500
v -0.01536200 -0.01536200 0.00525000
v -0.00882000 -0.00956500 0.00513300
v -0.00875000 -0.00963400 0.00508200
v -0.01580400 -0.01492000 0.00508200
v -0.00956500 -0.00882000 0.00513300
v -0.01536200 -0.01536200 0.00525000
v -0.00919200 -0.00919200 0.00525000
v -0.00919200 -0.00919200 0.00525000
v -0.01612700 -0.01459600 0.00462500
v -0.00987900 -0.00850600 0.00478700
v -0.00963400 -0.00875000 0.00508200
v -0.01007600 -0.00830800 0.00400000
v -0.01005400 -0.00833100 0.00428100
v -0.00995800 -0.00842700 0.00462500
v -0.00955300 -0.00881700 0.00288200
v -0.00956500 -0.00882000 0.00286700
v -0.00919200 -0.00919200 0.00275000
v -0.00919200 -0.00919200 0.00525000
v -0.00956500 -0.00882000 0.00513300
v -0.00955300 -0.00881700 0.00511800
v -0.00963400 -0.00875000 0.00508200
v -0.00963400 -0.00875000 0.00508200
v -0.00982500 -0.00851300 0.00475200
v -0.00987900 -0.00850600 0.00478700
v -0.00982500 -0.00851300 0.00475200
v -0.00995800 -0.00842700 0.00462500
v -0.00996100 -0.00835300 0.00426300
v -0.01005400 -0.00833100 0.00428100
v -0.01007600 -0.00830800 0.00400000
v -0.00996100 -0.00835300 0.00373700
v -0.01005400 -0.00833100 0.00371800
v -0.00982500 -0.00851300 0.00324700
v -0.00995800 -0.00842700 0.00337500
v -0.00987900 -0.00850600 0.00321300
v -0.00963400 -0.00875000 0.00291700
v -0.00833100 0.01005400 0.00371800
v -0.01447800 0.01624600 0.00400000
v -0.01459600 0.01612700 0.00337500
v -0.01492000 0.01580400 0.00291700
v -0.00850600 0.00987900 0.00321300
v -0.00842700 0.00995800 0.00337500
v -0.01536200 0.01536200 0.00275000
v -0.00882000 0.00956500 0.00286700
v -0.00875000 0.00963400 0.00291700
v -0.01580400 0.01492000 0.00291700
v -0.00956500 0.00882000 0.00286700
v -0.01536200 0.01536200 0.00275000
v -0.00919200 0.00919200 0.00275000
v -0.00919200 0.00919200 0.00275000
v -0.01612700 0.01459600 0.00337500
v -0.00987900 0.00850600 0.00321300
v -0.00963400 0.00875000 0.00291700
v -0.01624600 0.01447800 0.00400000
v -0.01005400 0.00833100 0.00371800
v -0.00995800 0.00842700 0.00337500
v -0.01612700 0.01459600 0.00462500
v -0.01005400 0.00833100 0.00428100
v -0.01007600 0.00830800 0.00400000
v -0.01580400 0.01492000 0.00508200
v -0.00987900 0.00850600 0.00478700
v -0.00995800 0.00842700 0.00462500
v -0.01536200 0.01536200 0.00525000
v -0.00956500 0.00882000 0.00513300
v -0.00963400 0.00875000 0.00508200
v -0.01492000 0.01580400 0.00508200
v -0.00882000 0.00956500 0.00513300
v -0.01536200 0.01536200 0.00525000
v -0.00919200 0.00919200 0.00525000
v -0.00919200 0.00919200 0.00525000
v -0.01459600 0.01612700 0.00462500
v -0.00850600 0.00987900 0.00478700
v -0.00875000 0.00963400 0.00508200
v -0.00830800 0.01007600 0.00400000
v -0.00833100 0.01005400 0.00428100
v -0.00842700 0.00995800 0.00462500
v -0.00860600 0.00974300 0.00490200
v -0.00860600 0.00974300 0.00490200
v -0.00881700 0.00955300 0.00511800
v -0.00882000 0.00956500 0.00513300
v -0.00919200 0.00919200 0.00525000
v -0.00882000 0.00956500 0.00513300
v -0.00875000 0.00963400 0.00508200
v -0.00860600 0.00974300 0.00490200
v -0.00875000 0.00963400 0.00508200
v -0.00850600 0.00987900 0.00478700
v -0.00851300 0.00982500 0.00475200
v -0.00842700 0.00995800 0.00462500
v -0.00835300 0.00996100 0.00426300
v -0.00833100 0.01005400 0.00428100
v -0.00830800 0.01007600 0.00400000
v -0.00835300 0.00996100 0.00373700
v -0.00833100 0.01005400 0.00371800
v -0.00851300 0.00982500 0.00324700
v -0.00842700 0.00995800 0.00337500
v -0.00850600 0.00987900 0.00321300
v -0.00860600 0.00974300 0.00309800
v -0.00875000 0.00963400 0.00291700
v -0.00860600 0.00974300 0.00309800
v -0.00875000 0.00963400 0.00291700
v -0.00881700 0.00955300 0.00288200
v -0.00882000 0.00956500 0.00286700
v -0.00919200 0.00919200 0.00275000
v 0.00881700 0.00955300 0.00511800
v 0.00919200 0.00919200 0.00525000
v 0.00862100 0.00973100 0.00800000
v 0.00862100 0.00973100 0.00800000
v 0.00862100 0.00973100 0.00800000
v 0.00919200 0.00919200 0.00525000
v 0.01069900 0.00738500 0.00800000
v 0.00996100 0.00835300 0.00373700
v 0.00982500 0.00851300 0.00324700
v 0.01069900 0.00738500 0.00250000
v 0.00955300 0.00881700 0.00511800
v 0.00982500 0.00851300 0.00475200
v 0.00996100 0.00835300 0.00426300
v 0.00945600 0.00892100 0.00250000
v 0.00955300 0.00881700 0.00288200
v 0.00919200 0.00919200 0.00275000
v 0.00862100 0.00973100 0.00250000
v 0.00862100 0.00973100 0.00250000
v 0.00881700 0.00955300 0.00288200
v 0.00860600 0.00974300 0.00309800
v 0.00860600 0.00974300 0.00309800
v 0.00714400 0.01086100 0.00250000
v 0.00714400 0.01086100 0.00250000
v 0.00851300 0.00982500 0.00324700
v 0.00851300 0.00982500 0.00324700
v 0.00604100 0.01151100 0.00250000
v 0.00835300 0.00996100 0.00373700
v 0.00835300 0.00996100 0.00426300
v 0.00604100 0.01151100 0.00800000
v 0.00851300 0.00982500 0.00475200
v 0.00851300 0.00982500 0.00475200
v 0.00860600 0.00974300 0.00490200
v 0.00860600 -0.00974300 0.00309800
v 0.00881700 -0.00955300 0.00288200
v 0.00862100 -0.00973100 0.00250000
v 0.00862100 -0.00973100 0.00250000
v 0.00862100 -0.00973100 0.00250000
v 0.00919200 -0.00919200 0.00275000
v 0.00919200 -0.00919200 0.00275000
v 0.01042800 -0.00776300 0.00250000
v 0.00996100 -0.00835300 0.00373700
v 0.00996100 -0.00835300 0.00426300
v 0.00996100 -0.00835300 0.00426300
v 0.01069900 -0.00738500 0.00800000
v 0.00955300 -0.00881700 0.00288200
v 0.00982500 -0.00851300 0.00324700
v 0.01069900 -0.00738500 0.00250000
v 0.00919200 -0.00919200 0.00525000
v 0.00862100 -0.00973100 0.00800000
v 0.00862100 -0.00973100 0.00800000
v 0.00955300 -0.00881700 0.00511800
v 0.01069900 -0.00738500 0.00800000
v 0.00982500 -0.00851300 0.00475200
v 0.00881700 -0.00955300 0.00511800
v 0.00860600 -0.00974300 0.00490200
v 0.00860600 -0.00974300 0.00490200
v 0.00604100 -0.01151100 0.00800000
v 0.00604100 -0.01151100 0.00800000
v 0.00851300 -0.00982500 0.00475200
v 0.00835300 -0.00996100 0.00426300
v 0.00604100 -0.01151100 0.00250000
v 0.00835300 -0.00996100 0.00373700
v 0.00851300 -0.00982500 0.00324700
v 0.00851300 -0.00982500 0.00324700
v 0.00835600 -0.00995900 0.00250000
v -0.00881700 -0.00955300 0.00511800
v -0.00919200 -0.00919200 0.00525000
v -0.00862100 -0.00973100 0.00800000
v -0.00862100 -0.00973100 0.00800000
v -0.00862100 -0.00973100 0.00800000
v -0.00919200 -0.00919200 0.00525000
v -0.01069900 -0.00738500 0.00800000
v -0.00955300 -0.00881700 0.00511800
v -0.00982500 -0.00851300 0.00475200
v -0.00996100 -0.00835300 0.00426300
v -0.00982500 -0.00851300 0.00324700
v -0.01042800 -0.00776300 0.00250000
v -0.00996100 -0.00835300 0.00373700
v -0.01069900 -0.00738500 0.00250000
v -0.00955300 -0.00881700 0.00288200
v -0.00955300 -0.00881700 0.00288200
v -0.01042800 -0.00776300 0.00250000
v -0.00919200 -0.00919200 0.00275000
v -0.00862100 -0.00973100 0.00250000
v -0.00862100 -0.00973100 0.00250000
v -0.00881700 -0.00955300 0.00288200
v -0.00860600 -0.00974300 0.00309800
v -0.00860600 -0.00974300 0.00309800
v -0.00835600 -0.00995900 0.00250000
v -0.00835600 -0.00995900 0.00250000
v -0.00851300 -0.00982500 0.00324700
v -0.00851300 -0.00982500 0.00324700
v -0.00604100 -0.01151100 0.00250000
v -0.00835300 -0.00996100 0.00373700
v -0.00835300 -0.00996100 0.00426300
v -0.00604100 -0.01151100 0.00800000
v -0.00851300 -0.00982500 0.00475200
v -0.00851300 -0.00982500 0.00475200
v -0.00860600 -0.00974300 0.00490200
v -0.00945600 0.00892100 0.00250000
v -0.00945600 0.00892100 0.00250000
v -0.00862100 0.00973100 0.00250000
v -0.00881700 0.00955300 0.00288200
v -0.00919200 0.00919200 0.00275000
v -0.00955300 0.00881700 0.00288200
v -0.00955300 0.00881700 0.00288200
v -0.01069900 0.00738500 0.00250000
v -0.00982500 0.00851300 0.00324700
v -0.00996100 0.00835300 0.00373700
v -0.00996100 0.00835300 0.00426300
v -0.00996100 0.00835300 0.00426300
v -0.01069900 0.00738500 0.00800000
v -0.00919200 0.00919200 0.00525000
v -0.00862100 0.00973100 0.00800000
v -0.00955300 0.00881700 0.00511800
v -0.01069900 0.00738500 0.00800000
v -0.00982500 0.00851300 0.00475200
v -0.00881700 0.00955300 0.00511800
v -0.00860600 0.00974300 0.00490200
v -0.00604100 0.01151100 0.00800000
v -0.00851300 0.00982500 0.00475200
v -0.00835300 0.00996100 0.00426300
v -0.00604100 0.01151100 0.00250000
v -0.00835300 0.00996100 0.00373700
v -0.00714400 0.01086100 0.00250000
v -0.00851300 0.00982500 0.00324700
v -0.00860600 0.00974300 0.00309800
v -0.00311100 0.01262200 0.00250000
v -0.00150900 0.01291200 0.00250000
v -0.00311100 0.01262200 0.00800000
v -0.00000000 0.01300000 0.00800000
v -0.00444600 0.01221600 0.00250000
v -0.01125800 0.00650000 0.00250000
v -0.01215500 0.00461000 0.00800000
v -0.01215500 0.00461000 0.00250000
v -0.01245400 0.00372800 0.00250000
v -0.01290500 0.00156700 0.00800000
v -0.01290500 0.00156700 0.00250000
v -0.01297800 0.00075600 0.00250000
v -0.01290500 -0.00156700 0.00800000
v -0.01290500 -0.00156700 0.00250000
v -0.01280200 -0.00225700 0.00250000
v -0.01215500 -0.00461000 0.00800000
v -0.01215500 -0.00461000 0.00250000
v -0.01193700 -0.00514900 0.00250000
v -0.00583400 -0.01161700 0.00250000
v -0.00311100 -0.01262200 0.00800000
v -0.00311100 -0.01262200 0.00250000
v -0.00299800 -0.01264900 0.00250000
v 0.00000000 -0.01300000 0.00800000
v 0.00000000 -0.01300000 0.00250000
v 0.00299800 -0.01264900 0.00250000
v 0.00311100 -0.01262200 0.00800000
v 0.00311100 -0.01262200 0.00250000
v 0.00583400 -0.01161700 0.00250000
v 0.00835300 -0.00996100 0.00426300
v 0.01193700 -0.00514900 0.00250000
v 0.01215500 -0.00461000 0.00800000
v 0.01215500 -0.00461000 0.00250000
v 0.01280200 -0.00225700 0.00250000
v 0.01290500 -0.00156700 0.00800000
v 0.01290500 -0.00156700 0.00250000
v 0.01297800 0.00075600 0.00250000
v 0.01290500 0.00156700 0.00800000
v 0.01290500 0.00156700 0.00250000
v 0.01245400 0.00372800 0.00250000
v 0.01215500 0.00461000 0.00800000
v 0.01215500 0.00461000 0.00250000
v 0.01125800 0.00650000 0.00250000
v 0.00444600 0.01221600 0.00250000
v 0.00311100 0.01262200 0.00800000
v -0.00000000 0.01300000 0.00250000
v 0.00150900 0.01291200 0.00250000
v 0.00311100 0.01262200 0.00250000
v 0.00605900 -0.01206400 0.00200000
v 0.00311300 -0.01313600 0.00200000
v 0.00311100 -0.01262200 0.00250000
v 0.00583400 -0.01161700 0.00250000
v 0.00604100 -0.01151100 0.00250000
v 0.00867800 -0.01034200 0.00200000
v 0.00835600 -0.00995900 0.00250000
v 0.00862100 -0.00973100 0.00250000
v 0.01082900 -0.00806200 0.00200000
v 0.01042800 -0.00776300 0.00250000
v 0.01069900 -0.00738500 0.00250000
v 0.01239600 -0.00534700 0.00200000
v 0.01193700 -0.00514900 0.00250000
v 0.01215500 -0.00461000 0.00250000
v 0.01329500 -0.00234400 0.00200000
v 0.01280200 -0.00225700 0.00250000
v 0.01290500 -0.00156700 0.00250000
v 0.01347700 0.00078500 0.00200000
v 0.01297800 0.00075600 0.00250000
v 0.01290500 0.00156700 0.00250000
v 0.01293300 0.00387200 0.00200000
v 0.01245400 0.00372800 0.00250000
v 0.01215500 0.00461000 0.00250000
v 0.01169100 0.00675000 0.00200000
v 0.01125800 0.00650000 0.00250000
v 0.01069900 0.00738500 0.00250000
v 0.00982000 0.00926400 0.00200000
v 0.00945600 0.00892100 0.00250000
v 0.00862100 0.00973100 0.00250000
v 0.00741800 0.01127900 0.00200000
v 0.00714400 0.01086100 0.00250000
v 0.00604100 0.01151100 0.00250000
v 0.00461700 0.01268600 0.00200000
v 0.00444600 0.01221600 0.00250000
v 0.00311100 0.01262200 0.00250000
v 0.00156700 0.01340900 0.00200000
v 0.00150900 0.01291200 0.00250000
v -0.00156700 0.01340900 0.00200000
v -0.00000000 0.01300000 0.00250000
v -0.00150900 0.01291200 0.00250000
v -0.00461700 0.01268600 0.00200000
v -0.00311100 0.01262200 0.00250000
v -0.00444600 0.01221600 0.00250000
v -0.00741800 0.01127900 0.00200000
v -0.00604100 0.01151100 0.00250000
v -0.00714400 0.01086100 0.00250000
v -0.00982000 0.00926400 0.00200000
v -0.00862100 0.00973100 0.00250000
v -0.00945600 0.00892100 0.00250000
v -0.01169100 0.00675000 0.00200000
v -0.01069900 0.00738500 0.00250000
v -0.01125800 0.00650000 0.00250000
v -0.01125800 0.00650000 0.00250000
v -0.01293300 0.00387200 0.00200000
v -0.01215500 0.00461000 0.00250000
v -0.01293300 0.00387200 0.00200000
v -0.01245400 0.00372800 0.00250000
v -0.01245400 0.00372800 0.00250000
v -0.01347700 0.00078500 0.00200000
v -0.01290500 0.00156700 0.00250000
v -0.01347700 0.00078500 0.00200000
v -0.01297800 0.00075600 0.00250000
v -0.01329500 -0.00234400 0.00200000
v -0.01290500 -0.00156700 0.00250000
v -0.01280200 -0.00225700 0.00250000
v -0.01239600 -0.00534700 0.00200000
v -0.01215500 -0.00461000 0.00250000
v -0.01193700 -0.00514900 0.00250000
v -0.01082900 -0.00806200 0.00200000
v -0.01069900 -0.00738500 0.00250000
v -0.01042800 -0.00776300 0.00250000
v -0.00867800 -0.01034200 0.00200000
v -0.00862100 -0.00973100 0.00250000
v -0.00835600 -0.00995900 0.00250000
v -0.00605900 -0.01206400 0.00200000
v -0.00604100 -0.01151100 0.00250000
v -0.00583400 -0.01161700 0.00250000
v -0.00311300 -0.01313600 0.00200000
v -0.00311100 -0.01262200 0.00250000
v -0.00299800 -0.01264900 0.00250000
v 0.00000000 -0.01350000 0.00200000
v 0.00000000 -0.01300000 0.00250000
v 0.00299800 -0.01264900 0.00250000
v 0.02066000 -0.01606400 0.01450000
v 0.02066000 -0.01606400 0.01450000
v 0.02066000 -0.01606400 0.01450000
v 0.01958200 -0.01570000 0.01450000
v 0.01958200 -0.01570000 0.01450000
v 0.01803100 -0.01583100 0.01450000
v 0.01803100 -0.01583100 0.01450000
v 0.01803100 -0.01583100 0.01450000
v 0.01803100 -0.01583100 0.01450000
v 0.01839300 -0.01525500 0.01450000
v 0.01839300 -0.01525500 0.01450000
v 0.01839300 -0.01525500 0.01450000
v 0.01693100 -0.01612600 0.01450000
v 0.01693100 -0.01612600 0.01450000
v 0.01693100 -0.01612600 0.01450000
v 0.01693100 -0.01612600 0.01450000
v 0.00824100 -0.02703100 0.01450000
v 0.00824100 -0.02703100 0.01450000
v 0.00824100 -0.02703100 0.01450000
v 0.00828300 -0.02704900 0.01450000
v 0.00832900 -0.02704600 0.01450000
v 0.00832900 -0.02704600 0.01450000
v 0.01981700 0.02020300 0.01450000
v 0.01981700 0.02020300 0.01450000
v 0.01981700 0.02020300 0.01450000
v 0.01636900 0.02308600 0.01450000
v 0.01636900 0.02308600 0.01450000
v 0.01636900 0.02308600 0.01450000
v 0.01803100 0.02023100 0.01450000
v 0.01803100 0.02023100 0.01450000
v 0.01803100 0.02023100 0.01450000
v 0.01803100 0.02023100 0.01450000
v 0.01584000 0.02177600 0.01450000
v 0.01584000 0.02177600 0.01450000
v 0.01584000 0.02177600 0.01450000
v 0.01693100 0.01993600 0.01450000
v 0.01693100 0.01993600 0.01450000
v 0.01693100 0.01993600 0.01450000
v 0.01606400 0.02066000 0.01450000
v 0.01606400 0.02066000 0.01450000
v 0.01606400 0.02066000 0.01450000
v 0.01612600 0.01913100 0.01450000
v 0.01612600 0.01913100 0.01450000
v 0.01612600 0.01913100 0.01450000
v 0.01570000 0.01958200 0.01450000
v 0.01570000 0.01958200 0.01450000
v 0.01570000 0.01958200 0.01450000
v 0.01583100 0.01803100 0.01450000
v 0.01583100 0.01803100 0.01450000
v 0.01583100 0.01803100 0.01450000
v 0.01525500 0.01839300 0.01450000
v 0.01525500 0.01839300 0.01450000
v 0.01525500 0.01839300 0.01450000
v 0.01612600 0.01693100 0.01450000
v 0.01612600 0.01693100 0.01450000
v 0.01712900 -0.01538000 0.01450000
v 0.01712900 -0.01538000 0.01450000
v 0.01605100 -0.01605100 0.01450000
v 0.01605100 -0.01605100 0.01450000
v 0.01612600 -0.01693100 0.01450000
v 0.01612600 -0.01693100 0.01450000
v 0.01538000 -0.01712900 0.01450000
v 0.01538000 -0.01712900 0.01450000
v 0.01583100 -0.01803100 0.01450000
v 0.01583100 -0.01803100 0.01450000
v 0.01525500 -0.01839300 0.01450000
v 0.01525500 -0.01839300 0.01450000
v 0.01612600 -0.01913100 0.01450000
v 0.01570000 -0.01958200 0.01450000
v 0.01570000 -0.01958200 0.01450000
v 0.01693100 -0.01993600 0.01450000
v 0.01693100 -0.01993600 0.01450000
v 0.01693100 -0.01993600 0.01450000
v 0.01693100 -0.01993600 0.01450000
v 0.00820900 0.02596700 0.01450000
v 0.00823300 0.02593300 0.01450000
v 0.00823300 0.02593300 0.01450000
v 0.00820000 0.02600800 0.01450000
v 0.00820000 0.02600800 0.01450000
v 0.00827000 0.02591200 0.01450000
v 0.00827000 0.02591200 0.01450000
v 0.00827000 0.02591200 0.01450000
v 0.00827000 0.02591200 0.01450000
v 0.00820000 0.02695100 0.01450000
v 0.00820000 0.02695100 0.01450000
v 0.00820000 0.02695100 0.01450000
v 0.01538000 0.01712900 0.01450000
v 0.01538000 0.01712900 0.01450000
v 0.01605100 0.01605100 0.01450000
v 0.01693100 0.01612600 0.01450000
v 0.01693100 0.01612600 0.01450000
v 0.01712900 0.01538000 0.01450000
v 0.01712900 0.01538000 0.01450000
v 0.01803100 0.01583100 0.01450000
v 0.01803100 0.01583100 0.01450000
v 0.01839300 0.01525500 0.01450000
v 0.01913100 0.01612600 0.01450000
v 0.01913100 0.01612600 0.01450000
v 0.01958200 0.01570000 0.01450000
v 0.01958200 0.01570000 0.01450000
v 0.01993600 0.01693100 0.01450000
v 0.01993600 0.01693100 0.01450000
v 0.01993600 0.01693100 0.01450000
v 0.01993600 0.01693100 0.01450000
v 0.01606400 -0.02066000 0.01450000
v 0.01606400 -0.02066000 0.01450000
v 0.01584000 -0.02177600 0.01450000
v 0.01584000 -0.02177600 0.01450000
v 0.01584000 -0.02177600 0.01450000
v 0.01636900 -0.02308600 0.01450000
v 0.01636900 -0.02308600 0.01450000
v 0.01508900 -0.02263100 0.01450000
v 0.01250700 -0.02538600 0.01450000
v 0.01250700 -0.02538600 0.01450000
v 0.01179400 -0.02451000 0.01450000
v 0.01179400 -0.02451000 0.01450000
v 0.01179400 -0.02451000 0.01450000
v 0.00832900 -0.02704600 0.01450000
v 0.00832900 -0.02704600 0.01450000
v 0.00832900 -0.02704600 0.01450000
v 0.00832900 -0.02704600 0.01450000
v 0.00827000 -0.02591200 0.01450000
v 0.00827000 -0.02591200 0.01450000
v 0.00827000 -0.02591200 0.01450000
v 0.00824100 0.02703100 0.01450000
v 0.00821100 0.02699600 0.01450000
v 0.00821100 0.02699600 0.01450000
v 0.00828300 0.02704900 0.01450000
v 0.00828300 0.02704900 0.01450000
v 0.00832900 0.02704600 0.01450000
v 0.00832900 0.02704600 0.01450000
v 0.01250700 0.02538600 0.01450000
v 0.01250700 0.02538600 0.01450000
v 0.01179400 0.02451000 0.01450000
v 0.01179400 0.02451000 0.01450000
v 0.01508900 0.02263100 0.01450000
v 0.02276600 -0.01681000 0.01450000
v 0.02276600 -0.01681000 0.01450000
v 0.02276600 -0.01681000 0.01450000
v 0.02263100 -0.01508900 0.01450000
v 0.02177600 -0.01584000 0.01450000
v 0.02177600 -0.01584000 0.01450000
v 0.00821100 -0.02699600 0.01450000
v 0.00820000 -0.02695100 0.01450000
v 0.00820000 -0.02695100 0.01450000
v 0.00820000 -0.02600800 0.01450000
v 0.00820000 -0.02600800 0.01450000
v 0.00820900 -0.02596700 0.01450000
v 0.00823300 -0.02593300 0.01450000
v 0.01913100 0.01993600 0.01450000
v 0.01913100 0.01993600 0.01450000
v 0.01993600 0.01913100 0.01450000
v 0.01993600 0.01913100 0.01450000
v 0.02276600 0.01681000 0.01450000
v 0.02276600 0.01681000 0.01450000
v 0.02276600 0.01681000 0.01450000
v 0.02276600 0.01681000 0.01450000
v 0.02023100 0.01803100 0.01450000
v 0.02023100 0.01803100 0.01450000
v 0.01913100 -0.01612600 0.01450000
v 0.01913100 -0.01612600 0.01450000
v 0.01993600 -0.01693100 0.01450000
v 0.01993600 -0.01693100 0.01450000
v 0.02023100 -0.01803100 0.01450000
v 0.02023100 -0.01803100 0.01450000
v 0.02023100 -0.01803100 0.01450000
v 0.01993600 -0.01913100 0.01450000
v 0.01993600 -0.01913100 0.01450000
v 0.01993600 -0.01913100 0.01450000
v 0.01981700 -0.02020300 0.01450000
v 0.01981700 -0.02020300 0.01450000
v 0.01913100 -0.01993600 0.01450000
v 0.01803100 -0.02023100 0.01450000
v 0.02483600 -0.01109200 0.01450000
v 0.02483600 -0.01109200 0.01450000
v 0.02514100 -0.01299300 0.01450000
v 0.02514100 -0.01299300 0.01450000
v 0.02634100 -0.00678200 0.01450000
v 0.02634100 -0.00678200 0.01450000
v 0.02634100 -0.00678200 0.01450000
v 0.02688100 -0.00884900 0.01450000
v 0.02688100 -0.00884900 0.01450000
v 0.02688100 -0.00884900 0.01450000
v 0.02710400 -0.00228200 0.01450000
v 0.02710400 -0.00228200 0.01450000
v 0.02710400 -0.00228200 0.01450000
v 0.02066000 0.01606400 0.01450000
v 0.02177600 0.01584000 0.01450000
v 0.02177600 0.01584000 0.01450000
v 0.02263100 0.01508900 0.01450000
v 0.02263100 0.01508900 0.01450000
v 0.02514100 0.01299300 0.01450000
v 0.02514100 0.01299300 0.01450000
v 0.02514100 0.01299300 0.01450000
v 0.02483600 0.01109200 0.01450000
v 0.02483600 0.01109200 0.01450000
v 0.02483600 0.01109200 0.01450000
v 0.02688100 0.00884900 0.01450000
v 0.02688100 0.00884900 0.01450000
v 0.02634100 0.00678200 0.01450000
v 0.02794300 0.00448100 0.01450000
v 0.02710400 0.00228200 0.01450000
v 0.02830000 0.00000000 0.01450000
v 0.02794300 -0.00448100 0.01450000
v 0.02794300 -0.00448100 0.01450000
v 0.00469100 0.02811100 0.00900000
v 0.00838800 0.02723800 0.00900000
v 0.00925400 0.02695600 0.00850000
v 0.00925400 0.02695600 0.00850000
v -0.00469100 0.02811100 0.00850000
v -0.00469100 0.02811100 0.00850000
v -0.00000000 0.02850000 0.00900000
v -0.00000000 0.02850000 0.00850000
v -0.00000000 0.02850000 0.00850000
v 0.00469100 0.02811100 0.00900000
v 0.00469100 0.02811100 0.00850000
v -0.00925400 0.02695600 0.01430000
v -0.00838800 0.02723800 0.01430000
v -0.00838800 0.02723800 0.01430000
v -0.00925400 0.02695600 0.00850000
v -0.00925400 0.02695600 0.00850000
v -0.00838800 0.02723800 0.00900000
v -0.00469100 0.02811100 0.00900000
v -0.00000000 0.02850000 0.00900000
v -0.00469100 -0.02811100 0.00900000
v -0.00838800 -0.02723800 0.00900000
v -0.00925400 -0.02695600 0.00850000
v 0.00469100 -0.02811100 0.00850000
v 0.00000000 -0.02850000 0.00900000
v 0.00000000 -0.02850000 0.00850000
v -0.00469100 -0.02811100 0.00850000
v 0.00925400 -0.02695600 0.01430000
v 0.00838800 -0.02723800 0.01430000
v 0.00838800 -0.02723800 0.01430000
v 0.00925400 -0.02695600 0.00850000
v 0.00925400 -0.02695600 0.00850000
v 0.00838800 -0.02723800 0.00900000
v 0.00469100 -0.02811100 0.00900000
v 0.01259500 -0.02556600 0.01430000
v 0.01356400 -0.02506500 0.00850000
v 0.01356400 -0.02506500 0.01430000
v 0.01648400 -0.02324900 0.01430000
v 0.01750500 -0.02249000 0.00850000
v 0.01750500 -0.02249000 0.01430000
v 0.01995700 -0.02034600 0.01430000
v 0.02096800 -0.01930200 0.00850000
v 0.02096800 -0.01930200 0.01430000
v 0.02292700 -0.01692900 0.01430000
v 0.02385900 -0.01558800 0.00850000
v 0.02385900 -0.01558800 0.01430000
v 0.02531900 -0.01308500 0.01430000
v 0.02610000 -0.01144800 0.00850000
v 0.02610000 -0.01144800 0.01430000
v 0.02707100 -0.00891100 0.01430000
v 0.02762800 -0.00699600 0.00850000
v 0.02762800 -0.00699600 0.01430000
v 0.02814000 -0.00451300 0.01430000
v 0.02840300 -0.00235300 0.00850000
v 0.02840300 -0.00235300 0.01430000
v 0.02850000 0.00000000 0.01430000
v 0.02840300 0.00235300 0.00850000
v 0.02840300 0.00235300 0.01430000
v 0.02814000 0.00451300 0.01430000
v 0.02762800 0.00699600 0.00850000
v 0.02762800 0.00699600 0.01430000
v 0.02707100 0.00891100 0.01430000
v 0.02609900 0.01144800 0.00850000
v 0.02609900 0.01144800 0.01430000
v 0.02531800 0.01308500 0.01430000
v 0.02385900 0.01558800 0.00850000
v 0.02385900 0.01558800 0.01430000
v 0.02292700 0.01692900 0.01430000
v 0.02096800 0.01930200 0.00850000
v 0.02096800 0.01930200 0.01430000
v 0.01995700 0.02034600 0.01430000
v 0.01750500 0.02249100 0.00850000
v 0.01750500 0.02249100 0.01430000
v 0.01648400 0.02324900 0.01430000
v 0.01356400 0.02506500 0.00850000
v 0.01356400 0.02506500 0.01430000
v 0.01259500 0.02556600 0.01430000
v 0.00925400 0.02695600 0.01430000
v 0.00838800 0.02723800 0.00900000
v 0.00838800 0.02723800 0.01430000
v -0.01259500 0.02556600 0.01430000
v -0.01356400 0.02506500 0.00850000
v -0.01356400 0.02506500 0.01430000
v -0.01648400 0.02324900 0.01430000
v -0.01750500 0.02249000 0.00850000
v -0.01750500 0.02249000 0.01430000
v -0.01995700 0.02034600 0.01430000
v -0.02096800 0.01930200 0.00850000
v -0.02096800 0.01930200 0.01430000
v -0.02292700 0.01692900 0.01430000
v -0.02385900 0.01558800 0.00850000
v -0.02385900 0.01558800 0.01430000
v -0.02531900 0.01308500 0.01430000
v -0.02610000 0.01144800 0.00850000
v -0.02610000 0.01144800 0.01430000
v -0.02707100 0.00891100 0.01430000
v -0.02762800 0.00699600 0.00850000
v -0.02762800 0.00699600 0.01430000
v -0.02814000 0.00451300 0.01430000
v -0.02840300 0.00235300 0.00850000
v -0.02840300 0.00235300 0.01430000
v -0.02850000 -0.00000000 0.01430000
v -0.02840300 -0.00235300 0.00850000
v -0.02840300 -0.00235300 0.01430000
v -0.02814000 -0.00451300 0.01430000
v -0.02762800 -0.00699600 0.00850000
v -0.02762800 -0.00699600 0.01430000
v -0.02707100 -0.00891100 0.01430000
v -0.02609900 -0.01144800 0.00850000
v -0.02609900 -0.01144800 0.01430000
v -0.02531800 -0.01308500 0.01430000
v -0.02385900 -0.01558800 0.00850000
v -0.02385900 -0.01558800 0.01430000
v -0.02292700 -0.01692900 0.01430000
v -0.02096800 -0.01930200 0.00850000
v -0.02096800 -0.01930200 0.01430000
v -0.01995800 -0.02034600 0.01430000
v -0.01750500 -0.02249100 0.00850000
v -0.01750500 -0.02249100 0.01430000
v -0.01648400 -0.02324900 0.01430000
v -0.01356400 -0.02506500 0.00850000
v -0.01356400 -0.02506500 0.01430000
v -0.01259500 -0.02556600 0.01430000
v -0.00925400 -0.02695600 0.01430000
v -0.00838800 -0.02723800 0.01430000
v -0.00000000 0.01300000 0.00800000
v 0.00311100 0.01262200 0.00800000
v 0.00000000 0.00000000 0.00800000
v 0.00000000 0.00000000 0.00800000
v 0.00000000 0.00000000 0.00800000
v 0.00000000 0.00000000 0.00800000
v 0.00000000 0.00000000 0.00800000
v 0.00000000 0.00000000 0.00800000
v 0.00000000 0.00000000 0.00800000
v 0.00000000 0.00000000 0.00800000
v -0.00311100 0.01262200 0.00800000
v -0.01069900 0.00738500 0.00800000
v -0.01069900 0.00738500 0.00800000
v -0.00862100 0.00973100 0.00800000
v -0.00862100 0.00973100 0.00800000
v -0.00604100 0.01151100 0.00800000
v -0.00604100 0.01151100 0.00800000
v -0.01290500 -0.00156700 0.00800000
v -0.01290500 -0.00156700 0.00800000
v -0.01290500 0.00156700 0.00800000
v -0.01290500 0.00156700 0.00800000
v -0.01215500 0.00461000 0.00800000
v -0.01215500 0.00461000 0.00800000
v -0.00862100 -0.00973100 0.00800000
v -0.00862100 -0.00973100 0.00800000
v -0.01069900 -0.00738500 0.00800000
v -0.01069900 -0.00738500 0.00800000
v -0.01215500 -0.00461000 0.00800000
v -0.01215500 -0.00461000 0.00800000
v 0.00000000 -0.01300000 0.00800000
v -0.00311100 -0.01262200 0.00800000
v -0.00604100 -0.01151100 0.00800000
v -0.00604100 -0.01151100 0.00800000
v 0.00862100 -0.00973100 0.00800000
v 0.00862100 -0.00973100 0.00800000
v 0.00604100 -0.01151100 0.00800000
v 0.00604100 -0.01151100 0.00800000
v 0.00311100 -0.01262200 0.00800000
v 0.01290500 -0.00156700 0.00800000
v 0.01215500 -0.00461000 0.00800000
v 0.01215500 -0.00461000 0.00800000
v 0.01069900 -0.00738500 0.00800000
v 0.01069900 -0.00738500 0.00800000
v 0.01069900 0.00738500 0.00800000
v 0.01069900 0.00738500 0.00800000
v 0.01215500 0.00461000 0.00800000
v 0.01215500 0.00461000 0.00800000
v 0.01290500 0.00156700 0.00800000
v 0.01290500 0.00156700 0.00800000
v 0.00604100 0.01151100 0.00800000
v 0.00604100 0.01151100 0.00800000
v 0.00862100 0.00973100 0.00800000
v 0.00862100 0.00973100 0.00800000
v 0.02465300 -0.01101000 0.00900000
v 0.02465300 -0.01101000 0.00900000
v 0.02614700 -0.00673300 0.00900000
v 0.02614700 -0.00673300 0.00900000
v 0.01969300 -0.01553300 0.00900000
v 0.01969300 -0.01553300 0.00900000
v 0.01969300 -0.01553300 0.00900000
v 0.01969300 -0.01553300 0.00900000
v 0.02690500 -0.00226500 0.00900000
v 0.02690500 -0.00226500 0.00900000
v 0.02690500 -0.00226500 0.00900000
v 0.02690500 -0.00226500 0.00900000
v 0.01912800 -0.01523900 0.00900000
v 0.01912800 -0.01523900 0.00900000
v 0.01969300 0.01553300 0.00900000
v 0.01969300 0.01553300 0.00900000
v 0.01969300 0.01553300 0.00900000
v 0.01969300 0.01553300 0.00900000
v 0.02690500 0.00226500 0.00900000
v 0.02614700 0.00673300 0.00900000
v 0.02614700 0.00673300 0.00900000
v 0.00565700 0.00212100 0.00900000
v 0.00565700 -0.00212100 0.00900000
v 0.00565700 -0.00212100 0.00900000
v 0.01810300 0.01456800 0.00900000
v 0.01912800 0.01523900 0.00900000
v 0.02168800 0.01566100 0.00900000
v 0.02067300 0.01586400 0.00900000
v 0.02246500 0.01497800 0.00900000
v 0.02246500 0.01497800 0.00900000
v 0.02465300 0.01101000 0.00900000
v 0.02465300 0.01101000 0.00900000
v 0.00500600 0.00114800 0.00900000
v 0.00477800 0.00000000 0.00900000
v 0.00500600 -0.00114800 0.00900000
v 0.02690500 0.00226500 0.00900000
v 0.02690500 -0.00226500 0.00900000
v 0.01810300 -0.01456800 0.00900000
v 0.01810300 -0.01456800 0.00900000
v 0.02067300 -0.01586400 0.00900000
v 0.02168800 -0.01566100 0.00900000
v 0.02246500 -0.01497800 0.00900000
v 0.02246500 -0.01497800 0.00900000
v -0.01523900 0.01912800 0.00900000
v -0.01553300 0.01969300 0.00900000
v -0.01553300 0.01969300 0.00900000
v -0.01523900 0.01912800 0.01000000
v -0.01523900 0.01912800 0.01000000
v -0.01553300 0.01969300 0.01430000
v -0.01505600 0.01841900 0.01000000
v -0.01505600 0.01841900 0.01430000
v -0.01505600 0.01841900 0.01000000
v -0.01505600 0.01841900 0.01000000
v -0.01505600 0.01841900 0.01430000
v -0.01519100 0.01706500 0.01430000
v -0.01519100 0.01706500 0.01430000
v -0.01519100 0.01706500 0.01000000
v -0.01519100 0.01706500 0.01000000
v -0.01519100 0.01706500 0.01000000
v -0.01519100 0.01706500 0.01430000
v -0.01591000 0.01591000 0.01430000
v -0.01591000 0.01591000 0.01430000
v -0.01591000 0.01591000 0.01000000
v -0.01591000 0.01591000 0.01000000
v -0.01591000 0.01591000 0.01000000
v -0.01591000 0.01591000 0.01430000
v -0.01706500 0.01519100 0.01430000
v -0.01706500 0.01519100 0.01430000
v -0.01706500 0.01519100 0.01000000
v -0.01706500 0.01519100 0.01000000
v -0.01706500 0.01519100 0.01430000
v -0.01841900 0.01505600 0.01430000
v -0.01841900 0.01505600 0.01000000
v -0.01969300 0.01553300 0.00900000
v -0.01912800 0.01523900 0.00900000
v -0.01912800 0.01523900 0.01000000
v -0.01969300 0.01553300 0.01430000
v 0.01912800 0.01523900 0.00900000
v 0.01969300 0.01553300 0.00900000
v 0.01969300 0.01553300 0.00900000
v 0.01912800 0.01523900 0.01000000
v 0.01912800 0.01523900 0.01000000
v 0.01969300 0.01553300 0.01430000
v 0.01841900 0.01505600 0.01000000
v 0.01841900 0.01505600 0.01430000
v 0.01841900 0.01505600 0.01000000
v 0.01841900 0.01505600 0.01000000
v 0.01841900 0.01505600 0.01430000
v 0.01706500 0.01519100 0.01430000
v 0.01706500 0.01519100 0.01430000
v 0.01706500 0.01519100 0.01000000
v 0.01706500 0.01519100 0.01000000
v 0.01706500 0.01519100 0.01000000
v 0.01706500 0.01519100 0.01430000
v 0.01591000 0.01591000 0.01430000
v 0.01591000 0.01591000 0.01430000
v 0.01591000 0.01591000 0.01000000
v 0.01591000 0.01591000 0.01000000
v 0.01591000 0.01591000 0.01000000
v 0.01591000 0.01591000 0.01430000
v 0.01519100 0.01706500 0.01430000
v 0.01519100 0.01706500 0.01430000
v 0.01519100 0.01706500 0.01000000
v 0.01519100 0.01706500 0.01000000
v 0.01519100 0.01706500 0.01430000
v 0.01505600 0.01841900 0.01430000
v 0.01505600 0.01841900 0.01000000
v 0.01553300 0.01969300 0.00900000
v 0.01553300 0.01969300 0.00900000
v 0.01523900 0.01912800 0.00900000
v 0.01523900 0.01912800 0.01000000
v 0.01523900 0.01912800 0.01000000
v 0.01553300 0.01969300 0.01430000
v -0.01912800 -0.01523900 0.00900000
v -0.01969300 -0.01553300 0.00900000
v -0.01912800 -0.01523900 0.01000000
v -0.01912800 -0.01523900 0.01000000
v -0.01969300 -0.01553300 0.01430000
v -0.01969300 -0.01553300 0.01430000
v -0.01841900 -0.01505600 0.01000000
v -0.01841900 -0.01505600 0.01430000
v -0.01841900 -0.01505600 0.01000000
v -0.01841900 -0.01505600 0.01000000
v -0.01841900 -0.01505600 0.01430000
v -0.01706500 -0.01519100 0.01430000
v -0.01706500 -0.01519100 0.01430000
v -0.01706500 -0.01519100 0.01000000
v -0.01706500 -0.01519100 0.01000000
v -0.01706500 -0.01519100 0.01000000
v -0.01706500 -0.01519100 0.01430000
v -0.01591000 -0.01591000 0.01430000
v -0.01591000 -0.01591000 0.01430000
v -0.01591000 -0.01591000 0.01000000
v -0.01591000 -0.01591000 0.01000000
v -0.01591000 -0.01591000 0.01000000
v -0.01591000 -0.01591000 0.01430000
v -0.01519100 -0.01706500 0.01430000
v -0.01519100 -0.01706500 0.01430000
v -0.01519100 -0.01706500 0.01000000
v -0.01519100 -0.01706500 0.01000000
v -0.01519100 -0.01706500 0.01430000
v -0.01505600 -0.01841900 0.01430000
v -0.01505600 -0.01841900 0.01000000
v -0.01553300 -0.01969300 0.00900000
v -0.01523900 -0.01912800 0.00900000
v -0.01523900 -0.01912800 0.01000000
v -0.01553300 -0.01969300 0.01430000
v 0.01566100 -0.02168800 0.00900000
v 0.01566100 -0.02168800 0.01430000
v 0.01566100 -0.02168800 0.00900000
v 0.01566100 -0.02168800 0.01430000
v 0.01566100 -0.02168800 0.01430000
v 0.01586400 -0.02067300 0.00900000
v 0.01586400 -0.02067300 0.00900000
v 0.01586400 -0.02067300 0.01430000
v 0.01586400 -0.02067300 0.00900000
v 0.01586400 -0.02067300 0.01430000
v 0.01586400 -0.02067300 0.01430000
v 0.01553300 -0.01969300 0.00900000
v 0.01553300 -0.01969300 0.00900000
v 0.02168800 -0.01566100 0.01430000
v 0.02168800 -0.01566100 0.00900000
v 0.02168800 -0.01566100 0.01430000
v 0.02168800 -0.01566100 0.00900000
v 0.02168800 -0.01566100 0.00900000
v 0.02067300 -0.01586400 0.01430000
v 0.02067300 -0.01586400 0.01430000
v 0.02067300 -0.01586400 0.00900000
v 0.02067300 -0.01586400 0.01430000
v 0.02067300 -0.01586400 0.00900000
v 0.02168800 0.01566100 0.00900000
v 0.02168800 0.01566100 0.01430000
v 0.02168800 0.01566100 0.00900000
v 0.02168800 0.01566100 0.01430000
v 0.02168800 0.01566100 0.01430000
v 0.02067300 0.01586400 0.00900000
v 0.02067300 0.01586400 0.00900000
v 0.02067300 0.01586400 0.01430000
v 0.02067300 0.01586400 0.00900000
v 0.02067300 0.01586400 0.01430000
v 0.01566100 0.02168800 0.01430000
v 0.01566100 0.02168800 0.00900000
v 0.01566100 0.02168800 0.01430000
v 0.01566100 0.02168800 0.00900000
v 0.01566100 0.02168800 0.00900000
v 0.01586400 0.02067300 0.01430000
v 0.01586400 0.02067300 0.01430000
v 0.01586400 0.02067300 0.00900000
v 0.01586400 0.02067300 0.01430000
v 0.01586400 0.02067300 0.00900000
v -0.02168800 0.01566100 0.01430000
v -0.02168800 0.01566100 0.00900000
v -0.02168800 0.01566100 0.01430000
v -0.02168800 0.01566100 0.00900000
v -0.02168800 0.01566100 0.00900000
v -0.02067300 0.01586400 0.01430000
v -0.02067300 0.01586400 0.01430000
v -0.02067300 0.01586400 0.00900000
v -0.02067300 0.01586400 0.01430000
v -0.02067300 0.01586400 0.00900000
v -0.02168800 -0.01566100 0.00900000
v -0.02168800 -0.01566100 0.01430000
v -0.02168800 -0.01566100 0.00900000
v -0.02168800 -0.01566100 0.01430000
v -0.02168800 -0.01566100 0.01430000
v -0.02067300 -0.01586400 0.00900000
v -0.02067300 -0.01586400 0.00900000
v -0.02067300 -0.01586400 0.01430000
v -0.02067300 -0.01586400 0.00900000
v -0.02067300 -0.01586400 0.01430000
v -0.01566100 -0.02168800 0.01430000
v -0.01566100 -0.02168800 0.00900000
v -0.01566100 -0.02168800 0.01430000
v -0.01566100 -0.02168800 0.00900000
v -0.01566100 -0.02168800 0.00900000
v -0.01586400 -0.02067300 0.01430000
v -0.01586400 -0.02067300 0.01430000
v -0.01586400 -0.02067300 0.00900000
v -0.01586400 -0.02067300 0.01430000
v -0.01586400 -0.02067300 0.00900000
v -0.01566100 0.02168800 0.00900000
v -0.01566100 0.02168800 0.01430000
v -0.01566100 0.02168800 0.00900000
v -0.01566100 0.02168800 0.01430000
v -0.01566100 0.02168800 0.01430000
v -0.01586400 0.02067300 0.00900000
v -0.01586400 0.02067300 0.00900000
v -0.01586400 0.02067300 0.01430000
v -0.01586400 0.02067300 0.00900000
v -0.01586400 0.02067300 0.01430000
v -0.01928700 0.01875600 0.00930000
v -0.02034000 0.01936400 0.00808400
v -0.01988900 0.01988600 0.00812500
v -0.01875600 0.01928700 0.00930000
v -0.02060700 0.01896900 0.00800900
v -0.01948100 0.01803100 0.00930000
v -0.02062900 0.01893200 0.00800000
v -0.01936400 0.02034000 0.00808400
v -0.01893200 0.02062900 0.00800000
v -0.01803100 0.01948100 0.00930000
v -0.01803100 0.02078100 0.00800000
v -0.01730600 0.01928700 0.00930000
v -0.01665600 0.02041300 0.00800000
v -0.01677500 0.01875600 0.00930000
v -0.01565000 0.01940600 0.00800000
v -0.01658100 0.01803100 0.00930000
v -0.01528100 0.01803100 0.00800000
v -0.01677500 0.01730600 0.00930000
v -0.01565000 0.01665600 0.00800000
v -0.01730600 0.01677500 0.00930000
v -0.01665600 0.01565000 0.00800000
v -0.01803100 0.01658100 0.00930000
v -0.01803100 0.01528100 0.00800000
v -0.01875600 0.01677500 0.00930000
v -0.01940600 0.01565000 0.00800000
v -0.01928700 0.01730600 0.00930000
v -0.02041300 0.01665600 0.00800000
v -0.02078100 0.01803100 0.00800000
v 0.02060700 0.01897000 0.00800900
v 0.02062900 0.01893200 0.00800000
v 0.02078100 0.01803100 0.00800000
v 0.01875600 0.01928700 0.00930000
v 0.01988600 0.01988900 0.00812500
v 0.01928700 0.01875600 0.00930000
v 0.02034400 0.01935900 0.00808300
v 0.01948100 0.01803100 0.00930000
v 0.01803100 0.01948100 0.00930000
v 0.01893200 0.02062900 0.00800000
v 0.01936400 0.02034000 0.00808400
v 0.01928700 0.01730600 0.00930000
v 0.02041300 0.01665600 0.00800000
v 0.01875600 0.01677500 0.00930000
v 0.01940600 0.01565000 0.00800000
v 0.01803100 0.01658100 0.00930000
v 0.01803100 0.01528100 0.00800000
v 0.01730600 0.01677500 0.00930000
v 0.01665600 0.01565000 0.00800000
v 0.01677500 0.01730600 0.00930000
v 0.01565000 0.01665600 0.00800000
v 0.01658100 0.01803100 0.00930000
v 0.01528100 0.01803100 0.00800000
v 0.01677500 0.01875600 0.00930000
v 0.01565000 0.01940600 0.00800000
v 0.01730600 0.01928700 0.00930000
v 0.01665600 0.02041300 0.00800000
v 0.01803100 0.02078100 0.00800000
v 0.01928700 -0.01875600 0.00930000
v 0.02034000 -0.01936400 0.00808400
v 0.01988900 -0.01988600 0.00812500
v 0.01875600 -0.01928700 0.00930000
v 0.02060700 -0.01896900 0.00800900
v 0.01948100 -0.01803100 0.00930000
v 0.02062900 -0.01893200 0.00800000
v 0.01936400 -0.02034000 0.00808400
v 0.01893200 -0.02062900 0.00800000
v 0.01803100 -0.01948100 0.00930000
v 0.01803100 -0.02078100 0.00800000
v 0.01730600 -0.01928700 0.00930000
v 0.01665600 -0.02041300 0.00800000
v 0.01677500 -0.01875600 0.00930000
v 0.01565000 -0.01940600 0.00800000
v 0.01658100 -0.01803100 0.00930000
v 0.01528100 -0.01803100 0.00800000
v 0.01677500 -0.01730600 0.00930000
v 0.01565000 -0.01665600 0.00800000
v 0.01730600 -0.01677500 0.00930000
v 0.01665600 -0.01565000 0.00800000
v 0.01803100 -0.01658100 0.00930000
v 0.01803100 -0.01528100 0.00800000
v 0.01875600 -0.01677500 0.00930000
v 0.01940600 -0.01565000 0.00800000
v 0.01928700 -0.01730600 0.00930000
v 0.02041300 -0.01665600 0.00800000
v 0.02078100 -0.01803100 0.00800000
v -0.02060700 -0.01897000 0.00800900
v -0.02062900 -0.01893200 0.00800000
v -0.02078100 -0.01803100 0.00800000
v -0.01875600 -0.01928700 0.00930000
v -0.01988600 -0.01988900 0.00812500
v -0.01928700 -0.01875600 0.00930000
v -0.02034400 -0.01935900 0.00808300
v -0.01948100 -0.01803100 0.00930000
v -0.01803100 -0.01948100 0.00930000
v -0.01893200 -0.02062900 0.00800000
v -0.01936400 -0.02034000 0.00808400
v -0.01928700 -0.01730600 0.00930000
v -0.02041300 -0.01665600 0.00800000
v -0.01875600 -0.01677500 0.00930000
v -0.01940600 -0.01565000 0.00800000
v -0.01803100 -0.01658100 0.00930000
v -0.01803100 -0.01528100 0.00800000
v -0.01730600 -0.01677500 0.00930000
v -0.01665600 -0.01565000 0.00800000
v -0.01677500 -0.01730600 0.00930000
v -0.01565000 -0.01665600 0.00800000
v -0.01658100 -0.01803100 0.00930000
v -0.01528100 -0.01803100 0.00800000
v -0.01677500 -0.01875600 0.00930000
v -0.01565000 -0.01940600 0.00800000
v -0.01730600 -0.01928700 0.00930000
v -0.01665600 -0.02041300 0.00800000
v -0.01803100 -0.02078100 0.00800000
v -0.01222100 0.01889200 0.00200000
v -0.01222100 0.01889200 0.00200000
v -0.01222100 0.01889200 0.00200000
v -0.01462200 0.01649000 0.00323700
v -0.01462200 0.01649000 0.00323700
v -0.01114000 0.01997200 0.00236900
v -0.01447800 0.01663500 0.00400000
v -0.01114000 0.01997200 0.00800000
v -0.01462200 0.01649000 0.00476200
v -0.01501700 0.01609500 0.00532100
v -0.01555600 0.01555600 0.00552500
v -0.01997200 0.01114000 0.00800000
v -0.01609500 0.01501700 0.00532100
v -0.01649000 0.01462200 0.00476200
v -0.01997200 0.01114000 0.00236900
v -0.01663500 0.01447800 0.00400000
v -0.01663500 0.01447800 0.00400000
v -0.01889200 0.01222100 0.00200000
v -0.01889200 0.01222100 0.00200000
v -0.01649000 0.01462200 0.00323700
v -0.01649000 0.01462200 0.00323700
v -0.01609500 0.01501700 0.00267900
v -0.01609500 0.01501700 0.00267900
v -0.01889200 0.01222100 0.00200000
v -0.01889200 0.01222100 0.00200000
v -0.01889200 0.01222100 0.00200000
v -0.01555600 0.01555600 0.00247500
v -0.01555600 0.01555600 0.00247500
v -0.01222100 0.01889200 0.00200000
v -0.01501700 0.01609500 0.00267900
v -0.01501700 0.01609500 0.00267900
v -0.01078300 0.02027800 0.00246600
v 0.01078100 0.02027900 0.00246700
v 0.01997200 0.01114000 0.00800000
v 0.02027800 0.01078300 0.00246600
v 0.02027900 -0.01078100 0.00246700
v 0.01114000 -0.01997200 0.00800000
v 0.01078300 -0.02027800 0.00246600
v -0.02027900 0.01078100 0.00246700
v -0.01997200 -0.01114000 0.00800000
v -0.02027800 -0.01078300 0.00246600
v -0.01078100 -0.02027900 0.00246700
v 0.01612700 0.01459600 0.00337500
v 0.01649000 0.01462200 0.00323700
v 0.01580400 0.01492000 0.00291700
v 0.01609500 0.01501700 0.00267900
v 0.01536200 0.01536200 0.00275000
v 0.01555600 0.01555600 0.00247500
v 0.01492000 0.01580400 0.00291700
v 0.01501700 0.01609500 0.00267900
v 0.01459600 0.01612700 0.00337500
v 0.01462200 0.01649000 0.00323700
v 0.01447800 0.01624600 0.00400000
v 0.01447800 0.01663500 0.00400000
v 0.01459600 0.01612700 0.00462500
v 0.01462200 0.01649000 0.00476200
v 0.01492000 0.01580400 0.00508200
v 0.01501700 0.01609500 0.00532100
v 0.01536200 0.01536200 0.00525000
v 0.01555600 0.01555600 0.00552500
v 0.01580400 0.01492000 0.00508200
v 0.01609500 0.01501700 0.00532100
v 0.01612700 0.01459600 0.00462500
v 0.01649000 0.01462200 0.00476200
v 0.01624600 0.01447800 0.00400000
v 0.01663500 0.01447800 0.00400000
v -0.01459600 0.01612700 0.00337500
v -0.01462200 0.01649000 0.00323700
v -0.01492000 0.01580400 0.00291700
v -0.01501700 0.01609500 0.00267900
v -0.01536200 0.01536200 0.00275000
v -0.01555600 0.01555600 0.00247500
v -0.01580400 0.01492000 0.00291700
v -0.01609500 0.01501700 0.00267900
v -0.01612700 0.01459600 0.00337500
v -0.01649000 0.01462200 0.00323700
v -0.01624600 0.01447800 0.00400000
v -0.01663500 0.01447800 0.00400000
v -0.01612700 0.01459600 0.00462500
v -0.01649000 0.01462200 0.00476200
v -0.01580400 0.01492000 0.00508200
v -0.01609500 0.01501700 0.00532100
v -0.01536200 0.01536200 0.00525000
v -0.01555600 0.01555600 0.00552500
v -0.01492000 0.01580400 0.00508200
v -0.01501700 0.01609500 0.00532100
v -0.01459600 0.01612700 0.00462500
v -0.01462200 0.01649000 0.00476200
v -0.01447800 0.01624600 0.00400000
v -0.01447800 0.01663500 0.00400000
v -0.01612700 -0.01459600 0.00337500
v -0.01649000 -0.01462200 0.00323700
v -0.01580400 -0.01492000 0.00291700
v -0.01609500 -0.01501700 0.00267900
v -0.01536200 -0.01536200 0.00275000
v -0.01555600 -0.01555600 0.00247500
v -0.01492000 -0.01580400 0.00291700
v -0.01501700 -0.01609500 0.00267900
v -0.01459600 -0.01612700 0.00337500
v -0.01462200 -0.01649000 0.00323700
v -0.01447800 -0.01624600 0.00400000
v -0.01447800 -0.01624600 0.00400000
v -0.01447800 -0.01663500 0.00400000
v -0.01447800 -0.01663500 0.00400000
v -0.01459600 -0.01612700 0.00462500
v -0.01462200 -0.01649000 0.00476200
v -0.01492000 -0.01580400 0.00508200
v -0.01501700 -0.01609500 0.00532100
v -0.01536200 -0.01536200 0.00525000
v -0.01555600 -0.01555600 0.00552500
v -0.01580400 -0.01492000 0.00508200
v -0.01580400 -0.01492000 0.00508200
v -0.01609500 -0.01501700 0.00532100
v -0.01609500 -0.01501700 0.00532100
v -0.01612700 -0.01459600 0.00462500
v -0.01649000 -0.01462200 0.00476200
v -0.01624600 -0.01447800 0.00400000
v -0.01663500 -0.01447800 0.00400000
v 0.01459600 -0.01612700 0.00337500
v 0.01462200 -0.01649000 0.00323700
v 0.01492000 -0.01580400 0.00291700
v 0.01501700 -0.01609500 0.00267900
v 0.01536200 -0.01536200 0.00275000
v 0.01555600 -0.01555600 0.00247500
v 0.01580400 -0.01492000 0.00291700
v 0.01609500 -0.01501700 0.00267900
v 0.01612700 -0.01459600 0.00337500
v 0.01649000 -0.01462200 0.00323700
v 0.01624600 -0.01447800 0.00400000
v 0.01624600 -0.01447800 0.00400000
v 0.01663500 -0.01447800 0.00400000
v 0.01663500 -0.01447800 0.00400000
v 0.01612700 -0.01459600 0.00462500
v 0.01649000 -0.01462200 0.00476200
v 0.01580400 -0.01492000 0.00508200
v 0.01609500 -0.01501700 0.00532100
v 0.01536200 -0.01536200 0.00525000
v 0.01555600 -0.01555600 0.00552500
v 0.01492000 -0.01580400 0.00508200
v 0.01501700 -0.01609500 0.00532100
v 0.01459600 -0.01612700 0.00462500
v 0.01462200 -0.01649000 0.00476200
v 0.01447800 -0.01624600 0.00400000
v 0.01447800 -0.01663500 0.00400000
v -0.02385900 0.01558800 0.00850000
v -0.02385900 0.01558800 0.00850000
v -0.02096800 0.01930200 0.00850000
v -0.02062900 0.01893200 0.00800000
v -0.01988900 0.01988600 0.00812500
v -0.01936400 0.02034000 0.00808400
v -0.01750500 0.02249000 0.00850000
v -0.02034000 0.01936400 0.00808400
v -0.02060700 0.01896900 0.00800900
v 0.02034400 0.01935900 0.00808300
v 0.01988600 0.01988900 0.00812500
v 0.02096800 0.01930200 0.00850000
v 0.01936400 0.02034000 0.00808400
v 0.01750500 0.02249100 0.00850000
v 0.01893200 0.02062900 0.00800000
v 0.02385900 -0.01558800 0.00850000
v 0.02385900 -0.01558800 0.00850000
v 0.02096800 -0.01930200 0.00850000
v 0.02062900 -0.01893200 0.00800000
v 0.01988900 -0.01988600 0.00812500
v 0.01936400 -0.02034000 0.00808400
v 0.01750500 -0.02249000 0.00850000
v 0.02034000 -0.01936400 0.00808400
v 0.02060700 -0.01896900 0.00800900
v -0.02034400 -0.01935900 0.00808300
v -0.01988600 -0.01988900 0.00812500
v -0.02096800 -0.01930200 0.00850000
v -0.01936400 -0.02034000 0.00808400
v -0.01750500 -0.02249100 0.00850000
v -0.01893200 -0.02062900 0.00800000
v 0.02344100 -0.01531400 0.00800000
v 0.02564200 -0.01124700 0.00800000
v 0.02564200 -0.01124700 0.00800000
v 0.02610000 -0.01144800 0.00850000
v 0.02610000 -0.01144800 0.00850000
v 0.02714300 -0.00687400 0.00800000
v 0.02714300 -0.00687400 0.00800000
v 0.02762800 -0.00699600 0.00850000
v 0.02790400 -0.00231200 0.00800000
v 0.02840300 -0.00235300 0.00850000
v 0.02790400 0.00231200 0.00800000
v 0.02840300 0.00235300 0.00850000
v 0.02714300 0.00687400 0.00800000
v 0.02762800 0.00699600 0.00850000
v 0.02564200 0.01124700 0.00800000
v 0.02609900 0.01144800 0.00850000
v 0.02344100 0.01531400 0.00800000
v 0.02385900 0.01558800 0.00850000
v 0.02385900 0.01558800 0.00850000
v 0.02062900 0.01893200 0.00800000
v 0.02062900 0.01893200 0.00800000
v 0.02060700 0.01897000 0.00800900
v -0.01719800 -0.02209600 0.00800000
v -0.01719800 -0.02209600 0.00800000
v -0.01750500 -0.02249100 0.00850000
v -0.01332600 -0.02462500 0.00800000
v -0.01356400 -0.02506500 0.00850000
v -0.00909200 -0.02648300 0.00800000
v -0.00925400 -0.02695600 0.00850000
v -0.00460900 -0.02761800 0.00800000
v -0.00469100 -0.02811100 0.00850000
v 0.00000000 -0.02800000 0.00800000
v 0.00000000 -0.02850000 0.00850000
v 0.00460900 -0.02761800 0.00800000
v 0.00469100 -0.02811100 0.00850000
v 0.00909200 -0.02648300 0.00800000
v 0.00925400 -0.02695600 0.00850000
v 0.01332600 -0.02462500 0.00800000
v 0.01356400 -0.02506500 0.00850000
v 0.01356400 -0.02506500 0.00850000
v 0.01719800 -0.02209600 0.00800000
v 0.01719800 -0.02209600 0.00800000
v 0.01893200 -0.02062900 0.00800000
v -0.02344100 0.01531400 0.00800000
v -0.02564200 0.01124700 0.00800000
v -0.02564200 0.01124700 0.00800000
v -0.02610000 0.01144800 0.00850000
v -0.02610000 0.01144800 0.00850000
v -0.02714300 0.00687400 0.00800000
v -0.02714300 0.00687400 0.00800000
v -0.02762800 0.00699600 0.00850000
v -0.02790400 0.00231200 0.00800000
v -0.02840300 0.00235300 0.00850000
v -0.02790400 -0.00231200 0.00800000
v -0.02840300 -0.00235300 0.00850000
v -0.02714300 -0.00687400 0.00800000
v -0.02762800 -0.00699600 0.00850000
v -0.02564200 -0.01124700 0.00800000
v -0.02609900 -0.01144800 0.00850000
v -0.02344100 -0.01531400 0.00800000
v -0.02385900 -0.01558800 0.00850000
v -0.02385900 -0.01558800 0.00850000
v -0.02062900 -0.01893200 0.00800000
v -0.02062900 -0.01893200 0.00800000
v -0.02060700 -0.01897000 0.00800900
v 0.01719800 0.02209600 0.00800000
v 0.01719800 0.02209600 0.00800000
v 0.01750500 0.02249100 0.00850000
v 0.01332600 0.02462500 0.00800000
v 0.01356400 0.02506500 0.00850000
v 0.00909200 0.02648300 0.00800000
v 0.00925400 0.02695600 0.00850000
v 0.00460900 0.02761800 0.00800000
v 0.00469100 0.02811100 0.00850000
v -0.00000000 0.02800000 0.00800000
v -0.00000000 0.02850000 0.00850000
v -0.00460900 0.02761800 0.00800000
v -0.00469100 0.02811100 0.00850000
v -0.00909200 0.02648300 0.00800000
v -0.00925400 0.02695600 0.00850000
v -0.01332600 0.02462500 0.00800000
v -0.01356400 0.02506500 0.00850000
v -0.01356400 0.02506500 0.00850000
v -0.01719800 0.02209600 0.00800000
v -0.01719800 0.02209600 0.00800000
v -0.01893200 0.02062900 0.00800000
v 0.01456800 0.01810300 0.00900000
v 0.00212100 0.00565700 0.00900000
v 0.00212100 0.00565700 0.00900000
v 0.01456800 0.01810300 0.01000000
v 0.01456800 0.01810300 0.01000000
v 0.00212100 0.00565700 0.01000000
v -0.00212100 0.00565700 0.00900000
v -0.01456800 0.01810300 0.00900000
v -0.01456800 0.01810300 0.00900000
v -0.00212100 0.00565700 0.01000000
v -0.00212100 0.00565700 0.01000000
v -0.01456800 0.01810300 0.01000000
v -0.00212100 -0.00565700 0.01000000
v -0.01456800 -0.01810300 0.01000000
v -0.00212100 -0.00565700 0.00900000
v -0.01456800 -0.01810300 0.00900000
v 0.01456800 -0.01810300 0.01000000
v 0.00212100 -0.00565700 0.01000000
v 0.01456800 -0.01810300 0.00900000
v 0.00212100 -0.00565700 0.00900000
v 0.00565700 -0.00212100 0.01000000
v 0.01810300 -0.01456800 0.01000000
v 0.00565700 -0.00212100 0.00900000
v 0.00565700 -0.00212100 0.00900000
v 0.01810300 -0.01456800 0.01000000
v 0.01810300 -0.01456800 0.00900000
v 0.01810300 0.01456800 0.01000000
v 0.01810300 0.01456800 0.01000000
v 0.00565700 0.00212100 0.01000000
v 0.01810300 0.01456800 0.00900000
v 0.00565700 0.00212100 0.00900000
v 0.01810300 0.01456800 0.00900000
v 0.00500600 -0.00114800 0.01000000
v 0.00500600 -0.00114800 0.00900000
v 0.00500600 -0.00114800 0.01000000
v 0.00500600 -0.00114800 0.00900000
v 0.00477800 0.00000000 0.01000000
v 0.00477800 0.00000000 0.00900000
v 0.00500600 0.00114800 0.01000000
v 0.00500600 0.00114800 0.00900000
v 0.00500600 0.00114800 0.01000000
v 0.00500600 0.00114800 0.00900000
v 0.00114800 -0.00500600 0.00900000
v 0.00114800 -0.00500600 0.01000000
v 0.00000000 -0.00477800 0.00900000
v 0.00000000 -0.00477800 0.01000000
v 0.00000000 -0.00477800 0.00900000
v 0.00000000 -0.00477800 0.01000000
v -0.00114800 -0.00500600 0.00900000
v -0.00114800 -0.00500600 0.01000000
v -0.00114800 0.00500600 0.00900000
v -0.00114800 0.00500600 0.01000000
v -0.00000000 0.00477800 0.00900000
v -0.00000000 0.00477800 0.01000000
v -0.00000000 0.00477800 0.00900000
v -0.00000000 0.00477800 0.01000000
v -0.00000000 0.00477800 0.01000000
v 0.00114800 0.00500600 0.00900000
v 0.00114800 0.00500600 0.00900000
v 0.00114800 0.00500600 0.01000000
v 0.00114800 0.00500600 0.00900000
v 0.00114800 0.00500600 0.01000000
v -0.00800000 -0.02695100 0.01430000
v -0.00800000 -0.02695100 0.00900000
v -0.00800000 -0.02600800 0.01430000
v -0.00800000 -0.02600800 0.00900000
v 0.00800000 -0.02600800 0.01430000
v 0.00800000 -0.02600800 0.00900000
v 0.00800000 -0.02600800 0.00900000
v 0.00800000 -0.02695100 0.01430000
v 0.00800000 -0.02695100 0.01430000
v 0.00800000 -0.02695100 0.00900000
v -0.00800000 0.02600800 0.01430000
v -0.00800000 0.02600800 0.00900000
v -0.00800000 0.02695100 0.01430000
v -0.00800000 0.02695100 0.00900000
v 0.00800000 0.02695100 0.01430000
v 0.00800000 0.02695100 0.00900000
v 0.00800000 0.02600800 0.01430000
v 0.00800000 0.02600800 0.00900000
v 0.00803200 -0.02708600 0.00900000
v 0.00803200 -0.02708600 0.01430000
v 0.00803200 -0.02708600 0.01430000
v 0.00803200 -0.02708600 0.01430000
v 0.00803200 -0.02708600 0.00900000
v 0.00812200 -0.02719200 0.00900000
v 0.00812200 -0.02719200 0.00900000
v 0.00812200 -0.02719200 0.01430000
v 0.00812200 -0.02719200 0.01430000
v 0.00812200 -0.02719200 0.01430000
v 0.00812200 -0.02719200 0.00900000
v 0.00825000 -0.02724700 0.00900000
v 0.00825000 -0.02724700 0.00900000
v 0.00825000 -0.02724700 0.01430000
v 0.00825000 -0.02724700 0.01430000
v 0.00825000 -0.02724700 0.00900000
v 0.00802600 -0.02588500 0.01430000
v 0.00802600 -0.02588500 0.00900000
v 0.00802600 -0.02588500 0.00900000
v 0.00802600 -0.02588500 0.01430000
v 0.00810000 -0.02578400 0.01430000
v 0.00810000 -0.02578400 0.00900000
v 0.00810000 -0.02578400 0.00900000
v 0.00810000 -0.02578400 0.01430000
v 0.00810000 0.02578400 0.01430000
v 0.00810000 0.02578400 0.00900000
v 0.00810000 0.02578400 0.00900000
v 0.00810000 0.02578400 0.01430000
v 0.00802600 0.02588500 0.01430000
v 0.00802600 0.02588500 0.00900000
v 0.00802600 0.02588500 0.00900000
v 0.00802600 0.02588500 0.01430000
v 0.00825000 0.02724700 0.00900000
v 0.00825000 0.02724700 0.01430000
v 0.00825000 0.02724700 0.01430000
v 0.00825000 0.02724700 0.01430000
v 0.00825000 0.02724700 0.00900000
v 0.00812200 0.02719200 0.00900000
v 0.00812200 0.02719200 0.00900000
v 0.00812200 0.02719200 0.01430000
v 0.00812200 0.02719200 0.01430000
v 0.00812200 0.02719200 0.01430000
v 0.00812200 0.02719200 0.00900000
v 0.00803200 0.02708600 0.00900000
v 0.00803200 0.02708600 0.00900000
v 0.00803200 0.02708600 0.01430000
v 0.00803200 0.02708600 0.01430000
v 0.00803200 0.02708600 0.00900000
v -0.00810000 -0.02578400 0.01430000
v -0.00810000 -0.02578400 0.00900000
v -0.00810000 -0.02578400 0.00900000
v -0.00810000 -0.02578400 0.01430000
v -0.00802600 -0.02588500 0.01430000
v -0.00802600 -0.02588500 0.00900000
v -0.00802600 -0.02588500 0.00900000
v -0.00802600 -0.02588500 0.01430000
v -0.00825000 -0.02724700 0.00900000
v -0.00825000 -0.02724700 0.01430000
v -0.00825000 -0.02724700 0.01430000
v -0.00825000 -0.02724700 0.01430000
v -0.00825000 -0.02724700 0.00900000
v -0.00812200 -0.02719200 0.00900000
v -0.00812200 -0.02719200 0.00900000
v -0.00812200 -0.02719200 0.01430000
v -0.00812200 -0.02719200 0.01430000
v -0.00812200 -0.02719200 0.01430000
v -0.00812200 -0.02719200 0.00900000
v -0.00803200 -0.02708600 0.00900000
v -0.00803200 -0.02708600 0.00900000
v -0.00803200 -0.02708600 0.01430000
v -0.00803200 -0.02708600 0.01430000
v -0.00803200 -0.02708600 0.00900000
v -0.00803200 0.02708600 0.00900000
v -0.00803200 0.02708600 0.01430000
v -0.00803200 0.02708600 0.01430000
v -0.00803200 0.02708600 0.01430000
v -0.00803200 0.02708600 0.00900000
v -0.00812200 0.02719200 0.00900000
v -0.00812200 0.02719200 0.00900000
v -0.00812200 0.02719200 0.01430000
v -0.00812200 0.02719200 0.01430000
v -0.00812200 0.02719200 0.01430000
v -0.00812200 0.02719200 0.00900000
v -0.00825000 0.02724700 0.00900000
v -0.00825000 0.02724700 0.00900000
v -0.00825000 0.02724700 0.01430000
v -0.00825000 0.02724700 0.01430000
v -0.00825000 0.02724700 0.00900000
v -0.00802600 0.02588500 0.01430000
v -0.00802600 0.02588500 0.00900000
v -0.00802600 0.02588500 0.00900000
v -0.00802600 0.02588500 0.01430000
v -0.00810000 0.02578400 0.01430000
v -0.00810000 0.02578400 0.00900000
v -0.00810000 0.02578400 0.00900000
v -0.00810000 0.02578400 0.01430000
v 0.00832900 -0.02704600 0.01450000
v 0.00838800 -0.02723800 0.01430000
v 0.00925400 -0.02695600 0.01430000
v 0.01250700 -0.02538600 0.01450000
v 0.01259500 -0.02556600 0.01430000
v 0.01356400 -0.02506500 0.01430000
v 0.01636900 -0.02308600 0.01450000
v 0.01648400 -0.02324900 0.01430000
v 0.01750500 -0.02249000 0.01430000
v 0.01981700 -0.02020300 0.01450000
v 0.01995700 -0.02034600 0.01430000
v 0.02096800 -0.01930200 0.01430000
v 0.02276600 -0.01681000 0.01450000
v 0.02292700 -0.01692900 0.01430000
v 0.02385900 -0.01558800 0.01430000
v 0.02514100 -0.01299300 0.01450000
v 0.02531900 -0.01308500 0.01430000
v 0.02610000 -0.01144800 0.01430000
v 0.02688100 -0.00884900 0.01450000
v 0.02707100 -0.00891100 0.01430000
v 0.02762800 -0.00699600 0.01430000
v 0.02794300 -0.00448100 0.01450000
v 0.02814000 -0.00451300 0.01430000
v 0.02840300 -0.00235300 0.01430000
v 0.02830000 0.00000000 0.01450000
v 0.02762800 0.00699600 0.01430000
v 0.02762800 0.00699600 0.01430000
v 0.02688100 0.00884900 0.01450000
v 0.02794300 0.00448100 0.01450000
v 0.02850000 0.00000000 0.01430000
v 0.02840300 0.00235300 0.01430000
v 0.02840300 0.00235300 0.01430000
v 0.02794300 0.00448100 0.01450000
v 0.02814000 0.00451300 0.01430000
v 0.02385900 0.01558800 0.01430000
v 0.02385900 0.01558800 0.01430000
v 0.02276600 0.01681000 0.01450000
v 0.02514100 0.01299300 0.01450000
v 0.02707100 0.00891100 0.01430000
v 0.02688100 0.00884900 0.01450000
v 0.02609900 0.01144800 0.01430000
v 0.02609900 0.01144800 0.01430000
v 0.02514100 0.01299300 0.01450000
v 0.02531800 0.01308500 0.01430000
v 0.01750500 0.02249100 0.01430000
v 0.01636900 0.02308600 0.01450000
v 0.01981700 0.02020300 0.01450000
v 0.02292700 0.01692900 0.01430000
v 0.02276600 0.01681000 0.01450000
v 0.02096800 0.01930200 0.01430000
v 0.02096800 0.01930200 0.01430000
v 0.01981700 0.02020300 0.01450000
v 0.01995700 0.02034600 0.01430000
v 0.01648400 0.02324900 0.01430000
v 0.01356400 0.02506500 0.01430000
v 0.01250700 0.02538600 0.01450000
v 0.01259500 0.02556600 0.01430000
v 0.00832900 0.02704600 0.01450000
v 0.00925400 0.02695600 0.01430000
v 0.00838800 0.02723800 0.01430000
v 0.00820000 -0.02695100 0.01450000
v 0.00800000 -0.02695100 0.01430000
v 0.00803200 -0.02708600 0.01430000
v 0.00821100 -0.02699600 0.01450000
v 0.00812200 -0.02719200 0.01430000
v 0.00824100 -0.02703100 0.01450000
v 0.00825000 -0.02724700 0.01430000
v 0.00828300 -0.02704900 0.01450000
v 0.00825000 0.02724700 0.01430000
v 0.00828300 0.02704900 0.01450000
v 0.00812200 0.02719200 0.01430000
v 0.00824100 0.02703100 0.01450000
v 0.00803200 0.02708600 0.01430000
v 0.00821100 0.02699600 0.01450000
v 0.00800000 0.02695100 0.01430000
v 0.00800000 0.02695100 0.01430000
v 0.00820000 0.02695100 0.01450000
v 0.00820000 -0.02600800 0.01450000
v 0.00800000 -0.02600800 0.01430000
v 0.00800000 0.02600800 0.01430000
v 0.00820000 0.02600800 0.01450000
v 0.00820000 0.02600800 0.01450000
v 0.00827000 -0.02591200 0.01450000
v 0.00820900 -0.02572200 0.01430000
v 0.00810000 -0.02578400 0.01430000
v 0.00823300 -0.02593300 0.01450000
v 0.00802600 -0.02588500 0.01430000
v 0.00820900 -0.02596700 0.01450000
v 0.00802600 0.02588500 0.01430000
v 0.00820900 0.02596700 0.01450000
v 0.00810000 0.02578400 0.01430000
v 0.00823300 0.02593300 0.01450000
v 0.00820900 0.02572200 0.01430000
v 0.00827000 0.02591200 0.01450000
v 0.01170700 -0.02433000 0.01430000
v 0.01179400 -0.02451000 0.01450000
v 0.01497800 -0.02246500 0.01430000
v 0.01508900 -0.02263100 0.01450000
v 0.01497800 0.02246500 0.01430000
v 0.01508900 0.02263100 0.01450000
v 0.01170700 0.02433000 0.01430000
v 0.01179400 0.02451000 0.01450000
v 0.01566100 -0.02168800 0.01430000
v 0.01584000 -0.02177600 0.01450000
v 0.01586400 -0.02067300 0.01430000
v 0.01606400 -0.02066000 0.01450000
v 0.01553300 -0.01969300 0.01430000
v 0.01570000 -0.01958200 0.01450000
v 0.01553300 0.01969300 0.01430000
v 0.01570000 0.01958200 0.01450000
v 0.01586400 0.02067300 0.01430000
v 0.01606400 0.02066000 0.01450000
v 0.01566100 0.02168800 0.01430000
v 0.01584000 0.02177600 0.01450000
v 0.01958200 -0.01570000 0.01450000
v 0.01969300 -0.01553300 0.01430000
v 0.01969300 -0.01553300 0.01430000
v 0.01841900 -0.01505600 0.01430000
v 0.01839300 -0.01525500 0.01450000
v 0.01706500 -0.01519100 0.01430000
v 0.01712900 -0.01538000 0.01450000
v 0.01591000 -0.01591000 0.01430000
v 0.01605100 -0.01605100 0.01450000
v 0.01519100 -0.01706500 0.01430000
v 0.01538000 -0.01712900 0.01450000
v 0.01505600 -0.01841900 0.01430000
v 0.01525500 -0.01839300 0.01450000
v 0.01505600 0.01841900 0.01430000
v 0.01525500 0.01839300 0.01450000
v 0.01519100 0.01706500 0.01430000
v 0.01538000 0.01712900 0.01450000
v 0.01591000 0.01591000 0.01430000
v 0.01605100 0.01605100 0.01450000
v 0.01706500 0.01519100 0.01430000
v 0.01712900 0.01538000 0.01450000
v 0.01841900 0.01505600 0.01430000
v 0.01839300 0.01525500 0.01450000
v 0.01969300 0.01553300 0.01430000
v 0.01958200 0.01570000 0.01450000
v 0.01958200 -0.01570000 0.01450000
v 0.02067300 -0.01586400 0.01430000
v 0.02066000 -0.01606400 0.01450000
v 0.02168800 -0.01566100 0.01430000
v 0.02177600 -0.01584000 0.01450000
v 0.02246500 -0.01497800 0.01430000
v 0.02263100 -0.01508900 0.01450000
v 0.02246500 0.01497800 0.01430000
v 0.02263100 0.01508900 0.01450000
v 0.02168800 0.01566100 0.01430000
v 0.02177600 0.01584000 0.01450000
v 0.02067300 0.01586400 0.01430000
v 0.02066000 0.01606400 0.01450000
v 0.02465300 -0.01101000 0.01430000
v 0.02483600 -0.01109200 0.01450000
v 0.02614700 -0.00673300 0.01430000
v 0.02634100 -0.00678200 0.01450000
v 0.02690500 -0.00226500 0.01430000
v 0.02710400 -0.00228200 0.01450000
v 0.02690500 0.00226500 0.01430000
v 0.02710400 0.00228200 0.01450000
v 0.02614700 0.00673300 0.01430000
v 0.02634100 0.00678200 0.01450000
v 0.02465300 0.01101000 0.01430000
v 0.02483600 0.01109200 0.01450000
v -0.00832900 0.02704600 0.01450000
v -0.00838800 0.02723800 0.01430000
v -0.00838800 0.02723800 0.01430000
v -0.00925400 0.02695600 0.01430000
v -0.00925400 0.02695600 0.01430000
v -0.01250700 0.02538600 0.01450000
v -0.01259500 0.02556600 0.01430000
v -0.01250700 0.02538600 0.01450000
v -0.01356400 0.02506500 0.01430000
v -0.01636900 0.02308600 0.01450000
v -0.01648400 0.02324900 0.01430000
v -0.01750500 0.02249000 0.01430000
v -0.01981700 0.02020300 0.01450000
v -0.01995700 0.02034600 0.01430000
v -0.02096800 0.01930200 0.01430000
v -0.02276600 0.01681000 0.01450000
v -0.02292700 0.01692900 0.01430000
v -0.02385900 0.01558800 0.01430000
v -0.02514100 0.01299300 0.01450000
v -0.02531900 0.01308500 0.01430000
v -0.02610000 0.01144800 0.01430000
v -0.02688100 0.00884900 0.01450000
v -0.02707100 0.00891100 0.01430000
v -0.02762800 0.00699600 0.01430000
v -0.02794300 0.00448100 0.01450000
v -0.02814000 0.00451300 0.01430000
v -0.02840300 0.00235300 0.01430000
v -0.02830000 -0.00000000 0.01450000
v -0.02762800 -0.00699600 0.01430000
v -0.02688100 -0.00884900 0.01450000
v -0.02794300 -0.00448100 0.01450000
v -0.02850000 -0.00000000 0.01430000
v -0.02840300 -0.00235300 0.01430000
v -0.02814000 -0.00451300 0.01430000
v -0.02385900 -0.01558800 0.01430000
v -0.02385900 -0.01558800 0.01430000
v -0.02276600 -0.01681000 0.01450000
v -0.02514100 -0.01299300 0.01450000
v -0.02707100 -0.00891100 0.01430000
v -0.02609900 -0.01144800 0.01430000
v -0.02609900 -0.01144800 0.01430000
v -0.02514100 -0.01299300 0.01450000
v -0.02531800 -0.01308500 0.01430000
v -0.01750500 -0.02249100 0.01430000
v -0.01636900 -0.02308600 0.01450000
v -0.01981700 -0.02020300 0.01450000
v -0.02292700 -0.01692900 0.01430000
v -0.02276600 -0.01681000 0.01450000
v -0.02096800 -0.01930200 0.01430000
v -0.01995800 -0.02034600 0.01430000
v -0.01648400 -0.02324900 0.01430000
v -0.01356400 -0.02506500 0.01430000
v -0.01250700 -0.02538600 0.01450000
v -0.01259500 -0.02556600 0.01430000
v -0.00832900 -0.02704600 0.01450000
v -0.00925400 -0.02695600 0.01430000
v -0.00838800 -0.02723800 0.01430000
v -0.00820000 0.02695100 0.01450000
v -0.00800000 0.02695100 0.01430000
v -0.00803200 0.02708600 0.01430000
v -0.00821100 0.02699600 0.01450000
v -0.00812200 0.02719200 0.01430000
v -0.00824100 0.02703100 0.01450000
v -0.00825000 0.02724700 0.01430000
v -0.00828300 0.02704900 0.01450000
v -0.00828300 0.02704900 0.01450000
v -0.00825000 -0.02724700 0.01430000
v -0.00828300 -0.02704900 0.01450000
v -0.00812200 -0.02719200 0.01430000
v -0.00824100 -0.02703100 0.01450000
v -0.00803200 -0.02708600 0.01430000
v -0.00821100 -0.02699600 0.01450000
v -0.00800000 -0.02695100 0.01430000
v -0.00820000 -0.02695100 0.01450000
v -0.00820000 0.02600800 0.01450000
v -0.00800000 0.02600800 0.01430000
v -0.00800000 -0.02600800 0.01430000
v -0.00820000 -0.02600800 0.01450000
v -0.00827000 0.02591200 0.01450000
v -0.00820900 0.02572200 0.01430000
v -0.00810000 0.02578400 0.01430000
v -0.00823300 0.02593300 0.01450000
v -0.00802600 0.02588500 0.01430000
v -0.00820900 0.02596700 0.01450000
v -0.00802600 -0.02588500 0.01430000
v -0.00820900 -0.02596700 0.01450000
v -0.00810000 -0.02578400 0.01430000
v -0.00823300 -0.02593300 0.01450000
v -0.00820900 -0.02572200 0.01430000
v -0.00827000 -0.02591200 0.01450000
v -0.01170700 0.02433000 0.01430000
v -0.01179400 0.02451000 0.01450000
v -0.01497800 0.02246500 0.01430000
v -0.01508900 0.02263100 0.01450000
v -0.01497800 -0.02246500 0.01430000
v -0.01508900 -0.02263100 0.01450000
v -0.01170700 -0.02433000 0.01430000
v -0.01179400 -0.02451000 0.01450000
v -0.01566100 0.02168800 0.01430000
v -0.01584000 0.02177600 0.01450000
v -0.01586400 0.02067300 0.01430000
v -0.01606400 0.02066000 0.01450000
v -0.01553300 0.01969300 0.01430000
v -0.01570000 0.01958200 0.01450000
v -0.01553300 -0.01969300 0.01430000
v -0.01570000 -0.01958200 0.01450000
v -0.01586400 -0.02067300 0.01430000
v -0.01606400 -0.02066000 0.01450000
v -0.01566100 -0.02168800 0.01430000
v -0.01584000 -0.02177600 0.01450000
v -0.01958200 0.01570000 0.01450000
v -0.01969300 0.01553300 0.01430000
v -0.01841900 0.01505600 0.01430000
v -0.01839300 0.01525500 0.01450000
v -0.01706500 0.01519100 0.01430000
v -0.01712900 0.01538000 0.01450000
v -0.01591000 0.01591000 0.01430000
v -0.01605100 0.01605100 0.01450000
v -0.01519100 0.01706500 0.01430000
v -0.01538000 0.01712900 0.01450000
v -0.01505600 0.01841900 0.01430000
v -0.01525500 0.01839300 0.01450000
v -0.01505600 -0.01841900 0.01430000
v -0.01525500 -0.01839300 0.01450000
v -0.01519100 -0.01706500 0.01430000
v -0.01538000 -0.01712900 0.01450000
v -0.01591000 -0.01591000 0.01430000
v -0.01605100 -0.01605100 0.01450000
v -0.01706500 -0.01519100 0.01430000
v -0.01712900 -0.01538000 0.01450000
v -0.01841900 -0.01505600 0.01430000
v -0.01839300 -0.01525500 0.01450000
v -0.01969300 -0.01553300 0.01430000
v -0.01958200 -0.01570000 0.01450000
v -0.02067300 0.01586400 0.01430000
v -0.02066000 0.01606400 0.01450000
v -0.02168800 0.01566100 0.01430000
v -0.02177600 0.01584000 0.01450000
v -0.02246500 0.01497800 0.01430000
v -0.02263100 0.01508900 0.01450000
v -0.02246500 -0.01497800 0.01430000
v -0.02263100 -0.01508900 0.01450000
v -0.02168800 -0.01566100 0.01430000
v -0.02177600 -0.01584000 0.01450000
v -0.02067300 -0.01586400 0.01430000
v -0.02066000 -0.01606400 0.01450000
v -0.02465300 0.01101000 0.01430000
v -0.02483600 0.01109200 0.01450000
v -0.02614700 0.00673300 0.01430000
v -0.02634100 0.00678200 0.01450000
v -0.02690500 0.00226500 0.01430000
v -0.02710400 0.00228200 0.01450000
v -0.02690500 -0.00226500 0.01430000
v -0.02710400 -0.00228200 0.01450000
v -0.02614700 -0.00673300 0.01430000
v -0.02634100 -0.00678200 0.01450000
v -0.02465300 -0.01101000 0.01430000
v -0.02483600 -0.01109200 0.01450000
v -0.01928700 -0.01730600 0.01340000
v -0.01976300 -0.01703100 0.01340000
v -0.01976300 -0.01703100 0.01340000
v -0.01948100 -0.01803100 0.01340000
v -0.01948100 -0.01803100 0.01340000
v -0.02003100 -0.01803100 0.01340000
v -0.02003100 -0.01803100 0.01340000
v -0.01928700 -0.01875600 0.01340000
v -0.01976300 -0.01903100 0.01340000
v -0.01875600 -0.01928700 0.01340000
v -0.01903100 -0.01976300 0.01340000
v -0.01803100 -0.01948100 0.01340000
v -0.01803100 -0.02003100 0.01340000
v -0.01730600 -0.01928700 0.01340000
v -0.01703100 -0.01976300 0.01340000
v -0.01703100 -0.01976300 0.01340000
v -0.01677500 -0.01875600 0.01340000
v -0.01677500 -0.01875600 0.01340000
v -0.01629900 -0.01903100 0.01340000
v -0.01629900 -0.01903100 0.01340000
v -0.01629900 -0.01903100 0.01340000
v -0.01658100 -0.01803100 0.01340000
v -0.01658100 -0.01803100 0.01340000
v -0.01603100 -0.01803100 0.01340000
v -0.01603100 -0.01803100 0.01340000
v -0.01603100 -0.01803100 0.01340000
v -0.01677500 -0.01730600 0.01340000
v -0.01677500 -0.01730600 0.01340000
v -0.01677500 -0.01730600 0.01340000
v -0.01629900 -0.01703100 0.01340000
v -0.01629900 -0.01703100 0.01340000
v -0.01629900 -0.01703100 0.01340000
v -0.01730600 -0.01677500 0.01340000
v -0.01730600 -0.01677500 0.01340000
v -0.01703100 -0.01629900 0.01340000
v -0.01803100 -0.01658100 0.01340000
v -0.01803100 -0.01603100 0.01340000
v -0.01875600 -0.01677500 0.01340000
v -0.01903100 -0.01629900 0.01340000
v -0.01803100 -0.01603100 0.01340000
v -0.01803100 -0.01603100 0.01430000
v -0.01803100 -0.01603100 0.01430000
v -0.01903100 -0.01629900 0.01340000
v -0.01903100 -0.01629900 0.01340000
v -0.01903100 -0.01629900 0.01430000
v -0.01903100 -0.01629900 0.01340000
v -0.01903100 -0.01629900 0.01430000
v -0.01903100 -0.01629900 0.01430000
v -0.01976300 -0.01703100 0.01340000
v -0.01976300 -0.01703100 0.01340000
v -0.01976300 -0.01703100 0.01430000
v -0.01976300 -0.01703100 0.01340000
v -0.01976300 -0.01703100 0.01430000
v -0.01976300 -0.01703100 0.01430000
v -0.02003100 -0.01803100 0.01340000
v -0.02003100 -0.01803100 0.01340000
v -0.02003100 -0.01803100 0.01430000
v -0.02003100 -0.01803100 0.01340000
v -0.02003100 -0.01803100 0.01430000
v -0.01976300 -0.01903100 0.01340000
v -0.01976300 -0.01903100 0.01430000
v -0.01976300 -0.01903100 0.01340000
v -0.01976300 -0.01903100 0.01430000
v -0.01976300 -0.01903100 0.01430000
v -0.01903100 -0.01976300 0.01340000
v -0.01903100 -0.01976300 0.01340000
v -0.01903100 -0.01976300 0.01430000
v -0.01903100 -0.01976300 0.01340000
v -0.01903100 -0.01976300 0.01430000
v -0.01903100 -0.01976300 0.01430000
v -0.01803100 -0.02003100 0.01340000
v -0.01803100 -0.02003100 0.01340000
v -0.01803100 -0.02003100 0.01430000
v -0.01803100 -0.02003100 0.01340000
v -0.01803100 -0.02003100 0.01430000
v -0.01803100 -0.02003100 0.01430000
v -0.01703100 -0.01976300 0.01340000
v -0.01703100 -0.01976300 0.01340000
v -0.01703100 -0.01976300 0.01430000
v -0.01703100 -0.01976300 0.01340000
v -0.01703100 -0.01976300 0.01430000
v -0.01703100 -0.01976300 0.01430000
v -0.01629900 -0.01903100 0.01340000
v -0.01629900 -0.01903100 0.01340000
v -0.01629900 -0.01903100 0.01430000
v -0.01629900 -0.01903100 0.01340000
v -0.01629900 -0.01903100 0.01430000
v -0.01629900 -0.01903100 0.01430000
v -0.01603100 -0.01803100 0.01340000
v -0.01603100 -0.01803100 0.01340000
v -0.01603100 -0.01803100 0.01430000
v -0.01603100 -0.01803100 0.01340000
v -0.01603100 -0.01803100 0.01430000
v -0.01603100 -0.01803100 0.01430000
v -0.01629900 -0.01703100 0.01340000
v -0.01629900 -0.01703100 0.01340000
v -0.01629900 -0.01703100 0.01430000
v -0.01629900 -0.01703100 0.01340000
v -0.01629900 -0.01703100 0.01430000
v -0.01629900 -0.01703100 0.01430000
v -0.01703100 -0.01629900 0.01340000
v -0.01703100 -0.01629900 0.01340000
v -0.01703100 -0.01629900 0.01430000
v -0.01703100 -0.01629900 0.01340000
v -0.01703100 -0.01629900 0.01430000
v -0.01703100 -0.01629900 0.01430000
v -0.01803100 -0.01603100 0.01340000
v -0.01803100 -0.01603100 0.01340000
v -0.01803100 -0.01603100 0.01430000
v 0.01948100 -0.01803100 0.01340000
v 0.01948100 -0.01803100 0.01340000
v 0.02003100 -0.01803100 0.01340000
v 0.02003100 -0.01803100 0.01340000
v 0.01928700 -0.01730600 0.01340000
v 0.01976300 -0.01703100 0.01340000
v 0.01875600 -0.01677500 0.01340000
v 0.01903100 -0.01629900 0.01340000
v 0.01803100 -0.01658100 0.01340000
v 0.01803100 -0.01603100 0.01340000
v 0.01730600 -0.01677500 0.01340000
v 0.01703100 -0.01629900 0.01340000
v 0.01703100 -0.01629900 0.01340000
v 0.01677500 -0.01730600 0.01340000
v 0.01677500 -0.01730600 0.01340000
v 0.01629900 -0.01703100 0.01340000
v 0.01629900 -0.01703100 0.01340000
v 0.01629900 -0.01703100 0.01340000
v 0.01658100 -0.01803100 0.01340000
v 0.01658100 -0.01803100 0.01340000
v 0.01603100 -0.01803100 0.01340000
v 0.01603100 -0.01803100 0.01340000
v 0.01603100 -0.01803100 0.01340000
v 0.01677500 -0.01875600 0.01340000
v 0.01677500 -0.01875600 0.01340000
v 0.01677500 -0.01875600 0.01340000
v 0.01629900 -0.01903100 0.01340000
v 0.01629900 -0.01903100 0.01340000
v 0.01629900 -0.01903100 0.01340000
v 0.01730600 -0.01928700 0.01340000
v 0.01730600 -0.01928700 0.01340000
v 0.01703100 -0.01976300 0.01340000
v 0.01803100 -0.01948100 0.01340000
v 0.01803100 -0.02003100 0.01340000
v 0.01875600 -0.01928700 0.01340000
v 0.01903100 -0.01976300 0.01340000
v 0.01928700 -0.01875600 0.01340000
v 0.01976300 -0.01903100 0.01340000
v 0.01976300 -0.01903100 0.01340000
v 0.01803100 -0.01603100 0.01340000
v 0.01803100 -0.01603100 0.01430000
v 0.01803100 -0.01603100 0.01430000
v 0.01703100 -0.01629900 0.01340000
v 0.01703100 -0.01629900 0.01340000
v 0.01703100 -0.01629900 0.01430000
v 0.01703100 -0.01629900 0.01340000
v 0.01703100 -0.01629900 0.01430000
v 0.01703100 -0.01629900 0.01430000
v 0.01629900 -0.01703100 0.01340000
v 0.01629900 -0.01703100 0.01340000
v 0.01629900 -0.01703100 0.01430000
v 0.01629900 -0.01703100 0.01340000
v 0.01629900 -0.01703100 0.01430000
v 0.01629900 -0.01703100 0.01430000
v 0.01603100 -0.01803100 0.01340000
v 0.01603100 -0.01803100 0.01340000
v 0.01603100 -0.01803100 0.01430000
v 0.01603100 -0.01803100 0.01340000
v 0.01603100 -0.01803100 0.01430000
v 0.01603100 -0.01803100 0.01430000
v 0.01629900 -0.01903100 0.01340000
v 0.01629900 -0.01903100 0.01340000
v 0.01629900 -0.01903100 0.01430000
v 0.01629900 -0.01903100 0.01340000
v 0.01629900 -0.01903100 0.01430000
v 0.01629900 -0.01903100 0.01430000
v 0.01703100 -0.01976300 0.01340000
v 0.01703100 -0.01976300 0.01340000
v 0.01703100 -0.01976300 0.01430000
v 0.01703100 -0.01976300 0.01340000
v 0.01703100 -0.01976300 0.01430000
v 0.01703100 -0.01976300 0.01430000
v 0.01803100 -0.02003100 0.01340000
v 0.01803100 -0.02003100 0.01340000
v 0.01803100 -0.02003100 0.01430000
v 0.01803100 -0.02003100 0.01340000
v 0.01803100 -0.02003100 0.01430000
v 0.01803100 -0.02003100 0.01430000
v 0.01903100 -0.01976300 0.01340000
v 0.01903100 -0.01976300 0.01340000
v 0.01903100 -0.01976300 0.01430000
v 0.01903100 -0.01976300 0.01340000
v 0.01903100 -0.01976300 0.01430000
v 0.01903100 -0.01976300 0.01430000
v 0.01976300 -0.01903100 0.01340000
v 0.01976300 -0.01903100 0.01340000
v 0.01976300 -0.01903100 0.01430000
v 0.01976300 -0.01903100 0.01340000
v 0.01976300 -0.01903100 0.01430000
v 0.02003100 -0.01803100 0.01340000
v 0.02003100 -0.01803100 0.01430000
v 0.02003100 -0.01803100 0.01340000
v 0.02003100 -0.01803100 0.01430000
v 0.02003100 -0.01803100 0.01430000
v 0.01976300 -0.01703100 0.01340000
v 0.01976300 -0.01703100 0.01340000
v 0.01976300 -0.01703100 0.01430000
v 0.01976300 -0.01703100 0.01340000
v 0.01976300 -0.01703100 0.01430000
v 0.01976300 -0.01703100 0.01430000
v 0.01903100 -0.01629900 0.01340000
v 0.01903100 -0.01629900 0.01340000
v 0.01903100 -0.01629900 0.01430000
v 0.01903100 -0.01629900 0.01340000
v 0.01903100 -0.01629900 0.01430000
v 0.01903100 -0.01629900 0.01430000
v 0.01803100 -0.01603100 0.01340000
v 0.01803100 -0.01603100 0.01340000
v 0.01803100 -0.01603100 0.01430000
v 0.01803100 0.01658100 0.01340000
v 0.01803100 0.01603100 0.01340000
v 0.01875600 0.01677500 0.01340000
v 0.01903100 0.01629900 0.01340000
v 0.01928700 0.01730600 0.01340000
v 0.01976300 0.01703100 0.01340000
v 0.01976300 0.01703100 0.01340000
v 0.01948100 0.01803100 0.01340000
v 0.01948100 0.01803100 0.01340000
v 0.02003100 0.01803100 0.01340000
v 0.02003100 0.01803100 0.01340000
v 0.01928700 0.01875600 0.01340000
v 0.01976300 0.01903100 0.01340000
v 0.01875600 0.01928700 0.01340000
v 0.01903100 0.01976300 0.01340000
v 0.01803100 0.01948100 0.01340000
v 0.01803100 0.02003100 0.01340000
v 0.01730600 0.01928700 0.01340000
v 0.01703100 0.01976300 0.01340000
v 0.01703100 0.01976300 0.01340000
v 0.01677500 0.01875600 0.01340000
v 0.01677500 0.01875600 0.01340000
v 0.01629900 0.01903100 0.01340000
v 0.01629900 0.01903100 0.01340000
v 0.01629900 0.01903100 0.01340000
v 0.01658100 0.01803100 0.01340000
v 0.01658100 0.01803100 0.01340000
v 0.01603100 0.01803100 0.01340000
v 0.01603100 0.01803100 0.01340000
v 0.01603100 0.01803100 0.01340000
v 0.01677500 0.01730600 0.01340000
v 0.01677500 0.01730600 0.01340000
v 0.01677500 0.01730600 0.01340000
v 0.01629900 0.01703100 0.01340000
v 0.01629900 0.01703100 0.01340000
v 0.01629900 0.01703100 0.01340000
v 0.01730600 0.01677500 0.01340000
v 0.01730600 0.01677500 0.01340000
v 0.01703100 0.01629900 0.01340000
v 0.01803100 0.02003100 0.01340000
v 0.01803100 0.02003100 0.01430000
v 0.01803100 0.02003100 0.01430000
v 0.01703100 0.01976300 0.01340000
v 0.01703100 0.01976300 0.01340000
v 0.01703100 0.01976300 0.01430000
v 0.01703100 0.01976300 0.01340000
v 0.01703100 0.01976300 0.01430000
v 0.01703100 0.01976300 0.01430000
v 0.01629900 0.01903100 0.01340000
v 0.01629900 0.01903100 0.01340000
v 0.01629900 0.01903100 0.01430000
v 0.01629900 0.01903100 0.01340000
v 0.01629900 0.01903100 0.01430000
v 0.01629900 0.01903100 0.01430000
v 0.01603100 0.01803100 0.01340000
v 0.01603100 0.01803100 0.01340000
v 0.01603100 0.01803100 0.01430000
v 0.01603100 0.01803100 0.01340000
v 0.01603100 0.01803100 0.01430000
v 0.01603100 0.01803100 0.01430000
v 0.01629900 0.01703100 0.01340000
v 0.01629900 0.01703100 0.01340000
v 0.01629900 0.01703100 0.01430000
v 0.01629900 0.01703100 0.01340000
v 0.01629900 0.01703100 0.01430000
v 0.01629900 0.01703100 0.01430000
v 0.01703100 0.01629900 0.01340000
v 0.01703100 0.01629900 0.01340000
v 0.01703100 0.01629900 0.01430000
v 0.01703100 0.01629900 0.01340000
v 0.01703100 0.01629900 0.01430000
v 0.01703100 0.01629900 0.01430000
v 0.01803100 0.01603100 0.01340000
v 0.01803100 0.01603100 0.01340000
v 0.01803100 0.01603100 0.01430000
v 0.01803100 0.01603100 0.01340000
v 0.01803100 0.01603100 0.01430000
v 0.01803100 0.01603100 0.01430000
v 0.01903100 0.01629900 0.01340000
v 0.01903100 0.01629900 0.01340000
v 0.01903100 0.01629900 0.01430000
v 0.01903100 0.01629900 0.01340000
v 0.01903100 0.01629900 0.01430000
v 0.01903100 0.01629900 0.01430000
v 0.01976300 0.01703100 0.01340000
v 0.01976300 0.01703100 0.01340000
v 0.01976300 0.01703100 0.01430000
v 0.01976300 0.01703100 0.01340000
v 0.01976300 0.01703100 0.01430000
v 0.01976300 0.01703100 0.01430000
v 0.02003100 0.01803100 0.01340000
v 0.02003100 0.01803100 0.01340000
v 0.02003100 0.01803100 0.01430000
v 0.02003100 0.01803100 0.01340000
v 0.02003100 0.01803100 0.01430000
v 0.01976300 0.01903100 0.01340000
v 0.01976300 0.01903100 0.01430000
v 0.01976300 0.01903100 0.01340000
v 0.01976300 0.01903100 0.01430000
v 0.01976300 0.01903100 0.01430000
v 0.01903100 0.01976300 0.01340000
v 0.01903100 0.01976300 0.01340000
v 0.01903100 0.01976300 0.01430000
v 0.01903100 0.01976300 0.01340000
v 0.01903100 0.01976300 0.01430000
v 0.01903100 0.01976300 0.01430000
v 0.01803100 0.02003100 0.01340000
v 0.01803100 0.02003100 0.01340000
v 0.01803100 0.02003100 0.01430000
v -0.01677500 0.01730600 0.01340000
v -0.01677500 0.01730600 0.01340000
v -0.01629900 0.01703100 0.01340000
v -0.01629900 0.01703100 0.01340000
v -0.01629900 0.01703100 0.01340000
v -0.01658100 0.01803100 0.01340000
v -0.01658100 0.01803100 0.01340000
v -0.01603100 0.01803100 0.01340000
v -0.01603100 0.01803100 0.01340000
v -0.01603100 0.01803100 0.01340000
v -0.01677500 0.01875600 0.01340000
v -0.01677500 0.01875600 0.01340000
v -0.01677500 0.01875600 0.01340000
v -0.01629900 0.01903100 0.01340000
v -0.01629900 0.01903100 0.01340000
v -0.01629900 0.01903100 0.01340000
v -0.01730600 0.01928700 0.01340000
v -0.01730600 0.01928700 0.01340000
v -0.01703100 0.01976300 0.01340000
v -0.01803100 0.01948100 0.01340000
v -0.01803100 0.02003100 0.01340000
v -0.01875600 0.01928700 0.01340000
v -0.01903100 0.01976300 0.01340000
v -0.01928700 0.01875600 0.01340000
v -0.01976300 0.01903100 0.01340000
v -0.01976300 0.01903100 0.01340000
v -0.01948100 0.01803100 0.01340000
v -0.01948100 0.01803100 0.01340000
v -0.02003100 0.01803100 0.01340000
v -0.02003100 0.01803100 0.01340000
v -0.01928700 0.01730600 0.01340000
v -0.01976300 0.01703100 0.01340000
v -0.01875600 0.01677500 0.01340000
v -0.01903100 0.01629900 0.01340000
v -0.01803100 0.01658100 0.01340000
v -0.01803100 0.01603100 0.01340000
v -0.01730600 0.01677500 0.01340000
v -0.01703100 0.01629900 0.01340000
v -0.01703100 0.01629900 0.01340000
v -0.01803100 0.02003100 0.01340000
v -0.01803100 0.02003100 0.01430000
v -0.01803100 0.02003100 0.01430000
v -0.01903100 0.01976300 0.01340000
v -0.01903100 0.01976300 0.01340000
v -0.01903100 0.01976300 0.01430000
v -0.01903100 0.01976300 0.01340000
v -0.01903100 0.01976300 0.01430000
v -0.01903100 0.01976300 0.01430000
v -0.01976300 0.01903100 0.01340000
v -0.01976300 0.01903100 0.01340000
v -0.01976300 0.01903100 0.01430000
v -0.01976300 0.01903100 0.01340000
v -0.01976300 0.01903100 0.01430000
v -0.02003100 0.01803100 0.01340000
v -0.02003100 0.01803100 0.01430000
v -0.02003100 0.01803100 0.01340000
v -0.02003100 0.01803100 0.01430000
v -0.02003100 0.01803100 0.01430000
v -0.01976300 0.01703100 0.01340000
v -0.01976300 0.01703100 0.01340000
v -0.01976300 0.01703100 0.01430000
v -0.01976300 0.01703100 0.01340000
v -0.01976300 0.01703100 0.01430000
v -0.01976300 0.01703100 0.01430000
v -0.01903100 0.01629900 0.01340000
v -0.01903100 0.01629900 0.01340000
v -0.01903100 0.01629900 0.01430000
v -0.01903100 0.01629900 0.01340000
v -0.01903100 0.01629900 0.01430000
v -0.01903100 0.01629900 0.01430000
v -0.01803100 0.01603100 0.01340000
v -0.01803100 0.01603100 0.01340000
v -0.01803100 0.01603100 0.01430000
v -0.01803100 0.01603100 0.01340000
v -0.01803100 0.01603100 0.01430000
v -0.01803100 0.01603100 0.01430000
v -0.01703100 0.01629900 0.01340000
v -0.01703100 0.01629900 0.01340000
v -0.01703100 0.01629900 0.01430000
v -0.01703100 0.01629900 0.01340000
v -0.01703100 0.01629900 0.01430000
v -0.01703100 0.01629900 0.01430000
v -0.01629900 0.01703100 0.01340000
v -0.01629900 0.01703100 0.01340000
v -0.01629900 0.01703100 0.01430000
v -0.01629900 0.01703100 0.01340000
v -0.01629900 0.01703100 0.01430000
v -0.01629900 0.01703100 0.01430000
v -0.01603100 0.01803100 0.01340000
v -0.01603100 0.01803100 0.01340000
v -0.01603100 0.01803100 0.01430000
v -0.01603100 0.01803100 0.01340000
v -0.01603100 0.01803100 0.01430000
v -0.01603100 0.01803100 0.01430000
v -0.01629900 0.01903100 0.01340000
v -0.01629900 0.01903100 0.01340000
v -0.01629900 0.01903100 0.01430000
v -0.01629900 0.01903100 0.01340000
v -0.01629900 0.01903100 0.01430000
v -0.01629900 0.01903100 0.01430000
v -0.01703100 0.01976300 0.01340000
v -0.01703100 0.01976300 0.01340000
v -0.01703100 0.01976300 0.01430000
v -0.01703100 0.01976300 0.01340000
v -0.01703100 0.01976300 0.01430000
v -0.01703100 0.01976300 0.01430000
v -0.01803100 0.02003100 0.01340000
v -0.01803100 0.02003100 0.01340000
v -0.01803100 0.02003100 0.01430000
v 0.01703100 0.01976300 0.01430000
v 0.01703100 0.01976300 0.01430000
v 0.01693100 0.01993600 0.01450000
v 0.01629900 0.01903100 0.01430000
v 0.01629900 0.01903100 0.01430000
v 0.01612600 0.01913100 0.01450000
v 0.01612600 0.01913100 0.01450000
v 0.01603100 0.01803100 0.01430000
v 0.01603100 0.01803100 0.01430000
v 0.01583100 0.01803100 0.01450000
v 0.01583100 0.01803100 0.01450000
v 0.01629900 0.01703100 0.01430000
v 0.01629900 0.01703100 0.01430000
v 0.01612600 0.01693100 0.01450000
v 0.01612600 0.01693100 0.01450000
v 0.01703100 0.01629900 0.01430000
v 0.01703100 0.01629900 0.01430000
v 0.01693100 0.01612600 0.01450000
v 0.01693100 0.01612600 0.01450000
v 0.01803100 0.01603100 0.01430000
v 0.01803100 0.01603100 0.01430000
v 0.01803100 0.01583100 0.01450000
v 0.01803100 0.01583100 0.01450000
v 0.01903100 0.01629900 0.01430000
v 0.01903100 0.01629900 0.01430000
v 0.01913100 0.01612600 0.01450000
v 0.01913100 0.01612600 0.01450000
v 0.01976300 0.01703100 0.01430000
v 0.01976300 0.01703100 0.01430000
v 0.01993600 0.01693100 0.01450000
v 0.01993600 0.01693100 0.01450000
v 0.02003100 0.01803100 0.01430000
v 0.02023100 0.01803100 0.01450000
v 0.01976300 0.01903100 0.01430000
v 0.01993600 0.01913100 0.01450000
v 0.01903100 0.01976300 0.01430000
v 0.01913100 0.01993600 0.01450000
v 0.01803100 0.02003100 0.01430000
v 0.01803100 0.02023100 0.01450000
v 0.01693100 0.01993600 0.01450000
v 0.01703100 -0.01629900 0.01430000
v 0.01703100 -0.01629900 0.01430000
v 0.01693100 -0.01612600 0.01450000
v 0.01629900 -0.01703100 0.01430000
v 0.01629900 -0.01703100 0.01430000
v 0.01612600 -0.01693100 0.01450000
v 0.01612600 -0.01693100 0.01450000
v 0.01603100 -0.01803100 0.01430000
v 0.01603100 -0.01803100 0.01430000
v 0.01583100 -0.01803100 0.01450000
v 0.01583100 -0.01803100 0.01450000
v 0.01629900 -0.01903100 0.01430000
v 0.01629900 -0.01903100 0.01430000
v 0.01612600 -0.01913100 0.01450000
v 0.01612600 -0.01913100 0.01450000
v 0.01703100 -0.01976300 0.01430000
v 0.01703100 -0.01976300 0.01430000
v 0.01693100 -0.01993600 0.01450000
v 0.01693100 -0.01993600 0.01450000
v 0.01803100 -0.02003100 0.01430000
v 0.01803100 -0.02023100 0.01450000
v 0.01903100 -0.01976300 0.01430000
v 0.01913100 -0.01993600 0.01450000
v 0.01976300 -0.01903100 0.01430000
v 0.01993600 -0.01913100 0.01450000
v 0.02003100 -0.01803100 0.01430000
v 0.02023100 -0.01803100 0.01450000
v 0.01976300 -0.01703100 0.01430000
v 0.01993600 -0.01693100 0.01450000
v 0.01903100 -0.01629900 0.01430000
v 0.01913100 -0.01612600 0.01450000
v 0.01803100 -0.01603100 0.01430000
v 0.01803100 -0.01583100 0.01450000
v 0.01693100 -0.01612600 0.01450000
v -0.01903100 -0.01629900 0.01430000
v -0.01913100 -0.01612600 0.01450000
v -0.01976300 -0.01703100 0.01430000
v -0.01993600 -0.01693100 0.01450000
v -0.02003100 -0.01803100 0.01430000
v -0.02023100 -0.01803100 0.01450000
v -0.01976300 -0.01903100 0.01430000
v -0.01993600 -0.01913100 0.01450000
v -0.01903100 -0.01976300 0.01430000
v -0.01913100 -0.01993600 0.01450000
v -0.01803100 -0.02003100 0.01430000
v -0.01803100 -0.02003100 0.01430000
v -0.01803100 -0.02023100 0.01450000
v -0.01803100 -0.02023100 0.01450000
v -0.01703100 -0.01976300 0.01430000
v -0.01703100 -0.01976300 0.01430000
v -0.01693100 -0.01993600 0.01450000
v -0.01693100 -0.01993600 0.01450000
v -0.01629900 -0.01903100 0.01430000
v -0.01629900 -0.01903100 0.01430000
v -0.01612600 -0.01913100 0.01450000
v -0.01612600 -0.01913100 0.01450000
v -0.01603100 -0.01803100 0.01430000
v -0.01603100 -0.01803100 0.01430000
v -0.01583100 -0.01803100 0.01450000
v -0.01583100 -0.01803100 0.01450000
v -0.01629900 -0.01703100 0.01430000
v -0.01629900 -0.01703100 0.01430000
v -0.01612600 -0.01693100 0.01450000
v -0.01612600 -0.01693100 0.01450000
v -0.01703100 -0.01629900 0.01430000
v -0.01693100 -0.01612600 0.01450000
v -0.01803100 -0.01603100 0.01430000
v -0.01803100 -0.01603100 0.01430000
v -0.01693100 -0.01612600 0.01450000
v -0.01803100 -0.01583100 0.01450000
v -0.01903100 0.01976300 0.01430000
v -0.01913100 0.01993600 0.01450000
v -0.01976300 0.01903100 0.01430000
v -0.01993600 0.01913100 0.01450000
v -0.02003100 0.01803100 0.01430000
v -0.02023100 0.01803100 0.01450000
v -0.01976300 0.01703100 0.01430000
v -0.01993600 0.01693100 0.01450000
v -0.01903100 0.01629900 0.01430000
v -0.01903100 0.01629900 0.01430000
v -0.01913100 0.01612600 0.01450000
v -0.01913100 0.01612600 0.01450000
v -0.01803100 0.01603100 0.01430000
v -0.01803100 0.01583100 0.01450000
v -0.01703100 0.01629900 0.01430000
v -0.01693100 0.01612600 0.01450000
v -0.01629900 0.01703100 0.01430000
v -0.01629900 0.01703100 0.01430000
v -0.01612600 0.01693100 0.01450000
v -0.01612600 0.01693100 0.01450000
v -0.01603100 0.01803100 0.01430000
v -0.01603100 0.01803100 0.01430000
v -0.01583100 0.01803100 0.01450000
v -0.01583100 0.01803100 0.01450000
v -0.01629900 0.01903100 0.01430000
v -0.01612600 0.01913100 0.01450000
v -0.01703100 0.01976300 0.01430000
v -0.01693100 0.01993600 0.01450000
v -0.01803100 0.02003100 0.01430000
v -0.01803100 0.02023100 0.01450000
v -0.00650000 -0.00700000 0.01230000
v -0.00650000 -0.00700000 0.01000000
v -0.00650000 0.00700000 0.01230000
v -0.00650000 0.00700000 0.01000000
v -0.00950000 0.01000000 0.01230000
v -0.00950000 0.01000000 0.01000000
v -0.01650000 0.01000000 0.01230000
v -0.01650000 0.01000000 0.01000000
v -0.01650000 -0.01000000 0.01230000
v -0.01650000 -0.01000000 0.01000000
v -0.00950000 -0.01000000 0.01230000
v -0.00950000 -0.01000000 0.01000000
v -0.01650000 -0.01000000 0.01230000
v -0.01650000 0.01000000 0.01230000
v -0.01650000 -0.01000000 0.01000000
v -0.01650000 0.01000000 0.01000000
v -0.01650000 0.01000000 0.01000000
v -0.01650000 -0.01000000 0.01000000
v -0.01650000 -0.01000000 0.00900000
v -0.01650000 0.01000000 0.00900000
v -0.00752000 -0.00898000 0.01250000
v -0.00691300 -0.00807100 0.01250000
v -0.00842800 -0.00958700 0.01250000
v -0.00670000 -0.00700000 0.01250000
v -0.00670000 -0.00700000 0.01250000
v -0.00950000 -0.00980000 0.01250000
v -0.00950000 -0.00980000 0.01250000
v -0.01630000 -0.00980000 0.01250000
v -0.01630000 -0.00980000 0.01250000
v -0.00670000 0.00700000 0.01250000
v -0.00670000 0.00700000 0.01250000
v -0.00691300 0.00807100 0.01250000
v -0.00752000 0.00898000 0.01250000
v -0.00752000 0.00898000 0.01250000
v -0.01630000 0.00980000 0.01250000
v -0.01630000 0.00980000 0.01250000
v -0.00950000 0.00980000 0.01250000
v -0.00950000 0.00980000 0.01250000
v -0.00950000 0.00980000 0.01250000
v -0.00842800 0.00958700 0.01250000
v -0.01616700 -0.01121000 0.01000000
v -0.01616700 -0.01121000 0.00900000
v -0.01616700 -0.01121000 0.01000000
v -0.01616700 -0.01121000 0.00900000
v -0.01616700 -0.01121000 0.00900000
v -0.01635800 -0.01245100 0.01000000
v -0.01635800 -0.01245100 0.01000000
v -0.01635800 -0.01245100 0.00900000
v -0.01635800 -0.01245100 0.01000000
v -0.01635800 -0.01245100 0.00900000
v -0.01635800 -0.01245100 0.00900000
v -0.01704000 -0.01350500 0.01000000
v -0.01704000 -0.01350500 0.01000000
v -0.01616700 0.01121000 0.00900000
v -0.01616700 0.01121000 0.01000000
v -0.01616700 0.01121000 0.00900000
v -0.01616700 0.01121000 0.01000000
v -0.01616700 0.01121000 0.01000000
v -0.01635800 0.01245100 0.00900000
v -0.01635800 0.01245100 0.00900000
v -0.01635800 0.01245100 0.01000000
v -0.01635800 0.01245100 0.00900000
v -0.01635800 0.01245100 0.01000000
v -0.01635800 0.01245100 0.01000000
v -0.01704000 0.01350500 0.00900000
v -0.01704000 0.01350500 0.00900000
v -0.00835200 -0.00977200 0.01000000
v -0.00835200 -0.00977200 0.01230000
v -0.00835200 -0.00977200 0.01230000
v -0.00835200 -0.00977200 0.01230000
v -0.00835200 -0.00977200 0.01000000
v -0.00737900 -0.00912100 0.01000000
v -0.00737900 -0.00912100 0.01000000
v -0.00737900 -0.00912100 0.01230000
v -0.00737900 -0.00912100 0.01230000
v -0.00737900 -0.00912100 0.01000000
v -0.00672800 -0.00814800 0.01000000
v -0.00672800 -0.00814800 0.01230000
v -0.00672800 0.00814800 0.01000000
v -0.00672800 0.00814800 0.01230000
v -0.00737900 0.00912100 0.01000000
v -0.00737900 0.00912100 0.01230000
v -0.00737900 0.00912100 0.01230000
v -0.00737900 0.00912100 0.01000000
v -0.00835200 0.00977200 0.01000000
v -0.00835200 0.00977200 0.01230000
v -0.00650000 0.00700000 0.01230000
v -0.00670000 0.00700000 0.01250000
v -0.00650000 -0.00700000 0.01230000
v -0.00670000 -0.00700000 0.01250000
v -0.00672800 0.00814800 0.01230000
v -0.00691300 0.00807100 0.01250000
v -0.00737900 0.00912100 0.01230000
v -0.00752000 0.00898000 0.01250000
v -0.00835200 0.00977200 0.01230000
v -0.00842800 0.00958700 0.01250000
v -0.00950000 0.01000000 0.01230000
v -0.00950000 0.00980000 0.01250000
v -0.00950000 -0.00980000 0.01250000
v -0.00950000 -0.01000000 0.01230000
v -0.00835200 -0.00977200 0.01230000
v -0.00842800 -0.00958700 0.01250000
v -0.00737900 -0.00912100 0.01230000
v -0.00752000 -0.00898000 0.01250000
v -0.00672800 -0.00814800 0.01230000
v -0.00691300 -0.00807100 0.01250000
v -0.01650000 0.01000000 0.01230000
v -0.01630000 0.00980000 0.01250000
v -0.01630000 -0.00980000 0.01250000
v -0.01650000 -0.01000000 0.01230000
v -0.01650000 -0.01000000 0.01230000
v -0.01630000 -0.00980000 0.01250000
v -0.01630000 -0.00980000 0.01250000
v -0.01650000 0.01000000 0.01230000
v -0.01650000 0.01000000 0.01230000
v -0.01630000 0.00980000 0.01250000
vn -0.00000000 0.00000000 1.00000000
vn 0.00000000 -0.00000000 1.00000000
vn 0.00000000 -0.00000100 1.00000000
vn -0.00000000 0.00000000 1.00000000
vn -0.00000000 0.00000000 1.00000000
vn -0.00000000 0.00000100 1.00000000
vn 0.00000000 0.00000000 1.00000000
vn -0.00000000 0.00000000 1.00000000
vn 0.00000000 -0.00000000 1.00000000
vn 0.00000000 -0.00000000 1.00000000
vn 0.00000000 0.00000000 1.00000000
vn -0.00000000 0.00000000 1.00000000
vn 0.00000000 -0.00000000 1.00000000
vn 0.00000000 0.00000000 1.00000000
vn -0.00000000 0.00000000 1.00000000
vn 0.00000000 -0.00000000 1.00000000
vn -0.00000000 0.00000000 1.00000000
vn 0.00000000 0.00000000 1.00000000
vn 0.00000000 -0.00000000 1.00000000
vn 0.00000000 0.00000000 1.00000000
vn 0.00000000 0.00000000 1.00000000
vn -0.00000000 0.00000000 1.00000000
vn 0.00000000 -0.00000000 1.00000000
vn 0.00000000 -0.00000000 1.00000000
vn 0.00000000 0.00000000 1.00000000
vn -0.00000000 0.00000100 1.00000000
vn 0.00000000 -0.00000000 1.00000000
vn 0.00000000 0.00000000 1.00000000
vn 0.00000000 0.00000000 1.00000000
vn -0.00000000 0.00000100 1.00000000
vn 0.00000000 0.00000000 1.00000000
vn 0.00000000 -0.00000100 1.00000000
vn -0.00000000 0.00000100 1.00000000
vn 0.00000000 0.00000000 1.00000000
vn -0.00000000 0.00000000 1.00000000
vn 0.00000000 -0.00000100 1.00000000
vn 0.00000000 0.00000000 1.00000000
vn -0.00000000 0.00000000 1.00000000
vn -0.00000000 0.00000000 1.00000000
vn 0.00000000 0.00000000 1.00000000
vn -0.00000000 0.00000100 1.00000000
vn 0.00000000 -0.00000000 1.00000000
vn 0.00000000 0.00000000 1.00000000
vn 0.00000000 0.00000000 1.00000000
vn 0.00000000 0.00000000 1.00000000
vn 0.00000000 -0.00000000 1.00000000
vn 0.00000000 -0.00000000 1.00000000
vn 0.00000000 0.00000000 1.00000000
vn 0.00000000 0.00000000 1.00000000
vn 0.00000000 -0.00000000 1.00000000
vn 0.00000000 0.00000000 1.00000000
vn -0.00000000 0.00000100 1.00000000
vn 0.00000000 0.00000000 1.00000000
vn 0.00000000 -0.00000000 1.00000000
vn 0.00000000 0.00000000 1.00000000
vn 0.00000000 -0.00000000 1.00000000
vn -0.00000000 0.00000000 1.00000000
vn -0.77760100 -0.62875900 0.00000000
vn -0.77752400 -0.62885300 0.00000000
vn -0.63082000 -0.77592900 0.00000000
vn -0.70710700 -0.70710700 0.00000000
vn -0.63082200 -0.77592800 0.00000000
vn -0.77752400 0.62885300 0.00000000
vn -0.77760100 0.62875900 0.00000000
vn -0.63082000 0.77592900 0.00000000
vn -0.70710700 0.70710700 0.00000000
vn -0.63082200 0.77592800 0.00000000
vn 0.00000000 0.00000000 1.00000000
vn 0.00000000 0.00000000 1.00000000
vn -0.00000000 0.00000100 1.00000000
vn 0.00000000 0.00000000 1.00000000
vn 0.00000000 -0.00000600 1.00000000
vn 0.00000000 -0.00000000 1.00000000
vn -0.00000000 0.00000000 1.00000000
vn 0.00000000 0.00000000 1.00000000
vn 0.00000000 -0.00000000 1.00000000
vn -0.00000000 0.00000700 1.00000000
vn 0.00000000 -0.00000000 1.00000000
vn 0.00000000 0.00000000 1.00000000
vn -0.00000000 0.00000100 1.00000000
vn 0.00000000 -0.00000100 1.00000000
vn 0.00000000 0.00000000 1.00000000
vn -0.00000000 0.00000100 1.00000000
vn -0.00000000 0.00000000 1.00000000
vn -0.00000000 0.00000000 1.00000000
vn -0.00000000 0.00000100 1.00000000
vn 0.00000000 -0.00000100 1.00000000
vn 0.00000000 0.00000000 1.00000000
vn -0.00000000 0.00000100 1.00000000
vn 0.00000000 -0.00000100 1.00000000
vn 0.00000000 -0.00000100 1.00000000
vn 0.00000000 0.00000000 1.00000000
vn 0.00000000 0.00000000 1.00000000
vn 0.00000000 0.00000000 1.00000000
vn 0.00000000 0.00000000 1.00000000
vn -0.00000000 0.00000100 1.00000000
vn 0.00000000 0.00000000 1.00000000
vn 0.00000000 -0.00000100 1.00000000
vn -0.00000000 0.00000100 1.00000000
vn 0.00000000 -0.00000100 1.00000000
vn -0.00000000 0.00000200 1.00000000
vn 0.00000000 -0.00000500 1.00000000
vn 0.00000000 -0.00000100 1.00000000
vn -0.00000000 0.00000100 1.00000000
vn -0.00000000 0.00000100 1.00000000
vn 0.00000000 0.00000000 1.00000000
vn -0.00000000 0.00000200 1.00000000
vn 0.00000000 -0.00000700 1.00000000
vn 0.00000000 -0.00000100 1.00000000
vn 0.00000000 0.00000000 1.00000000
vn 0.00000000 0.00000000 1.00000000
vn -0.00000000 0.00000100 1.00000000
vn 0.00000000 -0.00000100 1.00000000
vn 0.00000000 0.00000000 1.00000000
vn -0.00000000 0.00000100 1.00000000
vn 0.00000000 0.00000000 1.00000000
vn 0.00000000 -0.00000100 1.00000000
vn 0.00000000 -0.00000100 1.00000000
vn 0.00000000 -0.00000100 1.00000000
vn 0.00000000 0.00000000 1.00000000
vn 0.00000000 -0.00000100 1.00000000
vn -0.00000000 0.00000100 1.00000000
vn 0.00000000 -0.00000100 1.00000000
vn 0.00000000 -0.00000100 1.00000000
vn -0.00000000 0.00000300 1.00000000
vn 0.00000000 0.00000000 1.00000000
vn 0.00000000 0.00000000 1.00000000
vn 0.00000000 0.00000000 1.00000000
vn -0.00000000 0.00000300 1.00000000
vn -0.00000000 0.00000300 1.00000000
vn -0.00000000 0.00000100 1.00000000
vn 0.00000000 -0.00000000 1.00000000
vn 0.00000000 0.00000000 1.00000000
vn -0.00000000 0.00000200 1.00000000
vn -0.00000000 0.00000100 1.00000000
vn 0.00000000 -0.00000100 1.00000000
vn -0.00000000 0.00000100 1.00000000
vn -0.00000000 0.00000200 1.00000000
vn 0.00000000 0.00000000 1.00000000
vn 0.00000000 -0.00000100 1.00000000
vn -0.00000000 0.00000700 1.00000000
vn -0.00000000 0.00000200 1.00000000
vn 0.00000000 0.00000000 1.00000000
vn 0.00000000 -0.00000000 1.00000000
vn 0.00000000 -0.00000100 1.00000000
vn 0.00000000 0.00000000 1.00000000
vn 0.00000000 -0.00000100 1.00000000
vn 0.00000000 0.00000000 1.00000000
vn 0.00000000 -0.00000000 1.00000000
vn -0.00000000 0.00000100 1.00000000
vn 0.00000000 -0.00000500 1.00000000
vn 0.00000000 0.00000000 1.00000000
vn 0.00000000 -0.00000100 1.00000000
vn -0.00000000 0.00000100 1.00000000
vn 0.00000000 0.00000000 1.00000000
vn -0.00000000 0.00000700 1.00000000
vn 0.00000000 -0.00000600 1.00000000
vn 0.00000000 0.00000000 1.00000000
vn 0.00000000 -0.00000600 1.00000000
vn 0.00000000 0.00000000 1.00000000
vn 0.00000000 0.00000000 1.00000000
vn 0.00000000 0.00000000 1.00000000
vn 0.00000000 -0.00000100 1.00000000
vn 0.00000000 -0.00000700 1.00000000
vn 0.00000000 -0.00000100 1.00000000
vn 0.00000000 0.00000000 1.00000000
vn 0.00000000 -0.00000500 1.00000000
vn -0.00000000 0.00000100 1.00000000
vn 0.00000000 0.00000000 1.00000000
vn 0.00000000 -0.00000100 1.00000000
vn 0.00000000 -0.00000500 1.00000000
vn 0.00000000 0.00000000 1.00000000
vn -0.00000000 0.00000100 1.00000000
vn 0.00000000 -0.00000100 1.00000000
vn 0.00000000 0.00000000 1.00000000
vn 0.00000000 -0.00000100 1.00000000
vn 0.00000000 0.00000000 1.00000000
vn -0.00000000 0.00000100 1.00000000
vn 0.00000000 0.00000000 1.00000000
vn 0.00000000 -0.00000100 1.00000000
vn 0.00000000 0.00000000 1.00000000
vn -0.00000000 0.00000000 1.00000000
vn 0.00000000 0.00000000 1.00000000
vn 0.00000000 0.00000000 1.00000000
vn -0.00000000 0.00000100 1.00000000
vn 0.00000000 -0.00000100 1.00000000
vn -0.00000000 0.00000100 1.00000000
vn -0.00000000 0.00000100 1.00000000
vn 0.00000000 -0.00000000 1.00000000
vn 0.00000000 -0.00000000 1.00000000
vn 0.00000000 0.00000000 1.00000000
vn -0.00000000 0.00000100 1.00000000
vn 0.00000000 -0.00000000 1.00000000
vn -0.00000000 0.00000100 1.00000000
vn 0.00000000 0.00000000 1.00000000
vn 0.00000000 -0.00000100 1.00000000
vn -0.00000000 0.00000000 1.00000000
vn 0.00000000 0.00000000 1.00000000
vn 0.00000000 0.00000000 1.00000000
vn 0.00000000 -0.00000100 1.00000000
vn -0.00000000 0.00000100 1.00000000
vn 0.00000000 -0.00000000 1.00000000
vn 0.00000000 -0.00000100 1.00000000
vn 0.00000000 0.00000000 1.00000000
vn -0.00000000 0.00000100 1.00000000
vn -0.00000000 0.00000100 1.00000000
vn 0.00000000 -0.00000100 1.00000000
vn 0.00000000 0.00000000 1.00000000
vn -0.00000000 0.00000100 1.00000000
vn -0.00000000 0.00000000 1.00000000
vn -0.00000000 0.00000000 1.00000000
vn 0.00000000 0.00000000 1.00000000
vn 0.00000000 0.00000000 1.00000000
vn 0.00000000 0.00000000 1.00000000
vn 0.00000000 -0.00000300 1.00000000
vn 0.00000000 0.00000000 1.00000000
vn 0.00000000 -0.00000300 1.00000000
vn 0.00000000 0.00000000 1.00000000
vn 0.00000000 -0.00000300 1.00000000
vn -0.00000000 0.00000100 1.00000000
vn -0.00000000 0.00000100 1.00000000
vn 0.00000000 -0.00000700 1.00000000
vn 0.00000000 0.00000000 1.00000000
vn -0.00000000 0.00000100 1.00000000
vn -0.00000000 0.00000200 1.00000000
vn 0.00000000 -0.00000500 1.00000000
vn 0.00000000 -0.00000500 1.00000000
vn -0.00000000 0.00000100 1.00000000
vn -0.00000000 0.00000300 1.00000000
vn 0.00000000 0.00000000 1.00000000
vn -0.00000000 0.00000300 1.00000000
vn -0.00000000 0.00000300 1.00000000
vn 0.00000000 0.00000000 1.00000000
vn 0.00000000 0.00000000 1.00000000
vn 0.00000000 -0.00000000 1.00000000
vn 0.00000000 0.00000000 1.00000000
vn 0.00000000 -0.00000000 1.00000000
vn -0.00000000 0.00000000 1.00000000
vn -0.00000000 0.00000000 1.00000000
vn 0.00000000 -0.00000100 1.00000000
vn -0.00000000 0.00000000 1.00000000
vn 0.00000000 0.00000000 1.00000000
vn -0.00000000 0.00000000 1.00000000
vn 0.00000000 -0.00000100 1.00000000
vn 0.00000000 0.00000000 1.00000000
vn -0.00000000 0.00000000 1.00000000
vn 0.00000000 0.00000000 1.00000000
vn 0.25886700 0.96591300 0.00000000
vn 0.25886700 0.96591300 0.00000000
vn 0.25885800 0.96591500 0.00000000
vn 0.25885800 0.96591500 0.00000000
vn 0.25886700 0.96591300 0.00000000
vn 0.25885800 0.96591500 0.00000000
vn 0.70710800 0.70710600 0.00000000
vn 0.70710800 0.70710600 0.00000000
vn 0.70710800 0.70710600 0.00000000
vn 0.70710800 0.70710600 0.00000000
vn 0.70710800 0.70710600 0.00000000
vn 0.70710800 0.70710600 0.00000000
vn 0.96592800 0.25881200 0.00000000
vn 0.96592800 0.25881200 0.00000000
vn 0.96592800 0.25881200 0.00000000
vn 0.96592800 0.25881200 0.00000000
vn 0.96592800 0.25881200 0.00000000
vn 0.96592800 0.25881200 0.00000000
vn 0.96593400 -0.25878700 0.00000000
vn 0.96593400 -0.25878700 0.00000000
vn 0.96593400 -0.25879000 0.00000000
vn 0.96593400 -0.25878700 0.00000000
vn 0.96593400 -0.25879000 0.00000000
vn 0.96593400 -0.25879000 0.00000000
vn 0.70710800 -0.70710600 0.00000000
vn 0.70710800 -0.70710600 0.00000000
vn 0.70710500 -0.70710800 0.00000000
vn 0.70710500 -0.70710800 0.00000000
vn 0.70710800 -0.70710600 0.00000000
vn 0.70710500 -0.70710800 0.00000000
vn 0.25879200 -0.96593300 0.00000000
vn 0.25879200 -0.96593300 0.00000000
vn 0.25878800 -0.96593400 0.00000000
vn 0.25879200 -0.96593300 0.00000000
vn 0.25878800 -0.96593400 0.00000000
vn 0.25878800 -0.96593400 0.00000000
vn -0.25881100 -0.96592800 0.00000000
vn -0.25881100 -0.96592800 0.00000000
vn -0.25881500 -0.96592700 0.00000000
vn -0.25881100 -0.96592800 0.00000000
vn -0.25881500 -0.96592700 0.00000000
vn -0.25881500 -0.96592700 0.00000000
vn -0.70710500 -0.70710800 0.00000000
vn -0.70710800 -0.70710600 0.00000000
vn -0.70710500 -0.70710800 0.00000000
vn -0.70710500 -0.70710800 0.00000000
vn -0.70710800 -0.70710600 0.00000000
vn -0.70710800 -0.70710600 0.00000000
vn -0.96591400 -0.25886400 0.00000000
vn -0.96591400 -0.25886200 0.00000000
vn -0.96591400 -0.25886400 0.00000000
vn -0.96591400 -0.25886400 0.00000000
vn -0.96591400 -0.25886200 0.00000000
vn -0.96591400 -0.25886200 0.00000000
vn -0.96590800 0.25888600 0.00000000
vn -0.96590800 0.25888600 0.00000000
vn -0.96590800 0.25888600 0.00000000
vn -0.96590800 0.25888600 0.00000000
vn -0.96590800 0.25888600 0.00000000
vn -0.96590800 0.25888600 0.00000000
vn -0.70710800 0.70710600 0.00000000
vn -0.70710800 0.70710600 0.00000000
vn -0.70710800 0.70710600 0.00000000
vn -0.70710800 0.70710600 0.00000000
vn -0.70710800 0.70710600 0.00000000
vn -0.70710800 0.70710600 0.00000000
vn -0.25888100 0.96590900 0.00000000
vn -0.25889000 0.96590700 0.00000000
vn -0.25888100 0.96590900 0.00000000
vn -0.25889000 0.96590700 0.00000000
vn -0.25888100 0.96590900 0.00000000
vn -0.25889000 0.96590700 0.00000000
vn 0.25889000 0.96590700 0.00000000
vn 0.25888100 0.96590900 0.00000000
vn 0.25889000 0.96590700 0.00000000
vn 0.25888100 0.96590900 0.00000000
vn 0.25889000 0.96590700 0.00000000
vn 0.25888100 0.96590900 0.00000000
vn 0.70710800 0.70710600 0.00000000
vn 0.70710800 0.70710600 0.00000000
vn 0.70710800 0.70710600 0.00000000
vn 0.70710800 0.70710600 0.00000000
vn 0.70710800 0.70710600 0.00000000
vn 0.70710800 0.70710600 0.00000000
vn 0.96590800 0.25888600 0.00000000
vn 0.96590800 0.25888600 0.00000000
vn 0.96590800 0.25888700 0.00000000
vn 0.96590800 0.25888700 0.00000000
vn 0.96590800 0.25888600 0.00000000
vn 0.96590800 0.25888700 0.00000000
vn 0.96591400 -0.25886200 0.00000000
vn 0.96591400 -0.25886400 0.00000000
vn 0.96591400 -0.25886200 0.00000000
vn 0.96591400 -0.25886400 0.00000000
vn 0.96591400 -0.25886200 0.00000000
vn 0.96591400 -0.25886400 0.00000000
vn 0.70710800 -0.70710600 0.00000000
vn 0.70710500 -0.70710800 0.00000000
vn 0.70710800 -0.70710600 0.00000000
vn 0.70710500 -0.70710800 0.00000000
vn 0.70710800 -0.70710600 0.00000000
vn 0.70710500 -0.70710800 0.00000000
vn 0.25881500 -0.96592700 0.00000000
vn 0.25881100 -0.96592800 0.00000000
vn 0.25881500 -0.96592700 0.00000000
vn 0.25881100 -0.96592800 0.00000000
vn 0.25881500 -0.96592700 0.00000000
vn 0.25881100 -0.96592800 0.00000000
vn -0.25878800 -0.96593400 0.00000000
vn -0.25878800 -0.96593400 0.00000000
vn -0.25879200 -0.96593300 0.00000000
vn -0.25878800 -0.96593400 0.00000000
vn -0.25879200 -0.96593300 0.00000000
vn -0.25879200 -0.96593300 0.00000000
vn -0.70710500 -0.70710800 0.00000000
vn -0.70710800 -0.70710600 0.00000000
vn -0.70710500 -0.70710800 0.00000000
vn -0.70710500 -0.70710800 0.00000000
vn -0.70710800 -0.70710600 0.00000000
vn -0.70710800 -0.70710600 0.00000000
vn -0.96593400 -0.25879000 0.00000000
vn -0.96593400 -0.25878800 0.00000000
vn -0.96593400 -0.25879000 0.00000000
vn -0.96593400 -0.25878800 0.00000000
vn -0.96593400 -0.25879000 0.00000000
vn -0.96593400 -0.25878800 0.00000000
vn -0.96592800 0.25881200 0.00000000
vn -0.96592800 0.25881200 0.00000000
vn -0.96592800 0.25881200 0.00000000
vn -0.96592800 0.25881200 0.00000000
vn -0.96592800 0.25881200 0.00000000
vn -0.96592800 0.25881200 0.00000000
vn -0.70710800 0.70710600 0.00000000
vn -0.70710800 0.70710600 0.00000000
vn -0.70710800 0.70710600 0.00000000
vn -0.70710800 0.70710600 0.00000000
vn -0.70710800 0.70710600 0.00000000
vn -0.70710800 0.70710600 0.00000000
vn -0.25885800 0.96591500 0.00000000
vn -0.25886700 0.96591300 0.00000000
vn -0.25885800 0.96591500 0.00000000
vn -0.25885800 0.96591500 0.00000000
vn -0.25886700 0.96591300 0.00000000
vn -0.25886700 0.96591300 0.00000000
vn 0.25881100 0.96592800 0.00000000
vn 0.25881100 0.96592800 0.00000000
vn 0.25881500 0.96592700 0.00000000
vn 0.25881500 0.96592700 0.00000000
vn 0.25881100 0.96592800 0.00000000
vn 0.25881500 0.96592700 0.00000000
vn 0.70710500 0.70710800 0.00000000
vn 0.70710800 0.70710600 0.00000000
vn 0.70710500 0.70710800 0.00000000
vn 0.70710500 0.70710800 0.00000000
vn 0.70710800 0.70710600 0.00000000
vn 0.70710800 0.70710600 0.00000000
vn 0.96591400 0.25886400 0.00000000
vn 0.96591400 0.25886200 0.00000000
vn 0.96591400 0.25886400 0.00000000
vn 0.96591400 0.25886200 0.00000000
vn 0.96591400 0.25886400 0.00000000
vn 0.96591400 0.25886200 0.00000000
vn 0.96590800 -0.25888600 0.00000000
vn 0.96590800 -0.25888600 0.00000000
vn 0.96590800 -0.25888600 0.00000000
vn 0.96590800 -0.25888600 0.00000000
vn 0.96590800 -0.25888600 0.00000000
vn 0.96590800 -0.25888600 0.00000000
vn 0.70710800 -0.70710600 0.00000000
vn 0.70710800 -0.70710600 0.00000000
vn 0.70710800 -0.70710600 0.00000000
vn 0.70710800 -0.70710600 0.00000000
vn 0.70710800 -0.70710600 0.00000000
vn 0.70710800 -0.70710600 0.00000000
vn 0.25888100 -0.96590900 0.00000000
vn 0.25889000 -0.96590700 0.00000000
vn 0.25888100 -0.96590900 0.00000000
vn 0.25888100 -0.96590900 0.00000000
vn 0.25889000 -0.96590700 0.00000000
vn 0.25889000 -0.96590700 0.00000000
vn -0.25886700 -0.96591300 0.00000000
vn -0.25885800 -0.96591500 0.00000000
vn -0.25886700 -0.96591300 0.00000000
vn -0.25886700 -0.96591300 0.00000000
vn -0.25885800 -0.96591500 0.00000000
vn -0.25885800 -0.96591500 0.00000000
vn -0.70710800 -0.70710600 0.00000000
vn -0.70710800 -0.70710600 0.00000000
vn -0.70710800 -0.70710600 0.00000000
vn -0.70710800 -0.70710600 0.00000000
vn -0.70710800 -0.70710600 0.00000000
vn -0.70710800 -0.70710600 0.00000000
vn -0.96592800 -0.25881200 0.00000000
vn -0.96592800 -0.25881200 0.00000000
vn -0.96592800 -0.25881200 0.00000000
vn -0.96592800 -0.25881200 0.00000000
vn -0.96592800 -0.25881200 0.00000000
vn -0.96592800 -0.25881200 0.00000000
vn -0.96593400 0.25878700 0.00000000
vn -0.96593400 0.25878700 0.00000000
vn -0.96593400 0.25879000 0.00000000
vn -0.96593400 0.25879000 0.00000000
vn -0.96593400 0.25878700 0.00000000
vn -0.96593400 0.25879000 0.00000000
vn -0.70710800 0.70710600 0.00000000
vn -0.70710500 0.70710800 0.00000000
vn -0.70710800 0.70710600 0.00000000
vn -0.70710800 0.70710600 0.00000000
vn -0.70710500 0.70710800 0.00000000
vn -0.70710500 0.70710800 0.00000000
vn -0.25879200 0.96593300 0.00000000
vn -0.25879200 0.96593300 0.00000000
vn -0.25878800 0.96593400 0.00000000
vn -0.25878800 0.96593400 0.00000000
vn -0.25879200 0.96593300 0.00000000
vn -0.25878800 0.96593400 0.00000000
vn 0.25878800 0.96593400 0.00000000
vn 0.25878800 0.96593400 0.00000000
vn 0.25879200 0.96593300 0.00000000
vn 0.25879200 0.96593300 0.00000000
vn 0.25878800 0.96593400 0.00000000
vn 0.25879200 0.96593300 0.00000000
vn 0.70710500 0.70710800 0.00000000
vn 0.70710500 0.70710800 0.00000000
vn 0.70710800 0.70710600 0.00000000
vn 0.70710800 0.70710600 0.00000000
vn 0.70710500 0.70710800 0.00000000
vn 0.70710800 0.70710600 0.00000000
vn 0.96593400 0.25879000 0.00000000
vn 0.96593400 0.25879000 0.00000000
vn 0.96593400 0.25878800 0.00000000
vn 0.96593400 0.25878800 0.00000000
vn 0.96593400 0.25879000 0.00000000
vn 0.96593400 0.25878800 0.00000000
vn 0.96592800 -0.25881200 0.00000000
vn 0.96592800 -0.25881200 0.00000000
vn 0.96592800 -0.25881200 0.00000000
vn 0.96592800 -0.25881200 0.00000000
vn 0.96592800 -0.25881200 0.00000000
vn 0.96592800 -0.25881200 0.00000000
vn 0.70710800 -0.70710600 0.00000000
vn 0.70710800 -0.70710600 0.00000000
vn 0.70710800 -0.70710600 0.00000000
vn 0.70710800 -0.70710600 0.00000000
vn 0.70710800 -0.70710600 0.00000000
vn 0.70710800 -0.70710600 0.00000000
vn 0.25885800 -0.96591500 0.00000000
vn 0.25885800 -0.96591500 0.00000000
vn 0.25886700 -0.96591300 0.00000000
vn 0.25885800 -0.96591500 0.00000000
vn 0.25886700 -0.96591300 0.00000000
vn 0.25886700 -0.96591300 0.00000000
vn -0.25889000 -0.96590700 0.00000000
vn -0.25889000 -0.96590700 0.00000000
vn -0.25888100 -0.96590900 0.00000000
vn -0.25889000 -0.96590700 0.00000000
vn -0.25888100 -0.96590900 0.00000000
vn -0.25888100 -0.96590900 0.00000000
vn -0.70710800 -0.70710600 0.00000000
vn -0.70710800 -0.70710600 0.00000000
vn -0.70710800 -0.70710600 0.00000000
vn -0.70710800 -0.70710600 0.00000000
vn -0.70710800 -0.70710600 0.00000000
vn -0.70710800 -0.70710600 0.00000000
vn -0.96590800 -0.25888600 0.00000000
vn -0.96590800 -0.25888600 0.00000000
vn -0.96590800 -0.25888700 0.00000000
vn -0.96590800 -0.25888700 0.00000000
vn -0.96590800 -0.25888600 0.00000000
vn -0.96590800 -0.25888700 0.00000000
vn -0.96591400 0.25886200 0.00000000
vn -0.96591400 0.25886200 0.00000000
vn -0.96591400 0.25886400 0.00000000
vn -0.96591400 0.25886400 0.00000000
vn -0.96591400 0.25886200 0.00000000
vn -0.96591400 0.25886400 0.00000000
vn -0.70710800 0.70710600 0.00000000
vn -0.70710800 0.70710600 0.00000000
vn -0.70710500 0.70710800 0.00000000
vn -0.70710500 0.70710800 0.00000000
vn -0.70710800 0.70710600 0.00000000
vn -0.70710500 0.70710800 0.00000000
vn -0.25881500 0.96592700 0.00000000
vn -0.25881500 0.96592700 0.00000000
vn -0.25881100 0.96592800 0.00000000
vn -0.25881100 0.96592800 0.00000000
vn -0.25881500 0.96592700 0.00000000
vn -0.25881100 0.96592800 0.00000000
vn 0.67403800 0.73869700 -0.00000200
vn 0.58777000 0.80902800 0.00000300
vn 0.45445800 0.89076800 -0.00000400
vn 0.41249800 0.91095800 0.00000700
vn 0.43413800 0.90084600 0.00000300
vn 0.43411800 0.90085600 0.00000000
vn 0.43412500 -0.90085300 0.00000000
vn 0.43370000 -0.90105700 0.00000000
vn 0.41249600 -0.91096000 0.00000000
vn 0.45445600 -0.89076900 0.00000000
vn 0.58776700 -0.80903000 0.00000000
vn 0.67403800 -0.73869700 0.00000000
vn 0.00000000 -0.00000100 1.00000000
vn 0.00000000 0.00000000 1.00000000
vn 0.00000000 0.00000000 1.00000000
vn -0.00000000 0.00000200 1.00000000
vn 0.00000000 -0.00000100 1.00000000
vn 0.00000000 -0.00000100 1.00000000
vn 0.00000000 0.00000000 1.00000000
vn 0.00000000 -0.00000200 1.00000000
vn 0.00000000 -0.00008000 1.00000000
vn 0.00000000 0.00000000 1.00000000
vn 0.00000000 -0.00008000 1.00000000
vn 0.00000000 -0.00008000 1.00000000
vn 0.00000000 0.00000000 1.00000000
vn 0.00000000 0.00000000 1.00000000
vn 0.00000000 -0.00000200 1.00000000
vn 0.00000000 0.00000000 1.00000000
vn -0.00000000 0.00000200 1.00000000
vn 0.00000000 0.00000000 1.00000000
vn 0.00000000 -0.00000200 1.00000000
vn -0.00000000 0.00000200 1.00000000
vn -0.00000000 0.00000200 1.00000000
vn 0.00000000 0.00000000 1.00000000
vn 0.00000000 0.00000000 1.00000000
vn -0.00000000 0.00000200 1.00000000
vn 0.00000000 -0.00000100 1.00000000
vn 0.00000000 0.00000000 1.00000000
vn 0.00000000 -0.00000700 1.00000000
vn -0.00000000 0.00000400 1.00000000
vn 0.00000000 0.00000000 1.00000000
vn 0.00000000 -0.00000000 1.00000000
vn 0.00000000 -0.00000000 1.00000000
vn 0.00000000 0.00000000 1.00000000
vn 0.00000000 0.00000000 1.00000000
vn 0.00000000 -0.00000000 1.00000000
vn -0.00000000 0.00000100 1.00000000
vn 0.00000000 0.00000000 1.00000000
vn -0.00000000 0.00000100 1.00000000
vn 0.00000000 0.00000000 1.00000000
vn -0.00000000 0.00000100 1.00000000
vn 0.00000000 0.00000000 1.00000000
vn 0.00000000 0.00000000 1.00000000
vn 0.00000000 -0.00000100 1.00000000
vn 0.00000000 0.00000000 1.00000000
vn 0.00000000 0.00000000 1.00000000
vn -0.00000000 0.00000200 1.00000000
vn 0.00000000 -0.00000100 1.00000000
vn 0.00000000 -0.00000400 1.00000000
vn 0.00000000 0.00000000 1.00000000
vn -0.00000000 0.00000000 1.00000000
vn -0.00000000 0.00000100 1.00000000
vn 0.00000000 0.00000000 1.00000000
vn 0.00000000 -0.00000400 1.00000000
vn 0.00000000 -0.00000400 1.00000000
vn -0.00000000 0.00000100 1.00000000
vn 0.00000000 0.00000000 1.00000000
vn 0.00000000 -0.00000100 1.00000000
vn 0.00000000 0.00000000 1.00000000
vn 0.00000000 -0.00001100 1.00000000
vn -0.00000000 0.00000500 1.00000000
vn -0.00000000 0.00000100 1.00000000
vn 0.00000000 -0.00000100 1.00000000
vn 0.00000000 0.00000000 1.00000000
vn 0.00000000 -0.00000100 1.00000000
vn -0.00000000 0.00000100 1.00000000
vn 0.00000000 0.00000000 1.00000000
vn -0.00000000 0.00000100 1.00000000
vn -0.00000000 0.00000000 1.00000000
vn 0.00000000 0.00000000 1.00000000
vn -0.00000000 0.00000100 1.00000000
vn -0.00000000 0.00000000 1.00000000
vn 0.00000000 0.00000000 1.00000000
vn 0.00000000 -0.00000200 1.00000000
vn 0.00000000 -0.00000200 1.00000000
vn 0.00000000 0.00000000 1.00000000
vn 0.00000000 -0.00000100 1.00000000
vn 0.00000000 -0.00000200 1.00000000
vn -0.00000000 0.00000100 1.00000000
vn 0.00000000 -0.00000100 1.00000000
vn 0.00000000 -0.00000100 1.00000000
vn -0.00000000 0.00000100 1.00000000
vn 0.00000000 -0.00000100 1.00000000
vn -0.00000000 0.00000100 1.00000000
vn -0.00000000 0.00000100 1.00000000
vn 0.00000000 -0.00000100 1.00000000
vn 0.00000000 0.00000000 1.00000000
vn 0.00000000 -0.00000100 1.00000000
vn -0.00000000 0.00000100 1.00000000
vn 0.00000000 -0.00000100 1.00000000
vn -0.00000000 0.00000100 1.00000000
vn 0.00000000 0.00000000 1.00000000
vn 0.00000000 0.00000000 1.00000000
vn 0.00000000 -0.00000100 1.00000000
vn 0.00000000 -0.00000100 1.00000000
vn 0.00000000 0.00000000 1.00000000
vn 0.00000000 0.00000000 1.00000000
vn -0.00000000 0.00000200 1.00000000
vn 0.00000000 0.00000000 1.00000000
vn 0.00000000 0.00000000 1.00000000
vn 0.00000000 0.00000000 1.00000000
vn 0.00000000 0.00000000 1.00000000
vn 0.00000000 -0.00000100 1.00000000
vn 0.00000000 0.00000000 1.00000000
vn 0.00000000 0.00000000 1.00000000
vn 0.00000000 -0.00000100 1.00000000
vn -0.00000000 0.00005700 1.00000000
vn 0.00000000 -0.00000200 1.00000000
vn 0.00000000 -0.00000200 1.00000000
vn 0.00000000 0.00000000 1.00000000
vn 0.00000000 0.00000000 1.00000000
vn 0.00000000 -0.00000200 1.00000000
vn 0.00000000 0.00000000 1.00000000
vn 0.00000000 0.00000000 1.00000000
vn 0.00000000 0.00000000 1.00000000
vn -0.00000000 0.00000200 1.00000000
vn 0.00000000 0.00000000 1.00000000
vn -0.00000000 0.00000200 1.00000000
vn 0.00000000 0.00000000 1.00000000
vn 0.00000000 0.00000000 1.00000000
vn 0.00000000 -0.00001100 1.00000000
vn 0.00000000 0.00000000 1.00000000
vn -0.00000000 0.00000500 1.00000000
vn 0.00000000 -0.00000500 1.00000000
vn 0.00000000 0.00000000 1.00000000
vn 0.00000000 -0.00000500 1.00000000
vn 0.00000000 -0.00000300 1.00000000
vn -0.00000000 0.00000100 1.00000000
vn 0.00000000 0.00000000 1.00000000
vn -0.00000000 0.00000100 1.00000000
vn 0.00000000 0.00000000 1.00000000
vn 0.00000000 0.00000000 1.00000000
vn -0.00000000 0.00000100 1.00000000
vn 0.00000000 0.00000000 1.00000000
vn 0.00000000 -0.00011800 1.00000000
vn -0.00000000 0.00008400 1.00000000
vn 0.00000000 -0.00011800 1.00000000
vn -0.00000000 0.00008400 1.00000000
vn 0.00000000 -0.00011800 1.00000000
vn 0.00000000 -0.00001100 1.00000000
vn 0.00000000 0.00000000 1.00000000
vn -0.00000000 0.00000500 1.00000000
vn 0.00000000 -0.00000500 1.00000000
vn 0.00000000 0.00000000 1.00000000
vn 0.00000000 0.00000000 1.00000000
vn -0.00000000 0.00000100 1.00000000
vn -0.00000000 0.00000100 1.00000000
vn 0.00000000 0.00000000 1.00000000
vn 0.00000000 -0.00000300 1.00000000
vn 0.00000000 0.00000000 1.00000000
vn -0.00000000 0.00000100 1.00000000
vn 0.00000000 -0.00000300 1.00000000
vn 0.00000000 0.00000000 1.00000000
vn 0.00000000 0.00000000 1.00000000
vn 0.00000000 -0.00000500 1.00000000
vn 0.00000000 0.00000000 1.00000000
vn 0.00000000 -0.00000500 1.00000000
vn 0.00000000 -0.00000500 1.00000000
vn 0.00000000 0.00000000 1.00000000
vn 0.00000000 0.00000000 1.00000000
vn 0.00000000 0.00000000 1.00000000
vn 0.00000000 -0.00000700 1.00000000
vn 0.00000000 0.00000000 1.00000000
vn -0.00000000 0.00000400 1.00000000
vn 0.00000000 0.00000000 1.00000000
vn 0.00000000 -0.00000700 1.00000000
vn -0.00000000 0.00000400 1.00000000
vn 0.00000000 0.00000000 1.00000000
vn 0.00000000 0.00000000 1.00000000
vn 0.00000000 0.00000000 1.00000000
vn -0.00000000 0.00005700 1.00000000
vn -0.00000000 0.00005700 1.00000000
vn 0.00000000 0.00000000 1.00000000
vn 0.00000000 0.00000000 1.00000000
vn 0.00000000 -0.00000100 1.00000000
vn 0.00000000 0.00000000 1.00000000
vn -0.00000000 0.00008400 1.00000000
vn -0.00000000 0.00000000 1.00000000
vn 0.00000000 -0.00000000 1.00000000
vn 0.00000000 0.00000000 1.00000000
vn 0.00000000 0.00000000 1.00000000
vn 0.00000000 -0.00000000 1.00000000
vn 0.00000000 0.00000000 1.00000000
vn 0.00000000 0.00000000 1.00000000
vn 0.00000000 -0.00000100 1.00000000
vn 0.00000000 0.00000000 1.00000000
vn 0.00000000 -0.00000100 1.00000000
vn 0.00000000 -0.00000100 1.00000000
vn 0.00000000 -0.00000100 1.00000000
vn 0.00000000 -0.00000100 1.00000000
vn 0.00000000 0.00000000 1.00000000
vn 0.00000000 -0.00000100 1.00000000
vn 0.00000000 0.00000000 1.00000000
vn 0.00000000 0.00000000 1.00000000
vn -0.00000000 0.00000100 1.00000000
vn 0.00000000 0.00000000 1.00000000
vn 0.00000000 0.00000000 1.00000000
vn -0.00000000 0.00000100 1.00000000
vn 0.00000000 0.00000000 1.00000000
vn -0.00000000 0.00000100 1.00000000
vn 0.00000000 0.00000000 1.00000000
vn 0.00000000 0.00000000 1.00000000
vn 0.00000000 0.00000000 1.00000000
vn 0.00000000 0.00000000 1.00000000
vn 0.00000000 0.00000000 1.00000000
vn -0.00000000 0.00000000 1.00000000
vn 0.00000000 0.00000000 1.00000000
vn 0.00000000 -0.00000000 1.00000000
vn -0.00000000 0.00000000 1.00000000
vn 0.00000000 0.00000000 1.00000000
vn 0.00000000 0.00000000 1.00000000
vn 0.00000000 0.00000000 1.00000000
vn 0.00000000 0.00000000 1.00000000
vn 0.00000000 0.00000000 1.00000000
vn 0.00000000 0.00000000 1.00000000
vn 0.00000000 -0.00000300 1.00000000
vn 0.00000000 0.00000000 1.00000000
vn 0.00000000 -0.00000300 1.00000000
vn 0.00000000 -0.00003900 1.00000000
vn 0.00000000 -0.00000300 1.00000000
vn 0.00000000 -0.00003900 1.00000000
vn 0.00000000 -0.00003900 1.00000000
vn 0.00000000 0.00000000 1.00000000
vn 0.00000000 0.00000000 1.00000000
vn 0.00000000 0.00000000 1.00000000
vn 0.00000000 0.00000000 1.00000000
vn 0.00000000 -0.00000400 1.00000000
vn 0.00000000 -0.00000400 1.00000000
vn -0.00000000 0.00000300 1.00000000
vn 0.00000000 0.00000000 1.00000000
vn 0.00000000 -0.00000000 1.00000000
vn -0.00000000 0.00001500 1.00000000
vn -0.00000000 0.00000300 1.00000000
vn 0.00000000 -0.00000400 1.00000000
vn -0.00000000 0.00000100 1.00000000
vn 0.00000000 -0.00000200 1.00000000
vn 0.00000000 0.00000000 1.00000000
vn -0.00000000 0.00000300 1.00000000
vn 0.00000000 -0.00000200 1.00000000
vn 0.00000000 0.00000000 1.00000000
vn 0.00000000 0.00000000 1.00000000
vn 0.00000000 -0.00000000 1.00000000
vn 0.00000000 0.00000000 1.00000000
vn 0.00000000 -0.00000000 1.00000000
vn 0.00000000 0.00000000 1.00000000
vn 0.00000000 0.00000000 1.00000000
vn 0.00000000 -0.00000000 1.00000000
vn 0.00000000 0.00000000 1.00000000
vn 0.00000000 0.00000000 1.00000000
vn 0.00000000 -0.00000000 1.00000000
vn -0.00000000 0.00000000 1.00000000
vn 0.00000000 0.00000000 1.00000000
vn -0.00000000 0.00000000 1.00000000
vn 0.00000000 -0.00000000 1.00000000
vn 0.00000000 -0.00000000 1.00000000
vn 0.00000000 -0.00000000 1.00000000
vn -0.00000000 0.00000000 1.00000000
vn 0.00000000 0.00000000 1.00000000
vn 0.00000000 0.00000000 1.00000000
vn -0.00000000 0.00001500 1.00000000
vn 0.00000000 0.00000000 1.00000000
vn 0.00000000 0.00000000 1.00000000
vn -0.00000000 0.00001500 1.00000000
vn 0.00000000 -0.00002700 1.00000000
vn -0.00000000 0.00001500 1.00000000
vn 0.00000000 -0.00002700 1.00000000
vn 0.00000000 0.00000000 1.00000000
vn 0.00000000 -0.00000000 1.00000000
vn -0.00000000 0.00001500 1.00000000
vn -0.00000000 0.00000100 1.00000000
vn 0.00000000 -0.00002700 1.00000000
vn -0.00000000 0.00001500 1.00000000
vn 0.00000000 0.00000000 1.00000000
vn 0.00000000 -0.00000000 1.00000000
vn 0.00000000 -0.00000000 1.00000000
vn 0.00000000 0.00000000 1.00000000
vn 0.00000000 -0.00000000 1.00000000
vn 0.00000000 0.00000000 1.00000000
vn -0.00000000 0.00000000 1.00000000
vn 0.00000000 0.00000000 1.00000000
vn -0.00000000 0.00000000 1.00000000
vn -0.00000000 0.00000000 1.00000000
vn 0.00000000 0.00000000 1.00000000
vn 0.00000000 -0.00000200 1.00000000
vn -0.00000000 0.00000100 1.00000000
vn -0.00000000 0.00000100 1.00000000
vn 0.00000000 -0.00000000 1.00000000
vn -0.00000000 0.00000100 1.00000000
vn -0.00000000 0.00000100 1.00000000
vn 0.00000000 0.00000000 1.00000000
vn 0.00000000 0.00000000 1.00000000
vn 0.00000000 0.00000000 1.00000000
vn 0.00000000 0.00000000 1.00000000
vn 0.00000000 0.00000000 1.00000000
vn 0.00000000 0.00000000 1.00000000
vn 0.00000000 -0.00000000 1.00000000
vn 0.00000000 -0.00000000 1.00000000
vn 0.00000000 0.00000000 1.00000000
vn -0.00000000 0.00000200 1.00000000
vn 0.00000000 0.00000000 1.00000000
vn -0.00000000 0.00000200 1.00000000
vn 0.00000000 -0.00000100 1.00000000
vn 0.00000000 -0.00004400 1.00000000
vn 0.00000000 -0.00004400 1.00000000
vn 0.00000000 -0.00004400 1.00000000
vn 0.00000000 0.00000000 1.00000000
vn 0.00000000 -0.00000100 1.00000000
vn 0.00000000 0.00000000 1.00000000
vn -0.00000000 0.00000200 1.00000000
vn 0.00000000 0.00000000 1.00000000
vn 0.00000000 -0.00001300 1.00000000
vn 0.00000000 -0.00000100 1.00000000
vn 0.00000000 -0.00008300 1.00000000
vn 0.00000000 -0.00008300 1.00000000
vn -0.00000000 0.00000100 1.00000000
vn 0.00000000 0.00000000 1.00000000
vn -0.00000000 0.00000200 1.00000000
vn 0.00000000 0.00000000 1.00000000
vn 0.00000000 -0.00008300 1.00000000
vn -0.00000000 0.00000200 1.00000000
vn 0.00000000 0.00000000 1.00000000
vn -0.00000000 0.00000100 1.00000000
vn 0.00000000 0.00000000 1.00000000
vn -0.00000000 0.00000100 1.00000000
vn -0.00000000 0.00000200 1.00000000
vn -0.00000000 0.00000400 1.00000000
vn 0.00000000 -0.00000300 1.00000000
vn -0.00000000 0.00000400 1.00000000
vn 0.00000000 -0.00001500 1.00000000
vn -0.00000000 0.00000400 1.00000000
vn 0.00000000 -0.00000300 1.00000000
vn -0.00000000 0.00000200 1.00000000
vn 0.00000000 -0.00000100 1.00000000
vn 0.00000000 0.00000000 1.00000000
vn -0.00000000 0.00000000 1.00000000
vn 0.00000000 0.00000000 1.00000000
vn 0.00000000 -0.00000300 1.00000000
vn 0.00000000 0.00000000 1.00000000
vn -0.00000000 0.00000200 1.00000000
vn 0.00000000 0.00000000 1.00000000
vn 0.00000000 0.00000000 1.00000000
vn -0.00000000 0.00000000 1.00000000
vn 0.00000000 0.00000000 1.00000000
vn 0.00000000 0.00000000 1.00000000
vn -0.00000000 0.00000000 1.00000000
vn 0.00000000 0.00000000 1.00000000
vn -0.00000000 0.00000000 1.00000000
vn -0.00000000 0.00000000 1.00000000
vn 0.00000000 -0.00000000 1.00000000
vn 0.00000000 -0.00000000 1.00000000
vn -0.00000000 0.00000000 1.00000000
vn 0.00000000 0.00000000 1.00000000
vn -0.00000000 0.00000000 1.00000000
vn 0.00000000 -0.00000000 1.00000000
vn -0.00000000 0.00000000 1.00000000
vn 0.00000000 0.00000000 1.00000000
vn -0.00000000 0.00000200 1.00000000
vn 0.00000000 -0.00001300 1.00000000
vn -0.00000000 0.00000200 1.00000000
vn -0.00000000 0.00000200 1.00000000
vn 0.00000000 -0.00001300 1.00000000
vn 0.00000000 0.00000000 1.00000000
vn 0.00000000 0.00000000 1.00000000
vn 0.00000000 0.00000000 1.00000000
vn 0.00000000 -0.00001500 1.00000000
vn 0.00000000 0.00000000 1.00000000
vn 0.00000000 -0.00001500 1.00000000
vn -0.00000000 0.00002700 1.00000000
vn 0.00000000 -0.00001500 1.00000000
vn -0.00000000 0.00000000 1.00000000
vn 0.00000000 -0.00000100 1.00000000
vn 0.00000000 -0.00001500 1.00000000
vn -0.00000000 0.00002700 1.00000000
vn 0.00000000 0.00000000 1.00000000
vn -0.00000000 0.00002700 1.00000000
vn 0.00000000 -0.00001500 1.00000000
vn -0.00000000 0.00000000 1.00000000
vn 0.00000000 0.00000000 1.00000000
vn 0.00000000 -0.00000000 1.00000000
vn 0.00000000 0.00000000 1.00000000
vn -0.00000000 0.00000000 1.00000000
vn 0.00000000 -0.00000000 1.00000000
vn 0.00000000 0.00000000 1.00000000
vn 0.00000000 0.00000000 1.00000000
vn 0.00000000 -0.00000000 1.00000000
vn 0.00000000 -0.00000100 1.00000000
vn -0.00000000 0.00000200 1.00000000
vn -0.00000000 0.00000000 1.00000000
vn 0.00000000 -0.00000100 1.00000000
vn 0.00000000 -0.00000100 1.00000000
vn 0.00000000 0.00000000 1.00000000
vn 0.00000000 -0.00000100 1.00000000
vn 0.00000000 0.00000000 1.00000000
vn 0.00000000 0.00000000 1.00000000
vn 0.00000000 0.00000000 1.00000000
vn -0.00000000 0.00000000 1.00000000
vn 0.00000000 0.00000000 1.00000000
vn 0.00000000 0.00000000 1.00000000
vn 0.00000000 0.00000000 1.00000000
vn -0.00000000 0.00000000 1.00000000
vn 0.00000000 0.00000000 1.00000000
vn 0.00000000 0.00000000 1.00000000
vn -0.00000000 0.00000000 1.00000000
vn -0.86269200 -0.50572900 0.00000000
vn -0.88670500 -0.46233500 0.00000000
vn -0.88933400 -0.45720900 0.00677100
vn -0.93794300 -0.34668700 0.00843000
vn -0.93793700 -0.34670400 0.00840300
vn -0.95367400 -0.30037100 0.01681900
vn -0.93650400 -0.35065800 0.00001300
vn -0.99508200 0.09905200 0.00000000
vn -0.99508700 0.09900900 0.00001400
vn -0.99508700 0.09900900 0.00001400
vn -0.99508200 0.09905200 0.00000000
vn -0.99508700 0.09900900 0.00001400
vn -0.99508200 0.09905200 0.00000000
vn -0.84902600 0.52835100 -0.00001200
vn -0.84904500 0.52832100 0.00000000
vn -0.84904500 0.52832100 0.00000000
vn -0.84902600 0.52835100 -0.00001200
vn -0.84904500 0.52832100 0.00000000
vn -0.84902600 0.52835100 -0.00001200
vn -0.52834000 0.84903300 0.00000000
vn -0.52832000 0.84904500 -0.00000700
vn -0.52832000 0.84904500 -0.00000700
vn -0.52832000 0.84904500 -0.00000700
vn -0.52834000 0.84903300 0.00000000
vn -0.52834000 0.84903300 0.00000000
vn -0.09900900 0.99508700 0.00000000
vn -0.09900900 0.99508700 0.00000000
vn 0.10264200 0.99470800 0.00462300
vn 0.07628500 0.99708600 0.00000000
vn 0.41586900 0.90942500 -0.00000000
vn 0.41595800 0.90938400 0.00000000
vn 0.51993800 0.85420400 0.00000600
vn 0.50571900 0.86269800 -0.00000100
vn 0.35566100 0.93459500 0.00604900
vn 0.36384000 0.93145000 0.00453200
vn 0.70710700 -0.70710700 0.00000000
vn 0.70711300 -0.70710100 -0.00000300
vn 0.70708900 -0.70712400 -0.00005100
vn 0.70711300 -0.70710100 0.00000000
vn 0.70710600 -0.70710700 0.00000000
vn 0.70710600 -0.70710700 0.00000000
vn 0.70708900 -0.70712400 -0.00005100
vn 0.70710600 -0.70710700 0.00000000
vn 0.70710700 -0.70710700 -0.00000100
vn 0.73453200 -0.67857300 0.00113900
vn 0.70712000 -0.70709300 0.00005100
vn 0.70710600 -0.70710800 0.00000300
vn 0.70710400 -0.70710900 0.00001400
vn 0.70712000 -0.70709300 0.00005100
vn 0.70710700 -0.70710600 0.00000000
vn 0.70710600 -0.70710800 0.00000300
vn 0.70710700 -0.70710700 0.00000000
vn 0.70712000 -0.70709300 0.00005100
vn 0.70708700 -0.70712700 -0.00005500
vn 0.72091900 -0.69302000 -0.00000100
vn 0.70710200 -0.70711200 -0.00001300
vn 0.70710600 -0.70710800 -0.00000200
vn 0.70710600 -0.70710800 0.00000300
vn 0.70710700 -0.70710600 0.00000000
vn 0.70710700 -0.70710600 0.00000000
vn 0.70710800 -0.70710600 0.00000000
vn 0.70710700 -0.70710700 0.00000000
vn 0.70710600 -0.70710700 0.00000100
vn 0.70710700 -0.70710700 0.00000000
vn 0.70710700 -0.70710700 0.00000000
vn 0.70710800 -0.70710600 0.00000000
vn 0.70710600 -0.70710700 0.00000100
vn 0.70710800 -0.70710600 0.00000000
vn 0.70710600 -0.70710700 0.00000100
vn 0.70710700 -0.70710700 0.00000000
vn 0.70710100 -0.70711200 0.00005400
vn 0.70710700 -0.70710700 0.00000000
vn 0.68839800 -0.72533300 -0.00000500
vn 0.68834200 -0.72538600 -0.00000400
vn 0.70710600 -0.70710800 0.00003200
vn 0.70711300 -0.70710100 -0.00000300
vn 0.70708900 -0.70712400 -0.00005100
vn 0.70711300 -0.70710100 -0.00000300
vn -0.70710700 -0.70710700 0.00000200
vn -0.70710600 -0.70710800 -0.00000500
vn -0.70710700 -0.70710700 0.00000000
vn -0.70710600 -0.70710800 -0.00000500
vn -0.70712900 -0.70708400 -0.00004700
vn -0.70710600 -0.70710800 -0.00000500
vn -0.70710700 -0.70710700 0.00000200
vn -0.70710700 -0.70710700 0.00000000
vn -0.70710000 -0.70711300 0.00000000
vn -0.67857300 -0.73453200 0.00114200
vn -0.70710600 -0.70710800 0.00000200
vn -0.70710700 -0.70710700 -0.00000500
vn -0.70710700 -0.70710600 0.00000000
vn -0.70710700 -0.70710700 0.00000000
vn -0.70711400 -0.70710000 0.00005300
vn -0.70710600 -0.70710800 0.00000200
vn -0.70710700 -0.70710700 -0.00000500
vn -0.70710700 -0.70710700 -0.00000500
vn -0.72533300 -0.68839900 -0.00000100
vn -0.72538800 -0.68834000 0.00000400
vn -0.70710800 -0.70710500 0.00003100
vn -0.70712900 -0.70708400 -0.00004700
vn -0.70710700 -0.70710700 0.00000200
vn -0.70712900 -0.70708400 -0.00004700
vn -0.70709300 -0.70712100 0.00005200
vn -0.70710600 -0.70710700 0.00000000
vn -0.70711000 -0.70710300 0.00001500
vn -0.70710600 -0.70710700 0.00000000
vn -0.70710700 -0.70710700 0.00000000
vn -0.70710700 -0.70710600 0.00000000
vn -0.70709300 -0.70712100 0.00005200
vn -0.70712600 -0.70708700 -0.00005700
vn -0.70709300 -0.70712100 0.00005200
vn -0.69302100 -0.72091800 -0.00000200
vn -0.70711200 -0.70710200 -0.00001500
vn -0.70710700 -0.70710700 0.00000000
vn -0.70710600 -0.70710700 0.00000000
vn -0.70710700 -0.70710600 0.00000000
vn -0.70710700 -0.70710600 0.00000000
vn -0.70710700 -0.70710700 0.00000000
vn -0.70710600 -0.70710800 0.00000200
vn -0.70710700 -0.70710600 0.00000000
vn 0.70710700 0.70710700 0.00000200
vn 0.70712900 0.70708400 -0.00004700
vn 0.70710700 0.70710700 0.00000000
vn 0.70710000 0.70711300 0.00000000
vn 0.70710600 0.70710800 -0.00000500
vn 0.70710600 0.70710800 -0.00000500
vn 0.70710700 0.70710700 0.00000200
vn 0.70710700 0.70710700 0.00000000
vn 0.70710600 0.70710800 -0.00000500
vn 0.67857200 0.73453300 0.00113800
vn 0.70710700 0.70710700 0.00000000
vn 0.70710700 0.70710700 -0.00000500
vn 0.70710600 0.70710800 0.00000200
vn 0.70710700 0.70710600 0.00000000
vn 0.70709300 0.70712000 0.00005200
vn 0.70711100 0.70710300 0.00001500
vn 0.70710700 0.70710600 0.00000000
vn 0.70710600 0.70710700 0.00000100
vn 0.70710700 0.70710700 0.00000000
vn 0.70710700 0.70710700 0.00000000
vn 0.70710700 0.70710600 0.00000000
vn 0.70710600 0.70710700 0.00000100
vn 0.70710700 0.70710600 0.00000000
vn 0.70710600 0.70710800 0.00000200
vn 0.70710700 0.70710600 0.00000000
vn 0.70711400 0.70710000 0.00005300
vn 0.70710700 0.70710700 -0.00000500
vn 0.70710600 0.70710800 0.00000200
vn 0.70710700 0.70710700 -0.00000500
vn 0.72533300 0.68839900 -0.00000100
vn 0.72535500 0.68837500 0.00000400
vn 0.70710800 0.70710500 0.00003100
vn 0.70712900 0.70708400 -0.00004700
vn 0.70710700 0.70710700 0.00000200
vn 0.70712900 0.70708400 -0.00004700
vn 0.70710600 0.70710800 -0.00000000
vn 0.70711200 0.70710200 -0.00001500
vn 0.69302100 0.72091700 -0.00000100
vn 0.70709300 0.70712000 0.00005200
vn 0.70712600 0.70708700 -0.00005800
vn 0.70710600 0.70710700 0.00000100
vn 0.70709300 0.70712000 0.00005200
vn -0.51328500 0.85820600 0.00446500
vn -0.46700100 0.88424800 0.00381400
vn -0.38782000 0.92172700 0.00379100
vn -0.31163100 0.95018500 0.00592800
vn -0.31644300 0.94861200 0.00000000
vn -0.23665000 0.97158600 0.00410300
vn -0.15780300 0.98745100 0.00623000
vn -0.16029100 0.98707000 0.00000000
vn -0.07957500 0.99682000 0.00420100
vn -0.00000000 0.99998000 0.00634400
vn -0.00000000 1.00000000 0.00000000
vn 0.07957600 0.99682000 0.00420100
vn 0.15780300 0.98745100 0.00623000
vn 0.16029100 0.98707000 0.00000000
vn 0.23669000 0.97157700 0.00407600
vn 0.31163100 0.95018500 0.00592800
vn 0.31644300 0.94861200 0.00000000
vn 0.38782000 0.92172700 0.00379100
vn 0.48064800 0.87690100 0.00456600
vn 0.47473000 0.88013200 0.00000000
vn 0.85820700 0.51328500 0.00446600
vn 0.88424900 0.46700100 0.00381400
vn 0.92172700 0.38782000 0.00379100
vn 0.95018500 0.31163100 0.00592800
vn 0.94861200 0.31644200 0.00000000
vn 0.97158600 0.23665000 0.00410300
vn 0.98745100 0.15780300 0.00623000
vn 0.98707000 0.16029000 0.00000000
vn 0.99682000 0.07957600 0.00420200
vn 0.99998000 0.00000000 0.00634400
vn 1.00000000 0.00000000 0.00000000
vn 0.99681500 -0.07963900 0.00407000
vn 0.98745100 -0.15780400 0.00623100
vn 0.98707000 -0.16029000 0.00000000
vn 0.97156700 -0.23672900 0.00404900
vn 0.95018500 -0.31163100 0.00592800
vn 0.94861200 -0.31644200 0.00000000
vn 0.92171000 -0.38786200 0.00377400
vn 0.87690200 -0.48064800 0.00456700
vn 0.88017900 -0.47464100 0.00000000
vn 0.51328500 -0.85820600 0.00446500
vn 0.46695700 -0.88427200 0.00381200
vn 0.38782000 -0.92172700 0.00379100
vn 0.31163100 -0.95018500 0.00592800
vn 0.31644300 -0.94861200 0.00000000
vn 0.23669000 -0.97157700 0.00407600
vn 0.15780400 -0.98745100 0.00623100
vn 0.16029100 -0.98707000 0.00000000
vn 0.07957500 -0.99682000 0.00420100
vn -0.00000000 -0.99998000 0.00634400
vn 0.00000000 -1.00000000 0.00000000
vn -0.07959600 -0.99681900 0.00415700
vn -0.15780300 -0.98745100 0.00623000
vn -0.16029100 -0.98707000 0.00000000
vn -0.23665000 -0.97158600 0.00410300
vn -0.31163100 -0.95018500 0.00592800
vn -0.31644300 -0.94861200 0.00000000
vn -0.38782000 -0.92172700 0.00379200
vn -0.48068800 -0.87688000 0.00458600
vn -0.47477300 -0.88010800 0.00000000
vn 0.30630400 0.62300800 -0.71974900
vn 0.31045200 0.60242500 -0.73532600
vn 0.28285700 0.61662500 -0.73468800
vn 0.30831600 0.58301300 -0.75168900
vn 0.30591000 0.56719600 -0.76466200
vn -0.30591000 0.56719600 -0.76466200
vn -0.30831900 0.58303600 -0.75167000
vn -0.30831200 0.58298900 -0.75171000
vn -0.30591000 0.56719600 -0.76466200
vn -0.28879800 0.62915900 -0.72163300
vn -0.28877000 0.62917100 -0.72163400
vn -0.31045200 0.60244000 -0.73531300
vn -0.30629800 0.62303300 -0.71973000
vn -0.30218100 0.63947200 -0.70693900
vn -0.22774400 0.63007900 -0.74238300
vn -0.19235400 0.66072400 -0.72556500
vn -0.21021700 0.63527600 -0.74312400
vn -0.14605300 0.66275100 -0.73445900
vn -0.08165400 0.68057600 -0.72811300
vn -0.10457900 0.65536100 -0.74804100
vn -0.03659700 0.67415300 -0.73768500
vn 0.03950700 0.67590700 -0.73592700
vn 0.03946900 0.67594500 -0.73589400
vn 0.00207400 0.65838500 -0.75267900
vn 0.05689300 0.70482200 -0.70709900
vn 0.08431700 0.70230500 -0.70686500
vn 0.12537100 0.67013900 -0.73157000
vn 0.16544500 0.66122200 -0.73171900
vn 0.16919000 0.68659600 -0.70707900
vn 0.22073900 0.65472900 -0.72291300
vn 0.27713400 0.65061300 -0.70703500
vn 0.62301800 -0.30630100 -0.71974200
vn 0.60249500 -0.31044800 -0.73527000
vn 0.61662600 -0.28285900 -0.73468600
vn 0.58301200 -0.30831600 -0.75169000
vn 0.56719700 -0.30591000 -0.76466100
vn 0.56719700 0.30591000 -0.76466100
vn 0.58298600 0.30831300 -0.75171200
vn 0.61705400 0.29238100 -0.73058800
vn 0.61709400 0.29231100 -0.73058100
vn 0.60247400 0.31044900 -0.73528700
vn 0.62299800 0.30630600 -0.71975700
vn 0.63947200 0.30218100 -0.70693900
vn 0.63011700 0.22774200 -0.74235200
vn 0.66072100 0.19235000 -0.72556800
vn 0.63523800 0.21022500 -0.74315400
vn 0.66275200 0.14605300 -0.73445800
vn 0.67527100 0.07119500 -0.73412600
vn 0.67529000 0.07119200 -0.73410900
vn 0.65536200 0.10457600 -0.74804000
vn 0.70482100 0.05689200 -0.70710000
vn 0.70680900 0.02936200 -0.70679500
vn 0.68118800 -0.01468300 -0.73196200
vn 0.67855500 -0.05562200 -0.73244100
vn 0.67858800 -0.05557700 -0.73241300
vn 0.70482100 -0.05689200 -0.70710000
vn 0.70230300 -0.08431400 -0.70686800
vn 0.67014000 -0.12537400 -0.73156900
vn 0.66122300 -0.16544500 -0.73171900
vn 0.68659600 -0.16919000 -0.70707900
vn 0.65473000 -0.22074000 -0.72291300
vn 0.65061400 -0.27713300 -0.70703500
vn -0.30629600 -0.62304600 -0.71972000
vn -0.31045300 -0.60242500 -0.73532500
vn -0.28285900 -0.61662500 -0.73468700
vn -0.30831700 -0.58301300 -0.75168900
vn -0.30591000 -0.56719600 -0.76466200
vn 0.30591000 -0.56719600 -0.76466200
vn 0.30831000 -0.58298800 -0.75171200
vn 0.29231100 -0.61709400 -0.73058100
vn 0.29234200 -0.61704200 -0.73061300
vn 0.31045200 -0.60244000 -0.73531300
vn 0.30630600 -0.62299600 -0.71975900
vn 0.30218100 -0.63947200 -0.70693900
vn 0.22774400 -0.63007900 -0.74238300
vn 0.19235400 -0.66072400 -0.72556500
vn 0.21022900 -0.63523900 -0.74315300
vn 0.14605300 -0.66275100 -0.73445900
vn 0.07119300 -0.67529000 -0.73410800
vn 0.07118900 -0.67528100 -0.73411700
vn 0.10456400 -0.65539600 -0.74801200
vn 0.05689300 -0.70482200 -0.70709900
vn 0.02936200 -0.70680900 -0.70679500
vn -0.01468300 -0.68118800 -0.73196100
vn -0.05562100 -0.67855200 -0.73244300
vn -0.05557500 -0.67858900 -0.73241300
vn -0.05689300 -0.70482200 -0.70709900
vn -0.08431700 -0.70230500 -0.70686500
vn -0.12537400 -0.67013800 -0.73157100
vn -0.16544500 -0.66122200 -0.73171900
vn -0.16919000 -0.68659600 -0.70707900
vn -0.22073900 -0.65472900 -0.72291300
vn -0.27713400 -0.65061300 -0.70703500
vn 0.00000000 0.00000000 -1.00000000
vn 0.00000000 0.00000000 -1.00000000
vn -0.00000000 0.00000200 -1.00000000
vn 0.00000000 -0.00000000 -1.00000000
vn 0.00000000 0.00000000 -1.00000000
vn -0.00000000 0.00000200 -1.00000000
vn 0.00000000 0.00000000 -1.00000000
vn 0.00000000 -0.00000000 -1.00000000
vn 0.00000000 0.00000000 -1.00000000
vn -0.00000000 0.00000100 -1.00000000
vn -0.00000000 0.00000700 -1.00000000
vn 0.00000000 0.00000000 -1.00000000
vn 0.00000000 0.00000000 -1.00000000
vn 0.00000000 -0.00000100 -1.00000000
vn -0.00000000 0.00000000 -1.00000000
vn 0.00000000 -0.00000000 -1.00000000
vn 0.00000000 0.00000000 -1.00000000
vn 0.00000000 -0.00000100 -1.00000000
vn 0.00000000 -0.00000000 -1.00000000
vn -0.00000000 0.00000100 -1.00000000
vn -0.00000000 0.00000100 -1.00000000
vn 0.00000000 0.00000000 -1.00000000
vn 0.00000000 -0.00000100 -1.00000000
vn 0.00000000 0.00000000 -1.00000000
vn 0.00000000 -0.00000100 -1.00000000
vn -0.00000000 0.00000200 -1.00000000
vn 0.00000000 0.00000000 -1.00000000
vn -0.00000000 0.00000200 -1.00000000
vn -0.00000000 0.00000200 -1.00000000
vn 0.00000000 0.00000000 -1.00000000
vn 0.00000000 0.00000000 -1.00000000
vn 0.00000000 0.00000000 -1.00000000
vn 0.00000000 -0.00000200 -1.00000000
vn 0.00000000 0.00000000 -1.00000000
vn -0.00000000 0.00000000 -1.00000000
vn 0.00000000 0.00000000 -1.00000000
vn 0.00000000 -0.00000200 -1.00000000
vn 0.00000000 0.00000000 -1.00000000
vn 0.00000000 -0.00000100 -1.00000000
vn -0.00000000 0.00000000 -1.00000000
vn 0.00000000 -0.00000100 -1.00000000
vn 0.00000000 0.00000000 -1.00000000
vn 0.00000000 0.00000000 -1.00000000
vn 0.00000000 -0.00000100 -1.00000000
vn -0.00000000 0.00000000 -1.00000000
vn -0.00000000 0.00000100 -1.00000000
vn -0.00000000 0.00000000 -1.00000000
vn 0.00000000 0.00000000 -1.00000000
vn -0.00000000 0.00000100 -1.00000000
vn -0.00000000 0.00000000 -1.00000000
vn -0.00000000 0.00000100 -1.00000000
vn 0.00000000 -0.00000900 -1.00000000
vn -0.00000000 0.00000100 -1.00000000
vn 0.00000000 -0.00000900 -1.00000000
vn -0.00000000 0.00000000 -1.00000000
vn -0.00000000 0.00000100 -1.00000000
vn 0.00000000 0.00000000 -1.00000000
vn -0.00000000 0.00000100 -1.00000000
vn 0.00000000 -0.00000900 -1.00000000
vn -0.00000000 0.00000100 -1.00000000
vn -0.00000000 0.00000100 -1.00000000
vn 0.00000000 0.00000000 -1.00000000
vn 0.00000000 -0.00000100 -1.00000000
vn 0.00000000 0.00000000 -1.00000000
vn 0.00000000 -0.00000100 -1.00000000
vn 0.00000000 0.00000000 -1.00000000
vn 0.00000000 -0.00000100 -1.00000000
vn -0.00000000 0.00000700 -1.00000000
vn 0.00000000 -0.00000100 -1.00000000
vn -0.00000000 0.00000700 -1.00000000
vn 0.00000000 0.00000000 -1.00000000
vn 0.00000000 -0.00000100 -1.00000000
vn -0.00000000 0.00000700 -1.00000000
vn 0.00000000 0.00000000 -1.00000000
vn 0.00000000 0.00000000 -1.00000000
vn 0.00000000 -0.00000000 -1.00000000
vn 0.00000000 0.00000000 -1.00000000
vn 0.00000000 0.00000000 -1.00000000
vn 0.00000000 0.00000000 -1.00000000
vn 0.00000000 -0.00000000 -1.00000000
vn -0.00000000 0.00000000 -1.00000000
vn 0.00000000 0.00000000 -1.00000000
vn 0.00000000 0.00000000 -1.00000000
vn 0.00000000 0.00000000 -1.00000000
vn -0.00000000 0.00000000 -1.00000000
vn 0.00000000 0.00000000 -1.00000000
vn 0.00000000 -0.00000100 -1.00000000
vn -0.00000000 0.00000000 -1.00000000
vn 0.00000000 -0.00000100 -1.00000000
vn -0.00000000 0.00000000 -1.00000000
vn 0.00000000 0.00000000 -1.00000000
vn -0.00000000 0.00000000 -1.00000000
vn -0.00000000 0.00000000 -1.00000000
vn 0.00000000 -0.00000000 -1.00000000
vn 0.00000000 -0.00000200 -1.00000000
vn -0.00000000 0.00000000 -1.00000000
vn -0.00000000 0.00000000 -1.00000000
vn -0.00000000 0.00000000 -1.00000000
vn 0.00000000 0.00000000 -1.00000000
vn 0.00000000 -0.00000000 -1.00000000
vn 0.00000000 0.00000000 -1.00000000
vn -0.00000000 0.00000100 -1.00000000
vn -0.00000000 0.00000000 -1.00000000
vn 0.00000000 0.00000000 -1.00000000
vn -0.00000000 0.00000100 -1.00000000
vn 0.00000000 -0.00000100 -1.00000000
vn 0.00000000 0.00000000 -1.00000000
vn -0.00000000 0.00000000 -1.00000000
vn -0.00000000 0.00000100 -1.00000000
vn 0.00000000 -0.00000100 -1.00000000
vn -0.00000000 0.00000000 -1.00000000
vn -0.00000000 0.00000100 -1.00000000
vn 0.00000000 0.00000000 -1.00000000
vn 0.00000000 -0.00000100 -1.00000000
vn 0.00000000 -0.00000200 -1.00000000
vn 0.00000000 0.00000000 -1.00000000
vn -0.00000000 0.00000100 -1.00000000
vn 0.00000000 -0.00000200 -1.00000000
vn 0.00000000 0.00000000 -1.00000000
vn 0.00000000 0.00000000 -1.00000000
vn 0.00000000 -0.00000200 -1.00000000
vn 0.00000000 0.00000000 -1.00000000
vn 0.00000000 -0.00000100 -1.00000000
vn 0.00000000 0.00000000 -1.00000000
vn 0.00000000 0.00000000 -1.00000000
vn -0.00000000 0.00000000 -1.00000000
vn -0.00000000 0.00000100 -1.00000000
vn -0.00000000 0.00000000 -1.00000000
vn 0.00000000 0.00000000 -1.00000000
vn -0.00000000 0.00000000 -1.00000000
vn 0.00000000 -0.00000100 -1.00000000
vn -0.00000000 0.00000100 -1.00000000
vn -0.00000000 0.00000100 -1.00000000
vn 0.00000000 -0.00000100 -1.00000000
vn 0.00000000 -0.00000100 -1.00000000
vn -0.00000000 0.00000100 -1.00000000
vn 0.00000000 0.00000000 -1.00000000
vn 0.00000000 -0.00000000 -1.00000000
vn 0.00000000 0.00000000 -1.00000000
vn 0.00000000 -0.00000100 -1.00000000
vn 0.00000000 0.00000000 -1.00000000
vn 0.00000000 -0.00000000 -1.00000000
vn 0.00000000 -0.00000100 -1.00000000
vn -0.00000000 0.00000100 -1.00000000
vn 0.00000000 -0.00000000 -1.00000000
vn -0.00000000 0.00000100 -1.00000000
vn 0.00000000 -0.00000100 -1.00000000
vn -0.00000000 0.00000100 -1.00000000
vn 0.00000000 0.00000000 -1.00000000
vn 0.00000000 -0.00000100 -1.00000000
vn 0.00000000 -0.00000600 -1.00000000
vn -0.00000000 0.00000700 -1.00000000
vn 0.00000000 0.00000000 -1.00000000
vn 0.00000000 0.00000000 -1.00000000
vn 0.00000000 -0.00000100 -1.00000000
vn -0.00000000 0.00000700 -1.00000000
vn -0.00000000 0.00000000 -1.00000000
vn 0.00000000 -0.00000100 -1.00000000
vn 0.00000000 0.00000000 -1.00000000
vn 0.00000000 -0.00000000 -1.00000000
vn 0.00000000 0.00000000 -1.00000000
vn 0.00000000 -0.00000000 -1.00000000
vn 0.00000000 0.00000000 -1.00000000
vn 0.00000000 0.00000000 -1.00000000
vn 0.00000000 -0.00000000 -1.00000000
vn 0.00000000 0.00000000 -1.00000000
vn 0.00000000 0.00000000 -1.00000000
vn -0.00000000 0.00000000 -1.00000000
vn -0.00000000 0.00000000 -1.00000000
vn 0.00000000 0.00000000 -1.00000000
vn 0.00000000 0.00000000 -1.00000000
vn -0.00000000 0.00000000 -1.00000000
vn 0.00000000 0.00000000 -1.00000000
vn 0.00000000 0.00000000 -1.00000000
vn -0.00000000 0.00000100 -1.00000000
vn -0.00000000 0.00000100 -1.00000000
vn -0.00000000 0.00000100 -1.00000000
vn 0.00000000 0.00000000 -1.00000000
vn 0.00000000 -0.00000000 -1.00000000
vn -0.00000000 0.00000100 -1.00000000
vn 0.00000000 0.00000000 -1.00000000
vn 0.00000000 -0.00000000 -1.00000000
vn 0.00000000 0.00000000 -1.00000000
vn 0.00000000 -0.00000000 -1.00000000
vn 0.00000000 0.00000000 -1.00000000
vn 0.00000000 0.00000000 -1.00000000
vn 0.00000000 -0.00000000 -1.00000000
vn -0.00000000 0.00000100 -1.00000000
vn 0.00000000 -0.00000000 -1.00000000
vn -0.00000000 0.00000100 -1.00000000
vn 0.00000000 0.00000000 -1.00000000
vn -0.00000000 0.00000000 -1.00000000
vn 0.00000000 0.00000000 -1.00000000
vn 0.00000000 0.00000000 -1.00000000
vn -0.00000000 0.00000000 -1.00000000
vn -0.00000000 0.00000000 -1.00000000
vn 0.00000000 0.00000000 -1.00000000
vn 0.00000000 0.00000000 -1.00000000
vn 0.00000000 -0.00000000 -1.00000000
vn 0.00000000 0.00000000 -1.00000000
vn 0.00000000 -0.00000000 -1.00000000
vn 0.00000000 0.00000000 -1.00000000
vn 0.00000000 -0.00000000 -1.00000000
vn 0.00000000 0.00000000 -1.00000000
vn 0.00000000 -0.00000000 -1.00000000
vn 0.00000000 0.00000000 -1.00000000
vn -0.00000000 0.00000000 -1.00000000
vn -0.00000000 0.00000200 -1.00000000
vn 0.00000000 -0.00000000 -1.00000000
vn 0.00000000 -0.00000000 -1.00000000
vn 0.00000000 -0.00000000 -1.00000000
vn 0.00000000 -0.00000000 -1.00000000
vn 0.00000000 0.00000000 -1.00000000
vn -0.00000000 0.00000000 -1.00000000
vn 0.00000000 0.00000000 -1.00000000
vn 0.00000000 0.00000000 -1.00000000
vn 0.00000000 0.00000000 -1.00000000
vn 0.00000000 0.00000000 -1.00000000
vn 0.00000000 -0.00000000 -1.00000000
vn 0.00000000 0.00000000 -1.00000000
vn 0.00000000 0.00000000 -1.00000000
vn 0.00000000 0.00000000 -1.00000000
vn 0.00000000 0.00000000 -1.00000000
vn 0.00000000 -0.00000000 -1.00000000
vn 0.00000000 -0.00000000 -1.00000000
vn 0.00000000 -0.00000000 -1.00000000
vn 0.00000000 0.00000000 -1.00000000
vn 0.00000000 -0.00000200 -1.00000000
vn 0.00000000 -0.00000000 -1.00000000
vn 0.00000000 0.00000000 -1.00000000
vn -0.00000000 0.00000100 -1.00000000
vn -0.00000000 0.00000100 -1.00000000
vn 0.00000000 0.00000000 -1.00000000
vn 0.00000000 -0.00000200 -1.00000000
vn 0.00000000 0.00000000 -1.00000000
vn 0.00000000 -0.00000200 -1.00000000
vn -0.00000000 0.00000100 -1.00000000
vn 0.00000000 -0.00000600 -1.00000000
vn 0.00000000 0.00000000 -1.00000000
vn -0.00000000 0.00000100 -1.00000000
vn 0.00000000 -0.00000600 -1.00000000
vn 0.00000000 0.00000000 -1.00000000
vn 0.00000000 0.00000000 -1.00000000
vn 0.00000000 -0.00000000 -1.00000000
vn 0.00000000 0.00000000 -1.00000000
vn 0.00000000 0.00000000 -1.00000000
vn -0.00000000 0.00000000 -1.00000000
vn 0.00000000 0.00000000 -1.00000000
vn 0.00000000 0.00000000 -1.00000000
vn 0.00000000 0.00000000 -1.00000000
vn 0.00000000 0.00000000 -1.00000000
vn 0.00000000 0.00000000 -1.00000000
vn -0.00000000 0.00000000 -1.00000000
vn -0.00000000 0.00000000 -1.00000000
vn 0.00000000 0.00000000 -1.00000000
vn -0.00000000 0.00000200 -1.00000000
vn -0.00000000 0.00000000 -1.00000000
vn -0.00000000 0.00000000 -1.00000000
vn 0.00000000 0.00000000 -1.00000000
vn 0.00000000 0.00000000 -1.00000000
vn 0.00000000 0.00000000 -1.00000000
vn 0.00000000 0.00000000 -1.00000000
vn 0.00000000 0.00000000 -1.00000000
vn -0.00000000 0.00000200 -1.00000000
vn 0.00000000 0.00000000 -1.00000000
vn 0.00000000 -0.00000100 -1.00000000
vn 0.00000000 -0.00000100 -1.00000000
vn -0.00000000 0.00000200 -1.00000000
vn 0.00000000 0.00000000 -1.00000000
vn 0.00000000 0.00000000 -1.00000000
vn 0.00000000 -0.00000100 -1.00000000
vn -0.00000000 0.00000600 -1.00000000
vn 0.00000000 0.00000000 -1.00000000
vn -0.00000000 0.00000600 -1.00000000
vn -0.00000000 0.00000600 -1.00000000
vn 0.00000000 0.00000000 -1.00000000
vn 0.00000000 0.00000000 -1.00000000
vn 0.00000000 0.00000000 -1.00000000
vn 0.00000000 0.00000000 -1.00000000
vn 0.00000000 0.00000000 -1.00000000
vn 0.00000000 0.00000000 -1.00000000
vn -0.43412500 0.90085300 0.00000000
vn -0.43383200 0.90099400 0.00000000
vn -0.41249600 0.91096000 0.00000000
vn -0.45445600 0.89076900 -0.00000900
vn -0.58776700 0.80903000 0.00000000
vn -0.67403800 0.73869700 0.00000000
vn 0.74187700 -0.67053600 -0.00002700
vn 0.81459500 -0.58003000 0.00000000
vn 0.90129300 -0.43321000 0.00001100
vn 0.92416400 -0.38199700 0.00000000
vn 0.96103200 -0.27643900 -0.00000900
vn 0.97502900 -0.22207800 -0.00001000
vn 0.99372600 -0.11184400 -0.00001300
vn 0.99843400 -0.05594500 -0.00000200
vn 0.99843600 -0.05591500 0.00000000
vn 1.00000000 0.00000000 0.00000000
vn 0.99647400 0.08390800 0.00000100
vn 0.99372600 0.11184400 0.00001100
vn 0.97501900 0.22212300 -0.00000100
vn 0.96103200 0.27643900 -0.00001200
vn 0.92416300 0.38199700 0.00000000
vn 0.90129300 0.43321000 0.00001100
vn 0.81459500 0.58003000 0.00000000
vn 0.74187700 0.67053600 0.00000000
vn -0.74187700 0.67053600 0.00002300
vn -0.81459500 0.58003000 0.00000000
vn -0.90129300 0.43321000 0.00000000
vn -0.92416400 0.38199700 0.00000000
vn -0.96103200 0.27643900 -0.00000100
vn -0.97502900 0.22207800 -0.00001000
vn -0.99372600 0.11184400 0.00001100
vn -0.99843600 0.05590800 0.00000100
vn -0.99843600 -0.05590800 -0.00000100
vn -0.99372600 -0.11184400 -0.00001100
vn -0.97502900 -0.22207800 0.00001000
vn -0.96103200 -0.27643900 -0.00001200
vn -0.92416300 -0.38199700 -0.00001100
vn -0.90127300 -0.43325200 0.00001100
vn -0.81459500 -0.58003000 0.00000000
vn -0.74187700 -0.67053600 0.00000000
vn -0.67403800 -0.73869700 0.00001900
vn -0.58776700 -0.80903100 0.00000000
vn -0.45445500 -0.89076900 0.00000000
vn -0.41249600 -0.91096000 0.00000000
vn -0.43414200 -0.90084500 0.00000000
vn -0.43412500 -0.90085300 0.00000000
vn 0.79514400 0.49147700 0.35524200
vn 0.74751100 0.46439000 0.47494100
vn 0.76057200 0.50385500 0.40946300
vn 0.68222100 0.52209300 0.51185300
vn 0.77294800 0.57335700 0.27168400
vn 0.84988100 0.22491000 0.47656900
vn 0.80602100 0.10238400 0.58296400
vn 0.87314300 0.25307000 0.41662500
vn 0.89390200 0.35248100 0.27694000
vn 0.91908500 0.32606800 0.22127400
vn 0.94125500 0.32010500 0.10757600
vn 0.95951800 0.25261000 0.12455300
vn 0.95931300 0.28234500 -0.00001000
vn 0.95142500 0.29222600 -0.09692600
vn 0.93593400 0.32446700 -0.13692900
vn 0.90437900 0.34497400 -0.25118200
vn 0.90023200 0.38308900 -0.20694400
vn 0.87314200 0.25305700 -0.41663600
vn 0.84987100 0.22486200 -0.47660900
vn 0.80586000 0.10203400 -0.58324900
vn 0.79496700 0.51099800 -0.32696900
vn 0.78674600 0.47577400 -0.39328100
vn 0.75410800 0.49273800 -0.43420100
vn 0.72982100 0.48103400 -0.48576500
vn 0.68216800 0.52206200 -0.51195500
vn 0.79516800 -0.49141000 -0.35528000
vn 0.74760000 -0.46436700 -0.47482400
vn 0.76058300 -0.50381400 -0.40949400
vn 0.68223200 -0.52214400 -0.51178700
vn 0.77309800 -0.57293200 -0.27215600
vn 0.84987600 -0.22494600 -0.47656100
vn 0.80586000 -0.10203400 -0.58324900
vn 0.87314000 -0.25314400 -0.41658600
vn 0.89389200 -0.35249800 -0.27695200
vn 0.91907700 -0.32610500 -0.22125400
vn 0.94125700 -0.32009800 -0.10757300
vn 0.95944000 -0.25277800 -0.12481300
vn 0.95931300 -0.28234500 0.00001200
vn 0.95142500 -0.29222500 0.09692400
vn 0.93593400 -0.32447200 0.13691700
vn 0.90437200 -0.34499500 0.25117700
vn 0.90022200 -0.38310300 0.20695900
vn 0.87314500 -0.25311500 0.41659500
vn 0.84987200 -0.22487700 0.47660000
vn 0.80602100 -0.10238400 0.58296400
vn 0.79494300 -0.51103600 0.32696600
vn 0.78675600 -0.47586500 0.39315000
vn 0.75411600 -0.49280600 0.43411000
vn 0.72985100 -0.48113000 0.48562600
vn 0.68223800 -0.52214700 0.51177600
vn -0.79515400 -0.49143900 0.35527100
vn -0.74753900 -0.46450500 0.47478400
vn -0.76058400 -0.50387200 0.40942100
vn -0.68222000 -0.52219700 0.51174700
vn -0.77294800 -0.57335700 0.27168400
vn -0.84987500 -0.22491900 0.47657600
vn -0.80602100 -0.10238400 0.58296400
vn -0.87314500 -0.25311200 0.41659700
vn -0.89389600 -0.35249200 0.27694500
vn -0.91908900 -0.32606400 0.22126400
vn -0.94125500 -0.32010500 0.10757600
vn -0.95949100 -0.25264000 0.12470200
vn -0.95931300 -0.28234500 0.00000500
vn -0.95141600 -0.29225000 -0.09693900
vn -0.93593500 -0.32446700 -0.13691700
vn -0.90437500 -0.34498400 -0.25118200
vn -0.90023300 -0.38306300 -0.20698500
vn -0.87314200 -0.25305700 -0.41663600
vn -0.84986200 -0.22482800 -0.47664100
vn -0.80586000 -0.10203400 -0.58324900
vn -0.79493900 -0.51102400 -0.32699600
vn -0.78674900 -0.47577000 -0.39327900
vn -0.75410600 -0.49274200 -0.43420000
vn -0.72986500 -0.48102600 -0.48570700
vn -0.68219400 -0.52203900 -0.51194300
vn -0.48291300 0.78057600 -0.39685700
vn -0.48101400 0.72989200 -0.48567900
vn -0.52220000 0.68222700 -0.51173600
vn -0.52227400 0.68227600 0.51159500
vn -0.48119400 0.72989900 0.48548900
vn -0.50483400 0.75771600 0.41353100
vn -0.45096400 0.81032500 0.37417300
vn -0.40774700 0.86760500 0.28461400
vn -0.33523100 0.87658400 0.34528300
vn -0.32610800 0.91907800 0.22124600
vn -0.32010600 0.94125500 0.10757200
vn -0.25263900 0.95949100 0.12470500
vn -0.28229500 0.95932800 -0.00000000
vn -0.29219900 0.95142900 -0.09696600
vn -0.32450600 0.93592200 -0.13691700
vn -0.35395100 0.89656200 -0.26626100
vn -0.38317100 0.90020800 -0.20689700
vn -0.42264900 0.85495200 -0.30070700
vn -0.51211700 0.79511300 -0.32485700
vn -0.85820600 -0.51328500 0.00447000
vn -0.88427200 -0.46695700 0.00381400
vn -0.92172700 -0.38782000 0.00379200
vn -0.95018500 -0.31163100 0.00592800
vn -0.94861200 -0.31644200 0.00000000
vn -0.97157700 -0.23668900 0.00407700
vn -0.97158300 -0.23666500 0.00407500
vn -0.97269300 -0.23177400 0.01222800
vn -0.99112000 -0.13290400 0.00422600
vn -0.98707000 -0.16029000 0.00000000
vn -0.99682000 -0.07957500 0.00422000
vn -0.99682600 -0.07950400 0.00420900
vn -0.99688100 -0.07789600 0.01265000
vn -0.99965200 0.02602600 0.00423200
vn -1.00000000 -0.00000000 0.00000000
vn -0.99681700 0.07961700 0.00411300
vn -0.98745100 0.15780300 0.00623000
vn -0.98707000 0.16029000 0.00000000
vn -0.97156700 0.23672900 0.00404900
vn -0.95018500 0.31163100 0.00592800
vn -0.94861200 0.31644200 0.00000000
vn -0.92172700 0.38782000 0.00379100
vn -0.87690100 0.48064900 0.00456600
vn -0.88013300 0.47472800 0.00000000
vn 0.00000000 0.00000000 -1.00000000
vn 0.00000000 0.00000000 -1.00000000
vn 0.00000000 0.00000000 -1.00000000
vn 0.00000000 0.00000000 -1.00000000
vn 0.00000000 0.00000000 -1.00000000
vn 0.00000000 0.00000000 -1.00000000
vn 0.00000000 0.00000000 -1.00000000
vn 0.00000000 0.00000000 -1.00000000
vn 0.00000000 0.00000000 -1.00000000
vn 0.00000000 0.00000000 -1.00000000
vn 0.00000000 -0.00000000 -1.00000000
vn 0.00000000 0.00000000 -1.00000000
vn 0.00000000 0.00000000 -1.00000000
vn 0.00000000 -0.00000000 -1.00000000
vn 0.00000000 0.00000000 -1.00000000
vn 0.00000000 0.00000000 -1.00000000
vn 0.00000000 0.00000000 -1.00000000
vn 0.00000000 -0.00000000 -1.00000000
vn 0.00000000 0.00000000 -1.00000000
vn 0.00000000 0.00000000 -1.00000000
vn 0.00000000 0.00000000 -1.00000000
vn 0.00000000 0.00000000 -1.00000000
vn 0.00000000 0.00000000 -1.00000000
vn 0.00000000 0.00000000 -1.00000000
vn 0.00000000 0.00000000 -1.00000000
vn 0.00000000 0.00000000 -1.00000000
vn 0.00000000 0.00000000 -1.00000000
vn 0.00000000 0.00000000 -1.00000000
vn 0.00000000 -0.00000000 -1.00000000
vn 0.00000000 0.00000000 -1.00000000
vn 0.00000000 -0.00000000 -1.00000000
vn 0.00000000 0.00000000 -1.00000000
vn 0.00000000 0.00000000 -1.00000000
vn 0.00000000 -0.00000000 -1.00000000
vn 0.00000000 0.00000000 -1.00000000
vn 0.00000000 0.00000000 -1.00000000
vn 0.00000000 0.00000000 -1.00000000
vn 0.00000000 0.00000000 -1.00000000
vn 0.00000000 0.00000000 -1.00000000
vn 0.00000000 0.00000000 -1.00000000
vn 0.00000000 0.00000000 -1.00000000
vn 0.00000000 0.00000000 -1.00000000
vn 0.00000000 0.00000000 -1.00000000
vn 0.00000000 0.00000000 -1.00000000
vn 0.00000000 0.00000000 -1.00000000
vn 0.00000000 0.00000000 -1.00000000
vn 0.00000000 0.00000000 -1.00000000
vn 0.00000000 0.00000000 -1.00000000
vn 0.00000000 0.00000000 -1.00000000
vn 0.00000000 0.00000000 -1.00000000
vn 0.00000000 0.00000000 -1.00000000
vn 0.00000000 0.00000000 -1.00000000
vn 0.00000000 0.00000000 -1.00000000
vn 0.00000000 0.00000000 -1.00000000
vn 0.00000000 0.00000000 -1.00000000
vn 0.00000000 0.00000000 -1.00000000
vn 0.00000000 0.00000000 -1.00000000
vn 0.00000000 0.00000000 -1.00000000
vn 0.00000000 0.00000000 -1.00000000
vn 0.00000000 -0.00000000 -1.00000000
vn 0.00000000 0.00000000 -1.00000000
vn 0.00000000 0.00000000 -1.00000000
vn 0.00000000 0.00000000 -1.00000000
vn 0.00000000 0.00000000 -1.00000000
vn 0.00000000 -0.00000000 -1.00000000
vn 0.00000000 -0.00000000 -1.00000000
vn 0.00000000 0.00000000 -1.00000000
vn 0.00000000 0.00000000 -1.00000000
vn 0.00000000 0.00000000 -1.00000000
vn 0.00000000 0.00000000 -1.00000000
vn 0.00000000 0.00000000 -1.00000000
vn 0.00000000 0.00000000 -1.00000000
vn 0.00000000 0.00000000 -1.00000000
vn 0.00000000 0.00000000 -1.00000000
vn 0.00000000 0.00000000 -1.00000000
vn 0.00000000 0.00000000 -1.00000000
vn 0.00000000 0.00000000 -1.00000000
vn 0.00000000 0.00000000 -1.00000000
vn 0.00000000 0.00000000 -1.00000000
vn 0.00000000 0.00000000 -1.00000000
vn 0.00000000 0.00000000 -1.00000000
vn 0.00000000 0.00000000 -1.00000000
vn 0.00000000 0.00000000 -1.00000000
vn 0.00000000 0.00000000 -1.00000000
vn 0.00000000 0.00000000 -1.00000000
vn 0.00000000 0.00000000 -1.00000000
vn 0.00000000 0.00000000 -1.00000000
vn 0.00000000 0.00000000 -1.00000000
vn 0.00000000 0.00000000 -1.00000000
vn 0.00000000 0.00000000 -1.00000000
vn 0.00000000 0.00000000 -1.00000000
vn 0.00000000 0.00000000 -1.00000000
vn 0.00000000 0.00000000 -1.00000000
vn 0.00000000 0.00000000 -1.00000000
vn 0.00000000 0.00000000 -1.00000000
vn 0.00000000 0.00000000 -1.00000000
vn 0.00000000 0.00000000 -1.00000000
vn 0.00000000 0.00000000 -1.00000000
vn 0.00000000 0.00000000 -1.00000000
vn 0.00000000 0.00000000 -1.00000000
vn 0.00000000 0.00000000 -1.00000000
vn 0.00000000 0.00000000 -1.00000000
vn 0.00000000 0.00000000 -1.00000000
vn 0.00000000 0.00000000 -1.00000000
vn 0.00000000 0.00000000 -1.00000000
vn 0.00000000 0.00000000 -1.00000000
vn 0.00000000 0.00000000 -1.00000000
vn 0.00000000 0.00000000 -1.00000000
vn 0.00000000 0.00000000 -1.00000000
vn 0.00000000 0.00000000 -1.00000000
vn 0.00000000 0.00000000 -1.00000000
vn 0.00000000 0.00000000 -1.00000000
vn 0.00000000 0.00000000 -1.00000000
vn 0.00000000 0.00000000 -1.00000000
vn 0.00000000 0.00000000 -1.00000000
vn 0.00000000 0.00000000 -1.00000000
vn 0.00000000 0.00000000 -1.00000000
vn 0.00000000 0.00000000 -1.00000000
vn 0.00000000 0.00000000 -1.00000000
vn 0.00000000 0.00000000 -1.00000000
vn 0.00000000 0.00000000 -1.00000000
vn 0.00000000 0.00000000 -1.00000000
vn 0.00000000 0.00000000 -1.00000000
vn 0.00000000 0.00000000 -1.00000000
vn 0.00000000 0.00000000 -1.00000000
vn 0.00000000 0.00000000 -1.00000000
vn 0.00000000 0.00000000 -1.00000000
vn 0.00000000 0.00000000 -1.00000000
vn 0.00000000 0.00000000 -1.00000000
vn 0.00000000 0.00000000 -1.00000000
vn 0.00000000 0.00000000 -1.00000000
vn 0.00000000 0.00000000 -1.00000000
vn 0.00000000 0.00000000 -1.00000000
vn 0.00000000 0.00000000 -1.00000000
vn 0.00000000 0.00000000 -1.00000000
vn 0.00000000 0.00000000 -1.00000000
vn 0.00000000 0.00000000 -1.00000000
vn 0.00000000 0.00000000 -1.00000000
vn 0.00000000 0.00000000 -1.00000000
vn 0.00000000 0.00000000 -1.00000000
vn 0.00000000 0.00000000 -1.00000000
vn 0.00000000 0.00000000 -1.00000000
vn 0.00000000 0.00000000 -1.00000000
vn 0.00000000 0.00000000 -1.00000000
vn 0.00000000 0.00000000 -1.00000000
vn 0.00000000 0.00000000 -1.00000000
vn 0.00000000 0.00000000 -1.00000000
vn 0.00000000 0.00000000 -1.00000000
vn 0.00000000 0.00000000 -1.00000000
vn 0.00000000 0.00000000 -1.00000000
vn 0.00000000 0.00000000 -1.00000000
vn 0.00000000 0.00000000 -1.00000000
vn 0.00000000 0.00000000 -1.00000000
vn 0.00000000 0.00000000 -1.00000000
vn -0.56719700 -0.30591000 -0.76466100
vn -0.58298600 -0.30831400 -0.75171100
vn -0.61709400 -0.29232800 -0.73057500
vn -0.60243600 -0.31045400 -0.73531600
vn -0.62301800 0.30630400 -0.71974100
vn -0.60245700 0.31045200 -0.73529900
vn -0.61662600 0.28285900 -0.73468600
vn -0.58301200 0.30831800 -0.75169000
vn -0.56719700 0.30591000 -0.76466100
vn -0.62299800 -0.30630700 -0.71975700
vn -0.63371000 -0.25278400 -0.73110300
vn -0.66072300 -0.19235200 -0.72556600
vn -0.63527600 -0.21021700 -0.74312400
vn -0.66275200 -0.14605300 -0.73445800
vn -0.68057600 -0.08165500 -0.72811300
vn -0.65539800 -0.10456100 -0.74801100
vn -0.67415100 -0.03659600 -0.73768700
vn -0.67593300 0.03947300 -0.73590500
vn -0.65838700 0.00207400 -0.75267700
vn -0.70482100 0.05689200 -0.70710000
vn -0.68108700 0.11172400 -0.72362800
vn -0.66122300 0.16544500 -0.73171900
vn -0.68659600 0.16919000 -0.70707900
vn -0.65473000 0.22074000 -0.72291300
vn -0.65076400 0.27667400 -0.70707700
vn -0.68621500 0.68395000 0.24763100
vn -0.70883600 0.70537300 -0.00000400
vn -0.62010000 0.61688400 0.48469600
vn -0.37611200 0.37364000 0.84789900
vn -0.51798200 0.51603700 0.68220200
vn -0.62428100 0.62427900 0.46962600
vn -0.16889800 0.16696000 0.97139000
vn -0.22275900 0.22146400 0.94938500
vn -0.39520100 0.39520200 0.82923500
vn 0.37363200 -0.37610400 0.84790600
vn 0.22145800 -0.22275000 0.94938900
vn 0.16693500 -0.16887000 0.97139900
vn 0.15270300 -0.15270200 0.97640400
vn -0.15270200 0.15270200 0.97640400
vn 0.61687800 -0.62009800 0.48470600
vn 0.51603900 -0.51798400 0.68219900
vn 0.39509100 -0.39509000 0.82934100
vn 0.70537300 -0.70883600 -0.00000300
vn 0.68393400 -0.68621400 0.24767700
vn 0.62428000 -0.62428000 0.46962700
vn 0.61687000 -0.62009200 -0.48472400
vn 0.68395500 -0.68621300 -0.24762300
vn 0.70711100 -0.70710300 0.00001200
vn 0.37364000 -0.37611200 -0.84789900
vn 0.51603700 -0.51798400 -0.68220100
vn 0.62428000 -0.62428000 -0.46962700
vn 0.16695900 -0.16889600 -0.97139000
vn 0.22143600 -0.22273000 -0.94939900
vn 0.39520400 -0.39520400 -0.82923300
vn -0.37608500 0.37361400 -0.84792300
vn -0.22275800 0.22146700 -0.94938500
vn -0.16889300 0.16696200 -0.97139000
vn -0.15270200 0.15270200 -0.97640400
vn 0.15270300 -0.15270300 -0.97640300
vn -0.62009200 0.61687000 -0.48472400
vn -0.51798300 0.51603800 -0.68220100
vn -0.39520200 0.39520400 -0.82923400
vn -0.70710300 0.70711100 0.00001100
vn -0.68621300 0.68395500 -0.24762200
vn -0.62428000 0.62428000 -0.46962600
vn 0.48290200 0.78056200 0.39690000
vn 0.48105500 0.72982900 0.48573200
vn 0.52210500 0.68220700 0.51185900
vn 0.52204500 0.68219400 -0.51193700
vn 0.48102900 0.72985200 -0.48572400
vn 0.50472000 0.75771900 -0.41366600
vn 0.45089900 0.81031700 -0.37426800
vn 0.45080800 0.81033800 -0.37433100
vn 0.54214100 0.79848200 -0.26174500
vn 0.33523000 0.87655800 -0.34534900
vn 0.36061100 0.88622900 -0.29078900
vn 0.32610400 0.91907600 -0.22125800
vn 0.30240300 0.94509200 -0.12390700
vn 0.31172300 0.94708300 -0.07657300
vn 0.29642000 0.95294500 0.06348400
vn 0.34022300 0.94028500 0.01059400
vn 0.32443100 0.93594600 0.13692900
vn 0.35390600 0.89656700 0.26630600
vn 0.38309100 0.90022900 0.20695200
vn 0.42262000 0.85495700 0.30073500
vn 0.51209400 0.79511100 0.32489800
vn 0.57039700 0.57251100 0.58896400
vn 0.29735500 0.29853500 0.90689400
vn 0.43063100 0.43340900 0.79165200
vn 0.68308100 0.68907300 0.24203100
vn 0.70317700 0.70701500 0.07531700
vn 0.64563400 0.64962700 0.40142400
vn 0.52325800 0.52742200 0.66934800
vn -0.37610300 -0.37363300 0.84790600
vn -0.22274900 -0.22145500 0.94939000
vn -0.16887000 -0.16693500 0.97139900
vn -0.15270200 -0.15270200 0.97640400
vn 0.18297400 0.18297400 0.96594100
vn 0.16671800 0.16903400 0.97140800
vn 0.24029600 0.24263000 0.93988700
vn -0.62009200 -0.61687000 0.48472500
vn -0.51798200 -0.51604100 0.68220000
vn -0.39509000 -0.39509000 0.82934200
vn -0.70890100 -0.70530800 0.00000400
vn -0.68621500 -0.68393500 0.24767400
vn -0.62428100 -0.62428000 0.46962600
vn -0.62009700 -0.61688100 -0.48470300
vn -0.68621400 -0.68395500 -0.24762100
vn -0.70710600 -0.70710700 0.00001200
vn -0.37608800 -0.37361200 -0.84792200
vn -0.51798200 -0.51603900 -0.68220100
vn -0.62428000 -0.62428000 -0.46962600
vn -0.16889800 -0.16695900 -0.97139000
vn -0.22275900 -0.22146600 -0.94938500
vn -0.39520200 -0.39520400 -0.82923400
vn 0.37364200 0.37611000 -0.84789900
vn 0.22146700 0.22276000 -0.94938400
vn 0.16696100 0.16889400 -0.97139000
vn 0.15270200 0.15270300 -0.97640300
vn -0.15270200 -0.15270200 -0.97640400
vn 0.61688900 0.62010300 -0.48468500
vn 0.51603800 0.51798300 -0.68220100
vn 0.39520400 0.39520400 -0.82923300
vn 0.70711100 0.70710300 0.00001200
vn 0.68393800 0.68621500 -0.24766600
vn 0.62428000 0.62428000 -0.46962700
vn 0.48293500 -0.78056700 -0.39684900
vn 0.48113000 -0.72986200 -0.48560900
vn 0.52220200 -0.68226200 -0.51168700
vn 0.52212900 -0.68224500 0.51178400
vn 0.48111900 -0.72989800 0.48556500
vn 0.50478100 -0.75770600 0.41361600
vn 0.45091600 -0.81032500 0.37423000
vn 0.45083400 -0.81034600 0.37428300
vn 0.54203100 -0.79854000 0.26179500
vn 0.33516500 -0.87661800 0.34526100
vn 0.36057300 -0.88622500 0.29084800
vn 0.32601700 -0.91910100 0.22128500
vn 0.32606400 -0.91908400 0.22128500
vn 0.40714400 -0.89567900 0.17886200
vn 0.25254100 -0.95955100 0.12443500
vn 0.28988000 -0.95342300 0.08339300
vn 0.28234000 -0.95931500 -0.00000000
vn 0.29222000 -0.95142700 -0.09692600
vn 0.32446100 -0.93593500 -0.13693000
vn 0.35388800 -0.89658500 -0.26626800
vn 0.38305200 -0.90024000 -0.20697700
vn 0.42261400 -0.85495800 -0.30073900
vn 0.51213800 -0.79511600 -0.32481500
vn 0.68621500 -0.68395000 0.24763100
vn 0.70883600 -0.70537300 0.00000200
vn 0.62009700 -0.61687800 0.48470700
vn 0.37610400 -0.37363200 0.84790600
vn 0.51798400 -0.51603900 0.68219900
vn 0.62428100 -0.62427900 0.46962600
vn 0.16887000 -0.16693500 0.97139900
vn 0.22274900 -0.22145500 0.94938900
vn 0.39509000 -0.39509000 0.82934200
vn -0.37363200 0.37610400 0.84790600
vn -0.22145800 0.22275000 0.94938900
vn -0.16693500 0.16887000 0.97139900
vn -0.15270300 0.15270200 0.97640400
vn 0.15270200 -0.15270200 0.97640400
vn -0.61688900 0.62010400 0.48468500
vn -0.51603900 0.51798400 0.68219900
vn -0.39509100 0.39509000 0.82934100
vn -0.70537100 0.70883800 0.00000200
vn -0.68393600 0.68621400 0.24767400
vn -0.62428000 0.62428000 0.46962700
vn -0.61688100 0.62009800 -0.48470200
vn -0.68395600 0.68621400 -0.24762000
vn -0.70710800 0.70710600 0.00001200
vn -0.37361200 0.37608700 -0.84792200
vn -0.51603900 0.51798100 -0.68220200
vn -0.62428000 0.62428000 -0.46962700
vn -0.16695900 0.16889600 -0.97139000
vn -0.22146700 0.22276000 -0.94938400
vn -0.39520400 0.39520400 -0.82923300
vn 0.37608700 -0.37361200 -0.84792200
vn 0.22275800 -0.22146700 -0.94938500
vn 0.16889500 -0.16696000 -0.97139000
vn 0.15270200 -0.15270200 -0.97640400
vn -0.15270300 0.15270300 -0.97640300
vn 0.62009200 -0.61687000 -0.48472400
vn 0.51798400 -0.51603700 -0.68220100
vn 0.39520200 -0.39520400 -0.82923400
vn 0.70710300 -0.70711100 0.00001100
vn 0.68621400 -0.68395500 -0.24762100
vn 0.62428000 -0.62428000 -0.46962600
vn -0.48292700 -0.78057800 0.39683600
vn -0.48107400 -0.72986800 0.48565500
vn -0.52213600 -0.68225000 0.51177100
vn -0.52215500 -0.68222600 -0.51178300
vn -0.48110100 -0.72989500 -0.48558700
vn -0.50476900 -0.75771000 -0.41362300
vn -0.45093100 -0.81031500 -0.37423300
vn -0.45084900 -0.81033600 -0.37428700
vn -0.54213000 -0.79849500 -0.26172600
vn -0.33519900 -0.87660100 -0.34527100
vn -0.36058100 -0.88622800 -0.29082800
vn -0.32605900 -0.91909000 -0.22126800
vn -0.32009500 -0.94125700 -0.10758300
vn -0.25263300 -0.95949300 -0.12469600
vn -0.28229400 -0.95932800 -0.00000300
vn -0.29222300 -0.95142600 0.09692000
vn -0.32447500 -0.93593000 0.13693400
vn -0.35392700 -0.89657200 0.26626000
vn -0.38312700 -0.90022100 0.20692200
vn -0.42267100 -0.85494600 0.30069500
vn -0.51213700 -0.79511700 0.32481300
vn -0.68394900 -0.68621500 0.24763400
vn -0.70537300 -0.70883600 -0.00000100
vn -0.61687800 -0.62009700 0.48470600
vn -0.37363200 -0.37610500 0.84790600
vn -0.51604000 -0.51798200 0.68220100
vn -0.62428000 -0.62428000 0.46962700
vn -0.16693500 -0.16887000 0.97139900
vn -0.22146500 -0.22275900 0.94938500
vn -0.39520700 -0.39519900 0.82923400
vn 0.37610300 0.37363300 0.84790600
vn 0.22274900 0.22145500 0.94939000
vn 0.16887000 0.16693500 0.97139900
vn 0.15270200 0.15270200 0.97640400
vn -0.15270300 -0.15270200 0.97640400
vn 0.62009700 0.61687800 0.48470600
vn 0.51798400 0.51604000 0.68219900
vn 0.39509000 0.39509000 0.82934200
vn 0.70883600 0.70537300 -0.00000100
vn 0.68621300 0.68395100 0.24763200
vn 0.62428100 0.62428000 0.46962600
vn 0.62009200 0.61687000 -0.48472400
vn 0.68621300 0.68394000 -0.24766500
vn 0.70710300 0.70711100 0.00001200
vn 0.37608800 0.37361200 -0.84792200
vn 0.51798200 0.51603900 -0.68220100
vn 0.62428000 0.62428000 -0.46962600
vn 0.16889800 0.16695900 -0.97139000
vn 0.22275900 0.22146600 -0.94938500
vn 0.39520200 0.39520400 -0.82923400
vn -0.37361200 -0.37608800 -0.84792200
vn -0.22146700 -0.22276000 -0.94938400
vn -0.16695900 -0.16889600 -0.97139000
vn -0.15270200 -0.15270300 -0.97640300
vn 0.15270200 0.15270200 -0.97640400
vn -0.61688900 -0.62010300 -0.48468500
vn -0.51603900 -0.51798200 -0.68220100
vn -0.39520400 -0.39520400 -0.82923300
vn -0.70711100 -0.70710300 0.00001200
vn -0.68395400 -0.68621400 -0.24762300
vn -0.62428000 -0.62428000 -0.46962700
vn -0.79517000 0.49143600 -0.35524000
vn -0.79515300 0.49149200 -0.35520200
vn -0.74748900 0.46456800 -0.47480100
vn -0.74748800 0.46457700 -0.47479500
vn -0.68226400 0.52225300 -0.51163300
vn -0.77309800 0.57293200 -0.27215600
vn -0.77309800 0.57293200 -0.27215600
vn -0.84986900 0.22495400 -0.47656900
vn -0.80586000 0.10203400 -0.58324900
vn -0.87314800 0.25313100 -0.41657800
vn -0.89389700 0.35245800 -0.27698600
vn -0.91909100 0.32606000 -0.22126300
vn -0.94127000 0.32005600 -0.10758600
vn -0.95948000 0.25272100 -0.12462100
vn -0.95931300 0.28234500 -0.00000800
vn -0.95141700 0.29226200 0.09689300
vn -0.93593400 0.32447200 0.13691700
vn -0.90437000 0.34500000 0.25117800
vn -0.90022100 0.38312800 0.20691900
vn -0.87313800 0.25311200 0.41661200
vn -0.84987600 0.22494700 0.47656000
vn -0.80586000 0.10203400 0.58324900
vn -0.79492700 0.51108700 0.32692800
vn -0.78675300 0.47592000 0.39308900
vn -0.75412200 0.49287900 0.43401600
vn -0.72987700 0.48121600 0.48550000
vn -0.68226700 0.52218900 0.51169400
vn -0.68132300 -0.73198100 -0.00132300
vn -0.69236300 -0.72154400 -0.00272100
vn -0.66952300 -0.74277400 -0.00504300
vn -0.66953800 -0.74274700 -0.00673800
vn -0.66954100 -0.74274400 -0.00673500
vn -0.73867700 -0.67300300 -0.03772300
vn -0.79437300 -0.60717300 -0.01766800
vn -0.79041400 -0.61251800 0.00815100
vn -0.77167400 -0.63560800 0.02284000
vn -0.80041100 -0.59934400 0.01135900
vn -0.74386100 -0.66736900 -0.03590500
vn -0.76731900 -0.64106100 -0.01622200
vn -0.78917200 -0.61416300 -0.00336800
vn -0.73701800 -0.67548300 0.02293800
vn -0.73638100 -0.67656200 0.00287100
vn -0.70184300 -0.71207300 0.01917700
vn -0.66649500 -0.74533000 0.01635900
vn -0.66655800 -0.74527300 0.01636800
vn -0.67994800 -0.73320800 0.00870100
vn -0.67037100 -0.74202600 -0.00034600
vn -0.61290000 -0.78984200 0.02241400
vn -0.57832300 -0.81272600 -0.07085100
vn -0.57836300 -0.81270700 -0.07073600
vn -0.61780700 -0.78514300 0.04319100
vn -0.53762400 -0.83620200 -0.10829100
vn -0.51094400 -0.85791200 -0.05406600
vn -0.56188200 -0.82710200 0.01384700
vn -0.57409200 -0.81864200 -0.01564300
vn -0.50800200 -0.86130600 -0.00922100
vn -0.57963300 -0.81467400 -0.01820000
vn -0.65847200 -0.75260500 -0.00003200
vn -0.66432900 -0.74744000 0.00001600
vn -0.66432900 0.74744000 -0.00008200
vn -0.67994900 0.73320800 0.00870100
vn -0.68105800 0.73061900 0.04853600
vn -0.68109700 0.73057600 0.04863300
vn -0.68102800 0.73064800 0.04851500
vn -0.68947500 0.72408900 0.01784600
vn -0.72869500 0.66103400 0.17899200
vn -0.76301900 0.64137900 0.08021700
vn -0.79209400 0.61037500 0.00543600
vn -0.78591800 0.61830900 -0.00508600
vn -0.78592300 0.61830300 -0.00508400
vn -0.84041700 0.54193400 -0.00261100
vn -0.75178000 0.65411400 0.08344000
vn -0.78766200 0.61606200 -0.00750800
vn -0.81864000 0.57414700 -0.01354300
vn -0.70822900 0.70592400 -0.00909000
vn -0.68292700 0.73041500 -0.01020600
vn -0.68287100 0.73046800 -0.01017700
vn -0.74361200 0.66820800 -0.02322100
vn -0.76102300 0.64837100 -0.02145300
vn -0.76736900 0.64100100 -0.01618700
vn -0.68135800 0.73194900 -0.00132900
vn -0.67021500 0.74216700 0.00006600
vn -0.58880300 0.80784000 -0.02655600
vn -0.52558500 0.85061100 -0.01491800
vn -0.52548600 0.85067200 -0.01491800
vn -0.59992800 0.79896100 -0.04179900
vn -0.59094900 0.80610300 -0.03127400
vn -0.54050700 0.84133700 0.00195300
vn -0.56433400 0.82528700 0.02069900
vn -0.59482400 0.80384700 0.00378000
vn -0.65834400 0.75271700 0.00017000
vn -0.60604100 0.79529000 -0.01508600
vn 0.68132300 0.73198100 -0.00132500
vn 0.69236300 0.72154400 -0.00272100
vn 0.66953800 0.74274700 -0.00673500
vn 0.66952300 0.74277400 -0.00504300
vn 0.66956500 0.74272300 -0.00673900
vn 0.73862500 0.67305700 -0.03778500
vn 0.79939900 0.60056000 -0.01697200
vn 0.74364200 0.66760300 -0.03610700
vn 0.76734100 0.64103500 -0.01620600
vn 0.78915300 0.61418800 -0.00337700
vn 0.76942000 0.63842400 0.02017400
vn 0.78429600 0.62037300 0.00412400
vn 0.79461100 0.60708500 -0.00639800
vn 0.82108900 0.57075600 -0.00717900
vn 0.75178500 0.65410900 0.08343400
vn 0.75179700 0.65410300 0.08337200
vn 0.72871000 0.66103900 0.17891100
vn 0.71812100 0.68447500 0.12568600
vn 0.68645100 0.72466300 0.06040500
vn 0.68643100 0.72468200 0.06040500
vn 0.68000200 0.73315800 0.00876200
vn 0.67037100 0.74202600 -0.00034600
vn 0.65450800 0.75605400 0.00150000
vn 0.62300700 0.78215800 -0.00955700
vn 0.62304200 0.78213000 -0.00954000
vn 0.65609500 0.75467300 0.00265600
vn 0.56451900 0.82540600 0.00489700
vn 0.53639800 0.84396200 0.00244400
vn 0.56188300 0.82710100 0.01384600
vn 0.57409200 0.81864200 -0.01564300
vn 0.51631900 0.85636800 -0.00688100
vn 0.57966200 0.81465300 -0.01823300
vn 0.65847200 0.75260500 -0.00003200
vn 0.66432900 0.74744000 0.00001500
vn 0.71841400 -0.69486700 0.03226000
vn 0.71839600 -0.69488600 0.03226400
vn 0.65865100 -0.75239300 0.00913900
vn 0.68077400 -0.73160500 0.03605300
vn 0.69837700 -0.71464600 0.03938400
vn 0.72000300 -0.69394600 -0.00596000
vn 0.77532200 -0.63042500 0.03794800
vn 0.79621000 -0.60473800 0.01847400
vn 0.77943300 -0.62561400 0.03301700
vn 0.79211500 -0.61034800 0.00544000
vn 0.78594100 -0.61828100 -0.00507500
vn 0.78593200 -0.61829200 -0.00508300
vn 0.83242600 -0.55412300 -0.00384400
vn 0.70826100 -0.70589200 -0.00910200
vn 0.68289500 -0.73044500 -0.01019300
vn 0.74361700 -0.66820200 -0.02322400
vn 0.76102800 -0.64836500 -0.02144900
vn 0.76734700 -0.64102700 -0.01620500
vn 0.68135800 -0.73194900 -0.00132800
vn 0.61674400 -0.78696400 -0.01775500
vn 0.51723800 -0.85567300 -0.01699500
vn 0.59990100 -0.79898300 -0.04176700
vn 0.56834300 -0.82272600 -0.01039500
vn 0.50740900 -0.86109400 -0.03245300
vn 0.55893100 -0.82842200 -0.03625000
vn 0.57627300 -0.81662800 -0.03207500
vn 0.62585400 -0.77985800 0.01127100
vn 0.66425900 -0.74750300 -0.00007200
vn 0.23497800 -0.97200100 0.00000000
vn 0.11904500 -0.99287200 -0.00571000
vn 0.23712700 -0.97144100 -0.00859800
vn 0.00000000 -0.99996300 -0.00861300
vn 0.35037000 -0.93659500 -0.00562200
vn 0.87912100 -0.47657200 -0.00510500
vn 0.93094900 -0.36507200 -0.00745200
vn 0.92684400 -0.37544600 0.00000000
vn 0.96686900 -0.25522900 -0.00478700
vn 0.99097500 -0.13387000 -0.00694000
vn 0.98911700 -0.14713100 0.00000000
vn 0.99980200 -0.01938200 -0.00441500
vn 0.99445800 0.10494800 -0.00632200
vn 0.99599900 0.08936900 0.00000000
vn 0.97605000 0.21751200 -0.00396800
vn 0.94122200 0.33774200 -0.00560200
vn 0.94711200 0.32090300 0.00000000
vn 0.89696100 0.44209700 -0.00346400
vn 0.38642900 0.92231800 -0.00157700
vn 0.26537900 0.96414300 -0.00180500
vn 0.29095900 0.95673600 0.00000000
vn 0.15747500 0.98752300 -0.00081800
vn -0.00000000 0.99999900 -0.00131300
vn -0.00000000 1.00000000 0.00000000
vn -0.15747500 0.98752300 -0.00081900
vn -0.26533400 0.96415500 -0.00180700
vn -0.29095900 0.95673600 0.00000000
vn -0.38647200 0.92230000 -0.00157700
vn -0.55683200 0.83062500 0.00000000
vn -0.89696100 0.44209700 -0.00346500
vn -0.94122200 0.33774200 -0.00560100
vn -0.94711200 0.32090300 0.00000000
vn -0.97605000 0.21751200 -0.00396900
vn -0.99445800 0.10494800 -0.00632200
vn -0.99599900 0.08936900 0.00000000
vn -0.99980200 -0.01938300 -0.00441500
vn -0.99097500 -0.13386900 -0.00693800
vn -0.98911700 -0.14713100 0.00000000
vn -0.96686900 -0.25522900 -0.00478800
vn -0.93094900 -0.36507200 -0.00745100
vn -0.92684400 -0.37544600 0.00000000
vn -0.87912000 -0.47657200 -0.00510600
vn -0.35039700 -0.93658400 -0.00565900
vn -0.23712700 -0.97144100 -0.00859800
vn 0.00000000 -1.00000000 0.00000000
vn -0.11904500 -0.99287200 -0.00571000
vn -0.23497800 -0.97200100 0.00000000
vn -0.30426800 0.64600600 -0.70006900
vn -0.14450100 0.69470800 -0.70462800
vn -0.21933600 0.67658600 -0.70293900
vn -0.28456000 0.64783600 -0.70663600
vn -0.37285100 0.60908500 -0.69999800
vn -0.44899300 0.56063800 -0.69576600
vn -0.42861900 0.56289000 -0.70671100
vn -0.50672900 0.50704700 -0.69723000
vn -0.57025000 0.44306600 -0.69174200
vn -0.54887500 0.44631700 -0.70677900
vn -0.61324200 0.37594900 -0.69469200
vn -0.66095500 0.29960400 -0.68802300
vn -0.63837200 0.30470800 -0.70684800
vn -0.68622200 0.22303300 -0.69235500
vn -0.71565300 0.13810700 -0.68466600
vn -0.69207600 0.14595200 -0.70691500
vn -0.72134900 0.05678400 -0.69024000
vn -0.73095500 -0.03238100 -0.68165700
vn -0.70696300 -0.02031300 -0.70695900
vn -0.71641200 -0.11348800 -0.68838600
vn -0.70571200 -0.20228600 -0.67900800
vn -0.68244800 -0.18563400 -0.70696900
vn -0.67150600 -0.27818600 -0.68679800
vn -0.64103400 -0.36196400 -0.67680000
vn -0.61962200 -0.34082800 -0.70703900
vn -0.58901900 -0.42800300 -0.68547100
vn -0.54042200 -0.50232200 -0.67499400
vn -0.52213800 -0.47694100 -0.70703500
vn -0.47346300 -0.55441900 -0.68443600
vn -0.40939200 -0.61532300 -0.67362800
vn -0.39536600 -0.58633600 -0.70703300
vn -0.33127800 -0.65024000 -0.68369800
vn -0.25527400 -0.69449000 -0.67269500
vn -0.24643600 -0.66279200 -0.70709000
vn -0.17044300 -0.71000900 -0.68325500
vn -0.10181700 -0.72230500 -0.68403900
vn -0.05878400 -0.75482200 -0.65329100
vn 0.03928100 -0.74311700 -0.66800700
vn -0.00403100 -0.78039200 -0.62527800
vn 0.11843500 -0.74349300 -0.65817300
vn 0.21057800 -0.71040900 -0.67154700
vn 0.17831100 -0.75337300 -0.63295700
vn 0.28717100 -0.69144000 -0.66290600
vn 0.36891400 -0.63893000 -0.67503400
vn 0.34782300 -0.68484200 -0.64032100
vn 0.43824900 -0.60196200 -0.66751700
vn 0.50565300 -0.53298800 -0.67840900
vn 0.49531500 -0.57918900 -0.64745900
vn 0.56364600 -0.48041200 -0.67194400
vn 0.61347100 -0.39871900 -0.68167200
vn 0.61291000 -0.44288400 -0.65436600
vn 0.65670900 -0.33377000 -0.67626300
vn 0.65673200 -0.33378000 -0.67623500
vn 0.65147300 -0.28101100 -0.70471000
vn 0.69454600 -0.28400400 -0.66102000
vn 0.69809600 -0.23094300 -0.67773700
vn 0.71273700 -0.17035300 -0.68043100
vn 0.71278800 -0.17035400 -0.68037700
vn 0.69874900 -0.12321200 -0.70467600
vn 0.73624000 -0.11172900 -0.66743300
vn 0.72896900 -0.06076600 -0.68184400
vn 0.72904100 0.00072200 -0.68447000
vn 0.71686300 0.09357300 -0.69090600
vn 0.73625800 0.06421100 -0.67364800
vn 0.70515600 0.17000400 -0.68837100
vn 0.67269200 0.25716600 -0.69379500
vn 0.69525900 0.23393400 -0.67962400
vn 0.64278600 0.32822900 -0.69216400
vn 0.59195600 0.40539600 -0.69659400
vn 0.61610600 0.38812900 -0.68539700
vn 0.54575500 0.46689900 -0.69581400
vn 0.47935100 0.53026900 -0.69931200
vn 0.50379600 0.51843300 -0.69095400
vn 0.41968400 0.57861400 -0.69933600
vn 0.34129500 0.62514000 -0.70193900
vn 0.36502000 0.61798400 -0.69631600
vn 0.27181800 0.65743900 -0.70277300
vn 0.18549900 0.68504400 -0.70448900
vn 0.20778800 0.68169400 -0.70151100
vn 0.11041200 0.69947100 -0.70608000
vn 0.02755300 0.70683600 -0.70684000
vn -0.02754200 0.70683600 -0.70684100
vn -0.12431200 0.69666000 -0.70654900
vn 0.00000000 0.00000000 1.00000000
vn 0.00000000 -0.00000500 1.00000000
vn -0.00000000 0.00000700 1.00000000
vn 0.00000000 0.00000000 1.00000000
vn 0.00000000 -0.00000500 1.00000000
vn -0.00000000 0.00000700 1.00000000
vn -0.00000000 0.00000700 1.00000000
vn 0.00000000 0.00000000 1.00000000
vn 0.00000000 -0.00000500 1.00000000
vn 0.00000000 -0.00000200 1.00000000
vn 0.00000000 0.00000000 1.00000000
vn -0.00000000 0.00000700 1.00000000
vn 0.00000000 -0.00000200 1.00000000
vn -0.00000000 0.00000700 1.00000000
vn -0.00000000 0.00000000 1.00000000
vn 0.00000000 0.00000000 1.00000000
vn 0.00000000 0.00000000 1.00000000
vn 0.00000000 -0.00011800 1.00000000
vn -0.00000000 0.00003500 1.00000000
vn 0.00000000 -0.00011800 1.00000000
vn -0.00000000 0.00003500 1.00000000
vn 0.00000000 -0.00011800 1.00000000
vn 0.00000000 0.00000000 1.00000000
vn 0.00000000 -0.00000100 1.00000000
vn -0.00000000 0.00000400 1.00000000
vn 0.00000000 0.00000000 1.00000000
vn 0.00000000 -0.00000000 1.00000000
vn 0.00000000 -0.00000100 1.00000000
vn 0.00000000 -0.00000100 1.00000000
vn -0.00000000 0.00000400 1.00000000
vn 0.00000000 0.00000000 1.00000000
vn 0.00000000 -0.00000000 1.00000000
vn 0.00000000 0.00000000 1.00000000
vn 0.00000000 -0.00000000 1.00000000
vn -0.00000000 0.00000200 1.00000000
vn -0.00000000 0.00000200 1.00000000
vn 0.00000000 0.00000000 1.00000000
vn -0.00000000 0.00000100 1.00000000
vn -0.00000000 0.00000200 1.00000000
vn -0.00000000 0.00000100 1.00000000
vn 0.00000000 -0.00000100 1.00000000
vn -0.00000000 0.00000100 1.00000000
vn -0.00000000 0.00000000 1.00000000
vn 0.00000000 -0.00000100 1.00000000
vn -0.00000000 0.00000100 1.00000000
vn 0.00000000 -0.00000100 1.00000000
vn -0.00000000 0.00000000 1.00000000
vn -0.00000000 0.00000000 1.00000000
vn -0.00000000 0.00000100 1.00000000
vn 0.00000000 0.00000000 1.00000000
vn 0.00000000 0.00000000 1.00000000
vn -0.00000000 0.00000100 1.00000000
vn -0.00000000 0.00000200 1.00000000
vn 0.00000000 0.00000000 1.00000000
vn -0.00000000 0.00000200 1.00000000
vn 0.00000000 0.00000000 1.00000000
vn 0.00000000 -0.00000200 1.00000000
vn -0.00000000 0.00000000 1.00000000
vn 0.00000000 0.00000000 1.00000000
vn -0.00000000 0.00000000 1.00000000
vn 0.00000000 0.00000000 1.00000000
vn 0.00000000 0.00000000 1.00000000
vn 0.00000000 -0.00000100 1.00000000
vn 0.00000000 -0.00000100 1.00000000
vn 0.00000000 0.00000000 1.00000000
vn 0.00000000 -0.00000100 1.00000000
vn 0.00000000 0.00000000 1.00000000
vn 0.00000000 0.00000000 1.00000000
vn -0.00000000 0.00000200 1.00000000
vn 0.00000000 0.00000000 1.00000000
vn -0.00000000 0.00000200 1.00000000
vn -0.00000000 0.00000100 1.00000000
vn 0.00000000 0.00000000 1.00000000
vn 0.00000000 -0.00000200 1.00000000
vn 0.00000000 0.00000000 1.00000000
vn 0.00000000 -0.00005700 1.00000000
vn 0.00000000 0.00000000 1.00000000
vn 0.00000000 0.00000000 1.00000000
vn 0.00000000 -0.00005700 1.00000000
vn -0.00000000 0.00000200 1.00000000
vn 0.00000000 0.00000000 1.00000000
vn 0.00000000 -0.00005700 1.00000000
vn -0.00000000 0.00000200 1.00000000
vn 0.00000000 0.00000000 1.00000000
vn -0.00000000 0.00000200 1.00000000
vn -0.00000000 0.00001100 1.00000000
vn 0.00000000 0.00000000 1.00000000
vn -0.00000000 0.00000200 1.00000000
vn 0.00000000 0.00000000 1.00000000
vn 0.00000000 -0.00000200 1.00000000
vn 0.00000000 0.00000000 1.00000000
vn 0.00000000 0.00000000 1.00000000
vn 0.00000000 -0.00000200 1.00000000
vn 0.00000000 -0.00000200 1.00000000
vn 0.00000000 0.00000000 1.00000000
vn 0.00000000 0.00000000 1.00000000
vn 0.00000000 -0.00000100 1.00000000
vn 0.00000000 0.00000000 1.00000000
vn 0.00000000 -0.00000100 1.00000000
vn 0.00000000 0.00000000 1.00000000
vn 0.00000000 0.00000000 1.00000000
vn 0.00000000 -0.00000100 1.00000000
vn 0.00000000 -0.00000100 1.00000000
vn -0.00000000 0.00000100 1.00000000
vn 0.00000000 -0.00000200 1.00000000
vn -0.00000000 0.00000200 1.00000000
vn 0.00000000 0.00000000 1.00000000
vn 0.00000000 -0.00000200 1.00000000
vn -0.00000000 0.00000100 1.00000000
vn 0.00000000 0.00000000 1.00000000
vn -0.00000000 0.00000100 1.00000000
vn 0.00000000 0.00000000 1.00000000
vn 0.00000000 -0.00000200 1.00000000
vn 0.00000000 0.00000000 1.00000000
vn 0.00000000 -0.00000200 1.00000000
vn -0.00000000 0.00000200 1.00000000
vn 0.00000000 0.00000000 1.00000000
vn 0.00000000 -0.00000100 1.00000000
vn -0.00000000 0.00000200 1.00000000
vn 0.00000000 0.00000000 1.00000000
vn 0.00000000 -0.00000200 1.00000000
vn -0.00000000 0.00000200 1.00000000
vn 0.00000000 0.00000000 1.00000000
vn 0.00000000 -0.00000100 1.00000000
vn 0.00000000 0.00000000 1.00000000
vn 0.00000000 0.00000000 1.00000000
vn -0.00000000 0.00001100 1.00000000
vn -0.00000000 0.00001100 1.00000000
vn 0.00000000 0.00000000 1.00000000
vn 0.00000000 0.00000000 1.00000000
vn -0.00000000 0.00000200 1.00000000
vn 0.00000000 0.00000000 1.00000000
vn -0.00000000 0.00000200 1.00000000
vn -0.00000000 0.00000200 1.00000000
vn 0.00000000 0.00000000 1.00000000
vn 0.00000000 0.00000000 1.00000000
vn 0.00000000 0.00000000 1.00000000
vn 0.00000000 -0.00000100 1.00000000
vn 0.00000000 -0.00000100 1.00000000
vn 0.00000000 0.00000000 1.00000000
vn 0.00000000 0.00000000 1.00000000
vn 0.00000000 -0.00000100 1.00000000
vn 0.00000000 0.00000000 1.00000000
vn -0.00000000 0.00003500 1.00000000
vn 0.00000000 0.00000000 1.00000000
vn 0.00000000 0.00000000 1.00000000
vn 0.00000000 -0.00000100 1.00000000
vn 0.00000000 0.00000000 1.00000000
vn 0.00000000 0.00000000 1.00000000
vn 0.00000000 0.00000000 1.00000000
vn -0.00000000 0.00000400 1.00000000
vn 0.00000000 0.00000000 1.00000000
vn -0.00000000 0.00000100 1.00000000
vn 0.00000000 -0.00000100 1.00000000
vn 0.00000000 0.00000000 1.00000000
vn -0.00000000 0.00000100 1.00000000
vn -0.00000000 0.00000100 1.00000000
vn -0.00000000 0.00000100 1.00000000
vn 0.00000000 -0.00000100 1.00000000
vn -0.00000000 0.00000700 1.00000000
vn 0.00000000 0.00000000 1.00000000
vn 0.00000000 0.00000000 1.00000000
vn 0.00000000 -0.00000100 1.00000000
vn 0.00000000 -0.00000100 1.00000000
vn 0.00000000 -0.00000100 1.00000000
vn 0.00000000 0.00000000 1.00000000
vn 0.00000000 0.00000000 1.00000000
vn 0.00000000 -0.00000100 1.00000000
vn 0.00000000 -0.00000100 1.00000000
vn 0.00000000 -0.00000100 1.00000000
vn 0.00000000 0.00000000 1.00000000
vn 0.00000000 0.00000000 1.00000000
vn 0.00000000 0.00000000 1.00000000
vn 0.00000000 0.00000000 1.00000000
vn 0.00000000 -0.00000100 1.00000000
vn 0.00000000 -0.00000100 1.00000000
vn 0.00000000 0.00000000 1.00000000
vn 0.00000000 0.00000000 1.00000000
vn 0.00000000 -0.00000100 1.00000000
vn 0.00000000 0.00000000 1.00000000
vn 0.00000000 0.00000000 1.00000000
vn 0.00000000 0.00000000 1.00000000
vn 0.00000000 0.00000000 1.00000000
vn 0.00000000 0.00000000 1.00000000
vn 0.00000000 0.00000000 1.00000000
vn 0.00000000 0.00000000 1.00000000
vn 0.00000000 0.00000000 1.00000000
vn 0.00000000 0.00000000 1.00000000
vn -0.00000000 0.00000100 1.00000000
vn 0.00000000 0.00000000 1.00000000
vn -0.00000000 0.00000100 1.00000000
vn -0.00000000 0.00000100 1.00000000
vn 0.00000000 0.00000000 1.00000000
vn -0.00000000 0.00000100 1.00000000
vn 0.00000000 0.00000000 1.00000000
vn -0.00000000 0.00000100 1.00000000
vn -0.00000000 0.00000100 1.00000000
vn -0.00000000 0.00000100 1.00000000
vn 0.00000000 0.00000000 1.00000000
vn 0.00000000 0.00000000 1.00000000
vn 0.00000000 0.00000000 1.00000000
vn 0.00000000 0.00000000 1.00000000
vn 0.00000000 0.00000000 1.00000000
vn 0.00000000 0.00000000 1.00000000
vn 0.00000000 0.00000000 1.00000000
vn 0.18611200 0.98126800 -0.04976400
vn 0.22741000 0.96237600 -0.14871800
vn 0.31506900 0.94852100 -0.03225100
vn 0.31498700 0.94854600 -0.03231100
vn -0.16042400 0.98658500 -0.03022700
vn -0.16041700 0.98658600 -0.03024900
vn 0.00000900 1.00000000 -0.00000100
vn 0.02763500 0.99961800 -0.00001200
vn 0.02762200 0.99961800 0.00000100
vn 0.08257700 0.99658500 0.00000000
vn 0.16458500 0.98636300 -0.00002000
vn -0.34710400 0.93782600 0.00000000
vn -0.22963900 0.97327600 -0.00000000
vn -0.22956300 0.97329400 0.00004700
vn -0.36543400 0.93082900 -0.00398700
vn -0.27729300 0.95888800 -0.06035800
vn -0.18383600 0.98265800 -0.02426100
vn -0.15670800 0.98764500 0.00000000
vn -0.08257600 0.99658500 0.00000000
vn -0.16035400 -0.98635300 -0.03733000
vn -0.22954700 -0.97257700 -0.03744800
vn -0.31504400 -0.94852800 -0.03226500
vn 0.16042000 -0.98658500 -0.03024300
vn 0.02760000 -0.99961900 0.00000000
vn -0.02760100 -0.99961900 0.00000000
vn -0.16459800 -0.98636100 0.00002000
vn 0.34710400 -0.93782600 0.00000000
vn 0.22956300 -0.97329400 0.00000700
vn 0.22963900 -0.97327600 -0.00000000
vn 0.36543400 -0.93082900 -0.00398700
vn 0.27729500 -0.95888700 -0.06035900
vn 0.18383600 -0.98265800 -0.02426100
vn 0.15670200 -0.98764600 0.00001900
vn 0.41521000 -0.90971700 -0.00397900
vn 0.48499800 -0.87449300 -0.00630400
vn 0.49396800 -0.86948000 0.00000000
vn 0.55757800 -0.83011300 -0.00439500
vn 0.62106600 -0.78372800 -0.00689900
vn 0.62787800 -0.77831200 0.00000000
vn 0.68503000 -0.72849900 -0.00476700
vn 0.74052800 -0.67198500 -0.00738900
vn 0.74531200 -0.66671600 -0.00000800
vn 0.79429800 -0.60750800 -0.00506700
vn 0.84014700 -0.54230200 -0.00781600
vn 0.84318200 -0.53762900 0.00000000
vn 0.88246900 -0.47034200 -0.00529300
vn 0.91730500 -0.39810100 -0.00815200
vn 0.91893400 -0.39441200 0.00000000
vn 0.94716900 -0.32068900 -0.00546100
vn 0.96994500 -0.24318300 -0.00831600
vn 0.97055400 -0.24088300 0.00000000
vn 0.98669800 -0.16247300 -0.00551100
vn 0.99661400 -0.08179300 -0.00843200
vn 0.99671500 -0.08099000 0.00000000
vn 0.99998500 0.00000000 -0.00543800
vn 0.99661500 0.08178500 -0.00838100
vn 0.99671400 0.08100400 0.00000000
vn 0.98670700 0.16241800 -0.00543000
vn 0.96994500 0.24318200 -0.00831200
vn 0.97055700 0.24087200 0.00000000
vn 0.94716900 0.32068900 -0.00546100
vn 0.91731900 0.39807000 -0.00811600
vn 0.91893400 0.39441200 0.00000000
vn 0.88248900 0.47030300 -0.00527200
vn 0.84016900 0.54226900 -0.00778700
vn 0.84318100 0.53762900 0.00000000
vn 0.79429500 0.60751100 -0.00506900
vn 0.74052900 0.67198400 -0.00738900
vn 0.74531600 0.66671100 0.00000000
vn 0.68503900 0.72849100 -0.00476300
vn 0.62106600 0.78372800 -0.00689900
vn 0.62787800 0.77831200 0.00000000
vn 0.55757700 0.83011300 -0.00439400
vn 0.48499700 0.87449300 -0.00630300
vn 0.49396800 0.86948000 0.00000000
vn 0.41521000 0.90971700 -0.00397900
vn 0.33463100 0.94234900 0.00000400
vn 0.22961500 0.97328200 -0.00000100
vn 0.14759600 0.98904800 0.00002000
vn -0.41521000 0.90971700 -0.00398000
vn -0.48499700 0.87449300 -0.00630300
vn -0.49396800 0.86948000 0.00000000
vn -0.55753800 0.83014000 -0.00440500
vn -0.62106600 0.78372800 -0.00689800
vn -0.62787800 0.77831200 0.00000000
vn -0.68503000 0.72849900 -0.00476600
vn -0.74052800 0.67198500 -0.00738900
vn -0.74531200 0.66671600 -0.00000800
vn -0.79429800 0.60750800 -0.00506700
vn -0.84014700 0.54230200 -0.00781600
vn -0.84318200 0.53762900 0.00000000
vn -0.88246900 0.47034200 -0.00529300
vn -0.91731900 0.39807000 -0.00811700
vn -0.91893400 0.39441200 0.00000000
vn -0.94718200 0.32065100 -0.00543200
vn -0.96994400 0.24318400 -0.00831500
vn -0.97055400 0.24088300 0.00000000
vn -0.98669800 0.16247200 -0.00551200
vn -0.99661400 0.08179500 -0.00843200
vn -0.99671500 0.08099000 0.00000000
vn -0.99998500 0.00000100 -0.00553500
vn -0.99661400 -0.08179500 -0.00843200
vn -0.99671500 -0.08099100 0.00000000
vn -0.98669800 -0.16247300 -0.00551100
vn -0.96995000 -0.24316200 -0.00827300
vn -0.97055400 -0.24088300 0.00000000
vn -0.94718100 -0.32065300 -0.00543300
vn -0.91731900 -0.39807100 -0.00811700
vn -0.91893400 -0.39441200 -0.00000400
vn -0.88246900 -0.47034100 -0.00529300
vn -0.84014800 -0.54230100 -0.00781600
vn -0.84318100 -0.53762900 0.00000000
vn -0.79432300 -0.60747400 -0.00505300
vn -0.74052900 -0.67198400 -0.00738900
vn -0.74532700 -0.66670000 0.00000000
vn -0.68501000 -0.72851800 -0.00477300
vn -0.62106400 -0.78373000 -0.00690000
vn -0.62787300 -0.77831600 0.00000000
vn -0.55753800 -0.83014000 -0.00440400
vn -0.48495600 -0.87451600 -0.00631700
vn -0.49396800 -0.86948000 0.00000000
vn -0.41521100 -0.90971700 -0.00398000
vn -0.33463100 -0.94234900 0.00000100
vn -0.14754700 -0.98905500 0.00002000
vn 0.00000000 0.00000000 -1.00000000
vn 0.00000000 0.00000000 -1.00000000
vn 0.00000000 0.00000000 -1.00000000
vn -0.00000000 0.00000000 -1.00000000
vn 0.00000000 -0.00000000 -1.00000000
vn 0.00000000 0.00000000 -1.00000000
vn 0.00000000 0.00000000 -1.00000000
vn 0.00000000 0.00000000 -1.00000000
vn 0.00000000 -0.00000000 -1.00000000
vn 0.00000000 0.00000000 -1.00000000
vn 0.00000000 0.00000000 -1.00000000
vn 0.00000000 0.00000000 -1.00000000
vn 0.00000000 0.00000000 -1.00000000
vn 0.00000000 0.00000000 -1.00000000
vn 0.00000000 -0.00000000 -1.00000000
vn 0.00000000 0.00000000 -1.00000000
vn 0.00000000 -0.00000000 -1.00000000
vn 0.00000000 0.00000000 -1.00000000
vn 0.00000000 0.00000000 -1.00000000
vn 0.00000000 0.00000000 -1.00000000
vn 0.00000000 0.00000000 -1.00000000
vn 0.00000000 0.00000000 -1.00000000
vn 0.00000000 0.00000000 -1.00000000
vn 0.00000000 0.00000000 -1.00000000
vn -0.00000000 0.00000000 -1.00000000
vn 0.00000000 -0.00000000 -1.00000000
vn 0.00000000 0.00000000 -1.00000000
vn 0.00000000 0.00000000 -1.00000000
vn 0.00000000 -0.00000000 -1.00000000
vn 0.00000000 0.00000000 -1.00000000
vn 0.00000000 0.00000000 -1.00000000
vn 0.00000000 0.00000000 -1.00000000
vn -0.00000000 0.00000000 -1.00000000
vn -0.00000000 0.00000000 -1.00000000
vn 0.00000000 0.00000000 -1.00000000
vn 0.00000000 0.00000000 -1.00000000
vn -0.00000000 0.00000000 -1.00000000
vn 0.00000000 0.00000000 -1.00000000
vn 0.00000000 0.00000000 -1.00000000
vn 0.00000000 -0.00000000 -1.00000000
vn 0.00000000 0.00000000 -1.00000000
vn 0.00000000 0.00000000 -1.00000000
vn 0.00000000 -0.00000000 -1.00000000
vn 0.00000000 0.00000000 -1.00000000
vn 0.00000000 0.00000000 -1.00000000
vn 0.00000000 0.00000000 -1.00000000
vn 0.00000000 0.00000000 -1.00000000
vn 0.00000000 0.00000000 -1.00000000
vn 0.00000000 0.00000000 -1.00000000
vn 0.00000000 0.00000000 -1.00000000
vn 0.00000000 -0.00000000 -1.00000000
vn 0.00000000 -0.00000000 -1.00000000
vn 0.00000000 0.00000000 -1.00000000
vn 0.00000000 -0.00000100 1.00000000
vn -0.00000000 0.00000000 1.00000000
vn 0.00000000 -0.00000000 1.00000000
vn 0.00000000 -0.00000100 1.00000000
vn -0.00000000 0.00000000 1.00000000
vn 0.00000000 0.00000000 1.00000000
vn 0.00000000 -0.00000100 1.00000000
vn 0.00000000 -0.00000000 1.00000000
vn 0.00000000 0.00000000 1.00000000
vn 0.00000000 0.00000000 1.00000000
vn -0.00000000 0.00000000 1.00000000
vn 0.00000000 -0.00000000 1.00000000
vn -0.00000000 0.00000000 1.00000000
vn 0.00000000 0.00000000 1.00000000
vn -0.00000000 0.00000100 1.00000000
vn 0.00000000 0.00000000 1.00000000
vn -0.00000000 0.00000000 1.00000000
vn 0.00000000 -0.00000100 1.00000000
vn -0.00000000 0.00000000 1.00000000
vn -0.00000000 0.00000100 1.00000000
vn -0.00000000 0.00000000 1.00000000
vn 0.00000000 0.00000000 1.00000000
vn 0.00000000 0.00000000 1.00000000
vn 0.00000000 0.00000000 1.00000000
vn 0.00000000 0.00000000 1.00000000
vn 0.00000000 0.00000000 1.00000000
vn 0.00000000 0.00000000 1.00000000
vn 0.00000000 0.00000000 1.00000000
vn 0.00000000 0.00000000 1.00000000
vn 0.00000000 -0.00000100 1.00000000
vn -0.00000000 0.00000100 1.00000000
vn 0.00000000 -0.00000100 1.00000000
vn 0.00000000 0.00000000 1.00000000
vn 0.00000000 0.00000000 1.00000000
vn 0.00000000 0.00000000 1.00000000
vn 0.00000000 0.00000000 1.00000000
vn 0.00000000 0.00000000 1.00000000
vn 0.00000000 0.00000000 1.00000000
vn -0.00000000 0.00000000 1.00000000
vn 0.00000000 0.00000000 1.00000000
vn 0.00000000 0.00000000 1.00000000
vn -0.00000000 0.00000000 1.00000000
vn 0.00000000 0.00000000 1.00000000
vn 0.86269200 0.50572900 0.00000000
vn 0.91989700 0.39216000 0.00000000
vn 0.91986400 0.39223800 0.00000000
vn 0.85418800 0.51996400 0.00000000
vn 0.93351200 0.35814700 0.01689500
vn 0.93795300 0.34666100 0.00841200
vn 0.95367500 0.30037000 0.01681500
vn 0.93650400 0.35065800 0.00001300
vn 0.99508200 -0.09905200 0.00000000
vn 0.99508700 -0.09900900 0.00001400
vn 0.99508700 -0.09900900 0.00001400
vn 0.99508200 -0.09905200 0.00000000
vn 0.99508700 -0.09900900 0.00001400
vn 0.99508200 -0.09905200 0.00000000
vn 0.84904500 -0.52832100 0.00000000
vn 0.84902600 -0.52835100 -0.00001200
vn 0.84904500 -0.52832100 0.00000000
vn 0.84904500 -0.52832100 0.00000000
vn 0.84902600 -0.52835100 -0.00001200
vn 0.84902600 -0.52835100 -0.00001200
vn 0.52834000 -0.84903300 0.00000000
vn 0.52832000 -0.84904500 -0.00000700
vn 0.52832000 -0.84904500 -0.00000700
vn 0.52834000 -0.84903300 0.00000000
vn 0.52832000 -0.84904500 -0.00000700
vn 0.52834000 -0.84903300 0.00000000
vn 0.09900900 -0.99508700 0.00000000
vn 0.09900900 -0.99508700 0.00000000
vn -0.10264200 -0.99470800 0.00462100
vn -0.07628500 -0.99708600 0.00000000
vn -0.41589200 -0.90941400 0.00000000
vn -0.51993800 -0.85420400 0.00000600
vn -0.41723600 -0.90879100 0.00363200
vn -0.36384000 -0.93145000 0.00453000
vn 0.50572800 -0.86269300 0.00000000
vn 0.39223700 -0.91986400 0.00000000
vn 0.39216000 -0.91989700 0.00000000
vn 0.51992300 -0.85421300 0.00000000
vn 0.35816400 -0.93350600 0.01689300
vn 0.34665500 -0.93795500 0.00841000
vn 0.30035700 -0.95367900 0.01682100
vn 0.35065900 -0.93650300 0.00000000
vn -0.09900900 -0.99508700 0.00000000
vn -0.09900900 -0.99508700 0.00000000
vn -0.09900900 -0.99508700 0.00000000
vn -0.09900900 -0.99508700 0.00000000
vn -0.09900900 -0.99508700 0.00000000
vn -0.09900900 -0.99508700 0.00000000
vn -0.52832000 -0.84904500 0.00000000
vn -0.52834000 -0.84903300 -0.00000700
vn -0.52832000 -0.84904500 0.00000000
vn -0.52832000 -0.84904500 0.00000000
vn -0.52834000 -0.84903300 -0.00000700
vn -0.52834000 -0.84903300 -0.00000700
vn -0.84902500 -0.52835200 0.00000000
vn -0.84904600 -0.52831900 -0.00001200
vn -0.84904600 -0.52831900 -0.00001200
vn -0.84904600 -0.52831900 -0.00001200
vn -0.84902500 -0.52835200 0.00000000
vn -0.84902500 -0.52835200 0.00000000
vn -0.99508600 -0.09901700 -0.00001100
vn -0.99508200 -0.09905200 0.00000000
vn -0.99470800 0.10264100 0.00462300
vn -0.99708600 0.07628400 -0.00001400
vn -0.90938300 0.41596000 0.00000000
vn -0.90942400 0.41587000 -0.00000000
vn -0.85420300 0.51993900 0.00000000
vn -0.86267400 0.50576100 0.00000000
vn -0.93459500 0.35566300 0.00604800
vn -0.93144400 0.36385800 0.00453000
vn -0.50572800 0.86269300 0.00000000
vn -0.39219100 0.91988400 0.00000000
vn -0.45725000 0.88931300 0.00675900
vn -0.45713300 0.88937300 0.00675300
vn -0.39217100 0.91989200 -0.00000500
vn -0.30037800 0.95367200 0.01681000
vn -0.30035700 0.95367900 0.01682100
vn -0.35065900 0.93650300 0.00000000
vn 0.09900900 0.99508700 0.00000000
vn 0.09900900 0.99508700 0.00000000
vn 0.09900900 0.99508700 0.00000000
vn 0.09900900 0.99508700 0.00000000
vn 0.09900900 0.99508700 0.00000000
vn 0.09900900 0.99508700 0.00000000
vn 0.52832000 0.84904500 0.00000000
vn 0.52832000 0.84904500 0.00000000
vn 0.52832000 0.84904500 0.00000000
vn 0.52832000 0.84904500 0.00000000
vn 0.52832000 0.84904500 0.00000000
vn 0.52832000 0.84904500 0.00000000
vn 0.84904600 0.52832000 0.00000000
vn 0.84904500 0.52832100 0.00000000
vn 0.84904600 0.52832000 0.00000000
vn 0.84904500 0.52832100 0.00000000
vn 0.84904600 0.52832000 0.00000000
vn 0.84904500 0.52832100 0.00000000
vn 0.99508700 0.09900900 0.00000000
vn 0.99508700 0.09900900 0.00000000
vn 0.99470800 -0.10264200 0.00462100
vn 0.99708600 -0.07628400 0.00000000
vn 0.90941400 -0.41589300 -0.00000100
vn 0.85420300 -0.51993900 0.00000000
vn 0.90881100 -0.41719200 0.00363900
vn 0.93145000 -0.36384100 0.00453300
vn -0.75107400 0.66021800 0.00000000
vn -0.75107500 0.66021700 0.00000000
vn -0.98049200 0.19655800 0.00000000
vn -0.98049200 0.19655800 0.00000000
vn -0.98049200 0.19655800 0.00000000
vn -0.98049200 0.19655800 0.00000000
vn -0.98049200 0.19655800 0.00000000
vn -0.98049200 0.19655800 0.00000000
vn -0.94752400 -0.31968400 0.00000000
vn -0.94752400 -0.31968600 0.00000000
vn -0.94752400 -0.31968400 0.00000000
vn -0.94752400 -0.31968600 0.00000000
vn -0.94752400 -0.31968400 0.00000000
vn -0.66021800 0.75107400 0.00000000
vn -0.66021800 0.75107400 0.00000000
vn -0.19655500 0.98049300 0.00000000
vn -0.19655500 0.98049300 0.00000000
vn -0.19656000 0.98049200 0.00000000
vn -0.19655500 0.98049300 0.00000000
vn -0.19656000 0.98049200 0.00000000
vn -0.19656000 0.98049200 0.00000000
vn 0.31968400 0.94752400 0.00000000
vn 0.31968400 0.94752400 0.00000000
vn -0.66021800 -0.75107400 0.00000000
vn -0.66021800 -0.75107400 0.00000000
vn -0.19655500 -0.98049300 0.00000000
vn -0.19656000 -0.98049200 0.00000000
vn -0.19655500 -0.98049300 0.00000000
vn -0.19655500 -0.98049300 0.00000000
vn -0.19656000 -0.98049200 0.00000000
vn -0.19656000 -0.98049200 0.00000000
vn 0.31968400 -0.94752400 0.00000000
vn 0.31968400 -0.94752400 0.00000000
vn -0.75107300 -0.66021900 0.00000000
vn -0.75107500 -0.66021700 0.00000000
vn -0.98049200 -0.19655800 0.00000000
vn -0.98049200 -0.19655800 0.00000000
vn -0.98049200 -0.19655800 0.00000000
vn -0.98049200 -0.19655800 0.00000000
vn -0.98049200 -0.19655800 0.00000000
vn -0.98049200 -0.19655800 0.00000000
vn -0.94752400 0.31968400 0.00000000
vn -0.94752400 0.31968500 0.00000000
vn 0.66021800 -0.75107400 0.00000000
vn 0.66021800 -0.75107400 0.00000000
vn 0.19655500 -0.98049300 0.00000000
vn 0.19655500 -0.98049300 0.00000000
vn 0.19656000 -0.98049200 0.00000000
vn 0.19655500 -0.98049300 0.00000000
vn 0.19656000 -0.98049200 0.00000000
vn 0.19656000 -0.98049200 0.00000000
vn -0.31968400 -0.94752400 0.00000000
vn -0.31968400 -0.94752400 0.00000000
vn 0.66021800 0.75107400 0.00000000
vn 0.66021800 0.75107400 0.00000000
vn 0.19655500 0.98049300 0.00000000
vn 0.19655500 0.98049300 0.00000000
vn 0.19656000 0.98049200 0.00000000
vn 0.19656000 0.98049200 0.00000000
vn 0.19655500 0.98049300 0.00000000
vn 0.19656000 0.98049200 0.00000000
vn -0.31968400 0.94752400 0.00000000
vn -0.31968400 0.94752400 0.00000000
vn 0.75107300 0.66021900 0.00000000
vn 0.75107500 0.66021700 0.00000000
vn 0.98049200 0.19655800 0.00000000
vn 0.98049200 0.19655800 0.00000000
vn 0.98049200 0.19655800 0.00000000
vn 0.98049200 0.19655800 0.00000000
vn 0.98049200 0.19655800 0.00000000
vn 0.98049200 0.19655800 0.00000000
vn 0.94752400 -0.31968400 0.00000000
vn 0.94752400 -0.31968500 0.00000000
vn 0.75107400 -0.66021800 0.00000000
vn 0.75107500 -0.66021700 0.00000000
vn 0.98049200 -0.19655800 0.00000000
vn 0.98049200 -0.19655800 0.00000000
vn 0.98049200 -0.19655800 0.00000000
vn 0.98049200 -0.19655800 0.00000000
vn 0.98049200 -0.19655800 0.00000000
vn 0.98049200 -0.19655800 0.00000000
vn 0.94752400 0.31968400 0.00000000
vn 0.94752400 0.31968600 0.00000000
vn 0.59786400 -0.35382100 -0.71928400
vn 0.60460800 -0.36683900 -0.70702100
vn 0.49670200 -0.49643900 -0.71192400
vn 0.35269100 -0.59828400 -0.71948900
vn 0.65561600 -0.23421600 -0.71785100
vn 0.69420400 -0.03008500 -0.71914900
vn 0.67693300 -0.17045000 -0.71603600
vn 0.36469800 -0.60587000 -0.70704800
vn 0.19828900 -0.67494600 -0.71072400
vn 0.03787000 -0.69873000 -0.71438200
vn -0.08550100 -0.70451500 -0.70452000
vn -0.29828200 -0.64265700 -0.70570500
vn -0.40739400 -0.57966500 -0.70570400
vn -0.57965400 -0.40740500 -0.70570700
vn -0.64265700 -0.29827600 -0.70570700
vn -0.70570000 -0.06299100 -0.70570500
vn -0.70569800 0.06298500 -0.70570800
vn -0.64265200 0.29829200 -0.70570600
vn -0.57964300 0.40742400 -0.70570500
vn -0.40741100 0.57965500 -0.70570300
vn -0.29827300 0.64266300 -0.70570300
vn -0.06300800 0.70570000 -0.70570300
vn 0.06302200 0.70569800 -0.70570400
vn 0.29828600 0.64265400 -0.70570600
vn 0.40742400 0.57964200 -0.70570600
vn 0.57964800 0.40741200 -0.70570800
vn 0.64266300 0.29827100 -0.70570400
vn 0.70669000 0.03430000 -0.70669100
vn -0.60311800 -0.16128700 -0.78117600
vn -0.47093400 -0.07930500 -0.87859600
vn -0.65269300 0.04306600 -0.75639800
vn -0.35257700 -0.59836000 -0.71948200
vn -0.49669600 -0.49653100 -0.71186400
vn -0.58990000 -0.37380400 -0.71574300
vn -0.62918600 -0.29981200 -0.71710300
vn -0.68779500 -0.10133700 -0.71879700
vn 0.01871600 -0.70106300 -0.71285400
vn -0.19828900 -0.67494600 -0.71072400
vn -0.36448400 -0.60599600 -0.70705000
vn -0.64265800 0.29828200 -0.70570500
vn -0.57966500 0.40739400 -0.70570400
vn -0.40740500 0.57965400 -0.70570700
vn -0.29827700 0.64266200 -0.70570300
vn -0.06299100 0.70569900 -0.70570600
vn 0.06298500 0.70569800 -0.70570700
vn 0.29829200 0.64265100 -0.70570600
vn 0.40742300 0.57964400 -0.70570500
vn 0.57965500 0.40741100 -0.70570300
vn 0.64266200 0.29827400 -0.70570400
vn 0.70569600 0.06300800 -0.70570700
vn 0.70569800 -0.06302200 -0.70570400
vn 0.64265400 -0.29828600 -0.70570600
vn 0.57964200 -0.40742500 -0.70570500
vn 0.40741200 -0.57965300 -0.70570400
vn 0.29827100 -0.64266400 -0.70570300
vn 0.03430100 -0.70669100 -0.70669000
vn -0.59786300 0.35382100 -0.71928400
vn -0.60460500 0.36683700 -0.70702400
vn -0.49670200 0.49643900 -0.71192400
vn -0.35269100 0.59828400 -0.71948900
vn -0.65561600 0.23421600 -0.71785100
vn -0.69420400 0.03008500 -0.71914900
vn -0.67695400 0.17041000 -0.71602600
vn -0.36469700 0.60586800 -0.70705000
vn -0.19825600 0.67492800 -0.71075100
vn -0.03787000 0.69873000 -0.71438200
vn 0.08550100 0.70451500 -0.70452000
vn 0.29828200 0.64265700 -0.70570500
vn 0.40739400 0.57966500 -0.70570400
vn 0.57965400 0.40740500 -0.70570700
vn 0.64266200 0.29827800 -0.70570300
vn 0.70570000 0.06299100 -0.70570500
vn 0.70569800 -0.06298500 -0.70570800
vn 0.64265200 -0.29829200 -0.70570600
vn 0.57964300 -0.40742400 -0.70570500
vn 0.40740900 -0.57965100 -0.70570700
vn 0.29827300 -0.64266300 -0.70570300
vn 0.06300800 -0.70570000 -0.70570300
vn -0.06302200 -0.70569800 -0.70570400
vn -0.29828900 -0.64265800 -0.70570100
vn -0.40742400 -0.57964200 -0.70570600
vn -0.57965300 -0.40741400 -0.70570300
vn -0.64266300 -0.29827100 -0.70570400
vn -0.70668900 -0.03434500 -0.70669100
vn 0.60314200 0.16131900 -0.78115000
vn 0.47134400 0.07940700 -0.87836700
vn 0.65269300 -0.04306600 -0.75639800
vn 0.35257900 0.59835800 -0.71948300
vn 0.49667300 0.49650700 -0.71189600
vn 0.58990000 0.37380400 -0.71574300
vn 0.62918400 0.29981000 -0.71710600
vn 0.68779500 0.10133700 -0.71879700
vn -0.01879500 0.70109100 -0.71282400
vn 0.19825800 0.67492600 -0.71075200
vn 0.36444500 0.60602000 -0.70705000
vn 0.64265800 -0.29828200 -0.70570500
vn 0.57966500 -0.40739400 -0.70570400
vn 0.40740500 -0.57965400 -0.70570700
vn 0.29827700 -0.64266200 -0.70570300
vn 0.06299100 -0.70569900 -0.70570600
vn -0.06298500 -0.70569800 -0.70570700
vn -0.29829200 -0.64265100 -0.70570600
vn -0.40742300 -0.57964400 -0.70570500
vn -0.57965500 -0.40741100 -0.70570300
vn -0.64266200 -0.29827400 -0.70570400
vn -0.70569600 -0.06300800 -0.70570700
vn -0.70569800 0.06302200 -0.70570400
vn -0.64265400 0.29828600 -0.70570600
vn -0.57964200 0.40742500 -0.70570500
vn -0.40741200 0.57965300 -0.70570400
vn -0.29827100 0.64266400 -0.70570300
vn -0.03430100 0.70669100 -0.70669000
vn -0.70710700 0.70710600 0.00000000
vn -0.70710700 0.70710700 0.00000000
vn -0.70710600 0.70710700 0.00000100
vn -0.70710200 0.70711200 0.00004900
vn -0.70710600 0.70710700 0.00000100
vn -0.69308300 0.72085800 -0.00000200
vn -0.70710000 0.70711400 0.00000700
vn -0.66410700 0.74763500 0.00167300
vn -0.70709600 0.70711800 -0.00002500
vn -0.70710600 0.70710700 0.00000000
vn -0.70710700 0.70710700 -0.00000000
vn -0.73453200 0.67857300 0.00114200
vn -0.70710600 0.70710800 -0.00000200
vn -0.70710200 0.70711200 -0.00001400
vn -0.72091900 0.69302000 -0.00000100
vn -0.70708600 0.70712700 -0.00005700
vn -0.70712000 0.70709300 0.00005000
vn -0.70710400 0.70710900 0.00001400
vn -0.70712000 0.70709300 0.00005000
vn -0.70710600 0.70710800 0.00000300
vn -0.70712000 0.70709300 0.00005000
vn -0.70710700 0.70710600 0.00000000
vn -0.70710600 0.70710800 0.00000300
vn -0.70710700 0.70710600 0.00000000
vn -0.70710700 0.70710700 0.00000000
vn -0.70710600 0.70710800 0.00000300
vn -0.70710700 0.70710700 0.00000000
vn -0.70710700 0.70710600 0.00000000
vn -0.70710700 0.70710700 0.00000000
vn -0.70710600 0.70710700 0.00000100
vn -0.70710700 0.70710600 0.00000000
vn -0.58754600 0.80916300 0.00669800
vn 0.58672500 0.80978300 0.00226700
vn 0.80946700 0.58714800 0.00441200
vn 0.80913500 0.58758400 0.00669400
vn 0.80978500 -0.58672200 0.00226800
vn 0.58715500 -0.80946300 0.00445900
vn 0.58754600 -0.80916300 0.00669800
vn -0.80978500 0.58672300 0.00226900
vn -0.80946200 -0.58715500 0.00445900
vn -0.80913500 -0.58758400 0.00669300
vn -0.58672500 -0.80978300 0.00226700
vn 0.04458400 0.95343500 0.29828400
vn 0.08913600 0.90888300 0.40741400
vn 0.21092000 0.78709700 0.57964700
vn 0.28809500 0.70992000 0.64266200
vn 0.45446900 0.54355100 0.70569900
vn 0.54355100 0.45447100 0.70569700
vn 0.70992000 0.28809500 0.64266200
vn 0.78709600 0.21091800 0.57964900
vn 0.90888200 0.08913700 0.40741700
vn 0.95342400 0.04459800 0.29831900
vn 0.99801200 0.00000800 0.06302500
vn 0.99801100 0.00001200 -0.06303300
vn 0.95343700 0.04458900 -0.29827600
vn 0.90888600 0.08913900 -0.40740800
vn 0.78709900 0.21091800 -0.57964500
vn 0.70992300 0.28809200 -0.64266000
vn 0.54355500 0.45446000 -0.70570100
vn 0.45445600 0.54355800 -0.70570100
vn 0.28809800 0.70991100 -0.64267100
vn 0.21090200 0.78711000 -0.57963700
vn 0.08913400 0.90888400 -0.40741300
vn 0.04459100 0.95342600 -0.29831200
vn 0.00000600 0.99801300 -0.06300600
vn 0.00000700 0.99801300 0.06300300
vn -0.95343000 0.04458100 0.29830300
vn -0.90888800 0.08911900 0.40740800
vn -0.78709800 0.21091200 0.57964900
vn -0.70994300 0.28806900 0.64264800
vn -0.54357800 0.45444400 0.70569400
vn -0.45444100 0.54358200 0.70569300
vn -0.28809700 0.70992100 0.64266100
vn -0.21091600 0.78709700 0.57964800
vn -0.08913600 0.90888200 0.40741600
vn -0.04458400 0.95343700 0.29827700
vn -0.00000800 0.99801200 0.06302400
vn -0.00000500 0.99801100 -0.06303400
vn -0.04458200 0.95343700 -0.29827800
vn -0.08913300 0.90888600 -0.40740800
vn -0.21091900 0.78709700 -0.57964700
vn -0.28806900 0.70995000 -0.64264100
vn -0.45446500 0.54355600 -0.70569700
vn -0.54356500 0.45446000 -0.70569300
vn -0.70991400 0.28810100 -0.64266600
vn -0.78710900 0.21090000 -0.57963800
vn -0.90888300 0.08913400 -0.40741400
vn -0.95343900 0.04458000 -0.29827300
vn -0.99801300 -0.00000100 -0.06300800
vn -0.99801300 -0.00000000 0.06300200
vn -0.04457600 -0.95344300 0.29826000
vn -0.08913100 -0.90888900 0.40740300
vn -0.21092100 -0.78710000 0.57964300
vn -0.28810600 -0.70991600 0.64266100
vn -0.45444300 -0.54357600 0.70569600
vn -0.54357700 -0.45443600 0.70570000
vn -0.70992000 -0.28809500 0.64266200
vn -0.78709800 -0.21092300 0.57964500
vn -0.90888400 -0.08913600 0.40741200
vn -0.95342400 -0.04460500 0.29831700
vn -0.99800900 -0.00000200 0.06307400
vn -0.99801900 -0.00000900 0.06292000
vn -0.98251600 -0.00000000 0.18617900
vn -0.98251600 -0.00001300 -0.18617600
vn -0.95343900 -0.04458200 -0.29827400
vn -0.90888600 -0.08913900 -0.40740800
vn -0.78709900 -0.21091800 -0.57964500
vn -0.70992500 -0.28809700 -0.64265600
vn -0.54355500 -0.45446000 -0.70570100
vn -0.45446000 -0.54356200 -0.70569600
vn -0.28811500 -0.70988400 -0.64269300
vn -0.28806000 -0.70995000 -0.64264400
vn -0.35964800 -0.62291500 -0.69471500
vn -0.13167200 -0.85088900 -0.50857800
vn -0.08913400 -0.90888400 -0.40741300
vn -0.04458200 -0.95344000 -0.29827100
vn -0.00000600 -0.99801300 -0.06300600
vn -0.00000700 -0.99801300 0.06300300
vn 0.95343000 -0.04458700 0.29830000
vn 0.90888800 -0.08912500 0.40740500
vn 0.78709800 -0.21091200 0.57964900
vn 0.70994300 -0.28806900 0.64264800
vn 0.54357400 -0.45444000 0.70569900
vn 0.45443800 -0.54357900 0.70569700
vn 0.28809700 -0.70992100 0.64266100
vn 0.21092100 -0.78709900 0.57964400
vn 0.08914200 -0.90888500 0.40740900
vn 0.04459900 -0.95342500 0.29831600
vn -0.00000500 -0.99800900 0.06307400
vn -0.00000500 -0.99801600 0.06296400
vn 0.00000000 -0.98251600 0.18617800
vn 0.00001300 -0.98251600 -0.18617700
vn 0.04457400 -0.95343800 -0.29827500
vn 0.08913300 -0.90888600 -0.40740800
vn 0.21091900 -0.78709700 -0.57964700
vn 0.28809500 -0.70992100 -0.64266200
vn 0.45446200 -0.54355300 -0.70570200
vn 0.54355900 -0.45445300 -0.70570300
vn 0.70991300 -0.28809600 -0.64267000
vn 0.78710400 -0.21090200 -0.57964500
vn 0.90888400 -0.08912700 -0.40741500
vn 0.95343500 -0.04457800 -0.29828600
vn 0.99801300 0.00000100 -0.06300800
vn 0.99801600 -0.00000200 0.06296300
vn -0.59254500 0.38701900 -0.70647500
vn -0.59256300 0.38699800 -0.70647100
vn -0.52889400 0.50449700 -0.68246200
vn -0.54713200 0.45009700 -0.70573300
vn -0.51750600 0.52117100 -0.67865100
vn -0.52050500 0.56255300 -0.64234600
vn -0.47189100 0.57064900 -0.67207000
vn -0.51433900 0.49098800 -0.70312600
vn -0.51885700 0.48042200 -0.70709400
vn 0.51433900 0.49093800 -0.70316200
vn 0.51753700 0.52127700 -0.67854600
vn 0.52892400 0.50450300 -0.68243400
vn 0.52053600 0.56263800 -0.64224700
vn 0.49919400 0.56206900 -0.65945700
vn 0.48048500 0.55162100 -0.68179900
vn 0.59254500 -0.38701900 -0.70647500
vn 0.59249600 -0.38706800 -0.70648800
vn 0.52890000 -0.50449700 -0.68245700
vn 0.54713300 -0.45009800 -0.70573100
vn 0.51751000 -0.52116900 -0.67865000
vn 0.52050300 -0.56255500 -0.64234600
vn 0.47189100 -0.57064900 -0.67207000
vn 0.51434300 -0.49098700 -0.70312400
vn 0.51853700 -0.48078000 -0.70708500
vn -0.51434900 -0.49089600 -0.70318300
vn -0.51753700 -0.52127700 -0.67854600
vn -0.52892400 -0.50450300 -0.68243400
vn -0.52053600 -0.56263800 -0.64224700
vn -0.49919400 -0.56206900 -0.65945700
vn -0.48048500 -0.55162100 -0.68179900
vn 0.59215300 -0.38653100 -0.70707000
vn 0.62297800 -0.33713700 -0.70585900
vn 0.64754200 -0.28406100 -0.70710600
vn 0.65527000 -0.26610600 -0.70697200
vn 0.65528100 -0.26608500 -0.70696900
vn 0.66995200 -0.22999400 -0.70588000
vn 0.68546500 -0.17360200 -0.70710700
vn 0.69012700 -0.15464400 -0.70697300
vn 0.70294600 -0.07782500 -0.70697200
vn 0.70616800 -0.03894100 -0.70697200
vn 0.70616900 0.03893500 -0.70697200
vn 0.70294700 0.07782200 -0.70697200
vn 0.69013000 0.15463300 -0.70697200
vn 0.68055100 0.19246200 -0.70697200
vn 0.65526700 0.26611800 -0.70697000
vn 0.63959200 0.30185300 -0.70697000
vn 0.60262400 0.37018900 -0.70696800
vn 0.58193500 0.40339400 -0.70613400
vn 0.58191800 0.40342800 -0.70612900
vn 0.55930800 0.43463100 -0.70588200
vn 0.54100600 0.45774000 -0.70554000
vn 0.51843000 0.48088900 -0.70709000
vn -0.42251100 -0.56709300 -0.70702800
vn -0.42251000 -0.56709400 -0.70702900
vn -0.38741200 -0.59297200 -0.70590100
vn -0.35364400 -0.61247500 -0.70697200
vn -0.31932400 -0.63104700 -0.70697400
vn -0.24800800 -0.66233200 -0.70697100
vn -0.21110500 -0.67500000 -0.70697200
vn -0.13560700 -0.69411800 -0.70697300
vn -0.09712300 -0.70054000 -0.70697300
vn -0.01951100 -0.70697400 -0.70697100
vn 0.01950700 -0.70697400 -0.70697100
vn 0.09711600 -0.70054200 -0.70697200
vn 0.13560400 -0.69411800 -0.70697400
vn 0.21109900 -0.67500300 -0.70697100
vn 0.24800400 -0.66233300 -0.70697200
vn 0.31932500 -0.63104800 -0.70697300
vn 0.35365700 -0.61246800 -0.70697300
vn 0.35367400 -0.61246000 -0.70697100
vn 0.38742400 -0.59299100 -0.70587800
vn 0.42256500 -0.56705400 -0.70702700
vn 0.48048500 -0.55162000 -0.68179900
vn -0.59215300 0.38653100 -0.70707000
vn -0.62297800 0.33713700 -0.70585900
vn -0.64756300 0.28401700 -0.70710400
vn -0.65527100 0.26610600 -0.70697000
vn -0.65528100 0.26608500 -0.70696900
vn -0.66995200 0.22999400 -0.70588000
vn -0.68547800 0.17355400 -0.70710500
vn -0.69012800 0.15464400 -0.70697100
vn -0.70294900 0.07782500 -0.70697000
vn -0.70616800 0.03894100 -0.70697200
vn -0.70616900 -0.03893500 -0.70697200
vn -0.70294700 -0.07782200 -0.70697200
vn -0.69013100 -0.15463300 -0.70697000
vn -0.68055100 -0.19246200 -0.70697100
vn -0.65526300 -0.26612200 -0.70697200
vn -0.63958900 -0.30185000 -0.70697400
vn -0.60262500 -0.37018700 -0.70696900
vn -0.58191800 -0.40342800 -0.70612900
vn -0.58193400 -0.40339100 -0.70613600
vn -0.55930800 -0.43463100 -0.70588200
vn -0.54100400 -0.45773800 -0.70554300
vn -0.51863800 -0.48062600 -0.70711600
vn 0.42247200 0.56712300 -0.70702800
vn 0.42251100 0.56709300 -0.70702800
vn 0.38741200 0.59297200 -0.70590100
vn 0.35364300 0.61247400 -0.70697400
vn 0.31932400 0.63104800 -0.70697200
vn 0.24800800 0.66233200 -0.70697100
vn 0.21110500 0.67500100 -0.70697200
vn 0.13561000 0.69411900 -0.70697200
vn 0.09711900 0.70054200 -0.70697200
vn 0.01951100 0.70697200 -0.70697300
vn -0.01950700 0.70697200 -0.70697300
vn -0.09711600 0.70054100 -0.70697300
vn -0.13560400 0.69411900 -0.70697200
vn -0.21109800 0.67500200 -0.70697200
vn -0.24800400 0.66233300 -0.70697200
vn -0.31932600 0.63104900 -0.70697100
vn -0.35367400 0.61246000 -0.70697100
vn -0.35365700 0.61246900 -0.70697100
vn -0.38742400 0.59299100 -0.70587800
vn -0.42256400 0.56705300 -0.70702900
vn -0.48048500 0.55162000 -0.68179900
vn -0.77592700 0.63082300 0.00000000
vn -0.63435500 0.77304200 0.00000000
vn -0.63446300 0.77295300 0.00000500
vn -0.79713600 0.60380000 -0.00000100
vn -0.70710500 0.70710900 0.00000000
vn -0.63440900 0.77299800 0.00000000
vn 0.63440800 0.77299800 0.00000000
vn 0.77592200 0.63082900 0.00000300
vn 0.77594100 0.63080600 0.00000000
vn 0.60869300 0.79340600 -0.00000000
vn 0.70710500 0.70710900 0.00000000
vn 0.77592700 0.63082300 0.00000000
vn 0.63440900 -0.77299800 0.00000000
vn 0.77592800 -0.63082200 0.00000000
vn 0.63440700 -0.77299900 0.00000000
vn 0.77592700 -0.63082300 0.00000000
vn -0.77592700 -0.63082300 0.00000000
vn -0.63440700 -0.77299900 0.00000000
vn -0.77592800 -0.63082200 0.00000000
vn -0.63440800 -0.77299800 0.00000000
vn 0.77299800 0.63440800 0.00000000
vn 0.70710900 0.70710500 0.00000000
vn 0.77304200 0.63435500 0.00000000
vn 0.77295300 0.63446300 0.00000300
vn 0.60379900 0.79713600 0.00001400
vn 0.63082300 0.77592700 0.00000000
vn 0.63081600 -0.77593200 0.00000000
vn 0.63086600 -0.77589200 0.00000000
vn 0.77299900 -0.63440700 0.00000000
vn 0.70710900 -0.70710500 0.00000000
vn 0.77299800 -0.63440800 0.00000000
vn 0.54787800 -0.83655800 0.00000000
vn 0.83144600 0.55560500 0.00000000
vn 0.83144700 0.55560500 0.00000000
vn 0.98078800 0.19507900 0.00000000
vn 0.98078800 0.19507900 0.00000000
vn 0.99781000 0.06614900 0.00000000
vn 0.99781000 -0.06614900 0.00000000
vn 0.98078800 -0.19507800 0.00000000
vn 0.98078800 -0.19507800 0.00000000
vn 0.83144600 -0.55560500 0.00000000
vn 0.83144700 -0.55560500 0.00000000
vn -0.44293200 -0.89655500 0.00000000
vn -0.32074700 -0.94716500 0.00000000
vn -0.19507800 -0.98078800 0.00000000
vn -0.19507800 -0.98078800 0.00000000
vn 0.19507800 -0.98078800 0.00000000
vn 0.19507800 -0.98078800 0.00000000
vn 0.32074700 -0.94716500 0.00003200
vn 0.44293200 -0.89655500 0.00003400
vn 0.44293200 0.89655500 0.00000000
vn 0.32074700 0.94716500 0.00000000
vn 0.19507800 0.98078800 0.00000000
vn 0.19507800 0.98078800 0.00000000
vn -0.19507800 0.98078800 0.00000000
vn -0.19507900 0.98078800 0.00000000
vn -0.19507800 0.98078800 0.00000000
vn -0.19507900 0.98078800 0.00000000
vn -0.19507800 0.98078800 0.00000000
vn -0.19507900 0.98078800 0.00000000
vn -0.55560500 0.83144600 0.00000000
vn -0.55560500 0.83144600 0.00000000
vn 0.99317700 -0.11661300 0.00000000
vn 0.99317700 -0.11661500 0.00000000
vn 0.99446800 0.10503700 0.00000000
vn 0.99446800 0.10504000 0.00000000
vn -0.99446800 0.10504000 0.00000000
vn -0.99446900 0.10502800 -0.00000400
vn -0.99448400 0.10488800 0.00000400
vn -1.00000000 -0.00000000 0.00000000
vn -0.98786500 -0.15531800 -0.00000200
vn -0.99317700 -0.11661300 0.00000000
vn 0.99446800 -0.10504000 0.00000000
vn 0.99446800 -0.10503700 0.00000000
vn 0.99317700 0.11661500 0.00000000
vn 0.99317700 0.11661300 0.00000000
vn -0.99317700 0.11661300 0.00000000
vn -0.99317700 0.11661500 0.00000000
vn -0.99446800 -0.10503700 0.00000000
vn -0.99446800 -0.10504000 0.00000000
vn -0.97280300 -0.23163500 0.00000000
vn -0.97280300 -0.23163500 0.00000000
vn -0.76402700 -0.64518500 0.00000000
vn -0.76435200 -0.64479900 -0.00000300
vn -0.76435200 -0.64479900 -0.00000300
vn -0.76402700 -0.64518500 0.00000000
vn -0.76435200 -0.64479900 -0.00000300
vn -0.76402700 -0.64518500 0.00000000
vn -0.39166900 -0.92010600 0.00000000
vn -0.39163600 -0.92012000 0.00000000
vn -0.39166900 -0.92010600 0.00000000
vn -0.39166900 -0.92010600 0.00000000
vn -0.39163600 -0.92012000 0.00000000
vn -0.39163600 -0.92012000 0.00000000
vn 0.06511600 -0.99787800 -0.00000100
vn 0.06478100 -0.99790000 0.00000000
vn -0.97793300 0.20891800 0.00000000
vn -0.97793500 0.20890900 0.00000000
vn -0.80742000 0.58997700 0.00000000
vn -0.80742000 0.58997700 0.00000000
vn -0.80742000 0.58997700 0.00000000
vn -0.80742000 0.58997700 0.00000000
vn -0.49638800 0.86810100 0.00000000
vn -0.49642100 0.86808200 0.00000000
vn -0.49638800 -0.86810100 0.00000000
vn -0.49642100 -0.86808200 0.00000000
vn -0.80742000 -0.58997700 0.00000000
vn -0.80742000 -0.58997700 0.00000000
vn -0.80742000 -0.58997700 0.00000000
vn -0.80742000 -0.58997700 0.00000000
vn -0.97793300 -0.20891800 0.00000000
vn -0.97793500 -0.20890900 0.00000000
vn 0.06511600 0.99787800 -0.00000100
vn 0.06478100 0.99790000 0.00000000
vn -0.39163600 0.92012000 0.00000000
vn -0.39166900 0.92010600 0.00000000
vn -0.39163600 0.92012000 0.00000000
vn -0.39163600 0.92012000 0.00000000
vn -0.39166900 0.92010600 0.00000000
vn -0.39166900 0.92010600 0.00000000
vn -0.76404300 0.64516500 0.00000000
vn -0.76402700 0.64518500 0.00000000
vn -0.76402700 0.64518500 0.00000000
vn -0.76404300 0.64516500 0.00000000
vn -0.76402700 0.64518500 0.00000000
vn -0.76404300 0.64516500 0.00000000
vn -0.97280300 0.23163500 0.00000000
vn -0.97280300 0.23163500 0.00000000
vn 0.49638800 0.86810100 0.00000000
vn 0.49642100 0.86808200 0.00000000
vn 0.80742000 0.58997700 0.00000000
vn 0.80742000 0.58997700 0.00000000
vn 0.80742000 0.58997700 0.00000000
vn 0.80742000 0.58997700 0.00000000
vn 0.97793300 0.20891800 0.00000000
vn 0.97793500 0.20890900 0.00000000
vn -0.06525900 -0.99786800 0.00000100
vn -0.06511600 -0.99787800 0.00000000
vn 0.39163600 -0.92012000 0.00000000
vn 0.39166900 -0.92010600 0.00000000
vn 0.39163600 -0.92012000 0.00000000
vn 0.39166900 -0.92010600 0.00000000
vn 0.39163600 -0.92012000 0.00000000
vn 0.39166900 -0.92010600 0.00000000
vn 0.76402700 -0.64518500 0.00000000
vn 0.76404300 -0.64516500 0.00000000
vn 0.76402700 -0.64518500 0.00000000
vn 0.76404300 -0.64516500 0.00000000
vn 0.76402700 -0.64518500 0.00000000
vn 0.76404300 -0.64516500 0.00000000
vn 0.97280300 -0.23163500 0.00000000
vn 0.97280300 -0.23163500 0.00000000
vn 0.97280300 0.23163500 0.00000000
vn 0.97280300 0.23163500 0.00000000
vn 0.76402700 0.64518500 0.00000000
vn 0.76404300 0.64516500 0.00000000
vn 0.76404300 0.64516500 0.00000000
vn 0.76402700 0.64518500 0.00000000
vn 0.76404300 0.64516500 0.00000000
vn 0.76402700 0.64518500 0.00000000
vn 0.39166900 0.92010600 0.00000000
vn 0.39163600 0.92012000 0.00000000
vn 0.39166900 0.92010600 0.00000000
vn 0.39166900 0.92010600 0.00000000
vn 0.39163600 0.92012000 0.00000000
vn 0.39163600 0.92012000 0.00000000
vn -0.06511600 0.99787800 -0.00000100
vn -0.06511600 0.99787800 0.00000000
vn 0.97793300 -0.20891800 0.00000000
vn 0.97800500 -0.20858100 0.00000000
vn 0.80742000 -0.58997700 0.00000000
vn 0.80742000 -0.58997700 0.00000000
vn 0.80742000 -0.58997700 0.00000000
vn 0.80742000 -0.58997700 0.00000000
vn 0.49638800 -0.86810100 0.00000000
vn 0.49642100 -0.86808200 0.00000000
vn 0.16505900 -0.65678800 0.73578900
vn 0.10440100 -0.70345500 0.70303000
vn 0.23964000 -0.63340500 0.73577900
vn 0.28370700 -0.59423200 0.75259500
vn 0.29861400 -0.64100500 0.70706600
vn 0.33632300 -0.58355700 0.73915400
vn 0.37221500 -0.53697800 0.75704100
vn 0.39818400 -0.58443500 0.70702600
vn 0.42370000 -0.51969400 0.74188700
vn 0.45045600 -0.46748300 0.76062400
vn 0.48725500 -0.51245600 0.70708700
vn 0.49978700 -0.44331500 0.74410000
vn 0.51675600 -0.38731400 0.76351300
vn 0.56358900 -0.42708200 0.70708400
vn 0.56283300 -0.35630600 0.74583200
vn 0.56984800 -0.29842300 0.76564800
vn 0.62507300 -0.33048700 0.70715100
vn 0.61143100 -0.26077300 0.74709400
vn 0.60854500 -0.20275500 0.76717900
vn 0.67025600 -0.22527600 0.70711200
vn 0.64447400 -0.15900100 0.74791100
vn 0.63210100 -0.10253400 0.76807200
vn 0.69771200 -0.11410900 0.70723200
vn 0.66116900 -0.05341400 0.74833300
vn 0.64003000 0.00001100 0.76835000
vn 0.64447000 0.15900200 0.74791500
vn 0.64452200 0.15901300 0.74786800
vn 0.55405100 0.13470600 0.82151200
vn 0.65241500 0.12149300 0.74806000
vn 0.70710400 -0.00000000 0.70711000
vn 0.66117900 0.05343200 0.74832300
vn 0.66122300 0.05343000 0.74828400
vn 0.56690400 0.04517000 0.82254500
vn 0.69781500 0.11412800 0.70712700
vn 0.56282100 0.35631000 0.74583900
vn 0.56288800 0.35637400 0.74575800
vn 0.49078200 0.30532200 0.81603400
vn 0.58228400 0.32329600 0.74593900
vn 0.67025700 0.22527600 0.70711200
vn 0.62534300 0.22504400 0.74719600
vn 0.61142900 0.26078600 0.74709100
vn 0.61150300 0.26083800 0.74701300
vn 0.52860400 0.22193900 0.81934200
vn 0.62507200 0.33048700 0.70715200
vn 0.42370500 0.51969000 0.74188700
vn 0.37221300 0.53697800 0.75704100
vn 0.45262900 0.49459500 0.74195800
vn 0.56358600 0.42708600 0.70708400
vn 0.52429900 0.41388400 0.74418500
vn 0.49978000 0.44334000 0.74409000
vn 0.49981300 0.44335800 0.74405700
vn 0.44100800 0.38331700 0.81152900
vn 0.48726300 0.51244800 0.70708700
vn 0.39789700 0.58461600 0.70703800
vn 0.33633600 0.58358900 0.73912300
vn 0.29903600 0.60315900 0.73944400
vn 0.27215900 0.61322700 0.74154000
vn 0.16142600 0.66658800 0.72773800
vn 0.22409000 0.61198600 0.75845700
vn 0.13325200 0.69660400 0.70497300
vn -0.70464900 -0.08332900 0.70464600
vn -0.70466000 -0.08323600 0.70464600
vn -0.65548600 -0.26813900 0.70600300
vn -0.60507200 -0.36805100 0.70599300
vn -0.46443100 -0.53467400 0.70599400
vn -0.37431300 -0.60121500 0.70599600
vn -0.17366400 -0.68659900 0.70599000
vn -0.06332000 -0.70538500 0.70599000
vn -0.06331500 0.70538500 0.70599100
vn -0.17365600 0.68660000 0.70599100
vn -0.37429900 0.60122400 0.70599600
vn -0.46443000 0.53468400 0.70598700
vn -0.60503800 0.36811100 0.70599100
vn -0.65549500 0.26814300 0.70599300
vn -0.70466500 0.08322000 0.70464300
vn -0.70465100 0.08329700 0.70464800
vn -0.70464700 0.08328800 0.70465300
vn -0.70511500 0.07491800 0.70512400
vn -0.70512200 0.07479900 0.70512900
vn -0.70513200 -0.07486800 0.70511200
vn -0.70358100 -0.09974100 0.70358000
vn -0.70701100 -0.00000000 0.70720200
vn -0.30869100 0.64005800 0.70358800
vn -0.30858200 0.64009200 0.70360400
vn -0.43322300 0.55999200 0.70620600
vn -0.50815300 0.49299400 0.70621400
vn -0.62418000 0.33416500 0.70621100
vn -0.66518100 0.24249300 0.70621000
vn -0.66515100 -0.24257900 0.70620800
vn -0.62413900 -0.33424800 0.70620700
vn -0.50814600 -0.49300300 0.70621200
vn -0.43327400 -0.55994500 0.70621200
vn -0.30862600 -0.64006900 0.70360600
vn -0.30863400 -0.64006600 0.70360500
vn -0.29171200 0.64424500 0.70700300
vn -0.32140600 0.62995300 0.70700600
vn -0.41647400 0.57182200 0.70680200
vn -0.47999000 0.52484000 0.70296000
vn -0.47999500 -0.52484500 0.70295300
vn -0.41649300 -0.57180900 0.70680200
vn -0.32140500 -0.62994700 0.70701200
vn -0.29170900 -0.64423400 0.70701400
vn -0.60458400 0.36939600 0.70570900
vn -0.66042800 0.25655100 0.70570300
vn -0.70828100 0.01785900 0.70570400
vn -0.70025600 -0.10782100 0.70570200
vn -0.67638100 -0.24028300 0.69625600
vn -0.67625800 -0.24057500 0.69627500
vn -0.67628300 0.24051100 0.69627300
vn -0.67620600 0.24066000 0.69629600
vn -0.70025000 0.10782300 0.70570800
vn -0.70827500 -0.01788700 0.70571000
vn -0.66043700 -0.25651400 0.70570800
vn -0.60457800 -0.36941500 0.70570400
vn 0.25118100 0.67081800 0.69779100
vn 0.24059700 0.67623800 0.69628700
vn 0.24061100 0.67623200 0.69628800
vn 0.14552700 0.69305600 0.70604200
vn 0.03694600 0.70720200 0.70604600
vn -0.17554200 0.68606500 0.70604500
vn -0.27921100 0.65080000 0.70604500
vn -0.46052900 0.53797400 0.70604300
vn -0.53798000 0.46052200 0.70604300
vn -0.65078900 0.27925600 0.70603800
vn -0.68605800 0.17558600 0.70604100
vn -0.70720800 -0.03694800 0.70603900
vn -0.69306200 -0.14553800 0.70603400
vn -0.69305900 0.14551300 0.70604200
vn -0.70720800 0.03693500 0.70604000
vn -0.68607400 -0.17554800 0.70603500
vn -0.65080400 -0.27921200 0.70604100
vn -0.53797600 -0.46053100 0.70604100
vn -0.46052000 -0.53797900 0.70604500
vn -0.27925200 -0.65078500 0.70604400
vn -0.17558200 -0.68605200 0.70604700
vn 0.03694600 -0.70720400 0.70604400
vn 0.14548600 -0.69306400 0.70604200
vn 0.24041700 -0.67631700 0.69627300
vn 0.24065900 -0.67620600 0.69629600
vn 0.22990000 0.68141500 0.69485200
vn 0.10782600 0.70024800 0.70571000
vn -0.01788500 0.70827400 0.70571100
vn -0.25655300 0.66041800 0.70571100
vn -0.36941500 0.60457700 0.70570400
vn -0.52688500 0.47738900 0.70320200
vn -0.57569100 0.41089400 0.70692800
vn -0.57565600 -0.41093900 0.70692900
vn -0.52690300 -0.47735800 0.70320900
vn -0.36939900 -0.60458800 0.70570400
vn -0.25651000 -0.66044200 0.70570500
vn -0.01788300 -0.70828100 0.70570400
vn 0.10780400 -0.70025200 0.70570900
vn -0.63742800 0.30640500 0.70696700
vn -0.65360800 0.27017000 0.70696900
vn -0.67968500 0.19550700 0.70697000
vn -0.68958000 0.15707800 0.70696900
vn -0.70280800 0.07908800 0.70697000
vn -0.70613900 0.03955000 0.70696800
vn -0.70614000 -0.03954600 0.70696700
vn -0.70280800 -0.07909700 0.70696900
vn -0.68958200 -0.15706800 0.70697000
vn -0.67968300 -0.19550000 0.70697200
vn -0.65359900 -0.27017800 0.70697400
vn -0.63741900 -0.30641500 0.70697100
vn -0.16507600 0.65679700 0.73577700
vn -0.10436800 0.70346300 0.70302700
vn -0.10444900 0.70344800 0.70303000
vn -0.23963300 0.63338600 0.73579800
vn -0.23965900 0.63343600 0.73574600
vn -0.22669500 0.57046000 0.78942000
vn -0.29832100 0.64117400 0.70703700
vn -0.30242900 0.60148200 0.73943000
vn -0.33632300 0.58355700 0.73915400
vn -0.37221500 0.53697800 0.75704100
vn -0.39818400 0.58443500 0.70702600
vn -0.42370000 0.51969400 0.74188700
vn -0.45045500 0.46748200 0.76062500
vn -0.48725500 0.51245600 0.70708700
vn -0.49979400 0.44333100 0.74408600
vn -0.51677600 0.38733400 0.76348800
vn -0.56352400 0.42703200 0.70716700
vn -0.56282800 0.35630300 0.74583700
vn -0.56984700 0.29842200 0.76564900
vn -0.62507300 0.33048700 0.70715100
vn -0.61143100 0.26077300 0.74709400
vn -0.60854500 0.20275500 0.76717900
vn -0.67025600 0.22527600 0.70711200
vn -0.64447400 0.15900100 0.74791100
vn -0.63210100 0.10253400 0.76807200
vn -0.69771200 0.11410900 0.70723200
vn -0.66116900 0.05341400 0.74833300
vn -0.64003000 -0.00000400 0.76835000
vn -0.64447100 -0.15901200 0.74791200
vn -0.60854100 -0.20276900 0.76717900
vn -0.63210100 -0.10254200 0.76807100
vn -0.70710400 0.00000000 0.70711000
vn -0.66116800 -0.05343600 0.74833300
vn -0.69771300 -0.11410900 0.70723100
vn -0.56282100 -0.35631000 0.74583900
vn -0.56287400 -0.35633800 0.74578600
vn -0.49078200 -0.30532200 0.81603400
vn -0.58228600 -0.32329100 0.74594000
vn -0.67025700 -0.22527600 0.70711200
vn -0.61142900 -0.26078600 0.74709100
vn -0.61149000 -0.26079700 0.74703700
vn -0.52860400 -0.22193900 0.81934200
vn -0.62507200 -0.33048700 0.70715200
vn -0.42370400 -0.51968900 0.74188900
vn -0.37223200 -0.53701000 0.75700900
vn -0.45045200 -0.46749100 0.76062200
vn -0.56358600 -0.42708600 0.70708400
vn -0.52426600 -0.41386600 0.74421800
vn -0.49978500 -0.44333100 0.74409200
vn -0.48721700 -0.51238300 0.70716600
vn -0.39818400 -0.58443400 0.70702600
vn -0.33633600 -0.58358900 0.73912300
vn -0.29903600 -0.60315900 0.73944400
vn -0.27218100 -0.61325700 0.74150800
vn -0.16142200 -0.66658500 0.72774200
vn -0.22409000 -0.61198600 0.75845700
vn -0.13325200 -0.69660600 0.70497100
vn 0.70466800 0.08323100 0.70463800
vn 0.70464000 0.08328600 0.70466000
vn 0.65551100 0.26809500 0.70599600
vn 0.60503900 0.36809200 0.70600000
vn 0.46439100 0.53470500 0.70599600
vn 0.37431600 0.60121800 0.70599200
vn 0.17371300 0.68658500 0.70599200
vn 0.11873800 0.69707500 0.70709800
vn -0.04612700 0.71528000 0.69731400
vn 0.06336400 -0.70537400 0.70599700
vn 0.17365800 -0.68660800 0.70598300
vn 0.37430700 -0.60123400 0.70598300
vn 0.46438800 -0.53471200 0.70599400
vn 0.60506300 -0.36806700 0.70599300
vn 0.65550800 -0.26809300 0.70599900
vn 0.70464600 -0.08327200 0.70465500
vn 0.70463600 -0.08333700 0.70465800
vn 0.70511200 -0.07486800 0.70513300
vn 0.70511600 -0.07479900 0.70513600
vn 0.70513000 0.07481900 0.70512000
vn 0.70513000 0.07487500 0.70511400
vn 0.30869100 -0.64005800 0.70358800
vn 0.30862500 -0.64006500 0.70361000
vn 0.43329300 -0.55991900 0.70622100
vn 0.50815100 -0.49299100 0.70621700
vn 0.62412500 -0.33425100 0.70621800
vn 0.66515100 -0.24253500 0.70622300
vn 0.66516000 0.24252700 0.70621700
vn 0.62412800 0.33424400 0.70621900
vn 0.50814800 0.49300600 0.70620900
vn 0.43328200 0.55995300 0.70620100
vn 0.30862800 0.64007800 0.70359700
vn 0.30872900 0.64004100 0.70358700
vn 0.29170800 -0.64423500 0.70701300
vn 0.32140300 -0.62994700 0.70701300
vn 0.41647000 -0.57181600 0.70680900
vn 0.47999000 -0.52484000 0.70296000
vn 0.47999900 0.52484000 0.70295300
vn 0.41646200 0.57183500 0.70679800
vn 0.32140000 0.62995700 0.70700600
vn 0.29171100 0.64424400 0.70700400
vn 0.60458000 -0.36939300 0.70571300
vn 0.66043800 -0.25650700 0.70570900
vn 0.70828300 -0.01784200 0.70570300
vn 0.70026000 0.10775900 0.70570800
vn 0.67625600 0.24054600 0.69628700
vn 0.67619800 0.24065100 0.69630700
vn 0.67630700 -0.24045400 0.69626900
vn 0.67616400 -0.24072300 0.69631500
vn 0.70025000 -0.10782300 0.70570800
vn 0.70827500 0.01788700 0.70571000
vn 0.66041900 0.25655400 0.70571000
vn 0.60457800 0.36941500 0.70570400
vn -0.24059800 -0.67623500 0.69628900
vn -0.24057900 -0.67624000 0.69629100
vn -0.14552600 -0.69305200 0.70604600
vn -0.03694600 -0.70720200 0.70604600
vn 0.17554200 -0.68606500 0.70604500
vn 0.27921000 -0.65079700 0.70604900
vn 0.46052600 -0.53797100 0.70604800
vn 0.53797700 -0.46051900 0.70604700
vn 0.65078100 -0.27925400 0.70604600
vn 0.68605400 -0.17558500 0.70604500
vn 0.70720000 0.03694700 0.70604700
vn 0.69305800 0.14548600 0.70604800
vn 0.69305000 -0.14552600 0.70604800
vn 0.70720000 -0.03694600 0.70604800
vn 0.68606500 0.17554200 0.70604500
vn 0.65079700 0.27920900 0.70605000
vn 0.53797000 0.46052500 0.70604900
vn 0.46055200 0.53793800 0.70605500
vn 0.27924900 0.65077700 0.70605200
vn 0.17558200 0.68605200 0.70604700
vn -0.03694600 0.70720400 0.70604400
vn -0.14548600 0.69306400 0.70604200
vn -0.24050200 0.67627600 0.69628200
vn -0.24061400 0.67622400 0.69629400
vn -0.10780700 -0.70024900 0.70571100
vn 0.01786800 -0.70827700 0.70570900
vn 0.25651800 -0.66043800 0.70570600
vn 0.36942000 -0.60458000 0.70570000
vn 0.52688500 -0.47738900 0.70320200
vn 0.57569300 -0.41089500 0.70692500
vn 0.57566200 0.41094300 0.70692300
vn 0.52690600 0.47735900 0.70320600
vn 0.36939700 0.60458400 0.70570900
vn 0.25654800 0.66042000 0.70571200
vn 0.01788300 0.70827600 0.70570900
vn -0.10780400 0.70025200 0.70570900
vn 0.63742900 -0.30640500 0.70696500
vn 0.65361100 -0.27017100 0.70696600
vn 0.67969000 -0.19550800 0.70696400
vn 0.68958300 -0.15707900 0.70696700
vn 0.70280900 -0.07908800 0.70696800
vn 0.70614000 -0.03955000 0.70696600
vn 0.70614300 0.03954600 0.70696400
vn 0.70281200 0.07909700 0.70696400
vn 0.68958300 0.15706800 0.70696800
vn 0.67968600 0.19550100 0.70697000
vn 0.65360400 0.27018100 0.70696800
vn 0.63742600 0.30641800 0.70696200
vn 0.00000000 0.00000000 1.00000000
vn 0.00000000 0.00000000 1.00000000
vn 0.00000000 -0.00000100 1.00000000
vn 0.00000000 -0.00000100 1.00000000
vn 0.00000000 0.00000000 1.00000000
vn 0.00000000 0.00000000 1.00000000
vn 0.00000000 -0.00000100 1.00000000
vn 0.00000000 0.00000000 1.00000000
vn 0.00000000 0.00000000 1.00000000
vn 0.00000000 0.00000000 1.00000000
vn 0.00000000 0.00000000 1.00000000
vn 0.00000000 0.00000000 1.00000000
vn 0.00000000 0.00000000 1.00000000
vn 0.00000000 0.00000000 1.00000000
vn -0.00000000 0.00000300 1.00000000
vn 0.00000000 0.00000000 1.00000000
vn 0.00000000 0.00000000 1.00000000
vn -0.00000000 0.00000300 1.00000000
vn 0.00000000 -0.00000100 1.00000000
vn -0.00000000 0.00000300 1.00000000
vn 0.00000000 0.00000000 1.00000000
vn 0.00000000 -0.00000100 1.00000000
vn 0.00000000 0.00000000 1.00000000
vn 0.00000000 0.00000000 1.00000000
vn 0.00000000 -0.00000100 1.00000000
vn -0.00000000 0.00000100 1.00000000
vn -0.00000000 0.00000100 1.00000000
vn 0.00000000 -0.00000500 1.00000000
vn 0.00000000 0.00000000 1.00000000
vn 0.00000000 0.00000000 1.00000000
vn -0.00000000 0.00000100 1.00000000
vn 0.00000000 -0.00000500 1.00000000
vn 0.00000000 -0.00000500 1.00000000
vn 0.00000000 0.00000000 1.00000000
vn 0.00000000 0.00000000 1.00000000
vn 0.00000000 0.00000000 1.00000000
vn 0.00000000 0.00000000 1.00000000
vn 0.00000000 0.00000000 1.00000000
vn 0.00000000 0.00000000 1.00000000
vn 0.25878100 -0.96593600 0.00000000
vn 0.25878100 -0.96593600 0.00000000
vn 0.25877900 -0.96593600 0.00000000
vn 0.25878100 -0.96593600 0.00000000
vn 0.25877900 -0.96593600 0.00000000
vn 0.25877900 -0.96593600 0.00000000
vn 0.70713400 -0.70707900 0.00000000
vn 0.70713700 -0.70707600 0.00000000
vn 0.70713400 -0.70707900 0.00000000
vn 0.70713400 -0.70707900 0.00000000
vn 0.70713700 -0.70707600 0.00000000
vn 0.70713700 -0.70707600 0.00000000
vn 0.96591700 -0.25885300 0.00000000
vn 0.96591700 -0.25885300 0.00000000
vn 0.96591700 -0.25885100 0.00000000
vn 0.96591700 -0.25885300 0.00000000
vn 0.96591700 -0.25885100 0.00000000
vn 0.96591700 -0.25885100 0.00000000
vn 0.96592100 0.25883600 0.00000000
vn 0.96592100 0.25883600 0.00000000
vn 0.96592100 0.25883600 0.00000000
vn 0.96592100 0.25883600 0.00000000
vn 0.70710800 0.70710600 0.00000000
vn 0.70710800 0.70710600 0.00000000
vn 0.70710700 0.70710700 0.00000000
vn 0.70710800 0.70710600 0.00000000
vn 0.70710700 0.70710700 0.00000000
vn 0.70710700 0.70710700 0.00000000
vn 0.25883200 0.96592200 0.00000000
vn 0.25883900 0.96592000 0.00000000
vn 0.25883200 0.96592200 0.00000000
vn 0.25883900 0.96592000 0.00000000
vn 0.25883200 0.96592200 0.00000000
vn 0.25883900 0.96592000 0.00000000
vn -0.25885500 0.96591600 0.00000000
vn -0.25884900 0.96591800 0.00000000
vn -0.25885500 0.96591600 0.00000000
vn -0.25884900 0.96591800 0.00000000
vn -0.25885500 0.96591600 0.00000000
vn -0.25884900 0.96591800 0.00000000
vn -0.70707800 0.70713500 0.00000000
vn -0.70708000 0.70713400 0.00000000
vn -0.70707800 0.70713500 0.00000000
vn -0.70708000 0.70713400 0.00000000
vn -0.70707800 0.70713500 0.00000000
vn -0.70708000 0.70713400 0.00000000
vn -0.96593600 0.25878100 0.00000000
vn -0.96593600 0.25878100 0.00000000
vn -0.96593600 0.25878100 0.00000000
vn -0.96593600 0.25878100 0.00000000
vn -0.96593600 0.25878100 0.00000000
vn -0.96593600 0.25878100 0.00000000
vn -0.96593200 -0.25879600 0.00000000
vn -0.96593200 -0.25879600 0.00000000
vn -0.96593200 -0.25879700 0.00000000
vn -0.96593200 -0.25879600 0.00000000
vn -0.96593200 -0.25879700 0.00000000
vn -0.96593200 -0.25879700 0.00000000
vn -0.70710900 -0.70710500 0.00000000
vn -0.70710900 -0.70710500 0.00000000
vn -0.70710600 -0.70710800 0.00000000
vn -0.70710900 -0.70710500 0.00000000
vn -0.70710600 -0.70710800 0.00000000
vn -0.70710600 -0.70710800 0.00000000
vn -0.25879500 -0.96593200 0.00000000
vn -0.25879500 -0.96593200 0.00000000
vn -0.25879800 -0.96593200 0.00000000
vn -0.25879800 -0.96593200 0.00000000
vn -0.25879500 -0.96593200 0.00000000
vn -0.25879800 -0.96593200 0.00000000
vn 0.00000000 0.00000000 1.00000000
vn -0.00000000 0.00000100 1.00000000
vn -0.00000000 0.00000100 1.00000000
vn 0.00000000 0.00000000 1.00000000
vn 0.00000000 0.00000000 1.00000000
vn 0.00000000 0.00000000 1.00000000
vn 0.00000000 0.00000000 1.00000000
vn 0.00000000 0.00000000 1.00000000
vn 0.00000000 0.00000000 1.00000000
vn 0.00000000 0.00000000 1.00000000
vn 0.00000000 0.00000000 1.00000000
vn 0.00000000 -0.00000300 1.00000000
vn 0.00000000 0.00000000 1.00000000
vn 0.00000000 0.00000000 1.00000000
vn 0.00000000 -0.00000300 1.00000000
vn -0.00000000 0.00000100 1.00000000
vn 0.00000000 0.00000000 1.00000000
vn 0.00000000 -0.00000300 1.00000000
vn -0.00000000 0.00000100 1.00000000
vn 0.00000000 0.00000000 1.00000000
vn -0.00000000 0.00000100 1.00000000
vn 0.00000000 0.00000000 1.00000000
vn 0.00000000 -0.00000100 1.00000000
vn -0.00000000 0.00000500 1.00000000
vn 0.00000000 -0.00000100 1.00000000
vn 0.00000000 0.00000000 1.00000000
vn 0.00000000 0.00000000 1.00000000
vn -0.00000000 0.00000500 1.00000000
vn 0.00000000 -0.00000100 1.00000000
vn -0.00000000 0.00000500 1.00000000
vn 0.00000000 0.00000000 1.00000000
vn 0.00000000 0.00000000 1.00000000
vn 0.00000000 0.00000000 1.00000000
vn 0.00000000 0.00000000 1.00000000
vn 0.00000000 0.00000000 1.00000000
vn 0.00000000 0.00000000 1.00000000
vn 0.00000000 0.00000000 1.00000000
vn -0.00000000 0.00000100 1.00000000
vn 0.00000000 0.00000000 1.00000000
vn 0.25879700 -0.96593200 0.00000000
vn 0.25879600 -0.96593200 0.00000000
vn 0.25879700 -0.96593200 0.00000000
vn 0.25879700 -0.96593200 0.00000000
vn 0.25879600 -0.96593200 0.00000000
vn 0.25879600 -0.96593200 0.00000000
vn 0.70710700 -0.70710700 0.00000000
vn 0.70710800 -0.70710600 0.00000000
vn 0.70710700 -0.70710700 0.00000000
vn 0.70710800 -0.70710600 0.00000000
vn 0.70710700 -0.70710700 0.00000000
vn 0.70710800 -0.70710600 0.00000000
vn 0.96593200 -0.25879800 0.00000000
vn 0.96593200 -0.25879500 0.00000000
vn 0.96593200 -0.25879800 0.00000000
vn 0.96593200 -0.25879800 0.00000000
vn 0.96593200 -0.25879500 0.00000000
vn 0.96593200 -0.25879500 0.00000000
vn 0.96593600 0.25878100 0.00000000
vn 0.96593600 0.25878100 0.00000000
vn 0.96593600 0.25878100 0.00000000
vn 0.96593600 0.25878100 0.00000000
vn 0.96593600 0.25878100 0.00000000
vn 0.96593600 0.25878100 0.00000000
vn 0.70708000 0.70713300 0.00000000
vn 0.70708000 0.70713300 0.00000000
vn 0.70707700 0.70713600 0.00000000
vn 0.70707700 0.70713600 0.00000000
vn 0.70708000 0.70713300 0.00000000
vn 0.70707700 0.70713600 0.00000000
vn 0.25884800 0.96591800 0.00000000
vn 0.25884800 0.96591800 0.00000000
vn 0.25885600 0.96591600 0.00000000
vn 0.25885600 0.96591600 0.00000000
vn 0.25884800 0.96591800 0.00000000
vn 0.25885600 0.96591600 0.00000000
vn -0.25883900 0.96592000 0.00000000
vn -0.25883200 0.96592200 0.00000000
vn -0.25883900 0.96592000 0.00000000
vn -0.25883900 0.96592000 0.00000000
vn -0.25883200 0.96592200 0.00000000
vn -0.25883200 0.96592200 0.00000000
vn -0.70710600 0.70710800 0.00000000
vn -0.70710600 0.70710800 0.00000000
vn -0.70710900 0.70710500 0.00000000
vn -0.70710900 0.70710500 0.00000000
vn -0.70710600 0.70710800 0.00000000
vn -0.70710900 0.70710500 0.00000000
vn -0.96592100 0.25883600 0.00000000
vn -0.96592100 0.25883600 0.00000000
vn -0.96592100 0.25883600 0.00000000
vn -0.96592100 0.25883600 0.00000000
vn -0.96591700 -0.25885100 0.00000000
vn -0.96591700 -0.25885300 0.00000000
vn -0.96591700 -0.25885100 0.00000000
vn -0.96591700 -0.25885100 0.00000000
vn -0.96591700 -0.25885300 0.00000000
vn -0.96591700 -0.25885300 0.00000000
vn -0.70713600 -0.70707800 0.00000000
vn -0.70713500 -0.70707800 0.00000000
vn -0.70713600 -0.70707800 0.00000000
vn -0.70713600 -0.70707800 0.00000000
vn -0.70713500 -0.70707800 0.00000000
vn -0.70713500 -0.70707800 0.00000000
vn -0.25877900 -0.96593700 0.00000000
vn -0.25878100 -0.96593600 0.00000000
vn -0.25877900 -0.96593700 0.00000000
vn -0.25877900 -0.96593700 0.00000000
vn -0.25878100 -0.96593600 0.00000000
vn -0.25878100 -0.96593600 0.00000000
vn 0.00000000 0.00000000 1.00000000
vn 0.00000000 0.00000000 1.00000000
vn 0.00000000 0.00000000 1.00000000
vn 0.00000000 0.00000000 1.00000000
vn 0.00000000 0.00000000 1.00000000
vn 0.00000000 0.00000000 1.00000000
vn -0.00000000 0.00000100 1.00000000
vn 0.00000000 0.00000000 1.00000000
vn -0.00000000 0.00000100 1.00000000
vn -0.00000000 0.00000100 1.00000000
vn 0.00000000 0.00000000 1.00000000
vn 0.00000000 0.00000000 1.00000000
vn 0.00000000 0.00000000 1.00000000
vn 0.00000000 0.00000000 1.00000000
vn 0.00000000 0.00000000 1.00000000
vn 0.00000000 0.00000000 1.00000000
vn 0.00000000 0.00000000 1.00000000
vn 0.00000000 0.00000000 1.00000000
vn 0.00000000 -0.00000300 1.00000000
vn 0.00000000 0.00000000 1.00000000
vn 0.00000000 -0.00000300 1.00000000
vn 0.00000000 0.00000000 1.00000000
vn 0.00000000 0.00000000 1.00000000
vn 0.00000000 -0.00000300 1.00000000
vn -0.00000000 0.00000100 1.00000000
vn 0.00000000 0.00000000 1.00000000
vn -0.00000000 0.00000100 1.00000000
vn 0.00000000 -0.00000100 1.00000000
vn -0.00000000 0.00000100 1.00000000
vn 0.00000000 0.00000000 1.00000000
vn 0.00000000 -0.00000100 1.00000000
vn -0.00000000 0.00000500 1.00000000
vn 0.00000000 0.00000000 1.00000000
vn 0.00000000 -0.00000100 1.00000000
vn 0.00000000 0.00000000 1.00000000
vn -0.00000000 0.00000500 1.00000000
vn 0.00000000 0.00000000 1.00000000
vn -0.00000000 0.00000500 1.00000000
vn 0.00000000 0.00000000 1.00000000
vn 0.25885500 -0.96591600 0.00000000
vn 0.25884900 -0.96591800 0.00000000
vn 0.25885500 -0.96591600 0.00000000
vn 0.25884900 -0.96591800 0.00000000
vn 0.25885500 -0.96591600 0.00000000
vn 0.25884900 -0.96591800 0.00000000
vn 0.70707800 -0.70713500 0.00000000
vn 0.70708000 -0.70713400 0.00000000
vn 0.70707800 -0.70713500 0.00000000
vn 0.70708000 -0.70713400 0.00000000
vn 0.70707800 -0.70713500 0.00000000
vn 0.70708000 -0.70713400 0.00000000
vn 0.96593600 -0.25878100 0.00000000
vn 0.96593600 -0.25878100 0.00000000
vn 0.96593600 -0.25878100 0.00000000
vn 0.96593600 -0.25878100 0.00000000
vn 0.96593600 -0.25878100 0.00000000
vn 0.96593600 -0.25878100 0.00000000
vn 0.96593200 0.25879600 0.00000000
vn 0.96593200 0.25879700 0.00000000
vn 0.96593200 0.25879600 0.00000000
vn 0.96593200 0.25879700 0.00000000
vn 0.96593200 0.25879600 0.00000000
vn 0.96593200 0.25879700 0.00000000
vn 0.70710900 0.70710500 0.00000000
vn 0.70710600 0.70710800 0.00000000
vn 0.70710900 0.70710500 0.00000000
vn 0.70710600 0.70710800 0.00000000
vn 0.70710900 0.70710500 0.00000000
vn 0.70710600 0.70710800 0.00000000
vn 0.25879500 0.96593200 0.00000000
vn 0.25879800 0.96593200 0.00000000
vn 0.25879500 0.96593200 0.00000000
vn 0.25879500 0.96593200 0.00000000
vn 0.25879800 0.96593200 0.00000000
vn 0.25879800 0.96593200 0.00000000
vn -0.25878100 0.96593600 0.00000000
vn -0.25878100 0.96593600 0.00000000
vn -0.25877900 0.96593600 0.00000000
vn -0.25877900 0.96593600 0.00000000
vn -0.25878100 0.96593600 0.00000000
vn -0.25877900 0.96593600 0.00000000
vn -0.70713400 0.70707900 0.00000000
vn -0.70713700 0.70707600 0.00000000
vn -0.70713400 0.70707900 0.00000000
vn -0.70713400 0.70707900 0.00000000
vn -0.70713700 0.70707600 0.00000000
vn -0.70713700 0.70707600 0.00000000
vn -0.96591700 0.25885300 0.00000000
vn -0.96591700 0.25885100 0.00000000
vn -0.96591700 0.25885300 0.00000000
vn -0.96591700 0.25885100 0.00000000
vn -0.96591700 0.25885300 0.00000000
vn -0.96591700 0.25885100 0.00000000
vn -0.96592100 -0.25883600 0.00000000
vn -0.96592100 -0.25883600 0.00000000
vn -0.96592100 -0.25883600 0.00000000
vn -0.96592100 -0.25883600 0.00000000
vn -0.70710800 -0.70710600 0.00000000
vn -0.70710800 -0.70710600 0.00000000
vn -0.70710700 -0.70710700 0.00000000
vn -0.70710700 -0.70710700 0.00000000
vn -0.70710800 -0.70710600 0.00000000
vn -0.70710700 -0.70710700 0.00000000
vn -0.25883200 -0.96592200 0.00000000
vn -0.25883200 -0.96592200 0.00000000
vn -0.25883900 -0.96592000 0.00000000
vn -0.25883900 -0.96592000 0.00000000
vn -0.25883200 -0.96592200 0.00000000
vn -0.25883900 -0.96592000 0.00000000
vn 0.00000000 0.00000000 1.00000000
vn -0.00000000 0.00000300 1.00000000
vn 0.00000000 -0.00000100 1.00000000
vn 0.00000000 0.00000000 1.00000000
vn -0.00000000 0.00000300 1.00000000
vn 0.00000000 -0.00000100 1.00000000
vn 0.00000000 0.00000000 1.00000000
vn 0.00000000 0.00000000 1.00000000
vn -0.00000000 0.00000100 1.00000000
vn 0.00000000 -0.00000100 1.00000000
vn 0.00000000 0.00000000 1.00000000
vn -0.00000000 0.00000100 1.00000000
vn 0.00000000 -0.00000500 1.00000000
vn -0.00000000 0.00000100 1.00000000
vn 0.00000000 0.00000000 1.00000000
vn 0.00000000 -0.00000500 1.00000000
vn 0.00000000 -0.00000500 1.00000000
vn 0.00000000 0.00000000 1.00000000
vn 0.00000000 0.00000000 1.00000000
vn 0.00000000 0.00000000 1.00000000
vn 0.00000000 0.00000000 1.00000000
vn 0.00000000 0.00000000 1.00000000
vn 0.00000000 0.00000000 1.00000000
vn 0.00000000 0.00000000 1.00000000
vn 0.00000000 0.00000000 1.00000000
vn 0.00000000 -0.00000100 1.00000000
vn 0.00000000 -0.00000100 1.00000000
vn 0.00000000 0.00000000 1.00000000
vn 0.00000000 0.00000000 1.00000000
vn 0.00000000 -0.00000100 1.00000000
vn 0.00000000 0.00000000 1.00000000
vn 0.00000000 0.00000000 1.00000000
vn 0.00000000 0.00000000 1.00000000
vn 0.00000000 0.00000000 1.00000000
vn 0.00000000 0.00000000 1.00000000
vn 0.00000000 0.00000000 1.00000000
vn 0.00000000 0.00000000 1.00000000
vn 0.00000000 0.00000000 1.00000000
vn -0.00000000 0.00000300 1.00000000
vn 0.25883900 -0.96592000 0.00000000
vn 0.25883200 -0.96592200 0.00000000
vn 0.25883900 -0.96592000 0.00000000
vn 0.25883900 -0.96592000 0.00000000
vn 0.25883200 -0.96592200 0.00000000
vn 0.25883200 -0.96592200 0.00000000
vn 0.70710600 -0.70710800 0.00000000
vn 0.70710900 -0.70710500 0.00000000
vn 0.70710600 -0.70710800 0.00000000
vn 0.70710900 -0.70710500 0.00000000
vn 0.70710600 -0.70710800 0.00000000
vn 0.70710900 -0.70710500 0.00000000
vn 0.96592100 -0.25883600 0.00000000
vn 0.96592100 -0.25883600 0.00000000
vn 0.96592100 -0.25883600 0.00000000
vn 0.96592100 -0.25883600 0.00000000
vn 0.96591700 0.25885100 0.00000000
vn 0.96591700 0.25885300 0.00000000
vn 0.96591700 0.25885100 0.00000000
vn 0.96591700 0.25885100 0.00000000
vn 0.96591700 0.25885300 0.00000000
vn 0.96591700 0.25885300 0.00000000
vn 0.70713600 0.70707800 0.00000000
vn 0.70713500 0.70707800 0.00000000
vn 0.70713600 0.70707800 0.00000000
vn 0.70713500 0.70707800 0.00000000
vn 0.70713600 0.70707800 0.00000000
vn 0.70713500 0.70707800 0.00000000
vn 0.25877900 0.96593700 0.00000000
vn 0.25877900 0.96593700 0.00000000
vn 0.25878100 0.96593600 0.00000000
vn 0.25878100 0.96593600 0.00000000
vn 0.25877900 0.96593700 0.00000000
vn 0.25878100 0.96593600 0.00000000
vn -0.25879700 0.96593200 0.00000000
vn -0.25879700 0.96593200 0.00000000
vn -0.25879600 0.96593200 0.00000000
vn -0.25879600 0.96593200 0.00000000
vn -0.25879700 0.96593200 0.00000000
vn -0.25879600 0.96593200 0.00000000
vn -0.70710700 0.70710700 0.00000000
vn -0.70710700 0.70710700 0.00000000
vn -0.70710800 0.70710600 0.00000000
vn -0.70710800 0.70710600 0.00000000
vn -0.70710700 0.70710700 0.00000000
vn -0.70710800 0.70710600 0.00000000
vn -0.96593200 0.25879800 0.00000000
vn -0.96593200 0.25879800 0.00000000
vn -0.96593200 0.25879500 0.00000000
vn -0.96593200 0.25879800 0.00000000
vn -0.96593200 0.25879500 0.00000000
vn -0.96593200 0.25879500 0.00000000
vn -0.96593600 -0.25878100 0.00000000
vn -0.96593600 -0.25878100 0.00000000
vn -0.96593600 -0.25878100 0.00000000
vn -0.96593600 -0.25878100 0.00000000
vn -0.96593600 -0.25878100 0.00000000
vn -0.96593600 -0.25878100 0.00000000
vn -0.70708000 -0.70713300 0.00000000
vn -0.70707700 -0.70713600 0.00000000
vn -0.70708000 -0.70713300 0.00000000
vn -0.70707700 -0.70713600 0.00000000
vn -0.70708000 -0.70713300 0.00000000
vn -0.70707700 -0.70713600 0.00000000
vn -0.25884800 -0.96591800 0.00000000
vn -0.25885600 -0.96591600 0.00000000
vn -0.25884800 -0.96591800 0.00000000
vn -0.25885600 -0.96591600 0.00000000
vn -0.25884800 -0.96591800 0.00000000
vn -0.25885600 -0.96591600 0.00000000
vn 0.29821900 -0.64269600 0.70569600
vn 0.29833600 -0.64263000 0.70570700
vn 0.50853500 -0.50857200 0.69480000
vn 0.57966900 -0.40738600 0.70570600
vn 0.57960300 -0.40749700 0.70569600
vn 0.50859500 -0.50859800 0.69473700
vn 0.69474200 -0.18612300 0.69476100
vn 0.70571500 -0.06296000 0.70569300
vn 0.70570900 -0.06305900 0.70569000
vn 0.69477000 -0.18612100 0.69473300
vn 0.69475700 0.18613800 0.69474100
vn 0.64269600 0.29823300 0.70569100
vn 0.64264100 0.29832600 0.70570100
vn 0.69471100 0.18610700 0.69479600
vn 0.50854500 0.50854800 0.69481000
vn 0.40736600 0.57969000 0.70570000
vn 0.40748000 0.57962800 0.70568500
vn 0.50854000 0.50854600 0.69481500
vn 0.18613000 0.69469700 0.69480300
vn 0.06295200 0.70570200 0.70570600
vn 0.06306800 0.70571000 0.70568800
vn 0.18613100 0.69466400 0.69483600
vn -0.18611300 0.69467600 0.69482900
vn -0.29832600 0.64264100 0.70570100
vn -0.29821400 0.64270700 0.70568900
vn -0.18614800 0.69472300 0.69477200
vn -0.50860900 0.50857500 0.69474300
vn -0.57961900 0.40747500 0.70569600
vn -0.57969400 0.40736100 0.70570000
vn -0.50854300 0.50854100 0.69481700
vn -0.69470000 0.18616400 0.69479200
vn -0.70569600 0.06302000 0.70570600
vn -0.70570100 -0.06303500 0.70570000
vn -0.64265500 -0.29828400 0.70570600
vn -0.57964500 -0.40742500 0.70570300
vn -0.40741700 -0.57965300 0.70570100
vn -0.29829500 -0.64265400 0.70570200
vn -0.06301000 -0.70569900 0.70570400
vn 0.06299700 -0.70569500 0.70570900
vn 0.18614000 -0.69469900 0.69479900
vn 0.29822000 -0.64270300 0.70569000
vn 0.29832100 -0.64264000 0.70570400
vn 0.50854300 -0.50854700 0.69481200
vn 0.57961800 -0.40748200 0.70569200
vn 0.57968400 -0.40736300 0.70570700
vn 0.50854300 -0.50854700 0.69481200
vn 0.69469300 -0.18612800 0.69480800
vn 0.70570400 -0.06307100 0.70569400
vn 0.70570600 -0.06295400 0.70570200
vn 0.69466800 -0.18613500 0.69483100
vn 0.69467900 0.18611100 0.69482600
vn 0.64270900 0.29821500 0.70568600
vn 0.64264600 0.29833100 0.70569400
vn 0.69472500 0.18615000 0.69477000
vn 0.50857300 0.50861000 0.69474400
vn 0.40747700 0.57962500 0.70568900
vn 0.40736000 0.57969400 0.70570100
vn 0.50854200 0.50854500 0.69481400
vn 0.18616300 0.69470100 0.69479100
vn 0.06301800 0.70569200 0.70571000
vn -0.06299200 0.70569500 0.70571000
vn -0.29828500 0.64265600 0.70570500
vn -0.40742400 0.57964400 0.70570500
vn -0.57965200 0.40741500 0.70570300
vn -0.64265200 0.29829200 0.70570600
vn -0.70569400 0.06301100 0.70570900
vn -0.70569500 -0.06299700 0.70571000
vn -0.64265400 -0.29828600 0.70570700
vn -0.57964100 -0.40743400 0.70570100
vn -0.40741200 -0.57965900 0.70569900
vn -0.29828500 -0.64266200 0.70570000
vn -0.06300500 -0.70570200 0.70570200
vn 0.06301100 -0.70569800 0.70570500
vn 0.18614100 -0.69469800 0.69479900
vn 0.29830300 -0.64266000 0.70569400
vn 0.40743700 -0.57964500 0.70569500
vn 0.57964100 -0.40743700 0.70570000
vn 0.64266600 -0.29827500 0.70570000
vn 0.70569600 -0.06302000 0.70570600
vn 0.70569700 0.06303500 0.70570500
vn 0.64265500 0.29828400 0.70570600
vn 0.57964500 0.40742500 0.70570300
vn 0.40741700 0.57965300 0.70570100
vn 0.29829800 0.64265900 0.70569700
vn 0.06296800 0.70571700 0.70569000
vn 0.06309600 0.70571500 0.70568100
vn 0.18615700 0.69476100 0.69473200
vn -0.18617600 0.69474800 0.69474000
vn -0.29822200 0.64270000 0.70569100
vn -0.29833600 0.64263000 0.70570700
vn -0.18614000 0.69469900 0.69479900
vn -0.50853500 0.50857200 0.69480000
vn -0.57966900 0.40738600 0.70570600
vn -0.57962900 0.40745700 0.70569800
vn -0.50859500 0.50859800 0.69473700
vn -0.69472300 0.18612500 0.69477900
vn -0.70569200 0.06294200 0.70571700
vn -0.70570000 0.06306800 0.70569800
vn -0.69466500 0.18613300 0.69483400
vn -0.69467400 -0.18612000 0.69482800
vn -0.64263300 -0.29832100 0.70571000
vn -0.64269600 -0.29821900 0.70569700
vn -0.69469500 -0.18614300 0.69480200
vn -0.50854500 -0.50854800 0.69481000
vn -0.40741400 -0.57964700 0.70570700
vn -0.35355000 -0.61237300 0.70710800
vn -0.06297400 -0.70570500 0.70570200
vn -0.06306700 -0.70571000 0.70568800
vn -0.18613100 -0.69466400 0.69483600
vn 0.06302300 -0.70570400 0.70569900
vn 0.29828500 -0.64265600 0.70570500
vn 0.40742400 -0.57964400 0.70570500
vn 0.57965200 -0.40741500 0.70570300
vn 0.64265200 -0.29829200 0.70570600
vn 0.70570300 -0.06301100 0.70570000
vn 0.70570500 0.06299700 0.70570000
vn 0.64265800 0.29828800 0.70570200
vn 0.57964100 0.40743200 0.70570200
vn 0.40750200 0.57961400 0.70568400
vn 0.40735200 0.57970500 0.70569600
vn 0.50859800 0.50859800 0.69473400
vn 0.18612600 0.69472400 0.69477800
vn 0.06298800 0.70569500 0.70571000
vn -0.06302700 0.70569200 0.70571000
vn -0.29829700 0.64264800 0.70570700
vn -0.40743600 0.57963200 0.70570700
vn -0.57961800 0.40748200 0.70569200
vn -0.57968400 0.40736300 0.70570700
vn -0.50854300 0.50854700 0.69481200
vn -0.69469300 0.18612800 0.69480800
vn -0.70570400 0.06307100 0.70569400
vn -0.70569700 0.06295400 0.70571200
vn -0.69466800 0.18613500 0.69483100
vn -0.69467900 -0.18611100 0.69482600
vn -0.64264700 -0.29829700 0.70570800
vn -0.57963700 -0.40743400 0.70570500
vn -0.40739700 -0.57966100 0.70570600
vn -0.29827000 -0.64265900 0.70570800
vn -0.06301800 -0.70569700 0.70570600
vn 0.06299200 -0.70569900 0.70570600
vn 0.99518300 -0.09803600 0.00000000
vn 0.99518300 -0.09803500 0.00000000
vn 0.99518300 0.09803500 0.00000000
vn 0.99518300 0.09803600 0.00000000
vn 0.09803500 0.99518300 0.00000000
vn 0.09803700 0.99518300 0.00000000
vn -0.00000000 1.00000000 0.00000000
vn -0.00000000 1.00000000 0.00000000
vn 0.00000000 -1.00000000 0.00000000
vn 0.00000000 -1.00000000 0.00000000
vn 0.09803700 -0.99518300 0.00000000
vn 0.09803500 -0.99518300 0.00000000
vn -1.00000000 -0.00000000 0.00000000
vn -1.00000000 -0.00000000 0.00000000
vn -1.00000000 -0.00000000 0.00000000
vn -0.99424700 0.10710800 0.00000000
vn -0.99426100 0.10698500 0.00000500
vn -0.99099700 -0.13388500 0.00000000
vn -0.99099500 -0.13389600 -0.00001300
vn -0.99099400 0.13390800 0.00000000
vn 0.00000000 0.00000000 1.00000000
vn 0.00000000 0.00000000 1.00000000
vn 0.00000000 0.00000000 1.00000000
vn -0.00000000 0.00000100 1.00000000
vn 0.00000000 0.00000000 1.00000000
vn 0.00000000 0.00000000 1.00000000
vn -0.00000000 0.00000100 1.00000000
vn 0.00000000 0.00000000 1.00000000
vn -0.00000000 0.00000100 1.00000000
vn 0.00000000 0.00000000 1.00000000
vn 0.00000000 -0.00000100 1.00000000
vn 0.00000000 0.00000000 1.00000000
vn 0.00000000 0.00000000 1.00000000
vn -0.00000000 0.00000400 1.00000000
vn 0.00000000 -0.00000100 1.00000000
vn 0.00000000 0.00000000 1.00000000
vn -0.00000000 0.00000400 1.00000000
vn 0.00000000 -0.00000100 1.00000000
vn 0.00000000 0.00000000 1.00000000
vn -0.00000000 0.00000400 1.00000000
vn -0.96414300 -0.26538400 -0.00003300
vn -0.96413800 -0.26540200 -0.00005800
vn -0.98831900 0.15239800 -0.00005800
vn -0.98831900 0.15239800 -0.00005800
vn -0.98831200 0.15244500 0.00000000
vn -0.98831900 0.15239800 -0.00005800
vn -0.98831200 0.15244500 0.00000000
vn -0.98831200 0.15244500 0.00000000
vn -0.83941600 0.54348900 0.00000000
vn -0.83941700 0.54348800 0.00000000
vn -0.83941600 0.54348900 0.00000000
vn -0.83941600 0.54348900 0.00000000
vn -0.83941700 0.54348800 0.00000000
vn -0.96413800 0.26540300 0.00000000
vn -0.96413800 0.26540200 0.00000000
vn -0.98831200 -0.15244500 0.00000000
vn -0.98831200 -0.15244500 0.00000000
vn -0.98831200 -0.15244500 0.00000000
vn -0.98831200 -0.15244500 0.00000000
vn -0.98831200 -0.15244500 0.00000000
vn -0.98831200 -0.15244500 0.00000000
vn -0.83941600 -0.54348900 0.00000000
vn -0.83941700 -0.54348800 0.00000000
vn -0.83941600 -0.54348900 0.00000000
vn -0.83941700 -0.54348800 0.00000000
vn -0.83941600 -0.54348900 0.00000000
vn 0.19512700 -0.98077800 0.00000000
vn 0.19512800 -0.98077800 0.00000000
vn 0.55554600 -0.83148600 0.00000000
vn 0.55554500 -0.83148700 0.00000000
vn 0.55554500 -0.83148700 0.00000000
vn 0.55554500 -0.83148700 0.00000000
vn 0.55554600 -0.83148600 0.00000000
vn 0.55554600 -0.83148600 0.00000000
vn 0.83148600 -0.55554600 0.00000000
vn 0.83148600 -0.55554500 0.00000000
vn 0.89653400 -0.44297600 -0.00002500
vn 0.94717400 -0.32072200 0.00000000
vn 0.94717300 0.32072200 -0.00003200
vn 0.89653400 0.44297600 0.00000000
vn 0.83148600 0.55554600 0.00000000
vn 0.83148600 0.55554600 0.00000000
vn 0.55554500 0.83148600 0.00000000
vn 0.55554600 0.83148600 0.00000000
vn 0.44297600 0.89653400 0.00000000
vn 0.32072100 0.94717400 0.00000000
vn 0.70537100 0.06985600 0.70538800
vn 0.70537900 0.06984700 0.70538100
vn 0.70537900 -0.06981200 0.70538400
vn 0.70538200 -0.06985300 0.70537700
vn 0.67049500 0.22703200 0.70632300
vn 0.63466500 0.31353700 0.70632500
vn 0.53256400 0.46634500 0.70632700
vn 0.46635300 0.53255200 0.70633100
vn 0.31357600 0.63464300 0.70632700
vn 0.22707800 0.67047400 0.70632900
vn 0.06981200 0.70538200 0.70538200
vn 0.06985300 0.70537500 0.70538400
vn 0.06984700 -0.70537800 0.70538200
vn 0.06985600 -0.70537700 0.70538200
vn 0.22702900 -0.67048900 0.70633000
vn 0.31353400 -0.63465900 0.70633200
vn 0.46634300 -0.53255600 0.70633400
vn 0.53251700 -0.46638500 0.70633600
vn 0.63463700 -0.31357300 0.70633400
vn 0.67046700 -0.22707500 0.70633600
vn -0.00000000 0.70709700 0.70711600
vn -0.00000000 0.70709700 0.70711600
vn 0.00000000 -0.70710000 0.70711400
vn 0.00000000 -0.70710000 0.70711400
vn -0.70710400 -0.00000000 0.70710900
vn -0.70710000 -0.00000000 0.70711400
vn -0.70710400 -0.00000000 0.70710900
vn -0.70710400 -0.00000000 0.70710900
vn -0.70710000 -0.00000000 0.70711400
vn -0.70710000 -0.00000000 0.70711400
f 1//1 4//4 8//8
f 12//12 15//15 17//17
f 20//20 21//21 25//25
f 28//28 29//29 31//31
f 31//31 29//29 34//34
f 30//30 33//33 6//6
f 3//3 32//32 36//36
f 5//5 35//35 38//38
f 20//20 25//25 40//40
f 43//43 44//44 45//45
f 46//46 10//10 47//47
f 48//48 11//11 7//7
f 48//48 7//7 49//49
f 49//49 7//7 37//37
f 18//18 14//14 11//11
f 11//11 14//14 51//51
f 9//9 50//50 2//2
f 21//21 53//53 25//25
f 26//26 52//52 41//41
f 27//27 42//42 54//54
f 55//55 43//43 45//45
f 13//13 16//16 23//23
f 24//24 19//19 56//56
f 22//22 57//57 39//39
f 59//59 60//60 61//61
f 61//61 60//60 62//62
f 63//63 65//65 66//66
f 66//66 65//65 67//67
f 68//68 69//69 71//71
f 73//73 76//76 78//78
f 68//68 71//71 82//82
f 74//74 84//84 85//85
f 86//86 83//83 89//89
f 87//87 90//90 91//91
f 92//92 88//88 93//93
f 94//94 95//95 97//97
f 99//99 96//96 105//105
f 98//98 103//103 109//109
f 110//110 111//111 114//114
f 110//110 114//114 116//116
f 119//119 121//121 124//124
f 126//126 127//127 128//128
f 125//125 129//129 130//130
f 134//134 138//138 142//142
f 143//143 146//146 148//148
f 147//147 145//145 153//153
f 70//70 135//135 80//80
f 81//81 136//136 140//140
f 82//82 139//139 79//79
f 77//77 141//141 156//156
f 79//79 155//155 75//75
f 72//72 157//157 159//159
f 75//75 158//158 160//160
f 160//160 158//158 161//161
f 163//163 165//165 170//170
f 167//167 151//151 171//171
f 172//172 148//148 152//152
f 172//172 152//152 175//175
f 173//173 154//154 178//178
f 174//174 176//176 180//180
f 179//179 177//177 181//181
f 162//162 169//169 184//184
f 118//118 117//117 123//123
f 120//120 116//116 114//114
f 122//122 115//115 187//187
f 186//186 113//113 100//100
f 144//144 149//149 190//190
f 188//188 150//150 192//192
f 189//189 193//193 132//132
f 133//133 191//191 195//195
f 131//131 194//194 137//137
f 198//198 199//199 204//204
f 203//203 200//200 207//207
f 168//168 209//209 185//185
f 182//182 210//210 211//211
f 183//183 212//212 214//214
f 216//216 213//213 218//218
f 215//215 217//217 219//219
f 201//201 220//220 206//206
f 205//205 221//221 224//224
f 208//208 223//223 166//166
f 164//164 222//222 108//108
f 166//166 106//106 169//169
f 225//225 107//107 101//101
f 226//226 102//102 227//227
f 228//228 104//104 112//112
f 229//229 231//231 232//232
f 233//233 230//230 234//234
f 233//233 234//234 204//204
f 202//202 235//235 237//237
f 204//204 236//236 198//198
f 197//197 238//238 241//241
f 196//196 240//240 244//244
f 243//243 239//239 246//246
f 242//242 245//245 247//247
f 248//248 249//249 252//252
f 251//251 250//250 253//253
f 254//254 255//255 257//257
f 258//258 256//256 259//259
f 260//260 262//262 263//263
f 264//264 261//261 265//265
f 266//266 267//267 269//269
f 270//270 268//268 271//271
f 272//272 273//273 276//276
f 275//275 274//274 277//277
f 278//278 279//279 281//281
f 282//282 280//280 283//283
f 284//284 285//285 287//287
f 288//288 286//286 289//289
f 290//290 292//292 293//293
f 294//294 291//291 295//295
f 296//296 298//298 299//299
f 300//300 297//297 301//301
f 302//302 304//304 305//305
f 306//306 303//303 307//307
f 308//308 309//309 312//312
f 311//311 310//310 313//313
f 314//314 316//316 318//318
f 317//317 315//315 319//319
f 320//320 322//322 324//324
f 323//323 321//321 325//325
f 326//326 328//328 330//330
f 329//329 327//327 331//331
f 332//332 333//333 336//336
f 335//335 334//334 337//337
f 338//338 340//340 342//342
f 341//341 339//339 343//343
f 344//344 346//346 348//348
f 347//347 345//345 349//349
f 350//350 352//352 354//354
f 353//353 351//351 355//355
f 356//356 357//357 359//359
f 360//360 358//358 361//361
f 362//362 364//364 365//365
f 366//366 363//363 367//367
f 368//368 370//370 372//372
f 371//371 369//369 373//373
f 374//374 375//375 377//377
f 378//378 376//376 379//379
f 380//380 381//381 383//383
f 384//384 382//382 385//385
f 386//386 388//388 389//389
f 390//390 387//387 391//391
f 392//392 393//393 396//396
f 395//395 394//394 397//397
f 398//398 400//400 401//401
f 402//402 399//399 403//403
f 404//404 406//406 408//408
f 407//407 405//405 409//409
f 410//410 412//412 413//413
f 414//414 411//411 415//415
f 416//416 417//417 420//420
f 419//419 418//418 421//421
f 422//422 424//424 425//425
f 426//426 423//423 427//427
f 428//428 430//430 431//431
f 432//432 429//429 433//433
f 434//434 435//435 438//438
f 437//437 436//436 439//439
f 440//440 442//442 443//443
f 444//444 441//441 445//445
f 446//446 447//447 450//450
f 449//449 448//448 451//451
f 452//452 454//454 455//455
f 456//456 453//453 457//457
f 458//458 459//459 462//462
f 461//461 460//460 463//463
f 464//464 465//465 468//468
f 467//467 466//466 469//469
f 470//470 471//471 474//474
f 473//473 472//472 475//475
f 476//476 477//477 480//480
f 479//479 478//478 481//481
f 482//482 483//483 485//485
f 486//486 484//484 487//487
f 488//488 490//490 491//491
f 492//492 489//489 493//493
f 494//494 495//495 497//497
f 498//498 496//496 499//499
f 500//500 501//501 503//503
f 504//504 502//502 505//505
f 506//506 508//508 509//509
f 510//510 507//507 511//511
f 512//512 513//513 516//516
f 515//515 514//514 517//517
f 518//518 519//519 522//522
f 521//521 520//520 523//523
f 524//524 525//525 528//528
f 527//527 526//526 529//529
f 530//530 531//531 534//534
f 533//533 532//532 535//535
f 536//536 537//537 538//538
f 538//538 537//537 539//539
f 538//538 539//539 540//540
f 540//540 539//539 541//541
f 542//542 543//543 544//544
f 544//544 543//543 545//545
f 544//544 545//545 546//546
f 546//546 545//545 547//547
f 549//549 550//550 554//554
f 556//556 558//558 559//559
f 560//560 561//561 557//557
f 557//557 561//561 563//563
f 555//555 562//562 566//566
f 567//567 564//564 568//568
f 565//565 569//569 570//570
f 570//570 569//569 549//549
f 570//570 549//549 573//573
f 572//572 548//548 553//553
f 577//577 578//578 581//581
f 580//580 579//579 583//583
f 580//580 583//583 585//585
f 584//584 582//582 586//586
f 585//585 587//587 588//588
f 588//588 587//587 590//590
f 588//588 590//590 591//591
f 552//552 589//589 593//593
f 551//551 592//592 571//571
f 594//594 599//599 600//600
f 602//602 598//598 604//604
f 602//602 604//604 609//609
f 608//608 603//603 610//610
f 607//607 611//611 613//613
f 601//601 616//616 597//597
f 596//596 614//614 617//617
f 595//595 618//618 621//621
f 620//620 619//619 623//623
f 622//622 625//625 628//628
f 627//627 624//624 630//630
f 626//626 631//631 633//633
f 634//634 629//629 636//636
f 632//632 637//637 638//638
f 639//639 635//635 640//640
f 638//638 641//641 642//642
f 644//644 645//645 646//646
f 646//646 645//645 563//563
f 646//646 563//563 647//647
f 647//647 563//563 561//561
f 649//649 650//650 655//655
f 654//654 653//653 657//657
f 655//655 656//656 658//658
f 615//615 656//656 659//659
f 615//615 659//659 618//618
f 641//641 660//660 642//642
f 642//642 660//660 662//662
f 643//643 661//661 663//663
f 664//664 662//662 665//665
f 667//667 665//665 670//670
f 673//673 675//675 678//678
f 680//680 682//682 684//684
f 612//612 686//686 609//609
f 605//605 685//685 666//666
f 606//606 668//668 687//687
f 688//688 669//669 671//671
f 550//550 549//549 690//690
f 690//690 549//549 693//693
f 691//691 692//692 696//696
f 697//697 694//694 672//672
f 695//695 674//674 698//698
f 698//698 674//674 677//677
f 698//698 699//699 701//701
f 702//702 700//700 703//703
f 701//701 704//704 705//705
f 705//705 704//704 706//706
f 705//705 706//706 708//708
f 708//708 706//706 710//710
f 707//707 711//711 574//574
f 575//575 709//709 712//712
f 576//576 713//713 579//579
f 714//714 715//715 718//718
f 717//717 716//716 652//652
f 718//718 650//650 719//719
f 720//720 651//651 648//648
f 719//719 679//679 721//721
f 722//722 681//681 683//683
f 725//725 726//726 728//728
f 728//728 726//726 729//729
f 728//728 729//729 731//731
f 732//732 730//730 735//735
f 733//733 734//734 737//737
f 738//738 736//736 609//609
f 738//738 609//609 739//739
f 739//739 609//609 689//689
f 676//676 674//674 741//741
f 741//741 674//674 742//742
f 740//740 743//743 745//745
f 746//746 742//742 747//747
f 744//744 748//748 750//750
f 749//749 747//747 752//752
f 749//749 752//752 725//725
f 723//723 751//751 754//754
f 724//724 753//753 727//727
f 755//755 756//756 757//757
f 757//757 756//756 758//758
f 759//759 760//760 762//762
f 763//763 761//761 765//765
f 764//764 766//766 767//767
f 762//762 768//768 769//769
f 770//770 768//768 756//756
f 770//770 756//756 771//771
f 771//771 756//756 755//755
f 772//772 773//773 779//779
f 778//778 774//774 783//783
f 775//775 782//782 785//785
f 786//786 788//788 790//790
f 789//789 787//787 795//795
f 799//799 800//800 801//801
f 759//759 762//762 803//803
f 803//803 762//762 769//769
f 803//803 769//769 804//804
f 804//804 769//769 806//806
f 804//804 806//806 807//807
f 805//805 810//810 808//808
f 811//811 809//809 816//816
f 814//814 817//817 777//777
f 788//788 818//818 821//821
f 820//820 819//819 822//822
f 821//821 823//823 825//825
f 826//826 824//824 798//798
f 825//825 797//797 828//828
f 827//827 796//796 802//802
f 784//784 829//829 781//781
f 780//780 830//830 831//831
f 776//776 832//832 813//813
f 815//815 833//833 834//834
f 812//812 835//835 837//837
f 838//838 836//836 839//839
f 837//837 840//840 794//794
f 792//792 841//841 842//842
f 793//793 843//843 791//791
f 848//848 849//849 850//850
f 852//852 847//847 857//857
f 858//858 859//859 864//864
f 863//863 861//861 866//866
f 853//853 868//868 861//861
f 860//860 867//867 869//869
f 862//862 870//870 865//865
f 871//871 873//873 875//875
f 876//876 872//872 882//882
f 879//879 881//881 883//883
f 885//885 886//886 888//888
f 890//890 887//887 893//893
f 896//896 898//898 900//900
f 851//851 901//901 845//845
f 846//846 902//902 905//905
f 844//844 904//904 854//854
f 856//856 903//903 906//906
f 855//855 907//907 908//908
f 908//908 907//907 909//909
f 908//908 909//909 911//911
f 910//910 914//914 912//912
f 918//918 913//913 920//920
f 917//917 921//921 874//874
f 886//886 923//923 891//891
f 892//892 922//922 926//926
f 891//891 925//925 928//928
f 927//927 924//924 894//894
f 928//928 897//897 929//929
f 930//930 895//895 899//899
f 884//884 932//932 877//877
f 878//878 931//931 935//935
f 880//880 933//933 915//915
f 916//916 934//934 937//937
f 919//919 936//936 939//939
f 940//940 938//938 943//943
f 939//939 942//942 946//946
f 945//945 941//941 948//948
f 944//944 947//947 889//889
f 949//949 950//950 951//951
f 951//951 950//950 953//953
f 951//951 953//953 954//954
f 953//953 955//955 954//954
f 957//957 958//958 960//960
f 956//956 959//959 961//961
f 963//963 964//964 966//966
f 962//962 965//965 967//967
f 969//969 970//970 971//971
f 968//968 972//972 973//973
f 974//974 975//975 976//976
f 974//974 976//976 977//977
f 979//979 980//980 981//981
f 977//977 976//976 982//982
f 982//982 976//976 983//983
f 982//982 983//983 978//978
f 988//988 989//989 991//991
f 984//984 992//992 993//993
f 994//994 997//997 1001//1001
f 1002//1002 996//996 1003//1003
f 1002//1002 1003//1003 1004//1004
f 1004//1004 1003//1003 993//993
f 1004//1004 993//993 1005//1005
f 1005//1005 993//993 992//992
f 995//995 1006//1006 999//999
f 998//998 1007//1007 1008//1008
f 1000//1000 1010//1010 1012//1012
f 1009//1009 1016//1016 1014//1014
f 1011//1011 1015//1015 1017//1017
f 1013//1013 1018//1018 1020//1020
f 1021//1021 1019//1019 1023//1023
f 1021//1021 1023//1023 987//987
f 985//985 1024//1024 1026//1026
f 986//986 1025//1025 990//990
f 1028//1028 1030//1030 1032//1032
f 1034//1034 1029//1029 1036//1036
f 1038//1038 1043//1043 1044//1044
f 1045//1045 1041//1041 1047//1047
f 1045//1045 1047//1047 1035//1035
f 1031//1031 1048//1048 1050//1050
f 1033//1033 1049//1049 1027//1027
f 1051//1051 1057//1057 1059//1059
f 1058//1058 1053//1053 1060//1060
f 1058//1058 1060//1060 1061//1061
f 1061//1061 1060//1060 1036//1036
f 1061//1061 1036//1036 1062//1062
f 1062//1062 1036//1036 1029//1029
f 1052//1052 1063//1063 1054//1054
f 1056//1056 1064//1064 1065//1065
f 1055//1055 1066//1066 1040//1040
f 1039//1039 1065//1065 1068//1068
f 1037//1037 1067//1067 1042//1042
f 1073//1073 1074//1074 1077//1077
f 1071//1071 1076//1076 1078//1078
f 1079//1079 1087//1087 1088//1088
f 1089//1089 1085//1085 1091//1091
f 1089//1089 1093//1093 1082//1082
f 1081//1081 1092//1092 1096//1096
f 1080//1080 1095//1095 1097//1097
f 1098//1098 1094//1094 1100//1100
f 1098//1098 1100//1100 1072//1072
f 1070//1070 1101//1101 1103//1103
f 1069//1069 1102//1102 1075//1075
f 1076//1076 1104//1104 1078//1078
f 1078//1078 1104//1104 1105//1105
f 1078//1078 1105//1105 1106//1106
f 1106//1106 1105//1105 1108//1108
f 1106//1106 1108//1108 1084//1084
f 1083//1083 1107//1107 1110//1110
f 1086//1086 1109//1109 1090//1090
f 1111//1111 1112//1112 1113//1113
f 1113//1113 1112//1112 1114//1114
f 1113//1113 1114//1114 1115//1115
f 1115//1115 1114//1114 1116//1116
f 1116//1116 1114//1114 1117//1117
f 1116//1116 1117//1117 1118//1118
f 1118//1118 1117//1117 1119//1119
f 1119//1119 1117//1117 1120//1120
f 1119//1119 1120//1120 1121//1121
f 1121//1121 1120//1120 1122//1122
f 1122//1122 1120//1120 1123//1123
f 1122//1122 1123//1123 1124//1124
f 1124//1124 1123//1123 1125//1125
f 1125//1125 1123//1123 1126//1126
f 1125//1125 1126//1126 1127//1127
f 1127//1127 1126//1126 1128//1128
f 1128//1128 1126//1126 1129//1129
f 1128//1128 1129//1129 1130//1130
f 1131//1131 1132//1132 1133//1133
f 1133//1133 1132//1132 1134//1134
f 1133//1133 1134//1134 1135//1135
f 1135//1135 1134//1134 1136//1136
f 1136//1136 1134//1134 1137//1137
f 1136//1136 1137//1137 1138//1138
f 1138//1138 1137//1137 1139//1139
f 1139//1139 1137//1137 1140//1140
f 1139//1139 1140//1140 1141//1141
f 1141//1141 1140//1140 1142//1142
f 1142//1142 1140//1140 1143//1143
f 1142//1142 1143//1143 1144//1144
f 1144//1144 1143//1143 1145//1145
f 1145//1145 1143//1143 1146//1146
f 1145//1145 1146//1146 1147//1147
f 1147//1147 1146//1146 1148//1148
f 1148//1148 1146//1146 1149//1149
f 1148//1148 1149//1149 1150//1150
f 1151//1151 1152//1152 1153//1153
f 1153//1153 1152//1152 1154//1154
f 1153//1153 1154//1154 1155//1155
f 1155//1155 1154//1154 1156//1156
f 1156//1156 1154//1154 1157//1157
f 1156//1156 1157//1157 1158//1158
f 1158//1158 1157//1157 1159//1159
f 1159//1159 1157//1157 1160//1160
f 1159//1159 1160//1160 1161//1161
f 1161//1161 1160//1160 1162//1162
f 1162//1162 1160//1160 1163//1163
f 1162//1162 1163//1163 1164//1164
f 1164//1164 1163//1163 1165//1165
f 1165//1165 1163//1163 1166//1166
f 1165//1165 1166//1166 1167//1167
f 1167//1167 1166//1166 1168//1168
f 1168//1168 1166//1166 1169//1169
f 1168//1168 1169//1169 1170//1170
f 1171//1171 1172//1172 1173//1173
f 1173//1173 1172//1172 1174//1174
f 1173//1173 1174//1174 1175//1175
f 1176//1176 1178//1178 1179//1179
f 1180//1180 1177//1177 1182//1182
f 1182//1182 1183//1183 1180//1180
f 1180//1180 1183//1183 1184//1184
f 1181//1181 1185//1185 1186//1186
f 1185//1185 1187//1187 1186//1186
f 1186//1186 1187//1187 1188//1188
f 1186//1186 1188//1188 1189//1189
f 1188//1188 1190//1190 1189//1189
f 1189//1189 1190//1190 1191//1191
f 1189//1189 1191//1191 1193//1193
f 1193//1193 1191//1191 1194//1194
f 1194//1194 1195//1195 1193//1193
f 1193//1193 1195//1195 1196//1196
f 1192//1192 1197//1197 1198//1198
f 1197//1197 1199//1199 1198//1198
f 1198//1198 1199//1199 1200//1200
f 1198//1198 1200//1200 1173//1173
f 1173//1173 1200//1200 1201//1201
f 1173//1173 1201//1201 1171//1171
f 1202//1202 1203//1203 1204//1204
f 1204//1204 1203//1203 1205//1205
f 1204//1204 1205//1205 1206//1206
f 1207//1207 1208//1208 1209//1209
f 1209//1209 1208//1208 1211//1211
f 1211//1211 1212//1212 1209//1209
f 1209//1209 1212//1212 1213//1213
f 1210//1210 1214//1214 1215//1215
f 1214//1214 1216//1216 1215//1215
f 1215//1215 1216//1216 1217//1217
f 1215//1215 1217//1217 1219//1219
f 1219//1219 1217//1217 1220//1220
f 1220//1220 1221//1221 1219//1219
f 1219//1219 1221//1221 1222//1222
f 1218//1218 1223//1223 1225//1225
f 1223//1223 1226//1226 1225//1225
f 1225//1225 1226//1226 1227//1227
f 1224//1224 1228//1228 1229//1229
f 1228//1228 1230//1230 1229//1229
f 1229//1229 1230//1230 1231//1231
f 1229//1229 1231//1231 1204//1204
f 1204//1204 1231//1231 1232//1232
f 1204//1204 1232//1232 1202//1202
f 1233//1233 1234//1234 1235//1235
f 1235//1235 1234//1234 1236//1236
f 1235//1235 1236//1236 1237//1237
f 1238//1238 1239//1239 1241//1241
f 1241//1241 1239//1239 1242//1242
f 1242//1242 1243//1243 1241//1241
f 1241//1241 1243//1243 1244//1244
f 1240//1240 1245//1245 1246//1246
f 1245//1245 1247//1247 1246//1246
f 1246//1246 1247//1247 1248//1248
f 1246//1246 1248//1248 1249//1249
f 1249//1249 1248//1248 1251//1251
f 1251//1251 1252//1252 1249//1249
f 1249//1249 1252//1252 1253//1253
f 1250//1250 1254//1254 1256//1256
f 1254//1254 1257//1257 1256//1256
f 1256//1256 1257//1257 1258//1258
f 1255//1255 1259//1259 1260//1260
f 1259//1259 1261//1261 1260//1260
f 1260//1260 1261//1261 1262//1262
f 1260//1260 1262//1262 1235//1235
f 1235//1235 1262//1262 1263//1263
f 1235//1235 1263//1263 1233//1233
f 1264//1264 1265//1265 1268//1268
f 1268//1268 1265//1265 1270//1270
f 1272//1272 1275//1275 1276//1276
f 1276//1276 1280//1280 1272//1272
f 1271//1271 1279//1279 1282//1282
f 1273//1273 1283//1283 1284//1284
f 1286//1286 1281//1281 1288//1288
f 1285//1285 1287//1287 1290//1290
f 1291//1291 1289//1289 1292//1292
f 1290//1290 1293//1293 1294//1294
f 1295//1295 1297//1297 1299//1299
f 1299//1299 1297//1297 1301//1301
f 1302//1302 1304//1304 1307//1307
f 1306//1306 1305//1305 1311//1311
f 1309//1309 1312//1312 1314//1314
f 1313//1313 1310//1310 1318//1318
f 1315//1315 1317//1317 1322//1322
f 1319//1319 1316//1316 1324//1324
f 1328//1328 1332//1332 1335//1335
f 1333//1333 1331//1331 1336//1336
f 1334//1334 1337//1337 1338//1338
f 1338//1338 1337//1337 1340//1340
f 1338//1338 1340//1340 1341//1341
f 1341//1341 1340//1340 1342//1342
f 1345//1345 1346//1346 1276//1276
f 1276//1276 1346//1346 1347//1347
f 1351//1351 1348//1348 1353//1353
f 1300//1300 1296//1296 1358//1358
f 1355//1355 1298//1298 1359//1359
f 1356//1356 1360//1360 1361//1361
f 1364//1364 1367//1367 1370//1370
f 1371//1371 1366//1366 1374//1374
f 1369//1369 1373//1373 1377//1377
f 1375//1375 1372//1372 1380//1380
f 1376//1376 1379//1379 1382//1382
f 1381//1381 1378//1378 1384//1384
f 1382//1382 1383//1383 1385//1385
f 1387//1387 1327//1327 1388//1388
f 1388//1388 1327//1327 1392//1392
f 1389//1389 1391//1391 1393//1393
f 1395//1395 1390//1390 1396//1396
f 1394//1394 1397//1397 1398//1398
f 1400//1400 1325//1325 1402//1402
f 1402//1402 1325//1325 1404//1404
f 1401//1401 1405//1405 1408//1408
f 1406//1406 1403//1403 1410//1410
f 1407//1407 1409//1409 1411//1411
f 1386//1386 1413//1413 1326//1326
f 1327//1327 1412//1412 1349//1349
f 1327//1327 1349//1349 1329//1329
f 1330//1330 1350//1350 1352//1352
f 1274//1274 1415//1415 1419//1419
f 1275//1275 1417//1417 1276//1276
f 1277//1277 1418//1418 1421//1421
f 1278//1278 1420//1420 1344//1344
f 1422//1422 1424//1424 1426//1426
f 1425//1425 1423//1423 1428//1428
f 1426//1426 1427//1427 1429//1429
f 1429//1429 1427//1427 1430//1430
f 1429//1429 1430//1430 1433//1433
f 1433//1433 1430//1430 1434//1434
f 1436//1436 1437//1437 1370//1370
f 1368//1368 1438//1438 1440//1440
f 1370//1370 1441//1441 1364//1364
f 1365//1365 1439//1439 1443//1443
f 1363//1363 1442//1442 1445//1445
f 1444//1444 1446//1446 1364//1364
f 1364//1364 1446//1446 1448//1448
f 1450//1450 1447//1447 1452//1452
f 1454//1454 1456//1456 1457//1457
f 1458//1458 1455//1455 1459//1459
f 1457//1457 1460//1460 1461//1461
f 1461//1461 1460//1460 1463//1463
f 1461//1461 1463//1463 1465//1465
f 1465//1465 1463//1463 1467//1467
f 1269//1269 1266//1266 1471//1471
f 1472//1472 1267//1267 1474//1474
f 1468//1468 1473//1473 1475//1475
f 1303//1303 1308//1308 1432//1432
f 1430//1430 1306//1306 1478//1478
f 1431//1431 1477//1477 1435//1435
f 1479//1479 1481//1481 1485//1485
f 1487//1487 1482//1482 1489//1489
f 1399//1399 1494//1494 1323//1323
f 1325//1325 1493//1493 1449//1449
f 1325//1325 1449//1449 1320//1320
f 1321//1321 1451//1451 1453//1453
f 1362//1362 1486//1486 1354//1354
f 1357//1357 1488//1488 1492//1492
f 1354//1354 1490//1490 1496//1496
f 1497//1497 1491//1491 1499//1499
f 1495//1495 1500//1500 1503//1503
f 1502//1502 1498//1498 1416//1416
f 1501//1501 1414//1414 1504//1504
f 1505//1505 1416//1416 1275//1275
f 1343//1343 1339//1339 1462//1462
f 1463//1463 1340//1340 1506//1506
f 1464//1464 1507//1507 1466//1466
f 1508//1508 1511//1511 1512//1512
f 1516//1516 1510//1510 1520//1520
f 1478//1478 1522//1522 1434//1434
f 1434//1434 1522//1522 1524//1524
f 1434//1434 1524//1524 1485//1485
f 1484//1484 1523//1523 1525//1525
f 1483//1483 1526//1526 1480//1480
f 1476//1476 1515//1515 1469//1469
f 1470//1470 1517//1517 1521//1521
f 1469//1469 1518//1518 1528//1528
f 1527//1527 1519//1519 1531//1531
f 1529//1529 1530//1530 1534//1534
f 1533//1533 1532//1532 1536//1536
f 1535//1535 1537//1537 1538//1538
f 1539//1539 1536//1536 1436//1436
f 1506//1506 1540//1540 1467//1467
f 1467//1467 1540//1540 1541//1541
f 1467//1467 1541//1541 1512//1512
f 1513//1513 1542//1542 1544//1544
f 1514//1514 1543//1543 1509//1509
f 1545//1545 1546//1546 1547//1547
f 1547//1547 1546//1546 1548//1548
f 1547//1547 1548//1548 1549//1549
f 1549//1549 1548//1548 1550//1550
f 1551//1551 1552//1552 1553//1553
f 1553//1553 1552//1552 1554//1554
f 1553//1553 1554//1554 1555//1555
f 1555//1555 1554//1554 1556//1556
f 1555//1555 1556//1556 1557//1557
f 1557//1557 1556//1556 1558//1558
f 1557//1557 1558//1558 1560//1560
f 1561//1561 1559//1559 1562//1562
f 1561//1561 1562//1562 1563//1563
f 1563//1563 1562//1562 1564//1564
f 1563//1563 1564//1564 1565//1565
f 1565//1565 1564//1564 1566//1566
f 1565//1565 1566//1566 1567//1567
f 1567//1567 1566//1566 1568//1568
f 1569//1569 1570//1570 1571//1571
f 1571//1571 1570//1570 1572//1572
f 1571//1571 1572//1572 1573//1573
f 1573//1573 1572//1572 1574//1574
f 1573//1573 1574//1574 1575//1575
f 1575//1575 1574//1574 1576//1576
f 1575//1575 1576//1576 1577//1577
f 1577//1577 1576//1576 1578//1578
f 1577//1577 1578//1578 1579//1579
f 1579//1579 1578//1578 1580//1580
f 1579//1579 1580//1580 1581//1581
f 1581//1581 1580//1580 1582//1582
f 1581//1581 1582//1582 1583//1583
f 1583//1583 1582//1582 1584//1584
f 1585//1585 1586//1586 1587//1587
f 1587//1587 1586//1586 1588//1588
f 1587//1587 1588//1588 1589//1589
f 1589//1589 1588//1588 1590//1590
f 1591//1591 1592//1592 1593//1593
f 1593//1593 1592//1592 1594//1594
f 1593//1593 1595//1595 1591//1591
f 1596//1596 1597//1597 1598//1598
f 1596//1596 1598//1598 1599//1599
f 1599//1599 1598//1598 1600//1600
f 1599//1599 1600//1600 1601//1601
f 1600//1600 1602//1602 1601//1601
f 1601//1601 1602//1602 1603//1603
f 1601//1601 1603//1603 1604//1604
f 1604//1604 1603//1603 1605//1605
f 1604//1604 1605//1605 1606//1606
f 1605//1605 1607//1607 1606//1606
f 1606//1606 1607//1607 1608//1608
f 1606//1606 1608//1608 1609//1609
f 1609//1609 1608//1608 1610//1610
f 1611//1611 1612//1612 1613//1613
f 1613//1613 1612//1612 1614//1614
f 1613//1613 1614//1614 1615//1615
f 1616//1616 1617//1617 1618//1618
f 1618//1618 1617//1617 1619//1619
f 1618//1618 1620//1620 1616//1616
f 1621//1621 1622//1622 1623//1623
f 1621//1621 1623//1623 1624//1624
f 1624//1624 1623//1623 1625//1625
f 1624//1624 1625//1625 1626//1626
f 1625//1625 1627//1627 1626//1626
f 1626//1626 1627//1627 1628//1628
f 1626//1626 1628//1628 1629//1629
f 1629//1629 1628//1628 1630//1630
f 1629//1629 1630//1630 1631//1631
f 1630//1630 1632//1632 1631//1631
f 1631//1631 1632//1632 1633//1633
f 1631//1631 1633//1633 1634//1634
f 1634//1634 1633//1633 1635//1635
f 1636//1636 1637//1637 1638//1638
f 1638//1638 1637//1637 1639//1639
f 1638//1638 1639//1639 1640//1640
f 1641//1641 1642//1642 1643//1643
f 1643//1643 1642//1642 1644//1644
f 1643//1643 1645//1645 1641//1641
f 1646//1646 1647//1647 1648//1648
f 1646//1646 1648//1648 1649//1649
f 1649//1649 1648//1648 1650//1650
f 1649//1649 1650//1650 1651//1651
f 1650//1650 1652//1652 1651//1651
f 1651//1651 1652//1652 1653//1653
f 1651//1651 1653//1653 1654//1654
f 1654//1654 1653//1653 1655//1655
f 1654//1654 1655//1655 1656//1656
f 1655//1655 1657//1657 1656//1656
f 1656//1656 1657//1657 1658//1658
f 1656//1656 1658//1658 1659//1659
f 1659//1659 1658//1658 1660//1660
f 1661//1661 1662//1662 1663//1663
f 1663//1663 1662//1662 1664//1664
f 1663//1663 1664//1664 1665//1665
f 1666//1666 1667//1667 1668//1668
f 1669//1669 1670//1670 1671//1671
f 1671//1671 1670//1670 1672//1672
f 1671//1671 1672//1672 1673//1673
f 1672//1672 1674//1674 1673//1673
f 1673//1673 1674//1674 1675//1675
f 1673//1673 1675//1675 1676//1676
f 1675//1675 1677//1677 1676//1676
f 1676//1676 1677//1677 1678//1678
f 1676//1676 1678//1678 1679//1679
f 1679//1679 1678//1678 1680//1680
f 1679//1679 1680//1680 1681//1681
f 1680//1680 1682//1682 1681//1681
f 1681//1681 1682//1682 1683//1683
f 1681//1681 1683//1683 1666//1666
f 1666//1666 1683//1683 1684//1684
f 1666//1666 1684//1684 1667//1667
f 1685//1685 1686//1686 1687//1687
f 1687//1687 1686//1686 1688//1688
f 1687//1687 1688//1688 1689//1689
f 1689//1689 1688//1688 1690//1690
f 1690//1690 1688//1688 1692//1692
f 1691//1691 1693//1693 1694//1694
f 1694//1694 1693//1693 1695//1695
f 1695//1695 1693//1693 1697//1697
f 1696//1696 1698//1698 1699//1699
f 1699//1699 1698//1698 1700//1700
f 1700//1700 1698//1698 1701//1701
f 1700//1700 1701//1701 1702//1702
f 1702//1702 1701//1701 1703//1703
f 1703//1703 1701//1701 1704//1704
f 1703//1703 1704//1704 1705//1705
f 1705//1705 1704//1704 1706//1706
f 1706//1706 1704//1704 1707//1707
f 1706//1706 1707//1707 1708//1708
f 1710//1710 1713//1713 1715//1715
f 1719//1719 1722//1722 1726//1726
f 1725//1725 1721//1721 1729//1729
f 1724//1724 1728//1728 1730//1730
f 1731//1731 1727//1727 1733//1733
f 1730//1730 1734//1734 1735//1735
f 1736//1736 1732//1732 1738//1738
f 1737//1737 1739//1739 1742//1742
f 1741//1741 1740//1740 1743//1743
f 1741//1741 1745//1745 1746//1746
f 1747//1747 1744//1744 1748//1748
f 1746//1746 1750//1750 1752//1752
f 1717//1717 1714//1714 1754//1754
f 1754//1754 1714//1714 1755//1755
f 1754//1754 1755//1755 1758//1758
f 1759//1759 1757//1757 1760//1760
f 1762//1762 1756//1756 1764//1764
f 1761//1761 1763//1763 1766//1766
f 1768//1768 1773//1773 1774//1774
f 1775//1775 1772//1772 1776//1776
f 1775//1775 1776//1776 1777//1777
f 1749//1749 1779//1779 1751//1751
f 1752//1752 1780//1780 1782//1782
f 1753//1753 1781//1781 1783//1783
f 1784//1784 1782//1782 1786//1786
f 1783//1783 1785//1785 1788//1788
f 1787//1787 1786//1786 1792//1792
f 1789//1789 1790//1790 1795//1795
f 1794//1794 1791//1791 1796//1796
f 1793//1793 1797//1797 1800//1800
f 1801//1801 1798//1798 1803//1803
f 1799//1799 1802//1802 1807//1807
f 1806//1806 1804//1804 1808//1808
f 1805//1805 1809//1809 1813//1813
f 1812//1812 1810//1810 1815//1815
f 1811//1811 1816//1816 1769//1769
f 1767//1767 1814//1814 1818//1818
f 1770//1770 1817//1817 1771//1771
f 1716//1716 1820//1820 1709//1709
f 1711//1711 1819//1819 1821//1821
f 1712//1712 1822//1822 1826//1826
f 1825//1825 1823//1823 1829//1829
f 1824//1824 1827//1827 1832//1832
f 1831//1831 1828//1828 1834//1834
f 1830//1830 1835//1835 1837//1837
f 1838//1838 1833//1833 1839//1839
f 1836//1836 1841//1841 1843//1843
f 1844//1844 1840//1840 1845//1845
f 1842//1842 1846//1846 1849//1849
f 1848//1848 1847//1847 1852//1852
f 1849//1849 1851//1851 1718//1718
f 1720//1720 1850//1850 1853//1853
f 1718//1718 1854//1854 1723//1723
f 1763//1763 1855//1855 1766//1766
f 1765//1765 1856//1856 1858//1858
f 1766//1766 1859//1859 1860//1860
f 1861//1861 1857//1857 1778//1778
f 1860//1860 1777//1777 1862//1862
f 1862//1862 1777//1777 1776//1776
f 1863//1863 1864//1864 1865//1865
f 1865//1865 1864//1864 1866//1866
f 1867//1867 1868//1868 1869//1869
f 1869//1869 1868//1868 1870//1870
f 1869//1869 1870//1870 1871//1871
f 1866//1866 1872//1872 1865//1865
f 1865//1865 1872//1872 1873//1873
f 1865//1865 1873//1873 1874//1874
f 1873//1873 1875//1875 1874//1874
f 1874//1874 1875//1875 1876//1876
f 1874//1874 1876//1876 1877//1877
f 1876//1876 1878//1878 1877//1877
f 1877//1877 1878//1878 1879//1879
f 1877//1877 1879//1879 1880//1880
f 1880//1880 1879//1879 1881//1881
f 1881//1881 1882//1882 1880//1880
f 1880//1880 1882//1882 1883//1883
f 1880//1880 1883//1883 1884//1884
f 1883//1883 1885//1885 1884//1884
f 1884//1884 1885//1885 1886//1886
f 1884//1884 1886//1886 1869//1869
f 1869//1869 1886//1886 1887//1887
f 1869//1869 1887//1887 1867//1867
f 1888//1888 1889//1889 1890//1890
f 1891//1891 1892//1892 1890//1890
f 1890//1890 1892//1892 1893//1893
f 1890//1890 1893//1893 1888//1888
f 1894//1894 1895//1895 1891//1891
f 1891//1891 1895//1895 1896//1896
f 1891//1891 1896//1896 1892//1892
f 1897//1897 1898//1898 1899//1899
f 1899//1899 1898//1898 1900//1900
f 1894//1894 1901//1901 1895//1895
f 1902//1902 1903//1903 1897//1897
f 1897//1897 1903//1903 1904//1904
f 1897//1897 1904//1904 1898//1898
f 1905//1905 1906//1906 1902//1902
f 1902//1902 1906//1906 1907//1907
f 1902//1902 1907//1907 1903//1903
f 1908//1908 1909//1909 1905//1905
f 1905//1905 1909//1909 1910//1910
f 1905//1905 1910//1910 1906//1906
f 1911//1911 1912//1912 1908//1908
f 1908//1908 1912//1912 1913//1913
f 1908//1908 1913//1913 1909//1909
f 1914//1914 1915//1915 1911//1911
f 1911//1911 1915//1915 1916//1916
f 1911//1911 1916//1916 1912//1912
f 1917//1917 1918//1918 1919//1919
f 1919//1919 1918//1918 1920//1920
f 1914//1914 1921//1921 1915//1915
f 1922//1922 1923//1923 1917//1917
f 1917//1917 1923//1923 1924//1924
f 1917//1917 1924//1924 1918//1918
f 1888//1888 1925//1925 1889//1889
f 1889//1889 1925//1925 1926//1926
f 1889//1889 1926//1926 1922//1922
f 1922//1922 1926//1926 1927//1927
f 1922//1922 1927//1927 1923//1923
f 1928//1928 1929//1929 1930//1930
f 1931//1931 1932//1932 1933//1933
f 1933//1933 1932//1932 1934//1934
f 1933//1933 1934//1934 1936//1936
f 1935//1935 1937//1937 1938//1938
f 1938//1938 1937//1937 1939//1939
f 1938//1938 1939//1939 1940//1940
f 1940//1940 1939//1939 1941//1941
f 1940//1940 1941//1941 1942//1942
f 1941//1941 1943//1943 1942//1942
f 1942//1942 1943//1943 1944//1944
f 1942//1942 1944//1944 1945//1945
f 1944//1944 1946//1946 1945//1945
f 1945//1945 1946//1946 1947//1947
f 1945//1945 1947//1947 1928//1928
f 1928//1928 1947//1947 1948//1948
f 1928//1928 1948//1948 1929//1929
f 1949//1949 1950//1950 1951//1951
f 1952//1952 1953//1953 1954//1954
f 1954//1954 1953//1953 1949//1949
f 1954//1954 1949//1949 1955//1955
f 1955//1955 1949//1949 1951//1951
f 1956//1956 1957//1957 1958//1958
f 1958//1958 1957//1957 1959//1959
f 1960//1960 1961//1961 1950//1950
f 1950//1950 1961//1961 1962//1962
f 1950//1950 1962//1962 1951//1951
f 1963//1963 1964//1964 1956//1956
f 1956//1956 1964//1964 1965//1965
f 1956//1956 1965//1965 1957//1957
f 1966//1966 1967//1967 1963//1963
f 1963//1963 1967//1967 1968//1968
f 1963//1963 1968//1968 1964//1964
f 1969//1969 1970//1970 1966//1966
f 1966//1966 1970//1970 1971//1971
f 1966//1966 1971//1971 1967//1967
f 1972//1972 1973//1973 1969//1969
f 1969//1969 1973//1973 1974//1974
f 1969//1969 1974//1974 1970//1970
f 1975//1975 1976//1976 1972//1972
f 1972//1972 1976//1976 1977//1977
f 1972//1972 1977//1977 1973//1973
f 1978//1978 1979//1979 1980//1980
f 1980//1980 1979//1979 1981//1981
f 1975//1975 1982//1982 1976//1976
f 1983//1983 1984//1984 1978//1978
f 1978//1978 1984//1984 1985//1985
f 1978//1978 1985//1985 1979//1979
f 1952//1952 1986//1986 1953//1953
f 1953//1953 1986//1986 1987//1987
f 1953//1953 1987//1987 1983//1983
f 1983//1983 1987//1987 1988//1988
f 1983//1983 1988//1988 1984//1984
f 1989//1989 1990//1990 1991//1991
f 1992//1992 1993//1993 1994//1994
f 1994//1994 1993//1993 1995//1995
f 1994//1994 1995//1995 1997//1997
f 1996//1996 1998//1998 1999//1999
f 1999//1999 1998//1998 2001//2001
f 1999//1999 2001//2001 2002//2002
f 2000//2000 2003//2003 2004//2004
f 2004//2004 2003//2003 2005//2005
f 2004//2004 2005//2005 2006//2006
f 2006//2006 2005//2005 2007//2007
f 2006//2006 2007//2007 2008//2008
f 2007//2007 2009//2009 2008//2008
f 2008//2008 2009//2009 2010//2010
f 2008//2008 2010//2010 1989//1989
f 1989//1989 2010//2010 2011//2011
f 1989//1989 2011//2011 1990//1990
f 2012//2012 2013//2013 2014//2014
f 2015//2015 2016//2016 2014//2014
f 2014//2014 2016//2016 2017//2017
f 2014//2014 2017//2017 2012//2012
f 2018//2018 2019//2019 2015//2015
f 2015//2015 2019//2019 2020//2020
f 2015//2015 2020//2020 2016//2016
f 2021//2021 2022//2022 2023//2023
f 2023//2023 2022//2022 2024//2024
f 2018//2018 2025//2025 2019//2019
f 2026//2026 2027//2027 2021//2021
f 2021//2021 2027//2027 2028//2028
f 2021//2021 2028//2028 2022//2022
f 2029//2029 2030//2030 2026//2026
f 2026//2026 2030//2030 2031//2031
f 2026//2026 2031//2031 2027//2027
f 2032//2032 2033//2033 2029//2029
f 2029//2029 2033//2033 2034//2034
f 2029//2029 2034//2034 2030//2030
f 2035//2035 2036//2036 2032//2032
f 2032//2032 2036//2036 2037//2037
f 2032//2032 2037//2037 2033//2033
f 2038//2038 2039//2039 2035//2035
f 2035//2035 2039//2039 2040//2040
f 2035//2035 2040//2040 2036//2036
f 2041//2041 2042//2042 2043//2043
f 2043//2043 2042//2042 2044//2044
f 2038//2038 2045//2045 2039//2039
f 2046//2046 2047//2047 2041//2041
f 2041//2041 2047//2047 2048//2048
f 2041//2041 2048//2048 2042//2042
f 2012//2012 2049//2049 2013//2013
f 2013//2013 2049//2049 2050//2050
f 2013//2013 2050//2050 2046//2046
f 2046//2046 2050//2050 2051//2051
f 2046//2046 2051//2051 2047//2047
f 2052//2052 2053//2053 2054//2054
f 2055//2055 2056//2056 2057//2057
f 2057//2057 2056//2056 2058//2058
f 2057//2057 2058//2058 2060//2060
f 2059//2059 2061//2061 2062//2062
f 2062//2062 2061//2061 2063//2063
f 2062//2062 2063//2063 2064//2064
f 2063//2063 2065//2065 2064//2064
f 2064//2064 2065//2065 2066//2066
f 2064//2064 2066//2066 2067//2067
f 2067//2067 2066//2066 2068//2068
f 2067//2067 2068//2068 2069//2069
f 2068//2068 2070//2070 2069//2069
f 2069//2069 2070//2070 2071//2071
f 2069//2069 2071//2071 2052//2052
f 2052//2052 2071//2071 2072//2072
f 2052//2052 2072//2072 2053//2053
f 2073//2073 2074//2074 2075//2075
f 2076//2076 2077//2077 2075//2075
f 2075//2075 2077//2077 2078//2078
f 2075//2075 2078//2078 2073//2073
f 2079//2079 2080//2080 2076//2076
f 2076//2076 2080//2080 2081//2081
f 2076//2076 2081//2081 2077//2077
f 2082//2082 2083//2083 2084//2084
f 2084//2084 2083//2083 2085//2085
f 2079//2079 2086//2086 2080//2080
f 2087//2087 2088//2088 2082//2082
f 2082//2082 2088//2088 2089//2089
f 2082//2082 2089//2089 2083//2083
f 2090//2090 2091//2091 2087//2087
f 2087//2087 2091//2091 2092//2092
f 2087//2087 2092//2092 2088//2088
f 2093//2093 2094//2094 2090//2090
f 2090//2090 2094//2094 2095//2095
f 2090//2090 2095//2095 2091//2091
f 2096//2096 2097//2097 2093//2093
f 2093//2093 2097//2097 2098//2098
f 2093//2093 2098//2098 2094//2094
f 2099//2099 2100//2100 2096//2096
f 2096//2096 2100//2100 2101//2101
f 2096//2096 2101//2101 2097//2097
f 2102//2102 2103//2103 2104//2104
f 2104//2104 2103//2103 2105//2105
f 2099//2099 2106//2106 2100//2100
f 2107//2107 2108//2108 2102//2102
f 2102//2102 2108//2108 2109//2109
f 2102//2102 2109//2109 2103//2103
f 2073//2073 2110//2110 2074//2074
f 2074//2074 2110//2110 2111//2111
f 2074//2074 2111//2111 2107//2107
f 2107//2107 2111//2111 2112//2112
f 2107//2107 2112//2112 2108//2108
f 2113//2113 2115//2115 2116//2116
f 2116//2116 2115//2115 2117//2117
f 2118//2118 2119//2119 2114//2114
f 2120//2120 2121//2121 2122//2122
f 2120//2120 2122//2122 2123//2123
f 2123//2123 2122//2122 2124//2124
f 2123//2123 2124//2124 2125//2125
f 2124//2124 2126//2126 2125//2125
f 2125//2125 2126//2126 2127//2127
f 2125//2125 2127//2127 2128//2128
f 2128//2128 2127//2127 2129//2129
f 2128//2128 2129//2129 2130//2130
f 2129//2129 2131//2131 2130//2130
f 2130//2130 2131//2131 2132//2132
f 2130//2130 2132//2132 2133//2133
f 2133//2133 2132//2132 2134//2134
f 2135//2135 2136//2136 2137//2137
f 2137//2137 2136//2136 2138//2138
f 2137//2137 2138//2138 2139//2139
f 2140//2140 2141//2141 2143//2143
f 2144//2144 2145//2145 2146//2146
f 2147//2147 2148//2148 2149//2149
f 2145//2145 2150//2150 2146//2146
f 2146//2146 2150//2150 2151//2151
f 2146//2146 2151//2151 2152//2152
f 2149//2149 2148//2148 2153//2153
f 2148//2148 2154//2154 2153//2153
f 2153//2153 2154//2154 2155//2155
f 2153//2153 2155//2155 2157//2157
f 2155//2155 2158//2158 2157//2157
f 2157//2157 2158//2158 2159//2159
f 2156//2156 2160//2160 2162//2162
f 2162//2162 2160//2160 2163//2163
f 2161//2161 2164//2164 2165//2165
f 2166//2166 2167//2167 2168//2168
f 2168//2168 2167//2167 2169//2169
f 2168//2168 2169//2169 2142//2142
f 2143//2143 2170//2170 2171//2171
f 2143//2143 2171//2171 2140//2140
f 2172//2172 2173//2173 2174//2174
f 2174//2174 2173//2173 2177//2177
f 2175//2175 2178//2178 2179//2179
f 2180//2180 2181//2181 2183//2183
f 2178//2178 2184//2184 2179//2179
f 2179//2179 2184//2184 2185//2185
f 2179//2179 2185//2185 2186//2186
f 2187//2187 2188//2188 2190//2190
f 2190//2190 2188//2188 2191//2191
f 2190//2190 2191//2191 2192//2192
f 2192//2192 2191//2191 2182//2182
f 2187//2187 2193//2193 2188//2188
f 2188//2188 2193//2193 2194//2194
f 2189//2189 2195//2195 2196//2196
f 2196//2196 2195//2195 2198//2198
f 2196//2196 2198//2198 2199//2199
f 2200//2200 2201//2201 2202//2202
f 2172//2172 2174//2174 2203//2203
f 2202//2202 2176//2176 2204//2204
f 2202//2202 2204//2204 2200//2200
f 2205//2205 2206//2206 2207//2207
f 2209//2209 2210//2210 2211//2211
f 2210//2210 2212//2212 2211//2211
f 2211//2211 2212//2212 2213//2213
f 2211//2211 2213//2213 2214//2214
f 2215//2215 2216//2216 2217//2217
f 2217//2217 2216//2216 2218//2218
f 2215//2215 2220//2220 2216//2216
f 2221//2221 2219//2219 2222//2222
f 2221//2221 2222//2222 2223//2223
f 2222//2222 2225//2225 2223//2223
f 2223//2223 2225//2225 2226//2226
f 2224//2224 2227//2227 2229//2229
f 2229//2229 2227//2227 2230//2230
f 2228//2228 2231//2231 2232//2232
f 2233//2233 2234//2234 2235//2235
f 2235//2235 2234//2234 2236//2236
f 2235//2235 2236//2236 2208//2208
f 2207//2207 2237//2237 2238//2238
f 2207//2207 2238//2238 2205//2205
f 2240//2240 2241//2241 2242//2242
f 2242//2242 2243//2243 2240//2240
f 2240//2240 2243//2243 2244//2244
f 2239//2239 2245//2245 2246//2246
f 2246//2246 2245//2245 2247//2247
f 2248//2248 2249//2249 2251//2251
f 2252//2252 2253//2253 2254//2254
f 2254//2254 2253//2253 2255//2255
f 2254//2254 2255//2255 2256//2256
f 2256//2256 2255//2255 2250//2250
f 2252//2252 2257//2257 2253//2253
f 2253//2253 2257//2257 2258//2258
f 2253//2253 2258//2258 2259//2259
f 2259//2259 2258//2258 2260//2260
f 2259//2259 2260//2260 2261//2261
f 2262//2262 2263//2263 2264//2264
f 2264//2264 2263//2263 2265//2265
f 2264//2264 2265//2265 2241//2241
f 2241//2241 2265//2265 2266//2266
f 2241//2241 2266//2266 2242//2242
f 2267//2267 2268//2268 2269//2269
f 2269//2269 2268//2268 2270//2270
f 2267//2267 2269//2269 2271//2271
f 2271//2271 2269//2269 2259//2259
f 2271//2271 2259//2259 2262//2262
f 2262//2262 2259//2259 2261//2261
f 2262//2262 2261//2261 2263//2263
f 2247//2247 2248//2248 2246//2246
f 2246//2246 2248//2248 2251//2251
f 2246//2246 2251//2251 2272//2272
f 2272//2272 2251//2251 2273//2273
f 2272//2272 2273//2273 2274//2274
f 2274//2274 2273//2273 2275//2275
f 2275//2275 2273//2273 2276//2276
f 2275//2275 2276//2276 2277//2277
f 2277//2277 2276//2276 2278//2278
f 2278//2278 2276//2276 2279//2279
f 2278//2278 2279//2279 2280//2280
f 2280//2280 2279//2279 2281//2281
f 2281//2281 2279//2279 2282//2282
f 2281//2281 2282//2282 2283//2283
f 2283//2283 2282//2282 2284//2284
f 2284//2284 2282//2282 2211//2211
f 2284//2284 2211//2211 2218//2218
f 2218//2218 2211//2211 2214//2214
f 2218//2218 2214//2214 2217//2217
f 2231//2231 2233//2233 2232//2232
f 2232//2232 2233//2233 2235//2235
f 2232//2232 2235//2235 2285//2285
f 2285//2285 2235//2235 2286//2286
f 2285//2285 2286//2286 2287//2287
f 2287//2287 2286//2286 2288//2288
f 2288//2288 2286//2286 2289//2289
f 2288//2288 2289//2289 2290//2290
f 2290//2290 2289//2289 2291//2291
f 2291//2291 2289//2289 2292//2292
f 2291//2291 2292//2292 2293//2293
f 2293//2293 2292//2292 2294//2294
f 2294//2294 2292//2292 2197//2197
f 2294//2294 2197//2197 2200//2200
f 2200//2200 2197//2197 2295//2295
f 2200//2200 2295//2295 2201//2201
f 2185//2185 2180//2180 2186//2186
f 2186//2186 2180//2180 2183//2183
f 2186//2186 2183//2183 2296//2296
f 2296//2296 2183//2183 2297//2297
f 2296//2296 2297//2297 2298//2298
f 2298//2298 2297//2297 2299//2299
f 2299//2299 2297//2297 2300//2300
f 2299//2299 2300//2300 2301//2301
f 2301//2301 2300//2300 2302//2302
f 2302//2302 2300//2300 2303//2303
f 2302//2302 2303//2303 2304//2304
f 2304//2304 2303//2303 2305//2305
f 2305//2305 2303//2303 2306//2306
f 2305//2305 2306//2306 2307//2307
f 2307//2307 2306//2306 2308//2308
f 2308//2308 2306//2306 2146//2146
f 2308//2308 2146//2146 2149//2149
f 2149//2149 2146//2146 2152//2152
f 2149//2149 2152//2152 2147//2147
f 2164//2164 2166//2166 2165//2165
f 2165//2165 2166//2166 2168//2168
f 2165//2165 2168//2168 2309//2309
f 2309//2309 2168//2168 2310//2310
f 2268//2268 2311//2311 2270//2270
f 2270//2270 2311//2311 2312//2312
f 2270//2270 2312//2312 2310//2310
f 2310//2310 2312//2312 2313//2313
f 2310//2310 2313//2313 2309//2309
f 2314//2314 2315//2315 2316//2316
f 2316//2316 2317//2317 2314//2314
f 2314//2314 2317//2317 2318//2318
f 2314//2314 2318//2318 2319//2319
f 2318//2318 2320//2320 2319//2319
f 2319//2319 2320//2320 2321//2321
f 2319//2319 2321//2321 2322//2322
f 2321//2321 2323//2323 2322//2322
f 2322//2322 2323//2323 2324//2324
f 2322//2322 2324//2324 2325//2325
f 2324//2324 2326//2326 2325//2325
f 2325//2325 2326//2326 2327//2327
f 2325//2325 2327//2327 2328//2328
f 2327//2327 2329//2329 2328//2328
f 2328//2328 2329//2329 2330//2330
f 2328//2328 2330//2330 2331//2331
f 2330//2330 2332//2332 2331//2331
f 2331//2331 2332//2332 2333//2333
f 2331//2331 2333//2333 2334//2334
f 2333//2333 2335//2335 2334//2334
f 2334//2334 2335//2335 2336//2336
f 2334//2334 2336//2336 2337//2337
f 2336//2336 2338//2338 2337//2337
f 2337//2337 2338//2338 2339//2339
f 2337//2337 2339//2339 2340//2340
f 2339//2339 2341//2341 2340//2340
f 2340//2340 2341//2341 2342//2342
f 2340//2340 2342//2342 2343//2343
f 2342//2342 2344//2344 2343//2343
f 2343//2343 2344//2344 2345//2345
f 2343//2343 2345//2345 2346//2346
f 2345//2345 2347//2347 2346//2346
f 2346//2346 2347//2347 2348//2348
f 2346//2346 2348//2348 2349//2349
f 2349//2349 2348//2348 2350//2350
f 2349//2349 2350//2350 2351//2351
f 2350//2350 2352//2352 2351//2351
f 2351//2351 2352//2352 2353//2353
f 2351//2351 2353//2353 2354//2354
f 2353//2353 2355//2355 2354//2354
f 2354//2354 2355//2355 2356//2356
f 2354//2354 2356//2356 2357//2357
f 2356//2356 2358//2358 2357//2357
f 2357//2357 2358//2358 2359//2359
f 2357//2357 2359//2359 2360//2360
f 2359//2359 2361//2361 2360//2360
f 2360//2360 2361//2361 2362//2362
f 2360//2360 2362//2362 2363//2363
f 2362//2362 2364//2364 2363//2363
f 2363//2363 2364//2364 2365//2365
f 2363//2363 2365//2365 2367//2367
f 2366//2366 2368//2368 2369//2369
f 2369//2369 2368//2368 2370//2370
f 2369//2369 2370//2370 2372//2372
f 2371//2371 2373//2373 2374//2374
f 2374//2374 2373//2373 2375//2375
f 2374//2374 2375//2375 2376//2376
f 2375//2375 2377//2377 2376//2376
f 2376//2376 2377//2377 2378//2378
f 2376//2376 2378//2378 2379//2379
f 2378//2378 2380//2380 2379//2379
f 2379//2379 2380//2380 2381//2381
f 2379//2379 2381//2381 2382//2382
f 2381//2381 2383//2383 2382//2382
f 2382//2382 2383//2383 2384//2384
f 2382//2382 2384//2384 2385//2385
f 2384//2384 2386//2386 2385//2385
f 2385//2385 2386//2386 2387//2387
f 2385//2385 2387//2387 2388//2388
f 2387//2387 2389//2389 2388//2388
f 2388//2388 2389//2389 2390//2390
f 2388//2388 2390//2390 2391//2391
f 2390//2390 2392//2392 2391//2391
f 2391//2391 2392//2392 2393//2393
f 2391//2391 2393//2393 2394//2394
f 2394//2394 2393//2393 2395//2395
f 2394//2394 2395//2395 2315//2315
f 2315//2315 2395//2395 2396//2396
f 2315//2315 2396//2396 2316//2316
f 2398//2398 2401//2401 2405//2405
f 2404//2404 2400//2400 2407//2407
f 2403//2403 2408//2408 2410//2410
f 2414//2414 2416//2416 2418//2418
f 2420//2420 2424//2424 2425//2425
f 2428//2428 2423//2423 2430//2430
f 2427//2427 2429//2429 2433//2433
f 2432//2432 2431//2431 2435//2435
f 2434//2434 2436//2436 2438//2438
f 2440//2440 2437//2437 2442//2442
f 2439//2439 2443//2443 2444//2444
f 2445//2445 2441//2441 2448//2448
f 2446//2446 2447//2447 2450//2450
f 2406//2406 2453//2453 2409//2409
f 2412//2412 2452//2452 2455//2455
f 2411//2411 2454//2454 2456//2456
f 2457//2457 2455//2455 2458//2458
f 2457//2457 2458//2458 2461//2461
f 2460//2460 2459//2459 2462//2462
f 2461//2461 2463//2463 2464//2464
f 2464//2464 2463//2463 2466//2466
f 2464//2464 2466//2466 2469//2469
f 2471//2471 2473//2473 2474//2474
f 2475//2475 2472//2472 2478//2478
f 2474//2474 2477//2477 2480//2480
f 2449//2449 2484//2484 2451//2451
f 2450//2450 2483//2483 2485//2485
f 2450//2450 2485//2485 2487//2487
f 2487//2487 2485//2485 2488//2488
f 2486//2486 2489//2489 2490//2490
f 2491//2491 2488//2488 2492//2492
f 2491//2491 2492//2492 2494//2494
f 2494//2494 2492//2492 2496//2496
f 2493//2493 2495//2495 2499//2499
f 2465//2465 2502//2502 2467//2467
f 2470//2470 2501//2501 2504//2504
f 2468//2468 2505//2505 2507//2507
f 2506//2506 2503//2503 2508//2508
f 2506//2506 2508//2508 2510//2510
f 2510//2510 2508//2508 2513//2513
f 2509//2509 2511//2511 2517//2517
f 2515//2515 2512//2512 2518//2518
f 2521//2521 2522//2522 2525//2525
f 2524//2524 2523//2523 2482//2482
f 2525//2525 2480//2480 2526//2526
f 2527//2527 2481//2481 2476//2476
f 2526//2526 2477//2477 2528//2528
f 2529//2529 2479//2479 2530//2530
f 2528//2528 2531//2531 2422//2422
f 2422//2422 2531//2531 2532//2532
f 2422//2422 2532//2532 2429//2429
f 2533//2533 2536//2536 2537//2537
f 2539//2539 2413//2413 2541//2541
f 2540//2540 2415//2415 2417//2417
f 2541//2541 2516//2516 2542//2542
f 2543//2543 2514//2514 2520//2520
f 2542//2542 2519//2519 2544//2544
f 2544//2544 2519//2519 2545//2545
f 2426//2426 2547//2547 2421//2421
f 2419//2419 2546//2546 2548//2548
f 2419//2419 2548//2548 2551//2551
f 2552//2552 2549//2549 2554//2554
f 2550//2550 2555//2555 2498//2498
f 2402//2402 2556//2556 2399//2399
f 2397//2397 2557//2557 2558//2558
f 2397//2397 2558//2558 2537//2537
f 2538//2538 2559//2559 2560//2560
f 2537//2537 2562//2562 2533//2533
f 2534//2534 2561//2561 2565//2565
f 2535//2535 2564//2564 2566//2566
f 2567//2567 2563//2563 2568//2568
f 2567//2567 2568//2568 2506//2506
f 2506//2506 2568//2568 2569//2569
f 2506//2506 2569//2569 2469//2469
f 2536//2536 2533//2533 2570//2570
f 2570//2570 2533//2533 2573//2573
f 2571//2571 2572//2572 2575//2575
f 2576//2576 2573//2573 2577//2577
f 2574//2574 2579//2579 2582//2582
f 2496//2496 2583//2583 2497//2497
f 2497//2497 2583//2583 2584//2584
f 2500//2500 2585//2585 2553//2553
f 2551//2551 2584//2584 2586//2586
f 2551//2551 2586//2586 2589//2589
f 2590//2590 2587//2587 2593//2593
f 2588//2588 2592//2592 2594//2594
f 2595//2595 2591//2591 2596//2596
f 2595//2595 2596//2596 2597//2597
f 2597//2597 2596//2596 2598//2598
f 2597//2597 2598//2598 2599//2599
f 2599//2599 2598//2598 2580//2580
f 2599//2599 2580//2580 2601//2601
f 2600//2600 2581//2581 2578//2578
f 2602//2602 2603//2603 2605//2605
f 2607//2607 2608//2608 2610//2610
f 2610//2610 2608//2608 2611//2611
f 2609//2609 2602//2602 2612//2612
f 2612//2612 2602//2602 2605//2605
f 2613//2613 2614//2614 2616//2616
f 2617//2617 2615//2615 2618//2618
f 2617//2617 2618//2618 2606//2606
f 2606//2606 2618//2618 2619//2619
f 2606//2606 2619//2619 2620//2620
f 2621//2621 2622//2622 2623//2623
f 2624//2624 2625//2625 2626//2626
f 2626//2626 2625//2625 2621//2621
f 2626//2626 2621//2621 2627//2627
f 2627//2627 2621//2621 2623//2623
f 2628//2628 2630//2630 2631//2631
f 2632//2632 2629//2629 2633//2633
f 2632//2632 2633//2633 2624//2624
f 2624//2624 2633//2633 2634//2634
f 2624//2624 2634//2634 2625//2625
f 2628//2628 2631//2631 2635//2635
f 2635//2635 2631//2631 2636//2636
f 2635//2635 2636//2636 2637//2637
f 2637//2637 2636//2636 2638//2638
f 2638//2638 2636//2636 2639//2639
f 2638//2638 2639//2639 2640//2640
f 2640//2640 2639//2639 2641//2641
f 2641//2641 2639//2639 2642//2642
f 2641//2641 2642//2642 2643//2643
f 2643//2643 2642//2642 2644//2644
f 2644//2644 2642//2642 2645//2645
f 2644//2644 2645//2645 2646//2646
f 2646//2646 2645//2645 2647//2647
f 2647//2647 2645//2645 2648//2648
f 2647//2647 2648//2648 2649//2649
f 2649//2649 2648//2648 2650//2650
f 2650//2650 2648//2648 2651//2651
f 2650//2650 2651//2651 2652//2652
f 2652//2652 2651//2651 2653//2653
f 2653//2653 2651//2651 2654//2654
f 2653//2653 2654//2654 2655//2655
f 2655//2655 2654//2654 2656//2656
f 2656//2656 2654//2654 2657//2657
f 2656//2656 2657//2657 2658//2658
f 2658//2658 2657//2657 2659//2659
f 2659//2659 2657//2657 2660//2660
f 2659//2659 2660//2660 2661//2661
f 2661//2661 2660//2660 2662//2662
f 2662//2662 2660//2660 2663//2663
f 2662//2662 2663//2663 2664//2664
f 2664//2664 2663//2663 2665//2665
f 2665//2665 2663//2663 2666//2666
f 2665//2665 2666//2666 2667//2667
f 2667//2667 2666//2666 2668//2668
f 2668//2668 2666//2666 2669//2669
f 2668//2668 2669//2669 2670//2670
f 2670//2670 2669//2669 2671//2671
f 2671//2671 2669//2669 2672//2672
f 2671//2671 2672//2672 2673//2673
f 2673//2673 2672//2672 2674//2674
f 2674//2674 2672//2672 2675//2675
f 2674//2674 2675//2675 2676//2676
f 2676//2676 2675//2675 2677//2677
f 2677//2677 2675//2675 2604//2604
f 2677//2677 2604//2604 2678//2678
f 2678//2678 2604//2604 2679//2679
f 2678//2678 2679//2679 2680//2680
f 2613//2613 2616//2616 2681//2681
f 2681//2681 2616//2616 2682//2682
f 2681//2681 2682//2682 2683//2683
f 2683//2683 2682//2682 2684//2684
f 2684//2684 2682//2682 2685//2685
f 2684//2684 2685//2685 2686//2686
f 2686//2686 2685//2685 2687//2687
f 2687//2687 2685//2685 2688//2688
f 2687//2687 2688//2688 2689//2689
f 2689//2689 2688//2688 2690//2690
f 2690//2690 2688//2688 2691//2691
f 2690//2690 2691//2691 2692//2692
f 2692//2692 2691//2691 2693//2693
f 2693//2693 2691//2691 2694//2694
f 2693//2693 2694//2694 2695//2695
f 2695//2695 2694//2694 2696//2696
f 2696//2696 2694//2694 2697//2697
f 2696//2696 2697//2697 2698//2698
f 2698//2698 2697//2697 2699//2699
f 2699//2699 2697//2697 2700//2700
f 2699//2699 2700//2700 2701//2701
f 2701//2701 2700//2700 2702//2702
f 2702//2702 2700//2700 2703//2703
f 2702//2702 2703//2703 2704//2704
f 2704//2704 2703//2703 2705//2705
f 2705//2705 2703//2703 2706//2706
f 2705//2705 2706//2706 2707//2707
f 2707//2707 2706//2706 2708//2708
f 2708//2708 2706//2706 2709//2709
f 2708//2708 2709//2709 2710//2710
f 2710//2710 2709//2709 2711//2711
f 2711//2711 2709//2709 2712//2712
f 2711//2711 2712//2712 2713//2713
f 2713//2713 2712//2712 2714//2714
f 2714//2714 2712//2712 2715//2715
f 2714//2714 2715//2715 2716//2716
f 2716//2716 2715//2715 2717//2717
f 2717//2717 2715//2715 2718//2718
f 2717//2717 2718//2718 2719//2719
f 2719//2719 2718//2718 2720//2720
f 2720//2720 2718//2718 2721//2721
f 2720//2720 2721//2721 2722//2722
f 2722//2722 2721//2721 2723//2723
f 2723//2723 2721//2721 2623//2623
f 2723//2723 2623//2623 2724//2724
f 2724//2724 2623//2623 2622//2622
f 2724//2724 2622//2622 2725//2725
f 2726//2726 2727//2727 2728//2728
f 2726//2726 2728//2728 2736//2736
f 2738//2738 2739//2739 2728//2728
f 2730//2730 2740//2740 2742//2742
f 2728//2728 2741//2741 2736//2736
f 2743//2743 2746//2746 2728//2728
f 2731//2731 2745//2745 2747//2747
f 2733//2733 2748//2748 2737//2737
f 2749//2749 2752//2752 2728//2728
f 2734//2734 2751//2751 2754//2754
f 2732//2732 2753//2753 2744//2744
f 2755//2755 2756//2756 2728//2728
f 2728//2728 2756//2756 2757//2757
f 2729//2729 2758//2758 2750//2750
f 2759//2759 2762//2762 2729//2729
f 2728//2728 2761//2761 2763//2763
f 2728//2728 2763//2763 2755//2755
f 2764//2764 2766//2766 2728//2728
f 2734//2734 2765//2765 2768//2768
f 2728//2728 2767//2767 2760//2760
f 2770//2770 2771//2771 2728//2728
f 2731//2731 2772//2772 2773//2773
f 2728//2728 2774//2774 2764//2764
f 2727//2727 2775//2775 2728//2728
f 2730//2730 2776//2776 2777//2777
f 2735//2735 2778//2778 2769//2769
f 2779//2779 2782//2782 2785//2785
f 2786//2786 2781//2781 2790//2790
f 2784//2784 2787//2787 2792//2792
f 2795//2795 2797//2797 2799//2799
f 2800//2800 2801//2801 2803//2803
f 2803//2803 2801//2801 2804//2804
f 2805//2805 2806//2806 2807//2807
f 2807//2807 2806//2806 2794//2794
f 2808//2808 2796//2796 2810//2810
f 2809//2809 2793//2793 2798//2798
f 2800//2800 2811//2811 2801//2801
f 2801//2801 2811//2811 2812//2812
f 2801//2801 2812//2812 2813//2813
f 2794//2794 2804//2804 2814//2814
f 2814//2814 2804//2804 2801//2801
f 2814//2814 2801//2801 2815//2815
f 2788//2788 2802//2802 2816//2816
f 2789//2789 2817//2817 2791//2791
f 2818//2818 2819//2819 2784//2784
f 2784//2784 2819//2819 2821//2821
f 2783//2783 2820//2820 2780//2780
f 2822//2822 2824//2824 2825//2825
f 2826//2826 2823//2823 2827//2827
f 2826//2826 2827//2827 2828//2828
f 2827//2827 2829//2829 2828//2828
f 2831//2831 2832//2832 2834//2834
f 2830//2830 2833//2833 2835//2835
f 2836//2836 2838//2838 2839//2839
f 2837//2837 2840//2840 2841//2841
f 2843//2843 2844//2844 2846//2846
f 2842//2842 2845//2845 2847//2847
f 2848//2848 2849//2849 2850//2850
f 2848//2848 2850//2850 2851//2851
f 2852//2852 2853//2853 2854//2854
f 2851//2851 2850//2850 2854//2854
f 2854//2854 2850//2850 2855//2855
f 2854//2854 2855//2855 2852//2852
f 2856//2856 2857//2857 2859//2859
f 2860//2860 2858//2858 2861//2861
f 2860//2860 2861//2861 2862//2862
f 2861//2861 2863//2863 2862//2862
f 2864//2864 2866//2866 2867//2867
f 2865//2865 2868//2868 2869//2869
f 2870//2870 2872//2872 2873//2873
f 2871//2871 2874//2874 2875//2875
f 2877//2877 2878//2878 2879//2879
f 2876//2876 2880//2880 2881//2881
f 2882//2882 2883//2883 2884//2884
f 2882//2882 2884//2884 2885//2885
f 2886//2886 2888//2888 2889//2889
f 2885//2885 2884//2884 2890//2890
f 2890//2890 2884//2884 2891//2891
f 2890//2890 2891//2891 2887//2887
f 2892//2892 2893//2893 2894//2894
f 2894//2894 2893//2893 2896//2896
f 2895//2895 2897//2897 2898//2898
f 2897//2897 2899//2899 2898//2898
f 2900//2900 2902//2902 2904//2904
f 2901//2901 2903//2903 2905//2905
f 2907//2907 2908//2908 2909//2909
f 2906//2906 2910//2910 2911//2911
f 2912//2912 2914//2914 2916//2916
f 2913//2913 2915//2915 2917//2917
f 2918//2918 2919//2919 2920//2920
f 2918//2918 2920//2920 2921//2921
f 2922//2922 2923//2923 2924//2924
f 2921//2921 2920//2920 2924//2924
f 2924//2924 2920//2920 2925//2925
f 2924//2924 2925//2925 2922//2922
f 1549//1549 1550//1550 2926//2926
f 2926//2926 1550//1550 2927//2927
f 2928//2928 2930//2930 2931//2931
f 2932//2932 2929//2929 2933//2933
f 2934//2934 2936//2936 2938//2938
f 2937//2937 2935//2935 952//952
f 1570//1570 1569//1569 2939//2939
f 2939//2939 1569//1569 2940//2940
f 2941//2941 2942//2942 2944//2944
f 2945//2945 2943//2943 2946//2946
f 2947//2947 2948//2948 983//983
f 983//983 2948//2948 978//978
f 1583//1583 1584//1584 2949//2949
f 2949//2949 1584//1584 2950//2950
f 2951//2951 2953//2953 2954//2954
f 2955//2955 2952//2952 2956//2956
f 2957//2957 2958//2958 2858//2858
f 2858//2858 2958//2958 2861//2861
f 1586//1586 1585//1585 2959//2959
f 2959//2959 1585//1585 2960//2960
f 2961//2961 2963//2963 2964//2964
f 2965//2965 2962//2962 2966//2966
f 2967//2967 2968//2968 2891//2891
f 2891//2891 2968//2968 2887//2887
f 1552//1552 1551//1551 2969//2969
f 2969//2969 1551//1551 2970//2970
f 2971//2971 2972//2972 2974//2974
f 2975//2975 2973//2973 2976//2976
f 2977//2977 2978//2978 2855//2855
f 2855//2855 2978//2978 2852//2852
f 1567//1567 1568//1568 2979//2979
f 2979//2979 1568//1568 2980//2980
f 2981//2981 2982//2982 2985//2985
f 2984//2984 2983//2983 2986//2986
f 2987//2987 2988//2988 2893//2893
f 2893//2893 2988//2988 2896//2896
f 537//537 536//536 2989//2989
f 2989//2989 536//536 2990//2990
f 2991//2991 2993//2993 2995//2995
f 2994//2994 2992//2992 2996//2996
f 2997//2997 2998//2998 2925//2925
f 2925//2925 2998//2998 2922//2922
f 546//546 547//547 2999//2999
f 2999//2999 547//547 3000//3000
f 3001//3001 3003//3003 3005//3005
f 3004//3004 3002//3002 3006//3006
f 3007//3007 3008//3008 2823//2823
f 2823//2823 3008//3008 2827//2827
f 3009//3009 3010//3010 3011//3011
f 3009//3009 3011//3011 3012//3012
f 3010//3010 3009//3009 3013//3013
f 3013//3013 3009//3009 3014//3014
f 3013//3013 3014//3014 3015//3015
f 3011//3011 3016//3016 3012//3012
f 3012//3012 3016//3016 3017//3017
f 3012//3012 3017//3017 3018//3018
f 3018//3018 3017//3017 3019//3019
f 3018//3018 3019//3019 3020//3020
f 3020//3020 3019//3019 3021//3021
f 3020//3020 3021//3021 3022//3022
f 3022//3022 3021//3021 3023//3023
f 3022//3022 3023//3023 3024//3024
f 3024//3024 3023//3023 3025//3025
f 3024//3024 3025//3025 3026//3026
f 3026//3026 3025//3025 3027//3027
f 3026//3026 3027//3027 3028//3028
f 3028//3028 3027//3027 3029//3029
f 3028//3028 3029//3029 3030//3030
f 3030//3030 3029//3029 3031//3031
f 3030//3030 3031//3031 3032//3032
f 3032//3032 3031//3031 3033//3033
f 3032//3032 3033//3033 3034//3034
f 3034//3034 3033//3033 3035//3035
f 3034//3034 3035//3035 3014//3014
f 3014//3014 3035//3035 3036//3036
f 3014//3014 3036//3036 3015//3015
f 3037//3037 3038//3038 3039//3039
f 3040//3040 3041//3041 3042//3042
f 3042//3042 3041//3041 3043//3043
f 3042//3042 3043//3043 3044//3044
f 3045//3045 3046//3046 3040//3040
f 3040//3040 3046//3046 3047//3047
f 3040//3040 3047//3047 3041//3041
f 3043//3043 3037//3037 3044//3044
f 3044//3044 3037//3037 3039//3039
f 3044//3044 3039//3039 3048//3048
f 3048//3048 3039//3039 3049//3049
f 3048//3048 3049//3049 3050//3050
f 3050//3050 3049//3049 3051//3051
f 3050//3050 3051//3051 3052//3052
f 3052//3052 3051//3051 3053//3053
f 3052//3052 3053//3053 3054//3054
f 3054//3054 3053//3053 3055//3055
f 3054//3054 3055//3055 3056//3056
f 3056//3056 3055//3055 3057//3057
f 3056//3056 3057//3057 3058//3058
f 3058//3058 3057//3057 3059//3059
f 3058//3058 3059//3059 3060//3060
f 3060//3060 3059//3059 3061//3061
f 3060//3060 3061//3061 3062//3062
f 3062//3062 3061//3061 3063//3063
f 3062//3062 3063//3063 3045//3045
f 3045//3045 3063//3063 3064//3064
f 3045//3045 3064//3064 3046//3046
f 3065//3065 3066//3066 3067//3067
f 3065//3065 3067//3067 3068//3068
f 3066//3066 3065//3065 3069//3069
f 3069//3069 3065//3065 3070//3070
f 3069//3069 3070//3070 3071//3071
f 3067//3067 3072//3072 3068//3068
f 3068//3068 3072//3072 3073//3073
f 3068//3068 3073//3073 3074//3074
f 3074//3074 3073//3073 3075//3075
f 3074//3074 3075//3075 3076//3076
f 3076//3076 3075//3075 3077//3077
f 3076//3076 3077//3077 3078//3078
f 3078//3078 3077//3077 3079//3079
f 3078//3078 3079//3079 3080//3080
f 3080//3080 3079//3079 3081//3081
f 3080//3080 3081//3081 3082//3082
f 3082//3082 3081//3081 3083//3083
f 3082//3082 3083//3083 3084//3084
f 3084//3084 3083//3083 3085//3085
f 3084//3084 3085//3085 3086//3086
f 3086//3086 3085//3085 3087//3087
f 3086//3086 3087//3087 3088//3088
f 3088//3088 3087//3087 3089//3089
f 3088//3088 3089//3089 3090//3090
f 3090//3090 3089//3089 3091//3091
f 3090//3090 3091//3091 3070//3070
f 3070//3070 3091//3091 3092//3092
f 3070//3070 3092//3092 3071//3071
f 3093//3093 3094//3094 3095//3095
f 3096//3096 3097//3097 3098//3098
f 3098//3098 3097//3097 3099//3099
f 3098//3098 3099//3099 3100//3100
f 3101//3101 3102//3102 3096//3096
f 3096//3096 3102//3102 3103//3103
f 3096//3096 3103//3103 3097//3097
f 3099//3099 3093//3093 3100//3100
f 3100//3100 3093//3093 3095//3095
f 3100//3100 3095//3095 3104//3104
f 3104//3104 3095//3095 3105//3105
f 3104//3104 3105//3105 3106//3106
f 3106//3106 3105//3105 3107//3107
f 3106//3106 3107//3107 3108//3108
f 3108//3108 3107//3107 3109//3109
f 3108//3108 3109//3109 3110//3110
f 3110//3110 3109//3109 3111//3111
f 3110//3110 3111//3111 3112//3112
f 3112//3112 3111//3111 3113//3113
f 3112//3112 3113//3113 3114//3114
f 3114//3114 3113//3113 3115//3115
f 3114//3114 3115//3115 3116//3116
f 3116//3116 3115//3115 3117//3117
f 3116//3116 3117//3117 3118//3118
f 3118//3118 3117//3117 3119//3119
f 3118//3118 3119//3119 3101//3101
f 3101//3101 3119//3119 3120//3120
f 3101//3101 3120//3120 3102//3102
f 3122//3122 3124//3124 3126//3126
f 3126//3126 3124//3124 3127//3127
f 3126//3126 3127//3127 3128//3128
f 3128//3128 3127//3127 3129//3129
f 3129//3129 3130//3130 3128//3128
f 3128//3128 3130//3130 3131//3131
f 3128//3128 3131//3131 3132//3132
f 3131//3131 3133//3133 3132//3132
f 3132//3132 3133//3133 3134//3134
f 3132//3132 3134//3134 3135//3135
f 3135//3135 3134//3134 3136//3136
f 3135//3135 3136//3136 3138//3138
f 3139//3139 3137//3137 3141//3141
f 3140//3140 3143//3143 3146//3146
f 3144//3144 3142//3142 3148//3148
f 3145//3145 3147//3147 3149//3149
f 3121//3121 3148//3148 3151//3151
f 3123//3123 3150//3150 3125//3125
f 1112//1112 1111//1111 3128//3128
f 3128//3128 1111//1111 3152//3152
f 3128//3128 3152//3152 3126//3126
f 1130//1130 1129//1129 3153//3153
f 3153//3153 1129//1129 1078//1078
f 3153//3153 1078//1078 1106//1106
f 1132//1132 1131//1131 3154//3154
f 3154//3154 1131//1131 3155//3155
f 3154//3154 3155//3155 1099//1099
f 1150//1150 1149//1149 3156//3156
f 3156//3156 1149//1149 993//993
f 3156//3156 993//993 1003//1003
f 1152//1152 1151//1151 3157//3157
f 3157//3157 1151//1151 3158//3158
f 3157//3157 3158//3158 1022//1022
f 1708//1708 1707//1707 3159//3159
f 3159//3159 1707//1707 3132//3132
f 3159//3159 3132//3132 3135//3135
f 1686//1686 1685//1685 3160//3160
f 3160//3160 1685//1685 3161//3161
f 3160//3160 3161//3161 1046//1046
f 1170//1170 1169//1169 3162//3162
f 3162//3162 1169//1169 1036//1036
f 3162//3162 1036//1036 1060//1060
f 3163//3163 3164//3164 3165//3165
f 3165//3165 3164//3164 3166//3166
f 3165//3165 3166//3166 3167//3167
f 3167//3167 3166//3166 3168//3168
f 3167//3167 3168//3168 3169//3169
f 3169//3169 3168//3168 3170//3170
f 3169//3169 3170//3170 3171//3171
f 3171//3171 3170//3170 3172//3172
f 3171//3171 3172//3172 3173//3173
f 3173//3173 3172//3172 3174//3174
f 3173//3173 3174//3174 3175//3175
f 3175//3175 3174//3174 3176//3176
f 3175//3175 3176//3176 3177//3177
f 3177//3177 3176//3176 3178//3178
f 3177//3177 3178//3178 3179//3179
f 3179//3179 3178//3178 3180//3180
f 3179//3179 3180//3180 3181//3181
f 3181//3181 3180//3180 3182//3182
f 3181//3181 3182//3182 3183//3183
f 3183//3183 3182//3182 3184//3184
f 3183//3183 3184//3184 3185//3185
f 3185//3185 3184//3184 3186//3186
f 3185//3185 3186//3186 3163//3163
f 3163//3163 3186//3186 3164//3164
f 3187//3187 3188//3188 3189//3189
f 3189//3189 3188//3188 3190//3190
f 3189//3189 3190//3190 3191//3191
f 3191//3191 3190//3190 3192//3192
f 3191//3191 3192//3192 3193//3193
f 3193//3193 3192//3192 3194//3194
f 3193//3193 3194//3194 3195//3195
f 3195//3195 3194//3194 3196//3196
f 3195//3195 3196//3196 3197//3197
f 3197//3197 3196//3196 3198//3198
f 3197//3197 3198//3198 3199//3199
f 3199//3199 3198//3198 3200//3200
f 3199//3199 3200//3200 3201//3201
f 3201//3201 3200//3200 3202//3202
f 3201//3201 3202//3202 3203//3203
f 3203//3203 3202//3202 3204//3204
f 3203//3203 3204//3204 3205//3205
f 3205//3205 3204//3204 3206//3206
f 3205//3205 3206//3206 3207//3207
f 3207//3207 3206//3206 3208//3208
f 3207//3207 3208//3208 3209//3209
f 3209//3209 3208//3208 3210//3210
f 3209//3209 3210//3210 3187//3187
f 3187//3187 3210//3210 3188//3188
f 3211//3211 3212//3212 3213//3213
f 3213//3213 3212//3212 3214//3214
f 3213//3213 3214//3214 3215//3215
f 3215//3215 3214//3214 3216//3216
f 3215//3215 3216//3216 3217//3217
f 3217//3217 3216//3216 3218//3218
f 3217//3217 3218//3218 3219//3219
f 3219//3219 3218//3218 3220//3220
f 3219//3219 3220//3220 3221//3221
f 3221//3221 3220//3220 3223//3223
f 3222//3222 3224//3224 3225//3225
f 3225//3225 3224//3224 3226//3226
f 3225//3225 3226//3226 3227//3227
f 3227//3227 3226//3226 3228//3228
f 3227//3227 3228//3228 3229//3229
f 3229//3229 3228//3228 3230//3230
f 3229//3229 3230//3230 3231//3231
f 3231//3231 3230//3230 3233//3233
f 3232//3232 3234//3234 3235//3235
f 3235//3235 3234//3234 3236//3236
f 3235//3235 3236//3236 3237//3237
f 3237//3237 3236//3236 3238//3238
f 3237//3237 3238//3238 3211//3211
f 3211//3211 3238//3238 3212//3212
f 3239//3239 3240//3240 3241//3241
f 3241//3241 3240//3240 3242//3242
f 3241//3241 3242//3242 3243//3243
f 3243//3243 3242//3242 3244//3244
f 3243//3243 3244//3244 3245//3245
f 3245//3245 3244//3244 3246//3246
f 3245//3245 3246//3246 3247//3247
f 3247//3247 3246//3246 3248//3248
f 3247//3247 3248//3248 3249//3249
f 3249//3249 3248//3248 3251//3251
f 3250//3250 3252//3252 3253//3253
f 3253//3253 3252//3252 3254//3254
f 3253//3253 3254//3254 3255//3255
f 3255//3255 3254//3254 3256//3256
f 3255//3255 3256//3256 3257//3257
f 3257//3257 3256//3256 3258//3258
f 3257//3257 3258//3258 3259//3259
f 3259//3259 3258//3258 3260//3260
f 3259//3259 3260//3260 3261//3261
f 3261//3261 3260//3260 3262//3262
f 3261//3261 3262//3262 3263//3263
f 3263//3263 3262//3262 3264//3264
f 3263//3263 3264//3264 3239//3239
f 3239//3239 3264//3264 3240//3240
f 3266//3266 3267//3267 3268//3268
f 3269//3269 3267//3267 3270//3270
f 3270//3270 3267//3267 3271//3271
f 3269//3269 3272//3272 3267//3267
f 3267//3267 3272//3272 3273//3273
f 3267//3267 3273//3273 3268//3268
f 3274//3274 3275//3275 3276//3276
f 3276//3276 3275//3275 3277//3277
f 3276//3276 3277//3277 3278//3278
f 3278//3278 3277//3277 3279//3279
f 3281//3281 3282//3282 3283//3283
f 3284//3284 3282//3282 3285//3285
f 3285//3285 3282//3282 3286//3286
f 3284//3284 3287//3287 3282//3282
f 3282//3282 3287//3287 3288//3288
f 3282//3282 3288//3288 3283//3283
f 3289//3289 3290//3290 3291//3291
f 3291//3291 3290//3290 3292//3292
f 3291//3291 3292//3292 3293//3293
f 3293//3293 3292//3292 3294//3294
f 3283//3283 3295//3295 3281//3281
f 3281//3281 3295//3295 3296//3296
f 3280//3280 3297//3297 3298//3298
f 3298//3298 3297//3297 3300//3300
f 3299//3299 3301//3301 3302//3302
f 3302//3302 3301//3301 3303//3303
f 3302//3302 3303//3303 3304//3304
f 3304//3304 3303//3303 3305//3305
f 3304//3304 3305//3305 3306//3306
f 3306//3306 3305//3305 3307//3307
f 3306//3306 3307//3307 3308//3308
f 3308//3308 3307//3307 3309//3309
f 3308//3308 3309//3309 3310//3310
f 3310//3310 3309//3309 3311//3311
f 3310//3310 3311//3311 3312//3312
f 3312//3312 3311//3311 3314//3314
f 3313//3313 3315//3315 3276//3276
f 3276//3276 3315//3315 3316//3316
f 3276//3276 3316//3316 3274//3274
f 3294//3294 3317//3317 3293//3293
f 3319//3319 3318//3318 3320//3320
f 3319//3319 3320//3320 3321//3321
f 3321//3321 3320//3320 3322//3322
f 3321//3321 3322//3322 3323//3323
f 3323//3323 3322//3322 3324//3324
f 3323//3323 3324//3324 3325//3325
f 3325//3325 3324//3324 3326//3326
f 3325//3325 3326//3326 3327//3327
f 3327//3327 3326//3326 3328//3328
f 3327//3327 3328//3328 3329//3329
f 3329//3329 3328//3328 3330//3330
f 3329//3329 3330//3330 3331//3331
f 3331//3331 3330//3330 3332//3332
f 3331//3331 3332//3332 3333//3333
f 3333//3333 3332//3332 3335//3335
f 3334//3334 3336//3336 3286//3286
f 3286//3286 3336//3336 3337//3337
f 3286//3286 3337//3337 3285//3285
f 3268//3268 3338//3338 3266//3266
f 3266//3266 3338//3338 3339//3339
f 3265//3265 3340//3340 3341//3341
f 3341//3341 3340//3340 3343//3343
f 3342//3342 3344//3344 3345//3345
f 3345//3345 3344//3344 3346//3346
f 3345//3345 3346//3346 3347//3347
f 3347//3347 3346//3346 3348//3348
f 3347//3347 3348//3348 3349//3349
f 3349//3349 3348//3348 3350//3350
f 3349//3349 3350//3350 3351//3351
f 3351//3351 3350//3350 3352//3352
f 3351//3351 3352//3352 3353//3353
f 3353//3353 3352//3352 3354//3354
f 3353//3353 3354//3354 3356//3356
f 3356//3356 3354//3354 3357//3357
f 3355//3355 3358//3358 3291//3291
f 3291//3291 3358//3358 3359//3359
f 3291//3291 3359//3359 3289//3289
f 3279//3279 3361//3361 3278//3278
f 3362//3362 3360//3360 3363//3363
f 3362//3362 3363//3363 3364//3364
f 3364//3364 3363//3363 3365//3365
f 3364//3364 3365//3365 3366//3366
f 3366//3366 3365//3365 3367//3367
f 3366//3366 3367//3367 3368//3368
f 3368//3368 3367//3367 3369//3369
f 3368//3368 3369//3369 3370//3370
f 3370//3370 3369//3369 3371//3371
f 3370//3370 3371//3371 3372//3372
f 3372//3372 3371//3371 3373//3373
f 3372//3372 3373//3373 3374//3374
f 3374//3374 3373//3373 3375//3375
f 3374//3374 3375//3375 3377//3377
f 3377//3377 3375//3375 3378//3378
f 3376//3376 3379//3379 3271//3271
f 3271//3271 3379//3379 3380//3380
f 3271//3271 3380//3380 3270//3270
f 3381//3381 3383//3383 3384//3384
f 3385//3385 3382//3382 3386//3386
f 3387//3387 3388//3388 3390//3390
f 3391//3391 3389//3389 3392//3392
f 3393//3393 3394//3394 3395//3395
f 3395//3395 3394//3394 3396//3396
f 3397//3397 3398//3398 3399//3399
f 3399//3399 3398//3398 3400//3400
f 3401//3401 3402//3402 3403//3403
f 3404//3404 3405//3405 3406//3406
f 3408//3408 3409//3409 3410//3410
f 3410//3410 3409//3409 3411//3411
f 2889//2889 2888//2888 3384//3384
f 3384//3384 2888//2888 3381//3381
f 3407//3407 3412//3412 2859//2859
f 2859//2859 3412//3412 2856//2856
f 3401//3401 3403//3403 3413//3413
f 3413//3413 3403//3403 3414//3414
f 3415//3415 3416//3416 3417//3417
f 3417//3417 3416//3416 3418//3418
f 3417//3417 3418//3418 3419//3419
f 3419//3419 3418//3418 3420//3420
f 3421//3421 3422//3422 3409//3409
f 3409//3409 3422//3422 3411//3411
f 981//981 980//980 3405//3405
f 3405//3405 980//980 3406//3406
f 3397//3397 3399//3399 951//951
f 951//951 3399//3399 949//949
f 3400//3400 3398//3398 3423//3423
f 3423//3423 3398//3398 3424//3424
f 3423//3423 3424//3424 3425//3425
f 3425//3425 3424//3424 3426//3426
f 3427//3427 3428//3428 3429//3429
f 3429//3429 3428//3428 3430//3430
f 3429//3429 3430//3430 3395//3395
f 3395//3395 3430//3430 3393//3393
f 2924//2924 2923//2923 3394//3394
f 3394//3394 2923//2923 3396//3396
f 67//67 65//65 2894//2894
f 2894//2894 65//65 2892//2892
f 2854//2854 2853//2853 60//60
f 60//60 2853//2853 62//62
f 3387//3387 3390//3390 3431//3431
f 3431//3431 3390//3390 3432//3432
f 3431//3431 3432//3432 3433//3433
f 3433//3433 3432//3432 3434//3434
f 3435//3435 3437//3437 3439//3439
f 3438//3438 3436//3436 3440//3440
f 3441//3441 3442//3442 3382//3382
f 3382//3382 3442//3442 3386//3386
f 3392//3392 3389//3389 2825//2825
f 2825//2825 3389//3389 2822//2822
f 3443//3443 3444//3444 3445//3445
f 3445//3445 3444//3444 3446//3446
f 3447//3447 3448//3448 3450//3450
f 3451//3451 3449//3449 3452//3452
f 3453//3453 3454//3454 3455//3455
f 3455//3455 3454//3454 3456//3456
f 3457//3457 3458//3458 3459//3459
f 3459//3459 3458//3458 3460//3460
f 3451//3451 3452//3452 3461//3461
f 3451//3451 3461//3461 3462//3462
f 3464//3464 3465//3465 3467//3467
f 3463//3463 3466//3466 3468//3468
f 3469//3469 3471//3471 3472//3472
f 3470//3470 3473//3473 3474//3474
f 3475//3475 3476//3476 2633//2633
f 3475//3475 2633//2633 2629//2629
f 3448//3448 3447//3447 3477//3477
f 3448//3448 3477//3477 3478//3478
f 3479//3479 3480//3480 3481//3481
f 3479//3479 3481//3481 3482//3482
f 3483//3483 3484//3484 1546//1546
f 3483//3483 1546//1546 1545//1545
f 1589//1589 1590//1590 3485//3485
f 1589//1589 3485//3485 3486//3486
f 3487//3487 3488//3488 3489//3489
f 3487//3487 3489//3489 3490//3490
f 3491//3491 3492//3492 3459//3459
f 3491//3491 3459//3459 3460//3460
f 2680//2680 2679//2679 3493//3493
f 2680//2680 3493//3493 3494//3494
f 3495//3495 3497//3497 3498//3498
f 3496//3496 3499//3499 3500//3500
f 3502//3502 3503//3503 3505//3505
f 3501//3501 3504//3504 3506//3506
f 3507//3507 3508//3508 3458//3458
f 3507//3507 3458//3458 3457//3457
f 540//540 541//541 3509//3509
f 540//540 3509//3509 3510//3510
f 3511//3511 3512//3512 3513//3513
f 3511//3511 3513//3513 3514//3514
f 3515//3515 3516//3516 3445//3445
f 3515//3515 3445//3445 3446//3446
f 2725//2725 2622//2622 3517//3517
f 2725//2725 3517//3517 3518//3518
f 3519//3519 3521//3521 3523//3523
f 3520//3520 3522//3522 3524//3524
f 3525//3525 3527//3527 3529//3529
f 3526//3526 3528//3528 3530//3530
f 3531//3531 3532//3532 3444//3444
f 3531//3531 3444//3444 3443//3443
f 3455//3455 3456//3456 3533//3533
f 3455//3455 3533//3533 3534//3534
f 3536//3536 3537//3537 3539//3539
f 3535//3535 3538//3538 3540//3540
f 3541//3541 3543//3543 3544//3544
f 3542//3542 3545//3545 3546//3546
f 3547//3547 3548//3548 2618//2618
f 3547//3547 2618//2618 2615//2615
f 3454//3454 3453//3453 3549//3549
f 3454//3454 3549//3549 3550//3550
f 3551//3551 3552//3552 3553//3553
f 3551//3551 3553//3553 3554//3554
f 3555//3555 3556//3556 543//543
f 3555//3555 543//543 542//542
f 3557//3557 3558//3558 3559//3559
f 3557//3557 3559//3559 3560//3560
f 3559//3559 3561//3561 3560//3560
f 3560//3560 3561//3561 3562//3562
f 3560//3560 3562//3562 3563//3563
f 3562//3562 3564//3564 3563//3563
f 3563//3563 3564//3564 3565//3565
f 3563//3563 3565//3565 3566//3566
f 3565//3565 3567//3567 3566//3566
f 3566//3566 3567//3567 3568//3568
f 3566//3566 3568//3568 3569//3569
f 3568//3568 3570//3570 3569//3569
f 3569//3569 3570//3570 3571//3571
f 3569//3569 3571//3571 3572//3572
f 3571//3571 3573//3573 3572//3572
f 3572//3572 3573//3573 3574//3574
f 3572//3572 3574//3574 3575//3575
f 3574//3574 3576//3576 3575//3575
f 3575//3575 3576//3576 3577//3577
f 3575//3575 3577//3577 3578//3578
f 3577//3577 3579//3579 3578//3578
f 3578//3578 3579//3579 3580//3580
f 3578//3578 3580//3580 3581//3581
f 3582//3582 3584//3584 3585//3585
f 3580//3580 3586//3586 3581//3581
f 3581//3581 3586//3586 3587//3587
f 3581//3581 3587//3587 3589//3589
f 3585//3585 3588//3588 3590//3590
f 3585//3585 3590//3590 3582//3582
f 3591//3591 3593//3593 3594//3594
f 3583//3583 3595//3595 3596//3596
f 3596//3596 3595//3595 3597//3597
f 3596//3596 3597//3597 3599//3599
f 3594//3594 3598//3598 3600//3600
f 3594//3594 3600//3600 3591//3591
f 3601//3601 3602//3602 3603//3603
f 3592//3592 3604//3604 3605//3605
f 3605//3605 3604//3604 3606//3606
f 3605//3605 3606//3606 3608//3608
f 3603//3603 3607//3607 3609//3609
f 3603//3603 3609//3609 3601//3601
f 3601//3601 3610//3610 3602//3602
f 3602//3602 3610//3610 3611//3611
f 3602//3602 3611//3611 3612//3612
f 3612//3612 3611//3611 3613//3613
f 3612//3612 3613//3613 3614//3614
f 3614//3614 3613//3613 3615//3615
f 3614//3614 3615//3615 3616//3616
f 3617//3617 3618//3618 3619//3619
f 3617//3617 3619//3619 3620//3620
f 3620//3620 3619//3619 3621//3621
f 3620//3620 3621//3621 3622//3622
f 3622//3622 3621//3621 3623//3623
f 3622//3622 3623//3623 3624//3624
f 3624//3624 3623//3623 3558//3558
f 3624//3624 3558//3558 3557//3557
f 3614//3614 3616//3616 3625//3625
f 3614//3614 3625//3625 3626//3626
f 3626//3626 3625//3625 3627//3627
f 3626//3626 3627//3627 3628//3628
f 3628//3628 3627//3627 3629//3629
f 3628//3628 3629//3629 3630//3630
f 3630//3630 3629//3629 3632//3632
f 3630//3630 3632//3632 3633//3633
f 3634//3634 3635//3635 3617//3617
f 3617//3617 3635//3635 3618//3618
f 3636//3636 3637//3637 3631//3631
f 3632//3632 3638//3638 3633//3633
f 3639//3639 3640//3640 3641//3641
f 3639//3639 3641//3641 3642//3642
f 3642//3642 3641//3641 3643//3643
f 3642//3642 3643//3643 3644//3644
f 3644//3644 3643//3643 3635//3635
f 3644//3644 3635//3635 3634//3634
f 3637//3637 3636//3636 3645//3645
f 3637//3637 3645//3645 3646//3646
f 3646//3646 3645//3645 3647//3647
f 3646//3646 3647//3647 3648//3648
f 3648//3648 3647//3647 3649//3649
f 3648//3648 3649//3649 3650//3650
f 3640//3640 3639//3639 3651//3651
f 3651//3651 3639//3639 3652//3652
f 3651//3651 3652//3652 3653//3653
f 3653//3653 3652//3652 3654//3654
f 3655//3655 3656//3656 3657//3657
f 3657//3657 3656//3656 3658//3658
f 3657//3657 3658//3658 3649//3649
f 3649//3649 3658//3658 3650//3650
f 3653//3653 3654//3654 3659//3659
f 3659//3659 3654//3654 3660//3660
f 3659//3659 3660//3660 3661//3661
f 3661//3661 3660//3660 3662//3662
f 3661//3661 3662//3662 3663//3663
f 3663//3663 3662//3662 3664//3664
f 3665//3665 3666//3666 3667//3667
f 3667//3667 3666//3666 3668//3668
f 3667//3667 3668//3668 3669//3669
f 3669//3669 3668//3668 3670//3670
f 3669//3669 3670//3670 3655//3655
f 3655//3655 3670//3670 3656//3656
f 3671//3671 3672//3672 3674//3674
f 3671//3671 3674//3674 3675//3675
f 3675//3675 3674//3674 3676//3676
f 3675//3675 3676//3676 3677//3677
f 3677//3677 3676//3676 3678//3678
f 3677//3677 3678//3678 3679//3679
f 3679//3679 3678//3678 3680//3680
f 3679//3679 3680//3680 3681//3681
f 3681//3681 3680//3680 3682//3682
f 3681//3681 3682//3682 3683//3683
f 3683//3683 3682//3682 3663//3663
f 3683//3683 3663//3663 3664//3664
f 3666//3666 3665//3665 3684//3684
f 3666//3666 3684//3684 3685//3685
f 3685//3685 3684//3684 3686//3686
f 3685//3685 3686//3686 3687//3687
f 3687//3687 3686//3686 3688//3688
f 3687//3687 3688//3688 3689//3689
f 3689//3689 3688//3688 3690//3690
f 3689//3689 3690//3690 3691//3691
f 3691//3691 3690//3690 3692//3692
f 3691//3691 3692//3692 3693//3693
f 3693//3693 3692//3692 3694//3694
f 3693//3693 3694//3694 3695//3695
f 3673//3673 3696//3696 3697//3697
f 3697//3697 3696//3696 3698//3698
f 3697//3697 3698//3698 3699//3699
f 3699//3699 3698//3698 3700//3700
f 3699//3699 3700//3700 3701//3701
f 3701//3701 3700//3700 3702//3702
f 3703//3703 3704//3704 3705//3705
f 3705//3705 3704//3704 3706//3706
f 3705//3705 3706//3706 3707//3707
f 3707//3707 3706//3706 3708//3708
f 3707//3707 3708//3708 3694//3694
f 3694//3694 3708//3708 3695//3695
f 3701//3701 3702//3702 3709//3709
f 3709//3709 3702//3702 3710//3710
f 3709//3709 3710//3710 3711//3711
f 3711//3711 3710//3710 3712//3712
f 3711//3711 3712//3712 3713//3713
f 3713//3713 3712//3712 3714//3714
f 3713//3713 3714//3714 3715//3715
f 3715//3715 3714//3714 3716//3716
f 3715//3715 3716//3716 3717//3717
f 3717//3717 3716//3716 3718//3718
f 3717//3717 3718//3718 3719//3719
f 3719//3719 3718//3718 3720//3720
f 3719//3719 3720//3720 3703//3703
f 3703//3703 3720//3720 3704//3704
f 3721//3721 3723//3723 3724//3724
f 3721//3721 3724//3724 3726//3726
f 3725//3725 3727//3727 3728//3728
f 3728//3728 3727//3727 3729//3729
f 3728//3728 3729//3729 3730//3730
f 3729//3729 3731//3731 3730//3730
f 3730//3730 3731//3731 3732//3732
f 3730//3730 3732//3732 3733//3733
f 3732//3732 3734//3734 3733//3733
f 3733//3733 3734//3734 3735//3735
f 3733//3733 3735//3735 3736//3736
f 3735//3735 3737//3737 3736//3736
f 3736//3736 3737//3737 3738//3738
f 3736//3736 3738//3738 3739//3739
f 3738//3738 3740//3740 3739//3739
f 3739//3739 3740//3740 3741//3741
f 3739//3739 3741//3741 3742//3742
f 3741//3741 3743//3743 3742//3742
f 3742//3742 3743//3743 3744//3744
f 3742//3742 3744//3744 3745//3745
f 3744//3744 3746//3746 3745//3745
f 3745//3745 3746//3746 3747//3747
f 3745//3745 3747//3747 3748//3748
f 3749//3749 3750//3750 3751//3751
f 3747//3747 3752//3752 3748//3748
f 3748//3748 3752//3752 3753//3753
f 3748//3748 3753//3753 3751//3751
f 3751//3751 3753//3753 3754//3754
f 3751//3751 3754//3754 3749//3749
f 3755//3755 3757//3757 3758//3758
f 3749//3749 3759//3759 3750//3750
f 3750//3750 3759//3759 3760//3760
f 3750//3750 3760//3760 3762//3762
f 3758//3758 3761//3761 3763//3763
f 3758//3758 3763//3763 3755//3755
f 3764//3764 3765//3765 3766//3766
f 3756//3756 3767//3767 3768//3768
f 3768//3768 3767//3767 3769//3769
f 3768//3768 3769//3769 3766//3766
f 3766//3766 3769//3769 3770//3770
f 3766//3766 3770//3770 3764//3764
f 3764//3764 3771//3771 3765//3765
f 3765//3765 3771//3771 3772//3772
f 3765//3765 3772//3772 3773//3773
f 3773//3773 3772//3772 3774//3774
f 3773//3773 3774//3774 3775//3775
f 3775//3775 3774//3774 3776//3776
f 3775//3775 3776//3776 3777//3777
f 3778//3778 3779//3779 3780//3780
f 3778//3778 3780//3780 3781//3781
f 3781//3781 3780//3780 3782//3782
f 3781//3781 3782//3782 3783//3783
f 3783//3783 3782//3782 3784//3784
f 3783//3783 3784//3784 3785//3785
f 3785//3785 3784//3784 3722//3722
f 3786//3786 3723//3723 3721//3721
f 3775//3775 3777//3777 3787//3787
f 3775//3775 3787//3787 3788//3788
f 3788//3788 3787//3787 3789//3789
f 3788//3788 3789//3789 3790//3790
f 3790//3790 3789//3789 3791//3791
f 3790//3790 3791//3791 3792//3792
f 3792//3792 3791//3791 3793//3793
f 3792//3792 3793//3793 3794//3794
f 3795//3795 3796//3796 3778//3778
f 3778//3778 3796//3796 3779//3779
f 3797//3797 3798//3798 3793//3793
f 3793//3793 3798//3798 3794//3794
f 3799//3799 3800//3800 3801//3801
f 3799//3799 3801//3801 3802//3802
f 3802//3802 3801//3801 3803//3803
f 3802//3802 3803//3803 3804//3804
f 3804//3804 3803//3803 3796//3796
f 3804//3804 3796//3796 3795//3795
f 3798//3798 3797//3797 3805//3805
f 3798//3798 3805//3805 3806//3806
f 3806//3806 3805//3805 3807//3807
f 3806//3806 3807//3807 3808//3808
f 3808//3808 3807//3807 3809//3809
f 3808//3808 3809//3809 3810//3810
f 3800//3800 3799//3799 3811//3811
f 3811//3811 3799//3799 3812//3812
f 3811//3811 3812//3812 3813//3813
f 3813//3813 3812//3812 3814//3814
f 3815//3815 3816//3816 3817//3817
f 3817//3817 3816//3816 3818//3818
f 3817//3817 3818//3818 3809//3809
f 3809//3809 3818//3818 3810//3810
f 3813//3813 3814//3814 3819//3819
f 3819//3819 3814//3814 3820//3820
f 3819//3819 3820//3820 3821//3821
f 3821//3821 3820//3820 3822//3822
f 3821//3821 3822//3822 3823//3823
f 3823//3823 3822//3822 3824//3824
f 3825//3825 3826//3826 3827//3827
f 3827//3827 3826//3826 3828//3828
f 3827//3827 3828//3828 3829//3829
f 3829//3829 3828//3828 3830//3830
f 3829//3829 3830//3830 3815//3815
f 3815//3815 3830//3830 3816//3816
f 3831//3831 3832//3832 3833//3833
f 3831//3831 3833//3833 3834//3834
f 3834//3834 3833//3833 3835//3835
f 3834//3834 3835//3835 3836//3836
f 3836//3836 3835//3835 3837//3837
f 3836//3836 3837//3837 3838//3838
f 3838//3838 3837//3837 3839//3839
f 3838//3838 3839//3839 3840//3840
f 3840//3840 3839//3839 3841//3841
f 3840//3840 3841//3841 3842//3842
f 3842//3842 3841//3841 3823//3823
f 3842//3842 3823//3823 3824//3824
f 3826//3826 3825//3825 3843//3843
f 3826//3826 3843//3843 3844//3844
f 3844//3844 3843//3843 3845//3845
f 3844//3844 3845//3845 3846//3846
f 3846//3846 3845//3845 3847//3847
f 3846//3846 3847//3847 3848//3848
f 3848//3848 3847//3847 3849//3849
f 3848//3848 3849//3849 3850//3850
f 3850//3850 3849//3849 3851//3851
f 3850//3850 3851//3851 3852//3852
f 3852//3852 3851//3851 3853//3853
f 3852//3852 3853//3853 3854//3854
f 3832//3832 3831//3831 3855//3855
f 3855//3855 3831//3831 3856//3856
f 3855//3855 3856//3856 3857//3857
f 3857//3857 3856//3856 3858//3858
f 3857//3857 3858//3858 3859//3859
f 3859//3859 3858//3858 3860//3860
f 3861//3861 3862//3862 3863//3863
f 3863//3863 3862//3862 3864//3864
f 3863//3863 3864//3864 3865//3865
f 3865//3865 3864//3864 3866//3866
f 3865//3865 3866//3866 3853//3853
f 3853//3853 3866//3866 3854//3854
f 3859//3859 3860//3860 3867//3867
f 3867//3867 3860//3860 3868//3868
f 3867//3867 3868//3868 3869//3869
f 3869//3869 3868//3868 3870//3870
f 3869//3869 3870//3870 3871//3871
f 3871//3871 3870//3870 3872//3872
f 3871//3871 3872//3872 3873//3873
f 3873//3873 3872//3872 3874//3874
f 3873//3873 3874//3874 3875//3875
f 3875//3875 3874//3874 3876//3876
f 3875//3875 3876//3876 3877//3877
f 3877//3877 3876//3876 3878//3878
f 3877//3877 3878//3878 3861//3861
f 3861//3861 3878//3878 3862//3862
f 3879//3879 3880//3880 3883//3883
f 3882//3882 3881//3881 3885//3885
f 3883//3883 3884//3884 3886//3886
f 3886//3886 3884//3884 3887//3887
f 3886//3886 3887//3887 3888//3888
f 3888//3888 3887//3887 3889//3889
f 3888//3888 3889//3889 3890//3890
f 3890//3890 3889//3889 3891//3891
f 3890//3890 3891//3891 3892//3892
f 3892//3892 3891//3891 3894//3894
f 3892//3892 3894//3894 3895//3895
f 3896//3896 3893//3893 3898//3898
f 3895//3895 3899//3899 3901//3901
f 3900//3900 3897//3897 3903//3903
f 3901//3901 3902//3902 3907//3907
f 3905//3905 3904//3904 3909//3909
f 3906//3906 3910//3910 3911//3911
f 3912//3912 3908//3908 3913//3913
f 3912//3912 3913//3913 3914//3914
f 3914//3914 3913//3913 3915//3915
f 3914//3914 3915//3915 3916//3916
f 3916//3916 3915//3915 3917//3917
f 3916//3916 3917//3917 3879//3879
f 3879//3879 3917//3917 3880//3880
f 3918//3918 3919//3919 3921//3921
f 3922//3922 3920//3920 3923//3923
f 3924//3924 3926//3926 3927//3927
f 3928//3928 3925//3925 3929//3929
f 3930//3930 3931//3931 3933//3933
f 3934//3934 3932//3932 3935//3935
f 3936//3936 3937//3937 3938//3938
f 3938//3938 3937//3937 3939//3939
f 3940//3940 3941//3941 3943//3943
f 3944//3944 3942//3942 3945//3945
f 3946//3946 3948//3948 3950//3950
f 3949//3949 3947//3947 3951//3951
f 3952//3952 3954//3954 3956//3956
f 3955//3955 3953//3953 3957//3957
f 3958//3958 3960//3960 3962//3962
f 3961//3961 3959//3959 3963//3963
f 3964//3964 3965//3965 3967//3967
f 3968//3968 3966//3966 3969//3969
f 3970//3970 3971//3971 3973//3973
f 3974//3974 3972//3972 3975//3975
f 3976//3976 3977//3977 3979//3979
f 3980//3980 3978//3978 3981//3981
f 3982//3982 3983//3983 3986//3986
f 3985//3985 3984//3984 3987//3987
f 3988//3988 3991//3991 3992//3992
f 3992//3992 3991//3991 3993//3993
f 3992//3992 3993//3993 3994//3994
f 3994//3994 3993//3993 3995//3995
f 3994//3994 3995//3995 3996//3996
f 3996//3996 3995//3995 3997//3997
f 3996//3996 3997//3997 3998//3998
f 3998//3998 3997//3997 4000//4000
f 3998//3998 4000//4000 4001//4001
f 4002//4002 3999//3999 4005//4005
f 4001//4001 4004//4004 4007//4007
f 4006//4006 4003//4003 4008//4008
f 4007//4007 4009//4009 4013//4013
f 4012//4012 4010//4010 4016//4016
f 4011//4011 4015//4015 4017//4017
f 4018//4018 4014//4014 4019//4019
f 4018//4018 4019//4019 4020//4020
f 4020//4020 4019//4019 4021//4021
f 4020//4020 4021//4021 4022//4022
f 4022//4022 4021//4021 4023//4023
f 4022//4022 4023//4023 4024//4024
f 4024//4024 4023//4023 4026//4026
f 4024//4024 4026//4026 3988//3988
f 3989//3989 4025//4025 3990//3990
f 4027//4027 4029//4029 4030//4030
f 4031//4031 4028//4028 4032//4032
f 4033//4033 4035//4035 4037//4037
f 4036//4036 4034//4034 4038//4038
f 4039//4039 4041//4041 4042//4042
f 4043//4043 4040//4040 4044//4044
f 4045//4045 4047//4047 4049//4049
f 4048//4048 4046//4046 4050//4050
f 4051//4051 4052//4052 4055//4055
f 4054//4054 4053//4053 4056//4056
f 4057//4057 4058//4058 4061//4061
f 4060//4060 4059//4059 4062//4062
f 4063//4063 4065//4065 4066//4066
f 4067//4067 4064//4064 4068//4068
f 4069//4069 4070//4070 4073//4073
f 4072//4072 4071//4071 4074//4074
f 4075//4075 4076//4076 4077//4077
f 4077//4077 4076//4076 4078//4078
f 4079//4079 4081//4081 4082//4082
f 4083//4083 4080//4080 4084//4084
f 4085//4085 4087//4087 4088//4088
f 4089//4089 4086//4086 4090//4090
f 4091//4091 4093//4093 4094//4094
f 4095//4095 4092//4092 4096//4096
f 4097//4097 4098//4098 4099//4099
f 4099//4099 4098//4098 4100//4100
f 4099//4099 4100//4100 4101//4101
f 4101//4101 4100//4100 4102//4102
f 4101//4101 4102//4102 4104//4104
f 4105//4105 4103//4103 4106//4106
f 4104//4104 4107//4107 4108//4108
f 4108//4108 4107//4107 4109//4109
f 4108//4108 4109//4109 4110//4110
f 4110//4110 4109//4109 4111//4111
f 4110//4110 4111//4111 4112//4112
f 4112//4112 4111//4111 4113//4113
f 4112//4112 4113//4113 4114//4114
f 4114//4114 4113//4113 4116//4116
f 4114//4114 4116//4116 4118//4118
f 4117//4117 4115//4115 4120//4120
f 4118//4118 4119//4119 4122//4122
f 4123//4123 4121//4121 4125//4125
f 4122//4122 4126//4126 4129//4129
f 4127//4127 4124//4124 4130//4130
f 4128//4128 4132//4132 4134//4134
f 4133//4133 4131//4131 4135//4135
f 4133//4133 4135//4135 4097//4097
f 4097//4097 4135//4135 4098//4098
f 4136//4136 4138//4138 4140//4140
f 4139//4139 4137//4137 4141//4141
f 4142//4142 4144//4144 4146//4146
f 4145//4145 4143//4143 4147//4147
f 4148//4148 4150//4150 4152//4152
f 4151//4151 4149//4149 4153//4153
f 4154//4154 4156//4156 4158//4158
f 4157//4157 4155//4155 4159//4159
f 4160//4160 4162//4162 4164//4164
f 4163//4163 4161//4161 4165//4165
f 4166//4166 4168//4168 4169//4169
f 4170//4170 4167//4167 4171//4171
f 4172//4172 4173//4173 4176//4176
f 4175//4175 4174//4174 4177//4177
f 4178//4178 4180//4180 4181//4181
f 4182//4182 4179//4179 4183//4183
f 4184//4184 4186//4186 4188//4188
f 4187//4187 4185//4185 4189//4189
f 4190//4190 4191//4191 4192//4192
f 4192//4192 4191//4191 4193//4193
f 4194//4194 4195//4195 4198//4198
f 4197//4197 4196//4196 4199//4199
f 4200//4200 4201//4201 4204//4204
f 4203//4203 4202//4202 4205//4205
f 4206//4206 4209//4209 4212//4212
f 4211//4211 4208//4208 4215//4215
f 4212//4212 4213//4213 4216//4216
f 4217//4217 4214//4214 4219//4219
f 4218//4218 4221//4221 4222//4222
f 4223//4223 4220//4220 4224//4224
f 4223//4223 4224//4224 4225//4225
f 4225//4225 4224//4224 4226//4226
f 4225//4225 4226//4226 4227//4227
f 4227//4227 4226//4226 4228//4228
f 4227//4227 4228//4228 4229//4229
f 4229//4229 4228//4228 4230//4230
f 4229//4229 4230//4230 4233//4233
f 4232//4232 4231//4231 4235//4235
f 4233//4233 4234//4234 4236//4236
f 4236//4236 4234//4234 4237//4237
f 4236//4236 4237//4237 4238//4238
f 4238//4238 4237//4237 4239//4239
f 4238//4238 4239//4239 4240//4240
f 4240//4240 4239//4239 4241//4241
f 4240//4240 4241//4241 4242//4242
f 4242//4242 4241//4241 4243//4243
f 4242//4242 4243//4243 4206//4206
f 4207//4207 4244//4244 4210//4210
f 4245//4245 4247//4247 4248//4248
f 4249//4249 4246//4246 4250//4250
f 4251//4251 4253//4253 4255//4255
f 4254//4254 4252//4252 4256//4256
f 4257//4257 4258//4258 4259//4259
f 4259//4259 4258//4258 4260//4260
f 4261//4261 4263//4263 4264//4264
f 4265//4265 4262//4262 4266//4266
f 4267//4267 4269//4269 4271//4271
f 4270//4270 4268//4268 4272//4272
f 4273//4273 4274//4274 4277//4277
f 4276//4276 4275//4275 4278//4278
f 4279//4279 4280//4280 4283//4283
f 4282//4282 4281//4281 4284//4284
f 4285//4285 4286//4286 4289//4289
f 4288//4288 4287//4287 4290//4290
f 4291//4291 4292//4292 4294//4294
f 4295//4295 4293//4293 4296//4296
f 4297//4297 4298//4298 4301//4301
f 4300//4300 4299//4299 4302//4302
f 4303//4303 4305//4305 4307//4307
f 4306//4306 4304//4304 4308//4308
f 4309//4309 4311//4311 4313//4313
f 4312//4312 4310//4310 4314//4314
f 4316//4316 4317//4317 4319//4319
f 4319//4319 4317//4317 4320//4320
f 4318//4318 4321//4321 4323//4323
f 4323//4323 4321//4321 4324//4324
f 4322//4322 4325//4325 4326//4326
f 4326//4326 4325//4325 4328//4328
f 4327//4327 4329//4329 4331//4331
f 4331//4331 4329//4329 4332//4332
f 4330//4330 4333//4333 4335//4335
f 4335//4335 4333//4333 4336//4336
f 4334//4334 4337//4337 4339//4339
f 4339//4339 4337//4337 4340//4340
f 4338//4338 4341//4341 4342//4342
f 4342//4342 4341//4341 4344//4344
f 4343//4343 4345//4345 4346//4346
f 4346//4346 4345//4345 4347//4347
f 4346//4346 4347//4347 4348//4348
f 4348//4348 4347//4347 4349//4349
f 4348//4348 4349//4349 4350//4350
f 4350//4350 4349//4349 4351//4351
f 4350//4350 4351//4351 4352//4352
f 4352//4352 4351//4351 4353//4353
f 4352//4352 4353//4353 4315//4315
f 4315//4315 4353//4353 4354//4354
f 4356//4356 4357//4357 4358//4358
f 4358//4358 4357//4357 4360//4360
f 4359//4359 4361//4361 4362//4362
f 4362//4362 4361//4361 4364//4364
f 4363//4363 4365//4365 4366//4366
f 4366//4366 4365//4365 4368//4368
f 4367//4367 4369//4369 4370//4370
f 4370//4370 4369//4369 4372//4372
f 4371//4371 4373//4373 4374//4374
f 4374//4374 4373//4373 4375//4375
f 4374//4374 4375//4375 4376//4376
f 4376//4376 4375//4375 4377//4377
f 4376//4376 4377//4377 4378//4378
f 4378//4378 4377//4377 4379//4379
f 4378//4378 4379//4379 4380//4380
f 4380//4380 4379//4379 4381//4381
f 4380//4380 4381//4381 4382//4382
f 4382//4382 4381//4381 4383//4383
f 4382//4382 4383//4383 4384//4384
f 4384//4384 4383//4383 4385//4385
f 4384//4384 4385//4385 4386//4386
f 4386//4386 4385//4385 4387//4387
f 4386//4386 4387//4387 4355//4355
f 4355//4355 4387//4387 4388//4388
f 4389//4389 4390//4390 4391//4391
f 4391//4391 4390//4390 4392//4392
f 4391//4391 4392//4392 4393//4393
f 4393//4393 4392//4392 4394//4394
f 4393//4393 4394//4394 4395//4395
f 4395//4395 4394//4394 4396//4396
f 4395//4395 4396//4396 4397//4397
f 4397//4397 4396//4396 4398//4398
f 4397//4397 4398//4398 4400//4400
f 4400//4400 4398//4398 4401//4401
f 4399//4399 4402//4402 4403//4403
f 4403//4403 4402//4402 4405//4405
f 4404//4404 4406//4406 4408//4408
f 4408//4408 4406//4406 4409//4409
f 4407//4407 4410//4410 4412//4412
f 4412//4412 4410//4410 4413//4413
f 4411//4411 4414//4414 4416//4416
f 4416//4416 4414//4414 4417//4417
f 4415//4415 4418//4418 4419//4419
f 4419//4419 4418//4418 4420//4420
f 4419//4419 4420//4420 4422//4422
f 4421//4421 4423//4423 4424//4424
f 4421//4421 4424//4424 4389//4389
f 4389//4389 4424//4424 4390//4390
f 4425//4425 4426//4426 4427//4427
f 4427//4427 4426//4426 4428//4428
f 4427//4427 4428//4428 4429//4429
f 4429//4429 4428//4428 4430//4430
f 4429//4429 4430//4430 4431//4431
f 4431//4431 4430//4430 4432//4432
f 4431//4431 4432//4432 4433//4433
f 4433//4433 4432//4432 4435//4435
f 4434//4434 4436//4436 4437//4437
f 4437//4437 4436//4436 4438//4438
f 4437//4437 4438//4438 4439//4439
f 4439//4439 4438//4438 4440//4440
f 4439//4439 4440//4440 4441//4441
f 4441//4441 4440//4440 4443//4443
f 4442//4442 4444//4444 4445//4445
f 4445//4445 4444//4444 4447//4447
f 4446//4446 4448//4448 4449//4449
f 4449//4449 4448//4448 4450//4450
f 4449//4449 4450//4450 4451//4451
f 4451//4451 4450//4450 4452//4452
f 4451//4451 4452//4452 4453//4453
f 4453//4453 4452//4452 4454//4454
f 4453//4453 4454//4454 4425//4425
f 4425//4425 4454//4454 4426//4426
f 4455//4455 4456//4456 4457//4457
f 4457//4457 4456//4456 4458//4458
f 4459//4459 4460//4460 4461//4461
f 4461//4461 4460//4460 4462//4462
f 4463//4463 4464//4464 4465//4465
f 4465//4465 4464//4464 4466//4466
f 4467//4467 4468//4468 4469//4469
f 4469//4469 4468//4468 4471//4471
f 4472//4472 4470//4470 4473//4473
f 4473//4473 4470//4470 4474//4474
f 4475//4475 4476//4476 4477//4477
f 4477//4477 4476//4476 4479//4479
f 4477//4477 4479//4479 4480//4480
f 4481//4481 4478//4478 4483//4483
f 4484//4484 4486//4486 4487//4487
f 4482//4482 4479//4479 4490//4490
f 4490//4490 4479//4479 4484//4484
f 4489//4489 4485//4485 4492//4492
f 4493//4493 4484//4484 4487//4487
f 4491//4491 4488//4488 4494//4494
f 4472//4472 4473//4473 4495//4495
f 4495//4495 4473//4473 4496//4496
f 4497//4497 4498//4498 4500//4500
f 4501//4501 4499//4499 4502//4502
f 4503//4503 4505//4505 4506//4506
f 4507//4507 4504//4504 64//64
f 4474//4474 4470//4470 4508//4508
f 4508//4508 4470//4470 4509//4509
f 4510//4510 4512//4512 4514//4514
f 4513//4513 4511//4511 4515//4515
f 4516//4516 4518//4518 4520//4520
f 4519//4519 4517//4517 58//58
f 4465//4465 4466//4466 4521//4521
f 4465//4465 4521//4521 4522//4522
f 4524//4524 4525//4525 4526//4526
f 4523//4523 4527//4527 4528//4528
f 4529//4529 4530//4530 4531//4531
f 4529//4529 4531//4531 4532//4532
f 4532//4532 4531//4531 4456//4456
f 4532//4532 4456//4456 4455//4455
f 4457//4457 4458//4458 4533//4533
f 4457//4457 4533//4533 4534//4534
f 4534//4534 4533//4533 4535//4535
f 4534//4534 4535//4535 4536//4536
f 4537//4537 4538//4538 4539//4539
f 4537//4537 4539//4539 4540//4540
f 4540//4540 4539//4539 4460//4460
f 4540//4540 4460//4460 4459//4459
f 4541//4541 4542//4542 4543//4543
f 4543//4543 4542//4542 4544//4544
f 4542//4542 4541//4541 4545//4545
f 4542//4542 4545//4545 4546//4546
f 4546//4546 4545//4545 4547//4547
f 4546//4546 4547//4547 4548//4548
f 4548//4548 4547//4547 4549//4549
f 4548//4548 4549//4549 4550//4550
f 4550//4550 4549//4549 4551//4551
f 4550//4550 4551//4551 4552//4552
f 4553//4553 4554//4554 4555//4555
f 4553//4553 4555//4555 4556//4556
f 4556//4556 4555//4555 4557//4557
f 4556//4556 4557//4557 4558//4558
f 4558//4558 4557//4557 4559//4559
f 4558//4558 4559//4559 4560//4560
f 4560//4560 4559//4559 4543//4543
f 4560//4560 4543//4543 4544//4544
f 4561//4561 4562//4562 4551//4551
f 4551//4551 4562//4562 4552//4552
f 4563//4563 4564//4564 4553//4553
f 4553//4553 4564//4564 4554//4554
f 4565//4565 4567//4567 4568//4568
f 4569//4569 4566//4566 4570//4570

