mtllib material.mtl
usemtl Material-塑胶__2__039-material
v 0.00350000 -0.07250000 0.06660000
v 0.00350000 -0.07250000 0.06555000
v 0.00350000 0.07250000 0.06660000
v 0.00350000 0.07250000 0.06555000
v 0.00250000 0.07250000 0.06505000
v 0.00350000 0.07250000 0.06555000
v 0.00350000 0.07250000 0.06555000
v 0.00250000 -0.07250000 0.06505000
v 0.00250000 -0.07250000 0.06505000
v 0.00350000 -0.07250000 0.06555000
v 0.00250000 0.07250000 0.06455000
v 0.00250000 0.07250000 0.06505000
v 0.00250000 0.07250000 0.06505000
v 0.00250000 -0.07250000 0.06455000
v 0.00250000 -0.07250000 0.06455000
v 0.00250000 -0.07250000 0.06505000
v 0.00350000 0.07250000 0.06405000
v 0.00250000 0.07250000 0.06455000
v 0.00250000 0.07250000 0.06455000
v 0.00350000 -0.07250000 0.06405000
v 0.00350000 -0.07250000 0.06405000
v 0.00250000 -0.07250000 0.06455000
v 0.00350000 0.07250000 0.06220000
v 0.00350000 0.07250000 0.06405000
v 0.00350000 -0.07250000 0.06220000
v 0.00350000 -0.07250000 0.06405000
v -0.00060000 0.03646100 0.06200000
v -0.00060000 0.03646100 0.06200000
v -0.00000000 0.03630000 0.06200000
v -0.00000000 0.03630000 0.06200000
v -0.00000000 0.03630000 0.06200000
v -0.00225000 0.03000000 0.06200000
v -0.00225000 0.03000000 0.06200000
v -0.00225000 0.03000000 0.06200000
v -0.00225000 0.03000000 0.06200000
v -0.00225000 0.03000000 0.06200000
v -0.00225000 0.03000000 0.06200000
v -0.00225000 0.03000000 0.06200000
v -0.00225000 0.03000000 0.06200000
v -0.00225000 0.03000000 0.06200000
v -0.00225000 0.03000000 0.06200000
v -0.00060000 -0.00853900 0.06200000
v -0.00060000 -0.00853900 0.06200000
v 0.00000000 -0.00870000 0.06200000
v 0.00000000 -0.00870000 0.06200000
v 0.00000000 -0.00870000 0.06200000
v -0.00225000 -0.01500000 0.06200000
v -0.00225000 -0.01500000 0.06200000
v -0.00225000 -0.01500000 0.06200000
v -0.00225000 -0.01500000 0.06200000
v -0.00225000 -0.01500000 0.06200000
v -0.00225000 -0.01500000 0.06200000
v -0.00225000 -0.01500000 0.06200000
v -0.00225000 -0.01500000 0.06200000
v -0.00060000 -0.03853900 0.06200000
v -0.00060000 -0.03853900 0.06200000
v 0.00000000 -0.03870000 0.06200000
v 0.00000000 -0.03870000 0.06200000
v -0.00225000 -0.04500000 0.06200000
v -0.00225000 -0.04500000 0.06200000
v -0.00225000 -0.04500000 0.06200000
v -0.00225000 -0.04500000 0.06200000
v -0.00225000 -0.04500000 0.06200000
v -0.00225000 -0.04500000 0.06200000
v -0.00225000 -0.04500000 0.06200000
v -0.00225000 -0.04500000 0.06200000
v -0.00060000 -0.06853900 0.06200000
v -0.00060000 -0.06853900 0.06200000
v 0.00000000 -0.06870000 0.06200000
v 0.00000000 -0.06870000 0.06200000
v 0.00000000 -0.06870000 0.06200000
v -0.00225000 -0.07250000 0.06200000
v -0.00225000 -0.07250000 0.06200000
v -0.00225000 -0.07250000 0.06200000
v -0.00225000 -0.07250000 0.06200000
v -0.00330000 -0.06000000 0.06200000
v -0.00225000 -0.06000000 0.06200000
v -0.00225000 -0.06000000 0.06200000
v -0.00225000 -0.06000000 0.06200000
v -0.00225000 -0.06000000 0.06200000
v -0.00225000 -0.06000000 0.06200000
v -0.00225000 -0.06000000 0.06200000
v -0.00225000 -0.06000000 0.06200000
v -0.00330000 -0.07250000 0.06200000
v -0.00225000 -0.07250000 0.06200000
v -0.00330000 -0.03000000 0.06200000
v -0.00225000 -0.03000000 0.06200000
v -0.00225000 -0.03000000 0.06200000
v -0.00225000 -0.03000000 0.06200000
v -0.00225000 -0.03000000 0.06200000
v -0.00225000 -0.03000000 0.06200000
v -0.00225000 -0.03000000 0.06200000
v -0.00225000 -0.03000000 0.06200000
v -0.00330000 -0.04500000 0.06200000
v -0.00330000 0.07250000 0.06200000
v -0.00225000 0.07250000 0.06200000
v -0.00330000 0.07060000 0.06200000
v -0.00225000 0.07060000 0.06200000
v -0.00225000 0.07060000 0.06200000
v -0.00225000 0.07060000 0.06200000
v -0.00225000 0.07060000 0.06200000
v -0.00330000 0.06000000 0.06200000
v -0.00225000 0.06000000 0.06200000
v -0.00225000 0.06000000 0.06200000
v -0.00225000 0.06000000 0.06200000
v -0.00225000 0.06000000 0.06200000
v -0.00225000 0.06000000 0.06200000
v -0.00225000 0.06000000 0.06200000
v -0.00225000 0.06000000 0.06200000
v -0.00330000 0.04500000 0.06200000
v -0.00225000 0.04500000 0.06200000
v -0.00225000 0.04500000 0.06200000
v -0.00225000 0.04500000 0.06200000
v -0.00225000 0.04500000 0.06200000
v -0.00225000 0.04500000 0.06200000
v -0.00225000 0.04500000 0.06200000
v -0.00225000 0.04500000 0.06200000
v -0.00225000 0.04500000 0.06200000
v -0.00330000 0.03000000 0.06200000
v -0.00330000 -0.00000000 0.06200000
v -0.00225000 -0.00000000 0.06200000
v -0.00225000 -0.00000000 0.06200000
v -0.00225000 -0.00000000 0.06200000
v -0.00225000 -0.00000000 0.06200000
v -0.00225000 -0.00000000 0.06200000
v -0.00225000 -0.00000000 0.06200000
v -0.00225000 -0.00000000 0.06200000
v -0.00330000 -0.01500000 0.06200000
v 0.00103900 -0.06810000 0.06200000
v 0.00103900 -0.06810000 0.06200000
v 0.00120000 -0.06750000 0.06200000
v 0.00120000 -0.06750000 0.06200000
v 0.00120000 -0.06750000 0.06200000
v 0.00330000 -0.07250000 0.06200000
v 0.00330000 -0.07250000 0.06200000
v 0.00330000 -0.07250000 0.06200000
v 0.00330000 -0.07250000 0.06200000
v 0.00330000 -0.06000000 0.06200000
v 0.00330000 -0.06000000 0.06200000
v 0.00330000 -0.06000000 0.06200000
v 0.00330000 -0.06000000 0.06200000
v 0.00330000 -0.06000000 0.06200000
v 0.00330000 -0.06000000 0.06200000
v 0.00330000 -0.06000000 0.06200000
v 0.00330000 -0.06000000 0.06200000
v 0.00060000 -0.06853900 0.06200000
v 0.00060000 -0.06853900 0.06200000
v 0.00103900 -0.06690000 0.06200000
v 0.00103900 -0.06690000 0.06200000
v 0.00060000 -0.06646100 0.06200000
v 0.00060000 -0.06646100 0.06200000
v 0.00060000 -0.06646100 0.06200000
v 0.00000000 -0.06630000 0.06200000
v 0.00000000 -0.06630000 0.06200000
v -0.00060000 -0.06646100 0.06200000
v -0.00060000 -0.06646100 0.06200000
v -0.00103900 -0.06690000 0.06200000
v -0.00103900 -0.06690000 0.06200000
v -0.00120000 -0.06750000 0.06200000
v -0.00120000 -0.06750000 0.06200000
v -0.00120000 -0.06750000 0.06200000
v -0.00103900 -0.06810000 0.06200000
v -0.00103900 -0.06810000 0.06200000
v 0.00103900 -0.05190000 0.06200000
v 0.00103900 -0.05190000 0.06200000
v 0.00060000 -0.05146100 0.06200000
v 0.00060000 -0.05146100 0.06200000
v 0.00330000 -0.04500000 0.06200000
v 0.00330000 -0.04500000 0.06200000
v 0.00330000 -0.04500000 0.06200000
v 0.00330000 -0.04500000 0.06200000
v 0.00330000 -0.04500000 0.06200000
v 0.00330000 -0.04500000 0.06200000
v -0.00103900 -0.05190000 0.06200000
v -0.00103900 -0.05190000 0.06200000
v -0.00120000 -0.05250000 0.06200000
v -0.00120000 -0.05250000 0.06200000
v -0.00120000 -0.05250000 0.06200000
v -0.00103900 -0.05310000 0.06200000
v -0.00103900 -0.05310000 0.06200000
v 0.00000000 -0.05130000 0.06200000
v 0.00000000 -0.05130000 0.06200000
v -0.00060000 -0.05146100 0.06200000
v -0.00060000 -0.05146100 0.06200000
v 0.00120000 -0.05250000 0.06200000
v 0.00120000 -0.05250000 0.06200000
v 0.00120000 -0.05250000 0.06200000
v 0.00103900 -0.05310000 0.06200000
v 0.00103900 -0.05310000 0.06200000
v -0.00060000 -0.05353900 0.06200000
v -0.00060000 -0.05353900 0.06200000
v 0.00000000 -0.05370000 0.06200000
v 0.00000000 -0.05370000 0.06200000
v 0.00000000 -0.05370000 0.06200000
v 0.00060000 -0.05353900 0.06200000
v 0.00060000 -0.05353900 0.06200000
v 0.00060000 -0.03853900 0.06200000
v 0.00060000 -0.03853900 0.06200000
v 0.00103900 -0.03810000 0.06200000
v 0.00103900 -0.03810000 0.06200000
v 0.00120000 -0.03750000 0.06200000
v 0.00120000 -0.03750000 0.06200000
v 0.00120000 -0.03750000 0.06200000
v 0.00330000 -0.03000000 0.06200000
v 0.00330000 -0.03000000 0.06200000
v 0.00330000 -0.03000000 0.06200000
v 0.00330000 -0.03000000 0.06200000
v 0.00330000 -0.03000000 0.06200000
v 0.00330000 -0.03000000 0.06200000
v 0.00103900 -0.03690000 0.06200000
v 0.00103900 -0.03690000 0.06200000
v 0.00060000 -0.03646100 0.06200000
v 0.00060000 -0.03646100 0.06200000
v 0.00060000 -0.03646100 0.06200000
v 0.00000000 -0.03630000 0.06200000
v 0.00000000 -0.03630000 0.06200000
v -0.00060000 -0.03646100 0.06200000
v -0.00060000 -0.03646100 0.06200000
v -0.00103900 -0.03690000 0.06200000
v -0.00103900 -0.03690000 0.06200000
v -0.00120000 -0.03750000 0.06200000
v -0.00120000 -0.03750000 0.06200000
v -0.00120000 -0.03750000 0.06200000
v -0.00103900 -0.03810000 0.06200000
v -0.00103900 -0.03810000 0.06200000
v -0.00103900 -0.02190000 0.06200000
v -0.00103900 -0.02190000 0.06200000
v -0.00120000 -0.02250000 0.06200000
v -0.00120000 -0.02250000 0.06200000
v -0.00120000 -0.02250000 0.06200000
v -0.00103900 -0.02310000 0.06200000
v -0.00103900 -0.02310000 0.06200000
v 0.00060000 -0.02353900 0.06200000
v 0.00000000 -0.02370000 0.06200000
v 0.00000000 -0.02370000 0.06200000
v -0.00060000 -0.02353900 0.06200000
v 0.00103900 -0.02310000 0.06200000
v 0.00103900 -0.02310000 0.06200000
v 0.00120000 -0.02250000 0.06200000
v 0.00120000 -0.02250000 0.06200000
v 0.00120000 -0.02250000 0.06200000
v 0.00330000 -0.01500000 0.06200000
v 0.00330000 -0.01500000 0.06200000
v 0.00330000 -0.01500000 0.06200000
v 0.00330000 -0.01500000 0.06200000
v 0.00330000 -0.01500000 0.06200000
v 0.00330000 -0.01500000 0.06200000
v 0.00330000 -0.01500000 0.06200000
v 0.00330000 -0.01500000 0.06200000
v 0.00103900 -0.02190000 0.06200000
v 0.00103900 -0.02190000 0.06200000
v 0.00060000 -0.02146100 0.06200000
v 0.00060000 -0.02146100 0.06200000
v 0.00060000 -0.02146100 0.06200000
v 0.00000000 -0.02130000 0.06200000
v 0.00000000 -0.02130000 0.06200000
v -0.00060000 -0.02146100 0.06200000
v -0.00060000 -0.02146100 0.06200000
v 0.00060000 -0.00853900 0.06200000
v 0.00060000 -0.00853900 0.06200000
v 0.00103900 -0.00810000 0.06200000
v 0.00103900 -0.00810000 0.06200000
v 0.00120000 -0.00750000 0.06200000
v 0.00120000 -0.00750000 0.06200000
v 0.00120000 -0.00750000 0.06200000
v 0.00330000 0.00000000 0.06200000
v 0.00330000 0.00000000 0.06200000
v 0.00330000 0.00000000 0.06200000
v 0.00330000 0.00000000 0.06200000
v 0.00330000 0.00000000 0.06200000
v 0.00330000 0.00000000 0.06200000
v 0.00103900 -0.00690000 0.06200000
v 0.00103900 -0.00690000 0.06200000
v 0.00060000 -0.00646100 0.06200000
v 0.00060000 -0.00646100 0.06200000
v 0.00060000 -0.00646100 0.06200000
v 0.00000000 -0.00630000 0.06200000
v 0.00000000 -0.00630000 0.06200000
v -0.00060000 -0.00646100 0.06200000
v -0.00060000 -0.00646100 0.06200000
v -0.00103900 -0.00690000 0.06200000
v -0.00103900 -0.00690000 0.06200000
v -0.00120000 -0.00750000 0.06200000
v -0.00120000 -0.00750000 0.06200000
v -0.00120000 -0.00750000 0.06200000
v -0.00103900 -0.00810000 0.06200000
v -0.00103900 -0.00810000 0.06200000
v -0.00103900 0.00690000 0.06200000
v -0.00103900 0.00690000 0.06200000
v -0.00060000 0.00646100 0.06200000
v -0.00060000 0.00646100 0.06200000
v -0.00000000 0.00630000 0.06200000
v -0.00000000 0.00630000 0.06200000
v -0.00000000 0.00630000 0.06200000
v 0.00060000 0.00646100 0.06200000
v 0.00060000 0.02353900 0.06200000
v 0.00060000 0.02353900 0.06200000
v 0.00060000 0.02353900 0.06200000
v 0.00330000 0.03000000 0.06200000
v 0.00330000 0.03000000 0.06200000
v 0.00330000 0.03000000 0.06200000
v 0.00330000 0.03000000 0.06200000
v 0.00330000 0.03000000 0.06200000
v 0.00330000 0.03000000 0.06200000
v 0.00330000 0.03000000 0.06200000
v 0.00330000 0.03000000 0.06200000
v 0.00330000 0.03000000 0.06200000
v 0.00330000 0.03000000 0.06200000
v 0.00103900 0.02310000 0.06200000
v 0.00103900 0.02310000 0.06200000
v 0.00120000 0.02250000 0.06200000
v 0.00120000 0.02250000 0.06200000
v 0.00120000 0.02250000 0.06200000
v -0.00103900 0.02190000 0.06200000
v -0.00060000 0.02146100 0.06200000
v -0.00103900 0.00810000 0.06200000
v -0.00103900 0.00810000 0.06200000
v -0.00103900 0.00810000 0.06200000
v -0.00000000 0.02370000 0.06200000
v -0.00000000 0.02370000 0.06200000
v 0.00103900 0.00690000 0.06200000
v 0.00103900 0.00690000 0.06200000
v 0.00120000 0.00750000 0.06200000
v 0.00120000 0.00750000 0.06200000
v 0.00120000 0.00750000 0.06200000
v 0.00103900 0.00810000 0.06200000
v 0.00103900 0.00810000 0.06200000
v 0.00103900 0.00810000 0.06200000
v 0.00103900 0.02190000 0.06200000
v -0.00060000 0.02353900 0.06200000
v -0.00060000 0.02353900 0.06200000
v -0.00103900 0.02310000 0.06200000
v -0.00103900 0.02310000 0.06200000
v -0.00120000 0.02250000 0.06200000
v -0.00120000 0.02250000 0.06200000
v -0.00120000 0.02250000 0.06200000
v -0.00120000 0.00750000 0.06200000
v -0.00120000 0.00750000 0.06200000
v -0.00120000 0.00750000 0.06200000
v 0.00103900 0.00810000 0.06200000
v 0.00060000 0.02146100 0.06200000
v 0.00060000 0.00853900 0.06200000
v -0.00000000 0.02130000 0.06200000
v -0.00000000 0.00870000 0.06200000
v -0.00060000 0.00853900 0.06200000
v 0.00060000 0.03646100 0.06200000
v 0.00060000 0.03646100 0.06200000
v 0.00330000 0.04500000 0.06200000
v 0.00330000 0.04500000 0.06200000
v 0.00330000 0.04500000 0.06200000
v 0.00330000 0.04500000 0.06200000
v 0.00330000 0.04500000 0.06200000
v 0.00330000 0.04500000 0.06200000
v 0.00330000 0.04500000 0.06200000
v 0.00060000 0.03853900 0.06200000
v 0.00060000 0.03853900 0.06200000
v 0.00060000 0.03853900 0.06200000
v -0.00000000 0.03870000 0.06200000
v -0.00000000 0.03870000 0.06200000
v -0.00060000 0.03853900 0.06200000
v -0.00060000 0.03853900 0.06200000
v -0.00103900 0.03810000 0.06200000
v -0.00103900 0.03810000 0.06200000
v -0.00120000 0.03750000 0.06200000
v -0.00120000 0.03750000 0.06200000
v -0.00120000 0.03750000 0.06200000
v -0.00103900 0.03690000 0.06200000
v -0.00103900 0.03690000 0.06200000
v 0.00103900 0.03690000 0.06200000
v 0.00103900 0.03690000 0.06200000
v 0.00120000 0.03750000 0.06200000
v 0.00120000 0.03750000 0.06200000
v 0.00120000 0.03750000 0.06200000
v 0.00103900 0.03810000 0.06200000
v 0.00103900 0.03810000 0.06200000
v -0.00000000 0.05370000 0.06200000
v -0.00000000 0.05370000 0.06200000
v -0.00060000 0.05353900 0.06200000
v -0.00060000 0.05353900 0.06200000
v 0.00060000 0.05353900 0.06200000
v 0.00060000 0.05353900 0.06200000
v 0.00060000 0.05353900 0.06200000
v 0.00103900 0.05310000 0.06200000
v 0.00103900 0.05310000 0.06200000
v 0.00330000 0.06000000 0.06200000
v 0.00330000 0.06000000 0.06200000
v 0.00330000 0.06000000 0.06200000
v 0.00330000 0.06000000 0.06200000
v 0.00330000 0.06000000 0.06200000
v 0.00330000 0.06000000 0.06200000
v 0.00120000 0.05250000 0.06200000
v 0.00120000 0.05250000 0.06200000
v 0.00120000 0.05250000 0.06200000
v 0.00103900 0.05190000 0.06200000
v 0.00103900 0.05190000 0.06200000
v -0.00103900 0.05190000 0.06200000
v -0.00103900 0.05190000 0.06200000
v -0.00120000 0.05250000 0.06200000
v -0.00120000 0.05250000 0.06200000
v -0.00120000 0.05250000 0.06200000
v -0.00103900 0.05310000 0.06200000
v -0.00103900 0.05310000 0.06200000
v -0.00060000 0.05146100 0.06200000
v -0.00060000 0.05146100 0.06200000
v -0.00000000 0.05130000 0.06200000
v -0.00000000 0.05130000 0.06200000
v -0.00000000 0.05130000 0.06200000
v 0.00060000 0.05146100 0.06200000
v 0.00060000 0.05146100 0.06200000
v -0.00060000 0.06646100 0.06200000
v -0.00060000 0.06646100 0.06200000
v -0.00000000 0.06630000 0.06200000
v -0.00000000 0.06630000 0.06200000
v -0.00000000 0.06870000 0.06200000
v -0.00000000 0.06870000 0.06200000
v -0.00060000 0.06853900 0.06200000
v -0.00060000 0.06853900 0.06200000
v 0.00060000 0.06646100 0.06200000
v 0.00060000 0.06646100 0.06200000
v 0.00103900 0.06690000 0.06200000
v 0.00103900 0.06690000 0.06200000
v 0.00103900 0.06690000 0.06200000
v 0.00330000 0.07060000 0.06200000
v 0.00330000 0.07060000 0.06200000
v 0.00330000 0.07060000 0.06200000
v 0.00330000 0.07060000 0.06200000
v 0.00120000 0.06750000 0.06200000
v 0.00120000 0.06750000 0.06200000
v 0.00103900 0.06810000 0.06200000
v 0.00103900 0.06810000 0.06200000
v 0.00060000 0.06853900 0.06200000
v 0.00060000 0.06853900 0.06200000
v -0.00103900 0.06810000 0.06200000
v -0.00103900 0.06810000 0.06200000
v -0.00120000 0.06750000 0.06200000
v -0.00120000 0.06750000 0.06200000
v -0.00120000 0.06750000 0.06200000
v -0.00103900 0.06690000 0.06200000
v -0.00103900 0.06690000 0.06200000
v 0.00330000 0.07250000 0.06200000
v -0.00350000 -0.07250000 0.06220000
v -0.00350000 -0.07250000 0.06405000
v -0.00350000 0.07250000 0.06220000
v -0.00350000 0.07250000 0.06405000
v -0.00250000 0.07250000 0.06455000
v -0.00350000 0.07250000 0.06405000
v -0.00250000 -0.07250000 0.06455000
v -0.00350000 -0.07250000 0.06405000
v -0.00250000 0.07250000 0.06505000
v -0.00250000 0.07250000 0.06455000
v -0.00250000 -0.07250000 0.06505000
v -0.00250000 -0.07250000 0.06455000
v -0.00350000 0.07250000 0.06555000
v -0.00250000 0.07250000 0.06505000
v -0.00350000 -0.07250000 0.06555000
v -0.00250000 -0.07250000 0.06505000
v -0.00350000 0.07250000 0.06660000
v -0.00350000 0.07250000 0.06555000
v -0.00350000 -0.07250000 0.06660000
v -0.00350000 -0.07250000 0.06555000
v -0.00111200 -0.06557300 0.06680000
v -0.00111200 -0.06557300 0.06680000
v 0.00000000 -0.06527500 0.06680000
v 0.00000000 -0.06527500 0.06680000
v 0.00000000 -0.06527500 0.06680000
v -0.00276200 -0.06000000 0.06680000
v -0.00276200 -0.06000000 0.06680000
v -0.00276200 -0.06000000 0.06680000
v -0.00276200 -0.06000000 0.06680000
v -0.00276200 -0.06000000 0.06680000
v -0.00111200 -0.05057300 0.06680000
v -0.00111200 -0.05057300 0.06680000
v 0.00000000 -0.05027500 0.06680000
v 0.00000000 -0.05027500 0.06680000
v 0.00000000 -0.05027500 0.06680000
v -0.00276200 -0.04500000 0.06680000
v -0.00276200 -0.04500000 0.06680000
v -0.00276200 -0.04500000 0.06680000
v -0.00276200 -0.04500000 0.06680000
v -0.00276200 -0.04500000 0.06680000
v -0.00111200 -0.00557300 0.06680000
v -0.00111200 -0.00557300 0.06680000
v 0.00000000 -0.00527500 0.06680000
v 0.00000000 -0.00527500 0.06680000
v 0.00000000 -0.00527500 0.06680000
v -0.00276200 -0.00000000 0.06680000
v -0.00276200 -0.00000000 0.06680000
v -0.00276200 -0.00000000 0.06680000
v -0.00276200 -0.00000000 0.06680000
v -0.00276200 -0.00000000 0.06680000
v -0.00111200 0.00942700 0.06680000
v -0.00111200 0.00942700 0.06680000
v -0.00000000 0.00972500 0.06680000
v -0.00000000 0.00972500 0.06680000
v -0.00000000 0.00972500 0.06680000
v -0.00276200 0.01500000 0.06680000
v -0.00276200 0.01500000 0.06680000
v -0.00276200 0.01500000 0.06680000
v -0.00276200 0.01500000 0.06680000
v -0.00276200 0.01500000 0.06680000
v -0.00111200 0.02442700 0.06680000
v -0.00111200 0.02442700 0.06680000
v -0.00000000 0.02472500 0.06680000
v -0.00000000 0.02472500 0.06680000
v -0.00000000 0.02472500 0.06680000
v -0.00276200 0.03000000 0.06680000
v -0.00276200 0.03000000 0.06680000
v -0.00276200 0.03000000 0.06680000
v -0.00276200 0.03000000 0.06680000
v -0.00276200 0.03000000 0.06680000
v -0.00111200 0.03942700 0.06680000
v -0.00111200 0.03942700 0.06680000
v -0.00000000 0.03972500 0.06680000
v -0.00000000 0.03972500 0.06680000
v -0.00000000 0.03972500 0.06680000
v -0.00276200 0.04500000 0.06680000
v -0.00276200 0.04500000 0.06680000
v -0.00276200 0.04500000 0.06680000
v -0.00276200 0.04500000 0.06680000
v -0.00276200 0.04500000 0.06680000
v -0.00111200 0.05442700 0.06680000
v -0.00111200 0.05442700 0.06680000
v -0.00000000 0.05472500 0.06680000
v -0.00000000 0.05472500 0.06680000
v -0.00000000 0.05472500 0.06680000
v -0.00276200 0.06000000 0.06680000
v -0.00276200 0.06000000 0.06680000
v -0.00276200 0.06000000 0.06680000
v -0.00276200 0.06000000 0.06680000
v -0.00276200 0.06000000 0.06680000
v -0.00330000 -0.03000000 0.06680000
v -0.00276200 -0.03000000 0.06680000
v -0.00276200 -0.03000000 0.06680000
v -0.00276200 -0.03000000 0.06680000
v -0.00276200 -0.03000000 0.06680000
v -0.00330000 -0.00000000 0.06680000
v -0.00330000 0.01500000 0.06680000
v -0.00330000 0.03000000 0.06680000
v -0.00330000 0.04500000 0.06680000
v -0.00330000 0.06000000 0.06680000
v -0.00330000 0.07250000 0.06680000
v -0.00330000 -0.07250000 0.06680000
v -0.00276200 -0.07250000 0.06680000
v -0.00330000 -0.07111200 0.06680000
v -0.00276200 -0.07111200 0.06680000
v -0.00276200 -0.07111200 0.06680000
v -0.00276200 -0.07111200 0.06680000
v -0.00330000 -0.06000000 0.06680000
v -0.00330000 -0.04500000 0.06680000
v -0.00276200 0.07250000 0.06680000
v -0.00276200 0.07250000 0.06680000
v -0.00276200 0.07250000 0.06680000
v -0.00222500 0.06750000 0.06680000
v -0.00192700 0.06861200 0.06680000
v -0.00111200 0.06942700 0.06680000
v -0.00111200 0.06942700 0.06680000
v -0.00000000 0.06972500 0.06680000
v -0.00000000 0.06972500 0.06680000
v -0.00000000 0.06972500 0.06680000
v 0.00330000 0.07250000 0.06680000
v 0.00330000 0.07250000 0.06680000
v 0.00330000 0.07250000 0.06680000
v 0.00111200 0.06942700 0.06680000
v 0.00111200 0.06942700 0.06680000
v 0.00111200 0.06557300 0.06680000
v 0.00111200 0.06557300 0.06680000
v 0.00111200 0.06557300 0.06680000
v -0.00000000 0.06527500 0.06680000
v -0.00000000 0.06527500 0.06680000
v -0.00111200 0.06557300 0.06680000
v -0.00111200 0.06557300 0.06680000
v -0.00192700 0.06638700 0.06680000
v 0.00192700 0.06861200 0.06680000
v 0.00192700 0.06861200 0.06680000
v 0.00222500 0.06750000 0.06680000
v 0.00330000 0.06000000 0.06680000
v 0.00330000 0.06000000 0.06680000
v 0.00330000 0.06000000 0.06680000
v 0.00330000 0.06000000 0.06680000
v 0.00192700 0.06638700 0.06680000
v 0.00192700 0.06638700 0.06680000
v 0.00111200 0.05442700 0.06680000
v 0.00111200 0.05442700 0.06680000
v 0.00111200 0.05057300 0.06680000
v 0.00111200 0.05057300 0.06680000
v 0.00111200 0.05057300 0.06680000
v -0.00000000 0.05027500 0.06680000
v -0.00000000 0.05027500 0.06680000
v -0.00111200 0.05057300 0.06680000
v -0.00111200 0.05057300 0.06680000
v -0.00192700 0.05138700 0.06680000
v -0.00222500 0.05250000 0.06680000
v -0.00192700 0.05361200 0.06680000
v 0.00192700 0.05361200 0.06680000
v 0.00192700 0.05361200 0.06680000
v 0.00222500 0.05250000 0.06680000
v 0.00330000 0.04500000 0.06680000
v 0.00330000 0.04500000 0.06680000
v 0.00330000 0.04500000 0.06680000
v 0.00330000 0.04500000 0.06680000
v 0.00192700 0.05138700 0.06680000
v 0.00192700 0.05138700 0.06680000
v 0.00111200 0.03942700 0.06680000
v 0.00111200 0.03942700 0.06680000
v 0.00111200 0.03557300 0.06680000
v 0.00111200 0.03557300 0.06680000
v 0.00111200 0.03557300 0.06680000
v -0.00000000 0.03527500 0.06680000
v -0.00000000 0.03527500 0.06680000
v -0.00111200 0.03557300 0.06680000
v -0.00111200 0.03557300 0.06680000
v -0.00192700 0.03638700 0.06680000
v -0.00222500 0.03750000 0.06680000
v -0.00192700 0.03861200 0.06680000
v 0.00192700 0.03861200 0.06680000
v 0.00192700 0.03861200 0.06680000
v 0.00222500 0.03750000 0.06680000
v 0.00330000 0.03000000 0.06680000
v 0.00330000 0.03000000 0.06680000
v 0.00330000 0.03000000 0.06680000
v 0.00330000 0.03000000 0.06680000
v 0.00192700 0.03638800 0.06680000
v 0.00192700 0.03638800 0.06680000
v 0.00111200 0.02442700 0.06680000
v 0.00111200 0.02442700 0.06680000
v -0.00000000 0.02027500 0.06680000
v -0.00000000 0.02027500 0.06680000
v -0.00111200 0.02057300 0.06680000
v -0.00111200 0.02057300 0.06680000
v 0.00192700 0.02361200 0.06680000
v 0.00192700 0.02361200 0.06680000
v 0.00222500 0.02250000 0.06680000
v 0.00330000 0.01500000 0.06680000
v 0.00330000 0.01500000 0.06680000
v 0.00330000 0.01500000 0.06680000
v 0.00330000 0.01500000 0.06680000
v 0.00192700 0.02138700 0.06680000
v 0.00192700 0.02138700 0.06680000
v 0.00111200 0.02057300 0.06680000
v 0.00111200 0.02057300 0.06680000
v 0.00111200 0.02057300 0.06680000
v -0.00192700 0.02138700 0.06680000
v -0.00222500 0.02250000 0.06680000
v -0.00192700 0.02361200 0.06680000
v 0.00111200 0.00942700 0.06680000
v 0.00111200 0.00942700 0.06680000
v -0.00192700 0.00638700 0.06680000
v -0.00222500 0.00750000 0.06680000
v -0.00192700 0.00861200 0.06680000
v 0.00192700 0.00861200 0.06680000
v 0.00192700 0.00861200 0.06680000
v 0.00222500 0.00750000 0.06680000
v 0.00330000 0.00000000 0.06680000
v 0.00330000 0.00000000 0.06680000
v 0.00330000 0.00000000 0.06680000
v 0.00330000 0.00000000 0.06680000
v 0.00192700 0.00638700 0.06680000
v 0.00192700 0.00638700 0.06680000
v 0.00111200 0.00557300 0.06680000
v 0.00111200 0.00557300 0.06680000
v 0.00111200 0.00557300 0.06680000
v -0.00000000 0.00527500 0.06680000
v -0.00000000 0.00527500 0.06680000
v -0.00111200 0.00557300 0.06680000
v -0.00111200 0.00557300 0.06680000
v 0.00111200 -0.00557300 0.06680000
v 0.00111200 -0.00557300 0.06680000
v 0.00222500 -0.02250000 0.06680000
v 0.00192700 -0.02361200 0.06680000
v 0.00192700 -0.02361200 0.06680000
v 0.00330000 -0.03000000 0.06680000
v 0.00330000 -0.03000000 0.06680000
v 0.00330000 -0.03000000 0.06680000
v 0.00111200 -0.02442700 0.06680000
v 0.00111200 -0.02442700 0.06680000
v 0.00111200 -0.02442700 0.06680000
v 0.00000000 -0.02472500 0.06680000
v 0.00000000 -0.02472500 0.06680000
v -0.00111200 -0.02442700 0.06680000
v -0.00111200 -0.02442700 0.06680000
v -0.00192700 -0.00861200 0.06680000
v -0.00222500 -0.00750000 0.06680000
v -0.00192700 -0.00638700 0.06680000
v 0.00192700 -0.02138700 0.06680000
v 0.00192700 -0.00861200 0.06680000
v 0.00111200 -0.00942700 0.06680000
v 0.00192700 -0.00638700 0.06680000
v 0.00192700 -0.00638700 0.06680000
v 0.00222500 -0.00750000 0.06680000
v -0.00192700 -0.02361200 0.06680000
v -0.00222500 -0.02250000 0.06680000
v -0.00192700 -0.02138700 0.06680000
v -0.00111200 -0.00942700 0.06680000
v -0.00111200 -0.02057300 0.06680000
v 0.00000000 -0.00972500 0.06680000
v 0.00000000 -0.02027500 0.06680000
v 0.00111200 -0.02057300 0.06680000
v -0.00192700 -0.03861200 0.06680000
v -0.00222500 -0.03750000 0.06680000
v -0.00192700 -0.03638800 0.06680000
v 0.00111200 -0.03557300 0.06680000
v 0.00111200 -0.03557300 0.06680000
v 0.00000000 -0.03527500 0.06680000
v 0.00000000 -0.03527500 0.06680000
v -0.00111200 -0.03557300 0.06680000
v -0.00111200 -0.03557300 0.06680000
v 0.00192700 -0.03638700 0.06680000
v 0.00192700 -0.03638700 0.06680000
v 0.00222500 -0.03750000 0.06680000
v 0.00330000 -0.04500000 0.06680000
v 0.00330000 -0.04500000 0.06680000
v 0.00330000 -0.04500000 0.06680000
v 0.00330000 -0.04500000 0.06680000
v 0.00192700 -0.03861200 0.06680000
v 0.00192700 -0.03861200 0.06680000
v 0.00111200 -0.03942700 0.06680000
v 0.00111200 -0.03942700 0.06680000
v 0.00111200 -0.03942700 0.06680000
v 0.00000000 -0.03972500 0.06680000
v 0.00000000 -0.03972500 0.06680000
v -0.00111200 -0.03942700 0.06680000
v -0.00111200 -0.03942700 0.06680000
v 0.00000000 -0.05472500 0.06680000
v 0.00000000 -0.05472500 0.06680000
v -0.00111200 -0.05442700 0.06680000
v -0.00111200 -0.05442700 0.06680000
v 0.00111200 -0.05057300 0.06680000
v 0.00111200 -0.05057300 0.06680000
v 0.00192700 -0.05138700 0.06680000
v 0.00192700 -0.05138700 0.06680000
v 0.00222500 -0.05250000 0.06680000
v 0.00330000 -0.06000000 0.06680000
v 0.00330000 -0.06000000 0.06680000
v 0.00330000 -0.06000000 0.06680000
v 0.00330000 -0.06000000 0.06680000
v 0.00192700 -0.05361200 0.06680000
v 0.00192700 -0.05361200 0.06680000
v 0.00111200 -0.05442700 0.06680000
v 0.00111200 -0.05442700 0.06680000
v 0.00111200 -0.05442700 0.06680000
v -0.00192700 -0.05361200 0.06680000
v -0.00222500 -0.05250000 0.06680000
v -0.00192700 -0.05138700 0.06680000
v 0.00111200 -0.06557300 0.06680000
v 0.00111200 -0.06557300 0.06680000
v 0.00000000 -0.06972500 0.06680000
v 0.00000000 -0.06972500 0.06680000
v 0.00000000 -0.06972500 0.06680000
v -0.00111200 -0.06942700 0.06680000
v -0.00111200 -0.06942700 0.06680000
v 0.00192700 -0.06638700 0.06680000
v 0.00192700 -0.06638700 0.06680000
v 0.00222500 -0.06750000 0.06680000
v 0.00330000 -0.07111300 0.06680000
v 0.00330000 -0.07111300 0.06680000
v 0.00330000 -0.07111300 0.06680000
v 0.00192700 -0.06861200 0.06680000
v 0.00192700 -0.06861200 0.06680000
v 0.00111200 -0.06942700 0.06680000
v 0.00111200 -0.06942700 0.06680000
v -0.00192700 -0.06861200 0.06680000
v -0.00222500 -0.06750000 0.06680000
v -0.00192700 -0.06638700 0.06680000
v 0.00330000 -0.07250000 0.06680000
v 0.00250000 0.07250000 0.06455000
v 0.00350000 0.07250000 0.06405000
v 0.00350000 0.07250000 0.06220000
v 0.00350000 0.07250000 0.06660000
v 0.00350000 0.07250000 0.06555000
v 0.00350000 0.07250000 0.06555000
v 0.00330000 0.07250000 0.06680000
v 0.00330000 0.07250000 0.06680000
v 0.00330000 0.07250000 0.06680000
v 0.00250000 0.07250000 0.06505000
v 0.00250000 0.07250000 0.06505000
v -0.00276200 0.07250000 0.06680000
v -0.00276200 0.07250000 0.06680000
v -0.00250000 0.07250000 0.06455000
v 0.00330000 0.07250000 0.06200000
v -0.00225000 0.07250000 0.06200000
v -0.00250000 0.07250000 0.06505000
v -0.00250000 0.07250000 0.06505000
v -0.00250000 0.07250000 0.06505000
v -0.00350000 0.07250000 0.06555000
v -0.00350000 0.07250000 0.06660000
v -0.00350000 0.07250000 0.06660000
v -0.00350000 0.07250000 0.06660000
v -0.00350000 0.07250000 0.06405000
v -0.00350000 0.07250000 0.06220000
v -0.00330000 0.07250000 0.06200000
v 0.00250000 0.07250000 0.06455000
v 0.00250000 0.07250000 0.06505000
v -0.00330000 0.07250000 0.06680000
v 0.00250000 -0.07250000 0.06505000
v 0.00250000 -0.07250000 0.06505000
v 0.00250000 -0.07250000 0.06505000
v 0.00350000 -0.07250000 0.06555000
v 0.00350000 -0.07250000 0.06660000
v 0.00350000 -0.07250000 0.06660000
v 0.00350000 -0.07250000 0.06220000
v 0.00350000 -0.07250000 0.06405000
v 0.00350000 -0.07250000 0.06405000
v 0.00330000 -0.07250000 0.06200000
v 0.00330000 -0.07250000 0.06200000
v 0.00250000 -0.07250000 0.06455000
v 0.00250000 -0.07250000 0.06455000
v -0.00350000 -0.07250000 0.06660000
v -0.00350000 -0.07250000 0.06660000
v -0.00350000 -0.07250000 0.06555000
v -0.00250000 -0.07250000 0.06505000
v -0.00250000 -0.07250000 0.06505000
v -0.00250000 -0.07250000 0.06505000
v -0.00350000 -0.07250000 0.06405000
v -0.00350000 -0.07250000 0.06220000
v -0.00350000 -0.07250000 0.06220000
v -0.00250000 -0.07250000 0.06455000
v -0.00250000 -0.07250000 0.06455000
v -0.00330000 -0.07250000 0.06200000
v -0.00330000 -0.07250000 0.06200000
v -0.00225000 -0.07250000 0.06200000
v -0.00250000 -0.07250000 0.06455000
v 0.00330000 -0.07250000 0.06680000
v 0.00330000 -0.07250000 0.06680000
v -0.00276200 -0.07250000 0.06680000
v -0.00330000 -0.07250000 0.06680000
v -0.00330000 -0.07250000 0.06680000
v -0.00330000 -0.07250000 0.06680000
v -0.00330000 -0.07111200 0.06680000
v -0.00330000 -0.07111200 0.06680000
v -0.00350000 -0.07250000 0.06660000
v -0.00350000 -0.07250000 0.06660000
v -0.00350000 -0.07250000 0.06660000
v -0.00350000 -0.07250000 0.06660000
v -0.00350000 -0.07250000 0.06660000
v -0.00350000 -0.07250000 0.06660000
v -0.00330000 -0.06000000 0.06680000
v -0.00330000 -0.06000000 0.06680000
v -0.00330000 -0.04500000 0.06680000
v -0.00330000 -0.04500000 0.06680000
v -0.00330000 -0.03000000 0.06680000
v -0.00330000 -0.03000000 0.06680000
v -0.00330000 -0.00000000 0.06680000
v -0.00330000 -0.00000000 0.06680000
v -0.00330000 -0.00000000 0.06680000
v -0.00350000 0.07250000 0.06660000
v -0.00350000 0.07250000 0.06660000
v -0.00350000 0.07250000 0.06660000
v -0.00350000 0.07250000 0.06660000
v -0.00350000 0.07250000 0.06660000
v -0.00350000 0.07250000 0.06660000
v -0.00330000 0.01500000 0.06680000
v -0.00330000 0.01500000 0.06680000
v -0.00330000 0.03000000 0.06680000
v -0.00330000 0.03000000 0.06680000
v -0.00330000 0.04500000 0.06680000
v -0.00330000 0.04500000 0.06680000
v -0.00330000 0.06000000 0.06680000
v -0.00330000 0.06000000 0.06680000
v -0.00330000 0.07250000 0.06680000
v -0.00330000 0.07250000 0.06200000
v -0.00330000 0.07060000 0.06200000
v -0.00330000 0.07060000 0.06200000
v -0.00350000 0.07250000 0.06220000
v -0.00350000 0.07250000 0.06220000
v -0.00350000 0.07250000 0.06220000
v -0.00350000 0.07250000 0.06220000
v -0.00350000 0.07250000 0.06220000
v -0.00350000 0.07250000 0.06220000
v -0.00330000 0.06000000 0.06200000
v -0.00330000 0.06000000 0.06200000
v -0.00330000 0.04500000 0.06200000
v -0.00330000 0.04500000 0.06200000
v -0.00330000 -0.03000000 0.06200000
v -0.00330000 -0.03000000 0.06200000
v -0.00330000 -0.04500000 0.06200000
v -0.00330000 -0.04500000 0.06200000
v -0.00350000 -0.07250000 0.06220000
v -0.00350000 -0.07250000 0.06220000
v -0.00350000 -0.07250000 0.06220000
v -0.00350000 -0.07250000 0.06220000
v -0.00350000 -0.07250000 0.06220000
v -0.00350000 -0.07250000 0.06220000
v -0.00330000 -0.06000000 0.06200000
v -0.00330000 -0.06000000 0.06200000
v -0.00330000 -0.07250000 0.06200000
v -0.00330000 0.03000000 0.06200000
v -0.00330000 0.03000000 0.06200000
v -0.00330000 -0.00000000 0.06200000
v -0.00330000 -0.00000000 0.06200000
v -0.00330000 -0.00000000 0.06200000
v -0.00330000 -0.01500000 0.06200000
v -0.00330000 -0.01500000 0.06200000
v 0.00330000 -0.07250000 0.06200000
v 0.00330000 -0.06000000 0.06200000
v 0.00330000 -0.06000000 0.06200000
v 0.00350000 -0.07250000 0.06220000
v 0.00350000 -0.07250000 0.06220000
v 0.00350000 -0.07250000 0.06220000
v 0.00350000 -0.07250000 0.06220000
v 0.00350000 -0.07250000 0.06220000
v 0.00350000 -0.07250000 0.06220000
v 0.00330000 -0.04500000 0.06200000
v 0.00330000 -0.04500000 0.06200000
v 0.00330000 -0.03000000 0.06200000
v 0.00330000 -0.03000000 0.06200000
v 0.00330000 0.04500000 0.06200000
v 0.00330000 0.04500000 0.06200000
v 0.00330000 0.06000000 0.06200000
v 0.00330000 0.06000000 0.06200000
v 0.00350000 0.07250000 0.06220000
v 0.00350000 0.07250000 0.06220000
v 0.00350000 0.07250000 0.06220000
v 0.00350000 0.07250000 0.06220000
v 0.00350000 0.07250000 0.06220000
v 0.00350000 0.07250000 0.06220000
v 0.00330000 0.07060000 0.06200000
v 0.00330000 0.07060000 0.06200000
v 0.00330000 0.07250000 0.06200000
v 0.00330000 -0.01500000 0.06200000
v 0.00330000 -0.01500000 0.06200000
v 0.00330000 0.00000000 0.06200000
v 0.00330000 0.00000000 0.06200000
v 0.00330000 0.00000000 0.06200000
v 0.00330000 0.03000000 0.06200000
v 0.00330000 0.03000000 0.06200000
v 0.00330000 0.07250000 0.06680000
v 0.00330000 0.06000000 0.06680000
v 0.00330000 0.06000000 0.06680000
v 0.00350000 0.07250000 0.06660000
v 0.00350000 0.07250000 0.06660000
v 0.00350000 0.07250000 0.06660000
v 0.00330000 0.04500000 0.06680000
v 0.00330000 0.04500000 0.06680000
v 0.00330000 0.03000000 0.06680000
v 0.00330000 0.03000000 0.06680000
v 0.00330000 -0.04500000 0.06680000
v 0.00330000 -0.04500000 0.06680000
v 0.00330000 -0.06000000 0.06680000
v 0.00330000 -0.06000000 0.06680000
v 0.00350000 -0.07250000 0.06660000
v 0.00350000 -0.07250000 0.06660000
v 0.00350000 -0.07250000 0.06660000
v 0.00350000 -0.07250000 0.06660000
v 0.00350000 -0.07250000 0.06660000
v 0.00350000 -0.07250000 0.06660000
v 0.00330000 -0.07111300 0.06680000
v 0.00330000 -0.07111300 0.06680000
v 0.00330000 -0.07250000 0.06680000
v 0.00330000 0.01500000 0.06680000
v 0.00330000 0.01500000 0.06680000
v 0.00350000 0.07250000 0.06660000
v 0.00350000 0.07250000 0.06660000
v 0.00350000 0.07250000 0.06660000
v 0.00330000 0.00000000 0.06680000
v 0.00330000 0.00000000 0.06680000
v 0.00330000 0.00000000 0.06680000
v 0.00330000 -0.03000000 0.06680000
v 0.00330000 -0.03000000 0.06680000
v -0.00000000 0.06630000 0.06200000
v -0.00000000 0.06630000 0.06440000
v -0.00000000 0.06630000 0.06440000
v 0.00060000 0.06646100 0.06200000
v 0.00060000 0.06646100 0.06200000
v 0.00060000 0.06646100 0.06440000
v 0.00060000 0.06646100 0.06200000
v 0.00060000 0.06646100 0.06440000
v 0.00060000 0.06646100 0.06440000
v 0.00103900 0.06690000 0.06200000
v 0.00103900 0.06690000 0.06200000
v 0.00103900 0.06690000 0.06440000
v 0.00103900 0.06690000 0.06200000
v 0.00103900 0.06690000 0.06440000
v 0.00103900 0.06690000 0.06440000
v 0.00120000 0.06750000 0.06200000
v 0.00120000 0.06750000 0.06200000
v 0.00120000 0.06750000 0.06440000
v 0.00120000 0.06750000 0.06200000
v 0.00120000 0.06750000 0.06440000
v 0.00120000 0.06750000 0.06440000
v 0.00103900 0.06810000 0.06200000
v 0.00103900 0.06810000 0.06200000
v 0.00103900 0.06810000 0.06440000
v 0.00103900 0.06810000 0.06200000
v 0.00103900 0.06810000 0.06440000
v 0.00103900 0.06810000 0.06440000
v 0.00060000 0.06853900 0.06200000
v 0.00060000 0.06853900 0.06200000
v 0.00060000 0.06853900 0.06440000
v 0.00060000 0.06853900 0.06200000
v 0.00060000 0.06853900 0.06440000
v 0.00060000 0.06853900 0.06440000
v -0.00000000 0.06870000 0.06200000
v -0.00000000 0.06870000 0.06200000
v -0.00000000 0.06870000 0.06440000
v -0.00000000 0.06870000 0.06200000
v -0.00000000 0.06870000 0.06440000
v -0.00000000 0.06870000 0.06440000
v -0.00060000 0.06853900 0.06200000
v -0.00060000 0.06853900 0.06200000
v -0.00060000 0.06853900 0.06440000
v -0.00060000 0.06853900 0.06200000
v -0.00060000 0.06853900 0.06440000
v -0.00060000 0.06853900 0.06440000
v -0.00103900 0.06810000 0.06200000
v -0.00103900 0.06810000 0.06200000
v -0.00103900 0.06810000 0.06440000
v -0.00103900 0.06810000 0.06200000
v -0.00103900 0.06810000 0.06440000
v -0.00103900 0.06810000 0.06440000
v -0.00120000 0.06750000 0.06200000
v -0.00120000 0.06750000 0.06200000
v -0.00120000 0.06750000 0.06440000
v -0.00120000 0.06750000 0.06200000
v -0.00120000 0.06750000 0.06440000
v -0.00120000 0.06750000 0.06440000
v -0.00103900 0.06690000 0.06200000
v -0.00103900 0.06690000 0.06200000
v -0.00103900 0.06690000 0.06440000
v -0.00103900 0.06690000 0.06200000
v -0.00103900 0.06690000 0.06440000
v -0.00103900 0.06690000 0.06440000
v -0.00060000 0.06646100 0.06200000
v -0.00060000 0.06646100 0.06200000
v -0.00060000 0.06646100 0.06440000
v -0.00060000 0.06646100 0.06200000
v -0.00060000 0.06646100 0.06440000
v -0.00060000 0.06646100 0.06440000
v -0.00000000 0.06630000 0.06200000
v -0.00000000 0.06630000 0.06200000
v -0.00000000 0.06630000 0.06440000
v -0.00000000 0.06630000 0.06440000
v -0.00000000 0.06530000 0.06440000
v 0.00060000 0.06646100 0.06440000
v 0.00060000 0.06646100 0.06440000
v 0.00110000 0.06559500 0.06440000
v 0.00110000 0.06559500 0.06440000
v 0.00103900 0.06690000 0.06440000
v 0.00103900 0.06690000 0.06440000
v 0.00190500 0.06640000 0.06440000
v 0.00120000 0.06750000 0.06440000
v 0.00220000 0.06750000 0.06440000
v 0.00103900 0.06810000 0.06440000
v 0.00103900 0.06810000 0.06440000
v 0.00190500 0.06860000 0.06440000
v 0.00190500 0.06860000 0.06440000
v 0.00190500 0.06860000 0.06440000
v 0.00060000 0.06853900 0.06440000
v 0.00060000 0.06853900 0.06440000
v 0.00060000 0.06853900 0.06440000
v 0.00110000 0.06940500 0.06440000
v 0.00110000 0.06940500 0.06440000
v -0.00000000 0.06870000 0.06440000
v -0.00000000 0.06970000 0.06440000
v -0.00060000 0.06853900 0.06440000
v -0.00060000 0.06853900 0.06440000
v -0.00110000 0.06940500 0.06440000
v -0.00110000 0.06940500 0.06440000
v -0.00103900 0.06810000 0.06440000
v -0.00103900 0.06810000 0.06440000
v -0.00190500 0.06860000 0.06440000
v -0.00120000 0.06750000 0.06440000
v -0.00220000 0.06750000 0.06440000
v -0.00103900 0.06690000 0.06440000
v -0.00103900 0.06690000 0.06440000
v -0.00190500 0.06640000 0.06440000
v -0.00190500 0.06640000 0.06440000
v -0.00190500 0.06640000 0.06440000
v -0.00060000 0.06646100 0.06440000
v -0.00060000 0.06646100 0.06440000
v -0.00060000 0.06646100 0.06440000
v -0.00110000 0.06559500 0.06440000
v -0.00110000 0.06559500 0.06440000
v -0.00000000 0.06530000 0.06440000
v -0.00000000 0.06530000 0.06677500
v 0.00110000 0.06559500 0.06440000
v 0.00110000 0.06559500 0.06677500
v 0.00110000 0.06559500 0.06440000
v 0.00110000 0.06559500 0.06677500
v 0.00110000 0.06559500 0.06677500
v 0.00190500 0.06640000 0.06440000
v 0.00190500 0.06640000 0.06440000
v 0.00190500 0.06640000 0.06677500
v 0.00190500 0.06640000 0.06440000
v 0.00190500 0.06640000 0.06677500
v 0.00190500 0.06640000 0.06677500
v 0.00220000 0.06750000 0.06440000
v 0.00220000 0.06750000 0.06440000
v 0.00220000 0.06750000 0.06677500
v 0.00220000 0.06750000 0.06440000
v 0.00220000 0.06750000 0.06677500
v 0.00220000 0.06750000 0.06677500
v 0.00190500 0.06860000 0.06440000
v 0.00190500 0.06860000 0.06440000
v 0.00190500 0.06860000 0.06677500
v 0.00190500 0.06860000 0.06440000
v 0.00190500 0.06860000 0.06677500
v 0.00190500 0.06860000 0.06677500
v 0.00110000 0.06940500 0.06440000
v 0.00110000 0.06940500 0.06440000
v 0.00110000 0.06940500 0.06677500
v 0.00110000 0.06940500 0.06440000
v 0.00110000 0.06940500 0.06677500
v -0.00000000 0.06970000 0.06440000
v -0.00000000 0.06970000 0.06677500
v -0.00000000 0.06970000 0.06440000
v -0.00000000 0.06970000 0.06677500
v -0.00110000 0.06940500 0.06440000
v -0.00110000 0.06940500 0.06677500
v -0.00110000 0.06940500 0.06440000
v -0.00110000 0.06940500 0.06677500
v -0.00110000 0.06940500 0.06677500
v -0.00190500 0.06860000 0.06440000
v -0.00190500 0.06860000 0.06440000
v -0.00190500 0.06860000 0.06677500
v -0.00190500 0.06860000 0.06440000
v -0.00190500 0.06860000 0.06677500
v -0.00190500 0.06860000 0.06677500
v -0.00220000 0.06750000 0.06440000
v -0.00220000 0.06750000 0.06440000
v -0.00220000 0.06750000 0.06677500
v -0.00220000 0.06750000 0.06440000
v -0.00220000 0.06750000 0.06677500
v -0.00220000 0.06750000 0.06677500
v -0.00190500 0.06640000 0.06440000
v -0.00190500 0.06640000 0.06440000
v -0.00190500 0.06640000 0.06677500
v -0.00190500 0.06640000 0.06440000
v -0.00190500 0.06640000 0.06677500
v -0.00190500 0.06640000 0.06677500
v -0.00110000 0.06559500 0.06440000
v -0.00110000 0.06559500 0.06440000
v -0.00110000 0.06559500 0.06677500
v -0.00110000 0.06559500 0.06440000
v -0.00110000 0.06559500 0.06677500
v -0.00000000 0.06530000 0.06440000
v -0.00000000 0.06530000 0.06677500
v 0.00110000 0.06559500 0.06677500
v 0.00111200 0.06557300 0.06680000
v 0.00190500 0.06640000 0.06677500
v 0.00192700 0.06638700 0.06680000
v 0.00220000 0.06750000 0.06677500
v 0.00222500 0.06750000 0.06680000
v 0.00190500 0.06860000 0.06677500
v 0.00192700 0.06861200 0.06680000
v 0.00110000 0.06940500 0.06677500
v 0.00111200 0.06942700 0.06680000
v -0.00000000 0.06970000 0.06677500
v -0.00000000 0.06972500 0.06680000
v -0.00110000 0.06940500 0.06677500
v -0.00111200 0.06942700 0.06680000
v -0.00190500 0.06860000 0.06677500
v -0.00192700 0.06861200 0.06680000
v -0.00220000 0.06750000 0.06677500
v -0.00222500 0.06750000 0.06680000
v -0.00190500 0.06640000 0.06677500
v -0.00192700 0.06638700 0.06680000
v -0.00110000 0.06559500 0.06677500
v -0.00111200 0.06557300 0.06680000
v -0.00000000 0.06530000 0.06677500
v -0.00000000 0.06527500 0.06680000
v -0.00000000 0.05130000 0.06200000
v -0.00000000 0.05130000 0.06440000
v -0.00000000 0.05130000 0.06440000
v 0.00060000 0.05146100 0.06200000
v 0.00060000 0.05146100 0.06200000
v 0.00060000 0.05146100 0.06440000
v 0.00060000 0.05146100 0.06200000
v 0.00060000 0.05146100 0.06440000
v 0.00060000 0.05146100 0.06440000
v 0.00103900 0.05190000 0.06200000
v 0.00103900 0.05190000 0.06200000
v 0.00103900 0.05190000 0.06440000
v 0.00103900 0.05190000 0.06200000
v 0.00103900 0.05190000 0.06440000
v 0.00103900 0.05190000 0.06440000
v 0.00120000 0.05250000 0.06200000
v 0.00120000 0.05250000 0.06200000
v 0.00120000 0.05250000 0.06440000
v 0.00120000 0.05250000 0.06200000
v 0.00120000 0.05250000 0.06440000
v 0.00120000 0.05250000 0.06440000
v 0.00103900 0.05310000 0.06200000
v 0.00103900 0.05310000 0.06200000
v 0.00103900 0.05310000 0.06440000
v 0.00103900 0.05310000 0.06200000
v 0.00103900 0.05310000 0.06440000
v 0.00103900 0.05310000 0.06440000
v 0.00060000 0.05353900 0.06200000
v 0.00060000 0.05353900 0.06200000
v 0.00060000 0.05353900 0.06440000
v 0.00060000 0.05353900 0.06200000
v 0.00060000 0.05353900 0.06440000
v 0.00060000 0.05353900 0.06440000
v -0.00000000 0.05370000 0.06200000
v -0.00000000 0.05370000 0.06200000
v -0.00000000 0.05370000 0.06440000
v -0.00000000 0.05370000 0.06200000
v -0.00000000 0.05370000 0.06440000
v -0.00000000 0.05370000 0.06440000
v -0.00060000 0.05353900 0.06200000
v -0.00060000 0.05353900 0.06200000
v -0.00060000 0.05353900 0.06440000
v -0.00060000 0.05353900 0.06200000
v -0.00060000 0.05353900 0.06440000
v -0.00060000 0.05353900 0.06440000
v -0.00103900 0.05310000 0.06200000
v -0.00103900 0.05310000 0.06200000
v -0.00103900 0.05310000 0.06440000
v -0.00103900 0.05310000 0.06200000
v -0.00103900 0.05310000 0.06440000
v -0.00103900 0.05310000 0.06440000
v -0.00120000 0.05250000 0.06200000
v -0.00120000 0.05250000 0.06200000
v -0.00120000 0.05250000 0.06440000
v -0.00120000 0.05250000 0.06200000
v -0.00120000 0.05250000 0.06440000
v -0.00120000 0.05250000 0.06440000
v -0.00103900 0.05190000 0.06200000
v -0.00103900 0.05190000 0.06200000
v -0.00103900 0.05190000 0.06440000
v -0.00103900 0.05190000 0.06200000
v -0.00103900 0.05190000 0.06440000
v -0.00103900 0.05190000 0.06440000
v -0.00060000 0.05146100 0.06200000
v -0.00060000 0.05146100 0.06200000
v -0.00060000 0.05146100 0.06440000
v -0.00060000 0.05146100 0.06200000
v -0.00060000 0.05146100 0.06440000
v -0.00060000 0.05146100 0.06440000
v -0.00000000 0.05130000 0.06200000
v -0.00000000 0.05130000 0.06200000
v -0.00000000 0.05130000 0.06440000
v -0.00103900 0.05190000 0.06440000
v -0.00103900 0.05190000 0.06440000
v -0.00190500 0.05140000 0.06440000
v -0.00190500 0.05140000 0.06440000
v -0.00190500 0.05140000 0.06440000
v -0.00060000 0.05146100 0.06440000
v -0.00060000 0.05146100 0.06440000
v -0.00060000 0.05146100 0.06440000
v -0.00110000 0.05059500 0.06440000
v -0.00110000 0.05059500 0.06440000
v -0.00000000 0.05130000 0.06440000
v -0.00000000 0.05030000 0.06440000
v 0.00060000 0.05146100 0.06440000
v 0.00060000 0.05146100 0.06440000
v 0.00110000 0.05059500 0.06440000
v 0.00110000 0.05059500 0.06440000
v 0.00103900 0.05190000 0.06440000
v 0.00103900 0.05190000 0.06440000
v 0.00190500 0.05140000 0.06440000
v 0.00120000 0.05250000 0.06440000
v 0.00220000 0.05250000 0.06440000
v 0.00103900 0.05310000 0.06440000
v 0.00103900 0.05310000 0.06440000
v 0.00190500 0.05360000 0.06440000
v 0.00190500 0.05360000 0.06440000
v 0.00060000 0.05353900 0.06440000
v 0.00060000 0.05353900 0.06440000
v 0.00110000 0.05440500 0.06440000
v -0.00000000 0.05370000 0.06440000
v -0.00000000 0.05470000 0.06440000
v -0.00060000 0.05353900 0.06440000
v -0.00060000 0.05353900 0.06440000
v -0.00110000 0.05440500 0.06440000
v -0.00110000 0.05440500 0.06440000
v -0.00103900 0.05310000 0.06440000
v -0.00103900 0.05310000 0.06440000
v -0.00190500 0.05360000 0.06440000
v -0.00120000 0.05250000 0.06440000
v -0.00220000 0.05250000 0.06440000
v -0.00000000 0.05030000 0.06440000
v -0.00000000 0.05030000 0.06677500
v -0.00000000 0.05030000 0.06677500
v 0.00110000 0.05059500 0.06440000
v 0.00110000 0.05059500 0.06440000
v 0.00110000 0.05059500 0.06677500
v 0.00110000 0.05059500 0.06440000
v 0.00110000 0.05059500 0.06677500
v 0.00110000 0.05059500 0.06677500
v 0.00190500 0.05140000 0.06440000
v 0.00190500 0.05140000 0.06440000
v 0.00190500 0.05140000 0.06677500
v 0.00190500 0.05140000 0.06440000
v 0.00190500 0.05140000 0.06677500
v 0.00220000 0.05250000 0.06440000
v 0.00220000 0.05250000 0.06677500
v 0.00220000 0.05250000 0.06440000
v 0.00220000 0.05250000 0.06677500
v 0.00190500 0.05360000 0.06440000
v 0.00190500 0.05360000 0.06677500
v 0.00190500 0.05360000 0.06440000
v 0.00190500 0.05360000 0.06677500
v 0.00190500 0.05360000 0.06677500
v 0.00110000 0.05440500 0.06440000
v 0.00110000 0.05440500 0.06440000
v 0.00110000 0.05440500 0.06677500
v 0.00110000 0.05440500 0.06440000
v 0.00110000 0.05440500 0.06677500
v 0.00110000 0.05440500 0.06677500
v -0.00000000 0.05470000 0.06440000
v -0.00000000 0.05470000 0.06440000
v -0.00000000 0.05470000 0.06677500
v -0.00000000 0.05470000 0.06440000
v -0.00000000 0.05470000 0.06677500
v -0.00000000 0.05470000 0.06677500
v -0.00110000 0.05440500 0.06440000
v -0.00110000 0.05440500 0.06440000
v -0.00110000 0.05440500 0.06677500
v -0.00110000 0.05440500 0.06440000
v -0.00110000 0.05440500 0.06677500
v -0.00110000 0.05440500 0.06677500
v -0.00190500 0.05360000 0.06440000
v -0.00190500 0.05360000 0.06440000
v -0.00190500 0.05360000 0.06677500
v -0.00190500 0.05360000 0.06440000
v -0.00190500 0.05360000 0.06677500
v -0.00220000 0.05250000 0.06440000
v -0.00220000 0.05250000 0.06677500
v -0.00220000 0.05250000 0.06440000
v -0.00220000 0.05250000 0.06677500
v -0.00190500 0.05140000 0.06440000
v -0.00190500 0.05140000 0.06677500
v -0.00190500 0.05140000 0.06440000
v -0.00190500 0.05140000 0.06677500
v -0.00190500 0.05140000 0.06677500
v -0.00110000 0.05059500 0.06440000
v -0.00110000 0.05059500 0.06440000
v -0.00110000 0.05059500 0.06677500
v -0.00110000 0.05059500 0.06440000
v -0.00110000 0.05059500 0.06677500
v -0.00110000 0.05059500 0.06677500
v -0.00000000 0.05030000 0.06440000
v -0.00000000 0.05030000 0.06440000
v -0.00000000 0.05030000 0.06677500
v 0.00110000 0.05059500 0.06677500
v 0.00111200 0.05057300 0.06680000
v 0.00190500 0.05140000 0.06677500
v 0.00192700 0.05138700 0.06680000
v 0.00220000 0.05250000 0.06677500
v 0.00222500 0.05250000 0.06680000
v 0.00190500 0.05360000 0.06677500
v 0.00192700 0.05361200 0.06680000
v 0.00110000 0.05440500 0.06677500
v 0.00111200 0.05442700 0.06680000
v -0.00000000 0.05470000 0.06677500
v -0.00000000 0.05472500 0.06680000
v -0.00110000 0.05440500 0.06677500
v -0.00110000 0.05440500 0.06677500
v -0.00111200 0.05442700 0.06680000
v -0.00111200 0.05442700 0.06680000
v -0.00190500 0.05360000 0.06677500
v -0.00192700 0.05361200 0.06680000
v -0.00220000 0.05250000 0.06677500
v -0.00222500 0.05250000 0.06680000
v -0.00190500 0.05140000 0.06677500
v -0.00192700 0.05138700 0.06680000
v -0.00110000 0.05059500 0.06677500
v -0.00111200 0.05057300 0.06680000
v -0.00000000 0.05030000 0.06677500
v -0.00000000 0.05027500 0.06680000
v -0.00000000 0.03630000 0.06200000
v -0.00000000 0.03630000 0.06440000
v -0.00000000 0.03630000 0.06440000
v 0.00060000 0.03646100 0.06200000
v 0.00060000 0.03646100 0.06200000
v 0.00060000 0.03646100 0.06440000
v 0.00060000 0.03646100 0.06200000
v 0.00060000 0.03646100 0.06440000
v 0.00060000 0.03646100 0.06440000
v 0.00103900 0.03690000 0.06200000
v 0.00103900 0.03690000 0.06200000
v 0.00103900 0.03690000 0.06440000
v 0.00103900 0.03690000 0.06200000
v 0.00103900 0.03690000 0.06440000
v 0.00103900 0.03690000 0.06440000
v 0.00120000 0.03750000 0.06200000
v 0.00120000 0.03750000 0.06200000
v 0.00120000 0.03750000 0.06440000
v 0.00120000 0.03750000 0.06200000
v 0.00120000 0.03750000 0.06440000
v 0.00120000 0.03750000 0.06440000
v 0.00103900 0.03810000 0.06200000
v 0.00103900 0.03810000 0.06200000
v 0.00103900 0.03810000 0.06440000
v 0.00103900 0.03810000 0.06200000
v 0.00103900 0.03810000 0.06440000
v 0.00103900 0.03810000 0.06440000
v 0.00060000 0.03853900 0.06200000
v 0.00060000 0.03853900 0.06200000
v 0.00060000 0.03853900 0.06440000
v 0.00060000 0.03853900 0.06200000
v 0.00060000 0.03853900 0.06440000
v 0.00060000 0.03853900 0.06440000
v -0.00000000 0.03870000 0.06200000
v -0.00000000 0.03870000 0.06200000
v -0.00000000 0.03870000 0.06440000
v -0.00000000 0.03870000 0.06200000
v -0.00000000 0.03870000 0.06440000
v -0.00000000 0.03870000 0.06440000
v -0.00060000 0.03853900 0.06200000
v -0.00060000 0.03853900 0.06200000
v -0.00060000 0.03853900 0.06440000
v -0.00060000 0.03853900 0.06200000
v -0.00060000 0.03853900 0.06440000
v -0.00060000 0.03853900 0.06440000
v -0.00103900 0.03810000 0.06200000
v -0.00103900 0.03810000 0.06200000
v -0.00103900 0.03810000 0.06440000
v -0.00103900 0.03810000 0.06200000
v -0.00103900 0.03810000 0.06440000
v -0.00103900 0.03810000 0.06440000
v -0.00120000 0.03750000 0.06200000
v -0.00120000 0.03750000 0.06200000
v -0.00120000 0.03750000 0.06440000
v -0.00120000 0.03750000 0.06200000
v -0.00120000 0.03750000 0.06440000
v -0.00120000 0.03750000 0.06440000
v -0.00103900 0.03690000 0.06200000
v -0.00103900 0.03690000 0.06200000
v -0.00103900 0.03690000 0.06440000
v -0.00103900 0.03690000 0.06200000
v -0.00103900 0.03690000 0.06440000
v -0.00103900 0.03690000 0.06440000
v -0.00060000 0.03646100 0.06200000
v -0.00060000 0.03646100 0.06200000
v -0.00060000 0.03646100 0.06440000
v -0.00060000 0.03646100 0.06200000
v -0.00060000 0.03646100 0.06440000
v -0.00060000 0.03646100 0.06440000
v -0.00000000 0.03630000 0.06200000
v -0.00000000 0.03630000 0.06200000
v -0.00000000 0.03630000 0.06440000
v -0.00103900 0.03810000 0.06440000
v -0.00103900 0.03810000 0.06440000
v -0.00190500 0.03860000 0.06440000
v -0.00120000 0.03750000 0.06440000
v -0.00220000 0.03750000 0.06440000
v -0.00103900 0.03690000 0.06440000
v -0.00190500 0.03640000 0.06440000
v -0.00190500 0.03640000 0.06440000
v -0.00060000 0.03646100 0.06440000
v -0.00060000 0.03646100 0.06440000
v -0.00060000 0.03646100 0.06440000
v -0.00110000 0.03559500 0.06440000
v -0.00110000 0.03559500 0.06440000
v -0.00110000 0.03559500 0.06440000
v -0.00000000 0.03630000 0.06440000
v -0.00000000 0.03630000 0.06440000
v -0.00000000 0.03530000 0.06440000
v -0.00000000 0.03530000 0.06440000
v 0.00060000 0.03646100 0.06440000
v 0.00060000 0.03646100 0.06440000
v 0.00110000 0.03559500 0.06440000
v 0.00110000 0.03559500 0.06440000
v 0.00110000 0.03559500 0.06440000
v 0.00103900 0.03690000 0.06440000
v 0.00103900 0.03690000 0.06440000
v 0.00190500 0.03640000 0.06440000
v 0.00190500 0.03640000 0.06440000
v 0.00120000 0.03750000 0.06440000
v 0.00220000 0.03750000 0.06440000
v 0.00103900 0.03810000 0.06440000
v 0.00103900 0.03810000 0.06440000
v 0.00190500 0.03860000 0.06440000
v 0.00190500 0.03860000 0.06440000
v 0.00190500 0.03860000 0.06440000
v 0.00060000 0.03853900 0.06440000
v 0.00060000 0.03853900 0.06440000
v 0.00060000 0.03853900 0.06440000
v 0.00110000 0.03940500 0.06440000
v 0.00110000 0.03940500 0.06440000
v -0.00000000 0.03870000 0.06440000
v -0.00000000 0.03970000 0.06440000
v -0.00060000 0.03853900 0.06440000
v -0.00060000 0.03853900 0.06440000
v -0.00110000 0.03940500 0.06440000
v -0.00110000 0.03940500 0.06440000
v -0.00000000 0.03530000 0.06440000
v -0.00000000 0.03530000 0.06677500
v -0.00000000 0.03530000 0.06677500
v 0.00110000 0.03559500 0.06440000
v 0.00110000 0.03559500 0.06440000
v 0.00110000 0.03559500 0.06677500
v 0.00110000 0.03559500 0.06440000
v 0.00110000 0.03559500 0.06677500
v 0.00110000 0.03559500 0.06677500
v 0.00190500 0.03640000 0.06440000
v 0.00190500 0.03640000 0.06440000
v 0.00190500 0.03640000 0.06677500
v 0.00190500 0.03640000 0.06440000
v 0.00190500 0.03640000 0.06677500
v 0.00190500 0.03640000 0.06677500
v 0.00220000 0.03750000 0.06440000
v 0.00220000 0.03750000 0.06440000
v 0.00220000 0.03750000 0.06677500
v 0.00220000 0.03750000 0.06440000
v 0.00220000 0.03750000 0.06677500
v 0.00220000 0.03750000 0.06677500
v 0.00190500 0.03860000 0.06440000
v 0.00190500 0.03860000 0.06440000
v 0.00190500 0.03860000 0.06677500
v 0.00190500 0.03860000 0.06440000
v 0.00190500 0.03860000 0.06677500
v 0.00190500 0.03860000 0.06677500
v 0.00110000 0.03940500 0.06440000
v 0.00110000 0.03940500 0.06440000
v 0.00110000 0.03940500 0.06677500
v 0.00110000 0.03940500 0.06440000
v 0.00110000 0.03940500 0.06677500
v 0.00110000 0.03940500 0.06677500
v -0.00000000 0.03970000 0.06440000
v -0.00000000 0.03970000 0.06440000
v -0.00000000 0.03970000 0.06677500
v -0.00000000 0.03970000 0.06440000
v -0.00000000 0.03970000 0.06677500
v -0.00000000 0.03970000 0.06677500
v -0.00110000 0.03940500 0.06440000
v -0.00110000 0.03940500 0.06440000
v -0.00110000 0.03940500 0.06677500
v -0.00110000 0.03940500 0.06440000
v -0.00110000 0.03940500 0.06677500
v -0.00110000 0.03940500 0.06677500
v -0.00190500 0.03860000 0.06440000
v -0.00190500 0.03860000 0.06440000
v -0.00190500 0.03860000 0.06677500
v -0.00190500 0.03860000 0.06440000
v -0.00190500 0.03860000 0.06677500
v -0.00190500 0.03860000 0.06677500
v -0.00220000 0.03750000 0.06440000
v -0.00220000 0.03750000 0.06440000
v -0.00220000 0.03750000 0.06677500
v -0.00220000 0.03750000 0.06440000
v -0.00220000 0.03750000 0.06677500
v -0.00220000 0.03750000 0.06677500
v -0.00190500 0.03640000 0.06440000
v -0.00190500 0.03640000 0.06440000
v -0.00190500 0.03640000 0.06677500
v -0.00190500 0.03640000 0.06440000
v -0.00190500 0.03640000 0.06677500
v -0.00190500 0.03640000 0.06677500
v -0.00110000 0.03559500 0.06440000
v -0.00110000 0.03559500 0.06440000
v -0.00110000 0.03559500 0.06677500
v -0.00110000 0.03559500 0.06440000
v -0.00110000 0.03559500 0.06677500
v -0.00110000 0.03559500 0.06677500
v -0.00000000 0.03530000 0.06440000
v -0.00000000 0.03530000 0.06440000
v -0.00000000 0.03530000 0.06677500
v 0.00110000 0.03559500 0.06677500
v 0.00111200 0.03557300 0.06680000
v 0.00190500 0.03640000 0.06677500
v 0.00192700 0.03638800 0.06680000
v 0.00220000 0.03750000 0.06677500
v 0.00222500 0.03750000 0.06680000
v 0.00190500 0.03860000 0.06677500
v 0.00192700 0.03861200 0.06680000
v 0.00110000 0.03940500 0.06677500
v 0.00111200 0.03942700 0.06680000
v -0.00000000 0.03970000 0.06677500
v -0.00000000 0.03972500 0.06680000
v -0.00110000 0.03940500 0.06677500
v -0.00110000 0.03940500 0.06677500
v -0.00111200 0.03942700 0.06680000
v -0.00111200 0.03942700 0.06680000
v -0.00190500 0.03860000 0.06677500
v -0.00192700 0.03861200 0.06680000
v -0.00220000 0.03750000 0.06677500
v -0.00222500 0.03750000 0.06680000
v -0.00190500 0.03640000 0.06677500
v -0.00192700 0.03638700 0.06680000
v -0.00110000 0.03559500 0.06677500
v -0.00111200 0.03557300 0.06680000
v -0.00000000 0.03530000 0.06677500
v -0.00000000 0.03527500 0.06680000
v -0.00000000 0.02130000 0.06200000
v -0.00000000 0.02130000 0.06440000
v -0.00000000 0.02130000 0.06440000
v 0.00060000 0.02146100 0.06200000
v 0.00060000 0.02146100 0.06200000
v 0.00060000 0.02146100 0.06440000
v 0.00060000 0.02146100 0.06200000
v 0.00060000 0.02146100 0.06440000
v 0.00060000 0.02146100 0.06440000
v 0.00103900 0.02190000 0.06200000
v 0.00103900 0.02190000 0.06200000
v 0.00103900 0.02190000 0.06440000
v 0.00103900 0.02190000 0.06200000
v 0.00103900 0.02190000 0.06440000
v 0.00103900 0.02190000 0.06440000
v 0.00120000 0.02250000 0.06200000
v 0.00120000 0.02250000 0.06200000
v 0.00120000 0.02250000 0.06440000
v 0.00120000 0.02250000 0.06200000
v 0.00120000 0.02250000 0.06440000
v 0.00120000 0.02250000 0.06440000
v 0.00103900 0.02310000 0.06200000
v 0.00103900 0.02310000 0.06200000
v 0.00103900 0.02310000 0.06440000
v 0.00103900 0.02310000 0.06200000
v 0.00103900 0.02310000 0.06440000
v 0.00103900 0.02310000 0.06440000
v 0.00060000 0.02353900 0.06200000
v 0.00060000 0.02353900 0.06200000
v 0.00060000 0.02353900 0.06440000
v 0.00060000 0.02353900 0.06200000
v 0.00060000 0.02353900 0.06440000
v 0.00060000 0.02353900 0.06440000
v -0.00000000 0.02370000 0.06200000
v -0.00000000 0.02370000 0.06200000
v -0.00000000 0.02370000 0.06440000
v -0.00000000 0.02370000 0.06200000
v -0.00000000 0.02370000 0.06440000
v -0.00000000 0.02370000 0.06440000
v -0.00060000 0.02353900 0.06200000
v -0.00060000 0.02353900 0.06200000
v -0.00060000 0.02353900 0.06440000
v -0.00060000 0.02353900 0.06200000
v -0.00060000 0.02353900 0.06440000
v -0.00060000 0.02353900 0.06440000
v -0.00103900 0.02310000 0.06200000
v -0.00103900 0.02310000 0.06200000
v -0.00103900 0.02310000 0.06440000
v -0.00103900 0.02310000 0.06200000
v -0.00103900 0.02310000 0.06440000
v -0.00103900 0.02310000 0.06440000
v -0.00120000 0.02250000 0.06200000
v -0.00120000 0.02250000 0.06200000
v -0.00120000 0.02250000 0.06440000
v -0.00120000 0.02250000 0.06200000
v -0.00120000 0.02250000 0.06440000
v -0.00120000 0.02250000 0.06440000
v -0.00103900 0.02190000 0.06200000
v -0.00103900 0.02190000 0.06200000
v -0.00103900 0.02190000 0.06440000
v -0.00103900 0.02190000 0.06200000
v -0.00103900 0.02190000 0.06440000
v -0.00103900 0.02190000 0.06440000
v -0.00060000 0.02146100 0.06200000
v -0.00060000 0.02146100 0.06200000
v -0.00060000 0.02146100 0.06440000
v -0.00060000 0.02146100 0.06200000
v -0.00060000 0.02146100 0.06440000
v -0.00060000 0.02146100 0.06440000
v -0.00000000 0.02130000 0.06200000
v -0.00000000 0.02130000 0.06200000
v -0.00000000 0.02130000 0.06440000
v -0.00103900 0.02310000 0.06440000
v -0.00103900 0.02310000 0.06440000
v -0.00190500 0.02360000 0.06440000
v -0.00120000 0.02250000 0.06440000
v -0.00220000 0.02250000 0.06440000
v -0.00103900 0.02190000 0.06440000
v -0.00190500 0.02140000 0.06440000
v -0.00060000 0.02146100 0.06440000
v -0.00110000 0.02059500 0.06440000
v -0.00000000 0.02130000 0.06440000
v -0.00000000 0.02030000 0.06440000
v 0.00060000 0.02146100 0.06440000
v 0.00060000 0.02146100 0.06440000
v 0.00110000 0.02059500 0.06440000
v 0.00110000 0.02059500 0.06440000
v 0.00103900 0.02190000 0.06440000
v 0.00103900 0.02190000 0.06440000
v 0.00190500 0.02140000 0.06440000
v 0.00120000 0.02250000 0.06440000
v 0.00220000 0.02250000 0.06440000
v 0.00103900 0.02310000 0.06440000
v 0.00190500 0.02360000 0.06440000
v 0.00060000 0.02353900 0.06440000
v 0.00110000 0.02440500 0.06440000
v -0.00000000 0.02370000 0.06440000
v -0.00000000 0.02470000 0.06440000
v -0.00060000 0.02353900 0.06440000
v -0.00060000 0.02353900 0.06440000
v -0.00110000 0.02440500 0.06440000
v -0.00110000 0.02440500 0.06440000
v -0.00000000 0.02030000 0.06440000
v -0.00000000 0.02030000 0.06677500
v 0.00110000 0.02059500 0.06440000
v 0.00110000 0.02059500 0.06677500
v 0.00110000 0.02059500 0.06440000
v 0.00110000 0.02059500 0.06677500
v 0.00110000 0.02059500 0.06677500
v 0.00190500 0.02140000 0.06440000
v 0.00190500 0.02140000 0.06440000
v 0.00190500 0.02140000 0.06677500
v 0.00190500 0.02140000 0.06440000
v 0.00190500 0.02140000 0.06677500
v 0.00220000 0.02250000 0.06440000
v 0.00220000 0.02250000 0.06677500
v 0.00220000 0.02250000 0.06440000
v 0.00220000 0.02250000 0.06677500
v 0.00190500 0.02360000 0.06440000
v 0.00190500 0.02360000 0.06677500
v 0.00190500 0.02360000 0.06440000
v 0.00190500 0.02360000 0.06677500
v 0.00110000 0.02440500 0.06440000
v 0.00110000 0.02440500 0.06677500
v 0.00110000 0.02440500 0.06440000
v 0.00110000 0.02440500 0.06677500
v -0.00000000 0.02470000 0.06440000
v -0.00000000 0.02470000 0.06677500
v -0.00000000 0.02470000 0.06440000
v -0.00000000 0.02470000 0.06677500
v -0.00110000 0.02440500 0.06440000
v -0.00110000 0.02440500 0.06677500
v -0.00110000 0.02440500 0.06440000
v -0.00110000 0.02440500 0.06677500
v -0.00110000 0.02440500 0.06677500
v -0.00190500 0.02360000 0.06440000
v -0.00190500 0.02360000 0.06440000
v -0.00190500 0.02360000 0.06677500
v -0.00190500 0.02360000 0.06440000
v -0.00190500 0.02360000 0.06677500
v -0.00220000 0.02250000 0.06440000
v -0.00220000 0.02250000 0.06677500
v -0.00220000 0.02250000 0.06440000
v -0.00220000 0.02250000 0.06677500
v -0.00190500 0.02140000 0.06440000
v -0.00190500 0.02140000 0.06677500
v -0.00190500 0.02140000 0.06440000
v -0.00190500 0.02140000 0.06677500
v -0.00110000 0.02059500 0.06440000
v -0.00110000 0.02059500 0.06677500
v -0.00110000 0.02059500 0.06440000
v -0.00110000 0.02059500 0.06677500
v -0.00000000 0.02030000 0.06440000
v -0.00000000 0.02030000 0.06677500
v 0.00110000 0.02059500 0.06677500
v 0.00111200 0.02057300 0.06680000
v 0.00190500 0.02140000 0.06677500
v 0.00192700 0.02138700 0.06680000
v 0.00220000 0.02250000 0.06677500
v 0.00222500 0.02250000 0.06680000
v 0.00190500 0.02360000 0.06677500
v 0.00192700 0.02361200 0.06680000
v 0.00110000 0.02440500 0.06677500
v 0.00111200 0.02442700 0.06680000
v -0.00000000 0.02470000 0.06677500
v -0.00000000 0.02472500 0.06680000
v -0.00110000 0.02440500 0.06677500
v -0.00110000 0.02440500 0.06677500
v -0.00111200 0.02442700 0.06680000
v -0.00111200 0.02442700 0.06680000
v -0.00190500 0.02360000 0.06677500
v -0.00192700 0.02361200 0.06680000
v -0.00220000 0.02250000 0.06677500
v -0.00222500 0.02250000 0.06680000
v -0.00190500 0.02140000 0.06677500
v -0.00192700 0.02138700 0.06680000
v -0.00110000 0.02059500 0.06677500
v -0.00111200 0.02057300 0.06680000
v -0.00000000 0.02030000 0.06677500
v -0.00000000 0.02027500 0.06680000
v -0.00000000 0.00630000 0.06200000
v -0.00000000 0.00630000 0.06440000
v -0.00000000 0.00630000 0.06440000
v 0.00060000 0.00646100 0.06200000
v 0.00060000 0.00646100 0.06200000
v 0.00060000 0.00646100 0.06440000
v 0.00060000 0.00646100 0.06200000
v 0.00060000 0.00646100 0.06440000
v 0.00060000 0.00646100 0.06440000
v 0.00103900 0.00690000 0.06200000
v 0.00103900 0.00690000 0.06200000
v 0.00103900 0.00690000 0.06440000
v 0.00103900 0.00690000 0.06200000
v 0.00103900 0.00690000 0.06440000
v 0.00103900 0.00690000 0.06440000
v 0.00120000 0.00750000 0.06200000
v 0.00120000 0.00750000 0.06200000
v 0.00120000 0.00750000 0.06440000
v 0.00120000 0.00750000 0.06200000
v 0.00120000 0.00750000 0.06440000
v 0.00120000 0.00750000 0.06440000
v 0.00103900 0.00810000 0.06200000
v 0.00103900 0.00810000 0.06200000
v 0.00103900 0.00810000 0.06440000
v 0.00103900 0.00810000 0.06200000
v 0.00103900 0.00810000 0.06440000
v 0.00103900 0.00810000 0.06440000
v 0.00060000 0.00853900 0.06200000
v 0.00060000 0.00853900 0.06200000
v 0.00060000 0.00853900 0.06440000
v 0.00060000 0.00853900 0.06200000
v 0.00060000 0.00853900 0.06440000
v 0.00060000 0.00853900 0.06440000
v -0.00000000 0.00870000 0.06200000
v -0.00000000 0.00870000 0.06200000
v -0.00000000 0.00870000 0.06440000
v -0.00000000 0.00870000 0.06200000
v -0.00000000 0.00870000 0.06440000
v -0.00000000 0.00870000 0.06440000
v -0.00060000 0.00853900 0.06200000
v -0.00060000 0.00853900 0.06200000
v -0.00060000 0.00853900 0.06440000
v -0.00060000 0.00853900 0.06200000
v -0.00060000 0.00853900 0.06440000
v -0.00060000 0.00853900 0.06440000
v -0.00103900 0.00810000 0.06200000
v -0.00103900 0.00810000 0.06200000
v -0.00103900 0.00810000 0.06440000
v -0.00103900 0.00810000 0.06200000
v -0.00103900 0.00810000 0.06440000
v -0.00103900 0.00810000 0.06440000
v -0.00120000 0.00750000 0.06200000
v -0.00120000 0.00750000 0.06200000
v -0.00120000 0.00750000 0.06440000
v -0.00120000 0.00750000 0.06200000
v -0.00120000 0.00750000 0.06440000
v -0.00120000 0.00750000 0.06440000
v -0.00103900 0.00690000 0.06200000
v -0.00103900 0.00690000 0.06200000
v -0.00103900 0.00690000 0.06440000
v -0.00103900 0.00690000 0.06200000
v -0.00103900 0.00690000 0.06440000
v -0.00103900 0.00690000 0.06440000
v -0.00060000 0.00646100 0.06200000
v -0.00060000 0.00646100 0.06200000
v -0.00060000 0.00646100 0.06440000
v -0.00060000 0.00646100 0.06200000
v -0.00060000 0.00646100 0.06440000
v -0.00060000 0.00646100 0.06440000
v -0.00000000 0.00630000 0.06200000
v -0.00000000 0.00630000 0.06200000
v -0.00000000 0.00630000 0.06440000
v -0.00103900 0.00810000 0.06440000
v -0.00103900 0.00810000 0.06440000
v -0.00190500 0.00860000 0.06440000
v -0.00190500 0.00860000 0.06440000
v -0.00120000 0.00750000 0.06440000
v -0.00220000 0.00750000 0.06440000
v -0.00103900 0.00690000 0.06440000
v -0.00103900 0.00690000 0.06440000
v -0.00190500 0.00640000 0.06440000
v -0.00190500 0.00640000 0.06440000
v -0.00190500 0.00640000 0.06440000
v -0.00060000 0.00646100 0.06440000
v -0.00060000 0.00646100 0.06440000
v -0.00060000 0.00646100 0.06440000
v -0.00110000 0.00559500 0.06440000
v -0.00110000 0.00559500 0.06440000
v -0.00000000 0.00630000 0.06440000
v -0.00000000 0.00530000 0.06440000
v 0.00060000 0.00646100 0.06440000
v 0.00060000 0.00646100 0.06440000
v 0.00110000 0.00559500 0.06440000
v 0.00110000 0.00559500 0.06440000
v 0.00103900 0.00690000 0.06440000
v 0.00103900 0.00690000 0.06440000
v 0.00190500 0.00640000 0.06440000
v 0.00120000 0.00750000 0.06440000
v 0.00220000 0.00750000 0.06440000
v 0.00103900 0.00810000 0.06440000
v 0.00190500 0.00860000 0.06440000
v 0.00060000 0.00853900 0.06440000
v 0.00110000 0.00940500 0.06440000
v -0.00000000 0.00870000 0.06440000
v -0.00000000 0.00970000 0.06440000
v -0.00000000 0.00970000 0.06440000
v -0.00060000 0.00853900 0.06440000
v -0.00060000 0.00853900 0.06440000
v -0.00110000 0.00940500 0.06440000
v -0.00110000 0.00940500 0.06440000
v -0.00110000 0.00940500 0.06440000
v -0.00000000 0.00530000 0.06440000
v -0.00000000 0.00530000 0.06677500
v 0.00110000 0.00559500 0.06440000
v 0.00110000 0.00559500 0.06677500
v 0.00110000 0.00559500 0.06440000
v 0.00110000 0.00559500 0.06677500
v 0.00110000 0.00559500 0.06677500
v 0.00190500 0.00640000 0.06440000
v 0.00190500 0.00640000 0.06440000
v 0.00190500 0.00640000 0.06677500
v 0.00190500 0.00640000 0.06440000
v 0.00190500 0.00640000 0.06677500
v 0.00190500 0.00640000 0.06677500
v 0.00220000 0.00750000 0.06440000
v 0.00220000 0.00750000 0.06440000
v 0.00220000 0.00750000 0.06677500
v 0.00220000 0.00750000 0.06440000
v 0.00220000 0.00750000 0.06677500
v 0.00190500 0.00860000 0.06440000
v 0.00190500 0.00860000 0.06677500
v 0.00190500 0.00860000 0.06440000
v 0.00190500 0.00860000 0.06677500
v 0.00190500 0.00860000 0.06677500
v 0.00110000 0.00940500 0.06440000
v 0.00110000 0.00940500 0.06440000
v 0.00110000 0.00940500 0.06677500
v 0.00110000 0.00940500 0.06440000
v 0.00110000 0.00940500 0.06677500
v -0.00000000 0.00970000 0.06440000
v -0.00000000 0.00970000 0.06677500
v -0.00000000 0.00970000 0.06440000
v -0.00000000 0.00970000 0.06677500
v -0.00000000 0.00970000 0.06677500
v -0.00110000 0.00940500 0.06440000
v -0.00110000 0.00940500 0.06440000
v -0.00110000 0.00940500 0.06677500
v -0.00110000 0.00940500 0.06440000
v -0.00110000 0.00940500 0.06677500
v -0.00110000 0.00940500 0.06677500
v -0.00190500 0.00860000 0.06440000
v -0.00190500 0.00860000 0.06440000
v -0.00190500 0.00860000 0.06677500
v -0.00190500 0.00860000 0.06440000
v -0.00190500 0.00860000 0.06677500
v -0.00220000 0.00750000 0.06440000
v -0.00220000 0.00750000 0.06677500
v -0.00220000 0.00750000 0.06440000
v -0.00220000 0.00750000 0.06677500
v -0.00220000 0.00750000 0.06677500
v -0.00190500 0.00640000 0.06440000
v -0.00190500 0.00640000 0.06440000
v -0.00190500 0.00640000 0.06677500
v -0.00190500 0.00640000 0.06440000
v -0.00190500 0.00640000 0.06677500
v -0.00190500 0.00640000 0.06677500
v -0.00110000 0.00559500 0.06440000
v -0.00110000 0.00559500 0.06440000
v -0.00110000 0.00559500 0.06677500
v -0.00110000 0.00559500 0.06440000
v -0.00110000 0.00559500 0.06677500
v -0.00000000 0.00530000 0.06440000
v -0.00000000 0.00530000 0.06677500
v 0.00110000 0.00559500 0.06677500
v 0.00111200 0.00557300 0.06680000
v 0.00190500 0.00640000 0.06677500
v 0.00192700 0.00638700 0.06680000
v 0.00220000 0.00750000 0.06677500
v 0.00222500 0.00750000 0.06680000
v 0.00190500 0.00860000 0.06677500
v 0.00192700 0.00861200 0.06680000
v 0.00110000 0.00940500 0.06677500
v 0.00111200 0.00942700 0.06680000
v -0.00000000 0.00970000 0.06677500
v -0.00000000 0.00972500 0.06680000
v -0.00110000 0.00940500 0.06677500
v -0.00110000 0.00940500 0.06677500
v -0.00111200 0.00942700 0.06680000
v -0.00111200 0.00942700 0.06680000
v -0.00190500 0.00860000 0.06677500
v -0.00192700 0.00861200 0.06680000
v -0.00220000 0.00750000 0.06677500
v -0.00222500 0.00750000 0.06680000
v -0.00190500 0.00640000 0.06677500
v -0.00192700 0.00638700 0.06680000
v -0.00110000 0.00559500 0.06677500
v -0.00111200 0.00557300 0.06680000
v -0.00000000 0.00530000 0.06677500
v -0.00000000 0.00527500 0.06680000
v 0.00000000 -0.00870000 0.06200000
v 0.00000000 -0.00870000 0.06440000
v 0.00000000 -0.00870000 0.06440000
v 0.00060000 -0.00853900 0.06200000
v 0.00060000 -0.00853900 0.06200000
v 0.00060000 -0.00853900 0.06440000
v 0.00060000 -0.00853900 0.06200000
v 0.00060000 -0.00853900 0.06440000
v 0.00060000 -0.00853900 0.06440000
v 0.00103900 -0.00810000 0.06200000
v 0.00103900 -0.00810000 0.06200000
v 0.00103900 -0.00810000 0.06440000
v 0.00103900 -0.00810000 0.06200000
v 0.00103900 -0.00810000 0.06440000
v 0.00103900 -0.00810000 0.06440000
v 0.00120000 -0.00750000 0.06200000
v 0.00120000 -0.00750000 0.06200000
v 0.00120000 -0.00750000 0.06440000
v 0.00120000 -0.00750000 0.06200000
v 0.00120000 -0.00750000 0.06440000
v 0.00120000 -0.00750000 0.06440000
v 0.00103900 -0.00690000 0.06200000
v 0.00103900 -0.00690000 0.06200000
v 0.00103900 -0.00690000 0.06440000
v 0.00103900 -0.00690000 0.06200000
v 0.00103900 -0.00690000 0.06440000
v 0.00103900 -0.00690000 0.06440000
v 0.00060000 -0.00646100 0.06200000
v 0.00060000 -0.00646100 0.06200000
v 0.00060000 -0.00646100 0.06440000
v 0.00060000 -0.00646100 0.06200000
v 0.00060000 -0.00646100 0.06440000
v 0.00060000 -0.00646100 0.06440000
v 0.00000000 -0.00630000 0.06200000
v 0.00000000 -0.00630000 0.06200000
v 0.00000000 -0.00630000 0.06440000
v 0.00000000 -0.00630000 0.06200000
v 0.00000000 -0.00630000 0.06440000
v 0.00000000 -0.00630000 0.06440000
v -0.00060000 -0.00646100 0.06200000
v -0.00060000 -0.00646100 0.06200000
v -0.00060000 -0.00646100 0.06440000
v -0.00060000 -0.00646100 0.06200000
v -0.00060000 -0.00646100 0.06440000
v -0.00060000 -0.00646100 0.06440000
v -0.00103900 -0.00690000 0.06200000
v -0.00103900 -0.00690000 0.06200000
v -0.00103900 -0.00690000 0.06440000
v -0.00103900 -0.00690000 0.06200000
v -0.00103900 -0.00690000 0.06440000
v -0.00103900 -0.00690000 0.06440000
v -0.00120000 -0.00750000 0.06200000
v -0.00120000 -0.00750000 0.06200000
v -0.00120000 -0.00750000 0.06440000
v -0.00120000 -0.00750000 0.06200000
v -0.00120000 -0.00750000 0.06440000
v -0.00120000 -0.00750000 0.06440000
v -0.00103900 -0.00810000 0.06200000
v -0.00103900 -0.00810000 0.06200000
v -0.00103900 -0.00810000 0.06440000
v -0.00103900 -0.00810000 0.06200000
v -0.00103900 -0.00810000 0.06440000
v -0.00103900 -0.00810000 0.06440000
v -0.00060000 -0.00853900 0.06200000
v -0.00060000 -0.00853900 0.06200000
v -0.00060000 -0.00853900 0.06440000
v -0.00060000 -0.00853900 0.06200000
v -0.00060000 -0.00853900 0.06440000
v -0.00060000 -0.00853900 0.06440000
v 0.00000000 -0.00870000 0.06200000
v 0.00000000 -0.00870000 0.06200000
v 0.00000000 -0.00870000 0.06440000
v -0.00103900 -0.00690000 0.06440000
v -0.00103900 -0.00690000 0.06440000
v -0.00190500 -0.00640000 0.06440000
v -0.00120000 -0.00750000 0.06440000
v -0.00220000 -0.00750000 0.06440000
v -0.00103900 -0.00810000 0.06440000
v -0.00103900 -0.00810000 0.06440000
v -0.00190500 -0.00860000 0.06440000
v -0.00190500 -0.00860000 0.06440000
v -0.00060000 -0.00853900 0.06440000
v -0.00060000 -0.00853900 0.06440000
v -0.00110000 -0.00940500 0.06440000
v 0.00000000 -0.00870000 0.06440000
v 0.00000000 -0.00970000 0.06440000
v 0.00060000 -0.00853900 0.06440000
v 0.00060000 -0.00853900 0.06440000
v 0.00110000 -0.00940500 0.06440000
v 0.00110000 -0.00940500 0.06440000
v 0.00103900 -0.00810000 0.06440000
v 0.00103900 -0.00810000 0.06440000
v 0.00190500 -0.00860000 0.06440000
v 0.00120000 -0.00750000 0.06440000
v 0.00220000 -0.00750000 0.06440000
v 0.00103900 -0.00690000 0.06440000
v 0.00103900 -0.00690000 0.06440000
v 0.00190500 -0.00640000 0.06440000
v 0.00190500 -0.00640000 0.06440000
v 0.00190500 -0.00640000 0.06440000
v 0.00060000 -0.00646100 0.06440000
v 0.00060000 -0.00646100 0.06440000
v 0.00060000 -0.00646100 0.06440000
v 0.00110000 -0.00559500 0.06440000
v 0.00110000 -0.00559500 0.06440000
v 0.00000000 -0.00630000 0.06440000
v 0.00000000 -0.00530000 0.06440000
v -0.00060000 -0.00646100 0.06440000
v -0.00060000 -0.00646100 0.06440000
v -0.00110000 -0.00559500 0.06440000
v -0.00110000 -0.00559500 0.06440000
v 0.00000000 -0.00970000 0.06440000
v 0.00000000 -0.00970000 0.06677500
v 0.00110000 -0.00940500 0.06440000
v 0.00110000 -0.00940500 0.06677500
v 0.00110000 -0.00940500 0.06440000
v 0.00110000 -0.00940500 0.06677500
v 0.00110000 -0.00940500 0.06677500
v 0.00190500 -0.00860000 0.06440000
v 0.00190500 -0.00860000 0.06440000
v 0.00190500 -0.00860000 0.06677500
v 0.00190500 -0.00860000 0.06440000
v 0.00190500 -0.00860000 0.06677500
v 0.00220000 -0.00750000 0.06440000
v 0.00220000 -0.00750000 0.06677500
v 0.00220000 -0.00750000 0.06440000
v 0.00220000 -0.00750000 0.06677500
v 0.00220000 -0.00750000 0.06677500
v 0.00190500 -0.00640000 0.06440000
v 0.00190500 -0.00640000 0.06440000
v 0.00190500 -0.00640000 0.06677500
v 0.00190500 -0.00640000 0.06440000
v 0.00190500 -0.00640000 0.06677500
v 0.00190500 -0.00640000 0.06677500
v 0.00110000 -0.00559500 0.06440000
v 0.00110000 -0.00559500 0.06440000
v 0.00110000 -0.00559500 0.06677500
v 0.00110000 -0.00559500 0.06440000
v 0.00110000 -0.00559500 0.06677500
v 0.00110000 -0.00559500 0.06677500
v 0.00000000 -0.00530000 0.06440000
v 0.00000000 -0.00530000 0.06440000
v 0.00000000 -0.00530000 0.06677500
v 0.00000000 -0.00530000 0.06440000
v 0.00000000 -0.00530000 0.06677500
v 0.00000000 -0.00530000 0.06677500
v -0.00110000 -0.00559500 0.06440000
v -0.00110000 -0.00559500 0.06440000
v -0.00110000 -0.00559500 0.06677500
v -0.00110000 -0.00559500 0.06440000
v -0.00110000 -0.00559500 0.06677500
v -0.00110000 -0.00559500 0.06677500
v -0.00190500 -0.00640000 0.06440000
v -0.00190500 -0.00640000 0.06440000
v -0.00190500 -0.00640000 0.06677500
v -0.00190500 -0.00640000 0.06440000
v -0.00190500 -0.00640000 0.06677500
v -0.00190500 -0.00640000 0.06677500
v -0.00220000 -0.00750000 0.06440000
v -0.00220000 -0.00750000 0.06440000
v -0.00220000 -0.00750000 0.06677500
v -0.00220000 -0.00750000 0.06440000
v -0.00220000 -0.00750000 0.06677500
v -0.00190500 -0.00860000 0.06440000
v -0.00190500 -0.00860000 0.06677500
v -0.00190500 -0.00860000 0.06440000
v -0.00190500 -0.00860000 0.06677500
v -0.00190500 -0.00860000 0.06677500
v -0.00110000 -0.00940500 0.06440000
v -0.00110000 -0.00940500 0.06440000
v -0.00110000 -0.00940500 0.06677500
v -0.00110000 -0.00940500 0.06440000
v -0.00110000 -0.00940500 0.06677500
v 0.00000000 -0.00970000 0.06440000
v 0.00000000 -0.00970000 0.06677500
v 0.00110000 -0.00940500 0.06677500
v 0.00111200 -0.00942700 0.06680000
v 0.00190500 -0.00860000 0.06677500
v 0.00192700 -0.00861200 0.06680000
v 0.00220000 -0.00750000 0.06677500
v 0.00222500 -0.00750000 0.06680000
v 0.00190500 -0.00640000 0.06677500
v 0.00192700 -0.00638700 0.06680000
v 0.00110000 -0.00559500 0.06677500
v 0.00111200 -0.00557300 0.06680000
v 0.00000000 -0.00530000 0.06677500
v 0.00000000 -0.00527500 0.06680000
v -0.00110000 -0.00559500 0.06677500
v -0.00110000 -0.00559500 0.06677500
v -0.00111200 -0.00557300 0.06680000
v -0.00111200 -0.00557300 0.06680000
v -0.00190500 -0.00640000 0.06677500
v -0.00192700 -0.00638700 0.06680000
v -0.00220000 -0.00750000 0.06677500
v -0.00222500 -0.00750000 0.06680000
v -0.00190500 -0.00860000 0.06677500
v -0.00192700 -0.00861200 0.06680000
v -0.00110000 -0.00940500 0.06677500
v -0.00111200 -0.00942700 0.06680000
v 0.00000000 -0.00970000 0.06677500
v 0.00000000 -0.00970000 0.06677500
v -0.00111200 -0.00942700 0.06680000
v 0.00000000 -0.00972500 0.06680000
v 0.00000000 -0.02370000 0.06200000
v 0.00000000 -0.02370000 0.06440000
v 0.00000000 -0.02370000 0.06440000
v 0.00060000 -0.02353900 0.06200000
v 0.00060000 -0.02353900 0.06200000
v 0.00060000 -0.02353900 0.06440000
v 0.00060000 -0.02353900 0.06200000
v 0.00060000 -0.02353900 0.06440000
v 0.00060000 -0.02353900 0.06440000
v 0.00103900 -0.02310000 0.06200000
v 0.00103900 -0.02310000 0.06200000
v 0.00103900 -0.02310000 0.06440000
v 0.00103900 -0.02310000 0.06200000
v 0.00103900 -0.02310000 0.06440000
v 0.00103900 -0.02310000 0.06440000
v 0.00120000 -0.02250000 0.06200000
v 0.00120000 -0.02250000 0.06200000
v 0.00120000 -0.02250000 0.06440000
v 0.00120000 -0.02250000 0.06200000
v 0.00120000 -0.02250000 0.06440000
v 0.00120000 -0.02250000 0.06440000
v 0.00103900 -0.02190000 0.06200000
v 0.00103900 -0.02190000 0.06200000
v 0.00103900 -0.02190000 0.06440000
v 0.00103900 -0.02190000 0.06200000
v 0.00103900 -0.02190000 0.06440000
v 0.00103900 -0.02190000 0.06440000
v 0.00060000 -0.02146100 0.06200000
v 0.00060000 -0.02146100 0.06200000
v 0.00060000 -0.02146100 0.06440000
v 0.00060000 -0.02146100 0.06200000
v 0.00060000 -0.02146100 0.06440000
v 0.00060000 -0.02146100 0.06440000
v 0.00000000 -0.02130000 0.06200000
v 0.00000000 -0.02130000 0.06200000
v 0.00000000 -0.02130000 0.06440000
v 0.00000000 -0.02130000 0.06200000
v 0.00000000 -0.02130000 0.06440000
v 0.00000000 -0.02130000 0.06440000
v -0.00060000 -0.02146100 0.06200000
v -0.00060000 -0.02146100 0.06200000
v -0.00060000 -0.02146100 0.06440000
v -0.00060000 -0.02146100 0.06200000
v -0.00060000 -0.02146100 0.06440000
v -0.00060000 -0.02146100 0.06440000
v -0.00103900 -0.02190000 0.06200000
v -0.00103900 -0.02190000 0.06200000
v -0.00103900 -0.02190000 0.06440000
v -0.00103900 -0.02190000 0.06200000
v -0.00103900 -0.02190000 0.06440000
v -0.00103900 -0.02190000 0.06440000
v -0.00120000 -0.02250000 0.06200000
v -0.00120000 -0.02250000 0.06200000
v -0.00120000 -0.02250000 0.06440000
v -0.00120000 -0.02250000 0.06200000
v -0.00120000 -0.02250000 0.06440000
v -0.00120000 -0.02250000 0.06440000
v -0.00103900 -0.02310000 0.06200000
v -0.00103900 -0.02310000 0.06200000
v -0.00103900 -0.02310000 0.06440000
v -0.00103900 -0.02310000 0.06200000
v -0.00103900 -0.02310000 0.06440000
v -0.00103900 -0.02310000 0.06440000
v -0.00060000 -0.02353900 0.06200000
v -0.00060000 -0.02353900 0.06200000
v -0.00060000 -0.02353900 0.06440000
v -0.00060000 -0.02353900 0.06200000
v -0.00060000 -0.02353900 0.06440000
v -0.00060000 -0.02353900 0.06440000
v 0.00000000 -0.02370000 0.06200000
v 0.00000000 -0.02370000 0.06200000
v 0.00000000 -0.02370000 0.06440000
v -0.00103900 -0.02310000 0.06440000
v -0.00103900 -0.02310000 0.06440000
v -0.00190500 -0.02360000 0.06440000
v -0.00190500 -0.02360000 0.06440000
v -0.00190500 -0.02360000 0.06440000
v -0.00060000 -0.02353900 0.06440000
v -0.00060000 -0.02353900 0.06440000
v -0.00060000 -0.02353900 0.06440000
v -0.00110000 -0.02440500 0.06440000
v -0.00110000 -0.02440500 0.06440000
v 0.00000000 -0.02370000 0.06440000
v 0.00000000 -0.02470000 0.06440000
v 0.00060000 -0.02353900 0.06440000
v 0.00060000 -0.02353900 0.06440000
v 0.00110000 -0.02440500 0.06440000
v 0.00110000 -0.02440500 0.06440000
v 0.00103900 -0.02310000 0.06440000
v 0.00103900 -0.02310000 0.06440000
v 0.00190500 -0.02360000 0.06440000
v 0.00120000 -0.02250000 0.06440000
v 0.00220000 -0.02250000 0.06440000
v 0.00103900 -0.02190000 0.06440000
v 0.00103900 -0.02190000 0.06440000
v 0.00190500 -0.02140000 0.06440000
v 0.00190500 -0.02140000 0.06440000
v 0.00190500 -0.02140000 0.06440000
v 0.00060000 -0.02146100 0.06440000
v 0.00060000 -0.02146100 0.06440000
v 0.00060000 -0.02146100 0.06440000
v 0.00110000 -0.02059500 0.06440000
v 0.00110000 -0.02059500 0.06440000
v 0.00000000 -0.02130000 0.06440000
v 0.00000000 -0.02030000 0.06440000
v -0.00060000 -0.02146100 0.06440000
v -0.00060000 -0.02146100 0.06440000
v -0.00110000 -0.02059500 0.06440000
v -0.00110000 -0.02059500 0.06440000
v -0.00103900 -0.02190000 0.06440000
v -0.00103900 -0.02190000 0.06440000
v -0.00190500 -0.02140000 0.06440000
v -0.00120000 -0.02250000 0.06440000
v -0.00220000 -0.02250000 0.06440000
v 0.00000000 -0.02470000 0.06440000
v 0.00000000 -0.02470000 0.06677500
v 0.00110000 -0.02440500 0.06440000
v 0.00110000 -0.02440500 0.06677500
v 0.00110000 -0.02440500 0.06440000
v 0.00110000 -0.02440500 0.06677500
v 0.00110000 -0.02440500 0.06677500
v 0.00190500 -0.02360000 0.06440000
v 0.00190500 -0.02360000 0.06440000
v 0.00190500 -0.02360000 0.06677500
v 0.00190500 -0.02360000 0.06440000
v 0.00190500 -0.02360000 0.06677500
v 0.00220000 -0.02250000 0.06440000
v 0.00220000 -0.02250000 0.06677500
v 0.00220000 -0.02250000 0.06440000
v 0.00220000 -0.02250000 0.06677500
v 0.00190500 -0.02140000 0.06440000
v 0.00190500 -0.02140000 0.06677500
v 0.00190500 -0.02140000 0.06440000
v 0.00190500 -0.02140000 0.06677500
v 0.00110000 -0.02059500 0.06440000
v 0.00110000 -0.02059500 0.06677500
v 0.00110000 -0.02059500 0.06440000
v 0.00110000 -0.02059500 0.06677500
v 0.00000000 -0.02030000 0.06440000
v 0.00000000 -0.02030000 0.06677500
v 0.00000000 -0.02030000 0.06440000
v 0.00000000 -0.02030000 0.06677500
v -0.00110000 -0.02059500 0.06440000
v -0.00110000 -0.02059500 0.06677500
v -0.00110000 -0.02059500 0.06440000
v -0.00110000 -0.02059500 0.06677500
v -0.00110000 -0.02059500 0.06677500
v -0.00190500 -0.02140000 0.06440000
v -0.00190500 -0.02140000 0.06440000
v -0.00190500 -0.02140000 0.06677500
v -0.00190500 -0.02140000 0.06440000
v -0.00190500 -0.02140000 0.06677500
v -0.00220000 -0.02250000 0.06440000
v -0.00220000 -0.02250000 0.06677500
v -0.00220000 -0.02250000 0.06440000
v -0.00220000 -0.02250000 0.06677500
v -0.00190500 -0.02360000 0.06440000
v -0.00190500 -0.02360000 0.06677500
v -0.00190500 -0.02360000 0.06440000
v -0.00190500 -0.02360000 0.06677500
v -0.00110000 -0.02440500 0.06440000
v -0.00110000 -0.02440500 0.06677500
v -0.00110000 -0.02440500 0.06440000
v -0.00110000 -0.02440500 0.06677500
v 0.00000000 -0.02470000 0.06440000
v 0.00000000 -0.02470000 0.06677500
v 0.00110000 -0.02440500 0.06677500
v 0.00111200 -0.02442700 0.06680000
v 0.00190500 -0.02360000 0.06677500
v 0.00192700 -0.02361200 0.06680000
v 0.00220000 -0.02250000 0.06677500
v 0.00220000 -0.02250000 0.06677500
v 0.00222500 -0.02250000 0.06680000
v 0.00222500 -0.02250000 0.06680000
v 0.00190500 -0.02140000 0.06677500
v 0.00190500 -0.02140000 0.06677500
v 0.00192700 -0.02138700 0.06680000
v 0.00192700 -0.02138700 0.06680000
v 0.00110000 -0.02059500 0.06677500
v 0.00111200 -0.02057300 0.06680000
v 0.00000000 -0.02030000 0.06677500
v 0.00000000 -0.02027500 0.06680000
v -0.00110000 -0.02059500 0.06677500
v -0.00111200 -0.02057300 0.06680000
v -0.00190500 -0.02140000 0.06677500
v -0.00192700 -0.02138700 0.06680000
v -0.00220000 -0.02250000 0.06677500
v -0.00222500 -0.02250000 0.06680000
v -0.00190500 -0.02360000 0.06677500
v -0.00192700 -0.02361200 0.06680000
v -0.00110000 -0.02440500 0.06677500
v -0.00111200 -0.02442700 0.06680000
v 0.00000000 -0.02470000 0.06677500
v 0.00000000 -0.02472500 0.06680000
v 0.00000000 -0.03870000 0.06200000
v 0.00000000 -0.03870000 0.06440000
v 0.00000000 -0.03870000 0.06440000
v 0.00060000 -0.03853900 0.06200000
v 0.00060000 -0.03853900 0.06200000
v 0.00060000 -0.03853900 0.06440000
v 0.00060000 -0.03853900 0.06200000
v 0.00060000 -0.03853900 0.06440000
v 0.00060000 -0.03853900 0.06440000
v 0.00103900 -0.03810000 0.06200000
v 0.00103900 -0.03810000 0.06200000
v 0.00103900 -0.03810000 0.06440000
v 0.00103900 -0.03810000 0.06200000
v 0.00103900 -0.03810000 0.06440000
v 0.00103900 -0.03810000 0.06440000
v 0.00120000 -0.03750000 0.06200000
v 0.00120000 -0.03750000 0.06200000
v 0.00120000 -0.03750000 0.06440000
v 0.00120000 -0.03750000 0.06200000
v 0.00120000 -0.03750000 0.06440000
v 0.00120000 -0.03750000 0.06440000
v 0.00103900 -0.03690000 0.06200000
v 0.00103900 -0.03690000 0.06200000
v 0.00103900 -0.03690000 0.06440000
v 0.00103900 -0.03690000 0.06200000
v 0.00103900 -0.03690000 0.06440000
v 0.00103900 -0.03690000 0.06440000
v 0.00060000 -0.03646100 0.06200000
v 0.00060000 -0.03646100 0.06200000
v 0.00060000 -0.03646100 0.06440000
v 0.00060000 -0.03646100 0.06200000
v 0.00060000 -0.03646100 0.06440000
v 0.00060000 -0.03646100 0.06440000
v 0.00000000 -0.03630000 0.06200000
v 0.00000000 -0.03630000 0.06200000
v 0.00000000 -0.03630000 0.06440000
v 0.00000000 -0.03630000 0.06200000
v 0.00000000 -0.03630000 0.06440000
v 0.00000000 -0.03630000 0.06440000
v -0.00060000 -0.03646100 0.06200000
v -0.00060000 -0.03646100 0.06200000
v -0.00060000 -0.03646100 0.06440000
v -0.00060000 -0.03646100 0.06200000
v -0.00060000 -0.03646100 0.06440000
v -0.00060000 -0.03646100 0.06440000
v -0.00103900 -0.03690000 0.06200000
v -0.00103900 -0.03690000 0.06200000
v -0.00103900 -0.03690000 0.06440000
v -0.00103900 -0.03690000 0.06200000
v -0.00103900 -0.03690000 0.06440000
v -0.00103900 -0.03690000 0.06440000
v -0.00120000 -0.03750000 0.06200000
v -0.00120000 -0.03750000 0.06200000
v -0.00120000 -0.03750000 0.06440000
v -0.00120000 -0.03750000 0.06200000
v -0.00120000 -0.03750000 0.06440000
v -0.00120000 -0.03750000 0.06440000
v -0.00103900 -0.03810000 0.06200000
v -0.00103900 -0.03810000 0.06200000
v -0.00103900 -0.03810000 0.06440000
v -0.00103900 -0.03810000 0.06200000
v -0.00103900 -0.03810000 0.06440000
v -0.00103900 -0.03810000 0.06440000
v -0.00060000 -0.03853900 0.06200000
v -0.00060000 -0.03853900 0.06200000
v -0.00060000 -0.03853900 0.06440000
v -0.00060000 -0.03853900 0.06200000
v -0.00060000 -0.03853900 0.06440000
v -0.00060000 -0.03853900 0.06440000
v 0.00000000 -0.03870000 0.06200000
v 0.00000000 -0.03870000 0.06200000
v 0.00000000 -0.03870000 0.06440000
v 0.00103900 -0.03810000 0.06440000
v 0.00103900 -0.03810000 0.06440000
v 0.00190500 -0.03860000 0.06440000
v 0.00120000 -0.03750000 0.06440000
v 0.00220000 -0.03750000 0.06440000
v 0.00103900 -0.03690000 0.06440000
v 0.00103900 -0.03690000 0.06440000
v 0.00190500 -0.03640000 0.06440000
v 0.00190500 -0.03640000 0.06440000
v 0.00060000 -0.03646100 0.06440000
v 0.00060000 -0.03646100 0.06440000
v 0.00110000 -0.03559500 0.06440000
v 0.00000000 -0.03630000 0.06440000
v 0.00000000 -0.03530000 0.06440000
v -0.00060000 -0.03646100 0.06440000
v -0.00060000 -0.03646100 0.06440000
v -0.00110000 -0.03559500 0.06440000
v -0.00110000 -0.03559500 0.06440000
v -0.00103900 -0.03690000 0.06440000
v -0.00103900 -0.03690000 0.06440000
v -0.00190500 -0.03640000 0.06440000
v -0.00120000 -0.03750000 0.06440000
v -0.00220000 -0.03750000 0.06440000
v -0.00103900 -0.03810000 0.06440000
v -0.00103900 -0.03810000 0.06440000
v -0.00190500 -0.03860000 0.06440000
v -0.00190500 -0.03860000 0.06440000
v -0.00190500 -0.03860000 0.06440000
v -0.00060000 -0.03853900 0.06440000
v -0.00060000 -0.03853900 0.06440000
v -0.00060000 -0.03853900 0.06440000
v -0.00110000 -0.03940500 0.06440000
v -0.00110000 -0.03940500 0.06440000
v 0.00000000 -0.03870000 0.06440000
v 0.00000000 -0.03970000 0.06440000
v 0.00060000 -0.03853900 0.06440000
v 0.00060000 -0.03853900 0.06440000
v 0.00110000 -0.03940500 0.06440000
v 0.00110000 -0.03940500 0.06440000
v 0.00000000 -0.03970000 0.06440000
v 0.00000000 -0.03970000 0.06677500
v 0.00000000 -0.03970000 0.06677500
v 0.00110000 -0.03940500 0.06440000
v 0.00110000 -0.03940500 0.06440000
v 0.00110000 -0.03940500 0.06677500
v 0.00110000 -0.03940500 0.06440000
v 0.00110000 -0.03940500 0.06677500
v 0.00110000 -0.03940500 0.06677500
v 0.00190500 -0.03860000 0.06440000
v 0.00190500 -0.03860000 0.06440000
v 0.00190500 -0.03860000 0.06677500
v 0.00190500 -0.03860000 0.06440000
v 0.00190500 -0.03860000 0.06677500
v 0.00190500 -0.03860000 0.06677500
v 0.00220000 -0.03750000 0.06440000
v 0.00220000 -0.03750000 0.06440000
v 0.00220000 -0.03750000 0.06677500
v 0.00220000 -0.03750000 0.06440000
v 0.00220000 -0.03750000 0.06677500
v 0.00220000 -0.03750000 0.06677500
v 0.00190500 -0.03640000 0.06440000
v 0.00190500 -0.03640000 0.06440000
v 0.00190500 -0.03640000 0.06677500
v 0.00190500 -0.03640000 0.06440000
v 0.00190500 -0.03640000 0.06677500
v 0.00190500 -0.03640000 0.06677500
v 0.00110000 -0.03559500 0.06440000
v 0.00110000 -0.03559500 0.06440000
v 0.00110000 -0.03559500 0.06677500
v 0.00110000 -0.03559500 0.06440000
v 0.00110000 -0.03559500 0.06677500
v 0.00110000 -0.03559500 0.06677500
v 0.00000000 -0.03530000 0.06440000
v 0.00000000 -0.03530000 0.06440000
v 0.00000000 -0.03530000 0.06677500
v 0.00000000 -0.03530000 0.06440000
v 0.00000000 -0.03530000 0.06677500
v 0.00000000 -0.03530000 0.06677500
v -0.00110000 -0.03559500 0.06440000
v -0.00110000 -0.03559500 0.06440000
v -0.00110000 -0.03559500 0.06677500
v -0.00110000 -0.03559500 0.06440000
v -0.00110000 -0.03559500 0.06677500
v -0.00110000 -0.03559500 0.06677500
v -0.00190500 -0.03640000 0.06440000
v -0.00190500 -0.03640000 0.06440000
v -0.00190500 -0.03640000 0.06677500
v -0.00190500 -0.03640000 0.06440000
v -0.00190500 -0.03640000 0.06677500
v -0.00190500 -0.03640000 0.06677500
v -0.00220000 -0.03750000 0.06440000
v -0.00220000 -0.03750000 0.06440000
v -0.00220000 -0.03750000 0.06677500
v -0.00220000 -0.03750000 0.06440000
v -0.00220000 -0.03750000 0.06677500
v -0.00220000 -0.03750000 0.06677500
v -0.00190500 -0.03860000 0.06440000
v -0.00190500 -0.03860000 0.06440000
v -0.00190500 -0.03860000 0.06677500
v -0.00190500 -0.03860000 0.06440000
v -0.00190500 -0.03860000 0.06677500
v -0.00190500 -0.03860000 0.06677500
v -0.00110000 -0.03940500 0.06440000
v -0.00110000 -0.03940500 0.06440000
v -0.00110000 -0.03940500 0.06677500
v -0.00110000 -0.03940500 0.06440000
v -0.00110000 -0.03940500 0.06677500
v -0.00110000 -0.03940500 0.06677500
v 0.00000000 -0.03970000 0.06440000
v 0.00000000 -0.03970000 0.06440000
v 0.00000000 -0.03970000 0.06677500
v 0.00110000 -0.03940500 0.06677500
v 0.00111200 -0.03942700 0.06680000
v 0.00190500 -0.03860000 0.06677500
v 0.00192700 -0.03861200 0.06680000
v 0.00220000 -0.03750000 0.06677500
v 0.00222500 -0.03750000 0.06680000
v 0.00190500 -0.03640000 0.06677500
v 0.00192700 -0.03638700 0.06680000
v 0.00110000 -0.03559500 0.06677500
v 0.00111200 -0.03557300 0.06680000
v 0.00000000 -0.03530000 0.06677500
v 0.00000000 -0.03527500 0.06680000
v -0.00110000 -0.03559500 0.06677500
v -0.00111200 -0.03557300 0.06680000
v -0.00190500 -0.03640000 0.06677500
v -0.00192700 -0.03638800 0.06680000
v -0.00220000 -0.03750000 0.06677500
v -0.00222500 -0.03750000 0.06680000
v -0.00190500 -0.03860000 0.06677500
v -0.00192700 -0.03861200 0.06680000
v -0.00110000 -0.03940500 0.06677500
v -0.00111200 -0.03942700 0.06680000
v 0.00000000 -0.03970000 0.06677500
v 0.00000000 -0.03972500 0.06680000
v 0.00000000 -0.05370000 0.06200000
v 0.00000000 -0.05370000 0.06440000
v 0.00000000 -0.05370000 0.06440000
v 0.00060000 -0.05353900 0.06200000
v 0.00060000 -0.05353900 0.06200000
v 0.00060000 -0.05353900 0.06440000
v 0.00060000 -0.05353900 0.06200000
v 0.00060000 -0.05353900 0.06440000
v 0.00060000 -0.05353900 0.06440000
v 0.00103900 -0.05310000 0.06200000
v 0.00103900 -0.05310000 0.06200000
v 0.00103900 -0.05310000 0.06440000
v 0.00103900 -0.05310000 0.06200000
v 0.00103900 -0.05310000 0.06440000
v 0.00103900 -0.05310000 0.06440000
v 0.00120000 -0.05250000 0.06200000
v 0.00120000 -0.05250000 0.06200000
v 0.00120000 -0.05250000 0.06440000
v 0.00120000 -0.05250000 0.06200000
v 0.00120000 -0.05250000 0.06440000
v 0.00120000 -0.05250000 0.06440000
v 0.00103900 -0.05190000 0.06200000
v 0.00103900 -0.05190000 0.06200000
v 0.00103900 -0.05190000 0.06440000
v 0.00103900 -0.05190000 0.06200000
v 0.00103900 -0.05190000 0.06440000
v 0.00103900 -0.05190000 0.06440000
v 0.00060000 -0.05146100 0.06200000
v 0.00060000 -0.05146100 0.06200000
v 0.00060000 -0.05146100 0.06440000
v 0.00060000 -0.05146100 0.06200000
v 0.00060000 -0.05146100 0.06440000
v 0.00060000 -0.05146100 0.06440000
v 0.00000000 -0.05130000 0.06200000
v 0.00000000 -0.05130000 0.06200000
v 0.00000000 -0.05130000 0.06440000
v 0.00000000 -0.05130000 0.06200000
v 0.00000000 -0.05130000 0.06440000
v 0.00000000 -0.05130000 0.06440000
v -0.00060000 -0.05146100 0.06200000
v -0.00060000 -0.05146100 0.06200000
v -0.00060000 -0.05146100 0.06440000
v -0.00060000 -0.05146100 0.06200000
v -0.00060000 -0.05146100 0.06440000
v -0.00060000 -0.05146100 0.06440000
v -0.00103900 -0.05190000 0.06200000
v -0.00103900 -0.05190000 0.06200000
v -0.00103900 -0.05190000 0.06440000
v -0.00103900 -0.05190000 0.06200000
v -0.00103900 -0.05190000 0.06440000
v -0.00103900 -0.05190000 0.06440000
v -0.00120000 -0.05250000 0.06200000
v -0.00120000 -0.05250000 0.06200000
v -0.00120000 -0.05250000 0.06440000
v -0.00120000 -0.05250000 0.06200000
v -0.00120000 -0.05250000 0.06440000
v -0.00120000 -0.05250000 0.06440000
v -0.00103900 -0.05310000 0.06200000
v -0.00103900 -0.05310000 0.06200000
v -0.00103900 -0.05310000 0.06440000
v -0.00103900 -0.05310000 0.06200000
v -0.00103900 -0.05310000 0.06440000
v -0.00103900 -0.05310000 0.06440000
v -0.00060000 -0.05353900 0.06200000
v -0.00060000 -0.05353900 0.06200000
v -0.00060000 -0.05353900 0.06440000
v -0.00060000 -0.05353900 0.06200000
v -0.00060000 -0.05353900 0.06440000
v -0.00060000 -0.05353900 0.06440000
v 0.00000000 -0.05370000 0.06200000
v 0.00000000 -0.05370000 0.06200000
v 0.00000000 -0.05370000 0.06440000
v -0.00103900 -0.05310000 0.06440000
v -0.00190500 -0.05360000 0.06440000
v -0.00060000 -0.05353900 0.06440000
v -0.00110000 -0.05440500 0.06440000
v 0.00000000 -0.05370000 0.06440000
v 0.00000000 -0.05470000 0.06440000
v 0.00000000 -0.05470000 0.06440000
v 0.00060000 -0.05353900 0.06440000
v 0.00060000 -0.05353900 0.06440000
v 0.00110000 -0.05440500 0.06440000
v 0.00110000 -0.05440500 0.06440000
v 0.00110000 -0.05440500 0.06440000
v 0.00103900 -0.05310000 0.06440000
v 0.00103900 -0.05310000 0.06440000
v 0.00190500 -0.05360000 0.06440000
v 0.00190500 -0.05360000 0.06440000
v 0.00120000 -0.05250000 0.06440000
v 0.00220000 -0.05250000 0.06440000
v 0.00103900 -0.05190000 0.06440000
v 0.00103900 -0.05190000 0.06440000
v 0.00190500 -0.05140000 0.06440000
v 0.00190500 -0.05140000 0.06440000
v 0.00190500 -0.05140000 0.06440000
v 0.00060000 -0.05146100 0.06440000
v 0.00060000 -0.05146100 0.06440000
v 0.00060000 -0.05146100 0.06440000
v 0.00110000 -0.05059500 0.06440000
v 0.00110000 -0.05059500 0.06440000
v 0.00000000 -0.05130000 0.06440000
v 0.00000000 -0.05030000 0.06440000
v -0.00060000 -0.05146100 0.06440000
v -0.00060000 -0.05146100 0.06440000
v -0.00110000 -0.05059500 0.06440000
v -0.00110000 -0.05059500 0.06440000
v -0.00103900 -0.05190000 0.06440000
v -0.00103900 -0.05190000 0.06440000
v -0.00190500 -0.05140000 0.06440000
v -0.00120000 -0.05250000 0.06440000
v -0.00220000 -0.05250000 0.06440000
v 0.00000000 -0.05470000 0.06440000
v 0.00000000 -0.05470000 0.06677500
v 0.00000000 -0.05470000 0.06677500
v 0.00110000 -0.05440500 0.06440000
v 0.00110000 -0.05440500 0.06440000
v 0.00110000 -0.05440500 0.06677500
v 0.00110000 -0.05440500 0.06440000
v 0.00110000 -0.05440500 0.06677500
v 0.00110000 -0.05440500 0.06677500
v 0.00190500 -0.05360000 0.06440000
v 0.00190500 -0.05360000 0.06440000
v 0.00190500 -0.05360000 0.06677500
v 0.00190500 -0.05360000 0.06440000
v 0.00190500 -0.05360000 0.06677500
v 0.00220000 -0.05250000 0.06440000
v 0.00220000 -0.05250000 0.06677500
v 0.00220000 -0.05250000 0.06440000
v 0.00220000 -0.05250000 0.06677500
v 0.00220000 -0.05250000 0.06677500
v 0.00190500 -0.05140000 0.06440000
v 0.00190500 -0.05140000 0.06440000
v 0.00190500 -0.05140000 0.06677500
v 0.00190500 -0.05140000 0.06440000
v 0.00190500 -0.05140000 0.06677500
v 0.00190500 -0.05140000 0.06677500
v 0.00110000 -0.05059500 0.06440000
v 0.00110000 -0.05059500 0.06440000
v 0.00110000 -0.05059500 0.06677500
v 0.00110000 -0.05059500 0.06440000
v 0.00110000 -0.05059500 0.06677500
v 0.00110000 -0.05059500 0.06677500
v 0.00000000 -0.05030000 0.06440000
v 0.00000000 -0.05030000 0.06440000
v 0.00000000 -0.05030000 0.06677500
v 0.00000000 -0.05030000 0.06440000
v 0.00000000 -0.05030000 0.06677500
v 0.00000000 -0.05030000 0.06677500
v -0.00110000 -0.05059500 0.06440000
v -0.00110000 -0.05059500 0.06440000
v -0.00110000 -0.05059500 0.06677500
v -0.00110000 -0.05059500 0.06440000
v -0.00110000 -0.05059500 0.06677500
v -0.00110000 -0.05059500 0.06677500
v -0.00190500 -0.05140000 0.06440000
v -0.00190500 -0.05140000 0.06440000
v -0.00190500 -0.05140000 0.06677500
v -0.00190500 -0.05140000 0.06440000
v -0.00190500 -0.05140000 0.06677500
v -0.00220000 -0.05250000 0.06440000
v -0.00220000 -0.05250000 0.06677500
v -0.00220000 -0.05250000 0.06440000
v -0.00220000 -0.05250000 0.06677500
v -0.00190500 -0.05360000 0.06440000
v -0.00190500 -0.05360000 0.06677500
v -0.00190500 -0.05360000 0.06440000
v -0.00190500 -0.05360000 0.06677500
v -0.00190500 -0.05360000 0.06677500
v -0.00110000 -0.05440500 0.06440000
v -0.00110000 -0.05440500 0.06440000
v -0.00110000 -0.05440500 0.06677500
v -0.00110000 -0.05440500 0.06440000
v -0.00110000 -0.05440500 0.06677500
v -0.00110000 -0.05440500 0.06677500
v 0.00000000 -0.05470000 0.06440000
v 0.00000000 -0.05470000 0.06440000
v 0.00000000 -0.05470000 0.06677500
v 0.00110000 -0.05440500 0.06677500
v 0.00111200 -0.05442700 0.06680000
v 0.00190500 -0.05360000 0.06677500
v 0.00192700 -0.05361200 0.06680000
v 0.00220000 -0.05250000 0.06677500
v 0.00222500 -0.05250000 0.06680000
v 0.00190500 -0.05140000 0.06677500
v 0.00192700 -0.05138700 0.06680000
v 0.00110000 -0.05059500 0.06677500
v 0.00111200 -0.05057300 0.06680000
v 0.00000000 -0.05030000 0.06677500
v 0.00000000 -0.05027500 0.06680000
v -0.00110000 -0.05059500 0.06677500
v -0.00110000 -0.05059500 0.06677500
v -0.00111200 -0.05057300 0.06680000
v -0.00111200 -0.05057300 0.06680000
v -0.00190500 -0.05140000 0.06677500
v -0.00192700 -0.05138700 0.06680000
v -0.00220000 -0.05250000 0.06677500
v -0.00222500 -0.05250000 0.06680000
v -0.00190500 -0.05360000 0.06677500
v -0.00192700 -0.05361200 0.06680000
v -0.00110000 -0.05440500 0.06677500
v -0.00111200 -0.05442700 0.06680000
v 0.00000000 -0.05470000 0.06677500
v 0.00000000 -0.05472500 0.06680000
v 0.00000000 -0.06870000 0.06200000
v 0.00000000 -0.06870000 0.06440000
v 0.00000000 -0.06870000 0.06440000
v 0.00060000 -0.06853900 0.06200000
v 0.00060000 -0.06853900 0.06200000
v 0.00060000 -0.06853900 0.06440000
v 0.00060000 -0.06853900 0.06200000
v 0.00060000 -0.06853900 0.06440000
v 0.00060000 -0.06853900 0.06440000
v 0.00103900 -0.06810000 0.06200000
v 0.00103900 -0.06810000 0.06200000
v 0.00103900 -0.06810000 0.06440000
v 0.00103900 -0.06810000 0.06200000
v 0.00103900 -0.06810000 0.06440000
v 0.00103900 -0.06810000 0.06440000
v 0.00120000 -0.06750000 0.06200000
v 0.00120000 -0.06750000 0.06200000
v 0.00120000 -0.06750000 0.06440000
v 0.00120000 -0.06750000 0.06200000
v 0.00120000 -0.06750000 0.06440000
v 0.00120000 -0.06750000 0.06440000
v 0.00103900 -0.06690000 0.06200000
v 0.00103900 -0.06690000 0.06200000
v 0.00103900 -0.06690000 0.06440000
v 0.00103900 -0.06690000 0.06200000
v 0.00103900 -0.06690000 0.06440000
v 0.00103900 -0.06690000 0.06440000
v 0.00060000 -0.06646100 0.06200000
v 0.00060000 -0.06646100 0.06200000
v 0.00060000 -0.06646100 0.06440000
v 0.00060000 -0.06646100 0.06200000
v 0.00060000 -0.06646100 0.06440000
v 0.00060000 -0.06646100 0.06440000
v 0.00000000 -0.06630000 0.06200000
v 0.00000000 -0.06630000 0.06200000
v 0.00000000 -0.06630000 0.06440000
v 0.00000000 -0.06630000 0.06200000
v 0.00000000 -0.06630000 0.06440000
v 0.00000000 -0.06630000 0.06440000
v -0.00060000 -0.06646100 0.06200000
v -0.00060000 -0.06646100 0.06200000
v -0.00060000 -0.06646100 0.06440000
v -0.00060000 -0.06646100 0.06200000
v -0.00060000 -0.06646100 0.06440000
v -0.00060000 -0.06646100 0.06440000
v -0.00103900 -0.06690000 0.06200000
v -0.00103900 -0.06690000 0.06200000
v -0.00103900 -0.06690000 0.06440000
v -0.00103900 -0.06690000 0.06200000
v -0.00103900 -0.06690000 0.06440000
v -0.00103900 -0.06690000 0.06440000
v -0.00120000 -0.06750000 0.06200000
v -0.00120000 -0.06750000 0.06200000
v -0.00120000 -0.06750000 0.06440000
v -0.00120000 -0.06750000 0.06200000
v -0.00120000 -0.06750000 0.06440000
v -0.00120000 -0.06750000 0.06440000
v -0.00103900 -0.06810000 0.06200000
v -0.00103900 -0.06810000 0.06200000
v -0.00103900 -0.06810000 0.06440000
v -0.00103900 -0.06810000 0.06200000
v -0.00103900 -0.06810000 0.06440000
v -0.00103900 -0.06810000 0.06440000
v -0.00060000 -0.06853900 0.06200000
v -0.00060000 -0.06853900 0.06200000
v -0.00060000 -0.06853900 0.06440000
v -0.00060000 -0.06853900 0.06200000
v -0.00060000 -0.06853900 0.06440000
v -0.00060000 -0.06853900 0.06440000
v 0.00000000 -0.06870000 0.06200000
v 0.00000000 -0.06870000 0.06200000
v 0.00000000 -0.06870000 0.06440000
v 0.00103900 -0.06810000 0.06440000
v 0.00103900 -0.06810000 0.06440000
v 0.00190500 -0.06860000 0.06440000
v 0.00120000 -0.06750000 0.06440000
v 0.00220000 -0.06750000 0.06440000
v 0.00103900 -0.06690000 0.06440000
v 0.00190500 -0.06640000 0.06440000
v 0.00060000 -0.06646100 0.06440000
v 0.00110000 -0.06559500 0.06440000
v 0.00000000 -0.06630000 0.06440000
v 0.00000000 -0.06530000 0.06440000
v -0.00060000 -0.06646100 0.06440000
v -0.00060000 -0.06646100 0.06440000
v -0.00110000 -0.06559500 0.06440000
v -0.00110000 -0.06559500 0.06440000
v -0.00103900 -0.06690000 0.06440000
v -0.00103900 -0.06690000 0.06440000
v -0.00190500 -0.06640000 0.06440000
v -0.00120000 -0.06750000 0.06440000
v -0.00220000 -0.06750000 0.06440000
v -0.00103900 -0.06810000 0.06440000
v -0.00190500 -0.06860000 0.06440000
v -0.00060000 -0.06853900 0.06440000
v -0.00110000 -0.06940500 0.06440000
v 0.00000000 -0.06870000 0.06440000
v 0.00000000 -0.06970000 0.06440000
v 0.00060000 -0.06853900 0.06440000
v 0.00060000 -0.06853900 0.06440000
v 0.00110000 -0.06940500 0.06440000
v 0.00110000 -0.06940500 0.06440000
v 0.00000000 -0.06970000 0.06440000
v 0.00000000 -0.06970000 0.06677500
v 0.00110000 -0.06940500 0.06440000
v 0.00110000 -0.06940500 0.06677500
v 0.00110000 -0.06940500 0.06440000
v 0.00110000 -0.06940500 0.06677500
v 0.00110000 -0.06940500 0.06677500
v 0.00190500 -0.06860000 0.06440000
v 0.00190500 -0.06860000 0.06440000
v 0.00190500 -0.06860000 0.06677500
v 0.00190500 -0.06860000 0.06440000
v 0.00190500 -0.06860000 0.06677500
v 0.00190500 -0.06860000 0.06677500
v 0.00220000 -0.06750000 0.06440000
v 0.00220000 -0.06750000 0.06440000
v 0.00220000 -0.06750000 0.06677500
v 0.00220000 -0.06750000 0.06440000
v 0.00220000 -0.06750000 0.06677500
v 0.00220000 -0.06750000 0.06677500
v 0.00190500 -0.06640000 0.06440000
v 0.00190500 -0.06640000 0.06440000
v 0.00190500 -0.06640000 0.06677500
v 0.00190500 -0.06640000 0.06440000
v 0.00190500 -0.06640000 0.06677500
v 0.00190500 -0.06640000 0.06677500
v 0.00110000 -0.06559500 0.06440000
v 0.00110000 -0.06559500 0.06440000
v 0.00110000 -0.06559500 0.06677500
v 0.00110000 -0.06559500 0.06440000
v 0.00110000 -0.06559500 0.06677500
v 0.00000000 -0.06530000 0.06440000
v 0.00000000 -0.06530000 0.06677500
v 0.00000000 -0.06530000 0.06440000
v 0.00000000 -0.06530000 0.06677500
v -0.00110000 -0.06559500 0.06440000
v -0.00110000 -0.06559500 0.06677500
v -0.00110000 -0.06559500 0.06440000
v -0.00110000 -0.06559500 0.06677500
v -0.00110000 -0.06559500 0.06677500
v -0.00190500 -0.06640000 0.06440000
v -0.00190500 -0.06640000 0.06440000
v -0.00190500 -0.06640000 0.06677500
v -0.00190500 -0.06640000 0.06440000
v -0.00190500 -0.06640000 0.06677500
v -0.00190500 -0.06640000 0.06677500
v -0.00220000 -0.06750000 0.06440000
v -0.00220000 -0.06750000 0.06440000
v -0.00220000 -0.06750000 0.06677500
v -0.00220000 -0.06750000 0.06440000
v -0.00220000 -0.06750000 0.06677500
v -0.00220000 -0.06750000 0.06677500
v -0.00190500 -0.06860000 0.06440000
v -0.00190500 -0.06860000 0.06440000
v -0.00190500 -0.06860000 0.06677500
v -0.00190500 -0.06860000 0.06440000
v -0.00190500 -0.06860000 0.06677500
v -0.00190500 -0.06860000 0.06677500
v -0.00110000 -0.06940500 0.06440000
v -0.00110000 -0.06940500 0.06440000
v -0.00110000 -0.06940500 0.06677500
v -0.00110000 -0.06940500 0.06440000
v -0.00110000 -0.06940500 0.06677500
v 0.00000000 -0.06970000 0.06440000
v 0.00000000 -0.06970000 0.06677500
v 0.00110000 -0.06940500 0.06677500
v 0.00111200 -0.06942700 0.06680000
v 0.00190500 -0.06860000 0.06677500
v 0.00192700 -0.06861200 0.06680000
v 0.00220000 -0.06750000 0.06677500
v 0.00222500 -0.06750000 0.06680000
v 0.00190500 -0.06640000 0.06677500
v 0.00192700 -0.06638700 0.06680000
v 0.00110000 -0.06559500 0.06677500
v 0.00111200 -0.06557300 0.06680000
v 0.00000000 -0.06530000 0.06677500
v 0.00000000 -0.06527500 0.06680000
v -0.00110000 -0.06559500 0.06677500
v -0.00110000 -0.06559500 0.06677500
v -0.00111200 -0.06557300 0.06680000
v -0.00111200 -0.06557300 0.06680000
v -0.00190500 -0.06640000 0.06677500
v -0.00192700 -0.06638700 0.06680000
v -0.00220000 -0.06750000 0.06677500
v -0.00222500 -0.06750000 0.06680000
v -0.00190500 -0.06860000 0.06677500
v -0.00192700 -0.06861200 0.06680000
v -0.00110000 -0.06940500 0.06677500
v -0.00111200 -0.06942700 0.06680000
v 0.00000000 -0.06970000 0.06677500
v 0.00000000 -0.06972500 0.06680000
vn 1.00000000 0.00000000 0.00000000
vn 1.00000000 0.00000000 0.00000000
vn 1.00000000 0.00000000 0.00000000
vn 1.00000000 0.00000000 0.00000000
vn 0.44717100 0.00000000 -0.89444800
vn 0.44717100 0.00000000 -0.89444800
vn 0.44719200 0.00000000 -0.89443800
vn 0.44717100 0.00000000 -0.89444800
vn 0.44719200 0.00000000 -0.89443800
vn 0.44719200 0.00000000 -0.89443800
vn 1.00000000 -0.00000000 0.00011700
vn 1.00000000 -0.00000000 0.00011700
vn 1.00000000 0.00000000 -0.00011700
vn 1.00000000 -0.00000000 0.00011700
vn 1.00000000 0.00000000 -0.00011700
vn 1.00000000 0.00000000 -0.00011700
vn 0.44724000 0.00000000 0.89441400
vn 0.44724000 0.00000000 0.89441400
vn 0.44721900 -0.00000000 0.89442400
vn 0.44724000 0.00000000 0.89441400
vn 0.44721900 -0.00000000 0.89442400
vn 0.44721900 -0.00000000 0.89442400
vn 1.00000000 0.00000000 0.00000000
vn 1.00000000 0.00000000 0.00000000
vn 1.00000000 0.00000000 0.00000000
vn 1.00000000 0.00000000 0.00000000
vn 0.00000000 0.00000000 -1.00000000
vn 0.00000000 -0.00000100 -1.00000000
vn 0.00000000 -0.00000200 -1.00000000
vn 0.00000000 0.00000000 -1.00000000
vn -0.00000000 0.00000100 -1.00000000
vn 0.00000000 0.00000000 -1.00000000
vn 0.00000000 -0.00000100 -1.00000000
vn -0.00000000 0.00000100 -1.00000000
vn 0.00000000 -0.00000500 -1.00000000
vn 0.00000000 -0.00000100 -1.00000000
vn -0.00000000 0.00000500 -1.00000000
vn -0.00000000 0.00000300 -1.00000000
vn -0.00000000 0.00000100 -1.00000000
vn 0.00000000 -0.00000400 -1.00000000
vn 0.00000000 -0.00000200 -1.00000000
vn -0.00000000 0.00000700 -1.00000000
vn 0.00000000 -0.00000100 -1.00000000
vn 0.00000000 -0.00000200 -1.00000000
vn -0.00000000 0.00000100 -1.00000000
vn -0.00000000 0.00000700 -1.00000000
vn -0.00000000 0.00000800 -1.00000000
vn 0.00000000 -0.00000100 -1.00000000
vn -0.00000000 0.00000700 -1.00000000
vn 0.00000000 -0.00000500 -1.00000000
vn 0.00000000 -0.00000400 -1.00000000
vn 0.00000000 0.00000000 -1.00000000
vn -0.00000000 0.00000100 -1.00000000
vn 0.00000000 -0.00000200 -1.00000000
vn 0.00000000 0.00000000 -1.00000000
vn 0.00000000 -0.00000100 -1.00000000
vn -0.00000000 0.00000100 -1.00000000
vn 0.00000000 0.00000000 -1.00000000
vn 0.00000000 -0.00000500 -1.00000000
vn 0.00000000 -0.00000100 -1.00000000
vn 0.00000000 -0.00000200 -1.00000000
vn -0.00000000 0.00000100 -1.00000000
vn 0.00000000 0.00000000 -1.00000000
vn 0.00000000 -0.00000100 -1.00000000
vn -0.00000000 0.00000800 -1.00000000
vn 0.00000000 -0.00000200 -1.00000000
vn 0.00000000 0.00000000 -1.00000000
vn -0.00000000 0.00000300 -1.00000000
vn -0.00000000 0.00000100 -1.00000000
vn 0.00000000 0.00000000 -1.00000000
vn -0.00000000 0.00000500 -1.00000000
vn -0.00000000 0.00000100 -1.00000000
vn 0.00000000 -0.00000600 -1.00000000
vn 0.00000000 0.00000000 -1.00000000
vn -0.00000000 0.00000300 -1.00000000
vn 0.00000000 0.00000000 -1.00000000
vn 0.00000000 -0.00000500 -1.00000000
vn -0.00000000 0.00000500 -1.00000000
vn -0.00000000 0.00000100 -1.00000000
vn -0.00000000 0.00000400 -1.00000000
vn 0.00000000 0.00000000 -1.00000000
vn 0.00000000 -0.00000400 -1.00000000
vn 0.00000000 -0.00000100 -1.00000000
vn 0.00000000 0.00000000 -1.00000000
vn 0.00000000 0.00000000 -1.00000000
vn 0.00000000 0.00000000 -1.00000000
vn 0.00000000 -0.00000100 -1.00000000
vn -0.00000000 0.00000200 -1.00000000
vn 0.00000000 -0.00000500 -1.00000000
vn -0.00000000 0.00000200 -1.00000000
vn 0.00000000 -0.00000500 -1.00000000
vn 0.00000000 0.00000000 -1.00000000
vn -0.00000000 0.00000500 -1.00000000
vn 0.00000000 0.00000000 -1.00000000
vn 0.00000000 0.00000000 -1.00000000
vn 0.00000000 0.00000000 -1.00000000
vn 0.00000000 0.00000000 -1.00000000
vn 0.00000000 0.00000000 -1.00000000
vn 0.00000000 -0.00001000 -1.00000000
vn -0.00000000 0.00000800 -1.00000000
vn 0.00000000 -0.00000300 -1.00000000
vn 0.00000000 0.00000000 -1.00000000
vn 0.00000000 0.00000000 -1.00000000
vn 0.00000000 -0.00000500 -1.00000000
vn -0.00000000 0.00000800 -1.00000000
vn -0.00000000 0.00000100 -1.00000000
vn 0.00000000 -0.00000100 -1.00000000
vn -0.00000000 0.00000100 -1.00000000
vn 0.00000000 -0.00000400 -1.00000000
vn 0.00000000 0.00000000 -1.00000000
vn -0.00000000 0.00000400 -1.00000000
vn -0.00000000 0.00000100 -1.00000000
vn 0.00000000 -0.00000200 -1.00000000
vn -0.00000000 0.00000500 -1.00000000
vn 0.00000000 -0.00000200 -1.00000000
vn 0.00000000 -0.00000100 -1.00000000
vn 0.00000000 0.00000000 -1.00000000
vn 0.00000000 -0.00000800 -1.00000000
vn 0.00000000 0.00000000 -1.00000000
vn 0.00000000 0.00000000 -1.00000000
vn 0.00000000 -0.00000800 -1.00000000
vn 0.00000000 0.00000000 -1.00000000
vn -0.00000000 0.00000400 -1.00000000
vn -0.00000000 0.00000500 -1.00000000
vn -0.00000000 0.00000100 -1.00000000
vn 0.00000000 -0.00000100 -1.00000000
vn 0.00000000 -0.00000200 -1.00000000
vn 0.00000000 0.00000000 -1.00000000
vn 0.00000000 -0.00001400 -1.00000000
vn 0.00000000 0.00000000 -1.00000000
vn 0.00000000 0.00000000 -1.00000000
vn -0.00000000 0.00001200 -1.00000000
vn 0.00000000 -0.00001400 -1.00000000
vn -0.00000000 0.00000500 -1.00000000
vn 0.00000000 -0.00001400 -1.00000000
vn 0.00000000 0.00000000 -1.00000000
vn -0.00000000 0.00000100 -1.00000000
vn 0.00000000 -0.00000200 -1.00000000
vn 0.00000000 -0.00001200 -1.00000000
vn -0.00000000 0.00000500 -1.00000000
vn 0.00000000 -0.00000400 -1.00000000
vn 0.00000000 -0.00000100 -1.00000000
vn 0.00000000 0.00000000 -1.00000000
vn -0.00000000 0.00000100 -1.00000000
vn -0.00000000 0.00001200 -1.00000000
vn 0.00000000 0.00000000 -1.00000000
vn -0.00000000 0.00000500 -1.00000000
vn -0.00000000 0.00001200 -1.00000000
vn 0.00000000 -0.00000400 -1.00000000
vn 0.00000000 0.00000000 -1.00000000
vn 0.00000000 -0.00000400 -1.00000000
vn 0.00000000 -0.00000100 -1.00000000
vn 0.00000000 0.00000000 -1.00000000
vn 0.00000000 -0.00000400 -1.00000000
vn 0.00000000 -0.00000400 -1.00000000
vn 0.00000000 0.00000000 -1.00000000
vn 0.00000000 0.00000000 -1.00000000
vn -0.00000000 0.00000500 -1.00000000
vn 0.00000000 -0.00000600 -1.00000000
vn -0.00000000 0.00000500 -1.00000000
vn 0.00000000 0.00000000 -1.00000000
vn 0.00000000 -0.00000600 -1.00000000
vn -0.00000000 0.00000300 -1.00000000
vn 0.00000000 0.00000000 -1.00000000
vn -0.00000000 0.00001200 -1.00000000
vn 0.00000000 0.00000000 -1.00000000
vn 0.00000000 -0.00000200 -1.00000000
vn 0.00000000 -0.00001500 -1.00000000
vn 0.00000000 -0.00000200 -1.00000000
vn -0.00000000 0.00000100 -1.00000000
vn 0.00000000 0.00000000 -1.00000000
vn -0.00000000 0.00000700 -1.00000000
vn -0.00000000 0.00001200 -1.00000000
vn 0.00000000 -0.00000100 -1.00000000
vn -0.00000000 0.00000800 -1.00000000
vn -0.00000000 0.00000800 -1.00000000
vn 0.00000000 0.00000000 -1.00000000
vn 0.00000000 -0.00000500 -1.00000000
vn 0.00000000 0.00000000 -1.00000000
vn 0.00000000 -0.00000500 -1.00000000
vn 0.00000000 0.00000000 -1.00000000
vn 0.00000000 -0.00000200 -1.00000000
vn 0.00000000 -0.00000100 -1.00000000
vn 0.00000000 -0.00000200 -1.00000000
vn -0.00000000 0.00001200 -1.00000000
vn 0.00000000 -0.00001200 -1.00000000
vn 0.00000000 0.00000000 -1.00000000
vn 0.00000000 -0.00001200 -1.00000000
vn -0.00000000 0.00000500 -1.00000000
vn -0.00000000 0.00000400 -1.00000000
vn 0.00000000 0.00000000 -1.00000000
vn -0.00000000 0.00000100 -1.00000000
vn 0.00000000 -0.00000200 -1.00000000
vn -0.00000000 0.00000400 -1.00000000
vn 0.00000000 -0.00000200 -1.00000000
vn -0.00000000 0.00000500 -1.00000000
vn -0.00000000 0.00000700 -1.00000000
vn 0.00000000 0.00000000 -1.00000000
vn -0.00000000 0.00000700 -1.00000000
vn 0.00000000 -0.00001500 -1.00000000
vn 0.00000000 0.00000000 -1.00000000
vn -0.00000000 0.00001200 -1.00000000
vn 0.00000000 -0.00001500 -1.00000000
vn -0.00000000 0.00001200 -1.00000000
vn 0.00000000 -0.00000100 -1.00000000
vn 0.00000000 -0.00000500 -1.00000000
vn -0.00000000 0.00000200 -1.00000000
vn 0.00000000 -0.00001500 -1.00000000
vn 0.00000000 0.00000000 -1.00000000
vn 0.00000000 -0.00000500 -1.00000000
vn -0.00000000 0.00001200 -1.00000000
vn -0.00000000 0.00000200 -1.00000000
vn 0.00000000 -0.00000100 -1.00000000
vn 0.00000000 -0.00000500 -1.00000000
vn -0.00000000 0.00000200 -1.00000000
vn 0.00000000 -0.00000500 -1.00000000
vn 0.00000000 0.00000000 -1.00000000
vn 0.00000000 -0.00000500 -1.00000000
vn -0.00000000 0.00000500 -1.00000000
vn 0.00000000 0.00000000 -1.00000000
vn -0.00000000 0.00000500 -1.00000000
vn 0.00000000 -0.00000500 -1.00000000
vn 0.00000000 0.00000000 -1.00000000
vn 0.00000000 -0.00000500 -1.00000000
vn 0.00000000 -0.00000100 -1.00000000
vn 0.00000000 0.00000000 -1.00000000
vn -0.00000000 0.00000800 -1.00000000
vn -0.00000000 0.00000800 -1.00000000
vn 0.00000000 -0.00000500 -1.00000000
vn 0.00000000 0.00000000 -1.00000000
vn 0.00000000 0.00000000 -1.00000000
vn 0.00000000 -0.00000500 -1.00000000
vn 0.00000000 0.00000000 -1.00000000
vn 0.00000000 0.00000000 -1.00000000
vn -0.00000000 0.00000200 -1.00000000
vn 0.00000000 0.00000000 -1.00000000
vn 0.00000000 -0.00001500 -1.00000000
vn 0.00000000 0.00000000 -1.00000000
vn -0.00000000 0.00001500 -1.00000000
vn 0.00000000 -0.00001500 -1.00000000
vn 0.00000000 0.00000000 -1.00000000
vn -0.00000000 0.00000100 -1.00000000
vn 0.00000000 -0.00001500 -1.00000000
vn 0.00000000 -0.00000300 -1.00000000
vn 0.00000000 -0.00000200 -1.00000000
vn -0.00000000 0.00001500 -1.00000000
vn -0.00000000 0.00000700 -1.00000000
vn 0.00000000 0.00000000 -1.00000000
vn 0.00000000 -0.00000200 -1.00000000
vn 0.00000000 -0.00000300 -1.00000000
vn -0.00000000 0.00001500 -1.00000000
vn 0.00000000 0.00000000 -1.00000000
vn 0.00000000 -0.00000300 -1.00000000
vn 0.00000000 -0.00000200 -1.00000000
vn 0.00000000 -0.00000400 -1.00000000
vn 0.00000000 0.00000000 -1.00000000
vn 0.00000000 0.00000000 -1.00000000
vn 0.00000000 -0.00000400 -1.00000000
vn 0.00000000 -0.00000200 -1.00000000
vn -0.00000000 0.00000700 -1.00000000
vn 0.00000000 -0.00001500 -1.00000000
vn -0.00000000 0.00000700 -1.00000000
vn -0.00000000 0.00001200 -1.00000000
vn 0.00000000 -0.00001500 -1.00000000
vn 0.00000000 0.00000000 -1.00000000
vn -0.00000000 0.00000100 -1.00000000
vn 0.00000000 -0.00001500 -1.00000000
vn 0.00000000 0.00000000 -1.00000000
vn 0.00000000 -0.00000100 -1.00000000
vn 0.00000000 -0.00000300 -1.00000000
vn -0.00000000 0.00001200 -1.00000000
vn 0.00000000 -0.00000300 -1.00000000
vn -0.00000000 0.00001200 -1.00000000
vn 0.00000000 -0.00000300 -1.00000000
vn 0.00000000 -0.00000100 -1.00000000
vn 0.00000000 0.00000000 -1.00000000
vn 0.00000000 0.00000000 -1.00000000
vn 0.00000000 -0.00000200 -1.00000000
vn 0.00000000 0.00000000 -1.00000000
vn 0.00000000 -0.00000200 -1.00000000
vn -0.00000000 0.00000500 -1.00000000
vn 0.00000000 0.00000000 -1.00000000
vn -0.00000000 0.00000500 -1.00000000
vn 0.00000000 -0.00000500 -1.00000000
vn 0.00000000 0.00000000 -1.00000000
vn 0.00000000 -0.00000500 -1.00000000
vn 0.00000000 -0.00000100 -1.00000000
vn 0.00000000 0.00000000 -1.00000000
vn 0.00000000 -0.00000800 -1.00000000
vn -0.00000000 0.00000400 -1.00000000
vn 0.00000000 0.00000000 -1.00000000
vn -0.00000000 0.00000100 -1.00000000
vn 0.00000000 0.00000000 -1.00000000
vn -0.00000000 0.00000400 -1.00000000
vn 0.00000000 0.00000000 -1.00000000
vn 0.00000000 -0.00000700 -1.00000000
vn 0.00000000 -0.00000200 -1.00000000
vn 0.00000000 0.00000000 -1.00000000
vn 0.00000000 0.00000000 -1.00000000
vn -0.00000000 0.00000700 -1.00000000
vn 0.00000000 -0.00000200 -1.00000000
vn -0.00000000 0.00001200 -1.00000000
vn 0.00000000 -0.00001500 -1.00000000
vn 0.00000000 -0.00000700 -1.00000000
vn -0.00000000 0.00000100 -1.00000000
vn -0.00000000 0.00000800 -1.00000000
vn 0.00000000 -0.00000100 -1.00000000
vn 0.00000000 -0.00000200 -1.00000000
vn -0.00000000 0.00001200 -1.00000000
vn 0.00000000 -0.00000700 -1.00000000
vn -0.00000000 0.00001200 -1.00000000
vn 0.00000000 -0.00000100 -1.00000000
vn 0.00000000 0.00000000 -1.00000000
vn 0.00000000 0.00000000 -1.00000000
vn 0.00000000 0.00000000 -1.00000000
vn 0.00000000 -0.00000100 -1.00000000
vn 0.00000000 0.00000000 -1.00000000
vn -0.00000000 0.00000300 -1.00000000
vn 0.00000000 0.00000000 -1.00000000
vn 0.00000000 -0.00000400 -1.00000000
vn 0.00000000 -0.00001500 -1.00000000
vn 0.00000000 0.00000000 -1.00000000
vn 0.00000000 -0.00001500 -1.00000000
vn 0.00000000 0.00000000 -1.00000000
vn -0.00000000 0.00000800 -1.00000000
vn -0.00000000 0.00000800 -1.00000000
vn 0.00000000 0.00000000 -1.00000000
vn 0.00000000 -0.00000100 -1.00000000
vn 0.00000000 0.00000000 -1.00000000
vn -0.00000000 0.00000100 -1.00000000
vn 0.00000000 -0.00000400 -1.00000000
vn -0.00000000 0.00000500 -1.00000000
vn -0.00000000 0.00000100 -1.00000000
vn 0.00000000 -0.00000100 -1.00000000
vn -0.00000000 0.00000500 -1.00000000
vn 0.00000000 0.00000000 -1.00000000
vn 0.00000000 -0.00000800 -1.00000000
vn 0.00000000 0.00000000 -1.00000000
vn -0.00000000 0.00000300 -1.00000000
vn 0.00000000 0.00000000 -1.00000000
vn 0.00000000 0.00000000 -1.00000000
vn 0.00000000 0.00000000 -1.00000000
vn 0.00000000 0.00000000 -1.00000000
vn 0.00000000 0.00000000 -1.00000000
vn 0.00000000 0.00000000 -1.00000000
vn -0.00000000 0.00000700 -1.00000000
vn 0.00000000 -0.00000200 -1.00000000
vn -0.00000000 0.00000400 -1.00000000
vn 0.00000000 -0.00001200 -1.00000000
vn 0.00000000 -0.00000300 -1.00000000
vn 0.00000000 0.00000000 -1.00000000
vn -0.00000000 0.00001500 -1.00000000
vn 0.00000000 -0.00000100 -1.00000000
vn -0.00000000 0.00000100 -1.00000000
vn 0.00000000 -0.00000300 -1.00000000
vn 0.00000000 -0.00000100 -1.00000000
vn 0.00000000 -0.00000200 -1.00000000
vn 0.00000000 -0.00000200 -1.00000000
vn 0.00000000 -0.00000200 -1.00000000
vn 0.00000000 -0.00000200 -1.00000000
vn 0.00000000 0.00000000 -1.00000000
vn 0.00000000 0.00000000 -1.00000000
vn -0.00000000 0.00000500 -1.00000000
vn 0.00000000 0.00000000 -1.00000000
vn 0.00000000 -0.00000500 -1.00000000
vn -0.00000000 0.00000500 -1.00000000
vn 0.00000000 -0.00000100 -1.00000000
vn 0.00000000 -0.00000500 -1.00000000
vn 0.00000000 -0.00001500 -1.00000000
vn -0.00000000 0.00000700 -1.00000000
vn -0.00000000 0.00001500 -1.00000000
vn 0.00000000 0.00000000 -1.00000000
vn 0.00000000 -0.00001500 -1.00000000
vn 0.00000000 -0.00000300 -1.00000000
vn -0.00000000 0.00001500 -1.00000000
vn 0.00000000 0.00000000 -1.00000000
vn 0.00000000 -0.00000400 -1.00000000
vn 0.00000000 -0.00000400 -1.00000000
vn 0.00000000 0.00000000 -1.00000000
vn 0.00000000 0.00000000 -1.00000000
vn 0.00000000 -0.00000700 -1.00000000
vn 0.00000000 -0.00000100 -1.00000000
vn 0.00000000 -0.00000700 -1.00000000
vn -0.00000000 0.00001200 -1.00000000
vn 0.00000000 -0.00000700 -1.00000000
vn -0.00000000 0.00001200 -1.00000000
vn -0.00000000 0.00000300 -1.00000000
vn 0.00000000 -0.00000100 -1.00000000
vn -0.00000000 0.00000100 -1.00000000
vn 0.00000000 0.00000000 -1.00000000
vn -0.00000000 0.00001200 -1.00000000
vn 0.00000000 0.00000000 -1.00000000
vn 0.00000000 -0.00001200 -1.00000000
vn 0.00000000 -0.00001200 -1.00000000
vn -0.00000000 0.00000400 -1.00000000
vn 0.00000000 -0.00000800 -1.00000000
vn 0.00000000 0.00000000 -1.00000000
vn 0.00000000 -0.00000800 -1.00000000
vn -0.00000000 0.00000800 -1.00000000
vn 0.00000000 0.00000000 -1.00000000
vn -0.00000000 0.00000800 -1.00000000
vn 0.00000000 0.00000000 -1.00000000
vn -0.00000000 0.00000400 -1.00000000
vn 0.00000000 0.00000000 -1.00000000
vn 0.00000000 0.00000000 -1.00000000
vn -0.00000000 0.00000400 -1.00000000
vn -0.00000000 0.00000100 -1.00000000
vn 0.00000000 0.00000000 -1.00000000
vn -0.00000000 0.00000400 -1.00000000
vn 0.00000000 0.00000000 -1.00000000
vn -0.00000000 0.00000100 -1.00000000
vn 0.00000000 0.00000000 -1.00000000
vn -0.00000000 0.00000100 -1.00000000
vn 0.00000000 -0.00001000 -1.00000000
vn 0.00000000 0.00000000 -1.00000000
vn 0.00000000 0.00000000 -1.00000000
vn 0.00000000 -0.00001000 -1.00000000
vn -0.00000000 0.00000300 -1.00000000
vn 0.00000000 0.00000000 -1.00000000
vn 0.00000000 -0.00005000 -1.00000000
vn 0.00000000 0.00000000 -1.00000000
vn -0.00000000 0.00000300 -1.00000000
vn 0.00000000 -0.00005000 -1.00000000
vn 0.00000000 -0.00000300 -1.00000000
vn -0.00000000 0.00002200 -1.00000000
vn 0.00000000 0.00000000 -1.00000000
vn -0.00000000 0.00002200 -1.00000000
vn 0.00000000 -0.00005000 -1.00000000
vn 0.00000000 0.00000000 -1.00000000
vn -0.00000000 0.00002200 -1.00000000
vn 0.00000000 -0.00000300 -1.00000000
vn 0.00000000 0.00000000 -1.00000000
vn 0.00000000 0.00000000 -1.00000000
vn -0.00000000 0.00000800 -1.00000000
vn 0.00000000 0.00000000 -1.00000000
vn -0.00000000 0.00000800 -1.00000000
vn 0.00000000 -0.00000500 -1.00000000
vn -0.00000000 0.00000100 -1.00000000
vn 0.00000000 -0.00000500 -1.00000000
vn 0.00000000 0.00000000 -1.00000000
vn -1.00000000 -0.00000000 0.00000000
vn -1.00000000 -0.00000000 0.00000000
vn -1.00000000 -0.00000000 0.00000000
vn -1.00000000 -0.00000000 0.00000000
vn -0.44724000 -0.00000000 0.89441400
vn -0.44724000 -0.00000000 0.89441400
vn -0.44724000 -0.00000000 0.89441400
vn -0.44724000 -0.00000000 0.89441400
vn -1.00000000 -0.00000000 0.00000000
vn -1.00000000 -0.00000000 0.00000000
vn -1.00000000 -0.00000000 0.00000000
vn -1.00000000 -0.00000000 0.00000000
vn -0.44719200 -0.00000000 -0.89443800
vn -0.44719200 -0.00000000 -0.89443800
vn -0.44719200 -0.00000000 -0.89443800
vn -0.44719200 -0.00000000 -0.89443800
vn -1.00000000 -0.00000000 0.00000000
vn -1.00000000 -0.00000000 0.00000000
vn -1.00000000 -0.00000000 0.00000000
vn -1.00000000 -0.00000000 0.00000000
vn 0.00000000 0.00000000 1.00000000
vn 0.00000000 -0.00000400 1.00000000
vn 0.00000000 -0.00000400 1.00000000
vn 0.00000000 0.00000000 1.00000000
vn 0.00000000 -0.00000100 1.00000000
vn 0.00000000 0.00000000 1.00000000
vn 0.00000000 -0.00000400 1.00000000
vn -0.00000000 0.00000200 1.00000000
vn 0.00000000 -0.00000100 1.00000000
vn -0.00000000 0.00001200 1.00000000
vn 0.00000000 -0.00000400 1.00000000
vn 0.00000000 0.00000000 1.00000000
vn 0.00000000 0.00000000 1.00000000
vn 0.00000000 -0.00000400 1.00000000
vn 0.00000000 -0.00000100 1.00000000
vn 0.00000000 -0.00000100 1.00000000
vn -0.00000000 0.00000600 1.00000000
vn 0.00000000 0.00000000 1.00000000
vn 0.00000000 -0.00000400 1.00000000
vn -0.00000000 0.00000200 1.00000000
vn 0.00000000 0.00000000 1.00000000
vn 0.00000000 -0.00000400 1.00000000
vn 0.00000000 -0.00000400 1.00000000
vn 0.00000000 0.00000000 1.00000000
vn 0.00000000 -0.00000100 1.00000000
vn 0.00000000 0.00000000 1.00000000
vn -0.00000000 0.00000200 1.00000000
vn -0.00000000 0.00000600 1.00000000
vn 0.00000000 -0.00000100 1.00000000
vn 0.00000000 -0.00000400 1.00000000
vn 0.00000000 -0.00000400 1.00000000
vn 0.00000000 0.00000000 1.00000000
vn 0.00000000 -0.00000400 1.00000000
vn 0.00000000 0.00000000 1.00000000
vn 0.00000000 -0.00000100 1.00000000
vn 0.00000000 0.00000000 1.00000000
vn -0.00000000 0.00000200 1.00000000
vn -0.00000000 0.00001200 1.00000000
vn 0.00000000 -0.00000400 1.00000000
vn 0.00000000 -0.00000100 1.00000000
vn 0.00000000 0.00000000 1.00000000
vn 0.00000000 -0.00000400 1.00000000
vn 0.00000000 -0.00000400 1.00000000
vn 0.00000000 0.00000000 1.00000000
vn 0.00000000 -0.00000100 1.00000000
vn 0.00000000 -0.00000400 1.00000000
vn 0.00000000 0.00000000 1.00000000
vn -0.00000000 0.00000600 1.00000000
vn -0.00000000 0.00000200 1.00000000
vn 0.00000000 -0.00000100 1.00000000
vn 0.00000000 -0.00000400 1.00000000
vn 0.00000000 0.00000000 1.00000000
vn 0.00000000 -0.00000100 1.00000000
vn 0.00000000 -0.00000400 1.00000000
vn 0.00000000 0.00000000 1.00000000
vn 0.00000000 0.00000000 1.00000000
vn 0.00000000 -0.00000400 1.00000000
vn -0.00000000 0.00000600 1.00000000
vn 0.00000000 -0.00000100 1.00000000
vn -0.00000000 0.00000200 1.00000000
vn 0.00000000 -0.00000400 1.00000000
vn 0.00000000 0.00000000 1.00000000
vn 0.00000000 0.00000000 1.00000000
vn 0.00000000 -0.00000400 1.00000000
vn 0.00000000 -0.00000100 1.00000000
vn 0.00000000 0.00000000 1.00000000
vn 0.00000000 -0.00000400 1.00000000
vn 0.00000000 -0.00000100 1.00000000
vn -0.00000000 0.00000600 1.00000000
vn -0.00000000 0.00000200 1.00000000
vn 0.00000000 0.00000000 1.00000000
vn 0.00000000 0.00000000 1.00000000
vn -0.00000000 0.00000200 1.00000000
vn 0.00000000 -0.00000200 1.00000000
vn -0.00000000 0.00000600 1.00000000
vn 0.00000000 0.00000000 1.00000000
vn 0.00000000 0.00000000 1.00000000
vn 0.00000000 0.00000000 1.00000000
vn 0.00000000 0.00000000 1.00000000
vn 0.00000000 0.00000000 1.00000000
vn 0.00000000 0.00000000 1.00000000
vn 0.00000000 0.00000000 1.00000000
vn 0.00000000 0.00000000 1.00000000
vn 0.00000000 0.00000000 1.00000000
vn 0.00000000 0.00000000 1.00000000
vn -0.00000000 0.00000600 1.00000000
vn -0.00000000 0.00000300 1.00000000
vn 0.00000000 0.00000000 1.00000000
vn 0.00000000 0.00000000 1.00000000
vn 0.00000000 -0.00000400 1.00000000
vn 0.00000000 0.00000000 1.00000000
vn 0.00000000 -0.00000200 1.00000000
vn 0.00000000 0.00000000 1.00000000
vn 0.00000000 0.00000000 1.00000000
vn 0.00000000 0.00000000 1.00000000
vn 0.00000000 -0.00000400 1.00000000
vn 0.00000000 -0.00000400 1.00000000
vn 0.00000000 0.00000000 1.00000000
vn 0.00000000 -0.00000200 1.00000000
vn 0.00000000 0.00000000 1.00000000
vn 0.00000000 -0.00000200 1.00000000
vn 0.00000000 -0.00000300 1.00000000
vn 0.00000000 0.00000000 1.00000000
vn 0.00000000 -0.00000300 1.00000000
vn -0.00000000 0.00000600 1.00000000
vn 0.00000000 0.00000000 1.00000000
vn -0.00000000 0.00000200 1.00000000
vn -0.00000000 0.00000200 1.00000000
vn -0.00000000 0.00000600 1.00000000
vn 0.00000000 0.00000000 1.00000000
vn -0.00000000 0.00000200 1.00000000
vn 0.00000000 0.00000000 1.00000000
vn 0.00000000 0.00000000 1.00000000
vn 0.00000000 -0.00000300 1.00000000
vn 0.00000000 0.00000000 1.00000000
vn 0.00000000 -0.00000100 1.00000000
vn 0.00000000 -0.00000200 1.00000000
vn -0.00000000 0.00000200 1.00000000
vn 0.00000000 0.00000000 1.00000000
vn 0.00000000 0.00000000 1.00000000
vn -0.00000000 0.00000200 1.00000000
vn 0.00000000 -0.00000200 1.00000000
vn 0.00000000 0.00000000 1.00000000
vn -0.00000000 0.00000600 1.00000000
vn 0.00000000 0.00000000 1.00000000
vn -0.00000000 0.00000200 1.00000000
vn -0.00000000 0.00000200 1.00000000
vn -0.00000000 0.00000600 1.00000000
vn -0.00000000 0.00000200 1.00000000
vn 0.00000000 0.00000000 1.00000000
vn 0.00000000 0.00000000 1.00000000
vn 0.00000000 0.00000000 1.00000000
vn 0.00000000 0.00000000 1.00000000
vn 0.00000000 0.00000000 1.00000000
vn 0.00000000 -0.00000200 1.00000000
vn 0.00000000 0.00000000 1.00000000
vn -0.00000000 0.00000200 1.00000000
vn 0.00000000 -0.00000200 1.00000000
vn 0.00000000 0.00000000 1.00000000
vn 0.00000000 -0.00000100 1.00000000
vn -0.00000000 0.00000200 1.00000000
vn 0.00000000 0.00000000 1.00000000
vn 0.00000000 0.00000000 1.00000000
vn 0.00000000 -0.00000200 1.00000000
vn 0.00000000 0.00000000 1.00000000
vn -0.00000000 0.00000600 1.00000000
vn -0.00000000 0.00000200 1.00000000
vn -0.00000000 0.00000600 1.00000000
vn -0.00000000 0.00000200 1.00000000
vn -0.00000000 0.00000200 1.00000000
vn 0.00000000 0.00000000 1.00000000
vn 0.00000000 0.00000000 1.00000000
vn 0.00000000 0.00000000 1.00000000
vn 0.00000000 0.00000000 1.00000000
vn 0.00000000 0.00000000 1.00000000
vn 0.00000000 -0.00000200 1.00000000
vn 0.00000000 0.00000000 1.00000000
vn 0.00000000 -0.00000200 1.00000000
vn 0.00000000 -0.00000100 1.00000000
vn -0.00000000 0.00000200 1.00000000
vn 0.00000000 0.00000000 1.00000000
vn 0.00000000 0.00000000 1.00000000
vn -0.00000000 0.00000200 1.00000000
vn 0.00000000 -0.00000200 1.00000000
vn 0.00000000 0.00000000 1.00000000
vn -0.00000000 0.00000200 1.00000000
vn -0.00000000 0.00001200 1.00000000
vn -0.00000000 0.00000200 1.00000000
vn 0.00000000 0.00000000 1.00000000
vn 0.00000000 -0.00000200 1.00000000
vn 0.00000000 0.00000000 1.00000000
vn 0.00000000 0.00000000 1.00000000
vn 0.00000000 0.00000000 1.00000000
vn 0.00000000 -0.00000100 1.00000000
vn 0.00000000 -0.00000200 1.00000000
vn -0.00000000 0.00000200 1.00000000
vn -0.00000000 0.00000200 1.00000000
vn 0.00000000 0.00000000 1.00000000
vn -0.00000000 0.00000200 1.00000000
vn -0.00000000 0.00001200 1.00000000
vn 0.00000000 0.00000000 1.00000000
vn 0.00000000 0.00000000 1.00000000
vn 0.00000000 0.00000000 1.00000000
vn 0.00000000 0.00000000 1.00000000
vn 0.00000000 0.00000000 1.00000000
vn 0.00000000 -0.00000200 1.00000000
vn 0.00000000 0.00000000 1.00000000
vn 0.00000000 0.00000000 1.00000000
vn 0.00000000 0.00000000 1.00000000
vn 0.00000000 -0.00000200 1.00000000
vn 0.00000000 0.00000000 1.00000000
vn 0.00000000 0.00000000 1.00000000
vn 0.00000000 0.00000000 1.00000000
vn -0.00000000 0.00000200 1.00000000
vn 0.00000000 -0.00000200 1.00000000
vn 0.00000000 -0.00000100 1.00000000
vn -0.00000000 0.00000200 1.00000000
vn 0.00000000 0.00000000 1.00000000
vn 0.00000000 0.00000000 1.00000000
vn -0.00000000 0.00000200 1.00000000
vn -0.00000000 0.00000600 1.00000000
vn -0.00000000 0.00000200 1.00000000
vn -0.00000000 0.00000600 1.00000000
vn 0.00000000 0.00000000 1.00000000
vn -0.00000000 0.00000200 1.00000000
vn 0.00000000 0.00000000 1.00000000
vn 0.00000000 -0.00000200 1.00000000
vn 0.00000000 0.00000000 1.00000000
vn -0.00000000 0.00000200 1.00000000
vn 0.00000000 0.00000000 1.00000000
vn -0.00000000 0.00000200 1.00000000
vn 0.00000000 -0.00000200 1.00000000
vn 0.00000000 0.00000000 1.00000000
vn -0.00000000 0.00000600 1.00000000
vn -0.00000000 0.00000200 1.00000000
vn 0.00000000 0.00000000 1.00000000
vn -0.00000000 0.00000600 1.00000000
vn -0.00000000 0.00000200 1.00000000
vn 0.00000000 0.00000000 1.00000000
vn -0.00000000 0.00000200 1.00000000
vn 0.00000000 0.00000000 1.00000000
vn 0.00000000 0.00000000 1.00000000
vn 0.00000000 0.00000000 1.00000000
vn 0.00000000 0.00000000 1.00000000
vn 0.00000000 0.00000000 1.00000000
vn 0.00000000 0.00000000 1.00000000
vn 0.00000000 0.00000000 1.00000000
vn 0.00000000 -0.00000200 1.00000000
vn 0.00000000 0.00000000 1.00000000
vn 0.00000000 0.00000000 1.00000000
vn 0.00000000 0.00000000 1.00000000
vn 0.00000000 0.00000000 1.00000000
vn 0.00000000 0.00000000 1.00000000
vn 0.00000000 0.00000000 1.00000000
vn 0.00000000 0.00000000 1.00000000
vn 0.00000000 0.00000000 1.00000000
vn 0.00000000 0.00000000 1.00000000
vn 0.00000000 0.00000000 1.00000000
vn 0.00000000 0.00000000 1.00000000
vn 0.00000000 0.00000000 1.00000000
vn 0.00000000 -0.00000200 1.00000000
vn 0.00000000 0.00000000 1.00000000
vn 0.00000000 -0.00000200 1.00000000
vn 0.00000000 0.00000000 1.00000000
vn 0.00000000 0.00000000 1.00000000
vn 0.00000000 -0.00000200 1.00000000
vn 0.00000000 -0.00000200 1.00000000
vn 0.00000000 0.00000000 1.00000000
vn 0.00000000 0.00000000 1.00000000
vn -0.00000000 0.00000200 1.00000000
vn 0.00000000 0.00000000 1.00000000
vn 0.00000000 -0.00000100 1.00000000
vn 0.00000000 -0.00000200 1.00000000
vn -0.00000000 0.00000200 1.00000000
vn 0.00000000 0.00000000 1.00000000
vn -0.00000000 0.00000600 1.00000000
vn 0.00000000 0.00000000 1.00000000
vn -0.00000000 0.00000200 1.00000000
vn -0.00000000 0.00000200 1.00000000
vn -0.00000000 0.00000600 1.00000000
vn 0.00000000 0.00000000 1.00000000
vn -0.00000000 0.00000200 1.00000000
vn -0.00000000 0.00000200 1.00000000
vn -0.00000000 0.00001200 1.00000000
vn 0.00000000 0.00000000 1.00000000
vn -0.00000000 0.00000200 1.00000000
vn 0.00000000 -0.00000200 1.00000000
vn 0.00000000 0.00000000 1.00000000
vn 0.00000000 0.00000000 1.00000000
vn 0.00000000 -0.00000200 1.00000000
vn 0.00000000 0.00000000 1.00000000
vn 0.00000000 -0.00000100 1.00000000
vn 0.00000000 -0.00000200 1.00000000
vn 0.00000000 0.00000000 1.00000000
vn -0.00000000 0.00000200 1.00000000
vn -0.00000000 0.00000200 1.00000000
vn 0.00000000 0.00000000 1.00000000
vn 0.00000000 0.00000000 1.00000000
vn -0.00000000 0.00000200 1.00000000
vn -0.00000000 0.00001200 1.00000000
vn 0.00000000 0.00000000 1.00000000
vn 0.00000000 0.00000000 1.00000000
vn 0.00000000 0.00000000 1.00000000
vn 0.00000000 0.00000000 1.00000000
vn 0.00000000 -0.00000200 1.00000000
vn -0.00000000 0.00000300 1.00000000
vn -0.00000000 0.00000600 1.00000000
vn 0.00000000 0.00000000 1.00000000
vn -0.00000000 0.00000600 1.00000000
vn 0.00000000 0.00000000 1.00000000
vn 0.00000000 0.00000000 1.00000000
vn 0.00000000 -0.00000200 1.00000000
vn 0.00000000 0.00000000 1.00000000
vn -0.00000000 0.00000300 1.00000000
vn -0.00000000 0.00000500 1.00000000
vn 0.00000000 0.00000000 1.00000000
vn -0.00000000 0.00000500 1.00000000
vn 0.00000000 0.00000000 1.00000000
vn -0.00000000 0.00000500 1.00000000
vn 0.00000000 0.00000000 1.00000000
vn 0.00000000 0.00000000 1.00000000
vn 0.00000000 0.00000000 1.00000000
vn 0.00000000 0.00000000 1.00000000
vn 0.00000000 0.00000000 1.00000000
vn -0.00000000 1.00000000 0.00000000
vn -0.00000000 1.00000000 0.00000000
vn -0.00000000 1.00000000 0.00000000
vn 0.00006900 1.00000000 0.00000000
vn -0.00001600 1.00000000 0.00000000
vn 0.00006900 1.00000000 0.00000000
vn -0.00001600 1.00000000 0.00000000
vn -0.00000000 1.00000000 0.00000000
vn 0.00006900 1.00000000 0.00000000
vn -0.00001600 1.00000000 0.00000000
vn -0.00000000 1.00000000 0.00000000
vn -0.00000000 1.00000000 0.00000000
vn 0.00001100 1.00000000 0.00000000
vn -0.00000000 1.00000000 0.00000000
vn -0.00000000 1.00000000 0.00000000
vn -0.00000000 1.00000000 0.00000000
vn 0.00001100 1.00000000 0.00000000
vn -0.00000000 1.00000000 0.00000000
vn -0.00001400 1.00000000 0.00000000
vn -0.00001400 1.00000000 0.00000000
vn -0.00000000 1.00000000 0.00000000
vn 0.00001100 1.00000000 0.00000000
vn -0.00001400 1.00000000 0.00000000
vn -0.00000000 1.00000000 0.00000000
vn -0.00000000 1.00000000 0.00000000
vn -0.00000000 1.00000000 0.00000000
vn -0.00000000 1.00000000 0.00000000
vn -0.00000000 1.00000000 0.00000000
vn -0.00000000 1.00000000 0.00000000
vn 0.00001400 -1.00000000 0.00000000
vn -0.00005700 -1.00000000 0.00000000
vn 0.00000000 -1.00000000 0.00000000
vn 0.00001400 -1.00000000 0.00000000
vn 0.00001400 -1.00000000 0.00000000
vn -0.00005700 -1.00000000 0.00000000
vn 0.00000000 -1.00000000 0.00000000
vn -0.00000300 -1.00000000 0.00000000
vn 0.00000000 -1.00000000 0.00000000
vn 0.00000000 -1.00000000 0.00000000
vn -0.00000300 -1.00000000 0.00000000
vn -0.00000300 -1.00000000 0.00000000
vn 0.00000000 -1.00000000 0.00000000
vn 0.00003600 -1.00000000 0.00000000
vn -0.00000700 -1.00000000 0.00000000
vn -0.00000700 -1.00000000 0.00000000
vn 0.00000000 -1.00000000 0.00000000
vn -0.00000700 -1.00000000 0.00000000
vn 0.00003600 -1.00000000 0.00000000
vn 0.00000000 -1.00000000 0.00000000
vn 0.00000000 -1.00000000 0.00000000
vn -0.00000800 -1.00000000 0.00000000
vn 0.00000000 -1.00000000 0.00000000
vn -0.00000800 -1.00000000 0.00000000
vn -0.00000800 -1.00000000 0.00000000
vn 0.00000000 -1.00000000 0.00000000
vn 0.00000000 -1.00000000 0.00000000
vn 0.00000000 -1.00000000 0.00000000
vn 0.00000000 -1.00000000 0.00000000
vn -0.00005700 -1.00000000 0.00000000
vn 0.00000000 -1.00000000 0.00000000
vn 0.00000000 -1.00000000 0.00000000
vn 0.00003600 -1.00000000 0.00000000
vn -0.70710700 -0.00000000 0.70710700
vn -0.70710700 -0.00000000 0.70710700
vn -0.70710700 -0.00000000 0.70710600
vn -0.70710700 -0.00000000 0.70710700
vn -0.70710700 -0.00000000 0.70710600
vn -0.70710800 -0.00000000 0.70710500
vn -0.70710700 -0.00000000 0.70710600
vn -0.70710600 -0.00000000 0.70710800
vn -0.70711100 -0.00000000 0.70710300
vn -0.70710700 -0.00000000 0.70710600
vn -0.70710800 -0.00000000 0.70710500
vn -0.70710800 -0.00000000 0.70710500
vn -0.70711100 -0.00000000 0.70710300
vn -0.70711100 -0.00000000 0.70710300
vn -0.70710600 -0.00000000 0.70710800
vn -0.70710600 -0.00000000 0.70710800
vn -0.70710700 -0.00000000 0.70710600
vn -0.70710700 -0.00000000 0.70710600
vn -0.70710700 -0.00000000 0.70710600
vn -0.70710400 -0.00000000 0.70710900
vn -0.70710700 -0.00000000 0.70710600
vn -0.70710900 -0.00000000 0.70710400
vn -0.70710700 -0.00000000 0.70710700
vn -0.70710800 -0.00000000 0.70710500
vn -0.70710400 -0.00000000 0.70710900
vn -0.70710700 -0.00000000 0.70710600
vn -0.70710400 -0.00000000 0.70710900
vn -0.70710900 -0.00000000 0.70710400
vn -0.70710900 -0.00000000 0.70710400
vn -0.70710800 -0.00000000 0.70710500
vn -0.70710800 -0.00000000 0.70710500
vn -0.70710700 -0.00000000 0.70710700
vn -0.70710700 -0.00000000 0.70710700
vn -0.70710200 -0.00000000 -0.70711200
vn -0.70710000 -0.00000000 -0.70711300
vn -0.70710200 -0.00000000 -0.70711200
vn -0.70710200 -0.00000000 -0.70711200
vn -0.70710200 -0.00000000 -0.70711200
vn -0.70710000 -0.00000000 -0.70711300
vn -0.70709900 -0.00000000 -0.70711400
vn -0.70710400 -0.00000000 -0.70710900
vn -0.70705800 0.00000000 -0.70715600
vn -0.70710200 -0.00000000 -0.70711200
vn -0.70710000 -0.00000000 -0.70711300
vn -0.70710200 -0.00000000 -0.70711200
vn -0.70710400 -0.00000000 -0.70710900
vn -0.70701700 -0.00000000 -0.70719700
vn -0.70701200 -0.00000000 -0.70720200
vn -0.70701600 -0.00000000 -0.70719700
vn -0.70701700 -0.00000000 -0.70719700
vn -0.70701500 -0.00000000 -0.70719800
vn -0.70701700 -0.00000000 -0.70719700
vn -0.70701200 -0.00000000 -0.70720200
vn -0.70705800 0.00000000 -0.70715600
vn -0.70701500 -0.00000000 -0.70719900
vn -0.70701600 -0.00000000 -0.70719700
vn -0.70701600 -0.00000000 -0.70719700
vn -0.70701500 -0.00000000 -0.70719900
vn -0.70701500 -0.00000000 -0.70719900
vn -0.70710400 -0.00000000 -0.70710900
vn -0.70709900 -0.00000000 -0.70711400
vn -0.70701500 -0.00000000 -0.70719800
vn -0.70709900 -0.00000000 -0.70711400
vn -0.70705800 0.00000000 -0.70715600
vn -0.70701500 -0.00000000 -0.70719800
vn -0.70701200 -0.00000000 -0.70720200
vn 0.70710000 0.00000000 -0.70711300
vn 0.70710200 0.00000000 -0.70711200
vn 0.70710000 0.00000000 -0.70711300
vn 0.70710200 0.00000000 -0.70711200
vn 0.70705800 -0.00000000 -0.70715600
vn 0.70710100 0.00000000 -0.70711300
vn 0.70709800 0.00000000 -0.70711600
vn 0.70710200 0.00000000 -0.70711100
vn 0.70710000 0.00000000 -0.70711300
vn 0.70710200 0.00000000 -0.70711200
vn 0.70710200 0.00000000 -0.70711100
vn 0.70709800 0.00000000 -0.70711600
vn 0.70710200 0.00000000 -0.70711100
vn 0.70701700 0.00000000 -0.70719700
vn 0.70701600 0.00000000 -0.70719700
vn 0.70701500 0.00000000 -0.70719900
vn 0.70701600 0.00000000 -0.70719700
vn 0.70705800 -0.00000000 -0.70715600
vn 0.70701700 0.00000000 -0.70719600
vn 0.70701700 0.00000000 -0.70719700
vn 0.70701400 0.00000000 -0.70720000
vn 0.70701500 0.00000000 -0.70719900
vn 0.70701600 0.00000000 -0.70719700
vn 0.70701500 0.00000000 -0.70719900
vn 0.70701700 0.00000000 -0.70719600
vn 0.70701700 0.00000000 -0.70719600
vn 0.70710100 0.00000000 -0.70711300
vn 0.70709800 0.00000000 -0.70711600
vn 0.70705800 -0.00000000 -0.70715600
vn 0.70701400 0.00000000 -0.70720000
vn 0.70710100 0.00000000 -0.70711300
vn 0.70701700 0.00000000 -0.70719700
vn 0.70701400 0.00000000 -0.70720000
vn 0.70710700 0.00000000 0.70710700
vn 0.70710700 0.00000000 0.70710700
vn 0.70710800 0.00000000 0.70710500
vn 0.70710800 0.00000000 0.70710500
vn 0.70710700 0.00000000 0.70710700
vn 0.70710900 0.00000000 0.70710400
vn 0.70710800 0.00000000 0.70710500
vn 0.70710900 0.00000000 0.70710400
vn 0.70710900 0.00000000 0.70710400
vn 0.70710400 0.00000000 0.70710900
vn 0.70710900 0.00000000 0.70710400
vn 0.70710800 0.00000000 0.70710500
vn 0.70710700 0.00000000 0.70710700
vn 0.70710800 0.00000000 0.70710500
vn 0.70710800 0.00000000 0.70710500
vn 0.70710600 0.00000000 0.70710800
vn 0.70710900 0.00000000 0.70710400
vn 0.70710600 0.00000000 0.70710800
vn 0.70710700 0.00000000 0.70710600
vn 0.70710700 0.00000000 0.70710700
vn 0.70710700 0.00000000 0.70710700
vn 0.70710600 0.00000000 0.70710800
vn 0.70710600 0.00000000 0.70710800
vn 0.70710400 0.00000000 0.70710900
vn 0.70710700 0.00000000 0.70710600
vn 0.70710400 0.00000000 0.70710900
vn 0.70710700 0.00000000 0.70710600
vn 0.70710700 0.00000000 0.70710600
vn 0.70710600 0.00000000 0.70710800
vn 0.70710700 0.00000000 0.70710600
vn 0.70710700 0.00000000 0.70710600
vn 0.70710900 0.00000000 0.70710400
vn 0.70710600 0.00000000 0.70710800
vn -0.25879300 0.96593300 0.00000000
vn -0.25881000 0.96592800 0.00000000
vn -0.25879300 0.96593300 0.00000000
vn -0.25881000 0.96592800 0.00000000
vn -0.25879300 0.96593300 0.00000000
vn -0.25881000 0.96592800 0.00000000
vn -0.70712600 0.70708700 0.00000100
vn -0.70711800 0.70709600 0.00000000
vn -0.70712600 0.70708700 0.00000100
vn -0.70712600 0.70708700 0.00000100
vn -0.70711800 0.70709600 0.00000000
vn -0.70711800 0.70709600 0.00000000
vn -0.96593600 0.25878000 0.00000000
vn -0.96593600 0.25878000 0.00000000
vn -0.96593700 0.25877900 0.00000000
vn -0.96593600 0.25878000 0.00000000
vn -0.96593700 0.25877900 0.00000000
vn -0.96593700 0.25877900 0.00000000
vn -0.96593000 -0.25880400 0.00000000
vn -0.96593000 -0.25880300 0.00000000
vn -0.96593000 -0.25880400 0.00000000
vn -0.96593000 -0.25880400 0.00000000
vn -0.96593000 -0.25880300 0.00000000
vn -0.96593000 -0.25880300 0.00000000
vn -0.70713700 -0.70707600 0.00000000
vn -0.70712300 -0.70709100 -0.00000100
vn -0.70713700 -0.70707600 0.00000000
vn -0.70712300 -0.70709100 -0.00000100
vn -0.70713700 -0.70707600 0.00000000
vn -0.70712300 -0.70709100 -0.00000100
vn -0.25879000 -0.96593400 -0.00000100
vn -0.25877400 -0.96593800 0.00000000
vn -0.25879000 -0.96593400 -0.00000100
vn -0.25877400 -0.96593800 0.00000000
vn -0.25879000 -0.96593400 -0.00000100
vn -0.25877400 -0.96593800 0.00000000
vn 0.25877400 -0.96593800 0.00000000
vn 0.25879100 -0.96593300 0.00000000
vn 0.25877400 -0.96593800 0.00000000
vn 0.25879100 -0.96593300 0.00000000
vn 0.25877400 -0.96593800 0.00000000
vn 0.25879100 -0.96593300 0.00000000
vn 0.70712400 -0.70709000 0.00000100
vn 0.70712400 -0.70709000 0.00000100
vn 0.70713700 -0.70707600 0.00000000
vn 0.70712400 -0.70709000 0.00000100
vn 0.70713700 -0.70707600 0.00000000
vn 0.70713700 -0.70707600 0.00000000
vn 0.96593000 -0.25880400 0.00000000
vn 0.96593000 -0.25880400 0.00000000
vn 0.96593000 -0.25880300 0.00000000
vn 0.96593000 -0.25880400 0.00000000
vn 0.96593000 -0.25880300 0.00000000
vn 0.96593000 -0.25880300 0.00000000
vn 0.96593600 0.25878000 0.00000000
vn 0.96593600 0.25878000 0.00000000
vn 0.96593700 0.25877900 0.00000000
vn 0.96593600 0.25878000 0.00000000
vn 0.96593700 0.25877900 0.00000000
vn 0.96593700 0.25877900 0.00000000
vn 0.70711700 0.70709700 0.00000000
vn 0.70712300 0.70709100 -0.00000100
vn 0.70711700 0.70709700 0.00000000
vn 0.70712300 0.70709100 -0.00000100
vn 0.70711700 0.70709700 0.00000000
vn 0.70712300 0.70709100 -0.00000100
vn 0.25880800 0.96592900 -0.00000000
vn 0.25879200 0.96593300 0.00000000
vn 0.25880800 0.96592900 -0.00000000
vn 0.25879200 0.96593300 0.00000000
vn 0.25880800 0.96592900 -0.00000000
vn 0.25879200 0.96593300 0.00000000
vn 0.00000000 0.00000000 1.00000000
vn 0.00000000 0.00000000 1.00000000
vn 0.00000000 0.00000000 1.00000000
vn 0.00000000 -0.00000300 1.00000000
vn 0.00000000 -0.00000300 1.00000000
vn 0.00000000 0.00000000 1.00000000
vn 0.00000000 -0.00000300 1.00000000
vn 0.00000000 0.00000000 1.00000000
vn 0.00000000 0.00000000 1.00000000
vn 0.00000000 0.00000000 1.00000000
vn 0.00000000 0.00000000 1.00000000
vn 0.00000000 0.00000000 1.00000000
vn -0.00000000 0.00002400 1.00000000
vn 0.00000000 -0.00000700 1.00000000
vn 0.00000000 0.00000000 1.00000000
vn -0.00000000 0.00002400 1.00000000
vn 0.00000000 -0.00000700 1.00000000
vn 0.00000000 0.00000000 1.00000000
vn -0.00000000 0.00002400 1.00000000
vn 0.00000000 -0.00000700 1.00000000
vn 0.00000000 0.00000000 1.00000000
vn 0.00000000 0.00000000 1.00000000
vn 0.00000000 0.00000000 1.00000000
vn 0.00000000 0.00000000 1.00000000
vn -0.00000000 0.00000300 1.00000000
vn -0.00000000 0.00000300 1.00000000
vn 0.00000000 0.00000000 1.00000000
vn 0.00000000 0.00000000 1.00000000
vn -0.00000000 0.00000300 1.00000000
vn 0.00000000 0.00000000 1.00000000
vn 0.00000000 0.00000000 1.00000000
vn 0.00000000 0.00000000 1.00000000
vn 0.00000000 0.00000000 1.00000000
vn 0.00000000 -0.00002400 1.00000000
vn 0.00000000 -0.00002400 1.00000000
vn -0.00000000 0.00000700 1.00000000
vn 0.00000000 0.00000000 1.00000000
vn 0.00000000 -0.00002400 1.00000000
vn -0.00000000 0.00000700 1.00000000
vn 0.00000000 0.00000000 1.00000000
vn -0.00000000 0.00000700 1.00000000
vn 0.00000000 0.00000000 1.00000000
vn -0.25883700 0.96592100 0.00000000
vn -0.25883700 0.96592100 0.00000000
vn -0.25883700 0.96592100 0.00000000
vn -0.25883700 0.96592100 0.00000000
vn -0.70710800 0.70710500 0.00000000
vn -0.70710700 0.70710700 0.00000000
vn -0.70710800 0.70710500 0.00000000
vn -0.70710800 0.70710500 0.00000000
vn -0.70710700 0.70710700 0.00000000
vn -0.70710700 0.70710700 0.00000000
vn -0.96592600 0.25881900 0.00000000
vn -0.96592500 0.25882200 0.00000000
vn -0.96592600 0.25881900 0.00000000
vn -0.96592500 0.25882200 0.00000000
vn -0.96592600 0.25881900 0.00000000
vn -0.96592500 0.25882200 0.00000000
vn -0.96592600 -0.25882000 0.00000000
vn -0.96592600 -0.25882000 0.00000000
vn -0.96592600 -0.25881700 0.00000000
vn -0.96592600 -0.25881700 0.00000000
vn -0.96592600 -0.25882000 0.00000000
vn -0.96592600 -0.25881700 0.00000000
vn -0.70710800 -0.70710600 0.00000000
vn -0.70710800 -0.70710600 0.00000000
vn -0.70710100 -0.70711200 0.00000000
vn -0.70710800 -0.70710600 0.00000000
vn -0.70710100 -0.70711200 0.00000000
vn -0.70710100 -0.70711200 0.00000000
vn -0.25883700 -0.96592100 0.00000000
vn -0.25883700 -0.96592100 0.00000000
vn -0.25883700 -0.96592100 0.00000000
vn -0.25883700 -0.96592100 0.00000000
vn 0.25883700 -0.96592100 0.00000000
vn 0.25883700 -0.96592100 0.00000000
vn 0.25883700 -0.96592100 0.00000000
vn 0.25883700 -0.96592100 0.00000000
vn 0.70710300 -0.70711100 0.00000000
vn 0.70710300 -0.70711100 0.00000000
vn 0.70710700 -0.70710700 0.00000000
vn 0.70710300 -0.70711100 0.00000000
vn 0.70710700 -0.70710700 0.00000000
vn 0.70710700 -0.70710700 0.00000000
vn 0.96592600 -0.25881700 0.00000000
vn 0.96592600 -0.25881900 0.00000000
vn 0.96592600 -0.25881700 0.00000000
vn 0.96592600 -0.25881900 0.00000000
vn 0.96592600 -0.25881700 0.00000000
vn 0.96592600 -0.25881900 0.00000000
vn 0.96592500 0.25882200 0.00000000
vn 0.96592500 0.25882200 0.00000000
vn 0.96592600 0.25882000 0.00000000
vn 0.96592600 0.25882000 0.00000000
vn 0.96592500 0.25882200 0.00000000
vn 0.96592600 0.25882000 0.00000000
vn 0.70710800 0.70710600 0.00000000
vn 0.70710700 0.70710700 0.00000000
vn 0.70710800 0.70710600 0.00000000
vn 0.70710700 0.70710700 0.00000000
vn 0.70710800 0.70710600 0.00000000
vn 0.70710700 0.70710700 0.00000000
vn 0.25883700 0.96592100 0.00000000
vn 0.25883700 0.96592100 0.00000000
vn 0.25883700 0.96592100 0.00000000
vn 0.25883700 0.96592100 0.00000000
vn -0.29832100 0.64262500 0.70571700
vn -0.40740300 0.57964600 0.70571400
vn -0.57959100 0.40740200 0.70576000
vn -0.64257200 0.29828000 0.70578300
vn -0.70563400 0.06299600 0.70577100
vn -0.70565300 -0.06302600 0.70574900
vn -0.64261500 -0.29826700 0.70575000
vn -0.57962900 -0.40739300 0.70573500
vn -0.40737500 -0.57963900 0.70573600
vn -0.29827800 -0.64265000 0.70571300
vn -0.06298700 -0.70568700 0.70571800
vn 0.06298900 -0.70567400 0.70573100
vn 0.29826600 -0.64259600 0.70576700
vn 0.40736000 -0.57959300 0.70578300
vn 0.57958500 -0.40739300 0.70577100
vn 0.64257400 -0.29828500 0.70577900
vn 0.70561000 -0.06300000 0.70579400
vn 0.70559700 0.06302300 0.70580600
vn 0.64256100 0.29825600 0.70580400
vn 0.57959600 0.40736200 0.70578000
vn 0.40736400 0.57960600 0.70577000
vn 0.29826800 0.64258700 0.70577500
vn 0.06302300 0.70561000 0.70579200
vn -0.06299800 0.70564400 0.70576000
vn -0.25881100 0.96592800 0.00000000
vn -0.25881000 0.96592800 0.00000000
vn -0.25881100 0.96592800 0.00000000
vn -0.25881100 0.96592800 0.00000000
vn -0.25881000 0.96592800 0.00000000
vn -0.25881000 0.96592800 0.00000000
vn -0.70711400 0.70709900 0.00000100
vn -0.70711400 0.70709900 0.00000100
vn -0.70711800 0.70709600 0.00000000
vn -0.70711800 0.70709600 0.00000000
vn -0.70711400 0.70709900 0.00000100
vn -0.70711800 0.70709600 0.00000000
vn -0.96593000 0.25880400 0.00000000
vn -0.96593000 0.25880400 0.00000000
vn -0.96593000 0.25880300 0.00000000
vn -0.96593000 0.25880400 0.00000000
vn -0.96593000 0.25880300 0.00000000
vn -0.96593000 0.25880300 0.00000000
vn -0.96593600 -0.25878000 0.00000000
vn -0.96593700 -0.25877900 0.00000000
vn -0.96593600 -0.25878000 0.00000000
vn -0.96593700 -0.25877900 0.00000000
vn -0.96593600 -0.25878000 0.00000000
vn -0.96593700 -0.25877900 0.00000000
vn -0.70713600 -0.70707800 0.00000000
vn -0.70712300 -0.70709100 -0.00000100
vn -0.70713600 -0.70707800 0.00000000
vn -0.70713600 -0.70707800 0.00000000
vn -0.70712300 -0.70709100 -0.00000100
vn -0.70712300 -0.70709100 -0.00000100
vn -0.25879100 -0.96593300 -0.00000100
vn -0.25879100 -0.96593300 -0.00000100
vn -0.25881100 -0.96592800 0.00000000
vn -0.25879100 -0.96593300 -0.00000100
vn -0.25881100 -0.96592800 0.00000000
vn -0.25881100 -0.96592800 0.00000000
vn 0.25881100 -0.96592800 0.00000000
vn 0.25881100 -0.96592800 0.00000000
vn 0.25879300 -0.96593300 -0.00000000
vn 0.25881100 -0.96592800 0.00000000
vn 0.25879300 -0.96593300 -0.00000000
vn 0.25879300 -0.96593300 -0.00000000
vn 0.70712500 -0.70708800 -0.00000100
vn 0.70712500 -0.70708800 -0.00000100
vn 0.70713200 -0.70708100 0.00000000
vn 0.70712500 -0.70708800 -0.00000100
vn 0.70713200 -0.70708100 0.00000000
vn 0.70713200 -0.70708100 0.00000000
vn 0.96593600 -0.25878000 0.00000000
vn 0.96593700 -0.25877900 0.00000000
vn 0.96593600 -0.25878000 0.00000000
vn 0.96593600 -0.25878000 0.00000000
vn 0.96593700 -0.25877900 0.00000000
vn 0.96593700 -0.25877900 0.00000000
vn 0.96593000 0.25880400 0.00000000
vn 0.96593000 0.25880300 0.00000000
vn 0.96593000 0.25880400 0.00000000
vn 0.96593000 0.25880300 0.00000000
vn 0.96593000 0.25880400 0.00000000
vn 0.96593000 0.25880300 0.00000000
vn 0.70711800 0.70709600 0.00000000
vn 0.70711500 0.70709800 -0.00000100
vn 0.70711800 0.70709600 0.00000000
vn 0.70711500 0.70709800 -0.00000100
vn 0.70711800 0.70709600 0.00000000
vn 0.70711500 0.70709800 -0.00000100
vn 0.25880800 0.96592900 -0.00000000
vn 0.25880800 0.96592900 -0.00000000
vn 0.25880900 0.96592800 0.00000000
vn 0.25880900 0.96592800 0.00000000
vn 0.25880800 0.96592900 -0.00000000
vn 0.25880900 0.96592800 0.00000000
vn -0.00000000 0.00002400 1.00000000
vn 0.00000000 0.00000000 1.00000000
vn -0.00000000 0.00002400 1.00000000
vn 0.00000000 0.00000000 1.00000000
vn 0.00000000 -0.00001300 1.00000000
vn 0.00000000 0.00000000 1.00000000
vn 0.00000000 -0.00001300 1.00000000
vn -0.00000000 0.00002400 1.00000000
vn 0.00000000 -0.00001300 1.00000000
vn 0.00000000 0.00000000 1.00000000
vn 0.00000000 0.00000000 1.00000000
vn 0.00000000 0.00000000 1.00000000
vn 0.00000000 0.00000000 1.00000000
vn -0.00000000 0.00000300 1.00000000
vn -0.00000000 0.00000300 1.00000000
vn 0.00000000 0.00000000 1.00000000
vn 0.00000000 0.00000000 1.00000000
vn -0.00000000 0.00000300 1.00000000
vn 0.00000000 0.00000000 1.00000000
vn 0.00000000 0.00000000 1.00000000
vn 0.00000000 0.00000000 1.00000000
vn 0.00000000 0.00000000 1.00000000
vn -0.00000000 0.00002400 1.00000000
vn 0.00000000 0.00000000 1.00000000
vn -0.00000000 0.00002400 1.00000000
vn 0.00000000 0.00000000 1.00000000
vn -0.00000000 0.00002400 1.00000000
vn 0.00000000 0.00000000 1.00000000
vn 0.00000000 0.00000000 1.00000000
vn 0.00000000 0.00000000 1.00000000
vn -0.00000000 0.00000900 1.00000000
vn 0.00000000 0.00000000 1.00000000
vn -0.00000000 0.00000900 1.00000000
vn 0.00000000 0.00000000 1.00000000
vn -0.00000000 0.00000900 1.00000000
vn 0.00000000 0.00000000 1.00000000
vn 0.00000000 0.00000000 1.00000000
vn 0.00000000 0.00000000 1.00000000
vn 0.00000000 0.00000000 1.00000000
vn -0.25882200 0.96592500 0.00000000
vn -0.25882200 0.96592500 0.00000000
vn -0.25883700 0.96592100 0.00000000
vn -0.25882200 0.96592500 0.00000000
vn -0.25883700 0.96592100 0.00000000
vn -0.25883700 0.96592100 0.00000000
vn -0.70707900 0.70713500 0.00000000
vn -0.70707900 0.70713500 0.00000000
vn -0.70708300 0.70713100 0.00000000
vn -0.70708300 0.70713100 0.00000000
vn -0.70707900 0.70713500 0.00000000
vn -0.70708300 0.70713100 0.00000000
vn -0.96592600 0.25881900 0.00000000
vn -0.96592600 0.25881900 0.00000000
vn -0.96592600 0.25881900 0.00000000
vn -0.96592600 0.25881900 0.00000000
vn -0.96592600 -0.25881700 0.00000000
vn -0.96592600 -0.25881700 0.00000000
vn -0.96592600 -0.25881700 0.00000000
vn -0.96592600 -0.25881700 0.00000000
vn -0.70710800 -0.70710600 0.00000000
vn -0.70710100 -0.70711200 0.00000000
vn -0.70710800 -0.70710600 0.00000000
vn -0.70710800 -0.70710600 0.00000000
vn -0.70710100 -0.70711200 0.00000000
vn -0.70710100 -0.70711200 0.00000000
vn -0.25882700 -0.96592400 0.00000000
vn -0.25882700 -0.96592400 0.00000000
vn -0.25883700 -0.96592100 0.00000000
vn -0.25883700 -0.96592100 0.00000000
vn -0.25882700 -0.96592400 0.00000000
vn -0.25883700 -0.96592100 0.00000000
vn 0.25883700 -0.96592100 0.00000000
vn 0.25883700 -0.96592100 0.00000000
vn 0.25882700 -0.96592400 0.00000000
vn 0.25882700 -0.96592400 0.00000000
vn 0.25883700 -0.96592100 0.00000000
vn 0.25882700 -0.96592400 0.00000000
vn 0.70710300 -0.70711100 0.00000000
vn 0.70710700 -0.70710700 0.00000000
vn 0.70710300 -0.70711100 0.00000000
vn 0.70710700 -0.70710700 0.00000000
vn 0.70710300 -0.70711100 0.00000000
vn 0.70710700 -0.70710700 0.00000000
vn 0.96592600 -0.25881700 0.00000000
vn 0.96592600 -0.25881700 0.00000000
vn 0.96592600 -0.25881700 0.00000000
vn 0.96592600 -0.25881700 0.00000000
vn 0.96592600 0.25882000 0.00000000
vn 0.96592600 0.25882000 0.00000000
vn 0.96592600 0.25882000 0.00000000
vn 0.96592600 0.25882000 0.00000000
vn 0.70708400 0.70713000 0.00000000
vn 0.70707700 0.70713600 0.00000000
vn 0.70708400 0.70713000 0.00000000
vn 0.70708400 0.70713000 0.00000000
vn 0.70707700 0.70713600 0.00000000
vn 0.70707700 0.70713600 0.00000000
vn 0.25883700 0.96592100 0.00000000
vn 0.25883700 0.96592100 0.00000000
vn 0.25882100 0.96592500 0.00000000
vn 0.25882100 0.96592500 0.00000000
vn 0.25883700 0.96592100 0.00000000
vn 0.25882100 0.96592500 0.00000000
vn -0.29827500 0.64261700 0.70574400
vn -0.40736100 0.57965000 0.70573600
vn -0.57966100 0.40738900 0.70571000
vn -0.64263600 0.29832200 0.70570800
vn -0.70567700 0.06300300 0.70572700
vn -0.70565400 -0.06302000 0.70574800
vn -0.64262000 -0.29825400 0.70575100
vn -0.57963200 -0.40737200 0.70574400
vn -0.40736500 -0.57964300 0.70573900
vn -0.29829800 -0.64260400 0.70574600
vn -0.06301300 -0.70565900 0.70574400
vn 0.06300900 -0.70563700 0.70576600
vn 0.29829100 -0.64258200 0.70577000
vn 0.29818400 -0.64264700 0.70575500
vn 0.18609200 -0.69484400 0.69466700
vn 0.50852500 -0.50842200 0.69491700
vn 0.57960500 -0.40735900 0.70577400
vn 0.64264000 -0.29824600 0.70573600
vn 0.70568200 -0.06299500 0.70572300
vn 0.70567200 0.06302600 0.70573000
vn 0.64262700 0.29824100 0.70575000
vn 0.57960000 0.40738800 0.70576100
vn 0.40738200 0.57960600 0.70576000
vn 0.29826400 0.64262800 0.70573900
vn 0.06301500 0.70567800 0.70572500
vn -0.06296200 0.70568200 0.70572500
vn -0.25878300 0.96593500 0.00000000
vn -0.25878300 0.96593500 0.00000000
vn -0.25879300 0.96593300 0.00000000
vn -0.25879300 0.96593300 0.00000000
vn -0.25878300 0.96593500 0.00000000
vn -0.25879300 0.96593300 0.00000000
vn -0.70712400 0.70709000 0.00000100
vn -0.70713100 0.70708200 0.00000000
vn -0.70712400 0.70709000 0.00000100
vn -0.70713100 0.70708200 0.00000000
vn -0.70712400 0.70709000 0.00000100
vn -0.70713100 0.70708200 0.00000000
vn -0.96593000 0.25880400 0.00000000
vn -0.96593000 0.25880400 0.00000000
vn -0.96593000 0.25880300 0.00000000
vn -0.96593000 0.25880400 0.00000000
vn -0.96593000 0.25880300 0.00000000
vn -0.96593000 0.25880300 0.00000000
vn -0.96593600 -0.25878000 0.00000000
vn -0.96593600 -0.25878000 0.00000000
vn -0.96593700 -0.25877900 0.00000000
vn -0.96593700 -0.25877900 0.00000000
vn -0.96593600 -0.25878000 0.00000000
vn -0.96593700 -0.25877900 0.00000000
vn -0.70713100 -0.70708200 0.00000000
vn -0.70712300 -0.70709100 0.00000100
vn -0.70713100 -0.70708200 0.00000000
vn -0.70712300 -0.70709100 0.00000100
vn -0.70713100 -0.70708200 0.00000000
vn -0.70712300 -0.70709100 0.00000100
vn -0.25880200 -0.96593100 0.00000000
vn -0.25880200 -0.96593100 0.00000000
vn -0.25878200 -0.96593600 0.00000000
vn -0.25878200 -0.96593600 0.00000000
vn -0.25880200 -0.96593100 0.00000000
vn -0.25878200 -0.96593600 0.00000000
vn 0.25878200 -0.96593600 0.00000000
vn 0.25880000 -0.96593100 -0.00000000
vn 0.25878200 -0.96593600 0.00000000
vn 0.25880000 -0.96593100 -0.00000000
vn 0.25878200 -0.96593600 0.00000000
vn 0.25880000 -0.96593100 -0.00000000
vn 0.70712100 -0.70709200 -0.00000100
vn 0.70712800 -0.70708600 0.00000000
vn 0.70712100 -0.70709200 -0.00000100
vn 0.70712100 -0.70709200 -0.00000100
vn 0.70712800 -0.70708600 0.00000000
vn 0.70712800 -0.70708600 0.00000000
vn 0.96593600 -0.25878000 0.00000000
vn 0.96593700 -0.25877900 0.00000000
vn 0.96593600 -0.25878000 0.00000000
vn 0.96593700 -0.25877900 0.00000000
vn 0.96593600 -0.25878000 0.00000000
vn 0.96593700 -0.25877900 0.00000000
vn 0.96593000 0.25880400 0.00000000
vn 0.96593000 0.25880400 0.00000000
vn 0.96593000 0.25880300 0.00000000
vn 0.96593000 0.25880400 0.00000000
vn 0.96593000 0.25880300 0.00000000
vn 0.96593000 0.25880300 0.00000000
vn 0.70712600 0.70708700 0.00000000
vn 0.70712600 0.70708700 0.00000000
vn 0.70712600 0.70708700 0.00000100
vn 0.70712600 0.70708700 0.00000000
vn 0.70712600 0.70708700 0.00000100
vn 0.70712600 0.70708700 0.00000100
vn 0.25879400 0.96593300 0.00000100
vn 0.25878200 0.96593600 0.00000000
vn 0.25879400 0.96593300 0.00000100
vn 0.25878200 0.96593600 0.00000000
vn 0.25879400 0.96593300 0.00000100
vn 0.25878200 0.96593600 0.00000000
vn 0.00000000 0.00000000 1.00000000
vn -0.00000000 0.00000300 1.00000000
vn 0.00000000 0.00000000 1.00000000
vn 0.00000000 0.00000000 1.00000000
vn 0.00000000 0.00000000 1.00000000
vn 0.00000000 0.00000000 1.00000000
vn -0.00000000 0.00000700 1.00000000
vn 0.00000000 0.00000000 1.00000000
vn 0.00000000 0.00000000 1.00000000
vn -0.00000000 0.00000700 1.00000000
vn -0.00000000 0.00002400 1.00000000
vn -0.00000000 0.00002400 1.00000000
vn -0.00000000 0.00000700 1.00000000
vn 0.00000000 0.00000000 1.00000000
vn -0.00000000 0.00002400 1.00000000
vn 0.00000000 0.00000000 1.00000000
vn -0.00000000 0.00001300 1.00000000
vn 0.00000000 0.00000000 1.00000000
vn 0.00000000 0.00000000 1.00000000
vn -0.00000000 0.00001300 1.00000000
vn -0.00000000 0.00001300 1.00000000
vn -0.00000000 0.00000700 1.00000000
vn 0.00000000 0.00000000 1.00000000
vn -0.00000000 0.00000700 1.00000000
vn 0.00000000 0.00000000 1.00000000
vn -0.00000000 0.00000700 1.00000000
vn 0.00000000 0.00000000 1.00000000
vn 0.00000000 0.00000000 1.00000000
vn 0.00000000 0.00000000 1.00000000
vn 0.00000000 0.00000000 1.00000000
vn 0.00000000 -0.00002400 1.00000000
vn -0.00000000 0.00001300 1.00000000
vn 0.00000000 0.00000000 1.00000000
vn 0.00000000 -0.00002400 1.00000000
vn -0.00000000 0.00001300 1.00000000
vn 0.00000000 0.00000000 1.00000000
vn 0.00000000 -0.00002400 1.00000000
vn 0.00000000 0.00000000 1.00000000
vn -0.00000000 0.00001300 1.00000000
vn 0.00000000 0.00000000 1.00000000
vn 0.00000000 0.00000000 1.00000000
vn -0.00000000 0.00000300 1.00000000
vn 0.00000000 0.00000000 1.00000000
vn -0.00000000 0.00000300 1.00000000
vn 0.00000000 0.00000000 1.00000000
vn -0.25882500 0.96592400 0.00000000
vn -0.25882500 0.96592400 0.00000000
vn -0.25884200 0.96592000 -0.00000600
vn -0.25882500 0.96592400 0.00000000
vn -0.25884200 0.96592000 -0.00000600
vn -0.25884200 0.96592000 -0.00000600
vn -0.70713200 0.70708100 -0.00001800
vn -0.70710700 0.70710700 0.00000000
vn -0.70713200 0.70708100 -0.00001800
vn -0.70713200 0.70708100 -0.00001800
vn -0.70710700 0.70710700 0.00000000
vn -0.70710700 0.70710700 0.00000000
vn -0.96592600 0.25881800 0.00000000
vn -0.96592600 0.25881800 0.00000000
vn -0.96592500 0.25882100 0.00000000
vn -0.96592500 0.25882100 0.00000000
vn -0.96592600 0.25881800 0.00000000
vn -0.96592500 0.25882100 0.00000000
vn -0.96592600 -0.25882000 0.00000000
vn -0.96592600 -0.25882000 0.00000000
vn -0.96592600 -0.25881800 0.00000000
vn -0.96592600 -0.25881800 0.00000000
vn -0.96592600 -0.25882000 0.00000000
vn -0.96592600 -0.25881800 0.00000000
vn -0.70710500 -0.70710800 0.00000000
vn -0.70710500 -0.70710800 0.00000000
vn -0.70710700 -0.70710700 0.00000000
vn -0.70710500 -0.70710800 0.00000000
vn -0.70710700 -0.70710700 0.00000000
vn -0.70710700 -0.70710700 0.00000000
vn -0.25883200 -0.96592200 0.00000000
vn -0.25883200 -0.96592200 0.00000000
vn -0.25883700 -0.96592100 0.00000000
vn -0.25883700 -0.96592100 0.00000000
vn -0.25883200 -0.96592200 0.00000000
vn -0.25883700 -0.96592100 0.00000000
vn 0.25883700 -0.96592100 0.00000000
vn 0.25883700 -0.96592100 0.00000000
vn 0.25883200 -0.96592200 0.00000000
vn 0.25883200 -0.96592200 0.00000000
vn 0.25883700 -0.96592100 0.00000000
vn 0.25883200 -0.96592200 0.00000000
vn 0.70710800 -0.70710500 0.00000000
vn 0.70710800 -0.70710500 0.00000000
vn 0.70710400 -0.70710900 0.00000000
vn 0.70710800 -0.70710500 0.00000000
vn 0.70710400 -0.70710900 0.00000000
vn 0.70710400 -0.70710900 0.00000000
vn 0.96592600 -0.25881800 0.00000000
vn 0.96592600 -0.25881800 0.00000000
vn 0.96592600 -0.25881900 0.00000000
vn 0.96592600 -0.25881900 0.00000000
vn 0.96592600 -0.25881800 0.00000000
vn 0.96592600 -0.25881900 0.00000000
vn 0.96592500 0.25882100 0.00000000
vn 0.96592500 0.25882100 0.00000000
vn 0.96592600 0.25881800 0.00000000
vn 0.96592500 0.25882100 0.00000000
vn 0.96592600 0.25881800 0.00000000
vn 0.96592600 0.25881800 0.00000000
vn 0.70713500 0.70707900 0.00000000
vn 0.70710400 0.70710900 -0.00001800
vn 0.70713500 0.70707900 0.00000000
vn 0.70710400 0.70710900 -0.00001800
vn 0.70713500 0.70707900 0.00000000
vn 0.70710400 0.70710900 -0.00001800
vn 0.25882900 0.96592300 -0.00000600
vn 0.25882900 0.96592300 -0.00000600
vn 0.25883700 0.96592100 0.00000000
vn 0.25882900 0.96592300 -0.00000600
vn 0.25883700 0.96592100 0.00000000
vn 0.25883700 0.96592100 0.00000000
vn -0.29829400 0.64262900 0.70572500
vn -0.40739100 0.57965000 0.70571800
vn -0.57964400 0.40741400 0.70571000
vn -0.64263900 0.29828200 0.70572100
vn -0.70566500 0.06300200 0.70573900
vn -0.70565700 -0.06302100 0.70574600
vn -0.64261600 -0.29830400 0.70573300
vn -0.57961000 -0.40741000 0.70574000
vn -0.40740000 -0.57959800 0.70575600
vn -0.29824100 -0.64261400 0.70576200
vn -0.06297900 -0.70567700 0.70572900
vn 0.06299200 -0.70568700 0.70571800
vn 0.29835600 -0.64260700 0.70571900
vn 0.29820000 -0.64269600 0.70570400
vn 0.18619700 -0.69482800 0.69465400
vn 0.50872100 -0.50863000 0.69462100
vn 0.57958500 -0.40736300 0.70578700
vn 0.64257100 -0.29826900 0.70578900
vn 0.70565200 -0.06299600 0.70575200
vn 0.70570000 0.06302600 0.70570200
vn 0.64265900 0.29827800 0.70570500
vn 0.57966000 0.40737300 0.70572100
vn 0.40738500 0.57962500 0.70574300
vn 0.29825700 0.64261200 0.70575700
vn 0.06302200 0.70564600 0.70575700
vn -0.06303500 0.70566000 0.70574100
vn -0.25889900 0.96590500 0.00000000
vn -0.25889900 0.96590500 0.00000000
vn -0.25889200 0.96590600 0.00000000
vn -0.25889900 0.96590500 0.00000000
vn -0.25889200 0.96590600 0.00000000
vn -0.25889200 0.96590600 0.00000000
vn -0.70711900 0.70709500 0.00000100
vn -0.70711900 0.70709500 0.00000100
vn -0.70711500 0.70709800 0.00000000
vn -0.70711500 0.70709800 0.00000000
vn -0.70711900 0.70709500 0.00000100
vn -0.70711500 0.70709800 0.00000000
vn -0.96593000 0.25880400 0.00000000
vn -0.96593000 0.25880400 0.00000000
vn -0.96593000 0.25880400 0.00000000
vn -0.96593000 0.25880400 0.00000000
vn -0.96593000 0.25880400 0.00000000
vn -0.96593000 0.25880400 0.00000000
vn -0.96593000 -0.25880400 0.00000000
vn -0.96593000 -0.25880300 0.00000000
vn -0.96593000 -0.25880400 0.00000000
vn -0.96593000 -0.25880400 0.00000000
vn -0.96593000 -0.25880300 0.00000000
vn -0.96593000 -0.25880300 0.00000000
vn -0.70712600 -0.70708700 0.00000000
vn -0.70712700 -0.70708600 0.00000100
vn -0.70712600 -0.70708700 0.00000000
vn -0.70712600 -0.70708700 0.00000000
vn -0.70712700 -0.70708600 0.00000100
vn -0.70712700 -0.70708600 0.00000100
vn -0.25888500 -0.96590800 0.00000000
vn -0.25887700 -0.96591000 0.00000000
vn -0.25888500 -0.96590800 0.00000000
vn -0.25887700 -0.96591000 0.00000000
vn -0.25888500 -0.96590800 0.00000000
vn -0.25887700 -0.96591000 0.00000000
vn 0.25887700 -0.96591000 0.00000000
vn 0.25888200 -0.96590900 -0.00000000
vn 0.25887700 -0.96591000 0.00000000
vn 0.25887700 -0.96591000 0.00000000
vn 0.25888200 -0.96590900 -0.00000000
vn 0.25888200 -0.96590900 -0.00000000
vn 0.70712800 -0.70708600 -0.00000100
vn 0.70712800 -0.70708600 -0.00000100
vn 0.70712800 -0.70708600 0.00000000
vn 0.70712800 -0.70708600 -0.00000100
vn 0.70712800 -0.70708600 0.00000000
vn 0.70712800 -0.70708600 0.00000000
vn 0.96593000 -0.25880400 0.00000000
vn 0.96593000 -0.25880400 0.00000000
vn 0.96593000 -0.25880300 0.00000000
vn 0.96593000 -0.25880400 0.00000000
vn 0.96593000 -0.25880300 0.00000000
vn 0.96593000 -0.25880300 0.00000000
vn 0.96592900 0.25880600 0.00000000
vn 0.96592900 0.25880600 0.00000000
vn 0.96593000 0.25880300 0.00000000
vn 0.96593000 0.25880300 0.00000000
vn 0.96592900 0.25880600 0.00000000
vn 0.96593000 0.25880300 0.00000000
vn 0.70711400 0.70709900 0.00000000
vn 0.70712100 0.70709200 0.00000100
vn 0.70711400 0.70709900 0.00000000
vn 0.70711400 0.70709900 0.00000000
vn 0.70712100 0.70709200 0.00000100
vn 0.70712100 0.70709200 0.00000100
vn 0.25889400 0.96590600 0.00000000
vn 0.25889400 0.96590600 0.00000000
vn 0.25889500 0.96590600 0.00000000
vn 0.25889400 0.96590600 0.00000000
vn 0.25889500 0.96590600 0.00000000
vn 0.25889500 0.96590600 0.00000000
vn 0.00000000 -0.00000300 1.00000000
vn 0.00000000 0.00000000 1.00000000
vn 0.00000000 0.00000000 1.00000000
vn 0.00000000 0.00000000 1.00000000
vn 0.00000000 0.00000000 1.00000000
vn 0.00000000 0.00000000 1.00000000
vn 0.00000000 0.00000000 1.00000000
vn 0.00000000 0.00000000 1.00000000
vn 0.00000000 0.00000000 1.00000000
vn 0.00000000 0.00000000 1.00000000
vn 0.00000000 0.00000000 1.00000000
vn 0.00000000 0.00000000 1.00000000
vn -0.00000000 0.00000300 1.00000000
vn -0.00000000 0.00000300 1.00000000
vn 0.00000000 0.00000000 1.00000000
vn 0.00000000 0.00000000 1.00000000
vn -0.00000000 0.00000300 1.00000000
vn 0.00000000 0.00000000 1.00000000
vn 0.00000000 0.00000000 1.00000000
vn 0.00000000 0.00000000 1.00000000
vn 0.00000000 0.00000000 1.00000000
vn 0.00000000 0.00000000 1.00000000
vn 0.00000000 0.00000000 1.00000000
vn 0.00000000 0.00000000 1.00000000
vn 0.00000000 0.00000000 1.00000000
vn 0.00000000 0.00000000 1.00000000
vn 0.00000000 -0.00000300 1.00000000
vn 0.00000000 0.00000000 1.00000000
vn 0.00000000 -0.00000300 1.00000000
vn 0.00000000 0.00000000 1.00000000
vn -0.25882900 0.96592300 0.00000000
vn -0.25882900 0.96592300 0.00000000
vn -0.25882900 0.96592300 0.00000000
vn -0.25882900 0.96592300 0.00000000
vn -0.70710800 0.70710500 0.00000000
vn -0.70710600 0.70710800 0.00000000
vn -0.70710800 0.70710500 0.00000000
vn -0.70710600 0.70710800 0.00000000
vn -0.70710800 0.70710500 0.00000000
vn -0.70710600 0.70710800 0.00000000
vn -0.96592600 0.25881900 0.00000000
vn -0.96592600 0.25881900 0.00000000
vn -0.96592600 0.25881900 0.00000000
vn -0.96592600 0.25881900 0.00000000
vn -0.96592600 -0.25881700 0.00000000
vn -0.96592600 -0.25881700 0.00000000
vn -0.96592600 -0.25881700 0.00000000
vn -0.96592600 -0.25881700 0.00000000
vn -0.70710700 -0.70710700 0.00000000
vn -0.70710700 -0.70710700 0.00000000
vn -0.70710700 -0.70710700 0.00000000
vn -0.70710700 -0.70710700 0.00000000
vn -0.25882900 -0.96592300 0.00000000
vn -0.25882900 -0.96592300 0.00000000
vn -0.25882900 -0.96592300 0.00000000
vn -0.25882900 -0.96592300 0.00000000
vn 0.25882900 -0.96592300 0.00000000
vn 0.25882900 -0.96592300 0.00000000
vn 0.25882900 -0.96592300 0.00000000
vn 0.25882900 -0.96592300 0.00000000
vn 0.70710800 -0.70710500 0.00000000
vn 0.70710600 -0.70710800 0.00000000
vn 0.70710800 -0.70710500 0.00000000
vn 0.70710800 -0.70710500 0.00000000
vn 0.70710600 -0.70710800 0.00000000
vn 0.70710600 -0.70710800 0.00000000
vn 0.96592600 -0.25881700 0.00000000
vn 0.96592600 -0.25881700 0.00000000
vn 0.96592600 -0.25881700 0.00000000
vn 0.96592600 -0.25881700 0.00000000
vn 0.96592600 0.25882000 0.00000000
vn 0.96592600 0.25882000 0.00000000
vn 0.96592600 0.25882000 0.00000000
vn 0.96592600 0.25882000 0.00000000
vn 0.70710700 0.70710700 0.00000000
vn 0.70710700 0.70710700 0.00000000
vn 0.70710700 0.70710700 0.00000000
vn 0.70710700 0.70710700 0.00000000
vn 0.25882900 0.96592300 0.00000000
vn 0.25882900 0.96592300 0.00000000
vn 0.25882900 0.96592300 0.00000000
vn 0.25882900 0.96592300 0.00000000
vn -0.29826600 0.64257900 0.70578300
vn -0.40735100 0.57958400 0.70579600
vn -0.57960400 0.40733200 0.70579000
vn -0.64259200 0.29827700 0.70576600
vn -0.70563700 0.06299700 0.70576700
vn -0.70565000 -0.06302500 0.70575200
vn -0.64259900 -0.29829000 0.70575500
vn -0.57961000 -0.40737900 0.70575800
vn -0.40737100 -0.57960000 0.70577100
vn -0.29828700 -0.64258200 0.70577100
vn -0.06299400 -0.70564400 0.70576100
vn 0.06298700 -0.70565100 0.70575500
vn 0.29832300 -0.64259100 0.70574800
vn 0.29820300 -0.64266400 0.70573200
vn 0.18614200 -0.69470000 0.69479700
vn 0.50861700 -0.50853600 0.69476600
vn 0.57962600 -0.40737900 0.70574500
vn 0.64262400 -0.29826700 0.70574100
vn 0.70568100 -0.06299600 0.70572300
vn 0.70570900 0.06298200 0.70569600
vn 0.64267200 0.29829400 0.70568700
vn 0.57964700 0.40742600 0.70570100
vn 0.40740900 0.57962100 0.70573200
vn 0.29828300 0.64260700 0.70575100
vn 0.06299000 0.70566200 0.70574300
vn -0.06299100 0.70565400 0.70575200
vn -0.25879400 0.96593300 0.00000000
vn -0.25879400 0.96593300 0.00000000
vn -0.25879700 0.96593200 -0.00000100
vn -0.25879400 0.96593300 0.00000000
vn -0.25879700 0.96593200 -0.00000100
vn -0.25879700 0.96593200 -0.00000100
vn -0.70712500 0.70708800 -0.00000100
vn -0.70712500 0.70708800 -0.00000100
vn -0.70712100 0.70709200 0.00000000
vn -0.70712100 0.70709200 0.00000000
vn -0.70712500 0.70708800 -0.00000100
vn -0.70712100 0.70709200 0.00000000
vn -0.96593600 0.25878100 0.00000000
vn -0.96593600 0.25878100 0.00000000
vn -0.96593700 0.25877900 0.00000000
vn -0.96593700 0.25877900 0.00000000
vn -0.96593600 0.25878100 0.00000000
vn -0.96593700 0.25877900 0.00000000
vn -0.96593000 -0.25880400 0.00000000
vn -0.96593000 -0.25880300 0.00000000
vn -0.96593000 -0.25880400 0.00000000
vn -0.96593000 -0.25880400 0.00000000
vn -0.96593000 -0.25880300 0.00000000
vn -0.96593000 -0.25880300 0.00000000
vn -0.70712300 -0.70709100 0.00000000
vn -0.70712300 -0.70709100 0.00000100
vn -0.70712300 -0.70709100 0.00000000
vn -0.70712300 -0.70709100 0.00000100
vn -0.70712300 -0.70709100 0.00000000
vn -0.70712300 -0.70709100 0.00000100
vn -0.25879800 -0.96593100 0.00000000
vn -0.25879800 -0.96593100 0.00000000
vn -0.25879400 -0.96593300 0.00000000
vn -0.25879800 -0.96593100 0.00000000
vn -0.25879400 -0.96593300 0.00000000
vn -0.25879400 -0.96593300 0.00000000
vn 0.25879600 -0.96593200 0.00000000
vn 0.25879600 -0.96593200 0.00000100
vn 0.25879600 -0.96593200 0.00000000
vn 0.25879600 -0.96593200 0.00000000
vn 0.25879600 -0.96593200 0.00000100
vn 0.25879600 -0.96593200 0.00000100
vn 0.70711800 -0.70709600 0.00000100
vn 0.70712500 -0.70708800 0.00000000
vn 0.70711800 -0.70709600 0.00000100
vn 0.70711800 -0.70709600 0.00000100
vn 0.70712500 -0.70708800 0.00000000
vn 0.70712500 -0.70708800 0.00000000
vn 0.96593000 -0.25880400 0.00000000
vn 0.96593000 -0.25880300 0.00000000
vn 0.96593000 -0.25880400 0.00000000
vn 0.96593000 -0.25880400 0.00000000
vn 0.96593000 -0.25880300 0.00000000
vn 0.96593000 -0.25880300 0.00000000
vn 0.96593600 0.25878000 0.00000000
vn 0.96593600 0.25878000 0.00000000
vn 0.96593600 0.25878000 0.00000000
vn 0.96593600 0.25878000 0.00000000
vn 0.96593600 0.25878000 0.00000000
vn 0.96593600 0.25878000 0.00000000
vn 0.70712300 0.70709100 0.00000000
vn 0.70712500 0.70708900 0.00000100
vn 0.70712300 0.70709100 0.00000000
vn 0.70712300 0.70709100 0.00000000
vn 0.70712500 0.70708900 0.00000100
vn 0.70712500 0.70708900 0.00000100
vn 0.25879700 0.96593200 0.00000000
vn 0.25879700 0.96593200 0.00000000
vn 0.25879500 0.96593200 0.00000000
vn 0.25879500 0.96593200 0.00000000
vn 0.25879700 0.96593200 0.00000000
vn 0.25879500 0.96593200 0.00000000
vn 0.00000000 -0.00000700 1.00000000
vn 0.00000000 0.00000000 1.00000000
vn 0.00000000 0.00000000 1.00000000
vn 0.00000000 -0.00000700 1.00000000
vn 0.00000000 0.00000000 1.00000000
vn 0.00000000 0.00000000 1.00000000
vn -0.00000000 0.00002400 1.00000000
vn 0.00000000 0.00000000 1.00000000
vn -0.00000000 0.00002400 1.00000000
vn 0.00000000 -0.00001300 1.00000000
vn 0.00000000 0.00000000 1.00000000
vn 0.00000000 0.00000000 1.00000000
vn -0.00000000 0.00002400 1.00000000
vn 0.00000000 -0.00001300 1.00000000
vn 0.00000000 -0.00001300 1.00000000
vn 0.00000000 0.00000000 1.00000000
vn 0.00000000 0.00000000 1.00000000
vn 0.00000000 0.00000000 1.00000000
vn 0.00000000 0.00000000 1.00000000
vn 0.00000000 -0.00000300 1.00000000
vn 0.00000000 -0.00000300 1.00000000
vn 0.00000000 0.00000000 1.00000000
vn 0.00000000 -0.00000300 1.00000000
vn 0.00000000 0.00000000 1.00000000
vn 0.00000000 0.00000000 1.00000000
vn 0.00000000 0.00000000 1.00000000
vn 0.00000000 0.00000000 1.00000000
vn 0.00000000 0.00000000 1.00000000
vn 0.00000000 0.00000000 1.00000000
vn 0.00000000 0.00000000 1.00000000
vn 0.00000000 0.00000000 1.00000000
vn 0.00000000 0.00000000 1.00000000
vn 0.00000000 0.00000000 1.00000000
vn 0.00000000 -0.00001300 1.00000000
vn 0.00000000 0.00000000 1.00000000
vn 0.00000000 -0.00001300 1.00000000
vn 0.00000000 -0.00001300 1.00000000
vn 0.00000000 -0.00000700 1.00000000
vn 0.00000000 0.00000000 1.00000000
vn -0.25883200 0.96592200 0.00000000
vn -0.25883200 0.96592200 0.00000000
vn -0.25883200 0.96592200 0.00000000
vn -0.25883200 0.96592200 0.00000000
vn -0.70710700 0.70710600 0.00000000
vn -0.70710700 0.70710600 0.00000000
vn -0.70710600 0.70710800 0.00000000
vn -0.70710700 0.70710600 0.00000000
vn -0.70710600 0.70710800 0.00000000
vn -0.70710600 0.70710800 0.00000000
vn -0.96592600 0.25881900 0.00000000
vn -0.96592600 0.25881800 0.00000000
vn -0.96592600 0.25881900 0.00000000
vn -0.96592600 0.25881800 0.00000000
vn -0.96592600 0.25881900 0.00000000
vn -0.96592600 0.25881800 0.00000000
vn -0.96592600 -0.25881900 0.00000000
vn -0.96592600 -0.25881900 0.00000000
vn -0.96592600 -0.25881900 0.00000000
vn -0.96592600 -0.25881900 0.00000000
vn -0.70710700 -0.70710600 0.00000000
vn -0.70710600 -0.70710700 0.00000000
vn -0.70710700 -0.70710600 0.00000000
vn -0.70710600 -0.70710700 0.00000000
vn -0.70710700 -0.70710600 0.00000000
vn -0.70710600 -0.70710700 0.00000000
vn -0.25883200 -0.96592200 0.00000000
vn -0.25883200 -0.96592200 0.00000000
vn -0.25883200 -0.96592200 0.00000000
vn -0.25883200 -0.96592200 0.00000000
vn 0.25882000 -0.96592600 0.00000000
vn 0.25883200 -0.96592200 -0.00000600
vn 0.25882000 -0.96592600 0.00000000
vn 0.25882000 -0.96592600 0.00000000
vn 0.25883200 -0.96592200 -0.00000600
vn 0.25883200 -0.96592200 -0.00000600
vn 0.70713400 -0.70707900 -0.00001800
vn 0.70713400 -0.70707900 -0.00001800
vn 0.70710600 -0.70710700 0.00000000
vn 0.70710600 -0.70710700 0.00000000
vn 0.70713400 -0.70707900 -0.00001800
vn 0.70710600 -0.70710700 0.00000000
vn 0.96592600 -0.25881800 0.00000000
vn 0.96592600 -0.25881800 0.00000000
vn 0.96592600 -0.25881800 0.00000000
vn 0.96592600 -0.25881800 0.00000000
vn 0.96592600 0.25881900 0.00000000
vn 0.96592600 0.25881900 0.00000000
vn 0.96592600 0.25881900 0.00000000
vn 0.96592600 0.25881900 0.00000000
vn 0.96592600 0.25881900 0.00000000
vn 0.96592600 0.25881900 0.00000000
vn 0.70710700 0.70710700 0.00000000
vn 0.70710700 0.70710700 0.00000000
vn 0.70710600 0.70710800 0.00000000
vn 0.70710700 0.70710700 0.00000000
vn 0.70710600 0.70710800 0.00000000
vn 0.70710600 0.70710800 0.00000000
vn 0.25883200 0.96592200 0.00000000
vn 0.25883200 0.96592200 0.00000000
vn 0.25883200 0.96592200 0.00000000
vn 0.25883200 0.96592200 0.00000000
vn -0.29828800 0.64258700 0.70576600
vn -0.40738100 0.57960200 0.70576300
vn -0.57960300 0.40737100 0.70576800
vn -0.64259200 0.29825700 0.70577500
vn -0.70564100 0.06295200 0.70576800
vn -0.70562200 -0.06298200 0.70578400
vn -0.64256900 -0.29824100 0.70580300
vn -0.57958700 -0.40731700 0.70581300
vn -0.40735200 -0.57959800 0.70578400
vn -0.29829300 -0.64258400 0.70576700
vn -0.06298500 -0.70564000 0.70576600
vn 0.06298900 -0.70565500 0.70575000
vn 0.29831900 -0.64261600 0.70572700
vn 0.29822700 -0.64267400 0.70571300
vn 0.18621600 -0.69487500 0.69460200
vn 0.50858700 -0.50850700 0.69480900
vn 0.57963800 -0.40737300 0.70573900
vn 0.64261900 -0.29826000 0.70574900
vn 0.70568100 -0.06295800 0.70572700
vn 0.70567100 0.06302100 0.70573200
vn 0.64260700 0.29826400 0.70575900
vn 0.57958000 0.40733400 0.70580900
vn 0.40733400 0.57956500 0.70582100
vn 0.29822300 0.64256800 0.70581100
vn 0.06300700 0.70561400 0.70579000
vn -0.06296800 0.70563700 0.70577100
vn -0.25879400 0.96593300 0.00000000
vn -0.25879700 0.96593200 -0.00000100
vn -0.25879400 0.96593300 0.00000000
vn -0.25879700 0.96593200 -0.00000100
vn -0.25879400 0.96593300 0.00000000
vn -0.25879700 0.96593200 -0.00000100
vn -0.70712300 0.70709100 -0.00000100
vn -0.70712300 0.70709100 -0.00000100
vn -0.70712100 0.70709200 0.00000000
vn -0.70712300 0.70709100 -0.00000100
vn -0.70712100 0.70709200 0.00000000
vn -0.70712100 0.70709200 0.00000000
vn -0.96593000 0.25880400 0.00000000
vn -0.96593000 0.25880400 0.00000000
vn -0.96593000 0.25880300 0.00000000
vn -0.96593000 0.25880300 0.00000000
vn -0.96593000 0.25880400 0.00000000
vn -0.96593000 0.25880300 0.00000000
vn -0.96593600 -0.25878000 0.00000000
vn -0.96593600 -0.25878000 0.00000000
vn -0.96593600 -0.25878000 0.00000000
vn -0.96593600 -0.25878000 0.00000000
vn -0.96593600 -0.25878000 0.00000000
vn -0.96593600 -0.25878000 0.00000000
vn -0.70712000 -0.70709300 0.00000000
vn -0.70712300 -0.70709100 0.00000100
vn -0.70712000 -0.70709300 0.00000000
vn -0.70712000 -0.70709300 0.00000000
vn -0.70712300 -0.70709100 0.00000100
vn -0.70712300 -0.70709100 0.00000100
vn -0.25879800 -0.96593100 0.00000000
vn -0.25879500 -0.96593200 0.00000000
vn -0.25879800 -0.96593100 0.00000000
vn -0.25879500 -0.96593200 0.00000000
vn -0.25879800 -0.96593100 0.00000000
vn -0.25879500 -0.96593200 0.00000000
vn 0.25879600 -0.96593200 0.00000000
vn 0.25879600 -0.96593200 0.00000000
vn 0.25879600 -0.96593200 0.00000000
vn 0.25879600 -0.96593200 0.00000000
vn 0.25879600 -0.96593200 0.00000000
vn 0.25879600 -0.96593200 0.00000000
vn 0.70712000 -0.70709300 0.00000100
vn 0.70712000 -0.70709300 0.00000100
vn 0.70712600 -0.70708700 0.00000000
vn 0.70712600 -0.70708700 0.00000000
vn 0.70712000 -0.70709300 0.00000100
vn 0.70712600 -0.70708700 0.00000000
vn 0.96593600 -0.25878100 0.00000000
vn 0.96593700 -0.25877900 0.00000000
vn 0.96593600 -0.25878100 0.00000000
vn 0.96593600 -0.25878100 0.00000000
vn 0.96593700 -0.25877900 0.00000000
vn 0.96593700 -0.25877900 0.00000000
vn 0.96593000 0.25880400 0.00000000
vn 0.96593000 0.25880300 0.00000000
vn 0.96593000 0.25880400 0.00000000
vn 0.96593000 0.25880300 0.00000000
vn 0.96593000 0.25880400 0.00000000
vn 0.96593000 0.25880300 0.00000000
vn 0.70712500 0.70708900 0.00000000
vn 0.70712500 0.70708900 0.00000000
vn 0.70711800 0.70709600 -0.00000100
vn 0.70711800 0.70709600 -0.00000100
vn 0.70712500 0.70708900 0.00000000
vn 0.70711800 0.70709600 -0.00000100
vn 0.25879700 0.96593200 -0.00000000
vn 0.25879700 0.96593200 -0.00000000
vn 0.25879500 0.96593200 0.00000000
vn 0.25879500 0.96593200 0.00000000
vn 0.25879700 0.96593200 -0.00000000
vn 0.25879500 0.96593200 0.00000000
vn 0.00000000 0.00000000 1.00000000
vn 0.00000000 -0.00000300 1.00000000
vn 0.00000000 0.00000000 1.00000000
vn 0.00000000 0.00000000 1.00000000
vn 0.00000000 0.00000000 1.00000000
vn 0.00000000 -0.00002400 1.00000000
vn 0.00000000 0.00000000 1.00000000
vn 0.00000000 0.00000000 1.00000000
vn 0.00000000 -0.00002400 1.00000000
vn 0.00000000 0.00000000 1.00000000
vn 0.00000000 -0.00002400 1.00000000
vn 0.00000000 0.00000000 1.00000000
vn 0.00000000 0.00000000 1.00000000
vn 0.00000000 0.00000000 1.00000000
vn 0.00000000 -0.00000900 1.00000000
vn 0.00000000 0.00000000 1.00000000
vn 0.00000000 0.00000000 1.00000000
vn 0.00000000 -0.00000900 1.00000000
vn 0.00000000 -0.00000900 1.00000000
vn 0.00000000 0.00000000 1.00000000
vn 0.00000000 0.00000000 1.00000000
vn 0.00000000 0.00000000 1.00000000
vn 0.00000000 0.00000000 1.00000000
vn 0.00000000 -0.00002400 1.00000000
vn 0.00000000 0.00000000 1.00000000
vn -0.00000000 0.00001300 1.00000000
vn 0.00000000 -0.00002400 1.00000000
vn 0.00000000 0.00000000 1.00000000
vn 0.00000000 0.00000000 1.00000000
vn -0.00000000 0.00001300 1.00000000
vn 0.00000000 -0.00002400 1.00000000
vn 0.00000000 0.00000000 1.00000000
vn -0.00000000 0.00001300 1.00000000
vn 0.00000000 0.00000000 1.00000000
vn 0.00000000 0.00000000 1.00000000
vn 0.00000000 -0.00000300 1.00000000
vn 0.00000000 0.00000000 1.00000000
vn 0.00000000 0.00000000 1.00000000
vn 0.00000000 -0.00000300 1.00000000
vn -0.25883200 0.96592200 0.00000000
vn -0.25883200 0.96592200 0.00000000
vn -0.25883200 0.96592200 0.00000000
vn -0.25883200 0.96592200 0.00000000
vn -0.70710800 0.70710600 0.00000000
vn -0.70710600 0.70710700 0.00000000
vn -0.70710800 0.70710600 0.00000000
vn -0.70710800 0.70710600 0.00000000
vn -0.70710600 0.70710700 0.00000000
vn -0.70710600 0.70710700 0.00000000
vn -0.96592600 0.25881800 0.00000000
vn -0.96592600 0.25881800 0.00000000
vn -0.96592600 0.25881800 0.00000000
vn -0.96592600 0.25881800 0.00000000
vn -0.96592600 -0.25881900 0.00000000
vn -0.96592600 -0.25881900 0.00000000
vn -0.96592600 -0.25881900 0.00000000
vn -0.96592600 -0.25881900 0.00000000
vn -0.96592600 -0.25881900 0.00000000
vn -0.96592600 -0.25881900 0.00000000
vn -0.70710700 -0.70710700 0.00000000
vn -0.70710700 -0.70710700 0.00000000
vn -0.70713300 -0.70708100 0.00001800
vn -0.70713300 -0.70708100 0.00001800
vn -0.70710700 -0.70710700 0.00000000
vn -0.70713300 -0.70708100 0.00001800
vn -0.25883200 -0.96592200 0.00000600
vn -0.25881900 -0.96592600 0.00000000
vn -0.25883200 -0.96592200 0.00000600
vn -0.25881900 -0.96592600 0.00000000
vn -0.25883200 -0.96592200 0.00000600
vn -0.25881900 -0.96592600 0.00000000
vn 0.25883200 -0.96592200 0.00000000
vn 0.25881900 -0.96592600 0.00000600
vn 0.25883200 -0.96592200 0.00000000
vn 0.25883200 -0.96592200 0.00000000
vn 0.25881900 -0.96592600 0.00000600
vn 0.25881900 -0.96592600 0.00000600
vn 0.70710700 -0.70710600 0.00001800
vn 0.70710700 -0.70710600 0.00001800
vn 0.70713300 -0.70708100 0.00000000
vn 0.70710700 -0.70710600 0.00001800
vn 0.70713300 -0.70708100 0.00000000
vn 0.70713300 -0.70708100 0.00000000
vn 0.96592600 -0.25881900 0.00000000
vn 0.96592600 -0.25881900 0.00000000
vn 0.96592600 -0.25881800 0.00000000
vn 0.96592600 -0.25881900 0.00000000
vn 0.96592600 -0.25881800 0.00000000
vn 0.96592600 -0.25881800 0.00000000
vn 0.96592600 0.25881900 0.00000000
vn 0.96592600 0.25881900 0.00000000
vn 0.96592600 0.25881900 0.00000000
vn 0.96592600 0.25881900 0.00000000
vn 0.70710700 0.70710600 0.00000000
vn 0.70710600 0.70710700 0.00000000
vn 0.70710700 0.70710600 0.00000000
vn 0.70710700 0.70710600 0.00000000
vn 0.70710600 0.70710700 0.00000000
vn 0.70710600 0.70710700 0.00000000
vn 0.25883200 0.96592200 0.00000000
vn 0.25883200 0.96592200 0.00000000
vn 0.25883200 0.96592200 0.00000000
vn 0.25883200 0.96592200 0.00000000
vn -0.29827000 0.64260000 0.70576200
vn -0.40736800 0.57960500 0.70576800
vn -0.57960900 0.40735600 0.70577200
vn -0.64258300 0.29829000 0.70577000
vn -0.70564000 0.06300100 0.70576400
vn -0.70566100 -0.06302100 0.70574100
vn -0.64263400 -0.29828000 0.70572700
vn -0.57964400 -0.40742400 0.70570400
vn -0.40739700 -0.57965900 0.70570700
vn -0.29829900 -0.64262000 0.70573200
vn -0.06300500 -0.70564000 0.70576300
vn 0.06302000 -0.70563500 0.70576700
vn 0.29821200 -0.64264700 0.70574400
vn 0.29832400 -0.64258100 0.70575700
vn 0.18615500 -0.69472900 0.69476400
vn 0.50860100 -0.50852000 0.69479000
vn 0.57962600 -0.40740100 0.70573300
vn 0.64259600 -0.29827300 0.70576400
vn 0.70561500 -0.06299600 0.70579000
vn 0.70559100 0.06302600 0.70581100
vn 0.64255300 0.29828200 0.70579900
vn 0.57960000 0.40737600 0.70576800
vn 0.40740600 0.57960200 0.70574900
vn 0.35351800 0.61235900 0.70713600
vn 0.06302000 0.70568100 0.70572100
vn 0.06308400 0.70568900 0.70570800
vn 0.18618000 0.69484100 0.69464600
vn -0.06294600 0.70567200 0.70573700
vn -0.25887900 0.96591000 0.00000000
vn -0.25888200 0.96590900 0.00000000
vn -0.25887900 0.96591000 0.00000000
vn -0.25888200 0.96590900 0.00000000
vn -0.25887900 0.96591000 0.00000000
vn -0.25888200 0.96590900 0.00000000
vn -0.70712600 0.70708700 0.00000100
vn -0.70713000 0.70708400 0.00000000
vn -0.70712600 0.70708700 0.00000100
vn -0.70713000 0.70708400 0.00000000
vn -0.70712600 0.70708700 0.00000100
vn -0.70713000 0.70708400 0.00000000
vn -0.96593000 0.25880400 0.00000000
vn -0.96593000 0.25880300 0.00000000
vn -0.96593000 0.25880400 0.00000000
vn -0.96593000 0.25880400 0.00000000
vn -0.96593000 0.25880300 0.00000000
vn -0.96593000 0.25880300 0.00000000
vn -0.96592900 -0.25880600 0.00000000
vn -0.96593000 -0.25880300 0.00000000
vn -0.96592900 -0.25880600 0.00000000
vn -0.96592900 -0.25880600 0.00000000
vn -0.96593000 -0.25880300 0.00000000
vn -0.96593000 -0.25880300 0.00000000
vn -0.70711800 -0.70709600 0.00000000
vn -0.70711800 -0.70709600 -0.00000100
vn -0.70711800 -0.70709600 0.00000000
vn -0.70711800 -0.70709600 -0.00000100
vn -0.70711800 -0.70709600 0.00000000
vn -0.70711800 -0.70709600 -0.00000100
vn -0.25889000 -0.96590700 -0.00000100
vn -0.25889000 -0.96590700 -0.00000100
vn -0.25889700 -0.96590500 0.00000000
vn -0.25889000 -0.96590700 -0.00000100
vn -0.25889700 -0.96590500 0.00000000
vn -0.25889700 -0.96590500 0.00000000
vn 0.25889700 -0.96590500 0.00000000
vn 0.25889700 -0.96590500 0.00000000
vn 0.25889200 -0.96590600 0.00000000
vn 0.25889200 -0.96590600 0.00000000
vn 0.25889700 -0.96590500 0.00000000
vn 0.25889200 -0.96590600 0.00000000
vn 0.70711900 -0.70709500 0.00000100
vn 0.70711900 -0.70709500 0.00000100
vn 0.70711800 -0.70709600 0.00000000
vn 0.70711900 -0.70709500 0.00000100
vn 0.70711800 -0.70709600 0.00000000
vn 0.70711800 -0.70709600 0.00000000
vn 0.96593000 -0.25880400 0.00000000
vn 0.96593000 -0.25880400 0.00000000
vn 0.96593000 -0.25880400 0.00000000
vn 0.96593000 -0.25880400 0.00000000
vn 0.96593000 -0.25880400 0.00000000
vn 0.96593000 -0.25880400 0.00000000
vn 0.96593000 0.25880400 0.00000000
vn 0.96593000 0.25880300 0.00000000
vn 0.96593000 0.25880400 0.00000000
vn 0.96593000 0.25880300 0.00000000
vn 0.96593000 0.25880400 0.00000000
vn 0.96593000 0.25880300 0.00000000
vn 0.70712900 0.70708500 0.00000000
vn 0.70712900 0.70708500 0.00000000
vn 0.70712300 0.70709100 -0.00000100
vn 0.70712900 0.70708500 0.00000000
vn 0.70712300 0.70709100 -0.00000100
vn 0.70712300 0.70709100 -0.00000100
vn 0.25888100 0.96590900 -0.00000000
vn 0.25887900 0.96591000 0.00000000
vn 0.25888100 0.96590900 -0.00000000
vn 0.25887900 0.96591000 0.00000000
vn 0.25888100 0.96590900 -0.00000000
vn 0.25887900 0.96591000 0.00000000
vn 0.00000000 -0.00002400 1.00000000
vn 0.00000000 0.00000000 1.00000000
vn 0.00000000 0.00000000 1.00000000
vn 0.00000000 -0.00002400 1.00000000
vn -0.00000000 0.00000700 1.00000000
vn 0.00000000 -0.00002400 1.00000000
vn 0.00000000 0.00000000 1.00000000
vn -0.00000000 0.00000700 1.00000000
vn -0.00000000 0.00000700 1.00000000
vn 0.00000000 0.00000000 1.00000000
vn 0.00000000 0.00000000 1.00000000
vn 0.00000000 0.00000000 1.00000000
vn 0.00000000 -0.00000300 1.00000000
vn 0.00000000 0.00000000 1.00000000
vn 0.00000000 -0.00000300 1.00000000
vn 0.00000000 0.00000000 1.00000000
vn 0.00000000 -0.00000300 1.00000000
vn 0.00000000 0.00000000 1.00000000
vn 0.00000000 0.00000000 1.00000000
vn 0.00000000 0.00000000 1.00000000
vn 0.00000000 0.00000000 1.00000000
vn 0.00000000 0.00000000 1.00000000
vn -0.00000000 0.00002400 1.00000000
vn -0.00000000 0.00002400 1.00000000
vn 0.00000000 -0.00000700 1.00000000
vn 0.00000000 0.00000000 1.00000000
vn -0.00000000 0.00002400 1.00000000
vn 0.00000000 0.00000000 1.00000000
vn 0.00000000 -0.00000700 1.00000000
vn 0.00000000 -0.00000700 1.00000000
vn 0.00000000 0.00000000 1.00000000
vn 0.00000000 0.00000000 1.00000000
vn 0.00000000 0.00000000 1.00000000
vn 0.00000000 0.00000000 1.00000000
vn -0.00000000 0.00000300 1.00000000
vn -0.00000000 0.00000300 1.00000000
vn 0.00000000 0.00000000 1.00000000
vn 0.00000000 0.00000000 1.00000000
vn -0.00000000 0.00000300 1.00000000
vn 0.00000000 0.00000000 1.00000000
vn 0.00000000 0.00000000 1.00000000
vn 0.00000000 0.00000000 1.00000000
vn -0.25882900 0.96592300 0.00000000
vn -0.25882900 0.96592300 0.00000000
vn -0.25882900 0.96592300 0.00000000
vn -0.25882900 0.96592300 0.00000000
vn -0.70710800 0.70710500 0.00000000
vn -0.70710800 0.70710500 0.00000000
vn -0.70710600 0.70710800 0.00000000
vn -0.70710600 0.70710800 0.00000000
vn -0.70710800 0.70710500 0.00000000
vn -0.70710600 0.70710800 0.00000000
vn -0.96592600 0.25881700 0.00000000
vn -0.96592600 0.25881700 0.00000000
vn -0.96592600 0.25881700 0.00000000
vn -0.96592600 0.25881700 0.00000000
vn -0.96592600 -0.25882000 0.00000000
vn -0.96592600 -0.25882000 0.00000000
vn -0.96592600 -0.25882000 0.00000000
vn -0.96592600 -0.25882000 0.00000000
vn -0.70710700 -0.70710700 0.00000000
vn -0.70710700 -0.70710700 0.00000000
vn -0.70710700 -0.70710700 0.00000000
vn -0.70710700 -0.70710700 0.00000000
vn -0.25882900 -0.96592300 0.00000000
vn -0.25882900 -0.96592300 0.00000000
vn -0.25882900 -0.96592300 0.00000000
vn -0.25882900 -0.96592300 0.00000000
vn 0.25882900 -0.96592300 0.00000000
vn 0.25882900 -0.96592300 0.00000000
vn 0.25882900 -0.96592300 0.00000000
vn 0.25882900 -0.96592300 0.00000000
vn 0.70710800 -0.70710500 0.00000000
vn 0.70710600 -0.70710800 0.00000000
vn 0.70710800 -0.70710500 0.00000000
vn 0.70710800 -0.70710500 0.00000000
vn 0.70710600 -0.70710800 0.00000000
vn 0.70710600 -0.70710800 0.00000000
vn 0.96592600 -0.25881900 0.00000000
vn 0.96592600 -0.25881900 0.00000000
vn 0.96592600 -0.25881900 0.00000000
vn 0.96592600 -0.25881900 0.00000000
vn 0.96592600 0.25881700 0.00000000
vn 0.96592600 0.25881700 0.00000000
vn 0.96592600 0.25881700 0.00000000
vn 0.96592600 0.25881700 0.00000000
vn 0.70710700 0.70710700 0.00000000
vn 0.70710700 0.70710700 0.00000000
vn 0.70710700 0.70710700 0.00000000
vn 0.70710700 0.70710700 0.00000000
vn 0.25882900 0.96592300 0.00000000
vn 0.25882900 0.96592300 0.00000000
vn 0.25882900 0.96592300 0.00000000
vn 0.25882900 0.96592300 0.00000000
vn -0.29828200 0.64263500 0.70572500
vn -0.40738000 0.57960700 0.70576000
vn -0.57959800 0.40736200 0.70577800
vn -0.64256700 0.29828500 0.70578600
vn -0.70564000 0.06291800 0.70577100
vn -0.70564400 0.06306900 0.70575400
vn -0.69474700 0.18613000 0.69475300
vn -0.69474000 -0.18613700 0.69475800
vn -0.64268000 -0.29821300 0.70571400
vn -0.64259200 -0.29837600 0.70572500
vn -0.69452400 -0.18616000 0.69496900
vn -0.50845100 -0.50852400 0.69489600
vn -0.40738200 -0.57966100 0.70571500
vn -0.29828800 -0.64261500 0.70574100
vn -0.06298900 -0.70563300 0.70577200
vn 0.06299100 -0.70565800 0.70574700
vn 0.29825200 -0.64264500 0.70572900
vn 0.40739500 -0.57965700 0.70571000
vn 0.57963100 -0.40739700 0.70573100
vn 0.64259600 -0.29827900 0.70576100
vn 0.70561300 -0.06299700 0.70579100
vn 0.70559500 0.06298100 0.70581100
vn 0.64256200 0.29826900 0.70579800
vn 0.57958500 0.40736500 0.70578700
vn 0.40736300 0.57958800 0.70578500
vn 0.29825500 0.64261400 0.70575500
vn 0.06299400 0.70567200 0.70573200
vn -0.06303200 0.70568600 0.70571500
vn -0.25878300 0.96593500 0.00000000
vn -0.25880000 0.96593100 0.00000000
vn -0.25878300 0.96593500 0.00000000
vn -0.25878300 0.96593500 0.00000000
vn -0.25880000 0.96593100 0.00000000
vn -0.25880000 0.96593100 0.00000000
vn -0.70711900 0.70709500 0.00000100
vn -0.70713200 0.70708100 0.00000000
vn -0.70711900 0.70709500 0.00000100
vn -0.70713200 0.70708100 0.00000000
vn -0.70711900 0.70709500 0.00000100
vn -0.70713200 0.70708100 0.00000000
vn -0.96593600 0.25878000 0.00000000
vn -0.96593600 0.25878000 0.00000000
vn -0.96593700 0.25877900 0.00000000
vn -0.96593600 0.25878000 0.00000000
vn -0.96593700 0.25877900 0.00000000
vn -0.96593700 0.25877900 0.00000000
vn -0.96593000 -0.25880400 0.00000000
vn -0.96593000 -0.25880400 0.00000000
vn -0.96593000 -0.25880300 0.00000000
vn -0.96593000 -0.25880400 0.00000000
vn -0.96593000 -0.25880300 0.00000000
vn -0.96593000 -0.25880300 0.00000000
vn -0.70713100 -0.70708200 0.00000000
vn -0.70713100 -0.70708200 0.00000000
vn -0.70712300 -0.70709100 -0.00000100
vn -0.70713100 -0.70708200 0.00000000
vn -0.70712300 -0.70709100 -0.00000100
vn -0.70712300 -0.70709100 -0.00000100
vn -0.25888200 -0.96590900 -0.00000100
vn -0.25888200 -0.96590900 -0.00000100
vn -0.25878300 -0.96593500 -0.00002400
vn -0.25888200 -0.96590900 -0.00000100
vn -0.25878300 -0.96593500 -0.00002400
vn -0.25878300 -0.96593500 -0.00002400
vn 0.25887500 -0.96591100 -0.00002400
vn 0.25879300 -0.96593300 -0.00000000
vn 0.25887500 -0.96591100 -0.00002400
vn 0.25887500 -0.96591100 -0.00002400
vn 0.25879300 -0.96593300 -0.00000000
vn 0.25879300 -0.96593300 -0.00000000
vn 0.70712500 -0.70708800 -0.00000100
vn 0.70712500 -0.70708800 -0.00000100
vn 0.70712800 -0.70708600 0.00000000
vn 0.70712500 -0.70708800 -0.00000100
vn 0.70712800 -0.70708600 0.00000000
vn 0.70712800 -0.70708600 0.00000000
vn 0.96593000 -0.25880400 0.00000000
vn 0.96593000 -0.25880300 0.00000000
vn 0.96593000 -0.25880400 0.00000000
vn 0.96593000 -0.25880400 0.00000000
vn 0.96593000 -0.25880300 0.00000000
vn 0.96593000 -0.25880300 0.00000000
vn 0.96593600 0.25878000 0.00000000
vn 0.96593600 0.25878000 0.00000000
vn 0.96593000 0.25880300 -0.00000600
vn 0.96593000 0.25880300 -0.00000600
vn 0.96593600 0.25878000 0.00000000
vn 0.96593000 0.25880300 -0.00000600
vn 0.70713200 0.70708100 -0.00001800
vn 0.70716900 0.70704500 -0.00000100
vn 0.70713200 0.70708100 -0.00001800
vn 0.70713200 0.70708100 -0.00001800
vn 0.70716900 0.70704500 -0.00000100
vn 0.70716900 0.70704500 -0.00000100
vn 0.25879900 0.96593100 -0.00000000
vn 0.25878200 0.96593600 0.00000000
vn 0.25879900 0.96593100 -0.00000000
vn 0.25878200 0.96593600 0.00000000
vn 0.25879900 0.96593100 -0.00000000
vn 0.25878200 0.96593600 0.00000000
vn -0.00000000 0.00000300 1.00000000
vn 0.00000000 0.00000000 1.00000000
vn 0.00000000 0.00000000 1.00000000
vn 0.00000000 0.00000000 1.00000000
vn 0.00000000 0.00000000 1.00000000
vn -0.00000000 0.00002400 1.00000000
vn 0.00000000 0.00000000 1.00000000
vn 0.00000000 0.00000000 1.00000000
vn -0.00000000 0.00002400 1.00000000
vn -0.00000000 0.00002400 1.00000000
vn 0.00000000 0.00000000 1.00000000
vn 0.00000000 0.00000000 1.00000000
vn 0.00000000 0.00000000 1.00000000
vn 0.00000000 0.00000000 1.00000000
vn 0.00000000 0.00000000 1.00000000
vn -0.00000000 0.00000900 1.00000000
vn -0.00000000 0.00000900 1.00000000
vn 0.00000000 0.00000000 1.00000000
vn 0.00000000 0.00000000 1.00000000
vn -0.00000000 0.00000900 1.00000000
vn 0.00000000 0.00000000 1.00000000
vn 0.00000000 0.00000000 1.00000000
vn 0.00000000 0.00000000 1.00000000
vn 0.00000000 0.00000000 1.00000000
vn -0.00000000 0.00002400 1.00000000
vn 0.00000000 0.00000000 1.00000000
vn -0.00000000 0.00002400 1.00000000
vn 0.00000000 -0.00001300 1.00000000
vn -0.00000000 0.00002400 1.00000000
vn 0.00000000 -0.00001300 1.00000000
vn 0.00000000 0.00000000 1.00000000
vn 0.00000000 -0.00001300 1.00000000
vn 0.00000000 0.00000000 1.00000000
vn 0.00000000 0.00000000 1.00000000
vn 0.00000000 0.00000000 1.00000000
vn -0.00000000 0.00000300 1.00000000
vn 0.00000000 0.00000000 1.00000000
vn -0.00000000 0.00000300 1.00000000
vn 0.00000000 0.00000000 1.00000000
vn -0.25883700 0.96592100 0.00000000
vn -0.25883200 0.96592200 0.00000000
vn -0.25883700 0.96592100 0.00000000
vn -0.25883700 0.96592100 0.00000000
vn -0.25883200 0.96592200 0.00000000
vn -0.25883200 0.96592200 0.00000000
vn -0.70710800 0.70710500 0.00000000
vn -0.70710800 0.70710500 0.00000000
vn -0.70710400 0.70710900 0.00000000
vn -0.70710400 0.70710900 0.00000000
vn -0.70710800 0.70710500 0.00000000
vn -0.70710400 0.70710900 0.00000000
vn -0.96592600 0.25881800 0.00000000
vn -0.96592600 0.25881800 0.00000000
vn -0.96592600 0.25881900 0.00000000
vn -0.96592600 0.25881900 0.00000000
vn -0.96592600 0.25881800 0.00000000
vn -0.96592600 0.25881900 0.00000000
vn -0.96592500 -0.25882100 0.00000000
vn -0.96592600 -0.25881800 0.00000000
vn -0.96592500 -0.25882100 0.00000000
vn -0.96592600 -0.25881800 0.00000000
vn -0.96592500 -0.25882100 0.00000000
vn -0.96592600 -0.25881800 0.00000000
vn -0.70710800 -0.70710600 0.00000000
vn -0.70710400 -0.70710900 0.00000000
vn -0.70710800 -0.70710600 0.00000000
vn -0.70710400 -0.70710900 0.00000000
vn -0.70710800 -0.70710600 0.00000000
vn -0.70710400 -0.70710900 0.00000000
vn -0.25884200 -0.96592000 0.00000000
vn -0.25884200 -0.96592000 0.00000000
vn -0.25883700 -0.96592100 0.00000000
vn -0.25883700 -0.96592100 0.00000000
vn -0.25884200 -0.96592000 0.00000000
vn -0.25883700 -0.96592100 0.00000000
vn 0.25883700 -0.96592100 0.00000000
vn 0.25883700 -0.96592100 0.00000000
vn 0.25884200 -0.96592000 0.00000000
vn 0.25883700 -0.96592100 0.00000000
vn 0.25884200 -0.96592000 0.00000000
vn 0.25884200 -0.96592000 0.00000000
vn 0.70710600 -0.70710800 0.00000000
vn 0.70710600 -0.70710800 0.00000000
vn 0.70710700 -0.70710700 0.00000000
vn 0.70710700 -0.70710700 0.00000000
vn 0.70710600 -0.70710800 0.00000000
vn 0.70710700 -0.70710700 0.00000000
vn 0.96592600 -0.25881800 0.00000000
vn 0.96592600 -0.25881800 0.00000000
vn 0.96592500 -0.25882100 0.00000000
vn 0.96592500 -0.25882100 0.00000000
vn 0.96592600 -0.25881800 0.00000000
vn 0.96592500 -0.25882100 0.00000000
vn 0.96592600 0.25882000 0.00000000
vn 0.96592600 0.25882000 0.00000000
vn 0.96592600 0.25881800 0.00000000
vn 0.96592600 0.25882000 0.00000000
vn 0.96592600 0.25881800 0.00000000
vn 0.96592600 0.25881800 0.00000000
vn 0.70710500 0.70710800 0.00000000
vn 0.70710500 0.70710800 0.00000000
vn 0.70710700 0.70710700 0.00000000
vn 0.70710500 0.70710800 0.00000000
vn 0.70710700 0.70710700 0.00000000
vn 0.70710700 0.70710700 0.00000000
vn 0.25883200 0.96592200 0.00000000
vn 0.25883700 0.96592100 0.00000000
vn 0.25883200 0.96592200 0.00000000
vn 0.25883200 0.96592200 0.00000000
vn 0.25883700 0.96592100 0.00000000
vn 0.25883700 0.96592100 0.00000000
vn -0.29831000 0.64261900 0.70572800
vn -0.40740600 0.57964300 0.70571500
vn -0.57965200 0.40740100 0.70571100
vn -0.64264900 0.29826400 0.70572000
vn -0.70567100 0.06299600 0.70573300
vn -0.70565700 -0.06302600 0.70574500
vn -0.64261400 -0.29830300 0.70573500
vn -0.57961600 -0.40739700 0.70574300
vn -0.40737800 -0.57961300 0.70575700
vn -0.29824700 -0.64259500 0.70577600
vn -0.06297800 -0.70564400 0.70576300
vn 0.06299100 -0.70564400 0.70576100
vn 0.29827100 -0.64258800 0.70577300
vn 0.40736400 -0.57960500 0.70577000
vn 0.57960700 -0.40739200 0.70575300
vn 0.64261000 -0.29826600 0.70575500
vn 0.70561700 -0.06300200 0.70578700
vn 0.70560100 0.06297800 0.70580500
vn 0.64256600 0.29827500 0.70579000
vn 0.57963700 0.40737600 0.70573700
vn 0.40739600 0.57967500 0.70569500
vn 0.29831300 0.64265300 0.70569600
vn 0.06302300 0.70568100 0.70572100
vn -0.06299700 0.70566300 0.70574200
vn -0.25881100 0.96592800 0.00000000
vn -0.25879300 0.96593300 0.00000000
vn -0.25881100 0.96592800 0.00000000
vn -0.25881100 0.96592800 0.00000000
vn -0.25879300 0.96593300 0.00000000
vn -0.25879300 0.96593300 0.00000000
vn -0.70712400 0.70709000 0.00000100
vn -0.70713600 0.70707700 0.00000000
vn -0.70712400 0.70709000 0.00000100
vn -0.70713600 0.70707700 0.00000000
vn -0.70712400 0.70709000 0.00000100
vn -0.70713600 0.70707700 0.00000000
vn -0.96593600 0.25878000 0.00000000
vn -0.96593600 0.25878000 0.00000000
vn -0.96593700 0.25877900 0.00000000
vn -0.96593600 0.25878000 0.00000000
vn -0.96593700 0.25877900 0.00000000
vn -0.96593700 0.25877900 0.00000000
vn -0.96593000 -0.25880400 0.00000000
vn -0.96593000 -0.25880400 0.00000000
vn -0.96593000 -0.25880300 0.00000000
vn -0.96593000 -0.25880400 0.00000000
vn -0.96593000 -0.25880300 0.00000000
vn -0.96593000 -0.25880300 0.00000000
vn -0.70711700 -0.70709700 0.00000000
vn -0.70711800 -0.70709600 0.00000100
vn -0.70711700 -0.70709700 0.00000000
vn -0.70711800 -0.70709600 0.00000100
vn -0.70711700 -0.70709700 0.00000000
vn -0.70711800 -0.70709600 0.00000100
vn -0.25881100 -0.96592800 0.00000000
vn -0.25880900 -0.96592800 0.00000000
vn -0.25881100 -0.96592800 0.00000000
vn -0.25880900 -0.96592800 0.00000000
vn -0.25881100 -0.96592800 0.00000000
vn -0.25880900 -0.96592800 0.00000000
vn 0.25881000 -0.96592800 0.00000000
vn 0.25881000 -0.96592800 -0.00000000
vn 0.25881000 -0.96592800 0.00000000
vn 0.25881000 -0.96592800 -0.00000000
vn 0.25881000 -0.96592800 0.00000000
vn 0.25881000 -0.96592800 -0.00000000
vn 0.70711700 -0.70709700 -0.00000100
vn 0.70711700 -0.70709700 -0.00000100
vn 0.70711300 -0.70710100 0.00000000
vn 0.70711300 -0.70710100 0.00000000
vn 0.70711700 -0.70709700 -0.00000100
vn 0.70711300 -0.70710100 0.00000000
vn 0.96593000 -0.25880400 0.00000000
vn 0.96593000 -0.25880300 0.00000000
vn 0.96593000 -0.25880400 0.00000000
vn 0.96593000 -0.25880300 0.00000000
vn 0.96593000 -0.25880400 0.00000000
vn 0.96593000 -0.25880300 0.00000000
vn 0.96593600 0.25878000 0.00000000
vn 0.96593700 0.25877900 0.00000000
vn 0.96593600 0.25878000 0.00000000
vn 0.96593700 0.25877900 0.00000000
vn 0.96593600 0.25878000 0.00000000
vn 0.96593700 0.25877900 0.00000000
vn 0.70713100 0.70708200 0.00000000
vn 0.70712600 0.70708700 0.00000100
vn 0.70713100 0.70708200 0.00000000
vn 0.70713100 0.70708200 0.00000000
vn 0.70712600 0.70708700 0.00000100
vn 0.70712600 0.70708700 0.00000100
vn 0.25879400 0.96593300 0.00000100
vn 0.25879400 0.96593300 0.00000100
vn 0.25880900 0.96592800 0.00000000
vn 0.25879400 0.96593300 0.00000100
vn 0.25880900 0.96592800 0.00000000
vn 0.25880900 0.96592800 0.00000000
vn 0.00000000 0.00000000 1.00000000
vn 0.00000000 0.00000000 1.00000000
vn 0.00000000 0.00000000 1.00000000
vn 0.00000000 0.00000000 1.00000000
vn 0.00000000 0.00000000 1.00000000
vn 0.00000000 0.00000000 1.00000000
vn -0.00000000 0.00001300 1.00000000
vn 0.00000000 0.00000000 1.00000000
vn -0.00000000 0.00001300 1.00000000
vn -0.00000000 0.00000700 1.00000000
vn -0.00000000 0.00001300 1.00000000
vn 0.00000000 0.00000000 1.00000000
vn -0.00000000 0.00000700 1.00000000
vn 0.00000000 0.00000000 1.00000000
vn 0.00000000 0.00000000 1.00000000
vn -0.00000000 0.00000700 1.00000000
vn 0.00000000 0.00000000 1.00000000
vn 0.00000000 0.00000000 1.00000000
vn 0.00000000 -0.00002400 1.00000000
vn 0.00000000 0.00000000 1.00000000
vn -0.00000000 0.00001300 1.00000000
vn 0.00000000 -0.00002400 1.00000000
vn 0.00000000 0.00000000 1.00000000
vn 0.00000000 -0.00002400 1.00000000
vn -0.00000000 0.00001300 1.00000000
vn 0.00000000 0.00000000 1.00000000
vn -0.00000000 0.00001300 1.00000000
vn 0.00000000 0.00000000 1.00000000
vn 0.00000000 0.00000000 1.00000000
vn 0.00000000 0.00000000 1.00000000
vn -0.00000000 0.00000300 1.00000000
vn 0.00000000 0.00000000 1.00000000
vn -0.00000000 0.00000300 1.00000000
vn 0.00000000 0.00000000 1.00000000
vn -0.00000000 0.00000300 1.00000000
vn 0.00000000 0.00000000 1.00000000
vn 0.00000000 0.00000000 1.00000000
vn 0.00000000 0.00000000 1.00000000
vn 0.00000000 0.00000000 1.00000000
vn -0.25882500 0.96592400 0.00000000
vn -0.25882500 0.96592400 0.00000000
vn -0.25882700 0.96592400 -0.00000600
vn -0.25882700 0.96592400 -0.00000600
vn -0.25882500 0.96592400 0.00000000
vn -0.25882700 0.96592400 -0.00000600
vn -0.70713000 0.70708400 -0.00001800
vn -0.70710700 0.70710700 0.00000000
vn -0.70713000 0.70708400 -0.00001800
vn -0.70710700 0.70710700 0.00000000
vn -0.70713000 0.70708400 -0.00001800
vn -0.70710700 0.70710700 0.00000000
vn -0.96592600 0.25881700 0.00000000
vn -0.96592600 0.25881700 0.00000000
vn -0.96592600 0.25881700 0.00000000
vn -0.96592600 0.25881700 0.00000000
vn -0.96592600 -0.25882000 0.00000000
vn -0.96592200 -0.25883300 -0.00000700
vn -0.96592600 -0.25882000 0.00000000
vn -0.96592200 -0.25883300 -0.00000700
vn -0.96592600 -0.25882000 0.00000000
vn -0.96592200 -0.25883300 -0.00000700
vn -0.70708400 -0.70713000 -0.00001800
vn -0.70710400 -0.70710900 0.00000000
vn -0.70708400 -0.70713000 -0.00001800
vn -0.70708400 -0.70713000 -0.00001800
vn -0.70710400 -0.70710900 0.00000000
vn -0.70710400 -0.70710900 0.00000000
vn -0.25883700 -0.96592100 0.00000000
vn -0.25883700 -0.96592100 0.00000000
vn -0.25882100 -0.96592500 0.00000000
vn -0.25882100 -0.96592500 0.00000000
vn -0.25883700 -0.96592100 0.00000000
vn -0.25882100 -0.96592500 0.00000000
vn 0.25877600 -0.96593700 0.00000000
vn 0.25883200 -0.96592200 -0.00002400
vn 0.25877600 -0.96593700 0.00000000
vn 0.25877600 -0.96593700 0.00000000
vn 0.25883200 -0.96592200 -0.00002400
vn 0.25883200 -0.96592200 -0.00002400
vn 0.70710600 -0.70710800 -0.00001800
vn 0.70710600 -0.70710800 -0.00001800
vn 0.70708300 -0.70713100 0.00000000
vn 0.70710600 -0.70710800 -0.00001800
vn 0.70708300 -0.70713100 0.00000000
vn 0.70708300 -0.70713100 0.00000000
vn 0.96592600 -0.25881900 0.00000000
vn 0.96592600 -0.25881900 0.00000000
vn 0.96592600 -0.25881900 0.00000000
vn 0.96592600 -0.25881900 0.00000000
vn 0.96592600 0.25881700 0.00000000
vn 0.96592600 0.25881700 0.00000000
vn 0.96592600 0.25881700 0.00000000
vn 0.96592600 0.25881700 0.00000000
vn 0.70710800 0.70710600 0.00000000
vn 0.70710800 0.70710600 0.00000000
vn 0.70710100 0.70711200 0.00000000
vn 0.70710800 0.70710600 0.00000000
vn 0.70710100 0.70711200 0.00000000
vn 0.70710100 0.70711200 0.00000000
vn 0.25882700 0.96592400 0.00000000
vn 0.25883700 0.96592100 0.00000000
vn 0.25882700 0.96592400 0.00000000
vn 0.25882700 0.96592400 0.00000000
vn 0.25883700 0.96592100 0.00000000
vn 0.25883700 0.96592100 0.00000000
vn -0.29826700 0.64255600 0.70580400
vn -0.40735800 0.57963000 0.70575400
vn -0.57966700 0.40739400 0.70570300
vn -0.64266100 0.29830900 0.70569000
vn -0.70568000 0.06298900 0.70572500
vn -0.70565500 -0.06298700 0.70575000
vn -0.64260900 -0.29827100 0.70575300
vn -0.57962000 -0.40736100 0.70576000
vn -0.40734000 -0.57962000 0.70577200
vn -0.29827400 -0.64255800 0.70579800
vn -0.06297100 -0.70560800 0.70579900
vn 0.06300500 -0.70561300 0.70579000
vn 0.29817700 -0.64267000 0.70573800
vn 0.29832900 -0.64258200 0.70575400
vn 0.18616800 -0.69448100 0.69500900
vn 0.50854400 -0.50847400 0.69486500
vn 0.57959200 -0.40734800 0.70579100
vn 0.64258100 -0.29824100 0.70579200
vn 0.70565500 -0.06295900 0.70575300
vn 0.70571300 0.06297700 0.70569300
vn 0.64266900 0.29833400 0.70567200
vn 0.57966900 0.40739300 0.70570100
vn 0.40736100 0.57963500 0.70574900
vn 0.29826900 0.64255500 0.70580400
vn 0.06296900 0.70559400 0.70581300
vn -0.06300900 0.70559000 0.70581400
vn -0.25877600 0.96593700 0.00000000
vn -0.25879100 0.96593300 0.00000000
vn -0.25877600 0.96593700 0.00000000
vn -0.25877600 0.96593700 0.00000000
vn -0.25879100 0.96593300 0.00000000
vn -0.25879100 0.96593300 0.00000000
vn -0.70712400 0.70709000 0.00000100
vn -0.70712400 0.70709000 0.00000100
vn -0.70713500 0.70707900 0.00000000
vn -0.70713500 0.70707900 0.00000000
vn -0.70712400 0.70709000 0.00000100
vn -0.70713500 0.70707900 0.00000000
vn -0.96593000 0.25880400 0.00000000
vn -0.96593000 0.25880400 0.00000000
vn -0.96593000 0.25880300 0.00000000
vn -0.96593000 0.25880300 0.00000000
vn -0.96593000 0.25880400 0.00000000
vn -0.96593000 0.25880300 0.00000000
vn -0.96593600 -0.25878000 0.00000000
vn -0.96593700 -0.25877900 0.00000000
vn -0.96593600 -0.25878000 0.00000000
vn -0.96593700 -0.25877900 0.00000000
vn -0.96593600 -0.25878000 0.00000000
vn -0.96593700 -0.25877900 0.00000000
vn -0.70711400 -0.70709900 0.00000000
vn -0.70712700 -0.70708600 0.00000100
vn -0.70711400 -0.70709900 0.00000000
vn -0.70712700 -0.70708600 0.00000100
vn -0.70711400 -0.70709900 0.00000000
vn -0.70712700 -0.70708600 0.00000100
vn -0.25881200 -0.96592800 0.00000000
vn -0.25879000 -0.96593400 0.00000000
vn -0.25881200 -0.96592800 0.00000000
vn -0.25879000 -0.96593400 0.00000000
vn -0.25881200 -0.96592800 0.00000000
vn -0.25879000 -0.96593400 0.00000000
vn 0.25879000 -0.96593400 0.00000000
vn 0.25879000 -0.96593400 0.00000000
vn 0.25881000 -0.96592800 -0.00000000
vn 0.25881000 -0.96592800 -0.00000000
vn 0.25879000 -0.96593400 0.00000000
vn 0.25881000 -0.96592800 -0.00000000
vn 0.70712800 -0.70708600 -0.00000100
vn 0.70712800 -0.70708600 -0.00000100
vn 0.70711500 -0.70709800 0.00000000
vn 0.70711500 -0.70709800 0.00000000
vn 0.70712800 -0.70708600 -0.00000100
vn 0.70711500 -0.70709800 0.00000000
vn 0.96593600 -0.25878000 0.00000000
vn 0.96593600 -0.25878000 0.00000000
vn 0.96593700 -0.25877900 0.00000000
vn 0.96593700 -0.25877900 0.00000000
vn 0.96593600 -0.25878000 0.00000000
vn 0.96593700 -0.25877900 0.00000000
vn 0.96593000 0.25880400 0.00000000
vn 0.96593000 0.25880300 0.00000000
vn 0.96593000 0.25880400 0.00000000
vn 0.96593000 0.25880400 0.00000000
vn 0.96593000 0.25880300 0.00000000
vn 0.96593000 0.25880300 0.00000000
vn 0.70713400 0.70708000 0.00000000
vn 0.70713400 0.70708000 0.00000000
vn 0.70712600 0.70708700 0.00000100
vn 0.70712600 0.70708700 0.00000100
vn 0.70713400 0.70708000 0.00000000
vn 0.70712600 0.70708700 0.00000100
vn 0.25879400 0.96593300 0.00000000
vn 0.25879400 0.96593300 0.00000000
vn 0.25877200 0.96593800 0.00000000
vn 0.25879400 0.96593300 0.00000000
vn 0.25877200 0.96593800 0.00000000
vn 0.25877200 0.96593800 0.00000000
vn 0.00000000 0.00000000 1.00000000
vn -0.00000000 0.00000300 1.00000000
vn 0.00000000 0.00000000 1.00000000
vn 0.00000000 0.00000000 1.00000000
vn 0.00000000 0.00000000 1.00000000
vn 0.00000000 0.00000000 1.00000000
vn 0.00000000 0.00000000 1.00000000
vn 0.00000000 0.00000000 1.00000000
vn 0.00000000 0.00000000 1.00000000
vn 0.00000000 0.00000000 1.00000000
vn 0.00000000 0.00000000 1.00000000
vn 0.00000000 0.00000000 1.00000000
vn 0.00000000 -0.00000300 1.00000000
vn 0.00000000 -0.00000300 1.00000000
vn 0.00000000 0.00000000 1.00000000
vn 0.00000000 0.00000000 1.00000000
vn 0.00000000 -0.00000300 1.00000000
vn 0.00000000 0.00000000 1.00000000
vn 0.00000000 0.00000000 1.00000000
vn 0.00000000 0.00000000 1.00000000
vn 0.00000000 0.00000000 1.00000000
vn 0.00000000 0.00000000 1.00000000
vn 0.00000000 0.00000000 1.00000000
vn 0.00000000 0.00000000 1.00000000
vn 0.00000000 0.00000000 1.00000000
vn 0.00000000 0.00000000 1.00000000
vn 0.00000000 0.00000000 1.00000000
vn -0.00000000 0.00000300 1.00000000
vn 0.00000000 0.00000000 1.00000000
vn -0.00000000 0.00000300 1.00000000
vn -0.25883700 0.96592100 0.00000000
vn -0.25883700 0.96592100 0.00000000
vn -0.25883700 0.96592100 0.00000000
vn -0.25883700 0.96592100 0.00000000
vn -0.70710300 0.70711100 0.00000000
vn -0.70710700 0.70710700 0.00000000
vn -0.70710300 0.70711100 0.00000000
vn -0.70710300 0.70711100 0.00000000
vn -0.70710700 0.70710700 0.00000000
vn -0.70710700 0.70710700 0.00000000
vn -0.96592600 0.25881700 0.00000000
vn -0.96592600 0.25881900 0.00000000
vn -0.96592600 0.25881700 0.00000000
vn -0.96592600 0.25881700 0.00000000
vn -0.96592600 0.25881900 0.00000000
vn -0.96592600 0.25881900 0.00000000
vn -0.96592500 -0.25882200 0.00000000
vn -0.96592500 -0.25882200 0.00000000
vn -0.96592600 -0.25882000 0.00000000
vn -0.96592500 -0.25882200 0.00000000
vn -0.96592600 -0.25882000 0.00000000
vn -0.96592600 -0.25882000 0.00000000
vn -0.70710800 -0.70710600 0.00000000
vn -0.70710800 -0.70710600 0.00000000
vn -0.70710700 -0.70710700 0.00000000
vn -0.70710800 -0.70710600 0.00000000
vn -0.70710700 -0.70710700 0.00000000
vn -0.70710700 -0.70710700 0.00000000
vn -0.25883700 -0.96592100 0.00000000
vn -0.25883700 -0.96592100 0.00000000
vn -0.25883700 -0.96592100 0.00000000
vn -0.25883700 -0.96592100 0.00000000
vn 0.25883700 -0.96592100 0.00000000
vn 0.25883700 -0.96592100 0.00000000
vn 0.25883700 -0.96592100 0.00000000
vn 0.25883700 -0.96592100 0.00000000
vn 0.70710800 -0.70710500 0.00000000
vn 0.70710800 -0.70710500 0.00000000
vn 0.70710700 -0.70710700 0.00000000
vn 0.70710800 -0.70710500 0.00000000
vn 0.70710700 -0.70710700 0.00000000
vn 0.70710700 -0.70710700 0.00000000
vn 0.96592600 -0.25881900 0.00000000
vn 0.96592500 -0.25882200 0.00000000
vn 0.96592600 -0.25881900 0.00000000
vn 0.96592600 -0.25881900 0.00000000
vn 0.96592500 -0.25882200 0.00000000
vn 0.96592500 -0.25882200 0.00000000
vn 0.96592600 0.25882000 0.00000000
vn 0.96592600 0.25881700 0.00000000
vn 0.96592600 0.25882000 0.00000000
vn 0.96592600 0.25882000 0.00000000
vn 0.96592600 0.25881700 0.00000000
vn 0.96592600 0.25881700 0.00000000
vn 0.70710800 0.70710600 0.00000000
vn 0.70710800 0.70710600 0.00000000
vn 0.70710100 0.70711200 0.00000000
vn 0.70710800 0.70710600 0.00000000
vn 0.70710100 0.70711200 0.00000000
vn 0.70710100 0.70711200 0.00000000
vn 0.25883700 0.96592100 0.00000000
vn 0.25883700 0.96592100 0.00000000
vn 0.25883700 0.96592100 0.00000000
vn 0.25883700 0.96592100 0.00000000
vn -0.29829200 0.64264200 0.70571400
vn -0.40737700 0.57962200 0.70575000
vn -0.57957700 0.40738800 0.70578000
vn -0.64256600 0.29828000 0.70578900
vn -0.70563400 0.06300000 0.70577100
vn -0.70566400 -0.06302300 0.70573900
vn -0.64263500 -0.29829900 0.70571800
vn -0.57964500 -0.40739000 0.70572300
vn -0.40741300 -0.57960300 0.70574400
vn -0.29825900 -0.64266000 0.70571200
vn -0.06298300 -0.70574900 0.70565700
vn 0.06299600 -0.70575400 0.70565100
vn 0.29818200 -0.64273200 0.70567900
vn 0.29836000 -0.64263400 0.70569300
vn 0.18611600 -0.69466000 0.69484500
vn 0.50869300 -0.50860100 0.69466200
vn 0.57966000 -0.40739100 0.70571000
vn 0.64264700 -0.29832400 0.70569700
vn 0.70569100 -0.06299600 0.70571400
vn 0.70570300 0.06298300 0.70570300
vn 0.64264400 0.29828400 0.70571600
vn 0.57966200 0.40741200 0.70569600
vn 0.40740200 0.57968400 0.70568400
vn 0.29829400 0.64267900 0.70568000
vn 0.06298800 0.70571600 0.70568900
vn -0.06303300 0.70570500 0.70569600
f 1//1 2//2 3//3
f 3//3 2//2 4//4
f 5//5 6//6 8//8
f 9//9 7//7 10//10
f 11//11 12//12 14//14
f 15//15 13//13 16//16
f 17//17 18//18 20//20
f 21//21 19//19 22//22
f 23//23 24//24 25//25
f 25//25 24//24 26//26
f 27//27 30//30 32//32
f 42//42 46//46 49//49
f 55//55 58//58 63//63
f 67//67 70//70 74//74
f 76//76 81//81 84//84
f 84//84 81//81 85//85
f 86//86 92//92 94//94
f 94//94 92//92 63//63
f 94//94 63//63 76//76
f 95//95 96//96 97//97
f 97//97 96//96 98//98
f 97//97 98//98 102//102
f 102//102 98//98 103//103
f 102//102 103//103 110//110
f 110//110 103//103 117//117
f 110//110 117//117 119//119
f 119//119 117//117 32//32
f 119//119 32//32 120//120
f 120//120 32//32 122//122
f 120//120 122//122 128//128
f 128//128 122//122 52//52
f 128//128 52//52 86//86
f 129//129 133//133 135//135
f 136//136 131//131 143//143
f 72//72 69//69 137//137
f 134//134 71//71 147//147
f 136//136 146//146 130//130
f 132//132 148//148 145//145
f 141//141 149//149 151//151
f 142//142 152//152 83//83
f 81//81 150//150 153//153
f 82//82 154//154 155//155
f 156//156 157//157 81//81
f 78//78 158//158 160//160
f 81//81 161//161 74//74
f 73//73 159//159 162//162
f 75//75 163//163 68//68
f 164//164 166//166 171//171
f 175//175 176//176 65//65
f 76//76 63//63 81//81
f 81//81 63//63 177//177
f 77//77 178//178 180//180
f 166//166 181//181 63//63
f 66//66 182//182 184//184
f 64//64 183//183 174//174
f 165//165 173//173 185//185
f 187//187 171//171 143//143
f 186//186 139//139 188//188
f 179//179 191//191 81//81
f 80//80 190//190 194//194
f 79//79 192//192 144//144
f 138//138 193//193 195//195
f 140//140 196//196 189//189
f 167//167 61//61 169//169
f 170//170 62//62 57//57
f 171//171 58//58 198//198
f 197//197 199//199 172//172
f 168//168 200//200 203//203
f 171//171 201//201 209//209
f 202//202 211//211 204//204
f 206//206 210//210 214//214
f 205//205 213//213 87//87
f 90//90 212//212 215//215
f 91//91 216//216 218//218
f 217//217 220//220 92//92
f 93//93 219//219 221//221
f 92//92 223//223 63//63
f 59//59 222//222 224//224
f 60//60 225//225 56//56
f 227//227 228//228 47//47
f 86//86 52//52 92//92
f 92//92 52//52 230//230
f 89//89 229//229 232//232
f 233//233 209//209 234//234
f 235//235 207//207 88//88
f 234//234 92//92 236//236
f 236//236 92//92 231//231
f 233//233 238//238 209//209
f 208//208 237//237 240//240
f 209//209 241//241 248//248
f 246//246 239//239 251//251
f 244//244 250//250 253//253
f 252//252 256//256 52//52
f 51//51 255//255 258//258
f 52//52 257//257 226//226
f 254//254 54//54 245//245
f 242//242 53//53 45//45
f 249//249 44//44 259//259
f 260//260 262//262 247//247
f 243//243 261//261 264//264
f 248//248 265//265 268//268
f 263//263 273//273 271//271
f 270//270 272//272 274//274
f 269//269 275//275 126//126
f 122//122 276//276 277//277
f 127//127 278//278 280//280
f 279//279 282//282 122//122
f 124//124 281//281 283//283
f 122//122 285//285 52//52
f 50//50 284//284 286//286
f 48//48 287//287 43//43
f 288//288 291//291 122//122
f 123//123 290//290 294//294
f 125//125 292//292 266//266
f 268//268 293//293 295//295
f 296//296 304//304 310//310
f 309//309 302//302 311//311
f 314//314 315//315 317//317
f 298//298 319//319 32//32
f 295//295 322//322 268//268
f 267//267 321//321 323//323
f 268//268 324//324 299//299
f 306//306 325//325 326//326
f 307//307 328//328 312//312
f 313//313 327//327 329//329
f 320//320 331//331 40//40
f 39//39 330//330 333//333
f 37//37 332//332 335//335
f 289//289 121//121 337//337
f 338//338 122//122 32//32
f 339//339 38//38 318//318
f 316//316 36//36 334//334
f 317//317 336//336 314//314
f 329//329 340//340 341//341
f 341//341 340//340 342//342
f 341//341 342//342 343//343
f 343//343 342//342 344//344
f 343//343 344//344 315//315
f 315//315 344//344 345//345
f 315//315 345//345 317//317
f 297//297 41//41 308//308
f 305//305 34//34 31//31
f 301//301 29//29 347//347
f 353//353 356//356 116//116
f 115//115 357//357 359//359
f 113//113 358//358 360//360
f 361//361 362//362 117//117
f 114//114 363//363 366//366
f 117//117 364//364 32//32
f 35//35 365//365 368//368
f 33//33 367//367 28//28
f 346//346 370//370 300//300
f 303//303 369//369 373//373
f 299//299 372//372 351//351
f 352//352 371//371 375//375
f 350//350 374//374 355//355
f 377//377 378//378 109//109
f 376//376 103//103 380//380
f 384//384 386//386 391//391
f 392//392 390//390 351//351
f 393//393 349//349 394//394
f 396//396 118//118 398//398
f 400//400 117//117 103//103
f 399//399 105//105 401//401
f 402//402 103//103 379//379
f 397//397 404//404 117//117
f 111//111 403//403 406//406
f 112//112 407//407 354//354
f 351//351 405//405 408//408
f 348//348 409//409 395//395
f 410//410 412//412 103//103
f 106//106 413//413 389//389
f 107//107 388//388 382//382
f 381//381 385//385 383//383
f 414//414 417//417 99//99
f 412//412 419//419 390//390
f 387//387 418//418 422//422
f 390//390 421//421 426//426
f 423//423 420//420 428//428
f 425//425 427//427 430//430
f 415//415 98//98 432//432
f 416//416 433//433 98//98
f 100//100 434//434 436//436
f 98//98 435//435 103//103
f 104//104 437//437 439//439
f 108//108 438//438 411//411
f 96//96 440//440 98//98
f 98//98 440//440 426//426
f 101//101 424//424 431//431
f 432//432 426//426 429//429
f 441//441 442//442 443//443
f 443//443 442//442 444//444
f 445//445 446//446 447//447
f 447//447 446//446 448//448
f 449//449 450//450 451//451
f 451//451 450//450 452//452
f 453//453 454//454 455//455
f 455//455 454//454 456//456
f 457//457 458//458 459//459
f 459//459 458//458 460//460
f 462//462 463//463 467//467
f 471//471 474//474 479//479
f 482//482 483//483 490//490
f 491//491 493//493 499//499
f 502//502 503//503 506//506
f 511//511 514//514 517//517
f 521//521 524//524 527//527
f 531//531 532//532 536//536
f 536//536 532//532 486//486
f 536//536 486//486 537//537
f 537//537 486//486 496//496
f 537//537 496//496 538//538
f 538//538 496//496 507//507
f 538//538 507//507 539//539
f 539//539 507//507 516//516
f 539//539 516//516 540//540
f 540//540 516//516 526//526
f 540//540 526//526 541//541
f 542//542 543//543 544//544
f 544//544 543//543 545//545
f 544//544 545//545 548//548
f 548//548 545//545 466//466
f 548//548 466//466 549//549
f 549//549 466//466 478//478
f 549//549 478//478 531//531
f 541//541 526//526 551//551
f 551//551 526//526 553//553
f 551//551 553//553 554//554
f 554//554 555//555 551//551
f 550//550 556//556 557//557
f 552//552 559//559 561//561
f 560//560 558//558 563//563
f 565//565 569//569 529//529
f 568//568 571//571 530//530
f 526//526 570//570 572//572
f 526//526 572//572 553//553
f 564//564 574//574 562//562
f 560//560 573//573 575//575
f 560//560 575//575 579//579
f 579//579 575//575 580//580
f 578//578 581//581 567//567
f 566//566 526//526 579//579
f 576//576 528//528 525//525
f 579//579 523//523 583//583
f 584//584 588//588 518//518
f 520//520 587//587 589//589
f 590//590 591//591 516//516
f 516//516 591//591 592//592
f 516//516 592//592 526//526
f 526//526 592//592 593//593
f 526//526 593//593 522//522
f 582//582 595//595 577//577
f 579//579 594//594 596//596
f 579//579 596//596 599//599
f 599//599 596//596 602//602
f 597//597 601//601 586//586
f 585//585 516//516 599//599
f 600//600 519//519 513//513
f 599//599 515//515 603//603
f 606//606 608//608 508//508
f 509//509 609//609 610//610
f 611//611 612//612 507//507
f 507//507 612//612 613//613
f 507//507 613//613 516//516
f 516//516 613//613 614//614
f 516//516 614//614 512//512
f 604//604 616//616 598//598
f 599//599 615//615 617//617
f 599//599 617//617 621//621
f 621//621 617//617 622//622
f 620//620 623//623 607//607
f 605//605 507//507 621//621
f 619//619 510//510 505//505
f 621//621 504//504 625//625
f 626//626 628//628 497//497
f 624//624 630//630 618//618
f 621//621 631//631 632//632
f 621//621 632//632 633//633
f 633//633 632//632 638//638
f 636//636 637//637 639//639
f 627//627 498//498 640//640
f 629//629 642//642 496//496
f 496//496 642//642 643//643
f 496//496 643//643 507//507
f 507//507 643//643 644//644
f 507//507 644//644 501//501
f 641//641 496//496 633//633
f 634//634 500//500 495//495
f 633//633 494//494 645//645
f 486//486 647//647 648//648
f 486//486 648//648 496//496
f 496//496 648//648 649//649
f 496//496 649//649 492//492
f 646//646 650//650 635//635
f 633//633 651//651 652//652
f 633//633 652//652 653//653
f 653//653 652//652 658//658
f 654//654 657//657 660//660
f 661//661 663//663 488//488
f 487//487 662//662 665//665
f 486//486 664//664 647//647
f 659//659 486//486 653//653
f 656//656 489//489 485//485
f 653//653 484//484 666//666
f 668//668 670//670 673//673
f 671//671 669//669 675//675
f 673//673 676//676 532//532
f 535//535 674//674 677//677
f 533//533 678//678 680//680
f 532//532 681//681 682//682
f 532//532 682//682 486//486
f 486//486 682//682 683//683
f 486//486 683//683 481//481
f 684//684 685//685 686//686
f 667//667 688//688 655//655
f 653//653 687//687 689//689
f 653//653 689//689 673//673
f 673//673 689//689 685//685
f 673//673 685//685 668//668
f 668//668 685//685 684//684
f 679//679 690//690 532//532
f 532//532 690//690 691//691
f 532//532 691//691 681//681
f 681//681 691//691 692//692
f 681//681 692//692 693//693
f 693//693 692//692 694//694
f 693//693 694//694 695//695
f 695//695 694//694 696//696
f 695//695 696//696 686//686
f 686//686 696//696 697//697
f 686//686 697//697 684//684
f 478//478 698//698 699//699
f 531//531 478//478 532//532
f 532//532 478//478 699//699
f 532//532 699//699 700//700
f 702//702 673//673 704//704
f 704//704 673//673 532//532
f 703//703 534//534 706//706
f 705//705 532//532 700//700
f 701//701 707//707 672//672
f 673//673 708//708 709//709
f 673//673 709//709 711//711
f 711//711 709//709 715//715
f 710//710 714//714 718//718
f 716//716 720//720 477//477
f 480//480 719//719 722//722
f 478//478 721//721 698//698
f 723//723 726//726 468//468
f 717//717 478//478 711//711
f 712//712 476//476 475//475
f 711//711 473//473 728//728
f 727//727 730//730 713//713
f 711//711 729//729 731//731
f 711//711 731//731 734//734
f 734//734 731//731 737//737
f 735//735 736//736 739//739
f 724//724 470//470 740//740
f 725//725 741//741 466//466
f 466//466 741//741 742//742
f 466//466 742//742 478//478
f 478//478 742//742 743//743
f 478//478 743//743 472//472
f 738//738 466//466 734//734
f 732//732 469//469 465//465
f 734//734 464//464 744//744
f 546//546 747//747 749//749
f 745//745 752//752 733//733
f 734//734 751//751 753//753
f 734//734 753//753 756//756
f 756//756 753//753 758//758
f 755//755 757//757 759//759
f 750//750 761//761 545//545
f 545//545 761//761 762//762
f 545//545 762//762 466//466
f 466//466 762//762 763//763
f 466//466 763//763 461//461
f 543//543 764//764 545//545
f 545//545 764//764 756//756
f 547//547 754//754 746//746
f 748//748 756//756 760//760
f 765//765 766//766 767//767
f 768//768 770//770 773//773
f 771//771 769//769 774//774
f 772//772 775//775 776//776
f 778//778 779//779 780//780
f 783//783 784//784 787//787
f 788//788 778//778 789//789
f 789//789 778//778 780//780
f 789//789 780//780 790//790
f 767//767 779//779 791//791
f 791//791 779//779 778//778
f 791//791 778//778 792//792
f 792//792 778//778 782//782
f 792//792 782//782 776//776
f 777//777 781//781 786//786
f 776//776 785//785 793//793
f 794//794 797//797 798//798
f 800//800 802//802 803//803
f 804//804 801//801 805//805
f 808//808 809//809 811//811
f 813//813 814//814 816//816
f 817//817 815//815 818//818
f 816//816 819//819 820//820
f 820//820 803//803 816//816
f 821//821 803//803 806//806
f 821//821 806//806 810//810
f 810//810 806//806 796//796
f 799//799 823//823 795//795
f 796//796 822//822 824//824
f 796//796 824//824 810//810
f 810//810 824//824 825//825
f 812//812 826//826 807//807
f 827//827 828//828 830//830
f 831//831 829//829 836//836
f 832//832 837//837 838//838
f 839//839 840//840 835//835
f 834//834 841//841 842//842
f 833//833 843//843 845//845
f 847//847 844//844 852//852
f 846//846 851//851 853//853
f 854//854 855//855 848//848
f 850//850 856//856 857//857
f 849//849 858//858 859//859
f 860//860 862//862 864//864
f 865//865 861//861 870//870
f 863//863 869//869 871//871
f 873//873 876//876 878//878
f 882//882 875//875 883//883
f 881//881 884//884 885//885
f 872//872 886//886 867//867
f 866//866 887//887 889//889
f 868//868 890//890 880//880
f 877//877 888//888 891//891
f 879//879 892//892 874//874
f 893//893 895//895 901//901
f 896//896 894//894 902//902
f 900//900 903//903 905//905
f 907//907 909//909 915//915
f 914//914 908//908 916//916
f 911//911 917//917 918//918
f 904//904 920//920 899//899
f 898//898 919//919 923//923
f 897//897 921//921 910//910
f 913//913 922//922 925//925
f 912//912 924//924 906//906
f 926//926 927//927 930//930
f 929//929 928//928 932//932
f 931//931 933//933 934//934
f 937//937 939//939 940//940
f 945//945 938//938 946//946
f 941//941 947//947 948//948
f 935//935 949//949 951//951
f 953//953 950//950 955//955
f 952//952 956//956 944//944
f 943//943 954//954 958//958
f 942//942 957//957 936//936
f 959//959 961//961 963//963
f 962//962 960//960 964//964
f 965//965 967//967 968//968
f 969//969 966//966 970//970
f 971//971 972//972 974//974
f 975//975 973//973 976//976
f 977//977 979//979 980//980
f 981//981 978//978 982//982
f 983//983 985//985 987//987
f 986//986 984//984 988//988
f 989//989 991//991 993//993
f 992//992 990//990 994//994
f 995//995 997//997 999//999
f 998//998 996//996 1000//1000
f 1001//1001 1002//1002 1004//1004
f 1005//1005 1003//1003 1006//1006
f 1007//1007 1008//1008 1010//1010
f 1011//1011 1009//1009 1012//1012
f 1013//1013 1014//1014 1016//1016
f 1017//1017 1015//1015 1018//1018
f 1019//1019 1021//1021 1023//1023
f 1022//1022 1020//1020 1024//1024
f 1025//1025 1027//1027 1029//1029
f 1028//1028 1026//1026 1030//1030
f 1031//1031 1032//1032 1033//1033
f 1033//1033 1032//1032 1036//1036
f 1034//1034 1035//1035 1037//1037
f 1038//1038 1036//1036 1039//1039
f 1038//1038 1039//1039 1040//1040
f 1040//1040 1039//1039 1041//1041
f 1040//1040 1041//1041 1042//1042
f 1042//1042 1041//1041 1045//1045
f 1043//1043 1046//1046 1049//1049
f 1047//1047 1044//1044 1050//1050
f 1048//1048 1051//1051 1052//1052
f 1052//1052 1051//1051 1053//1053
f 1052//1052 1053//1053 1054//1054
f 1054//1054 1053//1053 1057//1057
f 1055//1055 1056//1056 1059//1059
f 1058//1058 1057//1057 1060//1060
f 1058//1058 1060//1060 1061//1061
f 1061//1061 1060//1060 1062//1062
f 1061//1061 1062//1062 1063//1063
f 1063//1063 1062//1062 1067//1067
f 1064//1064 1065//1065 1068//1068
f 1069//1069 1066//1066 1071//1071
f 1070//1070 1072//1072 1031//1031
f 1031//1031 1072//1072 1032//1032
f 1073//1073 1074//1074 1075//1075
f 1075//1075 1074//1074 1076//1076
f 1077//1077 1079//1079 1080//1080
f 1081//1081 1078//1078 1082//1082
f 1083//1083 1085//1085 1087//1087
f 1086//1086 1084//1084 1088//1088
f 1089//1089 1090//1090 1093//1093
f 1092//1092 1091//1091 1094//1094
f 1095//1095 1096//1096 1098//1098
f 1099//1099 1097//1097 1100//1100
f 1101//1101 1102//1102 1103//1103
f 1103//1103 1102//1102 1104//1104
f 1105//1105 1106//1106 1107//1107
f 1107//1107 1106//1106 1108//1108
f 1109//1109 1110//1110 1112//1112
f 1113//1113 1111//1111 1114//1114
f 1115//1115 1117//1117 1119//1119
f 1118//1118 1116//1116 1120//1120
f 1121//1121 1122//1122 1125//1125
f 1124//1124 1123//1123 1126//1126
f 1127//1127 1129//1129 1131//1131
f 1130//1130 1128//1128 1132//1132
f 1133//1133 1134//1134 1135//1135
f 1135//1135 1134//1134 1136//1136
f 1137//1137 1138//1138 1139//1139
f 1139//1139 1138//1138 1140//1140
f 1139//1139 1140//1140 1141//1141
f 1141//1141 1140//1140 1142//1142
f 1141//1141 1142//1142 1143//1143
f 1143//1143 1142//1142 1144//1144
f 1143//1143 1144//1144 1145//1145
f 1145//1145 1144//1144 1146//1146
f 1145//1145 1146//1146 1147//1147
f 1147//1147 1146//1146 1148//1148
f 1147//1147 1148//1148 1149//1149
f 1149//1149 1148//1148 1150//1150
f 1149//1149 1150//1150 1151//1151
f 1151//1151 1150//1150 1152//1152
f 1151//1151 1152//1152 1153//1153
f 1153//1153 1152//1152 1154//1154
f 1153//1153 1154//1154 1155//1155
f 1155//1155 1154//1154 1156//1156
f 1155//1155 1156//1156 1157//1157
f 1157//1157 1156//1156 1158//1158
f 1157//1157 1158//1158 1159//1159
f 1159//1159 1158//1158 1160//1160
f 1159//1159 1160//1160 1137//1137
f 1137//1137 1160//1160 1138//1138
f 1161//1161 1163//1163 1164//1164
f 1165//1165 1162//1162 1166//1166
f 1167//1167 1168//1168 1171//1171
f 1170//1170 1169//1169 1172//1172
f 1173//1173 1174//1174 1176//1176
f 1177//1177 1175//1175 1178//1178
f 1179//1179 1181//1181 1183//1183
f 1182//1182 1180//1180 1184//1184
f 1185//1185 1187//1187 1188//1188
f 1189//1189 1186//1186 1190//1190
f 1191//1191 1192//1192 1194//1194
f 1195//1195 1193//1193 1196//1196
f 1197//1197 1198//1198 1200//1200
f 1201//1201 1199//1199 1202//1202
f 1203//1203 1204//1204 1206//1206
f 1207//1207 1205//1205 1208//1208
f 1209//1209 1211//1211 1212//1212
f 1213//1213 1210//1210 1214//1214
f 1215//1215 1217//1217 1219//1219
f 1218//1218 1216//1216 1220//1220
f 1221//1221 1223//1223 1225//1225
f 1224//1224 1222//1222 1226//1226
f 1227//1227 1228//1228 1231//1231
f 1230//1230 1229//1229 1232//1232
f 1233//1233 1235//1235 1240//1240
f 1239//1239 1237//1237 1241//1241
f 1238//1238 1242//1242 1243//1243
f 1243//1243 1242//1242 1244//1244
f 1243//1243 1244//1244 1245//1245
f 1245//1245 1244//1244 1248//1248
f 1246//1246 1247//1247 1250//1250
f 1249//1249 1248//1248 1251//1251
f 1249//1249 1251//1251 1252//1252
f 1252//1252 1251//1251 1253//1253
f 1252//1252 1253//1253 1254//1254
f 1254//1254 1253//1253 1256//1256
f 1255//1255 1257//1257 1259//1259
f 1258//1258 1256//1256 1260//1260
f 1258//1258 1260//1260 1261//1261
f 1261//1261 1260//1260 1262//1262
f 1261//1261 1262//1262 1264//1264
f 1264//1264 1262//1262 1266//1266
f 1263//1263 1265//1265 1267//1267
f 1268//1268 1266//1266 1269//1269
f 1268//1268 1269//1269 1270//1270
f 1270//1270 1269//1269 1271//1271
f 1270//1270 1271//1271 1234//1234
f 1234//1234 1271//1271 1236//1236
f 1272//1272 1273//1273 1275//1275
f 1276//1276 1274//1274 1277//1277
f 1278//1278 1279//1279 1282//1282
f 1281//1281 1280//1280 1283//1283
f 1284//1284 1285//1285 1286//1286
f 1286//1286 1285//1285 1287//1287
f 1288//1288 1289//1289 1290//1290
f 1290//1290 1289//1289 1291//1291
f 1292//1292 1294//1294 1295//1295
f 1296//1296 1293//1293 1297//1297
f 1298//1298 1299//1299 1302//1302
f 1301//1301 1300//1300 1303//1303
f 1304//1304 1305//1305 1308//1308
f 1307//1307 1306//1306 1309//1309
f 1310//1310 1312//1312 1314//1314
f 1313//1313 1311//1311 1315//1315
f 1316//1316 1317//1317 1318//1318
f 1318//1318 1317//1317 1319//1319
f 1320//1320 1321//1321 1322//1322
f 1322//1322 1321//1321 1323//1323
f 1324//1324 1326//1326 1327//1327
f 1328//1328 1325//1325 1329//1329
f 1330//1330 1331//1331 1334//1334
f 1333//1333 1332//1332 1335//1335
f 1336//1336 1337//1337 1338//1338
f 1338//1338 1337//1337 1339//1339
f 1338//1338 1339//1339 1340//1340
f 1340//1340 1339//1339 1341//1341
f 1340//1340 1341//1341 1342//1342
f 1342//1342 1341//1341 1343//1343
f 1342//1342 1343//1343 1344//1344
f 1344//1344 1343//1343 1345//1345
f 1344//1344 1345//1345 1346//1346
f 1346//1346 1345//1345 1347//1347
f 1346//1346 1347//1347 1349//1349
f 1349//1349 1347//1347 1350//1350
f 1348//1348 1351//1351 1352//1352
f 1352//1352 1351//1351 1353//1353
f 1352//1352 1353//1353 1354//1354
f 1354//1354 1353//1353 1355//1355
f 1354//1354 1355//1355 1356//1356
f 1356//1356 1355//1355 1357//1357
f 1356//1356 1357//1357 1358//1358
f 1358//1358 1357//1357 1359//1359
f 1358//1358 1359//1359 1360//1360
f 1360//1360 1359//1359 1361//1361
f 1360//1360 1361//1361 1336//1336
f 1336//1336 1361//1361 1337//1337
f 1362//1362 1363//1363 1366//1366
f 1365//1365 1364//1364 1367//1367
f 1368//1368 1370//1370 1372//1372
f 1371//1371 1369//1369 1373//1373
f 1374//1374 1375//1375 1377//1377
f 1378//1378 1376//1376 1379//1379
f 1380//1380 1381//1381 1384//1384
f 1383//1383 1382//1382 1385//1385
f 1386//1386 1388//1388 1390//1390
f 1389//1389 1387//1387 1391//1391
f 1392//1392 1393//1393 1396//1396
f 1395//1395 1394//1394 1397//1397
f 1398//1398 1400//1400 1402//1402
f 1401//1401 1399//1399 1403//1403
f 1404//1404 1406//1406 1407//1407
f 1408//1408 1405//1405 1409//1409
f 1410//1410 1412//1412 1414//1414
f 1413//1413 1411//1411 1415//1415
f 1416//1416 1417//1417 1419//1419
f 1420//1420 1418//1418 1421//1421
f 1422//1422 1423//1423 1425//1425
f 1426//1426 1424//1424 1427//1427
f 1428//1428 1430//1430 1432//1432
f 1431//1431 1429//1429 1433//1433
f 1434//1434 1436//1436 1437//1437
f 1437//1437 1436//1436 1438//1438
f 1437//1437 1438//1438 1439//1439
f 1439//1439 1438//1438 1441//1441
f 1439//1439 1441//1441 1442//1442
f 1443//1443 1440//1440 1446//1446
f 1444//1444 1445//1445 1448//1448
f 1449//1449 1447//1447 1451//1451
f 1449//1449 1451//1451 1452//1452
f 1453//1453 1450//1450 1454//1454
f 1452//1452 1456//1456 1458//1458
f 1457//1457 1455//1455 1459//1459
f 1458//1458 1460//1460 1461//1461
f 1461//1461 1460//1460 1462//1462
f 1461//1461 1462//1462 1463//1463
f 1463//1463 1462//1462 1466//1466
f 1464//1464 1467//1467 1470//1470
f 1468//1468 1465//1465 1472//1472
f 1469//1469 1471//1471 1473//1473
f 1473//1473 1471//1471 1474//1474
f 1473//1473 1474//1474 1476//1476
f 1476//1476 1474//1474 1478//1478
f 1475//1475 1477//1477 1435//1435
f 1434//1434 1478//1478 1436//1436
f 1479//1479 1480//1480 1482//1482
f 1483//1483 1481//1481 1484//1484
f 1485//1485 1487//1487 1488//1488
f 1489//1489 1486//1486 1490//1490
f 1491//1491 1492//1492 1495//1495
f 1494//1494 1493//1493 1496//1496
f 1497//1497 1498//1498 1501//1501
f 1500//1500 1499//1499 1502//1502
f 1503//1503 1504//1504 1506//1506
f 1507//1507 1505//1505 1508//1508
f 1509//1509 1510//1510 1513//1513
f 1512//1512 1511//1511 1514//1514
f 1515//1515 1516//1516 1519//1519
f 1518//1518 1517//1517 1520//1520
f 1521//1521 1522//1522 1524//1524
f 1525//1525 1523//1523 1526//1526
f 1527//1527 1528//1528 1531//1531
f 1530//1530 1529//1529 1532//1532
f 1533//1533 1534//1534 1536//1536
f 1537//1537 1535//1535 1538//1538
f 1539//1539 1541//1541 1543//1543
f 1542//1542 1540//1540 1544//1544
f 1545//1545 1546//1546 1548//1548
f 1549//1549 1547//1547 1550//1550
f 1551//1551 1552//1552 1553//1553
f 1553//1553 1552//1552 1554//1554
f 1553//1553 1554//1554 1555//1555
f 1555//1555 1554//1554 1556//1556
f 1555//1555 1556//1556 1557//1557
f 1557//1557 1556//1556 1558//1558
f 1557//1557 1558//1558 1559//1559
f 1559//1559 1558//1558 1560//1560
f 1559//1559 1560//1560 1561//1561
f 1561//1561 1560//1560 1562//1562
f 1561//1561 1562//1562 1564//1564
f 1564//1564 1562//1562 1565//1565
f 1563//1563 1566//1566 1567//1567
f 1567//1567 1566//1566 1568//1568
f 1567//1567 1568//1568 1569//1569
f 1569//1569 1568//1568 1570//1570
f 1569//1569 1570//1570 1571//1571
f 1571//1571 1570//1570 1572//1572
f 1571//1571 1572//1572 1573//1573
f 1573//1573 1572//1572 1574//1574
f 1573//1573 1574//1574 1575//1575
f 1575//1575 1574//1574 1576//1576
f 1575//1575 1576//1576 1551//1551
f 1551//1551 1576//1576 1552//1552
f 1577//1577 1578//1578 1580//1580
f 1581//1581 1579//1579 1582//1582
f 1583//1583 1584//1584 1587//1587
f 1586//1586 1585//1585 1588//1588
f 1589//1589 1591//1591 1592//1592
f 1593//1593 1590//1590 1594//1594
f 1595//1595 1597//1597 1598//1598
f 1599//1599 1596//1596 1600//1600
f 1601//1601 1603//1603 1604//1604
f 1605//1605 1602//1602 1606//1606
f 1607//1607 1609//1609 1611//1611
f 1610//1610 1608//1608 1612//1612
f 1613//1613 1615//1615 1616//1616
f 1617//1617 1614//1614 1618//1618
f 1619//1619 1620//1620 1622//1622
f 1623//1623 1621//1621 1624//1624
f 1625//1625 1626//1626 1628//1628
f 1629//1629 1627//1627 1630//1630
f 1631//1631 1632//1632 1635//1635
f 1634//1634 1633//1633 1636//1636
f 1637//1637 1639//1639 1640//1640
f 1641//1641 1638//1638 1642//1642
f 1643//1643 1644//1644 1646//1646
f 1647//1647 1645//1645 1648//1648
f 1650//1650 1651//1651 1652//1652
f 1652//1652 1651//1651 1653//1653
f 1652//1652 1653//1653 1654//1654
f 1654//1654 1653//1653 1655//1655
f 1654//1654 1655//1655 1656//1656
f 1656//1656 1655//1655 1657//1657
f 1656//1656 1657//1657 1658//1658
f 1658//1658 1657//1657 1659//1659
f 1658//1658 1659//1659 1660//1660
f 1660//1660 1659//1659 1663//1663
f 1661//1661 1662//1662 1665//1665
f 1664//1664 1663//1663 1666//1666
f 1664//1664 1666//1666 1667//1667
f 1667//1667 1666//1666 1668//1668
f 1667//1667 1668//1668 1669//1669
f 1669//1669 1668//1668 1670//1670
f 1669//1669 1670//1670 1671//1671
f 1671//1671 1670//1670 1672//1672
f 1671//1671 1672//1672 1673//1673
f 1673//1673 1672//1672 1674//1674
f 1673//1673 1674//1674 1676//1676
f 1676//1676 1674//1674 1678//1678
f 1675//1675 1677//1677 1649//1649
f 1650//1650 1678//1678 1651//1651
f 1679//1679 1680//1680 1681//1681
f 1681//1681 1680//1680 1682//1682
f 1683//1683 1685//1685 1687//1687
f 1686//1686 1684//1684 1688//1688
f 1689//1689 1690//1690 1691//1691
f 1691//1691 1690//1690 1692//1692
f 1693//1693 1694//1694 1695//1695
f 1695//1695 1694//1694 1696//1696
f 1697//1697 1698//1698 1699//1699
f 1699//1699 1698//1698 1700//1700
f 1701//1701 1702//1702 1703//1703
f 1703//1703 1702//1702 1704//1704
f 1705//1705 1706//1706 1707//1707
f 1707//1707 1706//1706 1708//1708
f 1709//1709 1711//1711 1712//1712
f 1713//1713 1710//1710 1714//1714
f 1715//1715 1716//1716 1717//1717
f 1717//1717 1716//1716 1718//1718
f 1719//1719 1720//1720 1721//1721
f 1721//1721 1720//1720 1722//1722
f 1723//1723 1724//1724 1725//1725
f 1725//1725 1724//1724 1726//1726
f 1727//1727 1728//1728 1729//1729
f 1729//1729 1728//1728 1730//1730
f 1731//1731 1732//1732 1733//1733
f 1733//1733 1732//1732 1734//1734
f 1733//1733 1734//1734 1735//1735
f 1735//1735 1734//1734 1736//1736
f 1735//1735 1736//1736 1737//1737
f 1737//1737 1736//1736 1738//1738
f 1737//1737 1738//1738 1739//1739
f 1739//1739 1738//1738 1740//1740
f 1739//1739 1740//1740 1741//1741
f 1741//1741 1740//1740 1742//1742
f 1741//1741 1742//1742 1744//1744
f 1744//1744 1742//1742 1745//1745
f 1743//1743 1746//1746 1747//1747
f 1747//1747 1746//1746 1748//1748
f 1747//1747 1748//1748 1749//1749
f 1749//1749 1748//1748 1750//1750
f 1749//1749 1750//1750 1751//1751
f 1751//1751 1750//1750 1752//1752
f 1751//1751 1752//1752 1753//1753
f 1753//1753 1752//1752 1754//1754
f 1753//1753 1754//1754 1755//1755
f 1755//1755 1754//1754 1756//1756
f 1755//1755 1756//1756 1731//1731
f 1731//1731 1756//1756 1732//1732
f 1757//1757 1758//1758 1760//1760
f 1761//1761 1759//1759 1762//1762
f 1763//1763 1764//1764 1767//1767
f 1766//1766 1765//1765 1768//1768
f 1769//1769 1770//1770 1773//1773
f 1772//1772 1771//1771 1774//1774
f 1775//1775 1777//1777 1778//1778
f 1779//1779 1776//1776 1780//1780
f 1781//1781 1783//1783 1785//1785
f 1784//1784 1782//1782 1786//1786
f 1787//1787 1788//1788 1790//1790
f 1791//1791 1789//1789 1792//1792
f 1793//1793 1795//1795 1796//1796
f 1797//1797 1794//1794 1798//1798
f 1799//1799 1801//1801 1802//1802
f 1803//1803 1800//1800 1804//1804
f 1805//1805 1807//1807 1808//1808
f 1809//1809 1806//1806 1810//1810
f 1811//1811 1812//1812 1815//1815
f 1814//1814 1813//1813 1816//1816
f 1817//1817 1819//1819 1820//1820
f 1821//1821 1818//1818 1822//1822
f 1823//1823 1824//1824 1827//1827
f 1826//1826 1825//1825 1828//1828
f 1830//1830 1831//1831 1833//1833
f 1833//1833 1831//1831 1834//1834
f 1833//1833 1834//1834 1836//1836
f 1836//1836 1834//1834 1839//1839
f 1835//1835 1837//1837 1841//1841
f 1842//1842 1838//1838 1843//1843
f 1840//1840 1844//1844 1845//1845
f 1845//1845 1844//1844 1846//1846
f 1845//1845 1846//1846 1847//1847
f 1847//1847 1846//1846 1850//1850
f 1848//1848 1849//1849 1851//1851
f 1852//1852 1850//1850 1853//1853
f 1852//1852 1853//1853 1854//1854
f 1854//1854 1853//1853 1855//1855
f 1854//1854 1855//1855 1856//1856
f 1856//1856 1855//1855 1857//1857
f 1856//1856 1857//1857 1858//1858
f 1858//1858 1857//1857 1859//1859
f 1858//1858 1859//1859 1860//1860
f 1860//1860 1859//1859 1861//1861
f 1860//1860 1861//1861 1863//1863
f 1864//1864 1862//1862 1865//1865
f 1863//1863 1867//1867 1830//1830
f 1829//1829 1866//1866 1832//1832
f 1868//1868 1869//1869 1870//1870
f 1870//1870 1869//1869 1871//1871
f 1872//1872 1873//1873 1875//1875
f 1876//1876 1874//1874 1877//1877
f 1878//1878 1880//1880 1882//1882
f 1881//1881 1879//1879 1883//1883
f 1884//1884 1885//1885 1886//1886
f 1886//1886 1885//1885 1887//1887
f 1888//1888 1890//1890 1892//1892
f 1891//1891 1889//1889 1893//1893
f 1894//1894 1895//1895 1896//1896
f 1896//1896 1895//1895 1897//1897
f 1898//1898 1900//1900 1901//1901
f 1902//1902 1899//1899 1903//1903
f 1904//1904 1905//1905 1908//1908
f 1907//1907 1906//1906 1909//1909
f 1910//1910 1911//1911 1912//1912
f 1912//1912 1911//1911 1913//1913
f 1914//1914 1915//1915 1918//1918
f 1917//1917 1916//1916 1919//1919
f 1920//1920 1921//1921 1923//1923
f 1924//1924 1922//1922 1925//1925
f 1926//1926 1927//1927 1928//1928
f 1928//1928 1927//1927 1929//1929
f 1930//1930 1931//1931 1932//1932
f 1932//1932 1931//1931 1933//1933
f 1932//1932 1933//1933 1934//1934
f 1934//1934 1933//1933 1935//1935
f 1934//1934 1935//1935 1936//1936
f 1936//1936 1935//1935 1937//1937
f 1936//1936 1937//1937 1938//1938
f 1938//1938 1937//1937 1939//1939
f 1938//1938 1939//1939 1940//1940
f 1940//1940 1939//1939 1941//1941
f 1940//1940 1941//1941 1943//1943
f 1943//1943 1941//1941 1944//1944
f 1942//1942 1945//1945 1946//1946
f 1946//1946 1945//1945 1947//1947
f 1946//1946 1947//1947 1948//1948
f 1948//1948 1947//1947 1949//1949
f 1948//1948 1949//1949 1950//1950
f 1950//1950 1949//1949 1951//1951
f 1950//1950 1951//1951 1952//1952
f 1952//1952 1951//1951 1953//1953
f 1952//1952 1953//1953 1954//1954
f 1954//1954 1953//1953 1955//1955
f 1954//1954 1955//1955 1930//1930
f 1930//1930 1955//1955 1931//1931
f 1956//1956 1958//1958 1960//1960
f 1959//1959 1957//1957 1961//1961
f 1962//1962 1963//1963 1965//1965
f 1966//1966 1964//1964 1967//1967
f 1968//1968 1969//1969 1972//1972
f 1971//1971 1970//1970 1973//1973
f 1974//1974 1976//1976 1977//1977
f 1978//1978 1975//1975 1979//1979
f 1980//1980 1982//1982 1983//1983
f 1984//1984 1981//1981 1985//1985
f 1986//1986 1988//1988 1990//1990
f 1989//1989 1987//1987 1991//1991
f 1992//1992 1993//1993 1996//1996
f 1995//1995 1994//1994 1997//1997
f 1998//1998 1999//1999 2002//2002
f 2001//2001 2000//2000 2003//2003
f 2004//2004 2006//2006 2007//2007
f 2008//2008 2005//2005 2009//2009
f 2010//2010 2012//2012 2014//2014
f 2013//2013 2011//2011 2015//2015
f 2016//2016 2017//2017 2020//2020
f 2019//2019 2018//2018 2021//2021
f 2022//2022 2023//2023 2026//2026
f 2025//2025 2024//2024 2027//2027
f 2028//2028 2030//2030 2031//2031
f 2031//2031 2030//2030 2032//2032
f 2031//2031 2032//2032 2034//2034
f 2034//2034 2032//2032 2035//2035
f 2033//2033 2036//2036 2038//2038
f 2037//2037 2035//2035 2039//2039
f 2037//2037 2039//2039 2040//2040
f 2040//2040 2039//2039 2041//2041
f 2040//2040 2041//2041 2043//2043
f 2043//2043 2041//2041 2044//2044
f 2042//2042 2045//2045 2046//2046
f 2047//2047 2044//2044 2048//2048
f 2047//2047 2048//2048 2049//2049
f 2049//2049 2048//2048 2050//2050
f 2049//2049 2050//2050 2052//2052
f 2052//2052 2050//2050 2055//2055
f 2051//2051 2054//2054 2058//2058
f 2057//2057 2053//2053 2060//2060
f 2056//2056 2059//2059 2061//2061
f 2061//2061 2059//2059 2062//2062
f 2061//2061 2062//2062 2064//2064
f 2064//2064 2062//2062 2065//2065
f 2063//2063 2066//2066 2029//2029
f 2028//2028 2065//2065 2030//2030
f 2067//2067 2068//2068 2069//2069
f 2069//2069 2068//2068 2070//2070
f 2071//2071 2073//2073 2074//2074
f 2075//2075 2072//2072 2076//2076
f 2077//2077 2078//2078 2079//2079
f 2079//2079 2078//2078 2080//2080
f 2081//2081 2083//2083 2085//2085
f 2084//2084 2082//2082 2086//2086
f 2087//2087 2088//2088 2091//2091
f 2090//2090 2089//2089 2092//2092
f 2093//2093 2095//2095 2097//2097
f 2096//2096 2094//2094 2098//2098
f 2099//2099 2101//2101 2102//2102
f 2103//2103 2100//2100 2104//2104
f 2105//2105 2106//2106 2108//2108
f 2109//2109 2107//2107 2110//2110
f 2111//2111 2112//2112 2114//2114
f 2115//2115 2113//2113 2116//2116
f 2117//2117 2118//2118 2119//2119
f 2119//2119 2118//2118 2120//2120
f 2121//2121 2123//2123 2124//2124
f 2125//2125 2122//2122 2126//2126
f 2127//2127 2128//2128 2129//2129
f 2129//2129 2128//2128 2130//2130
f 2131//2131 2132//2132 2133//2133
f 2133//2133 2132//2132 2134//2134
f 2133//2133 2134//2134 2135//2135
f 2135//2135 2134//2134 2136//2136
f 2135//2135 2136//2136 2137//2137
f 2137//2137 2136//2136 2138//2138
f 2137//2137 2138//2138 2139//2139
f 2139//2139 2138//2138 2140//2140
f 2139//2139 2140//2140 2141//2141
f 2141//2141 2140//2140 2142//2142
f 2141//2141 2142//2142 2143//2143
f 2143//2143 2142//2142 2145//2145
f 2144//2144 2146//2146 2147//2147
f 2147//2147 2146//2146 2148//2148
f 2147//2147 2148//2148 2149//2149
f 2149//2149 2148//2148 2150//2150
f 2149//2149 2150//2150 2151//2151
f 2151//2151 2150//2150 2152//2152
f 2151//2151 2152//2152 2153//2153
f 2153//2153 2152//2152 2154//2154
f 2153//2153 2154//2154 2156//2156
f 2155//2155 2157//2157 2158//2158
f 2155//2155 2158//2158 2131//2131
f 2131//2131 2158//2158 2132//2132
f 2159//2159 2161//2161 2163//2163
f 2162//2162 2160//2160 2164//2164
f 2165//2165 2167//2167 2169//2169
f 2168//2168 2166//2166 2170//2170
f 2171//2171 2173//2173 2174//2174
f 2175//2175 2172//2172 2176//2176
f 2177//2177 2179//2179 2180//2180
f 2181//2181 2178//2178 2182//2182
f 2183//2183 2185//2185 2187//2187
f 2186//2186 2184//2184 2188//2188
f 2189//2189 2190//2190 2192//2192
f 2193//2193 2191//2191 2194//2194
f 2195//2195 2196//2196 2199//2199
f 2198//2198 2197//2197 2200//2200
f 2201//2201 2202//2202 2204//2204
f 2205//2205 2203//2203 2206//2206
f 2207//2207 2209//2209 2210//2210
f 2211//2211 2208//2208 2212//2212
f 2213//2213 2215//2215 2217//2217
f 2216//2216 2214//2214 2218//2218
f 2219//2219 2220//2220 2222//2222
f 2223//2223 2221//2221 2224//2224
f 2225//2225 2227//2227 2229//2229
f 2228//2228 2226//2226 2230//2230
f 2231//2231 2234//2234 2236//2236
f 2238//2238 2235//2235 2239//2239
f 2237//2237 2240//2240 2241//2241
f 2241//2241 2240//2240 2242//2242
f 2241//2241 2242//2242 2244//2244
f 2244//2244 2242//2242 2246//2246
f 2243//2243 2245//2245 2247//2247
f 2248//2248 2246//2246 2249//2249
f 2248//2248 2249//2249 2250//2250
f 2250//2250 2249//2249 2251//2251
f 2250//2250 2251//2251 2252//2252
f 2252//2252 2251//2251 2256//2256
f 2253//2253 2254//2254 2257//2257
f 2259//2259 2255//2255 2260//2260
f 2258//2258 2261//2261 2262//2262
f 2262//2262 2261//2261 2263//2263
f 2262//2262 2263//2263 2264//2264
f 2264//2264 2263//2263 2267//2267
f 2265//2265 2266//2266 2269//2269
f 2268//2268 2267//2267 2270//2270
f 2268//2268 2270//2270 2271//2271
f 2271//2271 2270//2270 2272//2272
f 2271//2271 2272//2272 2232//2232
f 2232//2232 2272//2272 2233//2233
f 2273//2273 2274//2274 2275//2275
f 2275//2275 2274//2274 2276//2276
f 2277//2277 2278//2278 2281//2281
f 2280//2280 2279//2279 2282//2282
f 2283//2283 2284//2284 2285//2285
f 2285//2285 2284//2284 2286//2286
f 2287//2287 2288//2288 2289//2289
f 2289//2289 2288//2288 2290//2290
f 2291//2291 2292//2292 2293//2293
f 2293//2293 2292//2292 2294//2294
f 2295//2295 2296//2296 2297//2297
f 2297//2297 2296//2296 2298//2298
f 2299//2299 2300//2300 2301//2301
f 2301//2301 2300//2300 2302//2302
f 2303//2303 2305//2305 2306//2306
f 2307//2307 2304//2304 2308//2308
f 2309//2309 2310//2310 2311//2311
f 2311//2311 2310//2310 2312//2312
f 2313//2313 2314//2314 2315//2315
f 2315//2315 2314//2314 2316//2316
f 2317//2317 2318//2318 2319//2319
f 2319//2319 2318//2318 2320//2320
f 2321//2321 2322//2322 2323//2323
f 2323//2323 2322//2322 2324//2324
f 2325//2325 2326//2326 2327//2327
f 2327//2327 2326//2326 2328//2328
f 2327//2327 2328//2328 2330//2330
f 2330//2330 2328//2328 2331//2331
f 2329//2329 2332//2332 2333//2333
f 2333//2333 2332//2332 2335//2335
f 2334//2334 2336//2336 2337//2337
f 2337//2337 2336//2336 2338//2338
f 2337//2337 2338//2338 2339//2339
f 2339//2339 2338//2338 2340//2340
f 2339//2339 2340//2340 2341//2341
f 2341//2341 2340//2340 2342//2342
f 2341//2341 2342//2342 2343//2343
f 2343//2343 2342//2342 2344//2344
f 2343//2343 2344//2344 2345//2345
f 2345//2345 2344//2344 2346//2346
f 2345//2345 2346//2346 2347//2347
f 2347//2347 2346//2346 2348//2348
f 2347//2347 2348//2348 2349//2349
f 2349//2349 2348//2348 2350//2350
f 2349//2349 2350//2350 2351//2351
f 2351//2351 2350//2350 2352//2352
f 2351//2351 2352//2352 2325//2325
f 2325//2325 2352//2352 2326//2326
f 2353//2353 2355//2355 2356//2356
f 2357//2357 2354//2354 2358//2358
f 2359//2359 2361//2361 2363//2363
f 2362//2362 2360//2360 2364//2364
f 2365//2365 2366//2366 2368//2368
f 2369//2369 2367//2367 2370//2370
f 2371//2371 2372//2372 2374//2374
f 2375//2375 2373//2373 2376//2376
f 2377//2377 2378//2378 2380//2380
f 2381//2381 2379//2379 2382//2382
f 2383//2383 2384//2384 2386//2386
f 2387//2387 2385//2385 2388//2388
f 2389//2389 2391//2391 2392//2392
f 2393//2393 2390//2390 2394//2394
f 2395//2395 2396//2396 2398//2398
f 2399//2399 2397//2397 2400//2400
f 2401//2401 2403//2403 2404//2404
f 2405//2405 2402//2402 2406//2406
f 2407//2407 2408//2408 2411//2411
f 2410//2410 2409//2409 2412//2412
f 2413//2413 2415//2415 2416//2416
f 2417//2417 2414//2414 2418//2418
f 2419//2419 2421//2421 2423//2423
f 2422//2422 2420//2420 2424//2424
f 2426//2426 2427//2427 2428//2428
f 2428//2428 2427//2427 2429//2429
f 2428//2428 2429//2429 2431//2431
f 2431//2431 2429//2429 2432//2432
f 2430//2430 2433//2433 2434//2434
f 2435//2435 2432//2432 2436//2436
f 2435//2435 2436//2436 2437//2437
f 2437//2437 2436//2436 2438//2438
f 2437//2437 2438//2438 2439//2439
f 2439//2439 2438//2438 2442//2442
f 2440//2440 2441//2441 2444//2444
f 2443//2443 2442//2442 2445//2445
f 2443//2443 2445//2445 2446//2446
f 2446//2446 2445//2445 2447//2447
f 2446//2446 2447//2447 2448//2448
f 2448//2448 2447//2447 2450//2450
f 2449//2449 2451//2451 2453//2453
f 2454//2454 2452//2452 2456//2456
f 2455//2455 2457//2457 2458//2458
f 2458//2458 2457//2457 2459//2459
f 2458//2458 2459//2459 2461//2461
f 2461//2461 2459//2459 2463//2463
f 2460//2460 2462//2462 2425//2425
f 2426//2426 2463//2463 2427//2427
f 2464//2464 2466//2466 2467//2467
f 2468//2468 2465//2465 2469//2469
f 2470//2470 2471//2471 2474//2474
f 2473//2473 2472//2472 2475//2475
f 2476//2476 2477//2477 2480//2480
f 2479//2479 2478//2478 2481//2481
f 2482//2482 2484//2484 2486//2486
f 2485//2485 2483//2483 2487//2487
f 2488//2488 2490//2490 2492//2492
f 2491//2491 2489//2489 2493//2493
f 2494//2494 2495//2495 2498//2498
f 2497//2497 2496//2496 2499//2499
f 2500//2500 2501//2501 2503//2503
f 2504//2504 2502//2502 2505//2505
f 2506//2506 2507//2507 2510//2510
f 2509//2509 2508//2508 2511//2511
f 2512//2512 2513//2513 2516//2516
f 2515//2515 2514//2514 2517//2517
f 2518//2518 2519//2519 2521//2521
f 2522//2522 2520//2520 2523//2523
f 2524//2524 2525//2525 2527//2527
f 2528//2528 2526//2526 2529//2529
f 2530//2530 2532//2532 2533//2533
f 2534//2534 2531//2531 2535//2535
f 2536//2536 2537//2537 2538//2538
f 2538//2538 2537//2537 2539//2539
f 2538//2538 2539//2539 2540//2540
f 2540//2540 2539//2539 2541//2541
f 2540//2540 2541//2541 2542//2542
f 2542//2542 2541//2541 2543//2543
f 2542//2542 2543//2543 2544//2544
f 2544//2544 2543//2543 2545//2545
f 2544//2544 2545//2545 2546//2546
f 2546//2546 2545//2545 2547//2547
f 2546//2546 2547//2547 2548//2548
f 2548//2548 2547//2547 2549//2549
f 2548//2548 2549//2549 2550//2550
f 2550//2550 2549//2549 2551//2551
f 2550//2550 2551//2551 2552//2552
f 2552//2552 2551//2551 2553//2553
f 2552//2552 2553//2553 2554//2554
f 2554//2554 2553//2553 2555//2555
f 2554//2554 2555//2555 2556//2556
f 2556//2556 2555//2555 2557//2557
f 2556//2556 2557//2557 2558//2558
f 2558//2558 2557//2557 2559//2559
f 2558//2558 2559//2559 2536//2536
f 2536//2536 2559//2559 2537//2537
f 2560//2560 2562//2562 2563//2563
f 2564//2564 2561//2561 2565//2565
f 2566//2566 2568//2568 2570//2570
f 2569//2569 2567//2567 2571//2571
f 2572//2572 2573//2573 2575//2575
f 2576//2576 2574//2574 2577//2577
f 2578//2578 2579//2579 2581//2581
f 2582//2582 2580//2580 2583//2583
f 2584//2584 2586//2586 2588//2588
f 2587//2587 2585//2585 2589//2589
f 2590//2590 2592//2592 2594//2594
f 2593//2593 2591//2591 2595//2595
f 2596//2596 2598//2598 2600//2600
f 2599//2599 2597//2597 2601//2601
f 2602//2602 2603//2603 2606//2606
f 2605//2605 2604//2604 2607//2607
f 2608//2608 2610//2610 2612//2612
f 2611//2611 2609//2609 2613//2613
f 2614//2614 2616//2616 2618//2618
f 2617//2617 2615//2615 2619//2619
f 2620//2620 2622//2622 2623//2623
f 2624//2624 2621//2621 2625//2625
f 2626//2626 2627//2627 2629//2629
f 2630//2630 2628//2628 2631//2631
f 2632//2632 2633//2633 2634//2634
f 2634//2634 2633//2633 2635//2635
f 2634//2634 2635//2635 2636//2636
f 2636//2636 2635//2635 2637//2637
f 2636//2636 2637//2637 2639//2639
f 2640//2640 2638//2638 2642//2642
f 2639//2639 2643//2643 2645//2645
f 2644//2644 2641//2641 2647//2647
f 2645//2645 2646//2646 2648//2648
f 2648//2648 2646//2646 2649//2649
f 2648//2648 2649//2649 2651//2651
f 2651//2651 2649//2649 2654//2654
f 2650//2650 2653//2653 2655//2655
f 2656//2656 2652//2652 2658//2658
f 2657//2657 2659//2659 2660//2660
f 2660//2660 2659//2659 2661//2661
f 2660//2660 2661//2661 2663//2663
f 2663//2663 2661//2661 2665//2665
f 2662//2662 2664//2664 2666//2666
f 2667//2667 2665//2665 2668//2668
f 2667//2667 2668//2668 2669//2669
f 2669//2669 2668//2668 2670//2670
f 2669//2669 2670//2670 2632//2632
f 2632//2632 2670//2670 2633//2633
f 2671//2671 2672//2672 2675//2675
f 2674//2674 2673//2673 2676//2676
f 2677//2677 2679//2679 2681//2681
f 2680//2680 2678//2678 2682//2682
f 2683//2683 2684//2684 2685//2685
f 2685//2685 2684//2684 2686//2686
f 2687//2687 2689//2689 2691//2691
f 2690//2690 2688//2688 2692//2692
f 2693//2693 2695//2695 2696//2696
f 2697//2697 2694//2694 2698//2698
f 2699//2699 2700//2700 2703//2703
f 2702//2702 2701//2701 2704//2704
f 2705//2705 2707//2707 2708//2708
f 2709//2709 2706//2706 2710//2710
f 2711//2711 2712//2712 2714//2714
f 2715//2715 2713//2713 2716//2716
f 2717//2717 2718//2718 2719//2719
f 2719//2719 2718//2718 2720//2720
f 2721//2721 2722//2722 2723//2723
f 2723//2723 2722//2722 2724//2724
f 2725//2725 2726//2726 2728//2728
f 2729//2729 2727//2727 2730//2730
f 2731//2731 2733//2733 2734//2734
f 2735//2735 2732//2732 2736//2736
f 2737//2737 2738//2738 2739//2739
f 2739//2739 2738//2738 2740//2740
f 2739//2739 2740//2740 2741//2741
f 2741//2741 2740//2740 2742//2742
f 2741//2741 2742//2742 2743//2743
f 2743//2743 2742//2742 2744//2744
f 2743//2743 2744//2744 2745//2745
f 2745//2745 2744//2744 2746//2746
f 2745//2745 2746//2746 2747//2747
f 2747//2747 2746//2746 2748//2748
f 2747//2747 2748//2748 2749//2749
f 2749//2749 2748//2748 2751//2751
f 2750//2750 2752//2752 2753//2753
f 2753//2753 2752//2752 2754//2754
f 2753//2753 2754//2754 2755//2755
f 2755//2755 2754//2754 2756//2756
f 2755//2755 2756//2756 2757//2757
f 2757//2757 2756//2756 2758//2758
f 2757//2757 2758//2758 2759//2759
f 2759//2759 2758//2758 2760//2760
f 2759//2759 2760//2760 2761//2761
f 2761//2761 2760//2760 2762//2762
f 2761//2761 2762//2762 2737//2737
f 2737//2737 2762//2762 2738//2738
f 2763//2763 2765//2765 2766//2766
f 2767//2767 2764//2764 2768//2768
f 2769//2769 2770//2770 2773//2773
f 2772//2772 2771//2771 2774//2774
f 2775//2775 2776//2776 2779//2779
f 2778//2778 2777//2777 2780//2780
f 2781//2781 2783//2783 2785//2785
f 2784//2784 2782//2782 2786//2786
f 2787//2787 2789//2789 2791//2791
f 2790//2790 2788//2788 2792//2792
f 2793//2793 2795//2795 2797//2797
f 2796//2796 2794//2794 2798//2798
f 2799//2799 2800//2800 2803//2803
f 2802//2802 2801//2801 2804//2804
f 2805//2805 2806//2806 2809//2809
f 2808//2808 2807//2807 2810//2810
f 2811//2811 2812//2812 2815//2815
f 2814//2814 2813//2813 2816//2816
f 2817//2817 2819//2819 2820//2820
f 2821//2821 2818//2818 2822//2822
f 2823//2823 2824//2824 2827//2827
f 2826//2826 2825//2825 2828//2828
f 2829//2829 2830//2830 2832//2832
f 2833//2833 2831//2831 2834//2834
f 2835//2835 2837//2837 2838//2838
f 2838//2838 2837//2837 2839//2839
f 2838//2838 2839//2839 2840//2840
f 2840//2840 2839//2839 2841//2841
f 2840//2840 2841//2841 2842//2842
f 2842//2842 2841//2841 2843//2843
f 2842//2842 2843//2843 2844//2844
f 2844//2844 2843//2843 2845//2845
f 2844//2844 2845//2845 2846//2846
f 2846//2846 2845//2845 2849//2849
f 2847//2847 2848//2848 2851//2851
f 2850//2850 2849//2849 2852//2852
f 2850//2850 2852//2852 2853//2853
f 2853//2853 2852//2852 2854//2854
f 2853//2853 2854//2854 2855//2855
f 2855//2855 2854//2854 2856//2856
f 2855//2855 2856//2856 2857//2857
f 2857//2857 2856//2856 2858//2858
f 2857//2857 2858//2858 2859//2859
f 2859//2859 2858//2858 2860//2860
f 2859//2859 2860//2860 2861//2861
f 2861//2861 2860//2860 2863//2863
f 2862//2862 2864//2864 2836//2836
f 2835//2835 2863//2863 2837//2837
f 2865//2865 2866//2866 2867//2867
f 2867//2867 2866//2866 2868//2868
f 2869//2869 2871//2871 2872//2872
f 2873//2873 2870//2870 2874//2874
f 2875//2875 2877//2877 2878//2878
f 2879//2879 2876//2876 2880//2880
f 2881//2881 2882//2882 2884//2884
f 2885//2885 2883//2883 2886//2886
f 2887//2887 2888//2888 2890//2890
f 2891//2891 2889//2889 2892//2892
f 2893//2893 2894//2894 2895//2895
f 2895//2895 2894//2894 2896//2896
f 2897//2897 2898//2898 2899//2899
f 2899//2899 2898//2898 2900//2900
f 2901//2901 2902//2902 2904//2904
f 2905//2905 2903//2903 2906//2906
f 2907//2907 2909//2909 2910//2910
f 2911//2911 2908//2908 2912//2912
f 2913//2913 2915//2915 2916//2916
f 2917//2917 2914//2914 2918//2918
f 2919//2919 2920//2920 2922//2922
f 2923//2923 2921//2921 2924//2924
f 2925//2925 2926//2926 2927//2927
f 2927//2927 2926//2926 2928//2928
f 2929//2929 2930//2930 2931//2931
f 2931//2931 2930//2930 2932//2932
f 2931//2931 2932//2932 2933//2933
f 2933//2933 2932//2932 2934//2934
f 2933//2933 2934//2934 2935//2935
f 2935//2935 2934//2934 2936//2936
f 2935//2935 2936//2936 2937//2937
f 2937//2937 2936//2936 2938//2938
f 2937//2937 2938//2938 2939//2939
f 2939//2939 2938//2938 2940//2940
f 2939//2939 2940//2940 2941//2941
f 2941//2941 2940//2940 2943//2943
f 2942//2942 2944//2944 2945//2945
f 2945//2945 2944//2944 2946//2946
f 2945//2945 2946//2946 2947//2947
f 2947//2947 2946//2946 2948//2948
f 2947//2947 2948//2948 2949//2949
f 2949//2949 2948//2948 2950//2950
f 2949//2949 2950//2950 2951//2951
f 2951//2951 2950//2950 2952//2952
f 2951//2951 2952//2952 2953//2953
f 2953//2953 2952//2952 2954//2954
f 2953//2953 2954//2954 2929//2929
f 2929//2929 2954//2954 2930//2930

