mtllib material.mtl
usemtl Material-塑胶__2__038-material
v -0.00760000 0.05100000 0.05300000
v -0.00734200 0.05171300 0.05300000
v -0.00550000 0.05100000 0.05300000
v -0.00564300 0.05730300 0.05300000
v -0.00550000 0.05789400 0.05300000
v -0.01205800 0.03232400 0.05300000
v -0.01477300 0.03117700 0.05300000
v -0.01121800 0.04100000 0.05300000
v -0.00550000 0.04100000 0.05300000
v -0.00550000 0.03405900 0.05300000
v -0.00789800 0.03358400 0.05300000
v 0.00550000 0.05789400 0.05300000
v 0.00564300 0.05730300 0.05300000
v 0.00550000 0.05100000 0.05300000
v 0.00734200 0.05171300 0.05300000
v 0.00760000 0.05100000 0.05300000
v 0.00550000 0.03405900 0.05300000
v 0.00550000 0.04100000 0.05300000
v 0.00789800 0.03358400 0.05300000
v 0.01121800 0.04100000 0.05300000
v 0.01205800 0.03232400 0.05300000
v 0.01477300 0.03117700 0.05300000
v -0.00150000 0.06876800 0.04800000
v -0.00150000 0.04900000 0.04800000
v -0.00150000 0.06876800 0.04900000
v -0.00150000 0.04900000 0.04900000
v -0.00150000 0.03231100 0.04900000
v -0.00150000 0.04300000 0.04900000
v -0.00150000 0.03231100 0.04800000
v -0.00150000 0.04300000 0.04800000
v 0.00150000 0.06876800 0.04900000
v 0.00150000 0.04900000 0.04900000
v 0.00150000 0.06876800 0.04800000
v 0.00150000 0.04900000 0.04800000
v 0.00150000 0.03231100 0.04800000
v 0.00150000 0.04300000 0.04800000
v 0.00150000 0.03231100 0.04900000
v 0.00150000 0.04300000 0.04900000
v 0.01233100 0.04968100 0.04900000
v 0.01110300 0.05307400 0.04900000
v 0.01233100 0.04968100 0.04800000
v 0.01110300 0.05307400 0.04800000
v 0.01450200 0.04368000 0.04800000
v 0.02039700 0.02739000 0.04800000
v 0.01450200 0.04368000 0.04900000
v 0.02039700 0.02739000 0.04900000
v -0.01233100 0.04968100 0.04800000
v -0.01110300 0.05307400 0.04800000
v -0.01233100 0.04968100 0.04900000
v -0.01110300 0.05307400 0.04900000
v -0.02039700 0.02739000 0.04800000
v -0.01450200 0.04368000 0.04800000
v -0.02039700 0.02739000 0.04900000
v -0.01450200 0.04368000 0.04900000
v 0.00760000 -0.05100000 0.05300000
v 0.00734200 -0.05171300 0.05300000
v 0.00550000 -0.05100000 0.05300000
v 0.00564300 -0.05730300 0.05300000
v 0.00550000 -0.05789400 0.05300000
v -0.00550000 -0.05789400 0.05300000
v -0.00564300 -0.05730300 0.05300000
v -0.00550000 -0.05100000 0.05300000
v -0.00734200 -0.05171300 0.05300000
v -0.00760000 -0.05100000 0.05300000
v 0.00150000 -0.06876800 0.04800000
v 0.00150000 -0.04900000 0.04800000
v 0.00150000 -0.06876800 0.04900000
v 0.00150000 -0.04900000 0.04900000
v -0.00150000 -0.04900000 0.04800000
v -0.00150000 -0.06876800 0.04800000
v -0.00150000 -0.04900000 0.04900000
v -0.00150000 -0.06876800 0.04900000
v 0.01205800 -0.03232400 0.05300000
v 0.01477300 -0.03117700 0.05300000
v 0.01121800 -0.04100000 0.05300000
v 0.00550000 -0.04100000 0.05300000
v 0.00550000 -0.03405900 0.05300000
v 0.00789800 -0.03358400 0.05300000
v -0.00550000 -0.03405900 0.05300000
v -0.00550000 -0.04100000 0.05300000
v -0.00789800 -0.03358400 0.05300000
v -0.01121800 -0.04100000 0.05300000
v -0.01205800 -0.03232400 0.05300000
v -0.01477300 -0.03117700 0.05300000
v 0.00150000 -0.04300000 0.04800000
v 0.00150000 -0.03231100 0.04800000
v 0.00150000 -0.04300000 0.04900000
v 0.00150000 -0.03231100 0.04900000
v -0.00150000 -0.03231100 0.04800000
v -0.00150000 -0.04300000 0.04800000
v -0.00150000 -0.03231100 0.04900000
v -0.00150000 -0.04300000 0.04900000
v 0.02039700 -0.02739000 0.04800000
v 0.01450200 -0.04368000 0.04800000
v 0.02039700 -0.02739000 0.04900000
v 0.01450200 -0.04368000 0.04900000
v 0.01233100 -0.04968100 0.04800000
v 0.01110300 -0.05307400 0.04800000
v 0.01233100 -0.04968100 0.04900000
v 0.01110300 -0.05307400 0.04900000
v -0.01233100 -0.04968100 0.04900000
v -0.01110300 -0.05307400 0.04900000
v -0.01233100 -0.04968100 0.04800000
v -0.01110300 -0.05307400 0.04800000
v -0.01450200 -0.04368000 0.04800000
v -0.02039700 -0.02739000 0.04800000
v -0.01450200 -0.04368000 0.04900000
v -0.02039700 -0.02739000 0.04900000
v -0.01737700 0.02506600 0.04800000
v -0.01737700 0.02506600 0.04900000
v -0.01416800 0.02700900 0.04900000
v -0.00328500 0.03032300 0.04900000
v -0.00328500 0.03032300 0.04800000
v -0.00698200 0.02969000 0.04900000
v -0.00825300 0.02936200 0.04800000
v -0.00825300 0.02936200 0.04900000
v -0.01066000 0.02857600 0.04900000
v -0.00825300 0.02936200 0.04800000
v -0.01299400 0.02759400 0.04800000
v 0.02868000 -0.01037800 0.05450000
v 0.02868000 -0.01037800 0.04820000
v 0.02947200 -0.00785300 0.05450000
v 0.03004200 -0.00526800 0.04820000
v 0.03004200 -0.00526800 0.05450000
v 0.03038500 -0.00264400 0.05450000
v 0.03050000 0.00000000 0.04820000
v 0.03050000 0.00000000 0.05450000
v 0.03038500 0.00264400 0.05450000
v 0.03004200 0.00526800 0.04820000
v 0.03004200 0.00526800 0.05450000
v 0.02947200 0.00785300 0.05450000
v 0.02868000 0.01037800 0.04820000
v 0.02868000 0.01037800 0.05450000
v 0.01737700 -0.02506600 0.04800000
v 0.01737700 -0.02506600 0.04900000
v 0.01416800 -0.02700900 0.04900000
v 0.00328500 -0.03032300 0.04900000
v 0.00328500 -0.03032300 0.04800000
v 0.00698200 -0.02969000 0.04900000
v 0.00825300 -0.02936200 0.04800000
v 0.00825300 -0.02936200 0.04900000
v 0.01066000 -0.02857600 0.04900000
v 0.00825300 -0.02936200 0.04800000
v 0.01299400 -0.02759400 0.04800000
v 0.02260500 -0.01803000 0.05600000
v 0.02260500 -0.01803000 0.05600000
v 0.01082500 -0.01803000 0.05600000
v 0.01082500 -0.01803000 0.05600000
v 0.01082500 -0.01803000 0.05600000
v 0.01082500 -0.01803000 0.05600000
v 0.01082500 -0.01803000 0.05600000
v 0.01082500 -0.01803000 0.05600000
v 0.01082500 -0.02092000 0.05600000
v 0.01082500 -0.02092000 0.05600000
v 0.01082500 -0.02092000 0.05600000
v 0.01082500 -0.02092000 0.05600000
v 0.01476300 0.01378800 0.05600000
v 0.01476300 0.01378800 0.05600000
v 0.01476300 0.01378800 0.05600000
v 0.01082500 0.01803000 0.05600000
v 0.01082500 0.01803000 0.05600000
v 0.01082500 0.01803000 0.05600000
v 0.01082500 0.01803000 0.05600000
v 0.01082500 0.01803000 0.05600000
v 0.01049600 0.01725900 0.05600000
v 0.01049600 0.01725900 0.05600000
v -0.01274800 -0.01566900 0.05600000
v -0.01274800 -0.01566900 0.05600000
v -0.01274800 -0.01566900 0.05600000
v -0.01274800 -0.01566900 0.05600000
v -0.01082500 -0.01803000 0.05600000
v -0.01082500 -0.01803000 0.05600000
v -0.01082500 -0.01803000 0.05600000
v -0.01082500 -0.01803000 0.05600000
v -0.01082500 -0.01803000 0.05600000
v -0.00804800 -0.01852800 0.05600000
v -0.00804800 -0.01852800 0.05600000
v 0.00545000 0.01945100 0.05600000
v 0.00545000 0.01945100 0.05600000
v 0.00545000 0.01945100 0.05600000
v -0.02165100 0.00914000 0.05600000
v -0.02165100 0.00914000 0.05600000
v -0.02333100 0.00959000 0.05600000
v -0.02333100 0.00959000 0.05600000
v -0.02260500 -0.00000000 0.05600000
v -0.02260500 -0.00000000 0.05600000
v -0.02260500 -0.00000000 0.05600000
v 0.02165100 -0.00914000 0.05600000
v 0.02165100 -0.00914000 0.05600000
v 0.02165100 -0.00914000 0.05600000
v 0.02333100 -0.00959000 0.05600000
v 0.02333100 -0.00959000 0.05600000
v 0.02260500 0.00000000 0.05600000
v 0.02260500 0.00000000 0.05600000
v 0.02260500 0.00000000 0.05600000
v 0.02260500 0.00000000 0.05600000
v 0.00589400 0.05707700 0.05600000
v 0.00450000 0.05740100 0.05600000
v 0.00450000 0.02950000 0.05600000
v -0.00808600 0.05707400 0.05600000
v -0.01082500 0.02092000 0.05600000
v -0.01082500 0.02092000 0.05600000
v -0.01082500 0.02092000 0.05600000
v -0.01082500 0.02092000 0.05600000
v -0.00589500 0.05707700 0.05600000
v -0.00450000 0.02950000 0.05600000
v -0.00450000 0.05740100 0.05600000
v 0.00291000 0.02668000 0.05600000
v 0.00291000 0.02668000 0.05600000
v 0.01082500 0.02092000 0.05600000
v 0.01082500 0.02092000 0.05600000
v 0.01082500 0.02092000 0.05600000
v 0.01082500 0.02092000 0.05600000
v 0.01082500 0.02092000 0.05600000
v 0.01082500 0.02092000 0.05600000
v 0.00808500 0.05707400 0.05600000
v 0.00336000 0.02500000 0.05600000
v 0.00336000 0.02500000 0.05600000
v 0.00291000 0.02332000 0.05600000
v 0.00291000 0.02332000 0.05600000
v 0.00168000 0.02209000 0.05600000
v 0.00168000 0.02209000 0.05600000
v -0.00000000 0.02164000 0.05600000
v -0.00000000 0.02164000 0.05600000
v -0.00000000 0.02164000 0.05600000
v -0.00168000 0.02209000 0.05600000
v -0.00168000 0.02209000 0.05600000
v -0.00291000 0.02668000 0.05600000
v -0.00336000 0.02500000 0.05600000
v -0.00336000 0.02500000 0.05600000
v -0.00291000 0.02332000 0.05600000
v -0.00168000 0.02791000 0.05600000
v -0.00000000 0.02836000 0.05600000
v -0.00000000 0.02836000 0.05600000
v 0.00450000 0.02950000 0.05600000
v 0.00450000 0.02950000 0.05600000
v 0.00450000 0.02950000 0.05600000
v 0.00168000 0.02791000 0.05600000
v 0.00168000 0.02791000 0.05600000
v 0.02327000 0.02092000 0.05600000
v 0.02260500 0.02275700 0.05600000
v 0.02260500 0.02092000 0.05600000
v 0.02260500 0.02092000 0.05600000
v 0.01157300 0.05324400 0.05600000
v 0.01019500 0.05766500 0.05600000
v 0.02856400 0.00500900 0.05600000
v 0.02802200 0.00746700 0.05600000
v 0.02889100 -0.00251400 0.05600000
v 0.02900000 0.00000000 0.05600000
v 0.02889100 0.00251400 0.05600000
v 0.02456000 -0.01082000 0.05600000
v 0.02726900 -0.00986800 0.05600000
v 0.02802200 -0.00746700 0.05600000
v 0.02856400 -0.00500900 0.05600000
v 0.02260500 -0.02275700 0.05600000
v 0.02327000 -0.02092000 0.05600000
v 0.02260500 -0.02092000 0.05600000
v 0.02260500 -0.02092000 0.05600000
v 0.02431600 -0.01803000 0.05600000
v -0.00589400 -0.05707700 0.05600000
v -0.00450000 -0.05740100 0.05600000
v -0.00450000 -0.02950000 0.05600000
v -0.00336000 -0.02500000 0.05600000
v -0.00336000 -0.02500000 0.05600000
v -0.00291000 -0.02332000 0.05600000
v -0.01082500 -0.02092000 0.05600000
v -0.01082500 -0.02092000 0.05600000
v -0.01082500 -0.02092000 0.05600000
v -0.01082500 -0.02092000 0.05600000
v -0.01082500 -0.02092000 0.05600000
v -0.01082500 -0.02092000 0.05600000
v -0.01082500 -0.02092000 0.05600000
v -0.00808500 -0.05707400 0.05600000
v 0.00168000 -0.02209000 0.05600000
v 0.00168000 -0.02209000 0.05600000
v 0.00000000 -0.02164000 0.05600000
v 0.00000000 -0.02164000 0.05600000
v -0.00168000 -0.02209000 0.05600000
v -0.00168000 -0.02209000 0.05600000
v 0.01019500 -0.05766500 0.05600000
v 0.01157300 -0.05324400 0.05600000
v 0.00808600 -0.05707400 0.05600000
v 0.00589500 -0.05707700 0.05600000
v 0.00450000 -0.02950000 0.05600000
v 0.00450000 -0.02950000 0.05600000
v 0.00450000 -0.02950000 0.05600000
v 0.00450000 -0.02950000 0.05600000
v 0.00450000 -0.02950000 0.05600000
v 0.00450000 -0.05740100 0.05600000
v -0.00450000 -0.02950000 0.05600000
v -0.00450000 -0.02950000 0.05600000
v -0.00450000 -0.02950000 0.05600000
v -0.00450000 -0.02950000 0.05600000
v -0.00291000 -0.02668000 0.05600000
v -0.00291000 -0.02668000 0.05600000
v -0.00291000 -0.02668000 0.05600000
v 0.00291000 -0.02668000 0.05600000
v 0.00291000 -0.02668000 0.05600000
v 0.00336000 -0.02500000 0.05600000
v 0.00336000 -0.02500000 0.05600000
v 0.00291000 -0.02332000 0.05600000
v 0.00168000 -0.02791000 0.05600000
v 0.00168000 -0.02791000 0.05600000
v 0.00000000 -0.02836000 0.05600000
v 0.00000000 -0.02836000 0.05600000
v -0.00168000 -0.02791000 0.05600000
v -0.00168000 -0.02791000 0.05600000
v -0.02327000 -0.02092000 0.05600000
v -0.02260500 -0.02275700 0.05600000
v -0.02260500 -0.02092000 0.05600000
v -0.02260500 -0.02092000 0.05600000
v -0.01157300 -0.05324400 0.05600000
v -0.01019500 -0.05766500 0.05600000
v -0.02893000 -0.00201200 0.05600000
v -0.02837300 -0.00599800 0.05600000
v -0.02260500 -0.01803000 0.05600000
v -0.02260500 -0.01803000 0.05600000
v -0.02260500 -0.01803000 0.05600000
v -0.02333100 -0.01541000 0.05600000
v -0.02333100 -0.01541000 0.05600000
v -0.02431600 -0.01803000 0.05600000
v -0.02456000 -0.01418000 0.05600000
v -0.02726900 -0.00986800 0.05600000
v -0.02456000 0.01082000 0.05600000
v -0.02726900 0.00986800 0.05600000
v -0.02837300 0.00599800 0.05600000
v -0.02893000 0.00201200 0.05600000
v -0.02501100 0.01250000 0.05600000
v -0.02456000 0.01418000 0.05600000
v -0.02456000 0.01418000 0.05600000
v -0.02431600 0.01803000 0.05600000
v -0.02260500 0.01803000 0.05600000
v -0.02260500 0.01803000 0.05600000
v -0.02327000 0.02092000 0.05600000
v -0.02260500 0.02092000 0.05600000
v -0.02260500 0.02275700 0.05600000
v -0.01157300 0.05324400 0.05600000
v -0.01019500 0.05766500 0.05600000
v 0.02456000 -0.01418000 0.05600000
v 0.02456000 -0.01418000 0.05600000
v 0.02333100 -0.01541000 0.05600000
v 0.02165100 -0.01586000 0.05600000
v 0.02165100 -0.01586000 0.05600000
v 0.02165100 -0.01586000 0.05600000
v 0.01997100 -0.01541000 0.05600000
v 0.01997100 -0.01541000 0.05600000
v 0.01874100 -0.01418000 0.05600000
v 0.01874100 -0.01418000 0.05600000
v 0.01874100 -0.01418000 0.05600000
v 0.01903400 -0.00676500 0.05600000
v 0.01650300 -0.01164900 0.05600000
v 0.01650300 -0.01164900 0.05600000
v 0.01650300 -0.01164900 0.05600000
v 0.01650300 -0.01164900 0.05600000
v 0.01874100 -0.01082000 0.05600000
v 0.01874100 -0.01082000 0.05600000
v 0.02726900 0.00986800 0.05600000
v 0.02456000 0.01082000 0.05600000
v 0.02333100 0.00959000 0.05600000
v 0.02165100 0.00914000 0.05600000
v 0.01997100 0.00959000 0.05600000
v 0.01997100 0.00959000 0.05600000
v 0.02260500 0.01803000 0.05600000
v 0.02260500 0.01803000 0.05600000
v 0.01997100 0.01541000 0.05600000
v 0.01997100 0.01541000 0.05600000
v 0.01997100 -0.00959000 0.05600000
v 0.01903400 -0.00676500 0.05600000
v 0.01903400 -0.00676500 0.05600000
v 0.02015300 -0.00137800 0.05600000
v 0.02015300 -0.00137800 0.05600000
v 0.02015300 -0.00137800 0.05600000
v 0.01977700 0.00411000 0.05600000
v 0.01977700 0.00411000 0.05600000
v 0.01793500 0.00929300 0.05600000
v 0.01874100 0.01082000 0.05600000
v 0.01874100 0.01082000 0.05600000
v 0.01829100 0.01250000 0.05600000
v 0.01829100 0.01250000 0.05600000
v 0.01829100 0.01250000 0.05600000
v 0.01874100 0.01418000 0.05600000
v 0.01874100 0.01418000 0.05600000
v 0.02165100 0.01586000 0.05600000
v 0.02333100 0.01541000 0.05600000
v 0.02333100 0.01541000 0.05600000
v 0.02431600 0.01803000 0.05600000
v 0.02456000 0.01418000 0.05600000
v 0.02501100 0.01250000 0.05600000
v -0.01476300 0.01378700 0.05600000
v -0.01476300 0.01378700 0.05600000
v -0.01476300 0.01378700 0.05600000
v -0.01049600 0.01725900 0.05600000
v -0.01049600 0.01725900 0.05600000
v -0.01082500 0.01803000 0.05600000
v -0.01082500 0.01803000 0.05600000
v -0.01082500 0.01803000 0.05600000
v -0.01082500 0.01803000 0.05600000
v -0.01082500 0.01803000 0.05600000
v -0.01082500 0.01803000 0.05600000
v -0.02333100 0.01541000 0.05600000
v -0.02165100 0.01586000 0.05600000
v -0.02165100 0.01586000 0.05600000
v -0.02165100 0.01586000 0.05600000
v -0.01997100 0.00959000 0.05600000
v -0.01977700 0.00411000 0.05600000
v -0.01977700 0.00411000 0.05600000
v -0.01874100 0.01082000 0.05600000
v -0.01874100 0.01082000 0.05600000
v -0.01874100 0.01082000 0.05600000
v -0.01793500 0.00929300 0.05600000
v -0.01793500 0.00929300 0.05600000
v -0.01793500 0.00929300 0.05600000
v -0.01829100 0.01250000 0.05600000
v -0.01829100 0.01250000 0.05600000
v -0.01874100 0.01418000 0.05600000
v -0.01874100 0.01418000 0.05600000
v -0.01997100 0.01541000 0.05600000
v -0.01997100 0.01541000 0.05600000
v -0.01977700 0.00411000 0.05600000
v -0.01977700 0.00411000 0.05600000
v -0.02015300 -0.00137800 0.05600000
v -0.01903400 -0.00676500 0.05600000
v -0.01903400 -0.00676500 0.05600000
v -0.02501100 -0.01250000 0.05600000
v -0.02456000 -0.01082000 0.05600000
v -0.02333100 -0.00959000 0.05600000
v -0.02165100 -0.00914000 0.05600000
v -0.02165100 -0.00914000 0.05600000
v -0.01997100 -0.00959000 0.05600000
v -0.01650300 -0.01164900 0.05600000
v -0.01650300 -0.01164900 0.05600000
v -0.01874100 -0.01082000 0.05600000
v -0.01874100 -0.01082000 0.05600000
v -0.01829100 -0.01250000 0.05600000
v -0.01829100 -0.01250000 0.05600000
v -0.01829100 -0.01250000 0.05600000
v -0.01874100 -0.01418000 0.05600000
v -0.01874100 -0.01418000 0.05600000
v -0.01874100 -0.01418000 0.05600000
v -0.01997100 -0.01541000 0.05600000
v -0.01997100 -0.01541000 0.05600000
v -0.01997100 -0.01541000 0.05600000
v -0.02165100 -0.01586000 0.05600000
v -0.00000000 0.02020000 0.05600000
v -0.00000000 0.02020000 0.05600000
v -0.00545000 0.01945100 0.05600000
v -0.00545000 0.01945100 0.05600000
v -0.00545000 0.01945100 0.05600000
v -0.00275000 -0.02001200 0.05600000
v -0.00275000 -0.02001200 0.05600000
v 0.00275000 -0.02001200 0.05600000
v 0.00275000 -0.02001200 0.05600000
v 0.00275000 -0.02001200 0.05600000
v 0.00804800 -0.01852800 0.05600000
v 0.00804800 -0.01852800 0.05600000
v 0.01274800 -0.01566900 0.05600000
v 0.01274800 -0.01566900 0.05600000
v 0.01274800 -0.01566900 0.05600000
v 0.01874100 -0.01418000 0.05600000
v 0.01829100 -0.01250000 0.05600000
v 0.01829100 -0.01250000 0.05600000
v 0.02501100 -0.01250000 0.05600000
v 0.00562500 0.06200000 0.06200000
v 0.00550000 0.06200000 0.06200000
v 0.00550000 0.06200000 0.05987200
v 0.00700000 0.06200000 0.06700000
v 0.00562500 0.06200000 0.06700000
v 0.00700000 0.06200000 0.06100000
v 0.00698900 0.06200000 0.06099100
v 0.00562500 -0.06200000 0.06200000
v 0.00562500 -0.06200000 0.06700000
v 0.00700000 -0.06200000 0.06700000
v 0.00550000 -0.06200000 0.05987200
v 0.00550000 -0.06200000 0.06200000
v 0.00698900 -0.06200000 0.06099100
v 0.00700000 -0.06200000 0.06100000
v -0.00328500 -0.03032300 0.04800000
v -0.00328500 -0.03032300 0.04900000
v -0.00698200 -0.02969000 0.04900000
v -0.01737700 -0.02506600 0.04900000
v -0.01737700 -0.02506600 0.04800000
v -0.01416800 -0.02700900 0.04900000
v -0.01299400 -0.02759400 0.04800000
v -0.01299400 -0.02759400 0.04900000
v -0.01066000 -0.02857600 0.04900000
v -0.01299400 -0.02759400 0.04800000
v -0.00825300 -0.02936200 0.04800000
v 0.00328500 0.03032300 0.04800000
v 0.00328500 0.03032300 0.04900000
v 0.00698200 0.02969000 0.04900000
v 0.01737700 0.02506600 0.04900000
v 0.01737700 0.02506600 0.04800000
v 0.01416800 0.02700900 0.04900000
v 0.01299400 0.02759400 0.04800000
v 0.01299400 0.02759400 0.04900000
v 0.01066000 0.02857600 0.04900000
v 0.01299400 0.02759400 0.04800000
v 0.00825300 0.02936200 0.04800000
v -0.01049600 -0.01725900 0.05300000
v -0.01082500 -0.01720000 0.05300000
v -0.01476300 -0.01378800 0.05300000
v -0.01476300 -0.01378800 0.05300000
v 0.01476300 -0.01378700 0.05300000
v 0.01476300 -0.01378700 0.05300000
v 0.01476300 -0.01378700 0.05300000
v 0.01082500 -0.01720000 0.05300000
v 0.01082500 -0.01720000 0.05300000
v 0.01082500 -0.01720000 0.05300000
v 0.01082500 -0.01720000 0.05300000
v 0.01082500 -0.01720000 0.05300000
v 0.01049600 -0.01725900 0.05300000
v -0.02073000 -0.01955800 0.05300000
v -0.02073000 -0.01955800 0.05300000
v -0.01082500 -0.02175000 0.05300000
v -0.01082500 -0.02175000 0.05300000
v -0.01082500 -0.02175000 0.05300000
v -0.01566100 -0.02381100 0.05300000
v -0.01566100 -0.02381100 0.05300000
v -0.00085000 0.02352800 0.05300000
v -0.00085000 0.02352800 0.05300000
v -0.00000000 0.02330000 0.05300000
v -0.00000000 0.02330000 0.05300000
v -0.01082500 0.02175000 0.05300000
v -0.01082500 0.02175000 0.05300000
v -0.01082500 0.02175000 0.05300000
v -0.01082500 0.02175000 0.05300000
v -0.01082500 0.02175000 0.05300000
v 0.01840700 0.02175900 0.05300000
v 0.01840700 0.02175900 0.05300000
v 0.01840700 0.02175900 0.05300000
v 0.02187700 0.01826600 0.05300000
v 0.02187700 0.01826600 0.05300000
v 0.02177500 0.01720000 0.05300000
v 0.02177500 0.01720000 0.05300000
v 0.02177500 0.01720000 0.05300000
v 0.02177500 0.01720000 0.05300000
v 0.02177500 0.01720000 0.05300000
v 0.02271000 0.01721900 0.05300000
v 0.02271000 0.01721900 0.05300000
v 0.00170000 -0.02500000 0.05300000
v 0.00170000 -0.02500000 0.05300000
v 0.00170000 -0.02500000 0.05300000
v 0.00147200 -0.02415000 0.05300000
v 0.00147200 -0.02415000 0.05300000
v 0.01082500 -0.02175000 0.05300000
v 0.01082500 -0.02175000 0.05300000
v 0.01082500 -0.02175000 0.05300000
v 0.01082500 -0.02175000 0.05300000
v 0.00330900 -0.02830700 0.05300000
v 0.00330900 -0.02830700 0.05300000
v 0.00330900 -0.02830700 0.05300000
v 0.00330900 -0.02830700 0.05300000
v 0.00147200 -0.02585000 0.05300000
v 0.00147200 -0.02585000 0.05300000
v 0.00147200 -0.02585000 0.05300000
v 0.00974800 -0.02678100 0.05300000
v 0.00974800 -0.02678100 0.05300000
v 0.00974800 -0.02678100 0.05300000
v 0.01087700 -0.02634300 0.05300000
v 0.01566100 -0.02381100 0.05300000
v 0.02073000 -0.01955800 0.05300000
v 0.00085000 -0.02352800 0.05300000
v 0.00085000 -0.02352800 0.05300000
v 0.00000000 -0.02330000 0.05300000
v 0.00000000 -0.02330000 0.05300000
v -0.00170000 -0.02500000 0.05300000
v -0.00170000 -0.02500000 0.05300000
v -0.00170000 -0.02500000 0.05300000
v -0.00147200 -0.02585000 0.05300000
v -0.00147200 -0.02585000 0.05300000
v -0.00330900 -0.02830700 0.05300000
v -0.00330900 -0.02830700 0.05300000
v -0.00330900 -0.02830700 0.05300000
v -0.00330900 -0.02830700 0.05300000
v -0.00085000 -0.02647200 0.05300000
v -0.00085000 -0.02647200 0.05300000
v -0.00085000 -0.02647200 0.05300000
v 0.00000000 -0.02850000 0.05300000
v 0.00000000 -0.02850000 0.05300000
v 0.00000000 -0.02670000 0.05300000
v 0.00000000 -0.02670000 0.05300000
v 0.00085000 -0.02647200 0.05300000
v 0.00085000 -0.02647200 0.05300000
v -0.00085000 -0.02352800 0.05300000
v -0.00085000 -0.02352800 0.05300000
v -0.00147200 -0.02415000 0.05300000
v -0.00147200 -0.02415000 0.05300000
v -0.00147200 -0.02415000 0.05300000
v -0.00974800 -0.02678100 0.05300000
v -0.00974800 -0.02678100 0.05300000
v 0.02730300 -0.00817400 0.05300000
v 0.02730300 -0.00817400 0.05300000
v 0.02730300 -0.00817400 0.05300000
v 0.02468200 -0.01425000 0.05300000
v 0.02468200 -0.01425000 0.05300000
v 0.02468200 -0.01425000 0.05300000
v 0.02468200 -0.01425000 0.05300000
v 0.02312300 -0.01335000 0.05300000
v 0.02312300 -0.01335000 0.05300000
v 0.02312300 -0.01335000 0.05300000
v 0.02177500 0.00000000 0.05300000
v 0.02177500 0.00000000 0.05300000
v 0.02177500 0.00000000 0.05300000
v 0.02177500 0.00000000 0.05300000
v 0.02177500 0.00000000 0.05300000
v 0.02165100 0.01080000 0.05300000
v 0.02165100 0.01080000 0.05300000
v 0.02165100 0.01080000 0.05300000
v 0.02165100 0.01080000 0.05300000
v 0.02165100 0.01080000 0.05300000
v 0.02845200 -0.00165700 0.05300000
v 0.02845200 -0.00165700 0.05300000
v 0.02845200 -0.00165700 0.05300000
v 0.02845200 -0.00165700 0.05300000
v 0.02845200 -0.00165700 0.05300000
v 0.02250100 0.01102800 0.05300000
v 0.02250100 0.01102800 0.05300000
v 0.02250100 0.01102800 0.05300000
v 0.02250100 0.01102800 0.05300000
v 0.02312300 0.01165000 0.05300000
v 0.02312300 0.01165000 0.05300000
v 0.02335100 0.01250000 0.05300000
v 0.02335100 0.01250000 0.05300000
v 0.02616900 0.01128800 0.05300000
v 0.02616900 0.01128800 0.05300000
v 0.02616900 0.01128800 0.05300000
v 0.02616900 0.01128800 0.05300000
v 0.02616900 0.01128800 0.05300000
v 0.02312300 0.01335000 0.05300000
v 0.02312300 0.01335000 0.05300000
v 0.02312300 0.01335000 0.05300000
v 0.02286000 0.01701900 0.05300000
v 0.02286000 0.01701900 0.05300000
v 0.02286000 0.01701900 0.05300000
v 0.02250100 0.01397200 0.05300000
v 0.02165100 0.01420000 0.05300000
v 0.02165100 0.01420000 0.05300000
v 0.02806700 0.00494900 0.05300000
v 0.02806700 0.00494900 0.05300000
v 0.01082500 0.01720000 0.05300000
v 0.01082500 0.01720000 0.05300000
v 0.01082500 0.01720000 0.05300000
v 0.01082500 0.01720000 0.05300000
v 0.01082500 0.01720000 0.05300000
v 0.01082500 0.02175000 0.05300000
v 0.01082500 0.02175000 0.05300000
v 0.01082500 0.02175000 0.05300000
v 0.01082500 0.02175000 0.05300000
v 0.01082500 0.02175000 0.05300000
v 0.01082500 0.02175000 0.05300000
v 0.01082500 0.02175000 0.05300000
v 0.01831900 0.02183200 0.05300000
v 0.01831900 0.02183200 0.05300000
v 0.01279100 0.02546800 0.05300000
v 0.01279100 0.02546800 0.05300000
v 0.01279100 0.02546800 0.05300000
v 0.01279100 0.02546800 0.05300000
v 0.00085000 0.02352800 0.05300000
v 0.00085000 0.02352800 0.05300000
v 0.00147200 0.02415000 0.05300000
v 0.00147200 0.02415000 0.05300000
v 0.00147200 0.02415000 0.05300000
v 0.00170000 0.02500000 0.05300000
v 0.00170000 0.02500000 0.05300000
v 0.00657200 0.02773200 0.05300000
v 0.00657200 0.02773200 0.05300000
v 0.00657200 0.02773200 0.05300000
v -0.00657200 0.02773200 0.05300000
v -0.00657200 0.02773200 0.05300000
v -0.00657200 0.02773200 0.05300000
v -0.00147200 0.02585000 0.05300000
v -0.00147200 0.02585000 0.05300000
v -0.00147200 0.02585000 0.05300000
v -0.01279100 0.02546800 0.05300000
v -0.01279100 0.02546800 0.05300000
v -0.00170000 0.02500000 0.05300000
v -0.00170000 0.02500000 0.05300000
v -0.00170000 0.02500000 0.05300000
v -0.00147200 0.02415000 0.05300000
v -0.00147200 0.02415000 0.05300000
v 0.00147200 0.02585000 0.05300000
v 0.00147200 0.02585000 0.05300000
v 0.00085000 0.02647200 0.05300000
v 0.00085000 0.02647200 0.05300000
v 0.00085000 0.02647200 0.05300000
v -0.00000000 0.02850000 0.05300000
v -0.00000000 0.02850000 0.05300000
v -0.00000000 0.02670000 0.05300000
v -0.00000000 0.02670000 0.05300000
v -0.00085000 0.02647200 0.05300000
v -0.00085000 0.02647200 0.05300000
v -0.02286000 0.01701900 0.05300000
v -0.02286000 0.01701900 0.05300000
v -0.02286000 0.01701900 0.05300000
v -0.02286000 0.01701900 0.05300000
v -0.02286000 0.01701900 0.05300000
v -0.02271000 0.01721900 0.05300000
v -0.02271000 0.01721900 0.05300000
v -0.02177500 0.01720000 0.05300000
v -0.02177500 0.01720000 0.05300000
v -0.02177500 0.01720000 0.05300000
v -0.02177500 0.01720000 0.05300000
v -0.02177500 0.01720000 0.05300000
v -0.02187700 0.01826600 0.05300000
v -0.02187700 0.01826600 0.05300000
v -0.02187700 0.01826600 0.05300000
v -0.01082500 0.01720000 0.05300000
v -0.01082500 0.01720000 0.05300000
v -0.01082500 0.01720000 0.05300000
v -0.01082500 0.01720000 0.05300000
v -0.01840700 0.02175900 0.05300000
v -0.01840700 0.02175900 0.05300000
v -0.01840700 0.02175900 0.05300000
v -0.01831900 0.02183200 0.05300000
v -0.01831900 0.02183200 0.05300000
v -0.02616900 0.01128800 0.05300000
v -0.02616900 0.01128800 0.05300000
v -0.02616900 0.01128800 0.05300000
v -0.02616900 0.01128800 0.05300000
v -0.02312300 0.01335000 0.05300000
v -0.02312300 0.01335000 0.05300000
v -0.02312300 0.01335000 0.05300000
v -0.02250100 0.01397200 0.05300000
v -0.02250100 0.01397200 0.05300000
v -0.02335100 0.01250000 0.05300000
v -0.02335100 0.01250000 0.05300000
v -0.02312300 0.01165000 0.05300000
v -0.02312300 0.01165000 0.05300000
v -0.02312300 0.01165000 0.05300000
v -0.02806700 0.00494900 0.05300000
v -0.02806700 0.00494900 0.05300000
v -0.02250100 0.01102800 0.05300000
v -0.02250100 0.01102800 0.05300000
v -0.02845200 -0.00165700 0.05300000
v -0.02845200 -0.00165700 0.05300000
v -0.02845200 -0.00165700 0.05300000
v -0.02468200 -0.01425000 0.05300000
v -0.02468200 -0.01425000 0.05300000
v -0.02730300 -0.00817400 0.05300000
v -0.02730300 -0.00817400 0.05300000
v -0.02730300 -0.00817400 0.05300000
v -0.02335100 -0.01250000 0.05300000
v -0.02335100 -0.01250000 0.05300000
v -0.02177500 -0.00000000 0.05300000
v -0.02177500 -0.00000000 0.05300000
v -0.02177500 -0.00000000 0.05300000
v -0.02177500 -0.00000000 0.05300000
v -0.02177500 -0.00000000 0.05300000
v -0.02165100 -0.01080000 0.05300000
v -0.02165100 -0.01080000 0.05300000
v -0.02165100 -0.01080000 0.05300000
v -0.02250100 -0.01102800 0.05300000
v -0.02250100 -0.01102800 0.05300000
v -0.02250100 -0.01102800 0.05300000
v -0.02312300 -0.01165000 0.05300000
v -0.02312300 -0.01165000 0.05300000
v -0.02312300 -0.01335000 0.05300000
v -0.02250100 -0.01397200 0.05300000
v -0.02177500 -0.01720000 0.05300000
v -0.02177500 -0.01720000 0.05300000
v -0.02165100 -0.01420000 0.05300000
v -0.02080100 -0.01102800 0.05300000
v -0.01977700 -0.00411000 0.05300000
v -0.02017800 -0.01165000 0.05300000
v -0.01793500 -0.00929300 0.05300000
v -0.01793500 -0.00929300 0.05300000
v -0.01995100 -0.01250000 0.05300000
v -0.01995100 -0.01250000 0.05300000
v -0.02017800 -0.01335000 0.05300000
v -0.02080100 -0.01397200 0.05300000
v -0.01977700 -0.00411000 0.05300000
v -0.01977700 -0.00411000 0.05300000
v -0.02015300 0.00137800 0.05300000
v -0.02015300 0.00137800 0.05300000
v -0.01903400 0.00676500 0.05300000
v -0.01903400 0.00676500 0.05300000
v -0.01903400 0.00676500 0.05300000
v -0.01274800 0.01566900 0.05300000
v -0.01650300 0.01164900 0.05300000
v -0.01650300 0.01164900 0.05300000
v -0.01650300 0.01164900 0.05300000
v -0.01650300 0.01164900 0.05300000
v -0.01995100 0.01250000 0.05300000
v -0.01995100 0.01250000 0.05300000
v -0.01995100 0.01250000 0.05300000
v -0.02165100 0.01420000 0.05300000
v -0.02165100 0.01420000 0.05300000
v -0.02080100 0.01397200 0.05300000
v -0.02080100 0.01397200 0.05300000
v -0.02017800 0.01335000 0.05300000
v -0.02250100 0.01102800 0.05300000
v -0.02250100 0.01102800 0.05300000
v -0.02165100 0.01080000 0.05300000
v -0.02165100 0.01080000 0.05300000
v -0.02165100 0.01080000 0.05300000
v -0.02080100 0.01102800 0.05300000
v -0.02080100 0.01102800 0.05300000
v -0.02080100 0.01102800 0.05300000
v -0.02017800 0.01165000 0.05300000
v -0.02017800 0.01165000 0.05300000
v 0.01995100 0.01250000 0.05300000
v 0.02017800 0.01165000 0.05300000
v 0.02017800 0.01165000 0.05300000
v 0.01650300 0.01164900 0.05300000
v 0.01650300 0.01164900 0.05300000
v 0.01650300 0.01164900 0.05300000
v 0.02080100 0.01397200 0.05300000
v 0.02080100 0.01397200 0.05300000
v 0.02017800 0.01335000 0.05300000
v 0.02017800 0.01335000 0.05300000
v 0.02017800 0.01335000 0.05300000
v 0.01903400 0.00676500 0.05300000
v 0.02335100 -0.01250000 0.05300000
v 0.02335100 -0.01250000 0.05300000
v 0.02312300 -0.01165000 0.05300000
v 0.02312300 -0.01165000 0.05300000
v 0.02312300 -0.01165000 0.05300000
v 0.02250100 -0.01102800 0.05300000
v 0.02250100 -0.01102800 0.05300000
v 0.02250100 -0.01102800 0.05300000
v 0.02165100 -0.01080000 0.05300000
v 0.02080100 -0.01102800 0.05300000
v 0.02080100 -0.01102800 0.05300000
v 0.02080100 -0.01102800 0.05300000
v 0.02080100 -0.01102800 0.05300000
v 0.02080100 -0.01397200 0.05300000
v 0.02080100 -0.01397200 0.05300000
v 0.02080100 -0.01397200 0.05300000
v 0.02177500 -0.01720000 0.05300000
v 0.02177500 -0.01720000 0.05300000
v 0.02177500 -0.01720000 0.05300000
v 0.02165100 -0.01420000 0.05300000
v 0.02250100 -0.01397200 0.05300000
v 0.02250100 -0.01397200 0.05300000
v 0.02250100 -0.01397200 0.05300000
v 0.02080100 0.01102800 0.05300000
v 0.02080100 0.01102800 0.05300000
v 0.01903400 0.00676500 0.05300000
v 0.01903400 0.00676500 0.05300000
v 0.01903400 0.00676500 0.05300000
v 0.02015300 0.00137800 0.05300000
v 0.02015300 0.00137800 0.05300000
v 0.02015300 0.00137800 0.05300000
v 0.01977700 -0.00411000 0.05300000
v 0.01977700 -0.00411000 0.05300000
v 0.01977700 -0.00411000 0.05300000
v 0.01793500 -0.00929300 0.05300000
v 0.01793500 -0.00929300 0.05300000
v 0.01793500 -0.00929300 0.05300000
v 0.02017800 -0.01165000 0.05300000
v 0.02017800 -0.01165000 0.05300000
v 0.02017800 -0.01165000 0.05300000
v 0.01995100 -0.01250000 0.05300000
v 0.01995100 -0.01250000 0.05300000
v 0.01995100 -0.01250000 0.05300000
v 0.02017800 -0.01335000 0.05300000
v 0.02017800 -0.01335000 0.05300000
v -0.01274800 0.01566900 0.05300000
v -0.01274800 0.01566900 0.05300000
v -0.00804800 0.01852800 0.05300000
v -0.00804800 0.01852800 0.05300000
v -0.00275000 0.02001200 0.05300000
v -0.00275000 0.02001200 0.05300000
v -0.00000000 0.02020000 0.05300000
v -0.00000000 0.02020000 0.05300000
v 0.02017800 0.01335000 0.05300000
v 0.01274800 0.01566900 0.05300000
v 0.01274800 0.01566900 0.05300000
v 0.01274800 0.01566900 0.05300000
v 0.00804800 0.01852800 0.05300000
v 0.00804800 0.01852800 0.05300000
v 0.00275000 0.02001200 0.05300000
v 0.00275000 0.02001200 0.05300000
v 0.00545000 -0.01945100 0.05300000
v 0.00545000 -0.01945100 0.05300000
v 0.00000000 -0.02020000 0.05300000
v 0.00000000 -0.02020000 0.05300000
v 0.00000000 -0.02020000 0.05300000
v -0.00545000 -0.01945100 0.05300000
v -0.00545000 -0.01945100 0.05300000
v -0.00350000 0.06216700 0.06200000
v -0.00350000 0.06216700 0.06200000
v -0.00350000 0.06216700 0.06200000
v -0.00350000 0.06216700 0.06200000
v -0.00350000 0.06216700 0.06200000
v -0.00350000 0.06216700 0.06200000
v -0.00562500 0.06200000 0.06200000
v -0.00550000 0.06200000 0.06200000
v -0.00550000 0.06200000 0.06200000
v -0.00350000 0.07200000 0.06200000
v -0.00350000 0.07200000 0.06200000
v -0.00350000 0.07200000 0.06200000
v -0.00350000 0.07200000 0.06200000
v -0.00000000 0.06860000 0.06200000
v -0.00000000 0.06860000 0.06200000
v -0.00000000 0.06860000 0.06200000
v 0.00350000 0.07200000 0.06200000
v 0.00350000 0.07200000 0.06200000
v 0.00350000 0.07200000 0.06200000
v 0.00055000 0.06845300 0.06200000
v 0.00055000 0.06845300 0.06200000
v -0.00110000 0.05250000 0.06200000
v -0.00110000 0.05250000 0.06200000
v -0.00110000 0.05250000 0.06200000
v -0.00095300 0.05305000 0.06200000
v -0.00095300 0.05305000 0.06200000
v -0.00000000 0.06640000 0.06200000
v -0.00000000 0.06640000 0.06200000
v -0.00000000 0.06640000 0.06200000
v -0.00000000 0.06640000 0.06200000
v -0.00000000 0.06640000 0.06200000
v -0.00055000 0.05345300 0.06200000
v -0.00055000 0.05345300 0.06200000
v 0.00055000 0.06654700 0.06200000
v -0.00000000 0.05360000 0.06200000
v -0.00000000 0.05360000 0.06200000
v -0.00000000 0.05360000 0.06200000
v 0.00095300 0.06695000 0.06200000
v 0.00095300 0.06695000 0.06200000
v 0.00110000 0.06750000 0.06200000
v 0.00272800 0.06014800 0.06200000
v 0.00272800 0.06014800 0.06200000
v 0.00337900 0.06112100 0.06200000
v 0.00337900 0.06112100 0.06200000
v 0.00350000 0.06216700 0.06200000
v 0.00350000 0.06216700 0.06200000
v 0.00350000 0.06216700 0.06200000
v 0.00350000 0.06216700 0.06200000
v 0.00435200 0.06177200 0.06200000
v 0.00550000 0.06200000 0.06200000
v 0.00550000 0.06200000 0.06200000
v 0.00562500 0.06200000 0.06200000
v -0.00110000 0.06750000 0.06200000
v -0.00110000 0.06750000 0.06200000
v -0.00110000 0.06750000 0.06200000
v 0.00110000 0.03750000 0.06200000
v 0.00110000 0.03750000 0.06200000
v 0.00250000 0.03200000 0.06200000
v 0.00250000 0.05900000 0.06200000
v 0.00250000 0.05900000 0.06200000
v 0.00250000 0.05900000 0.06200000
v 0.00250000 0.05900000 0.06200000
v 0.00250000 0.05900000 0.06200000
v -0.00095300 0.06805000 0.06200000
v -0.00095300 0.06805000 0.06200000
v -0.00055000 0.06845300 0.06200000
v -0.00055000 0.06845300 0.06200000
v 0.00095300 0.06805000 0.06200000
v 0.00095300 0.06805000 0.06200000
v 0.00110000 0.06750000 0.06200000
v 0.00110000 0.06750000 0.06200000
v 0.00110000 0.06750000 0.06200000
v 0.00055000 0.05345300 0.06200000
v 0.00055000 0.05345300 0.06200000
v 0.00095300 0.05305000 0.06200000
v 0.00095300 0.05305000 0.06200000
v 0.00110000 0.05250000 0.06200000
v 0.00110000 0.05250000 0.06200000
v 0.00110000 0.05250000 0.06200000
v -0.00000000 0.03640000 0.06200000
v -0.00250000 0.03200000 0.06200000
v 0.00055000 0.03654700 0.06200000
v 0.00095300 0.03695000 0.06200000
v -0.00095300 0.03805000 0.06200000
v -0.00055000 0.03845300 0.06200000
v -0.00095300 0.05195000 0.06200000
v -0.00055000 0.03654700 0.06200000
v -0.00095300 0.03695000 0.06200000
v -0.00095300 0.03695000 0.06200000
v -0.00250000 0.03200000 0.06200000
v -0.00250000 0.03200000 0.06200000
v -0.00110000 0.03750000 0.06200000
v -0.00110000 0.03750000 0.06200000
v 0.00095300 0.05195000 0.06200000
v 0.00095300 0.05195000 0.06200000
v -0.00000000 0.03860000 0.06200000
v -0.00000000 0.03860000 0.06200000
v -0.00000000 0.03860000 0.06200000
v 0.00055000 0.03845300 0.06200000
v 0.00055000 0.03845300 0.06200000
v 0.00055000 0.03845300 0.06200000
v 0.00095300 0.03805000 0.06200000
v 0.00095300 0.03805000 0.06200000
v -0.00055000 0.06654700 0.06200000
v -0.00055000 0.06654700 0.06200000
v -0.00095300 0.06695000 0.06200000
v -0.00095300 0.06695000 0.06200000
v 0.00055000 0.05154700 0.06200000
v 0.00055000 0.05154700 0.06200000
v -0.00000000 0.05140000 0.06200000
v -0.00055000 0.05154700 0.06200000
v -0.00400000 0.06159800 0.06200000
v -0.00400000 0.06159800 0.06200000
v -0.00290200 0.06050000 0.06200000
v -0.00290200 0.06050000 0.06200000
v -0.00290200 0.06050000 0.06200000
v -0.00250000 0.05900000 0.06200000
v -0.00250000 0.05900000 0.06200000
v -0.00250000 0.05900000 0.06200000
v 0.00435200 -0.06177200 0.06200000
v 0.00435200 -0.06177200 0.06200000
v 0.00350000 -0.06216700 0.06200000
v 0.00350000 -0.06216700 0.06200000
v 0.00350000 -0.06216700 0.06200000
v 0.00350000 -0.06216700 0.06200000
v 0.00350000 -0.06216700 0.06200000
v 0.00550000 -0.06200000 0.06200000
v 0.00550000 -0.06200000 0.06200000
v 0.00562500 -0.06200000 0.06200000
v 0.00000000 -0.03640000 0.06200000
v 0.00000000 -0.03640000 0.06200000
v 0.00250000 -0.03200000 0.06200000
v 0.00250000 -0.03200000 0.06200000
v 0.00250000 -0.03200000 0.06200000
v 0.00250000 -0.03200000 0.06200000
v 0.00250000 -0.03200000 0.06200000
v 0.00250000 -0.03200000 0.06200000
v -0.00055000 -0.03654700 0.06200000
v -0.00055000 -0.03654700 0.06200000
v 0.00250000 -0.03200000 0.06200000
v -0.00250000 -0.03200000 0.06200000
v -0.00110000 -0.06750000 0.06200000
v -0.00110000 -0.06750000 0.06200000
v -0.00350000 -0.06216700 0.06200000
v -0.00350000 -0.06216700 0.06200000
v -0.00350000 -0.06216700 0.06200000
v -0.00350000 -0.06216700 0.06200000
v -0.00350000 -0.06216700 0.06200000
v -0.00350000 -0.06216700 0.06200000
v -0.00350000 -0.06216700 0.06200000
v -0.00350000 -0.06216700 0.06200000
v -0.00350000 -0.06216700 0.06200000
v -0.00095300 -0.06805000 0.06200000
v -0.00095300 -0.06805000 0.06200000
v -0.00350000 -0.07200000 0.06200000
v -0.00350000 -0.07200000 0.06200000
v -0.00350000 -0.07200000 0.06200000
v -0.00055000 -0.06845300 0.06200000
v -0.00055000 -0.06845300 0.06200000
v -0.00095300 -0.06695000 0.06200000
v -0.00095300 -0.06695000 0.06200000
v -0.00055000 -0.06654700 0.06200000
v -0.00055000 -0.06654700 0.06200000
v -0.00055000 -0.06654700 0.06200000
v 0.00095300 -0.05305000 0.06200000
v 0.00095300 -0.05305000 0.06200000
v 0.00095300 -0.05305000 0.06200000
v 0.00000000 -0.06640000 0.06200000
v 0.00000000 -0.06640000 0.06200000
v 0.00000000 -0.06640000 0.06200000
v 0.00110000 -0.05250000 0.06200000
v 0.00095300 -0.03805000 0.06200000
v 0.00095300 -0.03805000 0.06200000
v 0.00055000 -0.03845300 0.06200000
v 0.00095300 -0.05195000 0.06200000
v 0.00095300 -0.05195000 0.06200000
v 0.00095300 -0.05195000 0.06200000
v 0.00055000 -0.03654700 0.06200000
v 0.00055000 -0.03654700 0.06200000
v 0.00095300 -0.03695000 0.06200000
v 0.00095300 -0.03695000 0.06200000
v 0.00110000 -0.03750000 0.06200000
v 0.00110000 -0.03750000 0.06200000
v 0.00110000 -0.03750000 0.06200000
v 0.00110000 -0.06750000 0.06200000
v 0.00110000 -0.06750000 0.06200000
v 0.00350000 -0.07200000 0.06200000
v 0.00350000 -0.07200000 0.06200000
v -0.00055000 -0.03845300 0.06200000
v -0.00055000 -0.03845300 0.06200000
v -0.00250000 -0.05900000 0.06200000
v -0.00250000 -0.05900000 0.06200000
v -0.00250000 -0.05900000 0.06200000
v -0.00250000 -0.05900000 0.06200000
v -0.00250000 -0.05900000 0.06200000
v -0.00110000 -0.05250000 0.06200000
v -0.00110000 -0.05250000 0.06200000
v -0.00110000 -0.05250000 0.06200000
v -0.00095300 -0.03805000 0.06200000
v -0.00095300 -0.03805000 0.06200000
v -0.00110000 -0.03750000 0.06200000
v -0.00110000 -0.03750000 0.06200000
v -0.00110000 -0.03750000 0.06200000
v -0.00250000 -0.03200000 0.06200000
v -0.00250000 -0.03200000 0.06200000
v -0.00250000 -0.03200000 0.06200000
v -0.00095300 -0.03695000 0.06200000
v -0.00095300 -0.03695000 0.06200000
v -0.00095300 -0.05195000 0.06200000
v -0.00095300 -0.05195000 0.06200000
v -0.00055000 -0.05154700 0.06200000
v 0.00000000 -0.03860000 0.06200000
v 0.00000000 -0.05140000 0.06200000
v 0.00055000 -0.05154700 0.06200000
v 0.00095300 -0.06805000 0.06200000
v 0.00095300 -0.06805000 0.06200000
v 0.00055000 -0.06845300 0.06200000
v 0.00055000 -0.06845300 0.06200000
v 0.00055000 -0.06845300 0.06200000
v 0.00000000 -0.06860000 0.06200000
v 0.00000000 -0.06860000 0.06200000
v -0.00272800 -0.06014800 0.06200000
v -0.00272800 -0.06014800 0.06200000
v -0.00272800 -0.06014800 0.06200000
v -0.00272800 -0.06014800 0.06200000
v -0.00337900 -0.06112100 0.06200000
v -0.00337900 -0.06112100 0.06200000
v -0.00435200 -0.06177200 0.06200000
v -0.00550000 -0.06200000 0.06200000
v -0.00550000 -0.06200000 0.06200000
v -0.00562500 -0.06200000 0.06200000
v 0.00055000 -0.06654700 0.06200000
v 0.00055000 -0.06654700 0.06200000
v 0.00095300 -0.06695000 0.06200000
v 0.00095300 -0.06695000 0.06200000
v 0.00337900 -0.06112100 0.06200000
v 0.00337900 -0.06112100 0.06200000
v 0.00272800 -0.06014800 0.06200000
v 0.00272800 -0.06014800 0.06200000
v 0.00250000 -0.05900000 0.06200000
v 0.00250000 -0.05900000 0.06200000
v 0.00250000 -0.05900000 0.06200000
v 0.00110000 -0.05250000 0.06200000
v 0.00110000 -0.05250000 0.06200000
v 0.00110000 -0.05250000 0.06200000
v 0.00055000 -0.05345300 0.06200000
v 0.00055000 -0.05345300 0.06200000
v 0.00000000 -0.05360000 0.06200000
v 0.00000000 -0.05360000 0.06200000
v 0.00000000 -0.05360000 0.06200000
v -0.00055000 -0.05345300 0.06200000
v -0.00055000 -0.05345300 0.06200000
v -0.00055000 -0.05345300 0.06200000
v -0.00095300 -0.05305000 0.06200000
v -0.00095300 -0.05305000 0.06200000
v -0.00539600 -0.01925800 0.05320000
v -0.00539600 -0.01925800 0.05580000
v -0.00272300 -0.01981400 0.05580000
v 0.00000000 -0.02000000 0.05320000
v -0.00796800 -0.01834400 0.05580000
v -0.01039200 -0.01708800 0.05320000
v -0.01039200 -0.01708800 0.05580000
v -0.01262200 -0.01551400 0.05580000
v -0.01461700 -0.01365100 0.05320000
v -0.01461700 -0.01365100 0.05580000
v -0.01633900 -0.01153300 0.05580000
v -0.01775800 -0.00920100 0.05320000
v -0.01775800 -0.00920100 0.05580000
v -0.01958200 -0.00406900 0.05320000
v -0.01995300 0.00136500 0.05320000
v -0.01995300 0.00136500 0.05580000
v -0.01995300 -0.00136500 0.05580000
v -0.01958200 -0.00406900 0.05580000
v -0.01884500 -0.00669700 0.05580000
v -0.01884500 0.00669700 0.05320000
v -0.01633900 0.01153300 0.05320000
v -0.01633900 0.01153300 0.05580000
v -0.01775800 0.00920100 0.05580000
v -0.01884500 0.00669700 0.05580000
v -0.01958200 0.00406900 0.05580000
v -0.01262200 0.01551400 0.05320000
v -0.00796800 0.01834400 0.05320000
v -0.00796800 0.01834400 0.05580000
v -0.01039200 0.01708800 0.05580000
v -0.01262200 0.01551400 0.05580000
v -0.01461700 0.01365100 0.05580000
v 0.00796800 0.01834400 0.05320000
v 0.00539600 0.01925800 0.05580000
v 0.00272300 0.01981400 0.05320000
v 0.00272300 0.01981400 0.05580000
v -0.00000000 0.02000000 0.05320000
v -0.00000000 0.02000000 0.05580000
v -0.00272300 0.01981400 0.05320000
v -0.00272300 0.01981400 0.05580000
v -0.00539600 0.01925800 0.05580000
v 0.01262200 0.01551400 0.05320000
v 0.01039200 0.01708800 0.05580000
v 0.00796800 0.01834400 0.05580000
v 0.01633900 0.01153300 0.05320000
v 0.01461700 0.01365100 0.05580000
v 0.01262200 0.01551400 0.05580000
v 0.01884500 0.00669700 0.05320000
v 0.01775800 0.00920100 0.05580000
v 0.01633900 0.01153300 0.05580000
v 0.01995300 0.00136500 0.05320000
v 0.01958200 0.00406900 0.05580000
v 0.01884500 0.00669700 0.05580000
v 0.01958200 -0.00406900 0.05320000
v 0.01995300 -0.00136500 0.05580000
v 0.01995300 0.00136500 0.05580000
v 0.01775800 -0.00920100 0.05320000
v 0.01884500 -0.00669700 0.05580000
v 0.01958200 -0.00406900 0.05580000
v 0.01461700 -0.01365100 0.05320000
v 0.01633900 -0.01153300 0.05580000
v 0.01775800 -0.00920100 0.05580000
v 0.01039200 -0.01708800 0.05320000
v 0.01262200 -0.01551400 0.05580000
v 0.01461700 -0.01365100 0.05580000
v 0.00539600 -0.01925800 0.05320000
v 0.00796800 -0.01834400 0.05580000
v 0.01039200 -0.01708800 0.05580000
v 0.00000000 -0.02000000 0.05580000
v 0.00272300 -0.01981400 0.05580000
v 0.00539600 -0.01925800 0.05580000
v 0.02165100 -0.01080000 0.05300000
v 0.02165100 -0.01080000 0.05434000
v 0.02165100 -0.01080000 0.05434000
v 0.02080100 -0.01102800 0.05300000
v 0.02080100 -0.01102800 0.05300000
v 0.02080100 -0.01102800 0.05434000
v 0.02080100 -0.01102800 0.05300000
v 0.02080100 -0.01102800 0.05434000
v 0.02080100 -0.01102800 0.05434000
v 0.02017800 -0.01165000 0.05300000
v 0.02017800 -0.01165000 0.05300000
v 0.02017800 -0.01165000 0.05434000
v 0.02017800 -0.01165000 0.05300000
v 0.02017800 -0.01165000 0.05434000
v 0.02017800 -0.01165000 0.05434000
v 0.01995100 -0.01250000 0.05300000
v 0.01995100 -0.01250000 0.05300000
v 0.01995100 -0.01250000 0.05434000
v 0.01995100 -0.01250000 0.05300000
v 0.01995100 -0.01250000 0.05434000
v 0.01995100 -0.01250000 0.05434000
v 0.02017800 -0.01335000 0.05300000
v 0.02017800 -0.01335000 0.05300000
v 0.02017800 -0.01335000 0.05434000
v 0.02017800 -0.01335000 0.05300000
v 0.02017800 -0.01335000 0.05434000
v 0.02017800 -0.01335000 0.05434000
v 0.02080100 -0.01397200 0.05300000
v 0.02080100 -0.01397200 0.05300000
v 0.02080100 -0.01397200 0.05434000
v 0.02080100 -0.01397200 0.05300000
v 0.02080100 -0.01397200 0.05434000
v 0.02080100 -0.01397200 0.05434000
v 0.02165100 -0.01420000 0.05300000
v 0.02165100 -0.01420000 0.05300000
v 0.02165100 -0.01420000 0.05434000
v 0.02165100 -0.01420000 0.05300000
v 0.02165100 -0.01420000 0.05434000
v 0.02165100 -0.01420000 0.05434000
v 0.02250100 -0.01397200 0.05300000
v 0.02250100 -0.01397200 0.05300000
v 0.02250100 -0.01397200 0.05434000
v 0.02250100 -0.01397200 0.05300000
v 0.02250100 -0.01397200 0.05434000
v 0.02250100 -0.01397200 0.05434000
v 0.02312300 -0.01335000 0.05300000
v 0.02312300 -0.01335000 0.05300000
v 0.02312300 -0.01335000 0.05434000
v 0.02312300 -0.01335000 0.05300000
v 0.02312300 -0.01335000 0.05434000
v 0.02312300 -0.01335000 0.05434000
v 0.02335100 -0.01250000 0.05300000
v 0.02335100 -0.01250000 0.05300000
v 0.02335100 -0.01250000 0.05434000
v 0.02335100 -0.01250000 0.05300000
v 0.02335100 -0.01250000 0.05434000
v 0.02312300 -0.01165000 0.05300000
v 0.02312300 -0.01165000 0.05434000
v 0.02312300 -0.01165000 0.05300000
v 0.02312300 -0.01165000 0.05434000
v 0.02312300 -0.01165000 0.05434000
v 0.02250100 -0.01102800 0.05300000
v 0.02250100 -0.01102800 0.05300000
v 0.02250100 -0.01102800 0.05434000
v 0.02250100 -0.01102800 0.05300000
v 0.02250100 -0.01102800 0.05434000
v 0.02250100 -0.01102800 0.05434000
v 0.02165100 -0.01080000 0.05300000
v 0.02165100 -0.01080000 0.05300000
v 0.02165100 -0.01080000 0.05434000
v 0.02080100 -0.01102800 0.05434000
v 0.01997100 -0.00959000 0.05600000
v 0.02017800 -0.01165000 0.05434000
v 0.01874100 -0.01082000 0.05600000
v 0.01995100 -0.01250000 0.05434000
v 0.01829100 -0.01250000 0.05600000
v 0.02017800 -0.01335000 0.05434000
v 0.01874100 -0.01418000 0.05600000
v 0.02080100 -0.01397200 0.05434000
v 0.01997100 -0.01541000 0.05600000
v 0.02165100 -0.01420000 0.05434000
v 0.02165100 -0.01586000 0.05600000
v 0.02250100 -0.01397200 0.05434000
v 0.02333100 -0.01541000 0.05600000
v 0.02312300 -0.01335000 0.05434000
v 0.02456000 -0.01418000 0.05600000
v 0.02335100 -0.01250000 0.05434000
v 0.02501100 -0.01250000 0.05600000
v 0.02312300 -0.01165000 0.05434000
v 0.02456000 -0.01082000 0.05600000
v 0.02250100 -0.01102800 0.05434000
v 0.02333100 -0.00959000 0.05600000
v 0.02165100 -0.01080000 0.05434000
v 0.02165100 -0.01080000 0.05434000
v 0.02165100 -0.00914000 0.05600000
v 0.02165100 -0.00914000 0.05600000
v 0.02165100 0.01420000 0.05300000
v 0.02165100 0.01420000 0.05434000
v 0.02165100 0.01420000 0.05434000
v 0.02080100 0.01397200 0.05300000
v 0.02080100 0.01397200 0.05300000
v 0.02080100 0.01397200 0.05434000
v 0.02080100 0.01397200 0.05300000
v 0.02080100 0.01397200 0.05434000
v 0.02080100 0.01397200 0.05434000
v 0.02017800 0.01335000 0.05300000
v 0.02017800 0.01335000 0.05300000
v 0.02017800 0.01335000 0.05434000
v 0.02017800 0.01335000 0.05300000
v 0.02017800 0.01335000 0.05434000
v 0.02017800 0.01335000 0.05434000
v 0.01995100 0.01250000 0.05300000
v 0.01995100 0.01250000 0.05300000
v 0.01995100 0.01250000 0.05434000
v 0.01995100 0.01250000 0.05300000
v 0.01995100 0.01250000 0.05434000
v 0.01995100 0.01250000 0.05434000
v 0.02017800 0.01165000 0.05300000
v 0.02017800 0.01165000 0.05300000
v 0.02017800 0.01165000 0.05434000
v 0.02017800 0.01165000 0.05300000
v 0.02017800 0.01165000 0.05434000
v 0.02017800 0.01165000 0.05434000
v 0.02080100 0.01102800 0.05300000
v 0.02080100 0.01102800 0.05300000
v 0.02080100 0.01102800 0.05434000
v 0.02080100 0.01102800 0.05300000
v 0.02080100 0.01102800 0.05434000
v 0.02080100 0.01102800 0.05434000
v 0.02165100 0.01080000 0.05300000
v 0.02165100 0.01080000 0.05300000
v 0.02165100 0.01080000 0.05434000
v 0.02165100 0.01080000 0.05300000
v 0.02165100 0.01080000 0.05434000
v 0.02165100 0.01080000 0.05434000
v 0.02250100 0.01102800 0.05300000
v 0.02250100 0.01102800 0.05300000
v 0.02250100 0.01102800 0.05434000
v 0.02250100 0.01102800 0.05300000
v 0.02250100 0.01102800 0.05434000
v 0.02250100 0.01102800 0.05434000
v 0.02312300 0.01165000 0.05300000
v 0.02312300 0.01165000 0.05300000
v 0.02312300 0.01165000 0.05434000
v 0.02312300 0.01165000 0.05300000
v 0.02312300 0.01165000 0.05434000
v 0.02312300 0.01165000 0.05434000
v 0.02335100 0.01250000 0.05300000
v 0.02335100 0.01250000 0.05300000
v 0.02335100 0.01250000 0.05434000
v 0.02335100 0.01250000 0.05300000
v 0.02335100 0.01250000 0.05434000
v 0.02335100 0.01250000 0.05434000
v 0.02312300 0.01335000 0.05300000
v 0.02312300 0.01335000 0.05300000
v 0.02312300 0.01335000 0.05434000
v 0.02312300 0.01335000 0.05300000
v 0.02312300 0.01335000 0.05434000
v 0.02312300 0.01335000 0.05434000
v 0.02250100 0.01397200 0.05300000
v 0.02250100 0.01397200 0.05300000
v 0.02250100 0.01397200 0.05434000
v 0.02250100 0.01397200 0.05300000
v 0.02250100 0.01397200 0.05434000
v 0.02250100 0.01397200 0.05434000
v 0.02165100 0.01420000 0.05300000
v 0.02165100 0.01420000 0.05300000
v 0.02165100 0.01420000 0.05434000
v 0.02080100 0.01397200 0.05434000
v 0.01997100 0.01541000 0.05600000
v 0.02017800 0.01335000 0.05434000
v 0.01874100 0.01418000 0.05600000
v 0.01995100 0.01250000 0.05434000
v 0.01829100 0.01250000 0.05600000
v 0.02017800 0.01165000 0.05434000
v 0.01874100 0.01082000 0.05600000
v 0.02080100 0.01102800 0.05434000
v 0.01997100 0.00959000 0.05600000
v 0.02165100 0.01080000 0.05434000
v 0.02165100 0.00914000 0.05600000
v 0.02250100 0.01102800 0.05434000
v 0.02333100 0.00959000 0.05600000
v 0.02312300 0.01165000 0.05434000
v 0.02456000 0.01082000 0.05600000
v 0.02335100 0.01250000 0.05434000
v 0.02501100 0.01250000 0.05600000
v 0.02312300 0.01335000 0.05434000
v 0.02456000 0.01418000 0.05600000
v 0.02250100 0.01397200 0.05434000
v 0.02333100 0.01541000 0.05600000
v 0.02165100 0.01420000 0.05434000
v 0.02165100 0.01586000 0.05600000
v -0.00000000 0.02670000 0.05300000
v -0.00000000 0.02670000 0.05434000
v -0.00000000 0.02670000 0.05434000
v -0.00085000 0.02647200 0.05300000
v -0.00085000 0.02647200 0.05300000
v -0.00085000 0.02647200 0.05434000
v -0.00085000 0.02647200 0.05300000
v -0.00085000 0.02647200 0.05434000
v -0.00085000 0.02647200 0.05434000
v -0.00147200 0.02585000 0.05300000
v -0.00147200 0.02585000 0.05300000
v -0.00147200 0.02585000 0.05434000
v -0.00147200 0.02585000 0.05300000
v -0.00147200 0.02585000 0.05434000
v -0.00147200 0.02585000 0.05434000
v -0.00170000 0.02500000 0.05300000
v -0.00170000 0.02500000 0.05300000
v -0.00170000 0.02500000 0.05434000
v -0.00170000 0.02500000 0.05300000
v -0.00170000 0.02500000 0.05434000
v -0.00170000 0.02500000 0.05434000
v -0.00147200 0.02415000 0.05300000
v -0.00147200 0.02415000 0.05300000
v -0.00147200 0.02415000 0.05434000
v -0.00147200 0.02415000 0.05300000
v -0.00147200 0.02415000 0.05434000
v -0.00147200 0.02415000 0.05434000
v -0.00085000 0.02352800 0.05300000
v -0.00085000 0.02352800 0.05300000
v -0.00085000 0.02352800 0.05434000
v -0.00085000 0.02352800 0.05300000
v -0.00085000 0.02352800 0.05434000
v -0.00085000 0.02352800 0.05434000
v -0.00000000 0.02330000 0.05300000
v -0.00000000 0.02330000 0.05300000
v -0.00000000 0.02330000 0.05434000
v -0.00000000 0.02330000 0.05300000
v -0.00000000 0.02330000 0.05434000
v -0.00000000 0.02330000 0.05434000
v 0.00085000 0.02352800 0.05300000
v 0.00085000 0.02352800 0.05300000
v 0.00085000 0.02352800 0.05434000
v 0.00085000 0.02352800 0.05300000
v 0.00085000 0.02352800 0.05434000
v 0.00085000 0.02352800 0.05434000
v 0.00147200 0.02415000 0.05300000
v 0.00147200 0.02415000 0.05300000
v 0.00147200 0.02415000 0.05434000
v 0.00147200 0.02415000 0.05300000
v 0.00147200 0.02415000 0.05434000
v 0.00147200 0.02415000 0.05434000
v 0.00170000 0.02500000 0.05300000
v 0.00170000 0.02500000 0.05300000
v 0.00170000 0.02500000 0.05434000
v 0.00170000 0.02500000 0.05300000
v 0.00170000 0.02500000 0.05434000
v 0.00170000 0.02500000 0.05434000
v 0.00147200 0.02585000 0.05300000
v 0.00147200 0.02585000 0.05300000
v 0.00147200 0.02585000 0.05434000
v 0.00147200 0.02585000 0.05300000
v 0.00147200 0.02585000 0.05434000
v 0.00147200 0.02585000 0.05434000
v 0.00085000 0.02647200 0.05300000
v 0.00085000 0.02647200 0.05300000
v 0.00085000 0.02647200 0.05434000
v 0.00085000 0.02647200 0.05300000
v 0.00085000 0.02647200 0.05434000
v 0.00085000 0.02647200 0.05434000
v -0.00000000 0.02670000 0.05300000
v -0.00000000 0.02670000 0.05300000
v -0.00000000 0.02670000 0.05434000
v -0.00085000 0.02647200 0.05434000
v -0.00168000 0.02791000 0.05600000
v -0.00147200 0.02585000 0.05434000
v -0.00291000 0.02668000 0.05600000
v -0.00170000 0.02500000 0.05434000
v -0.00336000 0.02500000 0.05600000
v -0.00147200 0.02415000 0.05434000
v -0.00291000 0.02332000 0.05600000
v -0.00085000 0.02352800 0.05434000
v -0.00168000 0.02209000 0.05600000
v -0.00000000 0.02330000 0.05434000
v -0.00000000 0.02164000 0.05600000
v 0.00085000 0.02352800 0.05434000
v 0.00168000 0.02209000 0.05600000
v 0.00147200 0.02415000 0.05434000
v 0.00291000 0.02332000 0.05600000
v 0.00170000 0.02500000 0.05434000
v 0.00336000 0.02500000 0.05600000
v 0.00147200 0.02585000 0.05434000
v 0.00291000 0.02668000 0.05600000
v 0.00085000 0.02647200 0.05434000
v 0.00168000 0.02791000 0.05600000
v -0.00000000 0.02670000 0.05434000
v -0.00000000 0.02836000 0.05600000
v -0.02165100 0.01420000 0.05300000
v -0.02165100 0.01420000 0.05434000
v -0.02165100 0.01420000 0.05434000
v -0.02250100 0.01397200 0.05300000
v -0.02250100 0.01397200 0.05300000
v -0.02250100 0.01397200 0.05434000
v -0.02250100 0.01397200 0.05300000
v -0.02250100 0.01397200 0.05434000
v -0.02250100 0.01397200 0.05434000
v -0.02312300 0.01335000 0.05300000
v -0.02312300 0.01335000 0.05300000
v -0.02312300 0.01335000 0.05434000
v -0.02312300 0.01335000 0.05300000
v -0.02312300 0.01335000 0.05434000
v -0.02312300 0.01335000 0.05434000
v -0.02335100 0.01250000 0.05300000
v -0.02335100 0.01250000 0.05300000
v -0.02335100 0.01250000 0.05434000
v -0.02335100 0.01250000 0.05300000
v -0.02335100 0.01250000 0.05434000
v -0.02312300 0.01165000 0.05300000
v -0.02312300 0.01165000 0.05434000
v -0.02312300 0.01165000 0.05300000
v -0.02312300 0.01165000 0.05434000
v -0.02312300 0.01165000 0.05434000
v -0.02250100 0.01102800 0.05300000
v -0.02250100 0.01102800 0.05300000
v -0.02250100 0.01102800 0.05434000
v -0.02250100 0.01102800 0.05300000
v -0.02250100 0.01102800 0.05434000
v -0.02250100 0.01102800 0.05434000
v -0.02165100 0.01080000 0.05300000
v -0.02165100 0.01080000 0.05300000
v -0.02165100 0.01080000 0.05434000
v -0.02165100 0.01080000 0.05300000
v -0.02165100 0.01080000 0.05434000
v -0.02165100 0.01080000 0.05434000
v -0.02080100 0.01102800 0.05300000
v -0.02080100 0.01102800 0.05300000
v -0.02080100 0.01102800 0.05434000
v -0.02080100 0.01102800 0.05300000
v -0.02080100 0.01102800 0.05434000
v -0.02080100 0.01102800 0.05434000
v -0.02017800 0.01165000 0.05300000
v -0.02017800 0.01165000 0.05300000
v -0.02017800 0.01165000 0.05434000
v -0.02017800 0.01165000 0.05300000
v -0.02017800 0.01165000 0.05434000
v -0.02017800 0.01165000 0.05434000
v -0.01995100 0.01250000 0.05300000
v -0.01995100 0.01250000 0.05300000
v -0.01995100 0.01250000 0.05434000
v -0.01995100 0.01250000 0.05300000
v -0.01995100 0.01250000 0.05434000
v -0.01995100 0.01250000 0.05434000
v -0.02017800 0.01335000 0.05300000
v -0.02017800 0.01335000 0.05300000
v -0.02017800 0.01335000 0.05434000
v -0.02017800 0.01335000 0.05300000
v -0.02017800 0.01335000 0.05434000
v -0.02017800 0.01335000 0.05434000
v -0.02080100 0.01397200 0.05300000
v -0.02080100 0.01397200 0.05300000
v -0.02080100 0.01397200 0.05434000
v -0.02080100 0.01397200 0.05300000
v -0.02080100 0.01397200 0.05434000
v -0.02080100 0.01397200 0.05434000
v -0.02165100 0.01420000 0.05300000
v -0.02165100 0.01420000 0.05300000
v -0.02165100 0.01420000 0.05434000
v -0.02250100 0.01397200 0.05434000
v -0.02333100 0.01541000 0.05600000
v -0.02312300 0.01335000 0.05434000
v -0.02456000 0.01418000 0.05600000
v -0.02335100 0.01250000 0.05434000
v -0.02501100 0.01250000 0.05600000
v -0.02312300 0.01165000 0.05434000
v -0.02456000 0.01082000 0.05600000
v -0.02250100 0.01102800 0.05434000
v -0.02333100 0.00959000 0.05600000
v -0.02165100 0.01080000 0.05434000
v -0.02165100 0.01080000 0.05434000
v -0.02165100 0.00914000 0.05600000
v -0.02165100 0.00914000 0.05600000
v -0.02080100 0.01102800 0.05434000
v -0.02080100 0.01102800 0.05434000
v -0.01997100 0.00959000 0.05600000
v -0.01997100 0.00959000 0.05600000
v -0.02017800 0.01165000 0.05434000
v -0.02017800 0.01165000 0.05434000
v -0.01874100 0.01082000 0.05600000
v -0.01874100 0.01082000 0.05600000
v -0.01995100 0.01250000 0.05434000
v -0.01829100 0.01250000 0.05600000
v -0.02017800 0.01335000 0.05434000
v -0.01874100 0.01418000 0.05600000
v -0.02080100 0.01397200 0.05434000
v -0.01997100 0.01541000 0.05600000
v -0.02165100 0.01420000 0.05434000
v -0.02165100 0.01586000 0.05600000
v -0.02165100 -0.01080000 0.05300000
v -0.02165100 -0.01080000 0.05434000
v -0.02165100 -0.01080000 0.05434000
v -0.02250100 -0.01102800 0.05300000
v -0.02250100 -0.01102800 0.05300000
v -0.02250100 -0.01102800 0.05434000
v -0.02250100 -0.01102800 0.05300000
v -0.02250100 -0.01102800 0.05434000
v -0.02250100 -0.01102800 0.05434000
v -0.02312300 -0.01165000 0.05300000
v -0.02312300 -0.01165000 0.05300000
v -0.02312300 -0.01165000 0.05434000
v -0.02312300 -0.01165000 0.05300000
v -0.02312300 -0.01165000 0.05434000
v -0.02312300 -0.01165000 0.05434000
v -0.02335100 -0.01250000 0.05300000
v -0.02335100 -0.01250000 0.05300000
v -0.02335100 -0.01250000 0.05434000
v -0.02335100 -0.01250000 0.05300000
v -0.02335100 -0.01250000 0.05434000
v -0.02335100 -0.01250000 0.05434000
v -0.02312300 -0.01335000 0.05300000
v -0.02312300 -0.01335000 0.05300000
v -0.02312300 -0.01335000 0.05434000
v -0.02312300 -0.01335000 0.05300000
v -0.02312300 -0.01335000 0.05434000
v -0.02312300 -0.01335000 0.05434000
v -0.02250100 -0.01397200 0.05300000
v -0.02250100 -0.01397200 0.05300000
v -0.02250100 -0.01397200 0.05434000
v -0.02250100 -0.01397200 0.05300000
v -0.02250100 -0.01397200 0.05434000
v -0.02250100 -0.01397200 0.05434000
v -0.02165100 -0.01420000 0.05300000
v -0.02165100 -0.01420000 0.05300000
v -0.02165100 -0.01420000 0.05434000
v -0.02165100 -0.01420000 0.05300000
v -0.02165100 -0.01420000 0.05434000
v -0.02165100 -0.01420000 0.05434000
v -0.02080100 -0.01397200 0.05300000
v -0.02080100 -0.01397200 0.05300000
v -0.02080100 -0.01397200 0.05434000
v -0.02080100 -0.01397200 0.05300000
v -0.02080100 -0.01397200 0.05434000
v -0.02080100 -0.01397200 0.05434000
v -0.02017800 -0.01335000 0.05300000
v -0.02017800 -0.01335000 0.05300000
v -0.02017800 -0.01335000 0.05434000
v -0.02017800 -0.01335000 0.05300000
v -0.02017800 -0.01335000 0.05434000
v -0.02017800 -0.01335000 0.05434000
v -0.01995100 -0.01250000 0.05300000
v -0.01995100 -0.01250000 0.05300000
v -0.01995100 -0.01250000 0.05434000
v -0.01995100 -0.01250000 0.05300000
v -0.01995100 -0.01250000 0.05434000
v -0.02017800 -0.01165000 0.05300000
v -0.02017800 -0.01165000 0.05434000
v -0.02017800 -0.01165000 0.05300000
v -0.02017800 -0.01165000 0.05434000
v -0.02017800 -0.01165000 0.05434000
v -0.02080100 -0.01102800 0.05300000
v -0.02080100 -0.01102800 0.05300000
v -0.02080100 -0.01102800 0.05434000
v -0.02080100 -0.01102800 0.05300000
v -0.02080100 -0.01102800 0.05434000
v -0.02080100 -0.01102800 0.05434000
v -0.02165100 -0.01080000 0.05300000
v -0.02165100 -0.01080000 0.05300000
v -0.02165100 -0.01080000 0.05434000
v -0.02250100 -0.01102800 0.05434000
v -0.02333100 -0.00959000 0.05600000
v -0.02312300 -0.01165000 0.05434000
v -0.02456000 -0.01082000 0.05600000
v -0.02335100 -0.01250000 0.05434000
v -0.02501100 -0.01250000 0.05600000
v -0.02312300 -0.01335000 0.05434000
v -0.02456000 -0.01418000 0.05600000
v -0.02250100 -0.01397200 0.05434000
v -0.02333100 -0.01541000 0.05600000
v -0.02165100 -0.01420000 0.05434000
v -0.02165100 -0.01586000 0.05600000
v -0.02080100 -0.01397200 0.05434000
v -0.01997100 -0.01541000 0.05600000
v -0.02017800 -0.01335000 0.05434000
v -0.01874100 -0.01418000 0.05600000
v -0.01995100 -0.01250000 0.05434000
v -0.01829100 -0.01250000 0.05600000
v -0.02017800 -0.01165000 0.05434000
v -0.01874100 -0.01082000 0.05600000
v -0.02080100 -0.01102800 0.05434000
v -0.01997100 -0.00959000 0.05600000
v -0.02165100 -0.01080000 0.05434000
v -0.02165100 -0.00914000 0.05600000
v 0.00000000 -0.02330000 0.05300000
v 0.00000000 -0.02330000 0.05434000
v 0.00000000 -0.02330000 0.05434000
v -0.00085000 -0.02352800 0.05300000
v -0.00085000 -0.02352800 0.05300000
v -0.00085000 -0.02352800 0.05434000
v -0.00085000 -0.02352800 0.05300000
v -0.00085000 -0.02352800 0.05434000
v -0.00085000 -0.02352800 0.05434000
v -0.00147200 -0.02415000 0.05300000
v -0.00147200 -0.02415000 0.05300000
v -0.00147200 -0.02415000 0.05434000
v -0.00147200 -0.02415000 0.05300000
v -0.00147200 -0.02415000 0.05434000
v -0.00147200 -0.02415000 0.05434000
v -0.00170000 -0.02500000 0.05300000
v -0.00170000 -0.02500000 0.05300000
v -0.00170000 -0.02500000 0.05434000
v -0.00170000 -0.02500000 0.05300000
v -0.00170000 -0.02500000 0.05434000
v -0.00170000 -0.02500000 0.05434000
v -0.00147200 -0.02585000 0.05300000
v -0.00147200 -0.02585000 0.05300000
v -0.00147200 -0.02585000 0.05434000
v -0.00147200 -0.02585000 0.05300000
v -0.00147200 -0.02585000 0.05434000
v -0.00147200 -0.02585000 0.05434000
v -0.00085000 -0.02647200 0.05300000
v -0.00085000 -0.02647200 0.05300000
v -0.00085000 -0.02647200 0.05434000
v -0.00085000 -0.02647200 0.05300000
v -0.00085000 -0.02647200 0.05434000
v -0.00085000 -0.02647200 0.05434000
v 0.00000000 -0.02670000 0.05300000
v 0.00000000 -0.02670000 0.05300000
v 0.00000000 -0.02670000 0.05434000
v 0.00000000 -0.02670000 0.05300000
v 0.00000000 -0.02670000 0.05434000
v 0.00000000 -0.02670000 0.05434000
v 0.00085000 -0.02647200 0.05300000
v 0.00085000 -0.02647200 0.05300000
v 0.00085000 -0.02647200 0.05434000
v 0.00085000 -0.02647200 0.05300000
v 0.00085000 -0.02647200 0.05434000
v 0.00085000 -0.02647200 0.05434000
v 0.00147200 -0.02585000 0.05300000
v 0.00147200 -0.02585000 0.05300000
v 0.00147200 -0.02585000 0.05434000
v 0.00147200 -0.02585000 0.05300000
v 0.00147200 -0.02585000 0.05434000
v 0.00147200 -0.02585000 0.05434000
v 0.00170000 -0.02500000 0.05300000
v 0.00170000 -0.02500000 0.05300000
v 0.00170000 -0.02500000 0.05434000
v 0.00170000 -0.02500000 0.05300000
v 0.00170000 -0.02500000 0.05434000
v 0.00170000 -0.02500000 0.05434000
v 0.00147200 -0.02415000 0.05300000
v 0.00147200 -0.02415000 0.05300000
v 0.00147200 -0.02415000 0.05434000
v 0.00147200 -0.02415000 0.05300000
v 0.00147200 -0.02415000 0.05434000
v 0.00147200 -0.02415000 0.05434000
v 0.00085000 -0.02352800 0.05300000
v 0.00085000 -0.02352800 0.05300000
v 0.00085000 -0.02352800 0.05434000
v 0.00085000 -0.02352800 0.05300000
v 0.00085000 -0.02352800 0.05434000
v 0.00085000 -0.02352800 0.05434000
v 0.00000000 -0.02330000 0.05300000
v 0.00000000 -0.02330000 0.05300000
v 0.00000000 -0.02330000 0.05434000
v -0.00085000 -0.02352800 0.05434000
v -0.00168000 -0.02209000 0.05600000
v -0.00147200 -0.02415000 0.05434000
v -0.00291000 -0.02332000 0.05600000
v -0.00170000 -0.02500000 0.05434000
v -0.00170000 -0.02500000 0.05434000
v -0.00336000 -0.02500000 0.05600000
v -0.00336000 -0.02500000 0.05600000
v -0.00147200 -0.02585000 0.05434000
v -0.00291000 -0.02668000 0.05600000
v -0.00085000 -0.02647200 0.05434000
v -0.00168000 -0.02791000 0.05600000
v 0.00000000 -0.02670000 0.05434000
v 0.00000000 -0.02836000 0.05600000
v 0.00085000 -0.02647200 0.05434000
v 0.00168000 -0.02791000 0.05600000
v 0.00147200 -0.02585000 0.05434000
v 0.00291000 -0.02668000 0.05600000
v 0.00170000 -0.02500000 0.05434000
v 0.00336000 -0.02500000 0.05600000
v 0.00147200 -0.02415000 0.05434000
v 0.00291000 -0.02332000 0.05600000
v 0.00085000 -0.02352800 0.05434000
v 0.00168000 -0.02209000 0.05600000
v 0.00000000 -0.02330000 0.05434000
v 0.00000000 -0.02164000 0.05600000
v -0.02748600 0.01367700 0.04820000
v -0.02748600 0.01367700 0.05450000
v -0.01298400 0.05375500 0.04820000
v -0.01298400 0.05375500 0.04820000
v -0.02748600 0.01367700 0.05450000
v -0.01298400 0.05375500 0.05450000
v -0.01000000 0.07100000 0.06700000
v -0.01000000 0.07100000 0.04820000
v -0.01000000 0.07076800 0.05450000
v -0.01000000 0.07076800 0.04820000
v -0.01000000 0.06500000 0.06700000
v -0.01000000 0.06500000 0.05900000
v -0.01000000 0.07076800 0.05450000
v -0.01000000 0.06489300 0.05787500
v -0.01000000 0.07072900 0.05451500
v -0.01000000 0.06458500 0.05680600
v 0.00350000 0.07200000 0.06700000
v 0.00900000 0.07200000 0.06700000
v 0.00350000 0.07200000 0.06200000
v 0.00900000 0.07200000 0.04820000
v -0.00350000 0.07200000 0.06200000
v -0.00900000 0.07200000 0.04820000
v -0.00350000 0.07200000 0.06700000
v -0.00900000 0.07200000 0.06700000
v 0.01000000 0.07076800 0.04820000
v 0.01000000 0.07100000 0.04820000
v 0.01000000 0.07076800 0.05450000
v 0.01000000 0.07100000 0.06700000
v 0.01000000 0.06500000 0.06700000
v 0.01000000 0.06458500 0.05680600
v 0.01000000 0.07072900 0.05451500
v 0.01000000 0.06489400 0.05787500
v 0.01000000 0.06500000 0.05900000
v 0.01298400 0.05375500 0.04820000
v 0.01298400 0.05375500 0.05450000
v 0.01298400 -0.05375500 0.04820000
v 0.01298400 -0.05375500 0.05450000
v 0.01000000 -0.07100000 0.06700000
v 0.01000000 -0.07100000 0.04820000
v 0.01000000 -0.07076800 0.05450000
v 0.01000000 -0.07076800 0.04820000
v 0.01000000 -0.06500000 0.06700000
v 0.01000000 -0.06500000 0.05900000
v 0.01000000 -0.07076800 0.05450000
v 0.01000000 -0.06489300 0.05787500
v 0.01000000 -0.07072900 0.05451500
v 0.01000000 -0.06458500 0.05680600
v -0.00350000 -0.07200000 0.06700000
v -0.00900000 -0.07200000 0.06700000
v -0.00350000 -0.07200000 0.06200000
v -0.00900000 -0.07200000 0.04820000
v -0.00900000 -0.07200000 0.04820000
v 0.00350000 -0.07200000 0.06200000
v 0.00900000 -0.07200000 0.04820000
v 0.00350000 -0.07200000 0.06700000
v 0.00900000 -0.07200000 0.06700000
v -0.01000000 -0.07076800 0.04820000
v -0.01000000 -0.07100000 0.04820000
v -0.01000000 -0.07076800 0.05450000
v -0.01000000 -0.07100000 0.06700000
v -0.01000000 -0.06500000 0.06700000
v -0.01000000 -0.06458500 0.05680600
v -0.01000000 -0.07072900 0.05451500
v -0.01000000 -0.06489400 0.05787500
v -0.01000000 -0.06500000 0.05900000
v -0.01298400 -0.05375500 0.04820000
v -0.01298400 -0.05375500 0.05450000
v -0.02748600 -0.01367700 0.04820000
v -0.02748600 -0.01367700 0.05450000
v -0.00562500 -0.06200000 0.06200000
v -0.00550000 -0.06200000 0.06200000
v -0.00550000 -0.06200000 0.05987200
v -0.00700000 -0.06200000 0.06700000
v -0.00562500 -0.06200000 0.06700000
v -0.00562500 -0.06200000 0.06700000
v -0.00700000 -0.06200000 0.06100000
v -0.00698900 -0.06200000 0.06099100
v -0.00562500 0.06200000 0.06200000
v -0.00562500 0.06200000 0.06700000
v -0.00700000 0.06200000 0.06700000
v -0.00550000 0.06200000 0.05987200
v -0.00550000 0.06200000 0.06200000
v -0.00698900 0.06200000 0.06099100
v -0.00700000 0.06200000 0.06100000
v -0.00000000 0.06860000 0.05300000
v -0.00000000 0.06860000 0.06200000
v -0.00000000 0.06860000 0.06200000
v -0.00055000 0.06845300 0.05300000
v -0.00055000 0.06845300 0.05300000
v -0.00055000 0.06845300 0.06200000
v -0.00055000 0.06845300 0.05300000
v -0.00055000 0.06845300 0.06200000
v -0.00055000 0.06845300 0.06200000
v -0.00095300 0.06805000 0.05300000
v -0.00095300 0.06805000 0.05300000
v -0.00095300 0.06805000 0.06200000
v -0.00095300 0.06805000 0.05300000
v -0.00095300 0.06805000 0.06200000
v -0.00095300 0.06805000 0.06200000
v -0.00110000 0.06750000 0.05300000
v -0.00110000 0.06750000 0.05300000
v -0.00110000 0.06750000 0.06200000
v -0.00110000 0.06750000 0.05300000
v -0.00110000 0.06750000 0.06200000
v -0.00110000 0.06750000 0.06200000
v -0.00095300 0.06695000 0.05300000
v -0.00095300 0.06695000 0.05300000
v -0.00095300 0.06695000 0.06200000
v -0.00095300 0.06695000 0.05300000
v -0.00095300 0.06695000 0.06200000
v -0.00095300 0.06695000 0.06200000
v -0.00055000 0.06654700 0.05300000
v -0.00055000 0.06654700 0.05300000
v -0.00055000 0.06654700 0.06200000
v -0.00055000 0.06654700 0.05300000
v -0.00055000 0.06654700 0.06200000
v -0.00055000 0.06654700 0.06200000
v -0.00000000 0.06640000 0.05300000
v -0.00000000 0.06640000 0.05300000
v -0.00000000 0.06640000 0.06200000
v -0.00000000 0.06640000 0.05300000
v -0.00000000 0.06640000 0.06200000
v -0.00000000 0.06640000 0.06200000
v 0.00055000 0.06654700 0.05300000
v 0.00055000 0.06654700 0.05300000
v 0.00055000 0.06654700 0.06200000
v 0.00055000 0.06654700 0.05300000
v 0.00055000 0.06654700 0.06200000
v 0.00055000 0.06654700 0.06200000
v 0.00095300 0.06695000 0.05300000
v 0.00095300 0.06695000 0.05300000
v 0.00095300 0.06695000 0.06200000
v 0.00095300 0.06695000 0.05300000
v 0.00095300 0.06695000 0.06200000
v 0.00095300 0.06695000 0.06200000
v 0.00110000 0.06750000 0.05300000
v 0.00110000 0.06750000 0.05300000
v 0.00110000 0.06750000 0.06200000
v 0.00110000 0.06750000 0.05300000
v 0.00110000 0.06750000 0.06200000
v 0.00110000 0.06750000 0.06200000
v 0.00095300 0.06805000 0.05300000
v 0.00095300 0.06805000 0.05300000
v 0.00095300 0.06805000 0.06200000
v 0.00095300 0.06805000 0.05300000
v 0.00095300 0.06805000 0.06200000
v 0.00095300 0.06805000 0.06200000
v 0.00055000 0.06845300 0.05300000
v 0.00055000 0.06845300 0.05300000
v 0.00055000 0.06845300 0.06200000
v 0.00055000 0.06845300 0.05300000
v 0.00055000 0.06845300 0.06200000
v 0.00055000 0.06845300 0.06200000
v -0.00000000 0.06860000 0.05300000
v -0.00000000 0.06860000 0.05300000
v -0.00000000 0.06860000 0.06200000
v 0.00000000 -0.06640000 0.05300000
v 0.00000000 -0.06640000 0.06200000
v 0.00000000 -0.06640000 0.06200000
v -0.00055000 -0.06654700 0.05300000
v -0.00055000 -0.06654700 0.05300000
v -0.00055000 -0.06654700 0.06200000
v -0.00055000 -0.06654700 0.05300000
v -0.00055000 -0.06654700 0.06200000
v -0.00055000 -0.06654700 0.06200000
v -0.00095300 -0.06695000 0.05300000
v -0.00095300 -0.06695000 0.05300000
v -0.00095300 -0.06695000 0.06200000
v -0.00095300 -0.06695000 0.05300000
v -0.00095300 -0.06695000 0.06200000
v -0.00095300 -0.06695000 0.06200000
v -0.00110000 -0.06750000 0.05300000
v -0.00110000 -0.06750000 0.05300000
v -0.00110000 -0.06750000 0.06200000
v -0.00110000 -0.06750000 0.05300000
v -0.00110000 -0.06750000 0.06200000
v -0.00110000 -0.06750000 0.06200000
v -0.00095300 -0.06805000 0.05300000
v -0.00095300 -0.06805000 0.05300000
v -0.00095300 -0.06805000 0.06200000
v -0.00095300 -0.06805000 0.05300000
v -0.00095300 -0.06805000 0.06200000
v -0.00095300 -0.06805000 0.06200000
v -0.00055000 -0.06845300 0.05300000
v -0.00055000 -0.06845300 0.05300000
v -0.00055000 -0.06845300 0.06200000
v -0.00055000 -0.06845300 0.05300000
v -0.00055000 -0.06845300 0.06200000
v -0.00055000 -0.06845300 0.06200000
v 0.00000000 -0.06860000 0.05300000
v 0.00000000 -0.06860000 0.05300000
v 0.00000000 -0.06860000 0.06200000
v 0.00000000 -0.06860000 0.05300000
v 0.00000000 -0.06860000 0.06200000
v 0.00000000 -0.06860000 0.06200000
v 0.00055000 -0.06845300 0.05300000
v 0.00055000 -0.06845300 0.05300000
v 0.00055000 -0.06845300 0.06200000
v 0.00055000 -0.06845300 0.05300000
v 0.00055000 -0.06845300 0.06200000
v 0.00055000 -0.06845300 0.06200000
v 0.00095300 -0.06805000 0.05300000
v 0.00095300 -0.06805000 0.05300000
v 0.00095300 -0.06805000 0.06200000
v 0.00095300 -0.06805000 0.05300000
v 0.00095300 -0.06805000 0.06200000
v 0.00095300 -0.06805000 0.06200000
v 0.00110000 -0.06750000 0.05300000
v 0.00110000 -0.06750000 0.05300000
v 0.00110000 -0.06750000 0.06200000
v 0.00110000 -0.06750000 0.05300000
v 0.00110000 -0.06750000 0.06200000
v 0.00110000 -0.06750000 0.06200000
v 0.00095300 -0.06695000 0.05300000
v 0.00095300 -0.06695000 0.05300000
v 0.00095300 -0.06695000 0.06200000
v 0.00095300 -0.06695000 0.05300000
v 0.00095300 -0.06695000 0.06200000
v 0.00095300 -0.06695000 0.06200000
v 0.00055000 -0.06654700 0.05300000
v 0.00055000 -0.06654700 0.05300000
v 0.00055000 -0.06654700 0.06200000
v 0.00055000 -0.06654700 0.05300000
v 0.00055000 -0.06654700 0.06200000
v 0.00055000 -0.06654700 0.06200000
v 0.00000000 -0.06640000 0.05300000
v 0.00000000 -0.06640000 0.05300000
v 0.00000000 -0.06640000 0.06200000
v 0.00350000 -0.06216700 0.06200000
v 0.00350000 -0.07200000 0.06200000
v 0.00350000 -0.06216700 0.06700000
v 0.00350000 -0.07200000 0.06700000
v 0.00562500 -0.06200000 0.06700000
v 0.00350000 -0.06216700 0.06700000
v 0.00350000 -0.07200000 0.06700000
v 0.00350000 -0.07200000 0.06700000
v 0.00700000 -0.06200000 0.06700000
v 0.00700000 -0.06200000 0.06700000
v 0.00970700 -0.07170700 0.06700000
v 0.00992400 -0.07138300 0.06700000
v 0.00992400 -0.07138300 0.06700000
v 0.00938300 -0.07192400 0.06700000
v 0.00938300 -0.07192400 0.06700000
v 0.01000000 -0.07100000 0.06700000
v 0.01000000 -0.07100000 0.06700000
v 0.00900000 -0.07200000 0.06700000
v 0.00350000 -0.07200000 0.06700000
v 0.00850000 -0.06240200 0.06700000
v 0.00959800 -0.06350000 0.06700000
v 0.00959800 -0.06350000 0.06700000
v 0.01000000 -0.06500000 0.06700000
v -0.00350000 -0.06216700 0.06700000
v -0.00350000 -0.07200000 0.06700000
v -0.00350000 -0.06216700 0.06200000
v -0.00350000 -0.07200000 0.06200000
v -0.00350000 -0.07200000 0.06700000
v -0.00350000 -0.07200000 0.06700000
v -0.00350000 -0.07200000 0.06700000
v -0.00350000 -0.06216700 0.06700000
v -0.00562500 -0.06200000 0.06700000
v -0.00700000 -0.06200000 0.06700000
v -0.00700000 -0.06200000 0.06700000
v -0.00814800 -0.06222800 0.06700000
v -0.00814800 -0.06222800 0.06700000
v -0.00912100 -0.06287900 0.06700000
v -0.00912100 -0.06287900 0.06700000
v -0.01000000 -0.07100000 0.06700000
v -0.00986600 -0.07150000 0.06700000
v -0.00950000 -0.07186600 0.06700000
v -0.00900000 -0.07200000 0.06700000
v -0.01000000 -0.07100000 0.06700000
v -0.01000000 -0.06500000 0.06700000
v -0.00977200 -0.06385200 0.06700000
v -0.00350000 0.06216700 0.06200000
v -0.00350000 0.07200000 0.06200000
v -0.00350000 0.06216700 0.06700000
v -0.00350000 0.07200000 0.06700000
v -0.00562500 0.06200000 0.06700000
v -0.00350000 0.06216700 0.06700000
v -0.00350000 0.07200000 0.06700000
v -0.01000000 0.06500000 0.06700000
v -0.01000000 0.06500000 0.06700000
v -0.00959800 0.06350000 0.06700000
v -0.00850000 0.06240200 0.06700000
v -0.00850000 0.06240200 0.06700000
v -0.00850000 0.06240200 0.06700000
v -0.00992400 0.07138300 0.06700000
v -0.01000000 0.07100000 0.06700000
v -0.00970700 0.07170700 0.06700000
v -0.00970700 0.07170700 0.06700000
v -0.00900000 0.07200000 0.06700000
v -0.00900000 0.07200000 0.06700000
v -0.00900000 0.07200000 0.06700000
v -0.00938300 0.07192400 0.06700000
v -0.00700000 0.06200000 0.06700000
v -0.00700000 0.06200000 0.06700000
v 0.00350000 0.06216700 0.06700000
v 0.00350000 0.07200000 0.06700000
v 0.00350000 0.06216700 0.06200000
v 0.00350000 0.07200000 0.06200000
v 0.00350000 0.07200000 0.06700000
v 0.00350000 0.07200000 0.06700000
v 0.00350000 0.06216700 0.06700000
v 0.00562500 0.06200000 0.06700000
v 0.00562500 0.06200000 0.06700000
v 0.00562500 0.06200000 0.06700000
v 0.01000000 0.07100000 0.06700000
v 0.00986600 0.07150000 0.06700000
v 0.00950000 0.07186600 0.06700000
v 0.00700000 0.06200000 0.06700000
v 0.00700000 0.06200000 0.06700000
v 0.00814800 0.06222800 0.06700000
v 0.00814800 0.06222800 0.06700000
v 0.01000000 0.06500000 0.06700000
v 0.01000000 0.06500000 0.06700000
v 0.01000000 0.06500000 0.06700000
v 0.01000000 0.06500000 0.06700000
v 0.00912100 0.06287900 0.06700000
v 0.00977200 0.06385200 0.06700000
v 0.00900000 0.07200000 0.06700000
v 0.01000000 0.07100000 0.06700000
v -0.01132500 -0.05933200 0.05450000
v -0.01075100 -0.06213200 0.04820000
v -0.01075100 -0.06213200 0.04820000
v -0.01075100 -0.06213200 0.05450000
v -0.01032600 -0.06506300 0.05450000
v -0.01032600 -0.06506300 0.05450000
v 0.01032700 -0.06506300 0.05450000
v 0.01075100 -0.06213200 0.04820000
v 0.01075100 -0.06213200 0.05450000
v 0.01132500 -0.05933200 0.05450000
v 0.01132500 0.05933200 0.05450000
v 0.01075100 0.06213200 0.04820000
v 0.01075100 0.06213200 0.04820000
v 0.01075100 0.06213200 0.05450000
v 0.01032600 0.06506300 0.05450000
v 0.01032600 0.06506300 0.05450000
v -0.01032700 0.06506300 0.05450000
v -0.01075100 0.06213200 0.04820000
v -0.01075100 0.06213200 0.05450000
v -0.01132500 0.05933200 0.05450000
v 0.03030000 0.00000000 0.04800000
v 0.03030000 0.00000000 0.04800000
v 0.02950000 0.00000000 0.04800000
v 0.02950000 0.00000000 0.04800000
v 0.02950000 0.00000000 0.04800000
v 0.02950000 0.00000000 0.04800000
v 0.02950000 0.00000000 0.04800000
v 0.02984500 0.00523400 0.04800000
v 0.02984500 0.00523400 0.04800000
v 0.02984500 0.00523400 0.04800000
v 0.02984500 -0.00523400 0.04800000
v 0.02984500 -0.00523400 0.04800000
v 0.02984500 -0.00523400 0.04800000
v -0.02460800 0.02104300 0.04800000
v -0.02460800 0.02104300 0.04800000
v -0.02460800 0.01598000 0.04800000
v -0.02460800 0.01598000 0.04800000
v -0.02644000 0.01598000 0.04800000
v -0.02729800 0.01360900 0.04800000
v -0.02243900 -0.01789400 0.04800000
v -0.02243900 -0.01789400 0.04800000
v -0.02460800 -0.01598000 0.04800000
v -0.02460800 -0.01598000 0.04800000
v -0.02460800 -0.01598000 0.04800000
v -0.02585800 -0.01245200 0.04800000
v -0.02585800 -0.01245200 0.04800000
v -0.02585800 -0.01245200 0.04800000
v -0.02585800 -0.01245200 0.04800000
v -0.01930200 -0.02487000 0.04800000
v -0.02243900 -0.01789400 0.04800000
v -0.01831400 -0.02472000 0.04800000
v -0.01789400 -0.02243900 0.04800000
v -0.01737700 -0.02506600 0.04800000
v -0.01245200 -0.02585800 0.04800000
v -0.01245200 -0.02585800 0.04800000
v -0.01245200 -0.02585800 0.04800000
v -0.02009300 -0.02547900 0.04800000
v -0.02009300 -0.02547900 0.04800000
v -0.02049200 -0.02639500 0.04800000
v -0.02049200 -0.02639500 0.04800000
v -0.02460800 -0.02104300 0.04800000
v -0.02460800 -0.02104300 0.04800000
v -0.02460800 -0.02104300 0.04800000
v -0.02460800 -0.02104300 0.04800000
v -0.02039700 -0.02739000 0.04800000
v -0.02039700 -0.02739000 0.04800000
v -0.02039700 -0.02739000 0.04800000
v -0.01648300 -0.04349500 0.04800000
v -0.01648300 -0.04349500 0.04800000
v -0.01648300 -0.04349500 0.04800000
v -0.01450200 -0.04368000 0.04800000
v -0.01450200 -0.04368000 0.04800000
v -0.01450200 -0.04368000 0.04800000
v -0.01557700 -0.04600000 0.04800000
v -0.01557700 -0.04600000 0.04800000
v -0.01557700 -0.04600000 0.04800000
v -0.01557700 -0.04600000 0.04800000
v -0.01557700 -0.04600000 0.04800000
v -0.01557700 -0.04600000 0.04800000
v -0.01557700 -0.04600000 0.04800000
v -0.01407800 -0.04437100 0.04800000
v -0.01407800 -0.04437100 0.04800000
v -0.01341500 -0.04483600 0.04800000
v -0.01341500 -0.04483600 0.04800000
v 0.00000000 -0.04600000 0.04800000
v 0.00000000 -0.04600000 0.04800000
v 0.00000000 -0.04600000 0.04800000
v 0.00000000 -0.04600000 0.04800000
v 0.00000000 -0.04600000 0.04800000
v 0.00000000 -0.04600000 0.04800000
v 0.00000000 -0.04600000 0.04800000
v 0.00000000 -0.04600000 0.04800000
v 0.00000000 -0.04600000 0.04800000
v 0.00000000 -0.04600000 0.04800000
v 0.00000000 -0.04600000 0.04800000
v 0.00000000 -0.04600000 0.04800000
v 0.00000000 -0.04600000 0.04800000
v 0.00000000 -0.04600000 0.04800000
v -0.00176800 -0.04400000 0.04800000
v -0.00176800 -0.04400000 0.04800000
v -0.00150000 -0.04300000 0.04800000
v -0.00150000 -0.04300000 0.04800000
v -0.00173300 -0.03137400 0.04800000
v -0.00173300 -0.03137400 0.04800000
v -0.00237800 -0.03065500 0.04800000
v -0.00237800 -0.03065500 0.04800000
v 0.00000000 -0.02870000 0.04800000
v 0.00000000 -0.02870000 0.04800000
v 0.00000000 -0.02870000 0.04800000
v 0.00000000 -0.02870000 0.04800000
v 0.00000000 -0.02870000 0.04800000
v -0.00328500 -0.03032300 0.04800000
v -0.00328500 -0.03032300 0.04800000
v -0.00328500 -0.03032300 0.04800000
v -0.00638600 -0.02798000 0.04800000
v -0.00638600 -0.02798000 0.04800000
v -0.00638600 -0.02798000 0.04800000
v -0.00825300 -0.02936200 0.04800000
v -0.00825300 -0.02936200 0.04800000
v -0.00825300 -0.02936200 0.04800000
v -0.01299400 -0.02759400 0.04800000
v -0.01299400 -0.02759400 0.04800000
v -0.00150000 -0.03231100 0.04800000
v -0.00150000 -0.03231100 0.04800000
v -0.01262200 -0.04500000 0.04800000
v -0.00350000 -0.04500000 0.04800000
v -0.00350000 -0.04500000 0.04800000
v -0.00250000 -0.04473200 0.04800000
v -0.00250000 -0.04473200 0.04800000
v 0.01341500 -0.04483600 0.04800000
v 0.01341500 -0.04483600 0.04800000
v 0.01407800 -0.04437100 0.04800000
v 0.01407800 -0.04437100 0.04800000
v 0.01557700 -0.04600000 0.04800000
v 0.01557700 -0.04600000 0.04800000
v 0.01557700 -0.04600000 0.04800000
v 0.01557700 -0.04600000 0.04800000
v 0.01557700 -0.04600000 0.04800000
v 0.01557700 -0.04600000 0.04800000
v 0.01557700 -0.04600000 0.04800000
v 0.01789400 -0.02243900 0.04800000
v 0.01789400 -0.02243900 0.04800000
v 0.01789400 -0.02243900 0.04800000
v 0.01789400 -0.02243900 0.04800000
v 0.01737700 -0.02506600 0.04800000
v 0.01737700 -0.02506600 0.04800000
v 0.01245200 -0.02585800 0.04800000
v 0.01245200 -0.02585800 0.04800000
v 0.01299400 -0.02759400 0.04800000
v 0.00638600 -0.02798000 0.04800000
v 0.00825300 -0.02936200 0.04800000
v 0.00825300 -0.02936200 0.04800000
v 0.00000000 -0.02870000 0.04800000
v 0.00000000 -0.02870000 0.04800000
v 0.00000000 -0.02870000 0.04800000
v 0.00328500 -0.03032300 0.04800000
v 0.00328500 -0.03032300 0.04800000
v 0.00237800 -0.03065500 0.04800000
v 0.00237800 -0.03065500 0.04800000
v 0.01648300 -0.04349500 0.04800000
v 0.01648300 -0.04349500 0.04800000
v 0.00165200 -0.04376500 0.04800000
v 0.00165200 -0.04376500 0.04800000
v 0.00208600 -0.04441400 0.04800000
v 0.00208600 -0.04441400 0.04800000
v 0.00173300 -0.03137400 0.04800000
v 0.00173300 -0.03137400 0.04800000
v 0.00150000 -0.03231100 0.04800000
v 0.00150000 -0.03231100 0.04800000
v 0.00150000 -0.04300000 0.04800000
v 0.00150000 -0.04300000 0.04800000
v 0.00273500 -0.04484800 0.04800000
v 0.00273500 -0.04484800 0.04800000
v 0.00350000 -0.04500000 0.04800000
v 0.00350000 -0.04500000 0.04800000
v 0.01262200 -0.04500000 0.04800000
v 0.01262200 -0.04500000 0.04800000
v 0.01450200 -0.04368000 0.04800000
v 0.01450200 -0.04368000 0.04800000
v 0.02039700 -0.02739000 0.04800000
v 0.02039700 -0.02739000 0.04800000
v 0.02039700 -0.02739000 0.04800000
v 0.02644000 -0.01598000 0.04800000
v 0.02644000 -0.01598000 0.04800000
v 0.02644000 -0.01598000 0.04800000
v 0.02049200 -0.02639500 0.04800000
v 0.02049200 -0.02639500 0.04800000
v 0.02009400 -0.02547900 0.04800000
v 0.02009400 -0.02547900 0.04800000
v 0.02243900 -0.01789400 0.04800000
v 0.02243900 -0.01789400 0.04800000
v 0.01930200 -0.02487000 0.04800000
v 0.01930200 -0.02487000 0.04800000
v 0.01930200 -0.02487000 0.04800000
v 0.01831400 -0.02472000 0.04800000
v 0.01831400 -0.02472000 0.04800000
v -0.02049200 0.02639500 0.04800000
v -0.02049200 0.02639500 0.04800000
v -0.02039700 0.02739000 0.04800000
v -0.02039700 0.02739000 0.04800000
v -0.01648300 0.04349500 0.04800000
v -0.01648300 0.04349500 0.04800000
v -0.01648300 0.04349500 0.04800000
v -0.01450200 0.04368000 0.04800000
v -0.01450200 0.04368000 0.04800000
v -0.01789400 0.02243900 0.04800000
v -0.02243900 0.01789400 0.04800000
v -0.02243900 0.01789400 0.04800000
v -0.01930200 0.02487000 0.04800000
v -0.01930200 0.02487000 0.04800000
v -0.02009400 0.02547900 0.04800000
v -0.02009400 0.02547900 0.04800000
v -0.01407800 0.04437100 0.04800000
v -0.01407800 0.04437100 0.04800000
v -0.01407800 0.04437100 0.04800000
v -0.01557700 0.04600000 0.04800000
v -0.01557700 0.04600000 0.04800000
v -0.01557700 0.04600000 0.04800000
v -0.01557700 0.04600000 0.04800000
v -0.01557700 0.04600000 0.04800000
v -0.01557700 0.04600000 0.04800000
v -0.01557700 0.04600000 0.04800000
v -0.01557700 0.04600000 0.04800000
v -0.01557700 0.04600000 0.04800000
v -0.01341500 0.04483600 0.04800000
v -0.01341500 0.04483600 0.04800000
v -0.00165200 0.04376500 0.04800000
v -0.00165200 0.04376500 0.04800000
v -0.00208600 0.04441400 0.04800000
v -0.00208600 0.04441400 0.04800000
v -0.00000000 0.04600000 0.04800000
v -0.00000000 0.04600000 0.04800000
v -0.00000000 0.04600000 0.04800000
v -0.00000000 0.04600000 0.04800000
v -0.00000000 0.04600000 0.04800000
v -0.00000000 0.04600000 0.04800000
v -0.00000000 0.04600000 0.04800000
v -0.00000000 0.04600000 0.04800000
v -0.00000000 0.04600000 0.04800000
v -0.00000000 0.04600000 0.04800000
v -0.00000000 0.04600000 0.04800000
v -0.00000000 0.04600000 0.04800000
v -0.00000000 0.04600000 0.04800000
v -0.00000000 0.04600000 0.04800000
v -0.01831400 0.02472000 0.04800000
v -0.01831400 0.02472000 0.04800000
v -0.01789400 0.02243900 0.04800000
v -0.01789400 0.02243900 0.04800000
v -0.01789400 0.02243900 0.04800000
v -0.01737700 0.02506600 0.04800000
v -0.01737700 0.02506600 0.04800000
v -0.01245200 0.02585800 0.04800000
v -0.01245200 0.02585800 0.04800000
v -0.01299400 0.02759400 0.04800000
v -0.00638600 0.02798000 0.04800000
v -0.00825300 0.02936200 0.04800000
v -0.00825300 0.02936200 0.04800000
v -0.00000000 0.02870000 0.04800000
v -0.00000000 0.02870000 0.04800000
v -0.00000000 0.02870000 0.04800000
v -0.00328500 0.03032300 0.04800000
v -0.00328500 0.03032300 0.04800000
v -0.00237800 0.03065500 0.04800000
v -0.00237800 0.03065500 0.04800000
v -0.00173300 0.03137400 0.04800000
v -0.00173300 0.03137400 0.04800000
v -0.00000000 0.02870000 0.04800000
v -0.00000000 0.02870000 0.04800000
v -0.00000000 0.02870000 0.04800000
v -0.00000000 0.02870000 0.04800000
v -0.00000000 0.02870000 0.04800000
v -0.00150000 0.03231100 0.04800000
v -0.00150000 0.03231100 0.04800000
v -0.00150000 0.04300000 0.04800000
v -0.00150000 0.04300000 0.04800000
v -0.00273500 0.04484800 0.04800000
v -0.00273500 0.04484800 0.04800000
v -0.00350000 0.04500000 0.04800000
v -0.00350000 0.04500000 0.04800000
v -0.01262200 0.04500000 0.04800000
v -0.01262200 0.04500000 0.04800000
v 0.01930200 0.02487000 0.04800000
v 0.01930200 0.02487000 0.04800000
v 0.02009300 0.02547900 0.04800000
v 0.02644000 0.01598000 0.04800000
v 0.02644000 0.01598000 0.04800000
v 0.02644000 0.01598000 0.04800000
v 0.01245200 0.02585800 0.04800000
v 0.01245200 0.02585800 0.04800000
v 0.01245200 0.02585800 0.04800000
v 0.01245200 0.02585800 0.04800000
v 0.01737700 0.02506600 0.04800000
v 0.01737700 0.02506600 0.04800000
v 0.01789400 0.02243900 0.04800000
v 0.01789400 0.02243900 0.04800000
v 0.01831400 0.02472000 0.04800000
v 0.02243900 0.01789400 0.04800000
v 0.02049200 0.02639500 0.04800000
v 0.02049200 0.02639500 0.04800000
v 0.02644000 0.01598000 0.04800000
v 0.02644000 0.01598000 0.04800000
v 0.02644000 0.01598000 0.04800000
v 0.02039700 0.02739000 0.04800000
v 0.02039700 0.02739000 0.04800000
v 0.02039700 0.02739000 0.04800000
v 0.01648300 0.04349500 0.04800000
v 0.01648300 0.04349500 0.04800000
v 0.01648300 0.04349500 0.04800000
v 0.01450200 0.04368000 0.04800000
v 0.01450200 0.04368000 0.04800000
v 0.01450200 0.04368000 0.04800000
v 0.01557700 0.04600000 0.04800000
v 0.01557700 0.04600000 0.04800000
v 0.01557700 0.04600000 0.04800000
v 0.01557700 0.04600000 0.04800000
v 0.01557700 0.04600000 0.04800000
v 0.01557700 0.04600000 0.04800000
v 0.01557700 0.04600000 0.04800000
v 0.01407800 0.04437100 0.04800000
v 0.01407800 0.04437100 0.04800000
v 0.01341500 0.04483600 0.04800000
v 0.01341500 0.04483600 0.04800000
v 0.00176800 0.04400000 0.04800000
v 0.00176800 0.04400000 0.04800000
v 0.00150000 0.04300000 0.04800000
v 0.00150000 0.04300000 0.04800000
v 0.00173300 0.03137400 0.04800000
v 0.00173300 0.03137400 0.04800000
v 0.00237800 0.03065500 0.04800000
v 0.00237800 0.03065500 0.04800000
v 0.00328500 0.03032300 0.04800000
v 0.00328500 0.03032300 0.04800000
v 0.00328500 0.03032300 0.04800000
v 0.00638600 0.02798000 0.04800000
v 0.00638600 0.02798000 0.04800000
v 0.00638600 0.02798000 0.04800000
v 0.00825300 0.02936200 0.04800000
v 0.00825300 0.02936200 0.04800000
v 0.00825300 0.02936200 0.04800000
v 0.01299400 0.02759400 0.04800000
v 0.01299400 0.02759400 0.04800000
v 0.00150000 0.03231100 0.04800000
v 0.00150000 0.03231100 0.04800000
v 0.01262200 0.04500000 0.04800000
v 0.00350000 0.04500000 0.04800000
v 0.00350000 0.04500000 0.04800000
v 0.00250000 0.04473200 0.04800000
v 0.00250000 0.04473200 0.04800000
v -0.03172500 -0.00000000 0.04800000
v -0.03172500 -0.00000000 0.04800000
v -0.03172500 -0.00000000 0.04800000
v -0.03172500 -0.00000000 0.04800000
v -0.03172500 -0.00000000 0.04800000
v -0.03172500 -0.00000000 0.04800000
v -0.03172500 -0.00000000 0.04800000
v -0.03172500 -0.00000000 0.04800000
v -0.03172500 -0.00000000 0.04800000
v -0.03172500 -0.00000000 0.04800000
v -0.02870000 -0.00000000 0.04800000
v -0.02870000 -0.00000000 0.04800000
v -0.02798000 -0.00638600 0.04800000
v -0.02798000 -0.00638600 0.04800000
v -0.02798000 -0.00638600 0.04800000
v -0.02644000 -0.01598000 0.04800000
v -0.02644000 -0.01598000 0.04800000
v -0.02644000 -0.01598000 0.04800000
v -0.02729800 -0.01360900 0.04800000
v -0.02729800 -0.01360900 0.04800000
v -0.02729800 -0.01360900 0.04800000
v -0.02798000 0.00638600 0.04800000
v -0.02798000 0.00638600 0.04800000
v -0.02840100 0.01181400 0.04800000
v -0.02840100 0.01181400 0.04800000
v -0.02840100 0.01181400 0.04800000
v -0.02585800 0.01245200 0.04800000
v -0.02585800 0.01245200 0.04800000
v -0.02585800 0.01245200 0.04800000
v 0.02585800 -0.01245200 0.04800000
v 0.02243900 0.01789400 0.04800000
v 0.02243900 0.01789400 0.04800000
v 0.02243900 0.01789400 0.04800000
v 0.02585800 0.01245200 0.04800000
v 0.02585800 0.01245200 0.04800000
v 0.02585800 0.01245200 0.04800000
v 0.02849200 0.01031000 0.04800000
v 0.02849200 0.01031000 0.04800000
v 0.02798000 0.00638600 0.04800000
v 0.02798000 0.00638600 0.04800000
v 0.02870000 0.00000000 0.04800000
v 0.02870000 0.00000000 0.04800000
v 0.02870000 0.00000000 0.04800000
v 0.02798000 -0.00638600 0.04800000
v 0.02798000 -0.00638600 0.04800000
v 0.02798000 -0.00638600 0.04800000
v 0.02849200 -0.01031000 0.04800000
v -0.00969300 0.07140000 0.04800000
v -0.00969300 0.07140000 0.04800000
v -0.00969300 0.07140000 0.04800000
v -0.00969300 0.07140000 0.04800000
v -0.00940000 0.07169300 0.04800000
v -0.00900000 0.07180000 0.04800000
v -0.00176800 0.06976800 0.04800000
v -0.00176800 0.06976800 0.04800000
v -0.00250000 0.07050000 0.04800000
v -0.00250000 0.07050000 0.04800000
v -0.00000000 0.07128400 0.04800000
v -0.00000000 0.07128400 0.04800000
v -0.00000000 0.07128400 0.04800000
v -0.00350000 0.07076800 0.04800000
v -0.00350000 0.07076800 0.04800000
v -0.00350000 0.07076800 0.04800000
v -0.01243300 0.04873600 0.04800000
v -0.01243300 0.04873600 0.04800000
v -0.01208800 0.04785100 0.04800000
v -0.01208800 0.04785100 0.04800000
v -0.00250000 0.04726800 0.04800000
v -0.00250000 0.04726800 0.04800000
v -0.00176800 0.04800000 0.04800000
v -0.00176800 0.04800000 0.04800000
v -0.00150000 0.04900000 0.04800000
v -0.00150000 0.04900000 0.04800000
v -0.00150000 0.06876800 0.04800000
v -0.00150000 0.06876800 0.04800000
v -0.01137300 0.04722600 0.04800000
v -0.01137300 0.04722600 0.04800000
v -0.01045000 0.04700000 0.04800000
v -0.01045000 0.04700000 0.04800000
v -0.01045000 0.04700000 0.04800000
v -0.00350000 0.04700000 0.04800000
v -0.00350000 0.04700000 0.04800000
v -0.00603700 0.07076800 0.04800000
v -0.00603700 0.07076800 0.04800000
v -0.00701600 0.07051300 0.04800000
v -0.00701600 0.07051300 0.04800000
v -0.00701600 0.07051300 0.04800000
v -0.00980000 0.07100000 0.04800000
v -0.00980000 0.07100000 0.04800000
v -0.00980000 0.07100000 0.04800000
v -0.00774400 0.06981100 0.04800000
v -0.00774400 0.06981100 0.04800000
v -0.00774400 0.06981100 0.04800000
v -0.00980000 0.07076800 0.04800000
v -0.00980000 0.07076800 0.04800000
v -0.00803600 0.06884200 0.04800000
v -0.00803600 0.06884200 0.04800000
v -0.00803600 0.06884200 0.04800000
v -0.01055500 0.06209700 0.04800000
v -0.01055500 0.06209700 0.04800000
v -0.01055500 0.06209700 0.04800000
v -0.00895700 0.06083900 0.04800000
v -0.00895700 0.06083900 0.04800000
v -0.00895700 0.06083900 0.04800000
v -0.01279500 0.05368700 0.04800000
v -0.01279500 0.05368700 0.04800000
v -0.01110300 0.05307400 0.04800000
v -0.01110300 0.05307400 0.04800000
v -0.01233100 0.04968100 0.04800000
v -0.01233100 0.04968100 0.04800000
v -0.03012500 0.01060500 0.04800000
v -0.03012500 0.01060500 0.04800000
v -0.03012500 0.01060500 0.04800000
v -0.03012500 0.01060500 0.04800000
v -0.03012500 0.01060500 0.04800000
v -0.03491700 0.00537500 0.04800000
v -0.03491700 0.00537500 0.04800000
v -0.03491700 0.00537500 0.04800000
v -0.03980000 -0.00000000 0.04800000
v -0.03980000 -0.00000000 0.04800000
v -0.03980000 0.00537800 0.04800000
v -0.03980000 0.00537800 0.04800000
v -0.03980000 0.00537800 0.04800000
v -0.03708200 0.00537500 0.04800000
v -0.03708200 0.00537500 0.04800000
v -0.03708200 0.00537500 0.04800000
v -0.03662500 0.00491700 0.04800000
v -0.03662500 0.00491700 0.04800000
v -0.03980000 -0.00000000 0.04800000
v -0.03980000 -0.00000000 0.04800000
v -0.03980000 -0.00000000 0.04800000
v -0.03980000 -0.00000000 0.04800000
v -0.03980000 -0.00000000 0.04800000
v -0.03980000 -0.00000000 0.04800000
v -0.03600000 0.00475000 0.04800000
v -0.03600000 0.00475000 0.04800000
v -0.03600000 0.00475000 0.04800000
v -0.03537500 0.00491700 0.04800000
v -0.03537500 0.00491700 0.04800000
v -0.03475000 0.00600000 0.04800000
v -0.03475000 0.00600000 0.04800000
v -0.03491700 0.00662500 0.04800000
v -0.03491700 0.00662500 0.04800000
v -0.03491700 0.00662500 0.04800000
v -0.03218800 0.01017800 0.04800000
v -0.03218800 0.01017800 0.04800000
v -0.03218800 0.01017800 0.04800000
v -0.03537500 0.00708200 0.04800000
v -0.03537500 0.00708200 0.04800000
v -0.03537500 0.00708200 0.04800000
v -0.03500000 0.01017800 0.04800000
v -0.03500000 0.01017800 0.04800000
v -0.03500000 0.01017800 0.04800000
v -0.03600000 0.00725000 0.04800000
v -0.03600000 0.00725000 0.04800000
v -0.03600000 0.00725000 0.04800000
v -0.03740000 0.00953500 0.04800000
v -0.03740000 0.00953500 0.04800000
v -0.03740000 0.00953500 0.04800000
v -0.03662500 0.00708200 0.04800000
v -0.03662500 0.00708200 0.04800000
v -0.03662500 0.00708200 0.04800000
v -0.03915700 0.00777800 0.04800000
v -0.03915700 0.00777800 0.04800000
v -0.03915700 0.00777800 0.04800000
v -0.03708200 0.00662500 0.04800000
v -0.03708200 0.00662500 0.04800000
v -0.03708200 0.00662500 0.04800000
v -0.03725000 0.00600000 0.04800000
v -0.03725000 0.00600000 0.04800000
v -0.03980000 -0.00537800 0.04800000
v -0.03980000 -0.00537800 0.04800000
v -0.03980000 -0.00537800 0.04800000
v -0.03662500 -0.00491700 0.04800000
v -0.03662500 -0.00491700 0.04800000
v -0.03662500 -0.00491700 0.04800000
v -0.02840100 -0.01181400 0.04800000
v -0.03012500 -0.01060500 0.04800000
v -0.03012500 -0.01060500 0.04800000
v -0.03012500 -0.01060500 0.04800000
v -0.03012500 -0.01060500 0.04800000
v -0.03475000 -0.00600000 0.04800000
v -0.03475000 -0.00600000 0.04800000
v -0.03475000 -0.00600000 0.04800000
v -0.03708200 -0.00537500 0.04800000
v -0.03708200 -0.00537500 0.04800000
v -0.03725000 -0.00600000 0.04800000
v -0.03725000 -0.00600000 0.04800000
v -0.03725000 -0.00600000 0.04800000
v -0.03915700 -0.00777800 0.04800000
v -0.03915700 -0.00777800 0.04800000
v -0.03915700 -0.00777800 0.04800000
v -0.03708200 -0.00662500 0.04800000
v -0.03708200 -0.00662500 0.04800000
v -0.03708200 -0.00662500 0.04800000
v -0.03740000 -0.00953500 0.04800000
v -0.03740000 -0.00953500 0.04800000
v -0.03740000 -0.00953500 0.04800000
v -0.03662500 -0.00708200 0.04800000
v -0.03662500 -0.00708200 0.04800000
v -0.03662500 -0.00708200 0.04800000
v -0.03500000 -0.01017800 0.04800000
v -0.03500000 -0.01017800 0.04800000
v -0.03500000 -0.01017800 0.04800000
v -0.03600000 -0.00725000 0.04800000
v -0.03600000 -0.00725000 0.04800000
v -0.03600000 -0.00725000 0.04800000
v -0.03218800 -0.01017800 0.04800000
v -0.03218800 -0.01017800 0.04800000
v -0.03218800 -0.01017800 0.04800000
v -0.03537500 -0.00708200 0.04800000
v -0.03537500 -0.00708200 0.04800000
v -0.03537500 -0.00708200 0.04800000
v -0.03012500 -0.01060500 0.04800000
v -0.03491700 -0.00662500 0.04800000
v -0.03491700 -0.00662500 0.04800000
v -0.03491700 -0.00537500 0.04800000
v -0.03491700 -0.00537500 0.04800000
v -0.03537500 -0.00491700 0.04800000
v -0.03537500 -0.00491700 0.04800000
v -0.03537500 -0.00491700 0.04800000
v -0.03600000 -0.00475000 0.04800000
v -0.03600000 -0.00475000 0.04800000
v -0.00956600 -0.07156600 0.04800000
v -0.00956600 -0.07156600 0.04800000
v -0.00956600 -0.07156600 0.04800000
v -0.00973900 -0.07130600 0.04800000
v -0.00980000 -0.07100000 0.04800000
v -0.00980000 -0.07100000 0.04800000
v -0.00980000 -0.07100000 0.04800000
v -0.00250000 -0.07050000 0.04800000
v 0.00000000 -0.07180000 0.04800000
v 0.00000000 -0.07180000 0.04800000
v -0.00350000 -0.07076800 0.04800000
v -0.00900000 -0.07180000 0.04800000
v -0.00900000 -0.07180000 0.04800000
v -0.00900000 -0.07180000 0.04800000
v -0.00900000 -0.07180000 0.04800000
v -0.00603700 -0.07076800 0.04800000
v -0.00603700 -0.07076800 0.04800000
v -0.00208600 -0.04758600 0.04800000
v -0.00208600 -0.04758600 0.04800000
v -0.00273500 -0.04715200 0.04800000
v -0.00273500 -0.04715200 0.04800000
v -0.00930600 -0.07173900 0.04800000
v -0.00930600 -0.07173900 0.04800000
v -0.00774400 -0.06981100 0.04800000
v -0.00774400 -0.06981100 0.04800000
v -0.00774400 -0.06981100 0.04800000
v -0.00774400 -0.06981100 0.04800000
v -0.00774400 -0.06981100 0.04800000
v -0.00701600 -0.07051300 0.04800000
v -0.00701600 -0.07051300 0.04800000
v -0.00165200 -0.04823500 0.04800000
v -0.00165200 -0.04823500 0.04800000
v -0.00350000 -0.04700000 0.04800000
v -0.00350000 -0.04700000 0.04800000
v -0.01045000 -0.04700000 0.04800000
v -0.01045000 -0.04700000 0.04800000
v -0.01045000 -0.04700000 0.04800000
v -0.01137300 -0.04722600 0.04800000
v -0.01137300 -0.04722600 0.04800000
v -0.01208800 -0.04785100 0.04800000
v -0.01208800 -0.04785100 0.04800000
v -0.00176800 -0.06976800 0.04800000
v -0.00176800 -0.06976800 0.04800000
v -0.00150000 -0.06876800 0.04800000
v -0.00150000 -0.06876800 0.04800000
v -0.00150000 -0.04900000 0.04800000
v -0.00150000 -0.04900000 0.04800000
v -0.01243300 -0.04873600 0.04800000
v -0.01243300 -0.04873600 0.04800000
v -0.01557700 -0.04600000 0.04800000
v -0.01557700 -0.04600000 0.04800000
v -0.01557700 -0.04600000 0.04800000
v -0.01233100 -0.04968100 0.04800000
v -0.01233100 -0.04968100 0.04800000
v -0.01233100 -0.04968100 0.04800000
v -0.01279500 -0.05368700 0.04800000
v -0.01279500 -0.05368700 0.04800000
v -0.01279500 -0.05368700 0.04800000
v -0.01110300 -0.05307400 0.04800000
v -0.01110300 -0.05307400 0.04800000
v -0.01110300 -0.05307400 0.04800000
v -0.01055500 -0.06209700 0.04800000
v -0.01055500 -0.06209700 0.04800000
v -0.01055500 -0.06209700 0.04800000
v -0.00895700 -0.06083900 0.04800000
v -0.00895700 -0.06083900 0.04800000
v -0.00895700 -0.06083900 0.04800000
v -0.00980000 -0.07076800 0.04800000
v -0.00980000 -0.07076800 0.04800000
v -0.00980000 -0.07076800 0.04800000
v -0.00803600 -0.06884200 0.04800000
v -0.00803600 -0.06884200 0.04800000
v -0.00803600 -0.06884200 0.04800000
v 0.00165200 -0.06953400 0.04800000
v 0.00165200 -0.06953400 0.04800000
v 0.00208600 -0.07018300 0.04800000
v 0.00208600 -0.07018300 0.04800000
v 0.00000000 -0.07180000 0.04800000
v 0.00000000 -0.07180000 0.04800000
v 0.00000000 -0.07180000 0.04800000
v 0.00000000 -0.07180000 0.04800000
v 0.00774400 -0.06981100 0.04800000
v 0.00774400 -0.06981100 0.04800000
v 0.00774400 -0.06981100 0.04800000
v 0.00774400 -0.06981100 0.04800000
v 0.00774400 -0.06981100 0.04800000
v 0.00980000 -0.07100000 0.04800000
v 0.00980000 -0.07100000 0.04800000
v 0.00973900 -0.07130600 0.04800000
v 0.00973900 -0.07130600 0.04800000
v 0.01243300 -0.04873600 0.04800000
v 0.01243300 -0.04873600 0.04800000
v 0.01208800 -0.04785100 0.04800000
v 0.01208800 -0.04785100 0.04800000
v 0.00273500 -0.07061600 0.04800000
v 0.00273500 -0.07061600 0.04800000
v 0.00350000 -0.07076800 0.04800000
v 0.00350000 -0.07076800 0.04800000
v 0.00900000 -0.07180000 0.04800000
v 0.00900000 -0.07180000 0.04800000
v 0.00250000 -0.04726800 0.04800000
v 0.00250000 -0.04726800 0.04800000
v 0.00176800 -0.04800000 0.04800000
v 0.00176800 -0.04800000 0.04800000
v 0.00150000 -0.04900000 0.04800000
v 0.00150000 -0.04900000 0.04800000
v 0.00150000 -0.06876800 0.04800000
v 0.00150000 -0.06876800 0.04800000
v 0.00603700 -0.07076800 0.04800000
v 0.00603700 -0.07076800 0.04800000
v 0.00701600 -0.07051300 0.04800000
v 0.00701600 -0.07051300 0.04800000
v 0.00930600 -0.07173900 0.04800000
v 0.00930600 -0.07173900 0.04800000
v 0.00956600 -0.07156600 0.04800000
v 0.00956600 -0.07156600 0.04800000
v 0.01137300 -0.04722600 0.04800000
v 0.01137300 -0.04722600 0.04800000
v 0.01045000 -0.04700000 0.04800000
v 0.01045000 -0.04700000 0.04800000
v 0.01045000 -0.04700000 0.04800000
v 0.00350000 -0.04700000 0.04800000
v 0.00350000 -0.04700000 0.04800000
v 0.00980000 -0.07076800 0.04800000
v 0.00980000 -0.07076800 0.04800000
v 0.00803600 -0.06884200 0.04800000
v 0.00803600 -0.06884200 0.04800000
v 0.00803600 -0.06884200 0.04800000
v 0.01055500 -0.06209700 0.04800000
v 0.01055500 -0.06209700 0.04800000
v 0.01055500 -0.06209700 0.04800000
v 0.00895700 -0.06083900 0.04800000
v 0.00895700 -0.06083900 0.04800000
v 0.00895700 -0.06083900 0.04800000
v 0.01279500 -0.05368700 0.04800000
v 0.01279500 -0.05368700 0.04800000
v 0.01110300 -0.05307400 0.04800000
v 0.01110300 -0.05307400 0.04800000
v 0.01233100 -0.04968100 0.04800000
v 0.01233100 -0.04968100 0.04800000
v 0.00165200 0.04823500 0.04800000
v 0.00165200 0.04823500 0.04800000
v 0.00208600 0.04758600 0.04800000
v 0.00208600 0.04758600 0.04800000
v 0.00273500 0.04715200 0.04800000
v 0.00273500 0.04715200 0.04800000
v 0.00250000 0.07050000 0.04800000
v 0.00350000 0.07076800 0.04800000
v 0.00350000 0.07076800 0.04800000
v 0.00969300 0.07140000 0.04800000
v 0.00969300 0.07140000 0.04800000
v 0.00969300 0.07140000 0.04800000
v 0.00603700 0.07076800 0.04800000
v 0.00603700 0.07076800 0.04800000
v 0.00350000 0.04700000 0.04800000
v 0.00350000 0.04700000 0.04800000
v 0.01045000 0.04700000 0.04800000
v 0.01045000 0.04700000 0.04800000
v 0.01045000 0.04700000 0.04800000
v 0.01137300 0.04722600 0.04800000
v 0.01137300 0.04722600 0.04800000
v 0.01208800 0.04785100 0.04800000
v 0.01208800 0.04785100 0.04800000
v 0.00176800 0.06976800 0.04800000
v 0.00176800 0.06976800 0.04800000
v 0.00150000 0.06876800 0.04800000
v 0.00150000 0.06876800 0.04800000
v 0.00150000 0.04900000 0.04800000
v 0.00150000 0.04900000 0.04800000
v 0.01243300 0.04873600 0.04800000
v 0.01243300 0.04873600 0.04800000
v 0.01557700 0.04600000 0.04800000
v 0.01557700 0.04600000 0.04800000
v 0.01557700 0.04600000 0.04800000
v 0.01233100 0.04968100 0.04800000
v 0.01233100 0.04968100 0.04800000
v 0.01233100 0.04968100 0.04800000
v 0.01279500 0.05368700 0.04800000
v 0.01279500 0.05368700 0.04800000
v 0.01279500 0.05368700 0.04800000
v 0.01110300 0.05307400 0.04800000
v 0.01110300 0.05307400 0.04800000
v 0.01110300 0.05307400 0.04800000
v 0.01055500 0.06209700 0.04800000
v 0.01055500 0.06209700 0.04800000
v 0.01055500 0.06209700 0.04800000
v 0.00895700 0.06083900 0.04800000
v 0.00895700 0.06083900 0.04800000
v 0.00895700 0.06083900 0.04800000
v 0.00980000 0.07076800 0.04800000
v 0.00980000 0.07076800 0.04800000
v 0.00980000 0.07076800 0.04800000
v 0.00803600 0.06884200 0.04800000
v 0.00803600 0.06884200 0.04800000
v 0.00803600 0.06884200 0.04800000
v 0.00980000 0.07100000 0.04800000
v 0.00980000 0.07100000 0.04800000
v 0.00774400 0.06981100 0.04800000
v 0.00774400 0.06981100 0.04800000
v 0.00774400 0.06981100 0.04800000
v 0.00701600 0.07051300 0.04800000
v 0.00701600 0.07051300 0.04800000
v -0.00000000 0.07180000 0.04800000
v 0.00900000 0.07180000 0.04800000
v 0.00940000 0.07169300 0.04800000
v -0.00657200 0.02773200 0.05300000
v -0.00657200 0.02773200 0.04820000
v -0.00657200 0.02773200 0.04820000
v -0.00634200 0.02778500 0.04820000
v -0.00634200 0.02778500 0.04820000
v -0.00000000 0.02850000 0.05300000
v -0.00657200 0.02773200 0.05300000
v -0.01236600 0.02567800 0.04820000
v -0.01279100 0.02546800 0.05300000
v -0.01279100 0.02546800 0.04820000
v -0.01776900 0.02228200 0.04820000
v -0.01831900 0.02183200 0.05300000
v -0.01831900 0.02183200 0.04820000
v -0.01840700 0.02175900 0.05300000
v -0.02228200 0.01776900 0.04820000
v -0.02187700 0.01826600 0.05300000
v -0.02271000 0.01721900 0.05300000
v -0.02286000 0.01701900 0.04820000
v -0.02286000 0.01701900 0.04820000
v -0.02286000 0.01701900 0.05300000
v -0.02286000 0.01701900 0.05300000
v -0.02567800 0.01236600 0.04820000
v -0.02616900 0.01128800 0.05300000
v -0.02806700 0.00494900 0.05300000
v -0.02778500 0.00634200 0.04820000
v -0.02616900 0.01128800 0.04820000
v -0.02845200 -0.00165700 0.05300000
v -0.02850000 -0.00000000 0.04820000
v -0.02850000 -0.00000000 0.04820000
v -0.02806700 0.00494900 0.05300000
v -0.02806700 0.00494900 0.04820000
v -0.02730300 -0.00817400 0.05300000
v -0.02778500 -0.00634200 0.04820000
v -0.02778500 -0.00634200 0.04820000
v -0.02845200 -0.00165700 0.05300000
v -0.02845200 -0.00165700 0.04820000
v -0.02468200 -0.01425000 0.05300000
v -0.02567800 -0.01236600 0.04820000
v -0.02730300 -0.00817400 0.04820000
v -0.02073000 -0.01955800 0.05300000
v -0.02228200 -0.01776900 0.04820000
v -0.02468200 -0.01425000 0.04820000
v -0.01566100 -0.02381100 0.05300000
v -0.01776900 -0.02228200 0.04820000
v -0.01776900 -0.02228200 0.04820000
v -0.02073000 -0.01955800 0.05300000
v -0.02073000 -0.01955800 0.04820000
v -0.00974800 -0.02678100 0.05300000
v -0.01236600 -0.02567800 0.04820000
v -0.01566100 -0.02381100 0.04820000
v -0.00330900 -0.02830700 0.05300000
v -0.00634200 -0.02778500 0.04820000
v -0.00634200 -0.02778500 0.04820000
v -0.00974800 -0.02678100 0.05300000
v -0.00974800 -0.02678100 0.04820000
v 0.00974800 -0.02678100 0.04820000
v 0.00974800 -0.02678100 0.04820000
v 0.00974800 -0.02678100 0.04820000
v 0.00634200 -0.02778500 0.04820000
v 0.00330900 -0.02830700 0.05300000
v 0.00330900 -0.02830700 0.04820000
v 0.00000000 -0.02850000 0.05300000
v 0.00000000 -0.02850000 0.04820000
v 0.00000000 -0.02850000 0.04820000
v -0.00330900 -0.02830700 0.05300000
v -0.00330900 -0.02830700 0.04820000
v 0.00330900 -0.02830700 0.05300000
v 0.00974800 -0.02678100 0.05300000
v 0.01087700 -0.02634300 0.05300000
v 0.01087700 -0.02634300 0.05300000
v 0.01236600 -0.02567800 0.04820000
v 0.01566100 -0.02381100 0.05300000
v 0.01566100 -0.02381100 0.04820000
v 0.01776900 -0.02228200 0.04820000
v 0.02073000 -0.01955800 0.05300000
v 0.02073000 -0.01955800 0.04820000
v 0.02228200 -0.01776900 0.04820000
v 0.02228200 -0.01776900 0.04820000
v 0.02468200 -0.01425000 0.05300000
v 0.02468200 -0.01425000 0.05300000
v 0.02468200 -0.01425000 0.04820000
v 0.02567800 -0.01236600 0.04820000
v 0.02567800 -0.01236600 0.04820000
v 0.02730300 -0.00817400 0.05300000
v 0.02730300 -0.00817400 0.05300000
v 0.02730300 -0.00817400 0.04820000
v 0.02778500 -0.00634200 0.04820000
v 0.02845200 -0.00165700 0.05300000
v 0.02845200 -0.00165700 0.04820000
v 0.02850000 0.00000000 0.04820000
v 0.02850000 0.00000000 0.04820000
v 0.02806700 0.00494900 0.05300000
v 0.02806700 0.00494900 0.05300000
v 0.02806700 0.00494900 0.04820000
v 0.02778500 0.00634200 0.04820000
v 0.02778500 0.00634200 0.04820000
v 0.02616900 0.01128800 0.05300000
v 0.02616900 0.01128800 0.05300000
v 0.02616900 0.01128800 0.04820000
v 0.02567800 0.01236600 0.04820000
v 0.02286000 0.01701900 0.05300000
v 0.02286000 0.01701900 0.04820000
v 0.02271000 0.01721900 0.05300000
v 0.02228200 0.01776900 0.04820000
v 0.02187700 0.01826600 0.05300000
v 0.01840700 0.02175900 0.05300000
v 0.01831900 0.02183200 0.04820000
v 0.01831900 0.02183200 0.04820000
v 0.01831900 0.02183200 0.05300000
v 0.01831900 0.02183200 0.05300000
v 0.01776900 0.02228200 0.04820000
v 0.01279100 0.02546800 0.05300000
v 0.00657200 0.02773200 0.05300000
v 0.01236600 0.02567800 0.04820000
v 0.01236600 0.02567800 0.04820000
v 0.01279100 0.02546800 0.05300000
v 0.01279100 0.02546800 0.04820000
v -0.00000000 0.02850000 0.04820000
v -0.00000000 0.02850000 0.05300000
v 0.00634200 0.02778500 0.04820000
v 0.00657200 0.02773200 0.04820000
v 0.00095300 -0.06695000 0.05300000
v 0.00055000 -0.06654700 0.05300000
v 0.00000000 -0.06750000 0.05300000
v 0.00000000 -0.06750000 0.05300000
v 0.00000000 -0.06640000 0.05300000
v -0.00055000 -0.06654700 0.05300000
v 0.00055000 -0.06845300 0.05300000
v 0.00095300 -0.06805000 0.05300000
v 0.00110000 -0.06750000 0.05300000
v -0.00095300 -0.06805000 0.05300000
v -0.00095300 -0.06805000 0.05300000
v -0.00055000 -0.06845300 0.05300000
v 0.00000000 -0.06860000 0.05300000
v -0.00095300 -0.06695000 0.05300000
v -0.00110000 -0.06750000 0.05300000
v -0.00110000 -0.06750000 0.05300000
v 0.00095300 0.06805000 0.05300000
v 0.00095300 0.06805000 0.05300000
v 0.00055000 0.06845300 0.05300000
v 0.00055000 0.06845300 0.05300000
v -0.00000000 0.06750000 0.05300000
v -0.00000000 0.06750000 0.05300000
v -0.00000000 0.06750000 0.05300000
v -0.00000000 0.06750000 0.05300000
v -0.00000000 0.06750000 0.05300000
v -0.00000000 0.06750000 0.05300000
v -0.00000000 0.06860000 0.05300000
v -0.00055000 0.06845300 0.05300000
v 0.00055000 0.06654700 0.05300000
v 0.00095300 0.06695000 0.05300000
v 0.00095300 0.06695000 0.05300000
v 0.00110000 0.06750000 0.05300000
v 0.00110000 0.06750000 0.05300000
v -0.00095300 0.06695000 0.05300000
v -0.00095300 0.06695000 0.05300000
v -0.00055000 0.06654700 0.05300000
v -0.00055000 0.06654700 0.05300000
v -0.00000000 0.06640000 0.05300000
v -0.00095300 0.06805000 0.05300000
v -0.00095300 0.06805000 0.05300000
v -0.00110000 0.06750000 0.05300000
v -0.00110000 0.06750000 0.05300000
v 0.00250000 -0.05900000 0.06200000
v 0.00250000 -0.05900000 0.05840200
v 0.00250000 -0.05852600 0.05819400
v 0.00250000 -0.03058600 0.06141400
v 0.00250000 -0.03058600 0.06141400
v 0.00250000 -0.03058600 0.06141400
v 0.00250000 -0.03123500 0.06184800
v 0.00250000 -0.03200000 0.06200000
v 0.00250000 -0.03200000 0.06200000
v 0.00250000 -0.03200000 0.06200000
v 0.00250000 -0.05820800 0.05809800
v 0.00250000 -0.05900000 0.06200000
v 0.00250000 -0.05740100 0.05800000
v 0.00250000 -0.03015200 0.06076500
v 0.00250000 -0.03000000 0.06000000
v 0.00250000 -0.03000000 0.06000000
v 0.00250000 -0.03000000 0.06000000
v 0.00250000 -0.03000000 0.05800000
v 0.00265200 -0.03000000 0.05723500
v 0.00282000 -0.03000000 0.05691400
v -0.00282000 -0.03000000 0.05691400
v -0.00250000 -0.03000000 0.05800000
v -0.00250000 -0.03000000 0.06000000
v 0.00250000 -0.03000000 0.06000000
v -0.00265200 -0.03000000 0.05723500
v 0.00250000 -0.03000000 0.05800000
v -0.00250000 -0.05740100 0.05800000
v -0.00250000 -0.05820800 0.05809800
v -0.00250000 -0.05900000 0.06200000
v -0.00250000 -0.05900000 0.06200000
v -0.00250000 -0.05852600 0.05819400
v -0.00250000 -0.05900000 0.05840200
v -0.00250000 -0.03200000 0.06200000
v -0.00250000 -0.03200000 0.06200000
v -0.00250000 -0.03123500 0.06184800
v -0.00250000 -0.03058600 0.06141400
v -0.00250000 -0.03058600 0.06141400
v -0.00250000 -0.03058600 0.06141400
v -0.00250000 -0.03000000 0.05800000
v -0.00250000 -0.03000000 0.05800000
v -0.00250000 -0.03000000 0.06000000
v -0.00250000 -0.03000000 0.06000000
v -0.00250000 -0.03000000 0.06000000
v -0.00250000 -0.03015200 0.06076500
v 0.00250000 0.03000000 0.06000000
v 0.00250000 0.03000000 0.06000000
v 0.00250000 0.03000000 0.06000000
v 0.00250000 0.03000000 0.05800000
v 0.00250000 0.05740100 0.05800000
v 0.00250000 0.05900000 0.05840200
v 0.00250000 0.05900000 0.06200000
v 0.00250000 0.05900000 0.06200000
v 0.00250000 0.05823200 0.05810500
v 0.00250000 0.05791700 0.05804000
v 0.00250000 0.03100000 0.06173200
v 0.00250000 0.03026800 0.06100000
v 0.00250000 0.03026800 0.06100000
v 0.00250000 0.03200000 0.06200000
v 0.00250000 0.03200000 0.06200000
v 0.00250000 0.03200000 0.06200000
v -0.00250000 0.03200000 0.06200000
v -0.00250000 0.03200000 0.06200000
v -0.00250000 0.05900000 0.06200000
v -0.00250000 0.05740100 0.05800000
v -0.00250000 0.05900000 0.05840200
v -0.00250000 0.05823200 0.05810500
v -0.00250000 0.05791700 0.05804000
v -0.00250000 0.03026800 0.06100000
v -0.00250000 0.03100000 0.06173200
v -0.00250000 0.03100000 0.06173200
v -0.00250000 0.03000000 0.06000000
v -0.00250000 0.03000000 0.06000000
v -0.00250000 0.03000000 0.06000000
v -0.00250000 0.03000000 0.05800000
v -0.00282000 0.03000000 0.05691400
v 0.00282000 0.03000000 0.05691400
v 0.00265200 0.03000000 0.05723500
v 0.00265200 0.03000000 0.05723500
v 0.00265200 0.03000000 0.05723500
v 0.00250000 0.03000000 0.06000000
v -0.00250000 0.03000000 0.06000000
v 0.00250000 0.03000000 0.05800000
v -0.00250000 0.03000000 0.05800000
v -0.00250000 0.03000000 0.05800000
v -0.00276800 0.03000000 0.05700000
v -0.00276800 0.03000000 0.05700000
v 0.00250000 -0.03123500 0.06184800
v -0.00250000 -0.03123500 0.06184800
v -0.00250000 -0.03123500 0.06184800
v -0.00250000 -0.03123500 0.06184800
v 0.00250000 -0.03123500 0.06184800
v 0.00250000 -0.03058600 0.06141400
v 0.00250000 -0.03058600 0.06141400
v -0.00250000 -0.03058600 0.06141400
v -0.00250000 -0.03058600 0.06141400
v -0.00250000 -0.03058600 0.06141400
v 0.00250000 -0.03058600 0.06141400
v 0.00250000 -0.03015200 0.06076500
v 0.00250000 -0.03015200 0.06076500
v -0.00250000 -0.03015200 0.06076500
v -0.00250000 -0.03015200 0.06076500
v 0.00250000 -0.03015200 0.06076500
v -0.00250000 0.03100000 0.06173200
v 0.00250000 0.03100000 0.06173200
v 0.00250000 0.03100000 0.06173200
v -0.00250000 0.03100000 0.06173200
v -0.00250000 0.03026800 0.06100000
v 0.00250000 0.03026800 0.06100000
v 0.00250000 0.03026800 0.06100000
v -0.00250000 0.03026800 0.06100000
v -0.00265200 0.05740100 0.05723500
v -0.00276800 0.03000000 0.05700000
v -0.00350200 0.02976200 0.05626700
v -0.00314200 0.02992400 0.05653100
v -0.00350000 0.05740100 0.05626800
v -0.00282000 0.03000000 0.05691400
v -0.00308600 0.05740100 0.05658600
v -0.00276800 0.05740100 0.05700000
v -0.00361400 0.02970700 0.05620700
v -0.00373500 0.05740100 0.05615200
v -0.00404500 0.02955200 0.05605200
v -0.00411000 -0.02953800 0.05603800
v -0.00411000 -0.02953800 0.05603800
v -0.00373500 -0.05740100 0.05615200
v -0.00373500 -0.05740100 0.05615200
v -0.00373500 -0.02965200 0.05615200
v -0.00308600 -0.05740100 0.05658600
v -0.00314200 -0.02992400 0.05653100
v -0.00361400 -0.02970700 0.05620700
v -0.00265200 -0.05740100 0.05723500
v -0.00265200 -0.03000000 0.05723500
v -0.00265200 -0.05740100 0.05723500
v -0.00265200 -0.03000000 0.05723500
v -0.00265200 -0.03000000 0.05723500
v -0.00308600 -0.05740100 0.05658600
v -0.00282000 -0.03000000 0.05691400
v 0.00265200 -0.03000000 0.05723500
v 0.00265200 -0.05740100 0.05723500
v 0.00282000 -0.03000000 0.05691400
v 0.00308600 -0.05740100 0.05658600
v 0.00308600 -0.02994400 0.05658600
v 0.00373500 -0.05740100 0.05615200
v 0.00361400 -0.02970700 0.05620700
v 0.00411000 -0.02953800 0.05603800
v 0.00411000 0.02953800 0.05603800
v 0.00411000 0.02953800 0.05603800
v 0.00373500 0.05740100 0.05615200
v 0.00373500 0.05740100 0.05615200
v 0.00373500 0.02965200 0.05615200
v 0.00308600 0.05740100 0.05658600
v 0.00314200 0.02992400 0.05653100
v 0.00361400 0.02970700 0.05620700
v 0.00265200 0.05740100 0.05723500
v 0.00265200 0.03000000 0.05723500
v 0.00265200 0.05740100 0.05723500
v 0.00265200 0.03000000 0.05723500
v 0.00265200 0.03000000 0.05723500
v 0.00308600 0.05740100 0.05658600
v 0.00282000 0.03000000 0.05691400
v -0.00290200 0.06050000 0.06200000
v -0.00290300 0.06050200 0.05877600
v -0.00269000 0.06005100 0.05863600
v -0.00264300 0.05991400 0.05859900
v -0.00400000 0.06159800 0.06200000
v -0.00331300 0.06105300 0.05900000
v -0.00318900 0.06091300 0.05893600
v -0.00454000 0.06184200 0.05955600
v -0.00424000 0.06172200 0.05943200
v -0.00400100 0.06159900 0.05932700
v 0.00481200 0.06192000 0.05966000
v 0.00435200 0.06177200 0.06200000
v 0.00442900 0.06180200 0.05951100
v 0.00337900 0.06112100 0.06200000
v 0.00337900 0.06112100 0.06200000
v 0.00346100 0.06120100 0.05907400
v 0.00318000 0.06090200 0.05893100
v 0.00318000 0.06090200 0.05893100
v 0.00318000 0.06090200 0.05893100
v 0.00272800 0.06014800 0.06200000
v 0.00265100 0.05994100 0.05860600
v 0.00250000 0.05900000 0.06200000
v 0.00264300 -0.05991400 0.05859900
v 0.00272800 -0.06014800 0.06200000
v 0.00269000 -0.06005100 0.05863600
v 0.00318900 -0.06091300 0.05893600
v 0.00337900 -0.06112100 0.06200000
v 0.00331300 -0.06105300 0.05900000
v 0.00435200 -0.06177200 0.06200000
v 0.00424000 -0.06172200 0.05943200
v 0.00454000 -0.06184200 0.05955600
v -0.00481200 -0.06192000 0.05966000
v -0.00435200 -0.06177200 0.06200000
v -0.00442900 -0.06180200 0.05951100
v -0.00337900 -0.06112100 0.06200000
v -0.00337900 -0.06112100 0.06200000
v -0.00346100 -0.06120100 0.05907400
v -0.00318000 -0.06090200 0.05893100
v -0.00318000 -0.06090200 0.05893100
v -0.00272800 -0.06014800 0.06200000
v -0.00272800 -0.06014800 0.06200000
v -0.00265100 -0.05994100 0.05860600
v -0.00265100 -0.05994100 0.05860600
v 0.00803600 -0.06884200 0.04800000
v 0.00803600 -0.06884200 0.04900000
v 0.00895700 -0.06083900 0.04800000
v 0.00849800 -0.06359100 0.04900000
v 0.00952600 -0.05826500 0.04900000
v 0.00895700 -0.06083900 0.04800000
v 0.00895700 -0.06083900 0.04900000
v 0.00895700 0.06083900 0.04800000
v 0.00952600 0.05826500 0.04900000
v 0.00803600 0.06884200 0.04900000
v 0.00803600 0.06884200 0.04800000
v 0.00849800 0.06359100 0.04900000
v 0.00895700 0.06083900 0.04900000
v -0.00803600 0.06884200 0.04800000
v -0.00803600 0.06884200 0.04900000
v -0.00895700 0.06083900 0.04800000
v -0.00849800 0.06359100 0.04900000
v -0.00952600 0.05826500 0.04900000
v -0.00895700 0.06083900 0.04800000
v -0.00895700 0.06083900 0.04900000
v -0.00895700 -0.06083900 0.04800000
v -0.00952600 -0.05826500 0.04900000
v -0.00803600 -0.06884200 0.04900000
v -0.00803600 -0.06884200 0.04800000
v -0.00849800 -0.06359100 0.04900000
v -0.00895700 -0.06083900 0.04900000
v -0.00449800 0.07076800 0.05073100
v -0.00476800 0.07076800 0.05086100
v -0.00509800 0.07076800 0.05069500
v -0.00350000 0.07076800 0.04900000
v -0.00350000 0.07076800 0.04800000
v -0.00519100 0.07076800 0.05063300
v -0.00362000 0.07076800 0.04968300
v -0.00396700 0.07076800 0.05028500
v -0.00559900 0.07076800 0.05024900
v -0.00566700 0.07076800 0.05015900
v -0.00592400 0.07076800 0.04966200
v -0.00595900 0.07076800 0.04955400
v -0.00603700 0.07076800 0.04900000
v -0.00603700 0.07076800 0.04800000
v 0.00350000 0.07076800 0.04900000
v 0.00350000 0.07076800 0.04800000
v 0.00509800 0.07076800 0.05069500
v 0.00603700 0.07076800 0.04800000
v 0.00603700 0.07076800 0.04900000
v 0.00476800 0.07076800 0.05086100
v 0.00449800 0.07076800 0.05073100
v 0.00566700 0.07076800 0.05015900
v 0.00559900 0.07076800 0.05024900
v 0.00519100 0.07076800 0.05063300
v 0.00396700 0.07076800 0.05028500
v 0.00362000 0.07076800 0.04968300
v 0.00595900 0.07076800 0.04955400
v 0.00592400 0.07076800 0.04966200
v -0.01262200 -0.04500000 0.04900000
v -0.00350000 -0.04500000 0.04900000
v -0.01262200 -0.04500000 0.04800000
v -0.00350000 -0.04500000 0.04800000
v -0.00350000 -0.04700000 0.04900000
v -0.01045000 -0.04700000 0.04900000
v -0.00350000 -0.04700000 0.04800000
v -0.01045000 -0.04700000 0.04800000
v 0.00350000 -0.04500000 0.04900000
v 0.01262200 -0.04500000 0.04900000
v 0.00350000 -0.04500000 0.04800000
v 0.01262200 -0.04500000 0.04800000
v 0.01045000 -0.04700000 0.04900000
v 0.00350000 -0.04700000 0.04900000
v 0.01045000 -0.04700000 0.04800000
v 0.00350000 -0.04700000 0.04800000
v -0.00350000 -0.07076800 0.04800000
v -0.00603700 -0.07076800 0.04800000
v -0.00603700 -0.07076800 0.04900000
v -0.00566700 -0.07076800 0.05015900
v -0.00559900 -0.07076800 0.05024900
v -0.00476800 -0.07076800 0.05086100
v -0.00449800 -0.07076800 0.05073100
v -0.00509800 -0.07076800 0.05069500
v -0.00396700 -0.07076800 0.05028500
v -0.00519100 -0.07076800 0.05063300
v -0.00350000 -0.07076800 0.04800000
v -0.00350000 -0.07076800 0.04900000
v -0.00362000 -0.07076800 0.04968300
v -0.00595900 -0.07076800 0.04955400
v -0.00592400 -0.07076800 0.04966200
v 0.00449800 -0.07076800 0.05073100
v 0.00476800 -0.07076800 0.05086100
v 0.00509800 -0.07076800 0.05069500
v 0.00350000 -0.07076800 0.04900000
v 0.00350000 -0.07076800 0.04800000
v 0.00519100 -0.07076800 0.05063300
v 0.00362000 -0.07076800 0.04968300
v 0.00396700 -0.07076800 0.05028500
v 0.00559900 -0.07076800 0.05024900
v 0.00566700 -0.07076800 0.05015900
v 0.00592400 -0.07076800 0.04966200
v 0.00595900 -0.07076800 0.04955400
v 0.00603700 -0.07076800 0.04900000
v 0.00603700 -0.07076800 0.04800000
v -0.01262200 0.04500000 0.04800000
v -0.00350000 0.04500000 0.04800000
v -0.01262200 0.04500000 0.04900000
v -0.00350000 0.04500000 0.04900000
v -0.01045000 0.04700000 0.04900000
v -0.00350000 0.04700000 0.04900000
v -0.01045000 0.04700000 0.04800000
v -0.00350000 0.04700000 0.04800000
v 0.01045000 0.04700000 0.04800000
v 0.00350000 0.04700000 0.04800000
v 0.01045000 0.04700000 0.04900000
v 0.00350000 0.04700000 0.04900000
v 0.01262200 0.04500000 0.04900000
v 0.00350000 0.04500000 0.04900000
v 0.01262200 0.04500000 0.04800000
v 0.00350000 0.04500000 0.04800000
v 0.01211300 0.05344000 0.05588600
v 0.01056400 0.05882700 0.05585600
v 0.01047800 0.05831100 0.05593500
v 0.01034600 0.05790800 0.05598600
v 0.01034600 0.05790800 0.05598600
v 0.01046500 0.05825800 0.05594300
v 0.01089800 0.05923100 0.05556100
v 0.01060300 0.05934500 0.05576900
v 0.01121400 0.05930600 0.05507400
v 0.01044200 0.06324200 0.05510300
v 0.01049800 0.06260500 0.05519400
v 0.01056300 0.06165000 0.05536000
v 0.01060500 0.06066800 0.05553800
v 0.01061600 0.06016900 0.05562600
v 0.01121400 0.05930600 0.05507400
v 0.01036900 0.06394800 0.05503200
v 0.01000000 0.07072400 0.05450300
v 0.01000000 0.07072400 0.05450300
v 0.01032600 0.06506300 0.05450000
v 0.01000000 0.07076800 0.05450000
v 0.01287600 0.05371600 0.05507400
v 0.01279500 0.05368600 0.05525000
v 0.01257000 0.05360500 0.05556100
v 0.01227800 0.05350000 0.05579900
v 0.02797500 0.01012300 0.05579900
v 0.02849100 0.01031000 0.05525000
v 0.02797500 0.01012300 0.05579900
v 0.02927700 0.00780100 0.05525000
v 0.02874700 0.00766000 0.05579900
v 0.02874700 0.00766000 0.05579900
v 0.02930300 0.00513900 0.05579900
v 0.02963800 0.00257900 0.05579900
v 0.02975000 0.00000000 0.05579900
v 0.02963800 -0.00257900 0.05579900
v 0.02930300 -0.00513900 0.05579900
v 0.02874700 -0.00766000 0.05579900
v 0.02797500 -0.01012300 0.05579900
v 0.02927700 0.00780100 0.05525000
v 0.02930300 0.00513900 0.05579900
v 0.02984300 0.00523400 0.05525000
v 0.02963800 0.00257900 0.05579900
v 0.03018500 0.00262700 0.05525000
v 0.02975000 0.00000000 0.05579900
v 0.03029900 0.00000000 0.05525000
v 0.02963800 -0.00257900 0.05579900
v 0.03018500 -0.00262700 0.05525000
v 0.02930300 -0.00513900 0.05579900
v 0.02984400 -0.00523400 0.05525000
v 0.02874700 -0.00766000 0.05579900
v 0.02927800 -0.00780100 0.05525000
v 0.02797500 -0.01012300 0.05579900
v 0.02849100 -0.01031000 0.05525000
v 0.02984300 0.00523400 0.05525000
v 0.03018500 0.00262700 0.05525000
v 0.03029900 0.00000000 0.05525000
v 0.03018500 -0.00262700 0.05525000
v 0.02984400 -0.00523400 0.05525000
v 0.02927800 -0.00780100 0.05525000
v 0.02849100 -0.01031000 0.05525000
v 0.01279500 -0.05368600 0.05525000
v 0.01279500 -0.05368600 0.05525000
v 0.01227800 -0.05350000 0.05579900
v 0.01227800 -0.05350000 0.05579900
v 0.01227800 -0.05350000 0.05579900
v 0.01000000 -0.07072400 0.05450300
v 0.01000000 -0.07076800 0.05450000
v 0.01032700 -0.06506300 0.05450000
v 0.01060500 -0.06066800 0.05553800
v 0.01113000 -0.05928600 0.05525000
v 0.01113000 -0.05928600 0.05525000
v 0.01061600 -0.05976900 0.05569600
v 0.01059500 -0.05916000 0.05579900
v 0.01061600 -0.05976900 0.05569600
v 0.01059500 -0.05916000 0.05579900
v 0.01058200 -0.05901200 0.05582500
v 0.01019500 -0.05766500 0.05600000
v 0.01024300 -0.05772600 0.05599900
v 0.01024300 -0.05772600 0.05599900
v 0.01038600 -0.05800400 0.05597500
v 0.01049100 -0.05836800 0.05592700
v 0.01057000 -0.05889100 0.05584500
v 0.01057100 -0.06150000 0.05538700
v 0.01052300 -0.06228700 0.05524600
v 0.01113000 -0.05928600 0.05525000
v 0.01052300 -0.06228700 0.05524600
v 0.01052300 -0.06228700 0.05524600
v 0.01050400 -0.06253500 0.05520500
v 0.01043900 -0.06327300 0.05509900
v 0.01036900 -0.06394800 0.05503200
v 0.01000000 -0.07072400 0.05450300
v -0.01000000 0.07072400 0.05450300
v -0.01000000 0.07076800 0.05450000
v -0.01032700 0.06506300 0.05450000
v -0.01052300 0.06228700 0.05524600
v -0.01113000 0.05928600 0.05525000
v -0.01052300 0.06228700 0.05524600
v -0.01113000 0.05928600 0.05525000
v -0.01057100 0.06150000 0.05538700
v -0.01050400 0.06253500 0.05520500
v -0.01050400 0.06253500 0.05520500
v -0.01043900 0.06327300 0.05509900
v -0.01036900 0.06394800 0.05503200
v -0.01000000 0.07072400 0.05450300
v -0.01227800 0.05350000 0.05579900
v -0.01227800 0.05350000 0.05579900
v -0.01019500 0.05766500 0.05600000
v -0.01024300 0.05772600 0.05599900
v -0.01024300 0.05772600 0.05599900
v -0.01038600 0.05800400 0.05597500
v -0.01049100 0.05836800 0.05592700
v -0.01057000 0.05889100 0.05584500
v -0.01058200 0.05901200 0.05582500
v -0.01059500 0.05916000 0.05579900
v -0.01061600 0.05976900 0.05569600
v -0.01061600 0.05976900 0.05569600
v -0.01060500 0.06066800 0.05553800
v -0.01279500 0.05368600 0.05525000
v -0.01257000 0.05360500 0.05556100
v -0.02772100 0.01267800 0.05508500
v -0.02782500 0.01213000 0.05526200
v -0.02789300 0.01180700 0.05533500
v -0.02804900 0.01116500 0.05543300
v -0.02810700 0.01095500 0.05545400
v -0.02755800 0.01345300 0.05466300
v -0.02758700 0.01334300 0.05473800
v -0.02768400 0.01288000 0.05499800
v -0.02748900 0.01366900 0.05450600
v -0.02785100 0.01007800 0.05586600
v -0.02832500 0.01025000 0.05549500
v -0.02785100 0.01007800 0.05586600
v -0.02785100 -0.01007800 0.05586600
v -0.02897800 0.00612600 0.05586600
v -0.03003600 0.00222100 0.05550000
v -0.02954700 0.00205500 0.05586600
v -0.03003600 -0.00222100 0.05550000
v -0.02954700 -0.00205500 0.05586600
v -0.02938200 -0.00661600 0.05550000
v -0.02897800 -0.00612600 0.05586600
v -0.02843800 -0.00991800 0.05550000
v -0.02785100 -0.01007800 0.05586600
v -0.02838100 -0.01008400 0.05549900
v -0.02832500 -0.01025000 0.05549500
v -0.02838100 0.01008400 0.05549900
v -0.02843800 0.00991800 0.05550000
v -0.02938200 0.00661600 0.05550000
v -0.02897800 -0.00612600 0.05586600
v -0.02954700 -0.00205500 0.05586600
v -0.02954700 0.00205500 0.05586600
v -0.02897800 0.00612600 0.05586600
v -0.02758700 -0.01334300 0.05473800
v -0.02755800 -0.01345300 0.05466300
v -0.02748900 -0.01366900 0.05450600
v -0.02810700 -0.01095500 0.05545400
v -0.02804900 -0.01116500 0.05543300
v -0.01257000 -0.05360500 0.05556100
v -0.02789300 -0.01180700 0.05533500
v -0.02782500 -0.01213000 0.05526200
v -0.01287600 -0.05371600 0.05507400
v -0.02772100 -0.01267800 0.05508500
v -0.02768400 -0.01288000 0.05499800
v -0.01211300 -0.05344000 0.05588600
v -0.01211300 -0.05344000 0.05588600
v -0.01034600 -0.05790800 0.05598600
v -0.01046500 -0.05825800 0.05594300
v -0.01060500 -0.06066800 0.05553800
v -0.01061600 -0.06016900 0.05562600
v -0.01089800 -0.05923100 0.05556100
v -0.01060300 -0.05934500 0.05576900
v -0.01056400 -0.05882700 0.05585600
v -0.01044200 -0.06324200 0.05510300
v -0.01049800 -0.06260500 0.05519400
v -0.01121400 -0.05930600 0.05507400
v -0.01056300 -0.06165000 0.05536000
v -0.01121400 -0.05930600 0.05507400
v -0.01036900 -0.06394800 0.05503200
v -0.01000000 -0.07072400 0.05450300
v -0.01000000 -0.07072400 0.05450300
v -0.01032600 -0.06506300 0.05450000
v -0.01000000 -0.07076800 0.05450000
v -0.01047800 -0.05831100 0.05593500
v 0.00859100 -0.04960900 0.05275000
v 0.00518300 -0.05036600 0.05294900
v 0.00901400 -0.04901500 0.05247300
v 0.00450500 -0.04900900 0.05246900
v 0.00971300 -0.04803400 0.05168400
v 0.00421700 -0.04843400 0.05206900
v 0.01006200 -0.04754400 0.05101500
v 0.00377100 -0.04754100 0.05100900
v 0.01030500 -0.04720300 0.05025900
v 0.00364800 -0.04729700 0.05051200
v 0.01081700 -0.05297100 0.05053100
v 0.01081700 -0.05297100 0.05053100
v 0.01209100 -0.04974800 0.05025900
v 0.01209100 -0.04974800 0.05025900
v 0.01000100 -0.05267600 0.05182800
v 0.01110700 -0.05002200 0.05168400
v 0.01110700 -0.05002200 0.05168400
v 0.01110700 -0.05002200 0.05168400
v 0.01000100 -0.05267600 0.05182800
v 0.00878100 -0.05223400 0.05269600
v 0.00924500 -0.05054100 0.05275000
v 0.00503100 -0.06288100 0.05297200
v 0.00476800 -0.06876800 0.05293200
v 0.00349700 -0.06876800 0.05246200
v 0.00397900 -0.05024000 0.05270000
v 0.00486600 -0.05068300 0.05294900
v 0.00549800 -0.05791100 0.05300000
v 0.00549700 -0.05792000 0.05300000
v 0.00397900 -0.05024000 0.05270000
v 0.00243400 -0.06876800 0.05156900
v 0.00293400 -0.04971700 0.05206900
v 0.00293400 -0.04971700 0.05206900
v 0.00174100 -0.06876800 0.05036700
v 0.00179700 -0.04914800 0.05051200
v 0.00179700 -0.04914800 0.05051200
v 0.00174100 -0.06876800 0.05036700
v 0.00712900 -0.05767100 0.05269600
v 0.00549700 -0.05792000 0.05300000
v 0.00605200 -0.06325100 0.05269600
v 0.00503100 -0.06288100 0.05297200
v 0.00503100 -0.06288100 0.05297200
v 0.00491600 -0.06878400 0.05290200
v 0.00476800 -0.06876800 0.05293200
v 0.00476800 -0.06876800 0.05293200
v 0.00491600 -0.06878400 0.05290200
v 0.00476800 -0.06878100 0.05293200
v 0.00605200 -0.06325100 0.05269600
v 0.00733700 -0.06343000 0.05182800
v 0.00716000 -0.06882600 0.05149700
v 0.00634500 -0.06881000 0.05226600
v 0.00615800 -0.06880700 0.05239000
v 0.00513500 -0.06878800 0.05284600
v 0.00819600 -0.06354900 0.05053100
v 0.00787900 -0.06883900 0.05010800
v 0.00781000 -0.06883800 0.05032300
v 0.00729600 -0.06882800 0.05131800
v 0.00923000 -0.05819200 0.05053100
v 0.00712900 -0.05767100 0.05269600
v 0.00838800 -0.05798300 0.05182800
v 0.00923000 -0.05819200 0.05053100
v -0.00878100 -0.05223400 0.05269600
v -0.00924500 -0.05054100 0.05275000
v -0.00924500 -0.05054100 0.05275000
v -0.00878100 -0.05223400 0.05269600
v -0.01000100 -0.05267600 0.05182800
v -0.01000100 -0.05267600 0.05182800
v -0.01110700 -0.05002200 0.05168400
v -0.01110700 -0.05002200 0.05168400
v -0.01000100 -0.05267600 0.05182800
v -0.01081700 -0.05297100 0.05053100
v -0.01209100 -0.04974800 0.05025900
v -0.01209100 -0.04974800 0.05025900
v -0.00518300 -0.05036600 0.05294900
v -0.00859100 -0.04960900 0.05275000
v -0.00901400 -0.04901500 0.05247300
v -0.00450500 -0.04900900 0.05246900
v -0.00901400 -0.04901500 0.05247300
v -0.00971300 -0.04803400 0.05168400
v -0.00421700 -0.04843400 0.05206900
v -0.01006200 -0.04754400 0.05101500
v -0.00377100 -0.04754100 0.05100900
v -0.01030500 -0.04720300 0.05025900
v -0.00364800 -0.04729700 0.05051200
v -0.00923000 -0.05819200 0.05053100
v -0.00491600 -0.06878400 0.05290200
v -0.00513500 -0.06878800 0.05284600
v -0.00605200 -0.06325100 0.05269600
v -0.00476800 -0.06876800 0.05293200
v -0.00476800 -0.06878100 0.05293200
v -0.00503100 -0.06288100 0.05297200
v -0.00503100 -0.06288100 0.05297200
v -0.00605200 -0.06325100 0.05269600
v -0.00549700 -0.05792000 0.05300000
v -0.00712900 -0.05767100 0.05269600
v -0.00549800 -0.05791100 0.05300000
v -0.00787900 -0.06883900 0.05010800
v -0.00819600 -0.06354900 0.05053100
v -0.00781000 -0.06883800 0.05032300
v -0.00729600 -0.06882800 0.05131800
v -0.00733700 -0.06343000 0.05182800
v -0.00716000 -0.06882600 0.05149700
v -0.00615800 -0.06880700 0.05239000
v -0.00634500 -0.06881000 0.05226600
v -0.00686400 -0.06882000 0.05182800
v -0.00712900 -0.05767100 0.05269600
v -0.00838800 -0.05798300 0.05182800
v -0.00349700 -0.06876800 0.05246200
v -0.00476800 -0.06876800 0.05293200
v -0.00503100 -0.06288100 0.05297200
v -0.00397900 -0.05024000 0.05270000
v -0.00486600 -0.05068300 0.05294900
v -0.00293400 -0.04971700 0.05206900
v -0.00243400 -0.06876800 0.05156900
v -0.00179700 -0.04914800 0.05051200
v -0.00174100 -0.06876800 0.05036700
v -0.01478300 -0.03117000 0.05300000
v -0.01134600 -0.04110400 0.05299700
v -0.01247100 -0.04202200 0.05269800
v -0.01418700 -0.04342300 0.05070900
v -0.01956500 -0.02801600 0.05105700
v -0.01353700 -0.04289200 0.05183300
v -0.01872800 -0.02862000 0.05180700
v -0.01311100 -0.04254500 0.05226900
v -0.01820000 -0.02898900 0.05214000
v -0.01658300 -0.03006300 0.05277500
v -0.02038500 -0.02739900 0.04925700
v -0.02031200 -0.02745500 0.04967900
v -0.02005500 -0.02765000 0.05034400
v -0.01737200 -0.02507900 0.04925700
v -0.00329900 -0.03034800 0.04946200
v -0.00341600 -0.03055900 0.05038900
v -0.00705200 -0.02998600 0.05053100
v -0.00369200 -0.03104800 0.05135500
v -0.00393500 -0.03147000 0.05187100
v -0.00725100 -0.03083000 0.05182800
v -0.00549200 -0.03404600 0.05300000
v -0.00407100 -0.03170500 0.05209500
v -0.00462800 -0.03264400 0.05269600
v -0.00754800 -0.03209400 0.05269600
v -0.00479100 -0.03291300 0.05280300
v -0.00328800 -0.03032900 0.04923800
v -0.01664000 -0.02692300 0.05180700
v -0.01701300 -0.02599800 0.05105700
v -0.01431000 -0.02727900 0.05053100
v -0.01431000 -0.02727900 0.05053100
v -0.01431000 -0.02727900 0.05053100
v -0.01722800 -0.02545000 0.05034400
v -0.01734000 -0.02516200 0.04967900
v -0.01564900 -0.02925500 0.05277500
v -0.01531500 -0.02919600 0.05269600
v -0.01477800 -0.03116600 0.05300000
v -0.01152300 -0.03089000 0.05269600
v -0.00754800 -0.03209400 0.05269600
v -0.01640000 -0.02750300 0.05214000
v -0.01471300 -0.02804700 0.05182800
v -0.01152300 -0.03089000 0.05269600
v -0.01106900 -0.02967400 0.05182800
v -0.01471300 -0.02804700 0.05182800
v -0.01106900 -0.02967400 0.05182800
v -0.01106900 -0.02967400 0.05182800
v -0.01076600 -0.02886200 0.05053100
v -0.01248700 -0.04461600 0.05070900
v -0.00364800 -0.04470300 0.05051200
v -0.01243300 -0.04446200 0.05100400
v -0.00377100 -0.04445900 0.05100900
v -0.01202700 -0.04330500 0.05226900
v -0.00421700 -0.04356600 0.05206900
v -0.01191900 -0.04299700 0.05246600
v -0.00450500 -0.04299100 0.05246900
v -0.01127300 -0.04115500 0.05299700
v -0.00518300 -0.04163300 0.05294900
v -0.00486600 -0.04131700 0.05294900
v -0.00548600 -0.03405300 0.05300000
v -0.00397900 -0.04176000 0.05270000
v -0.00426000 -0.03352700 0.05280300
v -0.00397000 -0.03340100 0.05269600
v -0.00296600 -0.03296200 0.05209500
v -0.00293400 -0.04228300 0.05206900
v -0.00271500 -0.03285200 0.05187100
v -0.00226700 -0.03265300 0.05135500
v -0.00179700 -0.04285200 0.05051200
v -0.00174900 -0.03242300 0.05038900
v -0.00179700 -0.04285200 0.05051200
v -0.00152700 -0.03232300 0.04946200
v -0.00150700 -0.03231400 0.04923800
v 0.00397900 -0.04176000 0.05270000
v 0.00548600 -0.03405300 0.05300000
v 0.00486600 -0.04131700 0.05294900
v 0.00267700 -0.04241100 0.05183400
v 0.00267700 -0.04241100 0.05183400
v 0.00296600 -0.03296200 0.05209500
v 0.00293400 -0.04228300 0.05206900
v 0.00397000 -0.03340100 0.05269600
v 0.00426000 -0.03352700 0.05280300
v 0.00179700 -0.04285200 0.05051200
v 0.00226700 -0.03265300 0.05135500
v 0.00271500 -0.03285200 0.05187100
v 0.00150700 -0.03231400 0.04923800
v 0.00152700 -0.03232300 0.04946200
v 0.00174900 -0.03242300 0.05038900
v 0.01734000 -0.02516200 0.04967900
v 0.01722800 -0.02545000 0.05034400
v 0.01431000 -0.02727900 0.05053100
v 0.01701300 -0.02599800 0.05105700
v 0.01664000 -0.02692300 0.05180700
v 0.01471300 -0.02804700 0.05182800
v 0.01477800 -0.03116600 0.05300000
v 0.00407100 -0.03170500 0.05209500
v 0.00393500 -0.03147000 0.05187100
v 0.00725100 -0.03083000 0.05182800
v 0.00328800 -0.03032900 0.04923800
v 0.00369200 -0.03104800 0.05135500
v 0.00341600 -0.03055900 0.05038900
v 0.00705200 -0.02998600 0.05053100
v 0.00705200 -0.02998600 0.05053100
v 0.00705200 -0.02998600 0.05053100
v 0.00329900 -0.03034800 0.04946200
v 0.00549200 -0.03404600 0.05300000
v 0.00754800 -0.03209400 0.05269600
v 0.00479100 -0.03291300 0.05280300
v 0.00462800 -0.03264400 0.05269600
v 0.01737200 -0.02507900 0.04925700
v 0.01640000 -0.02750300 0.05214000
v 0.01564900 -0.02925500 0.05277500
v 0.01531500 -0.02919600 0.05269600
v 0.01152300 -0.03089000 0.05269600
v 0.01152300 -0.03089000 0.05269600
v 0.01106900 -0.02967400 0.05182800
v 0.01106900 -0.02967400 0.05182800
v 0.01076600 -0.02886200 0.05053100
v 0.00421700 -0.04356600 0.05206900
v 0.01248700 -0.04461600 0.05070900
v 0.00364800 -0.04470300 0.05051200
v 0.00364800 -0.04470300 0.05051200
v 0.01248700 -0.04461600 0.05070900
v 0.00474000 -0.04252100 0.05270000
v 0.00474000 -0.04252100 0.05270000
v 0.01202700 -0.04330500 0.05226900
v 0.01220900 -0.04382400 0.05183300
v 0.00518300 -0.04163300 0.05294900
v 0.01127300 -0.04115500 0.05299700
v 0.00474000 -0.04252100 0.05270000
v 0.01175300 -0.04252500 0.05269800
v 0.01134600 -0.04110400 0.05299700
v 0.01478300 -0.03117000 0.05300000
v 0.01247100 -0.04202200 0.05269800
v 0.01658300 -0.03006300 0.05277500
v 0.01311100 -0.04254500 0.05226900
v 0.01820000 -0.02898900 0.05214000
v 0.01872800 -0.02862000 0.05180700
v 0.01956500 -0.02801600 0.05105700
v 0.01418700 -0.04342300 0.05070900
v 0.01353700 -0.04289200 0.05183300
v 0.02005500 -0.02765000 0.05034400
v 0.01418700 -0.04342300 0.05070900
v 0.02031200 -0.02745500 0.04967900
v 0.02038500 -0.02739900 0.04925700
v 0.01478400 0.03117000 0.05300000
v 0.01134600 0.04110400 0.05299700
v 0.01247100 0.04202200 0.05269800
v 0.01418700 0.04342300 0.05070900
v 0.01956500 0.02801600 0.05105700
v 0.01353700 0.04289200 0.05183300
v 0.01872800 0.02862000 0.05180700
v 0.01311100 0.04254500 0.05226900
v 0.01820000 0.02898900 0.05214000
v 0.01658300 0.03006300 0.05277500
v 0.02038500 0.02739900 0.04925700
v 0.02031200 0.02745500 0.04967900
v 0.02005500 0.02765000 0.05034400
v 0.01737200 0.02507900 0.04925700
v 0.00329900 0.03034800 0.04946200
v 0.00341600 0.03055900 0.05038900
v 0.00705200 0.02998600 0.05053100
v 0.00369200 0.03104800 0.05135500
v 0.00393500 0.03147000 0.05187100
v 0.00725100 0.03083000 0.05182800
v 0.00549200 0.03404600 0.05300000
v 0.00407100 0.03170500 0.05209500
v 0.00462800 0.03264400 0.05269600
v 0.00754800 0.03209400 0.05269600
v 0.00479100 0.03291300 0.05280300
v 0.00328800 0.03032900 0.04923800
v 0.01664000 0.02692300 0.05180700
v 0.01701300 0.02599800 0.05105700
v 0.01431000 0.02727900 0.05053100
v 0.01431000 0.02727900 0.05053100
v 0.01431000 0.02727900 0.05053100
v 0.01722800 0.02545000 0.05034400
v 0.01734000 0.02516200 0.04967900
v 0.01564900 0.02925500 0.05277500
v 0.01531500 0.02919600 0.05269600
v 0.01477900 0.03116700 0.05300000
v 0.01152300 0.03089000 0.05269600
v 0.00754800 0.03209400 0.05269600
v 0.01640000 0.02750300 0.05214000
v 0.01471300 0.02804700 0.05182800
v 0.01152300 0.03089000 0.05269600
v 0.01106900 0.02967400 0.05182800
v 0.01471300 0.02804700 0.05182800
v 0.01106900 0.02967400 0.05182800
v 0.01106900 0.02967400 0.05182800
v 0.01076600 0.02886200 0.05053100
v 0.01248700 0.04461600 0.05070900
v 0.00364800 0.04470300 0.05051200
v 0.00364800 0.04470300 0.05051200
v 0.00364800 0.04470300 0.05051200
v 0.01248700 0.04461600 0.05070900
v 0.01220900 0.04382400 0.05183300
v 0.01220900 0.04382400 0.05183300
v 0.00421700 0.04356600 0.05206900
v 0.01202700 0.04330500 0.05226900
v 0.00474000 0.04252100 0.05270000
v 0.01175300 0.04252500 0.05269800
v 0.01127300 0.04115500 0.05299700
v 0.00518300 0.04163300 0.05294900
v 0.00486600 0.04131700 0.05294900
v 0.00548600 0.03405300 0.05300000
v 0.00397900 0.04176000 0.05270000
v 0.00426000 0.03352700 0.05280300
v 0.00397000 0.03340100 0.05269600
v 0.00296600 0.03296200 0.05209500
v 0.00293400 0.04228300 0.05206900
v 0.00271500 0.03285200 0.05187100
v 0.00226700 0.03265300 0.05135500
v 0.00179700 0.04285200 0.05051200
v 0.00174900 0.03242300 0.05038900
v 0.00179700 0.04285200 0.05051200
v 0.00152700 0.03232300 0.04946200
v 0.00150700 0.03231400 0.04923800
v 0.00174100 0.06876800 0.05036700
v 0.00179700 0.04914800 0.05051200
v 0.00243400 0.06876800 0.05156900
v 0.00293400 0.04971700 0.05206900
v 0.00349700 0.06876800 0.05246200
v 0.00397900 0.05024000 0.05270000
v 0.00476800 0.06876800 0.05293200
v 0.00497000 0.06379300 0.05296500
v 0.00549700 0.05792000 0.05300000
v 0.00486600 0.05068300 0.05294900
v 0.00549800 0.05791100 0.05300000
v 0.00923000 0.05819200 0.05053100
v 0.00549700 0.05792000 0.05300000
v 0.00497000 0.06379300 0.05296500
v 0.00605200 0.06325100 0.05269600
v 0.00605200 0.06325100 0.05269600
v 0.00605200 0.06325100 0.05269600
v 0.00787900 0.06883900 0.05010800
v 0.00819600 0.06354900 0.05053100
v 0.00781000 0.06883800 0.05032300
v 0.00729600 0.06882800 0.05131800
v 0.00733700 0.06343000 0.05182800
v 0.00716000 0.06882600 0.05149700
v 0.00513500 0.06878800 0.05284600
v 0.00615800 0.06880700 0.05239000
v 0.00634500 0.06881000 0.05226600
v 0.00686400 0.06882000 0.05182800
v 0.00476800 0.06876800 0.05293200
v 0.00476800 0.06878100 0.05293200
v 0.00491600 0.06878400 0.05290200
v 0.00491600 0.06878400 0.05290200
v 0.00712900 0.05767100 0.05269600
v 0.00878100 0.05223400 0.05269600
v 0.00878100 0.05223400 0.05269600
v 0.00712900 0.05767100 0.05269600
v 0.00838800 0.05798300 0.05182800
v 0.01000100 0.05267600 0.05182800
v 0.01000100 0.05267600 0.05182800
v 0.01000100 0.05267600 0.05182800
v 0.01081700 0.05297100 0.05053100
v 0.00518300 0.05036600 0.05294900
v 0.00859100 0.04960900 0.05275000
v 0.00901400 0.04901500 0.05247300
v 0.00450500 0.04900900 0.05246900
v 0.00901400 0.04901500 0.05247300
v 0.00971300 0.04803400 0.05168400
v 0.00421700 0.04843400 0.05206900
v 0.01006200 0.04754400 0.05101500
v 0.00377100 0.04754100 0.05100900
v 0.01030500 0.04720300 0.05025900
v 0.00364800 0.04729700 0.05051200
v 0.00924500 0.05054100 0.05275000
v 0.00924500 0.05054100 0.05275000
v 0.01110700 0.05002200 0.05168400
v 0.01110700 0.05002200 0.05168400
v 0.01209100 0.04974800 0.05025900
v 0.01209100 0.04974800 0.05025900
v -0.00150700 0.03231400 0.04923800
v -0.00152700 0.03232300 0.04946200
v -0.00179700 0.04285200 0.05051200
v -0.00174900 0.03242300 0.05038900
v -0.00226700 0.03265300 0.05135500
v -0.00293400 0.04228300 0.05206900
v -0.00397000 0.03340100 0.05269600
v -0.00397900 0.04176000 0.05270000
v -0.00296600 0.03296200 0.05209500
v -0.00271500 0.03285200 0.05187100
v -0.00426000 0.03352700 0.05280300
v -0.00548600 0.03405300 0.05300000
v -0.00486600 0.04131700 0.05294900
v -0.00407100 0.03170500 0.05209500
v -0.00393500 0.03147000 0.05187100
v -0.00725100 0.03083000 0.05182800
v -0.00328800 0.03032900 0.04923800
v -0.01734000 0.02516200 0.04967900
v -0.01722800 0.02545000 0.05034400
v -0.01431000 0.02727900 0.05053100
v -0.01701300 0.02599800 0.05105700
v -0.01664000 0.02692300 0.05180700
v -0.01471300 0.02804700 0.05182800
v -0.01477900 0.03116700 0.05300000
v -0.01737200 0.02507900 0.04925700
v -0.00369200 0.03104800 0.05135500
v -0.00341600 0.03055900 0.05038900
v -0.00705200 0.02998600 0.05053100
v -0.00705200 0.02998600 0.05053100
v -0.00329900 0.03034800 0.04946200
v -0.00549200 0.03404600 0.05300000
v -0.00754800 0.03209400 0.05269600
v -0.00479100 0.03291300 0.05280300
v -0.00462800 0.03264400 0.05269600
v -0.01640000 0.02750300 0.05214000
v -0.01564900 0.02925500 0.05277500
v -0.01531500 0.02919600 0.05269600
v -0.01152300 0.03089000 0.05269600
v -0.01152300 0.03089000 0.05269600
v -0.01106900 0.02967400 0.05182800
v -0.01076600 0.02886200 0.05053100
v -0.00518300 0.04163300 0.05294900
v -0.01127300 0.04115500 0.05299700
v -0.00474000 0.04252100 0.05270000
v -0.00474000 0.04252100 0.05270000
v -0.01175300 0.04252500 0.05269800
v -0.01175300 0.04252500 0.05269800
v -0.01202700 0.04330500 0.05226900
v -0.00421700 0.04356600 0.05206900
v -0.01220900 0.04382400 0.05183300
v -0.01248700 0.04461600 0.05070900
v -0.00364800 0.04470300 0.05051200
v -0.00364800 0.04470300 0.05051200
v -0.01248700 0.04461600 0.05070900
v -0.01248700 0.04461600 0.05070900
v -0.01248700 0.04461600 0.05070900
v -0.01134600 0.04110400 0.05299700
v -0.01478400 0.03117000 0.05300000
v -0.01247100 0.04202200 0.05269800
v -0.01658300 0.03006300 0.05277500
v -0.01311100 0.04254500 0.05226900
v -0.01820000 0.02898900 0.05214000
v -0.01872800 0.02862000 0.05180700
v -0.01956500 0.02801600 0.05105700
v -0.01418700 0.04342300 0.05070900
v -0.01353700 0.04289200 0.05183300
v -0.02005500 0.02765000 0.05034400
v -0.01418700 0.04342300 0.05070900
v -0.02031200 0.02745500 0.04967900
v -0.02038500 0.02739900 0.04925700
v -0.01081700 0.05297100 0.05053100
v -0.01081700 0.05297100 0.05053100
v -0.01209100 0.04974800 0.05025900
v -0.01209100 0.04974800 0.05025900
v -0.01000100 0.05267600 0.05182800
v -0.01110700 0.05002200 0.05168400
v -0.01110700 0.05002200 0.05168400
v -0.01110700 0.05002200 0.05168400
v -0.00878100 0.05223400 0.05269600
v -0.00924500 0.05054100 0.05275000
v -0.00859100 0.04960900 0.05275000
v -0.00518300 0.05036600 0.05294900
v -0.00901400 0.04901500 0.05247300
v -0.00450500 0.04900900 0.05246900
v -0.00971300 0.04803400 0.05168400
v -0.00421700 0.04843400 0.05206900
v -0.01006200 0.04754400 0.05101500
v -0.00377100 0.04754100 0.05100900
v -0.01030500 0.04720300 0.05025900
v -0.00364800 0.04729700 0.05051200
v -0.00497000 0.06379300 0.05296500
v -0.00549700 0.05792000 0.05300000
v -0.00712900 0.05767100 0.05269600
v -0.00549800 0.05791100 0.05300000
v -0.00712900 0.05767100 0.05269600
v -0.00491600 0.06878400 0.05290200
v -0.00476800 0.06876800 0.05293200
v -0.00476800 0.06876800 0.05293200
v -0.00491600 0.06878400 0.05290200
v -0.00476800 0.06878100 0.05293200
v -0.00605200 0.06325100 0.05269600
v -0.00733700 0.06343000 0.05182800
v -0.00716000 0.06882600 0.05149700
v -0.00634500 0.06881000 0.05226600
v -0.00615800 0.06880700 0.05239000
v -0.00513500 0.06878800 0.05284600
v -0.00819600 0.06354900 0.05053100
v -0.00787900 0.06883900 0.05010800
v -0.00781000 0.06883800 0.05032300
v -0.00729600 0.06882800 0.05131800
v -0.00923000 0.05819200 0.05053100
v -0.00838800 0.05798300 0.05182800
v -0.00923000 0.05819200 0.05053100
v -0.00476800 0.06876800 0.05293200
v -0.00349700 0.06876800 0.05246200
v -0.00397900 0.05024000 0.05270000
v -0.00486600 0.05068300 0.05294900
v -0.00243400 0.06876800 0.05156900
v -0.00293400 0.04971700 0.05206900
v -0.00293400 0.04971700 0.05206900
v -0.00174100 0.06876800 0.05036700
v -0.00179700 0.04914800 0.05051200
v -0.00179700 0.04914800 0.05051200
v -0.00174100 0.06876800 0.05036700
v -0.01407800 -0.04437100 0.04800000
v -0.01407800 -0.04437100 0.04900000
v -0.01407800 -0.04437100 0.04800000
v -0.01341500 -0.04483600 0.04800000
v -0.01341500 -0.04483600 0.04900000
v -0.01341500 -0.04483600 0.04800000
v -0.01341500 -0.04483600 0.04900000
v -0.01316900 -0.04441100 0.05083800
v -0.01241400 -0.04309500 0.05235500
v -0.01132100 -0.04112100 0.05299700
v -0.01129700 -0.04113800 0.05299700
v -0.01241400 -0.04309500 0.05235500
v -0.01278100 -0.04283700 0.05235500
v -0.01247100 -0.04202200 0.05269800
v -0.01278100 -0.04283700 0.05235500
v -0.01316900 -0.04441100 0.05083800
v -0.01376200 -0.04399500 0.05083800
v -0.01316900 -0.04441100 0.05083800
v -0.02049200 -0.02639500 0.04900000
v -0.02049200 -0.02639500 0.04800000
v -0.02049200 -0.02639500 0.04900000
v -0.02049200 -0.02639500 0.04800000
v -0.02009300 -0.02547900 0.04900000
v -0.02009300 -0.02547900 0.04800000
v -0.02009300 -0.02547900 0.04900000
v -0.02009300 -0.02547900 0.04800000
v -0.01930200 -0.02487000 0.04900000
v -0.01930200 -0.02487000 0.04800000
v -0.01930200 -0.02487000 0.04900000
v -0.01930200 -0.02487000 0.04800000
v -0.01831400 -0.02472000 0.04900000
v -0.01831400 -0.02472000 0.04800000
v -0.01831400 -0.02472000 0.04900000
v -0.01831400 -0.02472000 0.04800000
v -0.01478100 -0.03116700 0.05300000
v -0.01829500 -0.02475500 0.04943100
v -0.01829500 -0.02475500 0.04943100
v -0.01819400 -0.02494300 0.05007200
v -0.01794200 -0.02543800 0.05086100
v -0.01759300 -0.02614700 0.05151700
v -0.01708400 -0.02715100 0.05211800
v -0.01677600 -0.02773400 0.05237000
v -0.01583800 -0.02940800 0.05283700
v -0.01927000 -0.02491500 0.04953100
v -0.01927000 -0.02491500 0.04953100
v -0.01910900 -0.02515200 0.05029400
v -0.01819400 -0.02494300 0.05007200
v -0.01872100 -0.02573100 0.05114700
v -0.01822400 -0.02647900 0.05176500
v -0.01755500 -0.02746400 0.05228000
v -0.01716700 -0.02801700 0.05248800
v -0.01602900 -0.02956800 0.05286800
v -0.01621800 -0.02973200 0.05286800
v -0.01755100 -0.02833300 0.05248800
v -0.01801200 -0.02783500 0.05228000
v -0.01881700 -0.02694800 0.05176500
v -0.01872100 -0.02573100 0.05114700
v -0.01941600 -0.02627200 0.05114700
v -0.01910900 -0.02515200 0.05029400
v -0.01987300 -0.02574200 0.05029400
v -0.02005800 -0.02552200 0.04953100
v -0.02005800 -0.02552200 0.04953100
v -0.01640400 -0.02989800 0.05283700
v -0.01790200 -0.02866400 0.05237000
v -0.01841400 -0.02823200 0.05211800
v -0.01928600 -0.02748600 0.05151700
v -0.01989200 -0.02695600 0.05086100
v -0.01987300 -0.02574200 0.05029400
v -0.02030700 -0.02657400 0.05007200
v -0.02046300 -0.02642400 0.04943100
v -0.01928600 -0.02748600 0.05151700
v -0.01989200 -0.02695600 0.05086100
v -0.02030700 -0.02657400 0.05007200
v -0.02046300 -0.02642400 0.04943100
v -0.00237800 -0.03065500 0.04900000
v -0.00237800 -0.03065500 0.04800000
v -0.00237800 -0.03065500 0.04900000
v -0.00237800 -0.03065500 0.04800000
v -0.00173300 -0.03137400 0.04900000
v -0.00173300 -0.03137400 0.04800000
v -0.00173300 -0.03137400 0.04900000
v -0.00173300 -0.03137400 0.04800000
v -0.00549000 -0.03404800 0.05300000
v -0.00548800 -0.03405100 0.05300000
v -0.00174200 -0.03138000 0.04927400
v -0.00174200 -0.03138000 0.04927400
v -0.00176600 -0.03139800 0.04953100
v -0.00202500 -0.03159100 0.05056200
v -0.00258200 -0.03200000 0.05154800
v -0.00302600 -0.03232100 0.05203200
v -0.00326500 -0.03249300 0.05223300
v -0.00417600 -0.03313900 0.05275000
v -0.00443000 -0.03331700 0.05283900
v -0.00460800 -0.03311100 0.05283900
v -0.00439700 -0.03288400 0.05275000
v -0.00364400 -0.03206200 0.05223300
v -0.00344700 -0.03184500 0.05203200
v -0.00308100 -0.03143800 0.05154800
v -0.00262100 -0.03092600 0.05056200
v -0.00176600 -0.03139800 0.04953100
v -0.00240500 -0.03068500 0.04953100
v -0.00238500 -0.03066300 0.04927400
v -0.00308100 -0.03143800 0.05154800
v -0.00262100 -0.03092600 0.05056200
v -0.00240500 -0.03068500 0.04953100
v -0.00238500 -0.03066300 0.04927400
v -0.00250000 -0.04473200 0.04800000
v -0.00250000 -0.04473200 0.04900000
v -0.00250000 -0.04473200 0.04800000
v -0.00250000 -0.04473200 0.04900000
v -0.00176800 -0.04400000 0.04800000
v -0.00176800 -0.04400000 0.04900000
v -0.00176800 -0.04400000 0.04800000
v -0.00176800 -0.04400000 0.04900000
v -0.00328500 -0.04277300 0.05223500
v -0.00497100 -0.04142300 0.05296100
v -0.00507700 -0.04152900 0.05296100
v -0.00397900 -0.04176000 0.05270000
v -0.00328500 -0.04277300 0.05223500
v -0.00486600 -0.04131700 0.05294900
v -0.00372700 -0.04321500 0.05223500
v -0.00328500 -0.04277300 0.05223500
v -0.00212500 -0.04370900 0.05072800
v -0.00328500 -0.04277300 0.05223500
v -0.00212500 -0.04370900 0.05072800
v -0.00279100 -0.04437500 0.05072800
v -0.00279100 -0.04437500 0.05072800
v -0.00212500 -0.04370900 0.05072800
v -0.00212500 -0.04370900 0.05072800
v 0.00273500 -0.04484800 0.04800000
v 0.00250000 -0.04473200 0.04900000
v 0.00208600 -0.04441400 0.04800000
v 0.00208600 -0.04441400 0.04900000
v 0.00165200 -0.04376500 0.04800000
v 0.00176800 -0.04400000 0.04900000
v 0.00165200 -0.04376500 0.04800000
v 0.00421700 -0.04356600 0.05206900
v 0.00372700 -0.04321500 0.05223500
v 0.00507700 -0.04152900 0.05296100
v 0.00497100 -0.04142300 0.05296100
v 0.00474000 -0.04252100 0.05270000
v 0.00372700 -0.04321500 0.05223500
v 0.00518300 -0.04163300 0.05294900
v 0.00328500 -0.04277300 0.05223500
v 0.00179700 -0.04285200 0.05051200
v 0.00328500 -0.04277300 0.05223500
v 0.00328500 -0.04277300 0.05223500
v 0.00397900 -0.04176000 0.05270000
v 0.00279100 -0.04437500 0.05072800
v 0.00372700 -0.04321500 0.05223500
v 0.00279100 -0.04437500 0.05072800
v 0.00372700 -0.04321500 0.05223500
v 0.00372700 -0.04321500 0.05223500
v 0.00279100 -0.04437500 0.05072800
v 0.00212500 -0.04370900 0.05072800
v 0.00212500 -0.04370900 0.05072800
v 0.00212500 -0.04370900 0.05072800
v 0.00212500 -0.04370900 0.05072800
v 0.00328500 -0.04277300 0.05223500
v 0.00212500 -0.04370900 0.05072800
v 0.01831400 -0.02472000 0.04900000
v 0.01831400 -0.02472000 0.04800000
v 0.01831400 -0.02472000 0.04900000
v 0.01831400 -0.02472000 0.04800000
v 0.01930200 -0.02487000 0.04900000
v 0.01930200 -0.02487000 0.04800000
v 0.01930200 -0.02487000 0.04900000
v 0.01930200 -0.02487000 0.04800000
v 0.02009400 -0.02547900 0.04900000
v 0.02009400 -0.02547900 0.04800000
v 0.02009400 -0.02547900 0.04900000
v 0.02009400 -0.02547900 0.04800000
v 0.02049200 -0.02639500 0.04900000
v 0.02049200 -0.02639500 0.04800000
v 0.02049200 -0.02639500 0.04900000
v 0.02049200 -0.02639500 0.04800000
v 0.01478100 -0.03116700 0.05300000
v 0.02046300 -0.02642400 0.04943100
v 0.02046300 -0.02642400 0.04943100
v 0.02030700 -0.02657400 0.05007200
v 0.01989200 -0.02695600 0.05086100
v 0.01928600 -0.02748600 0.05151700
v 0.01841400 -0.02823200 0.05211800
v 0.01790200 -0.02866400 0.05237000
v 0.01640400 -0.02989800 0.05283700
v 0.02005800 -0.02552200 0.04953100
v 0.02005800 -0.02552200 0.04953100
v 0.01987300 -0.02574200 0.05029400
v 0.02030700 -0.02657400 0.05007200
v 0.01941600 -0.02627200 0.05114700
v 0.01881700 -0.02694800 0.05176500
v 0.01801200 -0.02783500 0.05228000
v 0.01755100 -0.02833300 0.05248800
v 0.01621800 -0.02973200 0.05286800
v 0.01602900 -0.02956800 0.05286800
v 0.01716700 -0.02801700 0.05248800
v 0.01755500 -0.02746400 0.05228000
v 0.01822400 -0.02647900 0.05176500
v 0.01941600 -0.02627200 0.05114700
v 0.01872100 -0.02573100 0.05114700
v 0.01987300 -0.02574200 0.05029400
v 0.01910900 -0.02515200 0.05029400
v 0.01927000 -0.02491500 0.04953100
v 0.01927000 -0.02491500 0.04953100
v 0.01583800 -0.02940800 0.05283700
v 0.01677600 -0.02773400 0.05237000
v 0.01708400 -0.02715100 0.05211800
v 0.01759300 -0.02614700 0.05151700
v 0.01794200 -0.02543800 0.05086100
v 0.01910900 -0.02515200 0.05029400
v 0.01819400 -0.02494300 0.05007200
v 0.01829500 -0.02475500 0.04943100
v 0.01759300 -0.02614700 0.05151700
v 0.01794200 -0.02543800 0.05086100
v 0.01819400 -0.02494300 0.05007200
v 0.01829500 -0.02475500 0.04943100
v 0.01341500 -0.04483600 0.04800000
v 0.01341500 -0.04483600 0.04900000
v 0.01341500 -0.04483600 0.04800000
v 0.01341500 -0.04483600 0.04900000
v 0.01341500 -0.04483600 0.04900000
v 0.01407800 -0.04437100 0.04800000
v 0.01407800 -0.04437100 0.04800000
v 0.01407800 -0.04437100 0.04900000
v 0.01407800 -0.04437100 0.04900000
v 0.01407800 -0.04437100 0.04800000
v 0.01407800 -0.04437100 0.04900000
v 0.01376200 -0.04399500 0.05083800
v 0.01278200 -0.04283700 0.05235500
v 0.01129700 -0.04113800 0.05299700
v 0.01132100 -0.04112100 0.05299700
v 0.01134600 -0.04110400 0.05299700
v 0.01247100 -0.04202200 0.05269800
v 0.01278200 -0.04283700 0.05235500
v 0.01241400 -0.04309500 0.05235500
v 0.01241400 -0.04309500 0.05235500
v 0.01353700 -0.04289200 0.05183300
v 0.01376200 -0.04399500 0.05083800
v 0.01316900 -0.04441100 0.05083800
v 0.01376200 -0.04399500 0.05083800
v 0.01376200 -0.04399500 0.05083800
v -0.00173300 0.03137400 0.04900000
v -0.00173300 0.03137400 0.04800000
v -0.00173300 0.03137400 0.04900000
v -0.00173300 0.03137400 0.04800000
v -0.00237800 0.03065500 0.04900000
v -0.00237800 0.03065500 0.04800000
v -0.00237800 0.03065500 0.04900000
v -0.00237800 0.03065500 0.04800000
v -0.00548800 0.03405100 0.05300000
v -0.00549000 0.03404800 0.05300000
v -0.00238500 0.03066300 0.04927400
v -0.00238500 0.03066300 0.04927400
v -0.00240500 0.03068500 0.04953100
v -0.00262100 0.03092600 0.05056200
v -0.00308100 0.03143800 0.05154800
v -0.00344700 0.03184500 0.05203200
v -0.00364400 0.03206200 0.05223300
v -0.00439700 0.03288400 0.05275000
v -0.00460800 0.03311100 0.05283900
v -0.00443000 0.03331700 0.05283900
v -0.00417600 0.03313900 0.05275000
v -0.00326500 0.03249300 0.05223300
v -0.00302600 0.03232100 0.05203200
v -0.00258200 0.03200000 0.05154800
v -0.00202500 0.03159100 0.05056200
v -0.00240500 0.03068500 0.04953100
v -0.00176600 0.03139800 0.04953100
v -0.00174200 0.03138000 0.04927400
v -0.00258200 0.03200000 0.05154800
v -0.00202500 0.03159100 0.05056200
v -0.00176600 0.03139800 0.04953100
v -0.00174200 0.03138000 0.04927400
v -0.01831400 0.02472000 0.04900000
v -0.01831400 0.02472000 0.04800000
v -0.01831400 0.02472000 0.04900000
v -0.01831400 0.02472000 0.04800000
v -0.01930200 0.02487000 0.04900000
v -0.01930200 0.02487000 0.04800000
v -0.01930200 0.02487000 0.04900000
v -0.01930200 0.02487000 0.04800000
v -0.02009400 0.02547900 0.04900000
v -0.02009400 0.02547900 0.04800000
v -0.02009400 0.02547900 0.04900000
v -0.02009400 0.02547900 0.04800000
v -0.02049200 0.02639500 0.04900000
v -0.02049200 0.02639500 0.04800000
v -0.02049200 0.02639500 0.04900000
v -0.02049200 0.02639500 0.04800000
v -0.01478200 0.03116900 0.05300000
v -0.02046300 0.02642400 0.04943100
v -0.02046300 0.02642400 0.04943100
v -0.02030700 0.02657400 0.05007200
v -0.01989200 0.02695600 0.05086100
v -0.01928600 0.02748600 0.05151700
v -0.01841400 0.02823200 0.05211800
v -0.01790200 0.02866400 0.05237000
v -0.01640400 0.02989800 0.05283700
v -0.02005800 0.02552200 0.04953100
v -0.02005800 0.02552200 0.04953100
v -0.01987300 0.02574200 0.05029400
v -0.02030700 0.02657400 0.05007200
v -0.01941600 0.02627200 0.05114700
v -0.01881700 0.02694800 0.05176500
v -0.01801200 0.02783500 0.05228000
v -0.01755100 0.02833300 0.05248800
v -0.01621800 0.02973200 0.05286800
v -0.01602900 0.02956800 0.05286800
v -0.01716700 0.02801700 0.05248800
v -0.01755500 0.02746400 0.05228000
v -0.01822400 0.02647900 0.05176500
v -0.01941600 0.02627200 0.05114700
v -0.01872100 0.02573100 0.05114700
v -0.01987300 0.02574200 0.05029400
v -0.01910900 0.02515200 0.05029400
v -0.01927000 0.02491500 0.04953100
v -0.01927000 0.02491500 0.04953100
v -0.01583800 0.02940800 0.05283700
v -0.01677600 0.02773400 0.05237000
v -0.01708400 0.02715100 0.05211800
v -0.01759300 0.02614700 0.05151700
v -0.01794200 0.02543800 0.05086100
v -0.01910900 0.02515200 0.05029400
v -0.01819400 0.02494300 0.05007200
v -0.01829500 0.02475500 0.04943100
v -0.01759300 0.02614700 0.05151700
v -0.01794200 0.02543800 0.05086100
v -0.01819400 0.02494300 0.05007200
v -0.01829500 0.02475500 0.04943100
v -0.01341500 0.04483600 0.04800000
v -0.01341500 0.04483600 0.04900000
v -0.01341500 0.04483600 0.04800000
v -0.01341500 0.04483600 0.04900000
v -0.01407800 0.04437100 0.04800000
v -0.01407800 0.04437100 0.04900000
v -0.01407800 0.04437100 0.04800000
v -0.01407800 0.04437100 0.04900000
v -0.01376200 0.04399500 0.05083800
v -0.01278200 0.04283700 0.05235500
v -0.01129700 0.04113800 0.05299700
v -0.01132100 0.04112100 0.05299700
v -0.01134600 0.04110400 0.05299700
v -0.01247100 0.04202200 0.05269800
v -0.01278200 0.04283700 0.05235500
v -0.01241400 0.04309500 0.05235500
v -0.01241400 0.04309500 0.05235500
v -0.01353700 0.04289200 0.05183300
v -0.01376200 0.04399500 0.05083800
v -0.01316900 0.04441100 0.05083800
v -0.01316900 0.04441100 0.05083800
v -0.01376200 0.04399500 0.05083800
v -0.01376200 0.04399500 0.05083800
v -0.00273500 0.04484800 0.04800000
v -0.00250000 0.04473200 0.04900000
v -0.00208600 0.04441400 0.04800000
v -0.00208600 0.04441400 0.04900000
v -0.00165200 0.04376500 0.04800000
v -0.00176800 0.04400000 0.04900000
v -0.00165200 0.04376500 0.04800000
v -0.00212500 0.04370900 0.05072800
v -0.00497100 0.04142300 0.05296100
v -0.00474000 0.04252100 0.05270000
v -0.00372700 0.04321500 0.05223500
v -0.00518300 0.04163300 0.05294900
v -0.00507700 0.04152900 0.05296100
v -0.00372700 0.04321500 0.05223500
v -0.00372700 0.04321500 0.05223500
v -0.00279100 0.04437500 0.05072800
v -0.00279100 0.04437500 0.05072800
v -0.00212500 0.04370900 0.05072800
v -0.00279100 0.04437500 0.05072800
v -0.00212500 0.04370900 0.05072800
v -0.00372700 0.04321500 0.05223500
v -0.00328500 0.04277300 0.05223500
v -0.00328500 0.04277300 0.05223500
v 0.01407800 0.04437100 0.04800000
v 0.01407800 0.04437100 0.04900000
v 0.01407800 0.04437100 0.04800000
v 0.01341500 0.04483600 0.04800000
v 0.01341500 0.04483600 0.04900000
v 0.01341500 0.04483600 0.04800000
v 0.01341500 0.04483600 0.04900000
v 0.01316900 0.04441100 0.05083800
v 0.01241400 0.04309500 0.05235500
v 0.01132100 0.04112100 0.05299700
v 0.01129700 0.04113800 0.05299700
v 0.01175300 0.04252500 0.05269800
v 0.01241400 0.04309500 0.05235500
v 0.01278100 0.04283700 0.05235500
v 0.01247100 0.04202200 0.05269800
v 0.01278100 0.04283700 0.05235500
v 0.01220900 0.04382400 0.05183300
v 0.01316900 0.04441100 0.05083800
v 0.01376200 0.04399500 0.05083800
v 0.01316900 0.04441100 0.05083800
v 0.01316900 0.04441100 0.05083800
v 0.02049200 0.02639500 0.04900000
v 0.02049200 0.02639500 0.04800000
v 0.02049200 0.02639500 0.04900000
v 0.02049200 0.02639500 0.04800000
v 0.02009300 0.02547900 0.04900000
v 0.02009300 0.02547900 0.04800000
v 0.02009300 0.02547900 0.04900000
v 0.02009300 0.02547900 0.04800000
v 0.01930200 0.02487000 0.04900000
v 0.01930200 0.02487000 0.04800000
v 0.01930200 0.02487000 0.04900000
v 0.01930200 0.02487000 0.04800000
v 0.01831400 0.02472000 0.04900000
v 0.01831400 0.02472000 0.04800000
v 0.01831400 0.02472000 0.04900000
v 0.01831400 0.02472000 0.04800000
v 0.01478200 0.03116900 0.05300000
v 0.01829500 0.02475500 0.04943100
v 0.01829500 0.02475500 0.04943100
v 0.01819400 0.02494300 0.05007200
v 0.01794200 0.02543800 0.05086100
v 0.01759300 0.02614700 0.05151700
v 0.01708400 0.02715100 0.05211800
v 0.01677600 0.02773400 0.05237000
v 0.01583800 0.02940800 0.05283700
v 0.01927000 0.02491500 0.04953100
v 0.01927000 0.02491500 0.04953100
v 0.01910900 0.02515200 0.05029400
v 0.01819400 0.02494300 0.05007200
v 0.01872100 0.02573100 0.05114700
v 0.01822400 0.02647900 0.05176500
v 0.01755500 0.02746400 0.05228000
v 0.01716700 0.02801700 0.05248800
v 0.01602900 0.02956800 0.05286800
v 0.01621800 0.02973200 0.05286800
v 0.01755100 0.02833300 0.05248800
v 0.01801200 0.02783500 0.05228000
v 0.01881700 0.02694800 0.05176500
v 0.01872100 0.02573100 0.05114700
v 0.01941600 0.02627200 0.05114700
v 0.01910900 0.02515200 0.05029400
v 0.01987300 0.02574200 0.05029400
v 0.02005800 0.02552200 0.04953100
v 0.02005800 0.02552200 0.04953100
v 0.01640400 0.02989800 0.05283700
v 0.01790200 0.02866400 0.05237000
v 0.01841400 0.02823200 0.05211800
v 0.01928600 0.02748600 0.05151700
v 0.01989200 0.02695600 0.05086100
v 0.01987300 0.02574200 0.05029400
v 0.02030700 0.02657400 0.05007200
v 0.02046300 0.02642400 0.04943100
v 0.01928600 0.02748600 0.05151700
v 0.01989200 0.02695600 0.05086100
v 0.02030700 0.02657400 0.05007200
v 0.02046300 0.02642400 0.04943100
v 0.00237800 0.03065500 0.04900000
v 0.00237800 0.03065500 0.04800000
v 0.00237800 0.03065500 0.04900000
v 0.00237800 0.03065500 0.04800000
v 0.00173300 0.03137400 0.04900000
v 0.00173300 0.03137400 0.04800000
v 0.00173300 0.03137400 0.04900000
v 0.00173300 0.03137400 0.04800000
v 0.00549000 0.03404800 0.05300000
v 0.00548800 0.03405100 0.05300000
v 0.00174200 0.03138000 0.04927400
v 0.00174200 0.03138000 0.04927400
v 0.00176600 0.03139800 0.04953100
v 0.00202500 0.03159100 0.05056200
v 0.00258200 0.03200000 0.05154800
v 0.00302600 0.03232100 0.05203200
v 0.00326500 0.03249300 0.05223300
v 0.00417600 0.03313900 0.05275000
v 0.00443000 0.03331700 0.05283900
v 0.00460800 0.03311100 0.05283900
v 0.00439700 0.03288400 0.05275000
v 0.00364400 0.03206200 0.05223300
v 0.00344700 0.03184500 0.05203200
v 0.00308100 0.03143800 0.05154800
v 0.00262100 0.03092600 0.05056200
v 0.00176600 0.03139800 0.04953100
v 0.00240500 0.03068500 0.04953100
v 0.00238500 0.03066300 0.04927400
v 0.00308100 0.03143800 0.05154800
v 0.00262100 0.03092600 0.05056200
v 0.00240500 0.03068500 0.04953100
v 0.00238500 0.03066300 0.04927400
v 0.00250000 0.04473200 0.04800000
v 0.00250000 0.04473200 0.04900000
v 0.00250000 0.04473200 0.04800000
v 0.00250000 0.04473200 0.04900000
v 0.00176800 0.04400000 0.04800000
v 0.00176800 0.04400000 0.04900000
v 0.00176800 0.04400000 0.04800000
v 0.00176800 0.04400000 0.04900000
v 0.00279100 0.04437500 0.05072800
v 0.00507700 0.04152900 0.05296100
v 0.00397900 0.04176000 0.05270000
v 0.00328500 0.04277300 0.05223500
v 0.00486600 0.04131700 0.05294900
v 0.00497100 0.04142300 0.05296100
v 0.00328500 0.04277300 0.05223500
v 0.00328500 0.04277300 0.05223500
v 0.00212500 0.04370900 0.05072800
v 0.00212500 0.04370900 0.05072800
v 0.00212500 0.04370900 0.05072800
v 0.00212500 0.04370900 0.05072800
v 0.00279100 0.04437500 0.05072800
v 0.00328500 0.04277300 0.05223500
v 0.00372700 0.04321500 0.05223500
v 0.00372700 0.04321500 0.05223500
v 0.00279100 0.04437500 0.05072800
v 0.00774400 0.06981100 0.04800000
v 0.00774400 0.06981100 0.04900000
v 0.00774400 0.06981100 0.04800000
v 0.00774400 0.06981100 0.04900000
v 0.00701600 0.07051300 0.04800000
v 0.00701600 0.07051300 0.04900000
v 0.00701600 0.07051300 0.04800000
v 0.00701600 0.07051300 0.04900000
v 0.00759900 0.06980900 0.05002800
v 0.00476800 0.07001000 0.05249200
v 0.00476800 0.07045000 0.05199400
v 0.00485900 0.07050400 0.05187900
v 0.00476800 0.07076800 0.05087200
v 0.00476800 0.07045000 0.05199400
v 0.00476800 0.07061700 0.05166400
v 0.00485900 0.07050400 0.05187900
v 0.00485900 0.07050400 0.05187900
v 0.00476800 0.07061700 0.05166400
v 0.00476800 0.07071000 0.05137100
v 0.00562200 0.07050700 0.05153400
v 0.00485600 0.06977700 0.05263500
v 0.00485600 0.06977700 0.05263500
v 0.00505900 0.06978000 0.05258200
v 0.00600900 0.06979100 0.05215300
v 0.00618300 0.06979300 0.05203600
v 0.00690000 0.07051200 0.04982600
v 0.00684900 0.07051200 0.04998600
v 0.00646800 0.07051000 0.05072800
v 0.00636700 0.07051000 0.05086300
v 0.00576100 0.07050700 0.05144000
v 0.00690000 0.07051200 0.04982600
v 0.00684900 0.07051200 0.04998600
v 0.00753600 0.06980800 0.05022700
v 0.00646800 0.07051000 0.05072800
v 0.00706200 0.06980300 0.05115100
v 0.00636700 0.07051000 0.05086300
v 0.00693600 0.06980100 0.05131800
v 0.00576100 0.07050700 0.05144000
v 0.00618300 0.06979300 0.05203600
v 0.00562200 0.07050700 0.05153400
v 0.00600900 0.06979100 0.05215300
v 0.00476800 0.07001000 0.05249200
v 0.00476800 0.06943300 0.05281700
v 0.00476800 0.06943300 0.05281700
v 0.00485600 0.06977700 0.05263500
v 0.00491600 0.06878400 0.05290200
v 0.00476800 0.06943300 0.05281700
v 0.00693600 0.06980100 0.05131800
v 0.00706200 0.06980300 0.05115100
v 0.00753600 0.06980800 0.05022700
v 0.00759900 0.06980900 0.05002800
v 0.00273500 0.07061600 0.04900000
v 0.00250000 0.07050000 0.04800000
v 0.00250000 0.07050000 0.04900000
v 0.00208600 0.07018300 0.04900000
v 0.00176800 0.06976800 0.04800000
v 0.00165200 0.06953400 0.04900000
v 0.00176800 0.06976800 0.04800000
v 0.00176800 0.06976800 0.04900000
v 0.00255100 0.06953400 0.05147200
v 0.00188400 0.06953400 0.05031500
v 0.00229100 0.07018300 0.05016700
v 0.00476800 0.07071000 0.05137100
v 0.00411500 0.07061600 0.05139400
v 0.00379000 0.07018300 0.05195500
v 0.00476800 0.06878100 0.05293200
v 0.00476800 0.06878100 0.05293200
v 0.00357300 0.06953400 0.05233100
v 0.00476800 0.06943300 0.05281700
v 0.00357300 0.06953400 0.05233100
v 0.00288300 0.07018300 0.05119300
v 0.00338100 0.07061600 0.05077600
v 0.00290100 0.07061600 0.04994500
v 0.00338100 0.07061600 0.05077600
v 0.00411500 0.07061600 0.05139400
v 0.01137300 0.04722600 0.04800000
v 0.01137300 0.04722600 0.04900000
v 0.01137300 0.04722600 0.04800000
v 0.01137300 0.04722600 0.04900000
v 0.01208800 0.04785100 0.04800000
v 0.01208800 0.04785100 0.04900000
v 0.01208800 0.04785100 0.04800000
v 0.01208800 0.04785100 0.04900000
v 0.01243300 0.04873600 0.04800000
v 0.01243300 0.04873600 0.04900000
v 0.01243300 0.04873600 0.04800000
v 0.01243300 0.04873600 0.04900000
v 0.00893200 0.05006500 0.05283100
v 0.00876400 0.04983200 0.05281100
v 0.00909400 0.05030300 0.05281100
v 0.01017600 0.04841000 0.05194200
v 0.01017600 0.04841000 0.05194200
v 0.01059000 0.04890200 0.05203100
v 0.01091200 0.04945900 0.05194200
v 0.01091200 0.04945900 0.05194200
v 0.01109100 0.04749900 0.05053200
v 0.01208000 0.04890800 0.05053200
v 0.01091200 0.04945900 0.05194200
v 0.01208000 0.04890800 0.05053200
v 0.01172300 0.04810700 0.05062900
v 0.01059000 0.04890200 0.05203100
v 0.01109100 0.04749900 0.05053200
v 0.01109100 0.04749900 0.05053200
v 0.01172300 0.04810700 0.05062900
v 0.01172300 0.04810700 0.05062900
v 0.01208000 0.04890800 0.05053200
v 0.01208000 0.04890800 0.05053200
v 0.00273500 0.04715200 0.04800000
v 0.00250000 0.04726800 0.04900000
v 0.00208600 0.04758600 0.04800000
v 0.00208600 0.04758600 0.04900000
v 0.00165200 0.04823500 0.04800000
v 0.00176800 0.04800000 0.04900000
v 0.00165200 0.04823500 0.04800000
v 0.00212500 0.04829100 0.05072800
v 0.00497100 0.05057700 0.05296100
v 0.00507700 0.05047100 0.05296100
v 0.00372700 0.04878500 0.05223500
v 0.00279100 0.04762500 0.05072800
v 0.00279100 0.04762500 0.05072800
v 0.00212500 0.04829100 0.05072800
v 0.00212500 0.04829100 0.05072800
v 0.00328500 0.04922700 0.05223500
v 0.00328500 0.04922700 0.05223500
v -0.01137300 0.04722600 0.04900000
v -0.01137300 0.04722600 0.04800000
v -0.01137300 0.04722600 0.04900000
v -0.01137300 0.04722600 0.04800000
v -0.01208800 0.04785100 0.04900000
v -0.01208800 0.04785100 0.04800000
v -0.01208800 0.04785100 0.04900000
v -0.01208800 0.04785100 0.04800000
v -0.01243300 0.04873600 0.04900000
v -0.01243300 0.04873600 0.04800000
v -0.01243300 0.04873600 0.04900000
v -0.01243300 0.04873600 0.04800000
v -0.01208000 0.04890800 0.05053200
v -0.00876400 0.04983200 0.05281100
v -0.00859100 0.04960900 0.05275000
v -0.01017600 0.04841000 0.05194200
v -0.00901400 0.04901500 0.05247300
v -0.01017600 0.04841000 0.05194200
v -0.01109100 0.04749900 0.05053200
v -0.01109100 0.04749900 0.05053200
v -0.01172300 0.04810700 0.05062900
v -0.01172300 0.04810700 0.05062900
v -0.01172300 0.04810700 0.05062900
v -0.01208000 0.04890800 0.05053200
v -0.01059000 0.04890200 0.05203100
v -0.01091200 0.04945900 0.05194200
v -0.01059000 0.04890200 0.05203100
v -0.00893200 0.05006500 0.05283100
v -0.00909400 0.05030300 0.05281100
v -0.01109100 0.04749900 0.05053200
v -0.00273500 0.07061600 0.04900000
v -0.00250000 0.07050000 0.04800000
v -0.00250000 0.07050000 0.04900000
v -0.00208600 0.07018300 0.04900000
v -0.00176800 0.06976800 0.04800000
v -0.00176800 0.06976800 0.04900000
v -0.00165200 0.06953400 0.04900000
v -0.00229100 0.07018300 0.05016700
v -0.00188400 0.06953400 0.05031500
v -0.00476800 0.06878100 0.05293200
v -0.00476800 0.06943300 0.05281700
v -0.00357300 0.06953400 0.05233100
v -0.00476800 0.07045000 0.05199400
v -0.00476800 0.07061700 0.05166400
v -0.00476800 0.07061700 0.05166400
v -0.00411500 0.07061600 0.05139400
v -0.00476800 0.07076800 0.05087200
v -0.00476800 0.07071000 0.05137100
v -0.00255100 0.06953400 0.05147200
v -0.00476800 0.07001000 0.05249200
v -0.00476800 0.07001000 0.05249200
v -0.00379000 0.07018300 0.05195500
v -0.00288300 0.07018300 0.05119300
v -0.00338100 0.07061600 0.05077600
v -0.00290100 0.07061600 0.04994500
v -0.00411500 0.07061600 0.05139400
v -0.00338100 0.07061600 0.05077600
v -0.00290100 0.07061600 0.04994500
v -0.00701600 0.07051300 0.04800000
v -0.00701600 0.07051300 0.04900000
v -0.00701600 0.07051300 0.04800000
v -0.00701600 0.07051300 0.04900000
v -0.00774400 0.06981100 0.04800000
v -0.00774400 0.06981100 0.04900000
v -0.00774400 0.06981100 0.04800000
v -0.00774400 0.06981100 0.04900000
v -0.00690000 0.07051200 0.04982600
v -0.00485600 0.06977700 0.05263500
v -0.00485600 0.06977700 0.05263500
v -0.00505900 0.06978000 0.05258200
v -0.00476800 0.07045000 0.05199400
v -0.00476800 0.07071000 0.05137100
v -0.00759900 0.06980900 0.05002800
v -0.00753600 0.06980800 0.05022700
v -0.00706200 0.06980300 0.05115100
v -0.00693600 0.06980100 0.05131800
v -0.00618300 0.06979300 0.05203600
v -0.00600900 0.06979100 0.05215300
v -0.00505900 0.06978000 0.05258200
v -0.00491600 0.06878400 0.05290200
v -0.00485600 0.06977700 0.05263500
v -0.00476800 0.06943300 0.05281700
v -0.00476800 0.06943300 0.05281700
v -0.00759900 0.06980900 0.05002800
v -0.00753600 0.06980800 0.05022700
v -0.00684900 0.07051200 0.04998600
v -0.00706200 0.06980300 0.05115100
v -0.00646800 0.07051000 0.05072800
v -0.00693600 0.06980100 0.05131800
v -0.00636700 0.07051000 0.05086300
v -0.00618300 0.06979300 0.05203600
v -0.00576100 0.07050700 0.05144000
v -0.00600900 0.06979100 0.05215300
v -0.00562200 0.07050700 0.05153400
v -0.00485900 0.07050400 0.05187900
v -0.00485900 0.07050400 0.05187900
v -0.00476800 0.07061700 0.05166400
v -0.00485900 0.07050400 0.05187900
v -0.00562200 0.07050700 0.05153400
v -0.00576100 0.07050700 0.05144000
v -0.00636700 0.07051000 0.05086300
v -0.00646800 0.07051000 0.05072800
v -0.00684900 0.07051200 0.04998600
v -0.00690000 0.07051200 0.04982600
v -0.00250000 0.04726800 0.04800000
v -0.00250000 0.04726800 0.04900000
v -0.00250000 0.04726800 0.04800000
v -0.00250000 0.04726800 0.04900000
v -0.00176800 0.04800000 0.04800000
v -0.00176800 0.04800000 0.04900000
v -0.00176800 0.04800000 0.04800000
v -0.00176800 0.04800000 0.04900000
v -0.00328500 0.04922700 0.05223500
v -0.00497100 0.05057700 0.05296100
v -0.00507700 0.05047100 0.05296100
v -0.00397900 0.05024000 0.05270000
v -0.00328500 0.04922700 0.05223500
v -0.00328500 0.04922700 0.05223500
v -0.00486600 0.05068300 0.05294900
v -0.00372700 0.04878500 0.05223500
v -0.00372700 0.04878500 0.05223500
v -0.00328500 0.04922700 0.05223500
v -0.00212500 0.04829100 0.05072800
v -0.00328500 0.04922700 0.05223500
v -0.00212500 0.04829100 0.05072800
v -0.00279100 0.04762500 0.05072800
v -0.00279100 0.04762500 0.05072800
v -0.00279100 0.04762500 0.05072800
v -0.00212500 0.04829100 0.05072800
v -0.00212500 0.04829100 0.05072800
v 0.00173300 -0.03137400 0.04900000
v 0.00173300 -0.03137400 0.04800000
v 0.00173300 -0.03137400 0.04900000
v 0.00173300 -0.03137400 0.04800000
v 0.00237800 -0.03065500 0.04900000
v 0.00237800 -0.03065500 0.04800000
v 0.00237800 -0.03065500 0.04900000
v 0.00237800 -0.03065500 0.04800000
v 0.00548800 -0.03405100 0.05300000
v 0.00549000 -0.03404800 0.05300000
v 0.00238500 -0.03066300 0.04927400
v 0.00238500 -0.03066300 0.04927400
v 0.00240500 -0.03068500 0.04953100
v 0.00262100 -0.03092600 0.05056200
v 0.00308100 -0.03143800 0.05154800
v 0.00344700 -0.03184500 0.05203200
v 0.00364400 -0.03206200 0.05223300
v 0.00439700 -0.03288400 0.05275000
v 0.00460800 -0.03311100 0.05283900
v 0.00443000 -0.03331700 0.05283900
v 0.00417600 -0.03313900 0.05275000
v 0.00326500 -0.03249300 0.05223300
v 0.00302600 -0.03232100 0.05203200
v 0.00258200 -0.03200000 0.05154800
v 0.00202500 -0.03159100 0.05056200
v 0.00240500 -0.03068500 0.04953100
v 0.00176600 -0.03139800 0.04953100
v 0.00174200 -0.03138000 0.04927400
v 0.00258200 -0.03200000 0.05154800
v 0.00202500 -0.03159100 0.05056200
v 0.00176600 -0.03139800 0.04953100
v 0.00174200 -0.03138000 0.04927400
v 0.01137300 -0.04722600 0.04900000
v 0.01137300 -0.04722600 0.04800000
v 0.01137300 -0.04722600 0.04900000
v 0.01137300 -0.04722600 0.04800000
v 0.01208800 -0.04785100 0.04900000
v 0.01208800 -0.04785100 0.04800000
v 0.01208800 -0.04785100 0.04900000
v 0.01208800 -0.04785100 0.04800000
v 0.01243300 -0.04873600 0.04900000
v 0.01243300 -0.04873600 0.04800000
v 0.01243300 -0.04873600 0.04900000
v 0.01243300 -0.04873600 0.04800000
v 0.01208000 -0.04890800 0.05053200
v 0.00876400 -0.04983200 0.05281100
v 0.00859100 -0.04960900 0.05275000
v 0.01017600 -0.04841000 0.05194200
v 0.00901400 -0.04901500 0.05247300
v 0.01017600 -0.04841000 0.05194200
v 0.01109100 -0.04749900 0.05053200
v 0.01109100 -0.04749900 0.05053200
v 0.01172300 -0.04810700 0.05062900
v 0.01172300 -0.04810700 0.05062900
v 0.01172300 -0.04810700 0.05062900
v 0.01208000 -0.04890800 0.05053200
v 0.01059000 -0.04890200 0.05203100
v 0.01091200 -0.04945900 0.05194200
v 0.01059000 -0.04890200 0.05203100
v 0.00893200 -0.05006500 0.05283100
v 0.00909400 -0.05030300 0.05281100
v 0.01109100 -0.04749900 0.05053200
v 0.00273500 -0.07061600 0.04800000
v 0.00250000 -0.07050000 0.04900000
v 0.00208600 -0.07018300 0.04800000
v 0.00208600 -0.07018300 0.04900000
v 0.00165200 -0.06953400 0.04800000
v 0.00176800 -0.06976800 0.04900000
v 0.00165200 -0.06953400 0.04800000
v 0.00199300 -0.06976800 0.05027500
v 0.00199300 -0.06976800 0.05027500
v 0.00476800 -0.06943300 0.05281700
v 0.00476800 -0.06976900 0.05265900
v 0.00363100 -0.06976800 0.05223000
v 0.00476800 -0.07045000 0.05199400
v 0.00476800 -0.07050100 0.05190800
v 0.00399800 -0.07050000 0.05159700
v 0.00476800 -0.07076800 0.05087200
v 0.00476800 -0.07071000 0.05137100
v 0.00476800 -0.07001000 0.05249200
v 0.00476800 -0.06878100 0.05293200
v 0.00264000 -0.06976800 0.05139700
v 0.00264000 -0.06976800 0.05139700
v 0.00320100 -0.07050000 0.05092700
v 0.00199300 -0.06976800 0.05027500
v 0.00268100 -0.07050000 0.05002500
v 0.00399800 -0.07050000 0.05159700
v 0.00320100 -0.07050000 0.05092700
v 0.00268100 -0.07050000 0.05002500
v 0.00701600 -0.07051300 0.04800000
v 0.00701600 -0.07051300 0.04900000
v 0.00701600 -0.07051300 0.04800000
v 0.00701600 -0.07051300 0.04900000
v 0.00774400 -0.06981100 0.04800000
v 0.00774400 -0.06981100 0.04900000
v 0.00774400 -0.06981100 0.04800000
v 0.00774400 -0.06981100 0.04900000
v 0.00690000 -0.07051200 0.04982600
v 0.00485600 -0.06977700 0.05263500
v 0.00485600 -0.06977700 0.05263500
v 0.00476800 -0.06976900 0.05265900
v 0.00476800 -0.06943300 0.05281700
v 0.00476800 -0.07001000 0.05249200
v 0.00505900 -0.06978000 0.05258200
v 0.00759900 -0.06980900 0.05002800
v 0.00753600 -0.06980800 0.05022700
v 0.00706200 -0.06980300 0.05115100
v 0.00693600 -0.06980100 0.05131800
v 0.00618300 -0.06979300 0.05203600
v 0.00600900 -0.06979100 0.05215300
v 0.00505900 -0.06978000 0.05258200
v 0.00491600 -0.06878400 0.05290200
v 0.00485600 -0.06977700 0.05263500
v 0.00476800 -0.06943300 0.05281700
v 0.00476800 -0.06943300 0.05281700
v 0.00759900 -0.06980900 0.05002800
v 0.00753600 -0.06980800 0.05022700
v 0.00684900 -0.07051200 0.04998600
v 0.00706200 -0.06980300 0.05115100
v 0.00646800 -0.07051000 0.05072800
v 0.00693600 -0.06980100 0.05131800
v 0.00636700 -0.07051000 0.05086300
v 0.00618300 -0.06979300 0.05203600
v 0.00576100 -0.07050700 0.05144000
v 0.00600900 -0.06979100 0.05215300
v 0.00562200 -0.07050700 0.05153400
v 0.00485900 -0.07050400 0.05187900
v 0.00562200 -0.07050700 0.05153400
v 0.00576100 -0.07050700 0.05144000
v 0.00636700 -0.07051000 0.05086300
v 0.00646800 -0.07051000 0.05072800
v 0.00684900 -0.07051200 0.04998600
v 0.00690000 -0.07051200 0.04982600
v 0.00250000 -0.04726800 0.04800000
v 0.00250000 -0.04726800 0.04900000
v 0.00250000 -0.04726800 0.04800000
v 0.00250000 -0.04726800 0.04900000
v 0.00176800 -0.04800000 0.04800000
v 0.00176800 -0.04800000 0.04900000
v 0.00176800 -0.04800000 0.04800000
v 0.00176800 -0.04800000 0.04900000
v 0.00328500 -0.04922700 0.05223500
v 0.00497100 -0.05057700 0.05296100
v 0.00507700 -0.05047100 0.05296100
v 0.00397900 -0.05024000 0.05270000
v 0.00328500 -0.04922700 0.05223500
v 0.00328500 -0.04922700 0.05223500
v 0.00486600 -0.05068300 0.05294900
v 0.00372700 -0.04878500 0.05223500
v 0.00372700 -0.04878500 0.05223500
v 0.00328500 -0.04922700 0.05223500
v 0.00212500 -0.04829100 0.05072800
v 0.00328500 -0.04922700 0.05223500
v 0.00212500 -0.04829100 0.05072800
v 0.00279100 -0.04762500 0.05072800
v 0.00279100 -0.04762500 0.05072800
v 0.00279100 -0.04762500 0.05072800
v 0.00212500 -0.04829100 0.05072800
v 0.00212500 -0.04829100 0.05072800
v -0.00250000 -0.07050000 0.04800000
v -0.00250000 -0.07050000 0.04900000
v -0.00250000 -0.07050000 0.04800000
v -0.00250000 -0.07050000 0.04900000
v -0.00176800 -0.06976800 0.04800000
v -0.00176800 -0.06976800 0.04900000
v -0.00176800 -0.06976800 0.04800000
v -0.00176800 -0.06976800 0.04900000
v -0.00774400 -0.06981100 0.04800000
v -0.00774400 -0.06981100 0.04900000
v -0.00774400 -0.06981100 0.04800000
v -0.00774400 -0.06981100 0.04900000
v -0.00701600 -0.07051300 0.04800000
v -0.00701600 -0.07051300 0.04900000
v -0.00701600 -0.07051300 0.04800000
v -0.00701600 -0.07051300 0.04900000
v -0.00476800 -0.07001000 0.05249200
v -0.00476800 -0.06976900 0.05265900
v -0.00476800 -0.06976900 0.05265900
v -0.00363100 -0.06976800 0.05223000
v -0.00476800 -0.06878100 0.05293200
v -0.00476800 -0.06943300 0.05281700
v -0.00476800 -0.07071000 0.05137100
v -0.00476800 -0.07050100 0.05190800
v -0.00399800 -0.07050000 0.05159700
v -0.00476800 -0.07045000 0.05199400
v -0.00476800 -0.07076800 0.05087200
v -0.00199300 -0.06976800 0.05027500
v -0.00264000 -0.06976800 0.05139700
v -0.00363100 -0.06976800 0.05223000
v -0.00199300 -0.06976800 0.05027500
v -0.00268100 -0.07050000 0.05002500
v -0.00264000 -0.06976800 0.05139700
v -0.00320100 -0.07050000 0.05092700
v -0.00268100 -0.07050000 0.05002500
v -0.00320100 -0.07050000 0.05092700
v -0.00399800 -0.07050000 0.05159700
v -0.00759900 -0.06980900 0.05002800
v -0.00562200 -0.07050700 0.05153400
v -0.00485900 -0.07050400 0.05187900
v -0.00476800 -0.07001000 0.05249200
v -0.00476800 -0.07045000 0.05199400
v -0.00476800 -0.06943300 0.05281700
v -0.00476800 -0.06943300 0.05281700
v -0.00485600 -0.06977700 0.05263500
v -0.00491600 -0.06878400 0.05290200
v -0.00485600 -0.06977700 0.05263500
v -0.00505900 -0.06978000 0.05258200
v -0.00600900 -0.06979100 0.05215300
v -0.00618300 -0.06979300 0.05203600
v -0.00690000 -0.07051200 0.04982600
v -0.00684900 -0.07051200 0.04998600
v -0.00646800 -0.07051000 0.05072800
v -0.00636700 -0.07051000 0.05086300
v -0.00576100 -0.07050700 0.05144000
v -0.00690000 -0.07051200 0.04982600
v -0.00684900 -0.07051200 0.04998600
v -0.00753600 -0.06980800 0.05022700
v -0.00646800 -0.07051000 0.05072800
v -0.00706200 -0.06980300 0.05115100
v -0.00636700 -0.07051000 0.05086300
v -0.00693600 -0.06980100 0.05131800
v -0.00576100 -0.07050700 0.05144000
v -0.00618300 -0.06979300 0.05203600
v -0.00600900 -0.06979100 0.05215300
v -0.00476800 -0.07001000 0.05249200
v -0.00476800 -0.07001000 0.05249200
v -0.00485600 -0.06977700 0.05263500
v -0.00476800 -0.06976900 0.05265900
v -0.00476800 -0.06943300 0.05281700
v -0.00693600 -0.06980100 0.05131800
v -0.00706200 -0.06980300 0.05115100
v -0.00753600 -0.06980800 0.05022700
v -0.00759900 -0.06980900 0.05002800
v -0.00273500 -0.04715200 0.04800000
v -0.00250000 -0.04726800 0.04900000
v -0.00208600 -0.04758600 0.04800000
v -0.00208600 -0.04758600 0.04900000
v -0.00165200 -0.04823500 0.04800000
v -0.00176800 -0.04800000 0.04900000
v -0.00165200 -0.04823500 0.04800000
v -0.00212500 -0.04829100 0.05072800
v -0.00497100 -0.05057700 0.05296100
v -0.00507700 -0.05047100 0.05296100
v -0.00372700 -0.04878500 0.05223500
v -0.00279100 -0.04762500 0.05072800
v -0.00279100 -0.04762500 0.05072800
v -0.00212500 -0.04829100 0.05072800
v -0.00328500 -0.04922700 0.05223500
v -0.00328500 -0.04922700 0.05223500
v -0.01137300 -0.04722600 0.04800000
v -0.01137300 -0.04722600 0.04900000
v -0.01137300 -0.04722600 0.04800000
v -0.01137300 -0.04722600 0.04900000
v -0.01208800 -0.04785100 0.04800000
v -0.01208800 -0.04785100 0.04900000
v -0.01208800 -0.04785100 0.04800000
v -0.01208800 -0.04785100 0.04900000
v -0.01243300 -0.04873600 0.04800000
v -0.01243300 -0.04873600 0.04900000
v -0.01243300 -0.04873600 0.04800000
v -0.01243300 -0.04873600 0.04900000
v -0.00893200 -0.05006500 0.05283100
v -0.00876400 -0.04983200 0.05281100
v -0.00909400 -0.05030300 0.05281100
v -0.01017600 -0.04841000 0.05194200
v -0.01017600 -0.04841000 0.05194200
v -0.01059000 -0.04890200 0.05203100
v -0.01091200 -0.04945900 0.05194200
v -0.01091200 -0.04945900 0.05194200
v -0.01109100 -0.04749900 0.05053200
v -0.01208000 -0.04890800 0.05053200
v -0.01091200 -0.04945900 0.05194200
v -0.01208000 -0.04890800 0.05053200
v -0.01172300 -0.04810700 0.05062900
v -0.01059000 -0.04890200 0.05203100
v -0.01109100 -0.04749900 0.05053200
v -0.01109100 -0.04749900 0.05053200
v -0.01172300 -0.04810700 0.05062900
v -0.01172300 -0.04810700 0.05062900
v -0.01208000 -0.04890800 0.05053200
v -0.01208000 -0.04890800 0.05053200
v -0.00900000 -0.07200000 0.06700000
v -0.00938300 -0.07192400 0.04820000
v -0.00938300 -0.07192400 0.04820000
v -0.00950000 -0.07186600 0.06700000
v -0.00950000 -0.07186600 0.06700000
v -0.00950000 -0.07186600 0.04820000
v -0.00970700 -0.07170700 0.04820000
v -0.00986600 -0.07150000 0.06700000
v -0.00986600 -0.07150000 0.04820000
v -0.00992400 -0.07138300 0.04820000
v 0.00992400 -0.07138300 0.06700000
v 0.00992400 -0.07138300 0.04820000
v 0.00970700 -0.07170700 0.06700000
v 0.00970700 -0.07170700 0.04820000
v 0.00970700 -0.07170700 0.04820000
v 0.00970700 -0.07170700 0.06700000
v 0.00938300 -0.07192400 0.06700000
v 0.00938300 -0.07192400 0.04820000
v -0.00992400 0.07138300 0.06700000
v -0.00986600 0.07150000 0.04820000
v -0.00970700 0.07170700 0.06700000
v -0.00970700 0.07170700 0.04820000
v -0.00938300 0.07192400 0.06700000
v -0.00950000 0.07186600 0.04820000
v -0.00950000 0.07186600 0.04820000
v -0.00938300 0.07192400 0.06700000
v 0.00950000 0.07186600 0.06700000
v 0.00950000 0.07186600 0.04820000
v 0.00950000 0.07186600 0.04820000
v 0.00950000 0.07186600 0.04820000
v 0.00950000 0.07186600 0.06700000
v 0.00986600 0.07150000 0.06700000
v 0.00986600 0.07150000 0.06700000
v 0.00986600 0.07150000 0.04820000
v 0.00986600 0.07150000 0.04820000
v 0.00986600 0.07150000 0.06700000
v -0.00912100 -0.06287900 0.06700000
v -0.00850600 -0.06240500 0.06093700
v -0.00879700 -0.06259700 0.06075200
v -0.00883200 -0.06262500 0.06072000
v -0.00911600 -0.06287400 0.06037500
v -0.00977200 -0.06385200 0.06700000
v -0.00932500 -0.06310500 0.05999900
v -0.00956800 -0.06344800 0.05937800
v -0.00956800 -0.06344800 0.05937800
v -0.00819800 -0.06225000 0.06100000
v -0.00814800 -0.06222800 0.06700000
v -0.00740700 -0.06202800 0.06100000
v -0.00967700 -0.06364600 0.05900000
v -0.00977200 -0.06385200 0.06700000
v -0.00998800 -0.06435100 0.05695300
v -0.00995200 -0.06416700 0.05721600
v -0.00984700 -0.06392800 0.05787400
v 0.00700000 -0.06200000 0.06700000
v 0.00740700 -0.06202800 0.06100000
v 0.00850000 -0.06240200 0.06700000
v 0.00850000 -0.06240200 0.06700000
v 0.00819800 -0.06225000 0.06100000
v 0.00829100 -0.06229200 0.06099400
v 0.00914500 -0.06290300 0.06033000
v 0.00959800 -0.06350000 0.06700000
v 0.00919800 -0.06295800 0.06024300
v 0.00946100 -0.06328400 0.05968100
v 0.00886900 -0.06265300 0.06068400
v 0.00859700 -0.06246100 0.06089300
v 0.00850300 -0.06240400 0.06093900
v 0.00967700 -0.06364600 0.05900000
v 0.00960100 -0.06350500 0.05927200
v 0.00982500 -0.06389200 0.05801100
v 0.00998900 -0.06436100 0.05694400
v 0.00994700 -0.06414800 0.05725300
v 0.00912100 0.06287900 0.06700000
v 0.00850600 0.06240500 0.06093700
v 0.00879700 0.06259700 0.06075200
v 0.00883200 0.06262500 0.06072000
v 0.00911600 0.06287400 0.06037500
v 0.00977200 0.06385200 0.06700000
v 0.00932500 0.06310500 0.05999900
v 0.00956800 0.06344800 0.05937800
v 0.00819800 0.06225000 0.06100000
v 0.00814800 0.06222800 0.06700000
v 0.00740700 0.06202800 0.06100000
v 0.00967700 0.06364600 0.05900000
v 0.00977200 0.06385200 0.06700000
v 0.00998800 0.06435100 0.05695300
v 0.00995200 0.06416700 0.05721600
v 0.00984700 0.06392800 0.05787400
v -0.00700000 0.06200000 0.06700000
v -0.00740700 0.06202800 0.06100000
v -0.00850000 0.06240200 0.06700000
v -0.00819800 0.06225000 0.06100000
v -0.00829100 0.06229200 0.06099400
v -0.00914500 0.06290300 0.06033000
v -0.00959800 0.06350000 0.06700000
v -0.00919800 0.06295800 0.06024300
v -0.00946100 0.06328400 0.05968100
v -0.00886900 0.06265300 0.06068400
v -0.00859700 0.06246100 0.06089300
v -0.00850300 0.06240400 0.06093900
v -0.00967700 0.06364600 0.05900000
v -0.00960100 0.06350500 0.05927200
v -0.00982500 0.06389200 0.05801100
v -0.00998900 0.06436100 0.05694400
v -0.00994700 0.06414800 0.05725300
v -0.03218800 -0.01037800 0.04820000
v -0.03218800 -0.01037800 0.05400000
v -0.03500000 -0.01037800 0.04820000
v -0.03500000 -0.01037800 0.05400000
v -0.03708200 -0.00537500 0.05450000
v -0.03708200 -0.00537500 0.05450000
v -0.03708200 -0.00537500 0.05450000
v -0.03475000 0.00600000 0.05450000
v -0.03475000 0.00600000 0.05450000
v -0.03475000 0.00600000 0.05450000
v -0.03475000 0.00600000 0.05450000
v -0.03491700 0.00537500 0.05450000
v -0.03491700 0.00537500 0.05450000
v -0.03725000 -0.00600000 0.05450000
v -0.03725000 -0.00600000 0.05450000
v -0.03725000 -0.00600000 0.05450000
v -0.03537500 0.00491700 0.05450000
v -0.03600000 0.00475000 0.05450000
v -0.03600000 0.00475000 0.05450000
v -0.03662500 -0.00491700 0.05450000
v -0.03662500 -0.00491700 0.05450000
v -0.03600000 -0.00475000 0.05450000
v -0.03537500 -0.00491700 0.05450000
v -0.03950000 0.00537800 0.05450000
v -0.03950000 0.00537800 0.05450000
v -0.03950000 0.00537800 0.05450000
v -0.03950000 0.00537800 0.05450000
v -0.03950000 -0.00537800 0.05450000
v -0.03950000 -0.00537800 0.05450000
v -0.03950000 -0.00537800 0.05450000
v -0.03662500 0.00491700 0.05450000
v -0.03662500 0.00491700 0.05450000
v -0.03662500 0.00491700 0.05450000
v -0.03708200 -0.00662500 0.05450000
v -0.03708200 -0.00662500 0.05450000
v -0.03708200 -0.00662500 0.05450000
v -0.03889700 -0.00762800 0.05450000
v -0.03889700 -0.00762800 0.05450000
v -0.03662500 -0.00708200 0.05450000
v -0.03725000 -0.00927500 0.05450000
v -0.03600000 -0.00725000 0.05450000
v -0.03500000 -0.00987800 0.05450000
v -0.03500000 -0.00987800 0.05450000
v -0.03537500 -0.00708200 0.05450000
v -0.03537500 -0.00708200 0.05450000
v -0.03537500 -0.00708200 0.05450000
v -0.03218800 -0.00987800 0.05450000
v -0.03218800 -0.00987800 0.05450000
v -0.03218800 -0.00987800 0.05450000
v -0.03491700 -0.00662500 0.05450000
v -0.03491700 -0.00662500 0.05450000
v -0.03074700 -0.01007000 0.05450000
v -0.03074700 -0.01007000 0.05450000
v -0.03475000 -0.00600000 0.05450000
v -0.03156400 -0.00710700 0.05450000
v -0.03491700 -0.00537500 0.05450000
v -0.03226600 -0.00238600 0.05450000
v -0.03226600 0.00238600 0.05450000
v -0.03156400 0.00710700 0.05450000
v -0.03491700 0.00662500 0.05450000
v -0.03491700 0.00662500 0.05450000
v -0.03074700 0.01007000 0.05450000
v -0.03074700 0.01007000 0.05450000
v -0.03537500 0.00708200 0.05450000
v -0.03537500 0.00708200 0.05450000
v -0.03218800 0.00987800 0.05450000
v -0.03218800 0.00987800 0.05450000
v -0.03600000 0.00725000 0.05450000
v -0.03600000 0.00725000 0.05450000
v -0.03500000 0.00987800 0.05450000
v -0.03662500 0.00708200 0.05450000
v -0.03662500 0.00708200 0.05450000
v -0.03725000 0.00927500 0.05450000
v -0.03725000 0.00927500 0.05450000
v -0.03708200 0.00662500 0.05450000
v -0.03708200 0.00662500 0.05450000
v -0.03889700 0.00762800 0.05450000
v -0.03889700 0.00762800 0.05450000
v -0.03725000 0.00600000 0.05450000
v -0.03725000 0.00600000 0.05450000
v -0.03725000 0.00600000 0.05450000
v -0.03708200 0.00537500 0.05450000
v -0.03708200 0.00537500 0.05450000
v -0.03500000 0.01037800 0.04820000
v -0.03500000 0.01037800 0.05400000
v -0.03218800 0.01037800 0.04820000
v -0.03218800 0.01037800 0.05400000
v -0.04000000 -0.00537800 0.04820000
v -0.04000000 -0.00537800 0.05400000
v -0.04000000 0.00537800 0.04820000
v -0.04000000 0.00537800 0.05400000
v -0.03087800 -0.01055300 0.05400000
v -0.03020500 -0.01078800 0.04820000
v -0.03005100 -0.01085800 0.05408200
v -0.02986300 -0.01095200 0.05411700
v -0.02854700 -0.01195100 0.04820000
v -0.02842200 -0.01209000 0.05434700
v -0.02854700 0.01195100 0.04820000
v -0.02842200 0.01208900 0.05434700
v -0.02986300 0.01095200 0.05411700
v -0.03020500 0.01078800 0.04820000
v -0.03005100 0.01085800 0.05408200
v -0.03087800 0.01055300 0.05400000
v -0.03933000 -0.00787800 0.04820000
v -0.03933000 -0.00787800 0.05400000
v -0.03933000 -0.00787800 0.05400000
v -0.03933000 -0.00787800 0.05400000
v -0.03933000 -0.00787800 0.04820000
v -0.03750000 -0.00970800 0.04820000
v -0.03750000 -0.00970800 0.04820000
v -0.03750000 -0.00970800 0.05400000
v -0.03750000 -0.00970800 0.05400000
v -0.03750000 -0.00970800 0.04820000
v -0.03961900 0.00729200 0.05400000
v -0.03961900 0.00729200 0.04820000
v -0.03933000 0.00787800 0.04820000
v -0.03933000 0.00787800 0.05400000
v -0.03853600 0.00891400 0.04820000
v -0.03853600 0.00891400 0.05400000
v -0.03750000 0.00970800 0.04820000
v -0.03750000 0.00970800 0.05400000
v -0.03691300 0.00999800 0.04820000
v -0.03691300 0.00999800 0.05400000
v -0.02974500 0.01058100 0.05459800
v -0.02899900 0.01039500 0.05492600
v -0.02870200 0.01090700 0.05495400
v -0.02942400 0.01083700 0.05463300
v -0.02861500 0.01106600 0.05495500
v -0.02895900 0.01128000 0.05465900
v -0.02749200 0.01366100 0.05450100
v -0.02749100 0.01366500 0.05450400
v -0.02766700 0.01322900 0.05453800
v -0.02761200 0.01333400 0.05460000
v -0.02776100 0.01302900 0.05455500
v -0.02767200 0.01317500 0.05464500
v -0.02813800 0.01235200 0.05461400
v -0.02790000 0.01259100 0.05478800
v -0.02828600 0.01212500 0.05463100
v -0.02799100 0.01237300 0.05483100
v -0.02836800 0.01200700 0.05463900
v -0.02822200 0.01185100 0.05490800
v -0.02835400 0.01157600 0.05493400
v -0.02984300 0.01051000 0.05458500
v -0.02993900 0.01044100 0.05457000
v -0.02905200 0.01027300 0.05492300
v -0.02912400 0.01015700 0.05490700
v -0.02974500 0.01058100 0.05459800
v -0.03036900 0.00683800 0.05476100
v -0.03036900 -0.00683800 0.05476100
v -0.03104500 -0.00229600 0.05476100
v -0.03104500 0.00229600 0.05476100
v -0.02912400 -0.01015700 0.05490700
v -0.02993900 -0.01044100 0.05457000
v -0.03104500 0.00229600 0.05476100
v -0.03104500 -0.00229600 0.05476100
v -0.03036900 -0.00683800 0.05476100
v -0.02905200 -0.01027300 0.05492300
v -0.02984300 -0.01051000 0.05458500
v -0.02898000 -0.01039100 0.05493700
v -0.02974500 -0.01058100 0.05459800
v -0.02749100 -0.01366500 0.05450400
v -0.02762500 -0.01332600 0.05453000
v -0.02761200 -0.01333400 0.05460000
v -0.02767200 -0.01317500 0.05464500
v -0.02762500 -0.01332600 0.05453000
v -0.02788700 -0.01278300 0.05457700
v -0.02790000 -0.01259100 0.05478800
v -0.02799100 -0.01237300 0.05483100
v -0.02836800 -0.01200700 0.05463900
v -0.02822200 -0.01185100 0.05490800
v -0.02865000 -0.01163400 0.05465700
v -0.02835400 -0.01157600 0.05493400
v -0.02884700 -0.01140200 0.05466000
v -0.02861500 -0.01106600 0.05495500
v -0.02922200 -0.01101700 0.05464800
v -0.02870200 -0.01090700 0.05495400
v -0.02934300 -0.01090700 0.05464000
v -0.03600000 0.00725000 0.04800000
v -0.03600000 0.00725000 0.05450000
v -0.03600000 0.00725000 0.05450000
v -0.03662500 0.00708200 0.04800000
v -0.03662500 0.00708200 0.04800000
v -0.03662500 0.00708200 0.05450000
v -0.03662500 0.00708200 0.04800000
v -0.03662500 0.00708200 0.05450000
v -0.03662500 0.00708200 0.05450000
v -0.03708200 0.00662500 0.04800000
v -0.03708200 0.00662500 0.04800000
v -0.03708200 0.00662500 0.05450000
v -0.03708200 0.00662500 0.04800000
v -0.03708200 0.00662500 0.05450000
v -0.03708200 0.00662500 0.05450000
v -0.03725000 0.00600000 0.04800000
v -0.03725000 0.00600000 0.04800000
v -0.03725000 0.00600000 0.05450000
v -0.03725000 0.00600000 0.04800000
v -0.03725000 0.00600000 0.05450000
v -0.03725000 0.00600000 0.05450000
v -0.03708200 0.00537500 0.04800000
v -0.03708200 0.00537500 0.04800000
v -0.03708200 0.00537500 0.05450000
v -0.03708200 0.00537500 0.04800000
v -0.03708200 0.00537500 0.05450000
v -0.03662500 0.00491700 0.04800000
v -0.03662500 0.00491700 0.05450000
v -0.03662500 0.00491700 0.04800000
v -0.03662500 0.00491700 0.05450000
v -0.03662500 0.00491700 0.05450000
v -0.03600000 0.00475000 0.04800000
v -0.03600000 0.00475000 0.04800000
v -0.03600000 0.00475000 0.05450000
v -0.03600000 0.00475000 0.04800000
v -0.03600000 0.00475000 0.05450000
v -0.03600000 0.00475000 0.05450000
v -0.03537500 0.00491700 0.04800000
v -0.03537500 0.00491700 0.04800000
v -0.03537500 0.00491700 0.05450000
v -0.03537500 0.00491700 0.04800000
v -0.03537500 0.00491700 0.05450000
v -0.03537500 0.00491700 0.05450000
v -0.03491700 0.00537500 0.04800000
v -0.03491700 0.00537500 0.04800000
v -0.03491700 0.00537500 0.05450000
v -0.03491700 0.00537500 0.04800000
v -0.03491700 0.00537500 0.05450000
v -0.03475000 0.00600000 0.04800000
v -0.03475000 0.00600000 0.05450000
v -0.03475000 0.00600000 0.04800000
v -0.03475000 0.00600000 0.05450000
v -0.03475000 0.00600000 0.05450000
v -0.03491700 0.00662500 0.04800000
v -0.03491700 0.00662500 0.04800000
v -0.03491700 0.00662500 0.05450000
v -0.03491700 0.00662500 0.04800000
v -0.03491700 0.00662500 0.05450000
v -0.03491700 0.00662500 0.05450000
v -0.03537500 0.00708200 0.04800000
v -0.03537500 0.00708200 0.04800000
v -0.03537500 0.00708200 0.05450000
v -0.03537500 0.00708200 0.04800000
v -0.03537500 0.00708200 0.05450000
v -0.03537500 0.00708200 0.05450000
v -0.03600000 0.00725000 0.04800000
v -0.03600000 0.00725000 0.04800000
v -0.03600000 0.00725000 0.05450000
v -0.03600000 -0.00475000 0.04800000
v -0.03600000 -0.00475000 0.05450000
v -0.03600000 -0.00475000 0.05450000
v -0.03662500 -0.00491700 0.04800000
v -0.03662500 -0.00491700 0.04800000
v -0.03662500 -0.00491700 0.05450000
v -0.03662500 -0.00491700 0.04800000
v -0.03662500 -0.00491700 0.05450000
v -0.03708200 -0.00537500 0.04800000
v -0.03708200 -0.00537500 0.05450000
v -0.03708200 -0.00537500 0.04800000
v -0.03708200 -0.00537500 0.05450000
v -0.03708200 -0.00537500 0.05450000
v -0.03725000 -0.00600000 0.04800000
v -0.03725000 -0.00600000 0.04800000
v -0.03725000 -0.00600000 0.05450000
v -0.03725000 -0.00600000 0.04800000
v -0.03725000 -0.00600000 0.05450000
v -0.03725000 -0.00600000 0.05450000
v -0.03708200 -0.00662500 0.04800000
v -0.03708200 -0.00662500 0.04800000
v -0.03708200 -0.00662500 0.05450000
v -0.03708200 -0.00662500 0.04800000
v -0.03708200 -0.00662500 0.05450000
v -0.03708200 -0.00662500 0.05450000
v -0.03662500 -0.00708200 0.04800000
v -0.03662500 -0.00708200 0.04800000
v -0.03662500 -0.00708200 0.05450000
v -0.03662500 -0.00708200 0.04800000
v -0.03662500 -0.00708200 0.05450000
v -0.03662500 -0.00708200 0.05450000
v -0.03600000 -0.00725000 0.04800000
v -0.03600000 -0.00725000 0.04800000
v -0.03600000 -0.00725000 0.05450000
v -0.03600000 -0.00725000 0.04800000
v -0.03600000 -0.00725000 0.05450000
v -0.03600000 -0.00725000 0.05450000
v -0.03537500 -0.00708200 0.04800000
v -0.03537500 -0.00708200 0.04800000
v -0.03537500 -0.00708200 0.05450000
v -0.03537500 -0.00708200 0.04800000
v -0.03537500 -0.00708200 0.05450000
v -0.03537500 -0.00708200 0.05450000
v -0.03491700 -0.00662500 0.04800000
v -0.03491700 -0.00662500 0.04800000
v -0.03491700 -0.00662500 0.05450000
v -0.03491700 -0.00662500 0.04800000
v -0.03491700 -0.00662500 0.05450000
v -0.03491700 -0.00662500 0.05450000
v -0.03475000 -0.00600000 0.04800000
v -0.03475000 -0.00600000 0.04800000
v -0.03475000 -0.00600000 0.05450000
v -0.03475000 -0.00600000 0.04800000
v -0.03475000 -0.00600000 0.05450000
v -0.03475000 -0.00600000 0.05450000
v -0.03491700 -0.00537500 0.04800000
v -0.03491700 -0.00537500 0.04800000
v -0.03491700 -0.00537500 0.05450000
v -0.03491700 -0.00537500 0.04800000
v -0.03491700 -0.00537500 0.05450000
v -0.03537500 -0.00491700 0.04800000
v -0.03537500 -0.00491700 0.05450000
v -0.03537500 -0.00491700 0.04800000
v -0.03537500 -0.00491700 0.05450000
v -0.03537500 -0.00491700 0.05450000
v -0.03600000 -0.00475000 0.04800000
v -0.03600000 -0.00475000 0.04800000
v -0.03600000 -0.00475000 0.05450000
v 0.00000000 -0.03640000 0.05300000
v 0.00000000 -0.03640000 0.06200000
v 0.00000000 -0.03640000 0.06200000
v -0.00055000 -0.03654700 0.05300000
v -0.00055000 -0.03654700 0.05300000
v -0.00055000 -0.03654700 0.06200000
v -0.00055000 -0.03654700 0.05300000
v -0.00055000 -0.03654700 0.06200000
v -0.00055000 -0.03654700 0.06200000
v -0.00095300 -0.03695000 0.05300000
v -0.00095300 -0.03695000 0.05300000
v -0.00095300 -0.03695000 0.06200000
v -0.00095300 -0.03695000 0.05300000
v -0.00095300 -0.03695000 0.06200000
v -0.00095300 -0.03695000 0.06200000
v -0.00110000 -0.03750000 0.05300000
v -0.00110000 -0.03750000 0.05300000
v -0.00110000 -0.03750000 0.06200000
v -0.00110000 -0.03750000 0.05300000
v -0.00110000 -0.03750000 0.06200000
v -0.00110000 -0.03750000 0.06200000
v -0.00095300 -0.03805000 0.05300000
v -0.00095300 -0.03805000 0.05300000
v -0.00095300 -0.03805000 0.06200000
v -0.00095300 -0.03805000 0.05300000
v -0.00095300 -0.03805000 0.06200000
v -0.00095300 -0.03805000 0.06200000
v -0.00055000 -0.03845300 0.05300000
v -0.00055000 -0.03845300 0.05300000
v -0.00055000 -0.03845300 0.06200000
v -0.00055000 -0.03845300 0.05300000
v -0.00055000 -0.03845300 0.06200000
v -0.00055000 -0.03845300 0.06200000
v 0.00000000 -0.03860000 0.05300000
v 0.00000000 -0.03860000 0.05300000
v 0.00000000 -0.03860000 0.06200000
v 0.00000000 -0.03860000 0.05300000
v 0.00000000 -0.03860000 0.06200000
v 0.00000000 -0.03860000 0.06200000
v 0.00055000 -0.03845300 0.05300000
v 0.00055000 -0.03845300 0.05300000
v 0.00055000 -0.03845300 0.06200000
v 0.00055000 -0.03845300 0.05300000
v 0.00055000 -0.03845300 0.06200000
v 0.00055000 -0.03845300 0.06200000
v 0.00095300 -0.03805000 0.05300000
v 0.00095300 -0.03805000 0.05300000
v 0.00095300 -0.03805000 0.06200000
v 0.00095300 -0.03805000 0.05300000
v 0.00095300 -0.03805000 0.06200000
v 0.00095300 -0.03805000 0.06200000
v 0.00110000 -0.03750000 0.05300000
v 0.00110000 -0.03750000 0.05300000
v 0.00110000 -0.03750000 0.06200000
v 0.00110000 -0.03750000 0.05300000
v 0.00110000 -0.03750000 0.06200000
v 0.00110000 -0.03750000 0.06200000
v 0.00095300 -0.03695000 0.05300000
v 0.00095300 -0.03695000 0.05300000
v 0.00095300 -0.03695000 0.06200000
v 0.00095300 -0.03695000 0.05300000
v 0.00095300 -0.03695000 0.06200000
v 0.00095300 -0.03695000 0.06200000
v 0.00055000 -0.03654700 0.05300000
v 0.00055000 -0.03654700 0.05300000
v 0.00055000 -0.03654700 0.06200000
v 0.00055000 -0.03654700 0.05300000
v 0.00055000 -0.03654700 0.06200000
v 0.00055000 -0.03654700 0.06200000
v 0.00000000 -0.03640000 0.05300000
v 0.00000000 -0.03640000 0.05300000
v 0.00000000 -0.03640000 0.06200000
v 0.00095300 -0.03695000 0.05300000
v 0.00095300 -0.03695000 0.05300000
v 0.00055000 -0.03654700 0.05300000
v 0.00000000 -0.03750000 0.05300000
v 0.00000000 -0.03750000 0.05300000
v 0.00000000 -0.03640000 0.05300000
v -0.00055000 -0.03654700 0.05300000
v 0.00055000 -0.03845300 0.05300000
v 0.00095300 -0.03805000 0.05300000
v 0.00110000 -0.03750000 0.05300000
v 0.00110000 -0.03750000 0.05300000
v -0.00095300 -0.03805000 0.05300000
v -0.00055000 -0.03845300 0.05300000
v 0.00000000 -0.03860000 0.05300000
v -0.00095300 -0.03695000 0.05300000
v -0.00110000 -0.03750000 0.05300000
v 0.00000000 -0.05140000 0.05300000
v 0.00000000 -0.05140000 0.06200000
v 0.00000000 -0.05140000 0.06200000
v -0.00055000 -0.05154700 0.05300000
v -0.00055000 -0.05154700 0.05300000
v -0.00055000 -0.05154700 0.06200000
v -0.00055000 -0.05154700 0.05300000
v -0.00055000 -0.05154700 0.06200000
v -0.00055000 -0.05154700 0.06200000
v -0.00095300 -0.05195000 0.05300000
v -0.00095300 -0.05195000 0.05300000
v -0.00095300 -0.05195000 0.06200000
v -0.00095300 -0.05195000 0.05300000
v -0.00095300 -0.05195000 0.06200000
v -0.00095300 -0.05195000 0.06200000
v -0.00110000 -0.05250000 0.05300000
v -0.00110000 -0.05250000 0.05300000
v -0.00110000 -0.05250000 0.06200000
v -0.00110000 -0.05250000 0.05300000
v -0.00110000 -0.05250000 0.06200000
v -0.00110000 -0.05250000 0.06200000
v -0.00095300 -0.05305000 0.05300000
v -0.00095300 -0.05305000 0.05300000
v -0.00095300 -0.05305000 0.06200000
v -0.00095300 -0.05305000 0.05300000
v -0.00095300 -0.05305000 0.06200000
v -0.00095300 -0.05305000 0.06200000
v -0.00055000 -0.05345300 0.05300000
v -0.00055000 -0.05345300 0.05300000
v -0.00055000 -0.05345300 0.06200000
v -0.00055000 -0.05345300 0.05300000
v -0.00055000 -0.05345300 0.06200000
v -0.00055000 -0.05345300 0.06200000
v 0.00000000 -0.05360000 0.05300000
v 0.00000000 -0.05360000 0.05300000
v 0.00000000 -0.05360000 0.06200000
v 0.00000000 -0.05360000 0.05300000
v 0.00000000 -0.05360000 0.06200000
v 0.00000000 -0.05360000 0.06200000
v 0.00055000 -0.05345300 0.05300000
v 0.00055000 -0.05345300 0.05300000
v 0.00055000 -0.05345300 0.06200000
v 0.00055000 -0.05345300 0.05300000
v 0.00055000 -0.05345300 0.06200000
v 0.00055000 -0.05345300 0.06200000
v 0.00095300 -0.05305000 0.05300000
v 0.00095300 -0.05305000 0.05300000
v 0.00095300 -0.05305000 0.06200000
v 0.00095300 -0.05305000 0.05300000
v 0.00095300 -0.05305000 0.06200000
v 0.00095300 -0.05305000 0.06200000
v 0.00110000 -0.05250000 0.05300000
v 0.00110000 -0.05250000 0.05300000
v 0.00110000 -0.05250000 0.06200000
v 0.00110000 -0.05250000 0.05300000
v 0.00110000 -0.05250000 0.06200000
v 0.00110000 -0.05250000 0.06200000
v 0.00095300 -0.05195000 0.05300000
v 0.00095300 -0.05195000 0.05300000
v 0.00095300 -0.05195000 0.06200000
v 0.00095300 -0.05195000 0.05300000
v 0.00095300 -0.05195000 0.06200000
v 0.00095300 -0.05195000 0.06200000
v 0.00055000 -0.05154700 0.05300000
v 0.00055000 -0.05154700 0.05300000
v 0.00055000 -0.05154700 0.06200000
v 0.00055000 -0.05154700 0.05300000
v 0.00055000 -0.05154700 0.06200000
v 0.00055000 -0.05154700 0.06200000
v 0.00000000 -0.05140000 0.05300000
v 0.00000000 -0.05140000 0.05300000
v 0.00000000 -0.05140000 0.06200000
v 0.00095300 -0.05195000 0.05300000
v 0.00095300 -0.05195000 0.05300000
v 0.00055000 -0.05154700 0.05300000
v 0.00000000 -0.05250000 0.05300000
v 0.00000000 -0.05250000 0.05300000
v 0.00000000 -0.05250000 0.05300000
v 0.00000000 -0.05250000 0.05300000
v 0.00000000 -0.05250000 0.05300000
v 0.00000000 -0.05140000 0.05300000
v -0.00055000 -0.05154700 0.05300000
v 0.00055000 -0.05345300 0.05300000
v 0.00095300 -0.05305000 0.05300000
v 0.00095300 -0.05305000 0.05300000
v 0.00110000 -0.05250000 0.05300000
v 0.00110000 -0.05250000 0.05300000
v -0.00095300 -0.05305000 0.05300000
v -0.00095300 -0.05305000 0.05300000
v -0.00055000 -0.05345300 0.05300000
v 0.00000000 -0.05360000 0.05300000
v -0.00095300 -0.05195000 0.05300000
v -0.00095300 -0.05195000 0.05300000
v -0.00110000 -0.05250000 0.05300000
v -0.00110000 -0.05250000 0.05300000
v -0.00000000 0.05360000 0.05300000
v -0.00000000 0.05360000 0.06200000
v -0.00000000 0.05360000 0.06200000
v -0.00055000 0.05345300 0.05300000
v -0.00055000 0.05345300 0.05300000
v -0.00055000 0.05345300 0.06200000
v -0.00055000 0.05345300 0.05300000
v -0.00055000 0.05345300 0.06200000
v -0.00055000 0.05345300 0.06200000
v -0.00095300 0.05305000 0.05300000
v -0.00095300 0.05305000 0.05300000
v -0.00095300 0.05305000 0.06200000
v -0.00095300 0.05305000 0.05300000
v -0.00095300 0.05305000 0.06200000
v -0.00095300 0.05305000 0.06200000
v -0.00110000 0.05250000 0.05300000
v -0.00110000 0.05250000 0.05300000
v -0.00110000 0.05250000 0.06200000
v -0.00110000 0.05250000 0.05300000
v -0.00110000 0.05250000 0.06200000
v -0.00110000 0.05250000 0.06200000
v -0.00095300 0.05195000 0.05300000
v -0.00095300 0.05195000 0.05300000
v -0.00095300 0.05195000 0.06200000
v -0.00095300 0.05195000 0.05300000
v -0.00095300 0.05195000 0.06200000
v -0.00095300 0.05195000 0.06200000
v -0.00055000 0.05154700 0.05300000
v -0.00055000 0.05154700 0.05300000
v -0.00055000 0.05154700 0.06200000
v -0.00055000 0.05154700 0.05300000
v -0.00055000 0.05154700 0.06200000
v -0.00055000 0.05154700 0.06200000
v -0.00000000 0.05140000 0.05300000
v -0.00000000 0.05140000 0.05300000
v -0.00000000 0.05140000 0.06200000
v -0.00000000 0.05140000 0.05300000
v -0.00000000 0.05140000 0.06200000
v -0.00000000 0.05140000 0.06200000
v 0.00055000 0.05154700 0.05300000
v 0.00055000 0.05154700 0.05300000
v 0.00055000 0.05154700 0.06200000
v 0.00055000 0.05154700 0.05300000
v 0.00055000 0.05154700 0.06200000
v 0.00055000 0.05154700 0.06200000
v 0.00095300 0.05195000 0.05300000
v 0.00095300 0.05195000 0.05300000
v 0.00095300 0.05195000 0.06200000
v 0.00095300 0.05195000 0.05300000
v 0.00095300 0.05195000 0.06200000
v 0.00095300 0.05195000 0.06200000
v 0.00110000 0.05250000 0.05300000
v 0.00110000 0.05250000 0.05300000
v 0.00110000 0.05250000 0.06200000
v 0.00110000 0.05250000 0.05300000
v 0.00110000 0.05250000 0.06200000
v 0.00110000 0.05250000 0.06200000
v 0.00095300 0.05305000 0.05300000
v 0.00095300 0.05305000 0.05300000
v 0.00095300 0.05305000 0.06200000
v 0.00095300 0.05305000 0.05300000
v 0.00095300 0.05305000 0.06200000
v 0.00095300 0.05305000 0.06200000
v 0.00055000 0.05345300 0.05300000
v 0.00055000 0.05345300 0.05300000
v 0.00055000 0.05345300 0.06200000
v 0.00055000 0.05345300 0.05300000
v 0.00055000 0.05345300 0.06200000
v 0.00055000 0.05345300 0.06200000
v -0.00000000 0.05360000 0.05300000
v -0.00000000 0.05360000 0.05300000
v -0.00000000 0.05360000 0.06200000
v 0.00095300 0.05305000 0.05300000
v 0.00095300 0.05305000 0.05300000
v 0.00055000 0.05345300 0.05300000
v -0.00000000 0.05250000 0.05300000
v -0.00000000 0.05250000 0.05300000
v -0.00000000 0.05360000 0.05300000
v -0.00055000 0.05345300 0.05300000
v 0.00055000 0.05154700 0.05300000
v 0.00095300 0.05195000 0.05300000
v 0.00110000 0.05250000 0.05300000
v 0.00110000 0.05250000 0.05300000
v -0.00095300 0.05195000 0.05300000
v -0.00055000 0.05154700 0.05300000
v -0.00000000 0.05140000 0.05300000
v -0.00095300 0.05305000 0.05300000
v -0.00110000 0.05250000 0.05300000
v -0.00000000 0.03860000 0.05300000
v -0.00000000 0.03860000 0.06200000
v -0.00000000 0.03860000 0.06200000
v -0.00055000 0.03845300 0.05300000
v -0.00055000 0.03845300 0.05300000
v -0.00055000 0.03845300 0.06200000
v -0.00055000 0.03845300 0.05300000
v -0.00055000 0.03845300 0.06200000
v -0.00055000 0.03845300 0.06200000
v -0.00095300 0.03805000 0.05300000
v -0.00095300 0.03805000 0.05300000
v -0.00095300 0.03805000 0.06200000
v -0.00095300 0.03805000 0.05300000
v -0.00095300 0.03805000 0.06200000
v -0.00095300 0.03805000 0.06200000
v -0.00110000 0.03750000 0.05300000
v -0.00110000 0.03750000 0.05300000
v -0.00110000 0.03750000 0.06200000
v -0.00110000 0.03750000 0.05300000
v -0.00110000 0.03750000 0.06200000
v -0.00110000 0.03750000 0.06200000
v -0.00095300 0.03695000 0.05300000
v -0.00095300 0.03695000 0.05300000
v -0.00095300 0.03695000 0.06200000
v -0.00095300 0.03695000 0.05300000
v -0.00095300 0.03695000 0.06200000
v -0.00095300 0.03695000 0.06200000
v -0.00055000 0.03654700 0.05300000
v -0.00055000 0.03654700 0.05300000
v -0.00055000 0.03654700 0.06200000
v -0.00055000 0.03654700 0.05300000
v -0.00055000 0.03654700 0.06200000
v -0.00055000 0.03654700 0.06200000
v -0.00000000 0.03640000 0.05300000
v -0.00000000 0.03640000 0.05300000
v -0.00000000 0.03640000 0.06200000
v -0.00000000 0.03640000 0.05300000
v -0.00000000 0.03640000 0.06200000
v -0.00000000 0.03640000 0.06200000
v 0.00055000 0.03654700 0.05300000
v 0.00055000 0.03654700 0.05300000
v 0.00055000 0.03654700 0.06200000
v 0.00055000 0.03654700 0.05300000
v 0.00055000 0.03654700 0.06200000
v 0.00055000 0.03654700 0.06200000
v 0.00095300 0.03695000 0.05300000
v 0.00095300 0.03695000 0.05300000
v 0.00095300 0.03695000 0.06200000
v 0.00095300 0.03695000 0.05300000
v 0.00095300 0.03695000 0.06200000
v 0.00095300 0.03695000 0.06200000
v 0.00110000 0.03750000 0.05300000
v 0.00110000 0.03750000 0.05300000
v 0.00110000 0.03750000 0.06200000
v 0.00110000 0.03750000 0.05300000
v 0.00110000 0.03750000 0.06200000
v 0.00110000 0.03750000 0.06200000
v 0.00095300 0.03805000 0.05300000
v 0.00095300 0.03805000 0.05300000
v 0.00095300 0.03805000 0.06200000
v 0.00095300 0.03805000 0.05300000
v 0.00095300 0.03805000 0.06200000
v 0.00095300 0.03805000 0.06200000
v 0.00055000 0.03845300 0.05300000
v 0.00055000 0.03845300 0.05300000
v 0.00055000 0.03845300 0.06200000
v 0.00055000 0.03845300 0.05300000
v 0.00055000 0.03845300 0.06200000
v 0.00055000 0.03845300 0.06200000
v -0.00000000 0.03860000 0.05300000
v -0.00000000 0.03860000 0.05300000
v -0.00000000 0.03860000 0.06200000
v 0.00095300 0.03805000 0.05300000
v 0.00095300 0.03805000 0.05300000
v 0.00055000 0.03845300 0.05300000
v -0.00000000 0.03750000 0.05300000
v -0.00000000 0.03750000 0.05300000
v -0.00000000 0.03750000 0.05300000
v -0.00000000 0.03750000 0.05300000
v -0.00000000 0.03750000 0.05300000
v -0.00000000 0.03860000 0.05300000
v -0.00055000 0.03845300 0.05300000
v 0.00055000 0.03654700 0.05300000
v 0.00095300 0.03695000 0.05300000
v 0.00095300 0.03695000 0.05300000
v 0.00110000 0.03750000 0.05300000
v 0.00110000 0.03750000 0.05300000
v -0.00095300 0.03695000 0.05300000
v -0.00095300 0.03695000 0.05300000
v -0.00055000 0.03654700 0.05300000
v -0.00000000 0.03640000 0.05300000
v -0.00095300 0.03805000 0.05300000
v -0.00095300 0.03805000 0.05300000
v -0.00110000 0.03750000 0.05300000
v -0.00110000 0.03750000 0.05300000
v 0.00350000 -0.06216700 0.06200000
v 0.00350000 -0.06216700 0.06700000
v -0.00350000 -0.06216700 0.06700000
v -0.00562500 -0.06200000 0.06200000
v -0.00350000 -0.06216700 0.06200000
v 0.00350000 0.06216700 0.06700000
v 0.00350000 0.06216700 0.06200000
v -0.00350000 0.06216700 0.06200000
v -0.00350000 0.06216700 0.06700000
v -0.02974500 -0.01058100 0.05459800
v -0.02986300 -0.01095200 0.05411700
v -0.02748600 -0.01367700 0.05450000
v -0.02842200 -0.01209000 0.05434700
v -0.02993900 -0.01044100 0.05457000
v -0.02993900 -0.01044100 0.05457000
v -0.03005100 -0.01085800 0.05408200
v -0.02984300 -0.01051000 0.05458500
v -0.03074700 -0.01007000 0.05450000
v -0.03087800 -0.01055300 0.05400000
v -0.03005100 -0.01085800 0.05408200
v -0.03218800 -0.01037800 0.05400000
v -0.03218800 -0.00987800 0.05450000
v -0.03500000 -0.00987800 0.05450000
v -0.03500000 -0.01037800 0.05400000
v -0.03950000 -0.00537800 0.05450000
v -0.04000000 -0.00537800 0.05400000
v -0.03933000 -0.00787800 0.05400000
v -0.03889700 -0.00762800 0.05450000
v -0.03750000 -0.00970800 0.05400000
v -0.03725000 -0.00927500 0.05450000
v -0.03950000 0.00537800 0.05450000
v -0.04000000 0.00537800 0.05400000
v -0.04000000 0.00537800 0.05400000
v -0.03500000 0.00987800 0.05450000
v -0.03500000 0.01037800 0.05400000
v -0.03725000 0.00927500 0.05450000
v -0.03691300 0.00999800 0.05400000
v -0.03750000 0.00970800 0.05400000
v -0.03853600 0.00891400 0.05400000
v -0.03889700 0.00762800 0.05450000
v -0.03950000 0.00537800 0.05450000
v -0.03961900 0.00729200 0.05400000
v -0.03961900 0.00729200 0.05400000
v -0.03889700 0.00762800 0.05450000
v -0.03933000 0.00787800 0.05400000
v -0.03218800 0.00987800 0.05450000
v -0.03218800 0.01037800 0.05400000
v -0.03087800 0.01055300 0.05400000
v -0.03074700 0.01007000 0.05450000
v -0.02993900 0.01044100 0.05457000
v -0.03005100 0.01085800 0.05408200
v -0.02986300 0.01095200 0.05411700
v -0.02984300 0.01051000 0.05458500
v -0.02749200 0.01366100 0.05450100
v -0.02749200 0.01366100 0.05450100
v -0.02748600 0.01367700 0.05450000
v -0.02842200 0.01208900 0.05434700
v -0.02842200 0.01208900 0.05434700
v -0.02766700 0.01322900 0.05453800
v -0.01009300 -0.06426000 0.05590200
v -0.01009500 -0.06379300 0.05600100
v -0.01005800 -0.06338800 0.05615800
v -0.00991500 -0.06281500 0.05651000
v -0.00962000 -0.06225700 0.05704400
v -0.00962000 -0.06225700 0.05704400
v -0.00962000 -0.06225700 0.05704400
v -0.00956800 -0.06344800 0.05937800
v -0.00937000 -0.06251500 0.05788500
v -0.00937000 -0.06251500 0.05788500
v -0.00908600 -0.06214700 0.05820400
v -0.00888900 -0.06194800 0.05836300
v -0.00869000 -0.06178700 0.05847500
v -0.01060500 -0.06066800 0.05553800
v -0.00962000 -0.06225700 0.05704400
v -0.00973500 -0.06137400 0.05658000
v -0.00973500 -0.06137400 0.05658000
v -0.00962000 -0.06225700 0.05704400
v -0.00937000 -0.06251500 0.05788500
v -0.00937000 -0.06251500 0.05788500
v -0.00973500 -0.06137400 0.05658000
v -0.00953700 -0.06081900 0.05671000
v -0.00908600 -0.06214700 0.05820400
v -0.00940500 -0.06050400 0.05675000
v -0.00888900 -0.06194800 0.05836300
v -0.00928400 -0.06022900 0.05674700
v -0.00869000 -0.06178700 0.05847500
v -0.00927300 -0.06020400 0.05674400
v -0.00854900 -0.06168200 0.05849900
v -0.00867000 -0.06177200 0.05848300
v -0.00835000 -0.06190100 0.05908700
v -0.00850600 -0.06240500 0.06093700
v -0.00835000 -0.06190100 0.05908700
v -0.00854900 -0.06168200 0.05849900
v -0.00854900 -0.06168200 0.05849900
v -0.00846500 -0.06163500 0.05850000
v -0.00878300 -0.06090700 0.05746400
v -0.00867000 -0.06177200 0.05848300
v -0.00854900 -0.06168200 0.05849900
v -0.00922600 -0.06004800 0.05670300
v -0.00922600 -0.06004800 0.05670300
v -0.00854900 -0.06168200 0.05849900
v -0.00878300 -0.06090700 0.05746400
v -0.00922600 -0.06004800 0.05670300
v -0.00919600 -0.05995800 0.05667000
v -0.00940500 -0.06050400 0.05675000
v -0.00940500 -0.06050400 0.05675000
v -0.00928400 -0.06022900 0.05674700
v -0.00928400 -0.06022900 0.05674700
v -0.00927300 -0.06020400 0.05674400
v -0.01046500 -0.05825800 0.05594300
v -0.00927300 -0.06020400 0.05674400
v -0.00922600 -0.06004800 0.05670300
v -0.00922600 -0.06004800 0.05670300
v -0.01034600 -0.05790800 0.05598600
v -0.00922600 -0.06004800 0.05670300
v -0.00919600 -0.05995800 0.05667000
v -0.01034600 -0.05790800 0.05598600
v -0.00919600 -0.05995800 0.05667000
v -0.00603200 -0.06177500 0.05912000
v -0.00653200 -0.06165200 0.05908700
v -0.00699300 -0.06200000 0.06098600
v -0.00467500 -0.05868400 0.05616400
v -0.00615800 -0.05897200 0.05638100
v -0.00615800 -0.05897200 0.05638100
v -0.00475500 -0.05918600 0.05632300
v -0.00638200 -0.06057800 0.05746400
v -0.00502700 -0.06042100 0.05701100
v -0.00488500 -0.05992300 0.05667000
v -0.00574100 -0.06156400 0.05851800
v -0.00540700 -0.06115100 0.05779100
v -0.00529200 -0.06096800 0.05755200
v -0.00585300 -0.06166500 0.05876700
v -0.00745800 -0.06165100 0.05908700
v -0.00745800 -0.06165100 0.05908700
v -0.00760500 -0.06057700 0.05746400
v -0.00782500 -0.05897000 0.05638100
v -0.00782500 -0.05897000 0.05638100
v -0.01000000 0.07072400 0.05450300
v -0.01009300 0.06426000 0.05590200
v -0.00983900 0.06173100 0.05647200
v -0.00983900 0.06173100 0.05647200
v -0.00988100 0.06272900 0.05657900
v -0.00962000 0.06225700 0.05704400
v -0.00951900 0.06276000 0.05766700
v -0.00988100 0.06272900 0.05657900
v -0.01005100 0.06334500 0.05617900
v -0.01009600 0.06381300 0.05599500
v -0.00964200 0.06109800 0.05665200
v -0.00848700 0.06164800 0.05850300
v -0.00846500 0.06163500 0.05850000
v -0.00835000 0.06190100 0.05908700
v -0.00878300 0.06090700 0.05746400
v -0.00919600 0.05995800 0.05667000
v -0.00920200 0.05998000 0.05668000
v -0.00848700 0.06164800 0.05850300
v -0.00829100 0.06229200 0.06099400
v -0.00848700 0.06164800 0.05850300
v -0.00835000 0.06190100 0.05908700
v -0.00835000 0.06190100 0.05908700
v -0.00857800 0.06171000 0.05850900
v -0.00848700 0.06164800 0.05850300
v -0.00857800 0.06171000 0.05850900
v -0.00920200 0.05998000 0.05668000
v -0.00848700 0.06164800 0.05850300
v -0.00920200 0.05998000 0.05668000
v -0.00878300 0.06090700 0.05746400
v -0.00920200 0.05998000 0.05668000
v -0.00923800 0.06232900 0.05804800
v -0.00896000 0.06201600 0.05831100
v -0.00891300 0.06197100 0.05834600
v -0.00871100 0.06180200 0.05846500
v -0.00945200 0.06061300 0.05674100
v -0.00891300 0.06197100 0.05834600
v -0.00942100 0.06054100 0.05674800
v -0.00871100 0.06180200 0.05846500
v -0.00929600 0.06025700 0.05675000
v -0.00857800 0.06171000 0.05850900
v -0.00922800 0.06008900 0.05672100
v -0.00920200 0.05998000 0.05668000
v -0.00920200 0.05998000 0.05668000
v -0.00922800 0.06008900 0.05672100
v -0.00922800 0.06008900 0.05672100
v -0.00929600 0.06025700 0.05675000
v -0.00929600 0.06025700 0.05675000
v -0.00942100 0.06054100 0.05674800
v -0.00945200 0.06061300 0.05674100
v -0.00964200 0.06109800 0.05665200
v -0.01061600 0.05976900 0.05569600
v -0.00760600 0.06057700 0.05746400
v -0.00699300 0.06200000 0.06098600
v -0.00468100 0.05872400 0.05617400
v -0.00488500 0.05992300 0.05667000
v -0.00615900 0.05897200 0.05638100
v -0.00502200 0.06040600 0.05699900
v -0.00505100 0.06048100 0.05706000
v -0.00638300 0.06057800 0.05746400
v -0.00460800 0.05822300 0.05606700
v -0.00529500 0.06097400 0.05755900
v -0.00534700 0.06105900 0.05766700
v -0.00568100 0.06150300 0.05838600
v -0.00745900 0.06165100 0.05908700
v -0.00653300 0.06165200 0.05908700
v -0.00603200 0.06177500 0.05912000
v -0.00577400 0.06159700 0.05859300
v -0.00782600 0.05897000 0.05638100
v 0.00603200 0.06177500 0.05912000
v 0.00653200 0.06165200 0.05908700
v 0.00699300 0.06200000 0.06098600
v 0.00615800 0.05897200 0.05638100
v 0.00468100 0.05872400 0.05617400
v 0.00460800 0.05822300 0.05606700
v 0.00638200 0.06057800 0.05746400
v 0.00502700 0.06042100 0.05701100
v 0.00615800 0.05897200 0.05638100
v 0.00488500 0.05992300 0.05667000
v 0.00574000 0.06156400 0.05851800
v 0.00540700 0.06115100 0.05779100
v 0.00529200 0.06096800 0.05755200
v 0.00585300 0.06166500 0.05876700
v 0.00745800 0.06165100 0.05908700
v 0.00878300 0.06090700 0.05746400
v 0.00878300 0.06090700 0.05746400
v 0.00846500 0.06163500 0.05850000
v 0.00835000 0.06190100 0.05908700
v 0.00745800 0.06165100 0.05908700
v 0.00760500 0.06057700 0.05746400
v 0.00782500 0.05897000 0.05638100
v 0.00919600 0.05995800 0.05667000
v 0.00919600 0.05995800 0.05667000
v 0.00782500 0.05897000 0.05638100
v 0.00962000 0.06225700 0.05704400
v 0.00951900 0.06276000 0.05766700
v 0.00937000 0.06251500 0.05788500
v 0.00937000 0.06251500 0.05788500
v 0.00983900 0.06173100 0.05647200
v 0.00908600 0.06214700 0.05820400
v 0.00888900 0.06194800 0.05836300
v 0.00869000 0.06178700 0.05847500
v 0.00867000 0.06177200 0.05848300
v 0.00850600 0.06240500 0.06093700
v 0.00854500 0.06168900 0.05851300
v 0.00854500 0.06168900 0.05851300
v 0.00850600 0.06240500 0.06093700
v 0.00835000 0.06190100 0.05908700
v 0.00854500 0.06168900 0.05851300
v 0.00921500 0.06005000 0.05670900
v 0.00854500 0.06168900 0.05851300
v 0.00878300 0.06090700 0.05746400
v 0.00921500 0.06005000 0.05670900
v 0.00854500 0.06168900 0.05851300
v 0.00921500 0.06005000 0.05670900
v 0.00867000 0.06177200 0.05848300
v 0.00927300 0.06020400 0.05674400
v 0.00869000 0.06178700 0.05847500
v 0.00928400 0.06022900 0.05674700
v 0.00888900 0.06194800 0.05836300
v 0.00940500 0.06050400 0.05675000
v 0.00908600 0.06214700 0.05820400
v 0.00953700 0.06081900 0.05671000
v 0.00973500 0.06137400 0.05658000
v 0.00940500 0.06050400 0.05675000
v 0.00940500 0.06050400 0.05675000
v 0.00928400 0.06022900 0.05674700
v 0.00928400 0.06022900 0.05674700
v 0.00927300 0.06020400 0.05674400
v 0.01046500 0.05825800 0.05594300
v 0.00927300 0.06020400 0.05674400
v 0.00921500 0.06005000 0.05670900
v 0.01034600 0.05790800 0.05598600
v 0.00921500 0.06005000 0.05670900
v 0.00919600 0.05995800 0.05667000
v 0.01034600 0.05790800 0.05598600
v 0.01009300 0.06426000 0.05590200
v 0.01009500 0.06379300 0.05600100
v 0.01005800 0.06338800 0.05615800
v 0.00991500 0.06281500 0.05651000
v 0.01000000 -0.07072400 0.05450300
v 0.01009300 -0.06426000 0.05590200
v 0.00983900 -0.06173100 0.05647200
v 0.00988100 -0.06272900 0.05657900
v 0.00962000 -0.06225700 0.05704400
v 0.00951900 -0.06276000 0.05766700
v 0.00988100 -0.06272900 0.05657900
v 0.01005100 -0.06334500 0.05617900
v 0.01009600 -0.06381300 0.05599500
v 0.00964200 -0.06109800 0.05665200
v 0.00848700 -0.06164800 0.05850300
v 0.00846500 -0.06163500 0.05850000
v 0.00835000 -0.06190100 0.05908700
v 0.00878300 -0.06090700 0.05746400
v 0.00919600 -0.05995800 0.05667000
v 0.00919600 -0.05995800 0.05667000
v 0.00920200 -0.05998000 0.05668000
v 0.00848700 -0.06164800 0.05850300
v 0.00829100 -0.06229200 0.06099400
v 0.00848700 -0.06164800 0.05850300
v 0.00835000 -0.06190100 0.05908700
v 0.00835000 -0.06190100 0.05908700
v 0.00857800 -0.06171000 0.05850900
v 0.00848700 -0.06164800 0.05850300
v 0.00857800 -0.06171000 0.05850900
v 0.00920200 -0.05998000 0.05668000
v 0.00848700 -0.06164800 0.05850300
v 0.00920200 -0.05998000 0.05668000
v 0.00878300 -0.06090700 0.05746400
v 0.00920200 -0.05998000 0.05668000
v 0.00923800 -0.06232900 0.05804800
v 0.00896000 -0.06201600 0.05831100
v 0.00891300 -0.06197100 0.05834600
v 0.00871100 -0.06180200 0.05846500
v 0.00964200 -0.06109800 0.05665200
v 0.00945200 -0.06061300 0.05674100
v 0.00891300 -0.06197100 0.05834600
v 0.00942100 -0.06054100 0.05674800
v 0.00871100 -0.06180200 0.05846500
v 0.00929600 -0.06025700 0.05675000
v 0.00857800 -0.06171000 0.05850900
v 0.00922800 -0.06008900 0.05672100
v 0.00920200 -0.05998000 0.05668000
v 0.00920200 -0.05998000 0.05668000
v 0.00922800 -0.06008900 0.05672100
v 0.00922800 -0.06008900 0.05672100
v 0.00929600 -0.06025700 0.05675000
v 0.00929600 -0.06025700 0.05675000
v 0.00942100 -0.06054100 0.05674800
v 0.00945200 -0.06061300 0.05674100
v 0.00760600 -0.06057700 0.05746400
v 0.00699300 -0.06200000 0.06098600
v 0.00467500 -0.05868400 0.05616400
v 0.00475500 -0.05918600 0.05632300
v 0.00615900 -0.05897200 0.05638100
v 0.00502200 -0.06040600 0.05699900
v 0.00505100 -0.06048100 0.05706000
v 0.00638300 -0.06057800 0.05746400
v 0.00488500 -0.05992300 0.05667000
v 0.00529500 -0.06097400 0.05755900
v 0.00534700 -0.06105900 0.05766700
v 0.00568100 -0.06150300 0.05838600
v 0.00745900 -0.06165100 0.05908700
v 0.00653300 -0.06165200 0.05908700
v 0.00603200 -0.06177500 0.05912000
v 0.00577400 -0.06159700 0.05859300
v 0.00782600 -0.05897000 0.05638100
v 0.00782600 -0.05897000 0.05638100
v -0.00386200 0.05870000 0.05626700
v -0.00266300 0.05803800 0.05725900
v -0.00312500 0.05814000 0.05660500
v -0.00381000 0.05820500 0.05618500
v -0.00266300 0.05803800 0.05725900
v -0.00267000 0.05843100 0.05732200
v -0.00267000 0.05843100 0.05732200
v -0.00267000 0.05843100 0.05732200
v -0.00315100 0.05859700 0.05667300
v -0.00312500 0.05814000 0.05660500
v -0.00315100 0.05859700 0.05667300
v -0.00386200 0.05870000 0.05626700
v -0.00386200 0.05870000 0.05626700
v -0.00401000 0.05991200 0.05669100
v -0.00322900 0.05972600 0.05703900
v -0.00269100 0.05940200 0.05764800
v -0.00358000 0.06120500 0.05846600
v -0.00458000 0.06182000 0.05913100
v -0.00547000 0.06177500 0.05879700
v -0.00590600 0.06187200 0.05929800
v -0.00484000 0.06190000 0.05928800
v -0.00563800 0.06198600 0.05967700
v -0.00515500 0.06187700 0.05903200
v -0.00577400 0.06194300 0.05948500
v -0.00370800 0.06132000 0.05855600
v -0.00494600 0.06181500 0.05884700
v -0.00421600 0.06141300 0.05816000
v -0.00532000 0.06170700 0.05859400
v -0.00300600 0.06044500 0.05802200
v -0.00300600 0.06044500 0.05802200
v -0.00410200 0.06131800 0.05805000
v -0.00478200 0.06132300 0.05785300
v -0.00428800 0.06067800 0.05716600
v -0.00423800 0.06058300 0.05709300
v -0.00428800 0.06067800 0.05716600
v -0.00428800 0.06067800 0.05716600
v -0.00350500 0.06055100 0.05743300
v -0.00469700 0.06123800 0.05773600
v -0.00469700 0.06123800 0.05773600
v -0.00356900 0.06066600 0.05750500
v -0.00350500 0.06055100 0.05743300
v -0.00356900 0.06066600 0.05750500
v -0.00294300 0.06031500 0.05796400
v -0.00294300 0.06031500 0.05796400
v 0.00563800 0.06198600 0.05967700
v 0.00577400 0.06194300 0.05948500
v 0.00590600 0.06187200 0.05929800
v 0.00507100 0.06194800 0.05941800
v 0.00322900 0.05972600 0.05703900
v 0.00401000 0.05991200 0.05669100
v 0.00424800 0.06060200 0.05710700
v 0.00560000 0.06181900 0.05896400
v 0.00541600 0.06175200 0.05872400
v 0.00487900 0.06141000 0.05798500
v 0.00469100 0.06123100 0.05772700
v 0.00401000 0.05991200 0.05669100
v 0.00533600 0.06191500 0.05918300
v 0.00507900 0.06185700 0.05896500
v 0.00434500 0.06150800 0.05828500
v 0.00409400 0.06131000 0.05804200
v 0.00351700 0.06057400 0.05744700
v 0.00322900 0.05972600 0.05703900
v 0.00351700 0.06057400 0.05744700
v 0.00269100 0.05940200 0.05764800
v 0.00474500 0.06187400 0.05923200
v 0.00385700 0.06143700 0.05866000
v 0.00357000 0.06119600 0.05845900
v 0.00357000 0.06119600 0.05845900
v 0.00357000 0.06119600 0.05845900
v 0.00295500 0.06034100 0.05797500
v 0.00269100 0.05940200 0.05764800
v 0.00295500 0.06034100 0.05797500
v 0.00265100 0.05994100 0.05860600
v 0.00295500 0.06034100 0.05797500
v 0.00357000 0.06119600 0.05845900
v 0.00267000 0.05843100 0.05732200
v 0.00381000 0.05820500 0.05618500
v 0.00312500 0.05814000 0.05660500
v 0.00312500 0.05814000 0.05660500
v 0.00266300 0.05803800 0.05725900
v 0.00266300 0.05803800 0.05725900
v 0.00381000 0.05820500 0.05618500
v 0.00386200 0.05870000 0.05626700
v 0.00386200 0.05870000 0.05626700
v 0.00386200 0.05870000 0.05626700
v 0.00315100 0.05859700 0.05667300
v 0.00312500 0.05814000 0.05660500
v 0.00315100 0.05859700 0.05667300
v 0.00267000 0.05843100 0.05732200
v 0.00267000 0.05843100 0.05732200
v 0.00315100 0.05859700 0.05667300
v 0.00266900 -0.05840000 0.05731600
v 0.00401000 -0.05991200 0.05669100
v 0.00391500 -0.05916200 0.05639000
v 0.00322900 -0.05972600 0.05703900
v 0.00322900 -0.05972600 0.05703900
v 0.00317900 -0.05902500 0.05677700
v 0.00322900 -0.05972600 0.05703900
v 0.00317900 -0.05902500 0.05677700
v 0.00269100 -0.05940200 0.05764800
v 0.00269100 -0.05940200 0.05764800
v 0.00267800 -0.05880000 0.05741600
v 0.00267800 -0.05880000 0.05741600
v 0.00391500 -0.05916200 0.05639000
v 0.00385800 -0.05866100 0.05625900
v 0.00385800 -0.05866100 0.05625900
v 0.00314900 -0.05856000 0.05666600
v 0.00314900 -0.05856000 0.05666600
v 0.00266900 -0.05840000 0.05731600
v 0.00294300 -0.06031500 0.05796400
v 0.00577400 -0.06194300 0.05948500
v 0.00590600 -0.06187200 0.05929800
v 0.00547000 -0.06177500 0.05879700
v 0.00423800 -0.06058300 0.05709300
v 0.00428800 -0.06067800 0.05716600
v 0.00469700 -0.06123800 0.05773600
v 0.00478200 -0.06132300 0.05785300
v 0.00532000 -0.06170700 0.05859400
v 0.00350500 -0.06055100 0.05743300
v 0.00428800 -0.06067800 0.05716600
v 0.00356900 -0.06066600 0.05750500
v 0.00356900 -0.06066600 0.05750500
v 0.00469700 -0.06123800 0.05773600
v 0.00410200 -0.06131800 0.05805000
v 0.00421600 -0.06141300 0.05816000
v 0.00494600 -0.06181500 0.05884700
v 0.00515500 -0.06187700 0.05903200
v 0.00563800 -0.06198600 0.05967700
v 0.00294300 -0.06031500 0.05796400
v 0.00356900 -0.06066600 0.05750500
v 0.00300600 -0.06044500 0.05802200
v 0.00300600 -0.06044500 0.05802200
v 0.00410200 -0.06131800 0.05805000
v 0.00358000 -0.06120500 0.05846600
v 0.00370800 -0.06132000 0.05855600
v 0.00458000 -0.06182000 0.05913100
v 0.00484000 -0.06190000 0.05928800
v -0.00563800 -0.06198600 0.05967700
v -0.00577400 -0.06194300 0.05948500
v -0.00590600 -0.06187200 0.05929800
v -0.00507100 -0.06194800 0.05941800
v -0.00322900 -0.05972600 0.05703900
v -0.00401000 -0.05991200 0.05669100
v -0.00424800 -0.06060200 0.05710700
v -0.00560000 -0.06181900 0.05896400
v -0.00541600 -0.06175200 0.05872400
v -0.00487900 -0.06141000 0.05798500
v -0.00469100 -0.06123100 0.05772700
v -0.00401000 -0.05991200 0.05669100
v -0.00533600 -0.06191500 0.05918300
v -0.00507900 -0.06185700 0.05896500
v -0.00434500 -0.06150800 0.05828500
v -0.00409400 -0.06131000 0.05804200
v -0.00351700 -0.06057400 0.05744700
v -0.00322900 -0.05972600 0.05703900
v -0.00351700 -0.06057400 0.05744700
v -0.00269100 -0.05940200 0.05764800
v -0.00474500 -0.06187400 0.05923200
v -0.00385700 -0.06143700 0.05866000
v -0.00357000 -0.06119600 0.05845900
v -0.00357000 -0.06119600 0.05845900
v -0.00357000 -0.06119600 0.05845900
v -0.00295500 -0.06034100 0.05797500
v -0.00269100 -0.05940200 0.05764800
v -0.00295500 -0.06034100 0.05797500
v -0.00295500 -0.06034100 0.05797500
v -0.00357000 -0.06119600 0.05845900
v -0.00385800 -0.05866100 0.05625900
v -0.00267700 -0.05880000 0.05741600
v -0.00317900 -0.05902500 0.05677700
v -0.00317900 -0.05902500 0.05677700
v -0.00391500 -0.05916200 0.05639000
v -0.00391500 -0.05916200 0.05639000
v -0.00267700 -0.05880000 0.05741600
v -0.00266900 -0.05840000 0.05731600
v -0.00266900 -0.05840000 0.05731600
v -0.00266900 -0.05840000 0.05731600
v -0.00314900 -0.05856000 0.05666600
v -0.00317900 -0.05902500 0.05677700
v -0.00314900 -0.05856000 0.05666600
v -0.00385800 -0.05866100 0.05625900
v -0.00385800 -0.05866100 0.05625900
v -0.00314900 -0.05856000 0.05666600
v -0.00404500 0.02955200 0.05605200
v -0.00404500 0.02955200 0.05605200
v -0.00404500 0.02955200 0.05605200
v -0.00404500 0.02955200 0.05605200
v -0.00450000 0.02950000 0.05600000
v 0.00450000 0.02950000 0.05600000
v 0.00450000 0.02950000 0.05600000
v 0.00361400 0.02970700 0.05620700
v -0.00361400 0.02970700 0.05620700
v 0.00373500 0.02965200 0.05615200
v 0.00373500 0.02965200 0.05615200
v 0.00373500 0.02965200 0.05615200
v -0.00361400 0.02970700 0.05620700
v 0.00411000 0.02953800 0.05603800
v 0.00411000 0.02953800 0.05603800
v 0.00411000 -0.02953800 0.05603800
v 0.00411000 -0.02953800 0.05603800
v 0.00411000 -0.02953800 0.05603800
v 0.00411000 -0.02953800 0.05603800
v 0.00450000 -0.02950000 0.05600000
v -0.00450000 -0.02950000 0.05600000
v -0.00450000 -0.02950000 0.05600000
v -0.00361400 -0.02970700 0.05620700
v 0.00361400 -0.02970700 0.05620700
v -0.00373500 -0.02965200 0.05615200
v -0.00373500 -0.02965200 0.05615200
v -0.00411000 -0.02953800 0.05603800
v -0.00411000 -0.02953800 0.05603800
v -0.00314200 0.02992400 0.05653100
v 0.00314200 0.02992400 0.05653100
v 0.00314200 0.02992400 0.05653100
v -0.00314200 0.02992400 0.05653100
v -0.00350200 0.02976200 0.05626700
v 0.00308600 -0.02994400 0.05658600
v -0.00314200 -0.02992400 0.05653100
v -0.02748600 -0.01367700 0.04820000
v -0.02729800 -0.01360900 0.04800000
v -0.02644000 -0.01598000 0.04800000
v -0.02644000 -0.01598000 0.04800000
v -0.02460800 -0.02104300 0.04800000
v -0.02460800 -0.02104300 0.04800000
v -0.02748600 -0.01367700 0.04820000
v -0.02748600 -0.01367700 0.04820000
v -0.02748600 -0.01367700 0.04820000
v -0.01648300 -0.04349500 0.04800000
v -0.01648300 -0.04349500 0.04800000
v -0.01298400 -0.05375500 0.04820000
v -0.01557700 -0.04600000 0.04800000
v -0.01279500 -0.05368700 0.04800000
v -0.03218800 -0.01037800 0.04820000
v -0.03218800 -0.01037800 0.04820000
v -0.03218800 -0.01017800 0.04800000
v -0.03020500 -0.01078800 0.04820000
v -0.03012500 -0.01060500 0.04800000
v -0.02854700 -0.01195100 0.04820000
v -0.02840100 -0.01181400 0.04800000
v -0.01075100 -0.06213200 0.04820000
v -0.01055500 -0.06209700 0.04800000
v -0.01000000 -0.07076800 0.04820000
v -0.00980000 -0.07076800 0.04800000
v -0.03500000 -0.01037800 0.04820000
v -0.03500000 -0.01017800 0.04800000
v -0.03500000 -0.01017800 0.04800000
v -0.00980000 -0.07100000 0.04800000
v -0.01000000 -0.07100000 0.04820000
v -0.03750000 -0.00970800 0.04820000
v -0.03740000 -0.00953500 0.04800000
v -0.03933000 -0.00787800 0.04820000
v -0.03915700 -0.00777800 0.04800000
v -0.04000000 -0.00537800 0.04820000
v -0.03980000 -0.00537800 0.04800000
v -0.00900000 -0.07180000 0.04800000
v -0.00900000 -0.07200000 0.04820000
v -0.00938300 -0.07192400 0.04820000
v -0.00930600 -0.07173900 0.04800000
v -0.00950000 -0.07186600 0.04820000
v -0.00950000 -0.07186600 0.04820000
v -0.00956600 -0.07156600 0.04800000
v -0.00970700 -0.07170700 0.04820000
v -0.00956600 -0.07156600 0.04800000
v -0.00986600 -0.07150000 0.04820000
v -0.00986600 -0.07150000 0.04820000
v -0.00973900 -0.07130600 0.04800000
v -0.00992400 -0.07138300 0.04820000
v -0.00973900 -0.07130600 0.04800000
v -0.03980000 -0.00000000 0.04800000
v -0.04000000 0.00537800 0.04820000
v -0.03980000 0.00537800 0.04800000
v 0.00900000 -0.07180000 0.04800000
v 0.00900000 -0.07200000 0.04820000
v 0.00000000 -0.07180000 0.04800000
v -0.03915700 0.00777800 0.04800000
v -0.03961900 0.00729200 0.04820000
v -0.03933000 0.00787800 0.04820000
v -0.03853600 0.00891400 0.04820000
v -0.03740000 0.00953500 0.04800000
v -0.03500000 0.01037800 0.04820000
v -0.03500000 0.01037800 0.04820000
v -0.03500000 0.01037800 0.04820000
v -0.03500000 0.01017800 0.04800000
v -0.03691300 0.00999800 0.04820000
v -0.03740000 0.00953500 0.04800000
v -0.03750000 0.00970800 0.04820000
v -0.03750000 0.00970800 0.04820000
v 0.00980000 -0.07100000 0.04800000
v 0.01000000 -0.07100000 0.04820000
v 0.00992400 -0.07138300 0.04820000
v 0.00973900 -0.07130600 0.04800000
v 0.00970700 -0.07170700 0.04820000
v 0.00956600 -0.07156600 0.04800000
v 0.00938300 -0.07192400 0.04820000
v 0.00930600 -0.07173900 0.04800000
v -0.03218800 0.01037800 0.04820000
v -0.03218800 0.01017800 0.04800000
v -0.03218800 0.01017800 0.04800000
v -0.03500000 0.01017800 0.04800000
v 0.00980000 -0.07076800 0.04800000
v 0.00980000 -0.07076800 0.04800000
v 0.01000000 -0.07076800 0.04820000
v -0.02748600 0.01367700 0.04820000
v -0.02729800 0.01360900 0.04800000
v -0.02854700 0.01195100 0.04820000
v -0.02854700 0.01195100 0.04820000
v -0.02840100 0.01181400 0.04800000
v -0.02840100 0.01181400 0.04800000
v -0.03020500 0.01078800 0.04820000
v -0.03012500 0.01060500 0.04800000
v 0.01075100 -0.06213200 0.04820000
v 0.01075100 -0.06213200 0.04820000
v 0.01055500 -0.06209700 0.04800000
v 0.01298400 -0.05375500 0.04820000
v 0.01279500 -0.05368700 0.04800000
v -0.02644000 0.01598000 0.04800000
v -0.01279500 0.05368700 0.04800000
v -0.01557700 0.04600000 0.04800000
v -0.01298400 0.05375500 0.04820000
v -0.01648300 0.04349500 0.04800000
v -0.02460800 0.02104300 0.04800000
v 0.01557700 -0.04600000 0.04800000
v 0.01648300 -0.04349500 0.04800000
v 0.02868000 -0.01037800 0.04820000
v 0.02644000 -0.01598000 0.04800000
v 0.02849200 -0.01031000 0.04800000
v -0.01000000 0.07076800 0.04820000
v -0.00980000 0.07076800 0.04800000
v -0.01075100 0.06213200 0.04820000
v -0.01055500 0.06209700 0.04800000
v -0.01055500 0.06209700 0.04800000
v -0.01298400 0.05375500 0.04820000
v 0.02849200 0.01031000 0.04800000
v 0.02868000 0.01037800 0.04820000
v 0.03004200 0.00526800 0.04820000
v 0.02984500 0.00523400 0.04800000
v 0.03050000 0.00000000 0.04820000
v 0.03030000 0.00000000 0.04800000
v 0.03004200 -0.00526800 0.04820000
v 0.02984500 -0.00523400 0.04800000
v -0.01000000 0.07100000 0.04820000
v -0.00980000 0.07100000 0.04800000
v 0.02644000 0.01598000 0.04800000
v 0.01648300 0.04349500 0.04800000
v 0.01298400 0.05375500 0.04820000
v 0.01557700 0.04600000 0.04800000
v 0.01279500 0.05368700 0.04800000
v -0.00986600 0.07150000 0.04820000
v -0.00969300 0.07140000 0.04800000
v -0.00969300 0.07140000 0.04800000
v -0.00986600 0.07150000 0.04820000
v -0.00970700 0.07170700 0.04820000
v -0.00970700 0.07170700 0.04820000
v -0.00940000 0.07169300 0.04800000
v -0.00950000 0.07186600 0.04820000
v -0.00940000 0.07169300 0.04800000
v -0.00900000 0.07200000 0.04820000
v -0.00900000 0.07180000 0.04800000
v 0.01075100 0.06213200 0.04820000
v 0.01055500 0.06209700 0.04800000
v 0.01000000 0.07076800 0.04820000
v 0.00980000 0.07076800 0.04800000
v -0.00000000 0.07180000 0.04800000
v 0.00900000 0.07200000 0.04820000
v 0.00900000 0.07180000 0.04800000
v 0.00980000 0.07100000 0.04800000
v 0.01000000 0.07100000 0.04820000
v 0.00950000 0.07186600 0.04820000
v 0.00940000 0.07169300 0.04800000
v 0.00986600 0.07150000 0.04820000
v 0.00969300 0.07140000 0.04800000
v -0.00539600 -0.01925800 0.05320000
v -0.00545000 -0.01945100 0.05300000
v -0.01039200 -0.01708800 0.05320000
v -0.01049600 -0.01725900 0.05300000
v -0.01461700 -0.01365100 0.05320000
v -0.01461700 -0.01365100 0.05320000
v -0.01476300 -0.01378800 0.05300000
v -0.01476300 -0.01378800 0.05300000
v -0.01775800 -0.00920100 0.05320000
v -0.01793500 -0.00929300 0.05300000
v -0.01958200 -0.00406900 0.05320000
v -0.01977700 -0.00411000 0.05300000
v -0.01995300 0.00136500 0.05320000
v -0.02015300 0.00137800 0.05300000
v -0.01884500 0.00669700 0.05320000
v -0.01903400 0.00676500 0.05300000
v -0.01633900 0.01153300 0.05320000
v -0.01650300 0.01164900 0.05300000
v -0.01262200 0.01551400 0.05320000
v -0.01274800 0.01566900 0.05300000
v -0.00796800 0.01834400 0.05320000
v -0.00804800 0.01852800 0.05300000
v -0.00272300 0.01981400 0.05320000
v -0.00275000 0.02001200 0.05300000
v -0.00000000 0.02000000 0.05320000
v -0.00000000 0.02020000 0.05300000
v 0.00272300 0.01981400 0.05320000
v 0.00275000 0.02001200 0.05300000
v 0.00796800 0.01834400 0.05320000
v 0.00804800 0.01852800 0.05300000
v 0.01262200 0.01551400 0.05320000
v 0.01274800 0.01566900 0.05300000
v 0.01633900 0.01153300 0.05320000
v 0.01650300 0.01164900 0.05300000
v 0.01884500 0.00669700 0.05320000
v 0.01903400 0.00676500 0.05300000
v 0.01995300 0.00136500 0.05320000
v 0.02015300 0.00137800 0.05300000
v 0.01958200 -0.00406900 0.05320000
v 0.01977700 -0.00411000 0.05300000
v 0.01775800 -0.00920100 0.05320000
v 0.01793500 -0.00929300 0.05300000
v 0.01461700 -0.01365100 0.05320000
v 0.01476300 -0.01378700 0.05300000
v 0.01039200 -0.01708800 0.05320000
v 0.01039200 -0.01708800 0.05320000
v 0.01049600 -0.01725900 0.05300000
v 0.01049600 -0.01725900 0.05300000
v 0.00539600 -0.01925800 0.05320000
v 0.00545000 -0.01945100 0.05300000
v 0.00000000 -0.02000000 0.05320000
v 0.00000000 -0.02000000 0.05320000
v 0.00545000 -0.01945100 0.05300000
v 0.00000000 -0.02020000 0.05300000
v 0.00272300 0.01981400 0.05580000
v 0.00545000 0.01945100 0.05600000
v -0.00000000 0.02020000 0.05600000
v 0.01262200 0.01551400 0.05580000
v 0.01476300 0.01378800 0.05600000
v 0.01049600 0.01725900 0.05600000
v 0.00272300 0.01981400 0.05580000
v 0.00539600 0.01925800 0.05580000
v 0.00545000 0.01945100 0.05600000
v 0.00796800 0.01834400 0.05580000
v 0.00545000 0.01945100 0.05600000
v 0.00796800 0.01834400 0.05580000
v 0.01049600 0.01725900 0.05600000
v 0.01049600 0.01725900 0.05600000
v 0.00796800 0.01834400 0.05580000
v 0.01039200 0.01708800 0.05580000
v 0.01262200 0.01551400 0.05580000
v 0.01884500 0.00669700 0.05580000
v 0.01977700 0.00411000 0.05600000
v 0.01793500 0.00929300 0.05600000
v 0.01262200 0.01551400 0.05580000
v 0.01461700 0.01365100 0.05580000
v 0.01476300 0.01378800 0.05600000
v 0.01633900 0.01153300 0.05580000
v 0.01476300 0.01378800 0.05600000
v 0.01633900 0.01153300 0.05580000
v 0.01793500 0.00929300 0.05600000
v 0.01793500 0.00929300 0.05600000
v 0.01633900 0.01153300 0.05580000
v 0.01775800 0.00920100 0.05580000
v 0.01884500 0.00669700 0.05580000
v 0.01884500 0.00669700 0.05580000
v 0.01958200 0.00406900 0.05580000
v 0.01977700 0.00411000 0.05600000
v 0.01995300 0.00136500 0.05580000
v 0.01977700 0.00411000 0.05600000
v 0.01995300 0.00136500 0.05580000
v 0.02015300 -0.00137800 0.05600000
v 0.01995300 0.00136500 0.05580000
v 0.01995300 -0.00136500 0.05580000
v 0.02015300 -0.00137800 0.05600000
v 0.01958200 -0.00406900 0.05580000
v 0.02015300 -0.00137800 0.05600000
v 0.01958200 -0.00406900 0.05580000
v 0.01903400 -0.00676500 0.05600000
v 0.01461700 -0.01365100 0.05580000
v 0.01274800 -0.01566900 0.05600000
v 0.01650300 -0.01164900 0.05600000
v 0.01958200 -0.00406900 0.05580000
v 0.01884500 -0.00669700 0.05580000
v 0.01903400 -0.00676500 0.05600000
v 0.01775800 -0.00920100 0.05580000
v 0.01903400 -0.00676500 0.05600000
v 0.01775800 -0.00920100 0.05580000
v 0.01650300 -0.01164900 0.05600000
v 0.01650300 -0.01164900 0.05600000
v 0.01775800 -0.00920100 0.05580000
v 0.01633900 -0.01153300 0.05580000
v 0.01461700 -0.01365100 0.05580000
v 0.01461700 -0.01365100 0.05580000
v 0.01262200 -0.01551400 0.05580000
v 0.01274800 -0.01566900 0.05600000
v 0.01039200 -0.01708800 0.05580000
v 0.01274800 -0.01566900 0.05600000
v 0.01039200 -0.01708800 0.05580000
v 0.00804800 -0.01852800 0.05600000
v 0.01039200 -0.01708800 0.05580000
v 0.00796800 -0.01834400 0.05580000
v 0.00804800 -0.01852800 0.05600000
v 0.00539600 -0.01925800 0.05580000
v 0.00804800 -0.01852800 0.05600000
v 0.00539600 -0.01925800 0.05580000
v 0.00275000 -0.02001200 0.05600000
v -0.00539600 -0.01925800 0.05580000
v -0.00804800 -0.01852800 0.05600000
v -0.00275000 -0.02001200 0.05600000
v 0.00539600 -0.01925800 0.05580000
v 0.00272300 -0.01981400 0.05580000
v 0.00275000 -0.02001200 0.05600000
v 0.00000000 -0.02000000 0.05580000
v 0.00275000 -0.02001200 0.05600000
v 0.00000000 -0.02000000 0.05580000
v -0.00275000 -0.02001200 0.05600000
v -0.00275000 -0.02001200 0.05600000
v 0.00000000 -0.02000000 0.05580000
v -0.00272300 -0.01981400 0.05580000
v -0.00539600 -0.01925800 0.05580000
v -0.01461700 -0.01365100 0.05580000
v -0.01650300 -0.01164900 0.05600000
v -0.01274800 -0.01566900 0.05600000
v -0.00539600 -0.01925800 0.05580000
v -0.00796800 -0.01834400 0.05580000
v -0.00804800 -0.01852800 0.05600000
v -0.01039200 -0.01708800 0.05580000
v -0.00804800 -0.01852800 0.05600000
v -0.01039200 -0.01708800 0.05580000
v -0.01274800 -0.01566900 0.05600000
v -0.01274800 -0.01566900 0.05600000
v -0.01039200 -0.01708800 0.05580000
v -0.01262200 -0.01551400 0.05580000
v -0.01461700 -0.01365100 0.05580000
v -0.01461700 -0.01365100 0.05580000
v -0.01633900 -0.01153300 0.05580000
v -0.01650300 -0.01164900 0.05600000
v -0.01775800 -0.00920100 0.05580000
v -0.01650300 -0.01164900 0.05600000
v -0.01775800 -0.00920100 0.05580000
v -0.01903400 -0.00676500 0.05600000
v -0.01775800 -0.00920100 0.05580000
v -0.01884500 -0.00669700 0.05580000
v -0.01903400 -0.00676500 0.05600000
v -0.01958200 -0.00406900 0.05580000
v -0.01903400 -0.00676500 0.05600000
v -0.01958200 -0.00406900 0.05580000
v -0.02015300 -0.00137800 0.05600000
v -0.01958200 -0.00406900 0.05580000
v -0.01995300 -0.00136500 0.05580000
v -0.02015300 -0.00137800 0.05600000
v -0.01995300 0.00136500 0.05580000
v -0.02015300 -0.00137800 0.05600000
v -0.01995300 0.00136500 0.05580000
v -0.01977700 0.00411000 0.05600000
v -0.01633900 0.01153300 0.05580000
v -0.01476300 0.01378700 0.05600000
v -0.01793500 0.00929300 0.05600000
v -0.01995300 0.00136500 0.05580000
v -0.01958200 0.00406900 0.05580000
v -0.01977700 0.00411000 0.05600000
v -0.01884500 0.00669700 0.05580000
v -0.01977700 0.00411000 0.05600000
v -0.01884500 0.00669700 0.05580000
v -0.01793500 0.00929300 0.05600000
v -0.01793500 0.00929300 0.05600000
v -0.01884500 0.00669700 0.05580000
v -0.01775800 0.00920100 0.05580000
v -0.01633900 0.01153300 0.05580000
v -0.00796800 0.01834400 0.05580000
v -0.00545000 0.01945100 0.05600000
v -0.01049600 0.01725900 0.05600000
v -0.01633900 0.01153300 0.05580000
v -0.01461700 0.01365100 0.05580000
v -0.01476300 0.01378700 0.05600000
v -0.01262200 0.01551400 0.05580000
v -0.01476300 0.01378700 0.05600000
v -0.01262200 0.01551400 0.05580000
v -0.01049600 0.01725900 0.05600000
v -0.01049600 0.01725900 0.05600000
v -0.01262200 0.01551400 0.05580000
v -0.01039200 0.01708800 0.05580000
v -0.00796800 0.01834400 0.05580000
v -0.00796800 0.01834400 0.05580000
v -0.00539600 0.01925800 0.05580000
v -0.00545000 0.01945100 0.05600000
v -0.00272300 0.01981400 0.05580000
v -0.00545000 0.01945100 0.05600000
v -0.00272300 0.01981400 0.05580000
v -0.00000000 0.02020000 0.05600000
v -0.00000000 0.02020000 0.05600000
v -0.00272300 0.01981400 0.05580000
v -0.00000000 0.02000000 0.05580000
v 0.00272300 0.01981400 0.05580000
v 0.00330900 -0.02830700 0.04820000
v 0.00638600 -0.02798000 0.04800000
v 0.00000000 -0.02870000 0.04800000
v 0.00330900 -0.02830700 0.04820000
v 0.00634200 -0.02778500 0.04820000
v 0.00638600 -0.02798000 0.04800000
v 0.00974800 -0.02678100 0.04820000
v 0.00638600 -0.02798000 0.04800000
v 0.00974800 -0.02678100 0.04820000
v 0.01245200 -0.02585800 0.04800000
v 0.02073000 -0.01955800 0.04820000
v 0.02243900 -0.01789400 0.04800000
v 0.01789400 -0.02243900 0.04800000
v 0.00974800 -0.02678100 0.04820000
v 0.01236600 -0.02567800 0.04820000
v 0.01245200 -0.02585800 0.04800000
v 0.01566100 -0.02381100 0.04820000
v 0.01245200 -0.02585800 0.04800000
v 0.01566100 -0.02381100 0.04820000
v 0.01789400 -0.02243900 0.04800000
v 0.01789400 -0.02243900 0.04800000
v 0.01566100 -0.02381100 0.04820000
v 0.01776900 -0.02228200 0.04820000
v 0.02073000 -0.01955800 0.04820000
v 0.02730300 -0.00817400 0.04820000
v 0.02798000 -0.00638600 0.04800000
v 0.02585800 -0.01245200 0.04800000
v 0.02073000 -0.01955800 0.04820000
v 0.02228200 -0.01776900 0.04820000
v 0.02243900 -0.01789400 0.04800000
v 0.02468200 -0.01425000 0.04820000
v 0.02243900 -0.01789400 0.04800000
v 0.02468200 -0.01425000 0.04820000
v 0.02585800 -0.01245200 0.04800000
v 0.02585800 -0.01245200 0.04800000
v 0.02468200 -0.01425000 0.04820000
v 0.02567800 -0.01236600 0.04820000
v 0.02730300 -0.00817400 0.04820000
v 0.02806700 0.00494900 0.04820000
v 0.02798000 0.00638600 0.04800000
v 0.02870000 0.00000000 0.04800000
v 0.02730300 -0.00817400 0.04820000
v 0.02778500 -0.00634200 0.04820000
v 0.02798000 -0.00638600 0.04800000
v 0.02845200 -0.00165700 0.04820000
v 0.02798000 -0.00638600 0.04800000
v 0.02845200 -0.00165700 0.04820000
v 0.02870000 0.00000000 0.04800000
v 0.02870000 0.00000000 0.04800000
v 0.02845200 -0.00165700 0.04820000
v 0.02850000 0.00000000 0.04820000
v 0.02806700 0.00494900 0.04820000
v 0.02286000 0.01701900 0.04820000
v 0.02243900 0.01789400 0.04800000
v 0.02585800 0.01245200 0.04800000
v 0.02806700 0.00494900 0.04820000
v 0.02778500 0.00634200 0.04820000
v 0.02798000 0.00638600 0.04800000
v 0.02616900 0.01128800 0.04820000
v 0.02567800 0.01236600 0.04820000
v 0.02228200 0.01776900 0.04820000
v 0.01831900 0.02183200 0.04820000
v 0.01789400 0.02243900 0.04800000
v 0.01776900 0.02228200 0.04820000
v 0.01245200 0.02585800 0.04800000
v 0.01279100 0.02546800 0.04820000
v 0.01236600 0.02567800 0.04820000
v 0.00638600 0.02798000 0.04800000
v 0.00657200 0.02773200 0.04820000
v 0.00634200 0.02778500 0.04820000
v -0.00000000 0.02870000 0.04800000
v -0.00000000 0.02850000 0.04820000
v -0.00638600 0.02798000 0.04800000
v -0.00634200 0.02778500 0.04820000
v -0.00657200 0.02773200 0.04820000
v -0.01245200 0.02585800 0.04800000
v -0.01236600 0.02567800 0.04820000
v -0.01279100 0.02546800 0.04820000
v -0.01789400 0.02243900 0.04800000
v -0.01776900 0.02228200 0.04820000
v -0.01831900 0.02183200 0.04820000
v -0.02243900 0.01789400 0.04800000
v -0.02228200 0.01776900 0.04820000
v -0.02286000 0.01701900 0.04820000
v -0.02585800 0.01245200 0.04800000
v -0.02567800 0.01236600 0.04820000
v -0.02616900 0.01128800 0.04820000
v -0.02798000 0.00638600 0.04800000
v -0.02778500 0.00634200 0.04820000
v -0.02806700 0.00494900 0.04820000
v -0.02798000 0.00638600 0.04800000
v -0.02806700 0.00494900 0.04820000
v -0.02870000 -0.00000000 0.04800000
v -0.02806700 0.00494900 0.04820000
v -0.02850000 -0.00000000 0.04820000
v -0.02870000 -0.00000000 0.04800000
v -0.02845200 -0.00165700 0.04820000
v -0.02870000 -0.00000000 0.04800000
v -0.02845200 -0.00165700 0.04820000
v -0.02798000 -0.00638600 0.04800000
v -0.02845200 -0.00165700 0.04820000
v -0.02778500 -0.00634200 0.04820000
v -0.02798000 -0.00638600 0.04800000
v -0.02730300 -0.00817400 0.04820000
v -0.02798000 -0.00638600 0.04800000
v -0.02730300 -0.00817400 0.04820000
v -0.02585800 -0.01245200 0.04800000
v -0.02730300 -0.00817400 0.04820000
v -0.02567800 -0.01236600 0.04820000
v -0.02585800 -0.01245200 0.04800000
v -0.02468200 -0.01425000 0.04820000
v -0.02585800 -0.01245200 0.04800000
v -0.02468200 -0.01425000 0.04820000
v -0.02243900 -0.01789400 0.04800000
v -0.02468200 -0.01425000 0.04820000
v -0.02228200 -0.01776900 0.04820000
v -0.02243900 -0.01789400 0.04800000
v -0.02073000 -0.01955800 0.04820000
v -0.02243900 -0.01789400 0.04800000
v -0.02073000 -0.01955800 0.04820000
v -0.01789400 -0.02243900 0.04800000
v -0.02073000 -0.01955800 0.04820000
v -0.01776900 -0.02228200 0.04820000
v -0.01789400 -0.02243900 0.04800000
v -0.01566100 -0.02381100 0.04820000
v -0.01789400 -0.02243900 0.04800000
v -0.01566100 -0.02381100 0.04820000
v -0.01245200 -0.02585800 0.04800000
v -0.01566100 -0.02381100 0.04820000
v -0.01236600 -0.02567800 0.04820000
v -0.01245200 -0.02585800 0.04800000
v -0.00974800 -0.02678100 0.04820000
v -0.01245200 -0.02585800 0.04800000
v -0.00974800 -0.02678100 0.04820000
v -0.00638600 -0.02798000 0.04800000
v -0.00974800 -0.02678100 0.04820000
v -0.00634200 -0.02778500 0.04820000
v -0.00638600 -0.02798000 0.04800000
v -0.00330900 -0.02830700 0.04820000
v -0.00638600 -0.02798000 0.04800000
v -0.00330900 -0.02830700 0.04820000
v 0.00000000 -0.02870000 0.04800000
v 0.00000000 -0.02870000 0.04800000
v -0.00330900 -0.02830700 0.04820000
v 0.00000000 -0.02850000 0.04820000
v 0.00330900 -0.02830700 0.04820000
vn 0.06643600 0.04660900 -0.99670100
vn 0.10670800 -0.03966400 -0.99349900
vn -0.01726900 0.04301700 -0.99892500
vn 0.11320300 -0.03204000 -0.99305500
vn -0.01800600 -0.01207000 -0.99976500
vn -0.03185200 0.09283200 -0.99517200
vn 0.00319000 -0.00096600 -0.99999400
vn 0.00386600 -0.01444100 -0.99988800
vn -0.03189300 -0.03189200 -0.99898200
vn -0.00381700 0.02754400 -0.99961300
vn -0.02375900 0.09510500 -0.99518400
vn -0.09440800 -0.01693700 -0.99538900
vn -0.09453100 -0.02577500 -0.99518800
vn 0.02130500 0.02131400 -0.99954600
vn -0.11194300 -0.03615800 -0.99305700
vn -0.07511700 0.03379500 -0.99660200
vn 0.01220500 -0.00026600 -0.99992500
vn 0.02740000 -0.02740000 -0.99924900
vn 0.02160300 0.08149600 -0.99644000
vn -0.00394300 -0.01451100 -0.99988700
vn 0.03332800 0.09220100 -0.99518300
vn 0.02711800 0.03914500 -0.99886600
vn -0.98821200 -0.15213400 0.01710100
vn -0.99144200 0.13054600 0.00000000
vn -0.99131100 -0.08330700 -0.10180000
vn -0.97766900 0.16500600 -0.13014100
vn -0.98907700 0.14607800 -0.01972100
vn -0.99434700 -0.07498200 -0.07517200
vn -0.99257800 0.12161300 0.00000000
vn -0.98809400 -0.15217200 -0.02266700
vn 0.99141400 -0.09780000 -0.08680100
vn 0.99148400 0.08660500 -0.09725500
vn 0.99337100 -0.11423200 0.01285700
vn 0.98809400 0.15217100 -0.02266600
vn 0.99257800 0.12160900 0.00000000
vn 0.99144200 -0.13054700 0.00000000
vn 0.99252500 0.12159900 -0.01039000
vn 0.98681200 -0.11882800 -0.10991800
vn -0.97538400 -0.18952800 -0.11271600
vn -0.94273700 -0.31571700 -0.10756600
vn -0.97427300 -0.22537100 0.00000000
vn -0.95281000 -0.30356700 0.00000000
vn -0.90081400 -0.43420500 0.00000000
vn -0.97568200 -0.21919000 0.00000000
vn -0.90871100 -0.41054300 -0.07548900
vn -0.98083100 -0.19290300 -0.02753500
vn 0.97427200 -0.22537700 0.00000000
vn 0.95027900 -0.30952300 -0.03413800
vn 0.96682300 -0.24353000 -0.07711700
vn 0.94392100 -0.30855900 -0.11749600
vn 0.97568200 -0.21919300 0.00000000
vn 0.90081300 -0.43420600 0.00000000
vn 0.97559800 -0.21919400 -0.01274800
vn 0.89736600 -0.42406500 -0.12207700
vn -0.06643600 -0.04660900 -0.99670100
vn -0.10670700 0.03966700 -0.99349900
vn 0.01726800 -0.04301600 -0.99892500
vn -0.11320400 0.03204400 -0.99305500
vn 0.01801700 0.01206300 -0.99976500
vn 0.09445700 0.01697100 -0.99538400
vn 0.09457700 0.02579400 -0.99518300
vn -0.02130700 -0.02131200 -0.99954600
vn 0.11194300 0.03615800 -0.99305700
vn 0.07511700 -0.03379700 -0.99660200
vn 0.98809900 0.15213800 -0.02266300
vn 0.99144200 -0.13054600 0.00000000
vn 0.98862700 0.11100100 -0.10146200
vn 0.97767800 -0.16497200 -0.13011300
vn -0.98809400 -0.15217000 -0.02267000
vn -0.99144300 0.13054300 -0.00000400
vn -0.99148400 -0.08660400 -0.09726300
vn -0.98775400 0.12997600 -0.08630500
vn 0.03185600 -0.09281000 -0.99517400
vn -0.00292900 0.00081900 -0.99999500
vn -0.00385700 0.01449800 -0.99988700
vn 0.03189200 0.03189300 -0.99898200
vn 0.00376600 -0.02745800 -0.99961600
vn 0.02376000 -0.09510600 -0.99518400
vn -0.01236600 0.00038300 -0.99992300
vn -0.02743300 0.02743400 -0.99924700
vn -0.02160100 -0.08149600 -0.99644000
vn 0.00389100 0.01459500 -0.99988600
vn -0.03331200 -0.09215700 -0.99518700
vn -0.02769600 -0.03732700 -0.99891900
vn 0.98809400 0.15217200 -0.02266700
vn 0.99257800 -0.12161300 0.00000000
vn 0.99434800 0.07498200 -0.07517100
vn 0.98907700 -0.14607800 -0.01972100
vn -0.99257800 -0.12160900 0.00000000
vn -0.99144200 0.13054700 0.00000000
vn -0.99252400 -0.12160000 -0.01043600
vn -0.98681200 0.11882800 -0.10991800
vn -0.97568200 0.21919300 0.00000000
vn -0.90081300 0.43420600 0.00000000
vn -0.97560000 0.21918300 -0.01279200
vn -0.89736700 0.42406400 -0.12207500
vn -0.97427200 0.22537700 0.00000000
vn -0.95027900 0.30952300 -0.03413800
vn -0.96682300 0.24353000 -0.07711700
vn -0.94392100 0.30855900 -0.11749600
vn 0.97538600 0.18952400 -0.11271000
vn 0.94273700 0.31571700 -0.10756600
vn 0.97427300 0.22537100 0.00000000
vn 0.95281000 0.30356700 0.00000000
vn 0.90081400 0.43420500 0.00000000
vn 0.97568200 0.21919000 0.00000000
vn 0.90871100 0.41054300 -0.07548900
vn 0.98083100 0.19290400 -0.02754000
vn -0.42925200 0.90295900 -0.02021600
vn -0.41537900 0.90921900 -0.02793900
vn -0.46939700 0.87788500 -0.09478400
vn -0.27521700 0.96130100 -0.01251000
vn -0.23506600 0.97160700 -0.02690900
vn -0.19132700 0.97787200 -0.08461700
vn -0.28850000 0.95372500 -0.08471500
vn -0.28038400 0.95348700 -0.11066500
vn -0.36367100 0.91609600 -0.16885300
vn -0.34628900 0.92827300 0.13562000
vn -0.42607000 0.90426000 0.02789000
vn 0.94090600 -0.32217200 0.10441200
vn 0.95419100 -0.29913600 -0.00607800
vn 0.95656000 -0.26218000 0.12749500
vn 0.98492800 -0.17272400 -0.00915300
vn 0.97132400 -0.17892700 0.15657500
vn 0.98746800 -0.09302100 0.12749400
vn 0.99995800 -0.00000000 -0.00915200
vn 0.98762800 -0.00846400 0.15658600
vn 0.98869200 0.07895400 0.12749500
vn 0.98492800 0.17272400 -0.00915300
vn 0.97424600 0.16226100 0.15657600
vn 0.96019400 0.24854200 0.12749500
vn 0.95089400 0.30948200 -0.00456200
vn 0.93484900 0.31542600 0.16298400
vn 0.42926300 -0.90295400 -0.02017200
vn 0.41537800 -0.90922000 -0.02794100
vn 0.46939600 -0.87788700 -0.09476900
vn 0.27521700 -0.96130100 -0.01250700
vn 0.23506400 -0.97160700 -0.02690700
vn 0.19132700 -0.97787200 -0.08461700
vn 0.28850400 -0.95372400 -0.08471300
vn 0.28038400 -0.95348700 -0.11066500
vn 0.36367400 -0.91609500 -0.16885100
vn 0.34628900 -0.92827300 0.13562000
vn 0.42607000 -0.90426000 0.02789000
vn 0.00000000 0.00000000 1.00000000
vn 0.00000000 -0.00000500 1.00000000
vn -0.00000000 0.00001000 1.00000000
vn 0.00000000 0.00000000 1.00000000
vn 0.00000000 -0.00000500 1.00000000
vn 0.00000000 -0.00000200 1.00000000
vn 0.00000000 -0.00000500 1.00000000
vn 0.00000000 -0.00000500 1.00000000
vn 0.00000000 0.00000000 1.00000000
vn -0.00000000 0.00001200 1.00000000
vn 0.00000000 0.00000000 1.00000000
vn 0.00000000 -0.00001900 1.00000000
vn -0.00000000 0.00000100 1.00000000
vn 0.00000000 0.00000000 1.00000000
vn 0.00000000 -0.00000100 1.00000000
vn 0.00000000 0.00000000 1.00000000
vn -0.00000000 0.00000100 1.00000000
vn 0.00000000 -0.00000100 1.00000000
vn -0.00000000 0.00000200 1.00000000
vn -0.00000000 0.00001300 1.00000000
vn 0.00000000 -0.00000100 1.00000000
vn -0.00000000 0.00001300 1.00000000
vn 0.00000000 -0.00000500 1.00000000
vn 0.00000000 0.00000000 1.00000000
vn 0.00000000 -0.00000500 1.00000000
vn -0.00000000 0.00000300 1.00000000
vn 0.00000000 -0.00000500 1.00000000
vn 0.00000000 -0.00000500 1.00000000
vn -0.00000000 0.00000100 1.00000000
vn 0.00000000 -0.00000200 1.00000000
vn 0.00000000 0.00000000 1.00000000
vn 0.00000000 0.00000000 1.00000000
vn 0.00000000 -0.00000500 1.00000000
vn -0.00000000 0.00001300 1.00000000
vn 0.00000000 0.00000000 1.00000000
vn 0.00000000 -0.00000500 1.00000000
vn -0.00000000 0.00000100 1.00000000
vn 0.00000000 0.00000000 1.00000000
vn -0.00000000 0.00000000 1.00000000
vn 0.00000000 0.00000000 1.00000000
vn -0.00000000 0.00000100 1.00000000
vn 0.00000000 0.00000000 1.00000000
vn 0.00000000 -0.00000100 1.00000000
vn 0.00000000 -0.00000100 1.00000000
vn 0.00000000 0.00000000 1.00000000
vn 0.00000000 -0.00000100 1.00000000
vn 0.00000000 0.00000000 1.00000000
vn 0.00000000 -0.00000000 1.00000000
vn 0.00000000 -0.00000100 1.00000000
vn -0.00000000 0.00000200 1.00000000
vn 0.00000000 0.00000000 1.00000000
vn 0.00000000 0.00000000 1.00000000
vn -0.03524900 -0.12140600 0.99197700
vn 0.09429000 -0.03709700 0.99485300
vn 0.01964000 -0.00000000 0.99980700
vn -0.00883000 -0.09769700 0.99517700
vn 0.00000000 0.00000000 1.00000000
vn -0.00000000 0.00001000 1.00000000
vn 0.00000000 0.00000000 1.00000000
vn 0.00000000 -0.00000500 1.00000000
vn 0.02158600 -0.07636900 0.99684600
vn -0.01432600 0.00000100 0.99989700
vn -0.10620400 -0.03970800 0.99355100
vn 0.00000000 0.00000000 1.00000000
vn -0.00000000 0.00000300 1.00000000
vn 0.00000000 -0.00000100 1.00000000
vn -0.00000000 0.00001900 1.00000000
vn 0.00000000 -0.00000100 1.00000000
vn 0.00000000 -0.00000500 1.00000000
vn 0.00000000 0.00000000 1.00000000
vn 0.00000000 0.00000000 1.00000000
vn 0.00190600 -0.10946500 0.99398900
vn 0.00000000 -0.00000100 1.00000000
vn 0.00000000 0.00000000 1.00000000
vn 0.00000000 -0.00000100 1.00000000
vn 0.00000000 -0.00000100 1.00000000
vn 0.00000000 -0.00000100 1.00000000
vn -0.00000000 0.00001900 1.00000000
vn -0.00000000 0.00001900 1.00000000
vn -0.00000000 0.00001000 1.00000000
vn 0.00000000 0.00000000 1.00000000
vn -0.00000000 0.00001000 1.00000000
vn 0.00000000 0.00000000 1.00000000
vn -0.00000000 0.00000400 1.00000000
vn 0.00000000 0.00000000 1.00000000
vn -0.00000000 0.00000100 1.00000000
vn 0.00000000 0.00000000 1.00000000
vn 0.00000000 -0.00000300 1.00000000
vn 0.00000000 -0.00000100 1.00000000
vn 0.00000000 -0.00000700 1.00000000
vn 0.00000000 -0.00000700 1.00000000
vn -0.00000000 0.00000300 1.00000000
vn 0.00000000 0.00000000 1.00000000
vn 0.00000000 -0.00000700 1.00000000
vn -0.00000000 0.00000300 1.00000000
vn 0.09821200 0.03553800 0.99453100
vn 0.18357100 0.06560600 0.98081500
vn 0.00000000 0.00000000 1.00000000
vn 0.00000000 0.00000000 1.00000000
vn 0.07286600 0.02322900 0.99707100
vn 0.09028800 -0.07496400 0.99309000
vn 0.15378300 0.02926100 0.98767100
vn 0.10770000 0.03037000 0.99371900
vn 0.15620300 -0.01131600 0.98766000
vn 0.15651700 0.00226100 0.98767300
vn 0.15581100 0.01583800 0.98766000
vn -0.00000000 0.00000300 1.00000000
vn 0.09300700 -0.03064700 0.99519400
vn 0.12661900 -0.03178900 0.99144200
vn 0.15456400 -0.02480500 0.98767100
vn 0.12275500 -0.04441800 0.99144200
vn 0.12277700 -0.04442800 0.99143900
vn 0.00000000 0.00000000 1.00000000
vn -0.00000000 0.00000100 1.00000000
vn 0.08177200 -0.02959000 0.99621200
vn 0.02289000 0.11682900 0.99288800
vn -0.09211300 0.05531900 0.99421100
vn -0.02453200 0.00000000 0.99969900
vn 0.00000000 -0.00000100 1.00000000
vn 0.00000000 0.00000000 1.00000000
vn 0.00000000 0.00000000 1.00000000
vn 0.00000000 0.00000000 1.00000000
vn 0.00000000 -0.00000100 1.00000000
vn 0.00000000 0.00000000 1.00000000
vn 0.00000000 -0.00002300 1.00000000
vn -0.00000000 0.00001200 1.00000000
vn 0.00000000 -0.00001900 1.00000000
vn 0.00000000 -0.00000100 1.00000000
vn -0.00188900 0.10950700 0.99398400
vn 0.00000000 0.00000000 1.00000000
vn 0.00000000 -0.00001900 1.00000000
vn 0.00000000 -0.00001900 1.00000000
vn 0.00000000 0.00000000 1.00000000
vn 0.00000000 -0.00001900 1.00000000
vn 0.00000000 0.00000000 1.00000000
vn 0.01931300 0.15360500 0.98794400
vn 0.09899600 -0.03332700 0.99453000
vn 0.00882800 0.09770000 0.99517700
vn -0.02280400 0.08388400 0.99621500
vn 0.00000000 -0.00000400 1.00000000
vn 0.00000000 -0.00000500 1.00000000
vn -0.00000000 0.00000700 1.00000000
vn 0.00000000 0.00000000 1.00000000
vn 0.04907600 -0.00000600 0.99879500
vn 0.09673300 0.06167600 0.99339800
vn -0.00000000 0.00000700 1.00000000
vn 0.00000000 0.00000000 1.00000000
vn 0.00000000 -0.00000100 1.00000000
vn 0.00000000 -0.00000300 1.00000000
vn 0.00000000 -0.00000100 1.00000000
vn 0.00000000 -0.00000300 1.00000000
vn 0.00000000 -0.00000100 1.00000000
vn 0.00000000 -0.00000400 1.00000000
vn 0.00000000 -0.00000500 1.00000000
vn 0.00000000 0.00000000 1.00000000
vn 0.00000000 -0.00000400 1.00000000
vn 0.00000000 0.00000000 1.00000000
vn 0.00000000 -0.00000500 1.00000000
vn -0.00000000 0.00000700 1.00000000
vn 0.00000000 0.00000000 1.00000000
vn -0.00000000 0.00000700 1.00000000
vn -0.00000000 0.00000700 1.00000000
vn 0.00000000 -0.00000300 1.00000000
vn -0.07980600 -0.02888000 0.99639200
vn -0.11577500 -0.04184900 0.99239300
vn 0.00000000 0.00000000 1.00000000
vn 0.00000000 0.00000000 1.00000000
vn -0.07287000 -0.02323100 0.99707100
vn -0.09028200 0.07496500 0.99309100
vn -0.12678700 -0.01177500 0.99186000
vn -0.08859500 -0.02088100 0.99584900
vn 0.00000000 0.00000000 1.00000000
vn 0.00000000 0.00000000 1.00000000
vn -0.00000000 0.00000100 1.00000000
vn 0.00000000 0.00000000 1.00000000
vn 0.00000000 -0.00000000 1.00000000
vn -0.06648200 -0.02406100 0.99749700
vn 0.00000000 -0.00000100 1.00000000
vn -0.06734000 -0.02174900 0.99749300
vn 0.00000000 -0.00000300 1.00000000
vn -0.07607200 0.02360300 0.99682300
vn -0.10436500 0.01957300 0.99434600
vn -0.12719500 0.00589100 0.99186000
vn -0.00000000 0.00000600 1.00000000
vn -0.00000000 0.00000000 1.00000000
vn 0.00000000 0.00000000 1.00000000
vn -0.06651900 0.02406700 0.99749500
vn 0.00000000 0.00000000 1.00000000
vn -0.00000000 0.00000500 1.00000000
vn -0.09982700 0.03610900 0.99434900
vn 0.00000000 0.00000000 1.00000000
vn -0.10991000 0.03992000 0.99314000
vn -0.09897400 0.03331900 0.99453200
vn 0.03883900 -0.20953900 0.97702900
vn 0.00000000 0.00000000 1.00000000
vn 0.00000000 -0.00000000 1.00000000
vn 0.00000000 0.00000000 1.00000000
vn -0.00000000 0.00001000 1.00000000
vn 0.00000000 -0.00000500 1.00000000
vn 0.00000000 0.00000000 1.00000000
vn 0.00000000 -0.00000200 1.00000000
vn -0.00000000 0.00001000 1.00000000
vn 0.00000000 -0.00000500 1.00000000
vn -0.00000000 0.00000200 1.00000000
vn 0.00000000 -0.00000200 1.00000000
vn 0.00000000 0.00000000 1.00000000
vn -0.00000000 0.00000200 1.00000000
vn -0.00000000 0.00000300 1.00000000
vn 0.00000000 0.00000000 1.00000000
vn 0.00000000 -0.00000200 1.00000000
vn 0.00000000 -0.00000200 1.00000000
vn 0.00000000 0.00000000 1.00000000
vn 0.08241300 0.02780700 0.99621000
vn 0.00000000 -0.00000200 1.00000000
vn 0.00000000 0.00000000 1.00000000
vn 0.00000000 0.00000000 1.00000000
vn 0.00000000 0.00000000 1.00000000
vn -0.00000000 0.00000200 1.00000000
vn -0.00000000 0.00000100 1.00000000
vn 0.00000000 0.00000000 1.00000000
vn 0.00000000 0.00000000 1.00000000
vn -0.00000000 0.00000200 1.00000000
vn 0.00000000 0.00000000 1.00000000
vn 0.00000000 0.00000000 1.00000000
vn 0.00000000 -0.00000100 1.00000000
vn 0.00000000 -0.00000100 1.00000000
vn 0.00000000 -0.00000100 1.00000000
vn 0.00000000 0.00000000 1.00000000
vn 0.00000000 0.00000000 1.00000000
vn -0.00000000 0.00000200 1.00000000
vn 0.00000000 0.00000000 1.00000000
vn 0.00000000 0.00000000 1.00000000
vn -0.00000000 0.00000100 1.00000000
vn 0.00000000 0.00000000 1.00000000
vn -0.00000000 0.00000100 1.00000000
vn -0.00000000 0.00000100 1.00000000
vn -0.00000000 0.00000200 1.00000000
vn -0.00000000 0.00000100 1.00000000
vn 0.00000000 0.00000000 1.00000000
vn 0.00000000 0.00000000 1.00000000
vn -0.00000000 0.00000000 1.00000000
vn 0.08178900 0.02960200 0.99621000
vn -0.00000000 0.00000100 1.00000000
vn -0.00000000 0.00000600 1.00000000
vn 0.00000000 0.00000000 1.00000000
vn -0.00000000 0.00000200 1.00000000
vn 0.00000000 -0.00000100 1.00000000
vn -0.00000000 0.00000700 1.00000000
vn 0.00000000 -0.00000100 1.00000000
vn -0.00000000 0.00000500 1.00000000
vn -0.00000000 0.00000700 1.00000000
vn 0.00000000 -0.00001400 1.00000000
vn -0.00000000 0.00000200 1.00000000
vn 0.00000000 -0.00000100 1.00000000
vn 0.00000000 0.00000000 1.00000000
vn 0.00000000 0.00000000 1.00000000
vn -0.00000000 0.00000500 1.00000000
vn 0.00000000 0.00000000 1.00000000
vn 0.00000000 -0.00001400 1.00000000
vn 0.00000000 0.00000000 1.00000000
vn 0.00000000 -0.00000200 1.00000000
vn 0.00000000 0.00000000 1.00000000
vn -0.00000000 0.00000200 1.00000000
vn 0.00000000 -0.00000200 1.00000000
vn 0.00000000 0.00000000 1.00000000
vn 0.00000000 -0.00000200 1.00000000
vn -0.00000000 0.00000200 1.00000000
vn 0.00000000 0.00000000 1.00000000
vn 0.00000000 0.00000000 1.00000000
vn -0.00000000 0.00000200 1.00000000
vn -0.00000000 0.00000200 1.00000000
vn 0.00000000 0.00000000 1.00000000
vn 0.00000000 0.00000000 1.00000000
vn 0.00000000 -0.00001400 1.00000000
vn -0.00000000 0.00000100 1.00000000
vn 0.00000000 0.00000000 1.00000000
vn 0.00000000 0.00000000 1.00000000
vn 0.00000000 0.00000000 1.00000000
vn 0.00000000 -0.00000100 1.00000000
vn 0.00000000 -0.00000700 1.00000000
vn -0.00000000 0.00000200 1.00000000
vn 0.00000000 0.00000000 1.00000000
vn 0.00000000 -0.00000100 1.00000000
vn 0.00000000 0.00000000 1.00000000
vn 0.00000000 0.00000000 1.00000000
vn 0.00000000 -0.00000200 1.00000000
vn 0.00000000 0.00000000 1.00000000
vn 0.00000000 0.00000000 1.00000000
vn 0.00000000 -0.00000200 1.00000000
vn 0.00000000 -0.00000200 1.00000000
vn 0.00000000 0.00000000 1.00000000
vn -0.00000000 0.00000300 1.00000000
vn -0.00000000 0.00000300 1.00000000
vn 0.00000000 -0.00000500 1.00000000
vn 0.00000000 -0.00000200 1.00000000
vn -0.00000000 0.00000100 1.00000000
vn 0.00000000 0.00000000 1.00000000
vn 0.00000000 -0.00000200 1.00000000
vn 0.00000000 0.00000000 1.00000000
vn 0.00000000 0.00000000 1.00000000
vn 0.00000000 -0.00000500 1.00000000
vn 0.00000000 -0.00000500 1.00000000
vn -0.00000000 0.00000700 1.00000000
vn 0.00000000 0.00000000 1.00000000
vn 0.00000000 0.00000000 1.00000000
vn 0.00000000 -0.00002300 1.00000000
vn 0.00000000 -0.00002300 1.00000000
vn -0.00000000 0.00001200 1.00000000
vn 0.00000000 0.00000000 1.00000000
vn 0.00000000 0.00000000 1.00000000
vn 0.00000000 -0.00000500 1.00000000
vn 0.00000000 -0.00000500 1.00000000
vn 0.00000000 -0.00000500 1.00000000
vn -0.00000000 0.00000200 1.00000000
vn -0.00000000 0.00000300 1.00000000
vn -0.00000000 0.00000300 1.00000000
vn 0.00000000 -0.00000200 1.00000000
vn 0.00000000 -0.00000600 1.00000000
vn -0.02614500 -0.99965800 0.00000000
vn 0.10383600 -0.99456200 -0.00797600
vn 0.02588000 -0.99923400 0.02935000
vn 0.08797900 -0.99611800 0.00291100
vn -0.02618900 -0.99965700 -0.00000600
vn 0.02254200 -0.99973400 -0.00494200
vn -0.00050500 -1.00000000 0.00057700
vn -0.01570900 0.99987700 0.00004500
vn -0.05233000 0.99863000 -0.00000500
vn 0.00000100 1.00000000 0.00000000
vn 0.09185800 0.99557000 0.02005100
vn 0.06531200 0.99786500 0.00000000
vn -0.00524500 0.99994400 0.00918300
vn 0.02713000 0.99961500 -0.00580600
vn -0.26284400 -0.96462700 -0.02019800
vn -0.27544500 -0.96111300 -0.01979600
vn -0.22091000 -0.97117300 -0.08956300
vn -0.41688800 -0.90882300 -0.01568100
vn -0.45612800 -0.88950800 -0.02689500
vn -0.49618100 -0.86348500 -0.09054700
vn -0.40660100 -0.90966700 -0.08473800
vn -0.41258100 -0.90417200 -0.11068000
vn -0.32515800 -0.93046300 -0.16885200
vn -0.34627800 -0.92827100 0.13566500
vn -0.27024600 -0.96238800 0.02788400
vn 0.26284000 0.96462800 -0.02019500
vn 0.27544400 0.96111300 -0.01980300
vn 0.22091800 0.97117300 -0.08954300
vn 0.41692400 0.90880600 -0.01568900
vn 0.45615200 0.88949500 -0.02691300
vn 0.49618700 0.86348100 -0.09054800
vn 0.40660100 0.90966700 -0.08473800
vn 0.41258500 0.90417100 -0.11067400
vn 0.32516100 0.93046500 -0.16883600
vn 0.34628500 0.92825800 0.13573300
vn 0.27024500 0.96238800 0.02788900
vn 0.00000000 0.00000000 -1.00000000
vn 0.00000000 0.00000000 -1.00000000
vn -0.00000000 0.00000200 -1.00000000
vn 0.00000000 0.00000000 -1.00000000
vn -0.00000000 0.00000300 -1.00000000
vn 0.00000000 -0.00000500 -1.00000000
vn 0.00000000 0.00000000 -1.00000000
vn 0.00000000 0.00000000 -1.00000000
vn 0.00000000 -0.00000200 -1.00000000
vn 0.00000000 -0.00000200 -1.00000000
vn -0.00000000 0.00000500 -1.00000000
vn 0.00000000 -0.00000500 -1.00000000
vn 0.00000000 0.00000000 -1.00000000
vn 0.00000000 0.00000000 -1.00000000
vn 0.00000000 -0.00000200 -1.00000000
vn 0.00000000 -0.00000400 -1.00000000
vn 0.00000000 -0.00000700 -1.00000000
vn 0.00000000 0.00000000 -1.00000000
vn -0.00000000 0.00000200 -1.00000000
vn 0.00000000 0.00000000 -1.00000000
vn -0.00000000 0.00000500 -1.00000000
vn 0.00000000 0.00000000 -1.00000000
vn 0.00000000 0.00000000 -1.00000000
vn 0.00000000 -0.00003100 -1.00000000
vn 0.00000000 -0.00000900 -1.00000000
vn -0.00000000 0.00000500 -1.00000000
vn -0.00000000 0.00002800 -1.00000000
vn 0.00000000 0.00000000 -1.00000000
vn -0.00000000 0.00000900 -1.00000000
vn 0.00000000 -0.00000200 -1.00000000
vn 0.00000000 0.00000000 -1.00000000
vn -0.00000000 0.00000100 -1.00000000
vn -0.00000000 0.00000100 -1.00000000
vn 0.00000000 -0.00000700 -1.00000000
vn 0.00000000 0.00000000 -1.00000000
vn -0.00000000 0.00003800 -1.00000000
vn -0.00000000 0.00000100 -1.00000000
vn 0.00000000 -0.00000700 -1.00000000
vn 0.00000000 -0.00000200 -1.00000000
vn -0.00000000 0.00003800 -1.00000000
vn 0.00000000 -0.00000700 -1.00000000
vn -0.00000000 0.00001400 -1.00000000
vn 0.00000000 0.00000000 -1.00000000
vn 0.00000000 -0.00000300 -1.00000000
vn 0.00000000 0.00000000 -1.00000000
vn -0.00000000 0.00001400 -1.00000000
vn -0.00000000 0.00001500 -1.00000000
vn -0.00000000 0.00001400 -1.00000000
vn 0.00000000 0.00000000 -1.00000000
vn 0.00000000 -0.00000700 -1.00000000
vn -0.00000000 0.00000700 -1.00000000
vn 0.00000000 0.00000000 -1.00000000
vn -0.00000000 0.00000300 -1.00000000
vn 0.00000000 -0.00000500 -1.00000000
vn -0.00000000 0.00000300 -1.00000000
vn 0.00000000 -0.00000500 -1.00000000
vn 0.00000000 -0.00000300 -1.00000000
vn -0.00000000 0.00000300 -1.00000000
vn 0.00000000 0.00000000 -1.00000000
vn 0.00000000 -0.00000300 -1.00000000
vn 0.00000000 0.00000000 -1.00000000
vn 0.00000000 0.00000000 -1.00000000
vn 0.00000000 0.00000000 -1.00000000
vn 0.00000000 0.00000000 -1.00000000
vn -0.00000000 0.00001500 -1.00000000
vn -0.00000000 0.00001500 -1.00000000
vn 0.00000000 0.00000000 -1.00000000
vn -0.00000000 0.00000100 -1.00000000
vn 0.00000000 0.00000000 -1.00000000
vn -0.00000000 0.00000200 -1.00000000
vn 0.00000000 0.00000000 -1.00000000
vn 0.00000000 -0.00000500 -1.00000000
vn -0.00000000 0.00000100 -1.00000000
vn -0.00000000 0.00000300 -1.00000000
vn 0.00000000 0.00000000 -1.00000000
vn 0.00000000 -0.00000500 -1.00000000
vn 0.00000000 0.00000000 -1.00000000
vn -0.00000000 0.00000300 -1.00000000
vn 0.00000000 -0.00000500 -1.00000000
vn -0.00000000 0.00000300 -1.00000000
vn 0.00000000 0.00000000 -1.00000000
vn 0.00000000 0.00000000 -1.00000000
vn -0.00000000 0.00000700 -1.00000000
vn 0.00000000 -0.00000500 -1.00000000
vn -0.00000000 0.00000700 -1.00000000
vn 0.00000000 0.00000000 -1.00000000
vn 0.00000000 -0.00000700 -1.00000000
vn -0.00000000 0.00000200 -1.00000000
vn 0.00000000 0.00000000 -1.00000000
vn 0.00000000 -0.00000700 -1.00000000
vn 0.00000000 0.00000000 -1.00000000
vn -0.00000000 0.00000100 -1.00000000
vn -0.00000000 0.00000200 -1.00000000
vn -0.00000000 0.00000200 -1.00000000
vn 0.00000000 0.00000000 -1.00000000
vn -0.00000000 0.00000100 -1.00000000
vn 0.00000000 -0.00000500 -1.00000000
vn 0.00000000 0.00000000 -1.00000000
vn -0.00000000 0.00000200 -1.00000000
vn -0.00000000 0.00000200 -1.00000000
vn 0.00000000 -0.00000500 -1.00000000
vn 0.00000000 0.00000000 -1.00000000
vn -0.00000000 0.00000200 -1.00000000
vn 0.00000000 -0.00000000 -1.00000000
vn 0.00000000 0.00000000 -1.00000000
vn 0.00000000 -0.00000000 -1.00000000
vn -0.00000000 0.00000000 -1.00000000
vn 0.00000000 -0.00000100 -1.00000000
vn 0.00000000 -0.00000000 -1.00000000
vn 0.00000000 0.00000000 -1.00000000
vn 0.00000000 -0.00000100 -1.00000000
vn -0.00000000 0.00000400 -1.00000000
vn 0.00000000 -0.00000100 -1.00000000
vn 0.00000000 -0.00000000 -1.00000000
vn 0.00000000 0.00000000 -1.00000000
vn 0.00000000 -0.00000200 -1.00000000
vn -0.00000000 0.00000000 -1.00000000
vn 0.00000000 -0.00000000 -1.00000000
vn -0.00000000 0.00000100 -1.00000000
vn 0.00000000 -0.00000100 -1.00000000
vn 0.00000000 0.00000000 -1.00000000
vn -0.00000000 0.00001100 -1.00000000
vn 0.00000000 0.00000000 -1.00000000
vn 0.00000000 -0.00001000 -1.00000000
vn -0.00000000 0.00001100 -1.00000000
vn 0.00000000 0.00000000 -1.00000000
vn -0.00000000 0.00001100 -1.00000000
vn 0.00000000 -0.00001000 -1.00000000
vn -0.00000000 0.00000100 -1.00000000
vn -0.00000000 0.00000100 -1.00000000
vn -0.00000000 0.00000100 -1.00000000
vn 0.00000000 -0.00001000 -1.00000000
vn 0.00000000 0.00000000 -1.00000000
vn -0.00000000 0.00000100 -1.00000000
vn -0.00000000 0.00003800 -1.00000000
vn 0.00000000 0.00000000 -1.00000000
vn 0.00000000 0.00000000 -1.00000000
vn -0.00000000 0.00000300 -1.00000000
vn 0.00000000 0.00000000 -1.00000000
vn -0.00000000 0.00000100 -1.00000000
vn 0.00000000 -0.00000000 -1.00000000
vn 0.00000000 0.00000000 -1.00000000
vn 0.00000000 -0.00000200 -1.00000000
vn -0.00000000 0.00000200 -1.00000000
vn -0.00000000 0.00000300 -1.00000000
vn 0.00000000 -0.00000800 -1.00000000
vn 0.00000000 0.00000000 -1.00000000
vn 0.00000000 -0.00000300 -1.00000000
vn -0.00000000 0.00000100 -1.00000000
vn -0.00000000 0.00000900 -1.00000000
vn 0.00000000 -0.00003100 -1.00000000
vn -0.00000000 0.00001000 -1.00000000
vn 0.00000000 -0.00000300 -1.00000000
vn -0.00000000 0.00000100 -1.00000000
vn 0.00000000 0.00000000 -1.00000000
vn 0.00000000 -0.00000200 -1.00000000
vn 0.00000000 -0.00000300 -1.00000000
vn -0.00000000 0.00000100 -1.00000000
vn 0.00000000 0.00000000 -1.00000000
vn 0.00000000 -0.00003100 -1.00000000
vn -0.00000000 0.00001000 -1.00000000
vn 0.00000000 -0.00000200 -1.00000000
vn 0.00000000 -0.00000300 -1.00000000
vn -0.00000000 0.00001000 -1.00000000
vn 0.00000000 -0.00000200 -1.00000000
vn 0.00000000 0.00000000 -1.00000000
vn 0.00000000 0.00000000 -1.00000000
vn -0.00000000 0.00000200 -1.00000000
vn 0.00000000 -0.00000200 -1.00000000
vn 0.00000000 0.00000000 -1.00000000
vn 0.00000000 -0.00000200 -1.00000000
vn -0.00000000 0.00000900 -1.00000000
vn 0.00000000 0.00000000 -1.00000000
vn 0.00000000 -0.00000200 -1.00000000
vn -0.00000000 0.00000200 -1.00000000
vn -0.00000000 0.00000200 -1.00000000
vn 0.00000000 0.00000000 -1.00000000
vn 0.00000000 0.00000000 -1.00000000
vn 0.00000000 -0.00000900 -1.00000000
vn -0.00000000 0.00000200 -1.00000000
vn -0.00000000 0.00000500 -1.00000000
vn 0.00000000 -0.00000900 -1.00000000
vn 0.00000000 0.00000000 -1.00000000
vn 0.00000000 -0.00000200 -1.00000000
vn 0.00000000 -0.00000200 -1.00000000
vn -0.00000000 0.00000200 -1.00000000
vn 0.00000000 0.00000000 -1.00000000
vn 0.00000000 0.00000000 -1.00000000
vn -0.00000000 0.00000200 -1.00000000
vn 0.00000000 0.00000000 -1.00000000
vn -0.00000000 0.00000900 -1.00000000
vn -0.00000000 0.00000900 -1.00000000
vn 0.00000000 -0.00000200 -1.00000000
vn 0.00000000 -0.00000200 -1.00000000
vn 0.00000000 0.00000000 -1.00000000
vn -0.00000000 0.00000100 -1.00000000
vn -0.00000000 0.00003800 -1.00000000
vn 0.00000000 -0.00000200 -1.00000000
vn -0.00000000 0.00003800 -1.00000000
vn 0.00000000 -0.00000700 -1.00000000
vn -0.00000000 0.00000300 -1.00000000
vn 0.00000000 -0.00000700 -1.00000000
vn 0.00000000 -0.00000200 -1.00000000
vn -0.00000000 0.00003800 -1.00000000
vn 0.00000000 0.00000000 -1.00000000
vn 0.00000000 0.00000000 -1.00000000
vn 0.00000000 -0.00000100 -1.00000000
vn 0.00000000 -0.00000700 -1.00000000
vn 0.00000000 0.00000000 -1.00000000
vn -0.00000000 0.00000300 -1.00000000
vn -0.00000000 0.00001700 -1.00000000
vn 0.00000000 -0.00000100 -1.00000000
vn 0.00000000 -0.00000100 -1.00000000
vn 0.00000000 0.00000000 -1.00000000
vn -0.00000000 0.00002800 -1.00000000
vn 0.00000000 0.00000000 -1.00000000
vn -0.00000000 0.00002800 -1.00000000
vn 0.00000000 -0.00001400 -1.00000000
vn -0.00000000 0.00000100 -1.00000000
vn -0.00000000 0.00000800 -1.00000000
vn 0.00000000 0.00000000 -1.00000000
vn 0.00000000 -0.00001400 -1.00000000
vn -0.00000000 0.00000100 -1.00000000
vn 0.00000000 -0.00000200 -1.00000000
vn 0.00000000 -0.00000200 -1.00000000
vn 0.00000000 0.00000000 -1.00000000
vn 0.00000000 -0.00001400 -1.00000000
vn -0.00000000 0.00000800 -1.00000000
vn -0.00000000 0.00000800 -1.00000000
vn -0.00000000 0.00000300 -1.00000000
vn 0.00000000 0.00000000 -1.00000000
vn -0.00000000 0.00000300 -1.00000000
vn 0.00000000 0.00000000 -1.00000000
vn -0.00000000 0.00000300 -1.00000000
vn 0.00000000 0.00000000 -1.00000000
vn 0.00000000 0.00000000 -1.00000000
vn -0.00000000 0.00000200 -1.00000000
vn 0.00000000 -0.00000000 -1.00000000
vn 0.00000000 -0.00000200 -1.00000000
vn 0.00000000 0.00000000 -1.00000000
vn -0.00000000 0.00000200 -1.00000000
vn 0.00000000 0.00000000 -1.00000000
vn -0.00000000 0.00000200 -1.00000000
vn 0.00000000 0.00000000 -1.00000000
vn -0.00000000 0.00000200 -1.00000000
vn 0.00000000 -0.00000000 -1.00000000
vn 0.00000000 -0.00000100 -1.00000000
vn -0.00000000 0.00000200 -1.00000000
vn 0.00000000 -0.00000000 -1.00000000
vn 0.00000000 0.00000000 -1.00000000
vn -0.00000000 0.00000200 -1.00000000
vn 0.00000000 -0.00000000 -1.00000000
vn 0.00000000 0.00000000 -1.00000000
vn 0.00000000 0.00000000 -1.00000000
vn -0.00000000 0.00000200 -1.00000000
vn -0.00000000 0.00000200 -1.00000000
vn -0.00000000 0.00000200 -1.00000000
vn -0.00000000 0.00000200 -1.00000000
vn 0.00000000 0.00000000 -1.00000000
vn 0.00000000 0.00000000 -1.00000000
vn 0.00000000 0.00000000 -1.00000000
vn 0.00000000 -0.00000200 -1.00000000
vn 0.00000000 0.00000000 -1.00000000
vn 0.00000000 0.00000000 -1.00000000
vn 0.00000000 0.00000000 -1.00000000
vn 0.00000000 0.00000000 -1.00000000
vn -0.00000000 0.00000200 -1.00000000
vn 0.00000000 0.00000000 -1.00000000
vn 0.00000000 0.00000000 -1.00000000
vn -0.00000000 0.00000200 -1.00000000
vn 0.00000000 0.00000000 -1.00000000
vn 0.00000000 0.00000000 -1.00000000
vn 0.00000000 -0.00000000 -1.00000000
vn -0.00000000 0.00000200 -1.00000000
vn -0.00000000 0.00000200 -1.00000000
vn 0.00000000 0.00000000 -1.00000000
vn 0.00000000 -0.00000100 -1.00000000
vn 0.00000000 0.00000000 -1.00000000
vn -0.00000000 0.00000400 -1.00000000
vn -0.00000000 0.00000200 -1.00000000
vn -0.00000000 0.00000600 -1.00000000
vn 0.00000000 0.00000000 -1.00000000
vn 0.00000000 -0.00000400 -1.00000000
vn -0.00000000 0.00000200 -1.00000000
vn 0.00000000 0.00000000 -1.00000000
vn 0.00000000 -0.00000400 -1.00000000
vn -0.00000000 0.00000200 -1.00000000
vn 0.00000000 -0.00000200 -1.00000000
vn 0.00000000 0.00000000 -1.00000000
vn -0.00000000 0.00000300 -1.00000000
vn 0.00000000 0.00000000 -1.00000000
vn 0.00000000 0.00000000 -1.00000000
vn 0.00000000 -0.00000000 -1.00000000
vn 0.00000000 0.00000000 -1.00000000
vn 0.00000000 -0.00000100 -1.00000000
vn -0.00000000 0.00000400 -1.00000000
vn 0.00000000 0.00000000 -1.00000000
vn 0.00000000 0.00000000 -1.00000000
vn -0.00000000 0.00000600 -1.00000000
vn -0.00000000 0.00000400 -1.00000000
vn -0.00000000 0.00000600 -1.00000000
vn 0.00000000 -0.00000400 -1.00000000
vn 0.00000000 0.00000000 -1.00000000
vn -0.00000000 0.00000100 -1.00000000
vn 0.00000000 0.00000000 -1.00000000
vn -0.00000000 0.00000100 -1.00000000
vn 0.00000000 0.00000000 -1.00000000
vn -0.00000000 0.00000100 -1.00000000
vn -0.00000000 0.00000200 -1.00000000
vn -0.00000000 0.00000300 -1.00000000
vn -0.00000000 0.00000100 -1.00000000
vn 0.00000000 -0.00000800 -1.00000000
vn -0.00000000 0.00000200 -1.00000000
vn -0.00000000 0.00000100 -1.00000000
vn -0.00000000 0.00000200 -1.00000000
vn 0.00000000 0.00000000 -1.00000000
vn -0.00000000 0.00000200 -1.00000000
vn 0.00000000 -0.00000200 -1.00000000
vn 0.00000000 0.00000000 -1.00000000
vn -0.00000000 0.00000000 -1.00000000
vn 0.00000000 0.00000000 -1.00000000
vn 0.00000000 -0.00000200 -1.00000000
vn 0.00000000 0.00000000 -1.00000000
vn -0.00000000 0.00000500 -1.00000000
vn 0.00000000 0.00000000 -1.00000000
vn 0.00000000 -0.00000200 -1.00000000
vn 0.00000000 -0.00000000 -1.00000000
vn 0.00000000 0.00000000 -1.00000000
vn 0.00000000 -0.00000200 -1.00000000
vn 0.00000000 -0.00000200 -1.00000000
vn -0.00000000 0.00000100 -1.00000000
vn 0.00000000 -0.00000200 -1.00000000
vn 0.00000000 0.00000000 -1.00000000
vn 0.00000000 0.00000000 -1.00000000
vn 0.00000000 0.00000000 -1.00000000
vn -0.00000000 0.00000100 -1.00000000
vn 0.00000000 -0.00000500 -1.00000000
vn -0.00000000 0.00000400 -1.00000000
vn 0.00000000 0.00000000 -1.00000000
vn -0.00000000 0.00000400 -1.00000000
vn 0.00000000 -0.00000100 -1.00000000
vn 0.00000000 0.00000000 -1.00000000
vn 0.00000000 -0.00000100 -1.00000000
vn 0.00000000 -0.00000000 -1.00000000
vn -0.00000000 0.00000200 -1.00000000
vn -0.00000000 0.00000200 -1.00000000
vn 0.00000000 -0.00000200 -1.00000000
vn 0.00000000 -0.00000000 -1.00000000
vn 0.00000000 0.00000000 -1.00000000
vn -0.00000000 0.00000500 -1.00000000
vn 0.00000000 -0.00000200 -1.00000000
vn 0.00000000 0.00000000 -1.00000000
vn -0.00000000 0.00000500 -1.00000000
vn -0.00000000 0.00000300 -1.00000000
vn -0.00000000 0.00000500 -1.00000000
vn -0.00000000 0.00000300 -1.00000000
vn 0.00000000 -0.00000500 -1.00000000
vn -0.00000000 0.00000500 -1.00000000
vn 0.00000000 -0.00000200 -1.00000000
vn -0.00000000 0.00001700 -1.00000000
vn 0.00000000 0.00000000 -1.00000000
vn -0.00000000 0.00001700 -1.00000000
vn 0.00000000 0.00000000 -1.00000000
vn -0.00000000 0.00000900 -1.00000000
vn 0.00000000 0.00000000 -1.00000000
vn 0.00000000 0.00000000 -1.00000000
vn -0.00000000 0.00000900 -1.00000000
vn 0.00000000 0.00000000 -1.00000000
vn 0.00000000 -0.00000800 -1.00000000
vn -0.00000000 0.00000100 -1.00000000
vn 0.00000000 0.00000000 -1.00000000
vn 0.00000000 0.00000000 -1.00000000
vn 0.00000000 -0.00000300 -1.00000000
vn 0.00000000 -0.00000300 -1.00000000
vn -0.00000000 0.00000900 -1.00000000
vn 0.00000000 -0.00000700 -1.00000000
vn 0.00000000 0.00000000 -1.00000000
vn 0.00000000 -0.00000700 -1.00000000
vn 0.00000000 0.00000000 -1.00000000
vn 0.00000000 -0.00000400 -1.00000000
vn 0.00000000 -0.00000400 -1.00000000
vn 0.00000000 0.00000000 -1.00000000
vn 0.00000000 0.00000000 1.00000000
vn -0.00000000 0.00008600 1.00000000
vn -0.00000000 0.00001200 1.00000000
vn -0.00000000 0.00000700 1.00000000
vn -0.00000000 0.00000300 1.00000000
vn -0.00000000 0.00000400 1.00000000
vn -0.00000000 0.00008600 1.00000000
vn -0.00000100 0.00008600 1.00000000
vn -0.00000000 0.00000700 1.00000000
vn 0.00000000 -0.00000300 1.00000000
vn -0.00000000 0.00000400 1.00000000
vn 0.00000000 0.00000000 1.00000000
vn 0.00000000 -0.00001500 1.00000000
vn 0.00000000 -0.00000300 1.00000000
vn -0.00000000 0.00000300 1.00000000
vn 0.00000000 0.00000000 1.00000000
vn 0.00000000 -0.00000900 1.00000000
vn -0.00000000 0.00000300 1.00000000
vn 0.00000000 0.00000000 1.00000000
vn 0.00000000 0.00000000 1.00000000
vn -0.00000000 0.00000300 1.00000000
vn 0.00000000 -0.00000500 1.00000000
vn 0.00000000 0.00000000 1.00000000
vn -0.00000000 0.00000100 1.00000000
vn -0.00000000 0.00000100 1.00000000
vn 0.00000000 -0.00000500 1.00000000
vn -0.00000000 0.00000100 1.00000000
vn 0.00000000 0.00000000 1.00000000
vn -0.00000000 0.00000100 1.00000000
vn 0.00000000 -0.00000500 1.00000000
vn 0.00000000 -0.00000200 1.00000000
vn -0.00000000 0.00000100 1.00000000
vn 0.00000000 0.00000000 1.00000000
vn 0.00000000 0.00000000 1.00000000
vn -0.00000000 0.00000000 1.00000000
vn -0.00000000 0.00001000 1.00000000
vn 0.00000000 0.00000000 1.00000000
vn 0.00000000 0.00000000 1.00000000
vn -0.00000000 0.00001000 1.00000000
vn -0.00000000 0.00001000 1.00000000
vn -0.00000000 0.00000200 1.00000000
vn 0.00000000 0.00000000 1.00000000
vn 0.00000000 0.00000000 1.00000000
vn -0.00000000 0.00000200 1.00000000
vn -0.00001000 0.00008600 1.00000000
vn -0.00000000 0.00000200 1.00000000
vn 0.00000000 0.00000000 1.00000000
vn -0.00000000 0.00000000 1.00000000
vn 0.00000000 0.00000000 1.00000000
vn -0.00000000 0.00008600 1.00000000
vn 0.00000000 0.00000000 1.00000000
vn -0.00000000 0.00008600 1.00000000
vn 0.00000000 0.00000000 1.00000000
vn 0.00000000 -0.00001500 1.00000000
vn -0.00000000 0.00000300 1.00000000
vn -0.00000000 0.00000200 1.00000000
vn 0.00000000 0.00000000 1.00000000
vn 0.00000000 -0.08697000 0.99621100
vn 0.00000000 0.00000000 1.00000000
vn 0.00000000 -0.00000300 1.00000000
vn -0.00000000 0.00000100 1.00000000
vn -0.00000000 0.00000200 1.00000000
vn 0.00000000 -0.00000000 1.00000000
vn -0.00000000 0.00000400 1.00000000
vn 0.00000000 -0.00001500 1.00000000
vn -0.00000000 0.00000400 1.00000000
vn 0.00000000 -0.00000300 1.00000000
vn 0.00000000 -0.00000900 1.00000000
vn 0.00000000 0.00000000 1.00000000
vn 0.00000000 -0.00000900 1.00000000
vn -0.00000000 0.00000000 1.00000000
vn 0.00000000 0.00000000 1.00000000
vn 0.00000000 0.00000000 1.00000000
vn -0.00000000 0.00000100 1.00000000
vn -0.00000000 0.00000100 1.00000000
vn 0.00000000 -0.00000300 1.00000000
vn 0.00000000 -0.00000100 1.00000000
vn 0.00000000 0.00000000 1.00000000
vn 0.00000000 -0.00000300 1.00000000
vn -0.00000000 0.00000700 1.00000000
vn -0.00000100 -0.05209600 0.99864200
vn -0.00000000 0.00000500 1.00000000
vn -0.00000000 0.00000200 1.00000000
vn 0.00000000 0.00000000 1.00000000
vn 0.00000000 0.00000000 1.00000000
vn 0.00000000 0.00000000 1.00000000
vn 0.00000000 -0.00000300 1.00000000
vn -0.00000000 0.00000200 1.00000000
vn 0.00000000 -0.00000100 1.00000000
vn 0.00000000 0.00000000 1.00000000
vn -0.00000000 0.00000200 1.00000000
vn -0.00000000 0.00000200 1.00000000
vn 0.00000000 0.00000000 1.00000000
vn -0.00000000 0.00000100 1.00000000
vn 0.00000000 0.00000000 1.00000000
vn 0.00000000 0.00000000 1.00000000
vn -0.00000000 0.00000100 1.00000000
vn 0.00000000 -0.00000100 1.00000000
vn 0.00000000 -0.00000100 1.00000000
vn 0.00000000 -0.00000000 1.00000000
vn 0.00000000 0.00000000 1.00000000
vn -0.00000000 0.00000200 1.00000000
vn 0.00000000 -0.00000000 1.00000000
vn -0.00000000 0.00000400 1.00000000
vn 0.00000000 0.00000000 1.00000000
vn -0.00000000 0.00000300 1.00000000
vn -0.00000000 0.00000400 1.00000000
vn 0.00000000 0.00000000 1.00000000
vn -0.00000000 0.00000100 1.00000000
vn 0.00000000 0.00000000 1.00000000
vn 0.00000000 0.00000000 1.00000000
vn -0.00000000 0.00001200 1.00000000
vn -0.00000000 0.00000700 1.00000000
vn 0.00000000 0.00000000 1.00000000
vn 0.00000000 -0.00000200 1.00000000
vn -0.00000000 0.00001200 1.00000000
vn 0.00000000 -0.00000200 1.00000000
vn -0.00000000 0.00000100 1.00000000
vn 0.00000000 0.00000000 1.00000000
vn -0.00000000 0.00000100 1.00000000
vn 0.00000000 0.00000000 1.00000000
vn -0.00000000 0.00005500 1.00000000
vn -0.00000000 0.00000100 1.00000000
vn -0.00000000 0.00000100 1.00000000
vn 0.00000000 0.00000000 1.00000000
vn 0.00000000 -0.00001000 1.00000000
vn 0.00000000 0.00000000 1.00000000
vn 0.00000100 0.00005400 1.00000000
vn -0.00000000 0.00010200 1.00000000
vn 0.00000000 0.00000000 1.00000000
vn -0.00000000 0.00000500 1.00000000
vn 0.00000000 0.00000000 1.00000000
vn -0.00000000 0.00000500 1.00000000
vn -0.00000000 0.00000100 1.00000000
vn 0.00000000 0.00000000 1.00000000
vn 0.00000000 -0.00000300 1.00000000
vn -0.00000000 0.00000400 1.00000000
vn 0.00000000 -0.00000400 1.00000000
vn 0.00000000 0.00000000 1.00000000
vn 0.00000000 0.09803600 0.99518300
vn -0.00000200 0.13057100 0.99143900
vn 0.00000000 -0.00001400 1.00000000
vn -0.00000000 0.00005400 1.00000000
vn 0.00000000 0.00000000 1.00000000
vn -0.00000000 0.00001200 1.00000000
vn 0.00000000 -0.00003100 1.00000000
vn 0.00000000 -0.00001400 1.00000000
vn -0.00000000 0.00000000 1.00000000
vn 0.00000000 -0.00000200 1.00000000
vn 0.00000500 -0.00003800 1.00000000
vn 0.00000000 -0.00000400 1.00000000
vn -0.00000000 0.00005400 1.00000000
vn -0.00000000 0.00005400 1.00000000
vn 0.00000000 0.00000000 1.00000000
vn 0.00000000 0.00000000 1.00000000
vn -0.00000000 0.00000500 1.00000000
vn -0.00000000 0.00000300 1.00000000
vn 0.00000000 0.00000000 1.00000000
vn -0.00000000 0.00000300 1.00000000
vn 0.00000000 -0.00001400 1.00000000
vn 0.00000000 -0.00000400 1.00000000
vn -0.00000000 0.00000000 1.00000000
vn 0.00000000 -0.00000400 1.00000000
vn 0.00000000 0.00000000 1.00000000
vn -0.00000000 0.00000000 1.00000000
vn 0.00000000 -0.00003100 1.00000000
vn 0.00000000 0.00000000 1.00000000
vn -0.00000000 0.00000300 1.00000000
vn 0.00000000 -0.00000100 1.00000000
vn 0.00000000 0.00000000 1.00000000
vn 0.00000000 0.00000000 1.00000000
vn 0.00000000 0.00000000 1.00000000
vn 0.00000000 -0.00000100 1.00000000
vn 0.00000000 0.00000000 1.00000000
vn 0.00000000 0.00000000 1.00000000
vn -0.00000000 0.00000400 1.00000000
vn 0.00000000 -0.00000100 1.00000000
vn -0.00000000 0.00000500 1.00000000
vn -0.00000000 0.00000100 1.00000000
vn -0.00000000 0.00000100 1.00000000
vn 0.00000000 -0.00000300 1.00000000
vn 0.00000000 -0.00000300 1.00000000
vn 0.00000000 -0.00000100 1.00000000
vn 0.00000000 0.00000000 1.00000000
vn 0.00000000 0.00000000 1.00000000
vn 0.00000000 -0.00001000 1.00000000
vn 0.00000000 0.00000000 1.00000000
vn -0.00000000 0.00000400 1.00000000
vn 0.00000000 -0.00000200 1.00000000
vn 0.00000000 0.00000000 1.00000000
vn -0.00000000 0.00000100 1.00000000
vn -0.00000000 0.00000200 1.00000000
vn 0.00000000 -0.00000100 1.00000000
vn -0.00000000 0.00001500 1.00000000
vn 0.00000000 0.00000000 1.00000000
vn 0.00000000 -0.00000200 1.00000000
vn -0.00000000 0.00000200 1.00000000
vn 0.00000000 0.00000000 1.00000000
vn 0.00000000 0.00000000 1.00000000
vn -0.00000000 0.00000100 1.00000000
vn -0.00000000 0.00000100 1.00000000
vn 0.00000000 0.00000000 1.00000000
vn -0.00000000 0.00000500 1.00000000
vn -0.00000000 0.00000500 1.00000000
vn 0.00000000 0.00000000 1.00000000
vn 0.00000000 -0.00000400 1.00000000
vn -0.00000000 0.00000500 1.00000000
vn 0.00000000 -0.00000400 1.00000000
vn 0.00000000 0.00000000 1.00000000
vn 0.00000000 -0.00000200 1.00000000
vn 0.00000000 0.00000000 1.00000000
vn 0.00000000 0.00000000 1.00000000
vn 0.00000000 0.00000000 1.00000000
vn 0.00000000 0.00000000 1.00000000
vn 0.00000000 0.00000000 1.00000000
vn -0.00000000 0.00000400 1.00000000
vn 0.00000000 0.00000000 1.00000000
vn -0.00000000 0.00000500 1.00000000
vn -0.00000000 0.00000400 1.00000000
vn -0.00000000 0.00000300 1.00000000
vn -0.00000000 0.00000500 1.00000000
vn 0.00000000 -0.00000200 1.00000000
vn 0.00000000 -0.00000400 1.00000000
vn -0.00000000 0.00001500 1.00000000
vn 0.00000000 0.00000000 1.00000000
vn 0.00000000 0.00000000 1.00000000
vn 0.00000000 -0.00000200 1.00000000
vn 0.00000000 0.00000000 1.00000000
vn 0.00000000 0.00000000 1.00000000
vn 0.00000000 -0.00003800 1.00000000
vn 0.00000000 -0.00003800 1.00000000
vn -0.00000000 0.00000100 1.00000000
vn 0.00000000 0.00000000 1.00000000
vn 0.00000000 -0.00001000 1.00000000
vn -0.00000000 0.00000100 1.00000000
vn 0.00000000 0.00000000 1.00000000
vn -0.00000000 0.00000100 1.00000000
vn -0.00000000 0.00000300 1.00000000
vn 0.00000000 0.00000000 1.00000000
vn 0.00000000 -0.00000100 1.00000000
vn 0.00000000 0.00000000 1.00000000
vn -0.00000000 0.00000300 1.00000000
vn 0.00000000 -0.00000100 1.00000000
vn 0.00000000 0.00000000 1.00000000
vn -0.00000000 0.00000400 1.00000000
vn 0.00000000 -0.00003100 1.00000000
vn -0.00000000 0.00001200 1.00000000
vn 0.00000000 -0.00000400 1.00000000
vn -0.00000000 0.00001200 1.00000000
vn 0.00000000 0.00000000 1.00000000
vn -0.00000000 0.00001500 1.00000000
vn 0.00000000 -0.00000100 1.00000000
vn 0.00000000 -0.00000400 1.00000000
vn -0.00000000 0.00000200 1.00000000
vn 0.00000000 -0.00000100 1.00000000
vn 0.26962200 0.96229500 0.03594500
vn 0.26979400 0.96291800 0.00000000
vn 0.13612600 0.99040400 0.02387300
vn -0.00000000 0.99935500 0.03589800
vn 0.39828800 0.91695000 0.02387800
vn 0.51924800 0.85386700 0.03594600
vn 0.51958600 0.85441800 0.00000000
vn 0.63090800 0.77549100 0.02387100
vn 0.73036400 0.68211200 0.03593200
vn 0.73084000 0.68254800 -0.00001700
vn 0.81673700 0.57651700 0.02386200
vn 0.90507100 0.42308200 0.04300400
vn 0.88788300 0.46006900 0.00000000
vn 0.99003700 0.13620200 0.03572500
vn 0.99007000 -0.13596000 0.03572900
vn 0.99861400 -0.02278100 0.04744800
vn 0.99512000 0.06840200 0.07111200
vn 0.96772800 0.24749000 0.04744900
vn 0.93976500 0.33434300 0.07111000
vn 0.91669000 -0.39799900 0.03571700
vn 0.77529300 -0.63059000 0.03572900
vn 0.84139700 -0.53833000 0.04744700
vn 0.88578800 -0.45860900 0.07111400
vn 0.95543600 -0.29136000 0.04744600
vn 0.97667200 -0.20261700 0.07111500
vn 0.57641400 -0.81637700 0.03572100
vn 0.33477800 -0.94162000 0.03572300
vn 0.43919800 -0.89713700 0.04744600
vn 0.51853300 -0.85209300 0.07113600
vn 0.66495900 -0.74537100 0.04744500
vn 0.72919900 -0.68059600 0.07112600
vn -0.39814300 -0.91661800 0.03598200
vn -0.26972000 -0.96264300 0.02386800
vn -0.18099300 -0.98319400 0.02391200
vn -0.11355000 -0.99353200 0.00000000
vn -0.02279500 -0.99974000 0.00000000
vn 0.02279500 -0.99974000 0.00000000
vn 0.13608700 -0.99069700 0.00000400
vn 0.18087000 -0.98236200 0.04744800
vn 0.26940900 -0.96039500 0.07113400
vn -0.63068100 -0.77521200 0.03589100
vn -0.51943600 -0.85417600 0.02386600
vn -0.39840200 -0.91721100 0.00000000
vn -0.81644000 -0.57630600 0.03602800
vn -0.73062800 -0.68235900 0.02386400
vn -0.63109300 -0.77570700 0.00000000
vn -0.94165100 -0.33466300 0.03598600
vn -0.88763200 -0.45993500 0.02387000
vn -0.81696800 -0.57668400 0.00000000
vn -0.99702600 -0.06819800 0.03589700
vn -0.97880500 -0.20339900 0.02387100
vn -0.94225900 -0.33488500 0.00000000
vn -0.97844800 0.20332300 0.03603200
vn -0.99738400 0.06822300 0.02387100
vn -0.99766900 -0.06824400 0.00000000
vn -0.88731200 0.45976700 0.03593900
vn -0.94199200 0.33478400 0.02387200
vn -0.97908300 0.20346000 0.00000000
vn -0.73036500 0.68211400 0.03588700
vn -0.81673800 0.57651600 0.02386200
vn -0.88788300 0.46006900 0.00000000
vn -0.51925100 0.85387100 0.03581100
vn -0.63090900 0.77549000 0.02387200
vn -0.73084100 0.68254800 -0.00001700
vn -0.26962300 0.96229700 0.03590000
vn -0.39828800 0.91695000 0.02387900
vn -0.51958600 0.85441800 0.00000000
vn -0.00000000 1.00000000 0.00000000
vn -0.13612800 0.99040400 0.02387300
vn -0.26979400 0.96291800 0.00000000
vn 0.25880800 -0.96592900 0.00004300
vn 0.25880800 -0.96592900 0.00004300
vn 0.25886800 -0.96591300 0.00000000
vn 0.25880800 -0.96592900 0.00004300
vn 0.25886800 -0.96591300 0.00000000
vn 0.25886800 -0.96591300 0.00000000
vn 0.70710300 -0.70711100 0.00000000
vn 0.70710300 -0.70711100 0.00000000
vn 0.70710000 -0.70711400 0.00000000
vn 0.70710300 -0.70711100 0.00000000
vn 0.70710000 -0.70711400 0.00000000
vn 0.70710000 -0.70711400 0.00000000
vn 0.96592900 -0.25880600 0.00000000
vn 0.96592900 -0.25880600 0.00000000
vn 0.96592900 -0.25880800 0.00000000
vn 0.96592900 -0.25880600 0.00000000
vn 0.96592900 -0.25880800 0.00000000
vn 0.96592900 -0.25880800 0.00000000
vn 0.96592500 0.25882000 0.00000000
vn 0.96592500 0.25882000 0.00000000
vn 0.96592500 0.25882300 0.00000000
vn 0.96592500 0.25882000 0.00000000
vn 0.96592500 0.25882300 0.00000000
vn 0.96592500 0.25882300 0.00000000
vn 0.70713600 0.70707800 0.00000000
vn 0.70713400 0.70708000 0.00000000
vn 0.70713600 0.70707800 0.00000000
vn 0.70713600 0.70707800 0.00000000
vn 0.70713400 0.70708000 0.00000000
vn 0.70713400 0.70708000 0.00000000
vn 0.25880900 0.96592900 0.00000000
vn 0.25880900 0.96592900 0.00000000
vn 0.25880600 0.96592900 0.00000000
vn 0.25880600 0.96592900 0.00000000
vn 0.25880900 0.96592900 0.00000000
vn 0.25880600 0.96592900 0.00000000
vn -0.25880900 0.96592800 0.00000000
vn -0.25880600 0.96592900 0.00000000
vn -0.25880900 0.96592800 0.00000000
vn -0.25880600 0.96592900 0.00000000
vn -0.25880900 0.96592800 0.00000000
vn -0.25880600 0.96592900 0.00000000
vn -0.70714400 0.70707000 0.00000000
vn -0.70714400 0.70707000 0.00000000
vn -0.70713900 0.70707400 0.00000000
vn -0.70714400 0.70707000 0.00000000
vn -0.70713900 0.70707400 0.00000000
vn -0.70713900 0.70707400 0.00000000
vn -0.96592500 0.25882000 0.00000000
vn -0.96592500 0.25882000 0.00000000
vn -0.96592600 0.25882000 0.00000000
vn -0.96592600 0.25882000 0.00000000
vn -0.96592500 0.25882000 0.00000000
vn -0.96592600 0.25882000 0.00000000
vn -0.96592900 -0.25880600 0.00000000
vn -0.96592900 -0.25880600 0.00000000
vn -0.96592900 -0.25880600 0.00000000
vn -0.96592900 -0.25880600 0.00000000
vn -0.70710900 -0.70710500 0.00000000
vn -0.70710500 -0.70710800 0.00000000
vn -0.70710900 -0.70710500 0.00000000
vn -0.70710900 -0.70710500 0.00000000
vn -0.70710500 -0.70710800 0.00000000
vn -0.70710500 -0.70710800 0.00000000
vn -0.25880600 -0.96592900 0.00000000
vn -0.25887000 -0.96591200 0.00004200
vn -0.25880600 -0.96592900 0.00000000
vn -0.25887000 -0.96591200 0.00004200
vn -0.25880600 -0.96592900 0.00000000
vn -0.25887000 -0.96591200 0.00004200
vn 0.29829200 -0.64265100 0.70570700
vn 0.40739600 -0.57966100 0.70570600
vn 0.57965000 -0.40741500 0.70570500
vn 0.64266700 -0.29826700 0.70570300
vn 0.70569600 -0.06300500 0.70570700
vn 0.70569900 0.06302300 0.70570300
vn 0.64265300 0.29828300 0.70570800
vn 0.57964400 0.40742200 0.70570600
vn 0.40740800 0.57965400 0.70570600
vn 0.29830100 0.64264700 0.70570600
vn 0.06297700 0.70570200 0.70570400
vn -0.06302000 0.70570000 0.70570200
vn -0.29829000 0.64265600 0.70570300
vn -0.40743400 0.57964100 0.70570100
vn -0.57965700 0.40740400 0.70570500
vn -0.64264600 0.29830100 0.70570700
vn -0.70569900 0.06297200 0.70570800
vn -0.70569800 -0.06302200 0.70570400
vn -0.64265100 -0.29829300 0.70570600
vn -0.57963900 -0.40742900 0.70570500
vn -0.40739100 -0.57966600 0.70570500
vn -0.29827400 -0.64266000 0.70570500
vn -0.06295700 -0.70569700 0.70571100
vn -0.06307500 -0.70570900 0.70568900
vn -0.18617200 -0.69474700 0.69474300
vn 0.18617500 -0.69474000 0.69474800
vn 0.25880600 -0.96592900 0.00000000
vn 0.25880600 -0.96592900 0.00000000
vn 0.25880700 -0.96592900 0.00000000
vn 0.25880700 -0.96592900 0.00000000
vn 0.25880600 -0.96592900 0.00000000
vn 0.25880700 -0.96592900 0.00000000
vn 0.70713800 -0.70707600 0.00000000
vn 0.70713800 -0.70707600 0.00000000
vn 0.70713400 -0.70708000 0.00000000
vn 0.70713800 -0.70707600 0.00000000
vn 0.70713400 -0.70708000 0.00000000
vn 0.70713400 -0.70708000 0.00000000
vn 0.96592500 -0.25882200 0.00000000
vn 0.96592500 -0.25882200 0.00000000
vn 0.96592500 -0.25882200 0.00000000
vn 0.96592500 -0.25882200 0.00000000
vn 0.96592500 -0.25882200 0.00000000
vn 0.96592500 -0.25882200 0.00000000
vn 0.96592900 0.25880600 0.00000000
vn 0.96592900 0.25880800 0.00000000
vn 0.96592900 0.25880600 0.00000000
vn 0.96592900 0.25880600 0.00000000
vn 0.96592900 0.25880800 0.00000000
vn 0.96592900 0.25880800 0.00000000
vn 0.70710300 0.70711100 0.00000000
vn 0.70710300 0.70711100 0.00000000
vn 0.70709900 0.70711400 0.00000000
vn 0.70709900 0.70711400 0.00000000
vn 0.70710300 0.70711100 0.00000000
vn 0.70709900 0.70711400 0.00000000
vn 0.25887000 0.96591200 0.00000000
vn 0.25880700 0.96592900 -0.00004300
vn 0.25887000 0.96591200 0.00000000
vn 0.25880700 0.96592900 -0.00004300
vn 0.25887000 0.96591200 0.00000000
vn 0.25880700 0.96592900 -0.00004300
vn -0.25887200 0.96591200 -0.00004200
vn -0.25887200 0.96591200 -0.00004200
vn -0.25880500 0.96593000 0.00000000
vn -0.25880500 0.96593000 0.00000000
vn -0.25887200 0.96591200 -0.00004200
vn -0.25880500 0.96593000 0.00000000
vn -0.70710900 0.70710400 0.00000000
vn -0.70710900 0.70710400 0.00000000
vn -0.70710500 0.70710800 0.00000000
vn -0.70710500 0.70710800 0.00000000
vn -0.70710900 0.70710400 0.00000000
vn -0.70710500 0.70710800 0.00000000
vn -0.96592900 0.25880600 0.00000000
vn -0.96593000 0.25880500 0.00000000
vn -0.96592900 0.25880600 0.00000000
vn -0.96592900 0.25880600 0.00000000
vn -0.96593000 0.25880500 0.00000000
vn -0.96593000 0.25880500 0.00000000
vn -0.96592600 -0.25881900 0.00000000
vn -0.96592500 -0.25882100 0.00000000
vn -0.96592600 -0.25881900 0.00000000
vn -0.96592600 -0.25881900 0.00000000
vn -0.96592500 -0.25882100 0.00000000
vn -0.96592500 -0.25882100 0.00000000
vn -0.70714200 -0.70707100 0.00000000
vn -0.70714000 -0.70707300 0.00000000
vn -0.70714200 -0.70707100 0.00000000
vn -0.70714000 -0.70707300 0.00000000
vn -0.70714200 -0.70707100 0.00000000
vn -0.70714000 -0.70707300 0.00000000
vn -0.25880900 -0.96592900 0.00000000
vn -0.25880300 -0.96593000 0.00000000
vn -0.25880900 -0.96592900 0.00000000
vn -0.25880900 -0.96592900 0.00000000
vn -0.25880300 -0.96593000 0.00000000
vn -0.25880300 -0.96593000 0.00000000
vn 0.29828300 -0.64265800 0.70570400
vn 0.40742300 -0.57964200 0.70570600
vn 0.57966400 -0.40739600 0.70570400
vn 0.64266600 -0.29826600 0.70570400
vn 0.70570000 -0.06298100 0.70570600
vn 0.70570000 0.06301900 0.70570200
vn 0.64265200 0.29829100 0.70570600
vn 0.57963900 0.40743100 0.70570500
vn 0.40738500 0.57967100 0.70570500
vn 0.29827500 0.64265900 0.70570600
vn 0.06300100 0.70569600 0.70570800
vn -0.06302600 0.70570000 0.70570200
vn -0.29831200 0.64264200 0.70570600
vn -0.40743000 0.57964100 0.70570300
vn -0.57966000 0.40740100 0.70570400
vn -0.64264600 0.29830200 0.70570700
vn -0.70569900 0.06299300 0.70570600
vn -0.70569900 -0.06302600 0.70570300
vn -0.64265700 -0.29828300 0.70570500
vn -0.57964600 -0.40741500 0.70570800
vn -0.40739700 -0.57966500 0.70570300
vn -0.29827200 -0.64266300 0.70570400
vn -0.06298700 -0.70570300 0.70570200
vn 0.06302700 -0.70569800 0.70570400
vn 0.25881100 -0.96592800 0.00000000
vn 0.25881100 -0.96592800 0.00000000
vn 0.25881700 -0.96592600 0.00000000
vn 0.25881100 -0.96592800 0.00000000
vn 0.25881700 -0.96592600 0.00000000
vn 0.25881700 -0.96592600 0.00000000
vn 0.70709800 -0.70711600 0.00000100
vn 0.70709800 -0.70711600 0.00000000
vn 0.70709800 -0.70711600 0.00000100
vn 0.70709800 -0.70711600 0.00000000
vn 0.70709800 -0.70711600 0.00000100
vn 0.70709800 -0.70711600 0.00000000
vn 0.96593000 -0.25880300 0.00000000
vn 0.96592800 -0.25880900 0.00000000
vn 0.96593000 -0.25880300 0.00000000
vn 0.96593000 -0.25880300 0.00000000
vn 0.96592800 -0.25880900 0.00000000
vn 0.96592800 -0.25880900 0.00000000
vn 0.96593000 0.25880500 0.00000000
vn 0.96592900 0.25880800 0.00000000
vn 0.96593000 0.25880500 0.00000000
vn 0.96593000 0.25880500 0.00000000
vn 0.96592900 0.25880800 0.00000000
vn 0.96592900 0.25880800 0.00000000
vn 0.70709400 0.70711900 0.00000000
vn 0.70709400 0.70711900 0.00000000
vn 0.70709300 0.70712100 0.00000000
vn 0.70709300 0.70712100 0.00000000
vn 0.70709400 0.70711900 0.00000000
vn 0.70709300 0.70712100 0.00000000
vn 0.25881000 0.96592800 0.00000000
vn 0.25881000 0.96592800 0.00000000
vn 0.25881300 0.96592700 0.00000000
vn 0.25881300 0.96592700 0.00000000
vn 0.25881000 0.96592800 0.00000000
vn 0.25881300 0.96592700 0.00000000
vn -0.25881000 0.96592800 0.00000000
vn -0.25881200 0.96592800 -0.00000000
vn -0.25881000 0.96592800 0.00000000
vn -0.25881200 0.96592800 -0.00000000
vn -0.25881000 0.96592800 0.00000000
vn -0.25881200 0.96592800 -0.00000000
vn -0.70709400 0.70711900 -0.00000100
vn -0.70709400 0.70711900 -0.00000100
vn -0.70709600 0.70711800 0.00000000
vn -0.70709600 0.70711800 0.00000000
vn -0.70709400 0.70711900 -0.00000100
vn -0.70709600 0.70711800 0.00000000
vn -0.96593000 0.25880500 0.00000000
vn -0.96593000 0.25880500 0.00000000
vn -0.96592900 0.25880800 0.00000000
vn -0.96593000 0.25880500 0.00000000
vn -0.96592900 0.25880800 0.00000000
vn -0.96592900 0.25880800 0.00000000
vn -0.96592900 -0.25880600 0.00000000
vn -0.96592900 -0.25880700 0.00000000
vn -0.96592900 -0.25880600 0.00000000
vn -0.96592900 -0.25880700 0.00000000
vn -0.96592900 -0.25880600 0.00000000
vn -0.96592900 -0.25880700 0.00000000
vn -0.70710100 -0.70711300 0.00000000
vn -0.70710100 -0.70711300 0.00000000
vn -0.70709300 -0.70712100 -0.00000000
vn -0.70710100 -0.70711300 0.00000000
vn -0.70709300 -0.70712100 -0.00000000
vn -0.70709300 -0.70712100 -0.00000000
vn -0.25881700 -0.96592600 -0.00000000
vn -0.25881700 -0.96592600 -0.00000000
vn -0.25881100 -0.96592800 0.00000000
vn -0.25881700 -0.96592600 -0.00000000
vn -0.25881100 -0.96592800 0.00000000
vn -0.25881100 -0.96592800 0.00000000
vn 0.29831900 -0.64263900 0.70570600
vn 0.40741800 -0.57964800 0.70570400
vn 0.57964500 -0.40741800 0.70570700
vn 0.64266200 -0.29827300 0.70570400
vn 0.70570300 -0.06296600 0.70570500
vn 0.70570000 0.06302500 0.70570200
vn 0.64264900 0.29830000 0.70570500
vn 0.57964200 0.40742700 0.70570400
vn 0.40739900 0.57966000 0.70570500
vn 0.29829400 0.64265300 0.70570400
vn 0.06297700 0.70570100 0.70570500
vn -0.06301900 0.70569700 0.70570600
vn -0.29828800 0.64265400 0.70570500
vn -0.40742400 0.57964700 0.70570200
vn -0.57966500 0.40739100 0.70570600
vn -0.64266100 0.29827800 0.70570400
vn -0.70570200 0.06297300 0.70570500
vn -0.70569900 -0.06302300 0.70570400
vn -0.64264700 -0.29830300 0.70570500
vn -0.57966100 -0.40739700 0.70570600
vn -0.40740300 -0.57965800 0.70570500
vn -0.29829800 -0.64264900 0.70570500
vn -0.06300600 -0.70569700 0.70570600
vn 0.06302300 -0.70569900 0.70570300
vn 0.25880600 -0.96592900 0.00000000
vn 0.25880600 -0.96592900 0.00000000
vn 0.25880700 -0.96592900 0.00000000
vn 0.25880600 -0.96592900 0.00000000
vn 0.25880700 -0.96592900 0.00000000
vn 0.25880700 -0.96592900 0.00000000
vn 0.70714400 -0.70707000 0.00000000
vn 0.70714400 -0.70707000 0.00000000
vn 0.70714000 -0.70707400 0.00000000
vn 0.70714400 -0.70707000 0.00000000
vn 0.70714000 -0.70707400 0.00000000
vn 0.70714000 -0.70707400 0.00000000
vn 0.96592500 -0.25882000 0.00000000
vn 0.96592600 -0.25882000 0.00000000
vn 0.96592500 -0.25882000 0.00000000
vn 0.96592600 -0.25882000 0.00000000
vn 0.96592500 -0.25882000 0.00000000
vn 0.96592600 -0.25882000 0.00000000
vn 0.96592900 0.25880600 0.00000000
vn 0.96592900 0.25880600 0.00000000
vn 0.96592900 0.25880600 0.00000000
vn 0.96592900 0.25880600 0.00000000
vn 0.70710900 0.70710500 0.00000000
vn 0.70710500 0.70710800 0.00000000
vn 0.70710900 0.70710500 0.00000000
vn 0.70710900 0.70710500 0.00000000
vn 0.70710500 0.70710800 0.00000000
vn 0.70710500 0.70710800 0.00000000
vn 0.25880600 0.96592900 0.00000000
vn 0.25887000 0.96591200 0.00004200
vn 0.25880600 0.96592900 0.00000000
vn 0.25880600 0.96592900 0.00000000
vn 0.25887000 0.96591200 0.00004200
vn 0.25887000 0.96591200 0.00004200
vn -0.25880900 0.96592900 0.00004300
vn -0.25886800 0.96591300 0.00000000
vn -0.25880900 0.96592900 0.00004300
vn -0.25880900 0.96592900 0.00004300
vn -0.25886800 0.96591300 0.00000000
vn -0.25886800 0.96591300 0.00000000
vn -0.70710300 0.70711100 0.00000000
vn -0.70709900 0.70711400 0.00000000
vn -0.70710300 0.70711100 0.00000000
vn -0.70710300 0.70711100 0.00000000
vn -0.70709900 0.70711400 0.00000000
vn -0.70709900 0.70711400 0.00000000
vn -0.96592900 0.25880700 0.00000000
vn -0.96592900 0.25880700 0.00000000
vn -0.96592900 0.25880800 0.00000000
vn -0.96592900 0.25880700 0.00000000
vn -0.96592900 0.25880800 0.00000000
vn -0.96592900 0.25880800 0.00000000
vn -0.96592500 -0.25882000 0.00000000
vn -0.96592500 -0.25882000 0.00000000
vn -0.96592500 -0.25882300 0.00000000
vn -0.96592500 -0.25882300 0.00000000
vn -0.96592500 -0.25882000 0.00000000
vn -0.96592500 -0.25882300 0.00000000
vn -0.70713600 -0.70707800 0.00000000
vn -0.70713600 -0.70707800 0.00000000
vn -0.70713400 -0.70708000 0.00000000
vn -0.70713400 -0.70708000 0.00000000
vn -0.70713600 -0.70707800 0.00000000
vn -0.70713400 -0.70708000 0.00000000
vn -0.25880900 -0.96592900 0.00000000
vn -0.25880900 -0.96592900 0.00000000
vn -0.25880300 -0.96593000 0.00000000
vn -0.25880900 -0.96592900 0.00000000
vn -0.25880300 -0.96593000 0.00000000
vn -0.25880300 -0.96593000 0.00000000
vn 0.29828700 -0.64265600 0.70570400
vn 0.40742300 -0.57964300 0.70570600
vn 0.57965100 -0.40741200 0.70570600
vn 0.64266300 -0.29826800 0.70570600
vn 0.70569600 -0.06301400 0.70570700
vn 0.70569800 0.06302400 0.70570400
vn 0.64265100 0.29829300 0.70570600
vn 0.57963900 0.40742900 0.70570500
vn 0.40741100 0.57965600 0.70570200
vn 0.29827800 0.64265900 0.70570500
vn 0.06305600 0.70570900 0.70569000
vn 0.06295400 0.70570200 0.70570700
vn 0.18617500 0.69475900 0.69472900
vn -0.18618800 0.69474100 0.69474400
vn -0.29821700 0.64270600 0.70568800
vn -0.29833600 0.64264200 0.70569600
vn -0.18617000 0.69473900 0.69475100
vn -0.50858600 0.50860500 0.69473800
vn -0.57961700 0.40748000 0.70569400
vn -0.57969000 0.40735300 0.70570800
vn -0.50859900 0.50860000 0.69473200
vn -0.69474400 0.18615500 0.69475000
vn -0.70570000 0.06300000 0.70570400
vn -0.70569500 -0.06302000 0.70570700
vn -0.64265200 -0.29828800 0.70570700
vn -0.57964100 -0.40743300 0.70570100
vn -0.40738700 -0.57966400 0.70570900
vn -0.29826600 -0.64266500 0.70570400
vn -0.06298700 -0.70570300 0.70570200
vn 0.06298300 -0.70570100 0.70570500
vn 0.25880900 -0.96592900 0.00000000
vn 0.25880900 -0.96592900 0.00000000
vn 0.25880500 -0.96593000 0.00000000
vn 0.25880500 -0.96593000 0.00000000
vn 0.25880900 -0.96592900 0.00000000
vn 0.25880500 -0.96593000 0.00000000
vn 0.70710900 -0.70710400 0.00000000
vn 0.70710900 -0.70710400 0.00000000
vn 0.70710600 -0.70710800 0.00000000
vn 0.70710900 -0.70710400 0.00000000
vn 0.70710600 -0.70710800 0.00000000
vn 0.70710600 -0.70710800 0.00000000
vn 0.96593000 -0.25880500 0.00000000
vn 0.96592900 -0.25880600 0.00000000
vn 0.96593000 -0.25880500 0.00000000
vn 0.96593000 -0.25880500 0.00000000
vn 0.96592900 -0.25880600 0.00000000
vn 0.96592900 -0.25880600 0.00000000
vn 0.96592600 0.25881900 0.00000000
vn 0.96592500 0.25882100 0.00000000
vn 0.96592600 0.25881900 0.00000000
vn 0.96592500 0.25882100 0.00000000
vn 0.96592600 0.25881900 0.00000000
vn 0.96592500 0.25882100 0.00000000
vn 0.70714200 0.70707100 0.00000000
vn 0.70714000 0.70707300 0.00000000
vn 0.70714200 0.70707100 0.00000000
vn 0.70714200 0.70707100 0.00000000
vn 0.70714000 0.70707300 0.00000000
vn 0.70714000 0.70707300 0.00000000
vn 0.25880900 0.96592900 0.00000000
vn 0.25880900 0.96592900 0.00000000
vn 0.25880600 0.96592900 0.00000000
vn 0.25880900 0.96592900 0.00000000
vn 0.25880600 0.96592900 0.00000000
vn 0.25880600 0.96592900 0.00000000
vn -0.25880900 0.96592800 0.00000000
vn -0.25880900 0.96592800 0.00000000
vn -0.25880500 0.96593000 0.00000000
vn -0.25880500 0.96593000 0.00000000
vn -0.25880900 0.96592800 0.00000000
vn -0.25880500 0.96593000 0.00000000
vn -0.70713800 0.70707600 0.00000000
vn -0.70713800 0.70707600 0.00000000
vn -0.70713400 0.70708000 0.00000000
vn -0.70713400 0.70708000 0.00000000
vn -0.70713800 0.70707600 0.00000000
vn -0.70713400 0.70708000 0.00000000
vn -0.96592500 0.25882200 0.00000000
vn -0.96592500 0.25882100 0.00000000
vn -0.96592500 0.25882200 0.00000000
vn -0.96592500 0.25882100 0.00000000
vn -0.96592500 0.25882200 0.00000000
vn -0.96592500 0.25882100 0.00000000
vn -0.96592900 -0.25880700 0.00000000
vn -0.96592900 -0.25880700 0.00000000
vn -0.96592900 -0.25880700 0.00000000
vn -0.96592900 -0.25880700 0.00000000
vn -0.70710300 -0.70711100 0.00000000
vn -0.70709900 -0.70711400 0.00000000
vn -0.70710300 -0.70711100 0.00000000
vn -0.70710300 -0.70711100 0.00000000
vn -0.70709900 -0.70711400 0.00000000
vn -0.70709900 -0.70711400 0.00000000
vn -0.25880600 -0.96592900 0.00000000
vn -0.25880700 -0.96592900 0.00000000
vn -0.25880600 -0.96592900 0.00000000
vn -0.25880700 -0.96592900 0.00000000
vn -0.25880600 -0.96592900 0.00000000
vn -0.25880700 -0.96592900 0.00000000
vn 0.29829200 -0.64265100 0.70570700
vn 0.40739600 -0.57966300 0.70570500
vn 0.57965100 -0.40741100 0.70570600
vn 0.64266600 -0.29826700 0.70570300
vn 0.70569600 -0.06300200 0.70570800
vn 0.70569900 0.06302600 0.70570300
vn 0.64265700 0.29828300 0.70570500
vn 0.57965000 0.40741700 0.70570300
vn 0.40741200 0.57964800 0.70570800
vn 0.29826800 0.64266500 0.70570400
vn 0.06300000 0.70570000 0.70570400
vn -0.06302300 0.70569500 0.70570700
vn -0.29831200 0.64264000 0.70570800
vn -0.40742300 0.57964200 0.70570600
vn -0.57965000 0.40741300 0.70570600
vn -0.64266400 0.29827000 0.70570400
vn -0.70569700 0.06301200 0.70570600
vn -0.70569800 -0.06302300 0.70570400
vn -0.64264600 -0.29829900 0.70570800
vn -0.57963900 -0.40743100 0.70570500
vn -0.40738500 -0.57967100 0.70570500
vn -0.29827500 -0.64265900 0.70570600
vn -0.06300100 -0.70570100 0.70570300
vn 0.06302600 -0.70570000 0.70570200
vn 0.25881100 -0.96592800 0.00000000
vn 0.25881100 -0.96592800 0.00000000
vn 0.25881100 -0.96592800 -0.00000100
vn 0.25881100 -0.96592800 -0.00000100
vn 0.25881100 -0.96592800 0.00000000
vn 0.25881100 -0.96592800 -0.00000100
vn 0.70709800 -0.70711600 -0.00000300
vn 0.70709800 -0.70711600 -0.00000300
vn 0.70709000 -0.70712300 0.00000000
vn 0.70709000 -0.70712300 0.00000000
vn 0.70709800 -0.70711600 -0.00000300
vn 0.70709000 -0.70712300 0.00000000
vn 0.96593000 -0.25880400 0.00000000
vn 0.96593000 -0.25880400 0.00000000
vn 0.96592900 -0.25880900 0.00000000
vn 0.96593000 -0.25880400 0.00000000
vn 0.96592900 -0.25880900 0.00000000
vn 0.96592900 -0.25880900 0.00000000
vn 0.96592900 0.25880600 0.00000000
vn 0.96592900 0.25880700 0.00000000
vn 0.96592900 0.25880600 0.00000000
vn 0.96592900 0.25880600 0.00000000
vn 0.96592900 0.25880700 0.00000000
vn 0.96592900 0.25880700 0.00000000
vn 0.70710100 0.70711300 0.00000000
vn 0.70709600 0.70711800 0.00000100
vn 0.70710100 0.70711300 0.00000000
vn 0.70709600 0.70711800 0.00000100
vn 0.70710100 0.70711300 0.00000000
vn 0.70709600 0.70711800 0.00000100
vn 0.25881800 0.96592600 0.00000000
vn 0.25880600 0.96592900 0.00000000
vn 0.25881800 0.96592600 0.00000000
vn 0.25881800 0.96592600 0.00000000
vn 0.25880600 0.96592900 0.00000000
vn 0.25880600 0.96592900 0.00000000
vn -0.25881000 0.96592800 0.00000000
vn -0.25881000 0.96592800 0.00000000
vn -0.25881500 0.96592700 -0.00000000
vn -0.25881500 0.96592700 -0.00000000
vn -0.25881000 0.96592800 0.00000000
vn -0.25881500 0.96592700 -0.00000000
vn -0.70709800 0.70711600 -0.00000100
vn -0.70709400 0.70711900 0.00000000
vn -0.70709800 0.70711600 -0.00000100
vn -0.70709400 0.70711900 0.00000000
vn -0.70709800 0.70711600 -0.00000100
vn -0.70709400 0.70711900 0.00000000
vn -0.96593000 0.25880300 0.00000000
vn -0.96592800 0.25880900 0.00000000
vn -0.96593000 0.25880300 0.00000000
vn -0.96592800 0.25880900 0.00000000
vn -0.96593000 0.25880300 0.00000000
vn -0.96592800 0.25880900 0.00000000
vn -0.96593000 -0.25880500 0.00000000
vn -0.96592900 -0.25880800 0.00000000
vn -0.96593000 -0.25880500 0.00000000
vn -0.96593000 -0.25880500 0.00000000
vn -0.96592900 -0.25880800 0.00000000
vn -0.96592900 -0.25880800 0.00000000
vn -0.70709700 -0.70711600 0.00000000
vn -0.70709700 -0.70711600 0.00000000
vn -0.70709300 -0.70712100 -0.00000100
vn -0.70709700 -0.70711600 0.00000000
vn -0.70709300 -0.70712100 -0.00000100
vn -0.70709300 -0.70712100 -0.00000100
vn -0.25881000 -0.96592800 -0.00000000
vn -0.25881500 -0.96592700 0.00000000
vn -0.25881000 -0.96592800 -0.00000000
vn -0.25881000 -0.96592800 -0.00000000
vn -0.25881500 -0.96592700 0.00000000
vn -0.25881500 -0.96592700 0.00000000
vn 0.29829400 -0.64265000 0.70570700
vn 0.40741400 -0.57964900 0.70570600
vn 0.57966600 -0.40738900 0.70570600
vn 0.64266100 -0.29827300 0.70570500
vn 0.70570900 -0.06295500 0.70570000
vn 0.70570400 -0.06308800 0.70569200
vn 0.69476100 -0.18615100 0.69473400
vn 0.69476100 0.18615100 0.69473400
vn 0.64264800 0.29830000 0.70570600
vn 0.57966100 0.40739800 0.70570600
vn 0.40738400 0.57967200 0.70570400
vn 0.29830200 0.64264900 0.70570400
vn 0.06299300 0.70570100 0.70570400
vn -0.06302700 0.70570200 0.70570000
vn -0.29828800 0.64265700 0.70570300
vn -0.40741800 0.57964800 0.70570400
vn -0.57967200 0.40738300 0.70570500
vn -0.64266200 0.29827300 0.70570400
vn -0.70569600 0.06301000 0.70570800
vn -0.70569600 -0.06302500 0.70570700
vn -0.64264400 -0.29830400 0.70570800
vn -0.57964200 -0.40742800 0.70570400
vn -0.40739500 -0.57965900 0.70570800
vn -0.29829400 -0.64265300 0.70570400
vn -0.06299800 -0.70569900 0.70570600
vn 0.06302300 -0.70569600 0.70570600
vn -0.90080900 0.43421600 0.00000000
vn -0.88843200 0.45900400 0.00205100
vn -0.95201200 0.30598800 0.00659800
vn -0.95203600 0.30591300 0.00661800
vn -0.93842000 0.34102200 0.05542300
vn -0.93989400 0.30352600 0.15643600
vn -0.99880200 0.04894100 0.00001600
vn -0.99345100 0.11426300 -0.00034200
vn -0.99989700 0.01435000 0.00000000
vn -0.99880900 0.04796500 0.00895800
vn -0.98482100 -0.17357100 0.00006000
vn -0.99223500 -0.12092500 0.02908900
vn -1.00000000 0.00014600 0.00047100
vn -0.99535400 -0.08854900 0.03780700
vn -0.99980000 0.00953000 0.01757500
vn -0.99817900 0.00616700 0.06000200
vn -0.00000000 1.00000000 0.00000000
vn 0.08696700 0.99621100 0.00000000
vn -0.00000000 1.00000000 0.00000000
vn 0.10437200 0.99453800 0.00000000
vn -0.00000000 1.00000000 0.00000000
vn -0.06516400 0.99787500 -0.00002500
vn -0.00000000 1.00000000 0.00000000
vn -0.15226100 0.98834000 -0.00060200
vn 0.99880900 0.04796500 0.00895900
vn 0.99621000 0.08697500 0.00000000
vn 0.99997400 0.00722400 -0.00000300
vn 0.99144400 0.13053500 0.00000000
vn 0.99786500 -0.06531600 0.00001600
vn 0.99787900 0.00216100 0.06505400
vn 1.00000000 0.00021500 0.00048200
vn 0.99747800 -0.06695600 0.02355100
vn 0.99051900 -0.13639400 0.01637500
vn 0.95563200 0.29443100 0.00880000
vn 0.94506500 0.31734400 0.07838700
vn 0.95205900 -0.30584200 0.00671700
vn 0.93537700 -0.30800500 0.17378800
vn 0.99880200 -0.04894100 0.00000200
vn 0.99518500 -0.09801600 0.00000000
vn 0.99989700 -0.01435000 0.00000000
vn 0.99880900 -0.04796500 0.00895900
vn 0.98482100 0.17357100 0.00005100
vn 0.99223500 0.12092900 0.02908900
vn 1.00000000 -0.00023100 0.00043400
vn 0.99535600 0.08849700 0.03787900
vn 0.99979800 -0.00960900 0.01764900
vn 0.99817900 -0.00616700 0.06000200
vn 0.00000000 -1.00000000 0.00000000
vn 0.00000000 -1.00000000 0.00000000
vn 0.00000000 -1.00000000 0.00000000
vn -0.04892500 -0.99880200 0.00000200
vn -0.04903000 -0.99879700 0.00000700
vn 0.00000000 -1.00000000 0.00000000
vn 0.04899900 -0.99879900 -0.00000200
vn 0.00000000 -1.00000000 0.00000000
vn 0.13057100 -0.99143900 0.00001100
vn -0.99880900 -0.04796600 0.00895700
vn -0.99786400 -0.06533000 0.00001100
vn -0.99997400 -0.00727500 0.00020100
vn -0.99345000 -0.11426800 0.00034200
vn -0.99786100 0.06536500 0.00000000
vn -0.99787900 -0.00215500 0.06506100
vn -1.00000000 -0.00043200 0.00088100
vn -0.99747900 0.06692000 0.02359400
vn -0.99051300 0.13644200 0.01638600
vn -0.95563200 -0.29443100 0.00880000
vn -0.93723200 -0.32717400 0.12063400
vn -0.90282900 -0.42999800 0.00139800
vn -0.92354600 -0.38231800 0.02991100
vn -0.00000400 1.00000000 0.00000000
vn -0.10388000 0.99455800 -0.00797400
vn -0.02585300 0.99923200 0.02944100
vn -0.08797900 0.99611800 0.00291200
vn 0.02617000 0.99965800 -0.00000100
vn 0.02618100 0.99965700 -0.00000200
vn -0.02251400 0.99973500 -0.00471500
vn 0.00045000 1.00000000 0.00087600
vn 0.01570900 -0.99987700 -0.00000000
vn 0.05233000 -0.99863000 0.00000000
vn -0.00000100 -1.00000000 0.00000000
vn -0.10497900 -0.99439000 0.01293800
vn -0.08693200 -0.99621400 -0.00001700
vn 0.00531200 -0.99994400 0.00912600
vn -0.02703500 -0.99961700 -0.00592600
vn 0.25885600 -0.96591600 0.00000000
vn 0.25887800 -0.96591000 0.00000000
vn 0.25885600 -0.96591600 0.00000000
vn 0.25885600 -0.96591600 0.00000000
vn 0.25887800 -0.96591000 0.00000000
vn 0.25887800 -0.96591000 0.00000000
vn 0.70710600 -0.70710700 -0.00000000
vn 0.70710600 -0.70710700 -0.00000000
vn 0.70710600 -0.70710800 -0.00000000
vn 0.70710600 -0.70710800 -0.00000000
vn 0.70710600 -0.70710700 -0.00000000
vn 0.70710600 -0.70710800 -0.00000000
vn 0.96594800 -0.25873500 -0.00000000
vn 0.96594800 -0.25873800 0.00000000
vn 0.96594800 -0.25873500 -0.00000000
vn 0.96594800 -0.25873500 -0.00000000
vn 0.96594800 -0.25873800 0.00000000
vn 0.96594800 -0.25873800 0.00000000
vn 0.96595200 0.25872000 0.00000000
vn 0.96595600 0.25870700 0.00000100
vn 0.96595200 0.25872000 0.00000000
vn 0.96595600 0.25870700 0.00000100
vn 0.96595200 0.25872000 0.00000000
vn 0.96595600 0.25870700 0.00000100
vn 0.70711100 0.70710300 0.00000000
vn 0.70710500 0.70710900 -0.00000000
vn 0.70711100 0.70710300 0.00000000
vn 0.70710500 0.70710900 -0.00000000
vn 0.70711100 0.70710300 0.00000000
vn 0.70710500 0.70710900 -0.00000000
vn 0.25874900 0.96594500 0.00000000
vn 0.25874900 0.96594500 0.00000000
vn 0.25877100 0.96593900 0.00000000
vn 0.25874900 0.96594500 0.00000000
vn 0.25877100 0.96593900 0.00000000
vn 0.25877100 0.96593900 0.00000000
vn -0.25877200 0.96593800 0.00000000
vn -0.25877200 0.96593800 0.00000000
vn -0.25875000 0.96594400 0.00000000
vn -0.25875000 0.96594400 0.00000000
vn -0.25877200 0.96593800 0.00000000
vn -0.25875000 0.96594400 0.00000000
vn -0.70710600 0.70710700 0.00000000
vn -0.70710500 0.70710800 0.00000000
vn -0.70710600 0.70710700 0.00000000
vn -0.70710500 0.70710800 0.00000000
vn -0.70710600 0.70710700 0.00000000
vn -0.70710500 0.70710800 0.00000000
vn -0.96595500 0.25871100 0.00000000
vn -0.96595500 0.25871100 0.00000000
vn -0.96595400 0.25871300 0.00000000
vn -0.96595500 0.25871100 0.00000000
vn -0.96595400 0.25871300 0.00000000
vn -0.96595400 0.25871300 0.00000000
vn -0.96594800 -0.25873500 0.00000000
vn -0.96594800 -0.25873500 0.00000000
vn -0.96594600 -0.25874500 -0.00000100
vn -0.96594600 -0.25874500 -0.00000100
vn -0.96594800 -0.25873500 0.00000000
vn -0.96594600 -0.25874500 -0.00000100
vn -0.70710400 -0.70711000 -0.00000000
vn -0.70710400 -0.70711000 -0.00000000
vn -0.70711100 -0.70710300 0.00000000
vn -0.70710400 -0.70711000 -0.00000000
vn -0.70711100 -0.70710300 0.00000000
vn -0.70711100 -0.70710300 0.00000000
vn -0.25887800 -0.96591000 0.00000000
vn -0.25885500 -0.96591600 0.00000000
vn -0.25887800 -0.96591000 0.00000000
vn -0.25887800 -0.96591000 0.00000000
vn -0.25885500 -0.96591600 0.00000000
vn -0.25885500 -0.96591600 0.00000000
vn 0.25877300 -0.96593800 0.00000000
vn 0.25877300 -0.96593800 0.00000000
vn 0.25874900 -0.96594500 0.00000000
vn 0.25877300 -0.96593800 0.00000000
vn 0.25874900 -0.96594500 0.00000000
vn 0.25874900 -0.96594500 0.00000000
vn 0.70710600 -0.70710800 0.00000000
vn 0.70711200 -0.70710100 -0.00000000
vn 0.70710600 -0.70710800 0.00000000
vn 0.70711200 -0.70710100 -0.00000000
vn 0.70710600 -0.70710800 0.00000000
vn 0.70711200 -0.70710100 -0.00000000
vn 0.96595400 -0.25871300 -0.00000000
vn 0.96595400 -0.25871300 -0.00000000
vn 0.96595200 -0.25872200 0.00000000
vn 0.96595400 -0.25871300 -0.00000000
vn 0.96595200 -0.25872200 0.00000000
vn 0.96595200 -0.25872200 0.00000000
vn 0.96594800 0.25873600 0.00000000
vn 0.96594700 0.25873900 -0.00000000
vn 0.96594800 0.25873600 0.00000000
vn 0.96594700 0.25873900 -0.00000000
vn 0.96594800 0.25873600 0.00000000
vn 0.96594700 0.25873900 -0.00000000
vn 0.70710400 0.70710900 -0.00000000
vn 0.70710400 0.70710900 -0.00000000
vn 0.70711000 0.70710300 0.00000000
vn 0.70710400 0.70710900 -0.00000000
vn 0.70711000 0.70710300 0.00000000
vn 0.70711000 0.70710300 0.00000000
vn 0.25887800 0.96591000 0.00000000
vn 0.25885500 0.96591600 0.00000000
vn 0.25887800 0.96591000 0.00000000
vn 0.25885500 0.96591600 0.00000000
vn 0.25887800 0.96591000 0.00000000
vn 0.25885500 0.96591600 0.00000000
vn -0.25885500 0.96591600 0.00000000
vn -0.25887900 0.96591000 -0.00000000
vn -0.25885500 0.96591600 0.00000000
vn -0.25887900 0.96591000 -0.00000000
vn -0.25885500 0.96591600 0.00000000
vn -0.25887900 0.96591000 -0.00000000
vn -0.70711300 0.70710000 -0.00000000
vn -0.70710500 0.70710800 0.00000000
vn -0.70711300 0.70710000 -0.00000000
vn -0.70711300 0.70710000 -0.00000000
vn -0.70710500 0.70710800 0.00000000
vn -0.70710500 0.70710800 0.00000000
vn -0.96594500 0.25874600 0.00000000
vn -0.96594500 0.25874600 0.00000000
vn -0.96594600 0.25874300 0.00000000
vn -0.96594500 0.25874600 0.00000000
vn -0.96594600 0.25874300 0.00000000
vn -0.96594600 0.25874300 0.00000000
vn -0.96595300 -0.25871800 0.00000000
vn -0.96595300 -0.25871800 0.00000000
vn -0.96586800 -0.25903400 -0.00000000
vn -0.96595300 -0.25871800 0.00000000
vn -0.96586800 -0.25903400 0.00000000
vn -0.96586800 -0.25903400 0.00000000
vn -0.70711100 -0.70710200 0.00000000
vn -0.70710400 -0.70711000 -0.00000000
vn -0.70711100 -0.70710200 0.00000000
vn -0.70710400 -0.70711000 -0.00000000
vn -0.70711100 -0.70710200 0.00000000
vn -0.70710400 -0.70711000 -0.00000000
vn -0.25874900 -0.96594500 -0.00000000
vn -0.25877300 -0.96593800 0.00000000
vn -0.25874900 -0.96594500 -0.00000000
vn -0.25877300 -0.96593800 0.00000000
vn -0.25874900 -0.96594500 -0.00000000
vn -0.25877300 -0.96593800 0.00000000
vn -1.00000000 -0.00000000 0.00000000
vn -1.00000000 -0.00000000 0.00000000
vn -1.00000000 -0.00000000 0.00000000
vn -1.00000000 -0.00000000 0.00000000
vn 0.00000000 0.00000000 1.00000000
vn 0.00000000 0.00000000 1.00000000
vn 0.00000000 0.00000000 1.00000000
vn -0.00000000 0.00000100 1.00000000
vn -0.00000000 0.00000100 1.00000000
vn 0.00000000 0.00000000 1.00000000
vn 0.00000000 0.00000000 1.00000000
vn -0.00000000 0.00000500 1.00000000
vn 0.00000000 0.00000000 1.00000000
vn 0.00000000 0.00000000 1.00000000
vn -0.00000000 0.00000500 1.00000000
vn -0.00000000 0.00000500 1.00000000
vn 0.00000000 0.00000000 1.00000000
vn 0.00000000 0.00000000 1.00000000
vn 0.00000000 0.00000000 1.00000000
vn 0.00000000 0.00000000 1.00000000
vn 0.00000000 0.00000000 1.00000000
vn -0.00000000 0.00000100 1.00000000
vn 0.00000000 0.00000000 1.00000000
vn 1.00000000 0.00000000 0.00000000
vn 1.00000000 0.00000000 0.00000000
vn 1.00000000 0.00000000 0.00000000
vn 1.00000000 0.00000000 0.00000000
vn 0.00000000 0.00000000 1.00000000
vn -0.00000000 0.00000500 1.00000000
vn 0.00000000 -0.00000100 1.00000000
vn 0.00000000 0.00000000 1.00000000
vn 0.00000000 0.00000000 1.00000000
vn 0.00000000 0.00000000 1.00000000
vn 0.00000000 -0.00000100 1.00000000
vn 0.00000000 -0.00000100 1.00000000
vn -0.00000000 0.00000500 1.00000000
vn -0.00000000 0.00000500 1.00000000
vn 0.00000000 0.00000000 1.00000000
vn 0.00000000 0.00000000 1.00000000
vn 0.00000000 0.00000000 1.00000000
vn 0.00000000 0.00000000 1.00000000
vn 0.00000000 0.00000000 1.00000000
vn 0.00000000 0.00000000 1.00000000
vn 0.00000000 0.00000000 1.00000000
vn 0.00000000 0.00000000 1.00000000
vn 1.00000000 0.00000000 0.00000000
vn 1.00000000 0.00000000 0.00000000
vn 1.00000000 0.00000000 0.00000000
vn 1.00000000 0.00000000 0.00000000
vn 0.00000000 0.00000000 1.00000000
vn 0.00000000 0.00000000 1.00000000
vn 0.00000000 0.00000000 1.00000000
vn 0.00000000 -0.00001200 1.00000000
vn 0.00000000 0.00000000 1.00000000
vn 0.00000000 -0.00001200 1.00000000
vn 0.00000000 0.00000000 1.00000000
vn -0.00000000 0.00000100 1.00000000
vn 0.00000000 -0.00001200 1.00000000
vn 0.00000000 0.00000000 1.00000000
vn 0.00000000 0.00000000 1.00000000
vn -0.00000000 0.00006200 1.00000000
vn 0.00000000 0.00000000 1.00000000
vn -0.00000000 0.00000100 1.00000000
vn 0.00000000 0.00000000 1.00000000
vn -0.00000000 0.00006200 1.00000000
vn -0.00000000 0.00006200 1.00000000
vn -0.00000000 0.00000100 1.00000000
vn 0.00000000 0.00000000 1.00000000
vn -1.00000000 -0.00000000 0.00000000
vn -1.00000000 -0.00000000 0.00000000
vn -1.00000000 -0.00000000 0.00000000
vn -1.00000000 -0.00000000 0.00000000
vn -0.00000000 0.00000100 1.00000000
vn 0.00000000 0.00000000 1.00000000
vn 0.00000000 0.00000000 1.00000000
vn 0.00000000 0.00000000 1.00000000
vn -0.00000000 0.00000100 1.00000000
vn 0.00000000 -0.00001100 1.00000000
vn 0.00000000 0.00000000 1.00000000
vn 0.00000000 0.00000000 1.00000000
vn 0.00000000 0.00000000 1.00000000
vn -0.00000000 0.00001100 1.00000000
vn 0.00000000 -0.00001100 1.00000000
vn 0.00000000 0.00000000 1.00000000
vn -0.00000000 0.00001100 1.00000000
vn -0.00000000 0.00000100 1.00000000
vn 0.00000000 -0.00001100 1.00000000
vn -0.00000000 0.00001100 1.00000000
vn 0.00000000 0.00000000 1.00000000
vn 0.00000000 0.00000000 1.00000000
vn 0.00000000 0.00000000 1.00000000
vn 0.00000000 0.00000000 1.00000000
vn 0.00000000 0.00000000 1.00000000
vn -0.96430500 -0.24237200 0.10664200
vn -0.98493300 -0.17242300 0.01334700
vn -0.98492500 -0.17246600 0.01333500
vn -0.97897400 -0.16270800 0.12302600
vn -0.98968500 -0.11426700 0.08640900
vn -0.99732000 -0.07192500 0.01344100
vn 0.99173100 -0.10084200 0.07937900
vn 0.98492500 -0.17246200 0.01337700
vn 0.97304400 -0.15427500 0.17142100
vn 0.96250000 -0.23619600 0.13343600
vn 0.96429300 0.24239400 0.10669300
vn 0.98493300 0.17242300 0.01334700
vn 0.98492500 0.17246600 0.01333500
vn 0.97897700 0.16272500 0.12298100
vn 0.98968500 0.11426700 0.08640900
vn 0.99731900 0.07192500 0.01344000
vn -0.99173100 0.10084200 0.07937900
vn -0.98492500 0.17246100 0.01337700
vn -0.97304400 0.15427500 0.17142000
vn -0.96250000 0.23619600 0.13343500
vn 0.00000000 -0.00000100 -1.00000000
vn -0.00000000 0.00000100 -1.00000000
vn -0.00000000 0.00000100 -1.00000000
vn 0.00000000 -0.00000100 -1.00000000
vn 0.00000000 -0.00000300 -1.00000000
vn -0.00000000 0.00000000 -1.00000000
vn -0.00000000 0.00000100 -1.00000000
vn 0.00000000 0.00000000 -1.00000000
vn -0.00000000 0.00000100 -1.00000000
vn 0.00000000 -0.00000100 -1.00000000
vn 0.00000000 0.00000000 -1.00000000
vn -0.00000000 0.00000000 -1.00000000
vn -0.00000000 0.00000100 -1.00000000
vn 0.00000000 0.00000000 -1.00000000
vn 0.00000000 -0.00000500 -1.00000000
vn 0.00000000 0.00000000 -1.00000000
vn 0.00000000 -0.00000300 -1.00000000
vn 0.00000000 0.00000000 -1.00000000
vn 0.00000000 0.00000000 -1.00000000
vn -0.00000000 0.00000300 -1.00000000
vn 0.00000000 0.00000000 -1.00000000
vn -0.00000000 0.00000300 -1.00000000
vn 0.00000000 0.00000000 -1.00000000
vn -0.00000000 0.00000100 -1.00000000
vn -0.00000000 0.00000100 -1.00000000
vn -0.00000000 0.00000300 -1.00000000
vn 0.00000000 -0.00000100 -1.00000000
vn -0.00000000 0.00000200 -1.00000000
vn 0.00000000 0.00000000 -1.00000000
vn 0.00000000 0.00000000 -1.00000000
vn 0.00000000 0.00000000 -1.00000000
vn 0.00000000 0.00000000 -1.00000000
vn 0.00000000 0.00000000 -1.00000000
vn 0.00000000 -0.00000300 -1.00000000
vn -0.00000000 0.00000200 -1.00000000
vn 0.00000000 0.00000000 -1.00000000
vn -0.00000000 0.00000500 -1.00000000
vn 0.00000000 0.00000000 -1.00000000
vn 0.00000000 -0.00000200 -1.00000000
vn -0.00000000 0.00000500 -1.00000000
vn -0.00000000 0.00000500 -1.00000000
vn 0.00000000 0.00000000 -1.00000000
vn 0.00000000 -0.00000200 -1.00000000
vn 0.00000000 0.00000000 -1.00000000
vn 0.00000000 0.00000000 -1.00000000
vn 0.00000000 -0.00000200 -1.00000000
vn 0.00000000 -0.00000200 -1.00000000
vn 0.00000000 0.00000000 -1.00000000
vn 0.00000000 -0.00000200 -1.00000000
vn 0.00000000 -0.00000200 -1.00000000
vn 0.00000000 -0.00000200 -1.00000000
vn 0.00000000 -0.00000200 -1.00000000
vn 0.00000000 -0.00000200 -1.00000000
vn 0.00000000 -0.00000200 -1.00000000
vn 0.00000000 0.00000000 -1.00000000
vn 0.00000000 -0.00000200 -1.00000000
vn -0.00000000 0.00000400 -1.00000000
vn -0.00000000 0.00000400 -1.00000000
vn 0.00000000 -0.00001400 -1.00000000
vn -0.00000000 0.00000600 -1.00000000
vn -0.00000000 0.00000400 -1.00000000
vn 0.00000000 -0.00000200 -1.00000000
vn 0.00000000 0.00000000 -1.00000000
vn -0.00000000 0.00000400 -1.00000000
vn 0.00000000 -0.00000600 -1.00000000
vn 0.00000000 0.00000000 -1.00000000
vn -0.00000000 0.00000300 -1.00000000
vn 0.00000000 -0.00000300 -1.00000000
vn 0.00000000 -0.00001700 -1.00000000
vn -0.00000000 0.00001500 -1.00000000
vn 0.00000000 -0.00000400 -1.00000000
vn 0.00000000 -0.00001500 -1.00000000
vn -0.00000000 0.00002200 -1.00000000
vn 0.00000000 -0.00000800 -1.00000000
vn -0.00000000 0.00000400 -1.00000000
vn -0.00000000 0.00000300 -1.00000000
vn -0.00000000 0.00000600 -1.00000000
vn -0.00000000 0.00000400 -1.00000000
vn -0.00000000 0.00000300 -1.00000000
vn 0.00000000 -0.00000600 -1.00000000
vn 0.00000000 -0.00000600 -1.00000000
vn 0.00000000 0.00000000 -1.00000000
vn 0.00000000 0.00000000 -1.00000000
vn -0.00000000 0.00000400 -1.00000000
vn 0.00000000 0.00000000 -1.00000000
vn -0.00000000 0.00000600 -1.00000000
vn 0.00000000 -0.00000200 -1.00000000
vn -0.00000000 0.00000600 -1.00000000
vn -0.00000000 0.00000400 -1.00000000
vn 0.00000000 0.00000000 -1.00000000
vn 0.00000000 -0.00000500 -1.00000000
vn 0.00000000 -0.00000200 -1.00000000
vn -0.00000000 0.00000600 -1.00000000
vn 0.00000000 0.00000000 -1.00000000
vn 0.00000000 0.00000000 -1.00000000
vn 0.00000000 -0.00000200 -1.00000000
vn -0.00000000 0.00000200 -1.00000000
vn 0.00000000 -0.00000300 -1.00000000
vn -0.00000000 0.00000200 -1.00000000
vn 0.00000000 0.00000000 -1.00000000
vn 0.00000000 0.00000000 -1.00000000
vn 0.00000000 -0.00000300 -1.00000000
vn -0.00000000 0.00000400 -1.00000000
vn 0.00000000 0.00000000 -1.00000000
vn 0.00000000 0.00000000 -1.00000000
vn 0.00000000 0.00000000 -1.00000000
vn 0.00000000 -0.00000400 -1.00000000
vn 0.00000000 -0.00000400 -1.00000000
vn -0.00000000 0.00000300 -1.00000000
vn -0.00000000 0.00000800 -1.00000000
vn 0.00000000 -0.00000600 -1.00000000
vn 0.00000000 0.00000000 -1.00000000
vn -0.00000000 0.00000800 -1.00000000
vn 0.00000000 -0.00000600 -1.00000000
vn -0.00000000 0.00000800 -1.00000000
vn 0.00000000 0.00000000 -1.00000000
vn -0.00000000 0.00000800 -1.00000000
vn -0.00000000 0.00000300 -1.00000000
vn 0.00000000 -0.00001400 -1.00000000
vn 0.00000000 -0.00000200 -1.00000000
vn 0.00000000 0.00000000 -1.00000000
vn -0.00000000 0.00000700 -1.00000000
vn 0.00000000 -0.00000100 -1.00000000
vn -0.00000000 0.00000200 -1.00000000
vn -0.00000000 0.00000200 -1.00000000
vn 0.00000000 0.00000000 -1.00000000
vn 0.00000000 0.00000000 -1.00000000
vn -0.00000000 0.00000200 -1.00000000
vn 0.00000000 0.00000000 -1.00000000
vn 0.00000000 0.00000000 -1.00000000
vn 0.00000000 -0.00000500 -1.00000000
vn 0.00000000 0.00000000 -1.00000000
vn 0.00000000 0.00000000 -1.00000000
vn 0.00000000 -0.00000500 -1.00000000
vn -0.00000000 0.00000600 -1.00000000
vn 0.00000000 -0.00000500 -1.00000000
vn -0.00000000 0.00000600 -1.00000000
vn 0.00000000 -0.00000500 -1.00000000
vn -0.00000000 0.00000600 -1.00000000
vn 0.00000000 0.00000000 -1.00000000
vn 0.00000000 -0.00000200 -1.00000000
vn 0.00000000 0.00000000 -1.00000000
vn 0.00000000 -0.00000300 -1.00000000
vn -0.00000000 0.00001500 -1.00000000
vn 0.00000000 0.00000000 -1.00000000
vn 0.00000000 -0.00000500 -1.00000000
vn -0.00000000 0.00000400 -1.00000000
vn 0.00000000 0.00000000 -1.00000000
vn -0.00000000 0.00000400 -1.00000000
vn 0.00000000 0.00000000 -1.00000000
vn 0.00000000 -0.00000300 -1.00000000
vn 0.00000000 -0.00001700 -1.00000000
vn -0.00000000 0.00001500 -1.00000000
vn 0.00000000 -0.00001700 -1.00000000
vn 0.00000000 0.00000000 -1.00000000
vn 0.00000000 0.00000000 -1.00000000
vn 0.00000000 -0.00000600 -1.00000000
vn 0.00000000 0.00000000 -1.00000000
vn 0.00000000 -0.00000200 -1.00000000
vn 0.00000000 -0.00000200 -1.00000000
vn 0.00000000 -0.00000100 -1.00000000
vn 0.00000000 0.00000000 -1.00000000
vn 0.00000000 -0.00000100 -1.00000000
vn 0.00000000 -0.00000200 -1.00000000
vn 0.00000000 0.00000000 -1.00000000
vn 0.00000000 -0.00000200 -1.00000000
vn 0.00000000 -0.00000100 -1.00000000
vn 0.00000000 0.00000000 -1.00000000
vn 0.00000000 -0.00000200 -1.00000000
vn 0.00000000 0.00000000 -1.00000000
vn 0.00000000 -0.00000100 -1.00000000
vn 0.00000000 -0.00000100 -1.00000000
vn -0.00000000 0.00000700 -1.00000000
vn 0.00000000 0.00000000 -1.00000000
vn 0.00000000 0.00000000 -1.00000000
vn -0.00000000 0.00000700 -1.00000000
vn 0.00000000 0.00000000 -1.00000000
vn 0.00000000 -0.00000500 -1.00000000
vn -0.00000000 0.00000100 -1.00000000
vn 0.00000000 0.00000000 -1.00000000
vn -0.00000000 0.00000100 -1.00000000
vn -0.00000000 0.00000100 -1.00000000
vn 0.00000000 0.00000000 -1.00000000
vn 0.00000000 0.00000000 -1.00000000
vn -0.00000000 0.00000100 -1.00000000
vn 0.00000000 0.00000000 -1.00000000
vn 0.00000000 -0.00000300 -1.00000000
vn 0.00000000 0.00000000 -1.00000000
vn 0.00000000 -0.00000500 -1.00000000
vn 0.00000000 0.00000000 -1.00000000
vn 0.00000000 0.00000000 -1.00000000
vn 0.00000000 -0.00000500 -1.00000000
vn -0.00000000 0.00000100 -1.00000000
vn 0.00000000 0.00000000 -1.00000000
vn 0.00000000 -0.00000800 -1.00000000
vn -0.00000000 0.00000100 -1.00000000
vn 0.00000000 -0.00000300 -1.00000000
vn 0.00000000 -0.00000800 -1.00000000
vn -0.00000000 0.00000600 -1.00000000
vn -0.00000000 0.00001400 -1.00000000
vn 0.00000000 0.00000000 -1.00000000
vn -0.00000000 0.00000400 -1.00000000
vn -0.00000000 0.00000200 -1.00000000
vn 0.00000000 -0.00000800 -1.00000000
vn -0.00000000 0.00000600 -1.00000000
vn 0.00000000 -0.00000800 -1.00000000
vn -0.00000000 0.00000300 -1.00000000
vn 0.00000000 0.00000000 -1.00000000
vn 0.00000000 0.00000000 -1.00000000
vn 0.00000000 -0.00001500 -1.00000000
vn -0.00000000 0.00000800 -1.00000000
vn 0.00000000 -0.00000400 -1.00000000
vn 0.00000000 -0.00000300 -1.00000000
vn -0.00000000 0.00000600 -1.00000000
vn 0.00000000 -0.00002200 -1.00000000
vn -0.00000000 0.00000800 -1.00000000
vn 0.00000000 -0.00000600 -1.00000000
vn 0.00000000 0.00000000 -1.00000000
vn 0.00000000 -0.00001500 -1.00000000
vn -0.00000000 0.00000300 -1.00000000
vn -0.00000000 0.00000400 -1.00000000
vn -0.00000000 0.00001700 -1.00000000
vn 0.00000000 -0.00000300 -1.00000000
vn 0.00000000 -0.00000400 -1.00000000
vn 0.00000000 0.00000000 -1.00000000
vn 0.00000000 -0.00000500 -1.00000000
vn 0.00000000 0.00000000 -1.00000000
vn 0.00000000 -0.00000500 -1.00000000
vn 0.00000000 -0.00000200 -1.00000000
vn 0.00000000 0.00000000 -1.00000000
vn 0.00000000 -0.00000200 -1.00000000
vn 0.00000000 0.00000000 -1.00000000
vn 0.00000000 -0.00000200 -1.00000000
vn 0.00000000 0.00000000 -1.00000000
vn 0.00000000 0.00000000 -1.00000000
vn 0.00000000 0.00000000 -1.00000000
vn -0.00000000 0.00000500 -1.00000000
vn 0.00000000 0.00000000 -1.00000000
vn 0.00000000 -0.00000600 -1.00000000
vn -0.00000000 0.00000500 -1.00000000
vn -0.00000000 0.00000500 -1.00000000
vn 0.00000000 -0.00000600 -1.00000000
vn 0.00000000 -0.00000600 -1.00000000
vn -0.00000000 0.00000500 -1.00000000
vn -0.00000000 0.00000500 -1.00000000
vn 0.00000000 -0.00000400 -1.00000000
vn 0.00000000 -0.00000600 -1.00000000
vn -0.00000000 0.00000200 -1.00000000
vn 0.00000000 0.00000000 -1.00000000
vn 0.00000000 -0.00000400 -1.00000000
vn -0.00000000 0.00000500 -1.00000000
vn 0.00000000 0.00000000 -1.00000000
vn 0.00000000 -0.00000400 -1.00000000
vn -0.00000000 0.00000300 -1.00000000
vn 0.00000000 0.00000000 -1.00000000
vn -0.00000000 0.00001700 -1.00000000
vn 0.00000000 -0.00001500 -1.00000000
vn 0.00000000 0.00000000 -1.00000000
vn -0.00000000 0.00001700 -1.00000000
vn -0.00000000 0.00000600 -1.00000000
vn 0.00000000 0.00000000 -1.00000000
vn 0.00000000 0.00000000 -1.00000000
vn 0.00000000 -0.00000300 -1.00000000
vn 0.00000000 0.00000000 -1.00000000
vn 0.00000000 -0.00000000 -1.00000000
vn 0.00000000 0.00000000 -1.00000000
vn 0.00000000 -0.00000300 -1.00000000
vn 0.00000000 -0.00000100 -1.00000000
vn 0.00000000 0.00000000 -1.00000000
vn 0.00000000 -0.00000200 -1.00000000
vn -0.00000000 0.00000300 -1.00000000
vn 0.00000000 0.00000000 -1.00000000
vn 0.00000000 -0.00000100 -1.00000000
vn 0.00000000 -0.00000100 -1.00000000
vn 0.00000000 0.00000000 -1.00000000
vn 0.00000000 0.00000000 -1.00000000
vn 0.00000000 0.00000000 -1.00000000
vn 0.00000000 0.00000000 -1.00000000
vn -0.00000000 0.00000100 -1.00000000
vn 0.00000000 -0.00000100 -1.00000000
vn 0.00000000 0.00000000 -1.00000000
vn -0.00000000 0.00000100 -1.00000000
vn 0.00000000 -0.00000100 -1.00000000
vn -0.00000000 0.00000100 -1.00000000
vn -0.00000000 0.00000200 -1.00000000
vn -0.00000000 0.00000200 -1.00000000
vn -0.00000000 0.00000200 -1.00000000
vn 0.00000000 -0.00000100 -1.00000000
vn -0.00000000 0.00000200 -1.00000000
vn -0.00000000 0.00000200 -1.00000000
vn -0.00000000 0.00000200 -1.00000000
vn -0.00000000 0.00001400 -1.00000000
vn 0.00000000 -0.00000600 -1.00000000
vn -0.00000000 0.00000200 -1.00000000
vn -0.00000000 0.00000200 -1.00000000
vn 0.00000000 -0.00000400 -1.00000000
vn 0.00000000 -0.00000400 -1.00000000
vn 0.00000000 0.00000000 -1.00000000
vn -0.00000000 0.00000200 -1.00000000
vn 0.00000000 -0.00000400 -1.00000000
vn 0.00000000 0.00000000 -1.00000000
vn 0.00000000 -0.00000400 -1.00000000
vn -0.00000000 0.00000600 -1.00000000
vn 0.00000000 -0.00000300 -1.00000000
vn 0.00000000 0.00000000 -1.00000000
vn -0.00000000 0.00000600 -1.00000000
vn 0.00000000 -0.00000400 -1.00000000
vn 0.00000000 0.00000000 -1.00000000
vn 0.00000000 -0.00000600 -1.00000000
vn 0.00000000 0.00000000 -1.00000000
vn 0.00000000 0.00000000 -1.00000000
vn 0.00000000 -0.00000600 -1.00000000
vn -0.00000000 0.00000200 -1.00000000
vn -0.00000000 0.00000200 -1.00000000
vn 0.00000000 0.00000000 -1.00000000
vn 0.00000000 -0.00000200 -1.00000000
vn -0.00000000 0.00000300 -1.00000000
vn 0.00000000 0.00000000 -1.00000000
vn 0.00000000 -0.00000200 -1.00000000
vn -0.00000000 0.00000300 -1.00000000
vn 0.00000000 0.00000000 -1.00000000
vn 0.00000000 0.00000000 -1.00000000
vn 0.00000000 -0.00000400 -1.00000000
vn 0.00000000 0.00000000 -1.00000000
vn 0.00000000 0.00000000 -1.00000000
vn -0.00000000 0.00000400 -1.00000000
vn -0.00000000 0.00000400 -1.00000000
vn 0.00000000 -0.00000300 -1.00000000
vn 0.00000000 -0.00000100 -1.00000000
vn -0.00000000 0.00000200 -1.00000000
vn -0.00000000 0.00000000 -1.00000000
vn 0.00000000 -0.00000100 -1.00000000
vn -0.00000000 0.00000100 -1.00000000
vn 0.00000000 0.00000000 -1.00000000
vn 0.00000000 -0.00000100 -1.00000000
vn -0.00000000 0.00000300 -1.00000000
vn -0.00000000 0.00000100 -1.00000000
vn 0.00000000 -0.00000100 -1.00000000
vn 0.00000000 0.00000000 -1.00000000
vn -0.00000000 0.00000000 -1.00000000
vn 0.00000000 -0.00000100 -1.00000000
vn 0.00000000 0.00000000 -1.00000000
vn -0.00000000 0.00000000 -1.00000000
vn -0.00000000 0.00000200 -1.00000000
vn 0.00000000 0.00000000 -1.00000000
vn -0.00000000 0.00000100 -1.00000000
vn 0.00000000 0.00000000 -1.00000000
vn -0.00000000 0.00000200 -1.00000000
vn 0.00000000 -0.00000100 -1.00000000
vn 0.00000000 0.00000000 -1.00000000
vn -0.00000000 0.00000100 -1.00000000
vn -0.00000000 0.00000100 -1.00000000
vn -0.00000000 0.00000100 -1.00000000
vn 0.00000000 0.00000000 -1.00000000
vn 0.00000000 -0.00000300 -1.00000000
vn 0.00000000 0.00000000 -1.00000000
vn -0.00000000 0.00000100 -1.00000000
vn 0.00000000 0.00000000 -1.00000000
vn 0.00000000 0.00000000 -1.00000000
vn 0.00000000 -0.00000300 -1.00000000
vn 0.00000000 -0.00000000 -1.00000000
vn 0.00000000 -0.00000000 -1.00000000
vn 0.00000000 -0.00000000 -1.00000000
vn 0.00000000 0.00000000 -1.00000000
vn 0.00000000 0.00000000 -1.00000000
vn 0.00000000 -0.00000000 -1.00000000
vn 0.00000000 0.00000000 -1.00000000
vn 0.00000000 -0.00000000 -1.00000000
vn 0.00000000 -0.00000300 -1.00000000
vn -0.00000000 0.00000100 -1.00000000
vn 0.00000000 0.00000000 -1.00000000
vn -0.00000000 0.00000000 -1.00000000
vn 0.00000000 0.00000000 -1.00000000
vn 0.00000000 -0.00000300 -1.00000000
vn 0.00000000 0.00000000 -1.00000000
vn 0.00000000 -0.00001800 -1.00000000
vn 0.00000000 -0.00000500 -1.00000000
vn -0.00000000 0.00002500 -1.00000000
vn 0.00000000 0.00000000 -1.00000000
vn 0.00000000 0.00000000 -1.00000000
vn 0.00000000 0.00000000 -1.00000000
vn -0.00000000 0.00000600 -1.00000000
vn 0.00000000 0.00000000 -1.00000000
vn 0.00000000 0.00000000 -1.00000000
vn -0.00000000 0.00000500 -1.00000000
vn -0.00000000 0.00000600 -1.00000000
vn -0.00000000 0.00000500 -1.00000000
vn 0.00000000 0.00000000 -1.00000000
vn 0.00000000 0.00000000 -1.00000000
vn -0.00000000 0.00000500 -1.00000000
vn 0.00000000 -0.00001800 -1.00000000
vn 0.00000000 -0.00000300 -1.00000000
vn -0.00000000 0.00000400 -1.00000000
vn -0.00000000 0.00000400 -1.00000000
vn 0.00000000 -0.00000800 -1.00000000
vn 0.00000000 0.00000000 -1.00000000
vn 0.00000000 -0.00000400 -1.00000000
vn 0.00000000 0.00000000 -1.00000000
vn 0.00000000 -0.00000600 -1.00000000
vn 0.00000000 0.00000000 -1.00000000
vn 0.00000000 -0.00000600 -1.00000000
vn -0.00000000 0.00000600 -1.00000000
vn 0.00000000 0.00000000 -1.00000000
vn -0.00000000 0.00001400 -1.00000000
vn 0.00000000 -0.00000800 -1.00000000
vn -0.00000000 0.00001400 -1.00000000
vn -0.00000000 0.00000800 -1.00000000
vn 0.00000000 0.00000000 -1.00000000
vn 0.00000000 -0.00000400 -1.00000000
vn -0.00000000 0.00000800 -1.00000000
vn 0.00000000 -0.00000500 -1.00000000
vn 0.00000000 -0.00001800 -1.00000000
vn 0.00000000 -0.00000600 -1.00000000
vn 0.00000000 -0.00000500 -1.00000000
vn -0.00000000 0.00002500 -1.00000000
vn 0.00000000 -0.00000600 -1.00000000
vn 0.00000000 0.00000000 -1.00000000
vn -0.00000000 0.00002500 -1.00000000
vn 0.00000000 -0.00000600 -1.00000000
vn 0.00000000 0.00000000 -1.00000000
vn -0.00000000 0.00000500 -1.00000000
vn -0.00000000 0.00000500 -1.00000000
vn 0.00000000 0.00000000 -1.00000000
vn 0.00000000 -0.00000100 -1.00000000
vn -0.00000000 0.00000500 -1.00000000
vn 0.00000000 0.00000000 -1.00000000
vn 0.00000000 0.00000000 -1.00000000
vn -0.00000000 0.00000200 -1.00000000
vn 0.00000000 -0.00000100 -1.00000000
vn -0.00000000 0.00000200 -1.00000000
vn 0.00000000 0.00000000 -1.00000000
vn 0.00000000 -0.00000100 -1.00000000
vn 0.00000000 0.00000000 -1.00000000
vn -0.00000000 0.00000200 -1.00000000
vn -0.00000000 0.00000200 -1.00000000
vn 0.00000000 0.00000000 -1.00000000
vn -0.00000000 0.00000200 -1.00000000
vn 0.00000000 -0.00000300 -1.00000000
vn 0.00000000 -0.00000400 -1.00000000
vn -0.00000000 0.00001400 -1.00000000
vn 0.00000000 -0.00000100 -1.00000000
vn 0.00000000 0.00000000 -1.00000000
vn -0.00000000 0.00000100 -1.00000000
vn -0.00000000 0.00000300 -1.00000000
vn 0.00000000 -0.00000100 -1.00000000
vn -0.00000000 0.00001400 -1.00000000
vn 0.00000000 -0.00000800 -1.00000000
vn 0.00000000 0.00000000 -1.00000000
vn 0.00000000 0.00000000 -1.00000000
vn 0.00000000 -0.00000200 -1.00000000
vn -0.00000000 0.00000200 -1.00000000
vn 0.00000000 0.00000000 -1.00000000
vn -0.00000000 0.00000200 -1.00000000
vn 0.00000000 -0.00000800 -1.00000000
vn 0.00000000 -0.00000800 -1.00000000
vn -0.00000000 0.00000800 -1.00000000
vn -0.00000000 0.00000200 -1.00000000
vn 0.00000000 0.00000000 -1.00000000
vn 0.00000000 -0.00000800 -1.00000000
vn 0.00000000 -0.00000100 -1.00000000
vn -0.00000000 0.00000800 -1.00000000
vn -0.00000000 0.00000100 -1.00000000
vn 0.00000000 -0.00000100 -1.00000000
vn 0.00000000 -0.00000100 -1.00000000
vn -0.00000000 0.00000800 -1.00000000
vn -0.00000000 0.00000300 -1.00000000
vn 0.00000000 -0.00000100 -1.00000000
vn -0.00000000 0.00001400 -1.00000000
vn 0.00000000 -0.00000400 -1.00000000
vn 0.00000000 -0.00000400 -1.00000000
vn 0.00000000 -0.00000400 -1.00000000
vn 0.00000000 0.00000000 -1.00000000
vn 0.00000000 0.00000000 -1.00000000
vn -0.00000000 0.00000300 -1.00000000
vn 0.00000000 -0.00000400 -1.00000000
vn -0.00000000 0.00000200 -1.00000000
vn 0.00000000 -0.00000400 -1.00000000
vn -0.00000000 0.00000300 -1.00000000
vn -0.00000000 0.00000200 -1.00000000
vn -0.00000000 0.00000300 -1.00000000
vn -0.00000000 0.00000200 -1.00000000
vn 0.00000000 -0.00000400 -1.00000000
vn -0.00000000 0.00000200 -1.00000000
vn -0.00000000 0.00000200 -1.00000000
vn -0.00000000 0.00000300 -1.00000000
vn 0.00000000 -0.00000400 -1.00000000
vn -0.00000000 0.00000200 -1.00000000
vn -0.00000000 0.00000200 -1.00000000
vn 0.00000000 -0.00000400 -1.00000000
vn -0.00000000 0.00000300 -1.00000000
vn -0.00000000 0.00000200 -1.00000000
vn 0.00000000 0.00000000 -1.00000000
vn -0.00000000 0.00000300 -1.00000000
vn -0.00000000 0.00000200 -1.00000000
vn 0.00000000 0.00000000 -1.00000000
vn 0.00000000 -0.00000200 -1.00000000
vn 0.00000000 -0.00000200 -1.00000000
vn -0.00000000 0.00000200 -1.00000000
vn 0.00000000 0.00000000 -1.00000000
vn -0.00000000 0.00002300 -1.00000000
vn 0.00000000 -0.00000200 -1.00000000
vn -0.00000000 0.00002300 -1.00000000
vn 0.00000000 0.00000000 -1.00000000
vn 0.00000000 -0.00000800 -1.00000000
vn 0.00000000 0.00000000 -1.00000000
vn 0.00000000 -0.00000100 -1.00000000
vn -0.00000000 0.00000100 -1.00000000
vn 0.00000000 0.00000000 -1.00000000
vn -0.00000000 0.00000500 -1.00000000
vn 0.00000000 -0.00000100 -1.00000000
vn -0.00000000 0.00000100 -1.00000000
vn 0.00000000 0.00000000 -1.00000000
vn -0.00000000 0.00002300 -1.00000000
vn 0.00000000 -0.00000200 -1.00000000
vn -0.00000000 0.00000200 -1.00000000
vn 0.00000000 -0.00000200 -1.00000000
vn 0.00000000 0.00000000 -1.00000000
vn 0.00000000 0.00000000 -1.00000000
vn -0.00000000 0.00000200 -1.00000000
vn -0.00000000 0.00000100 -1.00000000
vn -0.00000000 0.00000200 -1.00000000
vn -0.00000000 0.00000100 -1.00000000
vn 0.00000000 0.00000000 -1.00000000
vn 0.00000000 -0.00000200 -1.00000000
vn 0.00000000 0.00000000 -1.00000000
vn -0.00000000 0.00000100 -1.00000000
vn -0.00000000 0.00000400 -1.00000000
vn 0.00000000 -0.00000200 -1.00000000
vn 0.00000000 0.00000000 -1.00000000
vn 0.00000000 -0.00000200 -1.00000000
vn 0.00000000 -0.00000400 -1.00000000
vn -0.00000000 0.00000400 -1.00000000
vn 0.00000000 -0.00000400 -1.00000000
vn 0.00000000 -0.00000100 -1.00000000
vn -0.00000000 0.00000400 -1.00000000
vn 0.00000000 -0.00000100 -1.00000000
vn 0.00000000 0.00000000 -1.00000000
vn 0.00000000 -0.00000400 -1.00000000
vn 0.00000000 -0.00000100 -1.00000000
vn 0.00000000 0.00000000 -1.00000000
vn -0.00000000 0.00000500 -1.00000000
vn 0.00000000 0.00000000 -1.00000000
vn -0.00000000 0.00000100 -1.00000000
vn -0.00000000 0.00000500 -1.00000000
vn 0.00000000 0.00000000 -1.00000000
vn -0.00000000 0.00000200 -1.00000000
vn -0.00000000 0.00000100 -1.00000000
vn -0.00000000 0.00000200 -1.00000000
vn -0.00000000 0.00000200 -1.00000000
vn -0.00000000 0.00000200 -1.00000000
vn 0.00000000 -0.00000800 -1.00000000
vn 0.00000000 -0.00001200 -1.00000000
vn 0.00000000 0.00000000 -1.00000000
vn -0.00000000 0.00001900 -1.00000000
vn 0.00000000 -0.00001200 -1.00000000
vn 0.00000000 -0.00001200 -1.00000000
vn 0.00000000 -0.00000500 -1.00000000
vn 0.00000000 0.00000000 -1.00000000
vn 0.00000000 0.00000000 -1.00000000
vn 0.00000000 0.00000000 -1.00000000
vn 0.00000000 -0.00000600 -1.00000000
vn 0.00000000 0.00000000 -1.00000000
vn 0.00000000 0.00000000 -1.00000000
vn 0.00000000 -0.00001100 -1.00000000
vn -0.00000000 0.00000300 -1.00000000
vn 0.00000000 -0.00000800 -1.00000000
vn 0.00000000 -0.00000800 -1.00000000
vn 0.00000000 0.00000000 -1.00000000
vn 0.00000000 0.00000000 -1.00000000
vn 0.00000000 -0.00001500 -1.00000000
vn 0.00000000 -0.00001500 -1.00000000
vn -0.00000000 0.00002200 -1.00000000
vn -0.00000000 0.00001900 -1.00000000
vn 0.00000000 -0.00001100 -1.00000000
vn 0.00000000 0.00000000 -1.00000000
vn 0.00000000 -0.00000500 -1.00000000
vn -0.00000000 0.00001900 -1.00000000
vn 0.00000000 -0.00001100 -1.00000000
vn -0.00000000 0.00000300 -1.00000000
vn -0.00000000 0.00000300 -1.00000000
vn 0.00000000 -0.00000800 -1.00000000
vn 0.00000000 0.00000000 -1.00000000
vn -0.00000000 0.00000300 -1.00000000
vn 0.00000000 -0.00000800 -1.00000000
vn -0.00000000 0.00002200 -1.00000000
vn 0.00000000 -0.00001400 -1.00000000
vn 0.00000000 -0.00000800 -1.00000000
vn -0.00000000 0.00000400 -1.00000000
vn -0.00000000 0.00000600 -1.00000000
vn 0.00000000 -0.00001400 -1.00000000
vn -0.00000000 0.00000600 -1.00000000
vn 0.00000000 -0.00000800 -1.00000000
vn 0.00000000 0.00000000 -1.00000000
vn 0.00000000 -0.00000600 -1.00000000
vn 0.00000000 0.00000000 -1.00000000
vn 0.00000000 -0.00000600 -1.00000000
vn -0.00000000 0.00000300 -1.00000000
vn 0.00000000 0.00000000 -1.00000000
vn -0.00000000 0.00000300 -1.00000000
vn 0.00000000 -0.00000800 -1.00000000
vn 0.00000000 -0.00000800 -1.00000000
vn -0.00000000 0.00000300 -1.00000000
vn 0.00000000 -0.00000100 -1.00000000
vn -0.00000000 0.00000200 -1.00000000
vn -0.00000000 0.00000300 -1.00000000
vn 0.00000000 -0.00000100 -1.00000000
vn -0.00000000 0.00000200 -1.00000000
vn 0.00000000 -0.00000100 -1.00000000
vn 0.00000000 -0.00000000 -1.00000000
vn 0.00000000 -0.00000000 -1.00000000
vn -0.00000000 0.00000200 -1.00000000
vn 0.00000000 -0.00000100 -1.00000000
vn 0.00000000 -0.00000000 -1.00000000
vn 0.00000000 -0.00000100 -1.00000000
vn -0.00000000 0.00000000 -1.00000000
vn -0.00000000 0.00000000 -1.00000000
vn 0.00000000 -0.00000100 -1.00000000
vn -0.00000000 0.00000000 -1.00000000
vn -0.00000000 0.00000000 -1.00000000
vn -0.00000000 0.00000000 -1.00000000
vn 0.00000000 0.00000000 -1.00000000
vn 0.00000000 -0.00000500 -1.00000000
vn -0.00000000 0.00000000 -1.00000000
vn 0.00000000 0.00000000 -1.00000000
vn 0.00000000 0.00000000 -1.00000000
vn -0.00000000 0.00000100 -1.00000000
vn -0.00000000 0.00001500 -1.00000000
vn 0.00000000 0.00000000 -1.00000000
vn 0.00000000 0.00000000 -1.00000000
vn -0.00000000 0.00001500 -1.00000000
vn -0.00000000 0.00000100 -1.00000000
vn 0.00000000 -0.00001700 -1.00000000
vn -0.00000000 0.00001500 -1.00000000
vn 0.00000000 0.00000000 -1.00000000
vn 0.00000000 -0.00000500 -1.00000000
vn 0.00000000 -0.00001900 -1.00000000
vn -0.00000000 0.00001900 -1.00000000
vn 0.00000000 0.00000000 -1.00000000
vn -0.00000000 0.00001500 -1.00000000
vn 0.00000000 -0.00001900 -1.00000000
vn -0.00000000 0.00001500 -1.00000000
vn 0.00000000 0.00000000 -1.00000000
vn -0.00000000 0.00000300 -1.00000000
vn 0.00000000 0.00000000 -1.00000000
vn -0.00000000 0.00000800 -1.00000000
vn -0.00000000 0.00001500 -1.00000000
vn 0.00000000 -0.00001700 -1.00000000
vn 0.00000000 0.00000000 -1.00000000
vn 0.00000000 -0.00001700 -1.00000000
vn 0.00000000 -0.00000400 -1.00000000
vn 0.00000000 0.00000000 -1.00000000
vn 0.00000000 0.00000000 -1.00000000
vn -0.00000000 0.00000400 -1.00000000
vn -0.00000000 0.00000600 -1.00000000
vn 0.00000000 0.00000000 -1.00000000
vn -0.00000000 0.00000600 -1.00000000
vn 0.00000000 0.00000000 -1.00000000
vn 0.00000000 0.00000000 -1.00000000
vn -0.00000000 0.00000100 -1.00000000
vn 0.00000000 -0.00000400 -1.00000000
vn 0.00000000 0.00000000 -1.00000000
vn 0.00000000 -0.00000400 -1.00000000
vn 0.00000000 0.00000000 -1.00000000
vn 0.00000000 0.00000000 -1.00000000
vn -0.00000000 0.00001900 -1.00000000
vn -0.00000000 0.00001900 -1.00000000
vn 0.00000000 -0.00001900 -1.00000000
vn 0.00000000 -0.00001400 -1.00000000
vn -0.00000000 0.00000800 -1.00000000
vn 0.00000000 -0.00000800 -1.00000000
vn 0.00000000 0.00000000 -1.00000000
vn 0.00000000 -0.00001400 -1.00000000
vn 0.00000000 -0.00000800 -1.00000000
vn -0.00000000 0.00000400 -1.00000000
vn 0.00000000 -0.00000500 -1.00000000
vn 0.00000000 0.00000000 -1.00000000
vn -0.00000000 0.00000100 -1.00000000
vn 0.00000000 -0.00000500 -1.00000000
vn 0.00000000 0.00000000 -1.00000000
vn 0.00000000 0.00000000 -1.00000000
vn -0.00000000 0.00000100 -1.00000000
vn 0.00000000 -0.00000200 -1.00000000
vn -0.00000000 0.00000100 -1.00000000
vn 0.00000000 -0.00000200 -1.00000000
vn 0.00000000 0.00000000 -1.00000000
vn 0.00000000 -0.00000200 -1.00000000
vn 0.00000000 0.00000000 -1.00000000
vn 0.00000000 0.00000000 -1.00000000
vn 0.00000000 -0.00000200 -1.00000000
vn 0.00000000 -0.00000200 -1.00000000
vn -0.00000000 0.00000300 -1.00000000
vn 0.00000000 0.00000000 -1.00000000
vn 0.00000000 -0.00000300 -1.00000000
vn 0.00000000 0.00000000 -1.00000000
vn -0.00000000 0.00000800 -1.00000000
vn 0.00000000 -0.00002200 -1.00000000
vn -0.00000000 0.00000800 -1.00000000
vn 0.00000000 0.00000000 -1.00000000
vn 0.00000000 0.00000000 -1.00000000
vn 0.00000000 -0.00001800 -1.00000000
vn 0.00000000 0.00000000 -1.00000000
vn -0.00000000 0.00000300 -1.00000000
vn 0.00000000 -0.00001800 -1.00000000
vn 0.00000000 -0.00001800 -1.00000000
vn 0.00000000 0.00000000 -1.00000000
vn -0.00000000 0.00000800 -1.00000000
vn 0.00000000 -0.00002200 -1.00000000
vn 0.00000000 -0.00000400 -1.00000000
vn -0.00000000 0.00001400 -1.00000000
vn -0.00000000 0.00000800 -1.00000000
vn -0.00000000 0.00001400 -1.00000000
vn 0.00000000 -0.00000600 -1.00000000
vn -0.00000000 0.00000800 -1.00000000
vn 0.00000000 -0.00000600 -1.00000000
vn 0.00000000 0.00000000 -1.00000000
vn -0.00000000 0.00000600 -1.00000000
vn -0.00000000 0.00000600 -1.00000000
vn 0.00000000 0.00000000 -1.00000000
vn 0.00000000 -0.00000300 -1.00000000
vn 0.00000000 0.00000000 -1.00000000
vn 0.00000000 -0.00000300 -1.00000000
vn -0.00000000 0.00000800 -1.00000000
vn -0.00000000 0.00000100 -1.00000000
vn 0.00000000 -0.00000300 -1.00000000
vn -0.00000000 0.00000800 -1.00000000
vn 0.00000000 -0.00000300 -1.00000000
vn 0.00000000 -0.00000200 -1.00000000
vn -0.00000000 0.00000100 -1.00000000
vn -0.00000000 0.00000000 -1.00000000
vn -0.00000000 0.00000100 -1.00000000
vn 0.00000000 -0.00000200 -1.00000000
vn -0.00000000 0.00000100 -1.00000000
vn 0.00000000 -0.00000200 -1.00000000
vn -0.00000000 0.00000000 -1.00000000
vn -0.00000000 0.00000100 -1.00000000
vn -0.00000000 0.00000000 -1.00000000
vn 0.00000000 -0.00000000 -1.00000000
vn -0.00000000 0.00000100 -1.00000000
vn 0.00000000 -0.00000000 -1.00000000
vn 0.00000000 -0.00000000 -1.00000000
vn 0.00000000 0.00000000 -1.00000000
vn 0.00000000 -0.00000000 -1.00000000
vn 0.00000000 -0.00000000 -1.00000000
vn -0.00000000 0.00000500 -1.00000000
vn 0.00000000 -0.00000000 -1.00000000
vn 0.00000000 0.00000000 -1.00000000
vn 0.00000000 0.00000000 -1.00000000
vn -0.00000000 0.00000500 -1.00000000
vn -0.00000000 0.00000500 -1.00000000
vn 0.00000000 0.00000000 -1.00000000
vn -0.00000000 0.00000300 -1.00000000
vn -0.00000000 0.00000300 -1.00000000
vn 0.00000000 0.00000000 -1.00000000
vn 0.00000000 0.00000000 -1.00000000
vn 0.00000000 0.00000000 -1.00000000
vn 0.00000000 0.00000000 -1.00000000
vn 0.17157900 -0.98516600 -0.00277700
vn 0.28081000 -0.95976300 0.00000000
vn 0.28084700 -0.95975300 0.00000000
vn 0.15177400 -0.98841400 -0.00184200
vn 0.15173800 -0.98841900 -0.00184400
vn 0.11608700 -0.99322400 -0.00552100
vn 0.33805400 -0.94111200 -0.00524700
vn 0.37306900 -0.92779700 -0.00355200
vn 0.47007300 -0.88260300 -0.00652800
vn 0.49093400 -0.87119700 0.00000000
vn 0.57471500 -0.81833800 -0.00512400
vn 0.60979700 -0.79254100 -0.00513600
vn 0.66531600 -0.74656100 0.00077300
vn 0.69054300 -0.72327300 0.00511800
vn 0.75115500 -0.66011600 0.00359000
vn 0.74704500 -0.66474900 0.00570000
vn 0.79140600 -0.61129000 -0.00070200
vn 0.81674700 -0.57699600 0.00021300
vn 0.81672200 -0.57703100 0.00062000
vn 0.79957500 -0.60056600 0.00000000
vn 0.86075400 -0.50888400 -0.01183900
vn 0.87819400 -0.47824100 -0.00785700
vn 0.92501100 -0.37972700 -0.01269600
vn 0.98148400 -0.19133300 -0.00903400
vn 0.96406900 -0.26549900 -0.00901800
vn 0.93163700 -0.36339200 0.00000000
vn 0.99925000 0.03738600 -0.01006500
vn 0.99919700 -0.03878200 -0.01004100
vn 0.99919600 -0.03880900 -0.01003400
vn 0.99785600 -0.05811700 -0.03008700
vn 0.98974100 -0.14287100 0.00000000
vn 0.95451000 0.29769300 -0.01702400
vn 0.98173500 0.18993900 -0.01091800
vn 0.98172400 0.18999800 -0.01093600
vn 0.98428000 0.17355200 -0.03274800
vn 0.99637400 0.08508500 0.00000000
vn 0.86116400 0.50800600 -0.01804600
vn 0.91257600 0.40873900 -0.01168500
vn 0.95118600 0.30861800 0.00000000
vn 0.74698100 0.66473100 -0.01232800
vn 0.79539800 0.60596200 -0.01229700
vn 0.85652300 0.51610900 0.00000000
vn 0.54505800 0.83817200 -0.01949100
vn 0.63635000 0.77129500 -0.01276400
vn 0.63636300 0.77128400 -0.01277100
vn 0.64232100 0.76547900 -0.03827500
vn 0.71731400 0.69675000 0.00000000
vn 0.37431500 0.92720900 -0.01313500
vn 0.44379000 0.89603500 -0.01312900
vn 0.54079400 0.84115500 0.00000000
vn 0.15314800 0.98811300 -0.01334500
vn 0.22793900 0.97358500 -0.01331100
vn 0.22789700 0.97359400 -0.01332500
vn 0.23043000 0.97227000 -0.03991400
vn 0.33616300 0.94180400 0.00000000
vn -0.31661600 0.94840500 -0.01680100
vn -0.31660700 0.94840800 -0.01680300
vn -0.31662900 0.94840100 -0.01679600
vn -0.22633600 0.97333900 -0.03720300
vn -0.17072400 0.98500500 -0.02486300
vn -0.09544000 0.99543500 0.00000000
vn -0.01942100 0.99981100 0.00000000
vn 0.01944400 0.99981100 0.00000000
vn 0.01941100 0.99981200 0.00000000
vn 0.05814600 0.99830800 0.00000000
vn 0.11402600 0.99347800 0.00000000
vn -0.23061400 0.97304500 0.00000000
vn -0.29696500 0.95488800 0.00000000
vn -0.36191100 0.93221300 0.00000000
vn -0.42844700 0.90353400 -0.00767600
vn -0.45019300 0.89291600 -0.00512200
vn -0.54951800 0.83534200 -0.01527100
vn -0.54079400 0.84115500 0.00000000
vn -0.63631200 0.77132600 -0.01280100
vn -0.72225100 0.69137300 -0.01889300
vn -0.71731600 0.69674800 0.00000000
vn -0.79540600 0.60595200 -0.01229500
vn -0.79541600 0.60593900 -0.01228800
vn -0.80158100 0.59674900 -0.03684200
vn -0.87882200 0.47700700 -0.01170600
vn -0.85652900 0.51609800 0.00000000
vn -0.91258400 0.40872200 -0.01168400
vn -0.91260400 0.40867800 -0.01166500
vn -0.91765200 0.39584100 -0.03499200
vn -0.96442100 0.26414500 -0.01095600
vn -0.95118400 0.30862400 0.00000000
vn -0.98172400 0.18999800 -0.01093600
vn -0.99730400 0.07166200 -0.01577500
vn -0.99637400 0.08508400 0.00000000
vn -0.99919600 -0.03880900 -0.01003600
vn -0.99919700 -0.03878200 -0.01004400
vn -0.99785600 -0.05811700 -0.03008700
vn -0.98148300 -0.19133400 -0.00903500
vn -0.98974100 -0.14287500 0.00000000
vn -0.96407200 -0.26548900 -0.00901900
vn -0.96406600 -0.26550800 -0.00901900
vn -0.95763900 -0.28670200 -0.02702000
vn -0.91204100 -0.41002300 -0.00788100
vn -0.93162800 -0.36341300 0.00000000
vn -0.87818500 -0.47825600 -0.00785700
vn -0.84144200 -0.54029100 -0.00785200
vn -0.81673300 -0.57701600 0.00031100
vn -0.79140600 -0.61129000 -0.00070200
vn -0.75118600 -0.66008100 0.00368800
vn -0.74701400 -0.66478400 0.00570700
vn -0.69050900 -0.72330500 0.00511400
vn -0.66533900 -0.74654100 0.00076900
vn -0.66525900 -0.74661200 0.00076900
vn -0.64399200 -0.76503200 0.00000000
vn -0.59212800 -0.80580800 -0.00769000
vn -0.57471500 -0.81833800 -0.00506300
vn -0.51078900 -0.85969100 -0.00513100
vn -0.25585100 -0.96670800 -0.00406100
vn -0.37306700 -0.92779800 -0.00354200
vn -0.37305700 -0.92780200 -0.00354900
vn -0.34200400 -0.93963800 -0.01063300
vn -0.49093400 -0.87119700 0.00000000
vn 0.00000000 -1.00000000 0.00000000
vn -0.03891400 -0.99924100 -0.00185200
vn -0.15178600 -0.98841200 -0.00171400
vn -0.28078200 -0.95977100 0.00000000
vn 0.00000000 0.00000000 1.00000000
vn 0.00000000 0.00000000 1.00000000
vn 0.00000000 0.00000000 1.00000000
vn 0.00000000 -0.00000300 1.00000000
vn 0.00000000 0.00000000 1.00000000
vn 0.00000000 0.00000000 1.00000000
vn 0.00000000 0.00000000 1.00000000
vn 0.00000000 0.00000000 1.00000000
vn 0.00000000 0.00000000 1.00000000
vn 0.00000000 0.00000000 1.00000000
vn 0.00000000 -0.00000300 1.00000000
vn 0.00000000 0.00000000 1.00000000
vn 0.00000000 0.00000000 1.00000000
vn 0.00000000 0.00000000 1.00000000
vn 0.00000000 -0.00000300 1.00000000
vn 0.00000000 0.00000000 1.00000000
vn 0.00000000 -0.00000300 1.00000000
vn -0.00000000 0.00000600 1.00000000
vn 0.00000000 0.00000000 1.00000000
vn -0.00000000 0.00000600 1.00000000
vn -0.00000000 0.00000600 1.00000000
vn 0.00000000 0.00000000 1.00000000
vn 0.00000000 -0.00000300 1.00000000
vn -0.00000000 0.00000300 1.00000000
vn 0.00000000 -0.00000600 1.00000000
vn 0.00000000 -0.00000600 1.00000000
vn 0.00000000 0.00000000 1.00000000
vn 0.00000000 0.00000000 1.00000000
vn 0.00000000 0.00000000 1.00000000
vn 0.00000000 -0.00000600 1.00000000
vn 0.00000000 0.00000000 1.00000000
vn 0.00000000 -0.00000600 1.00000000
vn 0.00000000 -0.00000300 1.00000000
vn 0.00000000 -0.00000600 1.00000000
vn -0.00000000 0.00000300 1.00000000
vn 0.00000000 0.00000000 1.00000000
vn 0.00000000 -0.00000600 1.00000000
vn 0.00000000 0.00000000 1.00000000
vn 0.00000000 -0.00000300 1.00000000
vn 0.00000000 0.00000000 1.00000000
vn -0.00000000 0.00000300 1.00000000
vn 0.00000000 -0.00000300 1.00000000
vn 0.99313500 0.11691400 -0.00378400
vn 0.98858300 0.10482400 0.10823600
vn 0.99201000 0.04300500 0.11860200
vn 1.00000000 0.00000000 0.00000000
vn 1.00000000 0.00000000 0.00000000
vn 1.00000000 0.00000000 -0.00000100
vn 1.00000000 0.00000000 0.00000000
vn 1.00000000 -0.00000200 -0.00001400
vn 1.00000000 0.00000000 0.00000000
vn 1.00000000 0.00000000 0.00000000
vn 0.99251600 0.02337000 0.11986100
vn 1.00000000 -0.00000100 0.00001400
vn 0.99517300 0.00400800 0.09805100
vn 1.00000000 0.00000000 -0.00000100
vn 1.00000000 0.00000000 0.00000000
vn 1.00000000 0.00000000 -0.00000100
vn 1.00000000 -0.00002900 -0.00003000
vn 0.99786400 -0.00000200 0.06533100
vn -0.00000000 1.00000000 0.00000000
vn -0.00000100 0.99650400 0.08354000
vn 0.00039400 0.99589400 0.09052100
vn -0.00000000 1.00000000 0.00000000
vn -0.00000000 0.99518500 0.09801600
vn -0.00000000 0.99518500 0.09801900
vn -0.00000000 1.00000000 0.00000000
vn -0.00000000 1.00000000 0.00000000
vn -0.99273900 0.01162800 0.11972300
vn -0.99214400 0.03101400 0.12119200
vn -0.99871000 0.05075300 -0.00147700
vn -0.99871200 0.05072300 -0.00148100
vn -0.99166200 0.04909600 0.11914900
vn -0.98077000 0.15379100 0.12016300
vn -1.00000000 -0.00000000 0.00000000
vn -1.00000000 -0.00000000 0.00000000
vn -1.00000000 -0.00000000 0.00000000
vn -1.00000000 -0.00000000 0.00000000
vn -1.00000000 -0.00008600 -0.00003400
vn -1.00000000 -0.00000000 0.00000000
vn -0.99142800 -0.00000000 0.13065300
vn -1.00000000 -0.00000000 0.00000000
vn -1.00000000 -0.00000000 0.00000000
vn -1.00000000 -0.00008600 -0.00003400
vn -1.00000000 -0.00000000 0.00000000
vn -1.00000000 -0.00008600 -0.00003400
vn 1.00000000 0.00000000 0.00000000
vn 1.00000000 0.00000000 0.00000000
vn 1.00000000 0.00000000 0.00000000
vn 0.99143400 -0.00000100 0.13061100
vn 0.99504600 -0.00654200 0.09919800
vn 0.98092300 -0.15204900 0.12112600
vn 1.00000000 0.00000000 0.00000000
vn 1.00000000 0.00000000 0.00000000
vn 0.99186300 -0.04153300 0.12034800
vn 0.99246200 -0.02147600 0.12065600
vn 1.00000000 0.00000000 -0.00000200
vn 1.00000000 0.00000000 -0.00000200
vn 1.00000000 0.00000000 0.00000000
vn 1.00000000 0.00000000 0.00000000
vn 1.00000000 0.00000000 0.00000000
vn 1.00000000 0.00000000 -0.00000200
vn -1.00000000 -0.00000000 0.00000000
vn -1.00000000 -0.00000000 0.00000000
vn -0.98947700 -0.14388100 -0.01527600
vn -0.99691700 -0.00304300 0.07840400
vn -0.98886900 -0.10099500 0.10926300
vn -0.99234700 -0.03335100 0.11888800
vn -0.99273700 -0.01598500 0.11924000
vn -1.00000000 -0.00000000 -0.00000100
vn -1.00000000 -0.00000000 -0.00000100
vn -1.00000000 -0.00000000 0.00000000
vn -1.00000000 -0.00000000 -0.00000100
vn -1.00000000 -0.00000000 0.00000000
vn -1.00000000 -0.00000000 0.00000000
vn -0.99345400 0.00047000 0.11423200
vn 0.00000700 -0.99786000 0.06538800
vn 0.00000000 -0.99142300 0.13069000
vn 0.00000000 -1.00000000 0.00000000
vn 0.00000100 -1.00000000 0.00000000
vn 0.00000000 -1.00000000 0.00000000
vn 0.00000000 -0.99144300 0.13054400
vn 0.00000000 -0.99144200 0.13054400
vn 0.00000000 -1.00000000 0.00000000
vn 0.00000000 -1.00000000 0.00000000
vn 0.00000100 -1.00000000 0.00000000
vn 0.00000100 -1.00000000 0.00000000
vn 0.00000100 -1.00000000 0.00000000
vn -0.00000000 0.19506700 0.98079000
vn -0.00000000 0.19506700 0.98079000
vn -0.00000000 0.55557000 0.83147000
vn -0.00000000 0.55558100 0.83146300
vn -0.00000000 0.55558100 0.83146300
vn -0.00000000 0.55557000 0.83147000
vn -0.00000000 0.55558100 0.83146300
vn -0.00000000 0.55557000 0.83147000
vn -0.00000000 0.83146600 0.55557500
vn -0.00000000 0.83146800 0.55557300
vn -0.00000000 0.83146800 0.55557300
vn -0.00000000 0.83146600 0.55557500
vn -0.00000000 0.83146800 0.55557300
vn -0.00000000 0.83146600 0.55557500
vn -0.00000000 0.98078500 0.19509200
vn -0.00000000 0.98078600 0.19508800
vn 0.00000000 -0.25877900 0.96593700
vn 0.00000000 -0.25877900 0.96593700
vn 0.00000000 -0.70714000 0.70707400
vn 0.00000000 -0.70714000 0.70707400
vn 0.00000000 -0.70714000 0.70707400
vn 0.00000000 -0.70714000 0.70707400
vn 0.00000000 -0.96591700 0.25885300
vn 0.00000000 -0.96591700 0.25885100
vn -0.95665000 -0.01157300 0.29101000
vn -0.88654900 -0.00006600 0.46263500
vn -0.53333400 0.00000200 0.84590500
vn -0.68356700 -0.00190000 0.72988500
vn -0.56219100 -0.03124100 0.82641700
vn -0.75086900 -0.00074000 0.66045100
vn -0.73965800 -0.02203000 0.67262200
vn -0.84368600 -0.03685800 0.53556900
vn -0.41788300 0.00007400 0.90850100
vn -0.32456500 -0.02767500 0.94545800
vn -0.21676500 -0.00032000 0.97622400
vn -0.19502400 0.00046500 0.98079800
vn -0.19512100 0.00045500 0.98077900
vn -0.16908600 0.08258000 0.98213600
vn -0.47951900 0.02529900 0.87716700
vn -0.35244300 0.00000100 0.93583300
vn -0.66851300 0.04396900 0.74240000
vn -0.63456100 0.00034800 0.77287300
vn -0.49177900 0.00042300 0.87072000
vn -0.98072700 0.01093700 0.19507400
vn -0.98078900 -0.00000000 0.19507300
vn -0.82401100 0.04843600 0.56450000
vn -0.85968800 0.00150600 0.51081800
vn -0.85963800 0.00150300 0.51090200
vn -0.83074200 0.04194600 0.55507500
vn -0.83022300 0.00136000 0.55743000
vn 0.95774900 0.00000100 0.28760400
vn 0.92978400 0.02003100 0.36756000
vn 0.83415900 0.00040400 0.55152400
vn 0.73824400 0.03949700 0.67337600
vn 0.64453900 0.00031100 0.76457100
vn 0.42283600 0.04557400 0.90506000
vn 0.45722500 0.00023700 0.88935100
vn 0.20591100 0.00030400 0.97857100
vn 0.19512100 -0.00045500 0.98077900
vn 0.19502300 -0.00046400 0.98079800
vn 0.17913300 -0.05339900 0.98237500
vn 0.47968600 -0.01758200 0.87726400
vn 0.35244300 -0.00000100 0.93583300
vn 0.67195300 -0.02845200 0.74004700
vn 0.63456100 -0.00034800 0.77287300
vn 0.49177900 -0.00042300 0.87072000
vn 0.98075400 -0.00791200 0.19508500
vn 0.98078900 0.00000000 0.19507300
vn 0.82707100 -0.03126500 0.56122700
vn 0.85968800 -0.00150600 0.51081800
vn 0.85963800 -0.00150300 0.51090200
vn 0.83111800 -0.02898800 0.55534000
vn 0.83022300 -0.00136000 0.55743000
vn -0.82864800 -0.55961800 -0.01308400
vn -0.86043400 -0.50323600 0.08004100
vn -0.90882800 -0.41062200 0.07363400
vn -0.95607600 -0.27323600 0.10611600
vn -0.44374500 -0.89598500 -0.01734800
vn -0.67256900 -0.73879200 0.04286100
vn -0.76333200 -0.63892500 0.09538700
vn -0.26458500 -0.96428200 0.01240500
vn -0.39506000 -0.91688400 0.05701900
vn -0.50174500 -0.86145500 0.07840900
vn 0.16788100 -0.98517200 0.03539100
vn 0.35339700 -0.93544700 -0.00705100
vn 0.38386300 -0.92094600 0.06713800
vn 0.67134300 -0.74113900 -0.00343100
vn 0.67124000 -0.74123300 -0.00339800
vn 0.57198700 -0.81593100 0.08418300
vn 0.67485600 -0.73306800 0.08474100
vn 0.84017300 -0.53216600 0.10444700
vn 0.84020700 -0.53214200 0.10428800
vn 0.90860100 -0.41763500 -0.00499000
vn 0.96005900 -0.26859000 0.07840200
vn 0.98419400 -0.17701800 -0.00517400
vn 0.96046100 0.26212800 0.09383100
vn 0.91655000 0.39988200 -0.00547600
vn 0.89171200 0.44408100 0.08741900
vn 0.79349500 0.60412300 0.07349100
vn 0.72201900 0.69186600 -0.00313100
vn 0.63779400 0.76889700 0.04490400
vn 0.38227400 0.92404200 -0.00355500
vn 0.46082900 0.88590200 0.05303900
vn 0.26092300 0.96507800 0.02332300
vn -0.16785500 0.98517600 0.03539700
vn -0.35339800 0.93544600 -0.00705300
vn -0.38387600 0.92094000 0.06714300
vn -0.67124000 0.74123300 -0.00339800
vn -0.67134400 0.74113800 -0.00339500
vn -0.57198300 0.81593500 0.08417900
vn -0.67487800 0.73305000 0.08471900
vn -0.84018900 0.53215200 0.10438700
vn -0.90864300 0.41754500 -0.00497700
vn -0.90857800 0.41768600 -0.00500700
vn -0.83172800 0.54337300 0.11390500
vn -0.97618900 0.19223600 0.10050500
vn -0.97289200 0.23126100 -0.00000100
vn -0.97754600 0.17507900 -0.11726300
vn -0.98787400 0.14589800 -0.05308800
vn -0.98061000 0.12496000 -0.15096100
vn -0.96123900 0.25461800 -0.10577700
vn -0.95487300 0.26392300 -0.13624300
vn -0.97596400 0.18894600 -0.10859700
vn -0.97526500 -0.21018400 -0.06840900
vn -0.95334900 -0.25750100 -0.15753900
vn -0.97635500 -0.20897800 -0.05531000
vn -0.98531300 -0.16417700 -0.04694400
vn -0.98580600 -0.12558800 -0.11142200
vn -0.97892100 -0.18957700 -0.07598800
vn 0.97289200 -0.23126100 -0.00000100
vn 0.97754600 -0.17507900 -0.11726300
vn 0.98787500 -0.14589400 -0.05308500
vn 0.98061000 -0.12496000 -0.15096100
vn 0.96123900 -0.25461800 -0.10577700
vn 0.95487300 -0.26392300 -0.13624300
vn 0.97596400 -0.18894600 -0.10859700
vn 0.97526500 0.21018400 -0.06840900
vn 0.95333800 0.25751500 -0.15758400
vn 0.97635500 0.20897800 -0.05531000
vn 0.98531300 0.16417700 -0.04694400
vn 0.98580600 0.12558800 -0.11142200
vn 0.97892100 0.18957700 -0.07598800
vn -0.06479600 -0.99455900 -0.08157000
vn -0.00002500 -1.00000000 -0.00092000
vn 0.04945600 -0.99657300 -0.06630800
vn -0.09802600 -0.99514600 -0.00863600
vn -0.04559400 -0.99894700 0.00513100
vn 0.09940200 -0.98796000 -0.11855300
vn -0.11282200 -0.99304400 -0.03369800
vn -0.09449600 -0.99304500 -0.07022300
vn 0.11714000 -0.98810800 -0.09960100
vn 0.13242200 -0.98808100 -0.07849100
vn 0.14294700 -0.98820700 -0.05488700
vn 0.15052800 -0.98815000 -0.03001000
vn 0.15289300 -0.98821600 -0.00720300
vn 0.12746800 -0.99184300 0.00000000
vn 0.11752500 -0.99297400 -0.01379400
vn 0.04559500 -0.99894700 0.00513000
vn -0.04030600 -0.99786100 -0.05146100
vn -0.16976300 -0.98548500 0.00001500
vn -0.15293100 -0.98813100 -0.01448500
vn -0.00033300 -0.99999800 -0.00182300
vn 0.05436800 -0.99606600 -0.06997100
vn -0.12756100 -0.98811900 -0.08572600
vn -0.11184400 -0.98799100 -0.10660100
vn -0.09246100 -0.98798400 -0.12384500
vn 0.08567300 -0.99304000 -0.08081300
vn 0.10811500 -0.99304300 -0.04664700
vn -0.14822800 -0.98820700 -0.03841500
vn -0.14021900 -0.98810100 -0.06320300
vn 0.12953900 0.98152600 -0.14080300
vn -0.11089800 0.98974700 -0.09001100
vn 0.10177000 0.99480800 0.00000000
vn -0.13051700 0.99144600 0.00000000
vn -0.17008400 -0.97847900 -0.11683100
vn 0.10120100 -0.99189100 -0.07688200
vn -0.06535200 -0.99786200 0.00000000
vn 0.11958500 -0.99282400 0.00000000
vn 0.17007800 0.97848000 -0.11683300
vn -0.08764300 0.99183700 -0.09262000
vn 0.06530800 0.99786500 0.00000000
vn -0.10176900 0.99480800 0.00000000
vn -0.12676900 -0.98385900 -0.12629900
vn 0.13014600 -0.98915900 -0.06802500
vn -0.11958500 -0.99282400 0.00000000
vn 0.13051700 -0.99144600 0.00000000
vn -0.00000200 1.00000000 0.00000000
vn 0.16975900 0.98548600 -0.00001700
vn 0.15292700 0.98813100 -0.01448300
vn 0.12754900 0.98812100 -0.08572100
vn 0.11185300 0.98799000 -0.10660700
vn 0.00017600 0.99999800 -0.00182300
vn -0.07398700 0.99375900 -0.08348200
vn 0.04479200 0.99735800 -0.05719300
vn -0.09510400 0.99142000 -0.08967500
vn 0.09246200 0.98798400 -0.12384900
vn -0.06518400 0.99787300 0.00001200
vn -0.14906000 0.98874100 -0.01312700
vn -0.17962000 0.98067700 -0.07751700
vn 0.14823100 0.98820700 -0.03840800
vn 0.14021600 0.98810200 -0.06319100
vn 0.08770400 0.99107500 -0.10038700
vn 0.00022500 1.00000000 -0.00089500
vn -0.04944200 0.99657400 -0.06629400
vn 0.14348300 0.98946200 -0.01945100
vn 0.02176600 0.99976300 0.00000000
vn -0.09941300 0.98795700 -0.11856400
vn 0.15022600 0.98763400 -0.04484900
vn 0.12587400 0.98763100 -0.09349200
vn -0.11709200 0.98811500 -0.09958900
vn -0.13242200 0.98808100 -0.07849100
vn -0.14294700 0.98820700 -0.05489100
vn -0.15052800 0.98815000 -0.03001000
vn -0.15289300 0.98821600 -0.00720300
vn -0.12746800 0.99184300 0.00000000
vn 0.10176900 -0.99480800 0.00000000
vn -0.06530800 -0.99786500 0.00000000
vn 0.08764100 -0.99183700 -0.09262200
vn -0.17007800 -0.97848000 -0.11683300
vn 0.12676900 0.98385900 -0.12629900
vn -0.13014600 0.98915900 -0.06802500
vn 0.11958500 0.99282400 0.00000000
vn -0.13051700 0.99144600 0.00000000
vn -0.11958500 0.99282400 0.00000000
vn 0.06535200 0.99786200 0.00000000
vn -0.10124000 0.99188500 -0.07690100
vn 0.17008400 0.97847900 -0.11683100
vn -0.12953400 -0.98152600 -0.14080800
vn 0.11089800 -0.98974700 -0.09001100
vn -0.10177000 -0.99480800 0.00000000
vn 0.13051700 -0.99144600 0.00000000
vn 0.28290500 0.08847300 0.95505900
vn 0.52347800 0.07030900 0.84913400
vn 0.40053700 -0.00951700 0.91623100
vn 0.23078400 0.01904000 0.97281900
vn 0.23085300 0.01901300 0.97280300
vn 0.33380400 0.03911900 0.94183000
vn 0.68927100 0.16806200 0.70474100
vn 0.63775600 0.05339300 0.76838500
vn 0.80122200 0.15639200 0.57756800
vn 0.94204500 0.13960200 0.30506100
vn 0.88246000 0.11793600 0.45536200
vn 0.84050200 0.09693100 0.53306800
vn 0.77882400 0.11602000 0.61642000
vn 0.70165700 0.08572300 0.70734000
vn 0.90348100 0.24472500 0.35189900
vn 0.96852000 0.09811200 0.22878500
vn 0.99602800 0.03336900 0.08255600
vn 0.81026300 0.04633400 0.58423200
vn 0.81026300 0.04633300 0.58423200
vn 0.81026300 0.04633300 0.58423200
vn 0.90895000 0.29943700 0.29008200
vn 0.80468300 0.26077000 0.53337100
vn 0.64955800 0.21542700 0.72915400
vn 0.45287200 0.15110200 0.87867800
vn 0.24490200 0.08384400 0.96591600
vn 0.79626900 0.27174300 0.54047300
vn 0.55174200 0.19099100 0.81185100
vn 0.92967000 0.26218100 0.25879400
vn 0.68060600 0.19190500 0.70707000
vn 0.25103600 0.06309900 0.96591900
vn 0.25556000 0.04109500 0.96591900
vn 0.25816400 0.01874300 0.96591900
vn 0.25881900 -0.00371100 0.96591900
vn 0.25752000 -0.02613100 0.96591900
vn 0.25427800 -0.04840800 0.96591900
vn 0.24915100 -0.07017500 0.96591900
vn 0.24415000 -0.08593000 0.96592300
vn 0.68586300 0.17217300 0.70707000
vn 0.69466800 0.13224500 0.70707000
vn 0.69820300 0.11208300 0.70707100
vn 0.70351700 0.07151900 0.70707100
vn 0.70529200 0.05112500 0.70707100
vn 0.70707000 0.01021600 0.70707000
vn 0.70706900 -0.01020800 0.70707100
vn 0.70529100 -0.05113100 0.70707100
vn 0.70352600 -0.07143000 0.70707100
vn 0.69820700 -0.11206600 0.70707100
vn 0.69467900 -0.13218500 0.70707000
vn 0.68587400 -0.17213400 0.70706900
vn 0.68060300 -0.19191800 0.70707000
vn 0.67009100 -0.22600000 0.70703800
vn 0.66999000 -0.22628000 0.70704400
vn 0.94889900 0.18059900 0.25879300
vn 0.96098300 0.09766000 0.25879400
vn 0.96583100 0.01398400 0.25879400
vn 0.96340600 -0.06981000 0.25879600
vn 0.95372900 -0.15306000 0.25879200
vn 0.93687100 -0.23515600 0.25879200
vn 0.91525300 -0.30882700 0.25872400
vn 0.91745100 -0.30224300 0.25871500
vn 0.67184400 -0.22093400 0.70697500
vn 0.33822600 -0.10120000 0.93560800
vn 0.33833400 -0.10121200 0.93556700
vn 0.33819000 -0.10120200 0.93562000
vn 0.81085000 -0.04636600 0.58341500
vn 0.81082200 -0.04636600 0.58345400
vn 0.81085000 -0.04636600 0.58341500
vn 0.79028300 -0.07924800 0.60759600
vn 0.72453500 -0.14670000 0.67344500
vn 0.72453200 -0.14672600 0.67344200
vn 0.74057400 -0.08045400 0.66714100
vn 0.70214300 -0.09614600 0.70551500
vn 0.11996500 -0.16226500 0.97942800
vn 0.48890000 -0.17817900 0.85394900
vn 0.50101600 -0.07998300 0.86173400
vn 0.15063800 0.09885300 0.98363400
vn 0.06822200 0.17835800 0.98159800
vn 0.25684300 0.05176700 0.96506600
vn 0.29553500 0.06485900 0.95312800
vn 0.42842400 0.00329300 0.90357200
vn 0.51367900 -0.03377400 0.85731800
vn 0.84171700 -0.13702600 0.52224100
vn 0.77368700 -0.15726600 0.61373900
vn 0.93370500 -0.24765700 0.25857400
vn 0.93685100 -0.15329700 0.31434100
vn 0.93684200 -0.15327700 0.31437800
vn 0.93724600 -0.09633800 0.33509500
vn 0.95942300 -0.11711700 0.25649700
vn 0.97775000 -0.09394500 0.18756000
vn 0.99749400 -0.05751100 0.04119900
vn -0.81040700 0.04624100 0.58404000
vn -0.81040700 0.04624200 0.58404000
vn -0.81040700 0.04624200 0.58404000
vn -0.95109300 0.16790100 0.25929200
vn -0.93370500 0.24765700 0.25857300
vn -0.87069100 0.14039400 0.47136700
vn -0.72452200 0.14671900 0.67345500
vn -0.84171700 0.13702800 0.52224200
vn -0.93723400 0.09632800 0.33513100
vn -0.93725400 0.09633800 0.33507300
vn -0.95941200 0.11715800 0.25652000
vn -0.97775000 0.09394500 0.18756000
vn -0.99749400 0.05751100 0.04119900
vn -0.31545300 0.09366600 0.94430700
vn -0.31533600 0.09368400 0.94434400
vn -0.18387700 -0.04010100 0.98213100
vn -0.06822200 -0.17835000 0.98159900
vn -0.25683300 -0.05178300 0.96506700
vn -0.29552700 -0.06485600 0.95313000
vn -0.42843600 -0.00329600 0.90356600
vn -0.51366300 0.03373800 0.85732900
vn -0.50110200 0.07996700 0.86168500
vn -0.56061500 0.17217400 0.80997900
vn -0.12071800 0.16226300 0.97933500
vn -0.75071800 0.11130400 0.65117800
vn -0.79028100 0.07923900 0.60760000
vn -0.88935500 0.30917900 0.33683200
vn -0.71308300 0.25121800 0.65452500
vn -0.81455300 0.33354500 0.47460700
vn -0.76997100 0.32569300 0.54869800
vn -0.72608100 0.30354900 0.61698000
vn -0.68440700 0.28083500 0.67284400
vn -0.66233100 0.26527200 0.70067700
vn -0.92706900 0.35712300 0.11404500
vn -0.90826700 0.36155700 0.21054000
vn -0.86641500 0.35928100 0.34676000
vn -0.93679400 0.34821000 0.03415400
vn -0.20246900 0.07031400 0.97676100
vn -0.60503500 0.22779500 0.76291600
vn -0.55986600 0.19408100 0.80553200
vn -0.19948100 -0.06683200 0.97762000
vn -0.57363800 0.12184400 0.80999600
vn -0.59163500 0.05755900 0.80414900
vn -0.59385400 0.02705700 0.80411800
vn -0.59133000 -0.02886700 0.80591300
vn -0.59703100 -0.05718200 0.80017700
vn -0.58385800 -0.12200500 0.80263600
vn -0.57255600 -0.13380100 0.80887400
vn -0.57597500 -0.19235500 0.79451400
vn -0.55658500 -0.19109700 0.80851400
vn -0.58058200 -0.22140300 0.78352100
vn -0.59869000 -0.23004200 0.76723600
vn -0.57919800 0.21837600 0.78539300
vn -0.57177300 0.18000200 0.80042200
vn -0.57810600 0.12444600 0.80641600
vn -0.20746500 -0.03892200 0.97746800
vn -0.21085500 -0.00982900 0.97746800
vn -0.21018700 0.01950600 0.97746600
vn -0.20546000 0.04841400 0.97746700
vn -0.92079000 -0.34478000 0.18240700
vn -0.93432600 -0.34364600 0.09456700
vn -0.94115800 -0.33708000 0.02448300
vn -0.67171100 -0.27032300 0.68973200
vn -0.69822700 -0.28431300 0.65699700
vn -0.70675800 -0.23839700 0.66607800
vn -0.74336200 -0.30476500 0.59542500
vn -0.78917300 -0.31570900 0.52681500
vn -0.88490100 -0.29102300 0.36366900
vn -0.85920100 -0.33851400 0.38364200
vn -0.88321900 -0.34550600 0.31709500
vn -0.18885900 -0.06822900 0.97963100
vn -0.37144600 -0.11981900 0.92069000
vn -0.23084200 -0.01901300 0.97280500
vn -0.36855400 -0.01626500 0.92946400
vn -0.79264500 -0.14174500 0.59297800
vn -0.70165800 -0.08572500 0.70733800
vn -0.67613400 -0.15723100 0.71980600
vn -0.63775000 -0.05334700 0.76839400
vn -0.52972300 -0.05888600 0.84612400
vn -0.94204500 -0.13960100 0.30506100
vn -0.88248000 -0.11792300 0.45532700
vn -0.80057700 -0.18343400 0.57046400
vn -0.85685000 -0.11065800 0.50355000
vn -0.95255100 -0.23362900 0.19509800
vn -0.96852000 -0.09810600 0.22879000
vn -0.99602300 -0.03339300 0.08259700
vn -0.81053100 -0.04654700 0.58384300
vn -0.81053100 -0.04654700 0.58384300
vn -0.81053100 -0.04654600 0.58384300
vn -0.40051300 0.00950600 0.91624200
vn 0.01821200 -0.23826100 -0.97103000
vn 0.03040200 -0.24902000 -0.96802100
vn 0.00002100 -0.50905100 -0.86073600
vn 0.07785100 -0.43554700 -0.89679300
vn -0.09580400 -0.68582000 -0.72143800
vn 0.07304700 -0.68480300 -0.72505800
vn -0.08780200 -0.82510900 -0.55810900
vn 0.12182100 -0.81473300 -0.56689400
vn -0.09326500 -0.93768600 -0.33473500
vn 0.12871400 -0.94810900 -0.29072500
vn -0.87890600 0.29255000 -0.37674800
vn -0.87895200 0.29257800 -0.37661700
vn -0.94436500 0.17349500 -0.27941800
vn -0.79941800 0.28772500 -0.52739500
vn -0.79849000 0.27250800 -0.53680000
vn -0.75004500 0.17644600 -0.63741600
vn -0.74997700 0.17636300 -0.63751900
vn -0.52624400 0.17282800 -0.83258500
vn -0.53054700 0.16609000 -0.83122400
vn -0.36309800 0.11924100 -0.92409000
vn -0.33947100 0.10242300 -0.93502400
vn 0.26716100 -0.00451000 -0.96364100
vn 0.34716100 -0.00367500 -0.93779800
vn 0.43473300 0.09704800 -0.89531500
vn 0.19646000 -0.00303400 -0.98050700
vn 0.18128600 -0.03370900 -0.98285200
vn -0.03190800 0.00386100 -0.99948300
vn 0.13757200 -0.01155100 -0.99042400
vn 0.55437600 -0.01936400 -0.83204100
vn 0.70361600 0.12964500 -0.69865400
vn 0.50729800 -0.02553300 -0.86139200
vn 0.80709100 -0.10337900 -0.58130600
vn 0.84541200 0.12690200 -0.51882100
vn 0.76380600 -0.14068600 -0.62992700
vn 0.97548400 -0.10240800 -0.19479000
vn 0.97674400 0.12790600 -0.17207900
vn -0.18769500 0.03652800 -0.98154800
vn -0.20916200 0.02906000 -0.97744900
vn -0.39475100 0.03467200 -0.91813400
vn -0.24861500 0.03875800 -0.96782700
vn -0.28603500 0.01488600 -0.95810400
vn -0.22923300 0.10014200 -0.96820700
vn -0.20104100 0.01121300 -0.97951900
vn -0.20103800 0.01124800 -0.97951900
vn -0.19926500 0.08947900 -0.97585200
vn -0.19926000 0.08934100 -0.97586600
vn -0.54785600 0.09330800 -0.83135300
vn -0.76286300 0.09972800 -0.63882300
vn -0.69510000 0.16665300 -0.69933000
vn -0.59855900 0.17760900 -0.78114100
vn -0.42533100 0.15325000 -0.89196800
vn -0.30689600 0.16684200 -0.93700500
vn -0.94486500 0.12013300 -0.30462800
vn -0.95055000 0.20378400 -0.23436500
vn -0.88952500 0.17940800 -0.42018900
vn -0.82092700 0.19347100 -0.53726000
vn -0.95247600 0.24266200 -0.18413300
vn -0.53691800 0.14296400 -0.83143200
vn -0.68570700 0.17235600 -0.70717700
vn -0.81047300 0.18585400 -0.55551100
vn 0.18047700 0.06723100 -0.98127900
vn 0.34666600 0.07713000 -0.93481200
vn 0.52857300 0.17184000 -0.83131300
vn 0.53089000 0.16510200 -0.83120200
vn 0.52865200 0.16906100 -0.83183300
vn 0.52864000 0.16908100 -0.83183600
vn 0.50542200 0.10221000 -0.85679700
vn 0.81363400 0.18522600 -0.55108100
vn 0.79011400 0.25934100 -0.55539400
vn 0.87963700 0.29389100 -0.37398800
vn 0.85634000 0.20020200 -0.47602600
vn 0.96547200 0.19380900 -0.17407600
vn -0.05782300 -0.23305400 -0.97074300
vn 0.00904400 -0.29731300 -0.95473700
vn 0.08518700 -0.36084500 -0.92872700
vn -0.06220700 -0.46791700 -0.88158000
vn 0.02419100 -0.61587700 -0.78747100
vn 0.05513100 -0.67717600 -0.73375300
vn -0.10388700 -0.68621900 -0.71993800
vn 0.10990400 -0.81319500 -0.57152000
vn -0.09352700 -0.83673600 -0.53956000
vn 0.11505400 -0.94209300 -0.31499700
vn -0.10493900 -0.94790900 -0.30075900
vn 0.91322900 0.21741700 -0.34459000
vn 0.22680600 0.10891700 -0.96783100
vn 0.33732200 0.17371400 -0.92522300
vn 0.43233900 0.04197600 -0.90073400
vn 0.20112900 0.01167800 -0.97949500
vn 0.19926200 0.08934100 -0.97586500
vn 0.23639300 0.02042300 -0.97144300
vn 0.23640400 0.02040100 -0.97144100
vn 0.22049300 0.03272400 -0.97484000
vn 0.02758400 0.01564700 -0.99949700
vn 0.18756500 0.03989400 -0.98144200
vn 0.05223000 0.00794100 -0.99860400
vn 0.96187300 0.18482800 -0.20159200
vn 0.90528700 0.11576100 -0.40872300
vn 0.90960400 0.20605400 -0.36078100
vn 0.83718000 0.17681200 -0.51755800
vn 0.69468800 0.08205000 -0.71461700
vn 0.76178900 0.19611600 -0.61742700
vn 0.48707800 0.18165000 -0.85425900
vn 0.58438300 0.13653700 -0.79990900
vn 0.67936100 0.19938700 -0.70619600
vn 0.54157000 0.12419900 -0.83143000
vn 0.68690400 0.16764600 -0.70714700
vn -0.46733400 0.10533300 -0.87778400
vn -0.34693900 -0.00385100 -0.93788000
vn -0.26716200 -0.00451300 -0.96364100
vn -0.30382500 -0.07271600 -0.94994900
vn -0.14040300 -0.01630400 -0.98996000
vn -0.66421900 -0.07839100 -0.74341600
vn -0.78472100 0.12999100 -0.60606500
vn -0.90752000 -0.11877800 -0.40286400
vn -0.94908500 0.13028900 -0.28681300
vn 0.09594800 0.03386500 -0.99481000
vn 0.09331800 0.06042800 -0.99380100
vn 0.22435000 0.17619400 -0.95844800
vn 0.84134400 0.39303200 -0.37103300
vn 0.76983500 0.19833000 -0.60664600
vn 0.64120700 0.34825400 -0.68379300
vn 0.63536300 0.16961500 -0.75335500
vn 0.52818600 0.23560900 -0.81578600
vn 0.48660000 0.13438500 -0.86322700
vn 0.29529800 0.08451700 -0.95165900
vn 0.97480400 0.19173300 -0.11399900
vn 0.94295200 0.21721600 -0.25230900
vn 0.87992100 0.19200600 -0.43459500
vn -0.41797100 -0.90454100 -0.08429900
vn -0.25181800 -0.94851600 -0.19210800
vn -0.25912500 -0.87582900 -0.40715800
vn -0.20312800 -0.91415400 -0.35080200
vn -0.21044500 -0.76700100 -0.60615400
vn -0.19281800 -0.64737900 -0.73737400
vn -0.15926700 -0.70816400 -0.68785000
vn -0.03286100 -0.09242300 -0.99517700
vn -0.14545100 -0.53195600 -0.83418600
vn -0.12217600 -0.37104000 -0.92054400
vn -0.09657000 -0.44143800 -0.89208000
vn -0.06407100 -0.21506300 -0.97449600
vn -0.27419800 -0.95906600 -0.07077400
vn -0.33988100 -0.63370900 -0.69490600
vn -0.38405100 -0.72733200 -0.56876500
vn -0.38243900 -0.72810000 -0.56886800
vn -0.38241500 -0.72807300 -0.56891900
vn -0.46651700 -0.84630700 -0.25715100
vn -0.40531100 -0.82447800 -0.39491500
vn -0.43612900 -0.87395000 -0.21448400
vn -0.16855200 -0.30473900 -0.93740300
vn -0.19243800 -0.35339500 -0.91546700
vn -0.07906400 -0.11189400 -0.99057000
vn -0.07130200 -0.15423200 -0.98545900
vn -0.04682200 -0.18940100 -0.98078300
vn -0.25512500 -0.48524900 -0.83632800
vn -0.25272800 -0.49478500 -0.83145400
vn -0.20511200 -0.51641100 -0.83141400
vn -0.18320200 -0.52458500 -0.83141300
vn -0.36193500 -0.68893900 -0.62798600
vn -0.33930000 -0.75964500 -0.55481100
vn -0.29060100 -0.77903300 -0.55557000
vn -0.32185700 -0.86832100 -0.37739600
vn 0.08386300 0.94290700 -0.32232600
vn -0.12746500 0.93079900 -0.34258600
vn 0.07534100 0.82548200 -0.55937800
vn -0.12061000 0.78338300 -0.60972500
vn 0.08656400 0.66304400 -0.74355800
vn -0.07109800 0.62722300 -0.77558800
vn 0.05201000 0.43028400 -0.90119400
vn -0.07674400 0.37526600 -0.92373500
vn 0.05501400 0.18713800 -0.98079200
vn -0.02517000 0.15973600 -0.98683900
vn -0.12185800 -0.00355200 -0.99254100
vn -0.11954700 -0.00892600 -0.99278800
vn -0.38943600 0.00845600 -0.92101500
vn -0.25876000 -0.01795300 -0.96577500
vn -0.42012500 -0.05105700 -0.90602900
vn -0.56889000 -0.05438300 -0.82061400
vn -0.67115800 0.06357900 -0.73858300
vn -0.68980600 -0.08971600 -0.71841400
vn -0.80986300 -0.09023600 -0.57963800
vn -0.79682100 0.10898900 -0.59430400
vn -0.92675200 -0.13245700 -0.35154800
vn -0.97102700 0.10445600 -0.21493100
vn -0.97975600 -0.11716600 -0.16233000
vn -0.98777200 -0.14535200 -0.05637700
vn 0.28002800 0.07477700 -0.95707500
vn 0.11335300 -0.02044300 -0.99334400
vn 0.13448900 0.01694000 -0.99077000
vn 0.71489300 0.10945700 -0.69061400
vn 0.71489700 0.10936400 -0.69062400
vn 0.57009800 -0.06303800 -0.81915400
vn 0.56594400 0.04806800 -0.82304100
vn 0.40969900 -0.05052000 -0.91082100
vn 0.22256100 -0.03029900 -0.97444800
vn 0.94124100 0.09531000 -0.32400900
vn 0.79026600 -0.09588500 -0.60521500
vn 0.67038600 -0.09535400 -0.73586000
vn 0.98684500 -0.14548300 -0.07051300
vn 0.97414600 -0.11999900 -0.19141300
vn 0.90359500 -0.13676900 -0.40596800
vn 0.42388700 -0.87010700 -0.25146400
vn 0.37706200 -0.81425100 -0.44138400
vn 0.44396400 -0.82428800 -0.35134700
vn 0.34915000 -0.71168900 -0.60958400
vn 0.27225200 -0.59458200 -0.75653900
vn 0.34202700 -0.64372300 -0.68457200
vn 0.06609700 -0.11558500 -0.99109600
vn 0.13873800 -0.55936600 -0.81722800
vn 0.18896200 -0.66745700 -0.72027400
vn 0.14765900 -0.66978200 -0.72772900
vn 0.27409700 -0.96003300 -0.05663900
vn 0.20717800 -0.79162900 -0.57480500
vn 0.25556100 -0.90005600 -0.35296900
vn 0.19065800 -0.82140600 -0.53753300
vn 0.19059800 -0.82141700 -0.53753700
vn 0.21040300 -0.95745600 -0.19750400
vn 0.24905600 -0.95467800 -0.16297600
vn 0.00187200 -0.09676100 -0.99530600
vn 0.05332900 -0.30659100 -0.95034600
vn 0.05633000 -0.25292700 -0.96584400
vn 0.11553500 -0.40521500 -0.90689100
vn 0.41277100 -0.90346500 -0.11563600
vn 0.21080300 -0.45850000 -0.86333000
vn 0.13280200 -0.28484800 -0.94932900
vn 0.19870500 -0.38034500 -0.90324600
vn 0.07015400 -0.17986100 -0.98118700
vn 0.18321200 -0.52458200 -0.83141300
vn 0.21730900 -0.59515600 -0.77367000
vn 0.29061100 -0.77903000 -0.55557000
vn 0.32546600 -0.86697500 -0.37739400
vn 0.06451000 0.71351000 -0.69766800
vn 0.00737800 0.81241300 -0.58303600
vn 0.14313400 0.76306700 -0.63027100
vn 0.10033200 0.97248900 -0.21023600
vn -0.14427600 0.93333400 -0.32874300
vn 0.01628200 0.43000200 -0.90268100
vn 0.01625600 0.43002400 -0.90267100
vn -0.04133200 0.54499900 -0.83741700
vn -0.12908300 0.70591600 -0.69643400
vn -0.00276100 0.12706700 -0.99189000
vn -0.02231900 0.14285300 -0.98949200
vn -0.01432100 0.27771900 -0.96055600
vn -0.11955000 0.28705100 -0.95042600
vn -0.07425500 0.02598000 -0.99690100
vn -0.10481300 0.03560800 -0.99385400
vn -0.31303100 0.12769400 -0.94111900
vn -0.34529900 0.12289500 -0.93041100
vn -0.49460400 0.29726000 -0.81670300
vn -0.53451400 0.16979400 -0.82792800
vn -0.67595600 0.20802300 -0.70697200
vn -0.79587100 0.21463900 -0.56614400
vn -0.77067000 0.31398100 -0.55451100
vn -0.69849000 0.29859600 -0.65034700
vn -0.89697900 0.21189100 -0.38798300
vn -0.88194300 0.40819400 -0.23570000
vn -0.95003100 0.22598700 -0.21534000
vn -0.97715700 0.19574500 -0.08274800
vn -0.09625600 -0.03409800 -0.99477200
vn -0.09335400 -0.06037200 -0.99380100
vn -0.22439100 -0.17617400 -0.95844200
vn -0.84132800 -0.39304100 -0.37106000
vn -0.76983600 -0.19831800 -0.60664800
vn -0.64121400 -0.34824900 -0.68378900
vn -0.63536300 -0.16961500 -0.75335500
vn -0.52818500 -0.23560600 -0.81578800
vn -0.48660000 -0.13438500 -0.86322700
vn -0.29538800 -0.08449300 -0.95163400
vn -0.97480300 -0.19173700 -0.11400300
vn -0.94295100 -0.21721400 -0.25231200
vn -0.87991900 -0.19200400 -0.43459900
vn 0.41798000 0.90453700 -0.08429700
vn 0.25181700 0.94851700 -0.19210200
vn 0.25912700 0.87583100 -0.40715300
vn 0.20312600 0.91415500 -0.35080100
vn 0.21044500 0.76700100 -0.60615400
vn 0.19281200 0.64738100 -0.73737500
vn 0.15926900 0.70816300 -0.68785100
vn 0.03249500 0.09277700 -0.99515700
vn 0.14545100 0.53195600 -0.83418600
vn 0.12217600 0.37104000 -0.92054400
vn 0.09657000 0.44143800 -0.89208000
vn 0.06388900 0.21518200 -0.97448200
vn 0.27419800 0.95906600 -0.07077400
vn 0.33987800 0.63370400 -0.69491200
vn 0.38402700 0.72732600 -0.56878700
vn 0.38241300 0.72807300 -0.56892000
vn 0.38243500 0.72806900 -0.56891000
vn 0.46651100 0.84629800 -0.25719300
vn 0.40528700 0.82447900 -0.39493800
vn 0.43610200 0.87396500 -0.21447500
vn 0.16858200 0.30467700 -0.93741800
vn 0.19249700 0.35338100 -0.91546000
vn 0.07860700 0.11367400 -0.99040400
vn 0.07105100 0.15656300 -0.98510900
vn 0.04682200 0.18940000 -0.98078300
vn 0.25515400 0.48527500 -0.83630400
vn 0.25272700 0.49478400 -0.83145600
vn 0.20511200 0.51641100 -0.83141400
vn 0.18320200 0.52458500 -0.83141300
vn 0.36193500 0.68893900 -0.62798600
vn 0.33930000 0.75964500 -0.55481100
vn 0.29059600 0.77903700 -0.55556800
vn 0.32185700 0.86832200 -0.37739300
vn -0.08269900 -0.97304000 -0.21530100
vn 0.18209600 -0.95919500 -0.21630000
vn 0.05152300 -0.80112700 -0.59627300
vn 0.05158500 -0.80110500 -0.59629700
vn -0.06175700 -0.80837000 -0.58542600
vn -0.06174300 -0.80837300 -0.58542400
vn 0.00339100 -0.72965100 -0.68381200
vn 0.07951200 -0.66389100 -0.74359000
vn -0.12988100 -0.55286000 -0.82309000
vn 0.07301300 -0.33918500 -0.93788200
vn -0.01870700 -0.39063300 -0.92035600
vn -0.09793000 -0.13816300 -0.98555600
vn 0.01740500 -0.13761400 -0.99033300
vn 0.12181200 0.00354800 -0.99254700
vn 0.11975100 0.00858700 -0.99276700
vn 0.38943600 -0.00845500 -0.92101500
vn 0.25877300 0.01793100 -0.96577200
vn 0.42013200 0.05102500 -0.90602700
vn 0.56888500 0.05438400 -0.82061700
vn 0.67116400 -0.06357800 -0.73857700
vn 0.68980000 0.08973400 -0.71841800
vn 0.80986500 0.09023300 -0.57963500
vn 0.79682000 -0.10899100 -0.59430600
vn 0.92675200 0.13245700 -0.35154800
vn 0.97102900 -0.10445500 -0.21492500
vn 0.97977300 0.11713500 -0.16224800
vn 0.98777200 0.14535300 -0.05638100
vn 0.95266200 -0.09782300 -0.28786300
vn 0.90752000 0.11877900 -0.40286400
vn 0.78773000 -0.09754200 -0.60824900
vn 0.66421900 0.07839200 -0.74341700
vn 0.47957800 -0.07324800 -0.87443700
vn 0.30580400 0.07265000 -0.94931900
vn 0.34694000 0.00325800 -0.93788200
vn 0.27183500 0.00397100 -0.96233600
vn 0.01895400 -0.01298500 -0.99973600
vn 0.14044800 0.01631200 -0.98995400
vn -0.05225800 -0.00794300 -0.99860200
vn -0.91322900 -0.21741700 -0.34459000
vn -0.25489800 -0.02866300 -0.96654300
vn -0.23477300 -0.01935700 -0.97185800
vn -0.38020200 -0.03958400 -0.92405600
vn -0.38005900 -0.03956600 -0.92411600
vn -0.38010900 -0.03956900 -0.92409500
vn -0.96187300 -0.18482800 -0.20159200
vn -0.90528800 -0.11575600 -0.40872200
vn -0.90960200 -0.20605700 -0.36078500
vn -0.83715600 -0.17681500 -0.51759600
vn -0.69468600 -0.08205100 -0.71461800
vn -0.76178900 -0.19611600 -0.61742700
vn -0.33731700 -0.17371700 -0.92522400
vn -0.48708200 -0.18164700 -0.85425700
vn -0.58437900 -0.13653800 -0.79991200
vn -0.67936100 -0.19938700 -0.70619600
vn -0.20132500 -0.01066000 -0.97946600
vn -0.19928400 -0.08938600 -0.97585600
vn -0.21214300 -0.05209100 -0.97584900
vn -0.24273000 -0.18342500 -0.95259500
vn -0.18756500 -0.03989400 -0.98144200
vn -0.18047600 -0.06723100 -0.98127900
vn -0.53089200 -0.16510300 -0.83120100
vn -0.54156700 -0.12419800 -0.83143200
vn -0.68687100 -0.16765900 -0.70717700
vn -0.52864300 -0.16908300 -0.83183400
vn -0.52865400 -0.16906200 -0.83183100
vn -0.79011100 -0.25934000 -0.55539900
vn -0.87963600 -0.29389300 -0.37398700
vn 0.05782300 0.23305400 -0.97074300
vn -0.00904400 0.29731300 -0.95473700
vn -0.08518900 0.36085500 -0.92872300
vn 0.06220700 0.46791700 -0.88158000
vn -0.02414900 0.61589400 -0.78745900
vn -0.05514700 0.67719600 -0.73373300
vn 0.10388600 0.68622100 -0.71993700
vn -0.10990200 0.81318700 -0.57153200
vn 0.09352500 0.83673600 -0.53956100
vn -0.11505400 0.94208500 -0.31502100
vn 0.10493900 0.94790900 -0.30075900
vn -0.34666600 -0.07713000 -0.93481200
vn -0.52857300 -0.17184000 -0.83131300
vn -0.50541400 -0.10221200 -0.85680200
vn -0.81364000 -0.18518200 -0.55108800
vn -0.85634000 -0.20019900 -0.47602800
vn -0.96547200 -0.19380900 -0.17407400
vn -0.98684500 0.14548700 -0.07050400
vn -0.97415400 0.12000300 -0.19136900
vn -0.92114700 -0.10343500 -0.37521900
vn -0.90361400 0.13675300 -0.40593200
vn -0.78589000 0.09444000 -0.61111200
vn -0.68134400 -0.06876800 -0.72872600
vn -0.38731800 0.06071500 -0.91994500
vn -0.33865000 -0.06387300 -0.93874200
vn -0.54262500 0.06294200 -0.83761300
vn -0.67060300 0.09458200 -0.73576200
vn -0.22255500 0.03027300 -0.97445000
vn -0.11345100 0.02046300 -0.99333300
vn -0.13453400 -0.01693100 -0.99076400
vn -0.13873800 0.55936600 -0.81722800
vn -0.18896200 0.66745700 -0.72027400
vn -0.14766300 0.66978000 -0.72773000
vn -0.27413600 0.96002300 -0.05661500
vn -0.42388300 0.87011100 -0.25145500
vn -0.37706500 0.81424800 -0.44138600
vn -0.44396400 0.82428900 -0.35134600
vn -0.34915300 0.71169300 -0.60957800
vn -0.27225600 0.59457400 -0.75654400
vn -0.34200600 0.64369300 -0.68461000
vn -0.06610700 0.11555400 -0.99109900
vn -0.41278500 0.90346100 -0.11561600
vn -0.20718000 0.79163000 -0.57480300
vn -0.25557200 0.90005400 -0.35296700
vn -0.19060700 0.82140700 -0.53755000
vn -0.21040200 0.95746700 -0.19745500
vn -0.24904800 0.95468700 -0.16293200
vn -0.00196600 0.09675800 -0.99530600
vn -0.05336100 0.30662400 -0.95033400
vn -0.05633100 0.25292800 -0.96584400
vn -0.11551000 0.40518100 -0.90691000
vn -0.21082600 0.45850100 -0.86332500
vn -0.13288600 0.28469900 -0.94936200
vn -0.19869800 0.38027600 -0.90327700
vn -0.07006100 0.17985700 -0.98119500
vn -0.18321100 0.52458200 -0.83141300
vn -0.24434600 0.66351000 -0.70714200
vn -0.32546700 0.86697600 -0.37739000
vn 0.00276100 -0.12706700 -0.99189000
vn 0.02227100 -0.14287100 -0.98949100
vn -0.01010900 -0.40013300 -0.91640100
vn -0.01013400 -0.40025200 -0.91634900
vn 0.17858200 -0.15206400 -0.97210300
vn 0.02768100 -0.47420500 -0.87997900
vn 0.04133500 -0.54499700 -0.83741800
vn -0.06405700 -0.67999300 -0.73041500
vn 0.12908400 -0.70591400 -0.69643600
vn -0.00737700 -0.81241300 -0.58303600
vn -0.14313400 -0.76306700 -0.63027100
vn -0.10033200 -0.97248900 -0.21023600
vn 0.14435300 -0.93334400 -0.32868000
vn 0.14430700 -0.93331500 -0.32878500
vn 0.14421700 -0.93335900 -0.32869800
vn 0.07427300 -0.02599800 -0.99689900
vn 0.10518700 -0.03594700 -0.99380300
vn 0.31307200 -0.12771700 -0.94110300
vn 0.34534600 -0.12288300 -0.93039600
vn 0.49460400 -0.29726000 -0.81670300
vn 0.53451400 -0.16979400 -0.82792800
vn 0.67593800 -0.20806500 -0.70697800
vn 0.79588800 -0.21466000 -0.56611300
vn 0.77067100 -0.31398500 -0.55450900
vn 0.69848900 -0.29859600 -0.65034900
vn 0.89698300 -0.21191500 -0.38796000
vn 0.88194100 -0.40819400 -0.23570500
vn 0.95001700 -0.22601000 -0.21537600
vn 0.97715700 -0.19574400 -0.08275200
vn 0.87895200 -0.29257800 -0.37661700
vn 0.87890600 -0.29255000 -0.37674800
vn 0.94436400 -0.17349400 -0.27942000
vn 0.79941800 -0.28772500 -0.52739500
vn 0.67904700 -0.22406500 -0.69906300
vn 0.75004500 -0.17644600 -0.63741600
vn 0.74997200 -0.17637200 -0.63752300
vn 0.52624400 -0.17282800 -0.83258500
vn 0.36309800 -0.11924100 -0.92409000
vn 0.33947100 -0.10242300 -0.93502400
vn -0.01821200 0.23826100 -0.97103000
vn -0.03040200 0.24902000 -0.96802100
vn -0.00002100 0.50905100 -0.86073600
vn -0.07785100 0.43554700 -0.89679300
vn 0.09580400 0.68582000 -0.72143800
vn -0.07304200 0.68480000 -0.72506200
vn 0.08780100 0.82511300 -0.55810300
vn -0.12182100 0.81473300 -0.56689400
vn 0.09326500 0.93768600 -0.33473500
vn -0.12870600 0.94811000 -0.29072600
vn 0.08724600 -0.01699900 -0.99604200
vn 0.02397000 -0.00557600 -0.99969700
vn 0.35440300 -0.07948200 -0.93170900
vn 0.03195100 -0.00353000 -0.99948300
vn 0.18826200 -0.05136000 -0.98077500
vn 0.22917500 -0.09902900 -0.96833500
vn 0.20112600 -0.01065700 -0.97950700
vn 0.20112900 -0.01064300 -0.97950700
vn 0.19928600 -0.08948000 -0.97584700
vn 0.19927800 -0.08938600 -0.97585800
vn 0.49449800 -0.06293700 -0.86689700
vn 0.76286300 -0.09972800 -0.63882300
vn 0.69506200 -0.16666000 -0.69936600
vn 0.59857900 -0.17756900 -0.78113500
vn 0.42827500 -0.15236200 -0.89071100
vn 0.30695500 -0.16573700 -0.93718200
vn 0.94486500 -0.12013300 -0.30462800
vn 0.95055000 -0.20378700 -0.23436100
vn 0.88952400 -0.17941600 -0.42018800
vn 0.82092600 -0.19346400 -0.53726300
vn 0.95249000 -0.24263900 -0.18409200
vn 0.68570700 -0.17235600 -0.70717700
vn 0.81047000 -0.18585400 -0.55551400
vn -0.34694000 0.00325800 -0.93788200
vn -0.44487800 -0.06372000 -0.89332100
vn -0.33838400 0.00927300 -0.94096300
vn -0.18128600 0.03370900 -0.98285200
vn -0.70637400 -0.09700800 -0.70116000
vn -0.50724600 0.02566100 -0.86141900
vn -0.80709400 0.10338200 -0.58130200
vn -0.84858200 -0.09478600 -0.52050400
vn -0.76381000 0.14068600 -0.62992200
vn -0.97548400 0.10240800 -0.19479100
vn -0.98031300 -0.09568500 -0.17271500
vn 0.85194600 0.52362900 0.00000000
vn 0.71710300 0.68549400 -0.12594300
vn 0.57437100 0.81859500 0.00000000
vn 0.57436700 0.81859800 0.00000000
vn 0.56572300 0.80628200 -0.17282100
vn 0.20248000 0.97928600 0.00000000
vn 0.20182900 0.97593600 -0.08255300
vn 0.20351000 0.92459500 -0.32203500
vn 0.28293000 0.59717700 -0.75055400
vn 0.04665900 0.16587000 -0.98504300
vn 0.09419100 0.14459200 -0.98499800
vn 0.15825600 0.22490300 -0.96144300
vn 0.45466400 0.42802700 -0.78107200
vn 0.41933100 0.21087200 -0.88300300
vn 0.07670500 0.29140500 -0.95352000
vn 0.27694700 0.65422800 -0.70376600
vn 0.57882200 0.62966700 -0.51815400
vn 0.55505200 0.79102300 -0.25729200
vn 0.99530900 0.09462500 -0.02015300
vn 0.99551300 0.09462500 0.00000000
vn 0.91505900 -0.39881100 -0.06014700
vn 0.91711900 -0.39861400 0.00000000
vn 0.91665900 -0.39847000 -0.03094500
vn 0.91711900 -0.39861300 0.00000000
vn 0.60844000 -0.79059700 -0.06896900
vn 0.60983400 -0.79252900 0.00000000
vn 0.60939700 -0.79211800 -0.03441700
vn 0.60983600 -0.79252700 0.00000000
vn 0.15120900 -0.98667300 -0.06010300
vn 0.15053300 -0.98860500 0.00000000
vn 0.15043000 -0.98819400 -0.02903500
vn 0.15053600 -0.98860500 0.00000000
vn -0.34478000 -0.93804200 -0.03469200
vn -0.34648000 -0.93805700 0.00000000
vn 0.01377700 -0.04751500 -0.99877600
vn 0.14293300 -0.96920600 -0.20052100
vn -0.34406600 -0.92783400 -0.14402600
vn -0.34408500 -0.88232700 -0.32110000
vn -0.14909100 -0.77201300 -0.61787300
vn -0.14947000 -0.62046800 -0.76985600
vn -0.12562800 -0.49069000 -0.86223000
vn -0.09760900 -0.36098500 -0.92744900
vn -0.03763500 -0.18569800 -0.98188600
vn 0.59395700 -0.77110900 -0.22936000
vn 0.13839500 -0.96853300 -0.20685800
vn 0.10537900 -0.90960700 -0.40188400
vn 0.10038600 -0.87093800 -0.48103000
vn 0.04062200 -0.77131300 -0.63515800
vn 0.13639700 -0.49252900 -0.85954100
vn 0.08869800 -0.36452100 -0.92696100
vn 0.05159900 -0.26884700 -0.96180000
vn 0.01640400 -0.17258700 -0.98485800
vn 0.11438800 -0.06898900 -0.99103800
vn 0.23227300 -0.11788700 -0.96548000
vn 0.32207500 -0.17588300 -0.93023300
vn 0.43112000 -0.26241400 -0.86329300
vn 0.39566300 -0.50584600 -0.76653100
vn 0.57230100 -0.39228700 -0.72012600
vn 0.51299400 -0.66290800 -0.54533500
vn 0.54497200 -0.70673000 -0.45115200
vn 0.59370800 -0.77118400 -0.22975300
vn 0.90081600 -0.38498100 -0.20079900
vn 0.27875000 0.05310000 -0.95889500
vn 0.44642600 0.06477900 -0.89247300
vn 0.56185900 0.04352500 -0.82608700
vn 0.60044100 -0.13141100 -0.78879700
vn 0.74316500 -0.23666400 -0.62585600
vn 0.81596200 -0.31040900 -0.48770000
vn 0.85633200 -0.33657400 -0.39168000
vn 0.90276100 -0.38361300 -0.19458700
vn 0.77804900 0.17070900 -0.60456400
vn 0.88759400 0.14614400 -0.43682800
vn 0.95927000 0.11852100 -0.25642500
vn 0.98955200 0.09914300 -0.10467800
vn -0.34454500 -0.93869100 -0.01212700
vn -0.34448700 -0.93879100 0.00000000
vn -0.74396600 -0.66771300 -0.02596000
vn -0.74422400 -0.66793000 0.00000000
vn -0.74417400 -0.66785800 -0.01305600
vn -0.74422600 -0.66792800 0.00000000
vn -0.97009400 -0.24166800 -0.02269300
vn -0.97042200 -0.24141600 0.00000000
vn -0.05038400 -0.07348200 -0.99602300
vn -0.04845200 -0.04037400 -0.99800900
vn -0.74207800 -0.66591200 -0.07669600
vn -0.96731400 -0.24098800 -0.07891900
vn -0.94731400 -0.23934600 -0.21286100
vn -0.77768900 -0.41037300 -0.47622800
vn -0.64701000 -0.33521000 -0.68484500
vn -0.54428500 -0.27484400 -0.79260000
vn -0.42960300 -0.21214600 -0.87774400
vn -0.29483800 -0.15124900 -0.94350100
vn -0.15925900 -0.07723700 -0.98421100
vn -0.12140100 -0.20232700 -0.97176400
vn -0.21217400 -0.32240700 -0.92251600
vn -0.28582600 -0.44961900 -0.84625500
vn -0.35411400 -0.53764000 -0.76521000
vn -0.49129100 -0.56268800 -0.66484200
vn -0.68514300 -0.61347900 -0.39271200
vn -0.72330300 -0.64829100 -0.23780600
vn -0.73266400 -0.65740400 -0.17613300
vn -0.74204200 -0.66598800 -0.07638300
vn -0.30139600 -0.79956000 -0.51948500
vn -0.31520400 -0.87864500 -0.35864900
vn -0.33685300 -0.92783000 -0.16019400
vn -0.34382500 -0.93722000 -0.05833600
vn -0.25879800 0.96593200 0.00000000
vn -0.27011000 0.95088800 -0.15117100
vn -0.70711000 0.70710300 0.00000000
vn -0.70447900 0.70447800 -0.08613500
vn -0.70711000 0.70710300 0.00000000
vn -0.69654500 0.69653800 -0.17222100
vn -0.96591700 0.25885300 0.00000000
vn -0.96288600 0.25800400 -0.07926800
vn -0.49385700 0.05973700 -0.86748900
vn -0.17257300 0.13037500 -0.97633000
vn -0.12604800 0.17113200 -0.97715200
vn -0.07332500 0.37413300 -0.92447200
vn -0.19220100 0.25846300 -0.94670800
vn -0.14722900 0.17832800 -0.97289400
vn -0.26406600 0.45664600 -0.84955500
vn -0.73482700 0.21117800 -0.64454100
vn -0.74824200 0.12222400 -0.65207000
vn -0.50413500 0.50409900 -0.70123600
vn -0.50411100 0.50411100 -0.70124500
vn -0.36803800 0.72389100 -0.58355000
vn -0.68346400 0.68346000 -0.25643500
vn -0.68346200 0.68346200 -0.25643400
vn -0.93431500 0.27706800 -0.22425200
vn 0.34154600 0.93984800 -0.00569300
vn 0.46351800 0.87988600 -0.10465100
vn 0.67520500 0.73753400 0.01188800
vn 0.72423900 0.67749600 -0.12835900
vn 0.81261000 0.58225100 0.02548900
vn 0.91849000 0.37552500 -0.12392200
vn 0.97854500 0.19462400 -0.06760900
vn 0.05974700 0.49384700 -0.86749400
vn 0.05974700 0.49384700 -0.86749400
vn 0.13034800 0.17255500 -0.97633700
vn 0.14219000 0.14180200 -0.97963000
vn 0.37409700 0.07335200 -0.92448400
vn 0.25847600 0.19218400 -0.94670800
vn 0.17831600 0.14722800 -0.97289600
vn 0.19484900 0.26451200 -0.94449300
vn 0.71649200 0.29424000 -0.63250500
vn 0.71647700 0.29428600 -0.63250000
vn 0.55621100 0.11965900 -0.82238100
vn 0.49385800 0.05973300 -0.86748900
vn 0.46545300 0.84745400 -0.25529500
vn 0.21117400 0.73482500 -0.64454400
vn 0.12217800 0.74825700 -0.65206100
vn 0.50413000 0.50409000 -0.70124600
vn 0.50413700 0.50408200 -0.70124700
vn 0.50413000 0.50409000 -0.70124600
vn 0.50413000 0.50409000 -0.70124600
vn 0.50413700 0.50408200 -0.70124700
vn 0.67642900 0.67636500 -0.29150400
vn 0.85801500 0.44719600 -0.25263700
vn 0.50413700 0.50408200 -0.70124700
vn 0.74824200 0.12222400 -0.65207000
vn 0.34636400 -0.93788100 -0.02030600
vn 0.34646000 -0.93806500 0.00000000
vn -0.15138100 -0.98664500 -0.06012600
vn -0.15053300 -0.98860500 0.00000000
vn -0.15042100 -0.98813200 -0.03111000
vn -0.15053200 -0.98860500 0.00000000
vn -0.60845400 -0.79058600 -0.06898000
vn -0.60983400 -0.79252900 0.00000000
vn -0.60952900 -0.79201100 -0.03454900
vn -0.60983200 -0.79253100 0.00000000
vn -0.91511800 -0.39867600 -0.06013700
vn -0.91711900 -0.39861400 0.00000000
vn -0.91670900 -0.39848900 -0.02917400
vn -0.91711800 -0.39861500 0.00000000
vn -0.99504400 0.09315100 -0.03477900
vn -0.99551300 0.09462500 0.00000000
vn -0.04495600 -0.01983000 -0.99879200
vn -0.90060500 -0.38549900 -0.20075400
vn -0.98488000 0.09601800 -0.14419700
vn -0.94049300 0.11133000 -0.32105900
vn -0.78504200 -0.04107700 -0.61807900
vn -0.63822200 0.00745100 -0.76981600
vn -0.50626600 0.02434700 -0.86203400
vn -0.37281200 0.03232700 -0.92734400
vn -0.18901800 0.01156800 -0.98190500
vn -0.59396000 -0.77111300 -0.22933800
vn -0.90108500 -0.38162300 -0.20593600
vn -0.85307100 -0.33325800 -0.40150900
vn -0.81765200 -0.31510200 -0.48182500
vn -0.73709100 -0.23069600 -0.63519800
vn -0.44804200 -0.24575700 -0.85957100
vn -0.33832400 -0.16246500 -0.92689900
vn -0.25449300 -0.10063900 -0.96182400
vn -0.16772500 -0.04262500 -0.98491200
vn -0.05091300 -0.12379000 -0.99100100
vn -0.07276500 -0.25064000 -0.96534200
vn -0.10528200 -0.35182200 -0.93012700
vn -0.15661500 -0.48034800 -0.86298200
vn -0.39512400 -0.50516900 -0.76725600
vn -0.24051100 -0.65132600 -0.71967300
vn -0.51282800 -0.66269300 -0.54575200
vn -0.54520300 -0.70702900 -0.45040300
vn -0.59384100 -0.77131700 -0.22895900
vn -0.14227300 -0.96926300 -0.20071700
vn 0.09624100 -0.26791700 -0.95862300
vn 0.14902400 -0.42715000 -0.89181500
vn 0.16185000 -0.54049000 -0.82563600
vn 0.10914800 -0.62340100 -0.77424700
vn -0.04546300 -0.77974100 -0.62445000
vn -0.09550400 -0.86763700 -0.48793900
vn -0.10814100 -0.91423900 -0.39047700
vn -0.14016300 -0.97104400 -0.19346100
vn 0.32355000 -0.76585500 -0.55568100
vn 0.36167900 -0.82409300 -0.43595800
vn 0.35792700 -0.89775300 -0.25676400
vn 0.34903200 -0.93120400 -0.10505200
vn -0.20248000 0.97928600 0.00000000
vn -0.30377200 0.93409200 -0.18760100
vn -0.57436500 0.81859900 0.00000000
vn -0.57436700 0.81859800 0.00000000
vn -0.57436500 0.81859900 0.00000000
vn -0.57436500 0.81859900 0.00000000
vn -0.57436700 0.81859800 0.00000000
vn -0.56573500 0.80629600 -0.17271400
vn -0.56570400 0.80628600 -0.17286200
vn -0.85194700 0.52362900 0.00000000
vn -0.84902000 0.52187100 -0.08255400
vn -0.70424800 0.39101500 -0.59257300
vn -0.45836500 0.45904800 -0.76103600
vn -0.14014800 0.10028700 -0.98503900
vn -0.10382800 0.13776600 -0.98500800
vn -0.03032700 0.21701900 -0.97569600
vn 0.10052200 0.41753300 -0.90308500
vn -0.07644900 0.28984300 -0.95401600
vn -0.24776700 0.57319500 -0.78106300
vn -0.24789400 0.17129800 -0.95352300
vn -0.25619500 0.61826800 -0.74304000
vn -0.41548800 0.55054300 -0.72406600
vn -0.39516600 0.75851300 -0.51817200
vn -0.55501200 0.79105600 -0.25727800
vn -0.81534100 0.52768000 -0.23826800
vn -0.97035200 0.24139300 -0.01209000
vn -0.97042200 0.24141700 0.00000000
vn -0.74396800 0.66771300 -0.02590100
vn -0.74422500 0.66792900 0.00000000
vn -0.74413900 0.66789800 -0.01298000
vn -0.74422600 0.66792700 0.00000000
vn -0.34476400 0.93841400 -0.02272100
vn -0.34448800 0.93879100 0.00000000
vn -0.08035600 0.03868600 -0.99601500
vn -0.04781000 0.04153900 -0.99799200
vn -0.74209100 0.66592600 -0.07643800
vn -0.34392400 0.93567000 -0.07898400
vn -0.34116000 0.91556700 -0.21294900
vn -0.49629400 0.72592400 -0.47615800
vn -0.41037700 0.60218900 -0.68480600
vn -0.34079600 0.50566500 -0.79256600
vn -0.26670000 0.39807200 -0.87773000
vn -0.19139300 0.27046400 -0.94351400
vn -0.09992800 0.14608700 -0.98421200
vn -0.21745100 0.09121200 -0.97180000
vn -0.34810700 0.16641000 -0.92256700
vn -0.48197100 0.22668100 -0.84635600
vn -0.57679300 0.28579700 -0.76526500
vn -0.61590300 0.42255600 -0.66491400
vn -0.68498100 0.61332600 -0.39323300
vn -0.72334700 0.64833000 -0.23756500
vn -0.73261500 0.65736000 -0.17650500
vn -0.74202000 0.66596900 -0.07675400
vn -0.82868100 0.20740400 -0.51987600
vn -0.90810600 0.21664600 -0.35834000
vn -0.95882900 0.23473400 -0.15983200
vn -0.96882000 0.24083700 -0.05819100
vn -0.34636400 0.93788000 -0.02030600
vn -0.34646000 0.93806500 0.00000000
vn 0.15138100 0.98664500 -0.06012600
vn 0.15053300 0.98860500 0.00000000
vn 0.15042100 0.98813400 -0.03106300
vn 0.15053200 0.98860500 0.00000000
vn 0.60845400 0.79058600 -0.06898000
vn 0.60983400 0.79252900 0.00000000
vn 0.60952700 0.79201000 -0.03459600
vn 0.60983200 0.79253100 0.00000000
vn 0.91511800 0.39867600 -0.06013700
vn 0.91711900 0.39861400 0.00000000
vn 0.91670800 0.39849100 -0.02917400
vn 0.91711800 0.39861500 0.00000000
vn 0.99504400 -0.09315300 -0.03477900
vn 0.99551300 -0.09462500 0.00000000
vn 0.04522200 0.01955400 -0.99878600
vn 0.90060900 0.38551100 -0.20071000
vn 0.98488000 -0.09601500 -0.14419700
vn 0.94049000 -0.11133000 -0.32106700
vn 0.78503800 0.04107900 -0.61808400
vn 0.63820200 -0.00745800 -0.76983300
vn 0.50626800 -0.02435100 -0.86203200
vn 0.37281700 -0.03232100 -0.92734200
vn 0.18919800 -0.01172000 -0.98186900
vn 0.59397500 0.77112800 -0.22925000
vn 0.90108500 0.38162300 -0.20593600
vn 0.85307100 0.33325800 -0.40150900
vn 0.81765200 0.31509600 -0.48183000
vn 0.73710700 0.23071200 -0.63517300
vn 0.44804600 0.24575300 -0.85957000
vn 0.33832600 0.16246600 -0.92689800
vn 0.25444500 0.10066300 -0.96183400
vn 0.16768500 0.04266100 -0.98491700
vn 0.05089500 0.12378700 -0.99100300
vn 0.07279400 0.25061700 -0.96534600
vn 0.10523700 0.35182300 -0.93013200
vn 0.15661500 0.48034800 -0.86298200
vn 0.39512800 0.50516600 -0.76725600
vn 0.24048100 0.65130900 -0.71969800
vn 0.51282800 0.66269300 -0.54575200
vn 0.54520300 0.70702900 -0.45040300
vn 0.59386000 0.77134200 -0.22882600
vn 0.14228000 0.96925300 -0.20076100
vn -0.09627400 0.26787800 -0.95863100
vn -0.14902200 0.42714000 -0.89182100
vn -0.16185200 0.54051200 -0.82562100
vn -0.10915100 0.62340300 -0.77424400
vn 0.04546500 0.77975100 -0.62443600
vn 0.09550000 0.86763400 -0.48794600
vn 0.10815100 0.91424800 -0.39045300
vn 0.14016300 0.97104400 -0.19346100
vn -0.32361300 0.76582400 -0.55568700
vn -0.36166900 0.82407900 -0.43599200
vn -0.35791100 0.89776600 -0.25674300
vn -0.34902900 0.93121100 -0.10500000
vn 0.20248000 -0.97928600 0.00000000
vn 0.20111900 -0.97273700 -0.11546900
vn 0.57436500 -0.81859900 0.00000000
vn 0.49504700 -0.85921000 -0.12917600
vn 0.57436600 -0.81859900 0.00000000
vn 0.56572000 -0.80628500 -0.17281500
vn 0.85194700 -0.52362900 0.00000000
vn 0.84902000 -0.52187100 -0.08255400
vn 0.70424800 -0.39101500 -0.59257300
vn 0.45836900 -0.45904900 -0.76103400
vn 0.14001900 -0.10033800 -0.98505200
vn 0.10388200 -0.13773800 -0.98500600
vn 0.03046300 -0.21690300 -0.97571800
vn -0.10052200 -0.41753300 -0.90308500
vn 0.07648700 -0.28981300 -0.95402200
vn 0.24778600 -0.57316000 -0.78108200
vn 0.24789400 -0.17129800 -0.95352300
vn 0.25589000 -0.61840900 -0.74302800
vn 0.41548800 -0.55054300 -0.72406600
vn 0.32966900 -0.64879600 -0.68584400
vn 0.45508300 -0.85222900 -0.25808000
vn 0.55501200 -0.79105600 -0.25727800
vn 0.81536100 -0.52764100 -0.23828800
vn -0.34148900 -0.93986800 -0.00570100
vn -0.46352600 -0.87988300 -0.10464000
vn -0.67520800 -0.73753100 0.01191700
vn -0.72426300 -0.67747000 -0.12836300
vn -0.81259100 -0.58227600 0.02551300
vn -0.91849000 -0.37552500 -0.12392200
vn -0.97854500 -0.19462400 -0.06760900
vn -0.85801200 -0.44719300 -0.25265200
vn -0.14219700 -0.14179300 -0.97963000
vn -0.37409700 -0.07335200 -0.92448400
vn -0.25847400 -0.19218600 -0.94670800
vn -0.17835900 -0.14721100 -0.97289100
vn -0.13038600 -0.17257600 -0.97632800
vn -0.05974700 -0.49384700 -0.86749400
vn -0.21117400 -0.73482900 -0.64454000
vn -0.12217800 -0.74825700 -0.65206100
vn -0.46545300 -0.84745400 -0.25529500
vn -0.67642900 -0.67636500 -0.29150400
vn -0.50412900 -0.50409300 -0.70124500
vn -0.62878600 -0.35864100 -0.68993100
vn -0.50413500 -0.50408500 -0.70124600
vn -0.57381000 -0.28021100 -0.76956100
vn -0.19484700 -0.26451300 -0.94449300
vn -0.85194600 -0.52362900 0.00000000
vn -0.71710600 -0.68549100 -0.12593900
vn -0.57437100 -0.81859500 0.00000000
vn -0.57436700 -0.81859800 0.00000000
vn -0.56571900 -0.80628700 -0.17281200
vn -0.20248000 -0.97928600 0.00000000
vn -0.20183200 -0.97593500 -0.08255300
vn -0.12803400 -0.79527900 -0.59256900
vn -0.27565800 -0.58721900 -0.76104300
vn -0.04671000 -0.16579300 -0.98505400
vn -0.09416800 -0.14455300 -0.98500600
vn -0.42684600 -0.04753900 -0.90307400
vn -0.24647000 -0.17055300 -0.95402500
vn -0.45466000 -0.42802600 -0.78107500
vn -0.41933100 -0.21087200 -0.88300300
vn -0.07670500 -0.29140500 -0.95352000
vn -0.49424500 -0.45124000 -0.74303700
vn -0.37632000 -0.57802800 -0.72406300
vn -0.57879000 -0.62968200 -0.51817300
vn -0.55500200 -0.79105800 -0.25729200
vn -0.21875000 -0.94624200 -0.23827400
vn -0.99530900 -0.09462300 -0.02015300
vn -0.99551300 -0.09462500 0.00000000
vn -0.91505700 0.39881900 -0.06010900
vn -0.91711900 0.39861400 0.00000000
vn -0.91666000 0.39846600 -0.03096700
vn -0.91711900 0.39861300 0.00000000
vn -0.60845400 0.79058800 -0.06895400
vn -0.60983400 0.79252900 0.00000000
vn -0.60939700 0.79211600 -0.03446400
vn -0.60983600 0.79252700 0.00000000
vn -0.15120900 0.98667300 -0.06010300
vn -0.15053300 0.98860500 0.00000000
vn -0.15043000 0.98819400 -0.02903500
vn -0.15053600 0.98860500 0.00000000
vn 0.34477900 0.93804400 -0.03464400
vn 0.34647100 0.93806100 0.00001000
vn -0.01439100 0.04694100 -0.99879400
vn -0.14292300 0.96918900 -0.20061100
vn 0.34405800 0.92784300 -0.14398500
vn 0.34408700 0.88232400 -0.32110500
vn 0.14909500 0.77201800 -0.61786700
vn 0.14946800 0.62046300 -0.76986000
vn 0.12562800 0.49069000 -0.86223000
vn 0.09760900 0.36098500 -0.92744900
vn 0.03750000 0.18556400 -0.98191600
vn -0.59397000 0.77112500 -0.22927300
vn -0.13839500 0.96853300 -0.20685800
vn -0.10538500 0.90960500 -0.40188500
vn -0.10038600 0.87093800 -0.48103000
vn -0.04061700 0.77131400 -0.63515700
vn -0.13639800 0.49252900 -0.85954100
vn -0.08869800 0.36452100 -0.92696100
vn -0.05159800 0.26884500 -0.96180000
vn -0.01635700 0.17261500 -0.98485400
vn -0.11455000 0.06884600 -0.99102900
vn -0.23227300 0.11788700 -0.96548000
vn -0.32202100 0.17595400 -0.93023800
vn -0.43112000 0.26241400 -0.86329300
vn -0.39566300 0.50584600 -0.76653100
vn -0.57229300 0.39225200 -0.72015200
vn -0.51301300 0.66292400 -0.54529800
vn -0.54497100 0.70674100 -0.45113600
vn -0.59373900 0.77120600 -0.22959700
vn -0.90081300 0.38498200 -0.20081000
vn -0.27877800 -0.05306500 -0.95888800
vn -0.44642800 -0.06478300 -0.89247200
vn -0.56185900 -0.04352500 -0.82608700
vn -0.60041600 0.13139900 -0.78881800
vn -0.74315100 0.23664900 -0.62587800
vn -0.81594700 0.31039300 -0.48773700
vn -0.85633200 0.33656700 -0.39168700
vn -0.90277800 0.38364000 -0.19445300
vn -0.77805300 -0.17070600 -0.60456000
vn -0.88759900 -0.14611300 -0.43682900
vn -0.95928000 -0.11850700 -0.25639600
vn -0.98955200 -0.09914000 -0.10467900
vn 0.34454500 0.93869100 -0.01212700
vn 0.34448700 0.93879100 0.00000000
vn 0.74396700 0.66771400 -0.02591300
vn 0.74422400 0.66793000 0.00000000
vn 0.74417400 0.66785800 -0.01305600
vn 0.74422600 0.66792800 0.00000000
vn 0.97009200 0.24167400 -0.02269300
vn 0.97042200 0.24141600 0.00000000
vn 0.04983200 0.07398500 -0.99601400
vn 0.04846800 0.04026100 -0.99801300
vn 0.74207800 0.66591200 -0.07669600
vn 0.96731200 0.24098200 -0.07896600
vn 0.94731500 0.23934400 -0.21286100
vn 0.77768600 0.41037600 -0.47623200
vn 0.64700400 0.33520600 -0.68485300
vn 0.54428800 0.27484600 -0.79259700
vn 0.42959800 0.21213900 -0.87774900
vn 0.29480800 0.15122400 -0.94351400
vn 0.15925900 0.07723700 -0.98421100
vn 0.12140100 0.20232700 -0.97176400
vn 0.21218400 0.32240300 -0.92251500
vn 0.28583000 0.44962200 -0.84625100
vn 0.35411300 0.53763600 -0.76521400
vn 0.49129300 0.56269000 -0.66483900
vn 0.68514100 0.61348000 -0.39271400
vn 0.72330400 0.64829300 -0.23779800
vn 0.73267300 0.65741100 -0.17607400
vn 0.74204500 0.66594700 -0.07671100
vn 0.30141900 0.79955700 -0.51947700
vn 0.31520000 0.87864400 -0.35865500
vn 0.33685200 0.92783400 -0.16017300
vn 0.34382500 0.93722000 -0.05833600
vn 0.25879800 -0.96593200 0.00000000
vn 0.27011300 -0.95088900 -0.15116200
vn 0.70711000 -0.70710300 0.00000000
vn 0.70447700 -0.70447700 -0.08616800
vn 0.70711000 -0.70710300 0.00000000
vn 0.69655200 -0.69653300 -0.17221300
vn 0.96591700 -0.25885300 0.00000000
vn 0.96288600 -0.25800500 -0.07926800
vn 0.68348700 -0.68344000 -0.25642800
vn 0.14179000 -0.14219600 -0.97963000
vn 0.07332500 -0.37413300 -0.92447200
vn 0.19220300 -0.25846500 -0.94670700
vn 0.14722500 -0.17831900 -0.97289600
vn 0.17254900 -0.13033500 -0.97634000
vn 0.49385700 -0.05973700 -0.86748900
vn 0.73482700 -0.21117800 -0.64454100
vn 0.74824200 -0.12222400 -0.65207000
vn 0.93432300 -0.27702500 -0.22427000
vn 0.68349200 -0.68343200 -0.25643600
vn 0.50413000 -0.50408700 -0.70124800
vn 0.35864100 -0.62878100 -0.68993500
vn 0.50413500 -0.50408700 -0.70124500
vn 0.28020400 -0.57380700 -0.76956600
vn 0.26453100 -0.19484000 -0.94449000
vn 0.29354600 -0.92517500 -0.24058500
vn -0.95747000 -0.28853200 0.00000000
vn -0.95369900 -0.28707100 -0.08971600
vn -0.69387800 -0.72009300 0.00000000
vn -0.69351500 -0.71969700 -0.03276200
vn -0.69387400 -0.72009600 0.00000000
vn -0.69255100 -0.71841000 -0.06526300
vn -0.25288300 -0.96749700 0.00000000
vn -0.25283200 -0.96743500 -0.01207100
vn -0.67740400 -0.71908000 -0.15507600
vn -0.31418200 -0.66017400 -0.68224600
vn -0.36999800 -0.69597400 -0.61540300
vn -0.32630600 -0.70391500 -0.63089500
vn -0.00043100 -0.99820400 -0.05989900
vn 0.15475300 -0.84259200 -0.51584000
vn 0.08865800 -0.91194000 -0.40063100
vn -0.04602400 -0.89141200 -0.45085200
vn -0.29696100 -0.90227100 -0.31260500
vn -0.43387400 -0.85931400 -0.27080100
vn -0.15982500 -0.96452800 -0.21009700
vn -0.15793600 -0.95813400 -0.23882000
vn -0.10982200 -0.45065200 -0.88591900
vn -0.10999800 -0.45064400 -0.88590100
vn -0.29594000 -0.47685900 -0.82766200
vn -0.44035900 -0.27112800 -0.85590500
vn -0.58514800 -0.28458300 -0.75935100
vn -0.24891900 -0.96724000 -0.04986100
vn -0.23633200 -0.96739100 -0.09111800
vn -0.21878300 -0.96704500 -0.13022200
vn -0.19336200 -0.96713300 -0.16512400
vn -0.16395400 -0.96669800 -0.19650300
vn -0.67769200 -0.71899100 -0.15422300
vn -0.64889000 -0.71928100 -0.24814600
vn -0.63518400 -0.71757600 -0.28570400
vn -0.60018100 -0.71699300 -0.35454800
vn -0.57839700 -0.71737400 -0.38837100
vn -0.53189000 -0.71721000 -0.45022500
vn -0.50635300 -0.71511900 -0.48188400
vn -0.45090700 -0.71421700 -0.53532900
vn -0.41897000 -0.71421300 -0.56068200
vn -0.35468100 -0.71398800 -0.60367400
vn -0.31980800 -0.71163900 -0.62553400
vn 0.24156800 -0.56743000 -0.78719000
vn 0.25561300 -0.50053800 -0.82711800
vn -0.61378700 -0.23898700 -0.75243000
vn -0.61378700 -0.23898700 -0.75243000
vn -0.61378700 -0.23898700 -0.75243000
vn -0.19561000 -0.17142600 -0.96558300
vn -0.71274500 -0.29192600 -0.63778800
vn -0.79711200 -0.28241100 -0.53371900
vn -0.87471000 -0.28458200 -0.39229400
vn -0.92744200 -0.28702300 -0.23972700
vn 0.30886000 -0.95102800 -0.01231200
vn 0.51402800 -0.85723700 0.03034900
vn 0.53090200 -0.84509000 -0.06298300
vn 0.70658200 -0.70672600 -0.03578000
vn 0.80623400 -0.59115400 0.02289100
vn 0.95422800 -0.28949300 -0.07511600
vn 0.96466100 -0.25851800 0.05095600
vn 0.84144400 -0.53216500 -0.09365900
vn 0.70516500 -0.38303400 -0.59668000
vn 0.87339400 -0.36275900 -0.32494400
vn 0.68478700 -0.68715400 -0.24266400
vn 0.13051100 -0.96598600 -0.22324300
vn 0.20000800 -0.92136200 -0.33329900
vn 0.34829500 -0.70039100 -0.62301100
vn 0.35093300 -0.11948300 -0.92874600
vn 0.35094400 -0.11951800 -0.92873800
vn 0.36003800 -0.16306600 -0.91857600
vn 0.36003800 -0.16306600 -0.91857600
vn 0.47912700 -0.41919900 -0.77117400
vn 0.53639200 -0.70748300 -0.46016400
vn 0.40461400 -0.83103100 -0.38167500
vn 0.36671800 -0.92030800 -0.13620100
vn 0.15685700 -0.98072100 -0.11654500
vn 0.12735200 -0.98020900 -0.15156200
vn -0.23744800 0.97140000 0.00000000
vn -0.25040700 0.95886600 -0.13368700
vn -0.65884500 0.75227900 0.00000000
vn -0.65654000 0.74969600 -0.08312800
vn -0.65884300 0.75228000 0.00000000
vn -0.65335300 0.73782200 -0.16955300
vn -0.93158300 0.36352900 0.00000000
vn -0.92812600 0.36217200 -0.08610200
vn -0.93158200 0.36353200 0.00000000
vn -0.91600900 0.36367800 -0.16931000
vn -0.99423300 -0.10724600 0.00000000
vn -0.99171800 -0.10697000 -0.07108700
vn -0.20164000 0.18085900 -0.96261700
vn -0.13124900 0.25598400 -0.95773000
vn -0.34438000 -0.00415200 -0.93882100
vn -0.26557800 0.66036500 -0.70241500
vn -0.24966800 0.30710200 -0.91834300
vn -0.31760700 0.19343900 -0.92828200
vn -0.45454700 -0.06442700 -0.88839000
vn -0.81018600 -0.07859400 -0.58088000
vn -0.35465200 0.69370600 -0.62689300
vn -0.79091400 -0.18014500 -0.58481000
vn -0.68486400 0.25252300 -0.68351500
vn -0.70311000 0.23094300 -0.67253400
vn -0.61636700 0.36637000 -0.69704000
vn -0.54472200 0.46999100 -0.69454000
vn -0.27662600 0.93592500 -0.21799700
vn -0.64355300 0.72255000 -0.25250900
vn -0.64871800 0.71620400 -0.25732700
vn -0.89830900 0.35977500 -0.25219600
vn -0.89604400 0.36827800 -0.24794400
vn -0.97710300 -0.07618300 -0.19865800
vn 0.34152700 0.93985500 -0.00569400
vn 0.46352300 0.87988300 -0.10465400
vn 0.67520300 0.73753600 0.01191700
vn 0.72425700 0.67747700 -0.12836000
vn 0.81259000 0.58227700 0.02551400
vn 0.91849000 0.37552700 -0.12392200
vn 0.97854500 0.19462400 -0.06760800
vn 0.85801500 0.44719500 -0.25263900
vn 0.14219600 0.14179300 -0.97963000
vn 0.13036800 0.17258600 -0.97632900
vn 0.29233900 0.43536100 -0.85146800
vn 0.31213200 0.69483200 -0.64790600
vn 0.46548900 0.84743200 -0.25530300
vn 0.67639200 0.67639600 -0.29151700
vn 0.62878000 0.35864600 -0.68993400
vn 0.57380900 0.28020700 -0.76956300
vn 0.19485200 0.26451000 -0.94449300
vn 0.23686200 0.96893900 -0.07108800
vn 0.23744600 0.97140100 0.00000000
vn 0.65366900 0.73759900 -0.16930900
vn 0.65884300 0.75228000 0.00000000
vn 0.65637400 0.74950700 -0.08609600
vn 0.65884500 0.75227900 0.00000000
vn 0.91611100 0.36330800 -0.16955200
vn 0.93158200 0.36353200 0.00000000
vn 0.92835900 0.36227000 -0.08312400
vn 0.93158200 0.36353100 0.00000000
vn 0.98685400 -0.09081000 -0.13369300
vn 0.99423200 -0.10724800 0.00000000
vn 0.89841500 0.35929000 -0.25251200
vn 0.12762700 0.26948200 -0.95451100
vn 0.24586200 0.29702200 -0.92267500
vn 0.23539200 0.31331900 -0.92001200
vn 0.31427700 0.20887500 -0.92606800
vn 0.31445600 0.62660800 -0.71307700
vn 0.29203900 0.73444000 -0.61262700
vn 0.26085000 0.94471900 -0.19865400
vn 0.64403900 0.72224000 -0.25215700
vn 0.89420000 0.36631500 -0.25733000
vn 0.55426100 0.45489700 -0.69704000
vn 0.81917500 0.05510400 -0.57089100
vn 0.62728300 0.35232000 -0.69454100
vn 0.54150400 0.05986300 -0.83856400
vn 0.28997400 0.23282700 -0.92828200
vn 0.23868400 0.12804800 -0.96261800
vn 0.27588300 0.01802800 -0.96102200
vn 0.65118300 0.71727200 -0.24795400
vn -0.29005500 -0.95687600 -0.01602800
vn -0.51402700 -0.85723700 0.03034900
vn -0.53089200 -0.84509600 -0.06298300
vn -0.70658300 -0.70672500 -0.03578000
vn -0.85723700 -0.51402700 0.03034700
vn -0.84147600 -0.53212800 -0.09358400
vn -0.94960600 -0.30845700 -0.05569800
vn -0.64953200 -0.72707200 -0.22242600
vn -0.87221300 -0.39173100 -0.29290100
vn -0.35093700 -0.11946100 -0.92874700
vn -0.26491600 -0.37904000 -0.88665000
vn -0.45959300 -0.33976100 -0.82057100
vn -0.15475900 -0.84259300 -0.51583700
vn -0.08868000 -0.91192700 -0.40065500
vn -0.08867400 -0.91196800 -0.40056300
vn -0.28969800 -0.84368200 -0.45197000
vn 0.00077300 -0.99822500 -0.05955200
vn -0.10747600 -0.97626400 -0.18803700
vn -0.71074900 -0.38303500 -0.59001700
vn 0.03726200 -0.58079800 -0.81319500
vn -0.27664300 -0.64580300 -0.71162300
vn -0.38057600 -0.68869500 -0.61713900
vn -0.54683700 -0.70748600 -0.44769800
vn -0.44650300 -0.83102900 -0.33170100
vn -0.37406100 -0.91875600 -0.12635500
vn -0.12952800 -0.97131200 -0.19943600
vn -0.14215600 -0.98072200 -0.13407200
vn -0.17147000 -0.98021200 -0.09890700
vn 0.25286200 -0.96750200 0.00000000
vn 0.25284100 -0.96721200 -0.02393300
vn 0.69390300 -0.72006900 0.00000000
vn 0.69352500 -0.71970000 -0.03247200
vn 0.69390300 -0.72006900 0.00000000
vn 0.69255200 -0.71841100 -0.06524900
vn 0.95747100 -0.28853100 0.00000000
vn 0.95652000 -0.28822500 -0.04466400
vn 0.67742200 -0.71909200 -0.15493700
vn 0.14214500 -0.40590200 -0.90279500
vn 0.14223400 -0.40579600 -0.90282800
vn 0.30239600 -0.68036500 -0.66757800
vn 0.36423400 -0.69852500 -0.61595100
vn 0.21432300 -0.94884500 -0.23185900
vn 0.93964300 -0.28660000 -0.18690100
vn 0.89486100 -0.28686500 -0.34195300
vn 0.82574300 -0.28327300 -0.48775500
vn 0.73244200 -0.28210200 -0.61963400
vn 0.61916900 -0.27690000 -0.73481700
vn 0.48737500 -0.27471600 -0.82885200
vn 0.34215900 -0.26846800 -0.90047300
vn 0.61378900 -0.23898500 -0.75242900
vn 0.61378900 -0.23898500 -0.75242900
vn 0.61378900 -0.23898500 -0.75242900
vn 0.19561400 -0.17142600 -0.96558200
vn 0.67734300 -0.71903200 -0.15555900
vn 0.64859800 -0.71925300 -0.24899100
vn 0.63551400 -0.71748200 -0.28520500
vn 0.59967800 -0.71692000 -0.35554600
vn 0.57892700 -0.71732900 -0.38766300
vn 0.53105600 -0.71715800 -0.45129200
vn 0.50720900 -0.71497600 -0.48119500
vn 0.44983700 -0.71409100 -0.53639600
vn 0.42009400 -0.71415200 -0.55991800
vn 0.35328600 -0.71392100 -0.60457000
vn 0.32120600 -0.71146800 -0.62501200
vn 0.32856600 -0.70331000 -0.63039600
vn 0.04635800 -0.89139000 -0.45086100
vn 0.43366800 -0.85941600 -0.27080700
vn 0.29692200 -0.90228900 -0.31259000
vn 0.16335100 -0.95502200 -0.24748500
vn 0.15246700 -0.96679400 -0.20509300
vn 0.18460400 -0.96683500 -0.17649600
vn 0.21075700 -0.96717400 -0.14197300
vn 0.23171800 -0.96713100 -0.10471100
vn 0.24508400 -0.96741300 -0.06361600
vn -0.25879400 0.96593200 0.00000000
vn -0.27011400 0.95088700 -0.15116900
vn -0.70710700 0.70710700 0.00000000
vn -0.70447900 0.70447800 -0.08613500
vn -0.70710700 0.70710700 0.00000000
vn -0.69654100 0.69654200 -0.17222200
vn -0.96591700 0.25885100 0.00000000
vn -0.96288600 0.25800500 -0.07926800
vn -0.49385400 0.05973700 -0.86749000
vn -0.17257600 0.13037500 -0.97633000
vn -0.12604900 0.17112800 -0.97715300
vn -0.07332500 0.37413300 -0.92447200
vn -0.19221300 0.25845200 -0.94670800
vn -0.19212800 0.25852500 -0.94670600
vn -0.07332500 0.37413300 -0.92447200
vn -0.19491400 0.30879900 -0.93094100
vn -0.34243300 0.62986400 -0.69714500
vn -0.73482700 0.21117800 -0.64454100
vn -0.74824100 0.12222400 -0.65207100
vn -0.50414100 0.50409500 -0.70123500
vn -0.50411500 0.50410800 -0.70124400
vn -0.37750600 0.65328800 -0.65628100
vn -0.29359500 0.92515100 -0.24061900
vn -0.68346100 0.68346200 -0.25643800
vn -0.68346100 0.68346100 -0.25643900
vn -0.93432300 0.27702300 -0.22427300
vn 0.97035200 -0.24139400 -0.01204300
vn 0.97042200 -0.24141700 0.00000000
vn 0.74396800 -0.66771200 -0.02594900
vn 0.74422500 -0.66792900 0.00000000
vn 0.74413900 -0.66789800 -0.01302800
vn 0.74422600 -0.66792700 0.00000000
vn 0.34476400 -0.93841500 -0.02267300
vn 0.34448800 -0.93879100 0.00000000
vn 0.08021300 -0.03866000 -0.99602800
vn 0.04773500 -0.04154900 -0.99799600
vn 0.74209100 -0.66592600 -0.07643800
vn 0.34391800 -0.93566800 -0.07903100
vn 0.34115500 -0.91557100 -0.21293800
vn 0.49627800 -0.72591900 -0.47618200
vn 0.41039400 -0.60219600 -0.68479000
vn 0.34077100 -0.50565100 -0.79258600
vn 0.26670000 -0.39807200 -0.87773000
vn 0.19139300 -0.27046400 -0.94351400
vn 0.09991400 -0.14613400 -0.98420600
vn 0.21744800 -0.09121600 -0.97180100
vn 0.34810500 -0.16641500 -0.92256600
vn 0.48195900 -0.22667400 -0.84636500
vn 0.57678600 -0.28579700 -0.76527000
vn 0.57763400 -0.51429800 -0.63390600
vn 0.68497900 -0.61333200 -0.39322700
vn 0.72335000 -0.64832900 -0.23756000
vn 0.73261900 -0.65735500 -0.17650500
vn 0.74202000 -0.66596900 -0.07675400
vn 0.78796100 -0.18004800 -0.58881300
vn 0.90810600 -0.21664600 -0.35834000
vn 0.95882100 -0.23473500 -0.15987800
vn 0.96882000 -0.24083700 -0.05819100
vn -0.23685900 -0.96894000 -0.07108800
vn -0.23744600 -0.97140100 0.00000000
vn -0.65367300 -0.73759600 -0.16930100
vn -0.65884300 -0.75228000 0.00000000
vn -0.65637900 -0.74950300 -0.08608600
vn -0.65884500 -0.75227900 0.00000000
vn -0.91611200 -0.36330800 -0.16954500
vn -0.93158200 -0.36353200 0.00000000
vn -0.92836100 -0.36226600 -0.08312400
vn -0.93158200 -0.36353100 0.00000000
vn -0.98685400 0.09080600 -0.13369200
vn -0.99423200 0.10724800 0.00000000
vn -0.89843400 -0.35925800 -0.25248800
vn -0.12762700 -0.26948200 -0.95451100
vn -0.24586200 -0.29702200 -0.92267500
vn -0.23539200 -0.31331900 -0.92001200
vn -0.31427700 -0.20887500 -0.92606800
vn -0.31445100 -0.62660800 -0.71308000
vn -0.29202700 -0.73444400 -0.61262700
vn -0.26084900 -0.94472000 -0.19865200
vn -0.64402300 -0.72225000 -0.25216700
vn -0.89422900 -0.36626900 -0.25729600
vn -0.55423900 -0.45491700 -0.69704300
vn -0.81917600 -0.05510200 -0.57088900
vn -0.62728600 -0.35231800 -0.69453900
vn -0.54150300 -0.05984700 -0.83856600
vn -0.28997200 -0.23282600 -0.92828300
vn -0.23868500 -0.12805600 -0.96261700
vn -0.27592800 -0.01795100 -0.96101100
vn -0.65115000 -0.71730200 -0.24795300
vn 0.34149400 0.93986700 -0.00569800
vn 0.43208300 0.90109700 -0.03644300
vn 0.67520000 0.73753900 0.01189900
vn 0.72686400 0.68389100 -0.06294800
vn 0.81259200 0.58227400 0.02552000
vn 0.91698700 0.39339800 -0.06613400
vn 0.97853500 0.19470400 -0.06752100
vn 0.90386500 0.35059000 -0.24518300
vn 0.90383800 0.35058100 -0.24529500
vn 0.35157000 0.27590200 -0.89458200
vn 0.31083500 0.47466100 -0.82345500
vn 0.44373300 0.46130900 -0.76830700
vn -0.07981300 0.79626200 -0.59966400
vn 0.03093700 0.89920600 -0.43643000
vn 0.34248300 0.74033000 -0.57846100
vn -0.00041300 0.99822400 -0.05957400
vn -0.01211500 0.97062900 -0.24027500
vn 0.29336800 0.65995800 -0.69165800
vn 0.34642700 0.08313000 -0.93438600
vn 0.77547900 0.25840700 -0.57607200
vn 0.51484000 0.70649900 -0.48559200
vn 0.56809200 0.70649700 -0.42205800
vn 0.64259200 0.70580500 -0.29818600
vn 0.64049800 0.73712500 -0.21542900
vn 0.17524400 0.95328000 -0.24606100
vn 0.18856800 0.96581600 -0.17788100
vn 0.23801200 0.96581400 -0.10272900
vn -0.25286200 0.96750200 0.00000000
vn -0.25284100 0.96721200 -0.02393300
vn -0.69390300 0.72006900 0.00000000
vn -0.69352300 0.71970100 -0.03251900
vn -0.69390300 0.72006900 0.00000000
vn -0.69255200 0.71841100 -0.06524900
vn -0.95747100 0.28853100 0.00000000
vn -0.95652200 0.28821900 -0.04466400
vn -0.67742300 0.71909100 -0.15493800
vn -0.21083900 0.42031500 -0.88254300
vn -0.21080100 0.42044200 -0.88249200
vn -0.18262800 0.49087300 -0.85187500
vn -0.19955500 0.41611200 -0.88714600
vn -0.24505100 0.61565300 -0.74894700
vn -0.30237900 0.68035700 -0.66759300
vn -0.93964300 0.28660000 -0.18690100
vn -0.89486100 0.28686500 -0.34195300
vn -0.82574900 0.28327100 -0.48774600
vn -0.73245900 0.28210500 -0.61961400
vn -0.61917100 0.27690200 -0.73481500
vn -0.48741500 0.27471700 -0.82882900
vn -0.34216000 0.26846500 -0.90047400
vn -0.61378900 0.23898500 -0.75242900
vn -0.61378900 0.23898500 -0.75242900
vn -0.61378900 0.23898500 -0.75242900
vn -0.19561400 0.17142600 -0.96558200
vn -0.67734600 0.71902900 -0.15555900
vn -0.64859900 0.71925100 -0.24899100
vn -0.63549900 0.71747800 -0.28524900
vn -0.59967400 0.71691800 -0.35555600
vn -0.57892000 0.71732800 -0.38767600
vn -0.53104100 0.71715700 -0.45131000
vn -0.50721400 0.71497700 -0.48118800
vn -0.44981100 0.71409000 -0.53641800
vn -0.42009600 0.71414800 -0.55992100
vn -0.35328800 0.71391700 -0.60457400
vn -0.32120600 0.71146800 -0.62501200
vn -0.21103000 0.83776300 -0.50360700
vn -0.16335200 0.95502200 -0.24748500
vn -0.15246500 0.96679400 -0.20509600
vn -0.18458000 0.96683300 -0.17653400
vn -0.21075800 0.96717400 -0.14197400
vn -0.23171800 0.96713100 -0.10471100
vn -0.24508400 0.96741300 -0.06361600
vn 0.25879400 -0.96593200 0.00000000
vn 0.27011400 -0.95088700 -0.15116900
vn 0.70710700 -0.70710700 0.00000000
vn 0.70447600 -0.70448100 -0.08613500
vn 0.70710700 -0.70710700 0.00000000
vn 0.69654100 -0.69654200 -0.17222200
vn 0.96591700 -0.25885100 0.00000000
vn 0.96288700 -0.25800100 -0.07926800
vn 0.49385400 -0.05973700 -0.86749000
vn 0.17257600 -0.13037500 -0.97633000
vn 0.12604900 -0.17112800 -0.97715300
vn 0.07332500 -0.37413300 -0.92447200
vn 0.19221300 -0.25845200 -0.94670800
vn 0.19212800 -0.25852500 -0.94670600
vn 0.07332500 -0.37413300 -0.92447200
vn 0.19491400 -0.30879900 -0.93094100
vn 0.34243300 -0.62986400 -0.69714500
vn 0.73482700 -0.21117800 -0.64454100
vn 0.74824100 -0.12222400 -0.65207100
vn 0.50414100 -0.50409500 -0.70123500
vn 0.50411500 -0.50410800 -0.70124400
vn 0.37750600 -0.65328800 -0.65628100
vn 0.29359500 -0.92515100 -0.24061900
vn 0.68346100 -0.68346200 -0.25643800
vn 0.68346100 -0.68346100 -0.25643900
vn 0.93432400 -0.27702300 -0.22427100
vn -0.25885300 0.96591700 0.00000000
vn -0.25875700 0.96567700 -0.02263000
vn -0.70708200 0.70713100 0.00000000
vn -0.70574400 0.70574900 -0.06199000
vn -0.70709300 0.70712100 -0.00002200
vn -0.70574600 0.70575100 -0.06194800
vn -0.96592000 0.25884100 -0.00001600
vn -0.96247500 0.25789600 -0.08445400
vn 0.95747000 0.28853200 0.00000000
vn 0.95369900 0.28707100 -0.08971600
vn 0.69387800 0.72009300 0.00000000
vn 0.69351800 0.71969400 -0.03275300
vn 0.69389000 0.72008100 0.00002000
vn 0.69257300 0.71839000 -0.06525600
vn 0.25288300 0.96749700 0.00001500
vn 0.25283200 0.96743500 -0.01202700
vn -0.29373400 0.65991100 -0.69154700
vn -0.31084800 0.47461200 -0.82347900
vn -0.31083700 0.47468100 -0.82344300
vn -0.38173100 0.67036700 -0.63630900
vn -0.34642100 0.08318700 -0.93438300
vn -0.35156900 0.27590100 -0.89458200
vn 0.01216100 0.97063100 -0.24026400
vn -0.03094500 0.89921800 -0.43640600
vn -0.25914800 0.85492900 -0.44937500
vn -0.24286000 0.78494500 -0.56998200
vn 0.00042800 0.99820400 -0.05989900
vn -0.88696500 0.25840600 -0.38277900
vn -0.70276100 0.25840800 -0.66283700
vn -0.44820600 0.30866000 -0.83895200
vn -0.67813600 0.70650000 -0.20245900
vn -0.64979400 0.70650000 -0.28040300
vn -0.56809600 0.70649800 -0.42205200
vn -0.51484800 0.70649700 -0.48558500
vn -0.24839700 0.96581600 -0.07414500
vn -0.20811300 0.96581400 -0.15457100
vn -0.16893300 0.96491400 -0.20100400
vn 0.67743800 0.71907500 -0.15494900
vn 0.24947900 0.87868500 -0.40703000
vn 0.24493000 0.80309400 -0.54318500
vn 0.36999800 0.69597400 -0.61540300
vn 0.25661600 0.78323700 -0.56629300
vn 0.19561400 0.17142600 -0.96558200
vn 0.61378700 0.23898700 -0.75243000
vn 0.61378700 0.23898700 -0.75243000
vn 0.61378700 0.23898700 -0.75243000
vn 0.22533000 0.42272300 -0.87779900
vn 0.29589900 0.47686200 -0.82767500
vn 0.44035900 0.27112800 -0.85590500
vn 0.58517900 0.28460100 -0.75932100
vn 0.24891700 0.96724000 -0.04986600
vn 0.23632300 0.96739200 -0.09113000
vn 0.21879300 0.96704600 -0.13019700
vn 0.19334300 0.96713300 -0.16514500
vn 0.16393300 0.96669900 -0.19651700
vn 0.67768800 0.71899000 -0.15424900
vn 0.64888600 0.71927700 -0.24816800
vn 0.63519300 0.71757100 -0.28569600
vn 0.60018100 0.71698700 -0.35456100
vn 0.57839500 0.71736900 -0.38838200
vn 0.53185900 0.71720600 -0.45026700
vn 0.50638200 0.71512300 -0.48184700
vn 0.45090600 0.71421800 -0.53532800
vn 0.41896900 0.71421500 -0.56068000
vn 0.31976800 0.71163700 -0.62555700
vn 0.24526700 0.61583000 -0.74873100
vn 0.24537400 0.61589800 -0.74864000
vn 0.18275000 0.49088300 -0.85184300
vn 0.18275800 0.49085900 -0.85185500
vn 0.19949800 0.41609900 -0.88716500
vn 0.71274600 0.29192500 -0.63778800
vn 0.79708500 0.28241400 -0.53375800
vn 0.87471000 0.28458200 -0.39229400
vn 0.92744100 0.28702600 -0.23972600
vn -0.34148600 -0.93987000 -0.00569800
vn -0.46352800 -0.87988000 -0.10465700
vn -0.67520300 -0.73753600 0.01191700
vn -0.72427300 -0.67746100 -0.12835600
vn -0.81258900 -0.58227900 0.02551000
vn -0.91849000 -0.37552700 -0.12392200
vn -0.97854500 -0.19462400 -0.06760800
vn -0.80473000 -0.52952600 -0.26834900
vn -0.14219600 -0.14179300 -0.97963000
vn -0.13036800 -0.17258600 -0.97632900
vn -0.29233100 -0.43536300 -0.85147000
vn -0.31213200 -0.69483200 -0.64790600
vn -0.46545100 -0.84745400 -0.25529800
vn -0.62878000 -0.35864600 -0.68993400
vn -0.57380900 -0.28020700 -0.76956300
vn -0.19485200 -0.26451000 -0.94449300
vn 0.23744800 -0.97140000 0.00000000
vn 0.25040400 -0.95886700 -0.13368800
vn 0.65884500 -0.75227900 0.00000000
vn 0.65654000 -0.74969600 -0.08312800
vn 0.65884300 -0.75228000 0.00000000
vn 0.65335300 -0.73782200 -0.16955300
vn 0.93158300 -0.36352900 0.00000000
vn 0.92812600 -0.36217200 -0.08610200
vn 0.93158200 -0.36353200 0.00000000
vn 0.91600900 -0.36367800 -0.16931000
vn 0.99423300 0.10724600 0.00000000
vn 0.99171800 0.10697000 -0.07108700
vn 0.20164000 -0.18085900 -0.96261700
vn 0.13125200 -0.25598000 -0.95773000
vn 0.34438000 0.00415200 -0.93882100
vn 0.26561100 -0.66032900 -0.70243600
vn 0.24966500 -0.30709900 -0.91834500
vn 0.31760500 -0.19343800 -0.92828300
vn 0.45454700 0.06442700 -0.88839000
vn 0.81019000 0.07859500 -0.58087500
vn 0.35462900 -0.69372500 -0.62688400
vn 0.79091400 0.18014500 -0.58481000
vn 0.68486400 -0.25252300 -0.68351500
vn 0.70311000 -0.23094300 -0.67253400
vn 0.61636700 -0.36637000 -0.69704000
vn 0.54472200 -0.46999100 -0.69454000
vn 0.27662600 -0.93592500 -0.21799700
vn 0.64357900 -0.72251900 -0.25253400
vn 0.64871800 -0.71620400 -0.25732700
vn 0.89828800 -0.35985800 -0.25215200
vn 0.89604400 -0.36827800 -0.24794400
vn 0.97710400 0.07618400 -0.19865600
vn -0.22709400 -0.97387300 0.00067900
vn -0.30067000 -0.95372800 0.00045000
vn -0.30056700 -0.95376100 0.00046000
vn -0.25872100 -0.96595100 0.00135700
vn -0.59142500 -0.80636000 0.00061400
vn -0.52808200 -0.84919300 0.00000000
vn -0.70712900 -0.70708500 0.00001600
vn -0.85761500 -0.51429200 0.00080900
vn -0.84917500 -0.52811200 0.00000000
vn -0.95375800 -0.30057400 0.00045500
vn 0.94717400 -0.32071900 0.00000000
vn 0.89655000 -0.44294200 0.00000000
vn 0.83147100 -0.55556900 0.00000000
vn 0.83144200 -0.55561200 0.00000000
vn 0.55557900 -0.83146400 0.00000000
vn 0.55562200 -0.83143500 0.00000000
vn 0.44293500 -0.89655400 -0.00002500
vn 0.32079500 -0.94714900 0.00000000
vn -0.93987400 0.34152200 -0.00014900
vn -0.87647700 0.48144400 -0.00015300
vn -0.73763200 0.67520200 0.00030500
vn -0.65919000 0.75197600 0.00045700
vn -0.58245500 0.81286300 0.00067700
vn -0.60884700 0.79328600 0.00135900
vn -0.22708100 0.97387600 -0.00089800
vn -0.19499800 0.98080200 -0.00180000
vn 0.25874300 0.96594600 0.00000000
vn 0.25872100 0.96595200 0.00000000
vn 0.70711400 0.70709900 0.00000000
vn 0.70710200 0.70711100 0.00000000
vn 0.70710200 0.70711100 0.00000000
vn 0.70710200 0.70711100 0.00000000
vn 0.70711400 0.70709900 0.00000000
vn 0.70711400 0.70709900 0.00000000
vn 0.96592000 0.25884100 0.00000000
vn 0.96592100 0.25883600 0.00000000
vn -0.61852700 0.78573800 0.00634400
vn -0.54949800 0.82362500 0.14033700
vn -0.63089900 0.76332700 0.13891900
vn -0.69095500 0.71192900 0.12545500
vn -0.77901500 0.61973800 0.09518500
vn -0.80582400 0.59207600 0.00965700
vn -0.84144700 0.53163700 0.09658700
vn -0.90047000 0.42873500 0.07308000
vn -0.90046100 0.42874800 0.07310900
vn -0.38562700 0.91699100 0.10207200
vn -0.34520600 0.93852200 0.00312200
vn -0.15552300 0.98592000 0.06144100
vn -0.95881900 0.26845900 0.09271700
vn -0.95214300 0.30565200 -0.00116000
vn -0.99222700 -0.01855900 0.12304900
vn -0.99211500 0.04986900 0.11498600
vn -0.98464100 0.13904200 0.10559300
vn 0.16418400 0.98640800 0.00657900
vn 0.18088800 0.98000200 0.08291800
vn 0.25879500 0.96584300 0.01308700
vn 0.48178100 0.87628400 0.00355600
vn 0.34418500 0.93344400 0.10108700
vn 0.45332100 0.88409100 0.11350600
vn 0.74941800 0.65099600 0.12073800
vn 0.77470700 0.63222100 0.01118200
vn 0.79792700 0.59388600 0.10301300
vn 0.85041300 0.51854900 0.08891100
vn 0.67211000 0.72687400 0.14114900
vn 0.62101100 0.77726900 0.10098800
vn 0.52625800 0.83713600 0.14918200
vn 0.96549600 0.24399300 0.09102200
vn 0.93391800 0.34979400 0.07376500
vn 0.95766200 0.22258500 0.18258900
vn 0.99550100 0.04252800 0.08467100
vn 0.98677600 0.10910700 0.11987300
vn 0.61852700 -0.78573800 0.00634400
vn 0.49716300 -0.86434500 0.07574000
vn 0.63088700 -0.76334200 0.13889300
vn 0.69095400 -0.71192900 0.12545600
vn 0.77901500 -0.61973800 0.09518500
vn 0.80582400 -0.59207600 0.00965700
vn 0.84144100 -0.53164500 0.09659300
vn 0.89423500 -0.44076500 0.07791500
vn 0.38559500 -0.91700600 0.10206600
vn 0.34520600 -0.93852200 0.00312200
vn 0.15552700 -0.98592500 0.06133900
vn 0.94866700 -0.31183900 0.05278800
vn 0.95214300 -0.30565200 -0.00116000
vn 0.99222700 0.01856800 0.12304600
vn 0.99211200 -0.04983600 0.11501900
vn 0.97348900 -0.19093900 0.12594200
vn -0.16418300 -0.98640800 0.00659200
vn -0.18087900 -0.98000700 0.08288500
vn -0.44593700 -0.89504900 0.00518700
vn -0.34418100 -0.93344500 0.10109400
vn -0.45332800 -0.88408100 0.11355100
vn -0.74940000 -0.65100900 0.12078000
vn -0.77467600 -0.63226000 0.01118500
vn -0.79793000 -0.59388200 0.10301500
vn -0.85041000 -0.51855300 0.08890800
vn -0.67211300 -0.72687100 0.14114900
vn -0.62102200 -0.77726200 0.10096900
vn -0.52625800 -0.83713600 0.14918600
vn -0.96550800 -0.24395900 0.09099000
vn -0.93391800 -0.34979400 0.07376500
vn -0.95766200 -0.22258500 0.18258900
vn -0.99550100 -0.04252800 0.08467100
vn -0.98678300 -0.10909000 0.11982900
vn -0.11195200 -0.99369900 0.00543800
vn -0.04413600 -0.99902600 0.00000000
vn -0.13051900 -0.99144600 0.00000000
vn -0.13051900 -0.99144600 0.00000000
vn -0.00000000 0.00003700 1.00000000
vn 0.00000000 -0.00000400 1.00000000
vn 0.00000000 0.00000000 1.00000000
vn 0.00000000 -0.00000400 1.00000000
vn 0.00000000 -0.00000600 1.00000000
vn -0.00000000 0.00003700 1.00000000
vn 0.00000000 0.00000000 1.00000000
vn 0.00000000 0.00000000 1.00000000
vn -0.00000000 0.00003700 1.00000000
vn 0.00000000 0.00000000 1.00000000
vn -0.00000000 0.00000100 1.00000000
vn 0.00000000 -0.00002200 1.00000000
vn 0.00000000 0.00000000 1.00000000
vn 0.00000000 0.00000000 1.00000000
vn -0.00000000 0.00000100 1.00000000
vn 0.00000000 -0.00000400 1.00000000
vn 0.00000000 0.00000000 1.00000000
vn 0.00000000 0.00000000 1.00000000
vn 0.00000000 0.00000000 1.00000000
vn 0.00000000 0.00000000 1.00000000
vn -0.00000000 0.00002600 1.00000000
vn 0.00000000 -0.00001900 1.00000000
vn -0.00000000 0.00000200 1.00000000
vn 0.00000000 -0.00002200 1.00000000
vn -0.00000000 0.00000200 1.00000000
vn 0.00000000 0.00000000 1.00000000
vn 0.00000000 0.00000000 1.00000000
vn -0.00000000 0.00000100 1.00000000
vn -0.00000000 0.00002600 1.00000000
vn 0.00000000 -0.00002200 1.00000000
vn 0.00000000 0.00000000 1.00000000
vn -0.00000000 0.00000200 1.00000000
vn -0.00000000 0.00000200 1.00000000
vn 0.00000000 0.00000000 1.00000000
vn 0.00000000 0.00000000 1.00000000
vn 0.00000000 0.00000000 1.00000000
vn 0.00000000 0.00000000 1.00000000
vn 0.00000000 -0.00000400 1.00000000
vn 0.00000000 0.00000000 1.00000000
vn 0.00000000 -0.00000400 1.00000000
vn -0.00000000 0.00001100 1.00000000
vn 0.00000000 0.00000000 1.00000000
vn 0.00000000 0.00000000 1.00000000
vn 0.00000000 -0.00000400 1.00000000
vn -0.00000000 0.00001100 1.00000000
vn -0.00000000 0.00001100 1.00000000
vn 0.00000000 -0.00000800 1.00000000
vn -0.06394300 -0.02450500 0.99765300
vn -0.06391100 -0.02447100 0.99765600
vn 0.00000000 -0.00000200 1.00000000
vn -0.08213800 -0.01735700 0.99647000
vn 0.00000000 0.00000000 1.00000000
vn -0.10444900 -0.01031500 0.99447700
vn -0.10481900 0.00516900 0.99447800
vn -0.10195700 0.02357700 0.99450900
vn 0.00000000 0.00000000 1.00000000
vn 0.00000000 -0.00000900 1.00000000
vn -0.04978400 0.01372200 0.99866600
vn 0.00000000 0.00000000 1.00000000
vn -0.00000000 0.00001300 1.00000000
vn 0.00000000 0.00000000 1.00000000
vn 0.00000000 0.00000000 1.00000000
vn -0.00000000 0.00001300 1.00000000
vn -0.00000000 0.00001300 1.00000000
vn 0.00000000 0.00000000 1.00000000
vn 0.00000000 0.00000000 1.00000000
vn 0.00000000 0.00000000 1.00000000
vn -0.00000000 0.00000100 1.00000000
vn -0.00000000 0.00000100 1.00000000
vn 0.00000000 0.00000000 1.00000000
vn 0.00000000 0.00000000 1.00000000
vn -0.00000000 0.00000100 1.00000000
vn -0.00000000 0.00000200 1.00000000
vn 0.00000000 0.00000000 1.00000000
vn 0.00000000 0.00000000 1.00000000
vn 0.00000000 -0.00001900 1.00000000
vn -0.00000000 0.00000200 1.00000000
vn 0.00000000 -0.00001900 1.00000000
vn -0.00000000 0.00002600 1.00000000
vn -0.09801000 0.99518500 0.00000000
vn -0.09800900 0.99518600 0.00000000
vn -0.06785600 0.99769500 -0.00000100
vn -0.11193000 0.99368100 0.00833100
vn -0.99144600 -0.13052000 0.00000000
vn -0.99144600 -0.13051800 0.00000000
vn -0.99518500 0.09800900 0.00000000
vn -0.99518500 0.09801100 0.00000000
vn -0.22782800 -0.97369000 0.00474500
vn -0.39670000 -0.91792500 0.00655000
vn -0.39675300 -0.91792500 -0.00048100
vn -0.54867500 -0.83603300 0.00221100
vn -0.69308400 -0.72084700 0.00377700
vn -0.78896500 -0.61443800 0.00018400
vn -0.74094200 0.67156300 0.00298300
vn -0.75336800 0.65759900 0.00057100
vn -0.54865800 0.83604400 0.00221600
vn -0.34544700 0.93841200 0.00700600
vn -0.39679700 0.91790600 -0.00047800
vn -0.24049500 0.97058200 0.01149200
vn -0.96592900 -0.25880600 0.00000000
vn -0.96592900 -0.25880600 0.00000000
vn -0.70710600 -0.70710700 0.00000000
vn -0.70710700 -0.70710600 0.00000000
vn -0.70710600 -0.70710700 0.00000000
vn -0.70710600 -0.70710700 0.00000000
vn -0.70710700 -0.70710600 0.00000000
vn -0.70710700 -0.70710600 0.00000000
vn -0.25880600 -0.96592900 0.00000000
vn -0.25880500 -0.96592900 0.00000000
vn -0.94693200 0.32143300 0.00000000
vn -0.94693300 0.32143000 0.00000000
vn -0.86606100 0.49993900 0.00000000
vn -0.83141700 0.55564900 0.00000000
vn -0.73741200 0.67544300 0.00000000
vn -0.67544300 0.73741200 0.00000000
vn -0.55561000 0.83144300 0.00000000
vn -0.49989700 0.86608500 0.00000000
vn -0.32143400 0.94693200 0.00000000
vn -0.32143000 0.94693300 0.00000000
vn -0.47289700 0.45422900 0.75501300
vn -0.48357600 0.23287700 0.84375500
vn -0.52117500 0.28645200 0.80394100
vn -0.48123100 0.44544200 0.75498200
vn -0.56710100 0.32550400 0.75660000
vn -0.57544400 0.48212200 0.66062300
vn -0.93389900 0.35663100 -0.02544800
vn -0.93385500 0.35691900 0.02289700
vn -0.91637600 0.39536500 0.06278100
vn -0.91694400 0.38300600 0.11189300
vn -0.85377800 0.44535800 0.26966600
vn -0.89021700 0.40982900 0.19888000
vn -0.80858100 0.49624400 0.31613100
vn -0.82606600 0.42983300 0.36449800
vn -0.76350200 0.51784500 0.38587700
vn -0.78190300 0.42478900 0.45627000
vn -0.71683900 0.52724200 0.45624300
vn -0.69961900 0.40287600 0.59010600
vn -0.64709400 0.34591800 0.67941900
vn -0.33289900 0.22455300 0.91583500
vn -0.26609100 0.10835800 0.95783800
vn -0.47320400 0.20390800 0.85702900
vn -0.50436000 0.17038800 0.84651600
vn -0.32656600 0.27906900 0.90303700
vn -0.45107600 0.10570000 0.88620400
vn -0.41394000 -0.10762600 0.90391900
vn -0.58705300 -0.05798400 0.80746900
vn -0.58919500 0.02901000 0.80747000
vn -0.46818100 -0.17268700 0.86659400
vn -0.25952900 -0.13060200 0.95686400
vn -0.20777000 0.02054700 0.97796200
vn -0.20852800 -0.01028900 0.97796200
vn -0.20514900 -0.03904900 0.97795100
vn -0.47566700 -0.20535400 0.85531900
vn -0.32835900 -0.19705500 0.92376900
vn -0.48909200 -0.23495700 0.83999100
vn -0.33974000 -0.22510000 0.91318500
vn -0.93037900 -0.35737600 0.08171300
vn -0.91750500 -0.37545000 0.13123200
vn -0.92049500 -0.36939000 0.12743600
vn -0.89049600 -0.39341600 0.22856500
vn -0.77538800 -0.39705500 0.49104100
vn -0.81421100 -0.45086900 0.36575500
vn -0.84739600 -0.39900800 0.35030400
vn -0.78140900 -0.40933500 0.47100500
vn -0.72610800 -0.50286100 0.46893300
vn -0.68780200 -0.39180800 0.61107600
vn -0.62138200 -0.51440600 0.59099100
vn -0.62777400 -0.36253900 0.68881400
vn -0.53784800 -0.44670000 0.71496800
vn -0.56147800 -0.31876700 0.76362900
vn -0.49330700 -0.43281700 0.75453100
vn -0.52670400 -0.28465100 0.80097200
vn -0.46528000 -0.41812200 0.78018500
vn 0.25876000 -0.96594200 0.00000000
vn 0.25876000 -0.96594200 0.00000000
vn 0.25875900 -0.96594200 0.00000000
vn 0.25876000 -0.96594200 0.00000000
vn 0.25875900 -0.96594200 0.00000000
vn 0.25875900 -0.96594200 0.00000000
vn 0.70710400 -0.70711000 0.00000000
vn 0.70710400 -0.70711000 0.00000000
vn 0.70710500 -0.70710900 0.00000000
vn 0.70710400 -0.70711000 0.00000000
vn 0.70710500 -0.70710900 0.00000000
vn 0.70710500 -0.70710900 0.00000000
vn 0.96591900 -0.25884300 0.00000000
vn 0.96591900 -0.25884300 0.00000000
vn 0.96591900 -0.25884400 0.00000000
vn 0.96591900 -0.25884400 0.00000000
vn 0.96591900 -0.25884300 0.00000000
vn 0.96591900 -0.25884400 0.00000000
vn 0.96591900 0.25884400 0.00000000
vn 0.96591900 0.25884400 0.00000000
vn 0.96591900 0.25884400 0.00000000
vn 0.96591900 0.25884400 0.00000000
vn 0.96591900 0.25884400 0.00000000
vn 0.96591900 0.25884400 0.00000000
vn 0.70710500 0.70710900 0.00000000
vn 0.70710500 0.70710900 0.00000000
vn 0.70710500 0.70710900 0.00000000
vn 0.70710500 0.70710900 0.00000000
vn 0.25884500 0.96591900 0.00000000
vn 0.25884500 0.96591900 0.00000000
vn 0.25884600 0.96591900 0.00000000
vn 0.25884600 0.96591900 0.00000000
vn 0.25884500 0.96591900 0.00000000
vn 0.25884600 0.96591900 0.00000000
vn -0.25886700 0.96591300 0.00000000
vn -0.25886700 0.96591300 0.00000000
vn -0.25886500 0.96591300 0.00000000
vn -0.25886500 0.96591300 0.00000000
vn -0.25886700 0.96591300 0.00000000
vn -0.25886500 0.96591300 0.00000000
vn -0.70706400 0.70714900 0.00000000
vn -0.70706400 0.70715000 0.00000000
vn -0.70706400 0.70714900 0.00000000
vn -0.70706400 0.70715000 0.00000000
vn -0.70706400 0.70714900 0.00000000
vn -0.70706400 0.70715000 0.00000000
vn -0.96594200 0.25875800 0.00000000
vn -0.96594200 0.25875800 0.00000000
vn -0.96594200 0.25875800 0.00000000
vn -0.96594200 0.25875800 0.00000000
vn -0.96594200 -0.25875800 0.00000000
vn -0.96594200 -0.25875800 0.00000000
vn -0.96594200 -0.25875800 0.00000000
vn -0.96594200 -0.25875800 0.00000000
vn -0.96594200 -0.25875800 0.00000000
vn -0.96594200 -0.25875800 0.00000000
vn -0.70706400 -0.70714900 0.00000000
vn -0.70706300 -0.70715100 0.00000000
vn -0.70706400 -0.70714900 0.00000000
vn -0.70706300 -0.70715100 0.00000000
vn -0.70706400 -0.70714900 0.00000000
vn -0.70706300 -0.70715100 0.00000000
vn -0.25877900 -0.96593600 0.00000000
vn -0.25878000 -0.96593600 0.00000000
vn -0.25877900 -0.96593600 0.00000000
vn -0.25878000 -0.96593600 0.00000000
vn -0.25877900 -0.96593600 0.00000000
vn -0.25878000 -0.96593600 0.00000000
vn 0.25884700 -0.96591800 0.00000000
vn 0.25884700 -0.96591800 0.00000000
vn 0.25884400 -0.96591900 0.00000000
vn 0.25884700 -0.96591800 0.00000000
vn 0.25884400 -0.96591900 0.00000000
vn 0.25884400 -0.96591900 0.00000000
vn 0.70710500 -0.70710900 0.00000000
vn 0.70710500 -0.70710900 0.00000000
vn 0.70710500 -0.70710900 0.00000000
vn 0.70710500 -0.70710900 0.00000000
vn 0.96591900 -0.25884300 0.00000000
vn 0.96591900 -0.25884300 0.00000000
vn 0.96591900 -0.25884400 0.00000000
vn 0.96591900 -0.25884400 0.00000000
vn 0.96591900 -0.25884300 0.00000000
vn 0.96591900 -0.25884400 0.00000000
vn 0.96591900 0.25884400 0.00000000
vn 0.96591900 0.25884400 0.00000000
vn 0.96591900 0.25884400 0.00000000
vn 0.96591900 0.25884400 0.00000000
vn 0.96591900 0.25884400 0.00000000
vn 0.96591900 0.25884400 0.00000000
vn 0.70710500 0.70710900 0.00000000
vn 0.70710400 0.70711000 0.00000000
vn 0.70710500 0.70710900 0.00000000
vn 0.70710500 0.70710900 0.00000000
vn 0.70710400 0.70711000 0.00000000
vn 0.70710400 0.70711000 0.00000000
vn 0.25876000 0.96594200 0.00000000
vn 0.25876000 0.96594200 0.00000000
vn 0.25875900 0.96594200 0.00000000
vn 0.25876000 0.96594200 0.00000000
vn 0.25875900 0.96594200 0.00000000
vn 0.25875900 0.96594200 0.00000000
vn -0.25877900 0.96593600 0.00000000
vn -0.25877900 0.96593600 0.00000000
vn -0.25878000 0.96593600 0.00000000
vn -0.25877900 0.96593600 0.00000000
vn -0.25878000 0.96593600 0.00000000
vn -0.25878000 0.96593600 0.00000000
vn -0.70710900 0.70710400 0.00000000
vn -0.70710900 0.70710400 0.00000000
vn -0.70711000 0.70710300 0.00000000
vn -0.70711000 0.70710300 0.00000000
vn -0.70710900 0.70710400 0.00000000
vn -0.70711000 0.70710300 0.00000000
vn -0.96591900 0.25884300 0.00000000
vn -0.96591900 0.25884400 0.00000000
vn -0.96591900 0.25884300 0.00000000
vn -0.96591900 0.25884400 0.00000000
vn -0.96591900 0.25884300 0.00000000
vn -0.96591900 0.25884400 0.00000000
vn -0.96591900 -0.25884400 0.00000000
vn -0.96591900 -0.25884400 0.00000000
vn -0.96591900 -0.25884400 0.00000000
vn -0.96591900 -0.25884400 0.00000000
vn -0.96591900 -0.25884400 0.00000000
vn -0.96591900 -0.25884400 0.00000000
vn -0.70711000 -0.70710300 0.00000000
vn -0.70711000 -0.70710300 0.00000000
vn -0.70711000 -0.70710300 0.00000000
vn -0.70711000 -0.70710300 0.00000000
vn -0.25886500 -0.96591400 0.00000000
vn -0.25886700 -0.96591300 0.00000000
vn -0.25886500 -0.96591400 0.00000000
vn -0.25886500 -0.96591400 0.00000000
vn -0.25886700 -0.96591300 0.00000000
vn -0.25886700 -0.96591300 0.00000000
vn 0.25886600 -0.96591300 0.00000000
vn 0.25886600 -0.96591300 0.00000000
vn 0.25885600 -0.96591600 0.00000000
vn 0.25885600 -0.96591600 0.00000000
vn 0.25886600 -0.96591300 0.00000000
vn 0.25885600 -0.96591600 0.00000000
vn 0.70711300 -0.70710000 -0.00000000
vn 0.70710500 -0.70710800 0.00000000
vn 0.70711300 -0.70710000 -0.00000000
vn 0.70711300 -0.70710000 -0.00000000
vn 0.70710500 -0.70710800 0.00000000
vn 0.70710500 -0.70710800 0.00000000
vn 0.96594500 -0.25874600 0.00000100
vn 0.96594500 -0.25874600 0.00000100
vn 0.96594800 -0.25873600 0.00000000
vn 0.96594500 -0.25874600 0.00000100
vn 0.96594800 -0.25873600 0.00000000
vn 0.96594800 -0.25873600 0.00000000
vn 0.96595300 0.25871800 0.00000000
vn 0.96595300 0.25871800 0.00000000
vn 0.96595300 0.25871900 -0.00000000
vn 0.96595300 0.25871900 -0.00000000
vn 0.96595300 0.25871800 0.00000000
vn 0.96595300 0.25871900 -0.00000000
vn 0.70711100 0.70710200 -0.00000000
vn 0.70712200 0.70709100 -0.00000000
vn 0.70711100 0.70710200 -0.00000000
vn 0.70712200 0.70709100 -0.00000000
vn 0.70711100 0.70710200 -0.00000000
vn 0.70712200 0.70709100 -0.00000000
vn 0.25874900 0.96594500 0.00000000
vn 0.25874900 0.96594500 0.00000000
vn 0.25877100 0.96593900 0.00000000
vn 0.25874900 0.96594500 0.00000000
vn 0.25877100 0.96593900 0.00000000
vn 0.25877100 0.96593900 0.00000000
vn -0.25877300 0.96593800 0.00000000
vn -0.25875100 0.96594400 0.00000000
vn -0.25877300 0.96593800 0.00000000
vn -0.25875100 0.96594400 0.00000000
vn -0.25877300 0.96593800 0.00000000
vn -0.25875100 0.96594400 0.00000000
vn -0.70711700 0.70709600 0.00000000
vn -0.70710600 0.70710800 0.00000000
vn -0.70711700 0.70709600 0.00000000
vn -0.70710600 0.70710800 0.00000000
vn -0.70711700 0.70709600 0.00000000
vn -0.70710600 0.70710800 0.00000000
vn -0.96595400 0.25871500 0.00000000
vn -0.96595400 0.25871500 0.00000000
vn -0.96595400 0.25871500 0.00000000
vn -0.96595400 0.25871500 0.00000000
vn -0.96595400 0.25871500 0.00000000
vn -0.96595400 0.25871500 0.00000000
vn -0.96594800 -0.25873600 0.00000000
vn -0.96594900 -0.25873300 0.00000000
vn -0.96594800 -0.25873600 0.00000000
vn -0.96594900 -0.25873300 0.00000000
vn -0.96594800 -0.25873600 0.00000000
vn -0.96594900 -0.25873300 0.00000000
vn -0.70710400 -0.70710900 0.00000000
vn -0.70710400 -0.70710900 0.00000000
vn -0.70710400 -0.70711000 0.00000000
vn -0.70710400 -0.70710900 0.00000000
vn -0.70710400 -0.70711000 0.00000000
vn -0.70710400 -0.70711000 0.00000000
vn -0.25885700 -0.96591600 0.00000000
vn -0.25885700 -0.96591600 0.00000000
vn -0.25886700 -0.96591300 0.00000000
vn -0.25886700 -0.96591300 0.00000000
vn -0.25885700 -0.96591600 0.00000000
vn -0.25886700 -0.96591300 0.00000000
vn -0.00000000 0.00000300 1.00000000
vn 0.00000000 0.00000000 1.00000000
vn 0.00000000 0.00000000 1.00000000
vn 0.00000000 0.00000000 1.00000000
vn -0.00000000 0.00000300 1.00000000
vn 0.00000000 0.00000000 1.00000000
vn 0.00000000 0.00000000 1.00000000
vn 0.00000000 0.00000000 1.00000000
vn 0.00000000 0.00000000 1.00000000
vn -0.00000000 0.00000300 1.00000000
vn 0.00000000 0.00000000 1.00000000
vn 0.00000000 0.00000000 1.00000000
vn 0.00000000 0.00000000 1.00000000
vn 0.00000000 0.00000000 1.00000000
vn 0.00000000 0.00000000 1.00000000
vn 0.00000000 0.00000000 1.00000000
vn 0.25877000 -0.96593900 0.00000600
vn 0.25886600 -0.96591300 0.00000000
vn 0.25877000 -0.96593900 0.00000600
vn 0.25877000 -0.96593900 0.00000600
vn 0.25886600 -0.96591300 0.00000000
vn 0.25886600 -0.96591300 0.00000000
vn 0.70711200 -0.70710100 -0.00000000
vn 0.70710600 -0.70710800 0.00000000
vn 0.70711200 -0.70710100 -0.00000000
vn 0.70710600 -0.70710800 0.00000000
vn 0.70711200 -0.70710100 -0.00000000
vn 0.70710600 -0.70710800 0.00000000
vn 0.96594600 -0.25874300 0.00000100
vn 0.96594600 -0.25874300 0.00000100
vn 0.96594800 -0.25873800 0.00000000
vn 0.96594600 -0.25874300 0.00000100
vn 0.96594800 -0.25873800 0.00000000
vn 0.96594800 -0.25873800 0.00000000
vn 0.96595500 0.25871100 0.00000000
vn 0.96595500 0.25871200 -0.00000000
vn 0.96595500 0.25871100 0.00000000
vn 0.96595500 0.25871100 0.00000000
vn 0.96595500 0.25871200 -0.00000000
vn 0.96595500 0.25871200 -0.00000000
vn 0.70711000 0.70710300 -0.00000000
vn 0.70711000 0.70710300 -0.00000000
vn 0.70711100 0.70710300 0.00000000
vn 0.70711100 0.70710300 0.00000000
vn 0.70711000 0.70710300 -0.00000000
vn 0.70711100 0.70710300 0.00000000
vn 0.25877300 0.96593800 0.00000000
vn 0.25877300 0.96593800 0.00000000
vn 0.25876000 0.96594200 0.00000000
vn 0.25877300 0.96593800 0.00000000
vn 0.25876000 0.96594200 0.00000000
vn 0.25876000 0.96594200 0.00000000
vn -0.25876000 0.96594200 0.00000000
vn -0.25877200 0.96593800 -0.00000000
vn -0.25876000 0.96594200 0.00000000
vn -0.25877200 0.96593800 -0.00000000
vn -0.25876000 0.96594200 0.00000000
vn -0.25877200 0.96593800 -0.00000000
vn -0.70711200 0.70710100 -0.00000000
vn -0.70711200 0.70710100 -0.00000000
vn -0.70711100 0.70710200 0.00000000
vn -0.70711100 0.70710200 0.00000000
vn -0.70711200 0.70710100 -0.00000000
vn -0.70711100 0.70710200 0.00000000
vn -0.96586800 0.25903600 0.00000100
vn -0.96595500 0.25871100 0.00000000
vn -0.96586800 0.25903600 0.00000100
vn -0.96595500 0.25871100 0.00000000
vn -0.96586800 0.25903600 0.00000100
vn -0.96595500 0.25871100 0.00000000
vn -0.96594600 -0.25874200 0.00000000
vn -0.96594800 -0.25873600 0.00000000
vn -0.96594600 -0.25874200 0.00000000
vn -0.96594600 -0.25874200 0.00000000
vn -0.96594800 -0.25873600 0.00000000
vn -0.96594800 -0.25873600 0.00000000
vn -0.70710500 -0.70710900 0.00000000
vn -0.70710500 -0.70710900 0.00000000
vn -0.70710500 -0.70710900 0.00000000
vn -0.70710500 -0.70710900 0.00000000
vn -0.70710500 -0.70710900 0.00000000
vn -0.70710500 -0.70710900 0.00000000
vn -0.25877300 -0.96593800 0.00000000
vn -0.25877300 -0.96593800 0.00000000
vn -0.25886700 -0.96591300 0.00000600
vn -0.25886700 -0.96591300 0.00000600
vn -0.25877300 -0.96593800 0.00000000
vn -0.25886700 -0.96591300 0.00000600
vn -0.00000000 0.00000600 1.00000000
vn 0.00000000 0.00000000 1.00000000
vn 0.00000000 0.00000000 1.00000000
vn -0.00000000 0.00000300 1.00000000
vn 0.00000000 -0.00000300 1.00000000
vn 0.00000000 -0.00000600 1.00000000
vn -0.00000000 0.00000600 1.00000000
vn 0.00000000 0.00000000 1.00000000
vn 0.00000000 0.00000000 1.00000000
vn 0.00000000 0.00000000 1.00000000
vn 0.00000000 0.00000000 1.00000000
vn 0.00000000 0.00000000 1.00000000
vn -0.00000000 0.00000300 1.00000000
vn -0.00000000 0.00000600 1.00000000
vn -0.00000000 0.00000300 1.00000000
vn 0.00000000 0.00000000 1.00000000
vn 0.00000000 -0.00000600 1.00000000
vn 0.00000000 0.00000000 1.00000000
vn 0.00000000 0.00000000 1.00000000
vn 0.00000000 0.00000000 1.00000000
vn 0.00000000 -0.00000300 1.00000000
vn 0.00000000 -0.00000600 1.00000000
vn 0.00000000 -0.00000300 1.00000000
vn 0.25876000 -0.96594200 0.00000000
vn 0.25877100 -0.96593900 0.00000000
vn 0.25876000 -0.96594200 0.00000000
vn 0.25877100 -0.96593900 0.00000000
vn 0.25876000 -0.96594200 0.00000000
vn 0.25877100 -0.96593900 0.00000000
vn 0.70711300 -0.70710000 -0.00000000
vn 0.70711300 -0.70710000 -0.00000000
vn 0.70711100 -0.70710300 0.00000000
vn 0.70711300 -0.70710000 -0.00000000
vn 0.70711100 -0.70710300 0.00000000
vn 0.70711100 -0.70710300 0.00000000
vn 0.96595400 -0.25871500 0.00000100
vn 0.96595400 -0.25871500 0.00000100
vn 0.96586900 -0.25903200 0.00000000
vn 0.96595400 -0.25871500 0.00000100
vn 0.96586900 -0.25903200 -0.00000100
vn 0.96586900 -0.25903200 -0.00000100
vn 0.96594600 0.25874400 0.00000000
vn 0.96594600 0.25874500 -0.00000000
vn 0.96594600 0.25874400 0.00000000
vn 0.96594600 0.25874400 0.00000000
vn 0.96594600 0.25874500 -0.00000000
vn 0.96594600 0.25874500 -0.00000000
vn 0.70711100 0.70710200 -0.00000000
vn 0.70711100 0.70710200 -0.00000000
vn 0.70711100 0.70710300 -0.00000000
vn 0.70711100 0.70710200 -0.00000000
vn 0.70711100 0.70710300 -0.00000000
vn 0.70711100 0.70710300 -0.00000000
vn 0.25886600 0.96591300 0.00000000
vn 0.25886600 0.96591300 0.00000000
vn 0.25887700 0.96591000 0.00000000
vn 0.25886600 0.96591300 0.00000000
vn 0.25887700 0.96591000 0.00000000
vn 0.25887700 0.96591000 0.00000000
vn -0.25887900 0.96591000 0.00000000
vn -0.25886700 0.96591300 0.00000000
vn -0.25887900 0.96591000 0.00000000
vn -0.25886700 0.96591300 0.00000000
vn -0.25887900 0.96591000 0.00000000
vn -0.25886700 0.96591300 0.00000000
vn -0.70710600 0.70710700 0.00000000
vn -0.70710600 0.70710800 0.00000000
vn -0.70710600 0.70710700 0.00000000
vn -0.70710600 0.70710700 0.00000000
vn -0.70710600 0.70710800 0.00000000
vn -0.70710600 0.70710800 0.00000000
vn -0.96594700 0.25874100 0.00000000
vn -0.96594700 0.25874100 0.00000000
vn -0.96594700 0.25874100 0.00000000
vn -0.96594700 0.25874100 0.00000000
vn -0.96594700 0.25874100 0.00000000
vn -0.96594700 0.25874100 0.00000000
vn -0.96595600 -0.25870800 0.00000000
vn -0.96595700 -0.25870200 0.00000000
vn -0.96595600 -0.25870800 0.00000000
vn -0.96595700 -0.25870200 0.00000000
vn -0.96595600 -0.25870800 0.00000000
vn -0.96595700 -0.25870200 0.00000000
vn -0.70711000 -0.70710400 0.00000000
vn -0.70711000 -0.70710400 0.00000000
vn -0.70710400 -0.70711000 0.00000000
vn -0.70710400 -0.70711000 0.00000000
vn -0.70711000 -0.70710400 0.00000000
vn -0.70710400 -0.70711000 0.00000000
vn -0.25877200 -0.96593800 0.00000000
vn -0.25877200 -0.96593800 0.00000000
vn -0.25876100 -0.96594100 0.00000000
vn -0.25876100 -0.96594100 0.00000000
vn -0.25877200 -0.96593800 0.00000000
vn -0.25876100 -0.96594100 0.00000000
vn -0.00000000 0.00000300 1.00000000
vn 0.00000000 0.00000000 1.00000000
vn 0.00000000 0.00000000 1.00000000
vn -0.00000000 0.00000300 1.00000000
vn 0.00000000 0.00000000 1.00000000
vn 0.00000000 0.00000000 1.00000000
vn 0.00000000 0.00000000 1.00000000
vn 0.00000000 0.00000000 1.00000000
vn 0.00000000 0.00000000 1.00000000
vn 0.00000000 0.00000000 1.00000000
vn -0.00000000 0.00000300 1.00000000
vn 0.00000000 0.00000000 1.00000000
vn 0.00000000 0.00000000 1.00000000
vn 0.00000000 0.00000000 1.00000000
vn 0.00000000 0.00000000 1.00000000
vn 0.00000000 0.00000000 1.00000000
vn 0.25877000 -0.96593900 0.00000000
vn 0.25875000 -0.96594400 0.00000000
vn 0.25877000 -0.96593900 0.00000000
vn 0.25875000 -0.96594400 0.00000000
vn 0.25877000 -0.96593900 0.00000000
vn 0.25875000 -0.96594400 0.00000000
vn 0.70712400 -0.70709000 -0.00000000
vn 0.70712400 -0.70709000 -0.00000000
vn 0.70710600 -0.70710800 0.00000000
vn 0.70712400 -0.70709000 -0.00000000
vn 0.70710600 -0.70710800 0.00000000
vn 0.70710600 -0.70710800 0.00000000
vn 0.96595300 -0.25871700 0.00000100
vn 0.96595300 -0.25871700 0.00000100
vn 0.96595400 -0.25871200 0.00000000
vn 0.96595300 -0.25871700 0.00000100
vn 0.96595400 -0.25871200 0.00000000
vn 0.96595400 -0.25871200 0.00000000
vn 0.96594700 0.25873900 0.00000000
vn 0.96594700 0.25873900 0.00000000
vn 0.96594600 0.25874300 -0.00000000
vn 0.96594700 0.25873900 0.00000000
vn 0.96594600 0.25874300 -0.00000000
vn 0.96594600 0.25874300 -0.00000000
vn 0.70710500 0.70710900 -0.00000000
vn 0.70710500 0.70710900 -0.00000000
vn 0.70711100 0.70710300 0.00000000
vn 0.70710500 0.70710900 -0.00000000
vn 0.70711100 0.70710300 0.00000000
vn 0.70711100 0.70710300 0.00000000
vn 0.25885800 0.96591600 0.00000000
vn 0.25885800 0.96591600 0.00000000
vn 0.25886600 0.96591300 0.00000000
vn 0.25885800 0.96591600 0.00000000
vn 0.25886600 0.96591300 0.00000000
vn 0.25886600 0.96591300 0.00000000
vn -0.25886600 0.96591300 0.00000000
vn -0.25885700 0.96591600 -0.00000000
vn -0.25886600 0.96591300 0.00000000
vn -0.25885700 0.96591600 -0.00000000
vn -0.25886600 0.96591300 0.00000000
vn -0.25885700 0.96591600 -0.00000000
vn -0.70711300 0.70710100 -0.00000000
vn -0.70711300 0.70710100 -0.00000000
vn -0.70710600 0.70710700 0.00000000
vn -0.70710600 0.70710700 0.00000000
vn -0.70711300 0.70710100 -0.00000000
vn -0.70710600 0.70710700 0.00000000
vn -0.96594600 0.25874500 0.00000000
vn -0.96594700 0.25874100 0.00000000
vn -0.96594600 0.25874500 0.00000000
vn -0.96594700 0.25874100 0.00000000
vn -0.96594600 0.25874500 0.00000000
vn -0.96594700 0.25874100 0.00000000
vn -0.96595300 -0.25871700 0.00000000
vn -0.96595500 -0.25871100 0.00000000
vn -0.96595300 -0.25871700 0.00000000
vn -0.96595500 -0.25871100 0.00000000
vn -0.96595300 -0.25871700 0.00000000
vn -0.96595500 -0.25871100 0.00000000
vn -0.70710500 -0.70710900 0.00000000
vn -0.70710500 -0.70710900 0.00000000
vn -0.70711600 -0.70709700 0.00000000
vn -0.70710500 -0.70710900 0.00000000
vn -0.70711600 -0.70709700 0.00000000
vn -0.70711600 -0.70709700 0.00000000
vn -0.25875200 -0.96594400 0.00000000
vn -0.25877200 -0.96593900 0.00000000
vn -0.25875200 -0.96594400 0.00000000
vn -0.25877200 -0.96593900 0.00000000
vn -0.25875200 -0.96594400 0.00000000
vn -0.25877200 -0.96593900 0.00000000
vn 0.00000000 0.00000000 1.00000000
vn -0.00000000 0.00000600 1.00000000
vn 0.00000000 0.00000000 1.00000000
vn 0.00000000 0.00000000 1.00000000
vn 0.00000000 -0.00000300 1.00000000
vn 0.00000000 -0.00000600 1.00000000
vn -0.00000000 0.00000600 1.00000000
vn 0.00000000 -0.00000600 1.00000000
vn 0.00000000 0.00000000 1.00000000
vn 0.00000000 0.00000000 1.00000000
vn 0.00000000 0.00000000 1.00000000
vn 0.00000000 -0.00000600 1.00000000
vn 0.00000000 0.00000000 1.00000000
vn -0.00000000 0.00000600 1.00000000
vn 0.00000000 -0.00000600 1.00000000
vn 0.00000000 0.00000000 1.00000000
vn 0.00000000 -0.00000600 1.00000000
vn 0.00000000 0.00000000 1.00000000
vn 0.00000000 0.00000000 1.00000000
vn 0.00000000 -0.00000300 1.00000000
vn 0.00000000 0.00000000 1.00000000
vn 0.00000000 -0.00000600 1.00000000
vn 0.00000000 -0.00000300 1.00000000
vn -0.07845200 0.99691800 0.00000000
vn -0.07845200 0.99691800 0.00000000
vn 0.07845200 0.99691800 0.00000000
vn 0.07845200 0.99691800 0.00000000
vn 0.07845200 0.99691800 0.00000000
vn -0.07845200 -0.99691800 0.00000000
vn -0.07845200 -0.99691800 0.00000000
vn 0.07845200 -0.99691800 0.00000000
vn 0.07845200 -0.99691800 0.00000000
vn -0.53486800 -0.60129600 0.59359900
vn -0.54307900 -0.58477500 0.60258100
vn -0.64714300 -0.31457800 0.69444000
vn -0.72269200 -0.50328700 0.47372800
vn -0.39491600 -0.63738500 0.66165100
vn -0.39484800 -0.63740600 0.66167100
vn -0.47509700 -0.61881100 0.62558400
vn -0.49239400 -0.61502700 0.61586500
vn -0.18027100 -0.68374700 0.70710100
vn -0.25525500 -0.67662300 0.69067000
vn -0.31762900 -0.68420800 0.65648400
vn -0.06262400 -0.70571600 0.70572100
vn -0.03134300 -0.70675400 0.70676500
vn -0.09350900 -0.70400900 0.70400800
vn -0.09346400 -0.70401200 0.70401100
vn -0.70404100 -0.09351200 0.70397500
vn -0.70401300 -0.09347500 0.70400800
vn -0.64266800 -0.29828900 0.70569200
vn -0.57966500 -0.40740100 0.70570000
vn -0.40741500 -0.57966100 0.70569600
vn -0.29826800 -0.64267300 0.70569700
vn -0.70714600 -0.00000000 0.70706800
vn -0.70633700 0.04657300 0.70634200
vn -0.70634000 0.04653100 0.70634200
vn -0.06232700 0.70577500 0.70568900
vn -0.10246900 0.67136800 0.73400600
vn -0.30010300 0.59269700 0.74742800
vn -0.21763300 0.62207500 0.75210300
vn -0.37352000 0.60062900 0.70691400
vn -0.47743400 0.47742900 0.73764400
vn -0.54599300 0.39409900 0.73930900
vn -0.65723900 0.15189700 0.73821700
vn -0.65177100 0.20635200 0.72980400
vn -0.65175500 0.20627900 0.72983900
vn -0.61201000 0.16398800 0.77366200
vn -0.60062200 0.37351600 0.70692300
vn -0.06264400 0.70571600 0.70572000
vn -0.03135800 0.70675800 0.70676000
vn -0.16582100 0.68753500 0.70696400
vn -0.25640900 0.67615500 0.69070100
vn -0.43926900 0.63121300 0.63922800
vn -0.40630300 0.63895000 0.65319300
vn -0.52685200 0.60140400 0.60061600
vn -0.49239600 0.61502500 0.61586600
vn -0.63180600 0.30396700 0.71303900
vn -0.63185500 0.30400700 0.71297900
vn -0.59814100 0.28042700 0.75072500
vn -0.59814100 0.28042700 0.75072500
vn -0.73410600 0.50713500 0.45155600
vn -0.69912700 0.35942500 0.61809000
vn -0.98462300 -0.04115900 0.16977700
vn -0.97706500 -0.03373800 0.21025200
vn -0.96787800 0.00712300 0.25132100
vn -0.95198000 0.06677500 0.29878800
vn -0.94531600 0.27827600 0.17011600
vn -0.88025100 -0.06210800 0.47042700
vn -0.54845100 0.73968500 0.38995800
vn -0.54845100 0.73968500 0.38995800
vn -0.54845100 0.73968500 0.38995800
vn -0.87691300 0.45783100 0.14633600
vn -0.82123800 0.54430400 0.17117500
vn -0.74239400 0.63904200 0.20118600
vn -0.67265900 0.70645700 0.22010900
vn -0.62287700 0.29903100 0.72291400
vn -0.62287700 0.29903100 0.72291400
vn -0.62287700 0.29903100 0.72291400
vn -0.95559600 0.02989400 0.29316000
vn -0.95559600 0.02989400 0.29316000
vn -0.90091500 0.16327100 0.40211300
vn -0.90096300 0.16319600 0.40203600
vn -0.80375200 0.05577000 0.59234500
vn -0.77262900 0.14215700 0.61873700
vn -0.81429600 0.28562100 0.50531500
vn -0.78534000 0.31831200 0.53096000
vn -0.73811000 0.36369200 0.56826200
vn -0.71894400 0.37925200 0.58248400
vn -0.66570300 0.42532700 0.61313700
vn -0.63507300 0.44749200 0.62962900
vn -0.60240400 0.76227400 0.23674500
vn -0.62138700 0.74750100 0.23477800
vn -0.36110000 0.87538300 0.32142000
vn 0.22021400 0.93617700 0.27400300
vn 0.22021400 0.93617700 0.27400300
vn 0.22021400 0.93617700 0.27400300
vn -0.42007900 0.73960100 0.52585600
vn -0.35867700 0.76972200 0.52808900
vn -0.30921300 0.63665700 0.70643800
vn -0.55100200 0.51549100 0.65625200
vn -0.60928300 0.46443800 0.64270600
vn -0.70635700 0.37015900 0.60335900
vn 0.68758800 0.64714700 0.32927700
vn 0.68758800 0.64714700 0.32927700
vn 0.68758800 0.64714700 0.32927700
vn -0.46899100 0.43770500 0.76711300
vn -0.35588500 0.50377300 0.78712100
vn -0.61719200 0.02784000 0.78632000
vn -0.41058300 0.19199300 0.89138100
vn -0.50629900 0.08360800 0.85829500
vn -0.26711700 0.22989100 0.93584100
vn -0.41178500 0.12354500 0.90286700
vn -0.15460800 0.29370700 0.94330900
vn -0.15460800 0.29370700 0.94330900
vn -0.15460800 0.29370700 0.94330900
vn -0.46750700 0.05129500 0.88250000
vn 0.03502700 0.33412800 0.94187600
vn 0.03502700 0.33412800 0.94187600
vn 0.03502700 0.33412800 0.94187600
vn -0.31179500 0.13887800 0.93994500
vn -0.10915700 0.20081500 0.97352900
vn 0.26804500 0.88499800 0.38069800
vn 0.09853400 0.91658300 0.38751300
vn 0.07902500 0.98892500 0.12562700
vn -0.03536900 0.19453900 0.98025700
vn 0.05400400 0.18937100 0.98041900
vn 0.10003000 0.48082000 0.87109500
vn -0.02095300 0.34472400 0.93847000
vn 0.19033800 0.74553200 0.63871200
vn 0.10719900 0.58085400 0.80691800
vn 0.03174400 0.46522400 0.88462400
vn 0.24775900 0.81969300 0.51644700
vn 0.19099100 0.76803600 0.61126400
vn 0.13408400 0.69875800 0.70268000
vn 0.30079900 0.84324800 0.44548100
vn -0.16807600 0.95531400 0.24315800
vn -0.14341900 0.80669100 0.57330700
vn -0.07644300 0.67397900 0.73478500
vn -0.12966400 0.55563000 0.82125700
vn 0.01983600 0.19940900 0.97971500
vn -0.99527800 0.02954500 0.09245800
vn -0.98308800 0.05748700 0.17388000
vn -0.81282700 -0.04698600 0.58060700
vn -0.81278700 -0.04692300 0.58066800
vn -0.92547400 -0.11676700 0.36036600
vn -0.90104700 -0.20377800 0.38286900
vn -0.91458000 -0.33573600 0.22544500
vn -0.90818200 0.12373200 0.39987000
vn -0.96772500 -0.02631100 0.25063000
vn -0.97425800 0.04322300 0.22125500
vn -0.86902400 -0.19766300 0.45357000
vn -0.35882000 -0.76972200 0.52799300
vn -0.29718700 -0.79355000 0.53099800
vn -0.39145300 -0.80709400 0.44200000
vn -0.28941500 -0.64572300 0.70659800
vn -0.12408900 -0.45729900 0.88061300
vn 0.20627400 -0.35599000 0.91144000
vn -0.52105300 -0.81610300 0.24996000
vn 0.74083800 -0.66216200 0.11269800
vn 0.74083800 -0.66216200 0.11269800
vn 0.74083800 -0.66216200 0.11269800
vn -0.29982600 -0.91859800 0.25745100
vn -0.60064900 -0.76322000 0.23815200
vn -0.37136900 -0.60796400 0.70175900
vn -0.37136900 -0.60796400 0.70175900
vn -0.37136900 -0.60796400 0.70175900
vn 0.87929500 -0.46877700 0.08418900
vn 0.87929500 -0.46877700 0.08418900
vn 0.87929500 -0.46877700 0.08418900
vn -0.43527400 -0.45862600 0.77472500
vn -0.89259800 -0.34746500 0.28729100
vn -0.82719400 -0.43511400 0.35556400
vn -0.76247500 -0.61469700 0.20193800
vn -0.69675100 -0.68245000 0.22090800
vn -0.80127900 -0.29815200 0.51870700
vn -0.75154300 -0.35557300 0.55565300
vn -0.75429700 -0.34740300 0.55708800
vn -0.67740300 -0.42055000 0.60354100
vn -0.67878400 -0.41154300 0.60818100
vn -0.65339800 -0.43058300 0.62263100
vn -0.69411600 -0.38944500 0.60542200
vn -0.69137900 -0.39213400 0.60681700
vn -0.07494200 -0.25660100 0.96360800
vn 0.09806100 -0.32900800 0.93922200
vn -0.28273200 -0.17980300 0.94219600
vn -0.18372100 -0.23883800 0.95352100
vn -0.45308300 -0.09926600 0.88592400
vn -0.50793300 -0.08873800 0.85681400
vn -0.58260100 -0.04724700 0.81138400
vn -0.67475900 -0.00112700 0.73803800
vn -0.72357300 0.03401100 0.68940900
vn -0.13005400 -0.71515900 0.68675600
vn 0.08312600 -0.98739700 0.13467200
vn -0.01796300 -0.30565900 0.95197200
vn 0.04703500 -0.47309000 0.87975800
vn 0.08796600 -0.34881900 0.93305300
vn 0.12143700 -0.56756600 0.81432300
vn 0.11858500 -0.64647000 0.75366800
vn 0.17252100 -0.69058400 0.70237500
vn -0.03039300 -0.16070500 0.98653400
vn 0.14756300 -0.71193100 0.68657100
vn 0.18155800 -0.77248500 0.60852600
vn 0.23078700 -0.82152000 0.52138500
vn -0.14872100 -0.92111100 0.35977300
vn 0.12167400 -0.89996800 0.41863300
vn 0.22244400 -0.92014400 0.32226300
vn 0.24225100 -0.85725800 0.45433900
vn -0.04379000 -0.39316700 0.91842400
vn -0.26804700 -0.88499800 0.38069500
vn -0.09853200 -0.91658300 0.38751400
vn -0.07899800 -0.98894400 0.12549700
vn -0.09335700 -0.32058500 0.94260800
vn 0.01442500 -0.26038300 0.96539800
vn 0.07074100 -0.13290400 0.98860100
vn -0.19034000 -0.74553400 0.63871000
vn -0.10719900 -0.58085200 0.80692000
vn -0.07257900 -0.55082000 0.83146200
vn -0.01892800 -0.44175200 0.89693800
vn -0.24776100 -0.81969300 0.51644700
vn -0.19099500 -0.76804000 0.61125800
vn -0.13411700 -0.69876400 0.70266800
vn -0.30079400 -0.84324500 0.44548800
vn 0.20076800 -0.92946000 0.30950900
vn 0.30985800 -0.63657500 0.70622900
vn 0.30976600 -0.63655400 0.70628800
vn 0.35500900 -0.77135000 0.52819300
vn 0.36333100 -0.87446400 0.32140900
vn 0.07473200 -0.82837800 0.55516200
vn 0.07644300 -0.67397900 0.73478500
vn 0.12966400 -0.55563000 0.82125700
vn 0.36882600 -0.49683800 0.78556900
vn 0.10916100 -0.20082600 0.97352600
vn -0.01983600 -0.19941100 0.97971500
vn 0.93782200 -0.09712900 0.33325000
vn 0.93060600 -0.29745200 0.21329300
vn 0.89636700 -0.39739600 0.19647500
vn 0.91335100 -0.11959600 0.38921300
vn 0.88198000 -0.01070600 0.47116500
vn 0.82122300 -0.54432400 0.17118300
vn 0.74242700 -0.63900700 0.20117700
vn 0.67262300 -0.70648700 0.22012300
vn 0.61383700 -0.75339400 0.23580000
vn 0.60758800 -0.75835600 0.23607800
vn 0.57930600 -0.77912000 0.23953500
vn -0.21340000 -0.93779100 0.27387700
vn -0.21340000 -0.93779100 0.27387700
vn -0.21340000 -0.93779100 0.27387700
vn 0.41298800 -0.74318100 0.52642500
vn 0.49307400 -0.42198100 0.76079600
vn -0.71098600 -0.63147900 0.30940800
vn -0.71098600 -0.63147900 0.30940800
vn -0.71098600 -0.63147900 0.30940800
vn 0.51775900 -0.52870500 0.67260500
vn 0.61001200 -0.46647400 0.64053600
vn 0.60654100 -0.47086800 0.64061800
vn 0.67148300 -0.41961500 0.61076400
vn 0.66567000 -0.42535700 0.61315200
vn 0.71894500 -0.37925000 0.58248400
vn 0.73811300 -0.36369000 0.56826000
vn 0.78534000 -0.31830900 0.53096200
vn 0.81428800 -0.28562500 0.50532400
vn 0.77262900 -0.14215900 0.61873700
vn 0.82168100 -0.06883000 0.56577700
vn 0.61719200 -0.02784000 0.78632000
vn 0.41058300 -0.19199300 0.89138100
vn 0.50627100 -0.08364300 0.85830900
vn 0.26735900 -0.22964400 0.93583300
vn 0.41176300 -0.12357700 0.90287300
vn 0.32725300 -0.16915200 0.92967400
vn 0.17517900 -0.28120500 0.94352300
vn 0.32714300 -0.16927200 0.92969100
vn -0.10707000 -0.36834700 0.92350200
vn -0.10707000 -0.36834700 0.92350200
vn -0.10707000 -0.36834700 0.92350200
vn 0.31179500 -0.13887800 0.93994500
vn 0.98462300 0.04116800 0.16977300
vn 0.97705600 0.03372200 0.21029400
vn 0.96787000 -0.00713700 0.25135000
vn 0.92575600 -0.09478900 0.36604800
vn 0.99529200 -0.02954500 0.09231300
vn 0.98308800 -0.05747700 0.17387900
vn 0.81281900 0.04698200 0.58061800
vn 0.92685200 0.08039100 0.36671800
vn 0.90104900 0.20377300 0.38286700
vn 0.91458000 0.33573600 0.22544500
vn 0.90749000 -0.11875900 0.40293700
vn 0.96773600 0.02632400 0.25058600
vn 0.97425800 -0.04322300 0.22125500
vn 0.73442800 0.03652100 0.67770300
vn 0.35866300 0.76982000 0.52795700
vn 0.29713800 0.79356200 0.53100700
vn 0.39110200 0.80724700 0.44203100
vn 0.28933200 0.64575400 0.70660400
vn 0.12416600 0.45737200 0.88056500
vn 0.12403300 0.45731800 0.88061100
vn -0.20627400 0.35599000 0.91144000
vn 0.52105600 0.81610100 0.24995900
vn -0.74083900 0.66215800 0.11271400
vn -0.74083900 0.66215800 0.11271400
vn -0.74083900 0.66215800 0.11271400
vn 0.29983200 0.91859600 0.25745400
vn 0.60067900 0.76319800 0.23814500
vn 0.37158900 0.60783800 0.70175100
vn 0.37158900 0.60783800 0.70175100
vn 0.37158900 0.60783800 0.70175100
vn -0.87929500 0.46877700 0.08418900
vn -0.87929500 0.46877700 0.08418900
vn -0.87929500 0.46877700 0.08418900
vn 0.43500300 0.45901400 0.77464700
vn 0.89259800 0.34746500 0.28729100
vn 0.82716900 0.43515000 0.35557800
vn 0.76244400 0.61473100 0.20195400
vn 0.69673100 0.68246500 0.22092200
vn 0.86639500 0.21678500 0.44984800
vn 0.80127800 0.29815000 0.51870900
vn 0.75151300 0.35560600 0.55567200
vn 0.75429600 0.34740100 0.55709100
vn 0.67738800 0.42056600 0.60354700
vn 0.67881300 0.41151300 0.60816900
vn 0.65339700 0.43058300 0.62263200
vn 0.69416700 0.38939500 0.60539600
vn 0.69134900 0.39212200 0.60685800
vn 0.07494800 0.25661400 0.96360400
vn -0.09823100 0.32917500 0.93914500
vn 0.28273500 0.17980900 0.94219400
vn 0.18372100 0.23883800 0.95352100
vn 0.45311800 0.09923700 0.88591000
vn 0.50796500 0.08870500 0.85679800
vn 0.58260400 0.04725200 0.81138100
vn 0.13005400 0.71515900 0.68675600
vn -0.08309000 0.98739300 0.13472400
vn 0.01722000 0.21999000 0.97535000
vn 0.00261100 0.36595900 0.93062700
vn -0.07232300 0.34255100 0.93671100
vn -0.10811500 0.57393200 0.81173500
vn -0.11858100 0.64646900 0.75366800
vn -0.17662700 0.67508000 0.71628900
vn -0.08393400 0.49510100 0.86477200
vn -0.14755500 0.71192300 0.68658100
vn -0.18155500 0.77248500 0.60852700
vn -0.23078300 0.82151900 0.52138800
vn 0.14872400 0.92111000 0.35977400
vn -0.12167400 0.89996800 0.41863300
vn -0.22244700 0.92014200 0.32226600
vn -0.24225100 0.85725700 0.45434000
vn 0.06866800 0.55133900 0.83145100
vn 0.01754400 0.22262300 0.97474700
vn -0.12729700 -0.24840800 0.96025500
vn -0.87688700 -0.07877600 0.47419900
vn -0.69426100 -0.10956000 0.71133600
vn -0.33695400 -0.12277700 0.93348100
vn -0.97896800 -0.04540800 0.19889600
vn -0.97758700 -0.07136300 0.19806800
vn -0.81200800 -0.15524800 0.56262000
vn -0.81200900 -0.15518800 0.56263500
vn -0.81545200 -0.11945100 0.56636400
vn -0.50666800 -0.15604500 0.84790200
vn -0.66695700 -0.22833300 0.70924800
vn -0.49859000 -0.24818900 0.83054900
vn -0.49860000 -0.24815700 0.83055100
vn -0.24542700 -0.45441000 0.85631600
vn -0.62844700 -0.38476000 0.67602800
vn -0.89566900 -0.24367300 0.37202200
vn -0.61713000 -0.74109500 0.26443900
vn -0.27890800 -0.94221200 0.18559700
vn 0.13817300 -0.91834800 0.37087000
vn 0.21150800 -0.92688300 0.31008500
vn -0.13132400 -0.98508100 0.11122000
vn 0.01583600 -0.99435900 0.10487700
vn -0.02159700 -0.97172700 0.23511600
vn 0.11697700 -0.96845400 0.22003100
vn -0.45400400 -0.86444700 0.21589800
vn -0.11853700 -0.93926400 0.32207600
vn -0.25422200 -0.88461100 0.39094000
vn 0.07758200 -0.87896100 0.47054100
vn -0.83223100 -0.53442600 0.14758200
vn -0.60292000 -0.66711000 0.43755200
vn -0.35909900 -0.80177200 0.47771300
vn 0.01100600 -0.82644100 0.56291500
vn 0.05578400 -0.63533000 0.77022400
vn -0.13514400 -0.59667800 0.79101900
vn -0.31879400 -0.69746300 0.64180700
vn -0.31883600 -0.69740000 0.64185400
vn -0.51265700 -0.58494500 0.62850800
vn 0.08248800 -0.68511500 0.72375000
vn -0.13534200 -0.78927200 0.59894200
vn -0.28756600 -0.71485900 0.63740300
vn -0.34082500 -0.62641100 0.70103400
vn -0.64273400 -0.64474300 0.41376300
vn -0.75851200 -0.48286500 0.43760900
vn -0.88881200 -0.42707200 0.16620200
vn -0.00520800 -0.99539400 0.09572300
vn -0.10132500 -0.97690700 0.18811000
vn -0.19999400 -0.94072500 0.27393400
vn 0.09441300 -0.98832400 0.11958900
vn 0.42780800 -0.46272600 0.77644400
vn 0.46922300 -0.40788200 0.78323800
vn 0.17591000 -0.65274500 0.73687200
vn -0.17381500 -0.92089200 0.34892100
vn -0.12132400 -0.90502500 0.40769000
vn -0.05170500 -0.85952300 0.50847500
vn 0.02488900 -0.78595400 0.61778300
vn 0.01354600 -0.47489900 0.87993600
vn -0.05970400 -0.96604000 0.25140100
vn 0.05851400 -0.95021300 0.30605700
vn 0.20442700 -0.90146000 0.38154900
vn 0.34323900 -0.80769500 0.47939000
vn 0.40712600 -0.67371700 0.61672800
vn 0.79583900 -0.30691700 0.52196000
vn 0.71390500 -0.52024700 0.46870400
vn 0.76256600 -0.36396300 0.53481200
vn 0.29103400 -0.94403000 0.15526500
vn 0.49195500 -0.85074300 0.18498000
vn 0.54855800 -0.81394700 0.19124300
vn 0.57277800 -0.71138800 0.40725100
vn 0.57268300 -0.71144800 0.40727800
vn 0.68287500 -0.54462500 0.48689400
vn 0.97472400 -0.15474600 0.16114400
vn 0.94576400 -0.25782100 0.19763600
vn 0.80485000 -0.56982200 0.16589300
vn 0.80758100 -0.58958000 0.01444100
vn 0.80483900 -0.56981800 0.16595600
vn 0.97872300 -0.05901700 0.19651600
vn 0.52923000 -0.12134200 0.83975700
vn 0.52688700 -0.10279100 0.84369700
vn 0.82332500 -0.06651300 0.56365900
vn 0.81988000 -0.07070400 0.56815300
vn 0.97980700 -0.02976100 0.19771900
vn 0.13768000 -0.15320600 0.97855600
vn 0.08653100 -0.30287300 0.94909400
vn 0.50668100 -0.26693200 0.81976900
vn 0.50667900 -0.26687600 0.81978900
vn 0.51729600 -0.17439000 0.83785000
vn 0.81201300 -0.13232900 0.56843900
vn 0.81143100 -0.18184800 0.55543700
vn 0.80795300 -0.17055900 0.56402300
vn 0.80793900 -0.17061100 0.56402700
vn 0.47562400 -0.32129300 0.81887300
vn 0.97805600 0.06438800 0.19814200
vn 0.23993700 0.47476400 0.84677600
vn 0.40976100 0.32513100 0.85228300
vn 0.58690500 0.42717400 0.68779800
vn 0.58683700 0.42715700 0.68786600
vn 0.48751400 0.28450300 0.82546300
vn 0.78869700 0.26378400 0.55531500
vn 0.80252700 0.20984200 0.55849500
vn 0.89410100 0.25415800 0.36876400
vn 0.89413800 0.25415800 0.36867500
vn 0.80392500 0.19536500 0.56172700
vn 0.97697900 0.08421300 0.19601300
vn 0.10188500 0.28806200 0.95217600
vn 0.29582900 0.18388600 0.93737400
vn 0.29570300 0.18383500 0.93742400
vn 0.49743800 0.25162400 0.83020500
vn 0.68508300 0.12219000 0.71814400
vn 0.85948100 0.10596400 0.50006300
vn 0.87927600 0.39638700 0.26410600
vn -0.11697900 0.96845200 0.22003800
vn -0.21151800 0.92688400 0.31007400
vn -0.13813000 0.91835300 0.37087500
vn 0.13514900 0.59667300 0.79102200
vn -0.05578000 0.63533400 0.77022000
vn 0.01803000 0.75198700 0.65893100
vn -0.01100100 0.82643600 0.56292300
vn -0.07758200 0.87896000 0.47054300
vn 0.48470200 0.59352800 0.64248600
vn 0.31880200 0.69745100 0.64181600
vn 0.28751600 0.71490500 0.63737400
vn 0.28753500 0.71489000 0.63738200
vn 0.27871300 0.77783000 0.56329400
vn 0.30942500 0.80538900 0.50557300
vn 0.25422000 0.88463300 0.39089200
vn 0.11850000 0.93926100 0.32209700
vn 0.02163300 0.97171600 0.23516000
vn -0.01581500 0.99436200 0.10485200
vn 0.67831700 0.55511400 0.48138800
vn 0.64275100 0.64470600 0.41379300
vn 0.72308500 0.62440100 0.29541800
vn 0.72300000 0.62442000 0.29558600
vn 0.58540000 0.74566400 0.31826500
vn 0.58843300 0.76061200 0.27425400
vn 0.45045400 0.86795200 0.20916500
vn 0.25874600 0.94726000 0.18907300
vn 0.13128600 0.98508700 0.11120600
vn 0.00521000 0.99539400 0.09572300
vn 0.10129100 0.97691700 0.18807800
vn 0.19999400 0.94072500 0.27393400
vn -0.09441800 0.98832800 0.11955100
vn -0.42755500 0.47426500 0.76959000
vn -0.46276800 0.43244100 0.77384800
vn -0.17592300 0.65276100 0.73685400
vn 0.17381600 0.92089300 0.34891800
vn 0.12135500 0.90503500 0.40765700
vn 0.05170400 0.85952200 0.50847700
vn -0.02489000 0.78595600 0.61778100
vn -0.01357300 0.48818100 0.87263700
vn 0.05970400 0.96604000 0.25140100
vn -0.05851700 0.95024100 0.30597100
vn -0.20442700 0.90146000 0.38154900
vn -0.34323100 0.80770100 0.47938700
vn -0.40711800 0.67371000 0.61674100
vn -0.79284100 0.32405300 0.51613300
vn -0.71390100 0.52025500 0.46870000
vn -0.76205600 0.37187500 0.53007500
vn -0.29103500 0.94403100 0.15525600
vn -0.49195700 0.85074100 0.18498100
vn -0.54858000 0.81394100 0.19120400
vn -0.57276700 0.71139900 0.40724700
vn -0.57269400 0.71144300 0.40727300
vn -0.68287000 0.54463100 0.48689400
vn -0.97405500 0.16095300 0.15909300
vn -0.94576400 0.25781900 0.19763500
vn -0.80758100 0.58958000 0.01444100
vn -0.80483900 0.56981800 0.16595600
vn -0.10752100 0.22515100 0.96837300
vn -0.80232600 0.21001800 0.55871700
vn -0.80364900 0.22245500 0.55196200
vn -0.47468500 0.33041200 0.81578400
vn -0.48718800 0.32523800 0.81047400
vn -0.06527300 0.35852200 0.93123700
vn -0.97781700 0.07494900 0.19559100
vn -0.97916700 0.04228500 0.19860600
vn -0.81233600 0.10966800 0.57278500
vn -0.81233100 0.10959800 0.57280600
vn -0.80831200 0.17193800 0.56308800
vn -0.50895800 0.23063100 0.82932000
vn -0.50852000 0.15943600 0.84616000
vn -0.52299600 0.14763300 0.83945200
vn -0.48743000 0.27156200 0.82985900
vn -0.81948400 0.07260800 0.56848400
vn -0.00000000 -0.70716300 0.70705000
vn 0.00000100 -0.70714900 0.70706500
vn 0.00000100 -0.70711300 0.70710100
vn 0.00000000 -0.70701700 0.70719700
vn 0.00000000 -0.70701700 0.70719700
vn -0.00000000 -0.70716400 0.70705000
vn 0.00000000 -0.70701700 0.70719700
vn -0.00055100 -0.78531000 0.61910300
vn -0.00000000 -0.72131200 0.69261100
vn 0.00000100 -0.70711300 0.70710100
vn 0.00000100 -0.70714900 0.70706500
vn 0.00000000 -0.70709900 0.70711500
vn 0.00000100 -0.70711300 0.70710100
vn -0.00000000 -0.70716400 0.70705000
vn 0.00000100 -0.70714900 0.70706500
vn -0.00000000 0.70697700 0.70723700
vn -0.00000000 0.70700900 0.70720500
vn 0.00000000 0.70713600 0.70707700
vn -0.00000000 0.70713600 0.70707800
vn -0.00000000 0.70700900 0.70720500
vn -0.00000000 0.70697700 0.70723700
vn -0.00000000 0.70700900 0.70720500
vn 0.00000300 0.77301300 0.63439100
vn -0.00044800 0.77789000 0.62840000
vn -0.00000000 0.70710100 0.70711300
vn -0.00000000 0.70713600 0.70707800
vn -0.00000000 0.70713600 0.70707800
vn -0.00000000 0.70697700 0.70723700
vn 0.00000000 -0.98079000 0.19506500
vn 0.00000000 -0.98079000 0.19506500
vn 0.00000000 -0.83145900 0.55558500
vn -0.00109900 -0.84188600 0.53965500
vn -0.00110100 -0.79730400 0.60357700
vn -0.00008900 0.95350100 0.30138900
vn -0.00007800 0.90131500 0.43316400
vn -0.62889100 -0.33040500 -0.70379600
vn -0.63851500 -0.30813700 -0.70523000
vn -0.66492200 -0.24062600 -0.70709100
vn -0.66487300 -0.24058400 -0.70715100
vn -0.66486800 -0.24057800 -0.70715900
vn -0.66487300 -0.24058400 -0.70715100
vn -0.66487300 -0.24058400 -0.70715100
vn -0.66486800 -0.24059900 -0.70715100
vn -0.66486800 -0.24057800 -0.70715900
vn -0.66486900 -0.24059900 -0.70715000
vn -0.66486800 -0.24057800 -0.70715900
vn -0.67006300 -0.22613300 -0.70702200
vn -0.66496400 -0.24060600 -0.70705900
vn -0.67827600 -0.20193300 -0.70651600
vn -0.04836000 -0.70628200 -0.70627700
vn -0.04835100 -0.70627600 -0.70628300
vn -0.09668300 -0.70379400 -0.70379400
vn -0.23548100 -0.66763200 -0.70627000
vn -0.32482100 -0.62902700 -0.70626900
vn -0.48097400 -0.51946800 -0.70627000
vn -0.54768400 -0.44858200 -0.70627000
vn -0.69279100 -0.14228500 -0.70696200
vn -0.69986900 -0.10194200 -0.70695900
vn -0.70651500 -0.04093700 -0.70651300
vn -0.70696100 -0.02050400 -0.70695500
vn -0.09346800 -0.70401300 -0.70400900
vn -0.12456500 -0.70159900 -0.70160000
vn 0.00000000 -0.70708500 -0.70712800
vn -0.70538600 -0.06979600 -0.70537900
vn -0.70538900 -0.06976200 -0.70537900
vn -0.29831500 -0.64264400 -0.70570300
vn -0.40740500 -0.57965600 -0.70570600
vn -0.57964800 -0.40741000 -0.70570900
vn -0.64264800 -0.29829100 -0.70571000
vn -0.70400100 -0.09345900 -0.70402200
vn -0.70399700 -0.09349800 -0.70402200
vn -0.09303700 -0.70404000 -0.70404000
vn -0.04651800 -0.70633200 -0.70635100
vn -0.19798800 -0.68105100 -0.70496100
vn -0.27931100 -0.63893300 -0.71676300
vn -0.37582700 -0.59009000 -0.71452600
vn -0.37583500 -0.59008000 -0.71453000
vn -0.38000800 -0.56877500 -0.72944400
vn -0.50000300 -0.49997700 -0.70712100
vn -0.52416700 -0.46090700 -0.71611000
vn -0.59012900 -0.37578300 -0.71451700
vn -0.59006900 -0.37585200 -0.71453000
vn -0.56878300 -0.38004900 -0.72941700
vn -0.67044900 -0.22715600 -0.70632700
vn -0.68107000 -0.19794000 -0.70495700
vn -0.70710200 -0.00000000 -0.70711200
vn -0.65355800 0.07105200 -0.75353400
vn -0.70400400 0.09354700 -0.70400800
vn 0.06986600 -0.70537200 -0.70538500
vn 0.06979900 -0.70537200 -0.70539300
vn 0.00000000 -0.70712300 -0.70709100
vn -0.55255700 0.27870100 -0.78549800
vn -0.56330500 0.20659800 -0.80000300
vn -0.60062000 0.37351800 -0.70692300
vn -0.45072800 0.45075100 -0.77049800
vn -0.39089100 0.45717600 -0.79887100
vn -0.04653100 0.70634500 -0.70633700
vn -0.04653100 0.70633800 -0.70634400
vn -0.04655900 0.70634100 -0.70633900
vn -0.13911900 0.61010800 -0.78000900
vn -0.19816500 0.62084000 -0.75847700
vn -0.22692000 0.57779500 -0.78400200
vn -0.37357800 0.60058800 -0.70691900
vn -0.37361700 0.60056300 -0.70691900
vn 0.70538800 -0.06981900 -0.70537400
vn 0.70537800 -0.06982700 -0.70538300
vn 0.67048000 -0.22704700 -0.70633300
vn 0.63466400 -0.31352500 -0.70633100
vn 0.53256100 -0.46634400 -0.70633000
vn 0.46636600 -0.53253700 -0.70633400
vn 0.31351800 -0.63466100 -0.70633700
vn 0.22706200 -0.67046800 -0.70633900
vn -0.09669800 0.70379200 -0.70379400
vn -0.07242100 0.70525100 -0.70524900
vn -0.00000000 0.70708500 -0.70712800
vn -0.00000000 0.70708500 -0.70712800
vn 0.70651000 -0.04097200 -0.70651600
vn 0.70651000 -0.04093300 -0.70651800
vn 0.70695300 -0.02047500 -0.70696400
vn -0.65478600 0.26778500 -0.70678600
vn -0.62890000 0.33039600 -0.70379200
vn -0.54761400 0.44866100 -0.70627300
vn -0.54773000 0.44853600 -0.70626300
vn -0.60866600 0.37410900 -0.69969100
vn -0.41030400 0.58485300 -0.69971300
vn -0.32480000 0.62903500 -0.70627200
vn -0.23545600 0.66763800 -0.70627200
vn 0.70601200 -0.06143300 -0.70553100
vn 0.69647100 -0.12215800 -0.70711100
vn 0.69279800 -0.14227800 -0.70695700
vn 0.67308300 -0.21742600 -0.70688400
vn 0.67509200 -0.21151200 -0.70676300
vn -0.66487600 0.24057700 -0.70715100
vn -0.67501700 0.21173800 -0.70676700
vn -0.66496400 0.24060500 -0.70705900
vn -0.67007900 0.22610500 -0.70701600
vn -0.66487000 0.24059400 -0.70715100
vn -0.66486800 0.24057800 -0.70715800
vn 0.66496400 -0.24060500 -0.70705900
vn 0.66486700 -0.24058000 -0.70715900
vn 0.67309100 -0.21739200 -0.70688700
vn 0.66491100 -0.24060100 -0.70711000
vn 0.67501900 -0.21168900 -0.70678000
vn -0.70695300 0.02047500 -0.70696400
vn -0.70650300 0.04096400 -0.70652400
vn -0.69986600 0.10190700 -0.70696700
vn -0.69279200 0.14228300 -0.70696200
vn -0.69277800 0.14235500 -0.70696100
vn -0.68454400 0.18240100 -0.70578300
vn 0.67828200 0.20191800 -0.70651500
vn 0.67005900 0.22613000 -0.70702600
vn 0.69279700 0.14228200 -0.70695700
vn 0.69987400 0.10194200 -0.70695500
vn 0.70696100 0.02051900 -0.70695500
vn 0.70695900 -0.02047900 -0.70695800
vn 0.69986500 -0.10195600 -0.70696100
vn 0.69279200 -0.14228300 -0.70696200
vn -0.70401400 0.09346700 -0.70400800
vn -0.70401700 0.09347600 -0.70400500
vn 0.66491100 0.24060100 -0.70711000
vn 0.66486600 0.24058400 -0.70715800
vn 0.67005100 0.22612800 -0.70703400
vn 0.66496400 0.24060600 -0.70705900
vn 0.67828700 0.20188600 -0.70651900
vn -0.69468200 0.18612300 -0.69482000
vn -0.58236100 0.36652100 -0.72561600
vn -0.58247000 0.36639800 -0.72559000
vn -0.56329900 0.43232300 -0.70412400
vn -0.48921800 0.48926200 -0.72200300
vn -0.48924400 0.48922300 -0.72201200
vn -0.46713400 0.46712000 -0.75072300
vn -0.31228700 0.63527300 -0.70633200
vn -0.27053200 0.65667300 -0.70398400
vn -0.09349900 0.70400000 -0.70401800
vn -0.09347800 0.70400300 -0.70401800
vn 0.69278400 0.14233100 -0.70696000
vn 0.69987400 0.10194300 -0.70695400
vn 0.70652000 0.04093600 -0.70650800
vn 0.70696200 0.02050400 -0.70695400
vn -0.00000000 0.70712300 -0.70709100
vn 0.06234800 0.70572700 -0.70573500
vn 0.12455700 0.70159400 -0.70160700
vn 0.70400200 0.09352900 -0.70401200
vn 0.70401100 0.09346200 -0.70401300
vn 0.29831100 0.64264700 -0.70570200
vn 0.40742900 0.57964700 -0.70569900
vn 0.57966800 0.40739100 -0.70570400
vn 0.64264900 0.29830700 -0.70570200
vn 0.15949600 0.68926700 -0.70673400
vn 0.22185900 0.67179300 -0.70673400
vn 0.33956000 0.62066800 -0.70673200
vn 0.39486900 0.58703100 -0.70673500
vn 0.49445400 0.50600100 -0.70673800
vn 0.49439600 0.50606900 -0.70672900
vn 0.44826700 0.55101300 -0.70387600
vn 0.58032500 0.40963800 -0.70386000
vn 0.61260600 0.35389800 -0.70673200
vn 0.64238300 0.29643100 -0.70673400
vn 0.68536800 0.17547800 -0.70673700
vn 0.69853700 0.11209500 -0.70673900
vn 0.70729700 -0.01593400 -0.70673700
vn 0.70288400 -0.08053000 -0.70673100
vn 0.67677800 -0.20616800 -0.70673000
vn 0.65509200 -0.26717900 -0.70673200
vn 0.59605500 -0.38111100 -0.70673400
vn 0.55871000 -0.43401100 -0.70673700
vn 0.47113000 -0.52779200 -0.70673300
vn 0.42093200 -0.56863300 -0.70673400
vn 0.31125400 -0.63533400 -0.70673300
vn 0.25187700 -0.66112000 -0.70673800
vn 0.14418800 -0.69309600 -0.70627800
vn 0.09633900 -0.70050900 -0.70711100
vn 0.01610900 -0.70701100 -0.70701900
vn -0.01611300 -0.70701400 -0.70701600
vn -0.09631100 -0.70051700 -0.70710700
vn -0.14421400 -0.69309400 -0.70627400
vn -0.25187000 -0.66112700 -0.70673400
vn -0.31126400 -0.63532300 -0.70673800
vn -0.42090500 -0.56864700 -0.70673800
vn -0.47111800 -0.52779700 -0.70673700
vn -0.55872000 -0.43400300 -0.70673400
vn -0.59605400 -0.38111400 -0.70673400
vn -0.65508900 -0.26717800 -0.70673400
vn -0.67676700 -0.20617500 -0.70673800
vn -0.70287800 -0.08051700 -0.70673800
vn -0.70729500 -0.01592400 -0.70673900
vn -0.69853700 0.11209000 -0.70674100
vn -0.68536400 0.17549100 -0.70673800
vn -0.64238300 0.29641900 -0.70673900
vn -0.61261100 0.35388500 -0.70673400
vn -0.53861000 0.45872200 -0.70673400
vn -0.49443900 0.50602200 -0.70673300
vn -0.39481400 0.58707300 -0.70673000
vn -0.39490300 0.58701500 -0.70672800
vn -0.44837100 0.55112700 -0.70372100
vn -0.28304900 0.65162700 -0.70375100
vn -0.22183500 0.67180000 -0.70673500
vn -0.19084800 0.68086100 -0.70711000
vn -0.03235500 0.70673500 -0.70673800
vn -0.03239700 0.70674000 -0.70673200
vn -0.09673200 0.70377100 -0.70381000
vn 0.03237600 0.70673500 -0.70673700
vn -0.13592800 -0.98895600 0.05906500
vn -0.13592800 -0.98895600 0.05906500
vn -0.13592800 -0.98895600 0.05906500
vn -0.62998200 -0.77435800 0.05910200
vn -0.62998200 -0.77435800 0.05910200
vn -0.62998200 -0.77435800 0.05910200
vn -0.14404100 -0.69318000 0.70622500
vn -0.19077700 -0.68092900 0.70706400
vn -0.19078600 -0.68092700 0.70706400
vn -0.23707600 -0.66708600 0.70625100
vn -0.39771500 -0.91560800 0.05902900
vn -0.39771500 -0.91560800 0.05902900
vn -0.39771500 -0.91560800 0.05902900
vn -0.36743100 -0.60423400 0.70703300
vn -0.32572800 -0.62862200 0.70621200
vn -0.36743600 -0.60423100 0.70703300
vn -0.40828000 -0.57843200 0.70620400
vn -0.94061600 -0.33427200 0.05919500
vn -0.94061600 -0.33427200 0.05919500
vn -0.94061600 -0.33427200 0.05919500
vn -0.48317300 -0.51734100 0.70633000
vn -0.51674100 -0.48260900 0.70715400
vn -0.51674100 -0.48260900 0.70715500
vn -0.54910300 -0.44675100 0.70632800
vn -0.81555400 -0.57566600 0.05899000
vn -0.81555400 -0.57566600 0.05899000
vn -0.81555400 -0.57566600 0.05899000
vn -0.62784600 -0.32532900 0.70708600
vn -0.60488900 -0.36784900 0.70625500
vn -0.62784100 -0.32534000 0.70708500
vn -0.64933200 -0.28206100 0.70626500
vn -0.68174600 -0.19102300 0.70621000
vn -0.69238900 -0.14388300 0.70703300
vn -0.69238800 -0.14388800 0.70703300
vn -0.70141300 -0.09641200 0.70620400
vn -0.99593100 -0.06811800 0.05900400
vn -0.99593100 -0.06811800 0.05900400
vn -0.99593100 -0.06811800 0.05900400
vn -0.70806200 -0.00000000 0.70615000
vn -0.70559000 0.04826600 0.70697500
vn -0.70559000 0.04826600 0.70697500
vn -0.70146900 0.09641900 0.70614800
vn -0.97737300 0.20309500 0.05910900
vn -0.97737300 0.20309500 0.05910900
vn -0.97737300 0.20309500 0.05910900
vn -0.72956400 0.68134200 0.05924100
vn -0.72956400 0.68134200 0.05924100
vn -0.72956400 0.68134200 0.05924100
vn -0.68169000 0.19100300 0.70626900
vn -0.66628600 0.23680100 0.70709800
vn -0.66628500 0.23680300 0.70709800
vn -0.64932500 0.28204800 0.70627600
vn -0.88632400 0.45926700 0.05919400
vn -0.88632400 0.45926700 0.05919400
vn -0.88632400 0.45926700 0.05919400
vn -0.57774400 0.40783300 0.70702500
vn -0.60493700 0.36787900 0.70619800
vn -0.57774600 0.40783000 0.70702500
vn -0.54920200 0.44683100 0.70620100
vn -0.48326600 0.51745000 0.70618600
vn -0.44629700 0.54859700 0.70700800
vn -0.44629100 0.54860200 0.70700800
vn -0.40827900 0.57846600 0.70617600
vn -0.51867900 0.85291700 0.05919700
vn -0.51867900 0.85291700 0.05919700
vn -0.51867900 0.85291700 0.05919700
vn -0.32575000 0.62866300 0.70616500
vn -0.28175400 0.64867400 0.70699200
vn -0.28175900 0.64867200 0.70699200
vn -0.23710400 0.66716700 0.70616600
vn -0.26933000 0.96122900 0.05916100
vn -0.26933000 0.96122900 0.05916100
vn -0.26933000 0.96122900 0.05916100
vn 0.26932300 0.96123100 0.05915900
vn 0.26932300 0.96123100 0.05915900
vn 0.26932300 0.96123100 0.05915900
vn -0.14404800 0.69318200 0.70622200
vn -0.09629300 0.70058100 0.70704600
vn -0.09629400 0.70058100 0.70704600
vn -0.04831300 0.70634300 0.70621900
vn -0.00000000 0.99824600 0.05919400
vn -0.00000000 0.99824600 0.05919400
vn -0.00000000 0.99824600 0.05919400
vn 0.09629300 0.70058400 0.70704300
vn 0.04831300 0.70634300 0.70621900
vn 0.09629200 0.70058400 0.70704300
vn 0.14404700 0.69318800 0.70621600
vn 0.72956400 0.68134200 0.05924100
vn 0.72956400 0.68134200 0.05924100
vn 0.72956400 0.68134200 0.05924100
vn 0.23710400 0.66716700 0.70616500
vn 0.28175300 0.64867500 0.70699100
vn 0.28175900 0.64867200 0.70699100
vn 0.32574900 0.62866400 0.70616500
vn 0.51867900 0.85291700 0.05919500
vn 0.51867900 0.85291700 0.05919500
vn 0.51867900 0.85291700 0.05919500
vn 0.44629000 0.54860400 0.70700700
vn 0.40827900 0.57846600 0.70617600
vn 0.44629700 0.54859900 0.70700700
vn 0.48326500 0.51745400 0.70618500
vn 0.54920300 0.44682500 0.70620300
vn 0.57774600 0.40782700 0.70702700
vn 0.57774400 0.40783000 0.70702700
vn 0.60493700 0.36787900 0.70619800
vn 0.88632400 0.45926700 0.05919400
vn 0.88632400 0.45926700 0.05919400
vn 0.88632400 0.45926700 0.05919400
vn 0.64932500 0.28205100 0.70627500
vn 0.66628700 0.23680300 0.70709700
vn 0.66628600 0.23680600 0.70709700
vn 0.68169100 0.19100500 0.70626800
vn 0.97737300 0.20309500 0.05910900
vn 0.97737300 0.20309500 0.05910900
vn 0.97737300 0.20309500 0.05910900
vn 0.70146700 0.09641900 0.70615000
vn 0.70558800 0.04826600 0.70697700
vn 0.70558800 0.04826600 0.70697700
vn 0.70806000 0.00000000 0.70615200
vn 0.99591100 -0.06812600 0.05933800
vn 0.99591100 -0.06812600 0.05933800
vn 0.99591100 -0.06812600 0.05933800
vn 0.81554300 -0.57564800 0.05932600
vn 0.81554300 -0.57564800 0.05932600
vn 0.81554300 -0.57564800 0.05932600
vn 0.70141200 -0.09641100 0.70620600
vn 0.69238800 -0.14388200 0.70703400
vn 0.69238700 -0.14388600 0.70703400
vn 0.68174500 -0.19102100 0.70621100
vn 0.94061400 -0.33427800 0.05919500
vn 0.94061400 -0.33427800 0.05919500
vn 0.94061400 -0.33427800 0.05919500
vn 0.62784700 -0.32532900 0.70708600
vn 0.64933200 -0.28206100 0.70626500
vn 0.62784100 -0.32534000 0.70708500
vn 0.60488900 -0.36784900 0.70625500
vn 0.39771500 -0.91560800 0.05903100
vn 0.39771500 -0.91560800 0.05903100
vn 0.39771500 -0.91560800 0.05903100
vn 0.54910500 -0.44674700 0.70632900
vn 0.51674300 -0.48260600 0.70715500
vn 0.51674300 -0.48260600 0.70715500
vn 0.48317500 -0.51733800 0.70633100
vn 0.62998200 -0.77435800 0.05910200
vn 0.62998200 -0.77435800 0.05910200
vn 0.62998200 -0.77435800 0.05910200
vn 0.36743100 -0.60423400 0.70703300
vn 0.40828000 -0.57843100 0.70620400
vn 0.36743600 -0.60423100 0.70703300
vn 0.32572800 -0.62862200 0.70621200
vn 0.23707300 -0.66709600 0.70624300
vn 0.19077800 -0.68093200 0.70706100
vn 0.19078700 -0.68093000 0.70706100
vn 0.14404500 -0.69317600 0.70622800
vn 0.13592900 -0.98895900 0.05902400
vn 0.13592900 -0.98895900 0.05902400
vn 0.13592900 -0.98895900 0.05902400
vn -0.00000100 -0.70721500 0.70699800
vn 0.04831200 -0.70605600 0.70650600
vn -0.00000100 -0.70721500 0.70699800
vn -0.04831600 -0.70638400 0.70617800
vn -0.11142900 0.98887400 -0.09855200
vn -0.11142900 0.98887400 -0.09855200
vn -0.11142900 0.98887400 -0.09855200
vn -0.11997400 0.69739100 -0.70657800
vn -0.16028300 0.68870400 -0.70710400
vn -0.16030200 0.68870000 -0.70710400
vn -0.20018000 0.67888400 -0.70643100
vn -0.32833700 0.93834500 -0.10818400
vn -0.32833700 0.93834500 -0.10818400
vn -0.32833700 0.93834500 -0.10818400
vn -0.69847300 0.69844600 -0.15591100
vn -0.69847300 0.69844600 -0.15591100
vn -0.69847300 0.69844600 -0.15591100
vn -0.27479500 0.65186000 -0.70680000
vn -0.31218000 0.63433400 -0.70722200
vn -0.31220900 0.63432000 -0.70722200
vn -0.34876700 0.61586600 -0.70644900
vn -0.52772500 0.83982000 -0.12731000
vn -0.52772500 0.83982000 -0.12731000
vn -0.52772500 0.83982000 -0.12731000
vn -0.44798200 0.54714200 -0.70707000
vn -0.41536700 0.57272100 -0.70672500
vn -0.44793000 0.54718300 -0.70707100
vn -0.47938600 0.52100000 -0.70622100
vn -0.91646200 0.32066600 -0.23931200
vn -0.91646200 0.32066600 -0.23931200
vn -0.91646200 0.32066600 -0.23931200
vn -0.53427900 0.46366700 -0.70679500
vn -0.56033000 0.43141200 -0.70704600
vn -0.56040000 0.43132300 -0.70704500
vn -0.58506200 0.39889800 -0.70610400
vn -0.83069400 0.52194200 -0.19371100
vn -0.83069400 0.52194200 -0.19371100
vn -0.83069400 0.52194200 -0.19371100
vn -0.64352400 0.29295000 -0.70714700
vn -0.62549700 0.33055800 -0.70674300
vn -0.64344100 0.29312700 -0.70714900
vn -0.66019800 0.25596800 -0.70612900
vn -0.93060600 -0.10485400 -0.35068200
vn -0.93060600 -0.10485400 -0.35068200
vn -0.93060600 -0.10485400 -0.35068200
vn -0.68394800 0.18021700 -0.70692100
vn -0.69329400 0.13965800 -0.70699300
vn -0.69321300 0.14004500 -0.70699500
vn -0.70127500 0.09974600 -0.70587900
vn -0.95028500 0.10707400 -0.29239400
vn -0.95028500 0.10707400 -0.29239400
vn -0.95028500 0.10707400 -0.29239400
vn -0.70696300 -0.02065000 -0.70694900
vn -0.70686400 0.02056900 -0.70705100
vn -0.70685100 -0.02112500 -0.70704700
vn -0.70565700 -0.06173500 -0.70585900
vn -0.64339000 -0.42638100 -0.63580600
vn -0.60858400 -0.50302300 -0.61367300
vn -0.72522400 -0.36319500 -0.58492800
vn -0.69319600 -0.14013600 -0.70699500
vn -0.68391700 -0.18039300 -0.70690600
vn -0.75367400 -0.22376700 -0.61798300
vn -0.73659800 -0.27558500 -0.61763700
vn -0.62536000 -0.33055400 -0.70686500
vn -0.53422200 -0.46372300 -0.70680100
vn -0.51998000 -0.54916400 -0.65424700
vn -0.47715500 -0.58559100 -0.65529100
vn -0.42182200 -0.61180400 -0.66915000
vn -0.34145500 -0.64944200 -0.67943600
vn -0.37548900 -0.66042500 -0.65026600
vn -0.26694700 -0.67370300 -0.68910300
vn -0.18226300 -0.69630600 -0.69421800
vn -0.20709600 -0.70262900 -0.68075200
vn -0.10643100 -0.70001400 -0.70615300
vn -0.02651600 -0.70685600 -0.70686100
vn 0.02652200 -0.70685700 -0.70685900
vn 0.14264100 -0.70496200 -0.69475400
vn 0.11989300 -0.69739400 -0.70658800
vn 0.21592000 -0.69110900 -0.68974400
vn 0.30746900 -0.67642300 -0.66926500
vn 0.27469500 -0.65204400 -0.70667000
vn 0.37456100 -0.63846100 -0.67236300
vn 0.46609300 -0.60871900 -0.64204300
vn 0.41534500 -0.57272000 -0.70673900
vn 0.51999100 -0.54915400 -0.65424700
vn 0.60858800 -0.50301800 -0.61367300
vn 0.53407200 -0.46390400 -0.70679500
vn 0.64338600 -0.42638200 -0.63580900
vn 0.72524100 -0.36320200 -0.58490100
vn 0.62537900 -0.33053400 -0.70685800
vn 0.73660300 -0.27559300 -0.61762800
vn 0.75370600 -0.22376500 -0.61794600
vn 0.68391300 -0.18038800 -0.70691100
vn 0.69319200 -0.14012900 -0.70700000
vn 0.93060600 -0.10485600 -0.35068200
vn 0.93060600 -0.10485600 -0.35068200
vn 0.93060600 -0.10485600 -0.35068200
vn 0.70565200 -0.06173700 -0.70586400
vn 0.70684800 -0.02112700 -0.70705000
vn 0.70695200 -0.02065000 -0.70696000
vn 0.70686100 0.02056900 -0.70705300
vn 0.95029100 0.10707400 -0.29237500
vn 0.95029100 0.10707400 -0.29237500
vn 0.95029100 0.10707400 -0.29237500
vn 0.70127600 0.09974700 -0.70587700
vn 0.69318900 0.14011800 -0.70700500
vn 0.69317600 0.14018300 -0.70700500
vn 0.68394900 0.18021700 -0.70692000
vn 0.91645700 0.32067500 -0.23932100
vn 0.91645700 0.32067500 -0.23932100
vn 0.91645700 0.32067500 -0.23932100
vn 0.66029300 0.25599600 -0.70603000
vn 0.64352800 0.29317100 -0.70705200
vn 0.64333100 0.29364800 -0.70703300
vn 0.62535300 0.33053000 -0.70688300
vn 0.83069300 0.52194100 -0.19371600
vn 0.83069300 0.52194100 -0.19371600
vn 0.83069300 0.52194100 -0.19371600
vn 0.58506100 0.39889600 -0.70610600
vn 0.56032900 0.43141600 -0.70704400
vn 0.56039900 0.43132700 -0.70704300
vn 0.53427700 0.46367800 -0.70678900
vn 0.69843900 0.69843400 -0.15611600
vn 0.69843900 0.69843400 -0.15611600
vn 0.69843900 0.69843400 -0.15611600
vn 0.47939400 0.52099300 -0.70622100
vn 0.44793400 0.54718000 -0.70707100
vn 0.44798600 0.54713800 -0.70707000
vn 0.41536700 0.57272100 -0.70672500
vn 0.52772500 0.83982100 -0.12731000
vn 0.52772500 0.83982100 -0.12731000
vn 0.52772500 0.83982100 -0.12731000
vn 0.34876600 0.61586900 -0.70644700
vn 0.31217900 0.63433700 -0.70722000
vn 0.31220800 0.63432300 -0.70722000
vn 0.27479300 0.65186300 -0.70679800
vn 0.32833700 0.93834500 -0.10818400
vn 0.32833700 0.93834500 -0.10818400
vn 0.32833700 0.93834500 -0.10818400
vn 0.20017800 0.67889000 -0.70642500
vn 0.16028200 0.68871200 -0.70709700
vn 0.16030000 0.68870700 -0.70709700
vn 0.11997200 0.69739800 -0.70657100
vn 0.11142700 0.98887400 -0.09855000
vn 0.11142700 0.98887400 -0.09855000
vn 0.11142700 0.98887400 -0.09855000
vn -0.00000000 0.70701300 -0.70720100
vn 0.04114500 0.70641400 -0.70660200
vn -0.00000000 0.70701300 -0.70720100
vn -0.04114500 0.70641400 -0.70660200
f 1//1 2//2 3//3
f 3//3 2//2 4//4
f 3//3 4//4 5//5
f 6//6 7//7 8//8
f 9//9 10//10 8//8
f 8//8 10//10 11//11
f 8//8 11//11 6//6
f 12//12 13//13 14//14
f 14//14 13//13 15//15
f 14//14 15//15 16//16
f 17//17 18//18 19//19
f 19//19 18//18 20//20
f 19//19 20//20 21//21
f 21//21 20//20 22//22
f 23//23 24//24 25//25
f 25//25 24//24 26//26
f 27//27 28//28 29//29
f 29//29 28//28 30//30
f 31//31 32//32 33//33
f 33//33 32//32 34//34
f 35//35 36//36 37//37
f 37//37 36//36 38//38
f 39//39 40//40 41//41
f 41//41 40//40 42//42
f 43//43 44//44 45//45
f 45//45 44//44 46//46
f 47//47 48//48 49//49
f 49//49 48//48 50//50
f 51//51 52//52 53//53
f 53//53 52//52 54//54
f 55//55 56//56 57//57
f 57//57 56//56 58//58
f 57//57 58//58 59//59
f 60//60 61//61 62//62
f 62//62 61//61 63//63
f 62//62 63//63 64//64
f 65//65 66//66 67//67
f 67//67 66//66 68//68
f 69//69 70//70 71//71
f 71//71 70//70 72//72
f 73//73 74//74 75//75
f 76//76 77//77 75//75
f 75//75 77//77 78//78
f 75//75 78//78 73//73
f 79//79 80//80 81//81
f 81//81 80//80 82//82
f 81//81 82//82 83//83
f 83//83 82//82 84//84
f 85//85 86//86 87//87
f 87//87 86//86 88//88
f 89//89 90//90 91//91
f 91//91 90//90 92//92
f 93//93 94//94 95//95
f 95//95 94//94 96//96
f 97//97 98//98 99//99
f 99//99 98//98 100//100
f 101//101 102//102 103//103
f 103//103 102//102 104//104
f 105//105 106//106 107//107
f 107//107 106//106 108//108
f 109//109 110//110 111//111
f 112//112 113//113 114//114
f 114//114 113//113 115//115
f 114//114 115//115 116//116
f 116//116 115//115 117//117
f 117//117 115//115 111//111
f 111//111 118//118 119//119
f 111//111 119//119 109//109
f 120//120 121//121 122//122
f 122//122 121//121 123//123
f 122//122 123//123 124//124
f 124//124 123//123 125//125
f 125//125 123//123 126//126
f 125//125 126//126 127//127
f 127//127 126//126 128//128
f 128//128 126//126 129//129
f 128//128 129//129 130//130
f 130//130 129//129 131//131
f 131//131 129//129 132//132
f 131//131 132//132 133//133
f 134//134 135//135 136//136
f 137//137 138//138 139//139
f 139//139 138//138 140//140
f 139//139 140//140 141//141
f 141//141 140//140 142//142
f 142//142 140//140 136//136
f 136//136 143//143 144//144
f 136//136 144//144 134//134
f 145//145 148//148 153//153
f 159//159 162//162 165//165
f 167//167 171//171 177//177
f 166//166 164//164 178//178
f 182//182 184//184 186//186
f 189//189 191//191 196//196
f 197//197 198//198 199//199
f 200//200 201//201 205//205
f 205//205 201//201 206//206
f 205//205 206//206 207//207
f 208//208 214//214 199//199
f 199//199 214//214 216//216
f 199//199 216//216 197//197
f 208//208 218//218 215//215
f 212//212 217//217 219//219
f 210//210 220//220 221//221
f 202//202 224//224 226//226
f 228//228 206//206 230//230
f 230//230 206//206 201//201
f 229//229 203//203 231//231
f 231//231 203//203 227//227
f 228//228 232//232 206//206
f 206//206 232//232 233//233
f 206//206 233//233 237//237
f 235//235 234//234 238//238
f 236//236 239//239 209//209
f 240//240 241//241 243//243
f 243//243 241//241 244//244
f 243//243 244//244 214//214
f 214//214 244//244 245//245
f 214//214 245//245 216//216
f 195//195 246//246 247//247
f 248//248 249//249 195//195
f 195//195 249//249 250//250
f 195//195 250//250 246//246
f 251//251 252//252 192//192
f 192//192 252//252 253//253
f 192//192 253//253 195//195
f 195//195 253//253 254//254
f 195//195 254//254 248//248
f 255//255 256//256 258//258
f 258//258 256//256 259//259
f 260//260 261//261 262//262
f 264//264 265//265 268//268
f 260//260 262//262 273//273
f 275//275 156//156 276//276
f 277//277 153//153 268//268
f 276//276 271//271 278//278
f 279//279 268//268 265//265
f 280//280 281//281 282//282
f 282//282 281//281 155//155
f 282//282 155//155 283//283
f 283//283 155//155 287//287
f 283//283 288//288 289//289
f 273//273 262//262 266//266
f 272//272 292//292 296//296
f 267//267 294//294 263//263
f 297//297 284//284 300//300
f 299//299 287//287 153//153
f 299//299 153//153 301//301
f 301//301 153//153 274//274
f 298//298 302//302 285//285
f 286//286 303//303 305//305
f 287//287 304//304 291//291
f 290//290 305//305 306//306
f 293//293 307//307 295//295
f 308//308 309//309 310//310
f 310//310 309//309 312//312
f 310//310 312//312 266//266
f 266//266 312//312 313//313
f 266//266 313//313 273//273
f 186//186 314//314 315//315
f 317//317 320//320 321//321
f 321//321 320//320 322//322
f 321//321 322//322 323//323
f 324//324 325//325 183//183
f 183//183 325//325 326//326
f 183//183 326//326 186//186
f 186//186 326//326 327//327
f 186//186 327//327 314//314
f 324//324 328//328 325//325
f 325//325 328//328 329//329
f 325//325 329//329 331//331
f 331//331 329//329 332//332
f 334//334 335//335 336//336
f 336//336 335//335 201//201
f 336//336 201//201 337//337
f 337//337 201//201 200//200
f 337//337 200//200 338//338
f 339//339 341//341 145//145
f 145//145 341//341 344//344
f 146//146 343//343 151//151
f 147//147 342//342 346//346
f 150//150 345//345 349//349
f 350//350 353//353 356//356
f 357//357 358//358 247//247
f 247//247 358//358 359//359
f 247//247 359//359 195//195
f 196//196 359//359 360//360
f 196//196 360//360 361//361
f 364//364 160//160 365//365
f 356//356 367//367 368//368
f 368//368 367//367 189//189
f 369//369 190//190 370//370
f 371//371 188//188 193//193
f 372//372 196//196 373//373
f 374//374 194//194 362//362
f 373//373 361//361 375//375
f 375//375 361//361 376//376
f 375//375 376//376 158//158
f 157//157 377//377 379//379
f 158//158 378//378 160//160
f 161//161 380//380 382//382
f 163//163 381//381 366//366
f 365//365 383//383 364//364
f 364//364 383//383 384//384
f 363//363 385//385 386//386
f 386//386 385//385 387//387
f 386//386 387//387 357//357
f 357//357 387//387 388//388
f 357//357 388//388 358//358
f 391//391 393//393 398//398
f 330//330 400//400 332//332
f 332//332 400//400 402//402
f 333//333 401//401 394//394
f 404//404 406//406 409//409
f 408//408 405//405 410//410
f 407//407 411//411 414//414
f 413//413 412//412 389//389
f 413//413 389//389 416//416
f 415//415 390//390 397//397
f 416//416 399//399 417//417
f 418//418 396//396 403//403
f 404//404 182//182 420//420
f 419//419 181//181 185//185
f 420//420 186//186 421//421
f 421//421 186//186 422//422
f 322//322 424//424 323//323
f 323//323 424//424 425//425
f 323//323 425//425 315//315
f 315//315 425//425 426//426
f 315//315 426//426 186//186
f 186//186 426//426 428//428
f 187//187 427//427 423//423
f 422//422 428//428 429//429
f 422//422 429//429 431//431
f 429//429 432//432 431//431
f 430//430 433//433 434//434
f 431//431 435//435 168//168
f 170//170 436//436 437//437
f 169//169 438//438 172//172
f 174//174 439//439 442//442
f 173//173 440//440 318//318
f 316//316 441//441 443//443
f 316//316 443//443 319//319
f 222//222 223//223 211//211
f 215//215 225//225 203//203
f 215//215 203//203 444//444
f 445//445 204//204 446//446
f 450//450 269//269 451//451
f 452//452 270//270 154//154
f 453//453 153//153 454//454
f 454//454 153//153 148//148
f 455//455 152//152 456//456
f 457//457 149//149 347//347
f 458//458 348//348 351//351
f 352//352 459//459 460//460
f 354//354 461//461 355//355
f 334//334 331//331 335//335
f 335//335 331//331 332//332
f 335//335 332//332 203//203
f 203//203 332//332 399//399
f 203//203 399//399 448//448
f 447//447 395//395 392//392
f 321//321 308//308 317//317
f 317//317 308//308 310//310
f 316//316 311//311 175//175
f 175//175 311//311 268//268
f 175//175 268//268 176//176
f 176//176 268//268 449//449
f 445//445 180//180 213//213
f 215//215 179//179 160//160
f 215//215 160//160 242//242
f 242//242 160//160 364//364
f 243//243 363//363 240//240
f 240//240 363//363 386//386
f 251//251 462//462 252//252
f 252//252 462//462 340//340
f 252//252 340//340 259//259
f 259//259 340//340 145//145
f 259//259 145//145 258//258
f 257//257 145//145 153//153
f 258//258 155//155 255//255
f 255//255 155//155 281//281
f 463//463 464//464 465//465
f 466//466 467//467 468//468
f 468//468 467//467 463//463
f 468//468 463//463 469//469
f 469//469 463//463 465//465
f 470//470 471//471 472//472
f 473//473 474//474 475//475
f 475//475 474//474 470//470
f 475//475 470//470 476//476
f 476//476 470//470 472//472
f 477//477 478//478 479//479
f 480//480 481//481 482//482
f 482//482 481//481 483//483
f 482//482 483//483 484//484
f 484//484 483//483 485//485
f 485//485 483//483 479//479
f 479//479 486//486 487//487
f 479//479 487//487 477//477
f 488//488 489//489 490//490
f 491//491 492//492 493//493
f 493//493 492//492 494//494
f 493//493 494//494 495//495
f 495//495 494//494 496//496
f 496//496 494//494 490//490
f 490//490 497//497 498//498
f 490//490 498//498 488//488
f 499//499 500//500 502//502
f 505//505 506//506 511//511
f 512//512 516//516 518//518
f 520//520 521//521 526//526
f 530//530 531//531 535//535
f 536//536 532//532 539//539
f 540//540 544//544 546//546
f 551//551 553//553 556//556
f 558//558 555//555 542//542
f 557//557 541//541 559//559
f 559//559 541//541 547//547
f 559//559 547//547 560//560
f 560//560 547//547 561//561
f 543//543 562//562 547//547
f 545//545 563//563 564//564
f 547//547 565//565 516//516
f 567//567 569//569 573//573
f 574//574 570//570 577//577
f 572//572 576//576 578//578
f 579//579 575//575 580//580
f 579//579 580//580 550//550
f 549//549 581//581 583//583
f 552//552 582//582 554//554
f 565//565 584//584 516//516
f 515//515 585//585 588//588
f 516//516 587//587 518//518
f 517//517 586//586 568//568
f 518//518 567//567 589//589
f 590//590 566//566 571//571
f 592//592 597//597 598//598
f 603//603 608//608 613//613
f 611//611 609//609 618//618
f 620//620 623//623 625//625
f 626//626 622//622 630//630
f 627//627 629//629 632//632
f 634//634 631//631 635//635
f 634//634 635//635 637//637
f 621//621 624//624 619//619
f 617//617 628//628 638//638
f 616//616 639//639 612//612
f 537//537 641//641 528//528
f 529//529 640//640 645//645
f 529//529 645//645 653//653
f 652//652 647//647 656//656
f 522//522 658//658 649//649
f 650//650 659//659 662//662
f 651//651 661//661 655//655
f 654//654 660//660 663//663
f 657//657 664//664 665//665
f 668//668 671//671 675//675
f 674//674 673//673 678//678
f 675//675 676//676 526//526
f 523//523 677//677 680//680
f 524//524 679//679 519//519
f 664//664 681//681 665//665
f 667//667 682//682 683//683
f 666//666 684//684 687//687
f 686//686 685//685 688//688
f 686//686 688//688 668//668
f 670//670 689//689 690//690
f 669//669 691//691 672//672
f 695//695 697//697 702//702
f 700//700 698//698 706//706
f 703//703 704//704 707//707
f 710//710 705//705 711//711
f 707//707 712//712 526//526
f 525//525 713//713 715//715
f 526//526 714//714 675//675
f 717//717 694//694 721//721
f 722//722 696//696 723//723
f 720//720 725//725 716//716
f 718//718 726//726 727//727
f 719//719 729//729 731//731
f 730//730 728//728 732//732
f 731//731 733//733 734//734
f 738//738 740//740 742//742
f 748//748 751//751 734//734
f 735//735 749//749 753//753
f 734//734 752//752 740//740
f 741//741 754//754 756//756
f 739//739 755//755 743//743
f 757//757 758//758 759//759
f 759//759 758//758 761//761
f 759//759 761//761 500//500
f 762//762 763//763 764//764
f 764//764 763//763 766//766
f 764//764 766//766 767//767
f 768//768 765//765 501//501
f 767//767 502//502 769//769
f 769//769 502//502 500//500
f 769//769 500//500 770//770
f 770//770 500//500 761//761
f 762//762 751//751 763//763
f 771//771 750//750 747//747
f 772//772 746//746 773//773
f 774//774 748//748 776//776
f 778//778 782//782 785//785
f 724//724 693//693 787//787
f 786//786 692//692 701//701
f 787//787 703//703 789//789
f 788//788 699//699 708//708
f 789//789 707//707 790//790
f 736//736 791//791 744//744
f 748//748 792//792 795//795
f 745//745 793//793 775//775
f 777//777 794//794 798//798
f 776//776 796//796 780//780
f 779//779 797//797 799//799
f 781//781 800//800 784//784
f 801//801 803//803 805//805
f 538//538 633//633 534//534
f 533//533 634//634 637//637
f 533//533 637//637 640//640
f 643//643 636//636 808//808
f 642//642 807//807 811//811
f 806//806 802//802 812//812
f 600//600 814//814 593//593
f 591//591 813//813 815//815
f 593//593 817//817 613//613
f 614//614 816//816 820//820
f 615//615 818//818 605//605
f 603//603 819//819 821//821
f 603//603 821//821 823//823
f 508//508 828//828 830//830
f 831//831 826//826 832//832
f 831//831 832//832 833//833
f 803//803 837//837 840//840
f 838//838 836//836 610//610
f 839//839 606//606 841//841
f 842//842 607//607 604//604
f 843//843 601//601 844//844
f 846//846 602//602 825//825
f 845//845 824//824 849//849
f 848//848 822//822 851//851
f 847//847 850//850 505//505
f 503//503 852//852 854//854
f 504//504 855//855 510//510
f 509//509 853//853 856//856
f 507//507 857//857 827//827
f 783//783 790//790 859//859
f 859//859 790//790 707//707
f 858//858 709//709 860//860
f 861//861 707//707 526//526
f 861//861 526//526 863//863
f 521//521 645//645 526//526
f 526//526 645//645 864//864
f 527//527 865//865 862//862
f 801//801 805//805 866//866
f 809//809 804//804 868//868
f 810//810 867//867 644//644
f 640//640 869//869 870//870
f 640//640 870//870 645//645
f 646//646 871//871 872//872
f 648//648 873//873 865//865
f 875//875 511//511 547//547
f 547//547 511//511 506//506
f 547//547 506//506 561//561
f 561//561 506//506 831//831
f 561//561 831//831 596//596
f 594//594 829//829 834//834
f 595//595 835//835 599//599
f 874//874 548//548 876//876
f 877//877 547//547 516//516
f 878//878 514//514 879//879
f 742//742 757//757 738//738
f 738//738 757//757 759//759
f 737//737 760//760 513//513
f 512//512 759//759 500//500
f 512//512 500//500 516//516
f 516//516 500//500 499//499
f 516//516 499//499 880//880
f 882//882 887//887 888//888
f 892//892 896//896 899//899
f 898//898 895//895 901//901
f 902//902 906//906 910//910
f 909//909 905//905 912//912
f 908//908 913//913 914//914
f 914//914 913//913 917//917
f 914//914 917//917 918//918
f 919//919 916//916 920//920
f 921//921 924//924 926//926
f 923//923 929//929 927//927
f 927//927 929//929 931//931
f 925//925 930//930 932//932
f 933//933 892//892 881//881
f 937//937 938//938 939//939
f 934//934 945//945 893//893
f 891//891 944//944 946//946
f 890//890 947//947 894//894
f 900//900 949//949 899//899
f 897//897 948//948 950//950
f 899//899 952//952 927//927
f 928//928 951//951 915//915
f 927//927 917//917 922//922
f 922//922 917//917 953//953
f 922//922 953//953 939//939
f 941//941 954//954 955//955
f 940//940 956//956 959//959
f 960//960 961//961 962//962
f 962//962 961//961 938//938
f 962//962 938//938 963//963
f 963//963 938//938 937//937
f 964//964 965//965 966//966
f 960//960 967//967 961//961
f 961//961 967//967 969//969
f 971//971 968//968 972//972
f 975//975 976//976 958//958
f 957//957 978//978 979//979
f 958//958 981//981 939//939
f 943//943 980//980 983//983
f 942//942 982//982 936//936
f 908//908 985//985 881//881
f 886//886 984//984 987//987
f 885//885 986//986 935//935
f 974//974 989//989 977//977
f 976//976 988//988 990//990
f 976//976 990//990 965//965
f 965//965 990//990 991//991
f 965//965 991//991 966//966
f 889//889 993//993 884//884
f 883//883 992//992 996//996
f 881//881 994//994 908//908
f 911//911 995//995 997//997
f 907//907 998//998 904//904
f 903//903 999//999 970//970
f 903//903 970//970 966//966
f 966//966 970//970 973//973
f 966//966 973//973 964//964
f 1001//1001 1005//1005 1007//1007
f 1008//1008 1002//1002 1009//1009
f 1010//1010 1012//1012 1019//1019
f 1019//1019 1020//1020 1021//1021
f 1023//1023 1032//1032 1033//1033
f 1034//1034 1024//1024 1035//1035
f 1034//1034 1035//1035 1038//1038
f 1022//1022 1040//1040 1027//1027
f 1031//1031 1041//1041 1043//1043
f 1028//1028 1042//1042 1045//1045
f 1047//1047 1044//1044 1050//1050
f 1047//1047 1050//1050 1051//1051
f 1052//1052 1054//1054 1055//1055
f 1011//1011 1058//1058 1013//1013
f 1014//1014 1059//1059 1060//1060
f 1016//1016 1061//1061 1062//1062
f 1065//1065 1067//1067 1005//1005
f 1070//1070 1075//1075 1078//1078
f 1070//1070 1079//1079 1075//1075
f 1071//1071 1080//1080 1081//1081
f 1075//1075 1082//1082 1085//1085
f 1084//1084 1083//1083 1087//1087
f 1086//1086 1088//1088 1018//1018
f 1076//1076 1090//1090 1069//1069
f 1070//1070 1089//1089 1091//1091
f 1070//1070 1091//1091 1092//1092
f 1092//1092 1091//1091 1093//1093
f 1092//1092 1093//1093 1054//1054
f 1054//1054 1093//1093 1094//1094
f 1054//1054 1094//1094 1055//1055
f 1065//1065 1095//1095 1067//1067
f 1068//1068 1096//1096 1099//1099
f 1067//1067 1097//1097 1035//1035
f 1036//1036 1098//1098 1101//1101
f 1037//1037 1100//1100 1039//1039
f 1102//1102 1107//1107 1029//1029
f 1106//1106 1108//1108 1024//1024
f 1024//1024 1108//1108 1109//1109
f 1030//1030 1110//1110 1111//1111
f 1050//1050 1113//1113 1005//1005
f 1003//1003 1112//1112 1115//1115
f 1006//1006 1114//1114 1066//1066
f 1000//1000 1117//1117 1004//1004
f 1005//1005 1116//1116 1119//1119
f 1005//1005 1119//1119 1050//1050
f 1048//1048 1118//1118 1122//1122
f 1049//1049 1120//1120 1123//1123
f 1124//1124 1121//1121 1015//1015
f 1125//1125 1017//1017 1056//1056
f 1055//1055 1012//1012 1064//1064
f 1057//1057 1063//1063 1053//1053
f 1046//1046 1126//1126 1026//1026
f 1025//1025 1127//1127 1129//1129
f 1024//1024 1130//1130 1105//1105
f 1103//1103 1128//1128 1133//1133
f 1104//1104 1131//1131 1074//1074
f 1073//1073 1132//1132 1135//1135
f 1072//1072 1134//1134 1077//1077
f 1136//1136 1137//1137 1138//1138
f 1136//1136 1138//1138 1139//1139
f 1137//1137 1136//1136 1140//1140
f 1140//1140 1136//1136 1141//1141
f 1140//1140 1141//1141 1142//1142
f 1142//1142 1141//1141 1143//1143
f 1143//1143 1141//1141 1144//1144
f 1143//1143 1144//1144 1145//1145
f 1145//1145 1144//1144 1146//1146
f 1146//1146 1144//1144 1147//1147
f 1146//1146 1147//1147 1148//1148
f 1149//1149 1150//1150 1151//1151
f 1151//1151 1152//1152 1149//1149
f 1149//1149 1152//1152 1153//1153
f 1149//1149 1153//1153 1147//1147
f 1147//1147 1153//1153 1154//1154
f 1147//1147 1154//1154 1148//1148
f 1155//1155 1156//1156 1157//1157
f 1157//1157 1158//1158 1155//1155
f 1155//1155 1158//1158 1159//1159
f 1155//1155 1159//1159 1150//1150
f 1150//1150 1159//1159 1160//1160
f 1150//1150 1160//1160 1151//1151
f 1161//1161 1162//1162 1163//1163
f 1163//1163 1164//1164 1161//1161
f 1161//1161 1164//1164 1165//1165
f 1161//1161 1165//1165 1156//1156
f 1156//1156 1165//1165 1166//1166
f 1156//1156 1166//1166 1157//1157
f 1167//1167 1168//1168 1169//1169
f 1169//1169 1168//1168 1170//1170
f 1169//1169 1170//1170 1171//1171
f 1171//1171 1170//1170 1172//1172
f 1171//1171 1172//1172 1173//1173
f 1173//1173 1172//1172 1174//1174
f 1173//1173 1174//1174 1162//1162
f 1162//1162 1174//1174 1175//1175
f 1162//1162 1175//1175 1163//1163
f 1176//1176 1177//1177 1167//1167
f 1167//1167 1177//1177 1178//1178
f 1167//1167 1178//1178 1168//1168
f 1179//1179 1180//1180 1176//1176
f 1176//1176 1180//1180 1181//1181
f 1176//1176 1181//1181 1177//1177
f 1182//1182 1183//1183 1179//1179
f 1179//1179 1183//1183 1184//1184
f 1179//1179 1184//1184 1180//1180
f 1185//1185 1186//1186 1182//1182
f 1182//1182 1186//1186 1187//1187
f 1182//1182 1187//1187 1183//1183
f 1188//1188 1189//1189 1185//1185
f 1185//1185 1189//1189 1190//1190
f 1185//1185 1190//1190 1186//1186
f 1191//1191 1192//1192 1188//1188
f 1188//1188 1192//1192 1193//1193
f 1188//1188 1193//1193 1189//1189
f 1194//1194 1195//1195 1191//1191
f 1191//1191 1195//1195 1196//1196
f 1191//1191 1196//1196 1192//1192
f 1197//1197 1198//1198 1194//1194
f 1194//1194 1198//1198 1199//1199
f 1194//1194 1199//1199 1195//1195
f 1200//1200 1201//1201 1197//1197
f 1197//1197 1201//1201 1202//1202
f 1197//1197 1202//1202 1198//1198
f 1138//1138 1203//1203 1139//1139
f 1139//1139 1203//1203 1204//1204
f 1139//1139 1204//1204 1200//1200
f 1200//1200 1204//1204 1205//1205
f 1200//1200 1205//1205 1201//1201
f 1206//1206 1207//1207 1209//1209
f 1210//1210 1208//1208 1211//1211
f 1212//1212 1213//1213 1215//1215
f 1216//1216 1214//1214 1217//1217
f 1218//1218 1219//1219 1221//1221
f 1222//1222 1220//1220 1223//1223
f 1224//1224 1225//1225 1227//1227
f 1228//1228 1226//1226 1229//1229
f 1230//1230 1232//1232 1233//1233
f 1234//1234 1231//1231 1235//1235
f 1236//1236 1237//1237 1240//1240
f 1239//1239 1238//1238 1241//1241
f 1242//1242 1244//1244 1246//1246
f 1245//1245 1243//1243 1247//1247
f 1248//1248 1249//1249 1251//1251
f 1252//1252 1250//1250 1253//1253
f 1254//1254 1255//1255 1258//1258
f 1257//1257 1256//1256 1259//1259
f 1260//1260 1261//1261 1262//1262
f 1262//1262 1261//1261 1263//1263
f 1264//1264 1266//1266 1267//1267
f 1268//1268 1265//1265 1269//1269
f 1270//1270 1272//1272 1274//1274
f 1273//1273 1271//1271 1275//1275
f 1276//1276 1277//1277 1278//1278
f 1278//1278 1277//1277 1279//1279
f 1278//1278 1279//1279 1280//1280
f 1280//1280 1279//1279 1281//1281
f 1280//1280 1281//1281 1282//1282
f 1282//1282 1281//1281 1283//1283
f 1282//1282 1283//1283 1284//1284
f 1284//1284 1283//1283 1285//1285
f 1284//1284 1285//1285 1286//1286
f 1286//1286 1285//1285 1287//1287
f 1286//1286 1287//1287 1288//1288
f 1288//1288 1287//1287 1289//1289
f 1288//1288 1289//1289 1290//1290
f 1290//1290 1289//1289 1291//1291
f 1290//1290 1291//1291 1292//1292
f 1292//1292 1291//1291 1293//1293
f 1292//1292 1293//1293 1294//1294
f 1294//1294 1293//1293 1295//1295
f 1294//1294 1295//1295 1296//1296
f 1296//1296 1295//1295 1297//1297
f 1296//1296 1297//1297 1299//1299
f 1299//1299 1297//1297 1300//1300
f 1298//1298 1301//1301 1276//1276
f 1276//1276 1301//1301 1277//1277
f 1302//1302 1303//1303 1306//1306
f 1305//1305 1304//1304 1307//1307
f 1308//1308 1309//1309 1311//1311
f 1312//1312 1310//1310 1313//1313
f 1314//1314 1316//1316 1317//1317
f 1318//1318 1315//1315 1319//1319
f 1320//1320 1322//1322 1323//1323
f 1324//1324 1321//1321 1325//1325
f 1326//1326 1327//1327 1330//1330
f 1329//1329 1328//1328 1331//1331
f 1332//1332 1334//1334 1336//1336
f 1335//1335 1333//1333 1337//1337
f 1338//1338 1339//1339 1342//1342
f 1341//1341 1340//1340 1343//1343
f 1344//1344 1345//1345 1348//1348
f 1347//1347 1346//1346 1349//1349
f 1350//1350 1352//1352 1353//1353
f 1354//1354 1351//1351 1355//1355
f 1356//1356 1358//1358 1359//1359
f 1360//1360 1357//1357 1361//1361
f 1362//1362 1364//1364 1366//1366
f 1365//1365 1363//1363 1367//1367
f 1368//1368 1370//1370 1371//1371
f 1372//1372 1369//1369 1373//1373
f 1374//1374 1375//1375 1376//1376
f 1376//1376 1375//1375 1377//1377
f 1376//1376 1377//1377 1378//1378
f 1378//1378 1377//1377 1379//1379
f 1378//1378 1379//1379 1380//1380
f 1380//1380 1379//1379 1381//1381
f 1380//1380 1381//1381 1382//1382
f 1382//1382 1381//1381 1383//1383
f 1382//1382 1383//1383 1384//1384
f 1384//1384 1383//1383 1385//1385
f 1384//1384 1385//1385 1386//1386
f 1386//1386 1385//1385 1387//1387
f 1386//1386 1387//1387 1388//1388
f 1388//1388 1387//1387 1389//1389
f 1388//1388 1389//1389 1390//1390
f 1390//1390 1389//1389 1391//1391
f 1390//1390 1391//1391 1392//1392
f 1392//1392 1391//1391 1393//1393
f 1392//1392 1393//1393 1394//1394
f 1394//1394 1393//1393 1395//1395
f 1394//1394 1395//1395 1396//1396
f 1396//1396 1395//1395 1397//1397
f 1396//1396 1397//1397 1374//1374
f 1374//1374 1397//1397 1375//1375
f 1398//1398 1399//1399 1401//1401
f 1402//1402 1400//1400 1403//1403
f 1404//1404 1406//1406 1408//1408
f 1407//1407 1405//1405 1409//1409
f 1410//1410 1412//1412 1413//1413
f 1414//1414 1411//1411 1415//1415
f 1416//1416 1418//1418 1419//1419
f 1420//1420 1417//1417 1421//1421
f 1422//1422 1423//1423 1426//1426
f 1425//1425 1424//1424 1427//1427
f 1428//1428 1429//1429 1432//1432
f 1431//1431 1430//1430 1433//1433
f 1434//1434 1436//1436 1438//1438
f 1437//1437 1435//1435 1439//1439
f 1440//1440 1441//1441 1444//1444
f 1443//1443 1442//1442 1445//1445
f 1446//1446 1447//1447 1449//1449
f 1450//1450 1448//1448 1451//1451
f 1452//1452 1454//1454 1456//1456
f 1455//1455 1453//1453 1457//1457
f 1458//1458 1459//1459 1461//1461
f 1462//1462 1460//1460 1463//1463
f 1464//1464 1465//1465 1467//1467
f 1468//1468 1466//1466 1469//1469
f 1470//1470 1471//1471 1472//1472
f 1472//1472 1471//1471 1473//1473
f 1472//1472 1473//1473 1474//1474
f 1474//1474 1473//1473 1475//1475
f 1474//1474 1475//1475 1476//1476
f 1476//1476 1475//1475 1477//1477
f 1476//1476 1477//1477 1478//1478
f 1478//1478 1477//1477 1479//1479
f 1478//1478 1479//1479 1480//1480
f 1480//1480 1479//1479 1481//1481
f 1480//1480 1481//1481 1482//1482
f 1482//1482 1481//1481 1483//1483
f 1482//1482 1483//1483 1484//1484
f 1484//1484 1483//1483 1485//1485
f 1484//1484 1485//1485 1486//1486
f 1486//1486 1485//1485 1487//1487
f 1486//1486 1487//1487 1488//1488
f 1488//1488 1487//1487 1489//1489
f 1488//1488 1489//1489 1490//1490
f 1490//1490 1489//1489 1491//1491
f 1490//1490 1491//1491 1492//1492
f 1492//1492 1491//1491 1493//1493
f 1492//1492 1493//1493 1470//1470
f 1470//1470 1493//1493 1471//1471
f 1494//1494 1495//1495 1497//1497
f 1498//1498 1496//1496 1499//1499
f 1500//1500 1501//1501 1503//1503
f 1504//1504 1502//1502 1505//1505
f 1506//1506 1508//1508 1510//1510
f 1509//1509 1507//1507 1511//1511
f 1512//1512 1513//1513 1514//1514
f 1514//1514 1513//1513 1515//1515
f 1516//1516 1518//1518 1519//1519
f 1520//1520 1517//1517 1521//1521
f 1522//1522 1524//1524 1525//1525
f 1526//1526 1523//1523 1527//1527
f 1528//1528 1530//1530 1531//1531
f 1532//1532 1529//1529 1533//1533
f 1534//1534 1536//1536 1537//1537
f 1538//1538 1535//1535 1539//1539
f 1540//1540 1541//1541 1543//1543
f 1544//1544 1542//1542 1545//1545
f 1546//1546 1547//1547 1550//1550
f 1549//1549 1548//1548 1551//1551
f 1552//1552 1553//1553 1556//1556
f 1555//1555 1554//1554 1557//1557
f 1558//1558 1559//1559 1561//1561
f 1562//1562 1560//1560 1563//1563
f 1564//1564 1565//1565 1566//1566
f 1566//1566 1565//1565 1567//1567
f 1566//1566 1567//1567 1568//1568
f 1568//1568 1567//1567 1569//1569
f 1568//1568 1569//1569 1570//1570
f 1570//1570 1569//1569 1571//1571
f 1570//1570 1571//1571 1572//1572
f 1572//1572 1571//1571 1573//1573
f 1572//1572 1573//1573 1574//1574
f 1574//1574 1573//1573 1576//1576
f 1575//1575 1577//1577 1578//1578
f 1578//1578 1577//1577 1580//1580
f 1579//1579 1581//1581 1582//1582
f 1582//1582 1581//1581 1584//1584
f 1583//1583 1585//1585 1586//1586
f 1586//1586 1585//1585 1587//1587
f 1586//1586 1587//1587 1588//1588
f 1588//1588 1587//1587 1589//1589
f 1588//1588 1589//1589 1590//1590
f 1590//1590 1589//1589 1591//1591
f 1590//1590 1591//1591 1592//1592
f 1592//1592 1591//1591 1593//1593
f 1592//1592 1593//1593 1564//1564
f 1564//1564 1593//1593 1565//1565
f 1594//1594 1595//1595 1598//1598
f 1597//1597 1596//1596 1599//1599
f 1600//1600 1601//1601 1603//1603
f 1604//1604 1602//1602 1605//1605
f 1606//1606 1608//1608 1609//1609
f 1610//1610 1607//1607 1611//1611
f 1612//1612 1614//1614 1616//1616
f 1615//1615 1613//1613 1617//1617
f 1618//1618 1620//1620 1621//1621
f 1622//1622 1619//1619 1623//1623
f 1624//1624 1625//1625 1627//1627
f 1628//1628 1626//1626 1629//1629
f 1630//1630 1631//1631 1634//1634
f 1633//1633 1632//1632 1635//1635
f 1636//1636 1637//1637 1640//1640
f 1639//1639 1638//1638 1641//1641
f 1642//1642 1644//1644 1646//1646
f 1645//1645 1643//1643 1647//1647
f 1648//1648 1649//1649 1650//1650
f 1650//1650 1649//1649 1651//1651
f 1652//1652 1654//1654 1655//1655
f 1656//1656 1653//1653 1657//1657
f 1658//1658 1660//1660 1662//1662
f 1661//1661 1659//1659 1663//1663
f 1664//1664 1665//1665 1666//1666
f 1666//1666 1665//1665 1667//1667
f 1666//1666 1667//1667 1668//1668
f 1668//1668 1667//1667 1669//1669
f 1668//1668 1669//1669 1670//1670
f 1670//1670 1669//1669 1671//1671
f 1670//1670 1671//1671 1672//1672
f 1672//1672 1671//1671 1673//1673
f 1672//1672 1673//1673 1674//1674
f 1674//1674 1673//1673 1675//1675
f 1674//1674 1675//1675 1676//1676
f 1676//1676 1675//1675 1677//1677
f 1676//1676 1677//1677 1678//1678
f 1678//1678 1677//1677 1679//1679
f 1678//1678 1679//1679 1680//1680
f 1680//1680 1679//1679 1681//1681
f 1680//1680 1681//1681 1682//1682
f 1682//1682 1681//1681 1683//1683
f 1682//1682 1683//1683 1684//1684
f 1684//1684 1683//1683 1685//1685
f 1684//1684 1685//1685 1686//1686
f 1686//1686 1685//1685 1687//1687
f 1686//1686 1687//1687 1664//1664
f 1664//1664 1687//1687 1665//1665
f 1688//1688 1689//1689 1692//1692
f 1691//1691 1690//1690 1693//1693
f 1694//1694 1695//1695 1698//1698
f 1697//1697 1696//1696 1699//1699
f 1700//1700 1701//1701 1703//1703
f 1704//1704 1702//1702 1705//1705
f 1706//1706 1708//1708 1709//1709
f 1710//1710 1707//1707 1711//1711
f 1712//1712 1714//1714 1716//1716
f 1715//1715 1713//1713 1717//1717
f 1718//1718 1720//1720 1721//1721
f 1722//1722 1719//1719 1723//1723
f 1724//1724 1725//1725 1728//1728
f 1727//1727 1726//1726 1729//1729
f 1730//1730 1732//1732 1734//1734
f 1733//1733 1731//1731 1735//1735
f 1736//1736 1738//1738 1740//1740
f 1739//1739 1737//1737 1741//1741
f 1742//1742 1744//1744 1745//1745
f 1746//1746 1743//1743 1747//1747
f 1748//1748 1749//1749 1751//1751
f 1752//1752 1750//1750 1753//1753
f 1754//1754 1756//1756 1757//1757
f 1758//1758 1755//1755 1759//1759
f 1760//1760 1761//1761 1762//1762
f 1762//1762 1761//1761 1763//1763
f 1762//1762 1763//1763 1765//1765
f 1765//1765 1763//1763 1766//1766
f 1764//1764 1767//1767 1768//1768
f 1768//1768 1767//1767 1769//1769
f 1768//1768 1769//1769 1770//1770
f 1770//1770 1769//1769 1771//1771
f 1770//1770 1771//1771 1772//1772
f 1772//1772 1771//1771 1773//1773
f 1772//1772 1773//1773 1774//1774
f 1774//1774 1773//1773 1775//1775
f 1774//1774 1775//1775 1776//1776
f 1776//1776 1775//1775 1777//1777
f 1776//1776 1777//1777 1778//1778
f 1778//1778 1777//1777 1779//1779
f 1778//1778 1779//1779 1780//1780
f 1780//1780 1779//1779 1781//1781
f 1780//1780 1781//1781 1782//1782
f 1782//1782 1781//1781 1783//1783
f 1782//1782 1783//1783 1784//1784
f 1784//1784 1783//1783 1785//1785
f 1784//1784 1785//1785 1760//1760
f 1760//1760 1785//1785 1761//1761
f 1786//1786 1787//1787 1788//1788
f 1789//1789 1790//1790 1791//1791
f 1792//1792 1793//1793 1794//1794
f 1794//1794 1793//1793 1795//1795
f 1796//1796 1792//1792 1797//1797
f 1797//1797 1792//1792 1794//1794
f 1797//1797 1798//1798 1799//1799
f 1799//1799 1798//1798 1800//1800
f 1799//1799 1800//1800 1801//1801
f 1802//1802 1803//1803 1804//1804
f 1804//1804 1803//1803 1805//1805
f 1804//1804 1805//1805 1806//1806
f 1806//1806 1805//1805 1807//1807
f 1806//1806 1807//1807 1808//1808
f 1808//1808 1807//1807 1809//1809
f 1810//1810 1811//1811 1812//1812
f 1812//1812 1811//1811 1813//1813
f 1812//1812 1813//1813 1814//1814
f 1815//1815 1816//1816 1817//1817
f 1817//1817 1816//1816 1812//1812
f 1817//1817 1812//1812 1818//1818
f 1818//1818 1812//1812 1814//1814
f 1819//1819 1820//1820 132//132
f 132//132 1820//1820 133//133
f 121//121 120//120 1821//1821
f 1821//1821 120//120 1822//1822
f 1823//1823 1824//1824 1825//1825
f 1825//1825 1824//1824 1826//1826
f 1827//1827 1823//1823 1828//1828
f 1828//1828 1823//1823 1825//1825
f 1828//1828 1829//1829 1830//1830
f 1830//1830 1829//1829 1831//1831
f 1830//1830 1831//1831 1832//1832
f 1833//1833 1834//1834 1835//1835
f 1835//1835 1834//1834 1836//1836
f 1835//1835 1836//1836 1838//1838
f 1838//1838 1836//1836 1839//1839
f 1838//1838 1839//1839 1840//1840
f 1840//1840 1839//1839 1841//1841
f 1842//1842 1843//1843 1844//1844
f 1844//1844 1843//1843 1845//1845
f 1844//1844 1845//1845 1846//1846
f 1847//1847 1848//1848 1849//1849
f 1849//1849 1848//1848 1844//1844
f 1849//1849 1844//1844 1850//1850
f 1850//1850 1844//1844 1846//1846
f 1851//1851 1852//1852 1853//1853
f 1853//1853 1852//1852 1854//1854
f 1855//1855 1856//1856 1857//1857
f 1858//1858 1859//1859 1861//1861
f 1861//1861 1859//1859 1855//1855
f 1861//1861 1855//1855 1862//1862
f 1862//1862 1855//1855 1857//1857
f 1863//1863 1864//1864 1865//1865
f 1866//1866 1867//1867 1868//1868
f 1868//1868 1867//1867 1863//1863
f 1868//1868 1863//1863 1869//1869
f 1869//1869 1863//1863 1865//1865
f 1870//1870 1872//1872 1873//1873
f 1874//1874 1871//1871 1875//1875
f 1876//1876 1877//1877 1880//1880
f 1879//1879 1878//1878 1881//1881
f 1882//1882 1884//1884 1885//1885
f 1886//1886 1883//1883 1887//1887
f 1888//1888 1890//1890 1892//1892
f 1891//1891 1889//1889 1893//1893
f 1894//1894 1896//1896 1898//1898
f 1897//1897 1895//1895 1899//1899
f 1900//1900 1901//1901 1903//1903
f 1904//1904 1902//1902 1905//1905
f 1906//1906 1907//1907 1910//1910
f 1909//1909 1908//1908 1911//1911
f 1912//1912 1914//1914 1916//1916
f 1915//1915 1913//1913 1917//1917
f 1918//1918 1919//1919 1921//1921
f 1922//1922 1920//1920 1923//1923
f 1924//1924 1925//1925 1928//1928
f 1927//1927 1926//1926 1929//1929
f 1930//1930 1931//1931 1933//1933
f 1934//1934 1932//1932 1935//1935
f 1936//1936 1938//1938 1939//1939
f 1940//1940 1937//1937 1941//1941
f 1942//1942 1943//1943 1945//1945
f 1946//1946 1944//1944 1947//1947
f 1948//1948 1950//1950 1952//1952
f 1951//1951 1949//1949 1953//1953
f 1954//1954 1955//1955 1957//1957
f 1958//1958 1956//1956 1959//1959
f 1960//1960 1962//1962 1964//1964
f 1963//1963 1961//1961 1965//1965
f 1966//1966 1967//1967 1969//1969
f 1970//1970 1968//1968 1971//1971
f 1972//1972 1974//1974 1976//1976
f 1975//1975 1973//1973 1977//1977
f 1978//1978 1980//1980 1982//1982
f 1981//1981 1979//1979 1983//1983
f 1984//1984 1986//1986 1987//1987
f 1988//1988 1985//1985 1989//1989
f 1990//1990 1991//1991 1993//1993
f 1994//1994 1992//1992 1995//1995
f 1996//1996 1997//1997 1999//1999
f 2000//2000 1998//1998 2001//2001
f 2002//2002 2004//2004 2006//2006
f 2005//2005 2003//2003 2007//2007
f 2008//2008 2010//2010 2012//2012
f 2011//2011 2009//2009 2013//2013
f 2014//2014 2015//2015 2016//2016
f 2016//2016 2015//2015 2017//2017
f 2018//2018 2019//2019 2020//2020
f 2018//2018 2020//2020 2023//2023
f 2024//2024 2026//2026 2027//2027
f 2028//2028 2025//2025 2029//2029
f 2027//2027 2030//2030 2031//2031
f 2031//2031 2030//2030 2032//2032
f 2033//2033 2023//2023 2034//2034
f 2035//2035 2022//2022 2021//2021
f 2034//2034 2020//2020 2036//2036
f 2036//2036 2032//2032 2030//2030
f 2037//2037 2038//2038 2039//2039
f 2039//2039 2038//2038 2040//2040
f 2041//2041 2044//2044 2045//2045
f 2045//2045 2046//2046 2041//2041
f 2043//2043 2047//2047 2048//2048
f 2042//2042 2049//2049 2050//2050
f 2052//2052 2053//2053 2054//2054
f 2054//2054 2055//2055 2052//2052
f 2056//2056 2055//2055 2041//2041
f 2056//2056 2041//2041 2057//2057
f 2057//2057 2041//2041 2051//2051
f 2057//2057 2051//2051 2058//2058
f 2059//2059 2060//2060 2061//2061
f 2061//2061 2060//2060 2062//2062
f 2063//2063 2064//2064 2065//2065
f 2066//2066 2068//2068 2071//2071
f 2072//2072 2073//2073 2075//2075
f 2075//2075 2073//2073 2077//2077
f 2074//2074 2078//2078 2079//2079
f 2063//2063 2065//2065 2081//2081
f 2081//2081 2065//2065 2077//2077
f 2080//2080 2076//2076 2070//2070
f 2069//2069 2077//2077 2073//2073
f 2069//2069 2073//2073 2067//2067
f 2082//2082 2083//2083 2084//2084
f 2084//2084 2083//2083 2085//2085
f 2087//2087 2088//2088 2089//2089
f 2092//2092 2093//2093 2094//2094
f 2095//2095 2098//2098 2101//2101
f 2102//2102 2097//2097 2103//2103
f 2102//2102 2103//2103 2104//2104
f 2094//2094 2105//2105 2092//2092
f 2106//2106 2105//2105 2087//2087
f 2106//2106 2087//2087 2102//2102
f 2099//2099 2086//2086 2090//2090
f 2100//2100 2091//2091 2096//2096
f 1852//1852 1851//1851 2107//2107
f 2107//2107 1851//1851 2109//2109
f 2107//2107 2109//2109 2110//2110
f 2110//2110 2109//2109 2111//2111
f 2112//2112 2108//2108 1842//1842
f 2112//2112 1842//1842 1844//1844
f 1825//1825 1826//1826 2113//2113
f 2113//2113 1826//1826 2114//2114
f 2113//2113 2114//2114 2115//2115
f 2115//2115 2114//2114 2116//2116
f 2116//2116 2114//2114 1821//1821
f 2116//2116 1821//1821 1822//1822
f 1820//1820 1819//1819 2117//2117
f 2117//2117 1819//1819 2119//2119
f 2117//2117 2119//2119 2120//2120
f 2120//2120 2119//2119 2121//2121
f 2122//2122 2118//2118 1810//1810
f 2122//2122 1810//1810 1812//1812
f 1794//1794 1795//1795 2123//2123
f 2123//2123 1795//1795 2124//2124
f 2123//2123 2124//2124 2125//2125
f 2125//2125 2124//2124 2126//2126
f 2126//2126 2124//2124 1789//1789
f 2126//2126 1789//1789 1791//1791
f 2127//2127 2130//2130 2136//2136
f 2129//2129 2128//2128 2139//2139
f 2140//2140 2142//2142 2144//2144
f 2144//2144 2142//2142 2145//2145
f 2146//2146 2148//2148 2152//2152
f 2155//2155 2156//2156 2157//2157
f 2157//2157 2156//2156 2158//2158
f 2157//2157 2158//2158 2159//2159
f 2159//2159 2158//2158 2162//2162
f 2163//2163 2166//2166 2167//2167
f 2169//2169 2165//2165 2172//2172
f 2170//2170 2171//2171 2174//2174
f 2176//2176 2173//2173 2178//2178
f 2175//2175 2177//2177 2180//2180
f 2182//2182 2179//2179 2188//2188
f 2183//2183 2187//2187 2190//2190
f 2191//2191 2206//2206 2207//2207
f 2209//2209 2211//2211 2216//2216
f 2214//2214 2212//2212 2219//2219
f 2213//2213 2218//2218 2222//2222
f 2221//2221 2220//2220 2226//2226
f 2223//2223 2225//2225 2161//2161
f 2160//2160 2224//2224 2228//2228
f 2162//2162 2227//2227 2159//2159
f 2192//2192 2208//2208 2216//2216
f 2216//2216 2208//2208 2230//2230
f 2215//2215 2229//2229 2210//2210
f 2189//2189 2231//2231 2181//2181
f 2181//2181 2231//2231 2232//2232
f 2181//2181 2232//2232 2192//2192
f 2197//2197 2233//2233 2234//2234
f 2193//2193 2235//2235 2205//2205
f 2236//2236 2239//2239 2241//2241
f 2250//2250 2251//2251 2254//2254
f 2253//2253 2252//2252 2255//2255
f 2253//2253 2255//2255 2256//2256
f 2256//2256 2255//2255 2258//2258
f 2256//2256 2258//2258 2259//2259
f 2260//2260 2257//2257 2262//2262
f 2261//2261 2263//2263 2265//2265
f 2242//2242 2238//2238 2266//2266
f 2192//2192 2268//2268 2271//2271
f 2264//2264 2272//2272 2217//2217
f 2215//2215 2273//2273 2275//2275
f 2216//2216 2274//2274 2192//2192
f 2192//2192 2274//2274 2276//2276
f 2194//2194 2277//2277 2269//2269
f 2270//2270 2279//2279 2196//2196
f 2195//2195 2278//2278 2280//2280
f 2192//2192 2281//2281 2242//2242
f 2242//2242 2281//2281 2282//2282
f 2240//2240 2283//2283 2237//2237
f 2238//2238 2284//2284 2266//2266
f 2267//2267 2285//2285 2286//2286
f 2266//2266 2288//2288 2291//2291
f 2289//2289 2287//2287 2293//2293
f 2290//2290 2292//2292 2295//2295
f 2297//2297 2298//2298 2249//2249
f 2248//2248 2299//2299 2302//2302
f 2247//2247 2301//2301 2252//2252
f 2303//2303 2140//2140 2306//2306
f 2306//2306 2140//2140 2309//2309
f 2305//2305 2308//2308 2311//2311
f 2312//2312 2314//2314 2316//2316
f 2316//2316 2314//2314 2317//2317
f 2310//2310 2309//2309 2320//2320
f 2319//2319 2307//2307 2322//2322
f 2321//2321 2330//2330 2332//2332
f 2334//2334 2335//2335 2344//2344
f 2315//2315 2352//2352 2354//2354
f 2353//2353 2351//2351 2356//2356
f 2355//2355 2357//2357 2359//2359
f 2358//2358 2356//2356 2360//2360
f 2358//2358 2360//2360 2361//2361
f 2361//2361 2360//2360 2362//2362
f 2361//2361 2362//2362 2364//2364
f 2366//2366 2363//2363 2367//2367
f 2365//2365 2368//2368 2369//2369
f 2370//2370 2371//2371 2377//2377
f 2376//2376 2372//2372 2379//2379
f 2375//2375 2378//2378 2344//2344
f 2344//2344 2378//2378 2381//2381
f 2346//2346 2380//2380 2333//2333
f 2336//2336 2383//2383 2345//2345
f 2348//2348 2382//2382 2385//2385
f 2344//2344 2384//2384 2327//2327
f 2327//2327 2384//2384 2387//2387
f 2325//2325 2386//2386 2331//2331
f 2388//2388 2390//2390 2392//2392
f 2394//2394 2399//2399 2400//2400
f 2401//2401 2398//2398 2402//2402
f 2401//2401 2402//2402 2403//2403
f 2390//2390 2404//2404 2407//2407
f 2408//2408 2405//2405 2410//2410
f 2406//2406 2409//2409 2414//2414
f 2412//2412 2411//2411 2417//2417
f 2413//2413 2415//2415 2421//2421
f 2420//2420 2416//2416 2425//2425
f 2423//2423 2426//2426 2428//2428
f 2340//2340 2429//2429 2432//2432
f 2434//2434 2436//2436 2375//2375
f 2373//2373 2435//2435 2438//2438
f 2374//2374 2439//2439 2440//2440
f 2441//2441 2437//2437 2444//2444
f 2442//2442 2445//2445 2396//2396
f 2397//2397 2443//2443 2446//2446
f 2395//2395 2447//2447 2398//2398
f 2344//2344 2431//2431 2375//2375
f 2375//2375 2431//2431 2448//2448
f 2376//2376 2449//2449 2433//2433
f 2427//2427 2450//2450 2424//2424
f 2424//2424 2450//2450 2451//2451
f 2424//2424 2451//2451 2344//2344
f 2347//2347 2452//2452 2453//2453
f 2339//2339 2454//2454 2430//2430
f 2457//2457 2466//2466 2469//2469
f 2155//2155 2164//2164 2147//2147
f 2147//2147 2164//2164 2168//2168
f 2147//2147 2168//2168 2149//2149
f 2149//2149 2168//2168 2471//2471
f 2150//2150 2472//2472 2151//2151
f 2154//2154 2470//2470 2474//2474
f 2153//2153 2475//2475 2467//2467
f 2465//2465 2460//2460 2476//2476
f 2480//2480 2145//2145 2482//2482
f 2482//2482 2145//2145 2142//2142
f 2481//2481 2143//2143 2313//2313
f 2314//2314 2142//2142 2140//2140
f 2314//2314 2140//2140 2317//2317
f 2318//2318 2141//2141 2304//2304
f 2484//2484 2291//2291 2296//2296
f 2296//2296 2291//2291 2294//2294
f 2296//2296 2294//2294 2300//2300
f 2402//2402 2388//2388 2485//2485
f 2486//2486 2389//2389 2393//2393
f 2487//2487 2391//2391 2488//2488
f 2490//2490 2392//2392 2491//2491
f 2489//2489 2492//2492 2494//2494
f 2493//2493 2491//2491 2134//2134
f 2493//2493 2134//2134 2497//2497
f 2496//2496 2135//2135 2133//2133
f 2495//2495 2131//2131 2500//2500
f 2498//2498 2132//2132 2138//2138
f 2499//2499 2137//2137 2484//2484
f 2484//2484 2137//2137 2501//2501
f 2484//2484 2501//2501 2291//2291
f 2505//2505 2506//2506 2507//2507
f 2509//2509 2510//2510 2514//2514
f 2513//2513 2511//2511 2516//2516
f 2514//2514 2515//2515 2505//2505
f 2328//2328 2519//2519 2520//2520
f 2522//2522 2524//2524 2344//2344
f 2343//2343 2525//2525 2527//2527
f 2344//2344 2526//2526 2514//2514
f 2514//2514 2526//2526 2529//2529
f 2512//2512 2528//2528 2508//2508
f 2521//2521 2531//2531 2324//2324
f 2326//2326 2530//2530 2532//2532
f 2327//2327 2534//2534 2344//2344
f 2337//2337 2533//2533 2536//2536
f 2338//2338 2535//2535 2523//2523
f 2517//2517 2538//2538 2502//2502
f 2503//2503 2537//2537 2540//2540
f 2504//2504 2541//2541 2544//2544
f 2542//2542 2539//2539 2545//2545
f 2543//2543 2546//2546 2549//2549
f 2548//2548 2547//2547 2551//2551
f 2549//2549 2552//2552 2553//2553
f 2555//2555 2550//2550 2558//2558
f 2554//2554 2556//2556 2560//2560
f 2559//2559 2557//2557 2562//2562
f 2559//2559 2562//2562 2327//2327
f 2329//2329 2561//2561 2563//2563
f 2323//2323 2564//2564 2518//2518
f 2483//2483 2477//2477 2479//2479
f 2480//2480 2476//2476 2460//2460
f 2478//2478 2463//2463 2569//2569
f 2567//2567 2458//2458 2571//2571
f 2574//2574 2575//2575 2578//2578
f 2580//2580 2581//2581 2573//2573
f 2587//2587 2582//2582 2591//2591
f 2586//2586 2589//2589 2455//2455
f 2461//2461 2590//2590 2593//2593
f 2462//2462 2592//2592 2570//2570
f 2572//2572 2594//2594 2566//2566
f 2565//2565 2595//2595 2596//2596
f 2568//2568 2598//2598 2599//2599
f 2601//2601 2597//2597 2603//2603
f 2600//2600 2604//2604 2606//2606
f 2605//2605 2602//2602 2610//2610
f 2607//2607 2609//2609 2613//2613
f 2612//2612 2608//2608 2615//2615
f 2611//2611 2616//2616 2619//2619
f 2617//2617 2614//2614 2620//2620
f 2618//2618 2621//2621 2575//2575
f 2576//2576 2622//2622 2623//2623
f 2577//2577 2624//2624 2579//2579
f 2625//2625 2584//2584 2629//2629
f 2473//2473 2631//2631 2468//2468
f 2468//2468 2631//2631 2634//2634
f 2468//2468 2634//2634 2460//2460
f 2464//2464 2632//2632 2636//2636
f 2628//2628 2639//2639 2626//2626
f 2627//2627 2640//2640 2642//2642
f 2625//2625 2643//2643 2644//2644
f 2645//2645 2641//2641 2647//2647
f 2646//2646 2648//2648 2652//2652
f 2651//2651 2649//2649 2655//2655
f 2650//2650 2654//2654 2656//2656
f 2658//2658 2653//2653 2661//2661
f 2657//2657 2659//2659 2664//2664
f 2662//2662 2660//2660 2665//2665
f 2663//2663 2666//2666 2668//2668
f 2635//2635 2667//2667 2670//2670
f 2633//2633 2669//2669 2637//2637
f 2638//2638 2671//2671 2460//2460
f 2456//2456 2672//2672 2675//2675
f 2459//2459 2673//2673 2588//2588
f 2583//2583 2674//2674 2676//2676
f 2585//2585 2677//2677 2630//2630
f 2678//2678 2681//2681 2682//2682
f 2685//2685 2686//2686 2688//2688
f 2688//2688 2686//2686 2689//2689
f 2688//2688 2689//2689 2694//2694
f 2696//2696 2697//2697 2198//2198
f 2700//2700 2704//2704 2690//2690
f 2691//2691 2705//2705 2706//2706
f 2692//2692 2707//2707 2693//2693
f 2695//2695 2192//2192 2708//2708
f 2698//2698 2711//2711 2199//2199
f 2200//2200 2710//2710 2713//2713
f 2201//2201 2714//2714 2184//2184
f 2185//2185 2712//2712 2716//2716
f 2186//2186 2715//2715 2717//2717
f 2685//2685 2719//2719 2686//2686
f 2687//2687 2720//2720 2722//2722
f 2686//2686 2721//2721 2192//2192
f 2192//2192 2721//2721 2724//2724
f 2202//2202 2723//2723 2709//2709
f 2718//2718 2726//2726 2727//2727
f 2728//2728 2725//2725 2731//2731
f 2729//2729 2732//2732 2734//2734
f 2733//2733 2730//2730 2737//2737
f 2735//2735 2736//2736 2739//2739
f 2740//2740 2738//2738 2743//2743
f 2741//2741 2742//2742 2745//2745
f 2746//2746 2744//2744 2749//2749
f 2747//2747 2750//2750 2684//2684
f 2683//2683 2748//2748 2702//2702
f 2684//2684 2701//2701 2679//2679
f 2680//2680 2703//2703 2699//2699
f 2751//2751 2754//2754 2755//2755
f 2759//2759 2765//2765 2767//2767
f 2768//2768 2770//2770 2242//2242
f 2753//2753 2772//2772 2756//2756
f 2758//2758 2773//2773 2775//2775
f 2755//2755 2774//2774 2777//2777
f 2778//2778 2781//2781 2192//2192
f 2203//2203 2780//2780 2782//2782
f 2192//2192 2783//2783 2686//2686
f 2755//2755 2783//2783 2784//2784
f 2757//2757 2785//2785 2752//2752
f 2774//2774 2787//2787 2777//2777
f 2776//2776 2786//2786 2788//2788
f 2777//2777 2789//2789 2790//2790
f 2790//2790 2789//2789 2760//2760
f 2791//2791 2763//2763 2792//2792
f 2793//2793 2762//2762 2766//2766
f 2771//2771 2795//2795 2243//2243
f 2245//2245 2794//2794 2798//2798
f 2242//2242 2797//2797 2192//2192
f 2200//2200 2796//2796 2799//2799
f 2204//2204 2800//2800 2779//2779
f 2764//2764 2760//2760 2802//2802
f 2801//2801 2761//2761 2804//2804
f 2802//2802 2805//2805 2806//2806
f 2807//2807 2803//2803 2809//2809
f 2808//2808 2810//2810 2812//2812
f 2813//2813 2811//2811 2814//2814
f 2813//2813 2814//2814 2242//2242
f 2246//2246 2815//2815 2816//2816
f 2244//2244 2817//2817 2769//2769
f 2818//2818 2820//2820 2344//2344
f 2342//2342 2821//2821 2823//2823
f 2824//2824 2514//2514 2825//2825
f 2825//2825 2514//2514 2827//2827
f 2826//2826 2829//2829 2830//2830
f 2822//2822 2833//2833 2341//2341
f 2337//2337 2832//2832 2836//2836
f 2350//2350 2834//2834 2422//2422
f 2418//2418 2835//2835 2837//2837
f 2419//2419 2838//2838 2840//2840
f 2824//2824 2841//2841 2514//2514
f 2512//2512 2842//2842 2843//2843
f 2514//2514 2844//2844 2344//2344
f 2344//2344 2844//2844 2846//2846
f 2349//2349 2845//2845 2819//2819
f 2839//2839 2848//2848 2851//2851
f 2850//2850 2847//2847 2852//2852
f 2849//2849 2854//2854 2856//2856
f 2857//2857 2853//2853 2859//2859
f 2855//2855 2860//2860 2862//2862
f 2861//2861 2858//2858 2864//2864
f 2863//2863 2865//2865 2868//2868
f 2869//2869 2866//2866 2871//2871
f 2867//2867 2872//2872 2873//2873
f 2874//2874 2870//2870 2875//2875
f 2873//2873 2876//2876 2827//2827
f 2828//2828 2877//2877 2878//2878
f 2827//2827 2879//2879 2831//2831
f 2505//2505 2507//2507 2514//2514
f 2514//2514 2507//2507 2880//2880
f 2514//2514 2880//2880 2827//2827
f 2827//2827 2880//2880 2881//2881
f 2827//2827 2881//2881 2882//2882
f 2883//2883 2884//2884 2886//2886
f 2883//2883 2886//2886 2888//2888
f 2885//2885 2889//2889 2890//2890
f 2890//2890 2889//2889 2891//2891
f 2890//2890 2891//2891 2892//2892
f 2892//2892 2891//2891 2893//2893
f 2893//2893 2891//2891 2894//2894
f 2893//2893 2894//2894 2895//2895
f 2895//2895 2894//2894 2896//2896
f 2895//2895 2896//2896 2897//2897
f 2896//2896 2898//2898 2897//2897
f 2897//2897 2898//2898 2899//2899
f 2897//2897 2899//2899 2901//2901
f 2901//2901 2899//2899 2902//2902
f 2900//2900 2903//2903 2904//2904
f 2904//2904 2903//2903 2905//2905
f 2906//2906 2907//2907 2905//2905
f 2905//2905 2907//2907 2908//2908
f 2905//2905 2908//2908 2904//2904
f 2909//2909 2910//2910 2912//2912
f 2906//2906 2911//2911 2913//2913
f 2906//2906 2913//2913 2907//2907
f 2914//2914 2916//2916 2917//2917
f 2909//2909 2915//2915 2918//2918
f 2909//2909 2918//2918 2910//2910
f 2919//2919 2920//2920 2914//2914
f 2914//2914 2920//2920 2921//2921
f 2914//2914 2921//2921 2916//2916
f 2922//2922 2923//2923 2919//2919
f 2919//2919 2923//2923 2924//2924
f 2919//2919 2924//2924 2920//2920
f 2925//2925 2927//2927 2928//2928
f 2922//2922 2926//2926 2929//2929
f 2922//2922 2929//2929 2923//2923
f 2930//2930 2931//2931 2925//2925
f 2925//2925 2931//2931 2932//2932
f 2925//2925 2932//2932 2927//2927
f 2933//2933 2935//2935 2936//2936
f 2930//2930 2934//2934 2937//2937
f 2930//2930 2937//2937 2931//2931
f 2938//2938 2941//2941 2942//2942
f 2942//2942 2941//2941 2943//2943
f 2942//2942 2943//2943 2944//2944
f 2944//2944 2943//2943 2946//2946
f 2944//2944 2946//2946 2947//2947
f 2933//2933 2945//2945 2948//2948
f 2933//2933 2948//2948 2935//2935
f 2949//2949 2950//2950 2939//2939
f 2939//2939 2950//2950 2951//2951
f 2940//2940 2952//2952 2953//2953
f 2953//2953 2952//2952 2954//2954
f 2953//2953 2954//2954 2955//2955
f 2955//2955 2954//2954 2956//2956
f 2956//2956 2954//2954 2957//2957
f 2956//2956 2957//2957 2958//2958
f 2958//2958 2957//2957 2959//2959
f 2959//2959 2957//2957 2961//2961
f 2960//2960 2962//2962 2963//2963
f 2963//2963 2962//2962 2964//2964
f 2964//2964 2962//2962 2966//2966
f 2965//2965 2967//2967 2968//2968
f 2968//2968 2967//2967 2969//2969
f 2969//2969 2967//2967 2970//2970
f 2969//2969 2970//2970 2971//2971
f 2971//2971 2970//2970 2973//2973
f 2973//2973 2970//2970 2974//2974
f 2972//2972 2975//2975 2976//2976
f 2976//2976 2975//2975 2977//2977
f 2977//2977 2975//2975 2979//2979
f 2978//2978 2980//2980 2981//2981
f 2981//2981 2980//2980 2982//2982
f 2982//2982 2980//2980 2983//2983
f 2982//2982 2983//2983 2984//2984
f 2984//2984 2983//2983 2985//2985
f 2984//2984 2985//2985 2986//2986
f 2985//2985 2987//2987 2986//2986
f 2986//2986 2987//2987 2988//2988
f 2986//2986 2988//2988 2989//2989
f 2989//2989 2988//2988 2991//2991
f 2990//2990 2992//2992 2993//2993
f 2993//2993 2992//2992 2994//2994
f 2995//2995 2997//2997 2998//2998
f 2994//2994 2996//2996 2999//2999
f 2994//2994 2999//2999 2993//2993
f 2887//2887 3000//3000 3001//3001
f 3001//3001 3000//3000 3002//3002
f 3001//3001 3002//3002 2995//2995
f 2995//2995 3002//3002 3003//3003
f 2995//2995 3003//3003 2997//2997
f 3004//3004 3005//3005 3006//3006
f 3006//3006 3005//3005 3008//3008
f 3006//3006 3008//3008 3009//3009
f 3010//3010 3011//3011 3006//3006
f 3006//3006 3011//3011 3012//3012
f 3006//3006 3012//3012 3004//3004
f 3013//3013 3015//3015 3006//3006
f 3006//3006 3015//3015 3016//3016
f 3006//3006 3016//3016 3010//3010
f 3009//3009 3017//3017 3006//3006
f 3006//3006 3017//3017 3019//3019
f 3007//3007 3018//3018 3014//3014
f 3021//3021 3023//3023 3024//3024
f 3025//3025 3022//3022 3030//3030
f 3025//3025 3030//3030 3031//3031
f 3032//3032 3034//3034 3025//3025
f 3029//3029 3033//3033 3035//3035
f 3026//3026 3036//3036 3020//3020
f 3037//3037 3040//3040 3028//3028
f 3025//3025 3039//3039 3041//3041
f 3025//3025 3041//3041 3032//3032
f 3031//3031 3043//3043 3025//3025
f 3026//3026 3042//3042 3045//3045
f 3027//3027 3044//3044 3038//3038
f 3046//3046 3047//3047 3048//3048
f 3049//3049 3052//3052 3055//3055
f 3048//3048 3056//3056 3057//3057
f 3057//3057 3056//3056 3058//3058
f 3057//3057 3058//3058 3053//3053
f 3059//3059 3051//3051 3061//3061
f 3060//3060 3050//3050 3054//3054
f 3062//3062 3053//3053 3063//3063
f 3063//3063 3053//3053 3058//3058
f 3064//3064 3065//3065 3066//3066
f 3067//3067 3068//3068 3069//3069
f 3066//3066 3070//3070 3064//3064
f 3064//3064 3070//3070 3067//3067
f 3064//3064 3067//3067 3071//3071
f 3071//3071 3067//3067 3069//3069
f 3072//3072 3073//3073 3074//3074
f 3074//3074 3073//3073 3076//3076
f 3074//3074 3076//3076 3077//3077
f 3079//3079 3080//3080 3081//3081
f 3072//3072 3074//3074 3084//3084
f 3085//3085 3075//3075 3079//3079
f 3085//3085 3079//3079 3088//3088
f 3086//3086 3078//3078 3083//3083
f 3087//3087 3082//3082 3089//3089
f 3092//3092 3093//3093 3094//3094
f 3095//3095 3096//3096 3098//3098
f 3098//3098 3096//3096 3099//3099
f 3100//3100 3101//3101 3105//3105
f 3104//3104 3102//3102 3091//3091
f 3103//3103 3090//3090 3097//3097
f 3096//3096 3092//3092 3094//3094
f 3096//3096 3094//3094 3099//3099
f 3107//3107 3108//3108 3109//3109
f 3110//3110 3111//3111 3108//3108
f 3108//3108 3111//3111 3112//3112
f 3108//3108 3112//3112 3109//3109
f 3113//3113 3114//3114 3116//3116
f 3117//3117 3115//3115 3106//3106
f 3118//3118 3107//3107 3119//3119
f 3119//3119 3107//3107 3109//3109
f 3120//3120 3121//3121 3122//3122
f 3125//3125 3126//3126 3127//3127
f 3127//3127 3126//3126 3128//3128
f 3127//3127 3128//3128 3124//3124
f 3123//3123 3129//3129 3131//3131
f 3122//3122 3130//3130 3120//3120
f 1021//1021 1020//1020 3132//3132
f 1021//1021 3132//3132 3133//3133
f 3135//3135 3136//3136 3138//3138
f 3134//3134 3137//3137 3139//3139
f 3141//3141 3142//3142 3144//3144
f 3140//3140 3143//3143 3145//3145
f 3146//3146 3147//3147 3069//3069
f 3146//3146 3069//3069 3068//3068
f 938//938 961//961 3148//3148
f 938//938 3148//3148 3149//3149
f 3150//3150 3151//3151 3152//3152
f 3150//3150 3152//3152 3153//3153
f 3154//3154 3155//3155 3126//3126
f 3154//3154 3126//3126 3125//3125
f 3109//3109 3156//3156 3119//3119
f 3119//3119 3156//3156 3157//3157
f 3158//3158 3159//3159 3160//3160
f 3160//3160 3159//3159 3161//3161
f 3160//3160 3161//3161 3162//3162
f 3162//3162 3161//3161 3157//3157
f 3162//3162 3157//3157 3163//3163
f 3163//3163 3157//3157 3156//3156
f 3158//3158 3160//3160 3164//3164
f 3164//3164 3160//3160 3165//3165
f 3164//3164 3165//3165 3166//3166
f 3166//3166 3165//3165 207//207
f 3166//3166 207//207 206//206
f 262//262 261//261 3167//3167
f 3167//3167 261//261 3169//3169
f 3168//3168 3170//3170 3171//3171
f 3172//3172 3173//3173 3170//3170
f 3170//3170 3173//3173 3174//3174
f 3170//3170 3174//3174 3171//3171
f 3072//3072 3084//3084 3175//3175
f 3175//3175 3084//3084 3176//3176
f 3177//3177 3179//3179 3180//3180
f 3172//3172 3178//3178 3181//3181
f 3172//3172 3181//3181 3173//3173
f 3063//3063 3058//3058 3182//3182
f 3182//3182 3058//3058 3183//3183
f 3182//3182 3183//3183 3184//3184
f 3184//3184 3183//3183 3185//3185
f 3184//3184 3185//3185 3186//3186
f 3186//3186 3185//3185 3187//3187
f 3186//3186 3187//3187 3188//3188
f 3188//3188 3187//3187 3189//3189
f 3189//3189 3187//3187 289//289
f 3189//3189 289//289 288//288
f 199//199 198//198 3191//3191
f 3191//3191 198//198 3192//3192
f 3190//3190 3193//3193 3194//3194
f 3195//3195 3196//3196 3193//3193
f 3193//3193 3196//3196 3197//3197
f 3193//3193 3197//3197 3194//3194
f 3094//3094 3093//3093 3198//3198
f 3198//3198 3093//3093 3199//3199
f 3200//3200 3202//3202 3203//3203
f 3195//3195 3201//3201 3204//3204
f 3195//3195 3204//3204 3196//3196
f 3108//3108 3205//3205 3206//3206
f 3206//3206 3207//3207 3108//3108
f 3108//3108 3207//3207 3208//3208
f 3108//3108 3208//3208 3110//3110
f 3209//3209 3210//3210 3205//3205
f 3205//3205 3210//3210 3211//3211
f 3205//3205 3211//3211 3206//3206
f 1867//1867 1866//1866 3209//3209
f 3209//3209 1866//1866 3212//3212
f 3212//3212 3213//3213 3209//3209
f 3209//3209 3213//3213 3214//3214
f 3209//3209 3214//3214 3210//3210
f 465//465 464//464 3215//3215
f 3215//3215 464//464 3216//3216
f 3215//3215 3216//3216 3217//3217
f 3217//3217 3216//3216 3219//3219
f 3217//3217 3219//3219 3220//3220
f 3220//3220 3219//3219 3221//3221
f 3223//3223 3218//3218 3224//3224
f 3223//3223 3224//3224 3225//3225
f 3225//3225 3224//3224 3226//3226
f 3225//3225 3226//3226 3095//3095
f 3047//3047 3046//3046 3227//3227
f 3227//3227 3046//3046 3228//3228
f 3227//3227 3228//3228 3229//3229
f 3229//3229 3228//3228 3230//3230
f 3230//3230 3228//3228 3231//3231
f 3230//3230 3231//3231 3232//3232
f 3232//3232 3231//3231 3233//3233
f 3232//3232 3233//3233 3234//3234
f 474//474 473//473 3233//3233
f 3233//3233 473//473 3235//3235
f 3233//3233 3235//3235 3234//3234
f 1857//1857 1856//1856 3236//3236
f 3236//3236 1856//1856 3237//3237
f 3236//3236 3237//3237 3238//3238
f 3238//3238 3237//3237 3239//3239
f 3238//3238 3239//3239 3241//3241
f 3241//3241 3239//3239 3242//3242
f 3243//3243 3240//3240 3245//3245
f 3243//3243 3245//3245 3246//3246
f 3247//3247 3244//3244 3074//3074
f 3247//3247 3074//3074 3077//3077
f 3248//3248 3249//3249 3250//3250
f 3250//3250 3249//3249 3251//3251
f 100//100 98//98 3252//3252
f 3252//3252 98//98 3253//3253
f 3252//3252 3250//3250 3254//3254
f 3254//3254 3250//3250 3251//3251
f 42//42 40//40 3255//3255
f 3255//3255 40//40 3256//3256
f 3257//3257 3258//3258 3259//3259
f 3259//3259 3258//3258 3255//3255
f 3259//3259 3255//3255 3260//3260
f 3260//3260 3255//3255 3256//3256
f 3261//3261 3262//3262 3263//3263
f 3263//3263 3262//3262 3264//3264
f 50//50 48//48 3265//3265
f 3265//3265 48//48 3266//3266
f 3265//3265 3263//3263 3267//3267
f 3267//3267 3263//3263 3264//3264
f 104//104 102//102 3268//3268
f 3268//3268 102//102 3269//3269
f 3270//3270 3271//3271 3272//3272
f 3272//3272 3271//3271 3268//3268
f 3272//3272 3268//3268 3273//3273
f 3273//3273 3268//3268 3269//3269
f 3274//3274 3275//3275 3276//3276
f 3277//3277 3276//3276 3278//3278
f 3278//3278 3276//3276 3279//3279
f 3277//3277 3280//3280 3276//3276
f 3276//3276 3280//3280 3281//3281
f 3276//3276 3281//3281 3274//3274
f 3279//3279 3282//3282 3278//3278
f 3278//3278 3282//3282 3283//3283
f 3278//3278 3283//3283 3284//3284
f 3284//3284 3285//3285 3278//3278
f 3278//3278 3285//3285 3286//3286
f 3278//3278 3286//3286 3287//3287
f 3288//3288 3289//3289 3290//3290
f 3289//3289 3291//3291 3292//3292
f 3290//3290 3293//3293 3294//3294
f 3295//3295 3296//3296 3289//3289
f 3289//3289 3296//3296 3297//3297
f 3289//3289 3297//3297 3290//3290
f 3294//3294 3298//3298 3290//3290
f 3290//3290 3298//3298 3299//3299
f 3290//3290 3299//3299 3288//3288
f 3292//3292 3300//3300 3289//3289
f 3289//3289 3300//3300 3301//3301
f 3289//3289 3301//3301 3295//3295
f 3302//3302 3303//3303 3304//3304
f 3304//3304 3303//3303 3305//3305
f 3306//3306 3307//3307 3308//3308
f 3308//3308 3307//3307 3309//3309
f 3310//3310 3311//3311 3312//3312
f 3312//3312 3311//3311 3313//3313
f 3314//3314 3315//3315 3316//3316
f 3316//3316 3315//3315 3317//3317
f 3318//3318 3319//3319 3320//3320
f 3321//3321 3322//3322 3318//3318
f 3323//3323 3324//3324 3325//3325
f 3325//3325 3324//3324 3326//3326
f 3322//3322 3327//3327 3328//3328
f 3328//3328 3327//3327 3325//3325
f 3328//3328 3325//3325 3329//3329
f 3329//3329 3325//3325 3326//3326
f 3329//3329 3326//3326 3330//3330
f 3320//3320 3331//3331 3318//3318
f 3318//3318 3331//3331 3332//3332
f 3318//3318 3332//3332 3321//3321
f 3333//3333 3334//3334 3335//3335
f 3336//3336 3335//3335 3337//3337
f 3337//3337 3335//3335 3338//3338
f 3336//3336 3339//3339 3335//3335
f 3335//3335 3339//3339 3340//3340
f 3335//3335 3340//3340 3333//3333
f 3338//3338 3341//3341 3337//3337
f 3337//3337 3341//3341 3342//3342
f 3337//3337 3342//3342 3343//3343
f 3343//3343 3344//3344 3337//3337
f 3337//3337 3344//3344 3345//3345
f 3337//3337 3345//3345 3346//3346
f 3347//3347 3348//3348 3349//3349
f 3349//3349 3348//3348 3350//3350
f 3351//3351 3352//3352 3353//3353
f 3353//3353 3352//3352 3354//3354
f 3355//3355 3356//3356 3357//3357
f 3357//3357 3356//3356 3358//3358
f 3359//3359 3360//3360 3361//3361
f 3361//3361 3360//3360 3362//3362
f 3363//3363 3364//3364 3365//3365
f 245//245 244//244 3366//3366
f 3366//3366 244//244 3363//3363
f 3366//3366 3363//3363 3368//3368
f 3368//3368 3363//3363 3365//3365
f 3369//3369 3370//3370 3364//3364
f 3371//3371 3372//3372 3373//3373
f 3373//3373 3374//3374 3371//3371
f 3371//3371 3374//3374 3375//3375
f 3371//3371 3375//3375 3369//3369
f 3369//3369 3375//3375 3376//3376
f 3369//3369 3376//3376 3370//3370
f 3377//3377 2117//2117 3372//3372
f 3372//3372 2117//2117 2120//2120
f 3372//3372 2120//2120 3378//3378
f 3378//3378 2120//2120 2121//2121
f 3378//3378 2121//2121 3379//3379
f 3380//3380 3381//3381 3382//3382
f 1820//1820 2117//2117 3383//3383
f 3383//3383 2117//2117 3377//3377
f 3383//3383 3377//3377 3384//3384
f 3384//3384 3377//3377 3369//3369
f 3384//3384 3369//3369 3385//3385
f 3385//3385 3369//3369 3364//3364
f 3385//3385 3364//3364 3386//3386
f 3386//3386 3364//3364 3363//3363
f 386//386 357//357 3387//3387
f 1820//1820 3383//3383 133//133
f 133//133 3383//3383 3388//3388
f 3386//3386 3389//3389 3385//3385
f 3385//3385 3389//3389 3388//3388
f 3385//3385 3388//3388 3384//3384
f 3384//3384 3388//3388 3383//3383
f 3363//3363 244//244 241//241
f 3363//3363 241//241 3386//3386
f 3386//3386 241//241 3389//3389
f 3387//3387 241//241 240//240
f 3387//3387 240//240 386//386
f 133//133 3388//3388 3390//3390
f 3388//3388 3389//3389 3391//3391
f 3387//3387 357//357 247//247
f 3387//3387 247//247 3392//3392
f 3392//3392 247//247 246//246
f 3392//3392 246//246 3393//3393
f 3393//3393 246//246 250//250
f 3393//3393 250//250 3394//3394
f 3394//3394 250//250 249//249
f 3394//3394 249//249 3395//3395
f 3395//3395 249//249 248//248
f 3395//3395 248//248 3396//3396
f 3396//3396 248//248 254//254
f 3396//3396 254//254 3397//3397
f 3397//3397 254//254 253//253
f 3397//3397 253//253 3398//3398
f 3398//3398 253//253 252//252
f 3398//3398 252//252 3399//3399
f 3388//3388 3391//3391 3400//3400
f 3400//3400 3391//3391 3401//3401
f 3400//3400 3401//3401 3402//3402
f 3402//3402 3401//3401 3403//3403
f 3402//3402 3403//3403 3404//3404
f 3404//3404 3403//3403 3405//3405
f 3404//3404 3405//3405 3406//3406
f 3406//3406 3405//3405 3407//3407
f 3406//3406 3407//3407 3408//3408
f 3408//3408 3407//3407 3409//3409
f 3408//3408 3409//3409 3410//3410
f 3410//3410 3409//3409 3411//3411
f 3410//3410 3411//3411 3412//3412
f 3412//3412 3411//3411 3413//3413
f 3412//3412 3413//3413 3414//3414
f 133//133 3390//3390 131//131
f 131//131 3390//3390 3415//3415
f 131//131 3415//3415 130//130
f 130//130 3415//3415 3416//3416
f 130//130 3416//3416 128//128
f 128//128 3416//3416 3417//3417
f 128//128 3417//3417 127//127
f 127//127 3417//3417 3418//3418
f 127//127 3418//3418 125//125
f 125//125 3418//3418 3419//3419
f 125//125 3419//3419 124//124
f 124//124 3419//3419 3420//3420
f 124//124 3420//3420 122//122
f 122//122 3420//3420 3421//3421
f 122//122 3421//3421 120//120
f 1822//1822 120//120 3421//3421
f 252//252 259//259 3399//3399
f 3399//3399 259//259 256//256
f 3399//3399 256//256 255//255
f 1822//1822 3421//3421 3422//3422
f 3423//3423 3414//3414 3413//3413
f 3423//3423 3413//3413 3425//3425
f 3424//3424 3399//3399 255//255
f 3424//3424 255//255 281//281
f 3427//3427 3428//3428 3429//3429
f 3430//3430 3431//3431 3433//3433
f 3433//3433 3431//3431 3434//3434
f 3435//3435 3436//3436 3437//3437
f 281//281 280//280 3424//3424
f 3426//3426 3438//3438 3439//3439
f 3440//3440 3441//3441 3425//3425
f 3425//3425 3441//3441 3442//3442
f 3425//3425 3442//3442 3443//3443
f 3430//3430 3444//3444 3431//3431
f 3431//3431 3444//3444 3445//3445
f 3446//3446 3447//3447 2116//2116
f 2116//2116 3447//3447 2115//2115
f 3447//3447 3449//3449 2115//2115
f 2115//2115 3449//3449 3450//3450
f 2115//2115 3450//3450 2113//2113
f 2113//2113 3450//3450 3451//3451
f 2113//2113 3451//3451 3452//3452
f 2116//2116 1822//1822 3446//3446
f 3446//3446 1822//1822 3422//3422
f 3432//3432 3423//3423 3436//3436
f 3436//3436 3423//3423 3425//3425
f 3436//3436 3425//3425 3437//3437
f 3437//3437 3425//3425 3443//3443
f 3453//3453 3454//3454 3455//3455
f 2125//2125 2126//2126 3456//3456
f 3456//3456 2126//2126 3457//3457
f 3458//3458 3459//3459 3460//3460
f 3456//3456 3462//3462 2125//2125
f 2125//2125 3462//3462 3463//3463
f 2125//2125 3463//3463 2123//2123
f 2123//2123 3463//3463 3464//3464
f 2123//2123 3464//3464 3465//3465
f 3467//3467 337//337 3468//3468
f 3468//3468 3469//3469 3467//3467
f 3466//3466 3470//3470 3471//3471
f 3466//3466 3471//3471 3472//3472
f 3472//3472 3473//3473 3466//3466
f 3466//3466 3473//3473 3474//3474
f 3466//3466 3474//3474 3475//3475
f 3475//3475 3474//3474 3476//3476
f 3475//3475 3477//3477 3459//3459
f 3459//3459 3477//3477 3478//3478
f 3459//3459 3478//3478 3460//3460
f 2126//2126 1791//1791 3457//3457
f 3457//3457 1791//1791 3479//3479
f 3459//3459 3479//3479 3475//3475
f 3475//3475 3479//3479 3480//3480
f 3475//3475 3480//3480 3466//3466
f 3479//3479 3481//3481 3480//3480
f 3480//3480 3481//3481 3482//3482
f 3482//3482 3483//3483 3480//3480
f 3480//3480 3483//3483 3484//3484
f 3480//3480 3484//3484 3485//3485
f 3486//3486 3487//3487 3479//3479
f 3479//3479 3487//3487 3488//3488
f 3479//3479 3488//3488 3481//3481
f 1791//1791 1790//1790 3479//3479
f 3479//3479 1790//1790 3489//3489
f 3479//3479 3489//3489 3486//3486
f 325//325 331//331 3490//3490
f 3490//3490 331//331 334//334
f 3490//3490 334//334 336//336
f 3485//3485 3491//3491 3480//3480
f 3480//3480 3491//3491 3492//3492
f 3480//3480 3492//3492 3466//3466
f 3467//3467 3490//3490 336//336
f 3467//3467 336//336 337//337
f 3493//3493 323//323 315//315
f 3494//3494 3495//3495 3496//3496
f 3496//3496 3495//3495 3497//3497
f 3496//3496 3497//3497 3498//3498
f 3498//3498 3497//3497 3499//3499
f 3498//3498 3499//3499 3500//3500
f 3500//3500 3499//3499 3501//3501
f 3500//3500 3501//3501 3502//3502
f 3502//3502 3501//3501 3503//3503
f 3502//3502 3503//3503 3504//3504
f 3491//3491 3505//3505 3492//3492
f 3492//3492 3505//3505 3506//3506
f 3492//3492 3506//3506 3494//3494
f 3494//3494 3506//3506 3507//3507
f 3494//3494 3507//3507 3495//3495
f 3493//3493 315//315 3508//3508
f 3508//3508 315//315 314//314
f 3508//3508 314//314 3509//3509
f 3509//3509 314//314 327//327
f 3509//3509 327//327 3510//3510
f 3510//3510 327//327 326//326
f 3510//3510 326//326 3511//3511
f 3511//3511 326//326 325//325
f 3511//3511 325//325 3490//3490
f 321//321 323//323 3493//3493
f 3512//3512 3513//3513 1852//1852
f 1852//1852 3513//3513 3514//3514
f 1852//1852 3514//3514 1854//1854
f 3515//3515 3516//3516 3517//3517
f 3516//3516 3518//3518 3517//3517
f 3517//3517 3518//3518 3519//3519
f 3517//3517 3519//3519 3520//3520
f 3520//3520 3519//3519 3521//3521
f 3520//3520 3521//3521 1852//1852
f 1852//1852 3521//3521 3522//3522
f 1852//1852 3522//3522 3512//3512
f 321//321 3493//3493 308//308
f 3523//3523 312//312 309//309
f 3515//3515 3517//3517 3504//3504
f 3504//3504 3517//3517 3524//3524
f 3504//3504 3524//3524 3502//3502
f 3493//3493 3523//3523 309//309
f 3493//3493 309//309 308//308
f 3520//3520 1852//1852 2107//2107
f 313//313 312//312 3525//3525
f 3525//3525 312//312 3524//3524
f 3525//3525 3524//3524 3526//3526
f 3527//3527 3528//3528 3529//3529
f 3529//3529 3528//3528 3530//3530
f 3529//3529 3530//3530 3531//3531
f 3532//3532 3533//3533 3534//3534
f 3534//3534 3533//3533 3535//3535
f 3517//3517 3520//3520 3534//3534
f 3536//3536 3520//3520 2107//2107
f 3536//3536 2107//2107 3532//3532
f 3532//3532 2107//2107 2110//2110
f 3532//3532 2110//2110 3537//3537
f 3537//3537 2110//2110 2111//2111
f 3537//3537 2111//2111 3538//3538
f 3539//3539 3540//3540 3541//3541
f 3535//3535 3527//3527 3534//3534
f 3534//3534 3527//3527 3529//3529
f 3534//3534 3529//3529 3517//3517
f 3517//3517 3529//3529 3531//3531
f 3517//3517 3531//3531 3524//3524
f 3524//3524 3531//3531 3542//3542
f 3524//3524 3542//3542 3526//3526
f 55//55 57//57 3543//3543
f 3543//3543 57//57 3544//3544
f 3543//3543 3544//3544 3545//3545
f 3545//3545 3544//3544 3546//3546
f 3545//3545 3546//3546 3547//3547
f 3547//3547 3546//3546 3548//3548
f 3547//3547 3548//3548 3549//3549
f 3549//3549 3548//3548 3550//3550
f 3549//3549 3550//3550 3551//3551
f 3551//3551 3550//3550 3552//3552
f 3551//3551 3552//3552 3314//3314
f 3314//3314 3552//3552 3315//3315
f 99//99 100//100 3554//3554
f 99//99 3554//3554 3555//3555
f 3556//3556 3553//3553 3557//3557
f 3556//3556 3557//3557 3558//3558
f 3560//3560 3561//3561 3562//3562
f 3560//3560 3562//3562 3563//3563
f 3563//3563 3562//3562 56//56
f 3563//3563 56//56 55//55
f 3564//3564 3565//3565 3566//3566
f 59//59 3567//3567 3568//3568
f 59//59 3568//3568 57//57
f 59//59 3569//3569 3567//3567
f 3567//3567 3569//3569 3570//3570
f 3567//3567 3570//3570 3564//3564
f 3564//3564 3566//3566 3567//3567
f 3571//3571 3566//3566 3572//3572
f 3571//3571 3572//3572 3573//3573
f 3574//3574 3572//3572 3575//3575
f 3574//3574 3575//3575 3576//3576
f 3577//3577 3578//3578 67//67
f 3577//3577 67//67 68//68
f 58//58 56//56 3562//3562
f 3569//3569 59//59 3579//3579
f 3569//3569 3579//3579 3580//3580
f 3581//3581 3582//3582 3580//3580
f 3579//3579 59//59 58//58
f 3583//3583 3584//3584 3586//3586
f 3585//3585 3587//3587 3588//3588
f 3589//3589 3590//3590 3591//3591
f 3591//3591 3592//3592 3581//3581
f 3581//3581 3592//3592 3593//3593
f 3581//3581 3593//3593 3582//3582
f 3583//3583 3593//3593 3594//3594
f 3583//3583 3594//3594 3584//3584
f 3595//3595 3251//3251 3249//3249
f 3249//3249 3596//3596 3595//3595
f 3595//3595 3596//3596 3597//3597
f 3595//3595 3597//3597 3590//3590
f 3590//3590 3597//3597 3598//3598
f 3590//3590 3598//3598 3591//3591
f 3599//3599 3252//3252 3254//3254
f 3580//3580 3579//3579 3581//3581
f 3589//3589 3600//3600 3601//3601
f 3589//3589 3601//3601 3590//3590
f 3590//3590 3601//3601 3602//3602
f 3590//3590 3602//3602 3595//3595
f 3595//3595 3599//3599 3254//3254
f 3595//3595 3254//3254 3251//3251
f 58//58 3562//3562 3579//3579
f 3600//3600 3562//3562 3561//3561
f 3600//3600 3561//3561 3601//3601
f 3601//3601 3557//3557 3553//3553
f 3601//3601 3553//3553 3602//3602
f 3599//3599 3554//3554 100//100
f 3599//3599 100//100 3252//3252
f 64//64 63//63 3603//3603
f 64//64 3603//3603 3604//3604
f 3605//3605 3606//3606 3607//3607
f 3604//3604 3608//3608 3609//3609
f 3610//3610 3611//3611 3612//3612
f 3610//3610 3612//3612 3613//3613
f 3613//3613 3612//3612 102//102
f 3614//3614 102//102 101//101
f 3615//3615 62//62 64//64
f 64//64 3616//3616 3615//3615
f 3615//3615 3616//3616 3617//3617
f 3615//3615 3617//3617 3618//3618
f 3618//3618 3619//3619 3620//3620
f 3618//3618 3620//3620 3621//3621
f 3621//3621 3620//3620 3622//3622
f 3621//3621 3622//3622 3623//3623
f 3623//3623 3622//3622 3624//3624
f 3623//3623 3624//3624 3625//3625
f 3625//3625 3624//3624 3307//3307
f 3625//3625 3307//3307 3306//3306
f 3273//3273 3269//3269 3626//3626
f 3627//3627 3628//3628 3629//3629
f 3630//3630 3631//3631 3627//3627
f 3630//3630 3627//3627 3633//3633
f 3633//3633 3627//3627 3629//3629
f 3632//3632 3634//3634 3635//3635
f 63//63 61//61 3636//3636
f 3636//3636 61//61 60//60
f 3636//3636 60//60 3637//3637
f 3636//3636 3637//3637 3635//3635
f 3270//3270 3272//3272 3638//3638
f 3638//3638 3272//3272 3639//3639
f 3638//3638 3639//3639 3640//3640
f 3640//3640 3639//3639 3641//3641
f 3641//3641 3639//3639 3642//3642
f 3641//3641 3642//3642 3643//3643
f 3628//3628 3644//3644 3629//3629
f 3629//3629 3644//3644 3645//3645
f 3629//3629 3645//3645 3642//3642
f 3642//3642 3645//3645 3646//3646
f 3642//3642 3646//3646 3643//3643
f 63//63 3636//3636 3603//3603
f 3606//3606 3647//3647 3648//3648
f 3606//3606 3648//3648 3607//3607
f 3611//3611 3648//3648 3626//3626
f 3611//3611 3626//3626 3612//3612
f 3612//3612 3626//3626 3269//3269
f 3612//3612 3269//3269 102//102
f 3635//3635 3634//3634 3636//3636
f 3647//3647 3629//3629 3642//3642
f 3647//3647 3642//3642 3648//3648
f 3648//3648 3642//3642 3639//3639
f 3648//3648 3639//3639 3626//3626
f 3626//3626 3639//3639 3272//3272
f 3626//3626 3272//3272 3273//3273
f 3649//3649 3650//3650 3651//3651
f 3651//3651 3635//3635 3652//3652
f 3652//3652 3635//3635 3653//3653
f 3653//3653 3635//3635 3637//3637
f 3653//3653 3637//3637 62//62
f 62//62 3637//3637 60//60
f 3651//3651 3652//3652 3649//3649
f 3649//3649 3652//3652 3654//3654
f 3649//3649 3654//3654 3655//3655
f 3655//3655 3654//3654 3656//3656
f 3655//3655 3656//3656 3657//3657
f 3657//3657 3656//3656 71//71
f 3657//3657 71//71 72//72
f 84//84 82//82 3658//3658
f 3658//3658 82//82 3659//3659
f 3658//3658 3659//3659 3660//3660
f 3661//3661 3662//3662 3663//3663
f 3663//3663 3662//3662 3664//3664
f 3663//3663 3664//3664 3665//3665
f 3665//3665 3664//3664 3666//3666
f 3665//3665 3666//3666 3660//3660
f 3660//3660 3666//3666 3667//3667
f 3660//3660 3667//3667 3658//3658
f 108//108 3668//3668 107//107
f 107//107 3668//3668 3669//3669
f 107//107 3669//3669 3661//3661
f 3661//3661 3669//3669 3670//3670
f 3661//3661 3670//3670 3662//3662
f 3671//3671 480//480 482//482
f 3672//3672 3673//3673 3674//3674
f 3675//3675 3676//3676 3677//3677
f 3678//3678 79//79 81//81
f 3679//3679 3680//3680 3681//3681
f 3681//3681 3680//3680 3682//3682
f 479//479 478//478 3683//3683
f 3684//3684 3685//3685 3686//3686
f 3688//3688 3685//3685 3689//3689
f 3688//3688 3689//3689 3690//3690
f 3691//3691 3692//3692 3693//3693
f 3693//3693 3692//3692 3694//3694
f 3693//3693 3694//3694 84//84
f 3682//3682 3678//3678 3681//3681
f 3695//3695 3678//3678 81//81
f 3695//3695 81//81 3694//3694
f 3694//3694 81//81 83//83
f 3694//3694 83//83 84//84
f 3691//3691 3696//3696 3692//3692
f 3692//3692 3696//3696 3697//3697
f 3692//3692 3697//3697 3698//3698
f 3698//3698 3697//3697 3699//3699
f 3698//3698 3699//3699 3681//3681
f 3681//3681 3699//3699 3677//3677
f 3681//3681 3677//3677 3679//3679
f 3679//3679 3677//3677 3676//3676
f 3696//3696 3684//3684 3700//3700
f 3700//3700 3684//3684 3686//3686
f 3700//3700 3686//3686 3701//3701
f 3702//3702 3687//3687 3703//3703
f 3702//3702 3703//3703 3677//3677
f 3677//3677 3703//3703 3674//3674
f 3677//3677 3674//3674 3675//3675
f 3675//3675 3674//3674 3673//3673
f 3683//3683 3672//3672 479//479
f 479//479 3672//3672 3674//3674
f 479//479 3674//3674 485//485
f 485//485 3674//3674 3703//3703
f 485//485 3703//3703 484//484
f 484//484 3703//3703 3688//3688
f 484//484 3688//3688 482//482
f 482//482 3688//3688 3690//3690
f 482//482 3690//3690 3671//3671
f 3303//3303 3302//3302 3704//3704
f 3303//3303 3704//3704 3705//3705
f 3705//3705 3704//3704 3706//3706
f 3705//3705 3706//3706 3707//3707
f 3707//3707 3706//3706 3708//3708
f 3707//3707 3708//3708 3709//3709
f 3709//3709 3708//3708 3710//3710
f 3709//3709 3710//3710 3711//3711
f 3711//3711 3710//3710 3712//3712
f 3711//3711 3712//3712 3713//3713
f 3713//3713 3712//3712 82//82
f 3713//3713 82//82 80//80
f 80//80 79//79 3714//3714
f 3714//3714 79//79 3715//3715
f 3714//3714 3715//3715 3716//3716
f 3716//3716 3715//3715 3717//3717
f 3717//3717 3718//3718 3716//3716
f 3716//3716 3718//3718 3719//3719
f 3716//3716 3719//3719 3720//3720
f 3719//3719 3721//3721 3720//3720
f 3720//3720 3721//3721 3722//3722
f 3720//3720 3722//3722 3723//3723
f 3722//3722 3724//3724 3723//3723
f 3725//3725 3724//3724 3726//3726
f 3725//3725 3726//3726 92//92
f 92//92 3726//3726 3727//3727
f 92//92 3727//3727 91//91
f 3728//3728 3729//3729 3730//3730
f 3730//3730 3729//3729 77//77
f 3730//3730 77//77 76//76
f 3732//3732 3733//3733 3734//3734
f 3734//3734 3733//3733 3735//3735
f 3734//3734 3735//3735 3728//3728
f 3728//3728 3735//3735 3736//3736
f 3728//3728 3736//3736 3729//3729
f 3737//3737 3738//3738 3732//3732
f 3732//3732 3738//3738 3739//3739
f 3732//3732 3739//3739 3733//3733
f 88//88 3740//3740 87//87
f 87//87 3740//3740 3741//3741
f 87//87 3741//3741 3737//3737
f 3737//3737 3741//3741 3742//3742
f 3737//3737 3742//3742 3738//3738
f 3743//3743 3744//3744 3745//3745
f 3746//3746 3747//3747 3748//3748
f 3749//3749 74//74 73//73
f 3750//3750 3751//3751 3752//3752
f 3753//3753 137//137 139//139
f 3754//3754 3755//3755 3757//3757
f 3758//3758 3755//3755 3759//3759
f 77//77 3760//3760 3761//3761
f 3761//3761 3760//3760 3762//3762
f 3761//3761 3762//3762 3763//3763
f 136//136 135//135 3764//3764
f 3765//3765 3766//3766 3767//3767
f 3767//3767 3766//3766 3749//3749
f 3767//3767 3749//3749 3768//3768
f 3768//3768 3749//3749 73//73
f 3768//3768 73//73 3761//3761
f 3761//3761 73//73 78//78
f 3761//3761 78//78 77//77
f 3763//3763 3750//3750 3761//3761
f 3761//3761 3750//3750 3752//3752
f 3761//3761 3752//3752 3769//3769
f 3769//3769 3752//3752 3770//3770
f 3769//3769 3770//3770 3767//3767
f 3767//3767 3770//3770 3748//3748
f 3767//3767 3748//3748 3765//3765
f 3765//3765 3748//3748 3747//3747
f 3751//3751 3754//3754 3752//3752
f 3752//3752 3754//3754 3757//3757
f 3752//3752 3757//3757 3770//3770
f 3771//3771 3756//3756 3772//3772
f 3771//3771 3772//3772 3748//3748
f 3748//3748 3772//3772 3745//3745
f 3748//3748 3745//3745 3746//3746
f 3746//3746 3745//3745 3744//3744
f 3764//3764 3743//3743 136//136
f 136//136 3743//3743 3745//3745
f 136//136 3745//3745 142//142
f 142//142 3745//3745 3772//3772
f 142//142 3772//3772 141//141
f 141//141 3772//3772 3758//3758
f 141//141 3758//3758 139//139
f 139//139 3758//3758 3759//3759
f 139//139 3759//3759 3753//3753
f 3773//3773 3774//3774 3775//3775
f 3776//3776 3777//3777 3311//3311
f 3776//3776 3311//3311 3310//3310
f 3779//3779 3780//3780 3773//3773
f 3773//3773 3780//3780 3781//3781
f 3773//3773 3781//3781 3774//3774
f 76//76 75//75 3782//3782
f 3782//3782 75//75 3783//3783
f 3782//3782 3783//3783 3784//3784
f 3779//3779 3783//3783 3785//3785
f 3779//3779 3785//3785 3780//3780
f 75//75 74//74 3786//3786
f 3786//3786 74//74 3787//3787
f 3786//3786 3787//3787 3788//3788
f 3788//3788 3787//3787 3789//3789
f 3788//3788 3789//3789 3790//3790
f 3790//3790 3789//3789 3791//3791
f 3790//3790 3791//3791 3792//3792
f 3793//3793 3794//3794 3792//3792
f 3792//3792 3794//3794 3795//3795
f 3792//3792 3795//3795 3790//3790
f 3793//3793 3796//3796 3794//3794
f 3797//3797 3796//3796 3798//3798
f 3797//3797 3798//3798 96//96
f 96//96 3798//3798 3799//3799
f 96//96 3799//3799 95//95
f 22//22 20//20 3800//3800
f 3800//3800 20//20 3801//3801
f 3800//3800 3801//3801 3802//3802
f 3803//3803 3804//3804 3805//3805
f 3805//3805 3804//3804 3806//3806
f 3805//3805 3806//3806 3807//3807
f 3807//3807 3806//3806 3808//3808
f 3807//3807 3808//3808 3802//3802
f 3802//3802 3808//3808 3809//3809
f 3802//3802 3809//3809 3800//3800
f 46//46 3810//3810 45//45
f 45//45 3810//3810 3811//3811
f 45//45 3811//3811 3803//3803
f 3803//3803 3811//3811 3812//3812
f 3803//3803 3812//3812 3804//3804
f 3813//3813 491//491 493//493
f 3814//3814 3815//3815 3816//3816
f 3817//3817 3818//3818 3819//3819
f 3820//3820 17//17 19//19
f 3821//3821 3822//3822 3823//3823
f 3823//3823 3822//3822 3824//3824
f 490//490 489//489 3825//3825
f 3826//3826 3827//3827 3829//3829
f 3830//3830 3827//3827 3831//3831
f 3830//3830 3831//3831 3832//3832
f 3833//3833 3834//3834 3835//3835
f 3835//3835 3834//3834 3836//3836
f 3835//3835 3836//3836 22//22
f 3824//3824 3820//3820 3823//3823
f 3837//3837 3820//3820 19//19
f 3837//3837 19//19 3836//3836
f 3836//3836 19//19 21//21
f 3836//3836 21//21 22//22
f 3833//3833 3838//3838 3834//3834
f 3834//3834 3838//3838 3839//3839
f 3834//3834 3839//3839 3840//3840
f 3840//3840 3839//3839 3841//3841
f 3840//3840 3841//3841 3823//3823
f 3823//3823 3841//3841 3819//3819
f 3823//3823 3819//3819 3821//3821
f 3821//3821 3819//3819 3818//3818
f 3838//3838 3826//3826 3842//3842
f 3842//3842 3826//3826 3829//3829
f 3842//3842 3829//3829 3843//3843
f 3844//3844 3828//3828 3845//3845
f 3844//3844 3845//3845 3819//3819
f 3819//3819 3845//3845 3816//3816
f 3819//3819 3816//3816 3817//3817
f 3817//3817 3816//3816 3815//3815
f 3825//3825 3814//3814 490//490
f 490//490 3814//3814 3816//3816
f 490//490 3816//3816 496//496
f 496//496 3816//3816 3845//3845
f 496//496 3845//3845 495//495
f 495//495 3845//3845 3830//3830
f 495//495 3830//3830 493//493
f 493//493 3830//3830 3832//3832
f 493//493 3832//3832 3813//3813
f 3360//3360 3359//3359 3846//3846
f 3360//3360 3846//3846 3847//3847
f 3848//3848 3850//3850 3851//3851
f 3849//3849 3852//3852 3853//3853
f 3853//3853 3852//3852 3854//3854
f 3853//3853 3854//3854 3855//3855
f 3854//3854 3856//3856 3855//3855
f 3855//3855 3856//3856 3857//3857
f 3855//3855 3857//3857 3858//3858
f 3858//3858 3857//3857 20//20
f 3858//3858 20//20 18//18
f 18//18 17//17 3859//3859
f 3859//3859 17//17 3860//3860
f 3859//3859 3860//3860 3861//3861
f 3861//3861 3860//3860 3862//3862
f 3862//3862 3863//3863 3861//3861
f 3861//3861 3863//3863 3864//3864
f 3861//3861 3864//3864 3865//3865
f 3864//3864 3866//3866 3865//3865
f 3865//3865 3866//3866 3867//3867
f 3865//3865 3867//3867 3868//3868
f 3867//3867 3869//3869 3868//3868
f 3870//3870 3869//3869 3871//3871
f 3870//3870 3871//3871 38//38
f 38//38 3871//3871 3872//3872
f 38//38 3872//3872 37//37
f 32//32 31//31 3873//3873
f 32//32 3873//3873 3874//3874
f 3874//3874 3873//3873 3875//3875
f 3874//3874 3875//3875 3876//3876
f 3876//3876 3875//3875 3877//3877
f 3876//3876 3877//3877 3878//3878
f 3877//3877 3879//3879 3880//3880
f 3877//3877 3880//3880 3878//3878
f 3878//3878 3880//3880 3881//3881
f 3878//3878 3881//3881 3882//3882
f 3882//3882 3881//3881 3883//3883
f 3882//3882 3883//3883 14//14
f 14//14 3883//3883 12//12
f 3260//3260 3256//3256 3884//3884
f 3885//3885 3886//3886 3889//3889
f 3257//3257 3259//3259 3890//3890
f 3890//3890 3259//3259 3891//3891
f 3890//3890 3891//3891 3892//3892
f 3892//3892 3891//3891 3893//3893
f 3893//3893 3891//3891 3894//3894
f 3893//3893 3894//3894 3895//3895
f 3896//3896 3897//3897 3887//3887
f 3887//3887 3897//3897 3898//3898
f 3887//3887 3898//3898 3894//3894
f 3894//3894 3898//3898 3899//3899
f 3894//3894 3899//3899 3895//3895
f 3900//3900 3901//3901 3902//3902
f 3896//3896 3887//3887 3903//3903
f 3902//3902 3889//3889 3886//3886
f 3902//3902 3886//3886 3900//3900
f 15//15 13//13 3904//3904
f 3904//3904 13//13 12//12
f 3904//3904 12//12 3883//3883
f 3904//3904 3883//3883 3881//3881
f 15//15 3904//3904 3905//3905
f 3906//3906 3907//3907 3908//3908
f 3906//3906 3908//3908 3910//3910
f 3911//3911 3908//3908 3884//3884
f 3911//3911 3884//3884 3912//3912
f 3912//3912 3884//3884 3256//3256
f 3912//3912 3256//3256 40//40
f 3881//3881 3888//3888 3904//3904
f 3907//3907 3887//3887 3894//3894
f 3907//3907 3894//3894 3908//3908
f 3908//3908 3894//3894 3891//3891
f 3908//3908 3891//3891 3884//3884
f 3884//3884 3891//3891 3259//3259
f 3884//3884 3259//3259 3260//3260
f 3913//3913 14//14 16//16
f 16//16 3914//3914 3913//3913
f 3913//3913 3914//3914 3915//3915
f 3913//3913 3915//3915 3916//3916
f 3916//3916 3917//3917 3918//3918
f 3916//3916 3918//3918 3919//3919
f 3919//3919 3918//3918 3920//3920
f 3919//3919 3920//3920 3921//3921
f 3921//3921 3920//3920 3922//3922
f 3921//3921 3922//3922 3923//3923
f 3923//3923 3922//3922 3357//3357
f 3923//3923 3357//3357 3358//3358
f 16//16 15//15 3905//3905
f 16//16 3905//3905 3924//3924
f 3925//3925 3906//3906 3910//3910
f 3924//3924 3909//3909 3926//3926
f 3927//3927 3911//3911 3912//3912
f 3927//3927 3912//3912 3928//3928
f 3928//3928 3912//3912 40//40
f 3929//3929 40//40 39//39
f 27//27 3930//3930 28//28
f 28//28 3930//3930 3931//3931
f 28//28 3931//3931 3932//3932
f 3931//3931 3933//3933 3932//3932
f 3932//3932 3933//3933 3934//3934
f 3932//3932 3934//3934 3935//3935
f 3936//3936 3937//3937 3938//3938
f 3938//3938 3937//3937 3935//3935
f 3938//3938 3935//3935 3939//3939
f 3939//3939 3935//3935 3934//3934
f 3936//3936 3940//3940 3937//3937
f 3937//3937 3940//3940 3941//3941
f 3937//3937 3941//3941 3942//3942
f 3942//3942 3941//3941 10//10
f 3942//3942 10//10 9//9
f 3943//3943 3944//3944 3945//3945
f 3946//3946 112//112 114//114
f 3947//3947 3948//3948 3949//3949
f 3950//3950 3951//3951 3952//3952
f 3953//3953 7//7 6//6
f 111//111 110//110 3954//3954
f 3955//3955 3956//3956 3957//3957
f 3958//3958 3956//3956 3959//3959
f 10//10 3960//3960 3961//3961
f 3961//3961 3960//3960 3962//3962
f 3961//3961 3962//3962 3963//3963
f 3964//3964 3965//3965 3966//3966
f 3966//3966 3965//3965 3953//3953
f 3966//3966 3953//3953 3967//3967
f 3967//3967 3953//3953 6//6
f 3967//3967 6//6 3961//3961
f 3961//3961 6//6 11//11
f 3961//3961 11//11 10//10
f 3963//3963 3943//3943 3961//3961
f 3961//3961 3943//3943 3945//3945
f 3961//3961 3945//3945 3968//3968
f 3968//3968 3945//3945 3969//3969
f 3968//3968 3969//3969 3966//3966
f 3966//3966 3969//3969 3952//3952
f 3966//3966 3952//3952 3964//3964
f 3964//3964 3952//3952 3951//3951
f 3944//3944 3955//3955 3945//3945
f 3945//3945 3955//3955 3957//3957
f 3945//3945 3957//3957 3969//3969
f 3969//3969 3957//3957 3970//3970
f 3969//3969 3970//3970 3952//3952
f 3952//3952 3970//3970 3949//3949
f 3952//3952 3949//3949 3950//3950
f 3950//3950 3949//3949 3948//3948
f 3954//3954 3947//3947 111//111
f 111//111 3947//3947 3949//3949
f 111//111 3949//3949 117//117
f 117//117 3949//3949 3970//3970
f 117//117 3970//3970 116//116
f 116//116 3970//3970 3958//3958
f 116//116 3958//3958 114//114
f 114//114 3958//3958 3959//3959
f 114//114 3959//3959 3946//3946
f 9//9 8//8 3971//3971
f 3971//3971 8//8 3972//3972
f 3971//3971 3972//3972 3973//3973
f 3972//3972 3975//3975 3973//3973
f 3974//3974 3976//3976 3977//3977
f 3974//3974 3977//3977 3978//3978
f 3977//3977 3979//3979 3978//3978
f 3978//3978 3979//3979 3980//3980
f 3978//3978 3980//3980 3981//3981
f 3982//3982 3985//3985 3349//3349
f 3982//3982 3349//3349 3350//3350
f 8//8 7//7 3986//3986
f 3986//3986 7//7 3987//3987
f 3986//3986 3987//3987 3988//3988
f 3988//3988 3987//3987 3989//3989
f 3988//3988 3989//3989 3990//3990
f 3990//3990 3989//3989 3991//3991
f 3990//3990 3991//3991 3992//3992
f 3993//3993 3994//3994 3992//3992
f 3992//3992 3994//3994 3995//3995
f 3992//3992 3995//3995 3990//3990
f 3993//3993 3996//3996 3994//3994
f 3997//3997 3996//3996 3998//3998
f 3997//3997 3998//3998 54//54
f 54//54 3998//3998 3999//3999
f 54//54 3999//3999 53//53
f 49//49 50//50 4000//4000
f 49//49 4000//4000 4002//4002
f 4003//4003 4001//4001 4004//4004
f 4003//4003 4004//4004 4005//4005
f 4007//4007 4004//4004 4008//4008
f 4007//4007 4008//4008 4009//4009
f 4009//4009 4008//4008 2//2
f 4009//4009 2//2 1//1
f 1//1 3//3 4010//4010
f 4010//4010 3//3 4011//4011
f 4010//4010 4011//4011 4012//4012
f 4012//4012 4011//4011 4013//4013
f 4012//4012 4013//4013 4014//4014
f 4014//4014 4013//4013 4015//4015
f 4014//4014 4015//4015 4016//4016
f 4016//4016 4015//4015 4017//4017
f 4016//4016 4017//4017 4018//4018
f 4018//4018 4017//4017 4019//4019
f 4018//4018 4019//4019 3351//3351
f 3351//3351 4019//4019 3352//3352
f 4//4 2//2 4008//4008
f 4020//4020 4021//4021 4022//4022
f 4022//4022 4021//4021 4023//4023
f 4022//4022 4023//4023 5//5
f 4024//4024 5//5 4//4
f 4020//4020 4025//4025 4026//4026
f 4027//4027 4028//4028 4029//4029
f 4030//4030 4031//4031 4032//4032
f 4032//4032 4033//4033 4030//4030
f 4030//4030 4033//4033 4034//4034
f 4030//4030 4034//4034 4020//4020
f 4020//4020 4034//4034 4035//4035
f 4020//4020 4035//4035 4025//4025
f 4036//4036 3264//3264 3262//3262
f 3262//3262 4037//4037 4036//4036
f 4036//4036 4037//4037 4038//4038
f 4036//4036 4038//4038 4031//4031
f 4031//4031 4038//4038 4039//4039
f 4031//4031 4039//4039 4032//4032
f 4040//4040 3265//3265 3267//3267
f 4020//4020 4022//4022 4030//4030
f 4030//4030 4022//4022 4041//4041
f 4030//4030 4041//4041 4031//4031
f 4031//4031 4041//4041 4042//4042
f 4031//4031 4042//4042 4036//4036
f 4036//4036 4040//4040 3267//3267
f 4036//4036 3267//3267 3264//3264
f 4//4 4008//4008 4024//4024
f 4022//4022 4008//4008 4004//4004
f 4022//4022 4004//4004 4041//4041
f 4041//4041 4004//4004 4001//4001
f 4041//4041 4001//4001 4042//4042
f 4040//4040 4000//4000 50//50
f 4040//4040 50//50 3265//3265
f 4020//4020 4043//4043 4044//4044
f 5//5 4045//4045 4046//4046
f 5//5 4046//4046 3//3
f 5//5 4023//4023 4045//4045
f 4045//4045 4023//4023 4021//4021
f 4045//4045 4021//4021 4020//4020
f 4020//4020 4044//4044 4045//4045
f 4045//4045 4044//4044 4047//4047
f 4045//4045 4047//4047 4048//4048
f 4049//4049 4047//4047 4050//4050
f 4049//4049 4050//4050 4051//4051
f 4052//4052 4053//4053 25//25
f 4052//4052 25//25 26//26
f 105//105 107//107 4054//4054
f 4054//4054 107//107 4055//4055
f 4056//4056 4055//4055 4057//4057
f 4057//4057 4055//4055 4058//4058
f 4059//4059 4060//4060 3304//3304
f 3304//3304 4060//4060 3302//3302
f 3706//3706 3704//3704 4061//4061
f 3710//3710 3708//3708 4062//4062
f 4063//4063 3659//3659 82//82
f 4063//4063 82//82 4064//4064
f 3712//3712 4064//4064 82//82
f 3710//3710 4065//4065 3712//3712
f 4066//4066 3665//3665 4067//4067
f 3712//3712 4065//4065 4064//4064
f 4064//4064 4065//4065 4068//4068
f 4064//4064 4068//4068 4063//4063
f 4063//4063 4068//4068 3660//3660
f 4063//4063 3660//3660 3659//3659
f 3706//3706 4069//4069 3708//3708
f 4070//4070 3661//3661 3663//3663
f 3708//3708 4069//4069 4062//4062
f 4062//4062 4069//4069 4070//4070
f 4062//4062 4070//4070 4066//4066
f 4066//4066 4070//4070 3663//3663
f 4066//4066 3663//3663 3665//3665
f 107//107 3661//3661 4055//4055
f 4055//4055 3661//3661 4070//4070
f 4055//4055 4070//4070 4058//4058
f 4058//4058 4070//4070 4071//4071
f 4060//4060 4061//4061 3302//3302
f 3302//3302 4061//4061 3704//3704
f 108//108 106//106 4072//4072
f 4072//4072 106//106 4073//4073
f 4074//4074 4075//4075 4076//4076
f 4076//4076 4075//4075 4077//4077
f 4078//4078 4079//4079 4080//4080
f 4080//4080 4079//4079 4081//4081
f 4082//4082 4083//4083 4084//4084
f 4084//4084 4083//4083 4085//4085
f 4086//4086 4087//4087 480//480
f 480//480 4087//4087 481//481
f 84//84 3658//3658 4088//4088
f 4086//4086 480//480 3671//3671
f 4082//4082 4084//4084 4089//4089
f 4086//4086 3671//3671 4090//4090
f 4090//4090 3671//3671 3690//3690
f 4090//4090 3690//3690 4091//4091
f 4091//4091 3690//3690 3689//3689
f 4091//4091 3689//3689 4092//4092
f 4092//4092 3689//3689 3685//3685
f 4092//4092 3685//3685 4093//4093
f 4093//4093 3685//3685 3684//3684
f 4093//4093 3684//3684 4094//4094
f 4094//4094 3684//3684 3696//3696
f 4094//4094 3696//3696 4095//4095
f 4095//4095 3696//3696 3691//3691
f 4095//4095 3691//3691 4096//4096
f 4078//4078 4080//4080 4097//4097
f 4098//4098 4082//4082 4089//4089
f 4098//4098 4089//4089 4099//4099
f 4099//4099 4089//4089 4100//4100
f 4099//4099 4100//4100 4101//4101
f 4101//4101 4100//4100 4092//4092
f 4101//4101 4092//4092 4102//4102
f 4102//4102 4092//4092 4093//4093
f 4102//4102 4093//4093 4103//4103
f 4103//4103 4093//4093 4094//4094
f 4103//4103 4094//4094 4104//4104
f 4104//4104 4094//4094 4095//4095
f 4104//4104 4095//4095 4105//4105
f 4105//4105 4095//4095 4096//4096
f 4105//4105 4096//4096 4088//4088
f 4105//4105 4088//4088 4106//4106
f 4105//4105 4106//4106 4104//4104
f 4104//4104 4106//4106 4107//4107
f 4104//4104 4107//4107 4103//4103
f 4103//4103 4107//4107 4108//4108
f 4103//4103 4108//4108 4102//4102
f 4102//4102 4108//4108 4109//4109
f 4102//4102 4109//4109 4110//4110
f 4110//4110 4109//4109 4111//4111
f 4110//4110 4111//4111 4112//4112
f 4112//4112 4111//4111 4113//4113
f 4112//4112 4113//4113 4097//4097
f 4097//4097 4113//4113 4114//4114
f 4097//4097 4114//4114 4078//4078
f 4076//4076 4115//4115 4074//4074
f 4088//4088 3658//3658 4106//4106
f 4106//4106 3658//3658 4116//4116
f 4106//4106 4116//4116 4107//4107
f 4107//4107 4116//4116 4117//4117
f 4107//4107 4117//4117 4108//4108
f 4108//4108 4117//4117 4118//4118
f 4108//4108 4118//4118 4109//4109
f 4109//4109 4118//4118 4119//4119
f 4109//4109 4119//4119 4111//4111
f 4111//4111 4119//4119 4120//4120
f 4111//4111 4120//4120 4121//4121
f 4121//4121 4120//4120 4122//4122
f 4121//4121 4122//4122 4115//4115
f 4115//4115 4122//4122 4123//4123
f 4115//4115 4123//4123 4074//4074
f 3691//3691 3693//3693 4096//4096
f 4096//4096 3693//3693 4088//4088
f 4088//4088 3693//3693 84//84
f 3658//3658 3667//3667 4116//4116
f 4116//4116 3667//3667 3666//3666
f 4116//4116 3666//3666 4117//4117
f 4117//4117 3666//3666 3664//3664
f 4117//4117 3664//3664 4118//4118
f 4118//4118 3664//3664 3662//3662
f 4118//4118 3662//3662 4124//4124
f 4124//4124 3662//3662 3670//3670
f 4124//4124 3670//3670 4125//4125
f 4125//4125 3670//3670 3669//3669
f 4125//4125 3669//3669 4126//4126
f 4126//4126 3669//3669 3668//3668
f 4126//4126 3668//3668 4127//4127
f 4127//4127 3668//3668 108//108
f 4127//4127 108//108 4072//4072
f 478//478 477//477 4128//4128
f 4128//4128 477//477 4129//4129
f 4130//4130 4131//4131 4132//4132
f 4132//4132 4131//4131 4133//4133
f 4134//4134 4135//4135 91//91
f 91//91 4135//4135 89//89
f 79//79 4136//4136 4137//4137
f 4134//4134 91//91 3727//3727
f 4130//4130 4132//4132 4138//4138
f 4134//4134 3727//3727 4139//4139
f 4139//4139 3727//3727 3726//3726
f 4139//4139 3726//3726 4140//4140
f 4140//4140 3726//3726 3724//3724
f 4140//4140 3724//3724 4141//4141
f 4141//4141 3724//3724 3722//3722
f 4141//4141 3722//3722 4142//4142
f 4142//4142 3722//3722 3721//3721
f 4142//4142 3721//3721 4143//4143
f 4143//4143 3721//3721 3719//3719
f 4143//4143 3719//3719 4144//4144
f 4144//4144 3719//3719 3718//3718
f 4144//4144 3718//3718 4145//4145
f 4145//4145 3718//3718 3717//3717
f 4145//4145 3717//3717 4146//4146
f 4146//4146 3717//3717 3715//3715
f 4146//4146 3715//3715 4137//4137
f 4137//4137 4136//4136 4146//4146
f 4146//4146 4136//4136 4147//4147
f 4146//4146 4147//4147 4145//4145
f 4145//4145 4147//4147 4148//4148
f 4145//4145 4148//4148 4144//4144
f 4144//4144 4148//4148 4149//4149
f 4144//4144 4149//4149 4143//4143
f 4143//4143 4149//4149 4150//4150
f 4143//4143 4150//4150 4142//4142
f 4142//4142 4150//4150 4151//4151
f 4142//4142 4151//4151 4141//4141
f 4141//4141 4151//4151 4152//4152
f 4141//4141 4152//4152 4153//4153
f 4153//4153 4152//4152 4154//4154
f 4153//4153 4154//4154 4138//4138
f 4138//4138 4154//4154 4155//4155
f 4138//4138 4155//4155 4130//4130
f 3715//3715 79//79 4137//4137
f 79//79 3678//3678 4136//4136
f 4136//4136 3678//3678 3682//3682
f 4136//4136 3682//3682 4147//4147
f 4147//4147 3682//3682 3680//3680
f 4147//4147 3680//3680 4148//4148
f 4148//4148 3680//3680 3679//3679
f 4148//4148 3679//3679 4149//4149
f 4149//4149 3679//3679 3676//3676
f 4149//4149 3676//3676 4150//4150
f 4150//4150 3676//3676 3675//3675
f 4150//4150 3675//3675 4151//4151
f 4156//4156 3675//3675 3673//3673
f 4156//4156 3673//3673 4157//4157
f 4157//4157 3673//3673 3672//3672
f 4157//4157 3672//3672 4158//4158
f 4158//4158 3672//3672 3683//3683
f 4158//4158 3683//3683 4159//4159
f 4159//4159 3683//3683 478//478
f 4159//4159 478//478 4128//4128
f 3305//3305 3303//3303 4160//4160
f 4160//4160 3303//3303 4161//4161
f 4162//4162 4163//4163 4164//4164
f 4164//4164 4163//4163 4165//4165
f 4166//4166 4167//4167 90//90
f 90//90 4167//4167 92//92
f 3716//3716 3720//3720 4168//4168
f 4169//4169 4170//4170 80//80
f 4171//4171 4172//4172 4173//4173
f 4170//4170 4169//4169 4174//4174
f 3707//3707 3709//3709 4174//4174
f 4174//4174 3709//3709 3711//3711
f 4174//4174 3711//3711 4170//4170
f 4170//4170 3711//3711 3713//3713
f 4170//4170 3713//3713 80//80
f 3720//3720 3723//3723 4175//4175
f 4175//4175 3723//3723 4176//4176
f 4177//4177 4178//4178 4179//4179
f 3705//3705 3707//3707 4179//4179
f 4179//4179 3707//3707 4174//4174
f 4179//4179 4174//4174 4177//4177
f 4172//4172 4174//4174 4169//4169
f 4172//4172 4169//4169 4173//4173
f 4173//4173 4169//4169 80//80
f 3303//3303 3705//3705 4161//4161
f 4161//4161 3705//3705 4179//4179
f 4163//4163 4180//4180 4165//4165
f 4165//4165 4180//4180 4181//4181
f 4167//4167 4182//4182 92//92
f 92//92 4182//4182 3725//3725
f 3310//3310 3312//3312 4183//4183
f 3310//3310 4183//4183 4184//4184
f 4184//4184 4183//4183 4185//4185
f 4184//4184 4185//4185 4186//4186
f 4186//4186 4185//4185 4187//4187
f 4186//4186 4187//4187 4188//4188
f 4188//4188 4189//4189 85//85
f 4188//4188 85//85 87//87
f 3778//3778 4190//4190 4191//4191
f 4192//4192 4193//4193 76//76
f 4194//4194 4195//4195 4196//4196
f 4193//4193 4192//4192 4197//4197
f 4197//4197 3728//3728 4193//4193
f 4193//4193 3728//3728 3730//3730
f 4193//4193 3730//3730 76//76
f 4198//4198 3731//3731 4199//4199
f 4200//4200 3732//3732 3734//3734
f 4200//4200 3734//3734 4201//4201
f 3776//3776 3310//3310 4202//4202
f 4202//4202 3310//3310 4184//4184
f 4202//4202 4184//4184 4186//4186
f 3773//3773 3775//3775 4203//4203
f 4203//4203 3775//3775 4204//4204
f 4205//4205 4207//4207 4208//4208
f 4210//4210 4202//4202 4186//4186
f 4211//4211 4186//4186 4188//4188
f 76//76 4196//4196 4192//4192
f 4192//4192 4196//4196 4195//4195
f 4192//4192 4195//4195 4197//4197
f 4212//4212 4206//4206 4209//4209
f 4199//4199 4213//4213 4198//4198
f 3737//3737 4211//4211 4188//4188
f 3737//3737 4188//4188 87//87
f 135//135 134//134 4214//4214
f 4214//4214 134//134 4215//4215
f 4216//4216 4217//4217 4218//4218
f 4218//4218 4217//4217 4219//4219
f 4220//4220 4221//4221 4222//4222
f 4222//4222 4221//4221 4223//4223
f 4224//4224 4225//4225 4226//4226
f 4226//4226 4225//4225 4227//4227
f 4228//4228 4229//4229 95//95
f 95//95 4229//4229 93//93
f 74//74 3749//3749 4230//4230
f 4228//4228 95//95 3799//3799
f 4224//4224 4226//4226 4231//4231
f 4228//4228 3799//3799 4232//4232
f 4232//4232 3799//3799 3798//3798
f 4232//4232 3798//3798 4233//4233
f 4233//4233 3798//3798 3796//3796
f 4233//4233 3796//3796 4234//4234
f 4234//4234 3796//3796 3793//3793
f 4234//4234 3793//3793 4235//4235
f 4235//4235 3793//3793 3792//3792
f 4235//4235 3792//3792 4236//4236
f 4236//4236 3792//3792 3791//3791
f 4236//4236 3791//3791 4237//4237
f 4237//4237 3791//3791 3789//3789
f 4237//4237 3789//3789 4238//4238
f 4220//4220 4222//4222 4239//4239
f 4240//4240 4224//4224 4231//4231
f 4240//4240 4231//4231 4241//4241
f 4241//4241 4231//4231 4242//4242
f 4241//4241 4242//4242 4243//4243
f 4243//4243 4242//4242 4234//4234
f 4243//4243 4234//4234 4244//4244
f 4244//4244 4234//4234 4235//4235
f 4244//4244 4235//4235 4245//4245
f 4245//4245 4235//4235 4236//4236
f 4245//4245 4236//4236 4246//4246
f 4246//4246 4236//4236 4237//4237
f 4246//4246 4237//4237 4247//4247
f 4247//4247 4237//4237 4238//4238
f 4247//4247 4238//4238 4230//4230
f 4247//4247 4230//4230 4248//4248
f 4247//4247 4248//4248 4246//4246
f 4246//4246 4248//4248 4249//4249
f 4246//4246 4249//4249 4245//4245
f 4245//4245 4249//4249 4250//4250
f 4245//4245 4250//4250 4244//4244
f 4244//4244 4250//4250 4251//4251
f 4244//4244 4251//4251 4252//4252
f 4252//4252 4251//4251 4253//4253
f 4252//4252 4253//4253 4254//4254
f 4254//4254 4253//4253 4255//4255
f 4254//4254 4255//4255 4239//4239
f 4239//4239 4255//4255 4256//4256
f 4239//4239 4256//4256 4220//4220
f 4218//4218 4257//4257 4216//4216
f 4230//4230 3749//3749 4248//4248
f 4248//4248 3749//3749 4258//4258
f 4248//4248 4258//4258 4249//4249
f 4249//4249 4258//4258 4259//4259
f 4249//4249 4259//4259 4250//4250
f 4250//4250 4259//4259 4260//4260
f 4250//4250 4260//4260 4251//4251
f 4251//4251 4260//4260 4261//4261
f 4251//4251 4261//4261 4253//4253
f 4253//4253 4261//4261 4262//4262
f 4253//4253 4262//4262 4263//4263
f 4263//4263 4262//4262 4264//4264
f 4263//4263 4264//4264 4257//4257
f 4257//4257 4264//4264 4265//4265
f 4257//4257 4265//4265 4216//4216
f 3789//3789 3787//3787 4238//4238
f 4238//4238 3787//3787 4230//4230
f 4230//4230 3787//3787 74//74
f 3749//3749 3766//3766 4258//4258
f 4258//4258 3766//3766 3765//3765
f 4258//4258 3765//3765 4259//4259
f 4259//4259 3765//3765 3747//3747
f 4259//4259 3747//3747 4260//4260
f 4260//4260 3747//3747 3746//3746
f 4260//4260 3746//3746 4261//4261
f 4266//4266 3746//3746 3744//3744
f 4266//4266 3744//3744 4267//4267
f 4267//4267 3744//3744 3743//3743
f 4267//4267 3743//3743 4268//4268
f 4268//4268 3743//3743 3764//3764
f 4268//4268 3764//3764 4269//4269
f 4269//4269 3764//3764 135//135
f 4269//4269 135//135 4214//4214
f 3313//3313 3311//3311 4270//4270
f 4270//4270 3311//3311 4271//4271
f 4272//4272 4274//4274 4275//4275
f 4276//4276 4273//4273 4277//4277
f 4279//4279 4280//4280 94//94
f 94//94 4280//4280 96//96
f 3795//3795 3794//3794 4281//4281
f 3788//3788 3790//3790 4282//4282
f 4283//4283 3783//3783 75//75
f 4283//4283 75//75 4284//4284
f 4285//4285 4284//4284 75//75
f 4286//4286 4287//4287 4285//4285
f 4288//4288 3780//3780 3785//3785
f 4285//4285 4287//4287 4284//4284
f 4284//4284 4287//4287 4289//4289
f 4284//4284 4289//4289 4283//4283
f 4283//4283 4289//4289 3785//3785
f 4283//4283 3785//3785 3783//3783
f 4290//4290 4291//4291 3790//3790
f 4292//4292 3777//3777 3781//3781
f 3790//3790 4291//4291 4282//4282
f 4282//4282 4291//4291 4292//4292
f 4282//4282 4292//4292 4288//4288
f 4288//4288 4292//4292 3781//3781
f 4288//4288 3781//3781 3780//3780
f 3311//3311 3777//3777 4271//4271
f 4271//4271 3777//3777 4292//4292
f 4271//4271 4292//4292 4278//4278
f 4278//4278 4292//4292 4293//4293
f 4280//4280 4294//4294 96//96
f 96//96 4294//4294 3797//3797
f 27//27 29//29 4295//4295
f 4295//4295 29//29 4296//4296
f 4297//4297 4298//4298 4299//4299
f 4299//4299 4298//4298 4300//4300
f 4301//4301 4302//4302 112//112
f 112//112 4302//4302 113//113
f 10//10 4303//4303 4304//4304
f 4301//4301 112//112 3946//3946
f 4297//4297 4299//4299 4305//4305
f 4301//4301 3946//3946 4306//4306
f 4306//4306 3946//3946 3959//3959
f 4306//4306 3959//3959 4307//4307
f 4307//4307 3959//3959 3956//3956
f 4307//4307 3956//3956 4308//4308
f 4308//4308 3956//3956 3955//3955
f 4308//4308 3955//3955 4309//4309
f 4309//4309 3955//3955 3944//3944
f 4309//4309 3944//3944 4310//4310
f 4310//4310 3944//3944 3943//3943
f 4310//4310 3943//3943 4311//4311
f 4311//4311 3943//3943 3963//3963
f 4311//4311 3963//3963 4312//4312
f 4312//4312 3963//3963 3962//3962
f 4312//4312 3962//3962 4313//4313
f 4313//4313 3962//3962 3960//3960
f 4313//4313 3960//3960 4304//4304
f 4304//4304 4303//4303 4313//4313
f 4313//4313 4303//4303 4314//4314
f 4313//4313 4314//4314 4312//4312
f 4312//4312 4314//4314 4315//4315
f 4312//4312 4315//4315 4311//4311
f 4311//4311 4315//4315 4316//4316
f 4311//4311 4316//4316 4310//4310
f 4310//4310 4316//4316 4317//4317
f 4310//4310 4317//4317 4309//4309
f 4309//4309 4317//4317 4318//4318
f 4309//4309 4318//4318 4308//4308
f 4308//4308 4318//4318 4319//4319
f 4308//4308 4319//4319 4320//4320
f 4320//4320 4319//4319 4321//4321
f 4320//4320 4321//4321 4305//4305
f 4305//4305 4321//4321 4322//4322
f 4305//4305 4322//4322 4297//4297
f 3960//3960 10//10 4304//4304
f 10//10 3941//3941 4303//4303
f 4303//4303 3941//3941 3940//3940
f 4303//4303 3940//3940 4314//4314
f 4314//4314 3940//3940 3936//3936
f 4314//4314 3936//3936 4315//4315
f 4315//4315 3936//3936 3938//3938
f 4315//4315 3938//3938 4316//4316
f 4316//4316 3938//3938 3939//3939
f 4316//4316 3939//3939 4317//4317
f 4317//4317 3939//3939 3934//3934
f 4317//4317 3934//3934 4318//4318
f 4323//4323 3934//3934 3933//3933
f 4323//4323 3933//3933 4324//4324
f 4324//4324 3933//3933 3931//3931
f 4324//4324 3931//3931 4325//4325
f 4325//4325 3931//3931 3930//3930
f 4325//4325 3930//3930 4326//4326
f 4326//4326 3930//3930 27//27
f 4326//4326 27//27 4295//4295
f 110//110 109//109 4327//4327
f 4327//4327 109//109 4328//4328
f 4329//4329 4330//4330 4331//4331
f 4331//4331 4330//4330 4332//4332
f 4333//4333 4334//4334 4335//4335
f 4335//4335 4334//4334 4336//4336
f 4337//4337 4338//4338 4339//4339
f 4339//4339 4338//4338 4340//4340
f 4341//4341 4342//4342 53//53
f 53//53 4342//4342 51//51
f 7//7 3953//3953 4343//4343
f 4341//4341 53//53 3999//3999
f 4337//4337 4339//4339 4344//4344
f 4341//4341 3999//3999 4345//4345
f 4345//4345 3999//3999 3998//3998
f 4345//4345 3998//3998 4346//4346
f 4346//4346 3998//3998 3996//3996
f 4346//4346 3996//3996 4347//4347
f 4347//4347 3996//3996 3993//3993
f 4347//4347 3993//3993 4348//4348
f 4348//4348 3993//3993 3992//3992
f 4348//4348 3992//3992 4349//4349
f 4349//4349 3992//3992 3991//3991
f 4349//4349 3991//3991 4350//4350
f 4350//4350 3991//3991 3989//3989
f 4350//4350 3989//3989 4351//4351
f 4333//4333 4335//4335 4352//4352
f 4353//4353 4337//4337 4344//4344
f 4353//4353 4344//4344 4354//4354
f 4354//4354 4344//4344 4355//4355
f 4354//4354 4355//4355 4356//4356
f 4356//4356 4355//4355 4347//4347
f 4356//4356 4347//4347 4357//4357
f 4357//4357 4347//4347 4348//4348
f 4357//4357 4348//4348 4358//4358
f 4358//4358 4348//4348 4349//4349
f 4358//4358 4349//4349 4359//4359
f 4359//4359 4349//4349 4350//4350
f 4359//4359 4350//4350 4360//4360
f 4360//4360 4350//4350 4351//4351
f 4360//4360 4351//4351 4343//4343
f 4360//4360 4343//4343 4361//4361
f 4360//4360 4361//4361 4359//4359
f 4359//4359 4361//4361 4362//4362
f 4359//4359 4362//4362 4358//4358
f 4358//4358 4362//4362 4363//4363
f 4358//4358 4363//4363 4357//4357
f 4357//4357 4363//4363 4364//4364
f 4357//4357 4364//4364 4365//4365
f 4365//4365 4364//4364 4366//4366
f 4365//4365 4366//4366 4367//4367
f 4367//4367 4366//4366 4368//4368
f 4367//4367 4368//4368 4352//4352
f 4352//4352 4368//4368 4369//4369
f 4352//4352 4369//4369 4333//4333
f 4331//4331 4370//4370 4329//4329
f 4343//4343 3953//3953 4361//4361
f 4361//4361 3953//3953 4371//4371
f 4361//4361 4371//4371 4362//4362
f 4362//4362 4371//4371 4372//4372
f 4362//4362 4372//4372 4363//4363
f 4363//4363 4372//4372 4373//4373
f 4363//4363 4373//4373 4364//4364
f 4364//4364 4373//4373 4374//4374
f 4364//4364 4374//4374 4366//4366
f 4366//4366 4374//4374 4375//4375
f 4366//4366 4375//4375 4376//4376
f 4376//4376 4375//4375 4377//4377
f 4376//4376 4377//4377 4370//4370
f 4370//4370 4377//4377 4378//4378
f 4370//4370 4378//4378 4329//4329
f 3989//3989 3987//3987 4351//4351
f 4351//4351 3987//3987 4343//4343
f 4343//4343 3987//3987 7//7
f 3953//3953 3965//3965 4371//4371
f 4371//4371 3965//3965 3964//3964
f 4371//4371 3964//3964 4372//4372
f 4372//4372 3964//3964 3951//3951
f 4372//4372 3951//3951 4373//4373
f 4373//4373 3951//3951 3950//3950
f 4373//4373 3950//3950 4374//4374
f 4379//4379 3950//3950 3948//3948
f 4379//4379 3948//3948 4380//4380
f 4380//4380 3948//3948 3947//3947
f 4380//4380 3947//3947 4381//4381
f 4381//4381 3947//3947 3954//3954
f 4381//4381 3954//3954 4382//4382
f 4382//4382 3954//3954 110//110
f 4382//4382 110//110 4327//4327
f 3347//3347 3349//3349 4383//4383
f 4383//4383 3349//3349 4384//4384
f 4385//4385 4386//4386 4387//4387
f 4387//4387 4386//4386 4388//4388
f 4389//4389 4390//4390 52//52
f 52//52 4390//4390 54//54
f 3995//3995 3994//3994 4391//4391
f 3988//3988 3990//3990 4392//4392
f 4393//4393 3972//3972 8//8
f 4393//4393 8//8 4394//4394
f 4395//4395 4394//4394 8//8
f 4396//4396 4397//4397 4395//4395
f 4398//4398 3977//3977 3976//3976
f 4395//4395 4397//4397 4394//4394
f 4394//4394 4397//4397 4399//4399
f 4394//4394 4399//4399 4393//4393
f 4393//4393 4399//4399 3975//3975
f 4393//4393 3975//3975 3972//3972
f 4400//4400 4401//4401 3990//3990
f 4402//4402 3984//3984 3979//3979
f 3990//3990 4401//4401 4392//4392
f 4392//4392 4401//4401 4402//4402
f 4392//4392 4402//4402 4398//4398
f 4398//4398 4402//4402 3979//3979
f 4398//4398 3979//3979 3977//3977
f 3349//3349 3985//3985 4384//4384
f 4386//4386 3983//3983 4403//4403
f 4386//4386 4403//4403 4388//4388
f 4388//4388 4403//4403 4404//4404
f 4390//4390 4405//4405 54//54
f 54//54 4405//4405 3997//3997
f 3350//3350 3348//3348 4406//4406
f 3350//3350 4406//4406 4407//4407
f 4407//4407 4406//4406 4408//4408
f 4407//4407 4408//4408 4409//4409
f 4409//4409 4408//4408 4410//4410
f 4409//4409 4410//4410 4411//4411
f 4411//4411 4412//4412 30//30
f 4411//4411 30//30 28//28
f 4409//4409 4411//4411 4413//4413
f 4414//4414 3942//3942 9//9
f 4415//4415 4416//4416 4417//4417
f 4417//4417 4416//4416 4418//4418
f 4417//4417 4418//4418 9//9
f 3974//3974 3978//3978 4419//4419
f 4420//4420 3978//3978 3981//3981
f 4420//4420 3981//3981 4421//4421
f 4422//4422 3982//3982 3350//3350
f 4422//4422 3350//3350 4407//4407
f 4407//4407 4409//4409 4422//4422
f 4422//4422 4409//4409 4423//4423
f 4424//4424 4425//4425 4426//4426
f 4426//4426 4425//4425 4427//4427
f 4416//4416 4428//4428 4418//4418
f 4418//4418 4428//4428 4414//4414
f 4418//4418 4414//4414 9//9
f 3942//3942 4414//4414 3937//3937
f 3937//3937 4414//4414 4428//4428
f 3937//3937 4427//4427 3935//3935
f 3935//3935 4427//4427 4425//4425
f 3935//3935 4425//4425 3932//3932
f 3932//3932 4413//4413 4411//4411
f 3932//3932 4411//4411 28//28
f 43//43 45//45 4429//4429
f 4429//4429 45//45 4430//4430
f 4431//4431 4430//4430 4432//4432
f 4432//4432 4430//4430 4433//4433
f 4434//4434 4435//4435 3361//3361
f 3361//3361 4435//4435 3359//3359
f 3851//3851 3850//3850 4436//4436
f 3856//3856 3854//3854 4437//4437
f 4438//4438 3801//3801 20//20
f 4438//4438 20//20 4439//4439
f 3857//3857 4439//4439 20//20
f 4440//4440 4441//4441 3857//3857
f 4442//4442 3807//3807 4443//4443
f 3857//3857 4441//4441 4439//4439
f 4439//4439 4441//4441 4444//4444
f 4439//4439 4444//4444 4438//4438
f 4438//4438 4444//4444 3802//3802
f 4438//4438 3802//3802 3801//3801
f 4445//4445 4446//4446 3854//3854
f 4447//4447 3803//3803 3805//3805
f 3854//3854 4446//4446 4437//4437
f 4437//4437 4446//4446 4447//4447
f 4437//4437 4447//4447 4442//4442
f 4442//4442 4447//4447 3805//3805
f 4442//4442 3805//3805 3807//3807
f 45//45 3803//3803 4430//4430
f 4430//4430 3803//3803 4447//4447
f 4430//4430 4447//4447 4433//4433
f 4433//4433 4447//4447 4448//4448
f 4435//4435 4449//4449 3359//3359
f 3359//3359 4449//4449 3846//3846
f 46//46 44//44 4450//4450
f 4450//4450 44//44 4451//4451
f 4452//4452 4453//4453 4454//4454
f 4454//4454 4453//4453 4455//4455
f 4456//4456 4457//4457 4458//4458
f 4458//4458 4457//4457 4459//4459
f 4460//4460 4461//4461 4462//4462
f 4462//4462 4461//4461 4463//4463
f 4464//4464 4465//4465 491//491
f 491//491 4465//4465 492//492
f 22//22 3800//3800 4466//4466
f 4464//4464 491//491 3813//3813
f 4460//4460 4462//4462 4467//4467
f 4464//4464 3813//3813 4468//4468
f 4468//4468 3813//3813 3832//3832
f 4468//4468 3832//3832 4469//4469
f 4469//4469 3832//3832 3831//3831
f 4469//4469 3831//3831 4470//4470
f 4470//4470 3831//3831 3827//3827
f 4470//4470 3827//3827 4471//4471
f 4471//4471 3827//3827 3826//3826
f 4471//4471 3826//3826 4472//4472
f 4472//4472 3826//3826 3838//3838
f 4472//4472 3838//3838 4473//4473
f 4473//4473 3838//3838 3833//3833
f 4473//4473 3833//3833 4474//4474
f 4456//4456 4458//4458 4475//4475
f 4476//4476 4460//4460 4467//4467
f 4476//4476 4467//4467 4477//4477
f 4477//4477 4467//4467 4478//4478
f 4477//4477 4478//4478 4479//4479
f 4479//4479 4478//4478 4470//4470
f 4479//4479 4470//4470 4480//4480
f 4480//4480 4470//4470 4471//4471
f 4480//4480 4471//4471 4481//4481
f 4481//4481 4471//4471 4472//4472
f 4481//4481 4472//4472 4482//4482
f 4482//4482 4472//4472 4473//4473
f 4482//4482 4473//4473 4483//4483
f 4483//4483 4473//4473 4474//4474
f 4483//4483 4474//4474 4466//4466
f 4483//4483 4466//4466 4484//4484
f 4483//4483 4484//4484 4482//4482
f 4482//4482 4484//4484 4485//4485
f 4482//4482 4485//4485 4481//4481
f 4481//4481 4485//4485 4486//4486
f 4481//4481 4486//4486 4480//4480
f 4480//4480 4486//4486 4487//4487
f 4480//4480 4487//4487 4488//4488
f 4488//4488 4487//4487 4489//4489
f 4488//4488 4489//4489 4490//4490
f 4490//4490 4489//4489 4491//4491
f 4490//4490 4491//4491 4475//4475
f 4475//4475 4491//4491 4492//4492
f 4475//4475 4492//4492 4456//4456
f 4454//4454 4493//4493 4452//4452
f 4466//4466 3800//3800 4484//4484
f 4484//4484 3800//3800 4494//4494
f 4484//4484 4494//4494 4485//4485
f 4485//4485 4494//4494 4495//4495
f 4485//4485 4495//4495 4486//4486
f 4486//4486 4495//4495 4496//4496
f 4486//4486 4496//4496 4487//4487
f 4487//4487 4496//4496 4497//4497
f 4487//4487 4497//4497 4489//4489
f 4489//4489 4497//4497 4498//4498
f 4489//4489 4498//4498 4499//4499
f 4499//4499 4498//4498 4500//4500
f 4499//4499 4500//4500 4493//4493
f 4493//4493 4500//4500 4501//4501
f 4493//4493 4501//4501 4452//4452
f 3833//3833 3835//3835 4474//4474
f 4474//4474 3835//3835 4466//4466
f 4466//4466 3835//3835 22//22
f 3800//3800 3809//3809 4494//4494
f 4494//4494 3809//3809 3808//3808
f 4494//4494 3808//3808 4495//4495
f 4495//4495 3808//3808 3806//3806
f 4495//4495 3806//3806 4496//4496
f 4496//4496 3806//3806 3804//3804
f 4496//4496 3804//3804 4502//4502
f 4502//4502 3804//3804 3812//3812
f 4502//4502 3812//3812 4503//4503
f 4503//4503 3812//3812 3811//3811
f 4503//4503 3811//3811 4504//4504
f 4504//4504 3811//3811 3810//3810
f 4504//4504 3810//3810 4505//4505
f 4505//4505 3810//3810 46//46
f 4505//4505 46//46 4450//4450
f 489//489 488//488 4506//4506
f 4506//4506 488//488 4507//4507
f 4508//4508 4509//4509 4510//4510
f 4510//4510 4509//4509 4511//4511
f 4512//4512 4513//4513 37//37
f 37//37 4513//4513 35//35
f 17//17 4514//4514 4515//4515
f 4512//4512 37//37 3872//3872
f 4508//4508 4510//4510 4516//4516
f 4512//4512 3872//3872 4517//4517
f 4517//4517 3872//3872 3871//3871
f 4517//4517 3871//3871 4518//4518
f 4518//4518 3871//3871 3869//3869
f 4518//4518 3869//3869 4519//4519
f 4519//4519 3869//3869 3867//3867
f 4519//4519 3867//3867 4520//4520
f 4520//4520 3867//3867 3866//3866
f 4520//4520 3866//3866 4521//4521
f 4521//4521 3866//3866 3864//3864
f 4521//4521 3864//3864 4522//4522
f 4522//4522 3864//3864 3863//3863
f 4522//4522 3863//3863 4523//4523
f 4523//4523 3863//3863 3862//3862
f 4523//4523 3862//3862 4524//4524
f 4524//4524 3862//3862 3860//3860
f 4524//4524 3860//3860 4515//4515
f 4515//4515 4514//4514 4524//4524
f 4524//4524 4514//4514 4525//4525
f 4524//4524 4525//4525 4523//4523
f 4523//4523 4525//4525 4526//4526
f 4523//4523 4526//4526 4522//4522
f 4522//4522 4526//4526 4527//4527
f 4522//4522 4527//4527 4521//4521
f 4521//4521 4527//4527 4528//4528
f 4521//4521 4528//4528 4520//4520
f 4520//4520 4528//4528 4529//4529
f 4520//4520 4529//4529 4519//4519
f 4519//4519 4529//4529 4530//4530
f 4519//4519 4530//4530 4531//4531
f 4531//4531 4530//4530 4532//4532
f 4531//4531 4532//4532 4516//4516
f 4516//4516 4532//4532 4533//4533
f 4516//4516 4533//4533 4508//4508
f 3860//3860 17//17 4515//4515
f 17//17 3820//3820 4514//4514
f 4514//4514 3820//3820 3824//3824
f 4514//4514 3824//3824 4525//4525
f 4525//4525 3824//3824 3822//3822
f 4525//4525 3822//3822 4526//4526
f 4526//4526 3822//3822 3821//3821
f 4526//4526 3821//3821 4527//4527
f 4527//4527 3821//3821 3818//3818
f 4527//4527 3818//3818 4528//4528
f 4528//4528 3818//3818 3817//3817
f 4528//4528 3817//3817 4529//4529
f 4534//4534 3817//3817 3815//3815
f 4534//4534 3815//3815 4535//4535
f 4535//4535 3815//3815 3814//3814
f 4535//4535 3814//3814 4536//4536
f 4536//4536 3814//3814 3825//3825
f 4536//4536 3825//3825 4537//4537
f 4537//4537 3825//3825 489//489
f 4537//4537 489//489 4506//4506
f 3362//3362 3360//3360 4538//4538
f 4538//4538 3360//3360 4539//4539
f 4540//4540 4541//4541 4542//4542
f 4542//4542 4541//4541 4543//4543
f 4544//4544 4545//4545 36//36
f 36//36 4545//4545 38//38
f 4543//4543 4541//4541 4546//4546
f 4547//4547 3858//3858 18//18
f 4548//4548 4549//4549 4550//4550
f 4550//4550 4549//4549 4551//4551
f 4550//4550 4551//4551 18//18
f 3861//3861 3865//3865 4552//4552
f 4553//4553 3865//3865 3868//3868
f 4553//4553 3868//3868 4554//4554
f 4555//4555 3870//3870 38//38
f 38//38 4545//4545 4555//4555
f 4556//4556 4543//4543 4546//4546
f 4557//4557 4558//4558 4559//4559
f 4559//4559 4558//4558 4560//4560
f 4549//4549 4561//4561 4551//4551
f 4551//4551 4561//4561 4547//4547
f 4551//4551 4547//4547 18//18
f 3858//3858 4547//4547 3855//3855
f 3855//3855 4547//4547 4561//4561
f 3855//3855 4560//4560 3853//3853
f 3853//3853 4560//4560 4558//4558
f 3853//3853 4558//4558 3849//3849
f 3847//3847 4562//4562 4539//4539
f 3847//3847 4539//4539 3360//3360
f 3258//3258 3257//3257 4563//4563
f 4563//4563 3257//3257 4564//4564
f 4565//4565 4566//4566 4567//4567
f 4567//4567 4566//4566 4568//4568
f 4569//4569 4570//4570 3291//3291
f 3291//3291 4570//4570 3292//3292
f 4568//4568 4566//4566 4571//4571
f 4572//4572 4573//4573 4574//4574
f 4575//4575 3293//3293 3290//3290
f 4576//4576 4577//4577 4578//4578
f 4579//4579 4580//4580 4581//4581
f 4579//4579 4581//4581 4582//4582
f 3903//3903 4584//4584 4585//4585
f 3903//3903 4585//4585 3896//3896
f 3896//3896 4585//4585 4586//4586
f 3896//3896 4586//4586 3897//3897
f 3897//3897 4586//4586 4587//4587
f 3897//3897 4587//4587 3898//3898
f 3292//3292 4588//4588 3300//3300
f 3300//3300 4588//4588 4589//4589
f 3300//3300 4589//4589 3301//3301
f 3301//3301 4589//4589 4590//4590
f 3301//3301 4590//4590 3295//3295
f 3295//3295 4590//4590 4591//4591
f 3295//3295 4591//4591 3296//3296
f 3296//3296 4591//4591 4592//4592
f 3296//3296 4592//4592 3297//3297
f 3297//3297 4592//4592 4582//4582
f 3297//3297 4582//4582 3290//3290
f 3290//3290 4582//4582 4581//4581
f 3290//3290 4581//4581 4575//4575
f 3292//3292 4570//4570 4588//4588
f 4593//4593 4568//4568 4571//4571
f 4593//4593 4571//4571 4594//4594
f 4594//4594 4571//4571 4595//4595
f 4594//4594 4595//4595 4596//4596
f 4596//4596 4595//4595 4597//4597
f 4596//4596 4597//4597 4598//4598
f 4598//4598 4597//4597 4599//4599
f 4598//4598 4599//4599 4600//4600
f 4600//4600 4599//4599 4601//4601
f 4600//4600 4601//4601 4602//4602
f 4602//4602 4601//4601 4603//4603
f 4602//4602 4603//4603 4574//4574
f 4574//4574 4603//4603 4585//4585
f 4574//4574 4585//4585 4572//4572
f 4572//4572 4585//4585 4584//4584
f 4604//4604 4583//4583 4605//4605
f 4606//4606 4607//4607 4608//4608
f 4609//4609 3902//3902 3901//3901
f 3898//3898 4587//4587 3899//3899
f 3899//3899 4587//4587 4610//4610
f 3899//3899 4610//4610 3895//3895
f 3895//3895 4610//4610 4611//4611
f 3895//3895 4611//4611 3893//3893
f 3893//3893 4611//4611 4612//4612
f 3893//3893 4612//4612 3892//3892
f 3892//3892 4612//4612 4613//4613
f 3892//3892 4613//4613 3890//3890
f 3890//3890 4613//4613 4564//4564
f 3890//3890 4564//4564 3257//3257
f 3288//3288 4614//4614 3289//3289
f 3289//3289 4614//4614 4615//4615
f 4614//4614 4616//4616 4615//4615
f 4615//4615 4616//4616 4617//4617
f 4615//4615 4617//4617 4618//4618
f 31//31 33//33 4619//4619
f 4619//4619 33//33 4620//4620
f 4619//4619 4618//4618 4621//4621
f 4621//4621 4618//4618 4617//4617
f 4622//4622 4623//4623 4624//4624
f 3873//3873 31//31 4619//4619
f 4625//4625 4577//4577 4626//4626
f 4576//4576 4604//4604 4627//4627
f 4628//4628 3879//3879 3877//3877
f 4630//4630 4631//4631 4629//4629
f 3294//3294 3293//3293 4575//4575
f 3873//3873 4623//4623 3875//3875
f 3875//3875 4623//4623 4622//4622
f 3875//3875 4622//4622 3877//3877
f 4604//4604 4605//4605 4627//4627
f 4627//4627 4605//4605 4632//4632
f 4627//4627 4632//4632 4633//4633
f 4577//4577 4576//4576 4626//4626
f 4626//4626 4576//4576 4627//4627
f 4626//4626 4627//4627 4634//4634
f 4634//4634 4627//4627 4633//4633
f 4634//4634 4633//4633 4635//4635
f 3873//3873 4619//4619 4623//4623
f 4623//4623 4619//4619 4621//4621
f 4623//4623 4621//4621 4624//4624
f 4624//4624 4621//4621 4617//4617
f 4624//4624 4617//4617 4616//4616
f 4628//4628 3877//3877 4632//4632
f 4632//4632 3877//3877 4622//4622
f 4632//4632 4622//4622 4633//4633
f 4633//4633 4622//4622 4624//4624
f 4633//4633 4624//4624 4635//4635
f 4635//4635 4624//4624 4616//4616
f 4635//4635 4616//4616 4614//4614
f 4614//4614 3288//3288 4635//4635
f 4635//4635 3288//3288 3299//3299
f 4635//4635 3299//3299 4636//4636
f 4636//4636 3299//3299 3298//3298
f 4636//4636 3298//3298 4637//4637
f 4626//4626 3298//3298 3294//3294
f 4626//4626 3294//3294 4625//4625
f 4581//4581 3294//3294 4575//4575
f 3355//3355 3357//3357 4638//4638
f 4638//4638 3357//3357 4639//4639
f 4640//4640 4641//4641 4642//4642
f 4642//4642 4641//4641 4643//4643
f 4644//4644 4645//4645 4646//4646
f 4646//4646 4645//4645 4647//4647
f 4648//4648 4649//4649 41//41
f 41//41 4649//4649 39//39
f 4650//4650 4651//4651 16//16
f 3915//3915 3914//3914 4651//4651
f 4651//4651 3914//3914 16//16
f 16//16 3924//3924 4652//4652
f 4652//4652 3924//3924 3926//3926
f 4650//4650 16//16 4652//4652
f 4653//4653 3918//3918 3917//3917
f 3915//3915 4651//4651 4654//4654
f 4654//4654 4651//4651 4650//4650
f 4654//4654 4650//4650 4655//4655
f 4655//4655 4650//4650 4652//4652
f 4655//4655 4652//4652 4656//4656
f 4656//4656 4652//4652 3926//3926
f 4657//4657 3927//3927 3928//3928
f 4658//4658 3922//3922 3920//3920
f 3928//3928 4659//4659 4657//4657
f 4660//4660 4661//4661 4662//4662
f 4660//4660 4662//4662 4663//4663
f 4663//4663 4662//4662 4658//4658
f 4663//4663 4658//4658 4653//4653
f 4653//4653 4658//4658 3920//3920
f 4653//4653 3920//3920 3918//3918
f 3357//3357 3922//3922 4639//4639
f 4639//4639 3922//3922 4664//4664
f 4641//4641 4665//4665 4643//4643
f 4643//4643 4665//4665 4666//4666
f 4645//4645 4667//4667 4647//4647
f 4647//4647 4667//4667 4668//4668
f 4649//4649 4669//4669 39//39
f 39//39 4669//4669 3929//3929
f 3358//3358 3356//3356 4670//4670
f 3358//3358 4670//4670 4671//4671
f 4671//4671 4670//4670 4672//4672
f 4671//4671 4672//4672 4673//4673
f 4673//4673 4672//4672 4674//4674
f 4673//4673 4674//4674 4675//4675
f 4675//4675 4676//4676 34//34
f 4675//4675 34//34 32//32
f 4673//4673 4675//4675 4677//4677
f 4678//4678 3882//3882 14//14
f 3913//3913 4679//4679 14//14
f 4679//4679 3913//3913 4680//4680
f 3913//3913 3916//3916 4680//4680
f 4680//4680 3916//3916 3919//3919
f 4680//4680 3919//3919 4681//4681
f 4681//4681 3919//3919 3921//3921
f 3921//3921 3923//3923 4681//4681
f 4682//4682 3923//3923 3358//3358
f 4682//4682 3358//3358 4671//4671
f 4671//4671 4673//4673 4682//4682
f 4682//4682 4673//4673 4683//4683
f 4681//4681 4684//4684 4680//4680
f 4680//4680 4684//4684 4685//4685
f 4680//4680 4686//4686 4679//4679
f 4679//4679 4686//4686 4678//4678
f 4679//4679 4678//4678 14//14
f 3882//3882 4678//4678 3878//3878
f 3878//3878 4678//4678 4686//4686
f 3878//3878 4685//4685 3876//3876
f 3876//3876 4685//4685 4684//4684
f 3876//3876 4684//4684 3874//3874
f 3874//3874 4677//4677 4675//4675
f 3874//3874 4675//4675 32//32
f 3351//3351 3353//3353 4687//4687
f 4687//4687 3353//3353 4688//4688
f 4689//4689 4690//4690 4691//4691
f 4691//4691 4690//4690 4692//4692
f 4693//4693 4694//4694 4695//4695
f 4695//4695 4694//4694 4696//4696
f 4697//4697 4698//4698 49//49
f 49//49 4698//4698 47//47
f 4693//4693 4695//4695 4699//4699
f 4010//4010 4700//4700 1//1
f 4700//4700 4701//4701 4702//4702
f 4701//4701 4703//4703 4702//4702
f 4704//4704 4012//4012 4014//4014
f 4704//4704 4014//4014 4705//4705
f 4014//4014 4016//4016 4705//4705
f 4705//4705 4016//4016 4018//4018
f 4706//4706 4018//4018 3351//3351
f 4689//4689 4691//4691 4707//4707
f 4708//4708 4693//4693 4699//4699
f 4709//4709 4710//4710 4711//4711
f 4711//4711 4710//4710 4712//4712
f 4713//4713 4712//4712 4714//4714
f 4714//4714 4712//4712 4715//4715
f 4714//4714 4715//4715 1//1
f 1//1 4715//4715 4009//4009
f 4009//4009 4715//4715 4712//4712
f 4009//4009 4712//4712 4006//4006
f 4006//4006 4712//4712 4710//4710
f 4006//4006 4710//4710 4002//4002
f 4002//4002 4710//4710 4697//4697
f 4002//4002 4697//4697 49//49
f 3351//3351 4687//4687 4706//4706
f 4716//4716 4689//4689 4707//4707
f 4705//4705 4709//4709 4704//4704
f 4704//4704 4709//4709 4711//4711
f 4702//4702 4713//4713 4700//4700
f 4700//4700 4713//4713 4714//4714
f 4700//4700 4714//4714 1//1
f 3277//3277 3278//3278 4717//4717
f 4717//4717 3278//3278 4718//4718
f 4717//4717 4718//4718 4719//4719
f 4719//4719 4718//4718 4720//4720
f 4720//4720 4718//4718 4721//4721
f 4720//4720 4721//4721 4722//4722
f 4722//4722 4721//4721 4723//4723
f 4723//4723 4721//4721 23//23
f 4723//4723 23//23 25//25
f 4719//4719 4720//4720 4724//4724
f 4722//4722 4723//4723 4725//4725
f 4726//4726 4727//4727 4728//4728
f 4729//4729 4730//4730 4732//4732
f 4733//4733 3275//3275 3274//3274
f 4733//4733 3274//3274 4734//4734
f 4043//4043 4726//4726 4044//4044
f 4044//4044 4726//4726 4728//4728
f 4044//4044 4728//4728 4047//4047
f 4047//4047 4728//4728 4735//4735
f 4047//4047 4735//4735 4050//4050
f 4050//4050 4735//4735 4725//4725
f 4053//4053 4725//4725 25//25
f 25//25 4725//4725 4723//4723
f 4727//4727 4736//4736 4728//4728
f 4728//4728 4737//4737 4738//4738
f 4728//4728 4738//4738 4735//4735
f 4735//4735 4738//4738 4739//4739
f 4735//4735 4739//4739 4725//4725
f 4725//4725 4739//4739 4724//4724
f 4725//4725 4724//4724 4722//4722
f 4722//4722 4724//4724 4720//4720
f 4737//4737 4729//4729 4738//4738
f 4738//4738 4729//4729 4732//4732
f 4738//4738 4732//4732 4739//4739
f 4739//4739 4732//4732 4740//4740
f 4739//4739 4740//4740 4724//4724
f 4724//4724 4740//4740 4741//4741
f 4724//4724 4741//4741 4719//4719
f 4719//4719 4741//4741 4717//4717
f 4731//4731 4734//4734 4742//4742
f 4742//4742 4734//4734 3274//3274
f 4742//4742 3274//3274 4743//4743
f 4743//4743 3274//3274 3281//3281
f 4743//4743 3281//3281 4744//4744
f 4741//4741 3281//3281 3280//3280
f 4741//4741 3280//3280 4717//4717
f 4717//4717 3280//3280 3277//3277
f 3287//3287 3286//3286 4745//4745
f 4745//4745 3286//3286 4746//4746
f 4747//4747 4748//4748 4749//4749
f 4749//4749 4748//4748 4750//4750
f 4751//4751 4752//4752 3261//3261
f 3261//3261 4752//4752 3262//3262
f 4750//4750 4748//4748 4753//4753
f 4727//4727 4754//4754 4736//4736
f 4736//4736 4754//4754 4756//4756
f 4736//4736 4756//4756 4757//4757
f 3275//3275 4733//4733 3276//3276
f 3276//3276 4733//4733 4758//4758
f 3262//3262 4759//4759 4037//4037
f 4037//4037 4759//4759 4760//4760
f 4037//4037 4760//4760 4038//4038
f 4038//4038 4760//4760 4761//4761
f 4038//4038 4761//4761 4039//4039
f 4039//4039 4761//4761 4762//4762
f 4039//4039 4762//4762 4032//4032
f 4032//4032 4762//4762 4763//4763
f 4032//4032 4763//4763 4033//4033
f 4033//4033 4763//4763 4764//4764
f 4033//4033 4764//4764 4034//4034
f 4034//4034 4764//4764 4765//4765
f 4034//4034 4765//4765 4035//4035
f 4035//4035 4765//4765 4755//4755
f 4035//4035 4755//4755 4025//4025
f 4766//4766 4767//4767 4768//4768
f 4028//4028 4769//4769 4029//4029
f 3262//3262 4752//4752 4759//4759
f 4770//4770 4750//4750 4753//4753
f 4770//4770 4753//4753 4771//4771
f 4771//4771 4753//4753 4772//4772
f 4771//4771 4772//4772 4773//4773
f 4773//4773 4772//4772 4774//4774
f 4773//4773 4774//4774 4775//4775
f 4775//4775 4774//4774 4776//4776
f 4775//4775 4776//4776 4777//4777
f 4777//4777 4776//4776 4778//4778
f 4777//4777 4778//4778 4779//4779
f 4779//4779 4778//4778 4780//4780
f 4779//4779 4780//4780 4756//4756
f 4756//4756 4780//4780 4781//4781
f 4756//4756 4781//4781 4757//4757
f 4729//4729 4782//4782 4730//4730
f 4783//4783 4784//4784 4758//4758
f 4758//4758 4784//4784 4785//4785
f 4758//4758 4785//4785 3276//3276
f 3276//3276 4785//4785 4786//4786
f 3276//3276 4786//4786 3279//3279
f 3279//3279 4786//4786 4787//4787
f 3279//3279 4787//4787 3282//3282
f 3282//3282 4787//4787 4788//4788
f 3282//3282 4788//4788 3283//3283
f 3283//3283 4788//4788 4789//4789
f 3283//3283 4789//4789 3284//3284
f 3284//3284 4789//4789 4790//4790
f 3284//3284 4790//4790 3285//3285
f 3285//3285 4790//4790 4746//4746
f 3285//3285 4746//4746 3286//3286
f 3354//3354 3352//3352 4791//4791
f 4791//4791 3352//3352 4792//4792
f 4793//4793 4794//4794 4795//4795
f 4795//4795 4794//4794 4796//4796
f 4797//4797 4798//4798 24//24
f 24//24 4798//4798 26//26
f 4045//4045 4048//4048 4799//4799
f 4800//4800 4801//4801 3//3
f 4802//4802 4804//4804 4805//4805
f 4801//4801 4800//4800 4806//4806
f 4017//4017 4015//4015 4807//4807
f 4806//4806 4015//4015 4013//4013
f 4806//4806 4013//4013 4801//4801
f 4801//4801 4013//4013 4011//4011
f 4801//4801 4011//4011 3//3
f 4049//4049 4051//4051 4808//4808
f 4808//4808 4051//4051 4809//4809
f 4810//4810 4811//4811 4812//4812
f 4019//4019 4017//4017 4812//4812
f 4812//4812 4017//4017 4807//4807
f 4812//4812 4807//4807 4810//4810
f 4803//4803 4806//4806 4800//4800
f 4803//4803 4800//4800 4046//4046
f 4046//4046 4800//4800 3//3
f 3352//3352 4019//4019 4792//4792
f 4792//4792 4019//4019 4813//4813
f 4794//4794 4814//4814 4796//4796
f 4796//4796 4814//4814 4815//4815
f 4798//4798 4816//4816 26//26
f 26//26 4816//4816 4052//4052
f 88//88 86//86 4817//4817
f 4817//4817 86//86 4818//4818
f 4819//4819 4820//4820 4821//4821
f 4821//4821 4820//4820 4822//4822
f 4823//4823 4824//4824 137//137
f 137//137 4824//4824 138//138
f 77//77 4825//4825 4826//4826
f 4823//4823 137//137 3753//3753
f 4819//4819 4821//4821 4827//4827
f 4823//4823 3753//3753 4828//4828
f 4828//4828 3753//3753 3759//3759
f 4828//4828 3759//3759 4829//4829
f 4829//4829 3759//3759 3755//3755
f 4829//4829 3755//3755 4830//4830
f 4830//4830 3755//3755 3754//3754
f 4830//4830 3754//3754 4831//4831
f 4831//4831 3754//3754 3751//3751
f 4831//4831 3751//3751 4832//4832
f 4832//4832 3751//3751 3750//3750
f 4832//4832 3750//3750 4833//4833
f 4833//4833 3750//3750 3763//3763
f 4833//4833 3763//3763 4834//4834
f 4834//4834 3763//3763 3762//3762
f 4834//4834 3762//3762 4835//4835
f 4835//4835 3762//3762 3760//3760
f 4835//4835 3760//3760 4826//4826
f 4826//4826 4825//4825 4835//4835
f 4835//4835 4825//4825 4836//4836
f 4835//4835 4836//4836 4834//4834
f 4834//4834 4836//4836 4837//4837
f 4834//4834 4837//4837 4833//4833
f 4833//4833 4837//4837 4838//4838
f 4833//4833 4838//4838 4832//4832
f 4832//4832 4838//4838 4839//4839
f 4832//4832 4839//4839 4831//4831
f 4831//4831 4839//4839 4840//4840
f 4831//4831 4840//4840 4830//4830
f 4830//4830 4840//4840 4841//4841
f 4830//4830 4841//4841 4842//4842
f 4842//4842 4841//4841 4843//4843
f 4842//4842 4843//4843 4827//4827
f 4827//4827 4843//4843 4844//4844
f 4827//4827 4844//4844 4819//4819
f 3760//3760 77//77 4826//4826
f 77//77 3729//3729 4825//4825
f 4825//4825 3729//3729 3736//3736
f 4825//4825 3736//3736 4836//4836
f 4836//4836 3736//3736 3735//3735
f 4836//4836 3735//3735 4837//4837
f 4837//4837 3735//3735 3733//3733
f 4837//4837 3733//3733 4838//4838
f 4838//4838 3733//3733 3739//3739
f 4838//4838 3739//3739 4839//4839
f 4839//4839 3739//3739 3738//3738
f 4839//4839 3738//3738 4845//4845
f 4845//4845 3738//3738 3742//3742
f 4845//4845 3742//3742 4846//4846
f 4846//4846 3742//3742 3741//3741
f 4846//4846 3741//3741 4847//4847
f 4847//4847 3741//3741 3740//3740
f 4847//4847 3740//3740 4848//4848
f 4848//4848 3740//3740 88//88
f 4848//4848 88//88 4817//4817
f 3314//3314 3316//3316 4849//4849
f 4849//4849 3316//3316 4850//4850
f 4851//4851 4852//4852 4853//4853
f 4853//4853 4852//4852 4854//4854
f 4855//4855 4856//4856 4857//4857
f 4857//4857 4856//4856 4858//4858
f 4859//4859 4860//4860 99//99
f 99//99 4860//4860 97//97
f 4855//4855 4857//4857 4861//4861
f 3543//3543 4862//4862 55//55
f 4862//4862 4863//4863 4864//4864
f 4863//4863 4865//4865 4864//4864
f 4866//4866 3545//3545 3547//3547
f 4866//4866 3547//3547 4867//4867
f 3547//3547 3549//3549 4867//4867
f 4867//4867 3549//3549 3551//3551
f 4868//4868 3551//3551 3314//3314
f 4851//4851 4853//4853 4869//4869
f 4870//4870 4855//4855 4861//4861
f 4871//4871 4872//4872 4873//4873
f 4873//4873 4872//4872 4874//4874
f 4875//4875 4874//4874 4876//4876
f 4876//4876 4874//4874 4877//4877
f 4876//4876 4877//4877 55//55
f 55//55 4877//4877 3563//3563
f 3563//3563 4877//4877 4874//4874
f 3563//3563 4874//4874 3559//3559
f 3559//3559 4874//4874 4872//4872
f 3559//3559 4872//4872 3555//3555
f 3555//3555 4872//4872 4859//4859
f 3555//3555 4859//4859 99//99
f 3314//3314 4849//4849 4868//4868
f 4878//4878 4851//4851 4869//4869
f 4867//4867 4871//4871 4866//4866
f 4866//4866 4871//4871 4873//4873
f 4864//4864 4875//4875 4862//4862
f 4862//4862 4875//4875 4876//4876
f 4862//4862 4876//4876 55//55
f 3336//3336 3337//3337 4879//4879
f 3336//3336 4879//4879 4880//4880
f 4880//4880 4879//4879 4881//4881
f 4880//4880 4881//4881 4882//4882
f 4882//4882 4881//4881 4883//4883
f 4882//4882 4883//4883 4884//4884
f 4884//4884 4885//4885 65//65
f 4884//4884 65//65 67//67
f 4882//4882 4884//4884 4886//4886
f 4888//4888 4889//4889 4890//4890
f 4891//4891 4892//4892 4893//4893
f 4894//4894 3334//3334 3333//3333
f 4894//4894 3333//3333 4895//4895
f 4891//4891 4893//4893 4896//4896
f 3566//3566 3565//3565 4897//4897
f 4897//4897 4888//4888 3566//3566
f 3566//3566 4888//4888 4890//4890
f 3566//3566 4890//4890 3572//3572
f 3572//3572 4890//4890 4898//4898
f 3572//3572 4898//4898 3575//3575
f 3575//3575 4898//4898 4887//4887
f 3578//3578 4886//4886 67//67
f 67//67 4886//4886 4884//4884
f 4889//4889 4896//4896 4890//4890
f 4890//4890 4896//4896 4893//4893
f 4890//4890 4893//4893 4899//4899
f 4899//4899 4893//4893 4900//4900
f 4899//4899 4900//4900 4901//4901
f 4901//4901 4900//4900 4902//4902
f 4901//4901 4902//4902 4882//4882
f 4882//4882 4902//4902 4880//4880
f 4892//4892 4895//4895 4903//4903
f 4903//4903 4895//4895 3333//3333
f 4903//4903 3333//3333 4904//4904
f 4904//4904 3333//3333 3340//3340
f 4904//4904 3340//3340 4905//4905
f 4905//4905 3340//3340 3339//3339
f 4905//4905 3339//3339 4880//4880
f 4880//4880 3339//3339 3336//3336
f 3346//3346 3345//3345 4906//4906
f 4906//4906 3345//3345 4907//4907
f 4908//4908 4909//4909 4910//4910
f 4910//4910 4909//4909 4911//4911
f 4912//4912 4913//4913 3248//3248
f 3248//3248 4913//4913 3249//3249
f 4911//4911 4909//4909 4914//4914
f 4916//4916 4917//4917 4918//4918
f 4917//4917 4916//4916 4919//4919
f 4919//4919 4916//4916 4920//4920
f 4919//4919 4920//4920 4891//4891
f 3334//3334 4894//4894 3335//3335
f 3335//3335 4894//4894 4895//4895
f 3249//3249 4921//4921 3596//3596
f 3596//3596 4921//4921 4922//4922
f 3596//3596 4922//4922 3597//3597
f 3597//3597 4922//4922 4923//4923
f 3597//3597 4923//4923 3598//3598
f 3598//3598 4923//4923 4924//4924
f 3598//3598 4924//4924 3591//3591
f 3591//3591 4924//4924 4925//4925
f 3591//3591 4925//4925 3592//3592
f 3592//3592 4925//4925 4926//4926
f 3592//3592 4926//4926 3593//3593
f 3593//3593 4926//4926 4927//4927
f 3593//3593 4927//4927 3594//3594
f 3594//3594 4927//4927 4915//4915
f 3594//3594 4915//4915 3584//3584
f 4928//4928 4929//4929 4930//4930
f 3587//3587 4931//4931 3588//3588
f 3249//3249 4913//4913 4921//4921
f 4932//4932 4911//4911 4914//4914
f 4932//4932 4914//4914 4933//4933
f 4933//4933 4914//4914 4934//4934
f 4933//4933 4934//4934 4935//4935
f 4935//4935 4934//4934 4936//4936
f 4935//4935 4936//4936 4937//4937
f 4937//4937 4936//4936 4938//4938
f 4937//4937 4938//4938 4939//4939
f 4939//4939 4938//4938 4940//4940
f 4939//4939 4940//4940 4941//4941
f 4941//4941 4940//4940 4942//4942
f 4941//4941 4942//4942 4920//4920
f 4920//4920 4942//4942 4943//4943
f 4920//4920 4943//4943 4891//4891
f 4891//4891 4943//4943 4892//4892
f 4892//4892 4943//4943 4895//4895
f 4895//4895 4943//4943 4944//4944
f 4895//4895 4944//4944 3335//3335
f 3335//3335 4944//4944 4945//4945
f 3335//3335 4945//4945 3338//3338
f 3338//3338 4945//4945 4946//4946
f 3338//3338 4946//4946 3341//3341
f 3341//3341 4946//4946 4947//4947
f 3341//3341 4947//4947 3342//3342
f 3342//3342 4947//4947 4948//4948
f 3342//3342 4948//4948 3343//3343
f 3343//3343 4948//4948 4949//4949
f 3343//3343 4949//4949 3344//3344
f 3344//3344 4949//4949 4907//4907
f 3344//3344 4907//4907 3345//3345
f 3317//3317 3315//3315 4950//4950
f 4950//4950 3315//3315 4951//4951
f 4952//4952 4953//4953 4954//4954
f 4954//4954 4953//4953 4955//4955
f 4956//4956 4957//4957 66//66
f 66//66 4957//4957 68//68
f 3571//3571 3573//3573 4958//4958
f 4959//4959 4960//4960 57//57
f 4961//4961 4963//4963 4964//4964
f 4960//4960 4959//4959 4965//4965
f 3550//3550 3548//3548 4966//4966
f 4965//4965 3548//3548 3546//3546
f 4965//4965 3546//3546 4960//4960
f 4960//4960 3546//3546 3544//3544
f 4960//4960 3544//3544 57//57
f 3574//3574 3576//3576 4967//4967
f 4967//4967 3576//3576 4968//4968
f 4969//4969 4970//4970 4971//4971
f 3552//3552 3550//3550 4971//4971
f 4971//4971 3550//3550 4966//4966
f 4971//4971 4966//4966 4969//4969
f 4962//4962 4965//4965 4959//4959
f 4962//4962 4959//4959 3568//3568
f 3568//3568 4959//4959 57//57
f 3315//3315 3552//3552 4951//4951
f 4951//4951 3552//3552 4972//4972
f 4953//4953 4973//4973 4955//4955
f 4955//4955 4973//4973 4974//4974
f 4957//4957 4975//4975 68//68
f 68//68 4975//4975 3577//3577
f 3328//3328 3329//3329 4976//4976
f 4976//4976 3329//3329 4977//4977
f 4978//4978 4979//4979 4980//4980
f 4980//4980 4979//4979 4981//4981
f 4982//4982 4983//4983 70//70
f 70//70 4983//4983 72//72
f 3271//3271 3270//3270 4984//4984
f 4984//4984 3270//3270 4985//4985
f 4986//4986 4987//4987 4988//4988
f 4988//4988 4987//4987 4989//4989
f 4990//4990 4991//4991 3319//3319
f 3319//3319 4991//4991 3320//3320
f 4992//4992 4994//4994 4995//4995
f 4996//4996 3650//3650 3649//3649
f 4996//4996 3649//3649 4997//4997
f 4998//4998 4999//4999 5000//5000
f 5000//5000 4999//4999 5001//5001
f 3324//3324 3323//3323 5002//5002
f 72//72 4983//4983 3657//3657
f 3657//3657 4983//4983 5003//5003
f 3657//3657 5003//5003 3655//3655
f 3655//3655 5003//5003 5004//5004
f 3655//3655 5004//5004 3649//3649
f 3649//3649 5004//5004 5005//5005
f 3649//3649 5005//5005 4997//4997
f 4997//4997 5005//5005 4993//4993
f 4981//4981 4979//4979 5006//5006
f 5006//5006 4979//4979 5007//5007
f 5006//5006 5007//5007 5008//5008
f 5008//5008 5007//5007 5009//5009
f 5008//5008 5009//5009 4995//4995
f 4995//4995 5009//5009 5000//5000
f 4995//4995 5000//5000 4992//4992
f 4992//4992 5000//5000 5001//5001
f 4977//4977 3329//3329 5010//5010
f 5010//5010 3329//3329 3330//3330
f 5010//5010 3330//3330 5011//5011
f 5011//5011 3330//3330 3326//3326
f 5011//5011 3326//3326 5012//5012
f 5000//5000 3326//3326 3324//3324
f 5000//5000 3324//3324 4998//4998
f 4998//4998 3324//3324 5002//5002
f 4989//4989 4987//4987 5013//5013
f 5002//5002 3323//3323 3325//3325
f 5014//5014 5015//5015 4998//4998
f 5016//5016 5017//5017 5015//5015
f 5015//5015 5017//5017 4999//4999
f 5015//5015 4999//4999 4998//4998
f 3627//3627 3631//3631 5018//5018
f 5019//5019 5020//5020 5021//5021
f 3627//3627 5022//5022 5023//5023
f 3627//3627 5023//5023 3628//3628
f 3628//3628 5023//5023 5024//5024
f 3628//3628 5024//5024 3644//3644
f 3644//3644 5024//5024 5025//5025
f 3644//3644 5025//5025 3645//3645
f 3320//3320 5026//5026 3331//3331
f 3331//3331 5026//5026 5027//5027
f 3331//3331 5027//5027 3332//3332
f 3332//3332 5027//5027 5028//5028
f 3332//3332 5028//5028 3321//3321
f 3321//3321 5028//5028 5029//5029
f 3321//3321 5029//5029 3322//3322
f 3322//3322 5029//5029 5030//5030
f 3322//3322 5030//5030 3327//3327
f 3327//3327 5030//5030 5014//5014
f 3327//3327 5014//5014 3325//3325
f 3325//3325 5014//5014 4998//4998
f 3325//3325 4998//4998 5002//5002
f 3320//3320 4991//4991 5026//5026
f 5031//5031 4989//4989 5013//5013
f 5031//5031 5013//5013 5032//5032
f 5032//5032 5013//5013 5033//5033
f 5032//5032 5033//5033 5034//5034
f 5034//5034 5033//5033 5035//5035
f 5034//5034 5035//5035 5036//5036
f 5036//5036 5035//5035 5037//5037
f 5036//5036 5037//5037 5038//5038
f 5038//5038 5037//5037 5039//5039
f 5038//5038 5039//5039 5014//5014
f 5014//5014 5039//5039 5040//5040
f 5014//5014 5040//5040 5015//5015
f 5015//5015 5040//5040 5023//5023
f 5015//5015 5023//5023 5042//5042
f 5042//5042 5023//5023 5022//5022
f 5041//5041 5043//5043 5044//5044
f 5044//5044 5043//5043 5045//5045
f 3645//3645 5025//5025 3646//3646
f 3646//3646 5025//5025 5046//5046
f 3646//3646 5046//5046 3643//3643
f 3643//3643 5046//5046 5047//5047
f 3643//3643 5047//5047 3641//3641
f 3641//3641 5047//5047 5048//5048
f 3641//3641 5048//5048 3640//3640
f 3640//3640 5048//5048 5049//5049
f 3640//3640 5049//5049 3638//3638
f 3638//3638 5049//5049 4985//4985
f 3638//3638 4985//4985 3270//3270
f 3306//3306 3308//3308 5050//5050
f 3306//3306 5050//5050 5051//5051
f 5051//5051 5050//5050 5052//5052
f 5051//5051 5052//5052 5053//5053
f 5053//5053 5052//5052 5054//5054
f 5053//5053 5054//5054 5055//5055
f 5055//5055 5056//5056 69//69
f 5055//5055 69//69 71//71
f 5053//5053 5055//5055 5057//5057
f 5058//5058 3653//3653 62//62
f 3615//3615 5059//5059 62//62
f 5059//5059 3615//3615 5060//5060
f 3615//3615 3618//3618 5060//5060
f 5060//5060 3618//3618 3621//3621
f 5060//5060 3621//3621 5061//5061
f 5061//5061 3621//3621 3623//3623
f 3623//3623 3625//3625 5061//5061
f 5062//5062 3625//3625 3306//3306
f 5062//5062 3306//3306 5051//5051
f 5051//5051 5053//5053 5062//5062
f 5062//5062 5053//5053 5057//5057
f 5061//5061 5063//5063 5060//5060
f 5060//5060 5063//5063 5064//5064
f 5060//5060 5065//5065 5059//5059
f 5059//5059 5065//5065 5058//5058
f 5059//5059 5058//5058 62//62
f 3653//3653 5058//5058 3652//3652
f 3652//3652 5058//5058 5065//5065
f 3652//3652 5064//5064 3654//3654
f 3654//3654 5064//5064 5063//5063
f 3654//3654 5063//5063 3656//3656
f 3656//3656 5057//5057 5055//5055
f 3656//3656 5055//5055 71//71
f 3309//3309 3307//3307 5066//5066
f 5066//5066 3307//3307 5067//5067
f 5068//5068 5069//5069 5070//5070
f 5070//5070 5069//5069 5071//5071
f 5072//5072 5073//5073 5074//5074
f 5074//5074 5073//5073 5075//5075
f 5076//5076 5077//5077 103//103
f 103//103 5077//5077 101//101
f 5078//5078 5079//5079 64//64
f 3617//3617 3616//3616 5079//5079
f 5079//5079 3616//3616 64//64
f 64//64 3604//3604 5080//5080
f 5080//5080 3604//3604 3609//3609
f 5078//5078 64//64 5080//5080
f 5081//5081 3620//3620 3619//3619
f 3617//3617 5079//5079 5082//5082
f 5082//5082 5079//5079 5078//5078
f 5082//5082 5078//5078 5083//5083
f 5083//5083 5078//5078 5080//5080
f 5083//5083 5080//5080 5084//5084
f 5084//5084 5080//5080 3609//3609
f 5085//5085 3610//3610 3613//3613
f 5086//5086 3624//3624 3622//3622
f 3613//3613 5087//5087 5085//5085
f 5088//5088 5089//5089 5090//5090
f 5088//5088 5090//5090 5091//5091
f 5091//5091 5090//5090 5086//5086
f 5091//5091 5086//5086 5081//5081
f 5081//5081 5086//5086 3622//3622
f 5081//5081 3622//3622 3620//3620
f 3307//3307 3624//3624 5067//5067
f 5067//5067 3624//3624 5092//5092
f 5069//5069 5093//5093 5071//5071
f 5071//5071 5093//5093 5094//5094
f 5073//5073 5095//5095 5075//5075
f 5075//5075 5095//5095 5096//5096
f 5077//5077 5097//5097 101//101
f 101//101 5097//5097 3614//3614
f 1837//1837 5098//5098 5100//5100
f 5100//5100 5098//5098 5101//5101
f 5099//5099 5102//5102 5103//5103
f 5103//5103 5102//5102 5104//5104
f 5104//5104 5102//5102 5105//5105
f 5104//5104 5105//5105 5106//5106
f 5106//5106 5105//5105 5107//5107
f 5107//5107 5105//5105 1845//1845
f 5107//5107 1845//1845 1843//1843
f 1824//1824 1823//1823 5108//5108
f 1824//1824 5108//5108 5109//5109
f 5109//5109 5108//5108 5110//5110
f 5109//5109 5110//5110 5111//5111
f 5112//5112 5113//5113 5114//5114
f 5112//5112 5114//5114 5115//5115
f 5115//5115 5114//5114 1841//1841
f 5115//5115 1841//1841 1839//1839
f 1793//1793 1792//1792 5116//5116
f 1793//1793 5116//5116 5117//5117
f 5117//5117 5116//5116 5118//5118
f 5117//5117 5118//5118 5119//5119
f 5119//5119 5118//5118 5120//5120
f 5119//5119 5120//5120 5121//5121
f 5122//5122 5123//5123 1809//1809
f 5122//5122 1809//1809 1807//1807
f 1805//1805 1803//1803 5124//5124
f 1805//1805 5124//5124 5125//5125
f 5127//5127 5128//5128 5129//5129
f 5126//5126 5130//5130 5131//5131
f 5132//5132 5133//5133 1813//1813
f 5132//5132 1813//1813 1811//1811
f 5134//5134 5135//5135 5136//5136
f 5136//5136 5137//5137 5134//5134
f 5134//5134 5137//5137 5138//5138
f 5134//5134 5138//5138 5139//5139
f 5139//5139 5138//5138 5140//5140
f 5139//5139 5140//5140 5142//5142
f 5135//5135 5134//5134 5143//5143
f 5143//5143 5134//5134 5144//5144
f 5143//5143 5144//5144 5145//5145
f 5145//5145 5144//5144 1858//1858
f 5145//5145 1858//1858 1861//1861
f 5141//5141 5146//5146 5147//5147
f 5147//5147 5146//5146 1850//1850
f 5147//5147 1850//1850 1846//1846
f 5148//5148 1847//1847 5149//5149
f 5149//5149 1847//1847 1849//1849
f 5149//5149 1849//1849 5150//5150
f 5150//5150 1849//1849 1850//1850
f 5150//5150 1850//1850 5146//5146
f 476//476 5151//5151 5152//5152
f 5152//5152 5151//5151 5153//5153
f 5152//5152 5154//5154 5155//5155
f 5155//5155 5154//5154 5156//5156
f 5157//5157 5158//5158 5159//5159
f 5159//5159 5158//5158 5160//5160
f 5157//5157 5161//5161 5158//5158
f 5158//5158 5161//5161 5162//5162
f 5158//5158 5162//5162 5154//5154
f 5154//5154 5162//5162 5163//5163
f 5154//5154 5163//5163 5156//5156
f 1828//1828 5164//5164 5165//5165
f 5160//5160 5158//5158 5165//5165
f 5165//5165 5158//5158 1827//1827
f 5165//5165 1827//1827 1828//1828
f 1828//1828 1830//1830 5164//5164
f 5164//5164 1830//1830 5166//5166
f 1832//1832 5167//5167 1830//1830
f 1830//1830 5167//5167 5168//5168
f 1830//1830 5168//5168 5166//5166
f 5169//5169 5170//5170 5171//5171
f 5171//5171 5172//5172 5169//5169
f 5169//5169 5172//5172 5173//5173
f 5169//5169 5173//5173 5174//5174
f 5174//5174 5173//5173 5175//5175
f 5174//5174 5175//5175 5176//5176
f 5170//5170 5169//5169 5177//5177
f 5177//5177 5169//5169 5178//5178
f 5177//5177 5178//5178 5179//5179
f 5179//5179 5178//5178 466//466
f 5179//5179 466//466 468//468
f 5176//5176 5180//5180 5181//5181
f 5181//5181 5180//5180 1818//1818
f 5181//5181 1818//1818 1814//1814
f 5182//5182 1815//1815 5183//5183
f 5183//5183 1815//1815 1817//1817
f 5183//5183 1817//1817 5184//5184
f 5184//5184 1817//1817 1818//1818
f 5184//5184 1818//1818 5180//5180
f 1869//1869 5185//5185 5186//5186
f 5186//5186 5185//5185 5187//5187
f 5186//5186 5187//5187 5188//5188
f 5188//5188 5187//5187 5189//5189
f 5190//5190 5191//5191 5192//5192
f 5192//5192 5191//5191 5193//5193
f 5190//5190 5194//5194 5191//5191
f 5191//5191 5194//5194 5195//5195
f 5191//5191 5195//5195 5187//5187
f 5187//5187 5195//5195 5196//5196
f 5187//5187 5196//5196 5189//5189
f 1797//1797 5197//5197 5198//5198
f 5193//5193 5191//5191 5198//5198
f 5198//5198 5191//5191 1796//1796
f 5198//5198 1796//1796 1797//1797
f 1797//1797 1799//1799 5197//5197
f 5197//5197 1799//1799 5199//5199
f 1801//1801 5200//5200 1799//1799
f 1799//1799 5200//5200 5201//5201
f 1799//1799 5201//5201 5199//5199
f 5202//5202 5203//5203 5204//5204
f 5204//5204 5203//5203 5205//5205
f 5206//5206 5211//5211 5214//5214
f 5208//5208 5213//5213 5215//5215
f 5215//5215 5213//5213 5218//5218
f 5215//5215 5218//5218 5219//5219
f 5207//5207 5221//5221 5209//5209
f 5212//5212 5222//5222 5223//5223
f 5212//5212 5223//5223 5224//5224
f 5225//5225 5231//5231 5232//5232
f 5220//5220 5233//5233 5216//5216
f 5215//5215 5232//5232 5231//5231
f 5217//5217 5229//5229 5235//5235
f 5237//5237 5230//5230 5238//5238
f 5236//5236 5239//5239 5240//5240
f 5240//5240 5239//5239 5241//5241
f 5240//5240 5241//5241 5242//5242
f 5242//5242 5241//5241 5244//5244
f 5242//5242 5244//5244 5247//5247
f 5245//5245 5243//5243 5249//5249
f 5246//5246 5250//5250 5251//5251
f 5252//5252 5248//5248 5254//5254
f 5252//5252 5254//5254 5255//5255
f 5255//5255 5254//5254 5256//5256
f 5255//5255 5256//5256 5257//5257
f 5257//5257 5256//5256 5258//5258
f 5257//5257 5258//5258 5224//5224
f 5224//5224 5258//5258 5259//5259
f 5224//5224 5259//5259 5210//5210
f 5210//5210 5259//5259 5260//5260
f 5210//5210 5260//5260 5262//5262
f 5262//5262 5260//5260 5263//5263
f 5261//5261 5264//5264 5266//5266
f 5266//5266 5264//5264 5267//5267
f 5265//5265 5268//5268 5269//5269
f 5270//5270 5267//5267 5271//5271
f 5270//5270 5271//5271 5272//5272
f 5272//5272 5271//5271 5275//5275
f 5273//5273 5274//5274 5277//5277
f 5276//5276 5275//5275 5279//5279
f 5276//5276 5279//5279 5280//5280
f 5282//5282 5278//5278 5228//5228
f 5281//5281 5227//5227 5283//5283
f 5284//5284 5226//5226 5234//5234
f 5285//5285 5286//5286 5287//5287
f 5287//5287 5286//5286 5288//5288
f 5289//5289 5290//5290 5291//5291
f 5291//5291 5290//5290 5292//5292
f 5203//5203 5202//5202 5293//5293
f 5293//5293 5202//5202 5294//5294
f 5293//5293 5294//5294 5295//5295
f 5295//5295 5294//5294 5296//5296
f 5296//5296 5294//5294 5297//5297
f 5296//5296 5297//5297 5298//5298
f 5298//5298 5297//5297 1853//1853
f 5298//5298 1853//1853 1854//1854
f 1786//1786 5299//5299 1787//1787
f 1787//1787 5299//5299 5300//5300
f 5300//5300 5299//5299 5301//5301
f 5301//5301 5299//5299 5302//5302
f 5301//5301 5302//5302 5303//5303
f 5287//5287 5288//5288 5302//5302
f 5302//5302 5288//5288 5304//5304
f 5302//5302 5304//5304 5303//5303
f 5290//5290 5289//5289 5305//5305
f 5290//5290 5305//5305 5306//5306
f 5307//5307 5309//5309 5310//5310
f 5308//5308 5311//5311 5312//5312
f 5313//5313 5314//5314 5204//5204
f 5313//5313 5204//5204 5205//5205
f 5292//5292 5315//5315 5291//5291
f 5291//5291 5315//5315 5316//5316
f 5316//5316 5315//5315 5317//5317
f 5317//5317 5315//5315 5318//5318
f 5317//5317 5318//5318 5319//5319
f 5319//5319 5318//5318 5320//5320
f 5319//5319 5320//5320 5321//5321
f 5321//5321 5320//5320 5322//5322
f 5321//5321 5322//5322 5323//5323
f 5322//5322 5324//5324 5323//5323
f 5323//5323 5324//5324 5286//5286
f 5323//5323 5286//5286 5285//5285
f 5325//5325 5326//5326 5327//5327
f 5325//5325 5327//5327 5328//5328
f 5328//5328 5327//5327 5329//5329
f 5328//5328 5329//5329 5330//5330
f 1790//1790 5331//5331 5332//5332
f 5332//5332 5331//5331 5333//5333
f 5332//5332 5333//5333 5334//5334
f 5334//5334 5333//5333 5335//5335
f 5334//5334 5335//5335 5336//5336
f 5336//5336 5335//5335 5337//5337
f 5336//5336 5337//5337 5338//5338
f 5338//5338 5337//5337 5339//5339
f 5338//5338 5339//5339 5340//5340
f 5340//5340 5339//5339 5341//5341
f 5340//5340 5341//5341 5342//5342
f 5342//5342 5341//5341 5330//5330
f 5342//5342 5330//5330 5343//5343
f 5343//5343 5330//5330 5329//5329
f 1790//1790 5332//5332 3489//3489
f 3489//3489 5332//5332 5334//5334
f 3489//3489 5334//5334 3486//3486
f 3486//3486 5334//5334 5336//5336
f 3486//3486 5336//5336 3487//3487
f 3487//3487 5336//5336 5338//5338
f 3487//3487 5338//5338 3488//3488
f 3488//3488 5338//5338 5340//5340
f 3488//3488 5340//5340 3481//3481
f 3481//3481 5340//5340 5342//5342
f 3481//3481 5342//5342 3482//3482
f 3482//3482 5342//5342 5343//5343
f 3482//3482 5343//5343 3483//3483
f 3483//3483 5343//5343 5329//5329
f 3483//3483 5329//5329 3484//3484
f 3484//3484 5329//5329 5327//5327
f 3484//3484 5327//5327 3485//3485
f 3485//3485 5327//5327 5326//5326
f 3485//3485 5326//5326 3491//3491
f 5344//5344 5345//5345 5346//5346
f 5346//5346 5345//5345 5347//5347
f 5346//5346 5347//5347 3505//3505
f 3505//3505 5347//5347 3506//3506
f 5348//5348 5344//5344 5326//5326
f 5326//5326 5344//5344 5346//5346
f 5326//5326 5346//5346 3491//3491
f 3491//3491 5346//5346 3505//3505
f 5345//5345 5263//5263 5260//5260
f 3506//3506 5347//5347 5349//5349
f 5350//5350 3499//3499 5351//5351
f 5351//5351 3499//3499 3497//3497
f 5351//5351 3497//3497 5352//5352
f 5352//5352 3497//3497 3495//3495
f 5352//5352 3495//3495 5349//5349
f 5349//5349 3495//3495 3507//3507
f 5349//5349 3507//3507 3506//3506
f 3501//3501 3499//3499 5353//5353
f 5353//5353 3499//3499 5350//5350
f 5353//5353 5350//5350 5354//5354
f 5354//5354 5350//5350 5253//5253
f 5347//5347 5345//5345 5349//5349
f 5349//5349 5345//5345 5260//5260
f 5349//5349 5260//5260 5355//5355
f 5355//5355 5260//5260 5259//5259
f 5355//5355 5259//5259 5356//5356
f 5356//5356 5259//5259 5258//5258
f 5356//5356 5258//5258 5357//5357
f 5357//5357 5258//5258 5256//5256
f 5357//5357 5256//5256 5254//5254
f 3503//3503 3501//3501 5358//5358
f 5358//5358 3501//3501 5353//5353
f 5358//5358 5353//5353 5359//5359
f 5359//5359 5353//5353 5354//5354
f 3504//3504 3503//3503 5360//5360
f 5360//5360 3503//3503 5358//5358
f 5360//5360 5358//5358 5361//5361
f 5361//5361 5358//5358 5359//5359
f 1854//1854 5362//5362 5363//5363
f 5362//5362 5364//5364 5363//5363
f 5363//5363 5364//5364 5365//5365
f 5366//5366 5365//5365 5367//5367
f 5365//5365 5368//5368 5367//5367
f 5367//5367 5368//5368 5369//5369
f 5367//5367 5369//5369 5370//5370
f 5370//5370 5369//5369 5371//5371
f 5370//5370 5371//5371 5372//5372
f 5372//5372 5371//5371 5373//5373
f 5372//5372 5373//5373 5374//5374
f 5374//5374 5373//5373 5375//5375
f 5374//5374 5375//5375 5376//5376
f 5376//5376 5375//5375 5377//5377
f 5376//5376 5377//5377 5378//5378
f 5378//5378 5377//5377 5360//5360
f 5378//5378 5360//5360 5361//5361
f 1854//1854 3514//3514 5362//5362
f 5362//5362 3514//3514 3513//3513
f 5362//5362 3513//3513 5364//5364
f 5364//5364 3513//3513 3512//3512
f 5364//5364 3512//3512 5365//5365
f 5365//5365 3512//3512 3522//3522
f 5365//5365 3522//3522 5368//5368
f 5368//5368 3522//3522 3521//3521
f 5368//5368 3521//3521 5369//5369
f 5369//5369 3521//3521 3519//3519
f 5369//5369 3519//3519 5371//5371
f 5371//5371 3519//3519 3518//3518
f 5371//5371 3518//3518 5373//5373
f 5373//5373 3518//3518 3516//3516
f 5373//5373 3516//3516 5375//5375
f 5375//5375 3516//3516 3515//3515
f 5375//5375 3515//3515 5377//5377
f 5377//5377 3515//3515 3504//3504
f 5377//5377 3504//3504 5360//5360
f 5379//5379 5380//5380 5382//5382
f 5383//5383 5381//5381 5384//5384
f 5385//5385 5386//5386 5388//5388
f 5389//5389 5387//5387 5390//5390
f 5391//5391 5392//5392 5395//5395
f 5394//5394 5393//5393 5396//5396
f 5397//5397 5399//5399 5401//5401
f 5400//5400 5398//5398 5402//5402
f 5403//5403 5404//5404 5405//5405
f 5405//5405 5404//5404 5406//5406
f 5407//5407 5408//5408 5411//5411
f 5410//5410 5409//5409 5412//5412
f 5413//5413 5414//5414 5417//5417
f 5416//5416 5415//5415 5418//5418
f 5419//5419 5421//5421 5423//5423
f 5422//5422 5420//5420 5424//5424
f 5425//5425 5426//5426 5427//5427
f 5427//5427 5426//5426 5428//5428
f 5429//5429 5430//5430 5433//5433
f 5432//5432 5431//5431 5434//5434
f 5435//5435 5437//5437 5439//5439
f 5438//5438 5436//5436 5440//5440
f 5441//5441 5443//5443 5445//5445
f 5444//5444 5442//5442 5446//5446
f 5447//5447 5448//5448 5450//5450
f 5451//5451 5449//5449 5452//5452
f 5453//5453 5454//5454 5455//5455
f 5455//5455 5454//5454 5456//5456
f 5457//5457 5458//5458 5461//5461
f 5460//5460 5459//5459 5462//5462
f 5463//5463 5464//5464 5467//5467
f 5466//5466 5465//5465 5468//5468
f 5469//5469 5471//5471 5472//5472
f 5473//5473 5470//5470 5474//5474
f 5475//5475 5476//5476 5478//5478
f 5479//5479 5477//5477 5480//5480
f 5481//5481 5482//5482 5484//5484
f 5485//5485 5483//5483 5486//5486
f 5487//5487 5488//5488 5491//5491
f 5490//5490 5489//5489 5492//5492
f 5493//5493 5495//5495 5497//5497
f 5496//5496 5494//5494 5498//5498
f 5499//5499 5500//5500 5502//5502
f 5503//5503 5501//5501 5504//5504
f 5505//5505 5506//5506 5507//5507
f 5507//5507 5506//5506 5508//5508
f 5509//5509 5511//5511 5512//5512
f 5513//5513 5510//5510 5514//5514
f 5515//5515 5516//5516 5519//5519
f 5518//5518 5517//5517 5520//5520
f 5521//5521 5523//5523 5524//5524
f 5525//5525 5522//5522 5526//5526
f 5527//5527 5528//5528 5530//5530
f 5531//5531 5529//5529 5532//5532
f 5533//5533 5534//5534 5537//5537
f 5536//5536 5535//5535 5538//5538
f 5539//5539 5541//5541 5543//5543
f 5542//5542 5540//5540 5544//5544
f 5545//5545 5546//5546 5548//5548
f 5549//5549 5547//5547 5550//5550
f 5551//5551 5553//5553 5555//5555
f 5554//5554 5552//5552 5556//5556
f 5557//5557 5559//5559 5561//5561
f 5560//5560 5558//5558 5562//5562
f 5563//5563 5564//5564 5566//5566
f 5567//5567 5565//5565 5568//5568
f 5569//5569 5571//5571 5573//5573
f 5572//5572 5570//5570 5574//5574
f 5575//5575 5576//5576 5578//5578
f 5579//5579 5577//5577 5580//5580
f 5581//5581 5582//5582 5585//5585
f 5584//5584 5583//5583 5586//5586
f 5588//5588 5589//5589 5590//5590
f 5590//5590 5589//5589 5592//5592
f 5590//5590 5592//5592 5593//5593
f 5594//5594 5595//5595 5590//5590
f 5590//5590 5595//5595 5597//5597
f 5591//5591 5596//5596 5587//5587
f 5598//5598 5599//5599 5590//5590
f 5590//5590 5599//5599 5600//5600
f 5590//5590 5600//5600 5594//5594
f 5593//5593 5601//5601 5590//5590
f 5590//5590 5601//5601 5602//5602
f 5590//5590 5602//5602 5598//5598
f 5603//5603 5605//5605 5606//5606
f 5607//5607 5604//5604 5608//5608
f 5609//5609 5611//5611 5613//5613
f 5612//5612 5610//5610 5614//5614
f 5615//5615 5616//5616 5618//5618
f 5619//5619 5617//5617 5620//5620
f 5621//5621 5623//5623 5624//5624
f 5625//5625 5622//5622 5626//5626
f 5627//5627 5628//5628 5631//5631
f 5630//5630 5629//5629 5632//5632
f 5633//5633 5634//5634 5636//5636
f 5637//5637 5635//5635 5638//5638
f 5639//5639 5641//5641 5643//5643
f 5642//5642 5640//5640 5644//5644
f 5645//5645 5646//5646 5649//5649
f 5648//5648 5647//5647 5650//5650
f 5651//5651 5653//5653 5655//5655
f 5654//5654 5652//5652 5656//5656
f 5657//5657 5659//5659 5660//5660
f 5661//5661 5658//5658 5662//5662
f 5663//5663 5664//5664 5666//5666
f 5667//5667 5665//5665 5668//5668
f 5669//5669 5670//5670 5673//5673
f 5672//5672 5671//5671 5674//5674
f 5676//5676 5677//5677 5682//5682
f 5682//5682 5677//5677 5683//5683
f 5682//5682 5683//5683 5684//5684
f 5685//5685 5686//5686 5682//5682
f 5678//5678 5687//5687 5689//5689
f 5681//5681 5688//5688 5675//5675
f 5690//5690 5692//5692 5682//5682
f 5682//5682 5692//5692 5693//5693
f 5682//5682 5693//5693 5685//5685
f 5684//5684 5694//5694 5682//5682
f 5679//5679 5695//5695 5697//5697
f 5680//5680 5696//5696 5691//5691
f 5698//5698 5700//5700 5702//5702
f 5701//5701 5699//5699 5703//5703
f 5704//5704 5705//5705 5707//5707
f 5708//5708 5706//5706 5709//5709
f 5710//5710 5711//5711 5713//5713
f 5714//5714 5712//5712 5715//5715
f 5716//5716 5718//5718 5719//5719
f 5720//5720 5717//5717 5721//5721
f 5722//5722 5723//5723 5725//5725
f 5726//5726 5724//5724 5727//5727
f 5728//5728 5729//5729 5731//5731
f 5732//5732 5730//5730 5733//5733
f 5734//5734 5736//5736 5738//5738
f 5737//5737 5735//5735 5739//5739
f 5740//5740 5742//5742 5743//5743
f 5744//5744 5741//5741 5745//5745
f 5746//5746 5747//5747 5749//5749
f 5750//5750 5748//5748 5751//5751
f 5752//5752 5754//5754 5756//5756
f 5755//5755 5753//5753 5757//5757
f 5758//5758 5759//5759 5762//5762
f 5761//5761 5760//5760 5763//5763
f 5764//5764 5765//5765 5768//5768
f 5767//5767 5766//5766 5769//5769
f 5771//5771 5772//5772 5774//5774
f 5774//5774 5772//5772 5775//5775
f 5774//5774 5775//5775 5776//5776
f 5777//5777 5778//5778 5774//5774
f 5774//5774 5778//5778 5779//5779
f 5773//5773 5780//5780 5770//5770
f 5781//5781 5782//5782 5774//5774
f 5774//5774 5782//5782 5783//5783
f 5774//5774 5783//5783 5777//5777
f 5776//5776 5784//5784 5774//5774
f 5774//5774 5784//5784 5785//5785
f 5774//5774 5785//5785 5781//5781
f 5786//5786 5788//5788 5790//5790
f 5789//5789 5787//5787 5791//5791
f 5792//5792 5793//5793 5795//5795
f 5796//5796 5794//5794 5797//5797
f 5798//5798 5799//5799 5801//5801
f 5802//5802 5800//5800 5803//5803
f 5804//5804 5805//5805 5807//5807
f 5808//5808 5806//5806 5809//5809
f 5810//5810 5811//5811 5813//5813
f 5814//5814 5812//5812 5815//5815
f 5816//5816 5817//5817 5819//5819
f 5820//5820 5818//5818 5821//5821
f 5822//5822 5824//5824 5826//5826
f 5825//5825 5823//5823 5827//5827
f 5828//5828 5829//5829 5832//5832
f 5831//5831 5830//5830 5833//5833
f 5834//5834 5836//5836 5838//5838
f 5837//5837 5835//5835 5839//5839
f 5840//5840 5842//5842 5844//5844
f 5843//5843 5841//5841 5845//5845
f 5846//5846 5847//5847 5849//5849
f 5850//5850 5848//5848 5851//5851
f 5852//5852 5854//5854 5856//5856
f 5855//5855 5853//5853 5857//5857
f 5858//5858 5860//5860 5861//5861
f 5861//5861 5860//5860 5866//5866
f 5861//5861 5866//5866 5867//5867
f 5868//5868 5870//5870 5861//5861
f 5865//5865 5869//5869 5872//5872
f 5864//5864 5871//5871 5859//5859
f 5873//5873 5875//5875 5861//5861
f 5861//5861 5875//5875 5876//5876
f 5861//5861 5876//5876 5868//5868
f 5867//5867 5878//5878 5861//5861
f 5862//5862 5877//5877 5880//5880
f 5863//5863 5879//5879 5874//5874
f 470//470 5881//5881 471//471
f 471//471 5881//5881 5882//5882
f 1860//1860 5883//5883 5884//5884
f 5884//5884 5883//5883 5885//5885
f 467//467 5886//5886 463//463
f 463//463 5886//5886 5887//5887
f 1863//1863 5888//5888 1864//1864
f 1864//1864 5888//5888 5889//5889
f 5378//5378 5890//5890 5891//5891
f 5892//5892 5366//5366 5893//5893
f 5893//5893 5366//5366 5367//5367
f 5378//5378 5891//5891 5376//5376
f 5367//5367 5370//5370 5893//5893
f 5893//5893 5370//5370 5372//5372
f 5893//5893 5372//5372 5891//5891
f 5891//5891 5372//5372 5374//5374
f 5891//5891 5374//5374 5376//5376
f 5894//5894 5896//5896 5897//5897
f 5897//5897 5896//5896 5891//5891
f 5897//5897 5891//5891 5890//5890
f 5898//5898 5899//5899 5895//5895
f 5895//5895 5899//5899 5900//5900
f 5899//5899 5898//5898 5901//5901
f 5901//5901 5898//5898 5902//5902
f 5903//5903 5904//5904 5902//5902
f 5902//5902 5904//5904 5901//5901
f 5905//5905 5906//5906 5907//5907
f 5905//5905 5907//5907 5908//5908
f 5908//5908 5907//5907 5909//5909
f 5908//5908 5909//5909 5910//5910
f 5910//5910 5909//5909 5904//5904
f 5910//5910 5904//5904 5903//5903
f 5911//5911 5913//5913 5905//5905
f 5905//5905 5913//5913 5906//5906
f 5914//5914 5915//5915 5916//5916
f 5916//5916 5915//5915 5917//5917
f 5917//5917 5918//5918 5916//5916
f 5916//5916 5918//5918 5919//5919
f 5916//5916 5919//5919 5920//5920
f 5912//5912 5921//5921 5923//5923
f 5923//5923 5921//5921 5924//5924
f 5922//5922 5920//5920 5925//5925
f 5925//5925 5920//5920 5919//5919
f 5926//5926 5927//5927 5914//5914
f 5914//5914 5927//5927 5915//5915
f 5927//5927 5926//5926 5928//5928
f 5928//5928 5926//5926 5929//5929
f 5930//5930 5931//5931 5929//5929
f 5929//5929 5931//5931 5928//5928
f 5325//5325 5932//5932 5933//5933
f 5933//5933 5932//5932 5931//5931
f 5933//5933 5931//5931 5930//5930
f 5934//5934 5936//5936 5937//5937
f 5935//5935 5938//5938 5939//5939
f 5325//5325 5328//5328 5932//5932
f 5932//5932 5328//5328 5330//5330
f 5932//5932 5330//5330 5938//5938
f 5938//5938 5330//5330 5341//5341
f 5938//5938 5341//5341 5339//5339
f 5339//5339 5337//5337 5938//5938
f 5938//5938 5337//5337 5335//5335
f 5938//5938 5335//5335 5939//5939
f 1848//1848 3538//3538 1844//1844
f 1848//1848 1847//1847 3538//3538
f 3538//3538 1847//1847 5940//5940
f 3538//3538 5940//5940 3537//3537
f 5940//5940 1847//1847 5148//5148
f 3537//3537 5940//5940 5941//5941
f 5940//5940 5148//5148 5941//5941
f 5941//5941 5148//5148 5149//5149
f 5941//5941 5149//5149 5942//5942
f 5942//5942 5149//5149 5150//5150
f 5942//5942 5150//5150 5943//5943
f 5943//5943 5150//5150 5146//5146
f 5943//5943 5146//5146 5944//5944
f 3537//3537 5941//5941 3532//3532
f 3532//3532 5941//5941 5942//5942
f 3532//3532 5942//5942 3533//3533
f 3533//3533 5942//5942 5943//5943
f 3533//3533 5943//5943 3535//3535
f 3535//3535 5943//5943 5945//5945
f 3535//3535 5945//5945 3527//3527
f 5944//5944 5146//5146 5141//5141
f 5946//5946 5947//5947 5948//5948
f 5949//5949 5142//5142 5140//5140
f 5949//5949 5140//5140 5950//5950
f 5950//5950 5140//5140 5138//5138
f 5950//5950 5138//5138 5951//5951
f 5951//5951 5138//5138 5137//5137
f 5951//5951 5137//5137 5952//5952
f 5953//5953 5954//5954 5955//5955
f 5956//5956 5957//5957 5959//5959
f 5960//5960 5958//5958 5961//5961
f 5961//5961 5958//5958 5962//5962
f 5961//5961 5962//5962 5963//5963
f 5963//5963 5962//5962 5964//5964
f 5963//5963 5964//5964 5965//5965
f 5965//5965 5964//5964 5966//5966
f 5965//5965 5966//5966 5967//5967
f 5968//5968 5969//5969 5135//5135
f 5135//5135 5969//5969 5136//5136
f 5135//5135 5143//5143 5970//5970
f 5971//5971 5972//5972 5973//5973
f 5974//5974 5970//5970 5975//5975
f 5974//5974 5975//5975 5976//5976
f 5137//5137 5136//5136 5952//5952
f 5952//5952 5136//5136 5969//5969
f 5966//5966 5977//5977 5967//5967
f 5967//5967 5977//5977 5978//5978
f 5967//5967 5978//5978 5979//5979
f 5980//5980 5981//5981 5982//5982
f 5983//5983 5976//5976 5984//5984
f 3527//3527 5960//5960 3528//3528
f 3528//3528 5960//5960 5961//5961
f 3528//3528 5961//5961 3530//3530
f 3530//3530 5961//5961 5985//5985
f 3530//3530 5985//5985 3531//3531
f 3531//3531 5986//5986 5987//5987
f 3531//3531 5987//5987 3542//3542
f 3542//3542 5988//5988 5989//5989
f 3542//3542 5989//5989 3526//3526
f 5990//5990 5991//5991 5992//5992
f 3526//3526 5993//5993 3525//3525
f 5994//5994 5995//5995 5996//5996
f 5997//5997 5998//5998 313//313
f 5999//5999 6000//6000 6001//6001
f 261//261 260//260 6002//6002
f 6002//6002 260//260 6003//6003
f 6002//6002 6004//6004 6005//6005
f 6006//6006 6007//6007 6004//6004
f 6004//6004 6007//6007 6008//6008
f 6004//6004 6008//6008 6005//6005
f 6009//6009 6010//6010 6006//6006
f 6006//6006 6010//6010 6011//6011
f 6006//6006 6011//6011 6007//6007
f 6000//6000 5999//5999 6006//6006
f 6006//6006 5999//5999 6012//6012
f 6006//6006 6012//6012 6009//6009
f 1861//1861 6001//6001 5145//5145
f 5145//5145 6001//6001 6013//6013
f 5145//5145 6013//6013 5143//5143
f 5976//5976 5975//5975 6014//6014
f 6013//6013 5975//5975 5970//5970
f 6013//6013 5970//5970 5143//5143
f 6014//6014 6015//6015 5976//5976
f 5976//5976 6015//6015 6016//6016
f 5976//5976 6016//6016 5984//5984
f 5998//5998 6017//6017 273//273
f 5998//5998 273//273 313//313
f 6001//6001 6000//6000 6013//6013
f 6014//6014 6000//6000 6006//6006
f 6014//6014 6006//6006 6015//6015
f 6015//6015 6006//6006 6004//6004
f 6015//6015 6004//6004 6016//6016
f 6017//6017 6003//6003 260//260
f 6017//6017 260//260 273//273
f 6018//6018 1800//1800 1798//1798
f 1801//1801 1800//1800 6019//6019
f 6019//6019 1800//1800 6018//6018
f 6019//6019 6018//6018 3464//3464
f 3478//3478 6020//6020 6022//6022
f 6022//6022 6020//6020 6023//6023
f 6022//6022 6023//6023 5199//5199
f 5199//5199 6023//6023 6024//6024
f 5199//5199 6024//6024 5197//5197
f 3461//3461 3458//3458 6025//6025
f 6025//6025 3458//3458 3460//3460
f 6025//6025 3460//3460 3478//3478
f 6026//6026 5201//5201 5200//5200
f 6026//6026 5200//5200 6027//6027
f 6027//6027 5200//5200 1801//1801
f 6027//6027 1801//1801 6019//6019
f 5199//5199 5201//5201 6022//6022
f 6022//6022 5201//5201 6026//6026
f 6022//6022 6026//6026 3462//3462
f 3462//3462 6026//6026 6027//6027
f 3462//3462 6027//6027 3463//3463
f 3463//3463 6027//6027 6019//6019
f 3463//3463 6019//6019 3464//3464
f 6023//6023 6020//6020 6028//6028
f 6029//6029 6030//6030 6031//6031
f 6030//6030 6029//6029 6032//6032
f 338//338 6033//6033 6034//6034
f 5196//5196 6035//6035 5189//5189
f 6036//6036 6037//6037 6038//6038
f 5189//5189 6039//6039 5188//5188
f 5196//5196 6040//6040 6035//6035
f 6041//6041 6042//6042 6043//6043
f 6044//6044 6045//6045 6046//6046
f 6032//6032 6047//6047 6033//6033
f 5197//5197 6024//6024 5198//5198
f 5198//5198 6024//6024 6048//6048
f 5198//5198 6048//6048 5193//5193
f 5193//5193 6048//6048 6049//6049
f 5193//5193 6049//6049 5192//5192
f 5192//5192 6049//6049 6050//6050
f 5192//5192 6050//6050 5190//5190
f 5190//5190 6050//6050 6051//6051
f 5190//5190 6051//6051 5194//5194
f 5194//5194 6051//6051 6040//6040
f 5194//5194 6040//6040 5195//5195
f 5195//5195 6040//6040 5196//5196
f 6024//6024 6023//6023 6048//6048
f 6048//6048 6023//6023 6028//6028
f 6048//6048 6028//6028 6049//6049
f 6049//6049 6028//6028 6052//6052
f 6049//6049 6052//6052 6053//6053
f 6053//6053 6052//6052 6054//6054
f 6053//6053 6054//6054 6055//6055
f 6055//6055 6054//6054 6056//6056
f 6055//6055 6056//6056 6057//6057
f 6057//6057 6056//6056 6058//6058
f 6057//6057 6058//6058 6059//6059
f 3468//3468 6060//6060 3469//3469
f 3469//3469 6060//6060 6061//6061
f 3470//3470 6062//6062 3471//3471
f 3471//3471 6062//6062 6063//6063
f 3471//3471 6064//6064 3472//3472
f 3472//3472 6064//6064 6065//6065
f 3472//3472 6065//6065 3473//3473
f 3473//3473 6065//6065 6066//6066
f 3473//3473 6066//6066 3474//3474
f 3474//3474 6066//6066 6067//6067
f 3474//3474 6067//6067 6068//6068
f 6068//6068 6067//6067 6021//6021
f 3477//3477 6020//6020 3478//3478
f 6030//6030 6032//6032 6069//6069
f 6070//6070 1869//1869 5186//5186
f 6071//6071 6072//6072 6073//6073
f 6074//6074 6075//6075 6076//6076
f 6071//6071 6073//6073 6077//6077
f 6075//6075 6078//6078 6076//6076
f 6076//6076 6078//6078 6079//6079
f 6076//6076 6079//6079 6080//6080
f 5188//5188 6039//6039 5186//5186
f 5186//5186 6039//6039 6081//6081
f 5186//5186 6081//6081 6070//6070
f 6070//6070 6081//6081 6082//6082
f 6070//6070 6082//6082 6083//6083
f 6083//6083 6082//6082 6084//6084
f 6039//6039 6030//6030 6081//6081
f 6081//6081 6030//6030 6069//6069
f 6081//6081 6069//6069 6082//6082
f 6082//6082 6069//6069 6076//6076
f 6082//6082 6076//6076 6084//6084
f 6084//6084 6076//6076 6080//6080
f 6032//6032 6033//6033 6069//6069
f 6069//6069 6033//6033 6085//6085
f 6069//6069 6085//6085 6076//6076
f 6076//6076 6085//6085 6073//6073
f 6076//6076 6073//6073 6074//6074
f 6074//6074 6073//6073 6072//6072
f 6033//6033 338//338 6085//6085
f 6085//6085 338//338 200//200
f 6085//6085 200//200 6073//6073
f 6073//6073 200//200 205//205
f 6073//6073 205//205 6077//6077
f 6077//6077 205//205 207//207
f 6086//6086 6087//6087 6088//6088
f 6089//6089 6090//6090 197//197
f 197//197 6090//6090 6091//6091
f 197//197 6091//6091 198//198
f 6092//6092 6093//6093 6094//6094
f 6089//6089 6093//6093 6095//6095
f 6089//6089 6095//6095 6090//6090
f 6096//6096 6097//6097 6092//6092
f 6092//6092 6097//6097 6098//6098
f 6092//6092 6098//6098 6093//6093
f 6087//6087 6086//6086 6092//6092
f 6092//6092 6086//6086 6099//6099
f 6092//6092 6099//6099 6096//6096
f 468//468 6088//6088 5179//5179
f 5179//5179 6088//6088 6100//6100
f 5179//5179 6100//6100 5177//5177
f 6101//6101 6103//6103 6100//6100
f 6100//6100 6103//6103 6104//6104
f 6100//6100 6104//6104 5177//5177
f 6105//6105 6106//6106 6102//6102
f 6102//6102 6106//6106 6107//6107
f 6102//6102 6107//6107 6108//6108
f 6109//6109 6110//6110 216//216
f 6109//6109 216//216 245//245
f 6088//6088 6087//6087 6100//6100
f 6105//6105 6087//6087 6092//6092
f 6105//6105 6092//6092 6106//6106
f 6106//6106 6092//6092 6094//6094
f 6106//6106 6094//6094 6107//6107
f 6110//6110 6089//6089 197//197
f 6110//6110 197//197 216//216
f 6111//6111 6112//6112 6113//6113
f 6112//6112 5180//5180 5176//5176
f 6111//6111 6114//6114 6115//6115
f 5170//5170 5177//5177 6104//6104
f 6112//6112 5176//5176 6113//6113
f 6113//6113 5176//5176 5175//5175
f 6113//6113 5175//5175 6116//6116
f 6116//6116 5175//5175 5173//5173
f 6116//6116 5173//5173 6117//6117
f 6117//6117 5173//5173 5172//5172
f 6117//6117 5172//5172 6118//6118
f 6118//6118 5172//5172 5171//5171
f 6118//6118 5171//5171 6119//6119
f 6119//6119 5171//5171 6120//6120
f 6119//6119 6120//6120 6121//6121
f 6122//6122 6123//6123 6124//6124
f 6125//6125 6104//6104 6103//6103
f 6102//6102 6108//6108 6126//6126
f 6103//6103 6101//6101 6125//6125
f 6127//6127 6128//6128 6129//6129
f 6130//6130 6131//6131 6132//6132
f 6132//6132 6131//6131 6133//6133
f 6132//6132 6133//6133 6134//6134
f 6134//6134 6133//6133 6135//6135
f 6134//6134 6135//6135 6136//6136
f 6136//6136 6135//6135 6137//6137
f 6136//6136 6137//6137 6138//6138
f 6138//6138 6137//6137 6139//6139
f 6138//6138 6139//6139 6114//6114
f 6114//6114 6139//6139 6140//6140
f 6114//6114 6140//6140 6115//6115
f 6115//6115 6140//6140 3375//3375
f 3375//3375 6140//6140 3376//3376
f 3376//3376 6140//6140 6139//6139
f 3376//3376 6139//6139 3370//3370
f 3370//3370 6139//6139 6141//6141
f 3370//3370 6141//6141 3364//3364
f 3364//3364 6142//6142 6143//6143
f 3364//3364 6143//6143 3365//3365
f 3365//3365 6144//6144 6145//6145
f 3365//3365 6145//6145 3368//3368
f 6146//6146 6147//6147 6148//6148
f 6146//6146 6148//6148 3367//3367
f 6149//6149 6150//6150 6151//6151
f 6152//6152 6109//6109 245//245
f 6153//6153 1815//1815 5182//5182
f 3378//3378 6153//6153 6154//6154
f 6153//6153 5182//5182 6154//6154
f 6154//6154 5182//5182 5183//5183
f 6154//6154 5183//5183 6155//6155
f 6155//6155 5183//5183 5184//5184
f 6155//6155 5184//5184 6156//6156
f 5184//5184 5180//5180 6112//6112
f 5184//5184 6112//6112 6156//6156
f 6156//6156 6112//6112 6111//6111
f 6156//6156 6111//6111 6115//6115
f 3378//3378 6154//6154 3372//3372
f 3372//3372 6154//6154 6155//6155
f 3372//3372 6155//6155 3373//3373
f 3373//3373 6155//6155 6156//6156
f 3373//3373 6156//6156 3374//3374
f 3374//3374 6156//6156 6115//6115
f 3374//3374 6115//6115 3375//3375
f 1816//1816 3379//3379 1812//1812
f 1816//1816 1815//1815 3379//3379
f 3379//3379 1815//1815 6153//6153
f 3379//3379 6153//6153 3378//3378
f 6157//6157 1831//1831 1829//1829
f 1832//1832 1831//1831 6158//6158
f 6158//6158 1831//1831 6157//6157
f 6158//6158 6157//6157 3451//3451
f 3430//3430 6159//6159 6160//6160
f 6160//6160 6159//6159 6161//6161
f 6160//6160 6161//6161 5166//5166
f 5166//5166 6161//6161 6162//6162
f 5166//5166 6162//6162 5164//5164
f 3449//3449 3447//3447 6160//6160
f 6163//6163 3448//3448 3444//3444
f 6163//6163 3444//3444 3430//3430
f 6164//6164 5168//5168 5167//5167
f 6164//6164 5167//5167 6165//6165
f 6165//6165 5167//5167 1832//1832
f 6165//6165 1832//1832 6158//6158
f 5166//5166 5168//5168 6160//6160
f 6160//6160 5168//5168 6164//6164
f 6160//6160 6164//6164 3449//3449
f 3449//3449 6164//6164 6165//6165
f 3449//3449 6165//6165 3450//3450
f 3450//3450 6165//6165 6158//6158
f 3450//3450 6158//6158 3451//3451
f 6161//6161 6159//6159 6166//6166
f 6167//6167 6168//6168 6169//6169
f 6168//6168 6167//6167 6170//6170
f 280//280 6172//6172 6173//6173
f 5163//5163 6174//6174 5156//5156
f 6175//6175 6176//6176 6177//6177
f 5156//5156 6178//6178 5155//5155
f 5163//5163 6179//6179 6174//6174
f 6180//6180 6181//6181 6182//6182
f 6183//6183 6184//6184 6185//6185
f 6170//6170 6186//6186 6171//6171
f 5164//5164 6162//6162 5165//5165
f 5165//5165 6162//6162 6187//6187
f 5165//5165 6187//6187 5160//5160
f 5160//5160 6187//6187 6188//6188
f 5160//5160 6188//6188 5159//5159
f 5159//5159 6188//6188 6189//6189
f 5159//5159 6189//6189 5157//5157
f 5157//5157 6189//6189 6190//6190
f 5157//5157 6190//6190 5161//5161
f 5161//5161 6190//6190 6179//6179
f 5161//5161 6179//6179 5162//5162
f 5162//5162 6179//6179 5163//5163
f 6162//6162 6161//6161 6187//6187
f 6187//6187 6161//6161 6191//6191
f 6187//6187 6191//6191 6188//6188
f 6188//6188 6191//6191 6192//6192
f 6188//6188 6192//6192 6193//6193
f 6193//6193 6192//6192 6194//6194
f 6193//6193 6194//6194 6195//6195
f 6195//6195 6194//6194 6196//6196
f 6195//6195 6196//6196 6197//6197
f 6197//6197 6196//6196 6198//6198
f 6197//6197 6198//6198 6199//6199
f 3438//3438 6200//6200 3439//3439
f 3439//3439 6200//6200 6201//6201
f 3440//3440 6202//6202 3441//3441
f 3441//3441 6202//6202 6203//6203
f 3441//3441 6204//6204 3442//3442
f 3442//3442 6204//6204 6205//6205
f 3442//3442 6205//6205 3443//3443
f 3443//3443 6205//6205 6206//6206
f 3443//3443 6206//6206 3437//3437
f 3437//3437 6206//6206 6166//6166
f 3437//3437 6166//6166 3433//3433
f 3433//3433 6166//6166 6159//6159
f 3433//3433 6159//6159 3430//3430
f 6168//6168 6170//6170 6207//6207
f 6208//6208 476//476 5152//5152
f 6209//6209 6210//6210 6211//6211
f 6212//6212 6213//6213 6214//6214
f 6212//6212 6214//6214 6215//6215
f 6213//6213 6216//6216 6214//6214
f 6214//6214 6216//6216 6217//6217
f 6214//6214 6217//6217 6218//6218
f 5155//5155 6178//6178 5152//5152
f 5152//5152 6178//6178 6219//6219
f 5152//5152 6219//6219 6208//6208
f 6208//6208 6219//6219 6220//6220
f 6208//6208 6220//6220 6221//6221
f 6221//6221 6220//6220 6222//6222
f 6178//6178 6168//6168 6219//6219
f 6219//6219 6168//6168 6207//6207
f 6219//6219 6207//6207 6220//6220
f 6220//6220 6207//6207 6214//6214
f 6220//6220 6214//6214 6222//6222
f 6222//6222 6214//6214 6218//6218
f 6170//6170 6171//6171 6207//6207
f 6207//6207 6171//6171 6223//6223
f 6207//6207 6223//6223 6214//6214
f 6214//6214 6223//6223 6211//6211
f 6214//6214 6211//6211 6215//6215
f 6215//6215 6211//6211 6210//6210
f 6172//6172 280//280 6224//6224
f 6224//6224 280//280 282//282
f 6224//6224 282//282 6211//6211
f 6211//6211 282//282 283//283
f 6211//6211 283//283 6209//6209
f 6209//6209 283//283 289//289
f 6225//6225 6071//6071 6077//6077
f 3156//3156 6226//6226 3163//3163
f 3163//3163 6226//6226 6227//6227
f 207//207 3165//3165 6228//6228
f 6228//6228 3165//3165 3160//3160
f 6228//6228 3160//3160 6227//6227
f 6227//6227 3160//3160 3162//3162
f 6227//6227 3162//3162 3163//3163
f 3111//3111 6229//6229 3112//3112
f 3112//3112 6226//6226 3156//3156
f 3112//3112 3156//3156 3109//3109
f 3111//3111 6230//6230 6229//6229
f 6226//6226 6232//6232 6233//6233
f 6226//6226 6233//6233 6227//6227
f 6234//6234 6235//6235 6236//6236
f 6227//6227 6237//6237 6228//6228
f 6228//6228 6225//6225 6077//6077
f 6228//6228 6077//6077 207//207
f 6072//6072 6071//6071 6238//6238
f 6238//6238 6071//6071 6225//6225
f 6238//6238 6236//6236 6239//6239
f 6239//6239 6236//6236 6235//6235
f 6239//6239 6235//6235 6240//6240
f 6240//6240 6235//6235 6231//6231
f 6240//6240 6230//6230 3110//3110
f 3110//3110 6230//6230 3111//3111
f 3206//3206 3211//3211 6241//6241
f 3214//3214 3213//3213 6242//6242
f 6243//6243 6244//6244 6084//6084
f 6084//6084 6244//6244 6083//6083
f 3212//3212 1866//1866 6245//6245
f 6245//6245 1866//1866 6246//6246
f 3213//3213 3212//3212 6242//6242
f 6242//6242 3212//3212 6245//6245
f 6242//6242 6245//6245 6247//6247
f 6247//6247 6245//6245 6246//6246
f 6247//6247 6246//6246 6248//6248
f 3210//3210 3214//3214 6249//6249
f 6249//6249 3214//3214 6242//6242
f 6249//6249 6242//6242 6250//6250
f 6250//6250 6242//6242 6247//6247
f 6250//6250 6247//6247 6243//6243
f 6243//6243 6247//6247 6248//6248
f 6243//6243 6248//6248 6244//6244
f 3211//3211 3210//3210 6241//6241
f 6241//6241 3210//3210 6249//6249
f 6241//6241 6249//6249 6251//6251
f 6251//6251 6249//6249 6250//6250
f 6251//6251 6250//6250 6252//6252
f 6252//6252 6250//6250 6243//6243
f 6252//6252 6243//6243 6080//6080
f 6080//6080 6243//6243 6084//6084
f 3207//3207 3206//3206 6253//6253
f 6253//6253 3206//3206 6241//6241
f 6254//6254 6241//6241 6255//6255
f 6255//6255 6241//6241 6251//6251
f 6255//6255 6251//6251 6256//6256
f 6256//6256 6251//6251 6252//6252
f 6256//6256 6252//6252 6079//6079
f 6079//6079 6252//6252 6080//6080
f 6075//6075 6074//6074 6257//6257
f 6257//6257 6074//6074 6258//6258
f 6260//6260 6258//6258 6261//6261
f 6078//6078 6075//6075 6262//6262
f 6262//6262 6075//6075 6257//6257
f 6263//6263 6259//6259 6264//6264
f 6264//6264 6259//6259 6265//6265
f 6266//6266 6261//6261 6267//6267
f 3208//3208 3207//3207 6268//6268
f 6268//6268 3207//3207 6253//6253
f 6267//6267 6254//6254 6266//6266
f 6266//6266 6254//6254 6255//6255
f 6264//6264 6255//6255 6263//6263
f 6263//6263 6255//6255 6256//6256
f 6263//6263 6256//6256 6078//6078
f 6078//6078 6256//6256 6079//6079
f 3110//3110 3208//3208 6240//6240
f 6240//6240 3208//3208 6267//6267
f 6240//6240 6267//6267 6239//6239
f 6239//6239 6267//6267 6261//6261
f 6239//6239 6261//6261 6238//6238
f 6238//6238 6261//6261 6258//6258
f 6238//6238 6258//6258 6072//6072
f 6072//6072 6258//6258 6074//6074
f 6070//6070 1868//1868 1869//1869
f 6070//6070 6083//6083 6244//6244
f 1866//1866 1868//1868 6246//6246
f 6246//6246 1868//1868 6070//6070
f 6246//6246 6070//6070 6248//6248
f 6248//6248 6070//6070 6244//6244
f 468//468 469//469 6088//6088
f 6088//6088 469//469 465//465
f 6088//6088 465//465 6269//6269
f 6269//6269 6270//6270 6088//6088
f 6088//6088 6270//6270 6271//6271
f 6088//6088 6271//6271 6086//6086
f 6270//6270 6269//6269 6272//6272
f 6273//6273 6274//6274 6275//6275
f 6086//6086 6276//6276 6099//6099
f 6099//6099 6276//6276 6277//6277
f 6099//6099 6277//6277 6096//6096
f 6096//6096 6277//6277 6278//6278
f 6096//6096 6278//6278 6097//6097
f 6097//6097 6278//6278 6279//6279
f 6097//6097 6279//6279 6098//6098
f 6098//6098 6279//6279 6275//6275
f 6098//6098 6275//6275 6093//6093
f 6093//6093 6275//6275 6280//6280
f 6093//6093 6280//6280 6095//6095
f 6086//6086 6271//6271 6276//6276
f 6276//6276 6271//6271 6281//6281
f 6276//6276 6281//6281 6277//6277
f 6277//6277 6281//6281 6282//6282
f 6277//6277 6282//6282 6278//6278
f 6278//6278 6282//6282 6283//6283
f 6278//6278 6283//6283 6279//6279
f 6279//6279 6283//6283 6284//6284
f 6279//6279 6284//6284 6275//6275
f 6275//6275 6284//6284 6285//6285
f 6275//6275 6285//6285 6273//6273
f 6286//6286 6287//6287 6288//6288
f 6271//6271 6270//6270 6281//6281
f 6281//6281 6270//6270 6272//6272
f 6281//6281 6272//6272 6282//6282
f 6282//6282 6272//6272 6289//6289
f 6282//6282 6289//6289 6283//6283
f 6283//6283 6289//6289 6290//6290
f 6283//6283 6290//6290 6284//6284
f 6284//6284 6290//6290 6291//6291
f 6284//6284 6293//6293 6285//6285
f 6287//6287 6292//6292 6294//6294
f 6287//6287 6294//6294 6288//6288
f 6295//6295 6296//6296 3095//3095
f 3095//3095 6296//6296 3225//3225
f 6297//6297 6298//6298 6299//6299
f 6297//6297 6299//6299 3222//3222
f 3221//3221 6291//6291 6290//6290
f 3221//3221 6290//6290 3220//3220
f 3220//3220 6290//6290 6289//6289
f 3220//3220 6289//6289 3217//3217
f 3217//3217 6289//6289 6272//6272
f 3217//3217 6272//6272 3215//3215
f 3215//3215 6272//6272 6269//6269
f 3215//3215 6269//6269 465//465
f 6300//6300 3098//3098 3099//3099
f 3193//3193 6301//6301 3195//3195
f 3195//3195 6301//6301 6302//6302
f 3203//3203 6303//6303 3200//3200
f 3200//3200 6303//6303 6304//6304
f 3198//3198 6305//6305 3094//3094
f 6090//6090 6306//6306 6091//6091
f 6091//6091 6306//6306 3192//3192
f 6091//6091 3192//3192 198//198
f 6090//6090 6307//6307 6306//6306
f 6301//6301 6309//6309 6310//6310
f 6301//6301 6310//6310 6302//6302
f 6311//6311 6312//6312 6314//6314
f 6303//6303 6313//6313 6304//6304
f 6305//6305 6300//6300 3099//3099
f 6305//6305 3099//3099 3094//3094
f 3095//3095 3098//3098 6295//6295
f 6295//6295 3098//3098 6300//6300
f 6288//6288 6314//6314 6286//6286
f 6286//6286 6314//6314 6312//6312
f 6273//6273 6315//6315 6274//6274
f 6274//6274 6315//6315 6308//6308
f 6280//6280 6307//6307 6095//6095
f 6095//6095 6307//6307 6090//6090
f 6316//6316 3056//3056 3048//3048
f 6317//6317 6318//6318 6320//6320
f 6320//6320 6318//6318 6321//6321
f 6322//6322 6323//6323 6324//6324
f 6324//6324 6323//6323 6326//6326
f 6325//6325 6327//6327 3047//3047
f 6209//6209 6328//6328 6210//6210
f 6210//6210 6318//6318 6317//6317
f 6210//6210 6317//6317 6215//6215
f 6209//6209 6330//6330 6328//6328
f 6318//6318 6329//6329 6331//6331
f 6318//6318 6331//6331 6321//6321
f 6323//6323 6332//6332 6333//6333
f 6323//6323 6333//6333 6326//6326
f 6327//6327 6316//6316 3048//3048
f 6327//6327 3048//3048 3047//3047
f 3058//3058 3056//3056 3183//3183
f 3183//3183 3056//3056 6333//6333
f 3183//3183 6333//6333 3185//3185
f 3185//3185 6333//6333 6332//6332
f 3185//3185 6332//6332 3187//3187
f 3187//3187 6332//6332 6330//6330
f 3187//3187 6330//6330 289//289
f 289//289 6330//6330 6209//6209
f 6319//6319 6325//6325 6334//6334
f 6335//6335 6336//6336 6337//6337
f 6215//6215 6338//6338 6212//6212
f 6212//6212 6338//6338 6339//6339
f 6212//6212 6339//6339 6213//6213
f 6213//6213 6339//6339 6340//6340
f 6213//6213 6340//6340 6216//6216
f 6216//6216 6340//6340 6341//6341
f 6216//6216 6341//6341 6217//6217
f 6217//6217 6341//6341 6342//6342
f 6217//6217 6342//6342 6218//6218
f 6218//6218 6342//6342 6337//6337
f 6218//6218 6337//6337 6222//6222
f 6222//6222 6337//6337 6336//6336
f 6222//6222 6336//6336 6221//6221
f 6215//6215 6317//6317 6338//6338
f 6338//6338 6317//6317 6343//6343
f 6338//6338 6343//6343 6344//6344
f 6344//6344 6343//6343 6346//6346
f 6344//6344 6346//6346 6347//6347
f 6340//6340 6345//6345 6348//6348
f 6340//6340 6348//6348 6341//6341
f 6341//6341 6348//6348 6349//6349
f 6341//6341 6349//6349 6342//6342
f 6342//6342 6349//6349 6350//6350
f 6342//6342 6350//6350 6337//6337
f 6337//6337 6350//6350 6351//6351
f 6337//6337 6351//6351 6335//6335
f 6335//6335 6351//6351 6352//6352
f 6317//6317 6320//6320 6343//6343
f 6343//6343 6320//6320 6353//6353
f 6343//6343 6353//6353 6354//6354
f 6354//6354 6353//6353 6356//6356
f 6354//6354 6356//6356 6357//6357
f 6348//6348 6355//6355 6358//6358
f 6348//6348 6358//6358 6349//6349
f 6349//6349 6358//6358 6359//6359
f 6349//6349 6359//6359 6350//6350
f 6350//6350 6359//6359 6360//6360
f 6350//6350 6360//6360 6351//6351
f 6351//6351 6360//6360 6361//6361
f 6351//6351 6361//6361 6352//6352
f 6352//6352 6361//6361 473//473
f 473//473 6361//6361 3235//3235
f 3235//3235 6361//6361 6360//6360
f 3235//3235 6360//6360 3234//3234
f 3234//3234 6360//6360 6359//6359
f 3234//3234 6359//6359 3232//3232
f 3232//3232 6359//6359 6358//6358
f 3232//3232 6358//6358 3230//3230
f 3230//3230 6358//6358 6355//6355
f 3230//3230 6355//6355 3229//3229
f 3229//3229 6355//6355 6334//6334
f 3229//3229 6334//6334 3227//3227
f 3227//3227 6334//6334 6325//6325
f 3227//3227 6325//6325 3047//3047
f 6208//6208 475//475 476//476
f 6208//6208 6221//6221 6336//6336
f 473//473 475//475 6352//6352
f 6352//6352 475//475 6208//6208
f 6352//6352 6208//6208 6335//6335
f 6335//6335 6208//6208 6336//6336
f 1861//1861 1862//1862 6001//6001
f 6001//6001 1862//1862 1857//1857
f 6001//6001 1857//1857 6362//6362
f 6362//6362 6363//6363 6001//6001
f 6001//6001 6363//6363 6364//6364
f 6001//6001 6364//6364 5999//5999
f 6363//6363 6362//6362 6365//6365
f 6366//6366 6367//6367 6368//6368
f 5999//5999 6369//6369 6012//6012
f 6012//6012 6369//6369 6370//6370
f 6012//6012 6370//6370 6009//6009
f 6009//6009 6370//6370 6371//6371
f 6009//6009 6371//6371 6010//6010
f 6010//6010 6371//6371 6372//6372
f 6010//6010 6372//6372 6011//6011
f 6011//6011 6372//6372 6368//6368
f 6011//6011 6368//6368 6007//6007
f 6007//6007 6368//6368 6373//6373
f 6007//6007 6373//6373 6008//6008
f 5999//5999 6364//6364 6369//6369
f 6369//6369 6364//6364 6374//6374
f 6369//6369 6374//6374 6370//6370
f 6370//6370 6374//6374 6375//6375
f 6370//6370 6375//6375 6371//6371
f 6371//6371 6375//6375 6376//6376
f 6371//6371 6376//6376 6372//6372
f 6372//6372 6376//6376 6377//6377
f 6372//6372 6377//6377 6368//6368
f 6368//6368 6377//6377 6378//6378
f 6368//6368 6378//6378 6366//6366
f 6379//6379 6380//6380 6381//6381
f 6364//6364 6363//6363 6374//6374
f 6374//6374 6363//6363 6365//6365
f 6374//6374 6365//6365 6375//6375
f 6375//6375 6365//6365 6382//6382
f 6375//6375 6382//6382 6376//6376
f 6376//6376 6382//6382 6383//6383
f 6376//6376 6383//6383 6377//6377
f 6377//6377 6383//6383 6384//6384
f 6377//6377 6386//6386 6378//6378
f 6380//6380 6385//6385 6387//6387
f 6380//6380 6387//6387 6381//6381
f 6388//6388 6389//6389 3077//3077
f 3077//3077 6389//6389 3247//3247
f 3246//3246 6390//6390 6391//6391
f 3246//3246 6391//6391 3243//3243
f 3242//3242 6384//6384 6383//6383
f 3242//3242 6383//6383 3241//3241
f 3241//3241 6383//6383 6382//6382
f 3241//3241 6382//6382 3238//3238
f 3238//3238 6382//6382 6365//6365
f 3238//3238 6365//6365 3236//3236
f 3236//3236 6365//6365 6362//6362
f 3236//3236 6362//6362 1857//1857
f 6392//6392 6002//6002 6005//6005
f 6381//6381 6393//6393 6379//6379
f 6379//6379 6393//6393 6394//6394
f 6366//6366 6395//6395 6367//6367
f 6367//6367 6395//6395 6396//6396
f 6373//6373 6397//6397 6008//6008
f 3073//3073 6398//6398 3076//3076
f 3076//3076 6398//6398 6388//6388
f 3076//3076 6388//6388 3077//3077
f 3073//3073 6399//6399 6398//6398
f 6393//6393 6400//6400 6402//6402
f 6393//6393 6402//6402 6394//6394
f 6403//6403 6404//6404 6405//6405
f 6395//6395 6406//6406 6396//6396
f 6397//6397 6392//6392 6005//6005
f 6397//6397 6005//6005 6008//6008
f 261//261 6002//6002 3169//3169
f 3169//3169 6002//6002 6392//6392
f 3170//3170 6405//6405 3172//3172
f 3172//3172 6405//6405 6404//6404
f 3180//3180 6407//6407 3177//3177
f 3177//3177 6407//6407 6401//6401
f 3175//3175 6399//6399 3072//3072
f 3072//3072 6399//6399 3073//3073
f 6411//6411 6412//6412 6414//6414
f 6415//6415 6416//6416 6419//6419
f 6417//6417 6420//6420 6410//6410
f 6418//6418 6409//6409 6422//6422
f 6421//6421 6408//6408 6413//6413
f 6424//6424 6427//6427 6429//6429
f 6430//6430 6431//6431 6432//6432
f 6432//6432 6431//6431 6425//6425
f 6433//6433 6426//6426 6434//6434
f 6435//6435 6423//6423 6428//6428
f 3120//3120 6436//6436 3121//3121
f 3121//3121 6436//6436 6437//6437
f 6438//6438 6439//6439 6415//6415
f 6415//6415 6439//6439 6440//6440
f 6415//6415 6440//6440 6416//6416
f 3066//3066 3065//3065 6441//6441
f 3066//3066 6441//6441 6442//6442
f 6442//6442 6441//6441 6431//6431
f 6442//6442 6431//6431 6430//6430
f 6443//6443 6444//6444 6445//6445
f 6446//6446 6448//6448 6449//6449
f 6451//6451 6447//6447 6453//6453
f 6450//6450 6452//6452 6454//6454
f 6454//6454 6452//6452 6455//6455
f 6454//6454 6455//6455 6456//6456
f 6457//6457 6459//6459 6460//6460
f 6460//6460 6459//6459 6461//6461
f 6460//6460 6461//6461 6462//6462
f 6462//6462 6461//6461 6463//6463
f 6462//6462 6463//6463 6443//6443
f 6443//6443 6463//6463 6444//6444
f 6454//6454 6456//6456 6464//6464
f 6464//6464 6456//6456 6465//6465
f 6464//6464 6465//6465 6466//6466
f 6466//6466 6465//6465 6467//6467
f 6468//6468 6469//6469 6458//6458
f 6457//6457 6470//6470 6459//6459
f 6471//6471 6472//6472 6467//6467
f 6467//6467 6472//6472 6466//6466
f 6469//6469 6468//6468 6473//6473
f 6469//6469 6473//6473 6474//6474
f 6474//6474 6473//6473 6475//6475
f 6474//6474 6475//6475 6476//6476
f 6476//6476 6475//6475 6477//6477
f 6476//6476 6477//6477 6478//6478
f 6479//6479 6480//6480 6481//6481
f 6479//6479 6481//6481 6482//6482
f 6482//6482 6481//6481 6484//6484
f 6482//6482 6484//6484 6485//6485
f 6483//6483 6486//6486 6487//6487
f 6487//6487 6486//6486 6489//6489
f 6487//6487 6489//6489 6490//6490
f 6488//6488 6491//6491 6492//6492
f 6492//6492 6491//6491 6472//6472
f 6492//6492 6472//6472 6471//6471
f 6478//6478 6477//6477 6493//6493
f 6493//6493 6477//6477 6494//6494
f 6493//6493 6494//6494 6495//6495
f 6496//6496 6497//6497 6498//6498
f 6498//6498 6497//6497 6480//6480
f 6498//6498 6480//6480 6479//6479
f 6495//6495 6494//6494 6499//6499
f 6499//6499 6494//6494 6500//6500
f 6500//6500 6501//6501 6499//6499
f 6499//6499 6501//6501 6502//6502
f 6499//6499 6502//6502 6503//6503
f 6506//6506 6507//6507 6508//6508
f 6508//6508 6507//6507 6509//6509
f 6508//6508 6509//6509 6510//6510
f 6511//6511 6503//6503 6502//6502
f 6512//6512 6513//6513 6514//6514
f 6512//6512 6514//6514 6515//6515
f 6515//6515 6514//6514 6516//6516
f 6515//6515 6516//6516 6517//6517
f 6517//6517 6516//6516 6518//6518
f 6517//6517 6518//6518 6519//6519
f 6519//6519 6518//6518 6497//6497
f 6519//6519 6497//6497 6496//6496
f 6520//6520 6521//6521 6505//6505
f 6504//6504 6522//6522 6523//6523
f 6525//6525 6526//6526 6512//6512
f 6512//6512 6526//6526 6513//6513
f 6527//6527 6528//6528 6530//6530
f 6530//6530 6528//6528 6531//6531
f 6529//6529 6532//6532 6533//6533
f 6533//6533 6532//6532 6534//6534
f 6533//6533 6534//6534 6520//6520
f 6520//6520 6534//6534 6521//6521
f 6526//6526 6525//6525 6535//6535
f 6536//6536 6524//6524 6537//6537
f 6536//6536 6537//6537 6538//6538
f 6538//6538 6537//6537 6539//6539
f 6540//6540 6528//6528 6527//6527
f 6541//6541 6542//6542 6543//6543
f 6543//6543 6542//6542 6544//6544
f 6543//6543 6544//6544 6527//6527
f 6527//6527 6544//6544 6545//6545
f 6527//6527 6545//6545 6540//6540
f 6539//6539 6546//6546 6538//6538
f 6538//6538 6546//6546 6547//6547
f 6538//6538 6547//6547 6548//6548
f 6548//6548 6547//6547 6549//6549
f 6548//6548 6549//6549 6550//6550
f 6551//6551 6552//6552 6553//6553
f 6553//6553 6552//6552 6554//6554
f 6553//6553 6554//6554 6556//6556
f 6543//6543 6555//6555 6541//6541
f 6557//6557 6558//6558 6559//6559
f 6557//6557 6559//6559 6560//6560
f 6560//6560 6559//6559 6561//6561
f 6560//6560 6561//6561 6562//6562
f 6562//6562 6561//6561 6563//6563
f 6562//6562 6563//6563 6564//6564
f 6564//6564 6563//6563 6548//6548
f 6564//6564 6548//6548 6550//6550
f 6565//6565 6566//6566 6551//6551
f 6551//6551 6566//6566 6552//6552
f 6557//6557 6567//6567 6558//6558
f 6558//6558 6567//6567 6568//6568
f 6558//6558 6568//6568 6569//6569
f 6569//6569 6568//6568 6570//6570
f 6569//6569 6570//6570 6571//6571
f 6566//6566 6565//6565 6572//6572
f 6566//6566 6572//6572 6574//6574
f 6573//6573 6575//6575 6577//6577
f 6573//6573 6577//6577 6578//6578
f 6576//6576 6579//6579 6580//6580
f 6580//6580 6579//6579 6581//6581
f 6580//6580 6581//6581 6582//6582
f 6569//6569 6571//6571 6583//6583
f 6583//6583 6571//6571 6584//6584
f 6583//6583 6584//6584 6585//6585
f 6585//6585 6584//6584 6586//6586
f 6582//6582 6581//6581 6587//6587
f 6587//6587 6581//6581 6588//6588
f 6587//6587 6588//6588 6589//6589
f 6590//6590 6591//6591 6586//6586
f 6586//6586 6591//6591 6585//6585
f 6589//6589 6588//6588 6592//6592
f 6589//6589 6592//6592 6593//6593
f 6593//6593 6592//6592 6594//6594
f 6593//6593 6594//6594 6595//6595
f 6595//6595 6594//6594 6591//6591
f 6595//6595 6591//6591 6590//6590
f 6596//6596 6597//6597 6598//6598
f 6598//6598 6597//6597 6599//6599
f 6598//6598 6599//6599 6601//6601
f 6601//6601 6599//6599 6602//6602
f 6600//6600 6603//6603 6604//6604
f 6604//6604 6603//6603 6605//6605
f 6604//6604 6605//6605 6606//6606
f 6606//6606 6605//6605 6607//6607
f 6606//6606 6607//6607 6608//6608
f 6608//6608 6607//6607 6609//6609
f 6608//6608 6609//6609 6610//6610
f 6610//6610 6609//6609 6611//6611
f 6610//6610 6611//6611 6612//6612
f 6612//6612 6611//6611 6613//6613
f 6612//6612 6613//6613 6614//6614
f 6614//6614 6613//6613 6615//6615
f 6614//6614 6615//6615 6616//6616
f 6616//6616 6615//6615 6617//6617
f 6616//6616 6617//6617 6618//6618
f 6618//6618 6617//6617 6619//6619
f 6618//6618 6619//6619 6620//6620
f 6620//6620 6619//6619 6621//6621
f 6620//6620 6621//6621 6622//6622
f 6622//6622 6621//6621 6623//6623
f 6622//6622 6623//6623 6624//6624
f 6624//6624 6623//6623 6625//6625
f 6624//6624 6625//6625 6626//6626
f 6626//6626 6625//6625 6627//6627
f 6626//6626 6627//6627 6628//6628
f 6628//6628 6627//6627 6629//6629
f 6628//6628 6629//6629 6630//6630
f 6630//6630 6629//6629 6631//6631
f 6630//6630 6631//6631 6632//6632
f 6632//6632 6631//6631 6633//6633
f 6632//6632 6633//6633 6634//6634
f 6634//6634 6633//6633 6635//6635
f 6634//6634 6635//6635 6636//6636
f 6636//6636 6635//6635 6637//6637
f 6636//6636 6637//6637 6638//6638
f 6638//6638 6637//6637 6639//6639
f 6638//6638 6639//6639 6641//6641
f 6641//6641 6639//6639 6642//6642
f 6640//6640 6643//6643 6644//6644
f 6644//6644 6643//6643 6645//6645
f 6644//6644 6645//6645 6647//6647
f 6646//6646 6648//6648 6649//6649
f 6646//6646 6649//6649 6596//6596
f 6596//6596 6649//6649 6597//6597
f 6650//6650 6651//6651 6652//6652
f 6653//6653 6654//6654 6655//6655
f 6656//6656 6657//6657 6658//6658
f 6658//6658 6657//6657 6659//6659
f 6660//6660 6661//6661 6662//6662
f 6663//6663 6664//6664 6665//6665
f 6663//6663 6665//6665 6666//6666
f 6667//6667 6668//6668 6669//6669
f 6670//6670 6671//6671 6672//6672
f 6672//6672 6671//6671 6673//6673
f 6674//6674 6675//6675 6676//6676
f 6677//6677 6678//6678 6679//6679
f 6677//6677 6679//6679 6680//6680
f 6681//6681 6682//6682 6683//6683
f 6683//6683 6682//6682 6684//6684
f 6685//6685 6686//6686 6687//6687
f 6688//6688 6689//6689 6690//6690
f 6690//6690 6689//6689 6691//6691
f 6692//6692 6693//6693 6694//6694
f 6695//6695 6696//6696 6697//6697
f 6698//6698 6699//6699 6700//6700
f 6700//6700 6699//6699 6701//6701
f 6702//6702 6703//6703 6704//6704
f 6705//6705 6706//6706 6707//6707
f 6705//6705 6707//6707 6708//6708
f 6709//6709 6710//6710 6711//6711
f 6711//6711 6710//6710 6712//6712
f 6713//6713 6714//6714 6715//6715
f 6716//6716 6717//6717 6718//6718
f 6718//6718 6717//6717 6719//6719
f 6720//6720 6721//6721 6722//6722
f 6723//6723 6724//6724 6725//6725
f 6726//6726 6727//6727 6728//6728
f 6728//6728 6727//6727 6729//6729
f 6730//6730 6731//6731 6732//6732
f 6733//6733 6734//6734 6735//6735
f 6733//6733 6735//6735 6736//6736
f 6737//6737 6738//6738 6739//6739
f 6740//6740 6741//6741 6742//6742
f 6742//6742 6741//6741 6743//6743
f 6744//6744 6745//6745 6746//6746
f 6747//6747 6748//6748 6749//6749
f 6747//6747 6749//6749 6750//6750
f 6751//6751 6752//6752 6753//6753
f 6753//6753 6752//6752 6754//6754
f 6755//6755 6756//6756 6757//6757
f 6758//6758 6759//6759 6760//6760
f 6760//6760 6759//6759 6761//6761
f 6762//6762 6763//6763 6764//6764
f 6765//6765 6766//6766 6767//6767
f 6767//6767 6766//6766 6768//6768
f 6769//6769 6770//6770 6771//6771
f 6772//6772 6773//6773 6774//6774
f 6775//6775 6776//6776 6777//6777
f 6777//6777 6776//6776 6778//6778
f 6779//6779 6780//6780 6781//6781
f 6782//6782 6783//6783 6784//6784
f 6782//6782 6784//6784 6785//6785
f 6786//6786 6787//6787 6788//6788
f 6789//6789 6790//6790 6791//6791
f 6791//6791 6790//6790 6792//6792
f 6793//6793 6794//6794 6795//6795
f 6796//6796 6797//6797 6798//6798
f 6796//6796 6798//6798 6799//6799
f 6800//6800 6801//6801 6802//6802
f 6802//6802 6801//6801 6803//6803
f 6804//6804 6805//6805 6806//6806
f 6807//6807 6808//6808 6809//6809
f 6807//6807 6809//6809 6810//6810
f 6811//6811 6812//6812 6813//6813
f 6814//6814 6815//6815 6816//6816
f 6816//6816 6815//6815 6817//6817
f 6818//6818 6819//6819 6820//6820
f 6821//6821 6822//6822 6823//6823
f 6824//6824 6825//6825 6826//6826
f 6826//6826 6825//6825 6827//6827
f 6828//6828 6829//6829 6830//6830
f 6831//6831 6832//6832 6833//6833
f 6831//6831 6833//6833 6834//6834
f 6835//6835 6836//6836 6837//6837
f 6838//6838 6839//6839 6840//6840
f 6840//6840 6839//6839 6841//6841
f 6842//6842 6843//6843 6844//6844
f 6845//6845 6846//6846 6847//6847
f 6845//6845 6847//6847 6848//6848
f 6849//6849 6850//6850 6851//6851
f 6852//6852 6853//6853 6854//6854
f 6854//6854 6853//6853 6855//6855
f 6856//6856 6857//6857 6858//6858
f 6859//6859 6860//6860 6861//6861
f 6859//6859 6861//6861 6862//6862
f 6863//6863 6864//6864 6865//6865
f 6866//6866 6867//6867 6868//6868
f 6868//6868 6867//6867 6869//6869
f 6868//6868 6869//6869 6865//6865
f 6865//6865 6869//6869 6870//6870
f 6865//6865 6870//6870 6863//6863
f 6863//6863 6871//6871 6864//6864
f 6864//6864 6871//6871 6872//6872
f 6864//6864 6872//6872 6873//6873
f 6873//6873 6872//6872 6874//6874
f 6873//6873 6874//6874 6875//6875
f 6874//6874 6876//6876 6875//6875
f 6875//6875 6876//6876 6877//6877
f 6875//6875 6877//6877 6878//6878
f 6877//6877 6879//6879 6878//6878
f 6878//6878 6879//6879 6880//6880
f 6878//6878 6880//6880 6881//6881
f 6881//6881 6880//6880 6882//6882
f 6881//6881 6882//6882 6883//6883
f 6882//6882 6884//6884 6883//6883
f 6883//6883 6884//6884 6885//6885
f 6883//6883 6885//6885 6886//6886
f 6885//6885 6887//6887 6886//6886
f 6886//6886 6887//6887 6888//6888
f 6886//6886 6888//6888 6889//6889
f 6888//6888 6890//6890 6889//6889
f 6889//6889 6890//6890 6891//6891
f 6889//6889 6891//6891 6892//6892
f 6891//6891 6893//6893 6892//6892
f 6892//6892 6893//6893 6894//6894
f 6892//6892 6894//6894 6895//6895
f 6894//6894 6896//6896 6895//6895
f 6895//6895 6896//6896 6897//6897
f 6895//6895 6897//6897 6898//6898
f 6897//6897 6899//6899 6898//6898
f 6898//6898 6899//6899 6900//6900
f 6901//6901 6902//6902 6903//6903
f 6904//6904 6905//6905 6906//6906
f 6906//6906 6905//6905 6907//6907
f 6908//6908 6909//6909 6910//6910
f 6911//6911 6912//6912 6913//6913
f 6913//6913 6912//6912 6914//6914
f 6915//6915 6916//6916 6917//6917
f 6918//6918 6919//6919 6920//6920
f 6920//6920 6919//6919 6921//6921
f 6922//6922 6923//6923 6924//6924
f 6925//6925 6926//6926 6927//6927
f 6927//6927 6926//6926 6928//6928
f 6929//6929 6930//6930 6931//6931
f 6932//6932 6933//6933 6934//6934
f 6934//6934 6933//6933 6935//6935
f 6936//6936 6937//6937 6938//6938
f 6939//6939 6940//6940 6941//6941
f 6941//6941 6940//6940 6942//6942
f 6943//6943 6944//6944 6945//6945
f 6946//6946 6947//6947 6948//6948
f 6948//6948 6947//6947 6949//6949
f 6950//6950 6951//6951 6952//6952
f 6953//6953 6954//6954 6955//6955
f 6953//6953 6955//6955 6956//6956

