mtllib material.mtl
usemtl Material-塑胶__2__034-material
v -0.06690400 -0.02046600 0.02168700
v -0.06639400 -0.02046600 0.02308700
v -0.06689200 -0.02046000 0.02171900
v -0.06689200 -0.02046000 0.02171900
v -0.06639400 -0.02046600 0.02308700
v -0.06639400 -0.02046600 0.02308700
v -0.06639400 -0.02046600 0.02308700
v -0.06639400 -0.02046600 0.02308700
v -0.06682400 -0.02037400 0.02190600
v -0.06682400 -0.02037400 0.02190600
v -0.06698300 0.04212800 0.02116100
v -0.06693300 0.04232100 0.02129500
v -0.06742400 0.04243200 0.01994600
v -0.06685900 0.04242500 0.02149800
v -0.06684500 0.04243200 0.02153700
v -0.06672400 0.04234000 0.02187000
v -0.06629400 0.04243200 0.02305000
v -0.06679200 0.04242600 0.02168300
v -0.06680400 0.04243200 0.02165100
v -0.06768300 0.02351400 0.01932800
v -0.06768300 0.02351400 0.01932800
v -0.06774500 0.02363000 0.01915800
v -0.06774500 0.02363000 0.01915800
v -0.06783000 0.02278300 0.01892700
v -0.06783000 0.02278300 0.01892700
v -0.06783000 0.02278300 0.01892700
v -0.06783000 0.02278300 0.01892700
v -0.06783000 0.02278300 0.01892700
v -0.06783000 0.02278300 0.01892700
v -0.06783000 0.02278300 0.01892700
v -0.06752400 -0.02046600 0.01998200
v -0.06694500 -0.02046600 0.02157300
v -0.06695900 -0.02045900 0.02153400
v -0.06459400 0.01438300 0.02785900
v -0.06459400 0.01438300 0.02785900
v -0.06245400 0.00560800 0.03378400
v -0.06245400 0.00560800 0.03378400
v -0.06245400 0.00560800 0.03378400
v -0.06245400 0.00560800 0.03378400
v -0.06245400 0.00560800 0.03378400
v -0.06458100 0.02278300 0.02785400
v -0.06458100 0.02278300 0.02785400
v -0.06458100 0.02278300 0.02785400
v -0.06458100 0.02278300 0.02785400
v -0.06458100 0.02278300 0.02785400
v -0.06458100 0.02278300 0.02785400
v -0.06458100 0.02278300 0.02785400
v -0.06458100 0.02278300 0.02785400
v -0.06458100 0.02278300 0.02785400
v -0.06239700 0.04098300 0.03376400
v -0.06629700 0.04098300 0.02305100
v -0.06669300 0.02381000 0.02204500
v -0.06669300 0.02381000 0.02204500
v -0.06668300 0.02398300 0.02207400
v -0.06668300 0.02398300 0.02207400
v -0.06665400 0.04193500 0.02206400
v -0.06667000 0.04214700 0.02202000
v -0.06778400 0.02381000 0.01904900
v -0.06778400 0.02381000 0.01904900
v -0.06779400 0.02398300 0.01902000
v -0.06779400 0.02398300 0.01902000
v -0.06779900 0.04243200 0.01891600
v -0.06776500 0.04236900 0.01901000
v -0.06776400 0.04243200 0.01901300
v -0.06782100 0.00031000 0.01906300
v -0.06782100 0.00031000 0.01906300
v -0.06783500 -0.00201700 0.01903500
v -0.06783500 -0.00201700 0.01903500
v -0.06783500 -0.00201700 0.01903500
v -0.06783500 -0.00201700 0.01903500
v -0.06783500 -0.00201700 0.01903500
v -0.06778200 0.00013000 0.01917200
v -0.06778200 0.00013000 0.01917200
v -0.06778200 0.00013000 0.01917200
v -0.06778200 0.00013000 0.01917200
v -0.06778200 0.00013000 0.01917200
v -0.06782500 -0.00184400 0.01906400
v -0.06782500 -0.00184400 0.01906400
v -0.06760200 0.00001400 0.01966700
v -0.06760200 0.00001400 0.01966700
v -0.06760200 0.00001400 0.01966700
v -0.06760200 0.00001400 0.01966700
v -0.06701500 -0.00166300 0.02128700
v -0.06701500 -0.00166300 0.02128700
v -0.06701500 -0.00166300 0.02128700
v -0.06701500 -0.00166300 0.02128700
v -0.06701500 -0.00166300 0.02128700
v -0.06701500 -0.00166300 0.02128700
v -0.06754000 0.00013000 0.01983600
v -0.06754000 0.00013000 0.01983600
v -0.06754000 0.00013000 0.01983600
v -0.06754000 0.00013000 0.01983600
v -0.06754000 0.00013000 0.01983600
v -0.06695300 -0.00154800 0.02145700
v -0.06695300 -0.00154800 0.02145700
v -0.06695300 -0.00154800 0.02145700
v -0.06695300 -0.00154800 0.02145700
v -0.06780900 0.01438300 0.01902600
v -0.06784400 0.01438300 0.01893200
v -0.06784400 0.01438300 0.01893200
v -0.06783200 0.00048300 0.01903400
v -0.06783200 0.00048300 0.01903400
v -0.06783200 0.00048300 0.01903400
v -0.06783200 0.00048300 0.01903400
v -0.06789900 -0.02046500 0.01895200
v -0.06789900 -0.02046500 0.01895200
v -0.06789900 -0.02046500 0.01895200
v -0.06750000 0.00031000 0.01994500
v -0.06750000 0.00031000 0.01994500
v -0.06750000 0.00031000 0.01994500
v -0.06750000 0.00031000 0.01994500
v -0.06701200 0.00013000 0.02128600
v -0.06701200 0.00013000 0.02128600
v -0.06701200 0.00013000 0.02128600
v -0.06673300 0.02363000 0.02193700
v -0.06673300 0.02363000 0.02193700
v -0.06679500 0.02351400 0.02176700
v -0.06679500 0.02351400 0.02176700
v -0.06685400 0.02348300 0.02160500
v -0.06685400 0.02348300 0.02160500
v -0.06685400 0.02348300 0.02160500
v -0.06778500 -0.00166300 0.01917300
v -0.06778500 -0.00166300 0.01917300
v -0.06772300 -0.00154800 0.01934200
v -0.06772300 -0.00154800 0.01934200
v -0.06772300 -0.00154800 0.01934200
v -0.06772300 -0.00154800 0.01934200
v -0.06772000 0.00001400 0.01934100
v -0.06772000 0.00001400 0.01934100
v -0.06786500 -0.02040200 0.01904600
v -0.06786500 -0.02040200 0.01904600
v -0.06789900 -0.02046500 0.01895200
v -0.06786300 -0.02046600 0.01905000
v -0.06750300 0.02363000 0.01982300
v -0.06750300 0.02363000 0.01982300
v -0.06750300 0.02363000 0.01982300
v -0.06750300 0.02363000 0.01982300
v -0.06750300 0.02363000 0.01982300
v -0.06756500 0.02351400 0.01965300
v -0.06756500 0.02351400 0.01965300
v -0.06756500 0.02351400 0.01965300
v -0.06762400 0.02348300 0.01949000
v -0.06762400 0.02348300 0.01949000
v -0.06691400 0.02351400 0.02144200
v -0.06691400 0.02351400 0.02144200
v -0.06697500 0.02363000 0.02127200
v -0.06697500 0.02363000 0.02127200
v -0.06697500 0.02363000 0.02127200
v -0.06746300 0.02381000 0.01993100
v -0.06746300 0.02381000 0.01993100
v -0.06746300 0.02381000 0.01993100
v -0.06746300 0.02381000 0.01993100
v -0.06701400 0.02381000 0.02116400
v -0.06701400 0.02381000 0.02116400
v -0.06702500 0.02398300 0.02113500
v -0.06702500 0.02398300 0.02113500
v -0.06702500 0.02398300 0.02113500
v -0.06702500 0.02398300 0.02113500
v -0.06669800 0.01438300 0.02208000
v -0.06669800 0.01438300 0.02208000
v -0.06672000 0.00048300 0.02208800
v -0.06672000 0.00048300 0.02208800
v -0.06249300 -0.01901700 0.03379800
v -0.06673100 0.00031000 0.02205900
v -0.06677100 0.00013000 0.02195100
v -0.06677100 0.00013000 0.02195100
v -0.06677100 0.00013000 0.02195100
v -0.06673400 -0.00184400 0.02206000
v -0.06673400 -0.00184400 0.02206000
v -0.06672400 -0.00201700 0.02208900
v -0.06639200 -0.01901700 0.02308600
v -0.06675200 -0.01996900 0.02210000
v -0.06675200 -0.01996900 0.02210000
v -0.06676900 -0.02018100 0.02205600
v -0.06676900 -0.02018100 0.02205600
v -0.06699600 0.04193500 0.02112400
v -0.06699600 0.04193500 0.02112400
v -0.06742300 0.04236900 0.01994900
v -0.06742300 0.04236900 0.01994900
v -0.06742300 0.04236900 0.01994900
v -0.06745200 0.02398300 0.01996000
v -0.06745200 0.02398300 0.01996000
v -0.06766100 -0.00001700 0.01950400
v -0.06766100 -0.00001700 0.01950400
v -0.06766100 -0.00001700 0.01950400
v -0.06766400 -0.00151700 0.01950500
v -0.06766400 -0.00151700 0.01950500
v -0.06766400 -0.00151700 0.01950500
v -0.06760500 -0.00154800 0.01966800
v -0.06760500 -0.00154800 0.01966800
v -0.06760500 -0.00154800 0.01966800
v -0.06754300 -0.00166300 0.01983700
v -0.06754300 -0.00166300 0.01983700
v -0.06750400 -0.00184400 0.01994600
v -0.06750400 -0.00184400 0.01994600
v -0.06750400 -0.00184400 0.01994600
v -0.06750400 -0.00184400 0.01994600
v -0.06703300 -0.02035500 0.02133100
v -0.06708200 -0.02016200 0.02119700
v -0.06708200 -0.02016200 0.02119700
v -0.06752300 -0.02040200 0.01998600
v -0.06752300 -0.02040200 0.01998600
v -0.06752300 -0.02040200 0.01998600
v -0.06709400 -0.01996900 0.02116000
v -0.06709400 -0.01996900 0.02116000
v -0.06709400 -0.01996900 0.02116000
v -0.06749300 -0.00201700 0.01997500
v -0.06749300 -0.00201700 0.01997500
v -0.06749300 -0.00201700 0.01997500
v -0.06706600 -0.00201700 0.02115000
v -0.06706600 -0.00201700 0.02115000
v -0.06706600 -0.00201700 0.02115000
v -0.06705500 -0.00184400 0.02117900
v -0.06705500 -0.00184400 0.02117900
v -0.06706200 0.00048300 0.02114800
v -0.06706200 0.00048300 0.02114800
v -0.06706200 0.00048300 0.02114800
v -0.06706200 0.00048300 0.02114800
v -0.06704000 0.01438300 0.02114000
v -0.06746700 0.01438300 0.01996600
v -0.06746700 0.01438300 0.01996600
v -0.06695100 0.00001400 0.02145600
v -0.06695100 0.00001400 0.02145600
v -0.06695100 0.00001400 0.02145600
v -0.06689200 -0.00001700 0.02161800
v -0.06689200 -0.00001700 0.02161800
v -0.06689200 -0.00001700 0.02161800
v -0.06689400 -0.00151700 0.02161900
v -0.06689400 -0.00151700 0.02161900
v -0.06689400 -0.00151700 0.02161900
v -0.06683300 0.00001400 0.02178100
v -0.06683300 0.00001400 0.02178100
v -0.06683300 0.00001400 0.02178100
v -0.06683500 -0.00154800 0.02178200
v -0.06683500 -0.00154800 0.02178200
v -0.06683500 -0.00154800 0.02178200
v -0.06677100 0.00013000 0.02195100
v -0.06677300 -0.00166300 0.02195200
v -0.06677300 -0.00166300 0.02195200
v -0.06705200 0.00031000 0.02117700
v -0.06705200 0.00031000 0.02117700
v -0.06749000 0.00048300 0.01997400
v -0.06749000 0.00048300 0.01997400
v -0.06481800 0.04779300 0.03656000
v -0.06476900 0.04779100 0.03654200
v -0.07223800 0.05111600 0.01904100
v -0.08506500 0.04611100 0.02371000
v -0.08611100 0.04488500 0.02409100
v -0.08011000 0.04048200 0.04212600
v -0.06561800 -0.02040600 0.01790900
v -0.06561800 -0.02040600 0.01790900
v -0.06561800 -0.02040600 0.01790900
v -0.06561800 -0.02040600 0.01790900
v -0.06602700 -0.01941200 0.01678100
v -0.06602700 -0.01941200 0.01678100
v -0.06601200 -0.01022500 0.01677500
v -0.06601200 -0.01022500 0.01677500
v -0.06601200 -0.01022500 0.01677500
v -0.06601200 -0.01022500 0.01677500
v -0.08784600 0.02181200 0.02605600
v -0.08798500 0.03153500 0.02477300
v -0.08787000 0.02152500 0.02600800
v -0.08834200 0.01796900 0.02490300
v -0.08793300 0.01790700 0.02603100
v -0.08671300 0.02227200 0.02913700
v -0.08671300 0.02227200 0.02913700
v -0.08671300 0.02227200 0.02913700
v -0.08671300 0.02227200 0.02913700
v -0.08671300 0.02227200 0.02913700
v -0.08652100 0.02373900 0.02955800
v -0.08652100 0.02373900 0.02955800
v -0.08652100 0.02373900 0.02955800
v -0.08658000 0.02348800 0.02941500
v -0.08658000 0.02348800 0.02941500
v -0.08697600 0.02216800 0.02842100
v -0.08697600 0.02216800 0.02842100
v -0.08688400 0.02229600 0.02866500
v -0.08688400 0.02229600 0.02866500
v -0.08688400 0.02229600 0.02866500
v -0.08688400 0.02229600 0.02866500
v -0.08688400 0.02229600 0.02866500
v -0.08735000 0.02348800 0.02730000
v -0.08735000 0.02348800 0.02730000
v -0.08735000 0.02348800 0.02730000
v -0.08735000 0.02348800 0.02730000
v -0.08707600 0.02181200 0.02817000
v -0.08707600 0.02181200 0.02817000
v -0.08707600 0.02181200 0.02817000
v -0.08707600 0.02181200 0.02817000
v -0.08707600 0.02181200 0.02817000
v -0.08707600 0.02181200 0.02817000
v -0.08701800 0.02206300 0.02831300
v -0.08701800 0.02206300 0.02831300
v -0.08701800 0.02206300 0.02831300
v -0.08701800 0.02206300 0.02831300
v -0.08748400 0.02325600 0.02694900
v -0.08748400 0.02325600 0.02694900
v -0.08748400 0.02325600 0.02694900
v -0.08729100 0.02373900 0.02744300
v -0.08729100 0.02373900 0.02744300
v -0.08729100 0.02373900 0.02744300
v -0.08729100 0.02373900 0.02744300
v -0.08729100 0.02373900 0.02744300
v -0.08729100 0.02373900 0.02744300
v -0.08739200 0.02338400 0.02719300
v -0.08739200 0.02338400 0.02719300
v -0.08662200 0.02338400 0.02930700
v -0.08662200 0.02338400 0.02930700
v -0.08671400 0.02325600 0.02906300
v -0.08671400 0.02325600 0.02906300
v -0.08671400 0.02325600 0.02906300
v -0.08681000 0.02232600 0.02886800
v -0.08681000 0.02232600 0.02886800
v -0.08681000 0.02232600 0.02886800
v -0.08678900 0.02322600 0.02886000
v -0.08678900 0.02322600 0.02886000
v -0.08678900 0.02322600 0.02886000
v -0.08688600 0.02327900 0.02859100
v -0.08688600 0.02327900 0.02859100
v -0.08688600 0.02327900 0.02859100
v -0.08696800 0.02343300 0.02835400
v -0.08696800 0.02343300 0.02835400
v -0.08740000 0.02211800 0.02726000
v -0.08740000 0.02211800 0.02726000
v -0.08748200 0.02227200 0.02702300
v -0.08748200 0.02227200 0.02702300
v -0.08748200 0.02227200 0.02702300
v -0.08748400 0.02325600 0.02694900
v -0.08748400 0.02325600 0.02694900
v -0.08757900 0.02232600 0.02675400
v -0.08757900 0.02232600 0.02675400
v -0.08757900 0.02232600 0.02675400
v -0.08755900 0.02322600 0.02674600
v -0.08755900 0.02322600 0.02674600
v -0.08755900 0.02322600 0.02674600
v -0.08765400 0.02229600 0.02655100
v -0.08765400 0.02229600 0.02655100
v -0.08765400 0.02229600 0.02655100
v -0.08765500 0.02327900 0.02647700
v -0.08765500 0.02327900 0.02647700
v -0.08765500 0.02327900 0.02647700
v -0.08765500 0.02327900 0.02647700
v -0.08765500 0.02327900 0.02647700
v -0.08774600 0.02216800 0.02630700
v -0.08774600 0.02216800 0.02630700
v -0.08778800 0.02206300 0.02619900
v -0.08778800 0.02206300 0.02619900
v -0.08784600 0.02181200 0.02605600
v -0.08784600 0.02181200 0.02605600
v -0.08784600 0.02181200 0.02605600
v -0.08773800 0.02343300 0.02624000
v -0.08773800 0.02343300 0.02624000
v -0.08777100 0.02355200 0.02613800
v -0.08777100 0.02355200 0.02613800
v -0.08780800 0.02381300 0.02601600
v -0.08781300 0.02402600 0.02598700
v -0.08778000 0.02527200 0.02597600
v -0.08663000 0.02211800 0.02937400
v -0.08663000 0.02211800 0.02937400
v -0.08659600 0.02200000 0.02947600
v -0.08659600 0.02200000 0.02947600
v -0.08182400 0.01927700 0.04275000
v -0.08182400 0.01927700 0.04275000
v -0.08182400 0.01927700 0.04275000
v -0.08182400 0.01927700 0.04275000
v -0.08655800 0.02173800 0.02959700
v -0.08655800 0.02173800 0.02959700
v -0.08655300 0.02152500 0.02962600
v -0.08655300 0.02152500 0.02962600
v -0.08649600 0.02402600 0.02960500
v -0.08162800 0.02749100 0.04267900
v -0.08619500 0.03305100 0.02949600
v -0.08143900 0.03276700 0.04261000
v -0.08599900 0.03738100 0.02942400
v -0.08132500 0.03541300 0.04256800
v -0.08126900 0.03660200 0.04254800
v -0.08585200 0.03998200 0.02937400
v -0.08102100 0.03827700 0.04245700
v -0.08564700 0.04113300 0.02930900
v -0.08548200 0.04170200 0.02925400
v -0.08066700 0.03935800 0.04232900
v -0.08534800 0.04208100 0.02920800
v -0.08596800 0.04321700 0.02663800
v -0.08534200 0.04290400 0.02832700
v -0.08526900 0.04289100 0.02849500
v -0.08596800 0.04321700 0.02663800
v -0.08596800 0.04321700 0.02663800
v -0.08526900 0.04289100 0.02849500
v -0.08011000 0.04048200 0.04212600
v -0.08011000 0.04048200 0.04212600
v -0.08526900 0.04289100 0.02849500
v -0.08520500 0.04278600 0.02875500
v -0.08025900 0.04022100 0.04218000
v -0.08520400 0.04259700 0.02897500
v -0.08525600 0.04235300 0.02913000
v -0.08674400 0.03302000 0.02799300
v -0.08654900 0.03732400 0.02792200
v -0.08675300 0.03769800 0.02730400
v -0.08648700 0.03856000 0.02789900
v -0.08667800 0.03917500 0.02727700
v -0.08639200 0.04022100 0.02786700
v -0.08657100 0.04067100 0.02724300
v -0.08638700 0.04026700 0.02786600
v -0.08639200 0.04160300 0.02718600
v -0.08617200 0.04148600 0.02779800
v -0.08610700 0.04251200 0.02709000
v -0.08600100 0.04206800 0.02774100
v -0.08601700 0.04278500 0.02701300
v -0.08584700 0.04241600 0.02776600
v -0.08596700 0.04302900 0.02685700
v -0.08564400 0.04270000 0.02791400
v -0.08543400 0.04287400 0.02816900
v -0.08700200 0.02355200 0.02825200
v -0.08700200 0.02355200 0.02825200
v -0.08703900 0.02381300 0.02813100
v -0.08703900 0.02381300 0.02813100
v -0.08703900 0.02381300 0.02813100
v -0.08726600 0.02402600 0.02749100
v -0.08726600 0.02402600 0.02749100
v -0.08704300 0.02402600 0.02810200
v -0.08709200 0.02976700 0.02742700
v -0.08695700 0.03326600 0.02737800
v -0.08660600 0.04284800 0.02564800
v -0.08640600 0.04313200 0.02579700
v -0.08682000 0.04363500 0.02434900
v -0.08619700 0.04330500 0.02605200
v -0.08637500 0.04447800 0.02418700
v -0.08610500 0.04333500 0.02621000
v -0.08603300 0.04332200 0.02637800
v -0.08675900 0.04250000 0.02562200
v -0.08724200 0.04249300 0.02450200
v -0.08691000 0.04198100 0.02567300
v -0.08755000 0.04077000 0.02461500
v -0.08713700 0.04069500 0.02574400
v -0.08757500 0.04034200 0.02462400
v -0.08723400 0.03901600 0.02577700
v -0.08763100 0.02999100 0.02592100
v -0.08745200 0.03448100 0.02585600
v -0.08734800 0.03674900 0.02581800
v -0.08708400 -0.00198800 0.02811700
v -0.08708400 -0.00198800 0.02811700
v -0.08708400 -0.00198800 0.02811700
v -0.08708400 -0.00198800 0.02811700
v -0.08707200 -0.00170100 0.02816900
v -0.08707200 -0.00170100 0.02816900
v -0.08707200 -0.00170100 0.02816900
v -0.08707200 -0.00170100 0.02816900
v -0.08707200 -0.00170100 0.02816900
v -0.08707200 -0.00170100 0.02816900
v -0.08732100 -0.00177500 0.02748000
v -0.08732100 -0.00177500 0.02748000
v -0.08732100 -0.00177500 0.02748000
v -0.08737000 -0.00151400 0.02736300
v -0.08737000 -0.00151400 0.02736300
v -0.08745500 -0.00013000 0.02721600
v -0.08745500 -0.00013000 0.02721600
v -0.08754200 -0.00025800 0.02697000
v -0.08754200 -0.00025800 0.02697000
v -0.08754200 -0.00025800 0.02697000
v -0.08754200 -0.00025800 0.02697000
v -0.08754200 -0.00025800 0.02697000
v -0.08702500 -0.00145000 0.02831600
v -0.08702500 -0.00145000 0.02831600
v -0.08702500 -0.00145000 0.02831600
v -0.08702500 -0.00145000 0.02831600
v -0.08736900 0.00022600 0.02747200
v -0.08736900 0.00022600 0.02747200
v -0.08736900 0.00022600 0.02747200
v -0.08736900 0.00022600 0.02747200
v -0.08736900 0.00022600 0.02747200
v -0.08736900 0.00022600 0.02747200
v -0.08741700 -0.00002500 0.02732500
v -0.08741700 -0.00002500 0.02732500
v -0.08741700 -0.00002500 0.02732500
v -0.08741700 -0.00002500 0.02732500
v -0.08690100 -0.00121800 0.02867100
v -0.08690100 -0.00121800 0.02867100
v -0.08690100 -0.00121800 0.02867100
v -0.08698800 -0.00134600 0.02842500
v -0.08698800 -0.00134600 0.02842500
v -0.08779500 -0.00145000 0.02620200
v -0.08779500 -0.00145000 0.02620200
v -0.08775700 -0.00134600 0.02631100
v -0.08775700 -0.00134600 0.02631100
v -0.08771400 -0.00023400 0.02649800
v -0.08771400 -0.00023400 0.02649800
v -0.08771400 -0.00023400 0.02649800
v -0.08771400 -0.00023400 0.02649800
v -0.08767100 -0.00121800 0.02655700
v -0.08767100 -0.00121800 0.02655700
v -0.08767100 -0.00121800 0.02655700
v -0.08761500 -0.00028700 0.02676700
v -0.08761500 -0.00028700 0.02676700
v -0.08761500 -0.00028700 0.02676700
v -0.08759800 -0.00118800 0.02676000
v -0.08759800 -0.00118800 0.02676000
v -0.08759800 -0.00118800 0.02676000
v -0.08749800 -0.00124100 0.02702900
v -0.08749800 -0.00124100 0.02702900
v -0.08749800 -0.00124100 0.02702900
v -0.08740900 -0.00139500 0.02726300
v -0.08740900 -0.00139500 0.02726300
v -0.08672900 -0.00124100 0.02914300
v -0.08672900 -0.00124100 0.02914300
v -0.08672900 -0.00124100 0.02914300
v -0.08672900 -0.00124100 0.02914300
v -0.08672900 -0.00124100 0.02914300
v -0.08659900 0.00022600 0.02958600
v -0.08659900 0.00022600 0.02958600
v -0.08659900 0.00022600 0.02958600
v -0.08664800 -0.00002500 0.02943900
v -0.08664800 -0.00002500 0.02943900
v -0.08703300 -0.00008000 0.02837800
v -0.08703300 -0.00008000 0.02837800
v -0.08694400 -0.00023400 0.02861200
v -0.08694400 -0.00023400 0.02861200
v -0.08694400 -0.00023400 0.02861200
v -0.08690100 -0.00121800 0.02867100
v -0.08690100 -0.00121800 0.02867100
v -0.08684600 -0.00028700 0.02888100
v -0.08684600 -0.00028700 0.02888100
v -0.08684600 -0.00028700 0.02888100
v -0.08682800 -0.00118800 0.02887400
v -0.08682800 -0.00118800 0.02887400
v -0.08682800 -0.00118800 0.02887400
v -0.08677200 -0.00025800 0.02908400
v -0.08677200 -0.00025800 0.02908400
v -0.08677200 -0.00025800 0.02908400
v -0.08668500 -0.00013000 0.02933000
v -0.08668500 -0.00013000 0.02933000
v -0.08664000 -0.00139500 0.02937800
v -0.08664000 -0.00139500 0.02937800
v -0.08664000 -0.00139500 0.02937800
v -0.08660100 -0.00151400 0.02947700
v -0.08660100 -0.00151400 0.02947700
v -0.08171900 -0.00400200 0.04271200
v -0.08171900 -0.00400200 0.04271200
v -0.08171900 -0.00400200 0.04271200
v -0.08171900 -0.00400200 0.04271200
v -0.08171900 -0.00400200 0.04271200
v -0.08655200 -0.00177500 0.02959500
v -0.08655200 -0.00177500 0.02959500
v -0.08653700 -0.00198800 0.02962000
v -0.08653700 -0.00198800 0.02962000
v -0.08784200 0.00003800 0.02616400
v -0.08789000 0.00030000 0.02604600
v -0.08784200 -0.00170100 0.02605500
v -0.08780300 -0.00008000 0.02626300
v -0.08658600 0.00051300 0.02963800
v -0.08184000 0.00202200 0.04275600
v -0.08665400 0.00595100 0.02966300
v -0.08188700 0.00650000 0.04277300
v -0.08667000 0.01101900 0.02966800
v -0.08661800 0.01770700 0.02965000
v -0.08736600 0.02200000 0.02736100
v -0.08736600 0.02200000 0.02736100
v -0.08732800 0.02173800 0.02748300
v -0.08732800 0.02173800 0.02748300
v -0.08732800 0.02173800 0.02748300
v -0.08710000 0.02152500 0.02812200
v -0.08710000 0.02152500 0.02812200
v -0.08710000 0.02152500 0.02812200
v -0.08732300 0.02152500 0.02751200
v -0.08732300 0.02152500 0.02751200
v -0.08716500 0.01779000 0.02814600
v -0.08738600 0.01782400 0.02753500
v -0.08721700 0.01101900 0.02816500
v -0.08743900 0.01101900 0.02755400
v -0.08720100 0.00588800 0.02815900
v -0.08742300 0.00586200 0.02754800
v -0.08713400 0.00051300 0.02813500
v -0.08713400 0.00051300 0.02813500
v -0.08735600 0.00051300 0.02752400
v -0.08735600 0.00051300 0.02752400
v -0.08735600 0.00051300 0.02752400
v -0.08712000 0.00030000 0.02816000
v -0.08712000 0.00030000 0.02816000
v -0.08712000 0.00030000 0.02816000
v -0.08707200 0.00003800 0.02827800
v -0.08707200 0.00003800 0.02827800
v -0.08798600 0.01101900 0.02605000
v -0.08838300 0.01415600 0.02491800
v -0.08797000 0.00579900 0.02604400
v -0.08838000 0.00575200 0.02491700
v -0.08790300 0.00051300 0.02602000
v -0.08611800 -0.02075200 0.02704900
v -0.08606800 -0.02099600 0.02689400
v -0.08553600 -0.02084000 0.02820500
v -0.08607100 -0.02118500 0.02667400
v -0.08544400 -0.02087100 0.02836300
v -0.08613500 -0.02129000 0.02641600
v -0.08630000 -0.02273400 0.02416000
v -0.08537000 -0.02085800 0.02853200
v -0.08537000 -0.02085800 0.02853200
v -0.08537000 -0.02085800 0.02853200
v -0.08620800 -0.02130200 0.02624700
v -0.08630000 -0.02127200 0.02608900
v -0.08641100 -0.02256100 0.02420000
v -0.08641100 -0.02256100 0.02420000
v -0.08630000 -0.02127200 0.02608900
v -0.08698400 -0.02146500 0.02440800
v -0.08577700 -0.01895200 0.02935600
v -0.08544600 -0.02004700 0.02924400
v -0.08080800 -0.01719300 0.04238000
v -0.08535600 -0.02032000 0.02916600
v -0.08024100 -0.01838500 0.04217400
v -0.08530500 -0.02056400 0.02901100
v -0.08530600 -0.02075300 0.02879100
v -0.08098400 -0.01668300 0.04244400
v -0.08118600 -0.01589200 0.04251800
v -0.08590400 -0.01827200 0.02939600
v -0.08135100 -0.01456600 0.04257800
v -0.08597900 -0.01750900 0.02941700
v -0.08644000 -0.00579600 0.02958500
v -0.08639400 -0.00734100 0.02956800
v -0.08605000 -0.01604000 0.02944300
v -0.08698200 -0.00600200 0.02807900
v -0.08716300 -0.00734600 0.02745400
v -0.08681400 -0.01099800 0.02801800
v -0.08680200 -0.01641900 0.02732200
v -0.08730700 -0.00198800 0.02750600
v -0.08730700 -0.00198800 0.02750600
v -0.08730400 -0.00214000 0.02750500
v -0.08730400 -0.00214000 0.02750500
v -0.08720200 -0.00608500 0.02746800
v -0.08634200 -0.01913200 0.02785700
v -0.08648200 -0.01821300 0.02790000
v -0.08672500 -0.01798400 0.02729400
v -0.08650900 -0.01785000 0.02790700
v -0.08663100 -0.01532000 0.02795200
v -0.08665600 -0.01870100 0.02727500
v -0.08651800 -0.01944600 0.02723100
v -0.08610000 -0.02003400 0.02777700
v -0.08620700 -0.02047800 0.02712700
v -0.08594600 -0.02038200 0.02780200
v -0.08574500 -0.02066700 0.02795000
v -0.08725600 -0.01832600 0.02578500
v -0.08738700 -0.01563500 0.02583300
v -0.08765400 -0.01858000 0.02465200
v -0.08757600 -0.01121000 0.02590100
v -0.08814900 -0.00644600 0.02483300
v -0.08774300 -0.00629100 0.02596200
v -0.08823600 -0.00324000 0.02486400
v -0.08785400 -0.00198800 0.02600200
v -0.08744400 -0.02006500 0.02457600
v -0.08710200 -0.01953700 0.02573900
v -0.08723700 -0.01859200 0.02578000
v -0.08650800 -0.02109900 0.02583400
v -0.08670700 -0.02081400 0.02568500
v -0.08727700 -0.02067500 0.02451500
v -0.08685900 -0.02046500 0.02565800
v -0.08704500 -0.01979900 0.02572000
v -0.06556700 0.00019200 0.01794700
v -0.06556700 0.00019200 0.01794700
v -0.06556700 0.00019200 0.01794700
v -0.06556700 0.00019200 0.01794700
v -0.06600400 -0.00478000 0.01677200
v -0.06600400 -0.00478000 0.01677200
v -0.06600400 -0.00478000 0.01677200
v -0.06600400 -0.00478000 0.01677200
v -0.06600400 -0.00478000 0.01677200
v -0.06558500 0.00047900 0.01789700
v -0.06558500 0.00047900 0.01789700
v -0.06558500 0.00047900 0.01789700
v -0.06597100 0.01607100 0.01676000
v -0.06597100 0.01607100 0.01676000
v -0.06597100 0.01607100 0.01676000
v -0.06597100 0.01607100 0.01676000
v -0.06505900 -0.00173400 0.01935200
v -0.06505900 -0.00173400 0.01935200
v -0.06505900 -0.00173400 0.01935200
v -0.06505900 -0.00173400 0.01935200
v -0.06505900 -0.00173400 0.01935200
v -0.06464300 -0.00127400 0.02049500
v -0.06464300 -0.00127400 0.02049500
v -0.06464300 -0.00127400 0.02049500
v -0.06464300 -0.00127400 0.02049500
v -0.06472900 -0.00142800 0.02025900
v -0.06472900 -0.00142800 0.02025900
v -0.06547500 -0.00016400 0.01820200
v -0.06547500 -0.00016400 0.01820200
v -0.06538600 -0.00029200 0.01844800
v -0.06538600 -0.00029200 0.01844800
v -0.06538600 -0.00029200 0.01844800
v -0.06541200 -0.00127400 0.01838000
v -0.06541200 -0.00127400 0.01838000
v -0.06541200 -0.00127400 0.01838000
v -0.06541200 -0.00127400 0.01838000
v -0.06541200 -0.00127400 0.01838000
v -0.06531400 -0.00122100 0.01865000
v -0.06531400 -0.00122100 0.01865000
v -0.06531400 -0.00122100 0.01865000
v -0.06531300 -0.00032100 0.01864900
v -0.06531300 -0.00032100 0.01864900
v -0.06531300 -0.00032100 0.01864900
v -0.06524100 -0.00125000 0.01885100
v -0.06524100 -0.00125000 0.01885100
v -0.06524100 -0.00125000 0.01885100
v -0.06521500 -0.00026800 0.01891800
v -0.06521500 -0.00026800 0.01891800
v -0.06521500 -0.00026800 0.01891800
v -0.06521500 -0.00026800 0.01891800
v -0.06521500 -0.00026800 0.01891800
v -0.06521500 -0.00026800 0.01891800
v -0.06515200 -0.00137800 0.01909700
v -0.06515200 -0.00137800 0.01909700
v -0.06479800 0.00019200 0.02006100
v -0.06479800 0.00019200 0.02006100
v -0.06479800 0.00019200 0.02006100
v -0.06479800 0.00019200 0.02006100
v -0.06479800 0.00019200 0.02006100
v -0.06479800 0.00019200 0.02006100
v -0.06512800 -0.00011400 0.01915400
v -0.06512800 -0.00011400 0.01915400
v -0.06444500 -0.00026800 0.02103300
v -0.06444500 -0.00026800 0.02103300
v -0.06444500 -0.00026800 0.02103300
v -0.06444500 -0.00026800 0.02103300
v -0.06444500 -0.00026800 0.02103300
v -0.06429000 -0.00173400 0.02146600
v -0.06429000 -0.00173400 0.02146600
v -0.06429000 -0.00173400 0.02146600
v -0.06429000 -0.00173400 0.02146600
v -0.06434200 -0.00148400 0.02132100
v -0.06434200 -0.00148400 0.02132100
v -0.06505900 -0.00173400 0.01935200
v -0.06505900 -0.00173400 0.01935200
v -0.06505900 -0.00173400 0.01935200
v -0.06505900 -0.00173400 0.01935200
v -0.06511200 -0.00148400 0.01920700
v -0.06511200 -0.00148400 0.01920700
v -0.06438200 -0.00137800 0.02121100
v -0.06438200 -0.00137800 0.02121100
v -0.06447100 -0.00125000 0.02096600
v -0.06447100 -0.00125000 0.02096600
v -0.06447100 -0.00125000 0.02096600
v -0.06454300 -0.00032100 0.02076300
v -0.06454300 -0.00032100 0.02076300
v -0.06454300 -0.00032100 0.02076300
v -0.06454400 -0.00122100 0.02076400
v -0.06454400 -0.00122100 0.02076400
v -0.06454400 -0.00122100 0.02076400
v -0.06461600 -0.00029200 0.02056200
v -0.06461600 -0.00029200 0.02056200
v -0.06461600 -0.00029200 0.02056200
v -0.06470500 -0.00016400 0.02031600
v -0.06470500 -0.00016400 0.02031600
v -0.06470500 -0.00016400 0.02031600
v -0.06474500 -0.00005900 0.02020700
v -0.06474500 -0.00005900 0.02020700
v -0.06549800 -0.00142800 0.01814500
v -0.06549800 -0.00142800 0.01814500
v -0.06556700 0.00019200 0.01794700
v -0.06556700 0.00019200 0.01794700
v -0.06551500 -0.00005900 0.01809200
v -0.06551500 -0.00005900 0.01809200
v -0.06321400 0.01562300 0.02433500
v -0.06321400 0.01562300 0.02433500
v -0.06316100 0.01537800 0.02448400
v -0.06316100 0.01537800 0.02448400
v -0.06426800 0.00047900 0.02151500
v -0.06426800 0.00047900 0.02151500
v -0.06426800 0.00047900 0.02151500
v -0.06426800 0.00047900 0.02151500
v -0.06426800 0.00047900 0.02151500
v -0.06426800 0.00047900 0.02151500
v -0.06426800 0.00047900 0.02151500
v -0.06426800 0.00047900 0.02151500
v -0.06426800 0.00047900 0.02151500
v -0.06305600 0.01505300 0.02477300
v -0.06305600 0.01505300 0.02477300
v -0.06295100 0.01472900 0.02506300
v -0.06295100 0.01472900 0.02506300
v -0.06293200 0.01467500 0.02511500
v -0.06293200 0.01467500 0.02511500
v -0.06285100 0.01453200 0.02533800
v -0.06285100 0.01453200 0.02533800
v -0.06285100 0.01453200 0.02533800
v -0.06427800 0.00026400 0.02148700
v -0.06427800 0.00026400 0.02148700
v -0.06427800 0.00026400 0.02148700
v -0.06427800 0.00026400 0.02148700
v -0.06427800 0.00026400 0.02148700
v -0.06435900 -0.00011400 0.02126800
v -0.06435900 -0.00011400 0.02126800
v -0.06435900 -0.00011400 0.02126800
v -0.06432300 0.00000300 0.02136800
v -0.06432300 0.00000300 0.02136800
v -0.05950800 -0.00625000 0.03462700
v -0.05950800 -0.00625000 0.03462700
v -0.05950800 -0.00625000 0.03462700
v -0.05950800 -0.00625000 0.03462700
v -0.05950800 -0.00625000 0.03462700
v -0.05950800 -0.00625000 0.03462700
v -0.05950800 -0.00625000 0.03462700
v -0.05950800 -0.00625000 0.03462700
v -0.05950800 -0.00625000 0.03462700
v -0.05950800 -0.00625000 0.03462700
v -0.05950800 -0.00625000 0.03462700
v -0.06275300 0.01447900 0.02560800
v -0.06275300 0.01447900 0.02560800
v -0.06258500 0.01447900 0.02607100
v -0.06258500 0.01447900 0.02607100
v -0.06258500 0.01447900 0.02607100
v -0.06241600 0.01447900 0.02653400
v -0.06241600 0.01447900 0.02653400
v -0.06234000 0.01451100 0.02674400
v -0.06234000 0.01451100 0.02674400
v -0.06225000 0.01464200 0.02698900
v -0.06225000 0.01464200 0.02698900
v -0.06221400 0.01474000 0.02708900
v -0.06221400 0.01474000 0.02708900
v -0.06221400 0.01474000 0.02708900
v -0.05947300 0.01571600 0.03461500
v -0.05947300 0.01571600 0.03461500
v -0.05947300 0.01571600 0.03461500
v -0.05947300 0.01571600 0.03461500
v -0.05947300 0.01571600 0.03461500
v -0.05947300 0.01571600 0.03461500
v -0.06216000 0.01499100 0.02723500
v -0.06216000 0.01499100 0.02723500
v -0.06214100 0.01527900 0.02728500
v -0.06214100 0.01527900 0.02728500
v -0.06221900 0.02247000 0.02703600
v -0.06221900 0.02247000 0.02703600
v -0.06230500 0.02262500 0.02679900
v -0.06230500 0.02262500 0.02679900
v -0.06230500 0.02262500 0.02679900
v -0.05943800 0.03764400 0.03460200
v -0.05943800 0.03764400 0.03460200
v -0.05943800 0.03764400 0.03460200
v -0.05943800 0.03764400 0.03460200
v -0.05943800 0.03764400 0.03460200
v -0.05943800 0.03764400 0.03460200
v -0.05943800 0.03764400 0.03460200
v -0.05943800 0.03764400 0.03460200
v -0.06218600 0.02236300 0.02712800
v -0.06218600 0.02236300 0.02712800
v -0.06213600 0.01857900 0.02728300
v -0.06213600 0.01857900 0.02728300
v -0.06213100 0.02187900 0.02728200
v -0.06213100 0.02187900 0.02728200
v -0.06213100 0.02187900 0.02728200
v -0.06214100 0.02210200 0.02725200
v -0.06214100 0.02210200 0.02725200
v -0.06502200 0.02176500 0.01933800
v -0.06502200 0.02176500 0.01933800
v -0.06502200 0.02176500 0.01933800
v -0.06502200 0.02176500 0.01933800
v -0.06502200 0.02176500 0.01933800
v -0.06502200 0.02176500 0.01933800
v -0.06502200 0.02176500 0.01933800
v -0.06460500 0.02222600 0.02048100
v -0.06460500 0.02222600 0.02048100
v -0.06460500 0.02222600 0.02048100
v -0.06460500 0.02222600 0.02048100
v -0.06469100 0.02207100 0.02024500
v -0.06469100 0.02207100 0.02024500
v -0.06472800 0.02195500 0.02014600
v -0.06472800 0.02195500 0.02014600
v -0.06477200 0.02169300 0.02002700
v -0.06477200 0.02169300 0.02002700
v -0.06477200 0.02169300 0.02002700
v -0.06500400 0.02147900 0.01938800
v -0.06500400 0.02147900 0.01938800
v -0.06500400 0.02147900 0.01938800
v -0.06500400 0.02147900 0.01938800
v -0.06509200 0.00000300 0.01925300
v -0.06509200 0.00000300 0.01925300
v -0.06504800 0.00026400 0.01937300
v -0.06504800 0.00026400 0.01937300
v -0.06504800 0.00026400 0.01937300
v -0.06481500 0.00047900 0.02001100
v -0.06481500 0.00047900 0.02001100
v -0.06481500 0.00047900 0.02001100
v -0.06503800 0.00047900 0.01940000
v -0.06503800 0.00047900 0.01940000
v -0.06503800 0.00047900 0.01940000
v -0.06479900 0.01097900 0.02000500
v -0.06479900 0.01097900 0.02000500
v -0.06479900 0.01097900 0.02000500
v -0.06478200 0.02147900 0.01999900
v -0.06478200 0.02147900 0.01999900
v -0.06511400 0.02212200 0.01908300
v -0.06511400 0.02212200 0.01908300
v -0.06520300 0.02225000 0.01883800
v -0.06520300 0.02225000 0.01883800
v -0.06520300 0.02225000 0.01883800
v -0.06517700 0.02323200 0.01890500
v -0.06517700 0.02323200 0.01890500
v -0.06517700 0.02323200 0.01890500
v -0.06517700 0.02323200 0.01890500
v -0.06517700 0.02323200 0.01890500
v -0.06517700 0.02323200 0.01890500
v -0.06527500 0.02317900 0.01863600
v -0.06527500 0.02317900 0.01863600
v -0.06527500 0.02317900 0.01863600
v -0.06527700 0.02227900 0.01863600
v -0.06527700 0.02227900 0.01863600
v -0.06527700 0.02227900 0.01863600
v -0.06534900 0.02320800 0.01843400
v -0.06534900 0.02320800 0.01843400
v -0.06534900 0.02320800 0.01843400
v -0.06537500 0.02222600 0.01836700
v -0.06537500 0.02222600 0.01836700
v -0.06537500 0.02222600 0.01836700
v -0.06537500 0.02222600 0.01836700
v -0.06537500 0.02222600 0.01836700
v -0.06543800 0.02333600 0.01818800
v -0.06543800 0.02333600 0.01818800
v -0.06476000 0.02369200 0.02004800
v -0.06476000 0.02369200 0.02004800
v -0.06476000 0.02369200 0.02004800
v -0.06476000 0.02369200 0.02004800
v -0.06476000 0.02369200 0.02004800
v -0.06476000 0.02369200 0.02004800
v -0.06509100 0.02338600 0.01914100
v -0.06509100 0.02338600 0.01914100
v -0.06502200 0.02176500 0.01933800
v -0.06502200 0.02176500 0.01933800
v -0.06507400 0.02201600 0.01919300
v -0.06507400 0.02201600 0.01919300
v -0.06470800 0.02344100 0.02019300
v -0.06470800 0.02344100 0.02019300
v -0.06466800 0.02333600 0.02030300
v -0.06466800 0.02333600 0.02030300
v -0.06466800 0.02333600 0.02030300
v -0.06457900 0.02320800 0.02054800
v -0.06457900 0.02320800 0.02054800
v -0.06457900 0.02320800 0.02054800
v -0.06450700 0.02227900 0.02075000
v -0.06450700 0.02227900 0.02075000
v -0.06450700 0.02227900 0.02075000
v -0.06450600 0.02317900 0.02075000
v -0.06450600 0.02317900 0.02075000
v -0.06450600 0.02317900 0.02075000
v -0.06443400 0.02225000 0.02095200
v -0.06443400 0.02225000 0.02095200
v -0.06443400 0.02225000 0.02095200
v -0.06440800 0.02323200 0.02101900
v -0.06440800 0.02323200 0.02101900
v -0.06440800 0.02323200 0.02101900
v -0.06440800 0.02323200 0.02101900
v -0.06440800 0.02323200 0.02101900
v -0.06440800 0.02323200 0.02101900
v -0.06434500 0.02212200 0.02119700
v -0.06434500 0.02212200 0.02119700
v -0.06274000 0.02267900 0.02560400
v -0.06274000 0.02267900 0.02560400
v -0.06420200 0.04193100 0.02149100
v -0.06420200 0.04193100 0.02149100
v -0.06420200 0.04193100 0.02149100
v -0.06420200 0.04193100 0.02149100
v -0.06420200 0.04193100 0.02149100
v -0.06420200 0.04193100 0.02149100
v -0.06420200 0.04193100 0.02149100
v -0.06420200 0.04193100 0.02149100
v -0.06257200 0.02267900 0.02606700
v -0.06257200 0.02267900 0.02606700
v -0.06240300 0.02267900 0.02652900
v -0.06240300 0.02267900 0.02652900
v -0.06285800 0.02260100 0.02528000
v -0.06285800 0.02260100 0.02528000
v -0.06285800 0.02260100 0.02528000
v -0.06285800 0.02260100 0.02528000
v -0.06293900 0.02242900 0.02505800
v -0.06293900 0.02242900 0.02505800
v -0.06424100 0.02376400 0.02147400
v -0.06424100 0.02376400 0.02147400
v -0.06424100 0.02376400 0.02147400
v -0.06424100 0.02376400 0.02147400
v -0.06424100 0.02376400 0.02147400
v -0.06424100 0.02376400 0.02147400
v -0.06304500 0.02210400 0.02476900
v -0.06304500 0.02210400 0.02476900
v -0.06432200 0.02338600 0.02125500
v -0.06432200 0.02338600 0.02125500
v -0.06320800 0.02151700 0.02432500
v -0.06320800 0.02151700 0.02432500
v -0.06320800 0.02151700 0.02432500
v -0.06320800 0.02151700 0.02432500
v -0.06320800 0.02151700 0.02432500
v -0.06320800 0.02151700 0.02432500
v -0.06428500 0.02350300 0.02135400
v -0.06428500 0.02350300 0.02135400
v -0.06428500 0.02350300 0.02135400
v -0.06317900 0.02167800 0.02440400
v -0.06317900 0.02167800 0.02440400
v -0.06317900 0.02167800 0.02440400
v -0.06315000 0.02178000 0.02448100
v -0.06315000 0.02178000 0.02448100
v -0.06322600 0.02123000 0.02427500
v -0.06322600 0.02123000 0.02427500
v -0.06423500 0.02147900 0.02150300
v -0.06423500 0.02147900 0.02150300
v -0.06423500 0.02147900 0.02150300
v -0.06423500 0.02147900 0.02150300
v -0.06423500 0.02147900 0.02150300
v -0.06425200 0.02176500 0.02145300
v -0.06425200 0.02176500 0.02145300
v -0.06425200 0.02176500 0.02145300
v -0.06430500 0.02201600 0.02130700
v -0.06430500 0.02201600 0.02130700
v -0.06323000 0.01857900 0.02427600
v -0.06323000 0.01857900 0.02427600
v -0.06323500 0.01592800 0.02427800
v -0.06323500 0.01592800 0.02427800
v -0.06323500 0.01592800 0.02427800
v -0.06323100 0.01579800 0.02428800
v -0.06323100 0.01579800 0.02428800
v -0.06276600 0.02267500 0.02553100
v -0.06276600 0.02267500 0.02553100
v -0.06423100 0.02397900 0.02150100
v -0.06423100 0.02397900 0.02150100
v -0.06594600 0.03137300 0.01675100
v -0.06594600 0.03137300 0.01675100
v -0.06594600 0.03137300 0.01675100
v -0.06594600 0.03137300 0.01675100
v -0.06594600 0.03137300 0.01675100
v -0.06594600 0.03137300 0.01675100
v -0.06594600 0.03137300 0.01675100
v -0.06546100 0.02207100 0.01813100
v -0.06546100 0.02207100 0.01813100
v -0.06546100 0.02207100 0.01813100
v -0.06546100 0.02207100 0.01813100
v -0.06549700 0.02195500 0.01803200
v -0.06549700 0.02195500 0.01803200
v -0.06554100 0.02169300 0.01791200
v -0.06554100 0.02169300 0.01791200
v -0.06555200 0.02147900 0.01788500
v -0.06555200 0.02147900 0.01788500
v -0.06555200 0.02147900 0.01788500
v -0.06556800 0.01097900 0.01789100
v -0.06556800 0.01097900 0.01789100
v -0.06452300 0.04271900 0.02060700
v -0.06452300 0.04271900 0.02060700
v -0.06461700 0.04261400 0.02034700
v -0.06461700 0.04261400 0.02034700
v -0.06461700 0.04261400 0.02034700
v -0.06592600 0.04418600 0.01674400
v -0.06592600 0.04418600 0.01674400
v -0.06592600 0.04418600 0.01674400
v -0.06592600 0.04418600 0.01674400
v -0.06592600 0.04418600 0.01674400
v -0.06592600 0.04418600 0.01674400
v -0.06592600 0.04418600 0.01674400
v -0.06592600 0.04418600 0.01674400
v -0.06592600 0.04418600 0.01674400
v -0.06592600 0.04418600 0.01674400
v -0.06442300 0.04271700 0.02088100
v -0.06442300 0.04271700 0.02088100
v -0.06442300 0.04271700 0.02088100
v -0.06422000 0.04221900 0.02144000
v -0.06426400 0.04244000 0.02131900
v -0.06426400 0.04244000 0.02131900
v -0.05943100 0.04173600 0.03460000
v -0.05943100 0.04173600 0.03460000
v -0.05943100 0.04173600 0.03460000
v -0.05943100 0.04173600 0.03460000
v -0.05943100 0.04173600 0.03460000
v -0.05943100 0.04173600 0.03460000
v -0.06434100 0.04262900 0.02110600
v -0.06434100 0.04262900 0.02110600
v -0.06519200 0.04315000 0.01876600
v -0.06519200 0.04315000 0.01876600
v -0.06529100 0.04315200 0.01849200
v -0.06529100 0.04315200 0.01849200
v -0.06511000 0.04306200 0.01899100
v -0.06511000 0.04306200 0.01899100
v -0.06511000 0.04306200 0.01899100
v -0.06511000 0.04306200 0.01899100
v -0.06469200 0.04241800 0.02014200
v -0.06469200 0.04241800 0.02014200
v -0.06469200 0.04241800 0.02014200
v -0.06469200 0.04241800 0.02014200
v -0.06469200 0.04241800 0.02014200
v -0.06538600 0.04304700 0.01823300
v -0.06538600 0.04304700 0.01823300
v -0.06546100 0.04285100 0.01802800
v -0.06546100 0.04285100 0.01802800
v -0.06546100 0.04285100 0.01802800
v -0.06592800 0.04270200 0.01674500
v -0.06592800 0.04270200 0.01674500
v -0.06592800 0.04270200 0.01674500
v -0.06550700 0.04258700 0.01790200
v -0.06550700 0.04258700 0.01790200
v -0.06550700 0.04258700 0.01790200
v -0.06592900 0.04234300 0.01674500
v -0.06592900 0.04234300 0.01674500
v -0.06592900 0.04234300 0.01674500
v -0.06551800 0.04236400 0.01787300
v -0.06551800 0.04236400 0.01787300
v -0.06551800 0.04236400 0.01787300
v -0.06593400 0.03886500 0.01674700
v -0.06593400 0.03886500 0.01674700
v -0.06593400 0.03886500 0.01674700
v -0.06552300 0.03960200 0.01787400
v -0.06552300 0.03960200 0.01787400
v -0.06552300 0.03960200 0.01787400
v -0.06594200 0.03428400 0.01675000
v -0.06594200 0.03428400 0.01675000
v -0.06594200 0.03428400 0.01675000
v -0.06553300 0.03317200 0.01787800
v -0.06553300 0.03317200 0.01787800
v -0.06553300 0.03317200 0.01787800
v -0.06554800 0.02397900 0.01788300
v -0.06554800 0.02397900 0.01788300
v -0.06554800 0.02397900 0.01788300
v -0.06553000 0.02369200 0.01793300
v -0.06553000 0.02369200 0.01793300
v -0.06553000 0.02369200 0.01793300
v -0.06547700 0.02344100 0.01807900
v -0.06547700 0.02344100 0.01807900
v -0.06497100 0.04236400 0.01937600
v -0.06497100 0.04236400 0.01937600
v -0.06497100 0.04236400 0.01937600
v -0.06497100 0.04236400 0.01937600
v -0.06498900 0.04265200 0.01932600
v -0.06498900 0.04265200 0.01932600
v -0.06503300 0.04287300 0.01920400
v -0.06503300 0.04287300 0.01920400
v -0.06473800 0.04215400 0.02001700
v -0.06473800 0.04215400 0.02001700
v -0.06475000 0.04193100 0.01998700
v -0.06475000 0.04193100 0.01998700
v -0.06475000 0.04193100 0.01998700
v -0.06498600 0.03317200 0.01938200
v -0.06498600 0.03317200 0.01938200
v -0.06498600 0.03317200 0.01938200
v -0.06476400 0.03295500 0.01999300
v -0.06476400 0.03295500 0.01999300
v -0.06476400 0.03295500 0.01999300
v -0.06500000 0.02397900 0.01938700
v -0.06500000 0.02397900 0.01938700
v -0.06500000 0.02397900 0.01938700
v -0.06477800 0.02397900 0.01999800
v -0.06477800 0.02397900 0.01999800
v -0.06477800 0.02397900 0.01999800
v -0.06501100 0.02376400 0.01935900
v -0.06501100 0.02376400 0.01935900
v -0.06501100 0.02376400 0.01935900
v -0.06505500 0.02350300 0.01924000
v -0.06505500 0.02350300 0.01924000
v -0.05943400 0.04037300 0.03460000
v -0.05943400 0.04037300 0.03460000
v -0.06422000 0.04221900 0.02144000
v -0.06422000 0.04221900 0.02144000
v -0.06422000 0.04221900 0.02144000
v -0.06602900 -0.02082800 0.01678200
v -0.06602900 -0.02082800 0.01678200
v -0.06602900 -0.02082800 0.01678200
v -0.06560000 -0.02069300 0.01795900
v -0.06560000 -0.02069300 0.01795900
v -0.06603200 -0.02238100 0.01678300
v -0.06554800 -0.02094400 0.01810500
v -0.06546800 -0.02112200 0.01832500
v -0.06537100 -0.02120300 0.01859200
v -0.06529400 -0.02119200 0.01880300
v -0.06520100 -0.02108500 0.01905900
v -0.06477800 -0.02051100 0.02021900
v -0.06477800 -0.02051100 0.02021900
v -0.06520100 -0.02108500 0.01905900
v -0.06520100 -0.02108500 0.01905900
v -0.06483000 -0.02026000 0.02007300
v -0.06483000 -0.02026000 0.02007300
v -0.06483000 -0.02026000 0.02007300
v -0.06483000 -0.02026000 0.02007300
v -0.06452400 -0.02075900 0.02091700
v -0.06443100 -0.02065200 0.02117300
v -0.05953000 -0.01991800 0.03463600
v -0.06469800 -0.02068900 0.02043900
v -0.06460100 -0.02077000 0.02070600
v -0.06553500 -0.00154500 0.01804500
v -0.06553500 -0.00154500 0.01804500
v -0.06557900 -0.00180700 0.01792600
v -0.06557900 -0.00180700 0.01792600
v -0.06557900 -0.00180700 0.01792600
v -0.06558900 -0.00202100 0.01789800
v -0.06558900 -0.00202100 0.01789800
v -0.06558900 -0.00202100 0.01789800
v -0.06560300 -0.01121400 0.01790400
v -0.06560300 -0.01121400 0.01790400
v -0.06513400 -0.02091600 0.01924000
v -0.06513400 -0.02091600 0.01924000
v -0.06508500 -0.02065800 0.01937400
v -0.06508500 -0.02065800 0.01937400
v -0.06508500 -0.02065800 0.01937400
v -0.06484800 -0.01997300 0.02002300
v -0.06484800 -0.01997300 0.02002300
v -0.06484800 -0.01997300 0.02002300
v -0.06507100 -0.02040600 0.01941300
v -0.06507100 -0.02040600 0.01941300
v -0.06507100 -0.02040600 0.01941300
v -0.06483400 -0.01099700 0.02001800
v -0.06483400 -0.01099700 0.02001800
v -0.06483400 -0.01099700 0.02001800
v -0.06505000 -0.00736900 0.01940500
v -0.06505000 -0.00736900 0.01940500
v -0.06505000 -0.00736900 0.01940500
v -0.06481900 -0.00202100 0.02001300
v -0.06481900 -0.00202100 0.02001300
v -0.06481900 -0.00202100 0.02001300
v -0.06504200 -0.00202100 0.01940200
v -0.06504200 -0.00202100 0.01940200
v -0.06504200 -0.00202100 0.01940200
v -0.06480900 -0.00180700 0.02004000
v -0.06480900 -0.00180700 0.02004000
v -0.06480900 -0.00180700 0.02004000
v -0.06476500 -0.00154500 0.02016000
v -0.06476500 -0.00154500 0.02016000
v -0.06436400 -0.02048300 0.02135500
v -0.06431500 -0.02022500 0.02148800
v -0.06431500 -0.02022500 0.02148800
v -0.05952900 -0.01983100 0.03463500
v -0.05952900 -0.01983100 0.03463500
v -0.05952900 -0.01983100 0.03463500
v -0.06430100 -0.01997300 0.02152700
v -0.06430100 -0.01997300 0.02152700
v -0.06430100 -0.01997300 0.02152700
v -0.05952500 -0.01719100 0.03463400
v -0.05952500 -0.01719100 0.03463400
v -0.05952500 -0.01719100 0.03463400
v -0.06427200 -0.00202100 0.02151600
v -0.06427200 -0.00202100 0.02151600
v -0.06427200 -0.00202100 0.02151600
v -0.05965800 -0.02109500 0.03468200
v -0.06607000 -0.02301900 0.01679600
v -0.05969000 -0.02124300 0.03469400
v -0.06620800 -0.02387100 0.01684700
v -0.06852700 -0.02769600 0.01769100
v -0.06748300 -0.02661200 0.01731100
v -0.06140500 -0.02429000 0.03531800
v -0.06652600 -0.02491000 0.01696300
v -0.06010800 -0.02247000 0.03484600
v -0.06669700 -0.02531000 0.01702500
v -0.06030200 -0.02285300 0.03491700
v -0.06075600 -0.02355800 0.03508200
v -0.07995200 -0.02692900 0.02184900
v -0.07462400 -0.02267200 0.04012900
v -0.08326600 -0.02541900 0.02305500
v -0.07733400 -0.02127200 0.04111600
v -0.08345900 -0.02532100 0.02312600
v -0.07841500 -0.02053700 0.04150900
v -0.08024100 -0.01838500 0.04217400
v -0.08630000 -0.02273400 0.02416000
v -0.07941400 -0.01955800 0.04187300
v -0.08542700 -0.02383200 0.02384200
v -0.07892700 -0.02008000 0.04169500
v -0.08509000 -0.02416600 0.02371900
v -0.08440200 -0.02473300 0.02346900
v -0.06501700 -0.02581900 0.03663300
v -0.06631800 -0.02569500 0.03710600
v -0.07404400 -0.02893300 0.01969900
v -0.06652600 -0.02564400 0.03718200
v -0.07577700 -0.02843200 0.02032900
v -0.06786700 -0.02526800 0.03767000
v -0.07868800 -0.02743000 0.02138900
v -0.07183400 -0.02389200 0.03911400
v -0.07268400 -0.02354300 0.03942300
v -0.06160400 -0.02447000 0.03539000
v -0.06173100 -0.02457800 0.03543700
v -0.06878200 -0.02789600 0.01778400
v -0.06261900 -0.02517300 0.03576000
v -0.06976400 -0.02849800 0.01814100
v -0.06320800 -0.02544700 0.03597400
v -0.07048300 -0.02880000 0.01840300
v -0.06376900 -0.02563300 0.03617800
v -0.07111800 -0.02898300 0.01863400
v -0.06482000 -0.02581000 0.03656100
v -0.07232000 -0.02913500 0.01907100
v -0.07250800 -0.02913700 0.01914000
v -0.07723100 0.04329400 0.04107800
v -0.08351300 0.04725000 0.02314500
v -0.07820200 0.04265200 0.04143100
v -0.08417600 0.04683700 0.02338700
v -0.07886400 0.04207200 0.04167300
v -0.07922200 0.04169500 0.04180300
v -0.07195100 0.05110300 0.01893700
v -0.06353000 0.04757100 0.03609100
v -0.07085000 0.05092400 0.01853600
v -0.06606700 0.04770400 0.03701500
v -0.07374400 0.05096200 0.01959000
v -0.06640900 0.04762700 0.03713900
v -0.07488200 0.05065300 0.02000400
v -0.07016200 0.04647700 0.03850500
v -0.07685200 0.05004100 0.02072100
v -0.07131000 0.04605400 0.03892300
v -0.07959200 0.04903400 0.02171800
v -0.07298900 0.04537200 0.03953400
v -0.06651800 0.04712700 0.01695900
v -0.05994900 0.04431000 0.03478800
v -0.06630400 0.04657100 0.01688200
v -0.05969200 0.04360200 0.03469400
v -0.06606600 0.04567700 0.01679500
v -0.05955900 0.04306900 0.03464600
v -0.06593500 0.04461600 0.01674700
v -0.05943100 0.04178900 0.03460000
v -0.07016600 0.05070300 0.01828700
v -0.06306400 0.04740600 0.03592200
v -0.06950500 0.05040100 0.01804700
v -0.06239300 0.04708000 0.03567800
v -0.06852800 0.04976400 0.01769100
v -0.06153500 0.04647400 0.03536500
v -0.06828700 0.04956300 0.01760300
v -0.06139600 0.04635100 0.03531500
v -0.06720000 0.04835100 0.01720800
v -0.06057100 0.04541600 0.03501400
v -0.06043200 0.04521200 0.03496400
v -0.07611200 0.04389500 0.04067100
v -0.08176500 0.04810000 0.02250900
v -0.08303000 0.04749800 0.02296900
v -0.06569800 0.04236500 0.01825700
v -0.06776500 0.04236900 0.01901000
v -0.06571200 0.03317200 0.01826300
v -0.06779400 0.02398300 0.01902000
v -0.06572700 0.02397900 0.01826800
v -0.06492900 0.04193200 0.02037200
v -0.06699600 0.04193500 0.02112400
v -0.06494300 0.03295600 0.02037700
v -0.06702500 0.02398300 0.02113500
v -0.06495700 0.02397900 0.02038200
v -0.06622500 0.01488200 0.02084400
v -0.06622500 0.01488200 0.02084400
v -0.06657000 0.01451600 0.02096900
v -0.06657000 0.01451600 0.02096900
v -0.06497800 0.01097900 0.02039000
v -0.06497800 0.01097900 0.02039000
v -0.06497800 0.01097900 0.02039000
v -0.06497800 0.01097900 0.02039000
v -0.06704000 0.01438300 0.02114000
v -0.06704000 0.01438300 0.02114000
v -0.06497800 0.01097900 0.02039000
v -0.06706200 0.00048300 0.02114800
v -0.06499500 0.00047900 0.02039600
v -0.06609900 0.01538100 0.02079800
v -0.06609900 0.01538100 0.02079800
v -0.06496100 0.02147900 0.02038400
v -0.06608900 0.02148100 0.02079400
v -0.06461500 0.02397900 0.02132200
v -0.06668300 0.02398300 0.02207400
v -0.06458700 0.04193200 0.02131200
v -0.06665400 0.04193500 0.02206400
v -0.06672000 0.00048300 0.02208800
v -0.06669800 0.01438300 0.02208000
v -0.06465300 0.00047900 0.02133500
v -0.06637300 0.01444400 0.02196200
v -0.06603300 0.01467500 0.02183800
v -0.06574700 0.02148100 0.02173400
v -0.06461900 0.02147900 0.02132300
v -0.06575700 0.01538100 0.02173700
v -0.06581500 0.01503500 0.02175900
v -0.06538500 0.02397900 0.01920800
v -0.06745200 0.02398300 0.01996000
v -0.06537000 0.03317200 0.01920200
v -0.06742300 0.04236900 0.01994900
v -0.06535600 0.04236500 0.01919700
v -0.06749000 0.00048300 0.01997400
v -0.06746700 0.01438300 0.01996600
v -0.06542200 0.00047900 0.01922100
v -0.06542200 0.00047900 0.01922100
v -0.06699700 0.01451600 0.01979500
v -0.06651600 0.02148100 0.01961900
v -0.06538900 0.02147900 0.01920900
v -0.06652600 0.01538100 0.01962300
v -0.06665300 0.01488200 0.01966900
v -0.08547100 -0.02037100 0.02545400
v -0.08535800 -0.02062000 0.02548400
v -0.08556600 -0.02134800 0.02389300
v -0.08569800 -0.01952500 0.02553700
v -0.08524100 -0.02078400 0.02560300
v -0.08514800 -0.02086000 0.02575900
v -0.08513700 -0.02086500 0.02578500
v -0.08508000 -0.02086200 0.02594500
v -0.08504800 -0.02077200 0.02614900
v -0.08455700 -0.02042100 0.02791100
v -0.08506800 -0.02059100 0.02631700
v -0.08492900 -0.01952500 0.02765100
v -0.08483200 -0.01993700 0.02761600
v -0.08512900 -0.02037100 0.02639400
v -0.08475700 -0.02014700 0.02763800
v -0.08465800 -0.02031900 0.02774100
v -0.08447800 -0.02042800 0.02812000
v -0.08358200 -0.02134800 0.02934300
v -0.08455700 -0.02042100 0.02791100
v -0.08556600 -0.02134800 0.02389300
v -0.08455700 -0.02042100 0.02791100
v -0.08556600 -0.02134800 0.02389300
v -0.08508000 -0.02086200 0.02594500
v -0.08508000 -0.02086200 0.02594500
v -0.08443900 -0.02033600 0.02832600
v -0.08444600 -0.02015300 0.02848700
v -0.08422700 -0.01952500 0.02957700
v -0.08449000 -0.01993700 0.02855600
v -0.08535600 -0.01952500 0.02647700
v -0.08553300 -0.01756400 0.02654100
v -0.08510500 -0.01756400 0.02771600
v -0.08590900 -0.00862100 0.02667800
v -0.08548100 -0.00862100 0.02785200
v -0.08571600 0.00051700 0.02793800
v -0.08571600 0.00051700 0.02793800
v -0.08571600 0.00051700 0.02793800
v -0.08571600 0.00051700 0.02793800
v -0.08571600 0.00051700 0.02793800
v -0.08571600 0.00051700 0.02793800
v -0.08569200 0.00028600 0.02799000
v -0.08569200 0.00028600 0.02799000
v -0.08569200 0.00028600 0.02799000
v -0.08622700 0.00007300 0.02650700
v -0.08622700 0.00007300 0.02650700
v -0.08622700 0.00007300 0.02650700
v -0.08630500 0.00001700 0.02629000
v -0.08630500 0.00001700 0.02629000
v -0.08630500 0.00001700 0.02629000
v -0.08630500 0.00001700 0.02629000
v -0.08630500 0.00001700 0.02629000
v -0.08636500 0.00004800 0.02612800
v -0.08636500 0.00004800 0.02612800
v -0.08633500 0.00002400 0.02620900
v -0.08633500 0.00002400 0.02620900
v -0.08558400 -0.00154000 0.02817600
v -0.08558400 -0.00154000 0.02817600
v -0.08558400 -0.00154000 0.02817600
v -0.08558400 -0.00154000 0.02817600
v -0.08558400 -0.00154000 0.02817600
v -0.08558400 -0.00154000 0.02817600
v -0.08558400 -0.00154000 0.02817600
v -0.08538200 -0.00163000 0.02872500
v -0.08540600 -0.00157500 0.02866300
v -0.08545800 0.00007300 0.02862100
v -0.08544600 -0.00151500 0.02855600
v -0.08544600 -0.00151500 0.02855600
v -0.08553600 0.00001700 0.02840400
v -0.08553600 0.00001700 0.02840400
v -0.08553600 0.00001700 0.02840400
v -0.08547700 -0.00149100 0.02847400
v -0.08547700 -0.00149100 0.02847400
v -0.08547700 -0.00149100 0.02847400
v -0.08556500 0.00002400 0.02832300
v -0.08556500 0.00002400 0.02832300
v -0.08556500 0.00002400 0.02832300
v -0.08550600 -0.00148300 0.02839300
v -0.08550600 -0.00148300 0.02839300
v -0.08550600 -0.00148300 0.02839300
v -0.08559500 0.00004800 0.02824200
v -0.08559500 0.00004800 0.02824200
v -0.08559500 0.00004800 0.02824200
v -0.08563600 0.00010800 0.02813400
v -0.08563600 0.00010800 0.02813400
v -0.08563600 0.00010800 0.02813400
v -0.08565900 0.00016300 0.02807300
v -0.08565900 0.00016300 0.02807300
v -0.08545800 0.00007300 0.02862100
v -0.08541700 0.00016300 0.02873700
v -0.08478000 -0.00862100 0.02977900
v -0.08478000 -0.00862100 0.02977900
v -0.08540000 0.00022900 0.02879000
v -0.08538100 0.00034400 0.02884700
v -0.08537500 0.00043100 0.02887000
v -0.08509600 0.00874600 0.02989400
v -0.08537400 0.00051700 0.02887700
v -0.08618700 0.00016300 0.02662300
v -0.08618700 0.00016300 0.02662300
v -0.08616900 0.00022900 0.02667500
v -0.08616900 0.00022900 0.02667500
v -0.08615100 0.00034400 0.02673200
v -0.08615100 0.00034400 0.02673200
v -0.08614400 0.00043100 0.02675500
v -0.08614400 0.00043100 0.02675500
v -0.08614300 0.00051700 0.02676300
v -0.08579700 0.00874600 0.02796700
v -0.08622500 0.00874600 0.02679300
v -0.08619700 0.01589600 0.02678300
v -0.08617500 -0.00157500 0.02654900
v -0.08617500 -0.00157500 0.02654900
v -0.08621600 -0.00151500 0.02644100
v -0.08621600 -0.00151500 0.02644100
v -0.08646200 0.00028600 0.02587500
v -0.08646200 0.00028600 0.02587500
v -0.08646200 0.00028600 0.02587500
v -0.08646200 0.00028600 0.02587500
v -0.08646200 0.00028600 0.02587500
v -0.08646200 0.00028600 0.02587500
v -0.08624600 -0.00149100 0.02636000
v -0.08624600 -0.00149100 0.02636000
v -0.08642900 0.00016300 0.02595900
v -0.08642900 0.00016300 0.02595900
v -0.08611800 -0.00175200 0.02669400
v -0.08611800 -0.00175200 0.02669400
v -0.08611800 -0.00175200 0.02669400
v -0.08611800 -0.00175200 0.02669400
v -0.08611800 -0.00175200 0.02669400
v -0.08615200 -0.00163000 0.02661000
v -0.08566700 -0.00198300 0.02792000
v -0.08566700 -0.00198300 0.02792000
v -0.08609400 -0.00198300 0.02674500
v -0.08609400 -0.00198300 0.02674500
v -0.08609400 -0.00198300 0.02674500
v -0.08609400 -0.00198300 0.02674500
v -0.08609400 -0.00198300 0.02674500
v -0.08566600 -0.00189700 0.02792700
v -0.08566600 -0.00189700 0.02792700
v -0.08640500 0.00010800 0.02602000
v -0.08640500 0.00010800 0.02602000
v -0.08640500 0.00010800 0.02602000
v -0.08640500 0.00010800 0.02602000
v -0.08640500 0.00010800 0.02602000
v -0.08562400 -0.00163000 0.02806000
v -0.08562400 -0.00163000 0.02806000
v -0.08564100 -0.00169500 0.02800800
v -0.08564100 -0.00169500 0.02800800
v -0.08564100 -0.00169500 0.02800800
v -0.08564100 -0.00169500 0.02800800
v -0.08566000 -0.00181000 0.02795000
v -0.08566000 -0.00181000 0.02795000
v -0.08635300 -0.00154000 0.02606200
v -0.08639400 -0.00163000 0.02594600
v -0.08708000 0.00874600 0.02444300
v -0.08708000 0.00874600 0.02444300
v -0.08641100 -0.00169500 0.02589300
v -0.08642900 -0.00181000 0.02583600
v -0.08643500 -0.00189700 0.02581300
v -0.08676400 -0.00862100 0.02432800
v -0.08643600 -0.00198300 0.02580500
v -0.08458600 -0.01952500 0.02859100
v -0.08476300 -0.01756400 0.02865500
v -0.08440400 -0.01756400 0.02964200
v -0.08513900 -0.00862100 0.02879200
v -0.08532400 -0.00198300 0.02885900
v -0.08534900 -0.00175200 0.02880800
v -0.08625100 -0.00862100 0.02573800
v -0.08587500 -0.01756400 0.02560100
v -0.08638800 -0.01756400 0.02419200
v -0.08621100 -0.01952500 0.02412700
v -0.08434000 0.04237200 0.02828100
v -0.08434200 0.04238700 0.02825800
v -0.08346100 0.04341100 0.02929900
v -0.08437800 0.04245800 0.02808300
v -0.08445600 0.04245000 0.02787900
v -0.08496200 0.04264300 0.02626600
v -0.08455900 0.04234900 0.02770400
v -0.08465800 0.04217700 0.02760200
v -0.08502900 0.04240000 0.02635800
v -0.08473400 0.04196700 0.02758000
v -0.08523100 0.04168600 0.02643100
v -0.08445600 0.04245000 0.02787900
v -0.08494700 0.04280400 0.02610800
v -0.08494900 0.04282300 0.02608000
v -0.08497900 0.04289100 0.02590800
v -0.08505600 0.04288500 0.02570500
v -0.08544500 0.04341100 0.02384800
v -0.08516700 0.04278200 0.02553300
v -0.08528100 0.04260800 0.02543300
v -0.08537100 0.04240000 0.02541800
v -0.08608600 0.04168600 0.02408200
v -0.08480300 0.04168600 0.02760600
v -0.08500100 0.03985000 0.02767700
v -0.08542800 0.03985000 0.02650300
v -0.08510500 0.03785300 0.02771500
v -0.08510500 0.03785300 0.02771500
v -0.08553200 0.03785300 0.02654100
v -0.08553200 0.03785300 0.02654100
v -0.08553200 0.03785300 0.02654100
v -0.08521000 0.03566000 0.02775400
v -0.08521000 0.03566000 0.02775400
v -0.08521000 0.03566000 0.02775400
v -0.08563800 0.03566000 0.02657900
v -0.08563800 0.03566000 0.02657900
v -0.08531600 0.03325900 0.02779200
v -0.08574300 0.03325900 0.02661700
v -0.08558100 0.02196000 0.02817500
v -0.08558100 0.02196000 0.02817500
v -0.08558100 0.02196000 0.02817500
v -0.08558100 0.02196000 0.02817500
v -0.08558100 0.02196000 0.02817500
v -0.08558100 0.02196000 0.02817500
v -0.08558100 0.02196000 0.02817500
v -0.08633200 0.02360800 0.02599400
v -0.08633200 0.02360800 0.02599400
v -0.08633200 0.02360800 0.02599400
v -0.08633200 0.02360800 0.02599400
v -0.08633200 0.02360800 0.02599400
v -0.08633200 0.02360800 0.02599400
v -0.08633200 0.02360800 0.02599400
v -0.08629400 0.02354800 0.02610200
v -0.08629400 0.02354800 0.02610200
v -0.08626500 0.02352400 0.02618300
v -0.08626500 0.02352400 0.02618300
v -0.08623600 0.02351700 0.02626500
v -0.08623600 0.02351700 0.02626500
v -0.08623600 0.02351700 0.02626500
v -0.08550100 0.02201700 0.02839100
v -0.08550100 0.02201700 0.02839100
v -0.08550100 0.02201700 0.02839100
v -0.08615600 0.02357300 0.02648100
v -0.08615600 0.02357300 0.02648100
v -0.08615600 0.02357300 0.02648100
v -0.08615600 0.02357300 0.02648100
v -0.08615600 0.02357300 0.02648100
v -0.08547100 0.02200900 0.02847300
v -0.08547100 0.02200900 0.02847300
v -0.08544200 0.02198500 0.02855400
v -0.08544200 0.02198500 0.02855400
v -0.08566800 0.02169000 0.02795300
v -0.08566800 0.02169000 0.02795300
v -0.08611000 0.02151700 0.02675100
v -0.08611000 0.02151700 0.02675100
v -0.08611000 0.02151700 0.02675100
v -0.08611000 0.02151700 0.02675100
v -0.08611000 0.02151700 0.02675100
v -0.08564500 0.02180500 0.02800900
v -0.08564500 0.02180500 0.02800900
v -0.08564500 0.02180500 0.02800900
v -0.08612400 0.02174700 0.02669600
v -0.08612400 0.02174700 0.02669600
v -0.08612400 0.02174700 0.02669600
v -0.08612400 0.02174700 0.02669600
v -0.08562500 0.02187000 0.02806000
v -0.08562500 0.02187000 0.02806000
v -0.08615200 0.02187000 0.02661100
v -0.08615200 0.02187000 0.02661100
v -0.08615200 0.02187000 0.02661100
v -0.08617400 0.02192500 0.02654800
v -0.08617400 0.02192500 0.02654800
v -0.08621200 0.02198500 0.02644000
v -0.08621200 0.02198500 0.02644000
v -0.08624100 0.02200900 0.02635800
v -0.08624100 0.02200900 0.02635800
v -0.08627000 0.02201700 0.02627700
v -0.08627000 0.02201700 0.02627700
v -0.08627000 0.02201700 0.02627700
v -0.08635300 0.02366300 0.02593100
v -0.08635300 0.02366300 0.02593100
v -0.08635000 0.02196000 0.02606100
v -0.08639400 0.02187000 0.02594600
v -0.08659900 0.03325900 0.02426800
v -0.08641500 0.02180500 0.02589500
v -0.08643800 0.02169000 0.02583900
v -0.08644700 0.02160300 0.02581800
v -0.08705200 0.01589600 0.02443300
v -0.08645200 0.02151700 0.02581100
v -0.08556300 0.02360800 0.02810800
v -0.08556300 0.02360800 0.02810800
v -0.08552500 0.02354800 0.02821600
v -0.08552500 0.02354800 0.02821600
v -0.08535500 0.02174700 0.02881000
v -0.08535500 0.02174700 0.02881000
v -0.08535500 0.02174700 0.02881000
v -0.08535500 0.02174700 0.02881000
v -0.08535500 0.02174700 0.02881000
v -0.08535500 0.02174700 0.02881000
v -0.08549600 0.02352400 0.02829800
v -0.08549600 0.02352400 0.02829800
v -0.08538300 0.02187000 0.02872500
v -0.08538300 0.02187000 0.02872500
v -0.08561200 0.02378600 0.02796000
v -0.08561200 0.02378600 0.02796000
v -0.08561200 0.02378600 0.02796000
v -0.08561200 0.02378600 0.02796000
v -0.08561200 0.02378600 0.02796000
v -0.08558400 0.02366300 0.02804500
v -0.08605300 0.02401600 0.02673000
v -0.08562500 0.02401600 0.02790500
v -0.08562500 0.02401600 0.02790500
v -0.08562500 0.02401600 0.02790500
v -0.08562500 0.02401600 0.02790500
v -0.08605700 0.02393000 0.02672400
v -0.08605700 0.02393000 0.02672400
v -0.08540400 0.02192500 0.02866300
v -0.08540400 0.02192500 0.02866300
v -0.08540400 0.02192500 0.02866300
v -0.08540400 0.02192500 0.02866300
v -0.08540400 0.02192500 0.02866300
v -0.08611200 0.02366300 0.02659600
v -0.08611200 0.02366300 0.02659600
v -0.08609100 0.02372900 0.02664700
v -0.08609100 0.02372900 0.02664700
v -0.08609100 0.02372900 0.02664700
v -0.08609100 0.02372900 0.02664700
v -0.08606800 0.02384400 0.02670200
v -0.08606800 0.02384400 0.02670200
v -0.08538600 0.02357300 0.02859500
v -0.08534200 0.02366300 0.02871000
v -0.08506800 0.01589600 0.02988400
v -0.08506800 0.01589600 0.02988400
v -0.08532200 0.02372900 0.02876100
v -0.08529800 0.02384400 0.02881700
v -0.08528800 0.02393000 0.02883800
v -0.08461500 0.03325900 0.02971800
v -0.08528300 0.02401600 0.02884400
v -0.08557300 0.04168600 0.02549100
v -0.08577000 0.03985000 0.02556300
v -0.08628400 0.03985000 0.02415400
v -0.08587400 0.03785300 0.02560100
v -0.08587400 0.03785300 0.02560100
v -0.08638700 0.03785300 0.02419100
v -0.08638700 0.03785300 0.02419100
v -0.08638700 0.03785300 0.02419100
v -0.08598000 0.03566000 0.02563900
v -0.08598000 0.03566000 0.02563900
v -0.08598000 0.03566000 0.02563900
v -0.08649300 0.03566000 0.02423000
v -0.08649300 0.03566000 0.02423000
v -0.08608500 0.03325900 0.02567800
v -0.08639500 0.02401600 0.02579000
v -0.08638100 0.02378600 0.02584600
v -0.08497400 0.03325900 0.02873200
v -0.08486800 0.03566000 0.02869300
v -0.08486800 0.03566000 0.02869300
v -0.08450900 0.03566000 0.02968000
v -0.08450900 0.03566000 0.02968000
v -0.08450900 0.03566000 0.02968000
v -0.08476300 0.03785300 0.02865500
v -0.08476300 0.03785300 0.02865500
v -0.08476300 0.03785300 0.02865500
v -0.08440400 0.03785300 0.02964200
v -0.08440400 0.03785300 0.02964200
v -0.08465900 0.03985000 0.02861700
v -0.08430000 0.03985000 0.02960400
v -0.08446100 0.04168600 0.02854500
v -0.08410200 0.04168600 0.02953200
v -0.08439200 0.04196700 0.02852000
v -0.08434300 0.04220800 0.02843700
v -0.08545600 0.00874600 0.02890700
v -0.08542700 0.01589600 0.02889700
v -0.08534000 0.02151700 0.02886500
v -0.08538600 0.02357300 0.02859500
v -0.08546700 0.02351700 0.02837900
v -0.08546700 0.02351700 0.02837900
v -0.08567800 0.02160300 0.02793200
v -0.08567800 0.02160300 0.02793200
v -0.08568200 0.02151700 0.02792500
v -0.08568200 0.02151700 0.02792500
v -0.08576900 0.01589600 0.02795700
v -0.08653900 0.01589600 0.02584300
v -0.08656700 0.00874600 0.02585300
v -0.08648500 0.00051700 0.02582300
v -0.08635300 -0.00154000 0.02606200
v -0.08627600 -0.00148300 0.02627900
v -0.08627600 -0.00148300 0.02627900
v -0.08329500 -0.02184400 0.02923800
v -0.08480100 -0.02184200 0.02510400
v -0.08444600 -0.02289500 0.02348500
v -0.08384000 0.04494000 0.02475400
v -0.08469000 0.04388000 0.02506400
v -0.08544500 0.04341100 0.02384800
v -0.08497900 0.04289100 0.02590800
v -0.08445600 0.04245000 0.02787900
v -0.08497900 0.04289100 0.02590800
v -0.08544500 0.04341100 0.02384800
v -0.08318500 0.04388000 0.02919800
v -0.08318500 0.04388000 0.02919800
v -0.08396700 -0.02289500 0.02480000
v -0.08263300 -0.02393600 0.02431500
v -0.08311200 -0.02393600 0.02299900
v -0.08092900 -0.02477800 0.02369400
v -0.08140700 -0.02477800 0.02237900
v -0.07849800 -0.02582600 0.02281000
v -0.07897700 -0.02582600 0.02149400
v -0.07352800 -0.02749900 0.02100100
v -0.07400600 -0.02749900 0.01968500
v -0.07188700 -0.02773600 0.02040400
v -0.07236600 -0.02773600 0.01908800
v -0.07025100 -0.02740900 0.01980800
v -0.07073000 -0.02740900 0.01849300
v -0.06919800 -0.02685000 0.01942500
v -0.06967600 -0.02685000 0.01810900
v -0.06796600 -0.02565000 0.01897600
v -0.06844500 -0.02565000 0.01766100
v -0.06716300 -0.02410000 0.01868400
v -0.06764200 -0.02410000 0.01736900
v -0.06687100 -0.02244400 0.01857800
v -0.06735000 -0.02244400 0.01726200
v -0.06685500 -0.01374700 0.01857200
v -0.06685500 -0.01374700 0.01857200
v -0.06733400 -0.01374700 0.01725600
v -0.06733400 -0.01374700 0.01725600
v -0.06733400 -0.01374700 0.01725600
v -0.06683200 0.00054500 0.01856400
v -0.06683200 0.00054500 0.01856400
v -0.06683200 0.00054500 0.01856400
v -0.06731100 0.00054500 0.01724800
v -0.06731100 0.00054500 0.01724800
v -0.06731100 0.00054500 0.01724800
v -0.06680100 0.01993200 0.01855200
v -0.06680100 0.01993200 0.01855200
v -0.06680100 0.01993200 0.01855200
v -0.06728000 0.01993200 0.01723700
v -0.06728000 0.01993200 0.01723700
v -0.06676300 0.04424600 0.01853800
v -0.06724100 0.04424600 0.01722300
v -0.06678700 0.04478300 0.01854700
v -0.06726500 0.04478300 0.01723200
v -0.06718000 0.04641200 0.01869000
v -0.06765800 0.04641200 0.01737500
v -0.06807600 0.04790500 0.01901600
v -0.06855500 0.04790500 0.01770100
v -0.06938100 0.04901800 0.01949200
v -0.06986000 0.04901800 0.01817600
v -0.07086200 0.04960600 0.02003000
v -0.07134000 0.04960600 0.01871500
v -0.07244800 0.04968700 0.02060800
v -0.07292700 0.04968700 0.01929200
v -0.07404600 0.04930600 0.02118900
v -0.07452500 0.04930600 0.01987400
v -0.07899100 0.04758500 0.02298900
v -0.07947000 0.04758500 0.02167400
v -0.08233100 0.04606100 0.02420500
v -0.08280900 0.04606100 0.02288900
v -0.08431800 0.04494000 0.02343800
v -0.08537400 0.00051700 0.02887700
v -0.08640700 0.00051900 0.02925300
v -0.08545600 0.00874600 0.02890700
v -0.08545600 0.00874600 0.02890700
v -0.08649000 0.01101900 0.02928400
v -0.08649000 0.01101900 0.02928400
v -0.08649000 0.01101900 0.02928400
v -0.08542700 0.01589600 0.02889700
v -0.08542700 0.01589600 0.02889700
v -0.08637400 0.02151800 0.02924100
v -0.08534000 0.02151700 0.02886500
v -0.08582000 0.03736500 0.02904000
v -0.08582000 0.03736500 0.02904000
v -0.08582000 0.03736500 0.02904000
v -0.08582000 0.03736500 0.02904000
v -0.08567600 0.03994800 0.02898700
v -0.08567600 0.03994800 0.02898700
v -0.08465900 0.03985000 0.02861700
v -0.08465900 0.03985000 0.02861700
v -0.08465900 0.03985000 0.02861700
v -0.08465900 0.03985000 0.02861700
v -0.08532500 0.04160500 0.02885900
v -0.08532500 0.04160500 0.02885900
v -0.08532500 0.04160500 0.02885900
v -0.08446100 0.04168600 0.02854500
v -0.08446100 0.04168600 0.02854500
v -0.08519600 0.04196900 0.02881300
v -0.08439200 0.04196700 0.02852000
v -0.08528300 0.02401600 0.02884400
v -0.08631700 0.02401800 0.02922100
v -0.08497400 0.03325900 0.02873200
v -0.08497400 0.03325900 0.02873200
v -0.08601600 0.03303800 0.02911100
v -0.08601600 0.03303800 0.02911100
v -0.08601600 0.03303800 0.02911100
v -0.08486800 0.03566000 0.02869300
v -0.08486800 0.03566000 0.02869300
v -0.08486800 0.03566000 0.02869300
v -0.08476300 0.03785300 0.02865500
v -0.08476300 0.03785300 0.02865500
v -0.08683200 0.01101900 0.02834400
v -0.08683200 0.01101900 0.02834400
v -0.08683200 0.01101900 0.02834400
v -0.08683200 0.01101900 0.02834400
v -0.08674900 0.00051900 0.02831400
v -0.08571600 0.00051700 0.02793800
v -0.08568200 0.02151700 0.02792500
v -0.08671600 0.02151800 0.02830200
v -0.08576900 0.01589600 0.02795700
v -0.08576900 0.01589600 0.02795700
v -0.08579700 0.00874600 0.02796700
v -0.08579700 0.00874600 0.02796700
v -0.08571600 0.00051700 0.02793800
v -0.08619900 0.03662000 0.02811300
v -0.08619900 0.03662000 0.02811300
v -0.08619900 0.03662000 0.02811300
v -0.08619900 0.03662000 0.02811300
v -0.08633200 0.03366500 0.02816200
v -0.08633200 0.03366500 0.02816200
v -0.08531600 0.03325900 0.02779200
v -0.08531600 0.03325900 0.02779200
v -0.08531600 0.03325900 0.02779200
v -0.08562500 0.02401600 0.02790500
v -0.08658400 0.02671900 0.02825400
v -0.08665900 0.02401800 0.02828100
v -0.08521000 0.03566000 0.02775400
v -0.08521000 0.03566000 0.02775400
v -0.08510500 0.03785300 0.02771500
v -0.08510500 0.03785300 0.02771500
v -0.08510500 0.03785300 0.02771500
v -0.08600600 0.04023600 0.02804300
v -0.08600600 0.04023600 0.02804300
v -0.08600600 0.04023600 0.02804300
v -0.08500100 0.03985000 0.02767700
v -0.08500100 0.03985000 0.02767700
v -0.08563900 0.04196900 0.02791000
v -0.08480300 0.04168600 0.02760600
v -0.08473400 0.04196700 0.02758000
v -0.08614300 0.00051700 0.02676300
v -0.08717700 0.00051900 0.02713900
v -0.08622500 0.00874600 0.02679300
v -0.08622500 0.00874600 0.02679300
v -0.08726000 0.01101900 0.02716900
v -0.08726000 0.01101900 0.02716900
v -0.08726000 0.01101900 0.02716900
v -0.08619700 0.01589600 0.02678300
v -0.08619700 0.01589600 0.02678300
v -0.08714300 0.02151800 0.02712700
v -0.08611000 0.02151700 0.02675100
v -0.08605300 0.02401600 0.02673000
v -0.08708600 0.02401800 0.02710600
v -0.08574300 0.03325900 0.02661700
v -0.08574300 0.03325900 0.02661700
v -0.08677800 0.03325200 0.02699400
v -0.08677800 0.03325200 0.02699400
v -0.08677800 0.03325200 0.02699400
v -0.08563800 0.03566000 0.02657900
v -0.08563800 0.03566000 0.02657900
v -0.08563800 0.03566000 0.02657900
v -0.08657500 0.03768200 0.02692000
v -0.08657500 0.03768200 0.02692000
v -0.08657500 0.03768200 0.02692000
v -0.08657500 0.03768200 0.02692000
v -0.08553200 0.03785300 0.02654100
v -0.08553200 0.03785300 0.02654100
v -0.08542800 0.03985000 0.02650300
v -0.08595500 0.04240200 0.02669500
v -0.08502900 0.04240000 0.02635800
v -0.08622600 0.04152600 0.02679300
v -0.08622600 0.04152600 0.02679300
v -0.08523100 0.04168600 0.02643100
v -0.08523100 0.04168600 0.02643100
v -0.08523100 0.04168600 0.02643100
v -0.08639600 0.04062900 0.02685500
v -0.08639600 0.04062900 0.02685500
v -0.08639600 0.04062900 0.02685500
v -0.08542800 0.03985000 0.02650300
v -0.08542800 0.03985000 0.02650300
v -0.08542800 0.03985000 0.02650300
v -0.08649900 0.03915800 0.02689300
v -0.08649900 0.03915800 0.02689300
v -0.08696400 0.03673400 0.02599700
v -0.08696400 0.03673400 0.02599700
v -0.08696400 0.03673400 0.02599700
v -0.08696400 0.03673400 0.02599700
v -0.08706800 0.03446700 0.02603500
v -0.08706800 0.03446700 0.02603500
v -0.08608500 0.03325900 0.02567800
v -0.08608500 0.03325900 0.02567800
v -0.08608500 0.03325900 0.02567800
v -0.08639500 0.02401600 0.02579000
v -0.08739600 0.02526400 0.02615500
v -0.08742900 0.02401800 0.02616700
v -0.08598000 0.03566000 0.02563900
v -0.08598000 0.03566000 0.02563900
v -0.08587400 0.03785300 0.02560100
v -0.08587400 0.03785300 0.02560100
v -0.08587400 0.03785300 0.02560100
v -0.08675500 0.04066500 0.02592100
v -0.08675500 0.04066500 0.02592100
v -0.08675500 0.04066500 0.02592100
v -0.08577000 0.03985000 0.02556300
v -0.08577000 0.03985000 0.02556300
v -0.08639600 0.04240200 0.02579100
v -0.08557300 0.04168600 0.02549100
v -0.08537100 0.04240000 0.02541800
v -0.08458600 -0.01952500 0.02859100
v -0.08449000 -0.01993700 0.02855600
v -0.08529500 -0.01993600 0.02884900
v -0.08476300 -0.01756400 0.02865500
v -0.08476300 -0.01756400 0.02865500
v -0.08476300 -0.01756400 0.02865500
v -0.08635800 -0.00198100 0.02923600
v -0.08532400 -0.00198300 0.02885900
v -0.08621500 -0.00733100 0.02918300
v -0.08621500 -0.00733100 0.02918300
v -0.08513900 -0.00862100 0.02879200
v -0.08513900 -0.00862100 0.02879200
v -0.08513900 -0.00862100 0.02879200
v -0.08587100 -0.01602500 0.02905800
v -0.08587100 -0.01602500 0.02905800
v -0.08587100 -0.01602500 0.02905800
v -0.08573000 -0.01822700 0.02900700
v -0.08573000 -0.01822700 0.02900700
v -0.08573800 -0.01993600 0.02794600
v -0.08483200 -0.01993700 0.02761600
v -0.08582700 -0.01964400 0.02797800
v -0.08582700 -0.01964400 0.02797800
v -0.08492900 -0.01952500 0.02765100
v -0.08492900 -0.01952500 0.02765100
v -0.08492900 -0.01952500 0.02765100
v -0.08596800 -0.01906800 0.02802900
v -0.08596800 -0.01906800 0.02802900
v -0.08596800 -0.01906800 0.02802900
v -0.08510500 -0.01756400 0.02771600
v -0.08510500 -0.01756400 0.02771600
v -0.08510500 -0.01756400 0.02771600
v -0.08510500 -0.01756400 0.02771600
v -0.08613300 -0.01767700 0.02809000
v -0.08613300 -0.01767700 0.02809000
v -0.08566700 -0.00198300 0.02792000
v -0.08670000 -0.00198100 0.02829600
v -0.08548100 -0.00862100 0.02785200
v -0.08548100 -0.00862100 0.02785200
v -0.08642900 -0.01098600 0.02819700
v -0.08642900 -0.01098600 0.02819700
v -0.08642900 -0.01098600 0.02819700
v -0.08510500 -0.01756400 0.02771600
v -0.08624700 -0.01530500 0.02813100
v -0.08624700 -0.01530500 0.02813100
v -0.08643600 -0.00198300 0.02580500
v -0.08747000 -0.00198100 0.02618200
v -0.08625100 -0.00862100 0.02573800
v -0.08625100 -0.00862100 0.02573800
v -0.08719200 -0.01119800 0.02608000
v -0.08719200 -0.01119800 0.02608000
v -0.08719200 -0.01119800 0.02608000
v -0.08587500 -0.01756400 0.02560100
v -0.08649600 -0.02036900 0.02582700
v -0.08547100 -0.02037100 0.02545400
v -0.08672700 -0.01947500 0.02591100
v -0.08672700 -0.01947500 0.02591100
v -0.08569800 -0.01952500 0.02553700
v -0.08569800 -0.01952500 0.02553700
v -0.08569800 -0.01952500 0.02553700
v -0.08685400 -0.01856600 0.02595800
v -0.08685400 -0.01856600 0.02595800
v -0.08685400 -0.01856600 0.02595800
v -0.08587500 -0.01756400 0.02560100
v -0.08587500 -0.01756400 0.02560100
v -0.08587500 -0.01756400 0.02560100
v -0.08700300 -0.01562000 0.02601200
v -0.08700300 -0.01562000 0.02601200
v -0.08535600 -0.01952500 0.02647700
v -0.08512900 -0.02037100 0.02639400
v -0.08605500 -0.02036900 0.02673100
v -0.08553300 -0.01756400 0.02654100
v -0.08553300 -0.01756400 0.02654100
v -0.08553300 -0.01756400 0.02654100
v -0.08648200 -0.01865800 0.02688600
v -0.08648200 -0.01865800 0.02688600
v -0.08662400 -0.01640300 0.02693800
v -0.08662400 -0.01640300 0.02693800
v -0.08662400 -0.01640300 0.02693800
v -0.08590900 -0.00862100 0.02667800
v -0.08590900 -0.00862100 0.02667800
v -0.08590900 -0.00862100 0.02667800
v -0.08698500 -0.00733600 0.02706900
v -0.08698500 -0.00733600 0.02706900
v -0.08609400 -0.00198300 0.02674500
v -0.08712500 -0.00213200 0.02712000
v -0.08712800 -0.00198100 0.02712100
v -0.06499900 -0.00202000 0.02039700
v -0.06499900 -0.00202000 0.02039700
v -0.06706600 -0.00201700 0.02115000
v -0.06501300 -0.01099700 0.02040200
v -0.06709400 -0.01996900 0.02116000
v -0.06502700 -0.01997300 0.02040800
v -0.06468500 -0.01997300 0.02134700
v -0.06675200 -0.01996900 0.02210000
v -0.06465700 -0.00202000 0.02133700
v -0.06672400 -0.00201700 0.02208900
v -0.06576800 -0.00202000 0.01828300
v -0.06783500 -0.00201700 0.01903500
v -0.06578300 -0.01121300 0.01828800
v -0.06578300 -0.01121300 0.01828800
v -0.06786500 -0.02040200 0.01904600
v -0.06786500 -0.02040200 0.01904600
v -0.06579700 -0.02040600 0.01829300
v -0.06545500 -0.02040600 0.01923300
v -0.06545500 -0.02040600 0.01923300
v -0.06752300 -0.02040200 0.01998600
v -0.06542600 -0.00202000 0.01922300
v -0.06749300 -0.00201700 0.01997500
v -0.08384700 0.04467400 0.02475700
v -0.08384700 0.04467400 0.02475700
v -0.08469000 0.04388000 0.02506400
v -0.08384000 0.04494000 0.02475400
v -0.08384000 0.04494000 0.02475400
v -0.08384000 0.04494000 0.02475400
v -0.08384000 0.04494000 0.02475400
v -0.08384000 0.04494000 0.02475400
v -0.08384000 0.04494000 0.02475400
v -0.08275300 0.04495900 0.02435900
v -0.08275300 0.04495900 0.02435900
v -0.08275300 0.04495900 0.02435900
v -0.08275300 0.04495900 0.02435900
v -0.07849800 -0.02582600 0.02281000
v -0.07849800 -0.02582600 0.02281000
v -0.07849800 -0.02582600 0.02281000
v -0.07849800 -0.02582600 0.02281000
v -0.07449700 -0.02589300 0.02135400
v -0.07449700 -0.02589300 0.02135400
v -0.07449700 -0.02589300 0.02135400
v -0.07352800 -0.02749900 0.02100100
v -0.07352800 -0.02749900 0.02100100
v -0.07352800 -0.02749900 0.02100100
v -0.07401600 -0.02603100 0.02117800
v -0.07401600 -0.02603100 0.02117800
v -0.07401600 -0.02603100 0.02117800
v -0.07188700 -0.02773600 0.02040400
v -0.07188700 -0.02773600 0.02040400
v -0.07188700 -0.02773600 0.02040400
v -0.07353400 -0.02589400 0.02100300
v -0.07353400 -0.02589400 0.02100300
v -0.07353400 -0.02589400 0.02100300
v -0.07025100 -0.02740900 0.01980800
v -0.07025100 -0.02740900 0.01980800
v -0.07025100 -0.02740900 0.01980800
v -0.07318100 -0.02552000 0.02087500
v -0.07318100 -0.02552000 0.02087500
v -0.07318100 -0.02552000 0.02087500
v -0.06919800 -0.02685000 0.01942500
v -0.06919800 -0.02685000 0.01942500
v -0.06919800 -0.02685000 0.01942500
v -0.07305100 -0.02500700 0.02082700
v -0.07305100 -0.02500700 0.02082700
v -0.07305100 -0.02500700 0.02082700
v -0.07305100 -0.02500700 0.02082700
v -0.06796600 -0.02565000 0.01897600
v -0.06796600 -0.02565000 0.01897600
v -0.06796600 -0.02565000 0.01897600
v -0.06796600 -0.02565000 0.01897600
v -0.06685500 -0.01374700 0.01857200
v -0.06685500 -0.01374700 0.01857200
v -0.06687100 -0.02244400 0.01857800
v -0.06687100 -0.02244400 0.01857800
v -0.06687100 -0.02244400 0.01857800
v -0.06789900 -0.02046500 0.01895200
v -0.06789900 -0.02046500 0.01895200
v -0.06789900 -0.02046500 0.01895200
v -0.06789900 -0.02046500 0.01895200
v -0.07404600 0.04930600 0.02118900
v -0.07404600 0.04930600 0.02118900
v -0.07404600 0.04930600 0.02118900
v -0.07404600 0.04930600 0.02118900
v -0.07244800 0.04968700 0.02060800
v -0.07244800 0.04968700 0.02060800
v -0.07341700 0.04788100 0.02096000
v -0.07341700 0.04788100 0.02096000
v -0.07341700 0.04788100 0.02096000
v -0.07341700 0.04788100 0.02096000
v -0.07086200 0.04960600 0.02003000
v -0.07086200 0.04960600 0.02003000
v -0.07086200 0.04960600 0.02003000
v -0.07306500 0.04750500 0.02083200
v -0.07306500 0.04750500 0.02083200
v -0.07306500 0.04750500 0.02083200
v -0.06938100 0.04901800 0.01949200
v -0.06938100 0.04901800 0.01949200
v -0.06938100 0.04901800 0.01949200
v -0.07293700 0.04699200 0.02078600
v -0.07293700 0.04699200 0.02078600
v -0.07293700 0.04699200 0.02078600
v -0.07293700 0.04699200 0.02078600
v -0.07293700 0.04699200 0.02078600
v -0.06807600 0.04790500 0.01901600
v -0.06807600 0.04790500 0.01901600
v -0.06718000 0.04641200 0.01869000
v -0.06718000 0.04641200 0.01869000
v -0.06718000 0.04641200 0.01869000
v -0.06718000 0.04641200 0.01869000
v -0.07389800 0.04801900 0.02113600
v -0.07389800 0.04801900 0.02113600
v -0.07438000 0.04788300 0.02131100
v -0.07438000 0.04788300 0.02131100
v -0.07438000 0.04788300 0.02131100
v -0.07899100 0.04758500 0.02298900
v -0.07899100 0.04758500 0.02298900
v -0.07899100 0.04758500 0.02298900
v -0.07473300 0.04750800 0.02143900
v -0.07473300 0.04750800 0.02143900
v -0.07473300 0.04750800 0.02143900
v -0.08233100 0.04606100 0.02420500
v -0.08233100 0.04606100 0.02420500
v -0.08233100 0.04606100 0.02420500
v -0.07486300 0.04699600 0.02148700
v -0.07486300 0.04699600 0.02148700
v -0.07486300 0.04699600 0.02148700
v -0.07473500 0.04648300 0.02144000
v -0.07473500 0.04648300 0.02144000
v -0.07438300 0.04610700 0.02131200
v -0.07438300 0.04610700 0.02131200
v -0.07438300 0.04610700 0.02131200
v -0.07390100 0.04596900 0.02113700
v -0.07390100 0.04596900 0.02113700
v -0.07390100 0.04596900 0.02113700
v -0.07014400 0.04493600 0.01976900
v -0.07014400 0.04493600 0.01976900
v -0.07014400 0.04493600 0.01976900
v -0.07342000 0.04610500 0.02096100
v -0.07342000 0.04610500 0.02096100
v -0.07342000 0.04610500 0.02096100
v -0.06933200 0.04478000 0.01947300
v -0.06933200 0.04478000 0.01947300
v -0.06933200 0.04478000 0.01947300
v -0.07306700 0.04648000 0.02083300
v -0.07306700 0.04648000 0.02083300
v -0.08286100 -0.02293900 0.02439800
v -0.08286100 -0.02293900 0.02439800
v -0.08286100 -0.02293900 0.02439800
v -0.07025200 -0.02296100 0.01980900
v -0.07025200 -0.02296100 0.01980900
v -0.07025200 -0.02296100 0.01980900
v -0.07025200 -0.02296100 0.01980900
v -0.07025200 -0.02296100 0.01980900
v -0.07025200 -0.02296100 0.01980900
v -0.07401300 -0.02398100 0.02117700
v -0.07401300 -0.02398100 0.02117700
v -0.07401300 -0.02398100 0.02117700
v -0.08396700 -0.02289500 0.02480000
v -0.08396700 -0.02289500 0.02480000
v -0.08480100 -0.02184200 0.02510400
v -0.08395800 -0.02264700 0.02479700
v -0.08395800 -0.02264700 0.02479700
v -0.08395800 -0.02264700 0.02479700
v -0.07317900 -0.02449500 0.02087400
v -0.07317900 -0.02449500 0.02087400
v -0.07353100 -0.02411900 0.02100200
v -0.07353100 -0.02411900 0.02100200
v -0.06943900 -0.02280800 0.01951300
v -0.06943900 -0.02280800 0.01951300
v -0.06943900 -0.02280800 0.01951300
v -0.06716300 -0.02410000 0.01868400
v -0.06716300 -0.02410000 0.01868400
v -0.06716300 -0.02410000 0.01868400
v -0.06859000 -0.02223200 0.01920400
v -0.06859000 -0.02223200 0.01920400
v -0.06859000 -0.02223200 0.01920400
v -0.06687100 -0.02244400 0.01857800
v -0.06804600 -0.02133100 0.01900500
v -0.06804600 -0.02133100 0.01900500
v -0.07449400 -0.02411700 0.02135300
v -0.07449400 -0.02411700 0.02135300
v -0.07484800 -0.02449200 0.02148100
v -0.07484800 -0.02449200 0.02148100
v -0.08286100 -0.02293900 0.02439800
v -0.08286100 -0.02293900 0.02439800
v -0.08286100 -0.02293900 0.02439800
v -0.08286100 -0.02293900 0.02439800
v -0.07497700 -0.02500400 0.02152800
v -0.07497700 -0.02500400 0.02152800
v -0.07497700 -0.02500400 0.02152800
v -0.07497700 -0.02500400 0.02152800
v -0.08263300 -0.02393600 0.02431500
v -0.08263300 -0.02393600 0.02431500
v -0.08263300 -0.02393600 0.02431500
v -0.08092900 -0.02477800 0.02369400
v -0.08092900 -0.02477800 0.02369400
v -0.08092900 -0.02477800 0.02369400
v -0.07484900 -0.02551700 0.02148200
v -0.07484900 -0.02551700 0.02148200
v -0.06683200 0.00054500 0.01856400
v -0.06683200 0.00054500 0.01856400
v -0.06683200 0.00054500 0.01856400
v -0.06683200 0.00054500 0.01856400
v -0.06683200 0.00054500 0.01856400
v -0.06683200 0.00054500 0.01856400
v -0.06784400 0.01438300 0.01893200
v -0.06784400 0.01438300 0.01893200
v -0.06737400 0.01451600 0.01876100
v -0.06737400 0.01451600 0.01876100
v -0.06695000 0.02212800 0.01860700
v -0.06695000 0.02212800 0.01860700
v -0.06676300 0.04424600 0.01853800
v -0.06676300 0.04424600 0.01853800
v -0.06676300 0.04424600 0.01853800
v -0.06689200 0.02178100 0.01858600
v -0.06689200 0.02178100 0.01858600
v -0.06689200 0.02178100 0.01858600
v -0.06680100 0.01993200 0.01855200
v -0.06680100 0.01993200 0.01855200
v -0.06680100 0.01993200 0.01855200
v -0.06690200 0.01538100 0.01858900
v -0.06690200 0.01538100 0.01858900
v -0.06690200 0.01538100 0.01858900
v -0.06702900 0.01488200 0.01863500
v -0.06702900 0.01488200 0.01863500
v -0.06716600 0.02248900 0.01868500
v -0.06716600 0.02248900 0.01868500
v -0.06676300 0.04424600 0.01853800
v -0.06676300 0.04424600 0.01853800
v -0.06676300 0.04424600 0.01853800
v -0.06676300 0.04424600 0.01853800
v -0.06676300 0.04424600 0.01853800
v -0.06750500 0.02272100 0.01880900
v -0.06750500 0.02272100 0.01880900
v -0.06783000 0.02278300 0.01892700
v -0.06783000 0.02278300 0.01892700
v -0.06933200 0.04478000 0.01947300
v -0.06933200 0.04478000 0.01947300
v -0.06848400 0.04420100 0.01916500
v -0.06848400 0.04420100 0.01916500
v -0.06848400 0.04420100 0.01916500
v -0.06678700 0.04478300 0.01854700
v -0.06678700 0.04478300 0.01854700
v -0.06678700 0.04478300 0.01854700
v -0.06794300 0.04329700 0.01896800
v -0.06794300 0.04329700 0.01896800
v -0.06794300 0.04329700 0.01896800
v -0.06779900 0.04243200 0.01891600
v -0.06779900 0.04243200 0.01891600
v -0.06945600 0.04099200 0.02899000
v -0.07099500 0.04099200 0.02476100
v -0.07067800 0.04224100 0.02464600
v -0.06709600 0.04099200 0.03547400
v -0.06677900 0.04224100 0.03535800
v -0.06677900 0.04224100 0.03535800
v -0.07067800 0.04224100 0.02464600
v -0.06667700 0.04241200 0.03532100
v -0.06981700 0.04315400 0.02433300
v -0.06660900 0.04223400 0.02316500
v -0.06271000 0.04223400 0.03387700
v -0.06660900 0.04223400 0.02316500
v -0.06271000 0.04223400 0.03387700
v -0.06271000 0.04223400 0.03387700
v -0.06746800 0.04315000 0.02347700
v -0.06746800 0.04315000 0.02347700
v -0.06356900 0.04315000 0.03419000
v -0.06746800 0.04315000 0.02347700
v -0.06356900 0.04315000 0.03419000
v -0.06356900 0.04315000 0.03419000
v -0.06864200 0.04348700 0.02390500
v -0.06864200 0.04348700 0.02390500
v -0.06474300 0.04348700 0.03461700
v -0.06864200 0.04348700 0.02390500
v -0.06474300 0.04348700 0.03461700
v -0.06474300 0.04348700 0.03461700
v -0.06981700 0.04315400 0.02433300
v -0.06981700 0.04315400 0.02433300
v -0.06591800 0.04315400 0.03504500
v -0.06591800 0.04315400 0.03504500
v -0.06945600 0.04099200 0.02899000
v -0.07772500 0.04100600 0.03200000
v -0.07772500 0.04100600 0.03200000
v -0.07099500 0.04099200 0.02476100
v -0.07099500 0.04099200 0.02476100
v -0.07926400 0.04100600 0.02777100
v -0.07725800 0.03950600 0.03182900
v -0.07489800 0.03950600 0.03831300
v -0.07751400 0.04064500 0.03192300
v -0.07515400 0.04064500 0.03840700
v -0.07772500 0.04100600 0.03200000
v -0.07587000 0.04153500 0.03866700
v -0.07912900 0.03801300 0.03985300
v -0.08302800 0.03801300 0.02914100
v -0.08302800 0.03801300 0.02914100
v -0.07956300 0.03909000 0.04001100
v -0.07956300 0.03909000 0.04001100
v -0.08346200 0.03909000 0.02929900
v -0.07956300 0.03909000 0.04001100
v -0.08346200 0.03909000 0.02929900
v -0.08346200 0.03909000 0.02929900
v -0.07948800 0.04025900 0.03998400
v -0.07948800 0.04025900 0.03998400
v -0.08338700 0.04025900 0.02927200
v -0.07948800 0.04025900 0.03998400
v -0.08338700 0.04025900 0.02927200
v -0.08338700 0.04025900 0.02927200
v -0.07892100 0.04126400 0.03977800
v -0.07892100 0.04126400 0.03977800
v -0.08282000 0.04126400 0.02906500
v -0.07892100 0.04126400 0.03977800
v -0.08282000 0.04126400 0.02906500
v -0.08282000 0.04126400 0.02906500
v -0.07798600 0.04188300 0.03943700
v -0.07798600 0.04188300 0.03943700
v -0.08188500 0.04188300 0.02872500
v -0.07798600 0.04188300 0.03943700
v -0.08188500 0.04188300 0.02872500
v -0.08188500 0.04188300 0.02872500
v -0.07688900 0.04198100 0.03903800
v -0.07688900 0.04198100 0.03903800
v -0.08078800 0.04198100 0.02832600
v -0.07688900 0.04198100 0.03903800
v -0.08078800 0.04198100 0.02832600
v -0.07976900 0.04153500 0.02795500
v -0.07926400 0.04100600 0.02777100
v -0.08302800 0.03801300 0.02914100
v -0.07912900 0.03801300 0.03985300
v -0.07912900 0.03801300 0.03985300
v -0.08311400 -0.01598700 0.02917200
v -0.08311400 -0.01598700 0.02917200
v -0.08311400 -0.01598700 0.02917200
v -0.07918000 0.00563800 0.03987200
v -0.07918000 0.00563800 0.03987200
v -0.07921500 -0.01598700 0.03988500
v -0.07782000 -0.01899300 0.03203400
v -0.07936000 -0.01899300 0.02780600
v -0.07986600 -0.01952100 0.02799000
v -0.07498800 -0.01749400 0.03834600
v -0.07734800 -0.01749400 0.03186200
v -0.07524800 -0.01863300 0.03844100
v -0.07760800 -0.01863300 0.03195700
v -0.07524800 -0.01863300 0.03844100
v -0.07760800 -0.01863300 0.03195700
v -0.07596700 -0.01952100 0.03870300
v -0.07596700 -0.01952100 0.03870300
v -0.07986600 -0.01952100 0.02799000
v -0.07986600 -0.01952100 0.02799000
v -0.07698700 -0.01996200 0.03907400
v -0.07698700 -0.01996200 0.03907400
v -0.08088600 -0.01996200 0.02836100
v -0.07698700 -0.01996200 0.03907400
v -0.08088600 -0.01996200 0.02836100
v -0.08088600 -0.01996200 0.02836100
v -0.07808400 -0.01986000 0.03947300
v -0.07808400 -0.01986000 0.03947300
v -0.08198300 -0.01986000 0.02876100
v -0.07808400 -0.01986000 0.03947300
v -0.08198300 -0.01986000 0.02876100
v -0.08198300 -0.01986000 0.02876100
v -0.07901700 -0.01923800 0.03981300
v -0.07901700 -0.01923800 0.03981300
v -0.08291600 -0.01923800 0.02910000
v -0.07901700 -0.01923800 0.03981300
v -0.08291600 -0.01923800 0.02910000
v -0.08291600 -0.01923800 0.02910000
v -0.07958100 -0.01823100 0.04001800
v -0.07958100 -0.01823100 0.04001800
v -0.08348000 -0.01823100 0.02930500
v -0.07958100 -0.01823100 0.04001800
v -0.08348000 -0.01823100 0.02930500
v -0.08348000 -0.01823100 0.02930500
v -0.07965200 -0.01706200 0.04004400
v -0.07965200 -0.01706200 0.04004400
v -0.08355100 -0.01706200 0.02933100
v -0.07965200 -0.01706200 0.04004400
v -0.08355100 -0.01706200 0.02933100
v -0.08355100 -0.01706200 0.02933100
v -0.07921500 -0.01598700 0.03988500
v -0.07921500 -0.01598700 0.03988500
v -0.08311400 -0.01598700 0.02917200
v -0.06955100 -0.01900800 0.02902500
v -0.06719100 -0.01900800 0.03550900
v -0.06687900 -0.02025900 0.03539500
v -0.07109000 -0.01900800 0.02479600
v -0.07077800 -0.02025900 0.02468200
v -0.07077800 -0.02025900 0.02468200
v -0.06687900 -0.02025900 0.03539500
v -0.06687900 -0.02025900 0.03539500
v -0.06991900 -0.02117600 0.02437000
v -0.06991900 -0.02117600 0.02437000
v -0.06602000 -0.02117600 0.03508200
v -0.06991900 -0.02117600 0.02437000
v -0.06602000 -0.02117600 0.03508200
v -0.06602000 -0.02117600 0.03508200
v -0.06874500 -0.02151300 0.02394200
v -0.06874500 -0.02151300 0.02394200
v -0.06484600 -0.02151300 0.03465500
v -0.06874500 -0.02151300 0.02394200
v -0.06484600 -0.02151300 0.03465500
v -0.06484600 -0.02151300 0.03465500
v -0.06757000 -0.02118000 0.02351500
v -0.06757000 -0.02118000 0.02351500
v -0.06367100 -0.02118000 0.03422700
v -0.06757000 -0.02118000 0.02351500
v -0.06367100 -0.02118000 0.03422700
v -0.06367100 -0.02118000 0.03422700
v -0.06670900 -0.02026600 0.02320100
v -0.06670900 -0.02026600 0.02320100
v -0.06281000 -0.02026600 0.03391400
v -0.06670900 -0.02026600 0.02320100
v -0.06281000 -0.02026600 0.03391400
v -0.07782000 -0.01899300 0.03203400
v -0.06955100 -0.01900800 0.02902500
v -0.06955100 -0.01900800 0.02902500
v -0.07936000 -0.01899300 0.02780600
v -0.07936000 -0.01899300 0.02780600
v -0.07109000 -0.01900800 0.02479600
v -0.07268400 -0.02354300 0.03942300
v -0.07268400 -0.02354300 0.03942300
v -0.07183400 -0.02389200 0.03911400
v -0.07183400 -0.02389200 0.03911400
v -0.07183400 -0.02389200 0.03911400
v -0.07171900 -0.02286900 0.03907200
v -0.07171900 -0.02286900 0.03907200
v -0.07171900 -0.02286900 0.03907200
v -0.07171900 -0.02286900 0.03907200
v -0.06160400 -0.02447000 0.03539000
v -0.06160400 -0.02447000 0.03539000
v -0.06140500 -0.02429000 0.03531800
v -0.06140500 -0.02429000 0.03531800
v -0.06165600 -0.02314300 0.03540900
v -0.06165600 -0.02314300 0.03540900
v -0.06165600 -0.02314300 0.03540900
v -0.06075600 -0.02355800 0.03508200
v -0.06075600 -0.02355800 0.03508200
v -0.06075600 -0.02355800 0.03508200
v -0.06077700 -0.02160200 0.03508900
v -0.06077700 -0.02160200 0.03508900
v -0.06077700 -0.02160200 0.03508900
v -0.06077700 -0.02160200 0.03508900
v -0.06077700 -0.02160200 0.03508900
v -0.06077700 -0.02160200 0.03508900
v -0.06030200 -0.02285300 0.03491700
v -0.06030200 -0.02285300 0.03491700
v -0.06010800 -0.02247000 0.03484600
v -0.06010800 -0.02247000 0.03484600
v -0.07941400 -0.01955800 0.04187300
v -0.07941400 -0.01955800 0.04187300
v -0.07869500 -0.01891200 0.04161100
v -0.07869500 -0.01891200 0.04161100
v -0.07869500 -0.01891200 0.04161100
v -0.07869500 -0.01891200 0.04161100
v -0.07869500 -0.01891200 0.04161100
v -0.08024100 -0.01838500 0.04217400
v -0.08024100 -0.01838500 0.04217400
v -0.08024100 -0.01838500 0.04217400
v -0.07991500 -0.01687500 0.04205500
v -0.07991500 -0.01687500 0.04205500
v -0.07991500 -0.01687500 0.04205500
v -0.07991500 -0.01687500 0.04205500
v -0.07991500 -0.01687500 0.04205500
v -0.07991500 -0.01687500 0.04205500
v -0.08080800 -0.01719300 0.04238000
v -0.08080800 -0.01719300 0.04238000
v -0.08098400 -0.01668300 0.04244400
v -0.08098400 -0.01668300 0.04244400
v -0.06299100 -0.02425200 0.03589500
v -0.06299100 -0.02425200 0.03589500
v -0.06299100 -0.02425200 0.03589500
v -0.06299100 -0.02425200 0.03589500
v -0.06261900 -0.02517300 0.03576000
v -0.06261900 -0.02517300 0.03576000
v -0.06261900 -0.02517300 0.03576000
v -0.06165600 -0.02314300 0.03540900
v -0.06165600 -0.02314300 0.03540900
v -0.06165600 -0.02314300 0.03540900
v -0.06173100 -0.02457800 0.03543700
v -0.06173100 -0.02457800 0.03543700
v -0.06501700 -0.02581900 0.03663300
v -0.06501700 -0.02581900 0.03663300
v -0.06482000 -0.02581000 0.03656100
v -0.06482000 -0.02581000 0.03656100
v -0.06460900 -0.02478500 0.03648400
v -0.06460900 -0.02478500 0.03648400
v -0.06460900 -0.02478500 0.03648400
v -0.06460900 -0.02478500 0.03648400
v -0.06460900 -0.02478500 0.03648400
v -0.06376900 -0.02563300 0.03617800
v -0.06376900 -0.02563300 0.03617800
v -0.06376900 -0.02563300 0.03617800
v -0.06320800 -0.02544700 0.03597400
v -0.06320800 -0.02544700 0.03597400
v -0.06631800 -0.02569500 0.03710600
v -0.06631800 -0.02569500 0.03710600
v -0.06631800 -0.02569500 0.03710600
v -0.06629900 -0.02467400 0.03709900
v -0.06629900 -0.02467400 0.03709900
v -0.06629900 -0.02467400 0.03709900
v -0.06629900 -0.02467400 0.03709900
v -0.06629900 -0.02467400 0.03709900
v -0.06652600 -0.02564400 0.03718200
v -0.06652600 -0.02564400 0.03718200
v -0.07886400 0.04207200 0.04167300
v -0.07886400 0.04207200 0.04167300
v -0.07922200 0.04169500 0.04180300
v -0.07922200 0.04169500 0.04180300
v -0.07922200 0.04169500 0.04180300
v -0.07860000 0.04093900 0.04157700
v -0.07860000 0.04093900 0.04157700
v -0.07860000 0.04093900 0.04157700
v -0.07860000 0.04093900 0.04157700
v -0.05955900 0.04306900 0.03464600
v -0.05955900 0.04306900 0.03464600
v -0.05955900 0.04306900 0.03464600
v -0.06067400 0.04356400 0.03505200
v -0.06067400 0.04356400 0.03505200
v -0.06067400 0.04356400 0.03505200
v -0.06067400 0.04356400 0.03505200
v -0.06037100 0.04179100 0.03494200
v -0.06037100 0.04179100 0.03494200
v -0.06037100 0.04179100 0.03494200
v -0.06037100 0.04179100 0.03494200
v -0.06037100 0.04179100 0.03494200
v -0.06037100 0.04179100 0.03494200
v -0.06037100 0.04179100 0.03494200
v -0.06786700 -0.02526800 0.03767000
v -0.06786700 -0.02526800 0.03767000
v -0.08090700 0.00250300 0.04241600
v -0.08090700 0.00250300 0.04241600
v -0.08090700 0.00250300 0.04241600
v -0.08090700 0.00250300 0.04241600
v -0.08171900 -0.00400200 0.04271200
v -0.08171900 -0.00400200 0.04271200
v -0.08171900 -0.00400200 0.04271200
v -0.08041200 -0.01451900 0.04223600
v -0.08041200 -0.01451900 0.04223600
v -0.08041200 -0.01451900 0.04223600
v -0.08135100 -0.01456600 0.04257800
v -0.08135100 -0.01456600 0.04257800
v -0.08135100 -0.01456600 0.04257800
v -0.08118600 -0.01589200 0.04251800
v -0.08118600 -0.01589200 0.04251800
v -0.05943400 0.04037300 0.03460000
v -0.05943400 0.04037300 0.03460000
v -0.05943100 0.04173600 0.03460000
v -0.05943100 0.04173600 0.03460000
v -0.05943100 0.04178900 0.03460000
v -0.05943100 0.04178900 0.03460000
v -0.07892700 -0.02008000 0.04169500
v -0.07892700 -0.02008000 0.04169500
v -0.07841500 -0.02053700 0.04150900
v -0.07841500 -0.02053700 0.04150900
v -0.07841500 -0.02053700 0.04150900
v -0.07689700 -0.02038700 0.04095700
v -0.07689700 -0.02038700 0.04095700
v -0.07689700 -0.02038700 0.04095700
v -0.07733400 -0.02127200 0.04111600
v -0.07733400 -0.02127200 0.04111600
v -0.07733400 -0.02127200 0.04111600
v -0.07171900 -0.02286900 0.03907200
v -0.07462400 -0.02267200 0.04012900
v -0.07462400 -0.02267200 0.04012900
v -0.08088000 0.01953200 0.04240600
v -0.08088000 0.01953200 0.04240600
v -0.08088000 0.01953200 0.04240600
v -0.08088000 0.01953200 0.04240600
v -0.08188700 0.00650000 0.04277300
v -0.08188700 0.00650000 0.04277300
v -0.08188700 0.00650000 0.04277300
v -0.08184000 0.00202200 0.04275600
v -0.08184000 0.00202200 0.04275600
v -0.08025900 0.04022100 0.04218000
v -0.08025900 0.04022100 0.04218000
v -0.08066700 0.03935800 0.04232900
v -0.08066700 0.03935800 0.04232900
v -0.07982700 0.03890700 0.04202300
v -0.07982700 0.03890700 0.04202300
v -0.07982700 0.03890700 0.04202300
v -0.07982700 0.03890700 0.04202300
v -0.07982700 0.03890700 0.04202300
v -0.07982700 0.03890700 0.04202300
v -0.08102100 0.03827700 0.04245700
v -0.08102100 0.03827700 0.04245700
v -0.08102100 0.03827700 0.04245700
v -0.08033100 0.03655200 0.04220600
v -0.08033100 0.03655200 0.04220600
v -0.08033100 0.03655200 0.04220600
v -0.08033100 0.03655200 0.04220600
v -0.08033100 0.03655200 0.04220600
v -0.08033100 0.03655200 0.04220600
v -0.08126900 0.03660200 0.04254800
v -0.08126900 0.03660200 0.04254800
v -0.08132500 0.03541300 0.04256800
v -0.08132500 0.03541300 0.04256800
v -0.08011000 0.04048200 0.04212600
v -0.08011000 0.04048200 0.04212600
v -0.06057100 0.04541600 0.03501400
v -0.06057100 0.04541600 0.03501400
v -0.06139600 0.04635100 0.03531500
v -0.06139600 0.04635100 0.03531500
v -0.06154700 0.04510800 0.03537000
v -0.06154700 0.04510800 0.03537000
v -0.06154700 0.04510800 0.03537000
v -0.06154700 0.04510800 0.03537000
v -0.06154700 0.04510800 0.03537000
v -0.06154700 0.04510800 0.03537000
v -0.06153500 0.04647400 0.03536500
v -0.06153500 0.04647400 0.03536500
v -0.06153500 0.04647400 0.03536500
v -0.06287900 0.04622200 0.03585400
v -0.06287900 0.04622200 0.03585400
v -0.06287900 0.04622200 0.03585400
v -0.06287900 0.04622200 0.03585400
v -0.05969200 0.04360200 0.03469400
v -0.05969200 0.04360200 0.03469400
v -0.05994900 0.04431000 0.03478800
v -0.05994900 0.04431000 0.03478800
v -0.05994900 0.04431000 0.03478800
v -0.06043200 0.04521200 0.03496400
v -0.06043200 0.04521200 0.03496400
v -0.05952900 -0.01983100 0.03463500
v -0.05952900 -0.01983100 0.03463500
v -0.05952500 -0.01719100 0.03463400
v -0.05952500 -0.01719100 0.03463400
v -0.06046900 -0.01982900 0.03497700
v -0.06046900 -0.01982900 0.03497700
v -0.06046900 -0.01982900 0.03497700
v -0.06046900 -0.01982900 0.03497700
v -0.07820200 0.04265200 0.04143100
v -0.07820200 0.04265200 0.04143100
v -0.07820200 0.04265200 0.04143100
v -0.07679800 0.04240700 0.04092000
v -0.07679800 0.04240700 0.04092000
v -0.07679800 0.04240700 0.04092000
v -0.07679800 0.04240700 0.04092000
v -0.07723100 0.04329400 0.04107800
v -0.07723100 0.04329400 0.04107800
v -0.06476900 0.04779100 0.03654200
v -0.06476900 0.04779100 0.03654200
v -0.06481800 0.04779300 0.03656000
v -0.06481800 0.04779300 0.03656000
v -0.06449500 0.04676200 0.03644300
v -0.06449500 0.04676200 0.03644300
v -0.06449500 0.04676200 0.03644300
v -0.06449500 0.04676200 0.03644300
v -0.06449500 0.04676200 0.03644300
v -0.06449500 0.04676200 0.03644300
v -0.06606700 0.04770400 0.03701500
v -0.06606700 0.04770400 0.03701500
v -0.06606700 0.04770400 0.03701500
v -0.06618600 0.04665600 0.03705800
v -0.06618600 0.04665600 0.03705800
v -0.06618600 0.04665600 0.03705800
v -0.06640900 0.04762700 0.03713900
v -0.06640900 0.04762700 0.03713900
v -0.06640900 0.04762700 0.03713900
v -0.07161200 0.04487000 0.03903300
v -0.07161200 0.04487000 0.03903300
v -0.07161200 0.04487000 0.03903300
v -0.07161200 0.04487000 0.03903300
v -0.07161200 0.04487000 0.03903300
v -0.07016200 0.04647700 0.03850500
v -0.07016200 0.04647700 0.03850500
v -0.06239300 0.04708000 0.03567800
v -0.06239300 0.04708000 0.03567800
v -0.06306400 0.04740600 0.03592200
v -0.06306400 0.04740600 0.03592200
v -0.06306400 0.04740600 0.03592200
v -0.06353000 0.04757100 0.03609100
v -0.06353000 0.04757100 0.03609100
v -0.05969000 -0.02124300 0.03469400
v -0.05969000 -0.02124300 0.03469400
v -0.05965800 -0.02109500 0.03468200
v -0.05965800 -0.02109500 0.03468200
v -0.05965800 -0.02109500 0.03468200
v -0.05953000 -0.01991800 0.03463600
v -0.05953000 -0.01991800 0.03463600
v -0.07131000 0.04605400 0.03892300
v -0.07131000 0.04605400 0.03892300
v -0.07298900 0.04537200 0.03953400
v -0.07298900 0.04537200 0.03953400
v -0.07298900 0.04537200 0.03953400
v -0.07679800 0.04240700 0.04092000
v -0.07611200 0.04389500 0.04067100
v -0.07611200 0.04389500 0.04067100
v -0.08143900 0.03276700 0.04261000
v -0.08143900 0.03276700 0.04261000
v -0.08162800 0.02749100 0.04267900
v -0.08162800 0.02749100 0.04267900
v -0.08162800 0.02749100 0.04267900
v -0.08182400 0.01927700 0.04275000
v -0.08182400 0.01927700 0.04275000
v -0.05950800 -0.00625000 0.03462700
v -0.05950800 -0.00625000 0.03462700
v -0.06046900 -0.01982900 0.03497700
v -0.06046900 -0.01982900 0.03497700
v -0.06046900 -0.01982900 0.03497700
v -0.05947300 0.01571600 0.03461500
v -0.05947300 0.01571600 0.03461500
v -0.05947300 0.01571600 0.03461500
v -0.05943800 0.03764400 0.03460200
v -0.05943800 0.03764400 0.03460200
v -0.06592600 0.04418600 0.01674400
v -0.06592600 0.04418600 0.01674400
v -0.06724100 0.04424600 0.01722300
v -0.06724100 0.04424600 0.01722300
v -0.06724100 0.04424600 0.01722300
v -0.06724100 0.04424600 0.01722300
v -0.06724100 0.04424600 0.01722300
v -0.06724100 0.04424600 0.01722300
v -0.06593500 0.04461600 0.01674700
v -0.06593500 0.04461600 0.01674700
v -0.06593500 0.04461600 0.01674700
v -0.06726500 0.04478300 0.01723200
v -0.06726500 0.04478300 0.01723200
v -0.06726500 0.04478300 0.01723200
v -0.06606600 0.04567700 0.01679500
v -0.06606600 0.04567700 0.01679500
v -0.06606600 0.04567700 0.01679500
v -0.06765800 0.04641200 0.01737500
v -0.06765800 0.04641200 0.01737500
v -0.06765800 0.04641200 0.01737500
v -0.06765800 0.04641200 0.01737500
v -0.06765800 0.04641200 0.01737500
v -0.06630400 0.04657100 0.01688200
v -0.06630400 0.04657100 0.01688200
v -0.06852700 -0.02769600 0.01769100
v -0.06852700 -0.02769600 0.01769100
v -0.06967600 -0.02685000 0.01810900
v -0.06967600 -0.02685000 0.01810900
v -0.06967600 -0.02685000 0.01810900
v -0.06967600 -0.02685000 0.01810900
v -0.06844500 -0.02565000 0.01766100
v -0.06844500 -0.02565000 0.01766100
v -0.06844500 -0.02565000 0.01766100
v -0.06844500 -0.02565000 0.01766100
v -0.06764200 -0.02410000 0.01736900
v -0.06764200 -0.02410000 0.01736900
v -0.06764200 -0.02410000 0.01736900
v -0.06764200 -0.02410000 0.01736900
v -0.06669700 -0.02531000 0.01702500
v -0.06669700 -0.02531000 0.01702500
v -0.06669700 -0.02531000 0.01702500
v -0.06748300 -0.02661200 0.01731100
v -0.06748300 -0.02661200 0.01731100
v -0.06602900 -0.02082800 0.01678200
v -0.06602900 -0.02082800 0.01678200
v -0.06603200 -0.02238100 0.01678300
v -0.06603200 -0.02238100 0.01678300
v -0.06735000 -0.02244400 0.01726200
v -0.06735000 -0.02244400 0.01726200
v -0.06735000 -0.02244400 0.01726200
v -0.06735000 -0.02244400 0.01726200
v -0.06735000 -0.02244400 0.01726200
v -0.06735000 -0.02244400 0.01726200
v -0.06852700 -0.02769600 0.01769100
v -0.06878200 -0.02789600 0.01778400
v -0.06878200 -0.02789600 0.01778400
v -0.06976400 -0.02849800 0.01814100
v -0.06976400 -0.02849800 0.01814100
v -0.07073000 -0.02740900 0.01849300
v -0.07073000 -0.02740900 0.01849300
v -0.07073000 -0.02740900 0.01849300
v -0.07073000 -0.02740900 0.01849300
v -0.06607000 -0.02301900 0.01679600
v -0.06607000 -0.02301900 0.01679600
v -0.06620800 -0.02387100 0.01684700
v -0.06620800 -0.02387100 0.01684700
v -0.06620800 -0.02387100 0.01684700
v -0.06652600 -0.02491000 0.01696300
v -0.06652600 -0.02491000 0.01696300
v -0.06950500 0.05040100 0.01804700
v -0.06950500 0.05040100 0.01804700
v -0.06852800 0.04976400 0.01769100
v -0.06852800 0.04976400 0.01769100
v -0.06986000 0.04901800 0.01817600
v -0.06986000 0.04901800 0.01817600
v -0.06986000 0.04901800 0.01817600
v -0.06986000 0.04901800 0.01817600
v -0.06986000 0.04901800 0.01817600
v -0.06828700 0.04956300 0.01760300
v -0.06828700 0.04956300 0.01760300
v -0.06855500 0.04790500 0.01770100
v -0.06855500 0.04790500 0.01770100
v -0.06855500 0.04790500 0.01770100
v -0.06828700 0.04956300 0.01760300
v -0.06720000 0.04835100 0.01720800
v -0.06720000 0.04835100 0.01720800
v -0.06720000 0.04835100 0.01720800
v -0.06651800 0.04712700 0.01695900
v -0.06651800 0.04712700 0.01695900
v -0.07016600 0.05070300 0.01828700
v -0.07016600 0.05070300 0.01828700
v -0.07016600 0.05070300 0.01828700
v -0.07134000 0.04960600 0.01871500
v -0.07134000 0.04960600 0.01871500
v -0.07134000 0.04960600 0.01871500
v -0.07134000 0.04960600 0.01871500
v -0.07134000 0.04960600 0.01871500
v -0.07085000 0.05092400 0.01853600
v -0.07085000 0.05092400 0.01853600
v -0.06976400 -0.02849800 0.01814100
v -0.07048300 -0.02880000 0.01840300
v -0.07048300 -0.02880000 0.01840300
v -0.07111800 -0.02898300 0.01863400
v -0.07111800 -0.02898300 0.01863400
v -0.07236600 -0.02773600 0.01908800
v -0.07236600 -0.02773600 0.01908800
v -0.07236600 -0.02773600 0.01908800
v -0.07236600 -0.02773600 0.01908800
v -0.08351300 0.04725000 0.02314500
v -0.08351300 0.04725000 0.02314500
v -0.08280900 0.04606100 0.02288900
v -0.08280900 0.04606100 0.02288900
v -0.08280900 0.04606100 0.02288900
v -0.08280900 0.04606100 0.02288900
v -0.08417600 0.04683700 0.02338700
v -0.08417600 0.04683700 0.02338700
v -0.08417600 0.04683700 0.02338700
v -0.08280900 0.04606100 0.02288900
v -0.08431800 0.04494000 0.02343800
v -0.08431800 0.04494000 0.02343800
v -0.08431800 0.04494000 0.02343800
v -0.08431800 0.04494000 0.02343800
v -0.08542700 -0.02383200 0.02384200
v -0.08542700 -0.02383200 0.02384200
v -0.08630000 -0.02273400 0.02416000
v -0.08630000 -0.02273400 0.02416000
v -0.08630000 -0.02273400 0.02416000
v -0.08444600 -0.02289500 0.02348500
v -0.08444600 -0.02289500 0.02348500
v -0.08444600 -0.02289500 0.02348500
v -0.08444600 -0.02289500 0.02348500
v -0.08444600 -0.02289500 0.02348500
v -0.08556600 -0.02134800 0.02389300
v -0.08556600 -0.02134800 0.02389300
v -0.08556600 -0.02134800 0.02389300
v -0.08556600 -0.02134800 0.02389300
v -0.06592800 0.04270200 0.01674500
v -0.06592800 0.04270200 0.01674500
v -0.06592900 0.04234300 0.01674500
v -0.06592900 0.04234300 0.01674500
v -0.06593400 0.03886500 0.01674700
v -0.06593400 0.03886500 0.01674700
v -0.07292700 0.04968700 0.01929200
v -0.07292700 0.04968700 0.01929200
v -0.07292700 0.04968700 0.01929200
v -0.07292700 0.04968700 0.01929200
v -0.07223800 0.05111600 0.01904100
v -0.07223800 0.05111600 0.01904100
v -0.07223800 0.05111600 0.01904100
v -0.07195100 0.05110300 0.01893700
v -0.07195100 0.05110300 0.01893700
v -0.07452500 0.04930600 0.01987400
v -0.07452500 0.04930600 0.01987400
v -0.07452500 0.04930600 0.01987400
v -0.07452500 0.04930600 0.01987400
v -0.07488200 0.05065300 0.02000400
v -0.07488200 0.05065300 0.02000400
v -0.07488200 0.05065300 0.02000400
v -0.07374400 0.05096200 0.01959000
v -0.07374400 0.05096200 0.01959000
v -0.08544500 0.04341100 0.02384800
v -0.08544500 0.04341100 0.02384800
v -0.08544500 0.04341100 0.02384800
v -0.08611100 0.04488500 0.02409100
v -0.08611100 0.04488500 0.02409100
v -0.08611100 0.04488500 0.02409100
v -0.08506500 0.04611100 0.02371000
v -0.08506500 0.04611100 0.02371000
v -0.08608600 0.04168600 0.02408200
v -0.08608600 0.04168600 0.02408200
v -0.08608600 0.04168600 0.02408200
v -0.08608600 0.04168600 0.02408200
v -0.08682000 0.04363500 0.02434900
v -0.08682000 0.04363500 0.02434900
v -0.08682000 0.04363500 0.02434900
v -0.08544500 0.04341100 0.02384800
v -0.08637500 0.04447800 0.02418700
v -0.08637500 0.04447800 0.02418700
v -0.06594200 0.03428400 0.01675000
v -0.06594200 0.03428400 0.01675000
v -0.06724100 0.04424600 0.01722300
v -0.06724100 0.04424600 0.01722300
v -0.06594600 0.03137300 0.01675100
v -0.06594600 0.03137300 0.01675100
v -0.06594600 0.03137300 0.01675100
v -0.06728000 0.01993200 0.01723700
v -0.06728000 0.01993200 0.01723700
v -0.06728000 0.01993200 0.01723700
v -0.06597100 0.01607100 0.01676000
v -0.06597100 0.01607100 0.01676000
v -0.06597100 0.01607100 0.01676000
v -0.06731100 0.00054500 0.01724800
v -0.06731100 0.00054500 0.01724800
v -0.06731100 0.00054500 0.01724800
v -0.06600400 -0.00478000 0.01677200
v -0.06600400 -0.00478000 0.01677200
v -0.06600400 -0.00478000 0.01677200
v -0.06733400 -0.01374700 0.01725600
v -0.06733400 -0.01374700 0.01725600
v -0.06733400 -0.01374700 0.01725600
v -0.06601200 -0.01022500 0.01677500
v -0.06601200 -0.01022500 0.01677500
v -0.06601200 -0.01022500 0.01677500
v -0.06735000 -0.02244400 0.01726200
v -0.06602700 -0.01941200 0.01678100
v -0.06602700 -0.01941200 0.01678100
v -0.08641100 -0.02256100 0.02420000
v -0.08641100 -0.02256100 0.02420000
v -0.08698400 -0.02146500 0.02440800
v -0.08698400 -0.02146500 0.02440800
v -0.08698400 -0.02146500 0.02440800
v -0.08621100 -0.01952500 0.02412700
v -0.08621100 -0.01952500 0.02412700
v -0.08621100 -0.01952500 0.02412700
v -0.08621100 -0.01952500 0.02412700
v -0.08311200 -0.02393600 0.02299900
v -0.08311200 -0.02393600 0.02299900
v -0.08311200 -0.02393600 0.02299900
v -0.08311200 -0.02393600 0.02299900
v -0.08440200 -0.02473300 0.02346900
v -0.08440200 -0.02473300 0.02346900
v -0.08440200 -0.02473300 0.02346900
v -0.08509000 -0.02416600 0.02371900
v -0.08509000 -0.02416600 0.02371900
v -0.07111800 -0.02898300 0.01863400
v -0.07232000 -0.02913500 0.01907100
v -0.07232000 -0.02913500 0.01907100
v -0.07250800 -0.02913700 0.01914000
v -0.07250800 -0.02913700 0.01914000
v -0.07250800 -0.02913700 0.01914000
v -0.07400600 -0.02749900 0.01968500
v -0.07400600 -0.02749900 0.01968500
v -0.07400600 -0.02749900 0.01968500
v -0.07400600 -0.02749900 0.01968500
v -0.08303000 0.04749800 0.02296900
v -0.08303000 0.04749800 0.02296900
v -0.08176500 0.04810000 0.02250900
v -0.08176500 0.04810000 0.02250900
v -0.08176500 0.04810000 0.02250900
v -0.07947000 0.04758500 0.02167400
v -0.07947000 0.04758500 0.02167400
v -0.07947000 0.04758500 0.02167400
v -0.07959200 0.04903400 0.02171800
v -0.07959200 0.04903400 0.02171800
v -0.07959200 0.04903400 0.02171800
v -0.07685200 0.05004100 0.02072100
v -0.07685200 0.05004100 0.02072100
v -0.08727700 -0.02067500 0.02451500
v -0.08727700 -0.02067500 0.02451500
v -0.08744400 -0.02006500 0.02457600
v -0.08744400 -0.02006500 0.02457600
v -0.08744400 -0.02006500 0.02457600
v -0.08638800 -0.01756400 0.02419200
v -0.08638800 -0.01756400 0.02419200
v -0.08638800 -0.01756400 0.02419200
v -0.08765400 -0.01858000 0.02465200
v -0.08765400 -0.01858000 0.02465200
v -0.08765400 -0.01858000 0.02465200
v -0.08676400 -0.00862100 0.02432800
v -0.08676400 -0.00862100 0.02432800
v -0.08676400 -0.00862100 0.02432800
v -0.08676400 -0.00862100 0.02432800
v -0.07897700 -0.02582600 0.02149400
v -0.07897700 -0.02582600 0.02149400
v -0.07897700 -0.02582600 0.02149400
v -0.07995200 -0.02692900 0.02184900
v -0.07995200 -0.02692900 0.02184900
v -0.07995200 -0.02692900 0.02184900
v -0.08140700 -0.02477800 0.02237900
v -0.08140700 -0.02477800 0.02237900
v -0.08140700 -0.02477800 0.02237900
v -0.08326600 -0.02541900 0.02305500
v -0.08326600 -0.02541900 0.02305500
v -0.08326600 -0.02541900 0.02305500
v -0.08345900 -0.02532100 0.02312600
v -0.08345900 -0.02532100 0.02312600
v -0.07404400 -0.02893300 0.01969900
v -0.07404400 -0.02893300 0.01969900
v -0.07577700 -0.02843200 0.02032900
v -0.07577700 -0.02843200 0.02032900
v -0.07577700 -0.02843200 0.02032900
v -0.07897700 -0.02582600 0.02149400
v -0.07868800 -0.02743000 0.02138900
v -0.07868800 -0.02743000 0.02138900
v -0.08814900 -0.00644600 0.02483300
v -0.08814900 -0.00644600 0.02483300
v -0.08823600 -0.00324000 0.02486400
v -0.08823600 -0.00324000 0.02486400
v -0.08823600 -0.00324000 0.02486400
v -0.08708000 0.00874600 0.02444300
v -0.08708000 0.00874600 0.02444300
v -0.08708000 0.00874600 0.02444300
v -0.08838000 0.00575200 0.02491700
v -0.08838000 0.00575200 0.02491700
v -0.08838000 0.00575200 0.02491700
v -0.08705200 0.01589600 0.02443300
v -0.08705200 0.01589600 0.02443300
v -0.08705200 0.01589600 0.02443300
v -0.08705200 0.01589600 0.02443300
v -0.08838300 0.01415600 0.02491800
v -0.08838300 0.01415600 0.02491800
v -0.08834200 0.01796900 0.02490300
v -0.08834200 0.01796900 0.02490300
v -0.08834200 0.01796900 0.02490300
v -0.08659900 0.03325900 0.02426800
v -0.08659900 0.03325900 0.02426800
v -0.08659900 0.03325900 0.02426800
v -0.08798500 0.03153500 0.02477300
v -0.08798500 0.03153500 0.02477300
v -0.08798500 0.03153500 0.02477300
v -0.08798500 0.03153500 0.02477300
v -0.08649300 0.03566000 0.02423000
v -0.08649300 0.03566000 0.02423000
v -0.08638700 0.03785300 0.02419100
v -0.08638700 0.03785300 0.02419100
v -0.08638700 0.03785300 0.02419100
v -0.08757500 0.04034200 0.02462400
v -0.08757500 0.04034200 0.02462400
v -0.08757500 0.04034200 0.02462400
v -0.08628400 0.03985000 0.02415400
v -0.08628400 0.03985000 0.02415400
v -0.08628400 0.03985000 0.02415400
v -0.08755000 0.04077000 0.02461500
v -0.08755000 0.04077000 0.02461500
v -0.08755000 0.04077000 0.02461500
v -0.08724200 0.04249300 0.02450200
v -0.08724200 0.04249300 0.02450200
v -0.06632300 0.04665600 0.03668200
v -0.06618600 0.04665600 0.03705800
v -0.07174800 0.04487000 0.03865700
v -0.07161200 0.04487000 0.03903300
v -0.07693500 0.04240700 0.04054400
v -0.07679800 0.04240700 0.04092000
v -0.06050800 0.04179100 0.03456600
v -0.06037100 0.04179100 0.03494200
v -0.06081000 0.04356400 0.03467600
v -0.06067400 0.04356400 0.03505200
v -0.06168400 0.04510800 0.03499400
v -0.06154700 0.04510800 0.03537000
v -0.06301600 0.04622200 0.03547900
v -0.06287900 0.04622200 0.03585400
v -0.06463200 0.04676200 0.03606700
v -0.06449500 0.04676200 0.03644300
v -0.06616300 0.04669400 0.03662400
v -0.06060600 -0.01982900 0.03460100
v -0.06046900 -0.01982900 0.03497700
v -0.06056500 0.00560600 0.03458700
v -0.06643600 -0.02467400 0.03672300
v -0.06629900 -0.02467400 0.03709900
v -0.06474600 -0.02478500 0.03610800
v -0.06460900 -0.02478500 0.03648400
v -0.06312800 -0.02425200 0.03551900
v -0.06299100 -0.02425200 0.03589500
v -0.06179300 -0.02314300 0.03503300
v -0.06165600 -0.02314300 0.03540900
v -0.06091400 -0.02160200 0.03471400
v -0.06077700 -0.02160200 0.03508900
v -0.07703400 -0.02038700 0.04058100
v -0.07689700 -0.02038700 0.04095700
v -0.07185600 -0.02286900 0.03869600
v -0.07171900 -0.02286900 0.03907200
v -0.08054900 -0.01451900 0.04186000
v -0.08041200 -0.01451900 0.04223600
v -0.08005200 -0.01687500 0.04167900
v -0.07991500 -0.01687500 0.04205500
v -0.07883200 -0.01891200 0.04123500
v -0.07869500 -0.01891200 0.04161100
v -0.08046800 0.03655200 0.04183000
v -0.08033100 0.03655200 0.04220600
v -0.08101700 0.01953200 0.04203000
v -0.08088000 0.01953200 0.04240600
v -0.08107800 0.00564300 0.04205300
v -0.08090700 0.00250300 0.04241600
v -0.08104400 0.00250300 0.04204000
v -0.07873700 0.04093900 0.04120100
v -0.07860000 0.04093900 0.04157700
v -0.07996300 0.03890700 0.04164700
v -0.07982700 0.03890700 0.04202300
v -0.06508800 0.01818900 0.03623300
v -0.06508800 0.01818900 0.03623300
v -0.06543200 0.01782300 0.03635800
v -0.06543200 0.01782300 0.03635800
v -0.06056500 0.00560600 0.03458700
v -0.06056500 0.00560600 0.03458700
v -0.06056500 0.00560600 0.03458700
v -0.06056500 0.00560600 0.03458700
v -0.06056500 0.00560600 0.03458700
v -0.06056500 0.00560600 0.03458700
v -0.06056500 0.00560600 0.03458700
v -0.06056500 0.00560600 0.03458700
v -0.06590200 0.01769000 0.03652900
v -0.06590200 0.01769000 0.03652900
v -0.06590200 0.01769000 0.03652900
v -0.06590200 0.01769000 0.03652900
v -0.06542400 0.02315500 0.03635500
v -0.06542400 0.02315500 0.03635500
v -0.06508000 0.02278900 0.03623000
v -0.06508000 0.02278900 0.03623000
v -0.06050800 0.04179100 0.03456600
v -0.06050800 0.04179100 0.03456600
v -0.06050800 0.04179100 0.03456600
v -0.06050800 0.04179100 0.03456600
v -0.06050800 0.04179100 0.03456600
v -0.06495500 0.02228800 0.03618400
v -0.06495500 0.02228800 0.03618400
v -0.06495500 0.02228800 0.03618400
v -0.06496100 0.01868800 0.03618700
v -0.06496100 0.01868800 0.03618700
v -0.06589300 0.02329000 0.03652600
v -0.06589300 0.02329000 0.03652600
v -0.06589300 0.02329000 0.03652600
v -0.06589300 0.02329000 0.03652600
v -0.06589300 0.02329000 0.03652600
v -0.06589300 0.02329000 0.03652600
v -0.06081000 0.04356400 0.03467600
v -0.06081000 0.04356400 0.03467600
v -0.06168400 0.04510800 0.03499400
v -0.06168400 0.04510800 0.03499400
v -0.06663500 0.03010100 0.03679600
v -0.06663500 0.03010100 0.03679600
v -0.06736300 0.02849900 0.03706100
v -0.06736300 0.02849900 0.03706100
v -0.06619900 0.02329100 0.03663700
v -0.06619900 0.02329100 0.03663700
v -0.06619900 0.02329100 0.03663700
v -0.06619900 0.02329100 0.03663700
v -0.06619900 0.02329100 0.03663700
v -0.06619900 0.02329100 0.03663700
v -0.06619900 0.02329100 0.03663700
v -0.06619900 0.02329100 0.03663700
v -0.06663200 0.03188200 0.03679500
v -0.06663200 0.03188200 0.03679500
v -0.06663200 0.03188200 0.03679500
v -0.06771200 0.00715100 0.03718800
v -0.06771200 0.00715100 0.03718800
v -0.06622700 0.00561600 0.03664700
v -0.06622700 0.00561600 0.03664700
v -0.06622700 0.00561600 0.03664700
v -0.06622700 0.00561600 0.03664700
v -0.06622700 0.00561600 0.03664700
v -0.06622700 0.00561600 0.03664700
v -0.06622700 0.00561600 0.03664700
v -0.06622700 0.00561600 0.03664700
v -0.06622700 0.00561600 0.03664700
v -0.06622700 0.00561600 0.03664700
v -0.06622700 0.00561600 0.03664700
v -0.06622700 0.00561600 0.03664700
v -0.06622700 0.00561600 0.03664700
v -0.06622700 0.00561600 0.03664700
v -0.06622700 0.00561600 0.03664700
v -0.06646800 0.00861600 0.03673500
v -0.06646800 0.00861600 0.03673500
v -0.06589100 0.01049400 0.03652500
v -0.06589100 0.01049400 0.03652500
v -0.06589100 0.01049400 0.03652500
v -0.06589100 0.01049400 0.03652500
v -0.06735500 0.03348700 0.03705800
v -0.06735500 0.03348700 0.03705800
v -0.06616300 0.04669400 0.03662400
v -0.06616300 0.04669400 0.03662400
v -0.06616300 0.04669400 0.03662400
v -0.06616300 0.04669400 0.03662400
v -0.06616300 0.04669400 0.03662400
v -0.06866100 0.03459900 0.03753300
v -0.06866100 0.03459900 0.03753300
v -0.06866100 0.03459900 0.03753300
v -0.06632300 0.04665600 0.03668200
v -0.06632300 0.04665600 0.03668200
v -0.06632300 0.04665600 0.03668200
v -0.07029100 0.03499800 0.03812700
v -0.07029100 0.03499800 0.03812700
v -0.07029100 0.03499800 0.03812700
v -0.07174800 0.04487000 0.03865700
v -0.07174800 0.04487000 0.03865700
v -0.07174800 0.04487000 0.03865700
v -0.07192300 0.03460500 0.03872000
v -0.07192300 0.03460500 0.03872000
v -0.07192300 0.03460500 0.03872000
v -0.07192300 0.03460500 0.03872000
v -0.06463200 0.04676200 0.03606700
v -0.06463200 0.04676200 0.03606700
v -0.06463200 0.04676200 0.03606700
v -0.06301600 0.04622200 0.03547900
v -0.06301600 0.04622200 0.03547900
v -0.06867300 0.02739100 0.03753800
v -0.06867300 0.02739100 0.03753800
v -0.07030400 0.02699800 0.03813100
v -0.07030400 0.02699800 0.03813100
v -0.07030400 0.02699800 0.03813100
v -0.07472700 0.02330600 0.03974100
v -0.07472700 0.02330600 0.03974100
v -0.07472700 0.02330600 0.03974100
v -0.07193400 0.02739700 0.03872500
v -0.07193400 0.02739700 0.03872500
v -0.07193400 0.02739700 0.03872500
v -0.07193400 0.02739700 0.03872500
v -0.06850700 0.01533400 0.03747700
v -0.06850700 0.01533400 0.03747700
v -0.06620800 0.01769100 0.03664000
v -0.06620800 0.01769100 0.03664000
v -0.06620800 0.01769100 0.03664000
v -0.06620800 0.01769100 0.03664000
v -0.06620800 0.01769100 0.03664000
v -0.07032200 0.01574800 0.03813800
v -0.07032200 0.01574800 0.03813800
v -0.07032200 0.01574800 0.03813800
v -0.07473500 0.01770600 0.03974400
v -0.07473500 0.01770600 0.03974400
v -0.07473500 0.01770600 0.03974400
v -0.07473500 0.01770600 0.03974400
v -0.06940900 0.00635000 0.03780500
v -0.06940900 0.00635000 0.03780500
v -0.07126500 0.00635400 0.03848100
v -0.07126500 0.00635400 0.03848100
v -0.07126500 0.00635400 0.03848100
v -0.08107800 0.00564300 0.04205300
v -0.08107800 0.00564300 0.04205300
v -0.08107800 0.00564300 0.04205300
v -0.08107800 0.00564300 0.04205300
v -0.08107800 0.00564300 0.04205300
v -0.08107800 0.00564300 0.04205300
v -0.08107800 0.00564300 0.04205300
v -0.08107800 0.00564300 0.04205300
v -0.08107800 0.00564300 0.04205300
v -0.08107800 0.00564300 0.04205300
v -0.07295900 0.00716000 0.03909800
v -0.07295900 0.00716000 0.03909800
v -0.07419900 0.00863000 0.03954900
v -0.07419900 0.00863000 0.03954900
v -0.07476900 0.01051000 0.03975600
v -0.07476900 0.01051000 0.03975600
v -0.07476900 0.01051000 0.03975600
v -0.08101700 0.01953200 0.04203000
v -0.08101700 0.01953200 0.04203000
v -0.08101700 0.01953200 0.04203000
v -0.08101700 0.01953200 0.04203000
v -0.08101700 0.01953200 0.04203000
v -0.08101700 0.01953200 0.04203000
v -0.08101700 0.01953200 0.04203000
v -0.08101700 0.01953200 0.04203000
v -0.08101700 0.01953200 0.04203000
v -0.08101700 0.01953200 0.04203000
v -0.08101700 0.01953200 0.04203000
v -0.08101700 0.01953200 0.04203000
v -0.08101700 0.01953200 0.04203000
v -0.07457200 0.01247400 0.03968500
v -0.07457200 0.01247400 0.03968500
v -0.07364200 0.01418200 0.03934600
v -0.07364200 0.01418200 0.03934600
v -0.07364200 0.01418200 0.03934600
v -0.07559600 0.02269000 0.04005700
v -0.07559600 0.02269000 0.04005700
v -0.07539200 0.02301400 0.03998300
v -0.07539200 0.02301400 0.03998300
v -0.07539200 0.02301400 0.03998300
v -0.07539900 0.01800000 0.03998600
v -0.07539900 0.01800000 0.03998600
v -0.07560300 0.01832500 0.04006000
v -0.07560300 0.01832500 0.04006000
v -0.07693500 0.04240700 0.04054400
v -0.07693500 0.04240700 0.04054400
v -0.07873700 0.04093900 0.04120100
v -0.07873700 0.04093900 0.04120100
v -0.07873700 0.04093900 0.04120100
v -0.07323300 0.03349700 0.03919700
v -0.07323300 0.03349700 0.03919700
v -0.07323300 0.03349700 0.03919700
v -0.07996300 0.03890700 0.04164700
v -0.07996300 0.03890700 0.04164700
v -0.07996300 0.03890700 0.04164700
v -0.07396100 0.03189500 0.03946200
v -0.07396100 0.03189500 0.03946200
v -0.07396100 0.03189500 0.03946200
v -0.08046800 0.03655200 0.04183000
v -0.08046800 0.03655200 0.04183000
v -0.08046800 0.03655200 0.04183000
v -0.07396400 0.03011500 0.03946300
v -0.07396400 0.03011500 0.03946300
v -0.07396400 0.03011500 0.03946300
v -0.07324000 0.02850900 0.03920000
v -0.07324000 0.02850900 0.03920000
v -0.07324000 0.02850900 0.03920000
v -0.07539200 0.02301400 0.03998300
v -0.07508600 0.02323100 0.03987200
v -0.07508600 0.02323100 0.03987200
v -0.07509500 0.01778300 0.03987500
v -0.07509500 0.01778300 0.03987500
v -0.07509500 0.01778300 0.03987500
v -0.07364200 0.01418200 0.03934600
v -0.07213800 0.01534100 0.03879900
v -0.07213800 0.01534100 0.03879900
v -0.07567400 0.01870800 0.04008600
v -0.07567400 0.01870800 0.04008600
v -0.07566800 0.02230800 0.04008400
v -0.07566800 0.02230800 0.04008400
v -0.06700700 0.01417100 0.03693100
v -0.06700700 0.01417100 0.03693100
v -0.06608200 0.01245800 0.03659500
v -0.06608200 0.01245800 0.03659500
v -0.06608200 0.01245800 0.03659500
v -0.06060600 -0.01982900 0.03460100
v -0.06060600 -0.01982900 0.03460100
v -0.06060600 -0.01982900 0.03460100
v -0.06060600 -0.01982900 0.03460100
v -0.06060600 -0.01982900 0.03460100
v -0.06474600 -0.02478500 0.03610800
v -0.06474600 -0.02478500 0.03610800
v -0.06474600 -0.02478500 0.03610800
v -0.06474600 -0.02478500 0.03610800
v -0.06474600 -0.02478500 0.03610800
v -0.06474600 -0.02478500 0.03610800
v -0.06474600 -0.02478500 0.03610800
v -0.06312800 -0.02425200 0.03551900
v -0.06312800 -0.02425200 0.03551900
v -0.06179300 -0.02314300 0.03503300
v -0.06179300 -0.02314300 0.03503300
v -0.06091400 -0.02160200 0.03471400
v -0.07330400 -0.01149000 0.03922300
v -0.07330400 -0.01149000 0.03922300
v -0.07330400 -0.01149000 0.03922300
v -0.07330400 -0.01149000 0.03922300
v -0.07402700 -0.00988500 0.03948600
v -0.07402700 -0.00988500 0.03948600
v -0.08054900 -0.01451900 0.04186000
v -0.08054900 -0.01451900 0.04186000
v -0.08054900 -0.01451900 0.04186000
v -0.08054900 -0.01451900 0.04186000
v -0.08054900 -0.01451900 0.04186000
v -0.07402400 -0.00810500 0.03948500
v -0.07402400 -0.00810500 0.03948500
v -0.08104400 0.00250300 0.04204000
v -0.08104400 0.00250300 0.04204000
v -0.08104400 0.00250300 0.04204000
v -0.08104400 0.00250300 0.04204000
v -0.07328900 -0.00149000 0.03921800
v -0.07328900 -0.00149000 0.03921800
v -0.07328900 -0.00149000 0.03921800
v -0.07328900 -0.00149000 0.03921800
v -0.07402400 -0.00810500 0.03948500
v -0.07402400 -0.00810500 0.03948500
v -0.07198300 -0.00260300 0.03874200
v -0.07198300 -0.00260300 0.03874200
v -0.07198300 -0.00260300 0.03874200
v -0.07329600 -0.00650300 0.03922000
v -0.07329600 -0.00650300 0.03922000
v -0.07329600 -0.00650300 0.03922000
v -0.07035200 -0.00300200 0.03814900
v -0.07035200 -0.00300200 0.03814900
v -0.07035200 -0.00300200 0.03814900
v -0.07035200 -0.00300200 0.03814900
v -0.07328100 0.00349700 0.03921500
v -0.07328100 0.00349700 0.03921500
v -0.07400900 0.00189500 0.03948000
v -0.07400900 0.00189500 0.03948000
v -0.07400900 0.00189500 0.03948000
v -0.07401200 0.00011500 0.03948100
v -0.07401200 0.00011500 0.03948100
v -0.06740300 0.00348700 0.03707600
v -0.06740300 0.00348700 0.03707600
v -0.06668000 0.00188200 0.03681200
v -0.06668000 0.00188200 0.03681200
v -0.07197100 0.00460500 0.03873800
v -0.07197100 0.00460500 0.03873800
v -0.07034000 0.00499800 0.03814400
v -0.07034000 0.00499800 0.03814400
v -0.07034000 0.00499800 0.03814400
v -0.06870900 0.00459900 0.03755100
v -0.06870900 0.00459900 0.03755100
v -0.06668300 0.00010200 0.03681300
v -0.06668300 0.00010200 0.03681300
v -0.06668300 0.00010200 0.03681300
v -0.06741100 -0.00150100 0.03707800
v -0.06741100 -0.00150100 0.03707800
v -0.06669500 -0.00811800 0.03681800
v -0.06669500 -0.00811800 0.03681800
v -0.06669500 -0.00811800 0.03681800
v -0.06669500 -0.00811800 0.03681800
v -0.06669500 -0.00811800 0.03681800
v -0.06669500 -0.00811800 0.03681800
v -0.06872100 -0.00260800 0.03755500
v -0.06872100 -0.00260800 0.03755500
v -0.06872100 -0.00260800 0.03755500
v -0.06872100 -0.00260800 0.03755500
v -0.06872100 -0.00260800 0.03755500
v -0.06741900 -0.00651300 0.03708100
v -0.06741900 -0.00651300 0.03708100
v -0.07036800 -0.01300200 0.03815400
v -0.07036800 -0.01300200 0.03815400
v -0.07036800 -0.01300200 0.03815400
v -0.06643600 -0.02467400 0.03672300
v -0.06643600 -0.02467400 0.03672300
v -0.06643600 -0.02467400 0.03672300
v -0.06873600 -0.01260800 0.03756100
v -0.06873600 -0.01260800 0.03756100
v -0.06873600 -0.01260800 0.03756100
v -0.06742700 -0.01150100 0.03708400
v -0.06742700 -0.01150100 0.03708400
v -0.07198600 -0.00539500 0.03874400
v -0.07198600 -0.00539500 0.03874400
v -0.07035500 -0.00500200 0.03815000
v -0.07035500 -0.00500200 0.03815000
v -0.07035500 -0.00500200 0.03815000
v -0.06872500 -0.00540100 0.03755600
v -0.06872500 -0.00540100 0.03755600
v -0.08005200 -0.01687500 0.04167900
v -0.08005200 -0.01687500 0.04167900
v -0.07883200 -0.01891200 0.04123500
v -0.07883200 -0.01891200 0.04123500
v -0.07883200 -0.01891200 0.04123500
v -0.07199800 -0.01260300 0.03874800
v -0.07199800 -0.01260300 0.03874800
v -0.07199800 -0.01260300 0.03874800
v -0.07703400 -0.02038700 0.04058100
v -0.07703400 -0.02038700 0.04058100
v -0.07703400 -0.02038700 0.04058100
v -0.07036800 -0.01300200 0.03815400
v -0.07185600 -0.02286900 0.03869600
v -0.07185600 -0.02286900 0.03869600
v -0.06669800 -0.00989800 0.03681900
v -0.06669800 -0.00989800 0.03681900
v -0.06954700 -0.01650800 0.02902300
v -0.07734700 -0.01649400 0.03186200
v -0.07734700 -0.01649400 0.03186200
v -0.06718700 -0.01650800 0.03550700
v -0.06718700 -0.01650800 0.03550700
v -0.07498700 -0.01649400 0.03834600
v -0.07725900 0.03850600 0.03183000
v -0.06946000 0.03849100 0.02899100
v -0.06946000 0.03849100 0.02899100
v -0.07489900 0.03850600 0.03831400
v -0.07489900 0.03850600 0.03831400
v -0.06710000 0.03849100 0.03547500
v -0.06954700 -0.01650800 0.02902300
v -0.06718700 -0.01650800 0.03550700
v -0.07734700 -0.01649400 0.03186200
v -0.06954700 -0.01650800 0.02902300
v -0.06954700 -0.01650800 0.02902300
v -0.07734800 -0.01749400 0.03186200
v -0.07734800 -0.01749400 0.03186200
v -0.07734800 -0.01749400 0.03186200
v -0.06955100 -0.01900800 0.02902500
v -0.06955100 -0.01900800 0.02902500
v -0.06955100 -0.01900800 0.02902500
v -0.07760800 -0.01863300 0.03195700
v -0.07760800 -0.01863300 0.03195700
v -0.07782000 -0.01899300 0.03203400
v -0.07734700 -0.01649400 0.03186200
v -0.07498700 -0.01649400 0.03834600
v -0.07725900 0.03850600 0.03183000
v -0.07489900 0.03850600 0.03831400
v -0.07751400 0.04064500 0.03192300
v -0.07751400 0.04064500 0.03192300
v -0.07772500 0.04100600 0.03200000
v -0.06945600 0.04099200 0.02899000
v -0.06945600 0.04099200 0.02899000
v -0.06945600 0.04099200 0.02899000
v -0.06945600 0.04099200 0.02899000
v -0.06946000 0.03849100 0.02899100
v -0.07725900 0.03850600 0.03183000
v -0.07725900 0.03850600 0.03183000
v -0.07725800 0.03950600 0.03182900
v -0.07725800 0.03950600 0.03182900
v -0.06946000 0.03849100 0.02899100
v -0.06710000 0.03849100 0.03547500
v -0.07921500 -0.01598700 0.03988500
v -0.07921500 -0.01598700 0.03988500
v -0.07918000 0.00563800 0.03987200
v -0.07918000 0.00563800 0.03987200
v -0.07918000 0.00563800 0.03987200
v -0.07918000 0.00563800 0.03987200
v -0.07918000 0.00563800 0.03987200
v -0.07918000 0.00563800 0.03987200
v -0.07918000 0.00563800 0.03987200
v -0.07918000 0.00563800 0.03987200
v -0.07918000 0.00563800 0.03987200
v -0.07918000 0.00563800 0.03987200
v -0.07918000 0.00563800 0.03987200
v -0.07918000 0.00563800 0.03987200
v -0.07918000 0.00563800 0.03987200
v -0.07918000 0.00563800 0.03987200
v -0.07918000 0.00563800 0.03987200
v -0.07918000 0.00563800 0.03987200
v -0.07918000 0.00563800 0.03987200
v -0.07918000 0.00563800 0.03987200
v -0.07498700 -0.01649400 0.03834600
v -0.07498700 -0.01649400 0.03834600
v -0.07498700 -0.01649400 0.03834600
v -0.07498700 -0.01649400 0.03834600
v -0.07498700 -0.01649400 0.03834600
v -0.07498700 -0.01649400 0.03834600
v -0.07498700 -0.01649400 0.03834600
v -0.07489900 0.03850600 0.03831400
v -0.07489900 0.03850600 0.03831400
v -0.07912900 0.03801300 0.03985300
v -0.07912900 0.03801300 0.03985300
v -0.07912900 0.03801300 0.03985300
v -0.06711100 0.03188200 0.03547900
v -0.06711100 0.03188200 0.03547900
v -0.06711100 0.03188200 0.03547900
v -0.06711100 0.03188200 0.03547900
v -0.06710000 0.03849100 0.03547500
v -0.06710000 0.03849100 0.03547500
v -0.06710000 0.03849100 0.03547500
v -0.06710000 0.03849100 0.03547500
v -0.06710000 0.03849100 0.03547500
v -0.06667700 0.04241200 0.03532100
v -0.06667700 0.04241200 0.03532100
v -0.06667700 0.04241200 0.03532100
v -0.06667700 0.04241200 0.03532100
v -0.06667700 0.04241200 0.03532100
v -0.06667700 0.04241200 0.03532100
v -0.06709600 0.04099200 0.03547400
v -0.06709600 0.04099200 0.03547400
v -0.06677900 0.04224100 0.03535800
v -0.07489800 0.03950600 0.03831300
v -0.07489800 0.03950600 0.03831300
v -0.07489800 0.03950600 0.03831300
v -0.07489800 0.03950600 0.03831300
v -0.07489800 0.03950600 0.03831300
v -0.07489800 0.03950600 0.03831300
v -0.07956300 0.03909000 0.04001100
v -0.07956300 0.03909000 0.04001100
v -0.07948800 0.04025900 0.03998400
v -0.07948800 0.04025900 0.03998400
v -0.07077000 0.03499800 0.03681100
v -0.07077000 0.03499800 0.03681100
v -0.07489900 0.03850600 0.03831400
v -0.07489900 0.03850600 0.03831400
v -0.07489900 0.03850600 0.03831400
v -0.07489900 0.03850600 0.03831400
v -0.07489900 0.03850600 0.03831400
v -0.07489900 0.03850600 0.03831400
v -0.07489900 0.03850600 0.03831400
v -0.07489900 0.03850600 0.03831400
v -0.06914000 0.03459900 0.03621800
v -0.06914000 0.03459900 0.03621800
v -0.06914000 0.03459900 0.03621800
v -0.06783400 0.03348700 0.03574200
v -0.06783400 0.03348700 0.03574200
v -0.07798600 0.04188300 0.03943700
v -0.07798600 0.04188300 0.03943700
v -0.07798600 0.04188300 0.03943700
v -0.07798600 0.04188300 0.03943700
v -0.07688900 0.04198100 0.03903800
v -0.07587000 0.04153500 0.03866700
v -0.07587000 0.04153500 0.03866700
v -0.07240200 0.03460500 0.03740500
v -0.07240200 0.03460500 0.03740500
v -0.07371100 0.03349700 0.03788200
v -0.07371100 0.03349700 0.03788200
v -0.07444000 0.03189500 0.03814700
v -0.07444000 0.03189500 0.03814700
v -0.07444000 0.03189500 0.03814700
v -0.07892100 0.04126400 0.03977800
v -0.07892100 0.04126400 0.03977800
v -0.07515400 0.04064500 0.03840700
v -0.07515400 0.04064500 0.03840700
v -0.07078300 0.02699800 0.03681600
v -0.07078300 0.02699800 0.03681600
v -0.06915100 0.02739100 0.03622200
v -0.06915100 0.02739100 0.03622200
v -0.06667800 0.02329100 0.03532200
v -0.06667800 0.02329100 0.03532200
v -0.06667800 0.02329100 0.03532200
v -0.06667800 0.02329100 0.03532200
v -0.06784200 0.02849900 0.03574500
v -0.06784200 0.02849900 0.03574500
v -0.06667800 0.02329100 0.03532200
v -0.06667800 0.02329100 0.03532200
v -0.06667800 0.02329100 0.03532200
v -0.06667800 0.02329100 0.03532200
v -0.06711400 0.03010100 0.03548000
v -0.06711400 0.03010100 0.03548000
v -0.07587000 0.02301400 0.03866700
v -0.07587000 0.02301400 0.03866700
v -0.07607500 0.02269000 0.03874200
v -0.07607500 0.02269000 0.03874200
v -0.07607500 0.02269000 0.03874200
v -0.07607500 0.02269000 0.03874200
v -0.07607500 0.02269000 0.03874200
v -0.07371900 0.02850900 0.03788400
v -0.07371900 0.02850900 0.03788400
v -0.07371900 0.02850900 0.03788400
v -0.07371900 0.02850900 0.03788400
v -0.07371900 0.02850900 0.03788400
v -0.07444300 0.03011500 0.03814800
v -0.07444300 0.03011500 0.03814800
v -0.07524800 0.01051000 0.03844100
v -0.07524800 0.01051000 0.03844100
v -0.07467800 0.00863000 0.03823300
v -0.07467800 0.00863000 0.03823300
v -0.07505100 0.01247400 0.03836900
v -0.07505100 0.01247400 0.03836900
v -0.07505100 0.01247400 0.03836900
v -0.07505100 0.01247400 0.03836900
v -0.07241300 0.02739700 0.03740900
v -0.07241300 0.02739700 0.03740900
v -0.07241300 0.02739700 0.03740900
v -0.07520500 0.02330600 0.03842500
v -0.07520500 0.02330600 0.03842500
v -0.07520500 0.02330600 0.03842500
v -0.07556500 0.02323100 0.03855600
v -0.07556500 0.02323100 0.03855600
v -0.07261700 0.01534100 0.03748300
v -0.07261700 0.01534100 0.03748300
v -0.07261700 0.01534100 0.03748300
v -0.07261700 0.01534100 0.03748300
v -0.07557400 0.01778300 0.03855900
v -0.07557400 0.01778300 0.03855900
v -0.07521400 0.01770600 0.03842900
v -0.07521400 0.01770600 0.03842900
v -0.07521400 0.01770600 0.03842900
v -0.07343800 0.00716000 0.03778200
v -0.07343800 0.00716000 0.03778200
v -0.07174400 0.00635400 0.03716500
v -0.07174400 0.00635400 0.03716500
v -0.07174400 0.00635400 0.03716500
v -0.06670600 0.00561600 0.03533200
v -0.06670600 0.00561600 0.03533200
v -0.06670600 0.00561600 0.03533200
v -0.06670600 0.00561600 0.03533200
v -0.06670600 0.00561600 0.03533200
v -0.06670600 0.00561600 0.03533200
v -0.06670600 0.00561600 0.03533200
v -0.06670600 0.00561600 0.03533200
v -0.06670600 0.00561600 0.03533200
v -0.06670600 0.00561600 0.03533200
v -0.06670600 0.00561600 0.03533200
v -0.06670600 0.00561600 0.03533200
v -0.06670600 0.00561600 0.03533200
v -0.06670600 0.00561600 0.03533200
v -0.06670600 0.00561600 0.03533200
v -0.06670600 0.00561600 0.03533200
v -0.06988800 0.00635000 0.03649000
v -0.06988800 0.00635000 0.03649000
v -0.06819100 0.00715100 0.03587200
v -0.06819100 0.00715100 0.03587200
v -0.07080100 0.01574800 0.03682200
v -0.07080100 0.01574800 0.03682200
v -0.07080100 0.01574800 0.03682200
v -0.06668700 0.01769100 0.03532500
v -0.06668700 0.01769100 0.03532500
v -0.06668700 0.01769100 0.03532500
v -0.06668700 0.01769100 0.03532500
v -0.06668700 0.01769100 0.03532500
v -0.06898600 0.01533400 0.03616200
v -0.06898600 0.01533400 0.03616200
v -0.07587800 0.01800000 0.03867000
v -0.07587800 0.01800000 0.03867000
v -0.07587800 0.01800000 0.03867000
v -0.07412000 0.01418200 0.03803100
v -0.07412000 0.01418200 0.03803100
v -0.07412000 0.01418200 0.03803100
v -0.07608200 0.01832500 0.03874400
v -0.07608200 0.01832500 0.03874400
v -0.07608200 0.01832500 0.03874400
v -0.07615200 0.01870800 0.03877000
v -0.07615200 0.01870800 0.03877000
v -0.07615200 0.01870800 0.03877000
v -0.07614700 0.02230800 0.03876800
v -0.07614700 0.02230800 0.03876800
v -0.07614700 0.02230800 0.03876800
v -0.06694700 0.00861600 0.03541900
v -0.06694700 0.00861600 0.03541900
v -0.06637000 0.01049400 0.03521000
v -0.06637000 0.01049400 0.03521000
v -0.06637000 0.01049400 0.03521000
v -0.06637000 0.01049400 0.03521000
v -0.06637000 0.01049400 0.03521000
v -0.06245400 0.00560800 0.03378400
v -0.06245400 0.00560800 0.03378400
v -0.06245400 0.00560800 0.03378400
v -0.06245400 0.00560800 0.03378400
v -0.06245400 0.00560800 0.03378400
v -0.06245400 0.00560800 0.03378400
v -0.06245400 0.00560800 0.03378400
v -0.06245400 0.00560800 0.03378400
v -0.06590300 0.02315500 0.03503900
v -0.06590300 0.02315500 0.03503900
v -0.06637200 0.02329000 0.03521000
v -0.06637200 0.02329000 0.03521000
v -0.06637200 0.02329000 0.03521000
v -0.06239700 0.04098300 0.03376400
v -0.06239700 0.04098300 0.03376400
v -0.06239700 0.04098300 0.03376400
v -0.06239700 0.04098300 0.03376400
v -0.06239700 0.04098300 0.03376400
v -0.06239700 0.04098300 0.03376400
v -0.06356900 0.04315000 0.03419000
v -0.06356900 0.04315000 0.03419000
v -0.06356900 0.04315000 0.03419000
v -0.06356900 0.04315000 0.03419000
v -0.06271000 0.04223400 0.03387700
v -0.06474300 0.04348700 0.03461700
v -0.06591800 0.04315400 0.03504500
v -0.06591800 0.04315400 0.03504500
v -0.06591800 0.04315400 0.03504500
v -0.06637200 0.02329000 0.03521000
v -0.06637200 0.02329000 0.03521000
v -0.06556700 0.01818900 0.03491700
v -0.06556700 0.01818900 0.03491700
v -0.06591100 0.01782300 0.03504300
v -0.06591100 0.01782300 0.03504300
v -0.06591100 0.01782300 0.03504300
v -0.06638100 0.01769000 0.03521400
v -0.06638100 0.01769000 0.03521400
v -0.06638100 0.01769000 0.03521400
v -0.06656100 0.01245800 0.03527900
v -0.06656100 0.01245800 0.03527900
v -0.06656100 0.01245800 0.03527900
v -0.06748600 0.01417100 0.03561600
v -0.06748600 0.01417100 0.03561600
v -0.06544000 0.01868800 0.03487100
v -0.06544000 0.01868800 0.03487100
v -0.06543400 0.02228800 0.03486900
v -0.06543400 0.02228800 0.03486900
v -0.06543400 0.02228800 0.03486900
v -0.06555900 0.02278900 0.03491400
v -0.06555900 0.02278900 0.03491400
v -0.06717700 -0.00989800 0.03550300
v -0.06717700 -0.00989800 0.03550300
v -0.06717700 -0.00989800 0.03550300
v -0.06717400 -0.00811800 0.03550200
v -0.06717400 -0.00811800 0.03550200
v -0.06717400 -0.00811800 0.03550200
v -0.06717400 -0.00811800 0.03550200
v -0.06717400 -0.00811800 0.03550200
v -0.07524800 -0.01863300 0.03844100
v -0.07524800 -0.01863300 0.03844100
v -0.07524800 -0.01863300 0.03844100
v -0.07596700 -0.01952100 0.03870300
v -0.07698700 -0.01996200 0.03907400
v -0.07698700 -0.01996200 0.03907400
v -0.07698700 -0.01996200 0.03907400
v -0.07698700 -0.01996200 0.03907400
v -0.06718700 -0.01650800 0.03550700
v -0.06718700 -0.01650800 0.03550700
v -0.06718700 -0.01650800 0.03550700
v -0.06718700 -0.01650800 0.03550700
v -0.06718700 -0.01650800 0.03550700
v -0.06602000 -0.02117600 0.03508200
v -0.06602000 -0.02117600 0.03508200
v -0.06719100 -0.01900800 0.03550900
v -0.06719100 -0.01900800 0.03550900
v -0.06687900 -0.02025900 0.03539500
v -0.06921500 -0.01260800 0.03624500
v -0.06921500 -0.01260800 0.03624500
v -0.06790500 -0.01150100 0.03576800
v -0.06790500 -0.01150100 0.03576800
v -0.07965200 -0.01706200 0.04004400
v -0.07965200 -0.01706200 0.04004400
v -0.07965200 -0.01706200 0.04004400
v -0.07965200 -0.01706200 0.04004400
v -0.07965200 -0.01706200 0.04004400
v -0.07965200 -0.01706200 0.04004400
v -0.07498800 -0.01749400 0.03834600
v -0.07498800 -0.01749400 0.03834600
v -0.07808400 -0.01986000 0.03947300
v -0.07901700 -0.01923800 0.03981300
v -0.07901700 -0.01923800 0.03981300
v -0.07901700 -0.01923800 0.03981300
v -0.07247700 -0.01260300 0.03743200
v -0.07247700 -0.01260300 0.03743200
v -0.07247700 -0.01260300 0.03743200
v -0.06718700 -0.01650800 0.03550700
v -0.06718700 -0.01650800 0.03550700
v -0.06718700 -0.01650800 0.03550700
v -0.07084700 -0.01300200 0.03683900
v -0.07084700 -0.01300200 0.03683900
v -0.06920000 -0.00260800 0.03624000
v -0.06920000 -0.00260800 0.03624000
v -0.06920000 -0.00260800 0.03624000
v -0.06920000 -0.00260800 0.03624000
v -0.06789000 -0.00150100 0.03576300
v -0.06789000 -0.00150100 0.03576300
v -0.06716200 0.00010200 0.03549800
v -0.06716200 0.00010200 0.03549800
v -0.06716200 0.00010200 0.03549800
v -0.06715900 0.00188200 0.03549700
v -0.06715900 0.00188200 0.03549700
v -0.06788200 0.00348700 0.03576000
v -0.06788200 0.00348700 0.03576000
v -0.07958100 -0.01823100 0.04001800
v -0.07245000 0.00460500 0.03742200
v -0.07245000 0.00460500 0.03742200
v -0.07081900 0.00499800 0.03682900
v -0.07081900 0.00499800 0.03682900
v -0.07081900 0.00499800 0.03682900
v -0.06918800 0.00459900 0.03623500
v -0.06918800 0.00459900 0.03623500
v -0.07376000 0.00349700 0.03789900
v -0.07376000 0.00349700 0.03789900
v -0.07448800 0.00189500 0.03816400
v -0.07448800 0.00189500 0.03816400
v -0.07449100 0.00011500 0.03816500
v -0.07449100 0.00011500 0.03816500
v -0.07449100 0.00011500 0.03816500
v -0.07376800 -0.00149000 0.03790200
v -0.07376800 -0.00149000 0.03790200
v -0.07376800 -0.00149000 0.03790200
v -0.07376800 -0.00149000 0.03790200
v -0.07450300 -0.00810500 0.03817000
v -0.07450300 -0.00810500 0.03817000
v -0.07450300 -0.00810500 0.03817000
v -0.07450300 -0.00810500 0.03817000
v -0.06789700 -0.00651300 0.03576500
v -0.06789700 -0.00651300 0.03576500
v -0.06920400 -0.00540100 0.03624100
v -0.06920400 -0.00540100 0.03624100
v -0.06920400 -0.00540100 0.03624100
v -0.07083100 -0.00300200 0.03683300
v -0.07083100 -0.00300200 0.03683300
v -0.07083100 -0.00300200 0.03683300
v -0.07083400 -0.00500200 0.03683400
v -0.07083400 -0.00500200 0.03683400
v -0.07083400 -0.00500200 0.03683400
v -0.07246200 -0.00260300 0.03742700
v -0.07246200 -0.00260300 0.03742700
v -0.07246200 -0.00260300 0.03742700
v -0.07246500 -0.00539500 0.03742800
v -0.07246500 -0.00539500 0.03742800
v -0.07246500 -0.00539500 0.03742800
v -0.07377500 -0.00650300 0.03790500
v -0.07377500 -0.00650300 0.03790500
v -0.07450600 -0.00988500 0.03817100
v -0.07450600 -0.00988500 0.03817100
v -0.07450600 -0.00988500 0.03817100
v -0.07378300 -0.01149000 0.03790800
v -0.07378300 -0.01149000 0.03790800
v -0.06602000 -0.02117600 0.03508200
v -0.06602000 -0.02117600 0.03508200
v -0.06602000 -0.02117600 0.03508200
v -0.06602000 -0.02117600 0.03508200
v -0.06602000 -0.02117600 0.03508200
v -0.06602000 -0.02117600 0.03508200
v -0.06249300 -0.01901700 0.03379800
v -0.06249300 -0.01901700 0.03379800
v -0.06281000 -0.02026600 0.03391400
v -0.06281000 -0.02026600 0.03391400
v -0.06367100 -0.02118000 0.03422700
v -0.06367100 -0.02118000 0.03422700
v -0.06484600 -0.02151300 0.03465500
v -0.08469000 0.04388000 0.02506400
v -0.08469000 0.04388000 0.02506400
v -0.08234200 0.04467400 0.02889100
v -0.08234200 0.04467400 0.02889100
v -0.08384700 0.04467400 0.02475700
v -0.08234200 0.04467400 0.02889100
v -0.08384700 0.04467400 0.02475700
v -0.08124900 0.04495900 0.02849300
v -0.08124900 0.04495900 0.02849300
v -0.08275300 0.04495900 0.02435900
v -0.07014400 0.04493600 0.01976900
v -0.07014400 0.04493600 0.01976900
v -0.06863900 0.04493600 0.02390400
v -0.06643800 0.04329700 0.02310300
v -0.06794300 0.04329700 0.01896800
v -0.06774700 0.04262400 0.01907900
v -0.06772200 0.04275400 0.01918700
v -0.06770700 0.04279600 0.01924500
v -0.06766200 0.04285700 0.01939600
v -0.06764800 0.04286500 0.01943800
v -0.06759600 0.04286000 0.01958100
v -0.06750900 0.04276400 0.01977500
v -0.06750900 0.04276400 0.01977500
v -0.06643800 0.04329700 0.02310300
v -0.06744200 0.04257600 0.01990800
v -0.06782700 0.04478000 0.02360800
v -0.06933200 0.04478000 0.01947300
v -0.06782700 0.04478000 0.02360800
v -0.06933200 0.04478000 0.01947300
v -0.06933200 0.04478000 0.01947300
v -0.06697900 0.04420100 0.02330000
v -0.06697900 0.04420100 0.02330000
v -0.06848400 0.04420100 0.01916500
v -0.06697900 0.04420100 0.02330000
v -0.06848400 0.04420100 0.01916500
v -0.06769700 -0.02089300 0.01961700
v -0.06776600 -0.02089000 0.01942600
v -0.06804600 -0.02133100 0.01900500
v -0.06754300 -0.02061400 0.01994300
v -0.06654100 -0.02133100 0.02314000
v -0.06756200 -0.02068300 0.01990800
v -0.06761600 -0.02080700 0.01980000
v -0.06764100 -0.02084300 0.01974700
v -0.06785300 -0.02061200 0.01909100
v -0.06785300 -0.02061200 0.01909100
v -0.06804600 -0.02133100 0.01900500
v -0.06782400 -0.02078300 0.01921800
v -0.06708500 -0.02223200 0.02333800
v -0.06859000 -0.02223200 0.01920400
v -0.06708500 -0.02223200 0.02333800
v -0.06859000 -0.02223200 0.01920400
v -0.06793400 -0.02280800 0.02364700
v -0.06943900 -0.02280800 0.01951300
v -0.06874700 -0.02296100 0.02394300
v -0.07025200 -0.02296100 0.01980900
v -0.08286100 -0.02293900 0.02439800
v -0.08135600 -0.02293900 0.02853300
v -0.08245300 -0.02264700 0.02893200
v -0.08395800 -0.02264700 0.02479700
v -0.08245300 -0.02264700 0.02893200
v -0.08395800 -0.02264700 0.02479700
v -0.06629400 0.04243200 0.02305000
v -0.06629400 0.04243200 0.02305000
v -0.06629700 0.04098300 0.02305100
v -0.06660900 0.04223400 0.02316500
v -0.06660900 0.04223400 0.02316500
v -0.06660900 0.04223400 0.02316500
v -0.06639200 -0.01901700 0.02308600
v -0.06639400 -0.02046600 0.02308700
v -0.06639400 -0.02046600 0.02308700
v -0.06670900 -0.02026600 0.02320100
v -0.06670900 -0.02026600 0.02320100
v -0.06670900 -0.02026600 0.02320100
v -0.06654100 -0.02133100 0.02314000
v -0.06654100 -0.02133100 0.02314000
v -0.06654100 -0.02133100 0.02314000
v -0.06757000 -0.02118000 0.02351500
v -0.07386500 -0.02075300 0.02580600
v -0.07386500 -0.02075300 0.02580600
v -0.07386500 -0.02075300 0.02580600
v -0.07386500 -0.02075300 0.02580600
v -0.07386500 -0.02075300 0.02580600
v -0.07402200 -0.02012800 0.02586300
v -0.07402200 -0.02012800 0.02586300
v -0.07109000 -0.01900800 0.02479600
v -0.07109000 -0.01900800 0.02479600
v -0.07109000 -0.01900800 0.02479600
v -0.07109000 -0.01900800 0.02479600
v -0.07605800 -0.02137400 0.02660400
v -0.07605800 -0.02137400 0.02660400
v -0.07562900 -0.02183300 0.02644800
v -0.07562900 -0.02183300 0.02644800
v -0.08135600 -0.02293900 0.02853300
v -0.08135600 -0.02293900 0.02853300
v -0.08135600 -0.02293900 0.02853300
v -0.08135600 -0.02293900 0.02853300
v -0.08135600 -0.02293900 0.02853300
v -0.07504200 -0.02200100 0.02623400
v -0.07504200 -0.02200100 0.02623400
v -0.07504200 -0.02200100 0.02623400
v -0.06874700 -0.02296100 0.02394300
v -0.06874700 -0.02296100 0.02394300
v -0.06874700 -0.02296100 0.02394300
v -0.06874700 -0.02296100 0.02394300
v -0.06874700 -0.02296100 0.02394300
v -0.06874700 -0.02296100 0.02394300
v -0.06874700 -0.02296100 0.02394300
v -0.07445400 -0.02183500 0.02602000
v -0.07445400 -0.02183500 0.02602000
v -0.07402400 -0.02137800 0.02586400
v -0.07402400 -0.02137800 0.02586400
v -0.06864200 0.04348700 0.02390500
v -0.06864200 0.04348700 0.02390500
v -0.06864200 0.04348700 0.02390500
v -0.06864200 0.04348700 0.02390500
v -0.06864200 0.04348700 0.02390500
v -0.07376400 0.04274700 0.02576900
v -0.07376400 0.04274700 0.02576900
v -0.07376400 0.04274700 0.02576900
v -0.07376400 0.04274700 0.02576900
v -0.07392100 0.04337200 0.02582600
v -0.07392100 0.04337200 0.02582600
v -0.07392100 0.04337200 0.02582600
v -0.06708500 -0.02223200 0.02333800
v -0.06708500 -0.02223200 0.02333800
v -0.06757000 -0.02118000 0.02351500
v -0.06757000 -0.02118000 0.02351500
v -0.06757000 -0.02118000 0.02351500
v -0.06793400 -0.02280800 0.02364700
v -0.06793400 -0.02280800 0.02364700
v -0.06793400 -0.02280800 0.02364700
v -0.06874500 -0.02151300 0.02394200
v -0.06874500 -0.02151300 0.02394200
v -0.06874500 -0.02151300 0.02394200
v -0.06991900 -0.02117600 0.02437000
v -0.06991900 -0.02117600 0.02437000
v -0.06991900 -0.02117600 0.02437000
v -0.07077800 -0.02025900 0.02468200
v -0.07077800 -0.02025900 0.02468200
v -0.07435000 0.04383000 0.02598200
v -0.07435000 0.04383000 0.02598200
v -0.07493700 0.04399900 0.02619600
v -0.07493700 0.04399900 0.02619600
v -0.07493700 0.04399900 0.02619600
v -0.06863900 0.04493600 0.02390400
v -0.06863900 0.04493600 0.02390400
v -0.06863900 0.04493600 0.02390400
v -0.06863900 0.04493600 0.02390400
v -0.06863900 0.04493600 0.02390400
v -0.07099500 0.04099200 0.02476100
v -0.07099500 0.04099200 0.02476100
v -0.07099500 0.04099200 0.02476100
v -0.07099500 0.04099200 0.02476100
v -0.07926400 0.04100600 0.02777100
v -0.07926400 0.04100600 0.02777100
v -0.07926400 0.04100600 0.02777100
v -0.07494100 0.04149900 0.02619700
v -0.07494100 0.04149900 0.02619700
v -0.07494100 0.04149900 0.02619700
v -0.07435300 0.04166500 0.02598400
v -0.07435300 0.04166500 0.02598400
v -0.07392300 0.04212200 0.02582700
v -0.07392300 0.04212200 0.02582700
v -0.07392300 0.04212200 0.02582700
v -0.07067800 0.04224100 0.02464600
v -0.07067800 0.04224100 0.02464600
v -0.07067800 0.04224100 0.02464600
v -0.06981700 0.04315400 0.02433300
v -0.06981700 0.04315400 0.02433300
v -0.06643800 0.04329700 0.02310300
v -0.06643800 0.04329700 0.02310300
v -0.06643800 0.04329700 0.02310300
v -0.06746800 0.04315000 0.02347700
v -0.06746800 0.04315000 0.02347700
v -0.06746800 0.04315000 0.02347700
v -0.06697900 0.04420100 0.02330000
v -0.06697900 0.04420100 0.02330000
v -0.08124900 0.04495900 0.02849300
v -0.08124900 0.04495900 0.02849300
v -0.08124900 0.04495900 0.02849300
v -0.08124900 0.04495900 0.02849300
v -0.06782700 0.04478000 0.02360800
v -0.06782700 0.04478000 0.02360800
v -0.06782700 0.04478000 0.02360800
v -0.06746800 0.04315000 0.02347700
v -0.07552500 0.04383200 0.02641000
v -0.07552500 0.04383200 0.02641000
v -0.07595500 0.04337500 0.02656700
v -0.07595500 0.04337500 0.02656700
v -0.07595500 0.04337500 0.02656700
v -0.08234200 0.04467400 0.02889100
v -0.08234200 0.04467400 0.02889100
v -0.08234200 0.04467400 0.02889100
v -0.07611400 0.04275100 0.02662400
v -0.07611400 0.04275100 0.02662400
v -0.07611400 0.04275100 0.02662400
v -0.07611400 0.04275100 0.02662400
v -0.07611400 0.04275100 0.02662400
v -0.08318500 0.04388000 0.02919800
v -0.08318500 0.04388000 0.02919800
v -0.08346100 0.04341100 0.02929900
v -0.08346100 0.04341100 0.02929900
v -0.08346100 0.04341100 0.02929900
v -0.08346100 0.04341100 0.02929900
v -0.08291600 -0.01923800 0.02910000
v -0.08291600 -0.01923800 0.02910000
v -0.08198300 -0.01986000 0.02876100
v -0.08198300 -0.01986000 0.02876100
v -0.08358200 -0.02134800 0.02934300
v -0.08358200 -0.02134800 0.02934300
v -0.08358200 -0.02134800 0.02934300
v -0.08358200 -0.02134800 0.02934300
v -0.08358200 -0.02134800 0.02934300
v -0.08358200 -0.02134800 0.02934300
v -0.08088600 -0.01996200 0.02836100
v -0.08088600 -0.01996200 0.02836100
v -0.08088600 -0.01996200 0.02836100
v -0.08088600 -0.01996200 0.02836100
v -0.08329500 -0.02184400 0.02923800
v -0.08329500 -0.02184400 0.02923800
v -0.07621400 -0.02074900 0.02666100
v -0.07621400 -0.02074900 0.02666100
v -0.07621400 -0.02074900 0.02666100
v -0.07605600 -0.02012400 0.02660300
v -0.07605600 -0.02012400 0.02660300
v -0.07605600 -0.02012400 0.02660300
v -0.07986600 -0.01952100 0.02799000
v -0.07986600 -0.01952100 0.02799000
v -0.07986600 -0.01952100 0.02799000
v -0.07562500 -0.01966800 0.02644700
v -0.07562500 -0.01966800 0.02644700
v -0.07562500 -0.01966800 0.02644700
v -0.07936000 -0.01899300 0.02780600
v -0.07936000 -0.01899300 0.02780600
v -0.07936000 -0.01899300 0.02780600
v -0.07503800 -0.01950100 0.02623300
v -0.07503800 -0.01950100 0.02623300
v -0.07503800 -0.01950100 0.02623300
v -0.07109000 -0.01900800 0.02479600
v -0.07445100 -0.01967000 0.02601900
v -0.07445100 -0.01967000 0.02601900
v -0.07621400 -0.02074900 0.02666100
v -0.07621400 -0.02074900 0.02666100
v -0.07621400 -0.02074900 0.02666100
v -0.08245300 -0.02264700 0.02893200
v -0.08245300 -0.02264700 0.02893200
v -0.07611400 0.04275100 0.02662400
v -0.07611400 0.04275100 0.02662400
v -0.07595700 0.04212500 0.02656700
v -0.07595700 0.04212500 0.02656700
v -0.07926400 0.04100600 0.02777100
v -0.07926400 0.04100600 0.02777100
v -0.07552800 0.04166700 0.02641100
v -0.07552800 0.04166700 0.02641100
v -0.07976900 0.04153500 0.02795500
v -0.07976900 0.04153500 0.02795500
v -0.08078800 0.04198100 0.02832600
v -0.08078800 0.04198100 0.02832600
v -0.08078800 0.04198100 0.02832600
v -0.08188500 0.04188300 0.02872500
v -0.08188500 0.04188300 0.02872500
v -0.08188500 0.04188300 0.02872500
v -0.08410200 0.04168600 0.02953200
v -0.08410200 0.04168600 0.02953200
v -0.08410200 0.04168600 0.02953200
v -0.08282000 0.04126400 0.02906500
v -0.08282000 0.04126400 0.02906500
v -0.08282000 0.04126400 0.02906500
v -0.08430000 0.03985000 0.02960400
v -0.08430000 0.03985000 0.02960400
v -0.08430000 0.03985000 0.02960400
v -0.08338700 0.04025900 0.02927200
v -0.08338700 0.04025900 0.02927200
v -0.08338700 0.04025900 0.02927200
v -0.08440400 0.03785300 0.02964200
v -0.08440400 0.03785300 0.02964200
v -0.08440400 0.03785300 0.02964200
v -0.08346200 0.03909000 0.02929900
v -0.08346200 0.03909000 0.02929900
v -0.08346200 0.03909000 0.02929900
v -0.08450900 0.03566000 0.02968000
v -0.08450900 0.03566000 0.02968000
v -0.08450900 0.03566000 0.02968000
v -0.08302800 0.03801300 0.02914100
v -0.08302800 0.03801300 0.02914100
v -0.08302800 0.03801300 0.02914100
v -0.08302800 0.03801300 0.02914100
v -0.08302800 0.03801300 0.02914100
v -0.08461500 0.03325900 0.02971800
v -0.08461500 0.03325900 0.02971800
v -0.08311400 -0.01598700 0.02917200
v -0.08311400 -0.01598700 0.02917200
v -0.08311400 -0.01598700 0.02917200
v -0.08311400 -0.01598700 0.02917200
v -0.08509600 0.00874600 0.02989400
v -0.08509600 0.00874600 0.02989400
v -0.08509600 0.00874600 0.02989400
v -0.08506800 0.01589600 0.02988400
v -0.08506800 0.01589600 0.02988400
v -0.08348000 -0.01823100 0.02930500
v -0.08348000 -0.01823100 0.02930500
v -0.08348000 -0.01823100 0.02930500
v -0.08422700 -0.01952500 0.02957700
v -0.08422700 -0.01952500 0.02957700
v -0.08422700 -0.01952500 0.02957700
v -0.08355100 -0.01706200 0.02933100
v -0.08355100 -0.01706200 0.02933100
v -0.08355100 -0.01706200 0.02933100
v -0.08440400 -0.01756400 0.02964200
v -0.08440400 -0.01756400 0.02964200
v -0.08440400 -0.01756400 0.02964200
v -0.08478000 -0.00862100 0.02977900
v -0.08478000 -0.00862100 0.02977900
v -0.07273100 -0.02075100 0.03257700
v -0.07357700 -0.02183300 0.03208600
v -0.07400600 -0.02137400 0.03224200
v -0.07299000 -0.02200100 0.03187200
v -0.07400400 -0.02012400 0.03224200
v -0.07357300 -0.01966800 0.03208500
v -0.07416200 -0.02074900 0.03229900
v -0.07239900 -0.01967000 0.03165700
v -0.07196900 -0.02012800 0.03150100
v -0.07298600 -0.01950100 0.03187100
v -0.07197100 -0.02137800 0.03150200
v -0.07240200 -0.02183500 0.03165900
v -0.07181300 -0.02075300 0.03144400
v -0.07299000 -0.02200100 0.03187200
v -0.07504200 -0.02200100 0.02623400
v -0.07504200 -0.02200100 0.02623400
v -0.07357700 -0.02183300 0.03208600
v -0.07357700 -0.02183300 0.03208600
v -0.07562900 -0.02183300 0.02644800
v -0.07357700 -0.02183300 0.03208600
v -0.07562900 -0.02183300 0.02644800
v -0.07562900 -0.02183300 0.02644800
v -0.07400600 -0.02137400 0.03224200
v -0.07400600 -0.02137400 0.03224200
v -0.07605800 -0.02137400 0.02660400
v -0.07400600 -0.02137400 0.03224200
v -0.07605800 -0.02137400 0.02660400
v -0.07605800 -0.02137400 0.02660400
v -0.07416200 -0.02074900 0.03229900
v -0.07416200 -0.02074900 0.03229900
v -0.07621400 -0.02074900 0.02666100
v -0.07416200 -0.02074900 0.03229900
v -0.07621400 -0.02074900 0.02666100
v -0.07621400 -0.02074900 0.02666100
v -0.07400400 -0.02012400 0.03224200
v -0.07400400 -0.02012400 0.03224200
v -0.07605600 -0.02012400 0.02660300
v -0.07400400 -0.02012400 0.03224200
v -0.07605600 -0.02012400 0.02660300
v -0.07605600 -0.02012400 0.02660300
v -0.07357300 -0.01966800 0.03208500
v -0.07357300 -0.01966800 0.03208500
v -0.07562500 -0.01966800 0.02644700
v -0.07357300 -0.01966800 0.03208500
v -0.07562500 -0.01966800 0.02644700
v -0.07562500 -0.01966800 0.02644700
v -0.07298600 -0.01950100 0.03187100
v -0.07298600 -0.01950100 0.03187100
v -0.07503800 -0.01950100 0.02623300
v -0.07298600 -0.01950100 0.03187100
v -0.07503800 -0.01950100 0.02623300
v -0.07503800 -0.01950100 0.02623300
v -0.07239900 -0.01967000 0.03165700
v -0.07239900 -0.01967000 0.03165700
v -0.07445100 -0.01967000 0.02601900
v -0.07239900 -0.01967000 0.03165700
v -0.07445100 -0.01967000 0.02601900
v -0.07445100 -0.01967000 0.02601900
v -0.07196900 -0.02012800 0.03150100
v -0.07196900 -0.02012800 0.03150100
v -0.07402200 -0.02012800 0.02586300
v -0.07196900 -0.02012800 0.03150100
v -0.07402200 -0.02012800 0.02586300
v -0.07402200 -0.02012800 0.02586300
v -0.07181300 -0.02075300 0.03144400
v -0.07181300 -0.02075300 0.03144400
v -0.07386500 -0.02075300 0.02580600
v -0.07181300 -0.02075300 0.03144400
v -0.07386500 -0.02075300 0.02580600
v -0.07386500 -0.02075300 0.02580600
v -0.07197100 -0.02137800 0.03150200
v -0.07197100 -0.02137800 0.03150200
v -0.07402400 -0.02137800 0.02586400
v -0.07197100 -0.02137800 0.03150200
v -0.07402400 -0.02137800 0.02586400
v -0.07402400 -0.02137800 0.02586400
v -0.07240200 -0.02183500 0.03165900
v -0.07240200 -0.02183500 0.03165900
v -0.07445400 -0.02183500 0.02602000
v -0.07240200 -0.02183500 0.03165900
v -0.07445400 -0.02183500 0.02602000
v -0.07445400 -0.02183500 0.02602000
v -0.07299000 -0.02200100 0.03187200
v -0.07299000 -0.02200100 0.03187200
v -0.07504200 -0.02200100 0.02623400
v -0.07263000 0.04274900 0.03254100
v -0.07347600 0.04166700 0.03204900
v -0.07390500 0.04212500 0.03220600
v -0.07288900 0.04149900 0.03183600
v -0.07390300 0.04337500 0.03220500
v -0.07347200 0.04383200 0.03204800
v -0.07406100 0.04275100 0.03226200
v -0.07229800 0.04383000 0.03162100
v -0.07186900 0.04337200 0.03146400
v -0.07288500 0.04399900 0.03183400
v -0.07187100 0.04212200 0.03146500
v -0.07230100 0.04166500 0.03162200
v -0.07171200 0.04274700 0.03140700
v -0.07288900 0.04149900 0.03183600
v -0.07494100 0.04149900 0.02619700
v -0.07494100 0.04149900 0.02619700
v -0.07347600 0.04166700 0.03204900
v -0.07347600 0.04166700 0.03204900
v -0.07552800 0.04166700 0.02641100
v -0.07347600 0.04166700 0.03204900
v -0.07552800 0.04166700 0.02641100
v -0.07552800 0.04166700 0.02641100
v -0.07390500 0.04212500 0.03220600
v -0.07390500 0.04212500 0.03220600
v -0.07595700 0.04212500 0.02656700
v -0.07390500 0.04212500 0.03220600
v -0.07595700 0.04212500 0.02656700
v -0.07595700 0.04212500 0.02656700
v -0.07406100 0.04275100 0.03226200
v -0.07406100 0.04275100 0.03226200
v -0.07611400 0.04275100 0.02662400
v -0.07406100 0.04275100 0.03226200
v -0.07611400 0.04275100 0.02662400
v -0.07611400 0.04275100 0.02662400
v -0.07390300 0.04337500 0.03220500
v -0.07390300 0.04337500 0.03220500
v -0.07595500 0.04337500 0.02656700
v -0.07390300 0.04337500 0.03220500
v -0.07595500 0.04337500 0.02656700
v -0.07595500 0.04337500 0.02656700
v -0.07347200 0.04383200 0.03204800
v -0.07347200 0.04383200 0.03204800
v -0.07552500 0.04383200 0.02641000
v -0.07347200 0.04383200 0.03204800
v -0.07552500 0.04383200 0.02641000
v -0.07552500 0.04383200 0.02641000
v -0.07288500 0.04399900 0.03183400
v -0.07288500 0.04399900 0.03183400
v -0.07493700 0.04399900 0.02619600
v -0.07288500 0.04399900 0.03183400
v -0.07493700 0.04399900 0.02619600
v -0.07493700 0.04399900 0.02619600
v -0.07229800 0.04383000 0.03162100
v -0.07229800 0.04383000 0.03162100
v -0.07435000 0.04383000 0.02598200
v -0.07229800 0.04383000 0.03162100
v -0.07435000 0.04383000 0.02598200
v -0.07435000 0.04383000 0.02598200
v -0.07186900 0.04337200 0.03146400
v -0.07186900 0.04337200 0.03146400
v -0.07392100 0.04337200 0.02582600
v -0.07186900 0.04337200 0.03146400
v -0.07392100 0.04337200 0.02582600
v -0.07392100 0.04337200 0.02582600
v -0.07171200 0.04274700 0.03140700
v -0.07171200 0.04274700 0.03140700
v -0.07376400 0.04274700 0.02576900
v -0.07171200 0.04274700 0.03140700
v -0.07376400 0.04274700 0.02576900
v -0.07376400 0.04274700 0.02576900
v -0.07187100 0.04212200 0.03146500
v -0.07187100 0.04212200 0.03146500
v -0.07392300 0.04212200 0.02582700
v -0.07187100 0.04212200 0.03146500
v -0.07392300 0.04212200 0.02582700
v -0.07392300 0.04212200 0.02582700
v -0.07230100 0.04166500 0.03162200
v -0.07230100 0.04166500 0.03162200
v -0.07435300 0.04166500 0.02598400
v -0.07230100 0.04166500 0.03162200
v -0.07435300 0.04166500 0.02598400
v -0.07435300 0.04166500 0.02598400
v -0.07288900 0.04149900 0.03183600
v -0.07288900 0.04149900 0.03183600
v -0.07494100 0.04149900 0.02619700
v -0.07163200 -0.02500600 0.02772400
v -0.07232500 -0.02589300 0.02732100
v -0.07267700 -0.02551700 0.02744900
v -0.07184400 -0.02603100 0.02714500
v -0.07267600 -0.02449200 0.02744800
v -0.07232300 -0.02411700 0.02732000
v -0.07280600 -0.02500400 0.02749500
v -0.07135900 -0.02411900 0.02696900
v -0.07100700 -0.02449500 0.02684100
v -0.07184100 -0.02398100 0.02714400
v -0.07100900 -0.02552000 0.02684200
v -0.07136200 -0.02589400 0.02697000
v -0.07087900 -0.02500700 0.02679400
v -0.07184400 -0.02603100 0.02714500
v -0.07401600 -0.02603100 0.02117800
v -0.07401600 -0.02603100 0.02117800
v -0.07232500 -0.02589300 0.02732100
v -0.07232500 -0.02589300 0.02732100
v -0.07449700 -0.02589300 0.02135400
v -0.07232500 -0.02589300 0.02732100
v -0.07449700 -0.02589300 0.02135400
v -0.07449700 -0.02589300 0.02135400
v -0.07267700 -0.02551700 0.02744900
v -0.07267700 -0.02551700 0.02744900
v -0.07484900 -0.02551700 0.02148200
v -0.07267700 -0.02551700 0.02744900
v -0.07484900 -0.02551700 0.02148200
v -0.07484900 -0.02551700 0.02148200
v -0.07280600 -0.02500400 0.02749500
v -0.07280600 -0.02500400 0.02749500
v -0.07497700 -0.02500400 0.02152800
v -0.07280600 -0.02500400 0.02749500
v -0.07497700 -0.02500400 0.02152800
v -0.07497700 -0.02500400 0.02152800
v -0.07267600 -0.02449200 0.02744800
v -0.07267600 -0.02449200 0.02744800
v -0.07484800 -0.02449200 0.02148100
v -0.07267600 -0.02449200 0.02744800
v -0.07484800 -0.02449200 0.02148100
v -0.07484800 -0.02449200 0.02148100
v -0.07232300 -0.02411700 0.02732000
v -0.07232300 -0.02411700 0.02732000
v -0.07449400 -0.02411700 0.02135300
v -0.07232300 -0.02411700 0.02732000
v -0.07449400 -0.02411700 0.02135300
v -0.07449400 -0.02411700 0.02135300
v -0.07184100 -0.02398100 0.02714400
v -0.07184100 -0.02398100 0.02714400
v -0.07401300 -0.02398100 0.02117700
v -0.07184100 -0.02398100 0.02714400
v -0.07401300 -0.02398100 0.02117700
v -0.07401300 -0.02398100 0.02117700
v -0.07135900 -0.02411900 0.02696900
v -0.07135900 -0.02411900 0.02696900
v -0.07353100 -0.02411900 0.02100200
v -0.07135900 -0.02411900 0.02696900
v -0.07353100 -0.02411900 0.02100200
v -0.07353100 -0.02411900 0.02100200
v -0.07100700 -0.02449500 0.02684100
v -0.07100700 -0.02449500 0.02684100
v -0.07317900 -0.02449500 0.02087400
v -0.07100700 -0.02449500 0.02684100
v -0.07317900 -0.02449500 0.02087400
v -0.07317900 -0.02449500 0.02087400
v -0.07087900 -0.02500700 0.02679400
v -0.07087900 -0.02500700 0.02679400
v -0.07305100 -0.02500700 0.02082700
v -0.07087900 -0.02500700 0.02679400
v -0.07305100 -0.02500700 0.02082700
v -0.07305100 -0.02500700 0.02082700
v -0.07100900 -0.02552000 0.02684200
v -0.07100900 -0.02552000 0.02684200
v -0.07318100 -0.02552000 0.02087500
v -0.07100900 -0.02552000 0.02684200
v -0.07318100 -0.02552000 0.02087500
v -0.07318100 -0.02552000 0.02087500
v -0.07136200 -0.02589400 0.02697000
v -0.07136200 -0.02589400 0.02697000
v -0.07353400 -0.02589400 0.02100300
v -0.07136200 -0.02589400 0.02697000
v -0.07353400 -0.02589400 0.02100300
v -0.07353400 -0.02589400 0.02100300
v -0.07184400 -0.02603100 0.02714500
v -0.07184400 -0.02603100 0.02714500
v -0.07401600 -0.02603100 0.02117800
v -0.07151700 0.04699400 0.02768200
v -0.07221100 0.04610700 0.02727900
v -0.07256300 0.04648300 0.02740700
v -0.07173000 0.04596900 0.02710400
v -0.07256100 0.04750800 0.02740700
v -0.07220800 0.04788300 0.02727800
v -0.07269100 0.04699600 0.02745400
v -0.07124500 0.04788100 0.02692700
v -0.07089300 0.04750500 0.02679900
v -0.07172600 0.04801900 0.02710300
v -0.07089500 0.04648000 0.02680000
v -0.07124800 0.04610500 0.02692800
v -0.07076500 0.04699200 0.02675300
v -0.07173000 0.04596900 0.02710400
v -0.07390100 0.04596900 0.02113700
v -0.07390100 0.04596900 0.02113700
v -0.07221100 0.04610700 0.02727900
v -0.07221100 0.04610700 0.02727900
v -0.07438300 0.04610700 0.02131200
v -0.07221100 0.04610700 0.02727900
v -0.07438300 0.04610700 0.02131200
v -0.07438300 0.04610700 0.02131200
v -0.07256300 0.04648300 0.02740700
v -0.07256300 0.04648300 0.02740700
v -0.07473500 0.04648300 0.02144000
v -0.07256300 0.04648300 0.02740700
v -0.07473500 0.04648300 0.02144000
v -0.07473500 0.04648300 0.02144000
v -0.07269100 0.04699600 0.02745400
v -0.07269100 0.04699600 0.02745400
v -0.07486300 0.04699600 0.02148700
v -0.07269100 0.04699600 0.02745400
v -0.07486300 0.04699600 0.02148700
v -0.07486300 0.04699600 0.02148700
v -0.07256100 0.04750800 0.02740700
v -0.07256100 0.04750800 0.02740700
v -0.07473300 0.04750800 0.02143900
v -0.07256100 0.04750800 0.02740700
v -0.07473300 0.04750800 0.02143900
v -0.07473300 0.04750800 0.02143900
v -0.07220800 0.04788300 0.02727800
v -0.07220800 0.04788300 0.02727800
v -0.07438000 0.04788300 0.02131100
v -0.07220800 0.04788300 0.02727800
v -0.07438000 0.04788300 0.02131100
v -0.07438000 0.04788300 0.02131100
v -0.07172600 0.04801900 0.02710300
v -0.07172600 0.04801900 0.02710300
v -0.07389800 0.04801900 0.02113600
v -0.07172600 0.04801900 0.02710300
v -0.07389800 0.04801900 0.02113600
v -0.07389800 0.04801900 0.02113600
v -0.07124500 0.04788100 0.02692700
v -0.07124500 0.04788100 0.02692700
v -0.07341700 0.04788100 0.02096000
v -0.07124500 0.04788100 0.02692700
v -0.07341700 0.04788100 0.02096000
v -0.07341700 0.04788100 0.02096000
v -0.07089300 0.04750500 0.02679900
v -0.07089300 0.04750500 0.02679900
v -0.07306500 0.04750500 0.02083200
v -0.07089300 0.04750500 0.02679900
v -0.07306500 0.04750500 0.02083200
v -0.07306500 0.04750500 0.02083200
v -0.07076500 0.04699200 0.02675300
v -0.07076500 0.04699200 0.02675300
v -0.07293700 0.04699200 0.02078600
v -0.07076500 0.04699200 0.02675300
v -0.07293700 0.04699200 0.02078600
v -0.07293700 0.04699200 0.02078600
v -0.07089500 0.04648000 0.02680000
v -0.07089500 0.04648000 0.02680000
v -0.07306700 0.04648000 0.02083300
v -0.07089500 0.04648000 0.02680000
v -0.07306700 0.04648000 0.02083300
v -0.07306700 0.04648000 0.02083300
v -0.07124800 0.04610500 0.02692800
v -0.07124800 0.04610500 0.02692800
v -0.07342000 0.04610500 0.02096100
v -0.07124800 0.04610500 0.02692800
v -0.07342000 0.04610500 0.02096100
v -0.07342000 0.04610500 0.02096100
v -0.07173000 0.04596900 0.02710400
v -0.07173000 0.04596900 0.02710400
v -0.07390100 0.04596900 0.02113700
v -0.06638100 0.01769000 0.03521400
v -0.06590200 0.01769000 0.03652900
v -0.06591100 0.01782300 0.03504300
v -0.06543200 0.01782300 0.03635800
v -0.06591100 0.01782300 0.03504300
v -0.06543200 0.01782300 0.03635800
v -0.06543200 0.01782300 0.03635800
v -0.06556700 0.01818900 0.03491700
v -0.06556700 0.01818900 0.03491700
v -0.06508800 0.01818900 0.03623300
v -0.06556700 0.01818900 0.03491700
v -0.06508800 0.01818900 0.03623300
v -0.06544000 0.01868800 0.03487100
v -0.06496100 0.01868800 0.03618700
v -0.06620800 0.01769100 0.03664000
v -0.06668700 0.01769100 0.03532500
v -0.07473500 0.01770600 0.03974400
v -0.07521400 0.01770600 0.03842900
v -0.07615200 0.01870800 0.03877000
v -0.07567400 0.01870800 0.04008600
v -0.07608200 0.01832500 0.03874400
v -0.07560300 0.01832500 0.04006000
v -0.07587800 0.01800000 0.03867000
v -0.07539900 0.01800000 0.03998600
v -0.07587800 0.01800000 0.03867000
v -0.07539900 0.01800000 0.03998600
v -0.07557400 0.01778300 0.03855900
v -0.07509500 0.01778300 0.03987500
v -0.07566800 0.02230800 0.04008400
v -0.07614700 0.02230800 0.03876800
v -0.07520500 0.02330600 0.03842500
v -0.07520500 0.02330600 0.03842500
v -0.07472700 0.02330600 0.03974100
v -0.07556500 0.02323100 0.03855600
v -0.07508600 0.02323100 0.03987200
v -0.07587000 0.02301400 0.03866700
v -0.07539200 0.02301400 0.03998300
v -0.07587000 0.02301400 0.03866700
v -0.07539200 0.02301400 0.03998300
v -0.07607500 0.02269000 0.03874200
v -0.07559600 0.02269000 0.04005700
v -0.06637200 0.02329000 0.03521000
v -0.06589300 0.02329000 0.03652600
v -0.06667800 0.02329100 0.03532200
v -0.06619900 0.02329100 0.03663700
v -0.07472700 0.02330600 0.03974100
v -0.06543400 0.02228800 0.03486900
v -0.06495500 0.02228800 0.03618400
v -0.06555900 0.02278900 0.03491400
v -0.06508000 0.02278900 0.03623000
v -0.06555900 0.02278900 0.03491400
v -0.06508000 0.02278900 0.03623000
v -0.06508000 0.02278900 0.03623000
v -0.06590300 0.02315500 0.03503900
v -0.06590300 0.02315500 0.03503900
v -0.06542400 0.02315500 0.03635500
v -0.06590300 0.02315500 0.03503900
v -0.06542400 0.02315500 0.03635500
v -0.07077000 0.03499800 0.03681100
v -0.07029100 0.03499800 0.03812700
v -0.07029100 0.03499800 0.03812700
v -0.07240200 0.03460500 0.03740500
v -0.07240200 0.03460500 0.03740500
v -0.07192300 0.03460500 0.03872000
v -0.07240200 0.03460500 0.03740500
v -0.07192300 0.03460500 0.03872000
v -0.07192300 0.03460500 0.03872000
v -0.07371100 0.03349700 0.03788200
v -0.07371100 0.03349700 0.03788200
v -0.07323300 0.03349700 0.03919700
v -0.07371100 0.03349700 0.03788200
v -0.07323300 0.03349700 0.03919700
v -0.07323300 0.03349700 0.03919700
v -0.07444000 0.03189500 0.03814700
v -0.07444000 0.03189500 0.03814700
v -0.07396100 0.03189500 0.03946200
v -0.07444000 0.03189500 0.03814700
v -0.07396100 0.03189500 0.03946200
v -0.07396100 0.03189500 0.03946200
v -0.07444300 0.03011500 0.03814800
v -0.07444300 0.03011500 0.03814800
v -0.07396400 0.03011500 0.03946300
v -0.07444300 0.03011500 0.03814800
v -0.07396400 0.03011500 0.03946300
v -0.07396400 0.03011500 0.03946300
v -0.07371900 0.02850900 0.03788400
v -0.07371900 0.02850900 0.03788400
v -0.07324000 0.02850900 0.03920000
v -0.07371900 0.02850900 0.03788400
v -0.07324000 0.02850900 0.03920000
v -0.07324000 0.02850900 0.03920000
v -0.07241300 0.02739700 0.03740900
v -0.07241300 0.02739700 0.03740900
v -0.07193400 0.02739700 0.03872500
v -0.07241300 0.02739700 0.03740900
v -0.07193400 0.02739700 0.03872500
v -0.07193400 0.02739700 0.03872500
v -0.07078300 0.02699800 0.03681600
v -0.07078300 0.02699800 0.03681600
v -0.07030400 0.02699800 0.03813100
v -0.07078300 0.02699800 0.03681600
v -0.07030400 0.02699800 0.03813100
v -0.07030400 0.02699800 0.03813100
v -0.06915100 0.02739100 0.03622200
v -0.06915100 0.02739100 0.03622200
v -0.06867300 0.02739100 0.03753800
v -0.06915100 0.02739100 0.03622200
v -0.06867300 0.02739100 0.03753800
v -0.06867300 0.02739100 0.03753800
v -0.06784200 0.02849900 0.03574500
v -0.06784200 0.02849900 0.03574500
v -0.06736300 0.02849900 0.03706100
v -0.06784200 0.02849900 0.03574500
v -0.06736300 0.02849900 0.03706100
v -0.06736300 0.02849900 0.03706100
v -0.06711400 0.03010100 0.03548000
v -0.06711400 0.03010100 0.03548000
v -0.06663500 0.03010100 0.03679600
v -0.06711400 0.03010100 0.03548000
v -0.06663500 0.03010100 0.03679600
v -0.06663500 0.03010100 0.03679600
v -0.06711100 0.03188200 0.03547900
v -0.06711100 0.03188200 0.03547900
v -0.06663200 0.03188200 0.03679500
v -0.06711100 0.03188200 0.03547900
v -0.06663200 0.03188200 0.03679500
v -0.06663200 0.03188200 0.03679500
v -0.06783400 0.03348700 0.03574200
v -0.06783400 0.03348700 0.03574200
v -0.06735500 0.03348700 0.03705800
v -0.06783400 0.03348700 0.03574200
v -0.06735500 0.03348700 0.03705800
v -0.06735500 0.03348700 0.03705800
v -0.06914000 0.03459900 0.03621800
v -0.06914000 0.03459900 0.03621800
v -0.06866100 0.03459900 0.03753300
v -0.06914000 0.03459900 0.03621800
v -0.06866100 0.03459900 0.03753300
v -0.06866100 0.03459900 0.03753300
v -0.07077000 0.03499800 0.03681100
v -0.07077000 0.03499800 0.03681100
v -0.07029100 0.03499800 0.03812700
v -0.07080100 0.01574800 0.03682200
v -0.07032200 0.01574800 0.03813800
v -0.07032200 0.01574800 0.03813800
v -0.07261700 0.01534100 0.03748300
v -0.07261700 0.01534100 0.03748300
v -0.07213800 0.01534100 0.03879900
v -0.07261700 0.01534100 0.03748300
v -0.07213800 0.01534100 0.03879900
v -0.07213800 0.01534100 0.03879900
v -0.07412000 0.01418200 0.03803100
v -0.07412000 0.01418200 0.03803100
v -0.07364200 0.01418200 0.03934600
v -0.07412000 0.01418200 0.03803100
v -0.07364200 0.01418200 0.03934600
v -0.07364200 0.01418200 0.03934600
v -0.07505100 0.01247400 0.03836900
v -0.07505100 0.01247400 0.03836900
v -0.07457200 0.01247400 0.03968500
v -0.07505100 0.01247400 0.03836900
v -0.07457200 0.01247400 0.03968500
v -0.07457200 0.01247400 0.03968500
v -0.07524800 0.01051000 0.03844100
v -0.07524800 0.01051000 0.03844100
v -0.07476900 0.01051000 0.03975600
v -0.07524800 0.01051000 0.03844100
v -0.07476900 0.01051000 0.03975600
v -0.07476900 0.01051000 0.03975600
v -0.07467800 0.00863000 0.03823300
v -0.07467800 0.00863000 0.03823300
v -0.07419900 0.00863000 0.03954900
v -0.07467800 0.00863000 0.03823300
v -0.07419900 0.00863000 0.03954900
v -0.07419900 0.00863000 0.03954900
v -0.07343800 0.00716000 0.03778200
v -0.07343800 0.00716000 0.03778200
v -0.07295900 0.00716000 0.03909800
v -0.07343800 0.00716000 0.03778200
v -0.07295900 0.00716000 0.03909800
v -0.07295900 0.00716000 0.03909800
v -0.07174400 0.00635400 0.03716500
v -0.07174400 0.00635400 0.03716500
v -0.07126500 0.00635400 0.03848100
v -0.07174400 0.00635400 0.03716500
v -0.07126500 0.00635400 0.03848100
v -0.07126500 0.00635400 0.03848100
v -0.06988800 0.00635000 0.03649000
v -0.06988800 0.00635000 0.03649000
v -0.06940900 0.00635000 0.03780500
v -0.06988800 0.00635000 0.03649000
v -0.06940900 0.00635000 0.03780500
v -0.06940900 0.00635000 0.03780500
v -0.06819100 0.00715100 0.03587200
v -0.06819100 0.00715100 0.03587200
v -0.06771200 0.00715100 0.03718800
v -0.06819100 0.00715100 0.03587200
v -0.06771200 0.00715100 0.03718800
v -0.06771200 0.00715100 0.03718800
v -0.06694700 0.00861600 0.03541900
v -0.06694700 0.00861600 0.03541900
v -0.06646800 0.00861600 0.03673500
v -0.06694700 0.00861600 0.03541900
v -0.06646800 0.00861600 0.03673500
v -0.06646800 0.00861600 0.03673500
v -0.06637000 0.01049400 0.03521000
v -0.06637000 0.01049400 0.03521000
v -0.06589100 0.01049400 0.03652500
v -0.06637000 0.01049400 0.03521000
v -0.06589100 0.01049400 0.03652500
v -0.06589100 0.01049400 0.03652500
v -0.06656100 0.01245800 0.03527900
v -0.06656100 0.01245800 0.03527900
v -0.06608200 0.01245800 0.03659500
v -0.06656100 0.01245800 0.03527900
v -0.06608200 0.01245800 0.03659500
v -0.06608200 0.01245800 0.03659500
v -0.06748600 0.01417100 0.03561600
v -0.06748600 0.01417100 0.03561600
v -0.06700700 0.01417100 0.03693100
v -0.06748600 0.01417100 0.03561600
v -0.06700700 0.01417100 0.03693100
v -0.06700700 0.01417100 0.03693100
v -0.06898600 0.01533400 0.03616200
v -0.06898600 0.01533400 0.03616200
v -0.06850700 0.01533400 0.03747700
v -0.06898600 0.01533400 0.03616200
v -0.06850700 0.01533400 0.03747700
v -0.06850700 0.01533400 0.03747700
v -0.07080100 0.01574800 0.03682200
v -0.07080100 0.01574800 0.03682200
v -0.07032200 0.01574800 0.03813800
v -0.07081900 0.00499800 0.03682900
v -0.07034000 0.00499800 0.03814400
v -0.07034000 0.00499800 0.03814400
v -0.07245000 0.00460500 0.03742200
v -0.07245000 0.00460500 0.03742200
v -0.07197100 0.00460500 0.03873800
v -0.07245000 0.00460500 0.03742200
v -0.07197100 0.00460500 0.03873800
v -0.07197100 0.00460500 0.03873800
v -0.07376000 0.00349700 0.03789900
v -0.07376000 0.00349700 0.03789900
v -0.07328100 0.00349700 0.03921500
v -0.07376000 0.00349700 0.03789900
v -0.07328100 0.00349700 0.03921500
v -0.07328100 0.00349700 0.03921500
v -0.07448800 0.00189500 0.03816400
v -0.07448800 0.00189500 0.03816400
v -0.07400900 0.00189500 0.03948000
v -0.07448800 0.00189500 0.03816400
v -0.07400900 0.00189500 0.03948000
v -0.07400900 0.00189500 0.03948000
v -0.07449100 0.00011500 0.03816500
v -0.07449100 0.00011500 0.03816500
v -0.07401200 0.00011500 0.03948100
v -0.07449100 0.00011500 0.03816500
v -0.07401200 0.00011500 0.03948100
v -0.07401200 0.00011500 0.03948100
v -0.07376800 -0.00149000 0.03790200
v -0.07376800 -0.00149000 0.03790200
v -0.07328900 -0.00149000 0.03921800
v -0.07376800 -0.00149000 0.03790200
v -0.07328900 -0.00149000 0.03921800
v -0.07328900 -0.00149000 0.03921800
v -0.07246200 -0.00260300 0.03742700
v -0.07246200 -0.00260300 0.03742700
v -0.07198300 -0.00260300 0.03874200
v -0.07246200 -0.00260300 0.03742700
v -0.07198300 -0.00260300 0.03874200
v -0.07198300 -0.00260300 0.03874200
v -0.07083100 -0.00300200 0.03683300
v -0.07083100 -0.00300200 0.03683300
v -0.07035200 -0.00300200 0.03814900
v -0.07083100 -0.00300200 0.03683300
v -0.07035200 -0.00300200 0.03814900
v -0.07035200 -0.00300200 0.03814900
v -0.06920000 -0.00260800 0.03624000
v -0.06920000 -0.00260800 0.03624000
v -0.06872100 -0.00260800 0.03755500
v -0.06920000 -0.00260800 0.03624000
v -0.06872100 -0.00260800 0.03755500
v -0.06872100 -0.00260800 0.03755500
v -0.06789000 -0.00150100 0.03576300
v -0.06789000 -0.00150100 0.03576300
v -0.06741100 -0.00150100 0.03707800
v -0.06789000 -0.00150100 0.03576300
v -0.06741100 -0.00150100 0.03707800
v -0.06741100 -0.00150100 0.03707800
v -0.06716200 0.00010200 0.03549800
v -0.06716200 0.00010200 0.03549800
v -0.06668300 0.00010200 0.03681300
v -0.06716200 0.00010200 0.03549800
v -0.06668300 0.00010200 0.03681300
v -0.06668300 0.00010200 0.03681300
v -0.06715900 0.00188200 0.03549700
v -0.06715900 0.00188200 0.03549700
v -0.06668000 0.00188200 0.03681200
v -0.06715900 0.00188200 0.03549700
v -0.06668000 0.00188200 0.03681200
v -0.06668000 0.00188200 0.03681200
v -0.06788200 0.00348700 0.03576000
v -0.06788200 0.00348700 0.03576000
v -0.06740300 0.00348700 0.03707600
v -0.06788200 0.00348700 0.03576000
v -0.06740300 0.00348700 0.03707600
v -0.06740300 0.00348700 0.03707600
v -0.06918800 0.00459900 0.03623500
v -0.06918800 0.00459900 0.03623500
v -0.06870900 0.00459900 0.03755100
v -0.06918800 0.00459900 0.03623500
v -0.06870900 0.00459900 0.03755100
v -0.06870900 0.00459900 0.03755100
v -0.07081900 0.00499800 0.03682900
v -0.07081900 0.00499800 0.03682900
v -0.07034000 0.00499800 0.03814400
v -0.07083400 -0.00500200 0.03683400
v -0.07035500 -0.00500200 0.03815000
v -0.07035500 -0.00500200 0.03815000
v -0.07246500 -0.00539500 0.03742800
v -0.07246500 -0.00539500 0.03742800
v -0.07198600 -0.00539500 0.03874400
v -0.07246500 -0.00539500 0.03742800
v -0.07198600 -0.00539500 0.03874400
v -0.07198600 -0.00539500 0.03874400
v -0.07377500 -0.00650300 0.03790500
v -0.07377500 -0.00650300 0.03790500
v -0.07329600 -0.00650300 0.03922000
v -0.07377500 -0.00650300 0.03790500
v -0.07329600 -0.00650300 0.03922000
v -0.07329600 -0.00650300 0.03922000
v -0.07450300 -0.00810500 0.03817000
v -0.07450300 -0.00810500 0.03817000
v -0.07402400 -0.00810500 0.03948500
v -0.07450300 -0.00810500 0.03817000
v -0.07402400 -0.00810500 0.03948500
v -0.07402400 -0.00810500 0.03948500
v -0.07450600 -0.00988500 0.03817100
v -0.07450600 -0.00988500 0.03817100
v -0.07402700 -0.00988500 0.03948600
v -0.07450600 -0.00988500 0.03817100
v -0.07402700 -0.00988500 0.03948600
v -0.07402700 -0.00988500 0.03948600
v -0.07378300 -0.01149000 0.03790800
v -0.07378300 -0.01149000 0.03790800
v -0.07330400 -0.01149000 0.03922300
v -0.07378300 -0.01149000 0.03790800
v -0.07330400 -0.01149000 0.03922300
v -0.07330400 -0.01149000 0.03922300
v -0.07247700 -0.01260300 0.03743200
v -0.07247700 -0.01260300 0.03743200
v -0.07199800 -0.01260300 0.03874800
v -0.07247700 -0.01260300 0.03743200
v -0.07199800 -0.01260300 0.03874800
v -0.07199800 -0.01260300 0.03874800
v -0.07084700 -0.01300200 0.03683900
v -0.07084700 -0.01300200 0.03683900
v -0.07036800 -0.01300200 0.03815400
v -0.07084700 -0.01300200 0.03683900
v -0.07036800 -0.01300200 0.03815400
v -0.07036800 -0.01300200 0.03815400
v -0.06921500 -0.01260800 0.03624500
v -0.06921500 -0.01260800 0.03624500
v -0.06873600 -0.01260800 0.03756100
v -0.06921500 -0.01260800 0.03624500
v -0.06873600 -0.01260800 0.03756100
v -0.06873600 -0.01260800 0.03756100
v -0.06790500 -0.01150100 0.03576800
v -0.06790500 -0.01150100 0.03576800
v -0.06742700 -0.01150100 0.03708400
v -0.06790500 -0.01150100 0.03576800
v -0.06742700 -0.01150100 0.03708400
v -0.06742700 -0.01150100 0.03708400
v -0.06717700 -0.00989800 0.03550300
v -0.06717700 -0.00989800 0.03550300
v -0.06669800 -0.00989800 0.03681900
v -0.06717700 -0.00989800 0.03550300
v -0.06669800 -0.00989800 0.03681900
v -0.06669800 -0.00989800 0.03681900
v -0.06717400 -0.00811800 0.03550200
v -0.06717400 -0.00811800 0.03550200
v -0.06669500 -0.00811800 0.03681800
v -0.06717400 -0.00811800 0.03550200
v -0.06669500 -0.00811800 0.03681800
v -0.06669500 -0.00811800 0.03681800
v -0.06789700 -0.00651300 0.03576500
v -0.06789700 -0.00651300 0.03576500
v -0.06741900 -0.00651300 0.03708100
v -0.06789700 -0.00651300 0.03576500
v -0.06741900 -0.00651300 0.03708100
v -0.06741900 -0.00651300 0.03708100
v -0.06920400 -0.00540100 0.03624100
v -0.06920400 -0.00540100 0.03624100
v -0.06872500 -0.00540100 0.03755600
v -0.06920400 -0.00540100 0.03624100
v -0.06872500 -0.00540100 0.03755600
v -0.06872500 -0.00540100 0.03755600
v -0.07083400 -0.00500200 0.03683400
v -0.07083400 -0.00500200 0.03683400
v -0.07035500 -0.00500200 0.03815000
v -0.06574800 0.01097900 0.01827500
v -0.06574800 0.01097900 0.01827500
v -0.06574800 0.01097900 0.01827500
v -0.06699500 0.01488200 0.01872900
v -0.06699500 0.01488200 0.01872900
v -0.06733900 0.01451600 0.01885500
v -0.06733900 0.01451600 0.01885500
v -0.06574800 0.01097900 0.01827500
v -0.06574800 0.01097900 0.01827500
v -0.06686800 0.01538100 0.01868300
v -0.06686800 0.01538100 0.01868300
v -0.06573100 0.02147900 0.01826900
v -0.06685800 0.02148100 0.01868000
v -0.06780900 0.01438300 0.01902600
v -0.06780900 0.01438300 0.01902600
v -0.06783200 0.00048300 0.01903400
v -0.06576400 0.00047900 0.01828100
v -0.08760200 0.01101900 0.02623000
v -0.08760200 0.01101900 0.02623000
v -0.08760200 0.01101900 0.02623000
v -0.08760200 0.01101900 0.02623000
v -0.08751900 0.00051900 0.02620000
v -0.08648500 0.00051700 0.02582300
v -0.08645200 0.02151700 0.02581100
v -0.08748600 0.02151800 0.02618700
v -0.08653900 0.01589600 0.02584300
v -0.08653900 0.01589600 0.02584300
v -0.08656700 0.00874600 0.02585300
v -0.08656700 0.00874600 0.02585300
v -0.08648500 0.00051700 0.02582300
v -0.06679200 0.04242600 0.02168300
v -0.06679200 0.04242600 0.02168300
v -0.06472500 0.04242300 0.02093000
v -0.06472500 0.04242300 0.02093000
v -0.06672400 0.04234000 0.02187000
v -0.06672400 0.04234000 0.02187000
v -0.06465700 0.04233700 0.02111700
v -0.06672400 0.04234000 0.02187000
v -0.06465700 0.04233700 0.02111700
v -0.06465700 0.04233700 0.02111700
v -0.06667000 0.04214700 0.02202000
v -0.06667000 0.04214700 0.02202000
v -0.06460300 0.04214300 0.02126700
v -0.06667000 0.04214700 0.02202000
v -0.06460300 0.04214300 0.02126700
v -0.06698300 0.04212800 0.02116100
v -0.06491500 0.04212500 0.02040800
v -0.06698300 0.04212800 0.02116100
v -0.06491500 0.04212500 0.02040800
v -0.06491500 0.04212500 0.02040800
v -0.06693300 0.04232100 0.02129500
v -0.06693300 0.04232100 0.02129500
v -0.06486600 0.04231700 0.02054200
v -0.06693300 0.04232100 0.02129500
v -0.06486600 0.04231700 0.02054200
v -0.06685900 0.04242500 0.02149800
v -0.06479200 0.04242100 0.02074500
v -0.06684500 0.04243200 0.02153700
v -0.06472500 0.04242300 0.02093000
v -0.06680400 0.04243200 0.02165100
v -0.06776400 0.04243200 0.01901300
v -0.06568400 0.04255800 0.01829300
v -0.06774700 0.04262400 0.01907900
v -0.06563500 0.04275000 0.01842800
v -0.06772200 0.04275400 0.01918700
v -0.06770700 0.04279600 0.01924500
v -0.06556100 0.04285400 0.01863100
v -0.06766200 0.04285700 0.01939600
v -0.06764800 0.04286500 0.01943800
v -0.06549400 0.04285600 0.01881600
v -0.06759600 0.04286000 0.01958100
v -0.06542600 0.04277000 0.01900300
v -0.06750900 0.04276400 0.01977500
v -0.06750900 0.04276400 0.01977500
v -0.06542600 0.04277000 0.01900300
v -0.06537100 0.04257700 0.01915300
v -0.06744200 0.04257600 0.01990800
v -0.06742400 0.04243200 0.01994600
v -0.06689200 -0.02046000 0.02171900
v -0.06482500 -0.02046400 0.02096700
v -0.06690400 -0.02046600 0.02168700
v -0.06489200 -0.02046200 0.02078200
v -0.06694500 -0.02046600 0.02157300
v -0.06501400 -0.02016600 0.02044400
v -0.06708200 -0.02016200 0.02119700
v -0.06501400 -0.02016600 0.02044400
v -0.06708200 -0.02016200 0.02119700
v -0.06708200 -0.02016200 0.02119700
v -0.06496600 -0.02035800 0.02057800
v -0.06496600 -0.02035800 0.02057800
v -0.06703300 -0.02035500 0.02133100
v -0.06496600 -0.02035800 0.02057800
v -0.06703300 -0.02035500 0.02133100
v -0.06695900 -0.02045900 0.02153400
v -0.06676900 -0.02018100 0.02205600
v -0.06470200 -0.02018500 0.02130300
v -0.06676900 -0.02018100 0.02205600
v -0.06470200 -0.02018500 0.02130300
v -0.06470200 -0.02018500 0.02130300
v -0.06682400 -0.02037400 0.02190600
v -0.06682400 -0.02037400 0.02190600
v -0.06475600 -0.02037800 0.02115300
v -0.06682400 -0.02037400 0.02190600
v -0.06475600 -0.02037800 0.02115300
v -0.06769700 -0.02089300 0.01961700
v -0.06559500 -0.02089700 0.01885200
v -0.06566200 -0.02089500 0.01866800
v -0.06776600 -0.02089000 0.01942600
v -0.06776600 -0.02089000 0.01942600
v -0.06566200 -0.02089500 0.01866800
v -0.06573600 -0.02079100 0.01846400
v -0.06782400 -0.02078300 0.01921800
v -0.06782400 -0.02078300 0.01921800
v -0.06573600 -0.02079100 0.01846400
v -0.06578400 -0.02059900 0.01833000
v -0.06785300 -0.02061200 0.01909100
v -0.06786300 -0.02046600 0.01905000
v -0.06752400 -0.02046600 0.01998200
v -0.06752300 -0.02040200 0.01998600
v -0.06754300 -0.02061400 0.01994300
v -0.06547200 -0.02061800 0.01918900
v -0.06756200 -0.02068300 0.01990800
v -0.06552700 -0.02081100 0.01903900
v -0.06761600 -0.02080700 0.01980000
v -0.06764100 -0.02084300 0.01974700
v -0.08510500 0.04213300 0.02875000
v -0.08510500 0.04213300 0.02875000
v -0.08434300 0.04220800 0.02843700
v -0.08508200 0.04218000 0.02872100
v -0.08434300 0.04220800 0.02843700
v -0.08504000 0.04228000 0.02864000
v -0.08504000 0.04228000 0.02864000
v -0.08434000 0.04237200 0.02828100
v -0.08501800 0.04237200 0.02852900
v -0.08434000 0.04237200 0.02828100
v -0.08501700 0.04239500 0.02849300
v -0.08434200 0.04238700 0.02825800
v -0.08504800 0.04245900 0.02832700
v -0.08437800 0.04245800 0.02808300
v -0.08445600 0.04245000 0.02787900
v -0.08437800 0.04245800 0.02808300
v -0.08504800 0.04245900 0.02832700
v -0.08509700 0.04246800 0.02822300
v -0.08514500 0.04245800 0.02815300
v -0.08455900 0.04234900 0.02770400
v -0.08516500 0.04245100 0.02812900
v -0.08532300 0.04235400 0.02798800
v -0.08455900 0.04234900 0.02770400
v -0.08532300 0.04235400 0.02798800
v -0.08465800 0.04217700 0.02760200
v -0.08533000 0.04234800 0.02798300
v -0.08550000 0.04217800 0.02790800
v -0.08465800 0.04217700 0.02760200
v -0.08550000 0.04217800 0.02790800
v -0.08586500 0.04256600 0.02663200
v -0.08496200 0.04264300 0.02626600
v -0.08584200 0.04261300 0.02660400
v -0.08580200 0.04271300 0.02652300
v -0.08494700 0.04280400 0.02610800
v -0.08578000 0.04280500 0.02641200
v -0.08578000 0.04282800 0.02637600
v -0.08494900 0.04282300 0.02608000
v -0.08581100 0.04289200 0.02621100
v -0.08497900 0.04289100 0.02590800
v -0.08505600 0.04288500 0.02570500
v -0.08497900 0.04289100 0.02590800
v -0.08581100 0.04289200 0.02621100
v -0.08586000 0.04290100 0.02610700
v -0.08590800 0.04289100 0.02603600
v -0.08516700 0.04278200 0.02553300
v -0.08592700 0.04288400 0.02601200
v -0.08608400 0.04278700 0.02587000
v -0.08516700 0.04278200 0.02553300
v -0.08608400 0.04278700 0.02587000
v -0.08528100 0.04260800 0.02543300
v -0.08609100 0.04278100 0.02586600
v -0.08625900 0.04261100 0.02579000
v -0.08528100 0.04260800 0.02543300
v -0.08625900 0.04261100 0.02579000
v -0.08504800 -0.02077200 0.02614900
v -0.08508000 -0.02086200 0.02594500
v -0.08591200 -0.02086000 0.02624700
v -0.08588100 -0.02079600 0.02641300
v -0.08588100 -0.02077300 0.02644900
v -0.08506800 -0.02059100 0.02631700
v -0.08590200 -0.02068100 0.02655900
v -0.08594300 -0.02058000 0.02664000
v -0.08596500 -0.02053300 0.02666800
v -0.08635900 -0.02057800 0.02582600
v -0.08535800 -0.02062000 0.02548400
v -0.08535800 -0.02062000 0.02548400
v -0.08635900 -0.02057800 0.02582600
v -0.08619200 -0.02074900 0.02590200
v -0.08524100 -0.02078400 0.02560300
v -0.08602800 -0.02085100 0.02604800
v -0.08514800 -0.02086000 0.02575900
v -0.08596100 -0.02086900 0.02614300
v -0.08513700 -0.02086500 0.02578500
v -0.08591200 -0.02086000 0.02624700
v -0.08508000 -0.02086200 0.02594500
v -0.08443900 -0.02033600 0.02832600
v -0.08447800 -0.02042800 0.02812000
v -0.08514800 -0.02042700 0.02836400
v -0.08511700 -0.02036300 0.02852900
v -0.08511800 -0.02034000 0.02856500
v -0.08444600 -0.02015300 0.02848700
v -0.08513900 -0.02024800 0.02867600
v -0.08518100 -0.02014700 0.02875700
v -0.08520300 -0.02010000 0.02878600
v -0.08559900 -0.02014500 0.02794400
v -0.08475700 -0.02014700 0.02763800
v -0.08475700 -0.02014700 0.02763800
v -0.08559900 -0.02014500 0.02794400
v -0.08543000 -0.02031600 0.02801900
v -0.08543000 -0.02031600 0.02801900
v -0.08465800 -0.02031900 0.02774100
v -0.08542300 -0.02032100 0.02802400
v -0.08465800 -0.02031900 0.02774100
v -0.08526500 -0.02041800 0.02816500
v -0.08455700 -0.02042100 0.02791100
v -0.08519700 -0.02043600 0.02826000
v -0.08524500 -0.02042600 0.02818900
v -0.06494700 0.02380600 0.02041100
v -0.06701400 0.02381000 0.02116400
v -0.06490800 0.02362600 0.02052000
v -0.06697500 0.02363000 0.02127200
v -0.06490800 0.02362600 0.02052000
v -0.06697500 0.02363000 0.02127200
v -0.06697500 0.02363000 0.02127200
v -0.06484600 0.02351000 0.02069000
v -0.06484600 0.02351000 0.02069000
v -0.06691400 0.02351400 0.02144200
v -0.06484600 0.02351000 0.02069000
v -0.06691400 0.02351400 0.02144200
v -0.06478700 0.02347900 0.02085200
v -0.06685400 0.02348300 0.02160500
v -0.06669300 0.02381000 0.02204500
v -0.06462600 0.02380600 0.02129300
v -0.06669300 0.02381000 0.02204500
v -0.06462600 0.02380600 0.02129300
v -0.06462600 0.02380600 0.02129300
v -0.06673300 0.02363000 0.02193700
v -0.06673300 0.02363000 0.02193700
v -0.06466600 0.02362600 0.02118400
v -0.06673300 0.02363000 0.02193700
v -0.06466600 0.02362600 0.02118400
v -0.06466600 0.02362600 0.02118400
v -0.06679500 0.02351400 0.02176700
v -0.06679500 0.02351400 0.02176700
v -0.06472800 0.02351000 0.02101500
v -0.06679500 0.02351400 0.02176700
v -0.06472800 0.02351000 0.02101500
v -0.06571700 0.02380600 0.01829700
v -0.06778400 0.02381000 0.01904900
v -0.06567700 0.02362600 0.01840600
v -0.06774500 0.02363000 0.01915800
v -0.06567700 0.02362600 0.01840600
v -0.06774500 0.02363000 0.01915800
v -0.06561600 0.02351000 0.01857500
v -0.06561600 0.02351000 0.01857500
v -0.06768300 0.02351400 0.01932800
v -0.06768300 0.02351400 0.01932800
v -0.06555700 0.02347900 0.01873800
v -0.06555700 0.02347900 0.01873800
v -0.06762400 0.02348300 0.01949000
v -0.06746300 0.02381000 0.01993100
v -0.06539600 0.02380600 0.01917900
v -0.06746300 0.02381000 0.01993100
v -0.06539600 0.02380600 0.01917900
v -0.06539600 0.02380600 0.01917900
v -0.06750300 0.02363000 0.01982300
v -0.06750300 0.02363000 0.01982300
v -0.06543600 0.02362600 0.01907000
v -0.06750300 0.02363000 0.01982300
v -0.06543600 0.02362600 0.01907000
v -0.06756500 0.02351400 0.01965300
v -0.06549700 0.02351000 0.01890100
v -0.06762400 0.02348300 0.01949000
v -0.06662000 0.02192900 0.01936300
v -0.06670600 0.02198100 0.01915600
v -0.06555900 0.02197900 0.01873900
v -0.06550000 0.02194900 0.01890100
v -0.06662000 0.02192900 0.01936300
v -0.06550000 0.02194900 0.01890100
v -0.06543800 0.02183300 0.01907100
v -0.06656900 0.02183500 0.01948300
v -0.06539900 0.02165200 0.01918000
v -0.06652700 0.02165400 0.01959000
v -0.06655000 0.02178100 0.01952500
v -0.06684800 0.02165400 0.01870900
v -0.06572000 0.02165200 0.01829800
v -0.06682400 0.02178100 0.01877400
v -0.06568000 0.02183300 0.01840700
v -0.06681100 0.02183500 0.01881800
v -0.06561800 0.02194900 0.01857600
v -0.06677300 0.02192900 0.01894300
v -0.06677300 0.02192900 0.01894300
v -0.06561800 0.02194900 0.01857600
v -0.06555900 0.02197900 0.01873900
v -0.06670600 0.02198100 0.01915600
v -0.06585000 0.02192900 0.02147700
v -0.06593600 0.02198100 0.02127100
v -0.06479000 0.02197900 0.02085300
v -0.06473000 0.02194900 0.02101600
v -0.06585000 0.02192900 0.02147700
v -0.06473000 0.02194900 0.02101600
v -0.06466900 0.02183300 0.02118500
v -0.06579900 0.02183500 0.02159700
v -0.06463000 0.02165200 0.02129400
v -0.06575700 0.02165400 0.02170500
v -0.06463000 0.02165200 0.02129400
v -0.06575700 0.02165400 0.02170500
v -0.06578100 0.02178100 0.02164000
v -0.06607800 0.02165400 0.02082300
v -0.06495000 0.02165200 0.02041300
v -0.06605400 0.02178100 0.02088800
v -0.06491100 0.02183300 0.02052100
v -0.06604100 0.02183500 0.02093300
v -0.06484900 0.02194900 0.02069100
v -0.06600300 0.02192900 0.02105700
v -0.06600300 0.02192900 0.02105700
v -0.06484900 0.02194900 0.02069100
v -0.06479000 0.02197900 0.02085300
v -0.06593600 0.02198100 0.02127100
v -0.06575400 0.00030600 0.01831100
v -0.06782100 0.00031000 0.01906300
v -0.06571500 0.00012600 0.01841900
v -0.06778200 0.00013000 0.01917200
v -0.06571500 0.00012600 0.01841900
v -0.06778200 0.00013000 0.01917200
v -0.06565300 0.00001000 0.01858900
v -0.06565300 0.00001000 0.01858900
v -0.06772000 0.00001400 0.01934100
v -0.06772000 0.00001400 0.01934100
v -0.06559400 -0.00002100 0.01875200
v -0.06766100 -0.00001700 0.01950400
v -0.06553500 0.00001000 0.01891400
v -0.06760200 0.00001400 0.01966700
v -0.06547300 0.00012600 0.01908400
v -0.06754000 0.00013000 0.01983600
v -0.06547300 0.00012600 0.01908400
v -0.06754000 0.00013000 0.01983600
v -0.06543300 0.00030600 0.01919200
v -0.06750000 0.00031000 0.01994500
v -0.06750000 0.00031000 0.01994500
v -0.06689200 -0.00001700 0.02161800
v -0.06482400 -0.00002100 0.02086600
v -0.06695100 0.00001400 0.02145600
v -0.06488400 0.00001000 0.02070300
v -0.06695100 0.00001400 0.02145600
v -0.06488400 0.00001000 0.02070300
v -0.06488400 0.00001000 0.02070300
v -0.06701200 0.00013000 0.02128600
v -0.06701200 0.00013000 0.02128600
v -0.06494500 0.00012600 0.02053400
v -0.06701200 0.00013000 0.02128600
v -0.06494500 0.00012600 0.02053400
v -0.06494500 0.00012600 0.02053400
v -0.06705200 0.00031000 0.02117700
v -0.06705200 0.00031000 0.02117700
v -0.06498400 0.00030600 0.02042500
v -0.06705200 0.00031000 0.02117700
v -0.06498400 0.00030600 0.02042500
v -0.06476500 0.00001000 0.02102800
v -0.06683300 0.00001400 0.02178100
v -0.06470300 0.00012600 0.02119800
v -0.06677100 0.00013000 0.02195100
v -0.06470300 0.00012600 0.02119800
v -0.06677100 0.00013000 0.02195100
v -0.06466400 0.00030600 0.02130700
v -0.06673100 0.00031000 0.02205900
v -0.06766400 -0.00151700 0.01950500
v -0.06559600 -0.00152000 0.01875300
v -0.06760500 -0.00154800 0.01966800
v -0.06553700 -0.00155100 0.01891500
v -0.06754300 -0.00166300 0.01983700
v -0.06547600 -0.00166700 0.01908500
v -0.06754300 -0.00166300 0.01983700
v -0.06547600 -0.00166700 0.01908500
v -0.06547600 -0.00166700 0.01908500
v -0.06750400 -0.00184400 0.01994600
v -0.06750400 -0.00184400 0.01994600
v -0.06543600 -0.00184700 0.01919300
v -0.06750400 -0.00184400 0.01994600
v -0.06543600 -0.00184700 0.01919300
v -0.06565600 -0.00155100 0.01859000
v -0.06772300 -0.00154800 0.01934200
v -0.06565600 -0.00155100 0.01859000
v -0.06772300 -0.00154800 0.01934200
v -0.06772300 -0.00154800 0.01934200
v -0.06571800 -0.00166700 0.01842000
v -0.06571800 -0.00166700 0.01842000
v -0.06778500 -0.00166300 0.01917300
v -0.06571800 -0.00166700 0.01842000
v -0.06778500 -0.00166300 0.01917300
v -0.06575700 -0.00184700 0.01831200
v -0.06782500 -0.00184400 0.01906400
v -0.06689400 -0.00151700 0.02161900
v -0.06482700 -0.00152000 0.02086700
v -0.06683500 -0.00154800 0.02178200
v -0.06476800 -0.00155100 0.02102900
v -0.06683500 -0.00154800 0.02178200
v -0.06476800 -0.00155100 0.02102900
v -0.06476800 -0.00155100 0.02102900
v -0.06677300 -0.00166300 0.02195200
v -0.06677300 -0.00166300 0.02195200
v -0.06470600 -0.00166700 0.02119900
v -0.06677300 -0.00166300 0.02195200
v -0.06470600 -0.00166700 0.02119900
v -0.06673400 -0.00184400 0.02206000
v -0.06466700 -0.00184700 0.02130800
v -0.06488600 -0.00155100 0.02070400
v -0.06695300 -0.00154800 0.02145700
v -0.06494800 -0.00166700 0.02053500
v -0.06701500 -0.00166300 0.02128700
v -0.06494800 -0.00166700 0.02053500
v -0.06701500 -0.00166300 0.02128700
v -0.06498800 -0.00184700 0.02042600
v -0.06705500 -0.00184400 0.02117900
v -0.06705500 -0.00184400 0.02117900
v -0.08546700 0.02351700 0.02837900
v -0.08650700 0.02351800 0.02875800
v -0.08646000 0.02353700 0.02888400
v -0.08538600 0.02357300 0.02859500
v -0.08640100 0.02361700 0.02903700
v -0.08534200 0.02366300 0.02871000
v -0.08638000 0.02366500 0.02908800
v -0.08532200 0.02372900 0.02876100
v -0.08637400 0.02368200 0.02910300
v -0.08529800 0.02384400 0.02881700
v -0.08633500 0.02383900 0.02919200
v -0.08528800 0.02393000 0.02883800
v -0.08656700 0.02355200 0.02858900
v -0.08549600 0.02352400 0.02829800
v -0.08552500 0.02354800 0.02821600
v -0.08661700 0.02364800 0.02844000
v -0.08556300 0.02360800 0.02810800
v -0.08662200 0.02366500 0.02842300
v -0.08558400 0.02366300 0.02804500
v -0.08663700 0.02372200 0.02837700
v -0.08561200 0.02378600 0.02796000
v -0.08665800 0.02388500 0.02830000
v -0.08733700 0.02355200 0.02647500
v -0.08727700 0.02351800 0.02664300
v -0.08623600 0.02351700 0.02626500
v -0.08626500 0.02352400 0.02618300
v -0.08629400 0.02354800 0.02610200
v -0.08738700 0.02364800 0.02632600
v -0.08633200 0.02360800 0.02599400
v -0.08739200 0.02366500 0.02630900
v -0.08635300 0.02366300 0.02593100
v -0.08740700 0.02372200 0.02626200
v -0.08638100 0.02378600 0.02584600
v -0.08742800 0.02388500 0.02618600
v -0.08723000 0.02353700 0.02677000
v -0.08615600 0.02357300 0.02648100
v -0.08717100 0.02361700 0.02692200
v -0.08611200 0.02366300 0.02659600
v -0.08715000 0.02366500 0.02697400
v -0.08609100 0.02372900 0.02664700
v -0.08714400 0.02368200 0.02698900
v -0.08606800 0.02384400 0.02670200
v -0.08710500 0.02383900 0.02707800
v -0.08605700 0.02393000 0.02672400
v -0.08714500 0.02165200 0.02710900
v -0.08612400 0.02174700 0.02669600
v -0.08716700 0.02181500 0.02703200
v -0.08615200 0.02187000 0.02661100
v -0.08718200 0.02187200 0.02698500
v -0.08718700 0.02188900 0.02696800
v -0.08617400 0.02192500 0.02654800
v -0.08723800 0.02198500 0.02682000
v -0.08621200 0.02198500 0.02644000
v -0.08624100 0.02200900 0.02635800
v -0.08729800 0.02201800 0.02665100
v -0.08627000 0.02201700 0.02627700
v -0.08639400 0.02187000 0.02594600
v -0.08635000 0.02196000 0.02606100
v -0.08734500 0.02200000 0.02652500
v -0.08740300 0.02192000 0.02637200
v -0.08742400 0.02187200 0.02632100
v -0.08641500 0.02180500 0.02589500
v -0.08743000 0.02185500 0.02630500
v -0.08643800 0.02169000 0.02583900
v -0.08746800 0.02169800 0.02621600
v -0.08644700 0.02160300 0.02581800
v -0.08562500 0.02187000 0.02806000
v -0.08558100 0.02196000 0.02817500
v -0.08657500 0.02200000 0.02863900
v -0.08550100 0.02201700 0.02839100
v -0.08652800 0.02201800 0.02876500
v -0.08663400 0.02192000 0.02848700
v -0.08665400 0.02187200 0.02843500
v -0.08564500 0.02180500 0.02800900
v -0.08666000 0.02185500 0.02842000
v -0.08566800 0.02169000 0.02795300
v -0.08669900 0.02169800 0.02833100
v -0.08567800 0.02160300 0.02793200
v -0.08637600 0.02165200 0.02922300
v -0.08535500 0.02174700 0.02881000
v -0.08639700 0.02181500 0.02914600
v -0.08538300 0.02187000 0.02872500
v -0.08641200 0.02187200 0.02909900
v -0.08641800 0.02188900 0.02908200
v -0.08540400 0.02192500 0.02866300
v -0.08646800 0.02198500 0.02893400
v -0.08544200 0.02198500 0.02855400
v -0.08547100 0.02200900 0.02847300
v -0.08673900 0.00038500 0.02832900
v -0.08569200 0.00028600 0.02799000
v -0.08670700 0.00022200 0.02840200
v -0.08565900 0.00016300 0.02807300
v -0.08668900 0.00016500 0.02844800
v -0.08668200 0.00014800 0.02846400
v -0.08563600 0.00010800 0.02813400
v -0.08662500 0.00005200 0.02861000
v -0.08559500 0.00004800 0.02824200
v -0.08556500 0.00002400 0.02832300
v -0.08656300 0.00001900 0.02877800
v -0.08553600 0.00001700 0.02840400
v -0.08541700 0.00016300 0.02873700
v -0.08545800 0.00007300 0.02862100
v -0.08651800 0.00003700 0.02890500
v -0.08646400 0.00011700 0.02905900
v -0.08644700 0.00016500 0.02911200
v -0.08540000 0.00022900 0.02879000
v -0.08644200 0.00018200 0.02912800
v -0.08538100 0.00034400 0.02884700
v -0.08641300 0.00033900 0.02922000
v -0.08537500 0.00043100 0.02887000
v -0.08750900 0.00038500 0.02621500
v -0.08646200 0.00028600 0.02587500
v -0.08747700 0.00022200 0.02628800
v -0.08642900 0.00016300 0.02595900
v -0.08745800 0.00016500 0.02633300
v -0.08745200 0.00014800 0.02635000
v -0.08640500 0.00010800 0.02602000
v -0.08739500 0.00005200 0.02649600
v -0.08636500 0.00004800 0.02612800
v -0.08633500 0.00002400 0.02620900
v -0.08733300 0.00001900 0.02666400
v -0.08630500 0.00001700 0.02629000
v -0.08618700 0.00016300 0.02662300
v -0.08622700 0.00007300 0.02650700
v -0.08728700 0.00003700 0.02679100
v -0.08723400 0.00011700 0.02694500
v -0.08721600 0.00016500 0.02699800
v -0.08616900 0.00022900 0.02667500
v -0.08721100 0.00018200 0.02701400
v -0.08615100 0.00034400 0.02673200
v -0.08718300 0.00033900 0.02710600
v -0.08614400 0.00043100 0.02675500
v -0.08550600 -0.00148300 0.02839300
v -0.08654700 -0.00148100 0.02877200
v -0.08659200 -0.00150000 0.02864500
v -0.08558400 -0.00154000 0.02817600
v -0.08664500 -0.00158000 0.02849100
v -0.08562400 -0.00163000 0.02806000
v -0.08666300 -0.00162800 0.02843800
v -0.08564100 -0.00169500 0.02800800
v -0.08666800 -0.00164500 0.02842200
v -0.08566000 -0.00181000 0.02795000
v -0.08669500 -0.00180200 0.02832900
v -0.08566600 -0.00189700 0.02792700
v -0.08648400 -0.00151500 0.02894000
v -0.08547700 -0.00149100 0.02847400
v -0.08544600 -0.00151500 0.02855600
v -0.08642700 -0.00161100 0.02908600
v -0.08540600 -0.00157500 0.02866300
v -0.08642100 -0.00162800 0.02910200
v -0.08538200 -0.00163000 0.02872500
v -0.08640200 -0.00168500 0.02914800
v -0.08534900 -0.00175200 0.02880800
v -0.08636900 -0.00184800 0.02922000
v -0.08627600 -0.00148300 0.02627900
v -0.08731600 -0.00148100 0.02665800
v -0.08736200 -0.00150000 0.02653100
v -0.08635300 -0.00154000 0.02606200
v -0.08741500 -0.00158000 0.02637700
v -0.08639400 -0.00163000 0.02594600
v -0.08743200 -0.00162800 0.02632400
v -0.08641100 -0.00169500 0.02589300
v -0.08743700 -0.00164500 0.02630800
v -0.08642900 -0.00181000 0.02583600
v -0.08746500 -0.00180200 0.02621500
v -0.08643500 -0.00189700 0.02581300
v -0.08725400 -0.00151500 0.02682600
v -0.08624600 -0.00149100 0.02636000
v -0.08621600 -0.00151500 0.02644100
v -0.08719700 -0.00161100 0.02697200
v -0.08617500 -0.00157500 0.02654900
v -0.08719000 -0.00162800 0.02698800
v -0.08615200 -0.00163000 0.02661000
v -0.08717200 -0.00168500 0.02703400
v -0.08611800 -0.00175200 0.02669400
v -0.08713900 -0.00184800 0.02710600
v -0.06481900 -0.00202100 0.02001300
v -0.06499900 -0.00202000 0.02039700
v -0.06501300 -0.01099700 0.02040200
v -0.06483400 -0.01099700 0.02001800
v -0.06502700 -0.01997300 0.02040800
v -0.06484800 -0.01997300 0.02002300
v -0.06498800 -0.00184700 0.02042600
v -0.06480900 -0.00180700 0.02004000
v -0.06494800 -0.00166700 0.02053500
v -0.06454400 -0.00122100 0.02076400
v -0.06482700 -0.00152000 0.02086700
v -0.06464300 -0.00127400 0.02049500
v -0.06488600 -0.00155100 0.02070400
v -0.06472900 -0.00142800 0.02025900
v -0.06476500 -0.00154500 0.02016000
v -0.06482500 -0.02046400 0.02096700
v -0.06452400 -0.02075900 0.02091700
v -0.06489200 -0.02046200 0.02078200
v -0.06460100 -0.02077000 0.02070600
v -0.06496600 -0.02035800 0.02057800
v -0.06483000 -0.02026000 0.02007300
v -0.06501400 -0.02016600 0.02044400
v -0.06477800 -0.02051100 0.02021900
v -0.06469800 -0.02068900 0.02043900
v -0.06476800 -0.00155100 0.02102900
v -0.06447100 -0.00125000 0.02096600
v -0.06470600 -0.00166700 0.02119900
v -0.06427200 -0.00202100 0.02151600
v -0.06465700 -0.00202000 0.02133700
v -0.06429000 -0.00173400 0.02146600
v -0.06466700 -0.00184700 0.02130800
v -0.06434200 -0.00148400 0.02132100
v -0.06438200 -0.00137800 0.02121100
v -0.06468500 -0.01997300 0.02134700
v -0.06430100 -0.01997300 0.02152700
v -0.06470200 -0.02018500 0.02130300
v -0.06431500 -0.02022500 0.02148800
v -0.06475600 -0.02037800 0.02115300
v -0.06443100 -0.02065200 0.02117300
v -0.06436400 -0.02048300 0.02135500
v -0.06558900 -0.00202100 0.01789800
v -0.06576800 -0.00202000 0.01828300
v -0.06578300 -0.01121300 0.01828800
v -0.06560300 -0.01121400 0.01790400
v -0.06579700 -0.02040600 0.01829300
v -0.06561800 -0.02040600 0.01790900
v -0.06575700 -0.00184700 0.01831200
v -0.06557900 -0.00180700 0.01792600
v -0.06571800 -0.00166700 0.01842000
v -0.06531400 -0.00122100 0.01865000
v -0.06559600 -0.00152000 0.01875300
v -0.06541200 -0.00127400 0.01838000
v -0.06565600 -0.00155100 0.01859000
v -0.06549800 -0.00142800 0.01814500
v -0.06553500 -0.00154500 0.01804500
v -0.06559500 -0.02089700 0.01885200
v -0.06529400 -0.02119200 0.01880300
v -0.06566200 -0.02089500 0.01866800
v -0.06537100 -0.02120300 0.01859200
v -0.06573600 -0.02079100 0.01846400
v -0.06560000 -0.02069300 0.01795900
v -0.06578400 -0.02059900 0.01833000
v -0.06554800 -0.02094400 0.01810500
v -0.06546800 -0.02112200 0.01832500
v -0.06553700 -0.00155100 0.01891500
v -0.06524100 -0.00125000 0.01885100
v -0.06547600 -0.00166700 0.01908500
v -0.06504200 -0.00202100 0.01940200
v -0.06542600 -0.00202000 0.01922300
v -0.06505900 -0.00173400 0.01935200
v -0.06543600 -0.00184700 0.01919300
v -0.06511200 -0.00148400 0.01920700
v -0.06515200 -0.00137800 0.01909700
v -0.06545500 -0.02040600 0.01923300
v -0.06507100 -0.02040600 0.01941300
v -0.06547200 -0.02061800 0.01918900
v -0.06508500 -0.02065800 0.01937400
v -0.06552700 -0.02081100 0.01903900
v -0.06520100 -0.02108500 0.01905900
v -0.06513400 -0.02091600 0.01924000
v -0.06505000 -0.00736900 0.01940500
v -0.06475000 0.04193100 0.01998700
v -0.06492900 0.04193200 0.02037200
v -0.06494300 0.03295600 0.02037700
v -0.06476400 0.03295500 0.01999300
v -0.06495700 0.02397900 0.02038200
v -0.06477800 0.02397900 0.01999800
v -0.06491500 0.04212500 0.02040800
v -0.06473800 0.04215400 0.02001700
v -0.06486600 0.04231700 0.02054200
v -0.06442300 0.04271700 0.02088100
v -0.06472500 0.04242300 0.02093000
v -0.06452300 0.04271900 0.02060700
v -0.06479200 0.04242100 0.02074500
v -0.06461700 0.04261400 0.02034700
v -0.06469200 0.04241800 0.02014200
v -0.06478700 0.02347900 0.02085200
v -0.06450600 0.02317900 0.02075000
v -0.06484600 0.02351000 0.02069000
v -0.06457900 0.02320800 0.02054800
v -0.06490800 0.02362600 0.02052000
v -0.06476000 0.02369200 0.02004800
v -0.06494700 0.02380600 0.02041100
v -0.06470800 0.02344100 0.02019300
v -0.06466800 0.02333600 0.02030300
v -0.06465700 0.04233700 0.02111700
v -0.06434100 0.04262900 0.02110600
v -0.06460300 0.04214300 0.02126700
v -0.06420200 0.04193100 0.02149100
v -0.06458700 0.04193200 0.02131200
v -0.06422000 0.04221900 0.02144000
v -0.06426400 0.04244000 0.02131900
v -0.06461500 0.02397900 0.02132200
v -0.06423100 0.02397900 0.02150100
v -0.06462600 0.02380600 0.02129300
v -0.06424100 0.02376400 0.02147400
v -0.06466600 0.02362600 0.02118400
v -0.06440800 0.02323200 0.02101900
v -0.06472800 0.02351000 0.02101500
v -0.06432200 0.02338600 0.02125500
v -0.06428500 0.02350300 0.02135400
v -0.06551800 0.04236400 0.01787300
v -0.06569800 0.04236500 0.01825700
v -0.06552300 0.03960200 0.01787400
v -0.06552300 0.03960200 0.01787400
v -0.06571200 0.03317200 0.01826300
v -0.06571200 0.03317200 0.01826300
v -0.06571200 0.03317200 0.01826300
v -0.06553300 0.03317200 0.01787800
v -0.06553300 0.03317200 0.01787800
v -0.06572700 0.02397900 0.01826800
v -0.06554800 0.02397900 0.01788300
v -0.06568400 0.04255800 0.01829300
v -0.06550700 0.04258700 0.01790200
v -0.06563500 0.04275000 0.01842800
v -0.06519200 0.04315000 0.01876600
v -0.06549400 0.04285600 0.01881600
v -0.06529100 0.04315200 0.01849200
v -0.06556100 0.04285400 0.01863100
v -0.06538600 0.04304700 0.01823300
v -0.06546100 0.04285100 0.01802800
v -0.06555700 0.02347900 0.01873800
v -0.06527500 0.02317900 0.01863600
v -0.06561600 0.02351000 0.01857500
v -0.06534900 0.02320800 0.01843400
v -0.06567700 0.02362600 0.01840600
v -0.06553000 0.02369200 0.01793300
v -0.06571700 0.02380600 0.01829700
v -0.06547700 0.02344100 0.01807900
v -0.06543800 0.02333600 0.01818800
v -0.06542600 0.04277000 0.01900300
v -0.06511000 0.04306200 0.01899100
v -0.06537100 0.04257700 0.01915300
v -0.06497100 0.04236400 0.01937600
v -0.06535600 0.04236500 0.01919700
v -0.06498900 0.04265200 0.01932600
v -0.06503300 0.04287300 0.01920400
v -0.06538500 0.02397900 0.01920800
v -0.06500000 0.02397900 0.01938700
v -0.06539600 0.02380600 0.01917900
v -0.06501100 0.02376400 0.01935900
v -0.06543600 0.02362600 0.01907000
v -0.06517700 0.02323200 0.01890500
v -0.06549700 0.02351000 0.01890100
v -0.06509100 0.02338600 0.01914100
v -0.06505500 0.02350300 0.01924000
v -0.06537000 0.03317200 0.01920200
v -0.06498600 0.03317200 0.01938200
v -0.06478200 0.02147900 0.01999900
v -0.06496100 0.02147900 0.02038400
v -0.06497800 0.01097900 0.02039000
v -0.06479900 0.01097900 0.02000500
v -0.06499500 0.00047900 0.02039600
v -0.06481500 0.00047900 0.02001100
v -0.06495000 0.02165200 0.02041300
v -0.06477200 0.02169300 0.02002700
v -0.06491100 0.02183300 0.02052100
v -0.06450700 0.02227900 0.02075000
v -0.06479000 0.02197900 0.02085300
v -0.06479000 0.02197900 0.02085300
v -0.06460500 0.02222600 0.02048100
v -0.06484900 0.02194900 0.02069100
v -0.06469100 0.02207100 0.02024500
v -0.06472800 0.02195500 0.02014600
v -0.06482400 -0.00002100 0.02086600
v -0.06454300 -0.00032100 0.02076300
v -0.06488400 0.00001000 0.02070300
v -0.06461600 -0.00029200 0.02056200
v -0.06494500 0.00012600 0.02053400
v -0.06479800 0.00019200 0.02006100
v -0.06498400 0.00030600 0.02042500
v -0.06474500 -0.00005900 0.02020700
v -0.06470500 -0.00016400 0.02031600
v -0.06450700 0.02227900 0.02075000
v -0.06473000 0.02194900 0.02101600
v -0.06473000 0.02194900 0.02101600
v -0.06443400 0.02225000 0.02095200
v -0.06443400 0.02225000 0.02095200
v -0.06466900 0.02183300 0.02118500
v -0.06423500 0.02147900 0.02150300
v -0.06461900 0.02147900 0.02132300
v -0.06425200 0.02176500 0.02145300
v -0.06463000 0.02165200 0.02129400
v -0.06430500 0.02201600 0.02130700
v -0.06434500 0.02212200 0.02119700
v -0.06465300 0.00047900 0.02133500
v -0.06426800 0.00047900 0.02151500
v -0.06466400 0.00030600 0.02130700
v -0.06427800 0.00026400 0.02148700
v -0.06470300 0.00012600 0.02119800
v -0.06444500 -0.00026800 0.02103300
v -0.06476500 0.00001000 0.02102800
v -0.06435900 -0.00011400 0.02126800
v -0.06432300 0.00000300 0.02136800
v -0.06555200 0.02147900 0.01788500
v -0.06573100 0.02147900 0.01826900
v -0.06574800 0.01097900 0.01827500
v -0.06556800 0.01097900 0.01789100
v -0.06576400 0.00047900 0.01828100
v -0.06558500 0.00047900 0.01789700
v -0.06572000 0.02165200 0.01829800
v -0.06554100 0.02169300 0.01791200
v -0.06568000 0.02183300 0.01840700
v -0.06527700 0.02227900 0.01863600
v -0.06555900 0.02197900 0.01873900
v -0.06537500 0.02222600 0.01836700
v -0.06561800 0.02194900 0.01857600
v -0.06546100 0.02207100 0.01813100
v -0.06549700 0.02195500 0.01803200
v -0.06559400 -0.00002100 0.01875200
v -0.06531300 -0.00032100 0.01864900
v -0.06565300 0.00001000 0.01858900
v -0.06538600 -0.00029200 0.01844800
v -0.06571500 0.00012600 0.01841900
v -0.06556700 0.00019200 0.01794700
v -0.06575400 0.00030600 0.01831100
v -0.06551500 -0.00005900 0.01809200
v -0.06547500 -0.00016400 0.01820200
v -0.06550000 0.02194900 0.01890100
v -0.06520300 0.02225000 0.01883800
v -0.06543800 0.02183300 0.01907100
v -0.06500400 0.02147900 0.01938800
v -0.06538900 0.02147900 0.01920900
v -0.06502200 0.02176500 0.01933800
v -0.06539900 0.02165200 0.01918000
v -0.06507400 0.02201600 0.01919300
v -0.06511400 0.02212200 0.01908300
v -0.06542200 0.00047900 0.01922100
v -0.06503800 0.00047900 0.01940000
v -0.06543300 0.00030600 0.01919200
v -0.06504800 0.00026400 0.01937300
v -0.06547300 0.00012600 0.01908400
v -0.06521500 -0.00026800 0.01891800
v -0.06553500 0.00001000 0.01891400
v -0.06512800 -0.00011400 0.01915400
v -0.06509200 0.00000300 0.01925300
v -0.08730700 -0.00198800 0.02750600
v -0.08712800 -0.00198100 0.02712100
v -0.08730400 -0.00214000 0.02750500
v -0.08730400 -0.00214000 0.02750500
v -0.08712500 -0.00213200 0.02712000
v -0.08712500 -0.00213200 0.02712000
v -0.08712500 -0.00213200 0.02712000
v -0.08720200 -0.00608500 0.02746800
v -0.08720200 -0.00608500 0.02746800
v -0.08698500 -0.00733600 0.02706900
v -0.08716300 -0.00734600 0.02745400
v -0.08680200 -0.01641900 0.02732200
v -0.08662400 -0.01640300 0.02693800
v -0.08672500 -0.01798400 0.02729400
v -0.08648200 -0.01865800 0.02688600
v -0.08665600 -0.01870100 0.02727500
v -0.08605500 -0.02036900 0.02673100
v -0.08620700 -0.02047800 0.02712700
v -0.08651800 -0.01944600 0.02723100
v -0.08713900 -0.00184800 0.02710600
v -0.08732100 -0.00177500 0.02748000
v -0.08717200 -0.00168500 0.02703400
v -0.08737000 -0.00151400 0.02736300
v -0.08719000 -0.00162800 0.02698800
v -0.08740900 -0.00139500 0.02726300
v -0.08759800 -0.00118800 0.02676000
v -0.08731600 -0.00148100 0.02665800
v -0.08749800 -0.00124100 0.02702900
v -0.08725400 -0.00151500 0.02682600
v -0.08719700 -0.00161100 0.02697200
v -0.08607100 -0.02118500 0.02667400
v -0.08606800 -0.02099600 0.02689400
v -0.08590200 -0.02068100 0.02655900
v -0.08591200 -0.02086000 0.02624700
v -0.08613500 -0.02129000 0.02641600
v -0.08588100 -0.02079600 0.02641300
v -0.08588100 -0.02077300 0.02644900
v -0.08611800 -0.02075200 0.02704900
v -0.08596500 -0.02053300 0.02666800
v -0.08594300 -0.02058000 0.02664000
v -0.08736200 -0.00150000 0.02653100
v -0.08767100 -0.00121800 0.02655700
v -0.08741500 -0.00158000 0.02637700
v -0.08775700 -0.00134600 0.02631100
v -0.08743200 -0.00162800 0.02632400
v -0.08779500 -0.00145000 0.02620200
v -0.08785400 -0.00198800 0.02600200
v -0.08747000 -0.00198100 0.02618200
v -0.08784200 -0.00170100 0.02605500
v -0.08746500 -0.00180200 0.02621500
v -0.08743700 -0.00164500 0.02630800
v -0.08620800 -0.02130200 0.02624700
v -0.08596100 -0.02086900 0.02614300
v -0.08630000 -0.02127200 0.02608900
v -0.08602800 -0.02085100 0.02604800
v -0.08650800 -0.02109900 0.02583400
v -0.08619200 -0.02074900 0.02590200
v -0.08670700 -0.02081400 0.02568500
v -0.08635900 -0.02057800 0.02582600
v -0.08685900 -0.02046500 0.02565800
v -0.08649600 -0.02036900 0.02582700
v -0.08725600 -0.01832600 0.02578500
v -0.08723700 -0.01859200 0.02578000
v -0.08723700 -0.01859200 0.02578000
v -0.08685400 -0.01856600 0.02595800
v -0.08704500 -0.01979900 0.02572000
v -0.08672700 -0.01947500 0.02591100
v -0.08672700 -0.01947500 0.02591100
v -0.08710200 -0.01953700 0.02573900
v -0.08738700 -0.01563500 0.02583300
v -0.08700300 -0.01562000 0.02601200
v -0.08757600 -0.01121000 0.02590100
v -0.08719200 -0.01119800 0.02608000
v -0.08774300 -0.00629100 0.02596200
v -0.08653700 -0.00198800 0.02962000
v -0.08635800 -0.00198100 0.02923600
v -0.08644000 -0.00579600 0.02958500
v -0.08621500 -0.00733100 0.02918300
v -0.08639400 -0.00734100 0.02956800
v -0.08605000 -0.01604000 0.02944300
v -0.08587100 -0.01602500 0.02905800
v -0.08597900 -0.01750900 0.02941700
v -0.08573000 -0.01822700 0.02900700
v -0.08590400 -0.01827200 0.02939600
v -0.08529500 -0.01993600 0.02884900
v -0.08544600 -0.02004700 0.02924400
v -0.08577700 -0.01895200 0.02935600
v -0.08636900 -0.00184800 0.02922000
v -0.08655200 -0.00177500 0.02959500
v -0.08640200 -0.00168500 0.02914800
v -0.08660100 -0.00151400 0.02947700
v -0.08642100 -0.00162800 0.02910200
v -0.08664000 -0.00139500 0.02937800
v -0.08682800 -0.00118800 0.02887400
v -0.08654700 -0.00148100 0.02877200
v -0.08672900 -0.00124100 0.02914300
v -0.08648400 -0.00151500 0.02894000
v -0.08642700 -0.00161100 0.02908600
v -0.08530600 -0.02075300 0.02879100
v -0.08530500 -0.02056400 0.02901100
v -0.08513900 -0.02024800 0.02867600
v -0.08514800 -0.02042700 0.02836400
v -0.08537000 -0.02085800 0.02853200
v -0.08511700 -0.02036300 0.02852900
v -0.08511700 -0.02036300 0.02852900
v -0.08530600 -0.02075300 0.02879100
v -0.08511800 -0.02034000 0.02856500
v -0.08535600 -0.02032000 0.02916600
v -0.08520300 -0.02010000 0.02878600
v -0.08518100 -0.02014700 0.02875700
v -0.08659200 -0.00150000 0.02864500
v -0.08690100 -0.00121800 0.02867100
v -0.08664500 -0.00158000 0.02849100
v -0.08698800 -0.00134600 0.02842500
v -0.08666300 -0.00162800 0.02843800
v -0.08702500 -0.00145000 0.02831600
v -0.08708400 -0.00198800 0.02811700
v -0.08670000 -0.00198100 0.02829600
v -0.08670000 -0.00198100 0.02829600
v -0.08707200 -0.00170100 0.02816900
v -0.08669500 -0.00180200 0.02832900
v -0.08666800 -0.00164500 0.02842200
v -0.08574500 -0.02066700 0.02795000
v -0.08553600 -0.02084000 0.02820500
v -0.08526500 -0.02041800 0.02816500
v -0.08573800 -0.01993600 0.02794600
v -0.08573800 -0.01993600 0.02794600
v -0.08610000 -0.02003400 0.02777700
v -0.08559900 -0.02014500 0.02794400
v -0.08594600 -0.02038200 0.02780200
v -0.08543000 -0.02031600 0.02801900
v -0.08542300 -0.02032100 0.02802400
v -0.08544400 -0.02087100 0.02836300
v -0.08519700 -0.02043600 0.02826000
v -0.08524500 -0.02042600 0.02818900
v -0.08698200 -0.00600200 0.02807900
v -0.08698200 -0.00600200 0.02807900
v -0.08642900 -0.01098600 0.02819700
v -0.08681400 -0.01099800 0.02801800
v -0.08663100 -0.01532000 0.02795200
v -0.08624700 -0.01530500 0.02813100
v -0.08650900 -0.01785000 0.02790700
v -0.08613300 -0.01767700 0.02809000
v -0.08648200 -0.01821300 0.02790000
v -0.08634200 -0.01913200 0.02785700
v -0.08596800 -0.01906800 0.02802900
v -0.08582700 -0.01964400 0.02797800
v -0.08610000 -0.02003400 0.02777700
v -0.08732300 0.02152500 0.02751200
v -0.08714300 0.02151800 0.02712700
v -0.08738600 0.01782400 0.02753500
v -0.08726000 0.01101900 0.02716900
v -0.08743900 0.01101900 0.02755400
v -0.08742300 0.00586200 0.02754800
v -0.08717700 0.00051900 0.02713900
v -0.08735600 0.00051300 0.02752400
v -0.08714500 0.02165200 0.02710900
v -0.08732800 0.02173800 0.02748300
v -0.08716700 0.02181500 0.02703200
v -0.08736600 0.02200000 0.02736100
v -0.08718200 0.02187200 0.02698500
v -0.08740000 0.02211800 0.02726000
v -0.08757900 0.02232600 0.02675400
v -0.08729800 0.02201800 0.02665100
v -0.08748200 0.02227200 0.02702300
v -0.08723800 0.02198500 0.02682000
v -0.08718700 0.02188900 0.02696800
v -0.08733300 0.00001900 0.02666400
v -0.08761500 -0.00028700 0.02676700
v -0.08728700 0.00003700 0.02679100
v -0.08754200 -0.00025800 0.02697000
v -0.08723400 0.00011700 0.02694500
v -0.08723400 0.00011700 0.02694500
v -0.08745500 -0.00013000 0.02721600
v -0.08745500 -0.00013000 0.02721600
v -0.08721600 0.00016500 0.02699800
v -0.08741700 -0.00002500 0.02732500
v -0.08736900 0.00022600 0.02747200
v -0.08718300 0.00033900 0.02710600
v -0.08741700 -0.00002500 0.02732500
v -0.08721100 0.00018200 0.02701400
v -0.08721100 0.00018200 0.02701400
v -0.08734500 0.02200000 0.02652500
v -0.08734500 0.02200000 0.02652500
v -0.08765400 0.02229600 0.02655100
v -0.08765400 0.02229600 0.02655100
v -0.08740300 0.02192000 0.02637200
v -0.08740300 0.02192000 0.02637200
v -0.08774600 0.02216800 0.02630700
v -0.08774600 0.02216800 0.02630700
v -0.08742400 0.02187200 0.02632100
v -0.08778800 0.02206300 0.02619900
v -0.08787000 0.02152500 0.02600800
v -0.08748600 0.02151800 0.02618700
v -0.08784600 0.02181200 0.02605600
v -0.08746800 0.02169800 0.02621600
v -0.08743000 0.02185500 0.02630500
v -0.08751900 0.00051900 0.02620000
v -0.08790300 0.00051300 0.02602000
v -0.08750900 0.00038500 0.02621500
v -0.08789000 0.00030000 0.02604600
v -0.08747700 0.00022200 0.02628800
v -0.08747700 0.00022200 0.02628800
v -0.08784200 0.00003800 0.02616400
v -0.08784200 0.00003800 0.02616400
v -0.08745800 0.00016500 0.02633300
v -0.08780300 -0.00008000 0.02626300
v -0.08771400 -0.00023400 0.02649800
v -0.08739500 0.00005200 0.02649600
v -0.08745200 0.00014800 0.02635000
v -0.08797000 0.00579900 0.02604400
v -0.08760200 0.01101900 0.02623000
v -0.08798600 0.01101900 0.02605000
v -0.08793300 0.01790700 0.02603100
v -0.08655300 0.02152500 0.02962600
v -0.08637400 0.02151800 0.02924100
v -0.08661800 0.01770700 0.02965000
v -0.08649000 0.01101900 0.02928400
v -0.08667000 0.01101900 0.02966800
v -0.08665400 0.00595100 0.02966300
v -0.08640700 0.00051900 0.02925300
v -0.08658600 0.00051300 0.02963800
v -0.08637600 0.02165200 0.02922300
v -0.08655800 0.02173800 0.02959700
v -0.08639700 0.02181500 0.02914600
v -0.08659600 0.02200000 0.02947600
v -0.08641200 0.02187200 0.02909900
v -0.08663000 0.02211800 0.02937400
v -0.08681000 0.02232600 0.02886800
v -0.08652800 0.02201800 0.02876500
v -0.08671300 0.02227200 0.02913700
v -0.08646800 0.02198500 0.02893400
v -0.08641800 0.02188900 0.02908200
v -0.08656300 0.00001900 0.02877800
v -0.08684600 -0.00028700 0.02888100
v -0.08651800 0.00003700 0.02890500
v -0.08677200 -0.00025800 0.02908400
v -0.08646400 0.00011700 0.02905900
v -0.08668500 -0.00013000 0.02933000
v -0.08644700 0.00016500 0.02911200
v -0.08664800 -0.00002500 0.02943900
v -0.08659900 0.00022600 0.02958600
v -0.08641300 0.00033900 0.02922000
v -0.08644200 0.00018200 0.02912800
v -0.08657500 0.02200000 0.02863900
v -0.08688400 0.02229600 0.02866500
v -0.08663400 0.02192000 0.02848700
v -0.08663400 0.02192000 0.02848700
v -0.08697600 0.02216800 0.02842100
v -0.08697600 0.02216800 0.02842100
v -0.08665400 0.02187200 0.02843500
v -0.08701800 0.02206300 0.02831300
v -0.08710000 0.02152500 0.02812200
v -0.08671600 0.02151800 0.02830200
v -0.08707600 0.02181200 0.02817000
v -0.08669900 0.02169800 0.02833100
v -0.08701800 0.02206300 0.02831300
v -0.08666000 0.02185500 0.02842000
v -0.08666000 0.02185500 0.02842000
v -0.08674900 0.00051900 0.02831400
v -0.08674900 0.00051900 0.02831400
v -0.08713400 0.00051300 0.02813500
v -0.08673900 0.00038500 0.02832900
v -0.08712000 0.00030000 0.02816000
v -0.08670700 0.00022200 0.02840200
v -0.08707200 0.00003800 0.02827800
v -0.08668900 0.00016500 0.02844800
v -0.08703300 -0.00008000 0.02837800
v -0.08694400 -0.00023400 0.02861200
v -0.08662500 0.00005200 0.02861000
v -0.08668200 0.00014800 0.02846400
v -0.08713400 0.00051300 0.02813500
v -0.08720100 0.00588800 0.02815900
v -0.08683200 0.01101900 0.02834400
v -0.08721700 0.01101900 0.02816500
v -0.08716500 0.01779000 0.02814600
v -0.08610700 0.04251200 0.02709000
v -0.08595500 0.04240200 0.02669500
v -0.08595500 0.04240200 0.02669500
v -0.08639200 0.04160300 0.02718600
v -0.08622600 0.04152600 0.02679300
v -0.08657100 0.04067100 0.02724300
v -0.08639600 0.04062900 0.02685500
v -0.08667800 0.03917500 0.02727700
v -0.08649900 0.03915800 0.02689300
v -0.08675300 0.03769800 0.02730400
v -0.08675300 0.03769800 0.02730400
v -0.08657500 0.03768200 0.02692000
v -0.08657500 0.03768200 0.02692000
v -0.08657500 0.03768200 0.02692000
v -0.08695700 0.03326600 0.02737800
v -0.08695700 0.03326600 0.02737800
v -0.08677800 0.03325200 0.02699400
v -0.08709200 0.02976700 0.02742700
v -0.08708600 0.02401800 0.02710600
v -0.08726600 0.02402600 0.02749100
v -0.08596800 0.04321700 0.02663800
v -0.08603300 0.04332200 0.02637800
v -0.08581100 0.04289200 0.02621100
v -0.08610700 0.04251200 0.02709000
v -0.08586500 0.04256600 0.02663200
v -0.08586500 0.04256600 0.02663200
v -0.08601700 0.04278500 0.02701300
v -0.08601700 0.04278500 0.02701300
v -0.08584200 0.04261300 0.02660400
v -0.08596700 0.04302900 0.02685700
v -0.08578000 0.04282800 0.02637600
v -0.08578000 0.04280500 0.02641200
v -0.08580200 0.04271300 0.02652300
v -0.08727700 0.02351800 0.02664300
v -0.08755900 0.02322600 0.02674600
v -0.08723000 0.02353700 0.02677000
v -0.08748400 0.02325600 0.02694900
v -0.08717100 0.02361700 0.02692200
v -0.08739200 0.02338400 0.02719300
v -0.08715000 0.02366500 0.02697400
v -0.08735000 0.02348800 0.02730000
v -0.08729100 0.02373900 0.02744300
v -0.08710500 0.02383900 0.02707800
v -0.08714400 0.02368200 0.02698900
v -0.08586000 0.04290100 0.02610700
v -0.08610500 0.04333500 0.02621000
v -0.08590800 0.04289100 0.02603600
v -0.08619700 0.04330500 0.02605200
v -0.08640600 0.04313200 0.02579700
v -0.08608400 0.04278700 0.02587000
v -0.08592700 0.04288400 0.02601200
v -0.08675900 0.04250000 0.02562200
v -0.08639600 0.04240200 0.02579100
v -0.08660600 0.04284800 0.02564800
v -0.08625900 0.04261100 0.02579000
v -0.08609100 0.04278100 0.02586600
v -0.08742900 0.02401800 0.02616700
v -0.08781300 0.02402600 0.02598700
v -0.08742800 0.02388500 0.02618600
v -0.08780800 0.02381300 0.02601600
v -0.08740700 0.02372200 0.02626200
v -0.08777100 0.02355200 0.02613800
v -0.08739200 0.02366500 0.02630900
v -0.08773800 0.02343300 0.02624000
v -0.08765500 0.02327900 0.02647700
v -0.08733700 0.02355200 0.02647500
v -0.08738700 0.02364800 0.02632600
v -0.08778000 0.02527200 0.02597600
v -0.08739600 0.02526400 0.02615500
v -0.08763100 0.02999100 0.02592100
v -0.08706800 0.03446700 0.02603500
v -0.08745200 0.03448100 0.02585600
v -0.08734800 0.03674900 0.02581800
v -0.08696400 0.03673400 0.02599700
v -0.08723400 0.03901600 0.02577700
v -0.08675500 0.04066500 0.02592100
v -0.08713700 0.04069500 0.02574400
v -0.08691000 0.04198100 0.02567300
v -0.08532500 0.04160500 0.02885900
v -0.08548200 0.04170200 0.02925400
v -0.08519600 0.04196900 0.02881300
v -0.08519600 0.04196900 0.02881300
v -0.08534800 0.04208100 0.02920800
v -0.08631700 0.02401800 0.02922100
v -0.08631700 0.02401800 0.02922100
v -0.08649600 0.02402600 0.02960500
v -0.08649600 0.02402600 0.02960500
v -0.08601600 0.03303800 0.02911100
v -0.08601600 0.03303800 0.02911100
v -0.08601600 0.03303800 0.02911100
v -0.08619500 0.03305100 0.02949600
v -0.08619500 0.03305100 0.02949600
v -0.08582000 0.03736500 0.02904000
v -0.08582000 0.03736500 0.02904000
v -0.08582000 0.03736500 0.02904000
v -0.08619500 0.03305100 0.02949600
v -0.08599900 0.03738100 0.02942400
v -0.08599900 0.03738100 0.02942400
v -0.08567600 0.03994800 0.02898700
v -0.08567600 0.03994800 0.02898700
v -0.08585200 0.03998200 0.02937400
v -0.08585200 0.03998200 0.02937400
v -0.08564700 0.04113300 0.02930900
v -0.08520500 0.04278600 0.02875500
v -0.08526900 0.04289100 0.02849500
v -0.08504800 0.04245900 0.02832700
v -0.08534800 0.04208100 0.02920800
v -0.08510500 0.04213300 0.02875000
v -0.08525600 0.04235300 0.02913000
v -0.08508200 0.04218000 0.02872100
v -0.08520400 0.04259700 0.02897500
v -0.08501700 0.04239500 0.02849300
v -0.08501800 0.04237200 0.02852900
v -0.08504000 0.04228000 0.02864000
v -0.08650700 0.02351800 0.02875800
v -0.08678900 0.02322600 0.02886000
v -0.08646000 0.02353700 0.02888400
v -0.08671400 0.02325600 0.02906300
v -0.08640100 0.02361700 0.02903700
v -0.08662200 0.02338400 0.02930700
v -0.08638000 0.02366500 0.02908800
v -0.08658000 0.02348800 0.02941500
v -0.08649600 0.02402600 0.02960500
v -0.08652100 0.02373900 0.02955800
v -0.08633500 0.02383900 0.02919200
v -0.08637400 0.02368200 0.02910300
v -0.08509700 0.04246800 0.02822300
v -0.08534200 0.04290400 0.02832700
v -0.08514500 0.04245800 0.02815300
v -0.08543400 0.04287400 0.02816900
v -0.08564400 0.04270000 0.02791400
v -0.08532300 0.04235400 0.02798800
v -0.08516500 0.04245100 0.02812900
v -0.08600100 0.04206800 0.02774100
v -0.08563900 0.04196900 0.02791000
v -0.08584700 0.04241600 0.02776600
v -0.08550000 0.04217800 0.02790800
v -0.08533000 0.04234800 0.02798300
v -0.08665900 0.02401800 0.02828100
v -0.08704300 0.02402600 0.02810200
v -0.08665800 0.02388500 0.02830000
v -0.08703900 0.02381300 0.02813100
v -0.08663700 0.02372200 0.02837700
v -0.08700200 0.02355200 0.02825200
v -0.08662200 0.02366500 0.02842300
v -0.08696800 0.02343300 0.02835400
v -0.08688600 0.02327900 0.02859100
v -0.08656700 0.02355200 0.02858900
v -0.08661700 0.02364800 0.02844000
v -0.08674400 0.03302000 0.02799300
v -0.08633200 0.03366500 0.02816200
v -0.08619900 0.03662000 0.02811300
v -0.08619900 0.03662000 0.02811300
v -0.08658400 0.02671900 0.02825400
v -0.08638700 0.04026700 0.02786600
v -0.08639200 0.04022100 0.02786700
v -0.08600600 0.04023600 0.02804300
v -0.08648700 0.03856000 0.02789900
v -0.08654900 0.03732400 0.02792200
v -0.08674400 0.03302000 0.02799300
v -0.08617200 0.04148600 0.02779800
v -0.06400100 0.02238200 0.02711100
v -0.06268500 0.02237900 0.02663200
v -0.06262600 0.02234800 0.02679500
v -0.06390800 0.02234200 0.02728400
v -0.06256500 0.02223300 0.02696400
v -0.06376400 0.02219500 0.02744000
v -0.06252600 0.02205200 0.02707300
v -0.06368900 0.02205600 0.02749600
v -0.06251500 0.02187900 0.02710200
v -0.06251500 0.02187900 0.02710200
v -0.06364800 0.02188100 0.02751400
v -0.06366500 0.02198000 0.02751000
v -0.06285400 0.02237900 0.02616900
v -0.06433800 0.02238200 0.02618500
v -0.06302200 0.02237900 0.02570600
v -0.06437200 0.02222500 0.02581200
v -0.06314700 0.02222300 0.02536600
v -0.06309000 0.02233900 0.02552100
v -0.06437400 0.02235800 0.02603600
v -0.06448600 0.02157600 0.02519800
v -0.06335800 0.02157400 0.02478800
v -0.06441900 0.02178100 0.02538100
v -0.06441900 0.02178100 0.02538100
v -0.06325200 0.02189900 0.02507700
v -0.06325200 0.02189900 0.02507700
v -0.06325200 0.02189900 0.02507700
v -0.06436900 0.02200900 0.02559300
v -0.06436900 0.02200900 0.02559300
v -0.06453300 0.02123200 0.02507000
v -0.06340600 0.02123000 0.02465900
v -0.06452100 0.02141700 0.02510300
v -0.06339300 0.02141500 0.02469300
v -0.06454200 0.01593100 0.02507300
v -0.06341400 0.01592900 0.02466200
v -0.06341000 0.01857900 0.02466100
v -0.06449500 0.01558700 0.02520200
v -0.06336800 0.01558500 0.02479100
v -0.06453000 0.01574600 0.02510600
v -0.06340200 0.01574400 0.02469600
v -0.06326300 0.01526000 0.02508100
v -0.06442900 0.01538100 0.02538500
v -0.06315800 0.01493600 0.02537000
v -0.06438000 0.01515300 0.02559700
v -0.06438400 0.01493800 0.02581600
v -0.06435000 0.01478200 0.02619000
v -0.06303400 0.01477900 0.02571100
v -0.06310200 0.01482000 0.02552500
v -0.06439000 0.01482100 0.02599900
v -0.06439000 0.01482100 0.02599900
v -0.06310200 0.01482000 0.02552500
v -0.06286600 0.01477900 0.02617400
v -0.06401300 0.01478200 0.02711500
v -0.06269800 0.01477900 0.02663600
v -0.06365800 0.01528100 0.02751800
v -0.06252600 0.01527900 0.02710600
v -0.06253700 0.01510600 0.02707700
v -0.06370900 0.01508800 0.02749500
v -0.06257600 0.01492600 0.02696900
v -0.06384100 0.01488900 0.02738200
v -0.06263800 0.01481000 0.02679900
v -0.06393200 0.01481300 0.02727100
v -0.06397200 0.01479200 0.02720600
v -0.06252100 0.01857900 0.02710400
v -0.06364800 0.02188100 0.02751400
v -0.06364800 0.02188100 0.02751400
v -0.06459400 0.01438300 0.02785900
v -0.06459400 0.01438300 0.02785900
v -0.06459400 0.01438300 0.02785900
v -0.06459400 0.01438300 0.02785900
v -0.06370100 0.02212800 0.02753400
v -0.06370100 0.02212800 0.02753400
v -0.06370100 0.02212800 0.02753400
v -0.06458100 0.02278300 0.02785400
v -0.06458100 0.02278300 0.02785400
v -0.06458100 0.02278300 0.02785400
v -0.06391700 0.02248900 0.02761200
v -0.06391700 0.02248900 0.02761200
v -0.06425600 0.02272100 0.02773600
v -0.06393000 0.01467500 0.02761700
v -0.06426900 0.01444400 0.02774100
v -0.06426900 0.01444400 0.02774100
v -0.06371200 0.01503500 0.02753800
v -0.06371200 0.01503500 0.02753800
v -0.06371200 0.01503500 0.02753800
v -0.06366500 0.02198000 0.02751000
v -0.06364800 0.02188100 0.02751400
v -0.06370100 0.02212800 0.02753400
v -0.06677300 0.02192900 0.01894300
v -0.06670600 0.02198100 0.01915600
v -0.06695000 0.02212800 0.01860700
v -0.06689200 0.02178100 0.01858600
v -0.06682400 0.02178100 0.01877400
v -0.06681100 0.02183500 0.01881800
v -0.06655000 0.02178100 0.01952500
v -0.06605400 0.02178100 0.02088800
v -0.06656900 0.02183500 0.01948300
v -0.06604100 0.02183500 0.02093300
v -0.06604100 0.02183500 0.02093300
v -0.06662000 0.02192900 0.01936300
v -0.06662000 0.02192900 0.01936300
v -0.06600300 0.02192900 0.02105700
v -0.06593600 0.02198100 0.02127100
v -0.06579900 0.02183500 0.02159700
v -0.06578100 0.02178100 0.02164000
v -0.06441900 0.02178100 0.02538100
v -0.06585000 0.02192900 0.02147700
v -0.06437200 0.02222500 0.02581200
v -0.06437200 0.02222500 0.02581200
v -0.06579900 0.02183500 0.02159700
v -0.06436900 0.02200900 0.02559300
v -0.06437400 0.02235800 0.02603600
v -0.06716600 0.02248900 0.01868500
v -0.06716600 0.02248900 0.01868500
v -0.06437200 0.02222500 0.02581200
v -0.06433800 0.02238200 0.02618500
v -0.06400100 0.02238200 0.02711100
v -0.06391700 0.02248900 0.02761200
v -0.06390800 0.02234200 0.02728400
v -0.06376400 0.02219500 0.02744000
v -0.06370100 0.02212800 0.02753400
v -0.06368900 0.02205600 0.02749600
v -0.06366500 0.02198000 0.02751000
v -0.06458100 0.02278300 0.02785400
v -0.06783000 0.02278300 0.01892700
v -0.06425600 0.02272100 0.02773600
v -0.06750500 0.02272100 0.01880900
v -0.06609900 0.01538100 0.02079800
v -0.06652600 0.01538100 0.01962300
v -0.06622500 0.01488200 0.02084400
v -0.06665300 0.01488200 0.01966900
v -0.06622500 0.01488200 0.02084400
v -0.06665300 0.01488200 0.01966900
v -0.06665300 0.01488200 0.01966900
v -0.06657000 0.01451600 0.02096900
v -0.06657000 0.01451600 0.02096900
v -0.06699700 0.01451600 0.01979500
v -0.06657000 0.01451600 0.02096900
v -0.06699700 0.01451600 0.01979500
v -0.06699700 0.01451600 0.01979500
v -0.06704000 0.01438300 0.02114000
v -0.06704000 0.01438300 0.02114000
v -0.06746700 0.01438300 0.01996600
v -0.06442900 0.01538100 0.02538500
v -0.06575700 0.01538100 0.02173700
v -0.06438000 0.01515300 0.02559700
v -0.06581500 0.01503500 0.02175900
v -0.06438400 0.01493800 0.02581600
v -0.06384100 0.01488900 0.02738200
v -0.06393000 0.01467500 0.02761700
v -0.06370900 0.01508800 0.02749500
v -0.06370900 0.01508800 0.02749500
v -0.06393000 0.01467500 0.02761700
v -0.06371200 0.01503500 0.02753800
v -0.06370900 0.01508800 0.02749500
v -0.06371200 0.01503500 0.02753800
v -0.06365800 0.01528100 0.02751800
v -0.06393200 0.01481300 0.02727100
v -0.06397200 0.01479200 0.02720600
v -0.06401300 0.01478200 0.02711500
v -0.06439000 0.01482100 0.02599900
v -0.06603300 0.01467500 0.02183800
v -0.06435000 0.01478200 0.02619000
v -0.06435000 0.01478200 0.02619000
v -0.06393000 0.01467500 0.02761700
v -0.06426900 0.01444400 0.02774100
v -0.06637300 0.01444400 0.02196200
v -0.06459400 0.01438300 0.02785900
v -0.06669800 0.01438300 0.02208000
v -0.06686800 0.01538100 0.01868300
v -0.06690200 0.01538100 0.01858900
v -0.06699500 0.01488200 0.01872900
v -0.06702900 0.01488200 0.01863500
v -0.06699500 0.01488200 0.01872900
v -0.06702900 0.01488200 0.01863500
v -0.06702900 0.01488200 0.01863500
v -0.06733900 0.01451600 0.01885500
v -0.06733900 0.01451600 0.01885500
v -0.06737400 0.01451600 0.01876100
v -0.06733900 0.01451600 0.01885500
v -0.06737400 0.01451600 0.01876100
v -0.06737400 0.01451600 0.01876100
v -0.06780900 0.01438300 0.01902600
v -0.06780900 0.01438300 0.01902600
v -0.06784400 0.01438300 0.01893200
v -0.06607800 0.02165400 0.02082300
v -0.06607800 0.02165400 0.02082300
v -0.06607800 0.02165400 0.02082300
v -0.06651600 0.02148100 0.01961900
v -0.06651600 0.02148100 0.01961900
v -0.06651600 0.02148100 0.01961900
v -0.06651600 0.02148100 0.01961900
v -0.06652700 0.02165400 0.01959000
v -0.06652700 0.02165400 0.01959000
v -0.06608900 0.02148100 0.02079400
v -0.06608900 0.02148100 0.02079400
v -0.06609900 0.01538100 0.02079800
v -0.06684800 0.02165400 0.01870900
v -0.06685800 0.02148100 0.01868000
v -0.06449500 0.01558700 0.02520200
v -0.06453000 0.01574600 0.02510600
v -0.06454200 0.01593100 0.02507300
v -0.06454200 0.01593100 0.02507300
v -0.06574700 0.02148100 0.02173400
v -0.06574700 0.02148100 0.02173400
v -0.06574700 0.02148100 0.02173400
v -0.06453300 0.02123200 0.02507000
v -0.06453300 0.02123200 0.02507000
v -0.06453300 0.02123200 0.02507000
v -0.06575700 0.02165400 0.02170500
v -0.06575700 0.02165400 0.02170500
v -0.06575700 0.02165400 0.02170500
v -0.06452100 0.02141700 0.02510300
v -0.06452100 0.02141700 0.02510300
v -0.06448600 0.02157600 0.02519800
v -0.06214100 0.01527900 0.02728500
v -0.06252600 0.01527900 0.02710600
v -0.06252100 0.01857900 0.02710400
v -0.06213600 0.01857900 0.02728300
v -0.06251500 0.02187900 0.02710200
v -0.06213100 0.02187900 0.02728200
v -0.06257600 0.01492600 0.02696900
v -0.06225000 0.01464200 0.02698900
v -0.06263800 0.01481000 0.02679900
v -0.06234000 0.01451100 0.02674400
v -0.06269800 0.01477900 0.02663600
v -0.06241600 0.01447900 0.02653400
v -0.06253700 0.01510600 0.02707700
v -0.06216000 0.01499100 0.02723500
v -0.06221400 0.01474000 0.02708900
v -0.06256500 0.02223300 0.02696400
v -0.06256500 0.02223300 0.02696400
v -0.06218600 0.02236300 0.02712800
v -0.06252600 0.02205200 0.02707300
v -0.06214100 0.02210200 0.02725200
v -0.06268500 0.02237900 0.02663200
v -0.06240300 0.02267900 0.02652900
v -0.06262600 0.02234800 0.02679500
v -0.06230500 0.02262500 0.02679900
v -0.06221900 0.02247000 0.02703600
v -0.06218600 0.02236300 0.02712800
v -0.06275300 0.01447900 0.02560800
v -0.06303400 0.01477900 0.02571100
v -0.06286600 0.01477900 0.02617400
v -0.06258500 0.01447900 0.02607100
v -0.06285400 0.02237900 0.02616900
v -0.06257200 0.02267900 0.02606700
v -0.06302200 0.02237900 0.02570600
v -0.06274000 0.02267900 0.02560400
v -0.06310200 0.01482000 0.02552500
v -0.06295100 0.01472900 0.02506300
v -0.06315800 0.01493600 0.02537000
v -0.06293200 0.01467500 0.02511500
v -0.06285100 0.01453200 0.02533800
v -0.06309000 0.02233900 0.02552100
v -0.06314700 0.02222300 0.02536600
v -0.06293900 0.02242900 0.02505800
v -0.06276600 0.02267500 0.02553100
v -0.06285800 0.02260100 0.02528000
v -0.06316100 0.01537800 0.02448400
v -0.06336800 0.01558500 0.02479100
v -0.06326300 0.01526000 0.02508100
v -0.06305600 0.01505300 0.02477300
v -0.06325200 0.02189900 0.02507700
v -0.06304500 0.02210400 0.02476900
v -0.06335800 0.02157400 0.02478800
v -0.06315000 0.02178000 0.02448100
v -0.06340200 0.01574400 0.02469600
v -0.06323500 0.01592800 0.02427800
v -0.06341400 0.01592900 0.02466200
v -0.06323100 0.01579800 0.02428800
v -0.06321400 0.01562300 0.02433500
v -0.06339300 0.02141500 0.02469300
v -0.06340600 0.02123000 0.02465900
v -0.06322600 0.02123000 0.02427500
v -0.06317900 0.02167800 0.02440400
v -0.06317900 0.02167800 0.02440400
v -0.06335800 0.02157400 0.02478800
v -0.06320800 0.02151700 0.02432500
v -0.06341000 0.01857900 0.02466100
v -0.06323000 0.01857900 0.02427600
vn -0.93300500 0.11908800 0.33958900
vn -0.93591200 0.08962700 0.34064000
vn -0.93969000 0.00136600 0.34202400
vn -0.93960000 0.00115100 0.34227200
vn -0.93968700 0.00166900 0.34203200
vn -0.93969300 0.00184500 0.34201500
vn -0.93967200 0.00175000 0.34207200
vn -0.93969200 0.00167000 0.34201900
vn -0.93969300 0.00184500 0.34201500
vn -0.93968700 0.00166900 0.34203200
vn -0.93970000 0.00163000 0.34199700
vn -0.93968900 0.00155500 0.34202700
vn -0.94108000 -0.02904300 0.33693500
vn -0.93974800 0.00227200 0.34186100
vn -0.93337000 -0.11581000 0.33971800
vn -0.93969300 0.00158000 0.34201700
vn -0.93932300 -0.02786400 0.34190000
vn -0.93974500 0.00100200 0.34187400
vn -0.93331700 -0.11627300 0.33970600
vn -0.93973000 0.00174100 0.34191400
vn -0.93971300 0.00172900 0.34196000
vn -0.93975400 0.00174300 0.34184600
vn -0.93971300 0.00172900 0.34196000
vn -0.93973000 0.00174100 0.34191400
vn -0.93975400 0.00174300 0.34184600
vn -0.93960200 0.00169100 0.34226500
vn -0.93977400 0.00196900 0.34179000
vn -0.93964800 0.00169000 0.34213900
vn -0.93971300 0.00172900 0.34196000
vn -0.93969200 0.00167100 0.34201800
vn -0.93966600 0.00753300 0.34200900
vn -0.93661000 0.09229000 0.33800100
vn -0.93968900 0.00155200 0.34202700
vn -0.93969500 0.00168600 0.34200900
vn -0.93969100 0.00169300 0.34202200
vn -0.93969100 0.00169200 0.34202100
vn -0.93969100 0.00169300 0.34202200
vn -0.93969100 0.00169300 0.34202100
vn -0.93969000 0.00169100 0.34202400
vn -0.93969500 0.00168600 0.34200900
vn -0.93969200 0.00167100 0.34201800
vn -0.93969200 0.00189700 0.34201600
vn -0.93968900 0.00177000 0.34202700
vn -0.93969300 0.00162800 0.34201500
vn -0.93969100 0.00169100 0.34202000
vn -0.93969500 0.00168600 0.34200900
vn -0.93969300 0.00177000 0.34201300
vn -0.93970500 0.00138400 0.34198200
vn -0.93968600 0.00176300 0.34203300
vn -0.93186000 -0.12884400 0.33917000
vn -0.93849500 -0.05038600 0.34159600
vn -0.93968600 0.00176300 0.34203300
vn -0.93968900 0.00177000 0.34202700
vn -0.93968900 0.00177000 0.34202700
vn -0.93969300 0.00169000 0.34201500
vn -0.93968600 0.00172900 0.34203500
vn -0.93968700 0.00172500 0.34203000
vn -0.93975400 0.00174300 0.34184600
vn -0.93976300 0.00168900 0.34182300
vn -0.93964800 0.00169000 0.34213900
vn -0.93960200 0.00169100 0.34226400
vn -0.93885500 -0.04243300 0.34168700
vn -0.93968600 0.00172600 0.34203300
vn -0.89747900 -0.10328200 0.42879400
vn -0.93975100 0.00169200 0.34185500
vn -0.93976600 0.00168900 0.34181300
vn -0.93978400 0.00169300 0.34176400
vn -0.93976600 0.00168900 0.34181300
vn -0.93975100 0.00169200 0.34185500
vn -0.93972800 0.00168800 0.34192000
vn -0.93971300 0.00164900 0.34195900
vn -0.93976300 0.00169100 0.34182200
vn -0.93969200 0.00169200 0.34201800
vn -0.93976600 0.00168900 0.34181300
vn -0.93964800 0.00171200 0.34213800
vn -0.93959900 0.00165300 0.34227400
vn -0.93971300 0.00164900 0.34195900
vn -0.93976300 0.00169100 0.34182200
vn -0.93969000 0.00170300 0.34202200
vn -0.93967400 0.00169600 0.34206800
vn -0.93971700 0.00170600 0.34195000
vn -0.93968700 0.00170700 0.34203100
vn -0.93968700 0.00170700 0.34203100
vn -0.93969400 0.00168300 0.34201100
vn -0.93969400 0.00149900 0.34201200
vn -0.93968200 0.00140400 0.34204700
vn -0.93969000 0.00170300 0.34202200
vn -0.93970100 0.00168100 0.34199400
vn -0.93969400 0.00152000 0.34201300
vn -0.93969000 0.00170300 0.34202200
vn -0.93969400 0.00149600 0.34201300
vn -0.93970100 0.00168100 0.34199400
vn -0.93969300 0.00170600 0.34201400
vn -0.93967300 0.00170600 0.34206900
vn -0.93969300 0.00170600 0.34201400
vn -0.93964600 0.00169900 0.34214300
vn -0.93970100 0.00168100 0.34199400
vn -0.93974700 0.00169100 0.34186700
vn -0.93956400 0.00169100 0.34237000
vn -0.93974700 0.00169100 0.34186700
vn -0.93956400 0.00169100 0.34237000
vn -0.93977700 0.00169300 0.34178500
vn -0.93975100 0.00169200 0.34185500
vn -0.93974700 0.00169100 0.34186700
vn -0.93978400 0.00169300 0.34176400
vn -0.93972800 0.00169100 0.34192000
vn -0.93982600 0.00169300 0.34164900
vn -0.93968300 0.00172800 0.34204300
vn -0.93968700 0.00158000 0.34203300
vn -0.93969400 0.00149600 0.34201300
vn -0.93968800 0.00169000 0.34202800
vn -0.93969400 0.00152000 0.34201300
vn -0.93968300 0.00172800 0.34204300
vn -0.93969400 0.00149600 0.34201300
vn -0.93969300 0.00162800 0.34201500
vn -0.93968600 0.00176300 0.34203300
vn -0.93969200 0.00189700 0.34201600
vn -0.93969300 0.00162800 0.34201500
vn -0.93970900 0.00163700 0.34197000
vn -0.93969200 0.00189700 0.34201600
vn -0.93969300 0.00177000 0.34201300
vn -0.93969200 0.00169200 0.34201800
vn -0.93976300 0.00169100 0.34182200
vn -0.93964800 0.00171200 0.34213800
vn -0.93968500 0.00169600 0.34203700
vn -0.93970200 0.00171200 0.34199100
vn -0.93969200 0.00169200 0.34201800
vn -0.93970200 0.00171200 0.34199100
vn -0.93964800 0.00171200 0.34213800
vn -0.93978400 0.00169300 0.34176400
vn -0.93968500 0.00149200 0.34203900
vn -0.91961900 0.06977900 0.38656400
vn -0.93957100 0.01626100 0.34196700
vn -0.93970900 0.00163700 0.34197000
vn -0.93968200 0.00179000 0.34204400
vn -0.93968200 0.00206000 0.34204200
vn -0.93968700 0.00171500 0.34203200
vn -0.93969300 0.00177000 0.34201300
vn -0.93977400 0.00196900 0.34179000
vn -0.93968700 0.00171500 0.34203200
vn -0.93969200 0.00167100 0.34201800
vn -0.93977400 0.00196900 0.34179000
vn -0.93973000 0.00174100 0.34191400
vn -0.93970900 0.00163700 0.34197000
vn -0.93968200 0.00206000 0.34204200
vn -0.93969900 0.00138900 0.34199900
vn -0.93968200 0.00179000 0.34204400
vn -0.93968200 0.00206000 0.34204200
vn -0.93968800 0.00164200 0.34202900
vn -0.93969400 0.00194400 0.34201100
vn -0.93968200 0.00179000 0.34204400
vn -0.93969900 0.00138900 0.34199900
vn -0.93969400 0.00194400 0.34201100
vn -0.93969900 0.00138900 0.34199900
vn -0.93968800 0.00164200 0.34202900
vn -0.93969800 0.00168900 0.34200000
vn -0.93969400 0.00194400 0.34201100
vn -0.93968400 0.00169200 0.34203900
vn -0.93969100 0.00169300 0.34202200
vn -0.93969100 0.00169300 0.34202100
vn -0.93968700 0.00171300 0.34203200
vn -0.93969100 0.00169300 0.34202100
vn -0.93898200 0.03888100 0.34176100
vn -0.93969900 0.00169300 0.34200000
vn -0.93966000 0.00168900 0.34210600
vn -0.93970200 0.00168800 0.34199100
vn -0.93973100 0.00159700 0.34191200
vn -0.93968800 0.00168600 0.34203000
vn -0.93970200 0.00168800 0.34199100
vn -0.93965100 0.00166900 0.34213100
vn -0.93440300 0.10603200 0.34007200
vn -0.93969200 0.00168000 0.34201800
vn -0.93967200 0.00175000 0.34207200
vn -0.93967200 0.00175000 0.34207200
vn -0.93968700 0.00166900 0.34203200
vn -0.93967600 0.00193200 0.34206100
vn -0.93969800 0.00168900 0.34200000
vn -0.93968400 0.00169200 0.34203900
vn -0.93969800 0.00168900 0.34200000
vn -0.93971900 0.00156000 0.34194500
vn -0.93968800 0.00164200 0.34202900
vn -0.93968400 0.00169200 0.34203900
vn -0.93970200 0.00171200 0.34199100
vn -0.93968500 0.00169600 0.34203700
vn -0.93967400 0.00169600 0.34206800
vn -0.93967400 0.00169600 0.34206800
vn -0.93971700 0.00170600 0.34195000
vn -0.93968500 0.00169600 0.34203700
vn -0.93969400 0.00149900 0.34201200
vn -0.93968700 0.00170700 0.34203100
vn -0.93971700 0.00170600 0.34195000
vn -0.93969400 0.00168300 0.34201100
vn -0.93969400 0.00149900 0.34201200
vn -0.93970200 0.00162300 0.34199100
vn -0.93968100 0.00208700 0.34204700
vn -0.93968200 0.00140400 0.34204700
vn -0.93969400 0.00168300 0.34201100
vn -0.93968800 0.00174500 0.34202800
vn -0.93968700 0.00159100 0.34203100
vn -0.93971000 0.00180400 0.34196900
vn -0.93969400 0.00185000 0.34201100
vn -0.93969600 0.00169100 0.34200600
vn -0.93971000 0.00180400 0.34196900
vn -0.93970300 0.00168900 0.34198600
vn -0.93969600 0.00169100 0.34200600
vn -0.93971000 0.00180400 0.34196900
vn -0.93970300 0.00168900 0.34198600
vn -0.93969600 0.00169100 0.34200600
vn -0.93970200 0.00162300 0.34199100
vn -0.93968100 0.00208700 0.34204700
vn -0.93970200 0.00162300 0.34199100
vn -0.93970300 0.00168900 0.34198600
vn -0.93968200 0.00140400 0.34204700
vn -0.93968100 0.00208700 0.34204700
vn -0.93968800 0.00169000 0.34202800
vn -0.93968700 0.00158000 0.34203300
vn -0.93968700 0.00169200 0.34203100
vn -0.93968900 0.00169300 0.34202500
vn -0.93968900 0.00169300 0.34202500
vn -0.93968700 0.00169200 0.34203100
vn -0.93968900 0.00169300 0.34202500
vn -0.93969400 0.00152000 0.34201300
vn -0.93969300 0.00170600 0.34201400
vn -0.93967300 0.00170600 0.34206900
vn -0.93969200 0.00169900 0.34201800
vn -0.93967300 0.00170600 0.34206900
vn -0.93964600 0.00169900 0.34214300
vn -0.93969200 0.00169900 0.34201700
vn -0.93969200 0.00169900 0.34201800
vn -0.93964600 0.00169900 0.34214300
vn -0.93968800 0.00169900 0.34202800
vn -0.93969200 0.00169900 0.34201800
vn -0.93969200 0.00169900 0.34201700
vn -0.93966000 0.00168900 0.34210600
vn -0.93968800 0.00169900 0.34202800
vn -0.93969200 0.00169900 0.34201700
vn -0.93968800 0.00169900 0.34202800
vn -0.93970200 0.00168800 0.34199100
vn -0.93966000 0.00168900 0.34210600
vn -0.93968700 0.00158000 0.34203300
vn -0.93968300 0.00172800 0.34204300
vn -0.93968700 0.00169200 0.34203100
vn -0.93968800 0.00169000 0.34202800
vn 0.05102000 0.98493500 0.16522600
vn 0.13685300 0.98216400 0.12893500
vn 0.04282600 0.98483300 0.16813700
vn -0.61777700 0.69408600 0.36958800
vn -0.72748700 0.56367600 0.39119300
vn -0.70499600 0.59965200 0.37867900
vn 0.93967600 -0.00169100 -0.34206100
vn 0.93968100 -0.00167000 -0.34204700
vn 0.93968200 -0.00169000 -0.34204500
vn 0.93970100 -0.00182700 -0.34199100
vn 0.93968100 -0.00167000 -0.34204700
vn 0.93967600 -0.00169100 -0.34206100
vn 0.93968100 -0.00168900 -0.34204800
vn 0.93967600 -0.00169100 -0.34206100
vn 0.93968600 -0.00169100 -0.34203300
vn 0.93968200 -0.00169000 -0.34204500
vn -0.94915900 0.02481900 0.31381700
vn -0.94770300 0.03315700 0.31742600
vn -0.94591400 0.02474300 0.32347300
vn -0.94050200 0.01651000 0.33938600
vn -0.93962100 0.01318300 0.34196200
vn -0.93894000 0.02417900 0.34323000
vn -0.93898200 0.02419900 0.34311400
vn -0.93901300 0.02424700 0.34302500
vn -0.93902200 0.02431700 0.34299600
vn -0.93900000 0.02421400 0.34306300
vn -0.93883900 0.02478200 0.34346400
vn -0.93881300 0.02469400 0.34354000
vn -0.93882100 0.02470200 0.34351900
vn -0.93854600 0.02389400 0.34432600
vn -0.93854200 0.02389200 0.34433600
vn -0.93962800 0.02375900 0.34137200
vn -0.93953300 0.02401800 0.34161400
vn -0.93947400 0.02429600 0.34175600
vn -0.93956100 0.02428300 0.34151900
vn -0.93939400 0.02454400 0.34196100
vn -0.93943200 0.02441300 0.34186600
vn -0.93947900 0.02430300 0.34174500
vn -0.93926700 0.02481500 0.34228900
vn -0.93938000 0.02443200 0.34200700
vn -0.93926000 0.02463000 0.34232100
vn -0.93938400 0.02442100 0.34199700
vn -0.93943000 0.02302000 0.34196700
vn -0.93940800 0.02308000 0.34202400
vn -0.93940800 0.02307800 0.34202200
vn -0.93943300 0.02297600 0.34196200
vn -0.93937100 0.02310000 0.34212400
vn -0.93940000 0.02299200 0.34205200
vn -0.93962800 0.02375900 0.34137200
vn -0.93942900 0.02404200 0.34190100
vn -0.93932800 0.02430400 0.34215800
vn -0.93938000 0.02417300 0.34202500
vn -0.93927400 0.02435600 0.34230200
vn -0.93931900 0.02408900 0.34219700
vn -0.93939100 0.02394800 0.34201100
vn -0.93934800 0.02581400 0.34199200
vn -0.93938900 0.02551800 0.34190300
vn -0.93936000 0.02559000 0.34197600
vn -0.93938500 0.02534500 0.34192700
vn -0.93938800 0.02533000 0.34191900
vn -0.93910100 0.02544100 0.34269900
vn -0.93915200 0.02476800 0.34260700
vn -0.93919800 0.02462200 0.34249200
vn -0.93901300 0.02424700 0.34302500
vn -0.93925500 0.02435600 0.34235400
vn -0.93933700 0.02434300 0.34213100
vn -0.93925300 0.02429700 0.34236400
vn -0.93925500 0.02435600 0.34235400
vn -0.93933700 0.02434300 0.34213100
vn -0.93925300 0.02429700 0.34236400
vn -0.93947400 0.02429600 0.34175600
vn -0.93925300 0.02429700 0.34236400
vn -0.93947900 0.02430300 0.34174500
vn -0.93947400 0.02429600 0.34175600
vn -0.93950000 0.02472300 0.34165500
vn -0.93956100 0.02428300 0.34151900
vn -0.93947900 0.02430300 0.34174500
vn -0.93938900 0.02551800 0.34190300
vn -0.93944200 0.02502300 0.34179300
vn -0.93938400 0.02306500 0.34209100
vn -0.93934400 0.02329500 0.34218400
vn -0.93928900 0.02399500 0.34228700
vn -0.93926800 0.02423500 0.34232700
vn -0.93921500 0.02425000 0.34247200
vn -0.93939900 0.02430200 0.34196300
vn -0.93926800 0.02423500 0.34232700
vn -0.93939900 0.02430200 0.34196300
vn -0.93926800 0.02423500 0.34232700
vn -0.93931900 0.02426800 0.34218700
vn -0.93939900 0.02430200 0.34196300
vn -0.93931900 0.02426800 0.34218600
vn -0.93943800 0.02428600 0.34185600
vn -0.93943800 0.02428600 0.34185600
vn -0.93956400 0.02426000 0.34151400
vn -0.93931900 0.02426800 0.34218700
vn -0.93978600 0.02438200 0.34089300
vn -0.93978600 0.02437200 0.34089300
vn -0.93962500 0.02406800 0.34135800
vn -0.93985700 0.02442600 0.34069300
vn -0.93981000 0.02439900 0.34082400
vn -0.93978600 0.02437200 0.34089300
vn -0.93956400 0.02426000 0.34151400
vn -0.94026300 0.02471800 0.33955100
vn -0.94022300 0.02469000 0.33966400
vn -0.93996000 0.02419600 0.34042700
vn -0.94004500 0.02439300 0.34017700
vn -0.94010800 0.02445000 0.33999900
vn -0.93973800 0.02410600 0.34104400
vn -0.93984800 0.02414500 0.34073900
vn -0.94021900 0.02423100 0.33970600
vn -0.94034200 0.02425300 0.33936500
vn -0.94281500 0.02421500 0.33243500
vn -0.95257100 0.02494000 0.30329300
vn -0.94666600 0.03071600 0.32075000
vn -0.93917600 0.02404700 0.34259500
vn -0.93915700 0.02426400 0.34263000
vn -0.93922000 0.02329000 0.34252400
vn -0.93928400 0.02282200 0.34238100
vn -0.93921700 0.01957400 0.34276500
vn -0.93921700 0.01953700 0.34276800
vn -0.93921700 0.01954000 0.34276600
vn -0.93921700 0.01954200 0.34276800
vn -0.93928400 0.02282200 0.34238100
vn -0.93935000 0.02202600 0.34225200
vn -0.93948900 0.02017600 0.34198500
vn -0.93948800 0.02018100 0.34198500
vn -0.93919200 0.02907500 0.34215900
vn -0.93925900 0.03294900 0.34162300
vn -0.93913200 0.04078700 0.34112700
vn -0.93893500 0.04407700 0.34125900
vn -0.93858300 0.05085300 0.34128500
vn -0.93886600 0.04748400 0.34099300
vn -0.93329400 0.08847400 0.34804500
vn -0.92534100 0.13330800 0.35492600
vn -0.89776300 0.24030900 0.36915100
vn -0.89895400 0.23771000 0.36793500
vn -0.86823800 0.32310500 0.37651800
vn -0.83959000 0.38757900 0.38061900
vn -0.84803200 0.37008500 0.37931300
vn -0.74582200 0.53730800 0.39376400
vn -0.80499100 0.45342500 0.38261700
vn -0.80298500 0.45699400 0.38258400
vn -0.80992000 0.44431800 0.38289800
vn 0.38639400 0.92218200 0.01671500
vn 0.38639300 0.92218300 0.01671500
vn 0.38639200 0.92218300 0.01671500
vn -0.78367200 0.48912600 0.38290100
vn -0.80007700 0.46068800 0.38424300
vn -0.79291300 0.47380800 0.38313800
vn -0.79548800 0.46975300 0.38279200
vn -0.81402400 0.43681600 0.38282600
vn -0.83130000 0.40478900 0.38090100
vn -0.93650400 0.04331400 0.34797300
vn -0.93871600 0.05070800 0.34094200
vn -0.93843400 0.05116200 0.34164800
vn -0.93751600 0.05610200 0.34338900
vn -0.93924500 0.06317500 0.33738400
vn -0.93797300 0.07907200 0.33757100
vn -0.92705300 0.12483700 0.35353600
vn -0.91660400 0.16041900 0.36620100
vn -0.89686600 0.23093900 0.37722600
vn -0.89420200 0.26355800 0.36185500
vn -0.86608000 0.33208100 0.37366900
vn -0.86128500 0.34623500 0.37190000
vn -0.83674700 0.38772100 0.38668600
vn -0.83846300 0.39102800 0.37957400
vn -0.82251700 0.41896300 0.38462400
vn -0.82197500 0.42274400 0.38163300
vn -0.81230100 0.44035800 0.38242800
vn -0.93932800 0.02614800 0.34202100
vn -0.93938900 0.02551800 0.34190300
vn -0.93933900 0.02645200 0.34196800
vn -0.93932800 0.02614800 0.34202100
vn -0.93928600 0.02667000 0.34209600
vn -0.93928300 0.02834400 0.34197100
vn -0.93928200 0.02836900 0.34197100
vn -0.93600100 0.03133800 0.35059900
vn -0.93594300 0.03621400 0.35028500
vn -0.93854000 0.04497200 0.34222700
vn -0.85202000 0.37370400 0.36661700
vn -0.82932400 0.40999600 0.37963700
vn -0.83411800 0.40596300 0.37341900
vn -0.80207700 0.46156000 0.37899200
vn -0.76870500 0.50734200 0.38948300
vn -0.76554400 0.51411900 0.38681300
vn -0.75047000 0.53341700 0.39020800
vn -0.86684000 0.33746900 0.36701900
vn -0.88769800 0.28272800 0.36339700
vn -0.90776000 0.22078500 0.35668800
vn -0.92703600 0.14351600 0.34642100
vn -0.93208300 0.10154200 0.34772100
vn -0.93975100 0.05491400 0.33742100
vn -0.93775400 0.05715800 0.34256400
vn -0.93959200 0.03801300 0.34018000
vn -0.94157000 0.04698700 0.33352400
vn -0.94174600 0.05106000 0.33242600
vn -0.93935700 -0.02376500 0.34211600
vn -0.93930400 -0.02424700 0.34222700
vn -0.93932200 -0.02403600 0.34219400
vn -0.93931100 -0.02417500 0.34221400
vn -0.93938900 -0.02183300 0.34215600
vn -0.93942100 -0.02212700 0.34204900
vn -0.93942100 -0.02208100 0.34205300
vn -0.93942200 -0.02207200 0.34205100
vn -0.93949500 -0.02207200 0.34185100
vn -0.93939900 -0.02230300 0.34209900
vn -0.93942300 -0.02255000 0.34201700
vn -0.93939300 -0.02308500 0.34206300
vn -0.93938900 -0.02313600 0.34207300
vn -0.93939900 -0.02230300 0.34209900
vn -0.93942300 -0.02255000 0.34201700
vn -0.93929700 -0.02055000 0.34248900
vn -0.93931500 -0.02062300 0.34243600
vn -0.93944400 -0.02117000 0.34204700
vn -0.93929500 -0.02091600 0.34247300
vn -0.93926700 -0.02084500 0.34255300
vn -0.93937100 -0.02087300 0.34226800
vn -0.93940300 -0.02101200 0.34217000
vn -0.93949000 -0.02116300 0.34192100
vn -0.93947300 -0.02112100 0.34197100
vn -0.93949200 -0.02117800 0.34191500
vn -0.93950300 -0.02119900 0.34188400
vn -0.93948200 -0.01968800 0.34203300
vn -0.93952900 -0.01975400 0.34189800
vn -0.93949300 -0.01962300 0.34200600
vn -0.93953000 -0.01977400 0.34189400
vn -0.93951000 -0.01990000 0.34194300
vn -0.93949200 -0.01982100 0.34199600
vn -0.93940200 -0.02067200 0.34219500
vn -0.93942600 -0.02067600 0.34212600
vn -0.93947400 -0.02082800 0.34198600
vn -0.93942700 -0.02068900 0.34212300
vn -0.93945900 -0.02054600 0.34204600
vn -0.93963900 -0.02092000 0.34152600
vn -0.93950800 -0.02075200 0.34189900
vn -0.93972400 -0.02153400 0.34125600
vn -0.93958600 -0.02116000 0.34165800
vn -0.94028400 -0.02049000 0.33977400
vn -0.94031900 -0.02046400 0.33967900
vn -0.93976700 -0.02081700 0.34118000
vn -0.93977700 -0.02083400 0.34115200
vn -0.93992300 -0.02074600 0.34075500
vn -0.93982000 -0.02090100 0.34103000
vn -0.93984900 -0.02077700 0.34095700
vn -0.93976700 -0.02081700 0.34118000
vn -0.93955500 -0.02086900 0.34176300
vn -0.93949900 -0.02095100 0.34190900
vn -0.93949700 -0.02091700 0.34191700
vn -0.93955500 -0.02086900 0.34176300
vn -0.93949700 -0.02091700 0.34191700
vn -0.93929500 -0.02091600 0.34247300
vn -0.93949700 -0.02091700 0.34191700
vn -0.93929500 -0.02091600 0.34247300
vn -0.93937100 -0.02087300 0.34226800
vn -0.93938900 -0.02183300 0.34215600
vn -0.93926700 -0.02084500 0.34255300
vn -0.93937100 -0.02087300 0.34226800
vn -0.93937700 -0.02197900 0.34218100
vn -0.93938900 -0.02183300 0.34215600
vn -0.93900700 -0.02107400 0.34325100
vn -0.93900400 -0.02107500 0.34326100
vn -0.93913800 -0.02076100 0.34291100
vn -0.93905700 -0.02100900 0.34311800
vn -0.93899500 -0.02107600 0.34328600
vn -0.93892900 -0.02054700 0.34349700
vn -0.93891500 -0.02056700 0.34353300
vn -0.93898600 -0.02060100 0.34333700
vn -0.93862100 -0.02135000 0.34428800
vn -0.93856500 -0.02138500 0.34443800
vn -0.93956900 -0.02023700 0.34176100
vn -0.93953000 -0.01977400 0.34189400
vn -0.93963900 -0.02092000 0.34152600
vn -0.93954200 -0.02089800 0.34179600
vn -0.93962100 -0.02078200 0.34158400
vn -0.93954200 -0.02089800 0.34179600
vn -0.93953200 -0.02091300 0.34182200
vn -0.93953200 -0.02091300 0.34182200
vn -0.93943300 -0.02091200 0.34209400
vn -0.93954200 -0.02089800 0.34179600
vn -0.93938900 -0.02092800 0.34221500
vn -0.93943300 -0.02091200 0.34209400
vn -0.93936800 -0.02094900 0.34227100
vn -0.93933400 -0.02090500 0.34236600
vn -0.93943300 -0.02091200 0.34209400
vn -0.93938900 -0.02092800 0.34221500
vn -0.93933400 -0.02090500 0.34236600
vn -0.93917200 -0.02102400 0.34280300
vn -0.93924900 -0.02109700 0.34258800
vn -0.93925700 -0.02129100 0.34255300
vn -0.93927000 -0.02124000 0.34252100
vn -0.93932700 -0.02200700 0.34231600
vn -0.93933000 -0.02207300 0.34230500
vn -0.93922200 -0.02505400 0.34239500
vn -0.93922700 -0.02496700 0.34238700
vn -0.93922400 -0.02502900 0.34239200
vn -0.93922700 -0.02493500 0.34239100
vn -0.93922800 -0.02489900 0.34238900
vn -0.93936300 -0.02306900 0.34214800
vn -0.93937000 -0.02313900 0.34212500
vn -0.93942200 -0.02506700 0.34184600
vn -0.93942000 -0.02501200 0.34185400
vn -0.94043800 -0.02088300 0.33932500
vn -0.94293300 -0.02093300 0.33232300
vn -0.94345100 -0.02064900 0.33086900
vn -0.93994700 -0.02100000 0.34067400
vn -0.93941600 -0.01784000 0.34231300
vn -0.93955400 -0.01550000 0.34205100
vn -0.93971700 -0.00902800 0.34183400
vn -0.93935800 -0.00340800 0.34292000
vn -0.93934500 0.00315000 0.34296000
vn -0.93951000 0.01316000 0.34226900
vn -0.93942000 0.02264900 0.34202000
vn -0.93942200 0.02260100 0.34201600
vn -0.93942200 0.02260100 0.34201600
vn -0.93941800 0.02205700 0.34206400
vn -0.93941100 0.02212100 0.34207900
vn -0.93945900 0.02095600 0.34201900
vn -0.93946400 0.02087800 0.34201100
vn -0.93946300 0.02076500 0.34201900
vn -0.93947100 0.01956900 0.34206800
vn -0.93947100 0.01956500 0.34206900
vn -0.93959100 0.01482900 0.34197700
vn -0.93964800 0.01165900 0.34194300
vn -0.93972000 0.00426600 0.34191700
vn -0.93971600 0.00066200 0.34195700
vn -0.93966700 -0.00663700 0.34202600
vn -0.93962600 -0.00987000 0.34206100
vn -0.93954300 -0.01519800 0.34209400
vn -0.93954300 -0.01514500 0.34209600
vn -0.93953400 -0.01708300 0.34202900
vn -0.93953700 -0.01687400 0.34203100
vn -0.93953400 -0.01701900 0.34203100
vn -0.93951700 -0.01884000 0.34198500
vn -0.93951200 -0.01876000 0.34200100
vn -0.93950300 -0.01905400 0.34201100
vn -0.93950600 -0.01938800 0.34198200
vn -0.93951500 -0.01944500 0.34195400
vn -0.94012000 0.00544800 0.34080100
vn -0.94011200 0.00257900 0.34085500
vn -0.94204400 -0.00569900 0.33544100
vn -0.94386500 -0.01427500 0.33002200
vn -0.94527800 -0.01862500 0.32573400
vn -0.83087500 -0.40489000 0.38172000
vn -0.82050600 -0.42375600 0.38366900
vn -0.81694500 -0.43163700 0.38247900
vn -0.78796500 -0.47836900 0.38765200
vn -0.80646900 -0.45034400 0.38314200
vn -0.75648000 -0.52430300 0.39095400
vn -0.76038200 -0.51886200 0.39064300
vn -0.78890000 -0.48069600 0.38284200
vn -0.78887300 -0.48074500 0.38283600
vn -0.78890600 -0.48068800 0.38284000
vn -0.78855400 -0.49040300 0.37106300
vn -0.75658100 -0.52104100 0.39509700
vn -0.75333300 -0.52163800 0.40047900
vn -0.75336400 -0.52160900 0.40045800
vn -0.80587700 -0.45379300 0.38030900
vn -0.82670100 -0.41624100 0.37856200
vn -0.88652600 -0.27550100 0.37171300
vn -0.85893900 -0.34517200 0.37825900
vn -0.84739300 -0.37151600 0.37934200
vn -0.82324700 -0.41851300 0.38355100
vn -0.81056200 -0.44152300 0.38476800
vn -0.81658800 -0.42983100 0.38526500
vn -0.80662200 -0.44875900 0.38467600
vn -0.87661400 -0.30327000 0.37359800
vn -0.91070400 -0.19510400 0.36407900
vn -0.92354800 -0.14107700 0.35659100
vn -0.93519300 -0.07253600 0.34663000
vn -0.93514700 -0.07637400 0.34592900
vn -0.93927300 -0.02980100 0.34187500
vn -0.93901800 -0.03671700 0.34190100
vn -0.93880600 -0.04719900 0.34119700
vn -0.93854300 -0.03067800 0.34379500
vn -0.94143900 -0.03685200 0.33516200
vn -0.94227400 -0.04098400 0.33232600
vn -0.94152400 -0.04774700 0.33354600
vn -0.93938900 -0.02313600 0.34207300
vn -0.93939200 -0.02343900 0.34204400
vn -0.93929200 -0.02592800 0.34213800
vn -0.93927000 -0.02611400 0.34218500
vn -0.93927000 -0.02979300 0.34188400
vn -0.91212800 -0.17975800 0.36838900
vn -0.93630200 -0.11725800 0.33104200
vn -0.92977000 -0.09633000 0.35531400
vn -0.93705600 -0.06015300 0.34395800
vn -0.93956500 -0.04806400 0.33897900
vn -0.91142700 -0.14445000 0.38527200
vn -0.89579000 -0.25491700 0.36411100
vn -0.87533900 -0.30788900 0.37280700
vn -0.86206900 -0.34498700 0.37124200
vn -0.84524000 -0.37460500 0.38110400
vn -0.82750600 -0.41214800 0.38127200
vn -0.93718000 -0.06166400 0.34335200
vn -0.94138800 -0.04863800 0.33380100
vn -0.93823900 -0.08488500 0.33541400
vn -0.94374500 -0.04164100 0.32804200
vn -0.94210300 -0.03613400 0.33337000
vn -0.93880300 -0.03084400 0.34307200
vn -0.93988400 -0.02444700 0.34061800
vn -0.94230900 -0.02112700 0.33407800
vn -0.90151500 -0.23320900 0.36453200
vn -0.92063800 -0.17324800 0.34987300
vn -0.93275000 -0.10950300 0.34349200
vn -0.83038800 -0.40589500 0.38171300
vn -0.85048100 -0.36714400 0.37667900
vn -0.86610300 -0.33055800 0.37496300
vn -0.87628900 -0.30190600 0.37546000
vn -0.89406400 -0.25188900 0.37040800
vn 0.93970000 -0.00169200 -0.34199500
vn 0.93974000 -0.00168700 -0.34188600
vn 0.93968600 -0.00169300 -0.34203500
vn 0.93968200 -0.00169200 -0.34204400
vn 0.93974000 -0.00168700 -0.34188600
vn 0.93968600 -0.00169100 -0.34203300
vn 0.93970000 -0.00169200 -0.34199500
vn 0.93969300 -0.00169100 -0.34201400
vn 0.93961600 -0.00155900 -0.34222800
vn 0.93969200 -0.00169100 -0.34201800
vn 0.93969300 -0.00169100 -0.34201400
vn 0.93974000 -0.00168700 -0.34188600
vn 0.93969000 -0.00169100 -0.34202200
vn 0.93969300 -0.00169100 -0.34201400
vn 0.93969200 -0.00169200 -0.34201700
vn 0.93969200 -0.00169100 -0.34201800
vn 0.93970300 -0.00185200 -0.34198800
vn 0.93968800 -0.00175200 -0.34202800
vn 0.93971200 -0.00165400 -0.34196300
vn 0.93968000 -0.00166200 -0.34205000
vn 0.93970700 -0.00183700 -0.34197500
vn 0.93971700 -0.00164100 -0.34195000
vn 0.93970300 -0.00185200 -0.34198800
vn 0.93975900 -0.00164700 -0.34183500
vn 0.93968000 -0.00166200 -0.34205000
vn 0.93970300 -0.00185200 -0.34198800
vn 0.93968800 -0.00175200 -0.34202800
vn 0.93965500 -0.00170300 -0.34212000
vn 0.93962200 -0.00174300 -0.34220800
vn 0.93971300 -0.00171500 -0.34196000
vn 0.93965500 -0.00170300 -0.34212000
vn 0.93969900 -0.00173400 -0.34199800
vn 0.93965500 -0.00170300 -0.34212000
vn 0.93971700 -0.00161900 -0.34195000
vn 0.93962200 -0.00174300 -0.34220800
vn 0.93968200 -0.00169200 -0.34204400
vn 0.93971300 -0.00171500 -0.34196000
vn 0.93971300 -0.00171500 -0.34196000
vn 0.93972300 -0.00173500 -0.34193200
vn 0.93969900 -0.00173400 -0.34199800
vn 0.93973900 -0.00171800 -0.34188800
vn 0.93972300 -0.00173500 -0.34193200
vn 0.93969900 -0.00173400 -0.34199800
vn 0.93973900 -0.00171800 -0.34188800
vn 0.93965600 -0.00170400 -0.34211700
vn 0.93972300 -0.00173500 -0.34193200
vn 0.93969500 -0.00182800 -0.34201000
vn 0.93968600 -0.00167700 -0.34203400
vn 0.93958900 -0.00174100 -0.34230100
vn 0.93965600 -0.00170400 -0.34211700
vn 0.93973900 -0.00171800 -0.34188800
vn 0.93970800 -0.00165100 -0.34197500
vn 0.93958900 -0.00174100 -0.34230100
vn 0.93965600 -0.00170400 -0.34211700
vn 0.93969500 -0.00182800 -0.34201000
vn 0.93968600 -0.00167700 -0.34203400
vn 0.93971600 -0.00173000 -0.34195000
vn 0.93970400 -0.00175200 -0.34198400
vn 0.93969200 -0.00176100 -0.34201600
vn 0.93970300 -0.00160700 -0.34198800
vn 0.93969500 -0.00182800 -0.34201000
vn 0.93970400 -0.00175200 -0.34198400
vn 0.93969400 -0.00166500 -0.34201300
vn 0.93968700 -0.00168200 -0.34203100
vn 0.93967400 -0.00169300 -0.34206700
vn 0.93967300 -0.00170400 -0.34206900
vn 0.93965300 -0.00169200 -0.34212400
vn 0.93969400 -0.00166500 -0.34201300
vn 0.93968300 -0.00171500 -0.34204100
vn 0.93968700 -0.00168200 -0.34203100
vn 0.93969400 -0.00167700 -0.34201200
vn 0.93967300 -0.00170400 -0.34206900
vn 0.93969400 -0.00166500 -0.34201300
vn 0.93968300 -0.00162200 -0.34204200
vn 0.93971600 -0.00173000 -0.34195000
vn 0.93970800 -0.00165100 -0.34197500
vn 0.93968600 -0.00167700 -0.34203400
vn 0.93970800 -0.00165100 -0.34197500
vn 0.93958900 -0.00174100 -0.34230100
vn 0.93967300 -0.00170400 -0.34206900
vn 0.93967400 -0.00169300 -0.34206700
vn 0.93966300 -0.00170000 -0.34209700
vn 0.93965300 -0.00169200 -0.34212400
vn 0.93967400 -0.00169300 -0.34206700
vn 0.93969200 -0.00169800 -0.34201900
vn 0.93966300 -0.00170000 -0.34209700
vn 0.93965300 -0.00169200 -0.34212400
vn 0.93966300 -0.00170000 -0.34209700
vn 0.93975900 -0.00164700 -0.34183500
vn 0.93969200 -0.00169800 -0.34201900
vn 0.93969200 -0.00169800 -0.34201900
vn 0.93975900 -0.00164700 -0.34183500
vn 0.93971700 -0.00164100 -0.34195000
vn 0.93968000 -0.00166200 -0.34205000
vn 0.93968300 -0.00162200 -0.34204200
vn 0.93971700 -0.00164100 -0.34195000
vn 0.93968300 -0.00162200 -0.34204200
vn 0.93971600 -0.00173000 -0.34195000
vn 0.93968200 -0.00169200 -0.34204400
vn 0.93968200 -0.00169200 -0.34204400
vn 0.93968200 -0.00169200 -0.34204400
vn 0.93971700 -0.00161900 -0.34195000
vn 0.93971700 -0.00161900 -0.34195000
vn 0.93962200 -0.00174300 -0.34220800
vn 0.93973800 -0.00171100 -0.34189200
vn 0.93974400 -0.00170500 -0.34187400
vn 0.93973800 -0.00171100 -0.34189200
vn 0.93969600 -0.00170100 -0.34200700
vn 0.93968700 -0.00169100 -0.34203000
vn 0.93964500 -0.00167300 -0.34214700
vn 0.93960000 -0.00163400 -0.34227100
vn 0.93968400 -0.00168300 -0.34203900
vn 0.93965700 -0.00166000 -0.34211400
vn 0.93973800 -0.00171100 -0.34189200
vn 0.93968000 -0.00167500 -0.34205200
vn 0.93974400 -0.00170500 -0.34187400
vn 0.93969600 -0.00170100 -0.34200700
vn 0.93969600 -0.00170100 -0.34200700
vn 0.93968400 -0.00168300 -0.34203900
vn 0.93965700 -0.00166000 -0.34211400
vn 0.93968400 -0.00168300 -0.34203900
vn 0.93965700 -0.00166000 -0.34211400
vn 0.93960000 -0.00163400 -0.34227100
vn 0.93960000 -0.00163400 -0.34227100
vn 0.93974600 -0.00168800 -0.34187000
vn 0.93968500 -0.00168500 -0.34203800
vn 0.93973000 -0.00168100 -0.34191500
vn 0.93967800 -0.00175900 -0.34205700
vn 0.93967800 -0.00168200 -0.34205600
vn 0.93968500 -0.00168500 -0.34203800
vn 0.93969200 -0.00169000 -0.34201700
vn 0.93968700 -0.00168200 -0.34203100
vn 0.93968500 -0.00172600 -0.34203800
vn 0.93969400 -0.00167700 -0.34201200
vn 0.93967800 -0.00175900 -0.34205700
vn 0.93968500 -0.00172600 -0.34203800
vn 0.93969000 -0.00169200 -0.34202400
vn 0.93968700 -0.00169800 -0.34203100
vn 0.93973100 -0.00159100 -0.34191100
vn 0.93968600 -0.00168300 -0.34203500
vn 0.93968500 -0.00172600 -0.34203800
vn 0.93967800 -0.00175900 -0.34205700
vn 0.93968300 -0.00171500 -0.34204100
vn 0.93975400 -0.00161500 -0.34184900
vn 0.93969200 -0.00169000 -0.34201700
vn 0.93969100 -0.00169400 -0.34202000
vn 0.93969400 -0.00167700 -0.34201200
vn 0.93968500 -0.00168500 -0.34203800
vn 0.93967800 -0.00168200 -0.34205600
vn 0.93968700 -0.00169800 -0.34203100
vn 0.93969200 -0.00169000 -0.34201700
vn 0.93967800 -0.00168200 -0.34205600
vn 0.93968700 -0.00169800 -0.34203100
vn 0.93975400 -0.00161500 -0.34184900
vn 0.93968600 -0.00168300 -0.34203500
vn 0.93975400 -0.00161500 -0.34184900
vn 0.93973100 -0.00159100 -0.34191100
vn 0.93968600 -0.00168300 -0.34203500
vn 0.93973100 -0.00159100 -0.34191100
vn 0.93969000 -0.00169200 -0.34202400
vn 0.93969000 -0.00173100 -0.34202300
vn 0.93969000 -0.00161800 -0.34202400
vn 0.93969100 -0.00169400 -0.34202000
vn 0.93968900 -0.00170500 -0.34202400
vn 0.93969000 -0.00173100 -0.34202300
vn 0.93969200 -0.00168900 -0.34201700
vn 0.93969000 -0.00169200 -0.34202400
vn 0.93969000 -0.00161800 -0.34202400
vn 0.93969000 -0.00173100 -0.34202300
vn 0.93968900 -0.00170500 -0.34202400
vn 0.93969000 -0.00161800 -0.34202400
vn 0.93971400 -0.00170200 -0.34195700
vn 0.93966900 -0.00165000 -0.34208000
vn 0.93969100 -0.00169000 -0.34202000
vn 0.93966400 -0.00171500 -0.34209500
vn 0.93966900 -0.00165000 -0.34208000
vn 0.93969100 -0.00169000 -0.34202000
vn 0.93971400 -0.00170200 -0.34195700
vn 0.93974800 -0.00176900 -0.34186400
vn 0.93969200 -0.00168900 -0.34201700
vn 0.93969000 -0.00169600 -0.34202300
vn 0.93965000 -0.00163500 -0.34213300
vn 0.93966900 -0.00165000 -0.34208000
vn 0.93968700 -0.00172400 -0.34203200
vn 0.93965000 -0.00163500 -0.34213300
vn 0.93971400 -0.00170200 -0.34195700
vn 0.93969100 -0.00169400 -0.34202000
vn 0.93968900 -0.00170500 -0.34202400
vn 0.93969200 -0.00168900 -0.34201700
vn 0.93969100 -0.00169400 -0.34202000
vn 0.93974800 -0.00176900 -0.34186300
vn 0.93974800 -0.00176900 -0.34186400
vn 0.93965000 -0.00163500 -0.34213300
vn 0.93967300 -0.00170300 -0.34207100
vn 0.93968700 -0.00171600 -0.34203100
vn 0.93968500 -0.00184000 -0.34203500
vn 0.93968200 -0.00161100 -0.34204500
vn 0.93969200 -0.00171600 -0.34201800
vn 0.93968200 -0.00162300 -0.34204600
vn 0.93969900 -0.00174100 -0.34199800
vn 0.93968700 -0.00171600 -0.34203100
vn 0.93969000 -0.00169000 -0.34202200
vn 0.93974000 -0.00169700 -0.34188700
vn 0.93965400 -0.00137000 -0.34212400
vn 0.93969900 -0.00174100 -0.34199800
vn 0.93965400 -0.00137000 -0.34212400
vn 0.93968200 -0.00162300 -0.34204600
vn 0.93969900 -0.00174100 -0.34199800
vn 0.93968200 -0.00161100 -0.34204500
vn 0.93968200 -0.00162300 -0.34204600
vn 0.93969100 -0.00169000 -0.34202000
vn 0.93969100 -0.00169000 -0.34202000
vn 0.93968200 -0.00161100 -0.34204500
vn 0.93971500 -0.00168900 -0.34195500
vn 0.93968800 -0.00169200 -0.34203000
vn 0.93969200 -0.00176100 -0.34201600
vn 0.93970400 -0.00175200 -0.34198400
vn 0.93972800 -0.00182400 -0.34191900
vn 0.93970300 -0.00160700 -0.34198800
vn 0.93969200 -0.00176100 -0.34201600
vn 0.93970300 -0.00160700 -0.34198800
vn 0.93972800 -0.00182400 -0.34191900
vn 0.93972000 -0.00169200 -0.34194100
vn 0.93971500 -0.00168900 -0.34195500
vn 0.93972000 -0.00169200 -0.34194100
vn 0.93972800 -0.00182400 -0.34191900
vn 0.93971500 -0.00168900 -0.34195500
vn 0.93968800 -0.00169200 -0.34203000
vn 0.93972000 -0.00169200 -0.34194100
vn 0.93969100 -0.00169000 -0.34202000
vn 0.93968800 -0.00169200 -0.34203000
vn 0.93966100 -0.00169200 -0.34210200
vn 0.93969500 -0.00170800 -0.34200900
vn 0.93969700 -0.00167200 -0.34200300
vn 0.93966100 -0.00169200 -0.34210200
vn 0.93967000 -0.00168800 -0.34207700
vn 0.93969500 -0.00170800 -0.34200900
vn 0.93966100 -0.00169200 -0.34210200
vn 0.93967900 -0.00169600 -0.34205500
vn 0.93968800 -0.00171300 -0.34202900
vn 0.93971200 -0.00190900 -0.34196300
vn 0.93967000 -0.00168800 -0.34207700
vn 0.93970200 -0.00167100 -0.34199100
vn 0.93969700 -0.00167200 -0.34200300
vn 0.93967000 -0.00168800 -0.34207700
vn 0.93970200 -0.00167100 -0.34199100
vn 0.93967400 -0.00170200 -0.34206600
vn 0.93969700 -0.00167200 -0.34200300
vn 0.93967400 -0.00170200 -0.34206600
vn 0.93970200 -0.00167100 -0.34199100
vn 0.93973200 -0.00171800 -0.34190600
vn 0.93970800 -0.00171100 -0.34197400
vn 0.93973200 -0.00171800 -0.34190600
vn 0.93967400 -0.00170200 -0.34206600
vn 0.93967400 -0.00172000 -0.34206600
vn 0.93959700 -0.00180400 -0.34227900
vn 0.93973200 -0.00171800 -0.34190600
vn 0.93959700 -0.00180400 -0.34227900
vn 0.93967300 -0.00172800 -0.34207000
vn 0.93967200 -0.00152200 -0.34207400
vn 0.93967800 -0.00164600 -0.34205700
vn 0.93969200 -0.00171600 -0.34201800
vn 0.93968800 -0.00171300 -0.34202900
vn 0.93971200 -0.00190900 -0.34196300
vn 0.93967200 -0.00152200 -0.34207400
vn 0.93971200 -0.00190900 -0.34196300
vn 0.93968800 -0.00171300 -0.34202900
vn 0.93967900 -0.00169600 -0.34205500
vn 0.93967900 -0.00169600 -0.34205500
vn 0.93969500 -0.00170800 -0.34201000
vn 0.93969200 -0.00171600 -0.34201800
vn 0.93967300 -0.00170300 -0.34207100
vn 0.93967300 -0.00170300 -0.34207100
vn 0.93974000 -0.00169700 -0.34188700
vn 0.93968700 -0.00171600 -0.34203100
vn 0.93982500 -0.00163800 -0.34165100
vn 0.93974000 -0.00169700 -0.34188700
vn 0.93969000 -0.00169000 -0.34202200
vn 0.93982500 -0.00163800 -0.34165100
vn 0.93968700 -0.00170000 -0.34203000
vn 0.93969000 -0.00169000 -0.34202200
vn 0.93982500 -0.00163800 -0.34165100
vn 0.93966500 -0.00170000 -0.34209200
vn 0.93968700 -0.00170000 -0.34203000
vn 0.93966500 -0.00170000 -0.34209200
vn 0.93966100 -0.00169800 -0.34210200
vn 0.93968700 -0.00170000 -0.34203000
vn 0.93980600 -0.00162100 -0.34170400
vn 0.93969300 -0.00170900 -0.34201500
vn 0.93968100 -0.00171200 -0.34204800
vn 0.93966100 -0.00169800 -0.34210200
vn 0.93966500 -0.00170000 -0.34209200
vn 0.93968600 -0.00174900 -0.34203400
vn 0.93966100 -0.00169800 -0.34210200
vn 0.93980600 -0.00162100 -0.34170400
vn 0.93968800 -0.00169500 -0.34202900
vn 0.93967300 -0.00166700 -0.34207100
vn 0.93967300 -0.00166700 -0.34207100
vn 0.93969100 -0.00169000 -0.34202000
vn 0.93966400 -0.00171500 -0.34209500
vn 0.93975100 -0.00165700 -0.34185600
vn 0.93969200 -0.00168900 -0.34201900
vn 0.93968800 -0.00169300 -0.34202900
vn 0.93968700 -0.00172400 -0.34203200
vn 0.93968800 -0.00169500 -0.34202900
vn 0.93968800 -0.00169300 -0.34202900
vn 0.93968800 -0.00169500 -0.34202900
vn 0.93968800 -0.00169300 -0.34202900
vn 0.93966400 -0.00171500 -0.34209500
vn 0.93969200 -0.00168900 -0.34201900
vn 0.93970800 -0.00151200 -0.34197500
vn 0.93975100 -0.00165700 -0.34185600
vn 0.93966700 -0.00189400 -0.34208500
vn 0.93966700 -0.00189400 -0.34208500
vn 0.93970000 -0.00161800 -0.34199600
vn 0.93970000 -0.00161800 -0.34199600
vn 0.93970800 -0.00151200 -0.34197500
vn 0.93969000 -0.00169500 -0.34202400
vn 0.93966700 -0.00189400 -0.34208500
vn 0.93969800 -0.00166200 -0.34200300
vn 0.93968400 -0.00170600 -0.34203900
vn 0.93969800 -0.00166200 -0.34200300
vn 0.93970000 -0.00161800 -0.34199600
vn 0.93968600 -0.00174900 -0.34203400
vn 0.93974400 -0.00142500 -0.34187500
vn 0.93969300 -0.00163400 -0.34201700
vn 0.93969300 -0.00170900 -0.34201500
vn 0.93969100 -0.00173100 -0.34201900
vn 0.93974400 -0.00142500 -0.34187500
vn 0.93968600 -0.00174900 -0.34203400
vn 0.93965600 -0.00187300 -0.34211500
vn 0.93968400 -0.00170600 -0.34203900
vn 0.93974400 -0.00142500 -0.34187500
vn 0.93965600 -0.00187300 -0.34211500
vn 0.93965600 -0.00187300 -0.34211500
vn 0.93968400 -0.00170600 -0.34203900
vn 0.93969000 -0.00169500 -0.34202400
vn 0.93969800 -0.00166200 -0.34200300
vn 0.93969000 -0.00169500 -0.34202400
vn 0.93968900 -0.00169800 -0.34202700
vn 0.93969300 -0.00163400 -0.34201700
vn 0.93969600 -0.00167100 -0.34200700
vn 0.93968900 -0.00169800 -0.34202700
vn 0.93969100 -0.00173100 -0.34201900
vn 0.93969300 -0.00163400 -0.34201700
vn 0.93968700 -0.00169100 -0.34203000
vn 0.93969300 -0.00170900 -0.34201500
vn 0.93951700 -0.00175700 -0.34249600
vn 0.93969100 -0.00173100 -0.34201900
vn 0.93980600 -0.00162100 -0.34170400
vn 0.93951700 -0.00175700 -0.34249600
vn 0.93968900 -0.00169800 -0.34202700
vn 0.93969600 -0.00167100 -0.34200700
vn 0.93969600 -0.00167100 -0.34200700
vn 0.93978400 -0.00181100 -0.34176400
vn 0.93968700 -0.00169100 -0.34203000
vn 0.93959300 -0.00168000 -0.34229000
vn 0.93974400 -0.00170500 -0.34187400
vn 0.93975100 -0.00165700 -0.34185600
vn 0.93967300 -0.00166700 -0.34207100
vn 0.93970800 -0.00151200 -0.34197500
vn 0.93969200 -0.00168900 -0.34201900
vn 0.93968800 -0.00169000 -0.34202900
vn 0.93969000 -0.00169100 -0.34202200
vn 0.93951800 -0.00175400 -0.34249500
vn 0.93967400 -0.00170000 -0.34206700
vn 0.93970400 -0.00166700 -0.34198600
vn 0.93969100 -0.00169700 -0.34202100
vn 0.93969100 -0.00169700 -0.34202100
vn 0.93986100 -0.00162400 -0.34155300
vn 0.93967400 -0.00172000 -0.34206600
vn 0.93969100 -0.00169700 -0.34202100
vn 0.93970400 -0.00166800 -0.34198600
vn 0.93970400 -0.00166800 -0.34198600
vn 0.93967400 -0.00170000 -0.34206700
vn 0.93967400 -0.00170000 -0.34206700
vn 0.93951800 -0.00175400 -0.34249500
vn 0.93969200 -0.00169200 -0.34201700
vn 0.93969000 -0.00169100 -0.34202200
vn 0.93951800 -0.00175400 -0.34249500
vn 0.93969200 -0.00169200 -0.34201700
vn 0.93969200 -0.00169100 -0.34201800
vn 0.93971300 -0.00152500 -0.34195900
vn 0.93963900 -0.00196900 -0.34216100
vn 0.93970000 -0.00162500 -0.34199500
vn 0.93971300 -0.00152500 -0.34195900
vn 0.93969900 -0.00150400 -0.34199900
vn 0.93978100 0.00036100 -0.34177800
vn 0.93977800 0.00031100 -0.34178500
vn 0.93977900 0.00033000 -0.34178400
vn 0.93978100 0.00038600 -0.34177800
vn 0.93978200 0.00041100 -0.34177500
vn 0.93978400 0.00044600 -0.34176900
vn 0.93977900 0.00033500 -0.34178200
vn 0.93978100 0.00041100 -0.34177600
vn 0.93977800 0.00032700 -0.34178400
vn 0.93978500 0.00047400 -0.34176600
vn 0.93968700 -0.00193800 -0.34202900
vn 0.93963900 -0.00196900 -0.34216100
vn 0.93969100 -0.00171500 -0.34202100
vn 0.93969400 -0.00168400 -0.34201300
vn 0.93969400 -0.00168400 -0.34201300
vn 0.93969200 -0.00175500 -0.34201800
vn 0.93969200 -0.00166800 -0.34201800
vn 0.93969400 -0.00168400 -0.34201300
vn 0.93969200 -0.00175500 -0.34201800
vn 0.93964800 -0.00248400 -0.34213300
vn 0.93969100 -0.00171500 -0.34202100
vn 0.93968700 -0.00193900 -0.34202900
vn 0.93968700 -0.00193800 -0.34202900
vn 0.93969200 -0.00175500 -0.34201800
vn 0.93961800 -0.00161600 -0.34222200
vn 0.93970600 -0.00159000 -0.34197800
vn 0.93966200 -0.00184800 -0.34210000
vn 0.93970600 -0.00159000 -0.34197800
vn 0.93969900 -0.00150400 -0.34199900
vn 0.93970800 -0.00178500 -0.34197200
vn 0.93970000 -0.00162500 -0.34199500
vn 0.93971300 -0.00185500 -0.34196000
vn 0.93969100 -0.00171400 -0.34201900
vn 0.93970800 -0.00178500 -0.34197200
vn 0.93969900 -0.00150400 -0.34199900
vn 0.93968600 -0.00170100 -0.34203500
vn 0.93968800 -0.00169600 -0.34202900
vn 0.93971200 -0.00164600 -0.34196300
vn 0.93966200 -0.00184800 -0.34210000
vn 0.93971200 -0.00164600 -0.34196300
vn 0.93968600 -0.00170600 -0.34203400
vn 0.93968000 -0.00159900 -0.34205200
vn 0.93968700 -0.00161900 -0.34203200
vn 0.93968000 -0.00159900 -0.34205200
vn 0.93968600 -0.00170600 -0.34203400
vn 0.93968000 -0.00159900 -0.34205200
vn 0.93971600 -0.00146400 -0.34195300
vn 0.93968700 -0.00161900 -0.34203200
vn 0.93969500 -0.00169800 -0.34200900
vn 0.93971600 -0.00146400 -0.34195300
vn 0.93968700 -0.00161900 -0.34203200
vn 0.93971600 -0.00146400 -0.34195300
vn 0.93969400 -0.00170000 -0.34201400
vn 0.93969500 -0.00169800 -0.34200900
vn 0.93969500 -0.00169800 -0.34200900
vn 0.93969400 -0.00170000 -0.34201400
vn 0.93969800 -0.00168700 -0.34200000
vn 0.93969400 -0.00170000 -0.34201400
vn 0.93969800 -0.00168700 -0.34200000
vn 0.93969300 -0.00168700 -0.34201600
vn 0.93969100 -0.00169700 -0.34202100
vn 0.93969800 -0.00168700 -0.34200000
vn 0.93969300 -0.00168700 -0.34201600
vn 0.93968800 -0.00169000 -0.34202900
vn 0.93969300 -0.00168700 -0.34201600
vn 0.93969100 -0.00169700 -0.34202100
vn 0.93969100 -0.00169700 -0.34202100
vn 0.93986100 -0.00162400 -0.34155300
vn 0.93968800 -0.00169000 -0.34202900
vn 0.93967400 -0.00172000 -0.34206600
vn 0.93986100 -0.00162400 -0.34155300
vn 0.93970800 -0.00171100 -0.34197400
vn 0.93970800 -0.00171100 -0.34197400
vn 0.93959700 -0.00180400 -0.34227900
vn 0.93968600 -0.00170100 -0.34203500
vn 0.93969700 -0.00175400 -0.34200300
vn 0.93970000 -0.00169100 -0.34199600
vn 0.93969100 -0.00171400 -0.34201900
vn 0.93968600 -0.00170100 -0.34203500
vn 0.93968800 -0.00169600 -0.34202900
vn 0.93968800 -0.00169600 -0.34202900
vn 0.93970800 -0.00178500 -0.34197200
vn 0.93969100 -0.00171400 -0.34201900
vn 0.93969700 -0.00175400 -0.34200300
vn 0.93969200 -0.00168900 -0.34201800
vn 0.93969700 -0.00175400 -0.34200300
vn 0.93970000 -0.00169100 -0.34199600
vn 0.93968900 -0.00168900 -0.34202500
vn 0.93970000 -0.00169100 -0.34199600
vn 0.93969200 -0.00168900 -0.34201800
vn 0.93969200 -0.00168900 -0.34201800
vn 0.93968700 -0.00168900 -0.34203100
vn 0.93968900 -0.00168900 -0.34202500
vn 0.93968800 -0.00181400 -0.34202700
vn 0.93968900 -0.00168900 -0.34202500
vn 0.93968700 -0.00168900 -0.34203100
vn 0.93968800 -0.00181400 -0.34202700
vn 0.93968700 -0.00168900 -0.34203100
vn 0.93967800 -0.00164600 -0.34205700
vn 0.93968800 -0.00181400 -0.34202700
vn 0.93967800 -0.00164600 -0.34205700
vn 0.93967300 -0.00172800 -0.34207000
vn 0.93967300 -0.00172800 -0.34207000
vn 0.93967200 -0.00152200 -0.34207400
vn 0.93969200 -0.00166800 -0.34201800
vn 0.93969000 -0.00169600 -0.34202300
vn 0.93969200 -0.00166800 -0.34201800
vn 0.93968700 -0.00172400 -0.34203200
vn 0.93969000 -0.00169600 -0.34202300
vn 0.93971600 -0.00212600 -0.34194800
vn 0.93970700 -0.00199700 -0.34197400
vn 0.93970100 -0.00182700 -0.34199100
vn 0.93970100 -0.00182700 -0.34199100
vn 0.93965800 -0.00199700 -0.34211000
vn 0.94030400 -0.01577400 -0.33996900
vn 0.93961300 -0.00191300 -0.34223300
vn 0.93962900 -0.00194600 -0.34219100
vn 0.93968200 -0.00220200 -0.34204200
vn 0.93981100 -0.00287000 -0.34168100
vn 0.94010600 -0.00452500 -0.34085100
vn 0.93988100 -0.00303500 -0.34148700
vn 0.93989200 -0.00308700 -0.34145800
vn 0.93964000 -0.00149000 -0.34216200
vn 0.93967500 -0.00158100 -0.34206600
vn 0.93977900 -0.00142300 -0.34178000
vn 0.93966100 -0.00165000 -0.34210200
vn 0.93961800 -0.00140700 -0.34222300
vn 0.93971000 -0.00175500 -0.34196900
vn 0.93971300 -0.00224800 -0.34195700
vn 0.93970900 -0.00185500 -0.34197000
vn 0.94032500 -0.02191700 -0.33957000
vn 0.93967800 -0.00196600 -0.34205400
vn 0.93969100 -0.00211500 -0.34201900
vn 0.93968600 -0.00169300 -0.34203500
vn 0.93968200 -0.00169200 -0.34204400
vn 0.93961600 -0.00155900 -0.34222800
vn 0.93970000 -0.00169200 -0.34199500
vn 0.93968600 -0.00169300 -0.34203500
vn 0.93968100 -0.00168900 -0.34204800
vn 0.93980100 -0.00174900 -0.34171700
vn 0.93968600 -0.00169100 -0.34203300
vn 0.93968200 -0.00169000 -0.34204500
vn 0.93968100 -0.00168900 -0.34204800
vn 0.93960000 -0.00163900 -0.34227100
vn 0.93961800 -0.00140700 -0.34222300
vn 0.93966100 -0.00165000 -0.34210200
vn 0.93965200 -0.00158400 -0.34212800
vn 0.93961800 -0.00140700 -0.34222300
vn 0.93966100 -0.00165000 -0.34210200
vn 0.93966400 -0.00168800 -0.34209400
vn 0.93965200 -0.00158400 -0.34212800
vn 0.93970300 -0.00169400 -0.34198900
vn 0.93965200 -0.00158400 -0.34212800
vn 0.93966400 -0.00168800 -0.34209400
vn 0.93970300 -0.00169400 -0.34198900
vn 0.93969800 -0.00169600 -0.34200000
vn 0.93966400 -0.00168800 -0.34209400
vn 0.93970300 -0.00169400 -0.34198900
vn 0.93969800 -0.00169600 -0.34200000
vn 0.93967900 -0.00169400 -0.34205200
vn 0.93967900 -0.00169400 -0.34205200
vn 0.93969800 -0.00169600 -0.34200000
vn 0.93968200 -0.00145500 -0.34204500
vn 0.93967900 -0.00169400 -0.34205200
vn 0.93971200 -0.00165400 -0.34196300
vn 0.93968200 -0.00145500 -0.34204500
vn 0.93968200 -0.00145500 -0.34204500
vn 0.93970700 -0.00183700 -0.34197500
vn 0.93971200 -0.00165400 -0.34196300
vn 0.93968800 -0.00175200 -0.34202800
vn 0.93970700 -0.00183700 -0.34197500
vn 0.93970600 -0.00182100 -0.34197900
vn 0.93971300 -0.00413300 -0.34193800
vn 0.93971300 -0.00419600 -0.34193700
vn 0.93970800 -0.00408500 -0.34195500
vn 0.93970800 -0.00414800 -0.34195200
vn 0.93970800 -0.00407400 -0.34195500
vn 0.93969200 -0.00169200 -0.34201700
vn 0.93969100 -0.00167800 -0.34202000
vn 0.93969000 -0.00159400 -0.34202300
vn 0.93969100 -0.00169400 -0.34202000
vn 0.93969100 -0.00167800 -0.34202000
vn 0.93969200 -0.00169200 -0.34201700
vn 0.93968300 -0.00171500 -0.34204100
vn 0.93969100 -0.00169400 -0.34202000
vn 0.93969200 -0.00169200 -0.34201700
vn 0.93713500 -0.13415400 -0.32215100
vn 0.93543500 -0.15283600 -0.31875200
vn 0.91824000 -0.26201400 -0.29695700
vn 0.92259700 -0.24058600 -0.30155300
vn 0.63789300 -0.76208700 -0.11097200
vn 0.75766400 -0.62735900 -0.17990900
vn 0.68343600 -0.71730400 -0.13560900
vn 0.89418000 -0.35459600 -0.27332100
vn 0.87520100 -0.40943600 -0.25765200
vn 0.84682000 -0.47572500 -0.23786900
vn 0.82154400 -0.52575800 -0.22055400
vn 0.75945600 -0.62515600 -0.18002000
vn -0.28360000 -0.91312000 0.29288600
vn -0.31486800 -0.89900000 0.30439800
vn -0.32741200 -0.89267000 0.30974400
vn -0.37421200 -0.86926900 0.32301300
vn -0.39603800 -0.85735800 0.32877100
vn -0.47909900 -0.80648400 0.34647900
vn -0.73994200 -0.55335400 0.38247200
vn -0.71752400 -0.58335100 0.38060500
vn -0.66419700 -0.64598600 0.37622300
vn -0.62339800 -0.68866800 0.37028600
vn -0.58134600 -0.72720600 0.36497600
vn -0.54882000 -0.75482200 0.35922300
vn -0.46302500 -0.81698400 0.34372300
vn 0.02257300 -0.98408100 0.17628100
vn -0.08432900 -0.97222800 0.21831300
vn -0.10106400 -0.96894700 0.22567400
vn -0.16692000 -0.95351400 0.25089700
vn -0.19303400 -0.94587900 0.26086500
vn -0.20757100 -0.94119900 0.26656700
vn -0.23651700 -0.93125400 0.27717500
vn -0.25256800 -0.92535800 0.28270400
vn -0.28511200 -0.91238100 0.29372200
vn 0.63257700 -0.76698000 -0.10764600
vn 0.58567800 -0.80637400 -0.08211600
vn 0.54932300 -0.83318600 -0.06360600
vn 0.49194100 -0.86994800 -0.03440700
vn 0.44172800 -0.89709000 -0.01029300
vn 0.38093700 -0.92440100 0.01923500
vn 0.33902700 -0.93998700 0.03852800
vn 0.27571900 -0.95882700 0.06804800
vn 0.22121500 -0.97088800 0.09186600
vn 0.15536000 -0.98045600 0.12070400
vn 0.11119700 -0.98399300 0.13925800
vn 0.00721500 -0.98302000 0.18335700
vn -0.36107200 0.87629600 0.31895600
vn -0.39358100 0.85880800 0.32793800
vn -0.46092000 0.81884400 0.34212100
vn -0.48781100 0.80068200 0.34777600
vn -0.55359700 0.75129300 0.35929000
vn -0.65403500 0.65870100 0.37195600
vn 0.16797200 0.97894300 0.11600100
vn 0.26866900 0.96057600 0.07148600
vn 0.26017100 0.96261700 0.07536400
vn -0.05390700 0.97679700 0.20727000
vn -0.10932100 0.96732900 0.22874400
vn -0.16414500 0.95406200 0.25064300
vn -0.18638100 0.94766400 0.25922000
vn -0.21107200 0.94003300 0.26793000
vn -0.22675600 0.93499800 0.27269100
vn -0.25038200 0.92648600 0.28095100
vn -0.27719900 0.91544200 0.29176600
vn -0.29227500 0.90960900 0.29527400
vn 0.83835300 0.49307500 -0.23246700
vn 0.87444300 0.41149900 -0.25694000
vn 0.89949700 0.33708600 -0.27798900
vn 0.91048000 0.29654800 -0.28824500
vn 0.92634000 0.22015400 -0.30565800
vn 0.93439000 0.16437000 -0.31606600
vn 0.94023400 0.08592400 -0.32950900
vn 0.94094800 0.04191300 -0.33594700
vn 0.36130800 0.93201200 0.02846000
vn 0.39925500 0.91677500 0.01091800
vn 0.46210600 0.88660500 -0.01974100
vn 0.50994700 0.85912800 -0.04304100
vn 0.56905300 0.81901400 -0.07344700
vn 0.60392100 0.79178900 -0.09137600
vn 0.65516500 0.74594100 -0.11971200
vn 0.68864400 0.71173400 -0.13858200
vn 0.75658800 0.62915600 -0.17814900
vn 0.78052600 0.59390300 -0.19508500
vn 0.81305500 0.54009700 -0.21734100
vn -0.31886500 0.89723400 0.30544400
vn -0.31830300 0.89662600 0.30780700
vn -0.32702300 0.89208900 0.31182300
vn 0.33936500 -0.08704900 0.93661800
vn 0.34190800 -0.02116000 0.93949500
vn 0.34201900 -0.00000100 0.93969300
vn 0.34081800 0.08825000 0.93597800
vn 0.34083100 0.08840600 0.93595900
vn 0.33883600 -0.13175600 0.93157400
vn 0.34117500 -0.06594100 0.93768400
vn 0.34202200 0.00000000 0.93969200
vn 0.34082800 0.08821500 0.93597800
vn 0.34083400 0.08824800 0.93597200
vn 0.34203600 0.00001200 0.93968700
vn 0.34194700 -0.00003400 0.93971900
vn 0.34207800 0.00003600 0.93967100
vn 0.34194700 -0.00003400 0.93971900
vn 0.34194700 -0.00003400 0.93971900
vn 0.34207800 0.00003600 0.93967100
vn 0.34203600 0.00001200 0.93968700
vn 0.34202500 0.00000000 0.93969100
vn 0.34207800 0.00003600 0.93967100
vn 0.34202400 0.00000000 0.93969100
vn 0.34202400 0.00000000 0.93969100
vn 0.34082600 0.08829100 0.93597100
vn 0.34082700 0.08828000 0.93597200
vn 0.34203600 0.00001200 0.93968700
vn 0.34202600 0.00000000 0.93969000
vn 0.34053500 -0.08828000 0.93607800
vn 0.34056500 -0.08812800 0.93608200
vn -0.33946400 0.11756600 -0.93324300
vn -0.34133700 0.05878800 -0.93810100
vn -0.34123300 -0.07270800 -0.93716200
vn -0.33862100 -0.14537100 -0.92962500
vn -0.34055100 0.08817100 -0.93608300
vn -0.34193500 0.00001600 -0.93972400
vn -0.34162100 0.04407600 -0.93880400
vn -0.34198800 0.00000800 -0.93970400
vn -0.34214700 -0.00001200 -0.93964600
vn -0.33984600 -0.11759000 -0.93310100
vn -0.34151900 -0.05885700 -0.93803000
vn -0.34201600 -0.00000000 -0.93969400
vn -0.34199100 0.00000100 -0.93970300
vn -0.33945300 0.11758800 -0.93324400
vn -0.34133600 0.05879100 -0.93810100
vn -0.34200900 -0.00000100 -0.93969700
vn -0.34196000 -0.02115300 -0.93947600
vn -0.34206200 -0.09382800 -0.93498100
vn -0.34054500 0.08832900 -0.93607000
vn -0.34197700 0.00000500 -0.93970800
vn -0.34150900 0.05040900 -0.93852600
vn -0.34150100 0.05043800 -0.93852700
vn -0.34199500 0.00000400 -0.93970200
vn -0.33984500 -0.11760800 -0.93309900
vn -0.34152200 -0.05882100 -0.93803100
vn -0.34204300 -0.00000100 -0.93968400
vn -0.34212900 -0.00000900 -0.93965300
vn 0.91209500 0.32022900 -0.25600000
vn 0.87637800 0.38438600 -0.29018800
vn 0.87437400 0.38753600 -0.29203800
vn 0.92831400 0.20579800 -0.30964700
vn 0.85994400 0.41327200 -0.29950400
vn 0.85107100 0.42909600 -0.30258100
vn 0.84260800 0.44415000 -0.30453700
vn 0.84297200 0.43167500 -0.32102200
vn 0.85408600 0.41024000 -0.31975000
vn 0.86451800 0.38767200 -0.31987400
vn 0.87921700 0.35244700 -0.32056000
vn 0.92686700 0.17741000 -0.33082200
vn 0.91105300 0.26559600 -0.31534200
vn 0.90103500 0.29099700 -0.32164500
vn 0.88994400 0.32300600 -0.32197300
vn 0.88778900 0.33198200 -0.31877700
vn 0.85565300 0.40481700 -0.32246000
vn 0.84890100 0.41100300 -0.33232900
vn 0.85327000 0.42005700 -0.30900200
vn 0.80591600 0.52068500 -0.28175500
vn 0.37624000 0.87763700 -0.29697900
vn 0.37624000 0.87763700 -0.29697900
vn 0.37624000 0.87763700 -0.29697900
vn 0.83692700 0.45395000 -0.30575000
vn 0.85851600 0.37217400 -0.35275600
vn 0.86952400 0.33431700 -0.36353900
vn 0.91166700 0.21685000 -0.34905500
vn 0.90160300 0.26758900 -0.33986600
vn 0.92329800 0.18597400 -0.33605700
vn 0.93678200 0.07860000 -0.34097100
vn 0.93789900 0.06168300 -0.34138000
vn 0.93903600 0.03718700 -0.34180100
vn 0.93903500 0.03718700 -0.34180300
vn 0.93953200 0.01770900 -0.34200300
vn 0.93952800 0.01782000 -0.34200700
vn 0.93953300 0.01805600 -0.34198100
vn 0.93952800 0.01777100 -0.34200900
vn 0.93953300 0.01797200 -0.34198600
vn 0.93953000 0.01772900 -0.34200600
vn 0.93953900 0.01896000 -0.34191700
vn 0.93951600 0.01920300 -0.34196700
vn 0.93951200 0.01923700 -0.34197400
vn 0.93948700 0.01952200 -0.34202800
vn 0.93951500 0.01905700 -0.34197700
vn 0.93946200 0.01951100 -0.34209800
vn 0.93946400 0.01990400 -0.34206900
vn 0.93950400 0.02007100 -0.34194900
vn 0.93951800 0.02011200 -0.34190900
vn 0.93950000 0.02011800 -0.34195700
vn 0.93950400 0.02005400 -0.34194900
vn 0.94001400 0.02325400 -0.34034300
vn 0.93997200 0.02316800 -0.34046400
vn 0.93966100 0.02154500 -0.34142900
vn 0.93953600 0.02176400 -0.34175800
vn 0.93992300 0.02279800 -0.34062300
vn 0.93986800 0.02263000 -0.34078800
vn 0.93988800 0.02268300 -0.34072900
vn 0.93966500 0.02094500 -0.34145500
vn 0.93963600 0.02122400 -0.34151800
vn 0.93962700 0.02093600 -0.34155800
vn 0.93946200 0.02088200 -0.34201700
vn 0.93870100 0.02083600 -0.34410300
vn 0.93894600 0.02087700 -0.34343000
vn 0.92029900 0.01422400 -0.39095700
vn 0.93931700 0.02090800 -0.34241200
vn 0.93933900 0.02089000 -0.34235400
vn 0.93943200 0.02091800 -0.34209600
vn 0.93932600 0.02088800 -0.34238800
vn 0.93953100 0.02092900 -0.34182500
vn 0.93944700 0.02089100 -0.34205700
vn 0.93943200 0.02091800 -0.34209600
vn 0.93953100 0.02092900 -0.34182500
vn 0.93944700 0.02089100 -0.34205700
vn 0.93962400 0.02091400 -0.34156900
vn 0.93953100 0.02092900 -0.34182500
vn 0.93962400 0.02091400 -0.34156900
vn 0.93962700 0.02093600 -0.34155800
vn 0.93956100 0.02090800 -0.34174200
vn 0.93962400 0.02091400 -0.34156900
vn 0.93966500 0.02092300 -0.34145600
vn 0.93982400 0.02089300 -0.34101900
vn 0.93956000 0.02036800 -0.34177700
vn 0.93957700 0.02043600 -0.34172600
vn 0.93955800 0.02024800 -0.34179200
vn 0.93953300 0.01890400 -0.34193700
vn 0.93952400 0.01892100 -0.34195900
vn 0.93752200 0.02691500 -0.34688400
vn 0.93672700 0.02659200 -0.34904900
vn 0.92053900 0.02256700 -0.38999800
vn 0.92051800 0.02255500 -0.39004900
vn 0.93552100 0.02614000 -0.35230300
vn 0.93322200 0.02533300 -0.35840700
vn 0.90267900 0.02648400 -0.42950000
vn 0.92038000 0.01134700 -0.39085900
vn 0.90171000 0.02296200 -0.43173200
vn 0.93949800 0.01909800 -0.34202300
vn 0.93946200 0.01951100 -0.34209800
vn 0.93949000 0.01900200 -0.34204800
vn 0.93949800 0.01909800 -0.34202300
vn 0.93954100 0.01830600 -0.34194800
vn 0.93949000 0.01900200 -0.34204800
vn 0.93952900 0.01860600 -0.34196300
vn 0.93954100 0.01830600 -0.34194800
vn 0.93961000 0.01317500 -0.34199300
vn 0.93967600 0.00319700 -0.34205000
vn 0.93967600 0.00319700 -0.34205200
vn 0.93963700 -0.01033600 -0.34201600
vn 0.93892300 0.02007700 -0.34354200
vn 0.93886200 0.01998600 -0.34371200
vn 0.93928800 0.02047600 -0.34251900
vn 0.93901800 0.02026800 -0.34326900
vn 0.93994500 0.02076400 -0.34069500
vn 0.93996900 0.02077800 -0.34062600
vn 0.93996200 0.02077600 -0.34064500
vn 0.93998700 0.02079300 -0.34057600
vn 0.93997100 0.02077400 -0.34062200
vn 0.93999500 0.02078900 -0.34055300
vn 0.93928800 0.02047600 -0.34251900
vn 0.93937500 0.02054500 -0.34227500
vn 0.94093500 0.02284500 -0.33781600
vn 0.94095600 0.02287100 -0.33775500
vn 0.93966300 0.02158000 -0.34142000
vn 0.93966300 0.02162200 -0.34141700
vn 0.93965100 0.02160700 -0.34145200
vn 0.93965900 0.02161900 -0.34142800
vn 0.93965400 0.02160500 -0.34144400
vn 0.93797000 0.01891900 -0.34620000
vn 0.93934000 0.02758900 -0.34187700
vn 0.93933900 0.02742800 -0.34189100
vn 0.93941400 0.02439700 -0.34191600
vn 0.93941400 0.02437800 -0.34191600
vn 0.93941600 0.02428600 -0.34191700
vn 0.93941400 0.02439500 -0.34191600
vn 0.93941800 0.02421700 -0.34191800
vn 0.93945700 0.02263500 -0.34191900
vn 0.93942700 0.02323200 -0.34195900
vn 0.93986900 0.02216100 -0.34081600
vn 0.93989300 0.02223900 -0.34074300
vn 0.93982500 0.02205700 -0.34094300
vn 0.93994700 0.02223000 -0.34059700
vn 0.93989600 0.02222400 -0.34073700
vn 0.93974200 0.02196000 -0.34117900
vn 0.93972400 0.02192000 -0.34123100
vn 0.93953700 0.02215500 -0.34173100
vn 0.93954100 0.02223000 -0.34171400
vn 0.93957200 0.02199600 -0.34164500
vn 0.93955100 0.02222400 -0.34168800
vn 0.93942700 0.02323200 -0.34195900
vn 0.93943100 0.02334000 -0.34194300
vn 0.94183900 0.01371200 -0.33578500
vn 0.94254400 0.01404300 -0.33378700
vn 0.95141600 0.01631000 -0.30747500
vn 0.95140100 0.01627700 -0.30752300
vn 0.94382900 0.01463600 -0.33011100
vn 0.94618200 0.01570600 -0.32325300
vn 0.95228500 0.01819000 -0.30466900
vn 0.94547800 0.03144600 -0.32416300
vn 0.94736600 0.02426600 -0.31923200
vn 0.92619500 0.16890400 -0.33709700
vn 0.93678900 0.07859800 -0.34095400
vn 0.93790600 0.06168200 -0.34136100
vn 0.93895800 0.03961900 -0.34174300
vn 0.89900400 0.01043800 -0.43781500
vn 0.93646100 0.02009200 -0.35019400
vn 0.93904800 0.03718300 -0.34176900
vn 0.93790500 0.06163500 -0.34137200
vn 0.93678600 0.07860400 -0.34095800
vn 0.91540200 0.22593800 -0.33315400
vn 0.85584000 -0.37393100 -0.35737100
vn 0.85548500 -0.38877100 -0.34205800
vn 0.84421700 -0.41706700 -0.33667800
vn 0.85296500 -0.41160700 -0.32098400
vn 0.85082200 -0.42567800 -0.30805800
vn 0.87765200 -0.35689800 -0.31992200
vn 0.88677900 -0.33562000 -0.31777700
vn 0.88874100 -0.32686000 -0.32140500
vn 0.89280500 -0.31443900 -0.32253300
vn 0.90412100 -0.27841700 -0.32411300
vn 0.92268100 -0.19316400 -0.33368700
vn 0.85898700 -0.40000800 -0.31958400
vn 0.85696300 -0.40495300 -0.31879100
vn 0.84421900 -0.42974800 -0.32033000
vn 0.83858400 -0.45211000 -0.30393000
vn 0.84655100 -0.43849900 -0.30177900
vn 0.86813200 -0.40239200 -0.29056500
vn 0.86134400 -0.41275200 -0.29618100
vn 0.87867000 -0.38305100 -0.28497400
vn 0.89285800 -0.34066800 -0.29453200
vn 0.91976600 -0.22219700 -0.32351100
vn 0.92353300 -0.18471100 -0.33610900
vn 0.93550300 -0.09431200 -0.34049800
vn 0.93705700 -0.07480400 -0.34106800
vn 0.93833100 -0.05382200 -0.34152300
vn 0.93832900 -0.05386300 -0.34152300
vn 0.93839800 -0.05247500 -0.34154800
vn 0.93839200 -0.05257700 -0.34154900
vn 0.93840100 -0.05242900 -0.34154800
vn 0.93852600 -0.04973800 -0.34160600
vn 0.93853100 -0.04969800 -0.34159800
vn 0.93853100 -0.04970000 -0.34159800
vn 0.93859500 -0.04826400 -0.34162900
vn 0.93860000 -0.04820500 -0.34162400
vn 0.93889500 -0.04117500 -0.34173100
vn 0.93889600 -0.04117500 -0.34172900
vn 0.93964000 -0.02300900 -0.34139000
vn 0.93966200 -0.02290500 -0.34133800
vn 0.93965100 -0.02292900 -0.34136500
vn 0.93964900 -0.02295300 -0.34136800
vn 0.93960300 -0.02287600 -0.34150100
vn 0.93962500 -0.02286700 -0.34144000
vn 0.93965500 -0.02292000 -0.34135600
vn 0.93948300 -0.02381600 -0.34176800
vn 0.93950800 -0.02377400 -0.34170000
vn 0.93950500 -0.02379100 -0.34170900
vn 0.93951700 -0.02370600 -0.34168000
vn 0.93948400 -0.02380300 -0.34176600
vn 0.93948500 -0.02387000 -0.34175700
vn 0.93951100 -0.02374500 -0.34169400
vn 0.94010500 -0.02170200 -0.34019400
vn 0.94003300 -0.02169100 -0.34039400
vn 0.93953300 -0.02389000 -0.34162400
vn 0.93963300 -0.02350300 -0.34137600
vn 0.93939300 -0.02435600 -0.34197700
vn 0.93953300 -0.02389000 -0.34162400
vn 0.93948100 -0.02403500 -0.34175800
vn 0.93937000 -0.02424800 -0.34204600
vn 0.93939700 -0.02436800 -0.34196300
vn 0.93948100 -0.02403500 -0.34175800
vn 0.93908600 -0.02550100 -0.34273500
vn 0.93909300 -0.02549500 -0.34271500
vn 0.93904600 -0.02566000 -0.34283300
vn 0.93915700 -0.02519400 -0.34256300
vn 0.93909400 -0.02562800 -0.34270400
vn 0.93925000 -0.02495500 -0.34232400
vn 0.93928400 -0.02475700 -0.34224800
vn 0.93872400 -0.02686800 -0.34362000
vn 0.93870600 -0.02692300 -0.34366700
vn 0.93946300 -0.02215900 -0.34193200
vn 0.93947400 -0.02224500 -0.34189700
vn 0.93948600 -0.02109500 -0.34193700
vn 0.93948900 -0.02091300 -0.34194000
vn 0.93948800 -0.02098700 -0.34193900
vn 0.93948500 -0.02111600 -0.34193800
vn 0.93948600 -0.02107600 -0.34193900
vn 0.93946100 -0.02246200 -0.34192000
vn 0.93945900 -0.02194200 -0.34195700
vn 0.93947400 -0.02224500 -0.34189700
vn 0.93948500 -0.02230000 -0.34186300
vn 0.93945000 -0.02272900 -0.34193100
vn 0.93945200 -0.02245900 -0.34194400
vn 0.93945900 -0.02194200 -0.34195700
vn 0.93945900 -0.02194200 -0.34195700
vn 0.93945000 -0.02272900 -0.34193100
vn 0.93927900 -0.02391300 -0.34231900
vn 0.93924000 -0.02374100 -0.34244000
vn 0.93919500 -0.02388000 -0.34255300
vn 0.93891700 -0.02477500 -0.34325200
vn 0.93889700 -0.02478500 -0.34330600
vn 0.93907000 -0.02457100 -0.34284700
vn 0.93916600 -0.02448000 -0.34259000
vn 0.93938900 -0.02440400 -0.34198400
vn 0.93907000 -0.02457100 -0.34284700
vn 0.93955200 -0.02432400 -0.34154000
vn 0.93949200 -0.02436500 -0.34170300
vn 0.93965900 -0.02425100 -0.34125200
vn 0.93991600 -0.02404300 -0.34056000
vn 0.93995000 -0.02421700 -0.34045100
vn 0.96153700 -0.01698800 -0.27415000
vn 0.94239100 -0.03214800 -0.33296400
vn 0.95655800 -0.02713200 -0.29027800
vn 0.94397600 -0.03148700 -0.32850900
vn 0.94664000 -0.03039300 -0.32085600
vn 0.95031400 -0.02738700 -0.31008500
vn 0.94448600 -0.01546000 -0.32818600
vn 0.94468700 -0.02061700 -0.32732500
vn 0.94011400 -0.02334000 -0.34005900
vn 0.93994500 -0.02350600 -0.34051500
vn 0.93960300 -0.02388700 -0.34143200
vn 0.93966200 -0.02380300 -0.34127500
vn 0.93889800 -0.02421100 -0.34334200
vn 0.93896900 -0.02415400 -0.34315200
vn 0.93892200 -0.02417100 -0.34327900
vn 0.93895900 -0.02415000 -0.34318100
vn 0.93893100 -0.02417000 -0.34325700
vn 0.93892800 -0.02416800 -0.34326400
vn 0.93957600 -0.02390900 -0.34150300
vn 0.93960300 -0.02388700 -0.34143200
vn 0.93786100 -0.02623700 -0.34601900
vn 0.93787900 -0.02621000 -0.34597200
vn 0.93923200 -0.02497300 -0.34237300
vn 0.93923600 -0.02497300 -0.34236300
vn 0.93920400 -0.02499300 -0.34244800
vn 0.93927300 -0.02484800 -0.34226900
vn 0.93923000 -0.02497800 -0.34238000
vn 0.94093800 -0.02235900 -0.33784000
vn 0.93919800 -0.03252900 -0.34183000
vn 0.93931700 -0.02821800 -0.34188700
vn 0.93931700 -0.02824800 -0.34188500
vn 0.93931800 -0.02824600 -0.34188400
vn 0.93932000 -0.02818100 -0.34188300
vn 0.93936200 -0.02650900 -0.34190100
vn 0.93936600 -0.02628500 -0.34190900
vn 0.93894100 -0.02574600 -0.34311300
vn 0.93892900 -0.02573500 -0.34314800
vn 0.93897200 -0.02563100 -0.34303700
vn 0.93892800 -0.02573500 -0.34315100
vn 0.93897400 -0.02563300 -0.34303100
vn 0.93916400 -0.02521400 -0.34254200
vn 0.93915700 -0.02519400 -0.34256300
vn 0.93927100 -0.02555500 -0.34222200
vn 0.93930400 -0.02554900 -0.34213400
vn 0.93931000 -0.02557700 -0.34211400
vn 0.93930700 -0.02559900 -0.34212000
vn 0.93936200 -0.02650900 -0.34190100
vn 0.93933600 -0.02606400 -0.34200800
vn 0.93788200 -0.01926300 -0.34641800
vn 0.93742300 -0.01947700 -0.34764800
vn 0.92870500 -0.02123300 -0.37021100
vn 0.92868200 -0.02124500 -0.37026800
vn 0.93615300 -0.02001700 -0.35102200
vn 0.93413200 -0.02080200 -0.35632200
vn 0.88235200 -0.01521700 -0.47034300
vn 0.90880000 -0.03087900 -0.41608700
vn 0.86914300 -0.01609400 -0.49429800
vn 0.92039800 -0.20162300 -0.33498700
vn 0.93550800 -0.09430500 -0.34048600
vn 0.93706100 -0.07483200 -0.34105300
vn 0.93834000 -0.05377000 -0.34150800
vn 0.93832600 -0.05391100 -0.34152400
vn 0.93839800 -0.05256700 -0.34153400
vn 0.93840200 -0.05238200 -0.34155100
vn 0.93840200 -0.05238100 -0.34155200
vn 0.93852700 -0.04979700 -0.34159600
vn 0.93853800 -0.04968000 -0.34158300
vn 0.93852700 -0.04979600 -0.34159600
vn 0.93860000 -0.04819900 -0.34162400
vn 0.93860400 -0.04826400 -0.34160400
vn 0.93882800 -0.04299000 -0.34169200
vn 0.97289500 -0.01309400 -0.23087700
vn 0.94252200 -0.02343300 -0.33332000
vn 0.93889800 -0.04117600 -0.34172500
vn 0.93860300 -0.04821500 -0.34161300
vn 0.93860100 -0.04815600 -0.34162700
vn 0.93853200 -0.04965200 -0.34160200
vn 0.93852500 -0.04979600 -0.34160000
vn 0.93853100 -0.04968800 -0.34160100
vn 0.93840600 -0.05228600 -0.34155700
vn 0.93839500 -0.05256700 -0.34154200
vn 0.93839700 -0.05247600 -0.34155200
vn 0.93832500 -0.05391000 -0.34152600
vn 0.93833100 -0.05377000 -0.34153100
vn 0.93705700 -0.07479400 -0.34107300
vn 0.93549800 -0.09430800 -0.34051300
vn 0.92740100 -0.16112200 -0.33759000
vn 0.90679500 -0.24677500 -0.34179700
vn 0.87489700 -0.31396200 -0.36875900
vn 0.85250700 -0.34149000 -0.39574900
vn 0.93967200 0.00319700 -0.34206200
vn 0.93965700 -0.00837700 -0.34201500
vn 0.92151300 -0.02775500 -0.38735500
vn 0.92140200 -0.03031500 -0.38742700
vn 0.93925400 -0.02412800 -0.34237300
vn 0.93957600 -0.02390900 -0.34150300
vn 0.93946300 -0.02215900 -0.34193200
vn 0.93946600 -0.02236200 -0.34191300
vn 0.93953400 -0.01838400 -0.34196200
vn 0.93954300 -0.01825400 -0.34194400
vn 0.93963700 -0.01033500 -0.34201700
vn 0.93964700 -0.01033600 -0.34199000
vn 0.93969400 0.00071000 -0.34201400
vn 0.96056100 0.02605700 -0.27684700
vn 0.96047200 0.02945200 -0.27681400
vn 0.93960700 0.02072000 -0.34162700
vn 0.93943400 0.02050600 -0.34211500
vn 0.72119600 0.64107600 -0.26248500
vn 0.73027700 0.63410300 -0.25418400
vn 0.65290700 0.72297400 -0.22587700
vn 0.64350500 -0.73355700 -0.21862400
vn 0.77755400 -0.57147900 -0.26233800
vn 0.78462300 -0.55807500 -0.27003500
vn 0.83687900 -0.44333800 -0.32106900
vn 0.56566300 -0.76003500 -0.31995600
vn 0.56566300 -0.76003500 -0.31995600
vn 0.56566300 -0.76003500 -0.31995600
vn 0.71692100 -0.64647900 -0.26093900
vn 0.71685400 -0.64655800 -0.26092700
vn 0.64157300 0.73065700 -0.23350400
vn 0.50448200 0.84367400 -0.18361200
vn 0.45099000 0.87730600 -0.16414100
vn 0.38158400 0.91384100 -0.13888200
vn 0.36736900 0.92041400 -0.13370600
vn 0.32996800 0.93632200 -0.12009100
vn 0.30675400 0.94521900 -0.11164100
vn 0.23166800 0.96913400 -0.08431500
vn 0.17917800 0.98165300 -0.06521000
vn 0.02675800 0.99959500 -0.00973800
vn -0.07408600 0.99688700 0.02696600
vn -0.25741900 0.96174600 0.09369800
vn -0.34026300 0.93213800 0.12385000
vn -0.49544900 0.84971200 0.18033000
vn -0.56768200 0.79689700 0.20662000
vn -0.70565400 0.66035900 0.25686200
vn -0.76926400 0.57430600 0.28000900
vn -0.86628200 0.38748200 0.31529800
vn -0.90010600 0.28721200 0.32759500
vn -0.93240900 0.12431500 0.33935200
vn -0.93782300 0.06315200 0.34132000
vn -0.93970000 0.00169100 0.34199500
vn -0.93969900 0.00196300 0.34199700
vn -0.93970000 0.00196300 0.34199600
vn -0.93969100 0.00168900 0.34202100
vn -0.93970000 0.00169100 0.34199500
vn -0.93969100 0.00168900 0.34202100
vn -0.93970000 0.00169100 0.34199500
vn -0.93969400 0.00169100 0.34201300
vn -0.93969100 0.00168900 0.34202100
vn -0.93969400 0.00169100 0.34201100
vn -0.93969400 0.00169100 0.34201300
vn -0.93969400 0.00169100 0.34201100
vn -0.93970000 0.00169100 0.34199600
vn -0.93969400 0.00169100 0.34201300
vn -0.93969900 0.00169100 0.34199700
vn -0.93969400 0.00169100 0.34201100
vn -0.93958900 -0.01479100 0.34198400
vn -0.93923200 -0.03114200 0.34186700
vn -0.93343400 -0.11516400 0.33976200
vn -0.92391800 -0.18242200 0.33630000
vn -0.88055500 -0.34916100 0.32048400
vn -0.84067700 -0.44682400 0.30595900
vn -0.73235400 -0.62659100 0.26653600
vn -0.66347700 -0.70815800 0.24147700
vn -0.50697900 -0.84197300 0.18453900
vn -0.41988900 -0.89461300 0.15284500
vn -0.23668400 -0.96776000 0.08614800
vn -0.14089700 -0.98869500 0.05128000
vn 0.03906800 -0.99913500 -0.01422000
vn 0.12303600 -0.99139100 -0.04478100
vn 0.23450000 -0.96836200 -0.08534800
vn 0.26343200 -0.95990200 -0.09587900
vn 0.31846200 -0.94082100 -0.11592100
vn 0.34458300 -0.93033900 -0.12542800
vn 0.42825100 -0.89011400 -0.15588000
vn 0.48435300 -0.85692600 -0.17629600
vn 0.64580100 -0.72642500 -0.23504800
vn -0.34160200 0.04454400 -0.93878900
vn -0.33935300 0.06765900 -0.93822300
vn -0.34200300 0.00000300 -0.93969900
vn -0.34201400 -0.00000200 -0.93969500
vn -0.34199600 0.00000000 -0.93970100
vn -0.34201400 -0.00000200 -0.93969500
vn -0.34200300 0.00000300 -0.93969900
vn -0.34199900 -0.00000000 -0.93970000
vn -0.34200300 0.00000300 -0.93969900
vn -0.34174800 -0.04489500 -0.93871900
vn -0.34362800 -0.12493300 -0.93075900
vn -0.34203100 0.00001200 -0.93968900
vn -0.34203200 0.00000300 -0.93968800
vn -0.34203800 0.00002000 -0.93968600
vn -0.34203100 0.00000500 -0.93968900
vn -0.34203100 0.00001200 -0.93968900
vn -0.34203600 -0.00002000 -0.93968700
vn -0.34204400 -0.00002800 -0.93968400
vn -0.34203100 0.00001200 -0.93968900
vn -0.34203600 -0.00002000 -0.93968700
vn -0.34203800 0.00002000 -0.93968600
vn -0.34204700 -0.00000700 -0.93968300
vn -0.34204400 -0.00002800 -0.93968400
vn -0.34203600 -0.00002000 -0.93968700
vn -0.34204600 0.00001000 -0.93968300
vn -0.34204400 -0.00002800 -0.93968400
vn -0.34157700 -0.05567600 -0.93820300
vn -0.34450500 -0.13710100 -0.92871900
vn -0.34162800 0.04365900 -0.93882100
vn -0.33935900 0.06752800 -0.93823000
vn -0.34201100 -0.00000300 -0.93969600
vn -0.34201700 -0.00000400 -0.93969400
vn -0.34201100 -0.00000300 -0.93969600
vn -0.34201300 -0.00000400 -0.93969500
vn -0.34203100 0.00000500 -0.93968900
vn -0.34203200 0.00000300 -0.93968800
vn -0.34201100 -0.00000300 -0.93969600
vn -0.34203100 0.00000500 -0.93968900
vn -0.34203800 0.00002000 -0.93968600
vn -0.34203200 0.00000300 -0.93968800
vn 0.34204100 0.00000100 0.93968500
vn 0.34202400 -0.00000200 0.93969100
vn 0.34203700 -0.00000100 0.93968700
vn 0.34202000 0.00000300 0.93969300
vn 0.34135100 0.06714700 0.93753400
vn 0.33541900 0.12491900 0.93375000
vn 0.34162600 -0.04377600 0.93881600
vn 0.34290600 -0.06768400 0.93692800
vn 0.34202200 0.00000300 0.93969200
vn 0.34203700 -0.00000100 0.93968700
vn 0.34204100 0.00000100 0.93968500
vn 0.34203700 -0.00000100 0.93968700
vn 0.34204100 0.00000100 0.93968500
vn 0.34202200 0.00001200 0.93969200
vn 0.34199400 0.00000100 0.93970200
vn 0.34198700 0.00000700 0.93970500
vn 0.34197300 0.00000000 0.93971000
vn 0.34201500 -0.00000200 0.93969400
vn 0.34202200 0.00001200 0.93969200
vn 0.34197300 0.00000000 0.93971000
vn 0.34201300 -0.00000200 0.93969500
vn 0.34202200 0.00001200 0.93969200
vn 0.33872000 0.07512900 0.93788300
vn 0.34203700 -0.00000100 0.93968600
vn 0.34135300 0.06731100 0.93752200
vn 0.34198700 0.00000700 0.93970500
vn 0.34197300 0.00000000 0.93971000
vn 0.34198700 0.00000700 0.93970500
vn 0.34199400 0.00000100 0.93970200
vn 0.34201200 0.00000900 0.93969500
vn 0.34199400 0.00000100 0.93970200
vn 0.34200900 0.00000700 0.93969700
vn 0.34201200 0.00000900 0.93969500
vn 0.34201200 0.00000900 0.93969500
vn 0.34200700 0.00000400 0.93969700
vn 0.34050200 -0.08645300 0.93626100
vn 0.34199800 -0.00000500 0.93970100
vn 0.33982500 -0.10872700 0.93418300
vn -0.34161300 0.04410600 -0.93880500
vn -0.33935200 0.06767300 -0.93822200
vn -0.34199600 0.00000300 -0.93970200
vn -0.34201300 -0.00000600 -0.93969500
vn -0.34204100 0.00000200 -0.93968500
vn -0.34199500 0.00000300 -0.93970200
vn -0.34201300 -0.00000600 -0.93969500
vn -0.34201300 -0.00000600 -0.93969500
vn -0.34203900 0.00000200 -0.93968600
vn -0.34174700 -0.04489800 -0.93871900
vn -0.34363900 -0.12489500 -0.93076000
vn -0.34162200 0.04365900 -0.93882300
vn -0.33935700 0.06753300 -0.93823000
vn -0.34203500 0.00000100 -0.93968700
vn -0.34203000 0.00000300 -0.93968900
vn -0.34203500 0.00000100 -0.93968700
vn -0.34203000 0.00000000 -0.93968900
vn -0.34203000 0.00000300 -0.93968900
vn -0.34203300 -0.00000300 -0.93968800
vn -0.34203000 0.00000000 -0.93968900
vn -0.34203000 0.00000300 -0.93968900
vn -0.34203900 -0.00000700 -0.93968600
vn -0.34205500 0.00000900 -0.93968000
vn -0.34203000 0.00000000 -0.93968900
vn -0.34203300 -0.00000300 -0.93968800
vn -0.34203900 -0.00000700 -0.93968600
vn -0.34203300 -0.00000300 -0.93968800
vn -0.34203900 -0.00000700 -0.93968600
vn -0.34095900 -0.08351800 -0.93636100
vn -0.34394400 -0.10354200 -0.93326400
vn -0.34201800 -0.00002400 -0.93969300
vn -0.34201900 0.00001900 -0.93969300
vn -0.34204500 0.00001300 -0.93968400
vn -0.34201900 0.00003500 -0.93969300
vn -0.34201800 -0.00002400 -0.93969300
vn -0.34205800 -0.00000000 -0.93967900
vn -0.34201800 -0.00002400 -0.93969300
vn -0.34204500 0.00001300 -0.93968400
vn -0.34205800 -0.00000000 -0.93967900
vn -0.34205500 0.00000900 -0.93968000
vn -0.34204500 0.00001300 -0.93968400
vn -0.34205800 -0.00000000 -0.93967900
vn -0.34205500 0.00000900 -0.93968000
vn 0.34196900 -0.00001800 0.93971100
vn 0.34207200 0.00000900 0.93967400
vn 0.34199600 0.00000400 0.93970100
vn 0.34200300 -0.00000300 0.93969900
vn 0.34205300 0.00000200 0.93968100
vn 0.34207200 0.00000900 0.93967400
vn 0.34207200 0.00000900 0.93967400
vn 0.34206000 0.00000300 0.93967800
vn 0.34196900 -0.00001800 0.93971100
vn 0.33872100 0.07508200 0.93788600
vn 0.34201000 -0.00000200 0.93969600
vn 0.34134800 0.06746300 0.93751300
vn 0.34199600 0.00000400 0.93970100
vn 0.34196900 -0.00001800 0.93971100
vn 0.34199600 0.00000400 0.93970100
vn 0.34202900 0.00000300 0.93968900
vn 0.34200300 -0.00000300 0.93969900
vn 0.34202000 -0.00000300 0.93969300
vn 0.34200300 -0.00000300 0.93969900
vn 0.34202900 0.00000300 0.93968900
vn 0.34202800 -0.00000100 0.93969000
vn 0.34202900 0.00000300 0.93968900
vn 0.34067200 -0.08594600 0.93624600
vn 0.34204500 0.00000700 0.93968400
vn 0.33988700 -0.10703800 0.93435500
vn -0.34205000 -0.00004100 -0.93968200
vn -0.34609000 0.18607900 -0.91956300
vn -0.34165500 0.04174800 -0.93889800
vn -0.34205100 0.00000200 -0.93968100
vn -0.34203200 -0.00001400 -0.93968800
vn -0.34203500 0.00001400 -0.93968700
vn -0.34135200 -0.06735600 -0.93751900
vn -0.34372200 -0.09385900 -0.93436900
vn -0.34202400 -0.00000200 -0.93969100
vn -0.34201800 0.00000300 -0.93969300
vn -0.34205100 0.00000200 -0.93968100
vn -0.34202400 -0.00000200 -0.93969100
vn -0.34201900 0.00000300 -0.93969300
vn -0.34205100 0.00000200 -0.93968100
vn -0.34203500 0.00001400 -0.93968700
vn -0.34202400 -0.00000200 -0.93969100
vn -0.34201500 -0.00001800 -0.93969400
vn -0.34203500 0.00001400 -0.93968700
vn 0.34020500 0.10769700 0.93416400
vn 0.34017700 0.10781000 0.93416100
vn 0.34202300 0.00001900 0.93969200
vn 0.34203600 -0.00005400 0.93968700
vn 0.34201300 0.00000700 0.93969500
vn 0.34203200 -0.00005900 0.93968800
vn 0.34202300 0.00001900 0.93969200
vn 0.34201300 0.00000700 0.93969500
vn 0.34202300 0.00001900 0.93969200
vn 0.34202500 0.00000500 0.93969100
vn 0.34202500 0.00000500 0.93969100
vn 0.34201900 -0.00000500 0.93969300
vn 0.34203900 0.00000300 0.93968600
vn 0.34201300 0.00000700 0.93969500
vn 0.34202500 0.00000500 0.93969100
vn 0.34201900 -0.00000500 0.93969300
vn 0.34162400 -0.04370000 0.93882000
vn 0.34290400 -0.06758300 0.93693600
vn 0.34199400 0.00000200 0.93970200
vn 0.34200800 -0.00000400 0.93969700
vn 0.34199200 0.00000200 0.93970300
vn 0.34200800 -0.00000400 0.93969700
vn 0.34203900 0.00000300 0.93968600
vn 0.34200800 -0.00000400 0.93969700
vn 0.34203900 0.00000300 0.93968600
vn 0.34201900 -0.00000500 0.93969300
vn 0.34163000 -0.04351100 0.93882700
vn 0.34290500 -0.06756300 0.93693700
vn 0.34202300 -0.00000200 0.93969200
vn 0.34201300 0.00000300 0.93969500
vn 0.34201300 0.00000300 0.93969500
vn 0.34202800 0.00000600 0.93969000
vn 0.34202400 -0.00000200 0.93969100
vn 0.34201300 0.00000300 0.93969500
vn 0.34019700 0.10781400 0.93415300
vn 0.33765700 0.11802000 0.93384100
vn 0.34200100 0.00000600 0.93970000
vn 0.34199200 -0.00001500 0.93970300
vn 0.34199200 -0.00001500 0.93970300
vn 0.34200100 -0.00000500 0.93970000
vn 0.34201000 0.00000900 0.93969600
vn 0.34202000 -0.00000100 0.93969300
vn 0.34201000 0.00000900 0.93969600
vn 0.34199200 -0.00001500 0.93970300
vn 0.34201000 0.00000900 0.93969600
vn 0.34202000 -0.00000100 0.93969300
vn 0.34202800 0.00000600 0.93969000
vn 0.34202000 -0.00000100 0.93969300
vn 0.34202800 0.00000600 0.93969000
vn -0.34200500 -0.00000600 -0.93969800
vn -0.34485100 0.18816000 -0.91960500
vn -0.34165700 0.04182700 -0.93889400
vn -0.34204900 0.00000200 -0.93968200
vn -0.34205800 -0.00000700 -0.93967900
vn -0.34205500 0.00000100 -0.93968000
vn -0.34207500 0.00000700 -0.93967300
vn -0.34205800 -0.00000700 -0.93967900
vn -0.34205500 0.00000100 -0.93968000
vn -0.34200400 -0.00000400 -0.93969800
vn -0.34205800 -0.00000700 -0.93967900
vn -0.34205500 0.00000100 -0.93968000
vn -0.34200400 -0.00000400 -0.93969800
vn -0.34198900 0.00000500 -0.93970400
vn -0.34200400 -0.00000400 -0.93969800
vn -0.34198900 0.00000500 -0.93970400
vn -0.34362600 -0.07506500 -0.93610200
vn -0.34197900 -0.00007700 -0.93970800
vn -0.34134500 -0.06740900 -0.93751800
vn 0.33945600 -0.11754100 0.93324900
vn 0.33944300 -0.11765600 0.93323900
vn 0.34133300 -0.05886800 0.93809700
vn 0.34202000 0.00000000 0.93969300
vn 0.34050100 0.09893900 0.93502400
vn 0.34050300 0.09895500 0.93502200
vn -0.33813700 0.14533300 -0.92980700
vn -0.34099900 0.07270400 -0.93724800
vn -0.34152200 -0.05883200 -0.93803000
vn -0.33984200 -0.11758300 -0.93310300
vn 0.33946700 -0.11761500 0.93323600
vn 0.34133400 -0.05885700 0.93809700
vn 0.34201800 -0.00000200 0.93969400
vn 0.34202100 -0.00000400 0.93969200
vn 0.34201600 -0.00000200 0.93969400
vn 0.34189600 0.03176800 0.93920100
vn 0.33964500 0.08705000 0.93651700
vn -0.33987000 0.14069700 -0.92988900
vn -0.33986800 0.14060600 -0.92990300
vn -0.34202100 -0.00000200 -0.93969200
vn -0.34151600 -0.05882800 -0.93803300
vn -0.33983300 -0.11759000 -0.93310600
vn -0.34201100 -0.00001600 -0.93969600
vn -0.34201400 -0.00001200 -0.93969500
vn -0.34201100 -0.00001600 -0.93969600
vn -0.34202200 -0.00003000 -0.93969200
vn -0.34203300 0.00005500 -0.93968800
vn -0.34201400 -0.00001200 -0.93969500
vn -0.34201100 -0.00001600 -0.93969600
vn -0.34198300 -0.00015100 -0.93970600
vn -0.34200900 -0.00002800 -0.93969700
vn -0.34198300 -0.00015100 -0.93970600
vn -0.34201300 -0.00015600 -0.93969500
vn -0.34201900 0.00003000 -0.93969300
vn -0.34201400 -0.00001200 -0.93969500
vn -0.34201900 -0.00002800 -0.93969300
vn -0.34201800 0.00001000 -0.93969300
vn -0.34202200 0.00000600 -0.93969200
vn -0.34201400 -0.00001700 -0.93969500
vn -0.34201900 -0.00002800 -0.93969300
vn -0.34208000 -0.00003200 -0.93967100
vn -0.34201800 0.00001000 -0.93969300
vn -0.34208000 -0.00003200 -0.93967100
vn -0.34202300 -0.00001200 -0.93969100
vn -0.34201800 0.00001000 -0.93969300
vn -0.34208000 -0.00003200 -0.93967100
vn -0.34202300 -0.00001200 -0.93969100
vn -0.34200600 0.00001500 -0.93969800
vn -0.34200600 0.00001500 -0.93969800
vn -0.34202300 -0.00001200 -0.93969100
vn -0.34200500 0.00001500 -0.93969800
vn -0.34200600 0.00000600 -0.93969800
vn -0.34200500 0.00001500 -0.93969800
vn -0.34200600 0.00001500 -0.93969800
vn -0.34200500 0.00001500 -0.93969800
vn -0.34203900 -0.00004500 -0.93968600
vn -0.34200600 0.00000600 -0.93969800
vn -0.34200600 0.00000600 -0.93969800
vn -0.34203900 -0.00004500 -0.93968600
vn -0.34202000 0.00001600 -0.93969300
vn -0.34202100 0.00001600 -0.93969200
vn -0.34203900 -0.00004500 -0.93968600
vn -0.34202000 0.00001600 -0.93969300
vn -0.34202600 0.00001200 -0.93969100
vn -0.34202200 0.00000500 -0.93969200
vn -0.34202100 0.00001600 -0.93969200
vn -0.34202000 0.00001600 -0.93969300
vn -0.34201400 0.00000600 -0.93969500
vn -0.34202100 0.00001600 -0.93969200
vn -0.34202200 0.00000500 -0.93969200
vn -0.34203700 -0.00001100 -0.93968700
vn -0.34201400 -0.00000000 -0.93969500
vn -0.34200400 -0.00000100 -0.93969900
vn -0.34201400 -0.00000000 -0.93969500
vn -0.34202400 -0.00001800 -0.93969100
vn -0.34200300 0.00000200 -0.93969900
vn -0.34201400 -0.00000000 -0.93969500
vn -0.34200300 0.00000200 -0.93969900
vn -0.34203900 -0.00000000 -0.93968600
vn -0.34200400 -0.00000100 -0.93969900
vn -0.34200800 -0.00002100 -0.93969700
vn -0.34202900 -0.00002600 -0.93968900
vn -0.34202000 -0.00002500 -0.93969300
vn -0.34201800 -0.00001800 -0.93969300
vn -0.34201800 -0.00001800 -0.93969300
vn -0.34202000 -0.00001600 -0.93969300
vn -0.34202500 0.00000400 -0.93969100
vn -0.34201800 -0.00001800 -0.93969300
vn -0.34202000 -0.00001600 -0.93969300
vn -0.34202900 -0.00002600 -0.93968900
vn -0.34202600 -0.00000200 -0.93969100
vn -0.34202500 0.00000400 -0.93969100
vn -0.34202000 -0.00001600 -0.93969300
vn -0.34202600 -0.00000200 -0.93969100
vn -0.34202500 0.00000400 -0.93969100
vn -0.34201300 -0.00001300 -0.93969500
vn -0.34202600 -0.00000200 -0.93969100
vn -0.34201300 -0.00001300 -0.93969500
vn -0.34201400 -0.00002300 -0.93969500
vn -0.34202000 0.00000400 -0.93969300
vn -0.34201700 -0.00000000 -0.93969400
vn -0.34201700 0.00001900 -0.93969400
vn -0.34201300 -0.00001300 -0.93969500
vn -0.34201400 -0.00002300 -0.93969500
vn -0.34202000 0.00000400 -0.93969300
vn -0.34201400 -0.00002300 -0.93969500
vn -0.34202000 0.00000400 -0.93969300
vn -0.34201400 0.00001100 -0.93969500
vn -0.34201500 0.00001000 -0.93969500
vn -0.34201700 0.00001900 -0.93969400
vn -0.34202900 -0.00002600 -0.93968900
vn -0.34200800 -0.00002100 -0.93969700
vn -0.34202000 -0.00002500 -0.93969300
vn -0.34200800 -0.00002100 -0.93969700
vn -0.34202400 0.00007000 -0.93969100
vn -0.34202400 -0.00000000 -0.93969100
vn -0.34202400 0.00007000 -0.93969100
vn -0.34202000 -0.00002500 -0.93969300
vn -0.34202400 -0.00000000 -0.93969100
vn -0.34202400 0.00002000 -0.93969100
vn -0.34202400 0.00007000 -0.93969100
vn -0.34202400 -0.00000000 -0.93969100
vn -0.34202400 0.00002000 -0.93969100
vn -0.34203300 0.00005500 -0.93968800
vn -0.34203300 0.00005500 -0.93968800
vn -0.34202400 0.00002000 -0.93969100
vn -0.34200900 -0.00002800 -0.93969700
vn -0.34200900 -0.00002800 -0.93969700
vn -0.34202200 -0.00003000 -0.93969200
vn -0.34198300 -0.00015100 -0.93970600
vn -0.34201300 -0.00015600 -0.93969500
vn -0.34202200 -0.00003000 -0.93969200
vn -0.34208300 -0.00023000 -0.93967000
vn -0.34201900 0.00003000 -0.93969300
vn -0.34201300 -0.00015600 -0.93969500
vn -0.34201900 0.00003000 -0.93969300
vn -0.34207800 -0.00031100 -0.93967200
vn -0.34208300 -0.00023000 -0.93967000
vn -0.34201100 0.00006400 -0.93969600
vn -0.34208300 -0.00023000 -0.93967000
vn -0.34207800 -0.00031100 -0.93967200
vn -0.34207800 -0.00031100 -0.93967200
vn -0.34201100 0.00006400 -0.93969600
vn -0.34201700 -0.00000000 -0.93969400
vn -0.34201700 -0.00000000 -0.93969400
vn -0.34201100 0.00006400 -0.93969600
vn -0.34201900 0.00002600 -0.93969300
vn -0.34200600 0.00014400 -0.93969800
vn -0.34203800 -0.00012300 -0.93968600
vn -0.34203700 -0.00001100 -0.93968700
vn -0.34200100 -0.00004400 -0.93970000
vn -0.34200700 -0.00003300 -0.93969700
vn -0.34202600 0.00001200 -0.93969100
vn -0.34202200 0.00000500 -0.93969200
vn -0.34201900 0.00002600 -0.93969300
vn -0.34200100 -0.00004400 -0.93970000
vn -0.34200600 0.00014400 -0.93969800
vn -0.34201900 0.00002600 -0.93969300
vn -0.34205200 -0.00004000 -0.93968100
vn -0.34205700 -0.00004700 -0.93967900
vn -0.34205700 -0.00004700 -0.93967900
vn -0.34202400 0.00000700 -0.93969100
vn -0.34205200 -0.00004000 -0.93968100
vn -0.34205700 -0.00004700 -0.93967900
vn -0.34200700 -0.00003300 -0.93969700
vn -0.34202600 0.00001200 -0.93969100
vn -0.34200700 -0.00003300 -0.93969700
vn -0.34200100 -0.00004400 -0.93970000
vn -0.34201400 0.00000600 -0.93969500
vn -0.34201700 -0.00000400 -0.93969400
vn -0.34203700 -0.00001100 -0.93968700
vn -0.34201400 0.00000600 -0.93969500
vn -0.34201700 -0.00000400 -0.93969400
vn -0.34202100 -0.00000500 -0.93969200
vn -0.34202100 -0.00000500 -0.93969200
vn -0.34202400 -0.00001800 -0.93969100
vn -0.34201700 -0.00000400 -0.93969400
vn -0.34202100 -0.00000500 -0.93969200
vn -0.34200300 0.00000200 -0.93969900
vn -0.34202400 -0.00001800 -0.93969100
vn -0.34200600 0.00014400 -0.93969800
vn -0.34203800 -0.00012300 -0.93968600
vn -0.34203800 -0.00012300 -0.93968600
vn -0.34201700 0.00001200 -0.93969400
vn -0.34203000 0.00000900 -0.93968900
vn -0.34201600 0.00002100 -0.93969400
vn -0.34201700 0.00001200 -0.93969400
vn -0.34202400 0.00000700 -0.93969100
vn -0.34201400 -0.00001700 -0.93969500
vn -0.34201600 0.00002100 -0.93969400
vn -0.34202200 0.00000600 -0.93969200
vn -0.34201700 0.00001200 -0.93969400
vn -0.34202400 0.00000700 -0.93969100
vn -0.34203000 0.00000900 -0.93968900
vn -0.34205200 -0.00004000 -0.93968100
vn -0.34203000 0.00000900 -0.93968900
vn -0.34201600 0.00002100 -0.93969400
vn -0.34201400 -0.00001700 -0.93969500
vn -0.34201900 -0.00002800 -0.93969300
vn -0.34202200 0.00000600 -0.93969200
vn -0.34226500 -0.00000100 -0.93960300
vn -0.34200400 -0.00000100 -0.93969900
vn -0.34203900 -0.00000000 -0.93968600
vn -0.34200100 0.00000400 -0.93970000
vn -0.34198900 0.00000300 -0.93970400
vn -0.34204200 0.00000100 -0.93968400
vn -0.34203900 -0.00000000 -0.93968600
vn -0.34200100 0.00000400 -0.93970000
vn -0.34198900 0.00000300 -0.93970400
vn -0.34200100 0.00000400 -0.93970000
vn -0.34182900 -0.00000200 -0.93976200
vn -0.34210100 0.00000000 -0.93966300
vn -0.34220900 -0.00000000 -0.93962400
vn -0.34182900 -0.00000200 -0.93976200
vn -0.34210100 0.00000000 -0.93966300
vn -0.34182900 -0.00000200 -0.93976200
vn -0.34220900 -0.00000000 -0.93962400
vn -0.34211600 0.00000300 -0.93965800
vn -0.34204200 0.00000100 -0.93968400
vn -0.34211600 0.00000300 -0.93965800
vn -0.34220900 -0.00000000 -0.93962400
vn -0.34211600 0.00000300 -0.93965800
vn -0.34204200 0.00000100 -0.93968400
vn -0.34226500 -0.00000100 -0.93960300
vn -0.34198900 0.00000300 -0.93970400
vn -0.34226500 -0.00000100 -0.93960300
vn -0.34197700 -0.00000200 -0.93970800
vn -0.34210100 0.00000000 -0.93966300
vn -0.34205200 0.00002500 -0.93968100
vn -0.34210100 0.00000200 -0.93966300
vn -0.34197700 -0.00000200 -0.93970800
vn -0.34204600 -0.00000100 -0.93968300
vn -0.34202800 -0.00001800 -0.93969000
vn -0.34197700 -0.00000200 -0.93970800
vn -0.34210100 0.00000200 -0.93966300
vn -0.34204600 -0.00000100 -0.93968300
vn -0.34210100 0.00000200 -0.93966300
vn -0.34201500 0.00001000 -0.93969500
vn -0.34201700 0.00001900 -0.93969400
vn -0.34200400 -0.00001100 -0.93969800
vn -0.34201400 0.00001100 -0.93969500
vn -0.34201500 0.00001000 -0.93969500
vn -0.34205200 0.00002500 -0.93968100
vn -0.34201400 0.00001100 -0.93969500
vn -0.34200400 -0.00001100 -0.93969800
vn -0.34205200 0.00002500 -0.93968100
vn -0.34200400 -0.00001100 -0.93969800
vn -0.34202800 -0.00001800 -0.93969000
vn -0.34202800 -0.00001800 -0.93969000
vn -0.34204600 -0.00000100 -0.93968300
vn 0.92785200 -0.15824400 -0.33771100
vn 0.90725100 -0.26048200 -0.33021800
vn 0.90725300 -0.26047800 -0.33021800
vn 0.93144200 -0.13221600 -0.33902000
vn 0.87811100 -0.35605000 -0.31961000
vn 0.87816100 -0.35590900 -0.31962800
vn 0.73338700 -0.62610200 -0.26484000
vn 0.70253800 -0.66465600 -0.25431000
vn 0.65037200 -0.72247100 -0.23463300
vn -0.90808500 -0.25718200 0.33051400
vn -0.90808700 -0.25716800 0.33051900
vn -0.66558700 -0.70590800 0.24225500
vn -0.66557900 -0.70591800 0.24225000
vn -0.66558700 -0.70590800 0.24225500
vn -0.66557900 -0.70591800 0.24225000
vn -0.66558700 -0.70590800 0.24225500
vn -0.66557900 -0.70591800 0.24225000
vn -0.24475300 -0.96548400 0.08908400
vn -0.24475900 -0.96548300 0.08908400
vn -0.24475300 -0.96548400 0.08908400
vn -0.24475300 -0.96548400 0.08908400
vn -0.24475900 -0.96548300 0.08908400
vn -0.24475900 -0.96548300 0.08908400
vn 0.24168600 -0.96635900 -0.08796600
vn 0.24168600 -0.96635900 -0.08796600
vn 0.24168400 -0.96636000 -0.08796600
vn 0.24168600 -0.96635900 -0.08796600
vn 0.24168400 -0.96636000 -0.08796600
vn 0.24168400 -0.96636000 -0.08796600
vn 0.63577300 -0.73637300 -0.23140300
vn -0.00159200 -0.99999900 0.00057900
vn -0.00159000 -0.99999900 0.00057900
vn -0.00159200 -0.99999900 0.00057900
vn -0.00159200 -0.99999900 0.00057900
vn -0.00159000 -0.99999900 0.00057900
vn -0.00159000 -0.99999900 0.00057900
vn -0.93331300 -0.11633300 0.33969700
vn -0.93331200 -0.11633200 0.33969900
vn -0.88534400 -0.33515500 0.32223700
vn -0.82559900 -0.47969100 0.29712500
vn -0.71166300 -0.65400500 0.25654000
vn -0.53514000 -0.82259900 0.19224000
vn 0.86357000 0.39427700 -0.31431300
vn 0.86357000 0.39427700 -0.31431300
vn 0.86358600 0.39424100 -0.31431400
vn 0.86358600 0.39424100 -0.31431400
vn 0.86357000 0.39427700 -0.31431300
vn 0.86358600 0.39424100 -0.31431400
vn 0.93752500 -0.06789100 -0.34122900
vn 0.93752500 -0.06789100 -0.34122900
vn 0.93752800 -0.06782700 -0.34123400
vn 0.93752500 -0.06789100 -0.34122900
vn 0.93752800 -0.06782700 -0.34123400
vn 0.93752800 -0.06782700 -0.34123400
vn 0.80550500 -0.51498100 -0.29318200
vn 0.80548200 -0.51502600 -0.29316700
vn 0.80550500 -0.51498100 -0.29318200
vn 0.80548200 -0.51502600 -0.29316700
vn 0.80550500 -0.51498100 -0.29318200
vn 0.80548200 -0.51502600 -0.29316700
vn 0.49646300 -0.84904200 -0.18069600
vn 0.49648300 -0.84903000 -0.18070400
vn 0.49646300 -0.84904200 -0.18069600
vn 0.49648300 -0.84903000 -0.18070400
vn 0.49646300 -0.84904200 -0.18069600
vn 0.49648300 -0.84903000 -0.18070400
vn 0.07833800 -0.99651900 -0.02851300
vn 0.07833900 -0.99651900 -0.02851200
vn 0.07833800 -0.99651900 -0.02851300
vn 0.07833900 -0.99651900 -0.02851200
vn 0.07833800 -0.99651900 -0.02851300
vn 0.07833900 -0.99651900 -0.02851200
vn -0.35695000 -0.92504500 0.12991700
vn -0.35695500 -0.92504300 0.12992200
vn -0.56793000 -0.79669700 0.20671000
vn -0.65926200 -0.71259800 0.23995400
vn 0.93969200 -0.00169100 -0.34201900
vn 0.93969000 -0.00169100 -0.34202400
vn 0.93969200 -0.00169100 -0.34201900
vn 0.93969200 -0.00169100 -0.34201900
vn 0.93969000 -0.00169100 -0.34202400
vn 0.93969100 -0.00169200 -0.34202000
vn 0.93969100 -0.00169200 -0.34202000
vn 0.93969000 -0.00169100 -0.34202400
vn 0.93969100 -0.00169200 -0.34202000
vn -0.71072900 0.65772100 0.24953400
vn -0.65700900 0.71495100 0.23913300
vn -0.65700700 0.71495300 0.23913200
vn -0.93293700 0.11970500 0.33955800
vn -0.93293800 0.11969500 0.33955900
vn -0.91314600 0.23601700 0.33235500
vn -0.91314900 0.23600700 0.33235500
vn -0.71178200 0.65288000 0.25906300
vn -0.76049300 0.59364900 0.26311900
vn -0.64902200 0.72541200 0.22923300
vn -0.64895800 0.72547300 0.22922200
vn -0.35403500 0.92631300 0.12885600
vn -0.35401700 0.92632000 0.12885200
vn -0.35401700 0.92632000 0.12885200
vn -0.35403500 0.92631300 0.12885600
vn -0.35401700 0.92632000 0.12885200
vn 0.08154300 0.99622800 -0.02968000
vn 0.08154300 0.99622800 -0.02968000
vn 0.08154800 0.99622700 -0.02968000
vn 0.08154300 0.99622800 -0.02968000
vn 0.08154800 0.99622700 -0.02968000
vn 0.08154800 0.99622700 -0.02968000
vn 0.49919100 0.84722900 -0.18169100
vn 0.49919100 0.84722900 -0.18169100
vn 0.49918000 0.84723600 -0.18168900
vn 0.49919100 0.84722900 -0.18169100
vn 0.49918000 0.84723600 -0.18168900
vn 0.49918000 0.84723600 -0.18168900
vn 0.80709000 0.51216400 -0.29375800
vn 0.80709000 0.51216400 -0.29375800
vn 0.80712100 0.51211200 -0.29376400
vn 0.80709000 0.51216400 -0.29375800
vn 0.80712100 0.51211200 -0.29376400
vn 0.80712100 0.51211200 -0.29376400
vn 0.93774000 0.06446100 -0.34130500
vn 0.93774000 0.06446100 -0.34130500
vn 0.93773900 0.06447600 -0.34130400
vn 0.93774000 0.06446100 -0.34130500
vn 0.93773900 0.06447600 -0.34130400
vn 0.93773900 0.06447600 -0.34130400
vn 0.86233100 -0.39733700 -0.31386100
vn 0.86233100 -0.39733700 -0.31386100
vn 0.86234400 -0.39730400 -0.31386700
vn 0.86234400 -0.39730400 -0.31386700
vn 0.86233100 -0.39733700 -0.31386100
vn 0.86234400 -0.39730400 -0.31386700
vn 0.92189700 0.19370200 -0.33553800
vn 0.93627000 0.08528000 -0.34077200
vn 0.90808300 0.25719100 -0.33051100
vn 0.90808400 0.25718900 -0.33051200
vn 0.90808400 0.25718900 -0.33051200
vn 0.66558100 0.70591600 -0.24224800
vn 0.66558500 0.70591200 -0.24224900
vn 0.66558100 0.70591600 -0.24224800
vn 0.66558100 0.70591600 -0.24224800
vn 0.66558500 0.70591200 -0.24224900
vn 0.66558500 0.70591200 -0.24224900
vn 0.24476300 0.96548200 -0.08908500
vn 0.24474700 0.96548600 -0.08908100
vn 0.24476300 0.96548200 -0.08908500
vn 0.24474700 0.96548600 -0.08908100
vn 0.24476300 0.96548200 -0.08908500
vn 0.24474700 0.96548600 -0.08908100
vn -0.24168000 0.96636100 0.08796400
vn -0.24167900 0.96636100 0.08796500
vn -0.24168000 0.96636100 0.08796400
vn -0.24167900 0.96636100 0.08796500
vn -0.24168000 0.96636100 0.08796400
vn -0.24167900 0.96636100 0.08796500
vn -0.66332300 0.70831800 0.24143000
vn -0.66332300 0.70831800 0.24143000
vn -0.66334700 0.70829400 0.24143500
vn -0.66332300 0.70831800 0.24143000
vn -0.66334700 0.70829400 0.24143500
vn -0.66334700 0.70829400 0.24143500
vn -0.90727000 0.26042100 0.33021500
vn -0.90725900 0.26046100 0.33021500
vn 0.00159100 0.99999900 -0.00057900
vn 0.00159100 0.99999900 -0.00057900
vn 0.00159100 0.99999900 -0.00057900
vn 0.00159100 0.99999900 -0.00057900
vn 0.00159100 0.99999900 -0.00057900
vn 0.00159100 0.99999900 -0.00057900
vn 0.34201000 0.00001300 0.93969600
vn 0.34203400 -0.00001300 0.93968800
vn 0.34201800 0.00000000 0.93969300
vn 0.34203400 -0.00001300 0.93968800
vn 0.34201300 -0.00001400 0.93969500
vn 0.34201300 -0.00001400 0.93969500
vn 0.34201000 0.00001300 0.93969600
vn 0.34200900 -0.00004600 0.93969700
vn 0.34203400 -0.00001300 0.93968800
vn 0.34211400 0.00000500 0.93965900
vn 0.34194600 0.00000000 0.93971900
vn 0.34199600 0.00000700 0.93970100
vn 0.34194600 0.00000000 0.93971900
vn 0.34194600 0.00000000 0.93971900
vn 0.34198600 -0.00000400 0.93970500
vn 0.34199600 0.00000700 0.93970100
vn 0.34198600 -0.00000400 0.93970500
vn 0.34202800 -0.00000400 0.93969000
vn 0.34199600 0.00000700 0.93970100
vn 0.34202400 -0.00002900 0.93969100
vn 0.34203700 0.00000400 0.93968600
vn 0.34202800 -0.00000400 0.93969000
vn 0.34206300 0.00003200 0.93967700
vn 0.34194600 0.00027800 0.93972000
vn 0.34198600 -0.00000400 0.93970500
vn 0.34206300 0.00003200 0.93967700
vn 0.34202800 -0.00000400 0.93969000
vn 0.34202400 -0.00002900 0.93969100
vn 0.34206300 0.00003200 0.93967700
vn 0.34203800 -0.00000700 0.93968600
vn 0.34202300 0.00002000 0.93969200
vn 0.34201700 -0.00000500 0.93969400
vn 0.34203800 -0.00000700 0.93968600
vn 0.34203700 -0.00001000 0.93968600
vn 0.34202300 0.00002000 0.93969200
vn 0.34201100 -0.00001100 0.93969600
vn 0.34202300 0.00002000 0.93969200
vn 0.34201700 -0.00000500 0.93969400
vn 0.34203200 -0.00000500 0.93968800
vn 0.34199800 -0.00001100 0.93970100
vn 0.34203200 0.00001200 0.93968800
vn 0.34203200 -0.00000500 0.93968800
vn 0.34201700 -0.00000500 0.93969400
vn 0.34201900 0.00005400 0.93969300
vn 0.34201000 0.00000000 0.93969600
vn 0.34203200 -0.00000500 0.93968800
vn 0.34201900 0.00005400 0.93969300
vn 0.34201000 0.00000000 0.93969600
vn 0.34201900 0.00005400 0.93969300
vn 0.34202700 0.00000400 0.93969000
vn 0.34201200 -0.00002200 0.93969600
vn 0.34199200 -0.00001600 0.93970300
vn 0.34204300 -0.00003400 0.93968400
vn 0.34201900 0.00001100 0.93969300
vn 0.34202700 0.00000400 0.93969000
vn 0.34199200 -0.00001600 0.93970300
vn 0.34211400 0.00000500 0.93965900
vn 0.34201900 0.00001100 0.93969300
vn 0.34202700 0.00000400 0.93969000
vn 0.34201900 0.00001100 0.93969300
vn 0.34211400 0.00000500 0.93965900
vn 0.34211700 -0.00006800 0.93965700
vn 0.34201800 -0.00001000 0.93969400
vn 0.34211700 -0.00006800 0.93965700
vn 0.34203900 -0.00003900 0.93968600
vn 0.34201500 -0.00000800 0.93969500
vn 0.34201800 -0.00001000 0.93969400
vn 0.34211700 -0.00006800 0.93965700
vn 0.34204300 -0.00003400 0.93968400
vn 0.34203900 -0.00003900 0.93968600
vn 0.34203900 -0.00003900 0.93968600
vn 0.34204300 -0.00003400 0.93968400
vn 0.34201200 -0.00002200 0.93969600
vn 0.34199200 -0.00001600 0.93970300
vn 0.34201200 -0.00002200 0.93969600
vn 0.34204300 -0.00000800 0.93968400
vn 0.34201500 -0.00000800 0.93969500
vn 0.34201800 -0.00001000 0.93969400
vn 0.34201300 -0.00001400 0.93969500
vn 0.34201700 -0.00000500 0.93969400
vn 0.34201500 -0.00000800 0.93969500
vn 0.34201800 0.00000000 0.93969300
vn 0.34204300 -0.00000800 0.93968400
vn 0.34201700 -0.00000500 0.93969400
vn 0.34204300 -0.00000800 0.93968400
vn 0.34195600 -0.00002000 0.93971600
vn 0.34207700 0.00000800 0.93967200
vn 0.34199400 0.00002200 0.93970200
vn 0.34201700 0.00001600 0.93969400
vn 0.34195600 -0.00002000 0.93971600
vn 0.34207700 0.00000800 0.93967200
vn 0.34199400 0.00002200 0.93970200
vn 0.34202100 0.00002200 0.93969200
vn 0.34195600 -0.00002000 0.93971600
vn 0.34201900 -0.00005200 0.93969300
vn 0.34199600 -0.00000200 0.93970100
vn 0.34203000 -0.00002400 0.93968900
vn 0.34202000 0.00000000 0.93969300
vn 0.34203000 -0.00002400 0.93968900
vn 0.34201400 0.00001200 0.93969500
vn 0.34201900 -0.00005200 0.93969300
vn 0.34200100 0.00024300 0.93969900
vn 0.34198600 -0.00001100 0.93970500
vn 0.34199600 -0.00000200 0.93970100
vn 0.34203500 0.00000200 0.93968700
vn 0.34203000 -0.00002400 0.93968900
vn 0.34196900 -0.00001200 0.93971100
vn 0.34200100 0.00000000 0.93970000
vn 0.34201800 0.00000000 0.93969300
vn 0.34201700 -0.00000500 0.93969400
vn 0.34201100 0.00000500 0.93969600
vn 0.34201400 -0.00000400 0.93969500
vn 0.34201500 -0.00000000 0.93969400
vn 0.34204600 0.00000100 0.93968300
vn 0.34202900 -0.00000200 0.93968900
vn 0.34204600 0.00000100 0.93968300
vn 0.34201100 0.00000500 0.93969600
vn 0.34203200 0.00001200 0.93968800
vn 0.34202900 -0.00000200 0.93968900
vn 0.34204600 0.00000100 0.93968300
vn 0.34199800 -0.00001100 0.93970100
vn 0.34202900 -0.00000200 0.93968900
vn 0.34203200 0.00001200 0.93968800
vn 0.34201000 0.00000000 0.93969600
vn 0.34199800 -0.00001100 0.93970100
vn 0.34196900 -0.00001200 0.93971100
vn 0.34198600 -0.00001100 0.93970500
vn 0.34198600 -0.00001100 0.93970500
vn 0.34200100 0.00024300 0.93969900
vn 0.34199600 -0.00000200 0.93970100
vn 0.34200100 0.00024300 0.93969900
vn 0.34203800 -0.00000700 0.93968600
vn 0.34203700 -0.00001000 0.93968600
vn 0.34203700 -0.00001000 0.93968600
vn 0.34201100 -0.00001100 0.93969600
vn 0.34201100 0.00000500 0.93969600
vn 0.34201100 -0.00001100 0.93969600
vn 0.34202300 0.00000500 0.93969200
vn 0.34201100 0.00000500 0.93969600
vn 0.34202300 0.00000500 0.93969200
vn 0.34200900 -0.00004600 0.93969700
vn 0.34201100 0.00000500 0.93969600
vn 0.34202300 0.00000500 0.93969200
vn 0.34200900 -0.00004600 0.93969700
vn 0.34201000 0.00001300 0.93969600
vn 0.34201600 0.00000300 0.93969400
vn 0.34201500 -0.00000000 0.93969400
vn 0.34199300 0.00000100 0.93970200
vn 0.34202300 -0.00000200 0.93969200
vn 0.34201500 -0.00000000 0.93969400
vn 0.34202300 -0.00000200 0.93969200
vn 0.34201400 -0.00000400 0.93969500
vn 0.34201100 0.00000500 0.93969600
vn 0.34201400 -0.00000400 0.93969500
vn 0.34202300 0.00001900 0.93969200
vn 0.34200400 0.00000800 0.93969900
vn 0.34200800 0.00003200 0.93969700
vn 0.34200400 0.00000800 0.93969900
vn 0.34202300 0.00001900 0.93969200
vn 0.34200400 0.00000800 0.93969900
vn 0.34199400 0.00002200 0.93970200
vn 0.34202300 0.00000000 0.93969200
vn 0.34200800 0.00003200 0.93969700
vn 0.34201700 0.00001600 0.93969400
vn 0.34197900 -0.00001400 0.93970700
vn 0.34200800 0.00003200 0.93969700
vn 0.34202300 0.00000000 0.93969200
vn 0.34198300 -0.00000600 0.93970600
vn 0.34197900 -0.00001400 0.93970700
vn 0.34195900 0.00001900 0.93971500
vn 0.34202300 0.00000000 0.93969200
vn 0.34203700 -0.00000700 0.93968700
vn 0.34199300 0.00000100 0.93970200
vn 0.34198300 -0.00000600 0.93970600
vn 0.34197900 -0.00001400 0.93970700
vn 0.34198300 -0.00000600 0.93970600
vn 0.34195900 0.00001900 0.93971500
vn 0.34201700 0.00001600 0.93969400
vn 0.34202300 0.00001900 0.93969200
vn 0.34203600 -0.00020500 0.93968700
vn 0.34199400 -0.00000600 0.93970200
vn 0.34207600 -0.00000400 0.93967200
vn 0.34199400 -0.00000600 0.93970200
vn 0.34202400 0.00001900 0.93969100
vn 0.34203600 -0.00020500 0.93968700
vn 0.34201400 0.00001200 0.93969500
vn 0.34202000 0.00002900 0.93969300
vn 0.34199400 -0.00000600 0.93970200
vn 0.34207600 -0.00000400 0.93967200
vn 0.34207600 -0.00000400 0.93967200
vn 0.34203800 -0.00005300 0.93968600
vn 0.34202400 0.00001900 0.93969100
vn 0.34200100 -0.00003000 0.93970000
vn 0.34203800 -0.00005300 0.93968600
vn 0.34202400 0.00001900 0.93969100
vn 0.34200300 -0.00003700 0.93969900
vn 0.34202000 0.00000000 0.93969300
vn 0.34201900 -0.00005200 0.93969300
vn 0.34201400 0.00001200 0.93969500
vn 0.34202000 0.00002900 0.93969300
vn 0.34202000 0.00000000 0.93969300
vn 0.34203600 -0.00020500 0.93968700
vn 0.34202000 0.00002900 0.93969300
vn 0.34202900 0.00034000 0.93968900
vn 0.34201800 -0.00000800 0.93969300
vn 0.34201800 -0.00000800 0.93969300
vn 0.34198500 0.00000300 0.93970600
vn 0.34198300 -0.00002700 0.93970600
vn 0.34201800 -0.00000800 0.93969300
vn 0.34202900 0.00034000 0.93968900
vn 0.34203700 0.00000400 0.93968600
vn 0.34201200 -0.00002700 0.93969600
vn 0.34207700 0.00000800 0.93967200
vn 0.34202100 0.00002200 0.93969200
vn 0.34200000 -0.00003300 0.93970000
vn 0.34205500 -0.00006000 0.93968000
vn 0.34201200 -0.00002700 0.93969600
vn 0.34202100 0.00002200 0.93969200
vn 0.34201200 -0.00002700 0.93969600
vn 0.34200000 -0.00003300 0.93970000
vn 0.34201400 -0.00002000 0.93969500
vn 0.34202700 -0.00002800 0.93969000
vn 0.34201700 -0.00005200 0.93969400
vn 0.34201400 -0.00002000 0.93969500
vn 0.34201400 -0.00002000 0.93969500
vn 0.34202700 -0.00002800 0.93969000
vn 0.34200100 -0.00003000 0.93970000
vn 0.34195700 0.00007700 0.93971500
vn 0.34204700 0.00000400 0.93968300
vn 0.34201700 -0.00005200 0.93969400
vn 0.34201700 -0.00005200 0.93969400
vn 0.34204700 0.00000400 0.93968300
vn 0.34197600 0.00002000 0.93970900
vn 0.34204700 0.00000400 0.93968300
vn 0.34197600 0.00002000 0.93970900
vn 0.34201600 0.00001900 0.93969400
vn 0.34197600 0.00002000 0.93970900
vn 0.34201200 0.00003100 0.93969600
vn 0.34201600 0.00001900 0.93969400
vn 0.34200800 0.00000900 0.93969700
vn 0.34204400 -0.00000100 0.93968400
vn 0.34200300 0.00000000 0.93969900
vn 0.34201600 0.00001900 0.93969400
vn 0.34201200 0.00003100 0.93969600
vn 0.34201200 0.00003100 0.93969600
vn 0.34204400 -0.00000100 0.93968400
vn 0.34200300 -0.00003700 0.93969900
vn 0.34203800 -0.00005300 0.93968600
vn 0.34195700 0.00007700 0.93971500
vn 0.34200100 -0.00003000 0.93970000
vn 0.34200300 -0.00003700 0.93969900
vn 0.34202700 -0.00002800 0.93969000
vn 0.34195700 0.00007700 0.93971500
vn 0.34202400 -0.00002900 0.93969100
vn 0.34194600 0.00027800 0.93972000
vn 0.34203700 0.00000400 0.93968600
vn 0.34194600 0.00027800 0.93972000
vn 0.34198300 -0.00002700 0.93970600
vn 0.34198300 -0.00002700 0.93970600
vn 0.34202900 0.00034000 0.93968900
vn 0.34204400 -0.00000100 0.93968400
vn 0.34200300 0.00000000 0.93969900
vn 0.34200800 0.00000900 0.93969700
vn 0.34200300 0.00000000 0.93969900
vn 0.34205500 -0.00006000 0.93968000
vn 0.34200800 0.00000900 0.93969700
vn 0.34205500 -0.00006000 0.93968000
vn 0.34200000 -0.00003300 0.93970000
vn 0.34195900 0.00001900 0.93971500
vn 0.34203700 -0.00000700 0.93968700
vn 0.34199300 0.00000100 0.93970200
vn 0.34201600 0.00000300 0.93969400
vn 0.34203700 -0.00000700 0.93968700
vn 0.34201600 0.00000300 0.93969400
vn 0.34202300 -0.00000200 0.93969200
vn 0.34198500 0.00000300 0.93970600
vn 0.34204700 -0.00000100 0.93968300
vn 0.34200100 0.00000000 0.93970000
vn 0.34198500 0.00000300 0.93970600
vn 0.34204700 -0.00000100 0.93968300
vn 0.34204700 -0.00000100 0.93968300
vn 0.34200100 0.00000000 0.93970000
vn 0.34203500 0.00000200 0.93968700
vn 0.34203500 0.00000200 0.93968700
vn 0.34196900 -0.00001200 0.93971100
vn -0.34203000 0.00001900 -0.93968900
vn -0.34201900 0.00001800 -0.93969300
vn -0.34201900 0.00000100 -0.93969300
vn -0.34202500 -0.00000600 -0.93969100
vn -0.34201900 0.00001800 -0.93969300
vn -0.34203000 0.00001900 -0.93968900
vn -0.34200300 0.00000600 -0.93969900
vn -0.34216800 -0.00012900 -0.93963900
vn -0.34201900 0.00001800 -0.93969300
vn -0.34202500 -0.00000600 -0.93969100
vn -0.34202100 -0.00004200 -0.93969200
vn -0.34202500 -0.00000600 -0.93969100
vn -0.34204100 -0.00001400 -0.93968500
vn -0.34202100 -0.00004200 -0.93969200
vn -0.34202100 -0.00004200 -0.93969200
vn -0.34203700 -0.00000800 -0.93968700
vn -0.34204100 -0.00001400 -0.93968500
vn -0.34201900 -0.00000100 -0.93969300
vn -0.34204000 0.00003000 -0.93968500
vn -0.34203700 -0.00000800 -0.93968700
vn -0.34204100 -0.00001400 -0.93968500
vn -0.34202800 0.00000100 -0.93969000
vn -0.34203700 -0.00000800 -0.93968700
vn -0.34204000 0.00003000 -0.93968500
vn -0.34203700 0.00000700 -0.93968600
vn -0.34203700 0.00000800 -0.93968700
vn -0.34205000 -0.00000800 -0.93968200
vn -0.34202800 0.00001100 -0.93969000
vn -0.34203700 0.00000700 -0.93968600
vn -0.34199100 0.00001200 -0.93970300
vn -0.34202700 -0.00000000 -0.93969000
vn -0.34203700 0.00000700 -0.93968600
vn -0.34203700 0.00000800 -0.93968700
vn -0.34202900 0.00001100 -0.93968900
vn -0.34200900 -0.00001000 -0.93969600
vn -0.34199400 0.00002800 -0.93970200
vn -0.34201200 0.00000100 -0.93969600
vn -0.34202700 -0.00000000 -0.93969000
vn -0.34202700 -0.00000000 -0.93969000
vn -0.34199400 0.00002800 -0.93970200
vn -0.34202900 0.00001100 -0.93968900
vn -0.34202900 0.00001100 -0.93968900
vn -0.34203700 0.00000800 -0.93968700
vn -0.34199000 -0.00000700 -0.93970400
vn -0.34198200 -0.00001800 -0.93970700
vn -0.34199000 -0.00000700 -0.93970400
vn -0.34199500 0.00006900 -0.93970200
vn -0.34198200 -0.00001800 -0.93970700
vn -0.34201900 0.00000000 -0.93969300
vn -0.34199000 -0.00000700 -0.93970400
vn -0.34203800 -0.00003100 -0.93968600
vn -0.34199500 0.00006900 -0.93970200
vn -0.34200900 -0.00001000 -0.93969600
vn -0.34205000 -0.00000800 -0.93968200
vn -0.34205000 -0.00000800 -0.93968200
vn -0.34202800 0.00001100 -0.93969000
vn -0.34202800 0.00001100 -0.93969000
vn -0.34199100 0.00001200 -0.93970300
vn -0.34203000 -0.00002600 -0.93968900
vn -0.34195800 -0.00000900 -0.93971500
vn -0.34202200 0.00000700 -0.93969200
vn -0.34199100 0.00001200 -0.93970300
vn -0.34199500 0.00006900 -0.93970200
vn -0.34203800 -0.00003100 -0.93968600
vn -0.34200900 -0.00001000 -0.93969600
vn -0.34203800 -0.00003100 -0.93968600
vn -0.34201200 0.00000100 -0.93969600
vn -0.34199400 0.00002800 -0.93970200
vn -0.34201200 0.00000100 -0.93969600
vn -0.34203200 -0.00001600 -0.93968800
vn -0.34197600 -0.00002400 -0.93970900
vn -0.34197600 -0.00002400 -0.93970900
vn -0.34200500 0.00000600 -0.93969800
vn -0.34200500 0.00000600 -0.93969800
vn -0.34200100 0.00001400 -0.93970000
vn -0.34203200 -0.00001600 -0.93968800
vn -0.34197600 -0.00002400 -0.93970900
vn -0.34204700 -0.00001900 -0.93968300
vn -0.34200500 0.00000600 -0.93969800
vn -0.34200100 0.00001400 -0.93970000
vn -0.34201900 -0.00000100 -0.93969300
vn -0.34200100 0.00001400 -0.93970000
vn -0.34203000 0.00002100 -0.93968900
vn -0.34203000 0.00002100 -0.93968900
vn -0.34201900 -0.00000100 -0.93969300
vn -0.34202800 0.00000100 -0.93969000
vn -0.34203000 0.00002100 -0.93968900
vn -0.34202800 0.00000100 -0.93969000
vn -0.34204000 0.00003000 -0.93968500
vn -0.34206200 0.00000800 -0.93967700
vn -0.34203200 -0.00001600 -0.93968800
vn -0.34204700 -0.00001900 -0.93968300
vn -0.34201800 -0.00000400 -0.93969300
vn -0.34204700 -0.00001900 -0.93968300
vn -0.34206200 0.00000800 -0.93967700
vn -0.34203500 -0.00000700 -0.93968700
vn -0.34200600 0.00000600 -0.93969800
vn -0.34206200 0.00000800 -0.93967700
vn -0.34203500 -0.00000700 -0.93968700
vn -0.34203000 -0.00002600 -0.93968900
vn -0.34203000 -0.00002600 -0.93968900
vn -0.34195800 -0.00000900 -0.93971500
vn -0.34195800 -0.00000900 -0.93971500
vn -0.34202200 0.00000700 -0.93969200
vn -0.34203800 -0.00001400 -0.93968600
vn -0.34202200 0.00000700 -0.93969200
vn -0.34202100 -0.00002600 -0.93969200
vn -0.34211100 -0.00001800 -0.93966000
vn -0.34202900 0.00002500 -0.93968900
vn -0.34210000 -0.00001600 -0.93966300
vn -0.34200200 -0.00000000 -0.93969900
vn -0.34210000 -0.00001600 -0.93966300
vn -0.34202900 0.00002500 -0.93968900
vn -0.34201300 0.00000500 -0.93969500
vn -0.34204300 -0.00000300 -0.93968400
vn -0.34201400 -0.00000200 -0.93969500
vn -0.34202900 0.00002500 -0.93968900
vn -0.34204300 -0.00000300 -0.93968400
vn -0.34201400 0.00001000 -0.93969500
vn -0.34201400 -0.00000200 -0.93969500
vn -0.34204300 -0.00000300 -0.93968400
vn -0.34201300 -0.00001000 -0.93969500
vn -0.34201400 -0.00003200 -0.93969500
vn -0.34206600 0.00002700 -0.93967600
vn -0.34215300 0.00011000 -0.93964400
vn -0.34201400 -0.00003200 -0.93969500
vn -0.34200400 0.00002000 -0.93969900
vn -0.34201400 -0.00003200 -0.93969500
vn -0.34200400 0.00002000 -0.93969900
vn -0.34203700 -0.00000600 -0.93968600
vn -0.34206600 0.00002700 -0.93967600
vn -0.34200000 -0.00000600 -0.93970000
vn -0.34199400 -0.00001200 -0.93970200
vn -0.34200400 0.00002000 -0.93969900
vn -0.34215300 0.00011000 -0.93964400
vn -0.34199500 -0.00001500 -0.93970200
vn -0.34216800 -0.00012900 -0.93963900
vn -0.34203000 0.00001900 -0.93968900
vn -0.34201900 0.00000100 -0.93969300
vn -0.34216800 -0.00012900 -0.93963900
vn -0.34201900 0.00000100 -0.93969300
vn -0.34200300 0.00000600 -0.93969900
vn -0.34200300 0.00002000 -0.93969900
vn -0.34201800 -0.00000400 -0.93969300
vn -0.34201400 -0.00000600 -0.93969500
vn -0.34202600 0.00000300 -0.93969100
vn -0.34200600 0.00000600 -0.93969800
vn -0.34202600 0.00000300 -0.93969100
vn -0.34201800 -0.00000400 -0.93969300
vn -0.34203500 -0.00000700 -0.93968700
vn -0.34200600 0.00000600 -0.93969800
vn -0.34202800 -0.00001200 -0.93969000
vn -0.34201400 -0.00000600 -0.93969500
vn -0.34202300 0.00001100 -0.93969200
vn -0.34202400 0.00000700 -0.93969100
vn -0.34200300 0.00002000 -0.93969900
vn -0.34202800 -0.00001200 -0.93969000
vn -0.34201400 -0.00000600 -0.93969500
vn -0.34202600 0.00000300 -0.93969100
vn -0.34200300 0.00002000 -0.93969900
vn -0.34202900 0.00000800 -0.93968900
vn -0.34201400 0.00001000 -0.93969500
vn -0.34206300 -0.00000800 -0.93967700
vn -0.34201400 0.00001000 -0.93969500
vn -0.34206300 -0.00000800 -0.93967700
vn -0.34201300 -0.00001000 -0.93969500
vn -0.34201400 -0.00000200 -0.93969500
vn -0.34201300 -0.00001000 -0.93969500
vn -0.34201600 -0.00000600 -0.93969400
vn -0.34201800 -0.00000000 -0.93969300
vn -0.34203300 0.00000300 -0.93968800
vn -0.34200500 0.00001200 -0.93969800
vn -0.34203300 0.00000300 -0.93968800
vn -0.34200500 0.00001200 -0.93969800
vn -0.34202900 0.00000800 -0.93968900
vn -0.34203300 0.00000300 -0.93968800
vn -0.34202900 0.00000800 -0.93968900
vn -0.34206300 -0.00000800 -0.93967700
vn -0.34200300 0.00000600 -0.93969900
vn -0.34198500 0.00000600 -0.93970500
vn -0.34198500 0.00000600 -0.93970500
vn -0.34205100 -0.00000000 -0.93968100
vn -0.34205100 -0.00000000 -0.93968100
vn -0.34203700 -0.00000200 -0.93968700
vn -0.34198500 0.00000600 -0.93970500
vn -0.34205100 -0.00000000 -0.93968100
vn -0.34203700 -0.00000200 -0.93968700
vn -0.34203000 0.00000100 -0.93968900
vn -0.34203700 -0.00000200 -0.93968700
vn -0.34203000 0.00000100 -0.93968900
vn -0.34203900 0.00000100 -0.93968600
vn -0.34203000 0.00000100 -0.93968900
vn -0.34203900 0.00000100 -0.93968600
vn -0.34203000 0.00000300 -0.93968900
vn -0.34203000 0.00000300 -0.93968900
vn -0.34203900 0.00000100 -0.93968600
vn -0.34200800 -0.00000200 -0.93969700
vn -0.34200800 -0.00000200 -0.93969700
vn -0.34200300 -0.00000200 -0.93969900
vn -0.34203000 0.00000300 -0.93968900
vn -0.34200800 -0.00000200 -0.93969700
vn -0.34200300 -0.00000200 -0.93969900
vn -0.34201900 0.00000000 -0.93969300
vn -0.34200300 -0.00000200 -0.93969900
vn -0.34201900 0.00000000 -0.93969300
vn -0.34198200 -0.00001800 -0.93970700
vn -0.34215300 0.00011000 -0.93964400
vn -0.34199400 -0.00001200 -0.93970200
vn -0.34199400 -0.00001200 -0.93970200
vn -0.34199500 -0.00001500 -0.93970200
vn -0.34205200 0.00001200 -0.93968100
vn -0.34205200 0.00001200 -0.93968100
vn -0.34199500 -0.00001500 -0.93970200
vn -0.34202700 0.00001900 -0.93969000
vn -0.34200700 -0.00003600 -0.93969800
vn -0.34203700 -0.00000600 -0.93968600
vn -0.34221500 0.00002600 -0.93962200
vn -0.34199800 0.00000100 -0.93970100
vn -0.34202900 -0.00002700 -0.93969000
vn -0.34202900 -0.00002700 -0.93969000
vn -0.34203700 -0.00000600 -0.93968600
vn -0.34200000 -0.00000600 -0.93970000
vn -0.34200000 -0.00000600 -0.93970000
vn -0.34206600 0.00002700 -0.93967600
vn -0.34203800 -0.00001400 -0.93968600
vn -0.34211100 -0.00001800 -0.93966000
vn -0.34203800 -0.00001400 -0.93968600
vn -0.34202100 -0.00002600 -0.93969200
vn -0.34199100 0.00000400 -0.93970300
vn -0.34211100 -0.00001800 -0.93966000
vn -0.34202200 -0.00000400 -0.93969200
vn -0.34202100 -0.00002600 -0.93969200
vn -0.34199100 0.00000400 -0.93970300
vn -0.34202700 0.00000500 -0.93969000
vn -0.34200200 -0.00000000 -0.93969900
vn -0.34210000 -0.00001600 -0.93966300
vn -0.34200200 -0.00000000 -0.93969900
vn -0.34201300 0.00000500 -0.93969500
vn -0.34201000 0.00001000 -0.93969600
vn -0.34201000 0.00001000 -0.93969600
vn -0.34202400 0.00000700 -0.93969100
vn -0.34201300 0.00000500 -0.93969500
vn -0.34202300 0.00001100 -0.93969200
vn -0.34202400 0.00000700 -0.93969100
vn -0.34201000 0.00001000 -0.93969600
vn -0.34202800 -0.00001200 -0.93969000
vn -0.34202300 0.00001100 -0.93969200
vn -0.34200700 -0.00003600 -0.93969800
vn -0.34205200 0.00001200 -0.93968100
vn -0.34202700 0.00001900 -0.93969000
vn -0.34202900 0.00001700 -0.93968900
vn -0.34200700 -0.00003600 -0.93969800
vn -0.34202700 0.00001900 -0.93969000
vn -0.34202900 0.00001700 -0.93968900
vn -0.34201700 -0.00000100 -0.93969400
vn -0.34202900 0.00001700 -0.93968900
vn -0.34201700 -0.00000100 -0.93969400
vn -0.34201800 -0.00000100 -0.93969300
vn -0.34201700 -0.00000100 -0.93969400
vn -0.34201800 -0.00000100 -0.93969300
vn -0.34202700 -0.00000100 -0.93969000
vn -0.34201700 0.00000300 -0.93969400
vn -0.34201100 0.00001100 -0.93969600
vn -0.34203700 0.00000700 -0.93968600
vn -0.34203300 -0.00000000 -0.93968800
vn -0.34203300 -0.00000000 -0.93968800
vn -0.34200900 0.00002500 -0.93969700
vn -0.34203700 0.00000700 -0.93968600
vn -0.34200900 0.00002500 -0.93969700
vn -0.34203300 -0.00000000 -0.93968800
vn -0.34199800 0.00000100 -0.93970100
vn -0.34200900 0.00002500 -0.93969700
vn -0.34199800 0.00000100 -0.93970100
vn -0.34221500 0.00002600 -0.93962200
vn -0.34202900 -0.00002700 -0.93969000
vn -0.34221500 0.00002600 -0.93962200
vn -0.34199100 0.00000400 -0.93970300
vn -0.34202700 0.00000500 -0.93969000
vn -0.34202200 -0.00000400 -0.93969200
vn -0.34202700 0.00000500 -0.93969000
vn -0.34201100 0.00001100 -0.93969600
vn -0.34202200 -0.00000400 -0.93969200
vn -0.34201100 0.00001100 -0.93969600
vn -0.34203700 0.00000700 -0.93968600
vn -0.34201800 -0.00000100 -0.93969300
vn -0.34201700 0.00000300 -0.93969400
vn -0.34201700 0.00000300 -0.93969400
vn -0.34201200 -0.00000200 -0.93969600
vn -0.34202700 -0.00000100 -0.93969000
vn -0.34201200 -0.00000200 -0.93969600
vn -0.34202700 -0.00000100 -0.93969000
vn -0.34202600 0.00000400 -0.93969000
vn -0.34201200 -0.00000200 -0.93969600
vn -0.34202600 0.00000400 -0.93969000
vn -0.34199400 0.00000100 -0.93970200
vn -0.34202600 0.00000400 -0.93969000
vn -0.34200200 0.00001200 -0.93969900
vn -0.34199400 0.00000100 -0.93970200
vn -0.34201900 -0.00000200 -0.93969300
vn -0.34200200 0.00001200 -0.93969900
vn -0.34199400 0.00000100 -0.93970200
vn -0.34200200 0.00001200 -0.93969900
vn -0.34201700 -0.00000400 -0.93969400
vn -0.34201900 -0.00000200 -0.93969300
vn -0.34201900 -0.00000200 -0.93969300
vn -0.34201100 0.00000200 -0.93969600
vn -0.34201700 -0.00000400 -0.93969400
vn -0.34200700 -0.00000500 -0.93969700
vn -0.34201700 -0.00000400 -0.93969400
vn -0.34204400 0.00000600 -0.93968400
vn -0.34201100 0.00000200 -0.93969600
vn -0.34200700 -0.00000500 -0.93969700
vn -0.34201100 0.00000200 -0.93969600
vn -0.34200700 -0.00000500 -0.93969700
vn -0.34201700 0.00001800 -0.93969400
vn -0.34204400 0.00000600 -0.93968400
vn -0.34203400 -0.00002600 -0.93968800
vn -0.34204400 0.00000600 -0.93968400
vn -0.34201700 0.00001800 -0.93969400
vn -0.34203400 -0.00002600 -0.93968800
vn -0.34201700 0.00001800 -0.93969400
vn -0.34201800 -0.00000000 -0.93969300
vn -0.34201600 -0.00000600 -0.93969400
vn -0.34203400 -0.00002600 -0.93968800
vn -0.34201800 -0.00000000 -0.93969300
vn -0.34201600 -0.00000600 -0.93969400
vn -0.34200500 0.00001200 -0.93969800
vn 0.24266300 -0.96608500 -0.08828500
vn 0.19939300 -0.97563800 -0.09150500
vn 0.31323000 -0.94280900 -0.11400700
vn 0.34845800 -0.92870400 -0.12682800
vn 0.44844600 -0.87877800 -0.16323400
vn 0.51147800 -0.83888700 -0.18616900
vn -0.93599100 -0.08880900 0.34063700
vn -0.93599200 -0.08881000 0.34063400
vn -0.89777600 -0.29532800 0.32677100
vn -0.85734500 -0.40936800 0.31205500
vn -0.74102000 -0.61494300 0.26969300
vn -0.66522600 -0.70629200 0.24212800
vn -0.48799300 -0.85459000 0.17759100
vn -0.38666300 -0.91142000 0.14073300
vn -0.17679300 -0.98214100 0.06436800
vn -0.07158600 -0.99743400 0.00059700
vn 0.09267400 -0.99395200 -0.05892000
vn -0.93264600 0.12229000 0.33943600
vn -0.93788600 0.06200800 0.34135800
vn -0.93967000 0.00169000 0.34207700
vn 0.20782800 0.97523700 -0.07562600
vn 0.13326300 0.98989300 -0.04850800
vn -0.05464400 0.99830800 0.01988100
vn -0.16839800 0.98381300 0.06127500
vn -0.38374200 0.91281800 0.13966300
vn -0.48525500 0.85635400 0.17659300
vn -0.66297900 0.70867600 0.24132400
vn -0.73906800 0.61758600 0.26900900
vn -0.85603700 0.41247300 0.31155400
vn -0.89684100 0.29854800 0.32641100
vn 0.51413100 0.83704600 -0.18714200
vn 0.45124200 0.87715800 -0.16423900
vn 0.35140600 0.92744600 -0.12789700
vn 0.31622800 0.94167500 -0.11510100
vn 0.93553600 0.09398300 -0.34049900
vn 0.92807100 0.15682200 -0.33777500
vn 0.88722400 0.32948800 -0.32291100
vn 0.84519300 0.43705800 -0.30761800
vn 0.72916600 0.63076500 -0.26542800
vn 0.65529300 0.71672900 -0.23851900
vn 0.92757100 -0.16015200 -0.33758300
vn 0.93523300 -0.09733800 -0.34038700
vn 0.93941100 -0.02441100 -0.34192200
vn 0.92719100 -0.01359000 -0.37434100
vn 0.92725400 0.00174000 -0.37442800
vn 0.93033300 0.01797200 -0.36627500
vn 0.93949100 0.02127500 -0.34191400
vn 0.65300800 -0.71908500 -0.23769000
vn 0.72716400 -0.63338200 -0.26468700
vn 0.84382000 -0.44006100 -0.30710500
vn 0.88617800 -0.33267500 -0.32251500
vn 0.34204500 0.00000900 0.93968400
vn 0.34194300 -0.00003500 0.93972100
vn 0.34206100 0.00001600 0.93967800
vn 0.34204500 0.00000900 0.93968400
vn 0.34206100 0.00001600 0.93967800
vn 0.34204500 0.00000900 0.93968400
vn 0.34201700 -0.00000300 0.93969400
vn 0.34202600 0.00000100 0.93969000
vn 0.34202800 0.00000100 0.93969000
vn 0.34202800 0.00000100 0.93969000
vn 0.34202900 -0.00000000 0.93969000
vn 0.34194300 -0.00003500 0.93972100
vn 0.34210100 -0.00001200 0.93966300
vn 0.34181300 0.00000000 0.93976800
vn 0.34202600 0.00000100 0.93969000
vn 0.34206100 0.00001600 0.93967800
vn 0.34204100 -0.00000900 0.93968500
vn 0.34193100 0.00002700 0.93972500
vn 0.34193100 0.00002700 0.93972500
vn 0.34204800 0.00000300 0.93968200
vn 0.34204100 -0.00000900 0.93968500
vn 0.34202900 -0.00000000 0.93969000
vn 0.34193100 0.00002700 0.93972500
vn 0.34204800 0.00000300 0.93968200
vn 0.34201200 0.00000300 0.93969500
vn 0.34204800 0.00000300 0.93968200
vn 0.34201700 -0.00000300 0.93969400
vn 0.34202900 -0.00000000 0.93969000
vn 0.34194300 -0.00003500 0.93972100
vn 0.34201700 -0.00000300 0.93969400
vn 0.34203000 -0.00000100 0.93968900
vn 0.34202900 -0.00000300 0.93969000
vn 0.34201200 0.00000300 0.93969500
vn 0.34204100 -0.00000900 0.93968500
vn 0.34203100 0.00000100 0.93968900
vn 0.34201000 0.00000100 0.93969600
vn 0.34201200 0.00000300 0.93969500
vn 0.34203000 -0.00000100 0.93968900
vn 0.34202900 -0.00000300 0.93969000
vn 0.34203000 -0.00000100 0.93968900
vn 0.34195900 -0.00000400 0.93971500
vn 0.34203500 0.00000000 0.93968700
vn 0.34203500 0.00000000 0.93968700
vn 0.34202000 -0.00000500 0.93969300
vn 0.34202100 -0.00000500 0.93969200
vn 0.34203200 0.00000500 0.93968800
vn 0.34202000 -0.00000500 0.93969300
vn 0.34203000 -0.00000100 0.93968900
vn 0.34203100 0.00000100 0.93968900
vn 0.34203400 -0.00000100 0.93968800
vn 0.34203500 0.00000000 0.93968700
vn 0.34195900 -0.00000400 0.93971500
vn 0.34205100 -0.00000100 0.93968100
vn 0.34203400 -0.00000100 0.93968800
vn 0.34195900 -0.00000400 0.93971500
vn 0.34201500 0.00001600 0.93969400
vn 0.34201500 0.00001400 0.93969500
vn 0.34201100 0.00000200 0.93969600
vn 0.34197900 -0.00000200 0.93970700
vn 0.34195600 -0.00000100 0.93971600
vn 0.34202800 0.00000100 0.93969000
vn 0.34201500 0.00001600 0.93969400
vn 0.34201900 -0.00000600 0.93969300
vn 0.34198500 0.00000000 0.93970500
vn 0.34193700 0.00000800 0.93972300
vn 0.34201500 0.00001400 0.93969500
vn 0.34202800 0.00009100 0.93969000
vn 0.34201900 0.00001000 0.93969300
vn 0.34203400 -0.00001000 0.93968800
vn 0.34202800 0.00000100 0.93969000
vn 0.34202800 0.00000100 0.93969000
vn 0.34202200 -0.00001500 0.93969200
vn 0.34201500 0.00001600 0.93969400
vn 0.34193700 0.00000800 0.93972300
vn 0.34202800 0.00000100 0.93969000
vn 0.34193700 0.00000800 0.93972300
vn 0.34181300 0.00000000 0.93976800
vn 0.34202600 0.00000100 0.93969000
vn 0.34199900 0.00000400 0.93970000
vn 0.34205100 -0.00000100 0.93968100
vn 0.34199900 0.00000400 0.93970000
vn 0.34203000 -0.00000100 0.93968900
vn 0.34203400 -0.00000100 0.93968800
vn 0.34205100 -0.00000100 0.93968100
vn 0.34223400 -0.00007200 0.93961500
vn 0.34202100 0.00000000 0.93969200
vn 0.34199900 0.00000400 0.93970000
vn 0.34223400 -0.00007200 0.93961500
vn 0.34202100 0.00000000 0.93969200
vn 0.34202000 0.00000200 0.93969300
vn 0.34223400 -0.00007200 0.93961500
vn 0.34202100 0.00000000 0.93969200
vn 0.34202000 0.00000200 0.93969300
vn 0.34203300 0.00000300 0.93968800
vn 0.34202000 0.00000200 0.93969300
vn 0.34201900 0.00000400 0.93969300
vn 0.34203300 0.00000300 0.93968800
vn 0.34203300 0.00000300 0.93968800
vn 0.34202800 0.00001000 0.93969000
vn 0.34201900 0.00000400 0.93969300
vn 0.34202400 0.00000300 0.93969100
vn 0.34203100 0.00000100 0.93968900
vn 0.34201000 0.00000100 0.93969600
vn 0.34203000 -0.00000100 0.93968900
vn 0.34202900 -0.00000300 0.93969000
vn 0.34201000 0.00000100 0.93969600
vn 0.34203200 0.00000500 0.93968800
vn 0.34202000 -0.00000500 0.93969300
vn 0.34203200 0.00000500 0.93968800
vn 0.34202100 -0.00000500 0.93969200
vn 0.34200200 0.00003000 0.93969900
vn 0.34202100 -0.00000500 0.93969200
vn 0.34195900 0.00003900 0.93971500
vn 0.34200200 0.00003000 0.93969900
vn 0.34195900 0.00003900 0.93971500
vn 0.34203400 -0.00000900 0.93968700
vn 0.34200200 0.00003000 0.93969900
vn 0.34201300 -0.00001200 0.93969500
vn 0.34202300 -0.00000800 0.93969200
vn 0.34201700 0.00000000 0.93969400
vn 0.34202300 -0.00000800 0.93969200
vn 0.34201500 0.00000000 0.93969500
vn 0.34201700 0.00000000 0.93969400
vn 0.34204000 -0.00001300 0.93968500
vn 0.34210100 -0.00001200 0.93966300
vn 0.34201500 0.00000000 0.93969500
vn 0.34201700 0.00000000 0.93969400
vn 0.34201600 -0.00000800 0.93969400
vn 0.34202200 -0.00001200 0.93969200
vn 0.34201500 0.00000000 0.93969500
vn 0.34201600 -0.00000800 0.93969400
vn 0.34201100 -0.00000800 0.93969600
vn 0.34202800 0.00009100 0.93969000
vn 0.34201500 0.00001400 0.93969500
vn 0.34202800 0.00009100 0.93969000
vn 0.34201900 0.00001000 0.93969300
vn 0.34201800 0.00001100 0.93969300
vn 0.34202300 -0.00000300 0.93969200
vn 0.34201800 0.00001100 0.93969300
vn 0.34201900 0.00001000 0.93969300
vn 0.34202500 -0.00000200 0.93969100
vn 0.34201800 0.00001200 0.93969300
vn 0.34202200 0.00004900 0.93969200
vn 0.34201600 -0.00001000 0.93969400
vn 0.34201900 -0.00000600 0.93969300
vn 0.34201400 -0.00001900 0.93969500
vn 0.34202400 0.00000500 0.93969100
vn 0.34201800 0.00001200 0.93969300
vn 0.34201800 0.00001100 0.93969300
vn 0.34201800 0.00001200 0.93969300
vn 0.34202300 -0.00000300 0.93969200
vn 0.34202300 -0.00000300 0.93969200
vn 0.34200400 -0.00002100 0.93969800
vn 0.34202500 -0.00000200 0.93969100
vn 0.34198300 0.00005200 0.93970600
vn 0.34202900 -0.00001400 0.93968900
vn 0.34202900 0.00002800 0.93968900
vn 0.34198300 -0.00014500 0.93970600
vn 0.34202300 -0.00000900 0.93969200
vn 0.34203200 -0.00000600 0.93968800
vn 0.34202500 0.00000200 0.93969100
vn 0.34200300 0.00001400 0.93969900
vn 0.34199800 0.00007200 0.93970100
vn 0.34202500 -0.00000200 0.93969100
vn 0.34200400 -0.00002100 0.93969800
vn 0.34203600 0.00001400 0.93968700
vn 0.34206200 0.00016200 0.93967700
vn 0.34203600 0.00001400 0.93968700
vn 0.34200400 -0.00002100 0.93969800
vn 0.34202200 -0.00001200 0.93969200
vn 0.34203600 0.00001400 0.93968700
vn 0.34202300 -0.00000900 0.93969200
vn 0.34199800 0.00007200 0.93970100
vn 0.34198300 0.00005200 0.93970600
vn 0.34203400 -0.00000900 0.93968700
vn 0.34199800 0.00007200 0.93970100
vn 0.34203200 -0.00000600 0.93968800
vn 0.34198300 -0.00014500 0.93970600
vn 0.34206200 0.00016200 0.93967700
vn 0.34202900 0.00002800 0.93968900
vn 0.34206200 0.00016200 0.93967700
vn 0.34202800 0.00001000 0.93969000
vn 0.34201900 0.00000400 0.93969300
vn 0.34202800 0.00001000 0.93969000
vn 0.34202400 0.00000300 0.93969100
vn 0.34200600 -0.00000900 0.93969800
vn 0.34202400 0.00000300 0.93969100
vn 0.34200300 -0.00001500 0.93969900
vn 0.34200600 -0.00000900 0.93969800
vn 0.34200600 -0.00000900 0.93969800
vn 0.34202300 0.00000500 0.93969100
vn 0.34200300 -0.00001500 0.93969900
vn 0.34202300 0.00000500 0.93969100
vn 0.34201100 -0.00000900 0.93969600
vn 0.34200300 -0.00001500 0.93969900
vn 0.34202300 0.00000500 0.93969100
vn 0.34201100 -0.00000900 0.93969600
vn 0.34202500 0.00000200 0.93969100
vn 0.34201100 -0.00000900 0.93969600
vn 0.34202500 0.00000200 0.93969100
vn 0.34200300 0.00001400 0.93969900
vn 0.34203400 -0.00000900 0.93968700
vn 0.34200300 0.00001400 0.93969900
vn 0.34203200 -0.00000600 0.93968800
vn 0.34201300 -0.00001200 0.93969500
vn 0.34195900 0.00003900 0.93971500
vn 0.34201300 -0.00001200 0.93969500
vn 0.34198300 -0.00014500 0.93970600
vn 0.34202300 -0.00000900 0.93969200
vn 0.34202200 -0.00001200 0.93969200
vn 0.34201100 -0.00000800 0.93969600
vn 0.34201600 -0.00000800 0.93969400
vn 0.34201100 -0.00000800 0.93969600
vn 0.34202900 -0.00001400 0.93968900
vn 0.34202900 0.00002800 0.93968900
vn 0.34198300 0.00005200 0.93970600
vn 0.34202900 -0.00001400 0.93968900
vn 0.34202300 -0.00000800 0.93969200
vn 0.34204000 -0.00001300 0.93968500
vn 0.34181300 0.00000000 0.93976800
vn 0.34210100 -0.00001200 0.93966300
vn 0.34204000 -0.00001300 0.93968500
vn 0.34205300 -0.00000900 0.93968100
vn 0.34202600 0.00000000 0.93969000
vn 0.34194200 0.00002500 0.93972100
vn 0.34202800 0.00000100 0.93969000
vn 0.34202800 0.00000100 0.93969000
vn 0.34201000 0.00000000 0.93969600
vn 0.34197900 -0.00000200 0.93970700
vn 0.34200100 -0.00000400 0.93970000
vn 0.34202700 0.00000400 0.93969000
vn 0.34202800 0.00000100 0.93969000
vn 0.34202600 0.00000000 0.93969000
vn 0.34202800 0.00000500 0.93969000
vn 0.34205300 -0.00000900 0.93968100
vn 0.34202600 0.00000000 0.93969000
vn 0.34194200 0.00002500 0.93972100
vn 0.34205300 -0.00000900 0.93968100
vn 0.34194200 0.00002500 0.93972100
vn 0.34201800 0.00000600 0.93969400
vn 0.34202600 -0.00001200 0.93969000
vn 0.34202400 0.00000100 0.93969100
vn 0.34200900 0.00001700 0.93969700
vn 0.34202600 -0.00001200 0.93969000
vn 0.34200000 0.00002700 0.93970000
vn 0.34201800 0.00000600 0.93969400
vn 0.34203000 -0.00000700 0.93968900
vn 0.34202600 -0.00001200 0.93969000
vn 0.34200000 0.00002700 0.93970000
vn 0.34202100 0.00000000 0.93969200
vn 0.34200000 0.00002700 0.93970000
vn 0.34203000 -0.00000700 0.93968900
vn 0.34203000 0.00002300 0.93968900
vn 0.34202400 0.00000500 0.93969100
vn 0.34202300 -0.00000400 0.93969200
vn 0.34202100 0.00000000 0.93969200
vn 0.34203000 -0.00000700 0.93968900
vn 0.34203500 -0.00000700 0.93968700
vn 0.34202100 0.00000000 0.93969200
vn 0.34203000 0.00002300 0.93968900
vn 0.34175100 0.00011200 0.93979000
vn 0.34203500 -0.00000700 0.93968700
vn 0.34200700 0.00001400 0.93969700
vn 0.34175100 0.00011200 0.93979000
vn 0.34203500 -0.00000700 0.93968700
vn 0.34200000 0.00003100 0.93970000
vn 0.34175100 0.00011200 0.93979000
vn 0.34200700 0.00001400 0.93969700
vn 0.34201900 -0.00001300 0.93969300
vn 0.34203400 -0.00000400 0.93968800
vn 0.34200000 0.00003100 0.93970000
vn 0.34200700 0.00001400 0.93969700
vn 0.34201600 -0.00001000 0.93969400
vn 0.34201400 -0.00001900 0.93969500
vn 0.34202300 -0.00000400 0.93969200
vn 0.34201400 -0.00001900 0.93969500
vn 0.34202400 0.00000500 0.93969100
vn 0.34202300 -0.00000400 0.93969200
vn 0.34203000 0.00002300 0.93968900
vn 0.34203400 -0.00001000 0.93968800
vn 0.34201100 0.00000200 0.93969600
vn 0.34203400 -0.00001000 0.93968800
vn 0.34198500 0.00000000 0.93970500
vn 0.34201600 -0.00001000 0.93969400
vn 0.34202200 0.00004900 0.93969200
vn 0.34202200 -0.00001500 0.93969200
vn 0.34202200 0.00004900 0.93969200
vn 0.34201900 -0.00000600 0.93969300
vn 0.34201100 0.00000200 0.93969600
vn 0.34202200 -0.00001500 0.93969200
vn 0.34198500 0.00000000 0.93970500
vn 0.34195600 -0.00000100 0.93971600
vn 0.34205400 -0.00000100 0.93968000
vn 0.34202300 -0.00000300 0.93969200
vn 0.34205400 -0.00000100 0.93968000
vn 0.34200100 -0.00000400 0.93970000
vn 0.34205400 -0.00000100 0.93968000
vn 0.34222800 0.00005600 0.93961700
vn 0.34202300 -0.00000300 0.93969200
vn 0.34197900 -0.00000200 0.93970700
vn 0.34195600 -0.00000100 0.93971600
vn 0.34199400 -0.00000700 0.93970200
vn 0.34201900 -0.00001300 0.93969300
vn 0.34202700 -0.00000600 0.93969000
vn 0.34202300 -0.00000300 0.93969200
vn 0.34222800 0.00005600 0.93961700
vn 0.34222800 0.00005600 0.93961700
vn 0.34199400 -0.00000700 0.93970200
vn 0.34202200 -0.00000000 0.93969200
vn 0.34202000 -0.00000100 0.93969300
vn 0.34203200 0.00000400 0.93968800
vn 0.34201000 0.00000000 0.93969600
vn 0.34202000 -0.00000100 0.93969300
vn 0.34203200 0.00000400 0.93968800
vn 0.34202700 0.00000400 0.93969000
vn 0.34201000 0.00000000 0.93969600
vn 0.34203200 0.00000400 0.93968800
vn 0.34202700 0.00000400 0.93969000
vn 0.34202800 0.00000500 0.93969000
vn 0.34200000 0.00003100 0.93970000
vn 0.34203400 -0.00000400 0.93968800
vn 0.34201900 -0.00001300 0.93969300
vn 0.34203400 -0.00000400 0.93968800
vn 0.34202700 -0.00000600 0.93969000
vn 0.34199400 -0.00000700 0.93970200
vn 0.34202700 -0.00000600 0.93969000
vn 0.34202400 0.00000100 0.93969100
vn 0.34201800 0.00000600 0.93969400
vn 0.34200900 0.00001700 0.93969700
vn 0.34202400 0.00000100 0.93969100
vn 0.34202000 0.00000100 0.93969300
vn 0.34202000 0.00000100 0.93969300
vn 0.34200900 0.00001700 0.93969700
vn 0.34201700 -0.00000400 0.93969400
vn 0.34201700 -0.00000400 0.93969400
vn 0.34202200 -0.00000000 0.93969200
vn 0.34202000 0.00000100 0.93969300
vn 0.34201700 -0.00000400 0.93969400
vn 0.34202000 -0.00000100 0.93969300
vn 0.34202200 -0.00000000 0.93969200
vn 0.34200100 -0.00000400 0.93970000
vn 0.34202800 0.00000500 0.93969000
vn 0.00159300 0.99999900 -0.00058000
vn 0.00159300 0.99999900 -0.00058000
vn 0.00159300 0.99999900 -0.00058000
vn 0.00159300 0.99999900 -0.00058000
vn 0.00159300 0.99999900 -0.00058000
vn 0.00159300 0.99999900 -0.00058000
vn -0.00158700 -0.99999900 0.00057700
vn -0.00158500 -0.99999900 0.00057700
vn -0.00158700 -0.99999900 0.00057700
vn -0.00158700 -0.99999900 0.00057700
vn -0.00158500 -0.99999900 0.00057700
vn -0.00158500 -0.99999900 0.00057700
vn 0.93969300 -0.00169900 -0.34201600
vn 0.93969100 -0.00170800 -0.34202000
vn -0.34201600 -0.00000000 -0.93969400
vn -0.34201600 -0.00000000 -0.93969400
vn -0.34201700 0.00000800 -0.93969400
vn -0.34201600 -0.00000000 -0.93969400
vn -0.34201700 0.00000800 -0.93969400
vn -0.34202100 -0.00000000 -0.93969200
vn -0.34202200 -0.00011000 -0.93969200
vn -0.34202100 -0.00000000 -0.93969200
vn -0.34201700 0.00000800 -0.93969400
vn -0.34202100 -0.00000000 -0.93969200
vn -0.34202200 -0.00011000 -0.93969200
vn -0.34202200 -0.00011000 -0.93969200
vn -0.93969200 0.00171000 0.34201700
vn -0.93969200 0.00171800 0.34201700
vn -0.93969100 0.00171700 0.34202000
vn -0.93969100 0.00171900 0.34201900
vn -0.34201700 0.00007300 -0.93969400
vn -0.34201700 -0.00000200 -0.93969400
vn -0.34201700 0.00007300 -0.93969400
vn -0.34202200 0.00000800 -0.93969200
vn -0.34201700 0.00007300 -0.93969400
vn -0.34201700 -0.00001000 -0.93969400
vn -0.34201700 -0.00000200 -0.93969400
vn -0.34202200 0.00000800 -0.93969200
vn -0.34201700 -0.00001000 -0.93969400
vn -0.34202200 0.00000800 -0.93969200
vn -0.34201700 -0.00000200 -0.93969400
vn -0.34201700 -0.00001000 -0.93969400
vn 0.93969200 -0.00169400 -0.34201800
vn 0.93969100 -0.00170200 -0.34201900
vn -0.34202300 -0.00000000 -0.93969200
vn -0.34201800 0.00003400 -0.93969300
vn -0.34202400 -0.00000900 -0.93969100
vn -0.34201100 0.00001500 -0.93969600
vn -0.34200800 0.00000200 -0.93969700
vn -0.34202100 0.00000400 -0.93969200
vn -0.34202300 -0.00000700 -0.93969200
vn -0.34202100 -0.00000000 -0.93969200
vn -0.34201700 -0.00000500 -0.93969400
vn -0.34202200 0.00004200 -0.93969200
vn -0.34202600 0.00001100 -0.93969100
vn -0.34202900 0.00000000 -0.93968900
vn -0.34202300 -0.00000000 -0.93969200
vn -0.34201300 -0.00000600 -0.93969500
vn -0.34201700 -0.00000000 -0.93969400
vn -0.34202400 -0.00000100 -0.93969100
vn -0.34202000 -0.00001300 -0.93969300
vn -0.34202500 -0.00002500 -0.93969100
vn -0.34202400 0.00000100 -0.93969100
vn -0.34202900 -0.00000000 -0.93968900
vn -0.34205200 0.00000200 -0.93968100
vn -0.34201700 -0.00000000 -0.93969400
vn -0.34201800 0.00003400 -0.93969300
vn -0.34201300 0.00000700 -0.93969500
vn -0.34202300 -0.00000100 -0.93969200
vn -0.34201500 -0.00000500 -0.93969500
vn -0.34202300 -0.00000000 -0.93969200
vn -0.34202500 -0.00001300 -0.93969100
vn -0.34202900 0.00000000 -0.93968900
vn -0.34203000 -0.00001400 -0.93968900
vn -0.34202500 -0.00001300 -0.93969100
vn -0.34202900 0.00000000 -0.93968900
vn -0.34237000 -0.00002200 -0.93956500
vn -0.34205300 0.00000500 -0.93968100
vn -0.34202700 0.00000500 -0.93969000
vn -0.34198700 0.00000200 -0.93970500
vn -0.34205300 0.00000500 -0.93968100
vn -0.34200600 0.00000100 -0.93969800
vn -0.34201600 0.00000900 -0.93969400
vn -0.34202700 0.00000500 -0.93969000
vn -0.34189200 -0.00001400 -0.93973900
vn -0.34204800 0.00000400 -0.93968200
vn -0.34198700 0.00000200 -0.93970500
vn -0.34189200 -0.00001400 -0.93973900
vn -0.34191000 0.00000200 -0.93973300
vn -0.34203800 -0.00000000 -0.93968600
vn -0.34205300 0.00000500 -0.93968100
vn -0.34189200 -0.00001400 -0.93973900
vn -0.34204800 0.00000400 -0.93968200
vn -0.34204800 0.00000400 -0.93968200
vn -0.34201700 0.00000800 -0.93969400
vn -0.34201900 -0.00000500 -0.93969300
vn -0.34202200 0.00000900 -0.93969200
vn -0.34202800 -0.00002300 -0.93969000
vn -0.34203000 -0.00001400 -0.93968900
vn -0.34202500 -0.00001300 -0.93969100
vn -0.34202800 -0.00002300 -0.93969000
vn -0.34203000 -0.00001400 -0.93968900
vn -0.34202800 -0.00002300 -0.93969000
vn -0.34201900 -0.00000500 -0.93969300
vn -0.34202800 -0.00001100 -0.93969000
vn -0.34202200 -0.00001300 -0.93969200
vn -0.34201600 0.00000900 -0.93969400
vn -0.34201600 -0.00000300 -0.93969400
vn -0.34202200 -0.00001300 -0.93969200
vn -0.34203000 -0.00000600 -0.93968900
vn -0.34202900 -0.00000000 -0.93968900
vn -0.34192300 -0.00002300 -0.93972800
vn -0.34198600 -0.00000300 -0.93970500
vn -0.34202800 -0.00001100 -0.93969000
vn -0.34201600 0.00000900 -0.93969400
vn -0.34200600 0.00000100 -0.93969800
vn -0.34202200 -0.00001300 -0.93969200
vn -0.34200600 0.00000100 -0.93969800
vn -0.34202700 0.00000500 -0.93969000
vn -0.34201300 0.00001700 -0.93969500
vn -0.34203600 -0.00007000 -0.93968700
vn -0.34201700 0.00000800 -0.93969400
vn -0.34202200 0.00000900 -0.93969200
vn -0.34203600 -0.00007000 -0.93968700
vn -0.34201300 0.00001700 -0.93969500
vn -0.34203600 -0.00007000 -0.93968700
vn -0.34202800 -0.00001100 -0.93969000
vn -0.34201600 -0.00000300 -0.93969400
vn -0.34201600 -0.00000300 -0.93969400
vn -0.34203000 -0.00000600 -0.93968900
vn -0.34203000 -0.00000600 -0.93968900
vn -0.34198600 -0.00000300 -0.93970500
vn -0.34202100 0.00000700 -0.93969200
vn -0.34201900 -0.00000500 -0.93969300
vn -0.34201700 0.00000800 -0.93969400
vn -0.34201300 0.00001700 -0.93969500
vn -0.34202200 0.00000900 -0.93969200
vn -0.34203200 -0.00000400 -0.93968800
vn -0.34201400 0.00001200 -0.93969500
vn -0.34203200 -0.00000400 -0.93968800
vn -0.34202600 -0.00000300 -0.93969000
vn -0.34202000 0.00000800 -0.93969300
vn -0.34201400 0.00001200 -0.93969500
vn -0.34202600 -0.00000300 -0.93969000
vn -0.34203200 -0.00000400 -0.93968800
vn -0.34202600 -0.00000300 -0.93969000
vn -0.34198400 0.00000900 -0.93970600
vn -0.34198700 0.00000200 -0.93970500
vn -0.34237000 -0.00002200 -0.93956500
vn -0.34191000 0.00000200 -0.93973300
vn -0.34198400 0.00000900 -0.93970600
vn -0.34237000 -0.00002200 -0.93956500
vn -0.34198400 0.00000900 -0.93970600
vn -0.34192600 -0.00006400 -0.93972700
vn -0.34185600 -0.00006600 -0.93975200
vn -0.34198600 -0.00000300 -0.93970500
vn -0.34192300 -0.00002300 -0.93972800
vn -0.34204100 0.00000900 -0.93968500
vn -0.34192600 -0.00006400 -0.93972700
vn -0.34202100 0.00000700 -0.93969200
vn -0.34185600 -0.00006600 -0.93975200
vn -0.34199900 -0.00001000 -0.93970000
vn -0.34204100 0.00000900 -0.93968500
vn -0.34213100 0.00003700 -0.93965200
vn -0.34192600 -0.00006400 -0.93972700
vn -0.34204100 0.00000900 -0.93968500
vn -0.34202100 0.00000700 -0.93969200
vn -0.34201700 -0.00000500 -0.93969400
vn -0.34202100 0.00000400 -0.93969200
vn -0.34201700 -0.00000500 -0.93969400
vn -0.34202600 0.00001100 -0.93969100
vn -0.34201000 0.00000700 -0.93969600
vn -0.34234400 -0.00004100 -0.93957500
vn -0.34202400 0.00000100 -0.93969100
vn -0.34233000 -0.00006100 -0.93958000
vn -0.34202000 0.00000800 -0.93969300
vn -0.34199900 -0.00001000 -0.93970000
vn -0.34201400 0.00001200 -0.93969500
vn -0.34199900 -0.00001000 -0.93970000
vn -0.34213100 0.00003700 -0.93965200
vn -0.34202000 0.00000800 -0.93969300
vn -0.34213100 0.00003700 -0.93965200
vn -0.34185600 -0.00006600 -0.93975200
vn -0.34202000 -0.00000500 -0.93969300
vn -0.34203000 -0.00001200 -0.93968900
vn -0.34172700 0.00028300 -0.93979900
vn -0.34215000 -0.00016300 -0.93964500
vn -0.34215000 -0.00016300 -0.93964500
vn -0.34172700 0.00028300 -0.93979900
vn -0.34201700 -0.00000300 -0.93969400
vn -0.34215000 -0.00016300 -0.93964500
vn -0.34202000 -0.00000500 -0.93969300
vn -0.34202000 -0.00001300 -0.93969300
vn -0.34202600 0.00001100 -0.93969100
vn -0.34202100 -0.00000000 -0.93969200
vn -0.34202000 -0.00001300 -0.93969300
vn -0.34203000 -0.00005100 -0.93968900
vn -0.34201500 -0.00000000 -0.93969400
vn -0.34202100 -0.00000000 -0.93969200
vn -0.34201500 -0.00000100 -0.93969400
vn -0.34210000 0.00000600 -0.93966400
vn -0.34201400 0.00002500 -0.93969500
vn -0.34203000 -0.00005100 -0.93968900
vn -0.34220800 0.00000600 -0.93962400
vn -0.34221100 0.00000400 -0.93962300
vn -0.34204700 -0.00000200 -0.93968300
vn -0.34187500 -0.00001600 -0.93974500
vn -0.34202200 0.00004200 -0.93969200
vn -0.34201600 0.00001500 -0.93969400
vn -0.34202400 0.00001300 -0.93969100
vn -0.34200800 -0.00000000 -0.93969700
vn -0.34201100 -0.00001700 -0.93969600
vn -0.34204500 0.00000700 -0.93968400
vn -0.34201400 0.00002500 -0.93969500
vn -0.34203000 -0.00005100 -0.93968900
vn -0.34202400 0.00001300 -0.93969100
vn -0.34201400 0.00002500 -0.93969500
vn -0.34201900 0.00000300 -0.93969300
vn -0.34201700 -0.00000300 -0.93969400
vn -0.34202000 -0.00000500 -0.93969300
vn -0.34201900 0.00000300 -0.93969300
vn -0.34201500 -0.00000100 -0.93969500
vn -0.34203300 -0.00000400 -0.93968800
vn -0.34201700 -0.00000300 -0.93969400
vn -0.34201600 -0.00000400 -0.93969400
vn -0.34201500 -0.00000100 -0.93969500
vn -0.34201900 0.00000300 -0.93969300
vn -0.34172700 0.00028300 -0.93979900
vn -0.34225400 -0.00013400 -0.93960800
vn -0.34203000 -0.00001200 -0.93968900
vn -0.34201000 0.00000700 -0.93969600
vn -0.34225400 -0.00013400 -0.93960800
vn -0.34203000 -0.00001200 -0.93968900
vn -0.34225400 -0.00013400 -0.93960800
vn -0.34221000 -0.00002600 -0.93962400
vn -0.34201000 0.00000700 -0.93969600
vn -0.34220900 0.00003100 -0.93962400
vn -0.34201300 -0.00000600 -0.93969500
vn -0.34202400 0.00000100 -0.93969100
vn -0.34192300 -0.00002300 -0.93972800
vn -0.34201300 -0.00000600 -0.93969500
vn -0.34202900 -0.00000000 -0.93968900
vn -0.34210000 0.00000600 -0.93966400
vn -0.34202400 0.00001300 -0.93969100
vn -0.34210000 0.00000600 -0.93966400
vn -0.34201500 -0.00000100 -0.93969400
vn -0.34216500 0.00000300 -0.93964000
vn -0.34200800 0.00000400 -0.93969700
vn -0.34197600 0.00000300 -0.93970900
vn -0.34201500 -0.00000000 -0.93969400
vn -0.34201200 -0.00000000 -0.93969600
vn -0.34211700 -0.00002600 -0.93965700
vn -0.34202100 -0.00000300 -0.93969200
vn -0.34202000 -0.00000000 -0.93969300
vn -0.34200800 0.00000400 -0.93969700
vn -0.34202100 0.00000100 -0.93969200
vn -0.34201500 -0.00000100 -0.93969400
vn -0.34208400 0.00001300 -0.93966900
vn -0.34201900 -0.00000000 -0.93969300
vn -0.34201900 -0.00000000 -0.93969300
vn -0.34199900 -0.00000500 -0.93970000
vn -0.34203400 -0.00000000 -0.93968800
vn -0.34208400 0.00001300 -0.93966900
vn -0.34202800 0.00000200 -0.93969000
vn -0.34199900 -0.00000500 -0.93970000
vn -0.34201200 -0.00000000 -0.93969600
vn -0.34206200 -0.00004800 -0.93967800
vn -0.34201900 -0.00000000 -0.93969300
vn -0.34202500 0.00003500 -0.93969100
vn -0.34199900 -0.00000500 -0.93970000
vn -0.34203400 -0.00000000 -0.93968800
vn -0.34206200 -0.00004800 -0.93967800
vn -0.34206200 -0.00004800 -0.93967800
vn -0.34202500 0.00003500 -0.93969100
vn -0.34202500 0.00003500 -0.93969100
vn -0.34203400 -0.00000000 -0.93968800
vn -0.34203800 -0.00000000 -0.93968600
vn -0.34203800 -0.00000000 -0.93968600
vn -0.34191000 0.00000200 -0.93973300
vn -0.34202000 -0.00000000 -0.93969300
vn -0.34211700 -0.00002600 -0.93965700
vn -0.34200800 0.00000400 -0.93969700
vn -0.34202000 -0.00000000 -0.93969300
vn -0.34197600 0.00000300 -0.93970900
vn -0.34203300 -0.00000400 -0.93968800
vn -0.34216500 0.00000300 -0.93964000
vn -0.34197600 0.00000300 -0.93970900
vn -0.34201600 -0.00000400 -0.93969400
vn -0.34216500 0.00000300 -0.93964000
vn -0.34203300 -0.00000400 -0.93968800
vn -0.34201600 -0.00000400 -0.93969400
vn -0.34201500 -0.00000100 -0.93969500
vn -0.34202100 -0.00000300 -0.93969200
vn -0.34211700 -0.00002600 -0.93965700
vn -0.34202800 0.00000200 -0.93969000
vn -0.34201200 -0.00000000 -0.93969600
vn -0.34202100 -0.00000300 -0.93969200
vn -0.34208400 0.00001300 -0.93966900
vn -0.34202800 0.00000200 -0.93969000
vn -0.34221100 0.00000400 -0.93962300
vn -0.34197800 0.00000500 -0.93970800
vn -0.34220800 0.00000600 -0.93962400
vn -0.34204700 -0.00000200 -0.93968300
vn -0.34196600 0.00002800 -0.93971200
vn -0.34200600 -0.00000600 -0.93969800
vn -0.34199000 -0.00000200 -0.93970400
vn -0.34221100 0.00000400 -0.93962300
vn -0.34206100 0.00007000 -0.93967800
vn -0.34201500 -0.00001600 -0.93969500
vn -0.34201300 -0.00001900 -0.93969500
vn -0.34206100 0.00007000 -0.93967800
vn -0.34201500 -0.00001600 -0.93969500
vn -0.34200200 -0.00000000 -0.93969900
vn -0.34206100 0.00007000 -0.93967800
vn -0.34197000 0.00011600 -0.93971100
vn -0.34197800 0.00000500 -0.93970800
vn -0.34206000 -0.00001200 -0.93967800
vn -0.34200800 -0.00000000 -0.93969700
vn -0.34220800 0.00000600 -0.93962400
vn -0.34204900 -0.00000600 -0.93968200
vn -0.34199400 0.00002200 -0.93970200
vn -0.34206000 -0.00001200 -0.93967800
vn -0.34199400 0.00002200 -0.93970200
vn -0.34206000 -0.00001200 -0.93967800
vn -0.34199400 0.00002200 -0.93970200
vn -0.34204900 -0.00000600 -0.93968200
vn -0.34200400 0.00001800 -0.93969800
vn -0.34204900 -0.00000600 -0.93968200
vn -0.34197800 0.00000500 -0.93970800
vn -0.34201800 0.00003400 -0.93969300
vn -0.34201300 0.00000700 -0.93969500
vn -0.34200200 -0.00000000 -0.93969900
vn -0.34201500 -0.00001600 -0.93969500
vn -0.34207000 -0.00002300 -0.93967400
vn -0.34201300 -0.00001900 -0.93969500
vn -0.34201300 0.00000700 -0.93969500
vn -0.34201300 -0.00001900 -0.93969500
vn -0.34197000 0.00011600 -0.93971100
vn -0.34207000 -0.00002300 -0.93967400
vn -0.34200200 -0.00000000 -0.93969900
vn -0.34197000 0.00011600 -0.93971100
vn -0.34201500 -0.00000500 -0.93969500
vn -0.34202400 -0.00000600 -0.93969100
vn -0.34202300 -0.00000100 -0.93969200
vn -0.34202400 -0.00000600 -0.93969100
vn -0.34200400 0.00001800 -0.93969800
vn -0.34202300 -0.00000100 -0.93969200
vn -0.34200400 0.00001800 -0.93969800
vn -0.34202400 -0.00000600 -0.93969100
vn -0.34200600 -0.00000600 -0.93969800
vn -0.34204500 -0.00001500 -0.93968400
vn -0.34196600 0.00002800 -0.93971200
vn -0.34203000 -0.00001500 -0.93968900
vn -0.34199000 -0.00000200 -0.93970400
vn -0.34200600 -0.00000600 -0.93969800
vn -0.34187500 -0.00001600 -0.93974500
vn -0.34199000 -0.00000200 -0.93970400
vn -0.34204700 -0.00000200 -0.93968300
vn -0.34204500 0.00000700 -0.93968400
vn -0.34187500 -0.00001600 -0.93974500
vn -0.34201100 -0.00001700 -0.93969600
vn -0.34204500 0.00000700 -0.93968400
vn -0.34207000 -0.00002300 -0.93967400
vn -0.34202400 -0.00000900 -0.93969100
vn -0.34202500 -0.00002500 -0.93969100
vn -0.34201600 0.00001500 -0.93969400
vn -0.34202200 0.00004200 -0.93969200
vn -0.34202500 -0.00002500 -0.93969100
vn -0.34201100 -0.00001700 -0.93969600
vn -0.34201600 0.00001500 -0.93969400
vn -0.34202400 -0.00000900 -0.93969100
vn -0.34202300 -0.00000700 -0.93969200
vn -0.34201100 0.00001500 -0.93969600
vn -0.34202300 -0.00000700 -0.93969200
vn -0.34201100 0.00001500 -0.93969600
vn -0.34204400 -0.00000100 -0.93968400
vn -0.34202400 -0.00000100 -0.93969100
vn -0.34205300 -0.00000200 -0.93968100
vn -0.34199800 0.00000600 -0.93970100
vn -0.34201900 -0.00000200 -0.93969300
vn -0.34204400 -0.00000100 -0.93968400
vn -0.34204400 -0.00000100 -0.93968400
vn -0.34205300 -0.00000200 -0.93968100
vn -0.34200800 0.00000200 -0.93969700
vn -0.34202400 -0.00000100 -0.93969100
vn -0.34196600 0.00002800 -0.93971200
vn -0.34204500 -0.00001500 -0.93968400
vn -0.34204500 -0.00001500 -0.93968400
vn -0.34203000 -0.00001500 -0.93968900
vn -0.34199400 0.00001000 -0.93970200
vn -0.34203000 -0.00001500 -0.93968900
vn -0.34199400 0.00001000 -0.93970200
vn -0.34202200 0.00001300 -0.93969200
vn -0.34202800 0.00000600 -0.93969000
vn -0.34199400 0.00001000 -0.93970200
vn -0.34202200 0.00001300 -0.93969200
vn -0.34199800 0.00000600 -0.93970100
vn -0.34202200 0.00001300 -0.93969200
vn -0.34202800 0.00000600 -0.93969000
vn -0.34199800 0.00000600 -0.93970100
vn -0.34201900 -0.00000200 -0.93969300
vn -0.34202800 0.00000600 -0.93969000
vn -0.34205300 -0.00000200 -0.93968100
vn -0.34201900 -0.00000200 -0.93969300
vn -0.34205200 0.00000200 -0.93968100
vn -0.34200800 0.00000200 -0.93969700
vn -0.34201700 -0.00000000 -0.93969400
vn -0.34201500 -0.00000500 -0.93969500
vn -0.34205200 0.00000200 -0.93968100
vn -0.34200900 -0.00004800 -0.93969700
vn -0.34202100 0.00000100 -0.93969200
vn -0.34200600 0.00015600 -0.93969800
vn -0.34202300 0.00000400 -0.93969200
vn -0.34200800 -0.00000000 -0.93969700
vn -0.34201500 -0.00000000 -0.93969400
vn -0.34202100 0.00000100 -0.93969200
vn -0.34202300 0.00000400 -0.93969200
vn -0.34202300 0.00000400 -0.93969200
vn -0.34200900 -0.00004800 -0.93969700
vn -0.34200900 -0.00004800 -0.93969700
vn -0.34200600 0.00015600 -0.93969800
vn -0.34200600 0.00015600 -0.93969800
vn 0.62248800 -0.74911700 -0.22656700
vn 0.62251300 -0.74909000 -0.22658900
vn 0.62251300 -0.74909000 -0.22658900
vn 0.62248800 -0.74911700 -0.22656700
vn 0.62248800 -0.74911700 -0.22656700
vn 0.22363600 -0.97126800 -0.08139800
vn 0.22363900 -0.97126700 -0.08139700
vn 0.11183600 -0.99289300 -0.04070600
vn 0.11175000 -0.99290300 -0.04068500
vn 0.11184200 -0.99289200 -0.04070700
vn -0.00159100 -0.99999900 0.00057900
vn -0.11209900 -0.99285900 0.04079500
vn -0.08450900 -0.99594800 0.03075900
vn -0.93504700 -0.13413500 0.32816900
vn -0.88982200 -0.25100300 0.38107000
vn -0.84305400 -0.16062600 0.51328300
vn -0.89139600 -0.19821600 0.40758300
vn -0.90190900 -0.21878100 0.37241900
vn -0.90595600 -0.23562600 0.35174500
vn -0.90736200 -0.25342900 0.33536200
vn -0.91572500 -0.23159300 0.32834900
vn -0.93547400 -0.14148400 0.32383700
vn -0.93547600 -0.14147700 0.32383500
vn -0.86905000 -0.38276600 0.31343500
vn -0.94652700 -0.07363300 0.31410900
vn -0.16677000 -0.98412600 0.06070000
vn -0.16677200 -0.98412500 0.06070000
vn -0.50794800 -0.84131400 0.18487900
vn -0.50794800 -0.84131300 0.18487900
vn -0.50794800 -0.84131400 0.18487900
vn -0.50794800 -0.84131300 0.18487900
vn -0.50794800 -0.84131400 0.18487900
vn -0.50794800 -0.84131300 0.18487900
vn -0.79227300 -0.53772700 0.28836300
vn -0.79227000 -0.53773000 0.28836400
vn -0.91396200 0.23622800 0.32995400
vn -0.90535100 0.24055300 0.34996100
vn -0.87469100 0.33894900 0.34645300
vn -0.93973400 0.09305400 0.32900000
vn -0.92127600 0.21171300 0.32623300
vn -0.94121600 0.11012600 0.31934900
vn -0.93444800 0.14778100 0.32398800
vn -0.92860500 0.17643800 0.32644000
vn -0.89788100 0.13001400 0.42060300
vn -0.89787700 0.13001300 0.42061100
vn -0.86528400 0.17556800 0.46953200
vn -0.89093800 0.20204100 0.40670400
vn -0.79057100 0.54055600 0.28774400
vn -0.79057000 0.54055700 0.28774500
vn -0.50530100 0.84311700 0.18391500
vn -0.50530100 0.84311700 0.18391700
vn -0.39816500 0.90579400 0.14492100
vn -0.28236400 0.95378300 0.10280500
vn -0.10890700 0.99326100 0.03965200
vn -0.05369100 0.99836600 0.01954100
vn 0.15326900 0.98660700 -0.05581200
vn 0.07744100 0.99659800 -0.02818700
vn 0.22763800 0.97021500 -0.08285400
vn 0.22764100 0.97021400 -0.08285500
vn 0.62717800 0.74467400 -0.22827200
vn 0.62751100 0.74439400 -0.22827200
vn -0.34203700 -0.00001100 -0.93968600
vn -0.34204000 -0.00000000 -0.93968500
vn -0.34204000 -0.00000000 -0.93968500
vn -0.34204000 -0.00000000 -0.93968500
vn -0.34203700 -0.00001100 -0.93968600
vn -0.34198600 -0.00001600 -0.93970500
vn -0.34204200 -0.00000000 -0.93968500
vn -0.34204700 -0.00000300 -0.93968300
vn -0.34204200 -0.00000000 -0.93968500
vn -0.34202600 -0.00000300 -0.93969000
vn -0.34204700 -0.00000300 -0.93968300
vn -0.34204200 -0.00000000 -0.93968500
vn -0.34202600 -0.00000300 -0.93969000
vn -0.34203000 -0.00000200 -0.93968900
vn -0.34204700 -0.00000300 -0.93968300
vn -0.34202600 -0.00000300 -0.93969000
vn -0.34201700 0.00001300 -0.93969400
vn -0.34201000 -0.00001400 -0.93969600
vn -0.34201400 0.00001300 -0.93969500
vn -0.34201600 0.00001000 -0.93969400
vn -0.34201700 -0.00000800 -0.93969400
vn -0.34201300 0.00000700 -0.93969500
vn -0.34201000 -0.00001400 -0.93969600
vn -0.34201000 -0.00001400 -0.93969600
vn -0.34202200 0.00005700 -0.93969200
vn -0.34201300 0.00000700 -0.93969500
vn -0.34201600 0.00001000 -0.93969400
vn -0.34202000 0.00001500 -0.93969200
vn -0.34201800 -0.00000000 -0.93969300
vn -0.34204100 0.00008300 -0.93968500
vn -0.34201800 -0.00000000 -0.93969300
vn -0.34201800 -0.00000000 -0.93969300
vn -0.34201900 -0.00002300 -0.93969300
vn -0.34201600 -0.00000900 -0.93969400
vn -0.34202000 0.00001500 -0.93969200
vn -0.34204100 0.00008300 -0.93968500
vn -0.34201700 -0.00000000 -0.93969400
vn -0.34204100 0.00008300 -0.93968500
vn -0.34201900 -0.00002300 -0.93969300
vn -0.34201700 -0.00000800 -0.93969400
vn -0.34201900 -0.00002300 -0.93969300
vn -0.34201700 -0.00000000 -0.93969400
vn -0.34202300 -0.00002700 -0.93969200
vn -0.34200600 -0.00000000 -0.93969800
vn -0.34203200 -0.00000300 -0.93968800
vn -0.34201400 0.00001300 -0.93969500
vn -0.34202300 -0.00002700 -0.93969200
vn -0.34201700 -0.00000000 -0.93969400
vn -0.34201400 0.00001300 -0.93969500
vn -0.34202300 -0.00002700 -0.93969200
vn -0.34205200 0.00000500 -0.93968100
vn -0.34201800 -0.00000900 -0.93969300
vn -0.34201900 0.00000400 -0.93969300
vn -0.34204500 -0.00000000 -0.93968400
vn -0.34203200 0.00003300 -0.93968800
vn -0.34201800 -0.00000900 -0.93969300
vn -0.34202100 0.00002500 -0.93969200
vn -0.34202700 0.00000700 -0.93969000
vn -0.34203200 0.00003300 -0.93968800
vn -0.34201800 -0.00000900 -0.93969300
vn -0.34201900 0.00000400 -0.93969300
vn -0.34201400 -0.00000100 -0.93969500
vn -0.34202100 0.00000600 -0.93969200
vn -0.34203000 -0.00000200 -0.93968900
vn -0.34202100 0.00000600 -0.93969200
vn -0.34203000 -0.00000200 -0.93968900
vn -0.34202700 0.00000800 -0.93969000
vn -0.34203200 -0.00000300 -0.93968800
vn -0.34202700 0.00000800 -0.93969000
vn -0.34202100 0.00000600 -0.93969200
vn -0.34203200 -0.00000300 -0.93968800
vn -0.34202700 0.00000800 -0.93969000
vn -0.34200600 -0.00000000 -0.93969800
vn -0.34201700 0.00001300 -0.93969400
vn -0.34201700 -0.00000800 -0.93969400
vn -0.34200600 -0.00000000 -0.93969800
vn -0.34201600 0.00001000 -0.93969400
vn -0.34201700 0.00001300 -0.93969400
vn -0.34201400 -0.00000100 -0.93969500
vn -0.34204200 0.00008500 -0.93968500
vn -0.34204200 0.00008500 -0.93968500
vn -0.34201900 -0.00001100 -0.93969300
vn -0.34201200 -0.00000000 -0.93969500
vn -0.34204200 0.00008500 -0.93968500
vn -0.34201900 0.00000400 -0.93969300
vn -0.34205200 0.00000500 -0.93968100
vn -0.34201400 -0.00000100 -0.93969500
vn -0.34201900 -0.00001100 -0.93969300
vn -0.34202600 -0.00003100 -0.93969100
vn -0.34200200 0.00001400 -0.93969900
vn -0.34202400 0.00003000 -0.93969100
vn -0.34202800 -0.00002800 -0.93969000
vn -0.34201000 0.00000900 -0.93969600
vn -0.34201200 0.00007400 -0.93969600
vn -0.34202400 0.00003000 -0.93969100
vn -0.34200200 0.00001400 -0.93969900
vn -0.34201200 0.00007400 -0.93969600
vn -0.34202400 0.00003000 -0.93969100
vn -0.34202800 -0.00002800 -0.93969000
vn -0.34200200 0.00001400 -0.93969900
vn -0.34202800 -0.00002800 -0.93969000
vn -0.34202700 0.00000700 -0.93969000
vn -0.34202600 -0.00003100 -0.93969100
vn -0.34202700 0.00000700 -0.93969000
vn -0.34202600 -0.00003100 -0.93969100
vn -0.34202100 0.00002500 -0.93969200
vn -0.34203200 0.00003300 -0.93968800
vn -0.34202100 0.00002500 -0.93969200
vn -0.34198600 -0.00001600 -0.93970500
vn -0.34203700 -0.00001100 -0.93968600
vn -0.34198400 0.00000300 -0.93970600
vn -0.34198600 -0.00001600 -0.93970500
vn -0.34198400 0.00000300 -0.93970600
vn -0.34200500 0.00000600 -0.93969800
vn -0.34200500 0.00000600 -0.93969800
vn -0.34198400 0.00000300 -0.93970600
vn -0.34201600 0.00002500 -0.93969400
vn -0.34201200 -0.00000000 -0.93969500
vn -0.34200700 0.00008000 -0.93969700
vn -0.34201900 -0.00001100 -0.93969300
vn -0.34205200 0.00000500 -0.93968100
vn -0.34200500 0.00000600 -0.93969800
vn -0.34204500 -0.00000000 -0.93968400
vn -0.34204500 -0.00000000 -0.93968400
vn -0.34200700 0.00008000 -0.93969700
vn -0.34201200 -0.00000000 -0.93969500
vn -0.34200700 0.00008000 -0.93969700
vn -0.34201600 0.00002500 -0.93969400
vn -0.34202300 0.00000600 -0.93969200
vn -0.34202300 -0.00000000 -0.93969200
vn -0.34202300 0.00000600 -0.93969200
vn -0.34201600 0.00002500 -0.93969400
vn -0.34202300 -0.00000000 -0.93969200
vn -0.34202800 -0.00006800 -0.93969000
vn -0.34204000 0.00008700 -0.93968600
vn -0.34203000 -0.00002300 -0.93968900
vn -0.34202300 0.00000600 -0.93969200
vn -0.34202300 -0.00000000 -0.93969200
vn -0.34202800 -0.00006800 -0.93969000
vn -0.34203000 -0.00002300 -0.93968900
vn -0.34203400 0.00002200 -0.93968800
vn -0.34197900 0.00008600 -0.93970800
vn -0.34202800 -0.00006800 -0.93969000
vn -0.34206600 0.00002300 -0.93967600
vn -0.34198800 -0.00000300 -0.93970500
vn -0.34198700 -0.00006100 -0.93970500
vn -0.34206600 0.00002300 -0.93967600
vn -0.34198800 -0.00000300 -0.93970500
vn -0.34200900 -0.00000300 -0.93969700
vn -0.34202000 0.00001400 -0.93969300
vn -0.34201700 -0.00000300 -0.93969400
vn -0.34206600 0.00002300 -0.93967600
vn -0.34198700 -0.00006100 -0.93970500
vn -0.34201900 0.00000700 -0.93969300
vn -0.34201700 -0.00000300 -0.93969400
vn -0.34201800 -0.00000900 -0.93969300
vn -0.34198700 -0.00006100 -0.93970500
vn -0.34202000 0.00001400 -0.93969300
vn -0.34201700 -0.00000100 -0.93969400
vn -0.34202000 0.00001400 -0.93969300
vn -0.34201800 -0.00000900 -0.93969300
vn -0.34201700 -0.00000300 -0.93969400
vn -0.34201800 -0.00000000 -0.93969300
vn -0.34201900 0.00000700 -0.93969300
vn -0.34201800 -0.00000900 -0.93969300
vn -0.34202000 -0.00007400 -0.93969300
vn -0.34201800 -0.00000000 -0.93969300
vn -0.34201900 0.00000700 -0.93969300
vn -0.34201800 -0.00000000 -0.93969300
vn -0.34202300 -0.00012100 -0.93969100
vn -0.34202000 -0.00007400 -0.93969300
vn -0.34202000 -0.00007400 -0.93969300
vn -0.34202300 -0.00012100 -0.93969100
vn -0.34201600 -0.00000000 -0.93969400
vn -0.34202200 0.00005700 -0.93969200
vn -0.34202300 -0.00012100 -0.93969100
vn -0.34201600 -0.00000000 -0.93969400
vn -0.34201600 -0.00000000 -0.93969400
vn -0.34202200 0.00005700 -0.93969200
vn -0.34201300 0.00000700 -0.93969500
vn -0.34202000 0.00001500 -0.93969200
vn -0.34201600 -0.00000900 -0.93969400
vn -0.34201700 -0.00000100 -0.93969400
vn -0.34201700 -0.00000100 -0.93969400
vn -0.34201600 -0.00000900 -0.93969400
vn -0.34199000 -0.00007300 -0.93970400
vn -0.34201500 -0.00001600 -0.93969500
vn -0.34201000 0.00000900 -0.93969600
vn -0.34199000 -0.00007300 -0.93970400
vn -0.34201500 -0.00001600 -0.93969500
vn -0.34199000 -0.00007300 -0.93970400
vn -0.34201000 0.00000900 -0.93969600
vn -0.34201200 0.00007400 -0.93969600
vn -0.34201500 -0.00001600 -0.93969500
vn -0.34204000 0.00008700 -0.93968600
vn -0.34204000 0.00008700 -0.93968600
vn -0.34203000 -0.00002300 -0.93968900
vn -0.34197900 0.00008600 -0.93970800
vn -0.34197900 0.00008600 -0.93970800
vn -0.34203400 0.00002200 -0.93968800
vn -0.34202800 -0.00000300 -0.93969000
vn -0.34202800 -0.00000300 -0.93969000
vn -0.34202900 0.00001100 -0.93968900
vn -0.34203400 0.00002200 -0.93968800
vn -0.34202800 -0.00000300 -0.93969000
vn -0.34192900 -0.00011000 -0.93972600
vn -0.34202900 0.00001100 -0.93968900
vn -0.34192900 -0.00011000 -0.93972600
vn -0.34196200 -0.00001300 -0.93971400
vn -0.34202900 0.00001100 -0.93968900
vn -0.34196200 -0.00001300 -0.93971400
vn -0.34201100 0.00000300 -0.93969600
vn -0.34192900 -0.00011000 -0.93972600
vn -0.34196200 -0.00001300 -0.93971400
vn -0.34198800 -0.00000400 -0.93970400
vn -0.34201100 0.00000300 -0.93969600
vn -0.34198800 -0.00000400 -0.93970400
vn -0.34201100 0.00000300 -0.93969600
vn -0.34203800 0.00001000 -0.93968600
vn -0.34198800 -0.00000400 -0.93970400
vn -0.34202800 -0.00000000 -0.93969000
vn -0.34203800 0.00001000 -0.93968600
vn -0.34203000 -0.00000000 -0.93968900
vn -0.34194800 -0.00000700 -0.93971900
vn -0.34203800 0.00001000 -0.93968600
vn -0.34202100 0.00000100 -0.93969200
vn -0.34202800 -0.00000000 -0.93969000
vn -0.34202800 -0.00000000 -0.93969000
vn -0.34202100 0.00000100 -0.93969200
vn -0.34193500 -0.00004900 -0.93972400
vn -0.34200800 0.00000300 -0.93969700
vn -0.34201600 0.00000200 -0.93969400
vn -0.34203000 -0.00000000 -0.93968900
vn -0.34201600 0.00000200 -0.93969400
vn -0.34203000 -0.00000000 -0.93968900
vn -0.34194800 -0.00000700 -0.93971900
vn -0.34202100 0.00000100 -0.93969200
vn -0.34194800 -0.00000700 -0.93971900
vn -0.34198800 -0.00000300 -0.93970500
vn -0.34200900 -0.00000300 -0.93969700
vn -0.34205300 0.00002800 -0.93968100
vn -0.34200900 -0.00000300 -0.93969700
vn -0.34196600 -0.00000400 -0.93971300
vn -0.34205300 0.00002800 -0.93968100
vn -0.34193500 -0.00004900 -0.93972400
vn -0.34196600 -0.00000400 -0.93971300
vn -0.34205300 0.00002800 -0.93968100
vn -0.34193500 -0.00004900 -0.93972400
vn -0.34200800 0.00000300 -0.93969700
vn -0.34196600 -0.00000400 -0.93971300
vn -0.34201600 0.00000200 -0.93969400
vn -0.34200800 0.00000300 -0.93969700
vn -0.34202300 0.00000100 -0.93969200
vn -0.05046200 0.44558900 -0.89381400
vn 0.12636200 0.25677200 -0.95817600
vn -0.29234300 0.51501800 -0.80578600
vn 0.12553100 -0.25827600 -0.95788100
vn -0.05189900 -0.44645600 -0.89329900
vn 0.19078500 -0.00086500 -0.98163100
vn -0.53585100 -0.44560200 -0.71714800
vn -0.71269500 -0.25677600 -0.65278800
vn -0.29397900 -0.51502700 -0.80518600
vn -0.71188100 0.25827900 -0.65308200
vn -0.53444100 0.44646400 -0.71766500
vn -0.77713300 0.00085700 -0.62933600
vn 0.24471700 0.96549500 -0.08906900
vn 0.24470300 0.96549900 -0.08906700
vn 0.24471700 0.96549500 -0.08906900
vn 0.24471700 0.96549500 -0.08906900
vn 0.24470300 0.96549900 -0.08906700
vn 0.24470300 0.96549900 -0.08906700
vn 0.66557600 0.70592000 -0.24225200
vn 0.66557600 0.70592000 -0.24225200
vn 0.66557700 0.70591900 -0.24225200
vn 0.66557600 0.70592000 -0.24225200
vn 0.66557700 0.70591900 -0.24225200
vn 0.66557700 0.70591900 -0.24225200
vn 0.90807500 0.25721600 -0.33051400
vn 0.90809800 0.25713500 -0.33051500
vn 0.90807500 0.25721600 -0.33051400
vn 0.90809800 0.25713500 -0.33051500
vn 0.90807500 0.25721600 -0.33051400
vn 0.90809800 0.25713500 -0.33051500
vn 0.90725700 -0.26047400 -0.33020800
vn 0.90725700 -0.26047400 -0.33020800
vn 0.90728000 -0.26037300 -0.33022600
vn 0.90725700 -0.26047400 -0.33020800
vn 0.90728000 -0.26037300 -0.33022600
vn 0.90728000 -0.26037300 -0.33022600
vn 0.66335100 -0.70828700 -0.24144200
vn 0.66335100 -0.70828700 -0.24144200
vn 0.66330400 -0.70833900 -0.24141900
vn 0.66330400 -0.70833900 -0.24141900
vn 0.66335100 -0.70828700 -0.24144200
vn 0.66330400 -0.70833900 -0.24141900
vn 0.24168100 -0.96636100 -0.08796400
vn 0.24168100 -0.96636100 -0.08796400
vn 0.24170100 -0.96635500 -0.08797200
vn 0.24168100 -0.96636100 -0.08796400
vn 0.24170100 -0.96635500 -0.08797200
vn 0.24170100 -0.96635500 -0.08797200
vn -0.24481000 -0.96546800 0.08910400
vn -0.24480200 -0.96547000 0.08910100
vn -0.24481000 -0.96546800 0.08910400
vn -0.24480200 -0.96547000 0.08910100
vn -0.24481000 -0.96546800 0.08910400
vn -0.24480200 -0.96547000 0.08910100
vn -0.66557700 -0.70592000 0.24224900
vn -0.66557700 -0.70592000 0.24224900
vn -0.66557800 -0.70591900 0.24225000
vn -0.66557700 -0.70592000 0.24224900
vn -0.66557800 -0.70591900 0.24225000
vn -0.66557800 -0.70591900 0.24225000
vn -0.90806900 -0.25723900 0.33051300
vn -0.90806900 -0.25723900 0.33051300
vn -0.90807200 -0.25723500 0.33050900
vn -0.90807200 -0.25723500 0.33050900
vn -0.90806900 -0.25723900 0.33051300
vn -0.90807200 -0.25723500 0.33050900
vn -0.90725800 0.26046300 0.33021400
vn -0.90725800 0.26046300 0.33021400
vn -0.90726000 0.26045600 0.33021500
vn -0.90726000 0.26045600 0.33021500
vn -0.90725800 0.26046300 0.33021400
vn -0.90726000 0.26045600 0.33021500
vn -0.66330600 0.70833600 0.24142100
vn -0.66334700 0.70829400 0.24143300
vn -0.66330600 0.70833600 0.24142100
vn -0.66330600 0.70833600 0.24142100
vn -0.66334700 0.70829400 0.24143300
vn -0.66334700 0.70829400 0.24143300
vn -0.24168900 0.96635900 0.08796400
vn -0.24168900 0.96635900 0.08796400
vn -0.24166700 0.96636400 0.08795900
vn -0.24168900 0.96635900 0.08796400
vn -0.24166700 0.96636400 0.08795900
vn -0.24166700 0.96636400 0.08795900
vn -0.34202900 -0.00000000 -0.93968900
vn -0.05049800 0.44560900 -0.89380200
vn 0.12635700 0.25676200 -0.95817900
vn -0.29235800 0.51504800 -0.80576200
vn 0.12553500 -0.25827400 -0.95788100
vn -0.05190000 -0.44646300 -0.89329600
vn 0.19078800 -0.00087100 -0.98163100
vn -0.53588900 -0.44560400 -0.71711900
vn -0.71269700 -0.25681800 -0.65276900
vn -0.29400900 -0.51502600 -0.80517500
vn -0.71188000 0.25828700 -0.65308100
vn -0.53442900 0.44648400 -0.71766200
vn -0.77713100 0.00082500 -0.62933800
vn 0.24471300 0.96549600 -0.08906700
vn 0.24471300 0.96549600 -0.08906700
vn 0.24470500 0.96549800 -0.08906700
vn 0.24471300 0.96549600 -0.08906700
vn 0.24470500 0.96549800 -0.08906700
vn 0.24470500 0.96549800 -0.08906700
vn 0.66557300 0.70592300 -0.24225100
vn 0.66558200 0.70591400 -0.24225200
vn 0.66557300 0.70592300 -0.24225100
vn 0.66557300 0.70592300 -0.24225100
vn 0.66558200 0.70591400 -0.24225200
vn 0.66558200 0.70591400 -0.24225200
vn 0.90807900 0.25720500 -0.33051300
vn 0.90807900 0.25720500 -0.33051300
vn 0.90808000 0.25719700 -0.33051500
vn 0.90808000 0.25719700 -0.33051500
vn 0.90807900 0.25720500 -0.33051300
vn 0.90808000 0.25719700 -0.33051500
vn 0.90725700 -0.26046200 -0.33021900
vn 0.90725700 -0.26046200 -0.33021900
vn 0.90725800 -0.26046300 -0.33021400
vn 0.90725800 -0.26046300 -0.33021400
vn 0.90725700 -0.26046200 -0.33021900
vn 0.90725800 -0.26046300 -0.33021400
vn 0.66335200 -0.70828800 -0.24143900
vn 0.66335500 -0.70828300 -0.24144400
vn 0.66335200 -0.70828800 -0.24143900
vn 0.66335500 -0.70828300 -0.24144400
vn 0.66335200 -0.70828800 -0.24143900
vn 0.66335500 -0.70828300 -0.24144400
vn 0.24167100 -0.96636300 -0.08796100
vn 0.24167600 -0.96636200 -0.08796300
vn 0.24167100 -0.96636300 -0.08796100
vn 0.24167600 -0.96636200 -0.08796300
vn 0.24167100 -0.96636300 -0.08796100
vn 0.24167600 -0.96636200 -0.08796300
vn -0.24479000 -0.96547400 0.08909800
vn -0.24478900 -0.96547400 0.08909800
vn -0.24479000 -0.96547400 0.08909800
vn -0.24478900 -0.96547400 0.08909800
vn -0.24479000 -0.96547400 0.08909800
vn -0.24478900 -0.96547400 0.08909800
vn -0.66557500 -0.70592100 0.24225100
vn -0.66557500 -0.70592100 0.24225100
vn -0.66557400 -0.70592100 0.24225200
vn -0.66557500 -0.70592100 0.24225100
vn -0.66557400 -0.70592100 0.24225200
vn -0.66557400 -0.70592100 0.24225200
vn -0.90807700 -0.25720800 0.33051400
vn -0.90807700 -0.25720800 0.33051400
vn -0.90807000 -0.25723800 0.33051100
vn -0.90807000 -0.25723800 0.33051100
vn -0.90807700 -0.25720800 0.33051400
vn -0.90807000 -0.25723800 0.33051100
vn -0.90726000 0.26046100 0.33021300
vn -0.90725800 0.26046200 0.33021600
vn -0.90726000 0.26046100 0.33021300
vn -0.90726000 0.26046100 0.33021300
vn -0.90725800 0.26046200 0.33021600
vn -0.90725800 0.26046200 0.33021600
vn -0.66336300 0.70827600 0.24144300
vn -0.66336300 0.70827600 0.24144300
vn -0.66334500 0.70829400 0.24144000
vn -0.66336300 0.70827600 0.24144300
vn -0.66334500 0.70829400 0.24144000
vn -0.66334500 0.70829400 0.24144000
vn -0.24166300 0.96636500 0.08796000
vn -0.24166300 0.96636500 0.08796000
vn -0.24166700 0.96636400 0.08796000
vn -0.24166700 0.96636400 0.08796000
vn -0.24166300 0.96636500 0.08796000
vn -0.24166700 0.96636400 0.08796000
vn -0.34202000 -0.00001700 -0.93969300
vn -0.05042900 0.44557000 -0.89382600
vn 0.12638000 0.25675700 -0.95817700
vn -0.29230800 0.51500800 -0.80580600
vn 0.12557500 -0.25826100 -0.95787900
vn -0.05187300 -0.44646100 -0.89329800
vn 0.19080200 -0.00087500 -0.98162800
vn -0.53586900 -0.44560600 -0.71713300
vn -0.71271800 -0.25677000 -0.65276600
vn -0.29399400 -0.51503800 -0.80517300
vn -0.71191400 0.25821900 -0.65307000
vn -0.53444600 0.44643800 -0.71767700
vn -0.77715700 0.00084300 -0.62930700
vn 0.24477100 0.96547900 -0.08909300
vn 0.24477100 0.96547900 -0.08909300
vn 0.24479300 0.96547300 -0.08909600
vn 0.24477100 0.96547900 -0.08909300
vn 0.24479300 0.96547300 -0.08909600
vn 0.24479300 0.96547300 -0.08909600
vn 0.66562600 0.70586600 -0.24227200
vn 0.66562600 0.70586600 -0.24227200
vn 0.66552600 0.70596900 -0.24224600
vn 0.66552600 0.70596900 -0.24224600
vn 0.66562600 0.70586600 -0.24227200
vn 0.66552600 0.70596900 -0.24224600
vn 0.90805700 0.25727400 -0.33051800
vn 0.90805700 0.25727400 -0.33051800
vn 0.90809900 0.25712900 -0.33051600
vn 0.90805700 0.25727400 -0.33051800
vn 0.90809900 0.25712900 -0.33051600
vn 0.90809900 0.25712900 -0.33051600
vn 0.90724300 -0.26052100 -0.33020900
vn 0.90724800 -0.26050200 -0.33021100
vn 0.90724300 -0.26052100 -0.33020900
vn 0.90724800 -0.26050200 -0.33021100
vn 0.90724300 -0.26052100 -0.33020900
vn 0.90724800 -0.26050200 -0.33021100
vn 0.66334300 -0.70829600 -0.24143700
vn 0.66338000 -0.70825600 -0.24145500
vn 0.66334300 -0.70829600 -0.24143700
vn 0.66334300 -0.70829600 -0.24143700
vn 0.66338000 -0.70825600 -0.24145500
vn 0.66338000 -0.70825600 -0.24145500
vn 0.24165500 -0.96636800 -0.08795800
vn 0.24165500 -0.96636800 -0.08795800
vn 0.24163000 -0.96637500 -0.08794600
vn 0.24163000 -0.96637500 -0.08794600
vn 0.24165500 -0.96636800 -0.08795800
vn 0.24163000 -0.96637500 -0.08794600
vn -0.24468500 -0.96550400 0.08905800
vn -0.24470300 -0.96549900 0.08906600
vn -0.24468500 -0.96550400 0.08905800
vn -0.24470300 -0.96549900 0.08906600
vn -0.24468500 -0.96550400 0.08905800
vn -0.24470300 -0.96549900 0.08906600
vn -0.66558800 -0.70590900 0.24225200
vn -0.66558800 -0.70590900 0.24225200
vn -0.66556900 -0.70592700 0.24224900
vn -0.66558800 -0.70590900 0.24225200
vn -0.66556900 -0.70592700 0.24224900
vn -0.66556900 -0.70592700 0.24224900
vn -0.90808900 -0.25716200 0.33051900
vn -0.90809100 -0.25716000 0.33051500
vn -0.90808900 -0.25716200 0.33051900
vn -0.90809100 -0.25716000 0.33051500
vn -0.90808900 -0.25716200 0.33051900
vn -0.90809100 -0.25716000 0.33051500
vn -0.90728300 0.26036600 0.33022200
vn -0.90728300 0.26036600 0.33022200
vn -0.90725400 0.26047000 0.33022000
vn -0.90725400 0.26047000 0.33022000
vn -0.90728300 0.26036600 0.33022200
vn -0.90725400 0.26047000 0.33022000
vn -0.66333300 0.70830500 0.24144100
vn -0.66333300 0.70830500 0.24144100
vn -0.66340100 0.70823600 0.24145500
vn -0.66340100 0.70823600 0.24145500
vn -0.66333300 0.70830500 0.24144100
vn -0.66340100 0.70823600 0.24145500
vn -0.24163100 0.96637400 0.08794800
vn -0.24161800 0.96637800 0.08794300
vn -0.24163100 0.96637400 0.08794800
vn -0.24161800 0.96637800 0.08794300
vn -0.24163100 0.96637400 0.08794800
vn -0.24161800 0.96637800 0.08794300
vn -0.34201100 -0.00001100 -0.93969600
vn -0.05048200 0.44559800 -0.89380900
vn 0.12638000 0.25675700 -0.95817700
vn -0.29235600 0.51503200 -0.80577300
vn 0.12555100 -0.25829400 -0.95787300
vn -0.05189300 -0.44651000 -0.89327300
vn 0.19081600 -0.00086600 -0.98162600
vn -0.53584900 -0.44559700 -0.71715300
vn -0.71270700 -0.25677800 -0.65277400
vn -0.29394500 -0.51505900 -0.80517800
vn -0.71188700 0.25830700 -0.65306600
vn -0.53445400 0.44645000 -0.71766400
vn -0.77712700 0.00089400 -0.62934300
vn 0.24479100 0.96547300 -0.08910200
vn 0.24481400 0.96546700 -0.08910300
vn 0.24479100 0.96547300 -0.08910200
vn 0.24479100 0.96547300 -0.08910200
vn 0.24481400 0.96546700 -0.08910300
vn 0.24481400 0.96546700 -0.08910300
vn 0.66556700 0.70593100 -0.24224100
vn 0.66556700 0.70593100 -0.24224100
vn 0.66557300 0.70592300 -0.24224900
vn 0.66557300 0.70592300 -0.24224900
vn 0.66556700 0.70593100 -0.24224100
vn 0.66557300 0.70592300 -0.24224900
vn 0.90809400 0.25715600 -0.33050800
vn 0.90809400 0.25715600 -0.33050800
vn 0.90806300 0.25726000 -0.33051400
vn 0.90809400 0.25715600 -0.33050800
vn 0.90806300 0.25726000 -0.33051400
vn 0.90806300 0.25726000 -0.33051400
vn 0.90727100 -0.26040100 -0.33022900
vn 0.90727100 -0.26040100 -0.33022900
vn 0.90725300 -0.26049200 -0.33020400
vn 0.90727100 -0.26040100 -0.33022900
vn 0.90725300 -0.26049200 -0.33020400
vn 0.90725300 -0.26049200 -0.33020400
vn 0.66331700 -0.70832500 -0.24142600
vn 0.66331700 -0.70832500 -0.24142600
vn 0.66334700 -0.70829100 -0.24144100
vn 0.66331700 -0.70832500 -0.24142600
vn 0.66334700 -0.70829100 -0.24144100
vn 0.66334700 -0.70829100 -0.24144100
vn 0.24163900 -0.96637200 -0.08795000
vn 0.24163900 -0.96637200 -0.08795000
vn 0.24165400 -0.96636800 -0.08795900
vn 0.24165400 -0.96636800 -0.08795900
vn 0.24163900 -0.96637200 -0.08795000
vn 0.24165400 -0.96636800 -0.08795900
vn -0.24471300 -0.96549600 0.08907200
vn -0.24471300 -0.96549600 0.08907200
vn -0.24468400 -0.96550400 0.08905800
vn -0.24471300 -0.96549600 0.08907200
vn -0.24468400 -0.96550400 0.08905800
vn -0.24468400 -0.96550400 0.08905800
vn -0.66562500 -0.70587000 0.24226200
vn -0.66561400 -0.70587900 0.24226500
vn -0.66562500 -0.70587000 0.24226200
vn -0.66562500 -0.70587000 0.24226200
vn -0.66561400 -0.70587900 0.24226500
vn -0.66561400 -0.70587900 0.24226500
vn -0.90806600 -0.25725900 0.33050500
vn -0.90806700 -0.25726200 0.33050000
vn -0.90806600 -0.25725900 0.33050500
vn -0.90806600 -0.25725900 0.33050500
vn -0.90806700 -0.25726200 0.33050000
vn -0.90806700 -0.25726200 0.33050000
vn -0.90726800 0.26043000 0.33021400
vn -0.90726800 0.26043000 0.33021400
vn -0.90725200 0.26048100 0.33021700
vn -0.90726800 0.26043000 0.33021400
vn -0.90725200 0.26048100 0.33021700
vn -0.90725200 0.26048100 0.33021700
vn -0.66332400 0.70831700 0.24143100
vn -0.66332400 0.70831700 0.24143100
vn -0.66334000 0.70830000 0.24143600
vn -0.66332400 0.70831700 0.24143100
vn -0.66334000 0.70830000 0.24143600
vn -0.66334000 0.70830000 0.24143600
vn -0.24167200 0.96636400 0.08795300
vn -0.24164300 0.96637100 0.08795400
vn -0.24167200 0.96636400 0.08795300
vn -0.24167200 0.96636400 0.08795300
vn -0.24164300 0.96637100 0.08795400
vn -0.24164300 0.96637100 0.08795400
vn -0.08011800 0.99635800 0.02917400
vn -0.16179900 0.98506500 0.05889400
vn -0.24161300 0.96638000 0.08793400
vn -0.24158500 0.96638700 0.08793800
vn -0.66332100 0.70831300 0.24144800
vn -0.66332100 0.70831300 0.24144800
vn -0.66337700 0.70826300 0.24144200
vn -0.66332100 0.70831300 0.24144800
vn -0.66337700 0.70826300 0.24144200
vn -0.66337700 0.70826300 0.24144200
vn -0.90727200 0.26041500 0.33021500
vn -0.90728300 0.26038400 0.33020800
vn -0.93145000 0.13218300 0.33901000
vn -0.93145600 0.13216900 0.33900100
vn 0.00156000 0.99999900 -0.00056800
vn 0.00155800 0.99999900 -0.00056800
vn 0.06295600 0.99775300 -0.02293000
vn 0.12432000 0.99121000 -0.04525600
vn 0.93533300 0.09626600 -0.34041900
vn 0.93531900 0.09632800 -0.34043900
vn 0.89053900 0.31917500 -0.32414100
vn 0.84318400 0.44140200 -0.30692800
vn 0.78219200 0.55417400 -0.28472300
vn 0.78220300 0.55416400 -0.28471100
vn 0.52338500 0.83052900 -0.19050000
vn 0.52336200 0.83054100 -0.19051100
vn 0.41765700 0.89579800 -0.15201900
vn 0.30294400 0.94661200 -0.11022800
vn 0.93500500 -0.09968700 -0.34033600
vn 0.93500700 -0.09975600 -0.34031100
vn 0.05985400 -0.99796900 -0.02179000
vn 0.05976700 -0.99797500 -0.02175300
vn 0.18188900 -0.98108800 -0.06620100
vn 0.29990200 -0.94770300 -0.10917100
vn 0.41481600 -0.89729400 -0.15097000
vn 0.52065900 -0.83246800 -0.18950000
vn 0.52064600 -0.83248200 -0.18947700
vn 0.78046700 -0.55694700 -0.28404400
vn 0.78046900 -0.55694200 -0.28404800
vn 0.84178600 -0.44443700 -0.30638500
vn 0.88953500 -0.32236300 -0.32374300
vn -0.16491900 -0.98447900 0.06002700
vn -0.08332100 -0.99606200 0.03031200
vn -0.00157600 -0.99999900 0.00057400
vn -0.00157800 -0.99999900 0.00057400
vn -0.00159200 -0.99999900 0.00058000
vn -0.93185300 -0.12885100 0.33918500
vn -0.93185600 -0.12884900 0.33918000
vn -0.90807700 -0.25718900 0.33053000
vn -0.90807800 -0.25718700 0.33052800
vn -0.66559400 -0.70589600 0.24227200
vn -0.66557800 -0.70591900 0.24224800
vn -0.66559400 -0.70589600 0.24227200
vn -0.66559400 -0.70589600 0.24227200
vn -0.66557800 -0.70591900 0.24224800
vn -0.66557800 -0.70591900 0.24224800
vn -0.24472100 -0.96549300 0.08907200
vn -0.24473300 -0.96549000 0.08908100
vn 0.20753500 -0.97530700 -0.07553200
vn 0.20753000 -0.97530800 -0.07553200
vn 0.20753500 -0.97530700 -0.07553200
vn 0.20753500 -0.97530700 -0.07553200
vn 0.20753000 -0.97530800 -0.07553200
vn 0.20753000 -0.97530800 -0.07553200
vn 0.58465100 -0.78288200 -0.21278900
vn 0.58465400 -0.78287600 -0.21280400
vn 0.58465100 -0.78288200 -0.21278900
vn 0.58465100 -0.78288200 -0.21278900
vn 0.58465400 -0.78287600 -0.21280400
vn 0.58465400 -0.78287600 -0.21280400
vn 0.84593300 -0.43542500 -0.30790100
vn 0.84592700 -0.43541800 -0.30792600
vn 0.84593300 -0.43542500 -0.30790100
vn 0.84593300 -0.43542500 -0.30790100
vn 0.84592700 -0.43541800 -0.30792600
vn 0.84592700 -0.43541800 -0.30792600
vn 0.93968300 -0.00167400 -0.34204200
vn 0.93968300 -0.00167400 -0.34204200
vn 0.93969500 -0.00170400 -0.34200900
vn 0.93969500 -0.00170400 -0.34200900
vn 0.93968300 -0.00167400 -0.34204200
vn 0.93969500 -0.00170400 -0.34200900
vn 0.84732600 0.43235900 -0.30838800
vn 0.84732600 0.43235900 -0.30838800
vn 0.84730400 0.43238300 -0.30841500
vn 0.84732600 0.43235900 -0.30838800
vn 0.84730400 0.43238300 -0.30841500
vn 0.84730400 0.43238300 -0.30841500
vn 0.58712300 0.78077700 -0.21371300
vn 0.58714500 0.78076600 -0.21369400
vn 0.58712300 0.78077700 -0.21371300
vn 0.58712300 0.78077700 -0.21371300
vn 0.58714500 0.78076600 -0.21369400
vn 0.58714500 0.78076600 -0.21369400
vn 0.21064200 0.97455200 -0.07666300
vn 0.21064200 0.97455200 -0.07666300
vn 0.21064700 0.97455100 -0.07666400
vn 0.21064700 0.97455100 -0.07666400
vn 0.21064200 0.97455200 -0.07666300
vn 0.21064700 0.97455100 -0.07666400
vn -0.20756500 0.97530000 0.07554300
vn -0.20756500 0.97530000 0.07554300
vn -0.20756200 0.97530000 0.07554400
vn -0.20756200 0.97530000 0.07554400
vn -0.20756500 0.97530000 0.07554300
vn -0.20756200 0.97530000 0.07554400
vn -0.58463900 0.78289200 0.21278600
vn -0.58463900 0.78289200 0.21278600
vn -0.58462300 0.78290100 0.21279700
vn -0.58462300 0.78290100 0.21279700
vn -0.58463900 0.78289200 0.21278600
vn -0.58462300 0.78290100 0.21279700
vn -0.84594000 0.43540000 0.30791600
vn -0.84594000 0.43540000 0.30791600
vn -0.84593000 0.43541100 0.30792600
vn -0.84594000 0.43540000 0.30791600
vn -0.84593000 0.43541100 0.30792600
vn -0.84593000 0.43541100 0.30792600
vn -0.93968000 0.00171800 0.34205000
vn -0.93968000 0.00171800 0.34205000
vn -0.93969900 0.00167300 0.34199800
vn -0.93968000 0.00171800 0.34205000
vn -0.93969900 0.00167300 0.34199800
vn -0.93969900 0.00167300 0.34199800
vn -0.84732000 -0.43238200 0.30837400
vn -0.84732000 -0.43238200 0.30837400
vn -0.84731600 -0.43235100 0.30842900
vn -0.84732000 -0.43238200 0.30837400
vn -0.84731600 -0.43235100 0.30842900
vn -0.84731600 -0.43235100 0.30842900
vn -0.58712000 -0.78077900 0.21371300
vn -0.58712000 -0.78077900 0.21371300
vn -0.58711900 -0.78079300 0.21366800
vn -0.58712000 -0.78077900 0.21371300
vn -0.58711900 -0.78079300 0.21366800
vn -0.58711900 -0.78079300 0.21366800
vn -0.21064700 -0.97455200 0.07666200
vn -0.21065100 -0.97455100 0.07666400
vn -0.21064700 -0.97455200 0.07666200
vn -0.21065100 -0.97455100 0.07666400
vn -0.21064700 -0.97455200 0.07666200
vn -0.21065100 -0.97455100 0.07666400
vn 0.19382300 -0.97849700 -0.07054300
vn 0.19382300 -0.97849700 -0.07054300
vn 0.19382200 -0.97849800 -0.07053800
vn 0.19382200 -0.97849800 -0.07053800
vn 0.19382300 -0.97849700 -0.07054300
vn 0.19382200 -0.97849800 -0.07053800
vn 0.55106600 -0.81000100 -0.20056000
vn 0.55106600 -0.81000000 -0.20056400
vn 0.55106600 -0.81000100 -0.20056000
vn 0.55106600 -0.81000000 -0.20056400
vn 0.55106600 -0.81000100 -0.20056000
vn 0.55106600 -0.81000000 -0.20056400
vn 0.81300300 -0.50145500 -0.29591900
vn 0.81300300 -0.50145500 -0.29591900
vn 0.81300900 -0.50146500 -0.29588600
vn 0.81300300 -0.50145500 -0.29591900
vn 0.81300900 -0.50146500 -0.29588600
vn 0.81300900 -0.50146500 -0.29588600
vn 0.93438400 -0.10623800 -0.34005800
vn 0.93438400 -0.10623800 -0.34005800
vn 0.93436300 -0.10619100 -0.34013000
vn 0.93436300 -0.10619100 -0.34013000
vn 0.93438400 -0.10623800 -0.34005800
vn 0.93436300 -0.10619100 -0.34013000
vn 0.89417300 0.30742700 -0.32549000
vn 0.89417300 0.30742700 -0.32549000
vn 0.89420100 0.30739400 -0.32544500
vn 0.89417300 0.30742700 -0.32549000
vn 0.89420100 0.30739400 -0.32544500
vn 0.89420100 0.30739400 -0.32544500
vn 0.69939700 0.66786800 -0.25454900
vn 0.69939700 0.66786800 -0.25454900
vn 0.69940500 0.66786300 -0.25454300
vn 0.69939700 0.66786800 -0.25454900
vn 0.69940500 0.66786300 -0.25454300
vn 0.69940500 0.66786300 -0.25454300
vn 0.38364900 0.91286300 -0.13962300
vn 0.38364600 0.91286400 -0.13962700
vn 0.38364900 0.91286300 -0.13962300
vn 0.38364600 0.91286400 -0.13962700
vn 0.38364900 0.91286300 -0.13962300
vn 0.38364600 0.91286400 -0.13962700
vn 0.00158700 0.99999900 -0.00057800
vn 0.00158700 0.99999900 -0.00057800
vn 0.00158800 0.99999900 -0.00057800
vn 0.00158700 0.99999900 -0.00057800
vn 0.00158800 0.99999900 -0.00057800
vn 0.00158800 0.99999900 -0.00057800
vn -0.38076600 0.91422800 0.13857900
vn -0.38076600 0.91422800 0.13857900
vn -0.38074000 0.91423700 0.13859200
vn -0.38074000 0.91423700 0.13859200
vn -0.38076600 0.91422800 0.13857900
vn -0.38074000 0.91423700 0.13859200
vn -0.69723500 0.67040700 0.25380700
vn -0.69723500 0.67040700 0.25380700
vn -0.69726700 0.67038800 0.25377100
vn -0.69723500 0.67040700 0.25380700
vn -0.69726700 0.67038800 0.25377100
vn -0.69726700 0.67038800 0.25377100
vn -0.89321700 0.31061000 0.32509200
vn -0.89321700 0.31061000 0.32509200
vn -0.89320200 0.31063000 0.32511400
vn -0.89321700 0.31061000 0.32509200
vn -0.89320200 0.31063000 0.32511400
vn -0.89320200 0.31063000 0.32511400
vn -0.93470200 -0.10283500 0.34023100
vn -0.93470200 -0.10283500 0.34023100
vn -0.93471200 -0.10285200 0.34019900
vn -0.93470200 -0.10283500 0.34023100
vn -0.93471200 -0.10285200 0.34019900
vn -0.93471200 -0.10285200 0.34019900
vn -0.81459400 -0.49853100 0.29648400
vn -0.81459400 -0.49853100 0.29648400
vn -0.81459300 -0.49854900 0.29645900
vn -0.81459400 -0.49853100 0.29648400
vn -0.81459300 -0.49854900 0.29645900
vn -0.81459300 -0.49854900 0.29645900
vn -0.55361300 -0.80803400 0.20148000
vn -0.55361300 -0.80803400 0.20148000
vn -0.55362000 -0.80802000 0.20151400
vn -0.55361300 -0.80803400 0.20148000
vn -0.55362000 -0.80802000 0.20151400
vn -0.55362000 -0.80802000 0.20151400
vn -0.19694500 -0.97779000 0.07168700
vn -0.19694500 -0.97779000 0.07168700
vn -0.19694400 -0.97779100 0.07167800
vn -0.19694500 -0.97779000 0.07168700
vn -0.19694400 -0.97779100 0.07167800
vn -0.19694400 -0.97779100 0.07167800
vn 0.20756000 -0.97530100 -0.07554900
vn 0.20756000 -0.97530100 -0.07554900
vn 0.20756100 -0.97530000 -0.07555100
vn 0.20756000 -0.97530100 -0.07554900
vn 0.20756100 -0.97530000 -0.07555100
vn 0.20756100 -0.97530000 -0.07555100
vn 0.58465900 -0.78286900 -0.21281300
vn 0.58465900 -0.78286900 -0.21281300
vn 0.58465100 -0.78288700 -0.21277200
vn 0.58465900 -0.78286900 -0.21281300
vn 0.58465100 -0.78288700 -0.21277200
vn 0.58465100 -0.78288700 -0.21277200
vn 0.84594400 -0.43542500 -0.30787000
vn 0.84594300 -0.43541300 -0.30788800
vn 0.84594400 -0.43542500 -0.30787000
vn 0.84594300 -0.43541300 -0.30788800
vn 0.84594400 -0.43542500 -0.30787000
vn 0.84594300 -0.43541300 -0.30788800
vn 0.93969200 -0.00170800 -0.34201800
vn 0.93969200 -0.00170800 -0.34201800
vn 0.93968400 -0.00167600 -0.34204000
vn 0.93968400 -0.00167600 -0.34204000
vn 0.93969200 -0.00170800 -0.34201800
vn 0.93968400 -0.00167600 -0.34204000
vn 0.84729900 0.43238800 -0.30842400
vn 0.84732900 0.43236100 -0.30837700
vn 0.84729900 0.43238800 -0.30842400
vn 0.84732900 0.43236100 -0.30837700
vn 0.84729900 0.43238800 -0.30842400
vn 0.84732900 0.43236100 -0.30837700
vn 0.58714800 0.78076500 -0.21369100
vn 0.58712000 0.78077900 -0.21371600
vn 0.58714800 0.78076500 -0.21369100
vn 0.58712000 0.78077900 -0.21371600
vn 0.58714800 0.78076500 -0.21369100
vn 0.58712000 0.78077900 -0.21371600
vn 0.21064400 0.97455100 -0.07667300
vn 0.21065400 0.97455000 -0.07666600
vn 0.21064400 0.97455100 -0.07667300
vn 0.21064400 0.97455100 -0.07667300
vn 0.21065400 0.97455000 -0.07666600
vn 0.21065400 0.97455000 -0.07666600
vn -0.20756400 0.97530000 0.07554200
vn -0.20756400 0.97530000 0.07554200
vn -0.20755200 0.97530200 0.07554900
vn -0.20756400 0.97530000 0.07554200
vn -0.20755200 0.97530200 0.07554900
vn -0.20755200 0.97530200 0.07554900
vn -0.58463700 0.78288600 0.21281300
vn -0.58463700 0.78288600 0.21281300
vn -0.58467000 0.78287100 0.21277700
vn -0.58463700 0.78288600 0.21281300
vn -0.58467000 0.78287100 0.21277700
vn -0.58467000 0.78287100 0.21277700
vn -0.84595800 0.43539700 0.30787200
vn -0.84595800 0.43539700 0.30787200
vn -0.84592100 0.43543700 0.30791600
vn -0.84595800 0.43539700 0.30787200
vn -0.84592100 0.43543700 0.30791600
vn -0.84592100 0.43543700 0.30791600
vn -0.93967900 0.00171700 0.34205200
vn -0.93970200 0.00166800 0.34199100
vn -0.93967900 0.00171700 0.34205200
vn -0.93970200 0.00166800 0.34199100
vn -0.93967900 0.00171700 0.34205200
vn -0.93970200 0.00166800 0.34199100
vn -0.84733500 -0.43235200 0.30837400
vn -0.84733400 -0.43235000 0.30838100
vn -0.84733500 -0.43235200 0.30837400
vn -0.84733400 -0.43235000 0.30838100
vn -0.84733500 -0.43235200 0.30837400
vn -0.84733400 -0.43235000 0.30838100
vn -0.58713400 -0.78077800 0.21368100
vn -0.58713400 -0.78077800 0.21368100
vn -0.58714000 -0.78076600 0.21370700
vn -0.58714000 -0.78076600 0.21370700
vn -0.58713400 -0.78077800 0.21368100
vn -0.58714000 -0.78076600 0.21370700
vn -0.21064300 -0.97455100 0.07667400
vn -0.21064500 -0.97455100 0.07667200
vn -0.21064300 -0.97455100 0.07667400
vn -0.21064500 -0.97455100 0.07667200
vn -0.21064300 -0.97455100 0.07667400
vn -0.21064500 -0.97455100 0.07667200
vn 0.20755500 -0.97530200 -0.07553900
vn 0.20756000 -0.97530000 -0.07555300
vn 0.20755500 -0.97530200 -0.07553900
vn 0.20756000 -0.97530000 -0.07555300
vn 0.20755500 -0.97530200 -0.07553900
vn 0.20756000 -0.97530000 -0.07555300
vn 0.58465800 -0.78287000 -0.21281500
vn 0.58465800 -0.78287000 -0.21281500
vn 0.58465000 -0.78288400 -0.21278100
vn 0.58465000 -0.78288400 -0.21278100
vn 0.58465800 -0.78287000 -0.21281500
vn 0.58465000 -0.78288400 -0.21278100
vn 0.84593900 -0.43543400 -0.30787200
vn 0.84593900 -0.43543400 -0.30787200
vn 0.84593800 -0.43541400 -0.30790000
vn 0.84593800 -0.43541400 -0.30790000
vn 0.84593900 -0.43543400 -0.30787200
vn 0.84593800 -0.43541400 -0.30790000
vn 0.93969500 -0.00167100 -0.34201000
vn 0.93969600 -0.00168300 -0.34200700
vn 0.93969500 -0.00167100 -0.34201000
vn 0.93969600 -0.00168300 -0.34200700
vn 0.93969500 -0.00167100 -0.34201000
vn 0.93969600 -0.00168300 -0.34200700
vn 0.84732600 0.43236200 -0.30838400
vn 0.84732400 0.43236300 -0.30838900
vn 0.84732600 0.43236200 -0.30838400
vn 0.84732600 0.43236200 -0.30838400
vn 0.84732400 0.43236300 -0.30838900
vn 0.84732400 0.43236300 -0.30838900
vn 0.58715000 0.78076200 -0.21369300
vn 0.58712900 0.78077400 -0.21371000
vn 0.58715000 0.78076200 -0.21369300
vn 0.58712900 0.78077400 -0.21371000
vn 0.58715000 0.78076200 -0.21369300
vn 0.58712900 0.78077400 -0.21371000
vn 0.21064200 0.97455200 -0.07667300
vn 0.21064300 0.97455200 -0.07667100
vn 0.21064200 0.97455200 -0.07667300
vn 0.21064200 0.97455200 -0.07667300
vn 0.21064300 0.97455200 -0.07667100
vn 0.21064300 0.97455200 -0.07667100
vn -0.20756200 0.97530000 0.07555100
vn -0.20755900 0.97530100 0.07555100
vn -0.20756200 0.97530000 0.07555100
vn -0.20755900 0.97530100 0.07555100
vn -0.20756200 0.97530000 0.07555100
vn -0.20755900 0.97530100 0.07555100
vn -0.58463300 0.78288800 0.21281600
vn -0.58466800 0.78287300 0.21277700
vn -0.58463300 0.78288800 0.21281600
vn -0.58463300 0.78288800 0.21281600
vn -0.58466800 0.78287300 0.21277700
vn -0.58466800 0.78287300 0.21277700
vn -0.84595000 0.43541700 0.30786500
vn -0.84595000 0.43541700 0.30786500
vn -0.84593600 0.43542400 0.30789200
vn -0.84593600 0.43542400 0.30789200
vn -0.84595000 0.43541700 0.30786500
vn -0.84593600 0.43542400 0.30789200
vn -0.93969700 0.00167300 0.34200300
vn -0.93969300 0.00167400 0.34201500
vn -0.93969700 0.00167300 0.34200300
vn -0.93969700 0.00167300 0.34200300
vn -0.93969300 0.00167400 0.34201500
vn -0.93969300 0.00167400 0.34201500
vn -0.84733600 -0.43234000 0.30838900
vn -0.84733300 -0.43234900 0.30838500
vn -0.84733600 -0.43234000 0.30838900
vn -0.84733600 -0.43234000 0.30838900
vn -0.84733300 -0.43234900 0.30838500
vn -0.84733300 -0.43234900 0.30838500
vn -0.58712800 -0.78078300 0.21367800
vn -0.58712800 -0.78078300 0.21367800
vn -0.58713900 -0.78076400 0.21371700
vn -0.58712800 -0.78078300 0.21367800
vn -0.58713900 -0.78076400 0.21371700
vn -0.58713900 -0.78076400 0.21371700
vn -0.21065200 -0.97454900 0.07667900
vn -0.21064700 -0.97455100 0.07666400
vn -0.21065200 -0.97454900 0.07667900
vn -0.21065200 -0.97454900 0.07667900
vn -0.21064700 -0.97455100 0.07666400
vn -0.21064700 -0.97455100 0.07666400
vn 0.34201800 -0.00000400 0.93969300
vn 0.34209800 0.00004400 0.93966400
vn 0.34199400 0.00000000 0.93970200
vn 0.34199400 0.00000000 0.93970200
vn 0.34192900 -0.00002800 0.93972600
vn 0.34199400 0.00000000 0.93970200
vn 0.34209800 0.00004400 0.93966400
vn 0.34192900 -0.00002800 0.93972600
vn 0.34202400 -0.00000100 0.93969100
vn 0.34202400 -0.00000100 0.93969100
vn 0.34192900 -0.00002800 0.93972600
vn 0.34056200 -0.08815200 0.93608000
vn 0.34056100 -0.08816500 0.93608000
vn 0.34202000 -0.00000400 0.93969300
vn 0.34209800 0.00004400 0.93966400
vn 0.34081400 0.08827200 0.93597800
vn 0.34080600 0.08813500 0.93599300
vn 0.34202900 -0.00000100 0.93968900
vn 0.34204100 0.00000100 0.93968500
vn 0.34203700 -0.00000000 0.93968700
vn 0.34203000 0.00000100 0.93968900
vn 0.34134900 0.06738000 0.93751800
vn 0.33540500 0.12487700 0.93376100
vn 0.34164700 -0.04425500 0.93878600
vn 0.34290300 -0.06764600 0.93693200
vn 0.34203100 0.00000100 0.93968900
vn 0.34203700 -0.00000000 0.93968700
vn 0.34203700 -0.00000000 0.93968700
vn 0.34204100 0.00000100 0.93968500
vn 0.34204100 0.00000100 0.93968500
vn -0.09679300 -0.96042700 -0.26117200
vn -0.09687200 -0.96045400 -0.26104300
vn -0.13737800 -0.91761000 -0.37298800
vn -0.13740500 -0.91760700 -0.37298300
vn -0.13737800 -0.91761000 -0.37298800
vn -0.13740500 -0.91760700 -0.37298300
vn -0.13740500 -0.91760700 -0.37298300
vn -0.26469000 -0.63684800 -0.72413000
vn -0.26469000 -0.63684800 -0.72413000
vn -0.26469500 -0.63685900 -0.72411800
vn -0.26469000 -0.63684800 -0.72413000
vn -0.26469500 -0.63685900 -0.72411800
vn -0.26469500 -0.63685900 -0.72411800
vn -0.33424600 -0.21665900 -0.91724500
vn -0.33423200 -0.21680400 -0.91721600
vn 0.33503500 -0.19668400 0.92144800
vn 0.33502800 -0.19667300 0.92145300
vn 0.27374700 -0.59582200 0.75502200
vn 0.27374700 -0.59582200 0.75502200
vn 0.27370300 -0.59593300 0.75495100
vn 0.27374700 -0.59582200 0.75502200
vn 0.27370300 -0.59593300 0.75495100
vn 0.27370300 -0.59593300 0.75495100
vn 0.14678400 -0.90121700 0.40775300
vn 0.14680700 -0.90117600 0.40783400
vn 0.11693200 -0.93812900 0.32594700
vn 0.06754600 -0.97879600 0.19338100
vn 0.01625400 -0.99836000 0.05488900
vn -0.02010500 -0.99878500 -0.04499500
vn -0.02934000 -0.99696300 -0.07213500
vn 0.33522600 -0.19720500 0.92126700
vn 0.31427600 -0.37989000 0.87000800
vn 0.28869700 -0.53107500 0.79662600
vn 0.22069600 -0.75448400 0.61809900
vn 0.22969400 -0.73780700 0.63473000
vn 0.15464600 -0.88734900 0.43439300
vn 0.08066700 -0.96930300 0.23226100
vn 0.08937400 -0.96422200 0.24957700
vn 0.01329900 -0.99894100 0.04403800
vn -0.05205100 -0.98960400 -0.13406800
vn -0.09903200 -0.95823400 -0.26829200
vn -0.13920500 -0.91434800 -0.38024900
vn -0.14099600 -0.91104400 -0.38745300
vn -0.26758200 -0.62851000 -0.73032500
vn -0.26633100 -0.63685300 -0.72352300
vn -0.30799000 -0.44754200 -0.83955200
vn -0.30499200 -0.45599500 -0.83609100
vn -0.33785300 -0.18568600 -0.92270000
vn -0.10755300 0.94780200 -0.30017300
vn -0.06223500 0.98289800 -0.17331600
vn -0.01672700 0.99879200 -0.04620000
vn 0.07276000 0.97732100 0.19887000
vn 0.02801000 0.99666500 0.07664700
vn 0.33564100 0.19694200 0.92117300
vn 0.33563900 0.19689400 0.92118400
vn 0.27563800 0.59579800 0.75435400
vn 0.27563800 0.59579800 0.75435400
vn 0.27561500 0.59590700 0.75427600
vn 0.27563800 0.59579800 0.75435400
vn 0.27561500 0.59590700 0.75427600
vn 0.27561500 0.59590700 0.75427600
vn 0.14963900 0.90125600 0.40662700
vn 0.14968100 0.90116600 0.40681100
vn 0.10457900 0.95351900 0.28260500
vn -0.33352500 0.21704800 -0.91741500
vn -0.33351900 0.21707700 -0.91741100
vn -0.26271800 0.63669200 -0.72498400
vn -0.26270200 0.63681600 -0.72488100
vn -0.26271800 0.63669200 -0.72498400
vn -0.26271800 0.63669200 -0.72498400
vn -0.26270200 0.63681600 -0.72488100
vn -0.26270200 0.63681600 -0.72488100
vn -0.13445900 0.91766300 -0.37391900
vn -0.13448300 0.91761000 -0.37404200
vn -0.03385700 0.99453300 -0.09878600
vn -0.08445400 0.96943800 -0.23034300
vn 0.00635800 0.99991600 0.01128300
vn 0.00838400 0.99984300 0.01561700
vn 0.15180600 0.89840600 0.41209500
vn 0.14915900 0.90125700 0.40680200
vn 0.15177200 0.89844200 0.41202800
vn 0.15435100 0.89562200 0.41717700
vn 0.27347100 0.59948900 0.75221500
vn 0.27486200 0.59571500 0.75470200
vn 0.30864100 0.42732500 0.84978400
vn 0.30620400 0.44818600 0.83986200
vn 0.33588800 0.18024300 0.92449600
vn -0.33960000 0.17218200 -0.92467600
vn -0.34123400 0.06327700 -0.93784600
vn -0.32398000 0.33263800 -0.88565700
vn -0.30531900 0.45784300 -0.83496100
vn -0.27133500 0.61252900 -0.74241800
vn -0.21157800 0.78872500 -0.57718900
vn -0.21359300 0.77809200 -0.59072000
vn -0.14439800 0.90648200 -0.39678600
vn -0.33703700 -0.26184700 -0.90434600
vn -0.33703700 -0.26191900 -0.90432500
vn -0.34847800 -0.24269300 -0.90535300
vn -0.30561200 -0.45230700 -0.83786600
vn -0.29670400 -0.52491700 -0.79776500
vn -0.26764000 -0.63958100 -0.72062800
vn -0.26768100 -0.63948200 -0.72070100
vn -0.27280400 -0.65852700 -0.70137000
vn -0.21566000 -0.77936700 -0.58828400
vn -0.20846200 -0.79544100 -0.56905000
vn -0.17220200 -0.86779600 -0.46613000
vn -0.15123600 -0.90021000 -0.40835000
vn -0.12871500 -0.93002900 -0.34420700
vn -0.12906400 -0.92788200 -0.34982600
vn 0.03831000 -0.99031600 0.13344400
vn 0.01026800 -0.99939100 0.03333900
vn -0.02350700 -0.99966000 -0.01127100
vn -0.01033500 -0.99945000 0.03151500
vn 0.07396900 -0.95925400 0.27269000
vn 0.11328600 -0.91910400 0.37737800
vn 0.08944300 -0.93172600 0.35197600
vn 0.15508700 -0.88697800 0.43499100
vn 0.27291700 -0.60500100 0.74799000
vn 0.22584500 -0.67744400 0.70004600
vn 0.24157200 -0.65305600 0.71774700
vn 0.22541800 -0.67620900 0.70137600
vn 0.27199900 -0.60238300 0.75043400
vn 0.33342200 -0.21485700 0.91796800
vn 0.33325100 -0.21349700 0.91834800
vn -0.33623100 -0.26281400 -0.90436600
vn -0.31108100 -0.45927900 -0.83204100
vn -0.30570000 -0.45247600 -0.83774300
vn -0.26657800 -0.64042900 -0.72026800
vn -0.22427500 -0.76538700 -0.60322800
vn -0.21561300 -0.77954400 -0.58806600
vn -0.17125200 -0.86874400 -0.46471100
vn -0.14977400 -0.90169300 -0.40560900
vn -0.12707000 -0.93099800 -0.34219300
vn -0.12749400 -0.92970400 -0.34553800
vn 0.03989700 -0.99060400 0.13081500
vn 0.00824800 -0.99958800 0.02747700
vn -0.02097000 -0.99965000 -0.01612700
vn -0.00574200 -0.99956000 0.02911000
vn 0.07763600 -0.95981400 0.26968600
vn 0.11645100 -0.91981200 0.37468000
vn 0.09456200 -0.93282800 0.34769200
vn 0.15531600 -0.88724100 0.43437400
vn 0.27252000 -0.60452900 0.74851700
vn 0.22828900 -0.67904100 0.69770100
vn 0.24305900 -0.65423100 0.71617300
vn 0.22784800 -0.67809800 0.69876200
vn 0.27156100 -0.60263100 0.75039400
vn 0.33394200 -0.21369800 0.91805000
vn 0.33397500 -0.21422400 0.91791500
vn -0.18349500 0.84623000 -0.50022500
vn -0.13644000 0.91512200 -0.37938800
vn -0.13492400 0.92379000 -0.35834100
vn -0.16216800 0.88698800 -0.43238200
vn -0.24003200 0.73369300 -0.63567200
vn -0.29415200 0.53878300 -0.78942200
vn -0.27895500 0.62500600 -0.72907600
vn -0.32876600 0.37238500 -0.86789500
vn -0.34696900 0.26206100 -0.90052000
vn 0.32857100 0.23435300 0.91494300
vn 0.32262000 0.25406500 0.91179300
vn 0.26213500 0.64255100 0.72000900
vn 0.27987400 0.60653400 0.74416800
vn 0.23512000 0.73586400 0.63499900
vn 0.18435700 0.84156500 0.50772200
vn 0.11996800 0.94042400 0.31813600
vn 0.08555600 0.97000300 0.22754000
vn 0.03051000 0.99624800 0.08098200
vn 0.00960900 0.99959000 0.02697800
vn -0.01942300 0.99887600 -0.04323200
vn -0.00538700 0.99979100 -0.01972100
vn -0.18530600 0.84417100 -0.50302800
vn -0.05600100 0.98836500 -0.14141800
vn -0.10112300 0.95846400 -0.26668600
vn -0.16469300 0.88668900 -0.43204100
vn -0.24307300 0.73058500 -0.63809200
vn -0.29622000 0.53497900 -0.79123400
vn -0.28319700 0.62330800 -0.72889400
vn -0.33074600 0.36969000 -0.86829500
vn -0.34975800 0.26008600 -0.90001400
vn 0.33440900 0.21425800 0.91774900
vn 0.33437500 0.21432700 0.91774600
vn 0.27320800 0.60393900 0.74874200
vn 0.27395200 0.60258200 0.74956300
vn 0.25744700 0.66116800 0.70468300
vn 0.25740900 0.66127700 0.70459400
vn 0.27252000 0.60502600 0.74811500
vn 0.19087300 0.83090600 0.52265000
vn 0.18032700 0.85056500 0.49398500
vn 0.13380700 0.92106000 0.36570900
vn 0.07061100 0.97605000 0.20576600
vn 0.00460100 0.99958500 0.02843400
vn 0.06140600 0.98365400 0.16927400
vn 0.32652800 0.30209200 0.89561100
vn 0.31021000 0.42527200 0.85024400
vn 0.28889300 0.53917200 0.79109700
vn 0.28890300 0.53917600 0.79109100
vn 0.18577100 0.84213200 0.50626300
vn 0.18577100 0.84213200 0.50626300
vn 0.18571100 0.84228400 0.50603300
vn 0.18577100 0.84213200 0.50626300
vn 0.18571100 0.84228400 0.50603300
vn 0.18571100 0.84228400 0.50603300
vn 0.06165900 0.98445100 0.16448200
vn 0.06175200 0.98438600 0.16483300
vn 0.02190500 0.99823300 0.05523800
vn -0.01871100 0.99823200 -0.05641900
vn -0.33642900 0.17560500 -0.92519100
vn -0.33643200 0.17566200 -0.92517900
vn -0.28718300 0.53922600 -0.79168200
vn -0.28718300 0.53922600 -0.79168200
vn -0.28719300 0.53922100 -0.79168200
vn -0.28718300 0.53922600 -0.79168200
vn -0.28719300 0.53922100 -0.79168200
vn -0.28719300 0.53922100 -0.79168200
vn -0.18300400 0.84233400 -0.50693500
vn -0.18300400 0.84233400 -0.50693500
vn -0.18306700 0.84218100 -0.50716700
vn -0.18300400 0.84233400 -0.50693500
vn -0.18306700 0.84218100 -0.50716700
vn -0.18306700 0.84218100 -0.50716700
vn -0.05861300 0.98439000 -0.16595300
vn -0.05865200 0.98437100 -0.16605200
vn 0.32652500 0.30213700 0.89559700
vn 0.31020200 0.42522900 0.85026800
vn 0.28886600 0.53935000 0.79098500
vn 0.28887700 0.53930100 0.79101500
vn 0.18577300 0.84212600 0.50627300
vn 0.18573700 0.84220300 0.50615700
vn 0.14692600 0.90503900 0.39914600
vn 0.14686300 0.90508700 0.39906000
vn 0.18573500 0.84220900 0.50614900
vn 0.06172500 0.98440100 0.16475500
vn 0.02186700 0.99823900 0.05514600
vn 0.02193800 0.99822900 0.05530000
vn 0.06164200 0.98445700 0.16445100
vn -0.33641100 0.17589800 -0.92514200
vn -0.33640700 0.17597900 -0.92512800
vn -0.28723200 0.53902600 -0.79180100
vn -0.28723200 0.53902600 -0.79180100
vn -0.28716200 0.53930800 -0.79163400
vn -0.28716200 0.53930800 -0.79163400
vn -0.28723200 0.53902600 -0.79180100
vn -0.28716200 0.53930800 -0.79163400
vn -0.18301500 0.84232100 -0.50695300
vn -0.18306300 0.84218800 -0.50715600
vn -0.14400200 0.90507900 -0.40012000
vn -0.10179400 0.95328600 -0.28440000
vn -0.05861500 0.98439000 -0.16595500
vn -0.06602000 -0.97920400 -0.19183500
vn -0.08012700 -0.97324900 -0.21532700
vn -0.06602200 -0.97920300 -0.19183800
vn -0.05181400 -0.98440900 -0.16808900
vn -0.19701500 -0.82699100 -0.52656500
vn -0.19260300 -0.84213700 -0.50369600
vn -0.25612200 -0.67858300 -0.68842300
vn -0.23190700 -0.73816900 -0.63350300
vn -0.32651700 -0.30208500 -0.89561800
vn -0.31760200 -0.40352100 -0.85807900
vn -0.28794000 -0.56984700 -0.76965300
vn 0.32791300 -0.27977300 0.90233000
vn 0.30958500 -0.40348800 0.86101900
vn 0.27985100 -0.55972100 0.77999700
vn 0.24376800 -0.68991100 0.68161600
vn 0.21159200 -0.77557700 0.59473500
vn 0.18630800 -0.82716200 0.53018200
vn 0.18945000 -0.81134600 0.55301600
vn 0.07274100 -0.97919800 0.18942200
vn 0.06836600 -0.98441000 0.16206200
vn 0.07274000 -0.97920300 0.18939700
vn 0.07704100 -0.97322900 0.21654100
vn -0.06602500 -0.97920200 -0.19184500
vn -0.08016400 -0.97323300 -0.21538800
vn -0.06601900 -0.97920300 -0.19184100
vn -0.05178500 -0.98442000 -0.16803700
vn -0.19700000 -0.82702800 -0.52651300
vn -0.19262300 -0.84204500 -0.50384100
vn -0.25611200 -0.67860500 -0.68840500
vn -0.23189100 -0.73820400 -0.63346700
vn -0.33700600 -0.17553000 -0.92499500
vn -0.33704100 -0.17556600 -0.92497600
vn -0.28885800 -0.53929500 -0.79102600
vn -0.30118300 -0.50888100 -0.80642900
vn -0.28792200 -0.56990300 -0.76961800
vn 0.32791000 -0.27979600 0.90232400
vn 0.30957900 -0.40352700 0.86100300
vn 0.27984800 -0.55972300 0.77999700
vn 0.24375100 -0.68995500 0.68157800
vn 0.21157600 -0.77561900 0.59468600
vn 0.18631100 -0.82715700 0.53018900
vn 0.18945400 -0.81136100 0.55299300
vn 0.07273600 -0.97920100 0.18940500
vn 0.06841400 -0.98435800 0.16235400
vn 0.07274000 -0.97920000 0.18940900
vn 0.07703100 -0.97324400 0.21647500
vn 0.32649600 0.30211700 0.89561500
vn 0.31024200 0.42522800 0.85025400
vn 0.28889000 0.53924500 0.79104900
vn 0.28888600 0.53926900 0.79103300
vn 0.18572200 0.84224500 0.50609400
vn 0.18574800 0.84216400 0.50621900
vn 0.14689800 0.90504300 0.39914700
vn 0.14684000 0.90510600 0.39902400
vn 0.18575000 0.84215800 0.50622700
vn 0.06168200 0.98442900 0.16460400
vn 0.02189300 0.99823400 0.05522600
vn -0.01872900 0.99823400 -0.05638200
vn -0.10178800 0.95327300 -0.28444700
vn -0.14396700 0.90508900 -0.40010800
vn -0.18303400 0.84226200 -0.50704400
vn -0.18304000 0.84225200 -0.50705800
vn -0.28724500 0.53893900 -0.79185500
vn -0.28724700 0.53891700 -0.79187000
vn -0.30886100 0.42526100 -0.85074000
vn -0.31789400 0.36454000 -0.87524500
vn -0.33640600 0.17596700 -0.92513100
vn -0.01872800 0.99823300 -0.05638800
vn 0.02188000 0.99823200 0.05525700
vn 0.06170400 0.98441800 0.16466500
vn 0.06170000 0.98442100 0.16464800
vn 0.18572500 0.84224300 0.50609600
vn 0.18573700 0.84221600 0.50613600
vn 0.18572500 0.84224300 0.50609600
vn 0.18573700 0.84221600 0.50613600
vn 0.18572500 0.84224300 0.50609600
vn 0.18573700 0.84221600 0.50613600
vn 0.28892900 0.53907900 0.79114800
vn 0.28892900 0.53907900 0.79114800
vn 0.28892900 0.53906600 0.79115600
vn 0.28892900 0.53906600 0.79115600
vn 0.28892900 0.53907900 0.79114800
vn 0.28892900 0.53906600 0.79115600
vn 0.33696800 0.17589600 0.92494000
vn 0.33697200 0.17586700 0.92494400
vn -0.10181800 0.95328400 -0.28439800
vn -0.14400800 0.90507500 -0.40012700
vn -0.18304400 0.84224100 -0.50707500
vn -0.18303400 0.84226900 -0.50703300
vn -0.28719400 0.53918100 -0.79170900
vn -0.28720100 0.53913400 -0.79173900
vn -0.30890700 0.42522200 -0.85074300
vn -0.32557300 0.30207000 -0.89596700
vn 0.01873100 -0.99823300 0.05639400
vn -0.02189800 -0.99823400 -0.05521600
vn -0.10483200 -0.95328400 -0.28330100
vn -0.14685900 -0.90508200 -0.39907200
vn -0.18575000 -0.84220700 -0.50614600
vn -0.18578800 -0.84213300 -0.50625600
vn -0.28892600 -0.53906500 -0.79115700
vn -0.28891300 -0.53910100 -0.79113800
vn -0.28892600 -0.53906500 -0.79115700
vn -0.28891300 -0.53910100 -0.79113800
vn -0.28892600 -0.53906500 -0.79115700
vn -0.28891300 -0.53910100 -0.79113800
vn -0.33696500 -0.17588800 -0.92494200
vn -0.33697800 -0.17578100 -0.92495800
vn 0.05848900 -0.98445700 0.16560200
vn 0.05849200 -0.98445400 0.16561800
vn 0.18298400 -0.84233200 0.50694500
vn 0.18307700 -0.84219900 0.50713300
vn 0.18298400 -0.84233200 0.50694500
vn 0.18307700 -0.84219900 0.50713300
vn 0.18298400 -0.84233200 0.50694500
vn 0.18307700 -0.84219900 0.50713300
vn 0.28720600 -0.53914100 0.79173200
vn 0.28720100 -0.53914500 0.79173100
vn 0.30889400 -0.42527200 0.85072200
vn 0.32557000 -0.30210200 0.89595700
vn 0.01871300 -0.99823300 0.05639900
vn -0.02189400 -0.99823300 -0.05523700
vn -0.06164400 -0.98444400 -0.16452900
vn -0.06175400 -0.98439800 -0.16476500
vn -0.18575300 -0.84218100 -0.50618900
vn -0.18575300 -0.84218100 -0.50618900
vn -0.18572300 -0.84222200 -0.50613100
vn -0.18575300 -0.84218100 -0.50618900
vn -0.18572300 -0.84222200 -0.50613100
vn -0.18572300 -0.84222200 -0.50613100
vn -0.28892000 -0.53908400 -0.79114700
vn -0.28885700 -0.53927800 -0.79103700
vn -0.31022000 -0.42522600 -0.85026200
vn -0.32654700 -0.30207000 -0.89561200
vn 0.10179600 -0.95328200 0.28441500
vn 0.14399300 -0.90508700 0.40010500
vn 0.18299700 -0.84230900 0.50698000
vn 0.18308500 -0.84218400 0.50715400
vn 0.28723500 -0.53901200 0.79181000
vn 0.28719500 -0.53913600 0.79174000
vn 0.30887000 -0.42524800 0.85074300
vn 0.31792300 -0.36451600 0.87524400
vn 0.33641400 -0.17579400 0.92516100
vn -0.00687800 0.99964000 -0.02595000
vn 0.00945600 0.99973600 0.02094300
vn -0.09410500 0.96161600 -0.25775800
vn -0.14864000 0.90356100 -0.40185100
vn -0.19119200 0.82544800 -0.53111300
vn -0.23071600 0.73960000 -0.63226700
vn -0.24526500 0.69823300 -0.67254400
vn -0.27005800 0.60292600 -0.75069900
vn -0.28038700 0.56308100 -0.77738200
vn -0.30675900 0.41988700 -0.85416300
vn -0.32066800 0.32741900 -0.88880200
vn -0.33386000 0.17804200 -0.92565600
vn 0.09672700 0.96332000 0.25031800
vn 0.06937400 0.98427200 0.16247100
vn 0.14796900 0.90761300 0.39286700
vn 0.19509700 0.82672800 0.52769000
vn 0.20923000 0.79795000 0.56524200
vn 0.23851700 0.71560900 0.65651600
vn 0.25246000 0.67263400 0.69557800
vn 0.28416700 0.56274600 0.77625100
vn 0.30631700 0.42732100 0.85062700
vn 0.32767500 0.27243100 0.90466000
vn 0.09672800 0.96332400 0.25030200
vn 0.00945600 0.99973600 0.02095200
vn -0.00689200 0.99963900 -0.02598200
vn 0.06936800 0.98427300 0.16246500
vn 0.14796700 0.90761400 0.39286400
vn 0.19510000 0.82673100 0.52768500
vn 0.20922200 0.79796900 0.56521800
vn 0.23851600 0.71562600 0.65649700
vn 0.25244400 0.67267200 0.69554600
vn 0.28415500 0.56277000 0.77623800
vn 0.30632100 0.42731700 0.85062800
vn 0.32767500 0.27240000 0.90467000
vn -0.09410200 0.96162600 -0.25772000
vn -0.14863400 0.90356600 -0.40184100
vn -0.19119700 0.82544000 -0.53112300
vn -0.23070700 0.73961400 -0.63225400
vn -0.24526200 0.69821700 -0.67256200
vn -0.27005200 0.60291800 -0.75070800
vn -0.28039300 0.56301900 -0.77742500
vn -0.30675500 0.41990900 -0.85415300
vn -0.32066800 0.32741700 -0.88880200
vn -0.33386400 0.17804800 -0.92565300
vn -0.33133600 -0.27250700 -0.90330300
vn -0.31351100 -0.42729000 -0.84801800
vn -0.28303300 -0.56294100 -0.77652500
vn -0.25160000 -0.68589900 -0.68281700
vn -0.24903700 -0.68885000 -0.68078300
vn -0.21194600 -0.78376500 -0.58377300
vn -0.18649000 -0.83818900 -0.51250400
vn -0.12207800 -0.93214400 -0.34088800
vn -0.12680500 -0.93091900 -0.34250600
vn -0.06011300 -0.98399400 -0.16775700
vn -0.01453500 -0.99899400 -0.04241400
vn 0.02738600 -0.99529300 0.09295900
vn 0.21208400 -0.78521800 0.58176600
vn 0.14795500 -0.90651900 0.39538900
vn 0.11930700 -0.93381800 0.33726800
vn 0.17918100 -0.83424900 0.52146200
vn 0.24220500 -0.69819000 0.67369700
vn 0.27374700 -0.60299000 0.74931000
vn 0.28313000 -0.56306900 0.77639600
vn 0.31272200 -0.42000800 0.85193800
vn 0.32462000 -0.32751000 0.88733300
vn 0.33866500 -0.17828300 0.92386200
vn 0.21209500 -0.78520100 0.58178700
vn 0.14796700 -0.90650500 0.39541700
vn 0.11929500 -0.93382900 0.33724300
vn 0.02738700 -0.99529300 0.09295900
vn -0.01453400 -0.99899400 -0.04242400
vn 0.17920000 -0.83421900 0.52150300
vn 0.24220100 -0.69821100 0.67367600
vn 0.27377400 -0.60291800 0.74935800
vn 0.28316000 -0.56298700 0.77644500
vn 0.31272400 -0.41999800 0.85194200
vn 0.32461600 -0.32754700 0.88732100
vn 0.33863900 -0.17825900 0.92387600
vn -0.33137000 -0.27242500 -0.90331600
vn -0.31350300 -0.42729200 -0.84802000
vn -0.28303200 -0.56292000 -0.77654000
vn -0.25156800 -0.68591900 -0.68280900
vn -0.24903900 -0.68881800 -0.68081500
vn -0.21196200 -0.78373700 -0.58380400
vn -0.18650100 -0.83817900 -0.51251800
vn -0.12208600 -0.93214100 -0.34089200
vn -0.12680300 -0.93092000 -0.34250400
vn -0.06014200 -0.98400000 -0.16771200
vn 0.32767100 0.27251100 0.90463800
vn 0.30629800 0.42729500 0.85064700
vn 0.28413300 0.56289200 0.77615800
vn 0.24833700 0.68587200 0.68403800
vn 0.24899900 0.68893600 0.68071000
vn 0.21538200 0.78373100 0.58256000
vn 0.18923200 0.83818900 0.51149800
vn 0.12853700 0.93212400 0.33855900
vn 0.12598600 0.93091100 0.34282800
vn 0.06493500 0.98398200 0.16601800
vn 0.01930500 0.99898600 0.04067500
vn -0.03561500 0.99530600 -0.08998600
vn -0.20899300 0.78520800 -0.58289900
vn -0.13793500 0.90649000 -0.39906000
vn -0.12242000 0.93383800 -0.33609400
vn -0.19527600 0.83428000 -0.51560100
vn -0.24527900 0.69821400 -0.67255900
vn -0.27003300 0.60296300 -0.75067800
vn -0.28037700 0.56302400 -0.77742700
vn -0.30672500 0.41997000 -0.85413400
vn -0.32065000 0.32752100 -0.88877100
vn -0.33389400 0.17823700 -0.92560600
vn 0.32766600 0.27246400 0.90465400
vn 0.30629300 0.42728700 0.85065300
vn 0.28412200 0.56291500 0.77614500
vn 0.24837100 0.68590600 0.68399100
vn 0.24896400 0.68903800 0.68062000
vn 0.21538400 0.78372800 0.58256300
vn 0.18923100 0.83818900 0.51149900
vn 0.12856000 0.93213400 0.33852500
vn 0.12599800 0.93090200 0.34285100
vn 0.06498100 0.98397300 0.16605600
vn 0.01931800 0.99898400 0.04071900
vn -0.03561000 0.99530700 -0.08997400
vn -0.20898600 0.78523500 -0.58286400
vn -0.13792900 0.90650300 -0.39903300
vn -0.12241200 0.93384900 -0.33606600
vn -0.19529000 0.83424500 -0.51565200
vn -0.24527800 0.69821200 -0.67256100
vn -0.27004200 0.60291100 -0.75071700
vn -0.28038400 0.56298900 -0.77744900
vn -0.30671900 0.41998800 -0.85412700
vn -0.32065700 0.32750200 -0.88877500
vn -0.33386500 0.17825000 -0.92561400
vn 0.00825400 -0.99964100 0.02550700
vn -0.00948800 -0.99973400 -0.02103200
vn 0.09050900 -0.96162200 0.25901800
vn 0.14159900 -0.90354500 0.40442100
vn 0.19230800 -0.82543900 0.53072400
vn 0.22731900 -0.73960600 0.63348900
vn 0.24221600 -0.69820400 0.67367800
vn 0.27377900 -0.60287900 0.74938800
vn 0.28315400 -0.56298300 0.77644900
vn 0.31272600 -0.41989200 0.85199400
vn 0.32462900 -0.32739200 0.88737300
vn 0.33870900 -0.17810600 0.92388000
vn -0.08986300 -0.96333100 -0.25281900
vn -0.05443900 -0.98429000 -0.16795800
vn -0.14205300 -0.90763100 -0.39500300
vn -0.19237300 -0.82672400 -0.52869700
vn -0.20557400 -0.79798200 -0.56653700
vn -0.24155700 -0.71561600 -0.65539600
vn -0.25584800 -0.67263300 -0.69433900
vn -0.28307000 -0.56276200 -0.77664000
vn -0.31346500 -0.42730600 -0.84802600
vn -0.33136000 -0.27240700 -0.90332500
vn 0.00824000 -0.99964100 0.02548400
vn -0.00951100 -0.99973200 -0.02109300
vn 0.09050700 -0.96162500 0.25901000
vn 0.14158200 -0.90355300 0.40440800
vn 0.19229900 -0.82546200 0.53069100
vn 0.22731700 -0.73961800 0.63347600
vn 0.24221500 -0.69820600 0.67367700
vn 0.27377800 -0.60287000 0.74939500
vn 0.28315300 -0.56297300 0.77645800
vn 0.31271900 -0.41990700 0.85198900
vn 0.32462200 -0.32742600 0.88736300
vn 0.33868600 -0.17808000 0.92389300
vn -0.08985100 -0.96333900 -0.25279200
vn -0.05442700 -0.98429600 -0.16792800
vn -0.14206300 -0.90761800 -0.39503000
vn -0.19237600 -0.82671300 -0.52871200
vn -0.20558500 -0.79795300 -0.56657400
vn -0.24154400 -0.71563400 -0.65538100
vn -0.25584100 -0.67264800 -0.69432700
vn -0.28306400 -0.56276600 -0.77664000
vn -0.31349000 -0.42728700 -0.84802700
vn -0.33135600 -0.27242100 -0.90332200
vn 0.90609700 -0.05630800 0.41930700
vn 0.90440900 -0.06397000 0.42184400
vn 0.90630900 -0.00119700 0.42261500
vn 0.90631000 -0.00119700 0.42261300
vn 0.90513700 0.06629200 0.41991900
vn 0.90450000 0.06378700 0.42167700
vn 0.89360400 -0.20890700 0.39727800
vn 0.88989200 -0.26834800 0.36889200
vn 0.85258700 -0.44896200 0.26744900
vn 0.65533700 -0.70514100 -0.27075700
vn 0.67695600 -0.70836700 -0.19986600
vn 0.73496100 -0.67675700 -0.04280300
vn 0.76630100 -0.64149100 0.03566400
vn 0.81056900 -0.56297200 0.16137000
vn 0.87008400 -0.39317300 0.29726800
vn 0.60707500 0.67937600 -0.41219900
vn 0.63603900 0.69526700 -0.33475200
vn 0.69511300 0.70385100 -0.14632700
vn 0.72661100 0.68064700 -0.09357100
vn 0.80185700 0.58639300 0.11475400
vn 0.89475400 0.21538400 0.39118500
vn 0.88570200 0.31126800 0.34444800
vn 0.84952600 0.45693600 0.26365800
vn 0.78574000 0.61669900 0.04789600
vn 0.58959600 -0.68014000 -0.43564500
vn 0.57522600 -0.65219800 -0.49371400
vn 0.51359800 -0.54413200 -0.66342800
vn 0.42216000 -0.04462000 -0.90542200
vn 0.41997900 -0.08652800 -0.90340000
vn 0.43241600 -0.21231300 -0.87632200
vn 0.44674600 -0.29680200 -0.84399400
vn 0.47195200 -0.43006300 -0.76961500
vn 0.53840300 -0.57812000 -0.61310700
vn 0.42214100 0.05069100 -0.90511200
vn 0.42736900 0.08779100 -0.89980500
vn 0.43218200 0.25143500 -0.86602500
vn 0.45877800 0.30782000 -0.83352900
vn 0.50425900 0.50359200 -0.70151100
vn 0.54950000 0.61889400 -0.56126700
vn 0.50061400 0.43380900 -0.74913000
vn 0.90609900 -0.05633300 0.41929800
vn 0.90440300 -0.06406100 0.42184200
vn 0.90631800 -0.00119800 0.42259500
vn 0.90631700 -0.00119800 0.42259600
vn 0.90513400 0.06634500 0.41991700
vn 0.90448700 0.06386000 0.42169300
vn 0.89360300 -0.20890600 0.39728000
vn 0.88989400 -0.26833900 0.36889400
vn 0.85259500 -0.44893500 0.26746900
vn 0.65533000 -0.70514300 -0.27077000
vn 0.67696100 -0.70837000 -0.19984100
vn 0.73495700 -0.67676100 -0.04280100
vn 0.76630000 -0.64149200 0.03567300
vn 0.81057100 -0.56296700 0.16137800
vn 0.87009300 -0.39314600 0.29727700
vn 0.60708300 0.67937100 -0.41219600
vn 0.63603700 0.69525100 -0.33478700
vn 0.69512400 0.70385300 -0.14626800
vn 0.72661100 0.68064700 -0.09357300
vn 0.80185700 0.58639700 0.11473700
vn 0.89475400 0.21536900 0.39119200
vn 0.88571400 0.31125400 0.34442900
vn 0.84953200 0.45694100 0.26362800
vn 0.78574000 0.61670400 0.04783900
vn 0.58960500 -0.68014700 -0.43562100
vn 0.57522300 -0.65220200 -0.49371200
vn 0.51360600 -0.54414500 -0.66341200
vn 0.42160200 -0.06626700 -0.90435600
vn 0.42092000 -0.06530500 -0.90474400
vn 0.43242700 -0.21236000 -0.87630500
vn 0.44675000 -0.29679100 -0.84399600
vn 0.47195000 -0.43003600 -0.76963100
vn 0.53840600 -0.57811900 -0.61310500
vn 0.42213500 0.05069900 -0.90511400
vn 0.42736800 0.08778600 -0.89980600
vn 0.43218000 0.25140700 -0.86603400
vn 0.45877400 0.30785900 -0.83351600
vn 0.50425400 0.50360700 -0.70150400
vn 0.54948900 0.61887800 -0.56129500
vn 0.50060400 0.43384100 -0.74911800
vn 0.42261000 -0.00119700 -0.90631100
vn 0.90653100 -0.06101500 0.41770700
vn 0.90394500 -0.07165100 0.42160300
vn 0.90630800 -0.00119400 0.42261600
vn 0.90630800 -0.00119400 0.42261600
vn 0.90421400 0.06283200 0.42243200
vn 0.90449000 0.06386000 0.42168700
vn 0.88965200 -0.23291100 0.39277500
vn 0.88878300 -0.28774600 0.35674600
vn 0.84212900 -0.48742800 0.23072200
vn 0.60656700 -0.68129800 -0.40976800
vn 0.63181500 -0.70059300 -0.33163100
vn 0.69207700 -0.70362200 -0.16107500
vn 0.73425100 -0.67558700 -0.06676700
vn 0.78277800 -0.61638300 0.08561900
vn 0.86403100 -0.42608900 0.26814100
vn 0.64928700 0.70599200 -0.28284400
vn 0.67828300 0.70274700 -0.21465800
vn 0.73384300 0.67775800 -0.04602700
vn 0.76007500 0.64978900 0.00772200
vn 0.82161400 0.54171500 0.17746900
vn 0.89521000 0.20995100 0.39308900
vn 0.88568100 0.29441000 0.35901400
vn 0.85760200 0.42766800 0.28569100
vn 0.80835800 0.57572700 0.12286900
vn 0.53071100 -0.60742300 -0.59108600
vn 0.52735600 -0.55786500 -0.64084400
vn 0.46830900 -0.38373900 -0.79588300
vn 0.42215200 -0.04475200 -0.90542000
vn 0.42567600 -0.09566000 -0.89980500
vn 0.43407300 -0.21738600 -0.87425600
vn 0.50086200 -0.44214100 -0.74407600
vn 0.42231600 0.04068100 -0.90553500
vn 0.42519800 0.07234300 -0.90220400
vn 0.42983400 0.20651000 -0.87897400
vn 0.44542200 0.26598500 -0.85489900
vn 0.48261800 0.44656100 -0.75343400
vn 0.59265400 0.67437000 -0.44043900
vn 0.56612100 0.63910500 -0.52062600
vn 0.51898800 0.56062400 -0.64525300
vn 0.47669100 0.39076600 -0.78744300
vn 0.90587800 -0.08087900 0.41574500
vn 0.90523100 -0.04814900 0.42218300
vn 0.90632600 -0.00119700 0.42257700
vn 0.90631300 -0.00119500 0.42260500
vn 0.90631300 -0.00119500 0.42260500
vn 0.90632400 -0.00119200 0.42258200
vn 0.90632700 -0.00119700 0.42257500
vn 0.90631300 -0.00119500 0.42260500
vn 0.90632400 -0.00119300 0.42258100
vn 0.90421300 0.06282300 0.42243500
vn 0.90449100 0.06391800 0.42167600
vn 0.88964900 -0.23287600 0.39280300
vn 0.88877300 -0.28778200 0.35674000
vn 0.84213000 -0.48743800 0.23069700
vn 0.60656600 -0.68129800 -0.40976900
vn 0.63182200 -0.70058700 -0.33163100
vn 0.69209900 -0.70360900 -0.16104200
vn 0.73426900 -0.67556900 -0.06675300
vn 0.78278400 -0.61638700 0.08553900
vn 0.86405400 -0.42604500 0.26813500
vn 0.64929000 0.70600400 -0.28280800
vn 0.67828100 0.70275800 -0.21463200
vn 0.73384400 0.67775700 -0.04602200
vn 0.76006800 0.64979800 0.00771300
vn 0.82159800 0.54175000 0.17743700
vn 0.89520900 0.20994200 0.39309600
vn 0.88567800 0.29442900 0.35900900
vn 0.85759300 0.42770300 0.28566600
vn 0.80836200 0.57571600 0.12288900
vn 0.53069000 -0.60742000 -0.59110800
vn 0.52732900 -0.55785700 -0.64087400
vn 0.46831200 -0.38373900 -0.79588200
vn 0.42158900 -0.06649900 -0.90434500
vn 0.42527300 -0.07214900 -0.90218500
vn 0.43407500 -0.21741400 -0.87424800
vn 0.50088500 -0.44213900 -0.74406100
vn 0.42188100 0.06157000 -0.90455800
vn 0.42476900 0.05393500 -0.90369400
vn 0.42982800 0.20653800 -0.87897100
vn 0.44541800 0.26595300 -0.85491000
vn 0.48262000 0.44653500 -0.75344800
vn 0.59266000 0.67438800 -0.44040400
vn 0.56612900 0.63910700 -0.52061500
vn 0.51898700 0.56058700 -0.64528700
vn 0.47670700 0.39077800 -0.78742800
vn 0.42259800 -0.00119400 -0.90631700
vn 0.42259700 -0.00119400 -0.90631700
vn 0.90610400 -0.05632100 0.41928900
vn 0.90442100 -0.06400100 0.42181400
vn 0.90631500 -0.00119600 0.42260200
vn 0.90631500 -0.00119600 0.42260200
vn 0.90421400 0.06284700 0.42243000
vn 0.90449900 0.06387600 0.42166500
vn 0.89360300 -0.20889400 0.39728600
vn 0.88988000 -0.26837100 0.36890400
vn 0.85258300 -0.44895200 0.26747800
vn 0.70215000 -0.70230200 -0.11728700
vn 0.67694600 -0.70838200 -0.19984900
vn 0.67691800 -0.70837900 -0.19995200
vn 0.73495100 -0.67676700 -0.04282900
vn 0.76630100 -0.64149100 0.03567100
vn 0.81055300 -0.56299600 0.16136600
vn 0.87008000 -0.39318600 0.29726300
vn 0.64928800 0.70598500 -0.28286200
vn 0.67828400 0.70274700 -0.21465700
vn 0.73383900 0.67776000 -0.04606700
vn 0.76006600 0.64980100 0.00767900
vn 0.82160300 0.54174500 0.17742900
vn 0.89520700 0.20990600 0.39312000
vn 0.88567900 0.29438100 0.35904500
vn 0.85760400 0.42765100 0.28571100
vn 0.80836800 0.57570300 0.12291100
vn 0.62560400 -0.69976500 -0.34489000
vn 0.58958300 -0.68011500 -0.43570000
vn 0.58963500 -0.68015900 -0.43556200
vn 0.63562900 -0.69667700 -0.33259000
vn 0.53808400 -0.62221400 -0.56860900
vn 0.51359600 -0.54413100 -0.66343100
vn 0.42215300 -0.04461100 -0.90542600
vn 0.41997900 -0.08653100 -0.90339900
vn 0.43241900 -0.21233300 -0.87631500
vn 0.44674400 -0.29678000 -0.84400300
vn 0.47195200 -0.43005100 -0.76962100
vn 0.53839500 -0.57814300 -0.61309100
vn 0.42232300 0.04066800 -0.90553300
vn 0.42519900 0.07225900 -0.90221100
vn 0.42982800 0.20651200 -0.87897700
vn 0.44542000 0.26598600 -0.85489900
vn 0.48261000 0.44653500 -0.75345500
vn 0.59266500 0.67436500 -0.44043100
vn 0.56613800 0.63910200 -0.52061100
vn 0.51899100 0.56059800 -0.64527400
vn 0.47669800 0.39073800 -0.78745300
vn 0.90609600 -0.05636000 0.41930000
vn 0.90442100 -0.06401300 0.42181300
vn 0.90631000 -0.00119600 0.42261200
vn 0.90631000 -0.00119600 0.42261200
vn 0.90421700 0.06279600 0.42243200
vn 0.90450700 0.06386400 0.42165000
vn 0.89359800 -0.20892700 0.39728100
vn 0.88986800 -0.26842000 0.36889700
vn 0.85258400 -0.44895400 0.26747100
vn 0.65534500 -0.70514900 -0.27071700
vn 0.67694400 -0.70837800 -0.19987100
vn 0.73496500 -0.67675500 -0.04276400
vn 0.76628900 -0.64150500 0.03567200
vn 0.81054000 -0.56302400 0.16133500
vn 0.87008700 -0.39316500 0.29726900
vn 0.64929200 0.70598800 -0.28284400
vn 0.67829400 0.70274300 -0.21463700
vn 0.73383900 0.67776000 -0.04606200
vn 0.76005700 0.64981100 0.00762900
vn 0.82159900 0.54176100 0.17740100
vn 0.89520500 0.20993600 0.39311000
vn 0.88568300 0.29435800 0.35905200
vn 0.85760100 0.42766300 0.28569900
vn 0.80836100 0.57571900 0.12288300
vn 0.58960700 -0.68014500 -0.43562200
vn 0.57524200 -0.65219900 -0.49369300
vn 0.51359800 -0.54415300 -0.66341100
vn 0.42215000 -0.04462100 -0.90542700
vn 0.41998000 -0.08651900 -0.90340000
vn 0.43242600 -0.21236600 -0.87630400
vn 0.44674500 -0.29680500 -0.84399400
vn 0.47194000 -0.43005400 -0.76962800
vn 0.53839600 -0.57813600 -0.61309800
vn 0.42231400 0.04064200 -0.90553800
vn 0.42518900 0.07233700 -0.90220900
vn 0.42982800 0.20652300 -0.87897400
vn 0.44541200 0.26596000 -0.85491200
vn 0.48260900 0.44654300 -0.75345100
vn 0.59267000 0.67436700 -0.44042200
vn 0.56612500 0.63908500 -0.52064600
vn 0.51898800 0.56058000 -0.64529200
vn 0.47668100 0.39075600 -0.78745500
vn -0.90319400 -0.08329900 -0.42107300
vn -0.90488100 -0.05179100 -0.42250200
vn -0.90619900 -0.01760900 -0.42248500
vn -0.90620300 -0.01745600 -0.42248200
vn -0.90504700 -0.01870300 -0.42490100
vn -0.90508200 -0.01869400 -0.42482700
vn -0.90503800 -0.01869300 -0.42492000
vn -0.90502400 -0.02079500 -0.42485200
vn -0.90503000 -0.02076900 -0.42484000
vn -0.90515300 -0.02571600 -0.42430800
vn -0.90600400 -0.02643100 -0.42244300
vn -0.90576200 -0.03237100 -0.42254900
vn -0.90042500 -0.03752600 -0.43339000
vn -0.90083500 -0.05292000 -0.43092300
vn -0.88622500 -0.12954200 -0.44477500
vn -0.90251300 -0.10899100 -0.41664200
vn -0.87807100 -0.21314700 -0.42843900
vn -0.87659100 -0.18827400 -0.44287900
vn -0.86316600 -0.16855600 -0.47595500
vn -0.89559500 -0.19043700 -0.40205000
vn -0.88756500 -0.25847300 -0.38134100
vn -0.86483100 -0.38138300 -0.32651800
vn -0.85329300 -0.43281300 -0.29079900
vn -0.83284700 -0.49889300 -0.23973200
vn -0.80703000 -0.56544900 -0.17020600
vn -0.65053200 -0.71399300 0.25888700
vn -0.67500600 -0.71331800 0.18853500
vn -0.72926500 -0.68292700 0.04224500
vn -0.75617300 -0.65354800 -0.03282800
vn -0.80206000 -0.57582900 -0.15849400
vn -0.92877800 0.31847600 -0.18958800
vn -0.91676500 0.05671300 -0.39538000
vn -0.92465700 0.16324700 -0.34403400
vn -0.83330000 0.51162100 0.20941500
vn -0.86577200 0.48779400 0.11178400
vn -0.90870400 0.41303200 -0.06050600
vn -0.92055700 0.26742900 -0.28470400
vn -0.89756900 -0.13978900 -0.41812600
vn -0.87834200 -0.10426800 -0.46652200
vn -0.86948800 -0.03802400 -0.49248800
vn -0.60095700 -0.69426300 0.39604200
vn -0.57519200 -0.67369000 0.46400000
vn -0.53457400 -0.61849700 0.57592700
vn -0.51635800 -0.58134300 0.62882000
vn -0.49514900 -0.53119100 0.68750500
vn -0.47189500 -0.45773900 0.75351900
vn -0.42015800 -0.08281500 0.90366400
vn -0.41413100 -0.08586800 0.90615800
vn -0.43135600 -0.23140600 0.87199900
vn -0.44355700 -0.31445900 0.83926900
vn -0.47122000 -0.45045200 0.75831700
vn -0.76153700 0.52657700 0.37785900
vn -0.72159200 0.51266700 0.46527100
vn -0.64078900 0.47785800 0.60086700
vn -0.58218100 0.40932300 0.70251000
vn -0.49171300 0.30823700 0.81437600
vn -0.44160200 0.17550000 0.87987900
vn -0.37839900 0.04610800 0.92449400
vn -0.36309400 -0.09599600 0.92679400
vn -0.35528500 -0.16678800 0.91975800
vn -0.36521800 -0.20171000 0.90880600
vn -0.41604900 -0.04054700 0.90843800
vn -0.41133100 -0.08217700 0.90777400
vn -0.41132800 -0.08217600 0.90777500
vn -0.41681900 -0.05585400 0.90727200
vn -0.37688400 -0.17273700 0.91001100
vn -0.38712100 -0.14256600 0.91094000
vn -0.41278800 -0.10415300 0.90485300
vn -0.39769100 -0.12391900 0.90911300
vn -0.41919600 -0.03547400 0.90720300
vn -0.42177600 -0.03412100 0.90605800
vn -0.42198600 -0.02976300 0.90611400
vn -0.41222700 -0.02653500 0.91069500
vn -0.41240900 -0.02233500 0.91072500
vn -0.90308800 -0.08417800 -0.42112400
vn -0.90341700 -0.05377000 -0.42537700
vn -0.90474600 -0.02059900 -0.42545200
vn -0.90499500 -0.02555200 -0.42465300
vn -0.90589900 -0.02622800 -0.42268000
vn -0.90572200 -0.03220800 -0.42264700
vn -0.89993700 -0.03754900 -0.43440000
vn -0.90040300 -0.05353400 -0.43175000
vn -0.88659500 -0.13148200 -0.44346600
vn -0.90258000 -0.11013600 -0.41619600
vn -0.87691400 -0.21716200 -0.42879100
vn -0.87734800 -0.19171100 -0.43989600
vn -0.86528100 -0.17027000 -0.47148300
vn -0.89555800 -0.19050500 -0.40209800
vn -0.88753800 -0.25847900 -0.38139800
vn -0.86480100 -0.38138500 -0.32659600
vn -0.85326600 -0.43278900 -0.29091500
vn -0.83282000 -0.49889900 -0.23981400
vn -0.80697900 -0.56550700 -0.17025300
vn -0.65047600 -0.71403900 0.25890200
vn -0.67497100 -0.71336900 0.18846400
vn -0.72920600 -0.68298900 0.04223700
vn -0.75612700 -0.65359900 -0.03287700
vn -0.80195500 -0.57599600 -0.15842000
vn -0.92808100 0.26269000 -0.26393000
vn -0.91650000 0.05256800 -0.39656500
vn -0.92478000 0.15916500 -0.34561300
vn -0.83444800 0.50937300 0.21032000
vn -0.86709800 0.48537500 0.11204200
vn -0.90997300 0.41012200 -0.06122800
vn -0.91000900 0.41002600 -0.06133500
vn -0.88925900 0.45589200 0.03716200
vn -0.92106800 0.26359800 -0.28661900
vn -0.89665400 -0.14395300 -0.41867600
vn -0.87724700 -0.10851600 -0.46761300
vn -0.86838400 -0.04232200 -0.49408300
vn -0.60093200 -0.69431100 0.39599700
vn -0.57516900 -0.67373600 0.46396100
vn -0.53456600 -0.61858800 0.57583700
vn -0.51632400 -0.58138300 0.62881100
vn -0.49512100 -0.53119600 0.68752200
vn -0.47185400 -0.45779600 0.75351000
vn -0.42012100 -0.08271400 0.90369100
vn -0.41444600 -0.08577000 0.90602300
vn -0.41450500 -0.08584600 0.90598900
vn -0.43131900 -0.23147900 0.87199800
vn -0.44352600 -0.31454500 0.83925300
vn -0.47117200 -0.45048400 0.75832800
vn -0.47328000 0.28092600 0.83491700
vn -0.63915300 0.47528200 0.60464100
vn -0.56266900 0.39843200 0.72433100
vn -0.36003700 -0.22669300 0.90497700
vn -0.36005400 -0.22664100 0.90498400
vn -0.34444200 -0.16008800 0.92505800
vn -0.36095800 -0.10040600 0.92716100
vn -0.37644100 0.04218100 0.92548000
vn -0.40393900 0.13497000 0.90477400
vn -0.46880000 0.25731300 0.84499500
vn -0.76213400 0.52437400 0.37971400
vn -0.72526900 0.51464700 0.45730000
vn -0.65274600 0.47971300 0.58634300
vn -0.42245300 -0.01922200 0.90618100
vn -0.40807800 -0.02362200 0.91264100
vn -0.41504400 -0.02765000 0.90938100
vn -0.42200900 -0.02850200 0.90614300
vn -0.42183400 -0.03350900 0.90605300
vn -0.42192200 -0.03445800 0.90597700
vn -0.42045900 -0.04030500 0.90641600
vn -0.39964000 -0.06753700 0.91418100
vn -0.38597100 -0.07317500 0.91960400
vn -0.38550000 -0.13690700 0.91249500
vn -0.39554700 -0.13151900 0.90898000
vn -0.38250800 -0.19122700 0.90394700
vn -0.38040700 -0.19913500 0.90312600
vn -0.90533200 -0.04621100 -0.42218300
vn -0.90081100 -0.01678000 -0.43388800
vn -0.90070900 0.00893100 -0.43433100
vn -0.89757300 0.00146000 -0.44086300
vn -0.90630200 0.00175500 -0.42262800
vn -0.90022600 -0.00582000 -0.43538300
vn -0.90024100 0.05276700 -0.43218300
vn -0.90535100 0.05368300 -0.42125600
vn -0.90235500 -0.14765200 -0.40491400
vn -0.89478000 -0.22341500 -0.38659200
vn -0.87728100 -0.34448800 -0.33422300
vn -0.86521100 -0.40308600 -0.29821400
vn -0.84795600 -0.46784800 -0.24917700
vn -0.82295500 -0.53973800 -0.17727700
vn -0.66514200 -0.69790700 0.26554200
vn -0.69084400 -0.69685300 0.19269000
vn -0.74540500 -0.66528200 0.04207900
vn -0.77401700 -0.63211400 -0.03646700
vn -0.82055200 -0.54607600 -0.16880500
vn -0.65079500 0.69925700 0.29581300
vn -0.67794200 0.70033900 0.22342900
vn -0.72947500 0.67921500 0.08082600
vn -0.75361000 0.65721200 0.01198300
vn -0.79477100 0.59767600 -0.10546300
vn -0.79478200 0.59765900 -0.10547700
vn -0.77331200 0.63159200 -0.05549900
vn -0.82931700 0.51990400 -0.20477700
vn -0.83540900 0.50434900 -0.21845900
vn -0.83860600 0.49481300 -0.22781600
vn -0.89750600 0.19737600 -0.39436700
vn -0.88742200 0.27806400 -0.36764500
vn -0.87099700 0.35929300 -0.33507100
vn -0.86096300 0.41583200 -0.29296000
vn -0.86095800 0.41586400 -0.29293300
vn -0.61287100 -0.67679900 0.40783900
vn -0.61284900 -0.67677100 0.40791800
vn -0.63643600 -0.69453600 0.33551200
vn -0.55724400 -0.62906500 0.54199200
vn -0.54284000 -0.59522100 0.59248400
vn -0.54281500 -0.59515900 0.59256800
vn -0.55861100 -0.62923000 0.54039200
vn -0.50526000 -0.51750500 0.69058000
vn -0.50106100 -0.50188000 0.70502100
vn -0.47704100 -0.42630700 0.76856600
vn -0.42286700 -0.05080300 0.90476600
vn -0.41281500 -0.05011300 0.90943500
vn -0.43457600 -0.19496300 0.87928000
vn -0.44427500 -0.27561900 0.85244000
vn -0.47250700 -0.41349200 0.77830700
vn -0.40999100 0.01952700 0.91188100
vn -0.42191000 0.04892800 0.90531600
vn -0.43041100 0.15007100 0.89007000
vn -0.43615700 0.22587600 0.87106100
vn -0.45601600 0.34683900 0.81960500
vn -0.45602900 0.34689600 0.81957400
vn -0.43949300 0.29992200 0.84669500
vn -0.48206400 0.45586000 0.74820200
vn -0.48778700 0.47012100 0.73556100
vn -0.51461800 0.54202000 0.66436700
vn -0.59586200 0.66769100 0.44624800
vn -0.56737900 0.63448700 0.52488800
vn -0.51819200 0.54832600 0.65636600
vn -0.40975400 -0.00583600 0.91217800
vn -0.40428300 0.00146300 0.91463300
vn -0.42266000 0.00176300 0.90628600
vn -0.41090900 0.00895700 0.91163200
vn -0.90533000 -0.04614900 -0.42219300
vn -0.90074400 -0.01682000 -0.43402400
vn -0.90063400 0.00888800 -0.43448800
vn -0.89749000 0.00145200 -0.44103200
vn -0.90626100 0.00174500 -0.42271500
vn -0.90022700 -0.00578800 -0.43538200
vn -0.90024100 0.05275100 -0.43218400
vn -0.90536200 0.05370500 -0.42123000
vn -0.90235400 -0.14763500 -0.40492000
vn -0.89478200 -0.22340500 -0.38659500
vn -0.87728700 -0.34445000 -0.33424900
vn -0.86521800 -0.40304400 -0.29825100
vn -0.84797300 -0.46777400 -0.24925800
vn -0.82297400 -0.53968300 -0.17735800
vn -0.66516600 -0.69789100 0.26552400
vn -0.69086700 -0.69683500 0.19267500
vn -0.74541600 -0.66527100 0.04206600
vn -0.77403300 -0.63209100 -0.03651100
vn -0.82056400 -0.54603600 -0.16887500
vn -0.65081300 0.69923900 0.29581700
vn -0.67794600 0.70032100 0.22347100
vn -0.72948600 0.67920200 0.08083400
vn -0.75362500 0.65719600 0.01198200
vn -0.79480100 0.59762700 -0.10551600
vn -0.81408500 0.55949000 -0.15568300
vn -0.83540000 0.50438700 -0.21840300
vn -0.85811200 0.42877900 -0.28247700
vn -0.89751000 0.19733800 -0.39437700
vn -0.88742800 0.27801000 -0.36767100
vn -0.86092100 0.41604900 -0.29277600
vn -0.61287500 -0.67676600 0.40788700
vn -0.58702700 -0.65474900 0.47613400
vn -0.54285700 -0.59520600 0.59248300
vn -0.54283500 -0.59513800 0.59257200
vn -0.55865200 -0.62918600 0.54040100
vn -0.50523200 -0.51740500 0.69067600
vn -0.50109200 -0.50194900 0.70495000
vn -0.49755300 -0.49255400 0.71402400
vn -0.42288600 -0.05076200 0.90476000
vn -0.41272700 -0.05012400 0.90947500
vn -0.43458800 -0.19492500 0.87928200
vn -0.44428800 -0.27562000 0.85243300
vn -0.45286700 -0.35680100 0.81707100
vn -0.47254500 -0.41358300 0.77823500
vn -0.47252300 -0.41351200 0.77828600
vn -0.41000000 0.01953300 0.91187700
vn -0.41000400 0.01950600 0.91187500
vn -0.42108000 0.07809100 0.90365500
vn -0.43043500 0.15002300 0.89006600
vn -0.43616800 0.22579400 0.87107700
vn -0.45603100 0.34680400 0.81961200
vn -0.46975300 0.40543600 0.78419000
vn -0.48779100 0.47009200 0.73557700
vn -0.51464700 0.54201900 0.66434500
vn -0.59589700 0.66767500 0.44622500
vn -0.56741900 0.63448000 0.52485400
vn -0.51822300 0.54833900 0.65633000
vn -0.42251600 -0.00943000 0.90630600
vn -0.40975200 -0.00580900 0.91217900
vn -0.40416500 0.00145800 0.91468500
vn -0.42253900 0.00174900 0.90634300
vn -0.41074800 0.00891800 0.91170500
vn -0.88401500 0.23401900 -0.40466400
vn -0.87387700 0.25803400 -0.41201500
vn -0.87390400 0.25795600 -0.41200700
vn -0.88946200 0.20287400 -0.40951200
vn -0.89384800 0.17189500 -0.41411000
vn -0.90298600 0.11500100 -0.41399400
vn -0.90419400 0.08316700 -0.41894700
vn -0.90621600 0.04890900 -0.41997600
vn -0.90524000 0.04319600 -0.42269900
vn -0.90555500 0.03708900 -0.42260500
vn -0.90555600 0.03706900 -0.42260400
vn -0.90560300 0.03584200 -0.42261000
vn -0.90560600 0.03572100 -0.42261300
vn -0.90560700 0.03577300 -0.42260700
vn -0.90573900 0.03263600 -0.42257800
vn -0.90574000 0.03256700 -0.42258100
vn -0.90141800 0.02929700 -0.43195700
vn -0.90155100 0.02540800 -0.43192500
vn -0.89965900 0.08854400 -0.42752000
vn -0.90246900 0.08570900 -0.42214200
vn -0.91911300 -0.37945500 -0.10604300
vn -0.82989200 -0.51199300 0.22168100
vn -0.86674100 -0.48408600 0.12008600
vn -0.86963500 0.23851500 -0.43225700
vn -0.87468000 0.21096900 -0.43638000
vn -0.87468200 0.21096600 -0.43637700
vn -0.87994100 0.16241400 -0.44645900
vn -0.90928200 0.05468200 -0.41257300
vn -0.90507300 0.03772500 -0.42358000
vn -0.92948800 -0.12365300 -0.34750700
vn -0.92094700 -0.37534700 -0.10474700
vn -0.93316400 -0.25268000 -0.25565100
vn -0.92128800 -0.07737600 -0.38110700
vn -0.63591500 0.71566400 0.28885400
vn -0.66242000 0.71636800 0.21912800
vn -0.71267500 0.69665200 0.08229000
vn -0.73669500 0.67608700 0.01365800
vn -0.77770500 0.62092700 -0.09810900
vn -0.79789400 0.58374200 -0.15036900
vn -0.81953800 0.53359300 -0.20889300
vn -0.84438700 0.46019000 -0.27429000
vn -0.89024700 0.23386300 -0.39085500
vn -0.87827700 0.31694800 -0.35801400
vn -0.84698900 0.45288000 -0.27840600
vn -0.75787600 -0.52428300 0.38826800
vn -0.72969700 -0.51681000 0.44771700
vn -0.66878300 -0.49360600 0.55595100
vn -0.60012800 -0.43672600 0.67016200
vn -0.44837600 -0.20829600 0.86923600
vn -0.49405400 -0.32313600 0.80715200
vn -0.55381700 -0.42314000 0.71710500
vn -0.38356900 0.15189800 0.91093500
vn -0.34069100 0.15547700 0.92723100
vn -0.37734300 0.04957400 0.92474600
vn -0.35229500 -0.02093500 0.93565500
vn -0.37151200 -0.15246600 0.91582400
vn -0.42129100 0.05461900 0.90527900
vn -0.42082900 0.08593900 0.90306000
vn -0.42692400 0.19272700 0.88351100
vn -0.43386600 0.26075700 0.86241900
vn -0.45129700 0.38364600 0.80569700
vn -0.46524200 0.43510700 0.77086400
vn -0.48220300 0.50116100 0.71855300
vn -0.50690700 0.56773600 0.64863000
vn -0.58355400 0.68526500 0.43574800
vn -0.55599300 0.65584900 0.51062100
vn -0.51060600 0.57812800 0.63643500
vn -0.42239100 0.02124600 0.90616500
vn -0.41240400 0.02311900 0.91070800
vn -0.41219200 0.02655100 0.91071000
vn -0.41447500 0.03126300 0.90952400
vn -0.42191500 0.03228300 0.90606000
vn -0.42170700 0.03577500 0.90602600
vn -0.41791400 0.03722100 0.90772400
vn -0.41654400 0.03968800 0.90824900
vn -0.39213500 0.08555900 0.91592000
vn -0.41400800 0.08230900 0.90654400
vn -0.36971300 0.15247900 0.91654900
vn -0.88159900 0.18942000 -0.43232200
vn -0.87896200 0.24458300 -0.40939700
vn -0.86753000 0.27835800 -0.41219900
vn -0.86753900 0.27832800 -0.41220100
vn -0.87466600 0.26141700 -0.40819100
vn -0.90099700 0.11061500 -0.41948700
vn -0.90099400 0.11063800 -0.41948600
vn -0.90603500 0.02504800 -0.42246200
vn -0.90594000 0.02503300 -0.42266600
vn -0.90586700 0.02801000 -0.42263500
vn -0.90586600 0.02800400 -0.42263800
vn -0.90586500 0.02804400 -0.42263800
vn -0.90581400 0.02962500 -0.42263800
vn -0.90581900 0.02949800 -0.42263700
vn -0.90550700 0.03675700 -0.42273500
vn -0.90551100 0.03669200 -0.42273400
vn -0.90550900 0.03674300 -0.42273300
vn -0.90559700 0.03410800 -0.42276600
vn -0.90559700 0.03410800 -0.42276600
vn -0.90653200 0.04253500 -0.41998800
vn -0.90357500 0.08091500 -0.42072000
vn -0.90358500 0.08082800 -0.42071600
vn -0.90783900 0.04321800 -0.41708600
vn -0.87981300 0.14214900 -0.45356700
vn -0.87744800 0.17232200 -0.44765000
vn -0.92027700 -0.37634500 -0.10703000
vn -0.83095900 -0.50978600 0.22277000
vn -0.86804000 -0.48164700 0.12050900
vn -0.86818700 0.24286700 -0.43274400
vn -0.87323700 0.21543200 -0.43708800
vn -0.89999300 0.09506500 -0.42541100
vn -0.90429000 0.04221000 -0.42482600
vn -0.92952300 -0.11951600 -0.34885900
vn -0.92216600 -0.37198100 -0.10601800
vn -0.93376800 -0.24874400 -0.25730100
vn -0.92093300 -0.07275100 -0.38287000
vn -0.63586600 0.71571400 0.28883800
vn -0.66237200 0.71641400 0.21912400
vn -0.71262700 0.69670300 0.08226900
vn -0.73664900 0.67613800 0.01364600
vn -0.77768600 0.62093900 -0.09818400
vn -0.79787100 0.58376000 -0.15041900
vn -0.81950300 0.53363400 -0.20892300
vn -0.84436000 0.46020900 -0.27434400
vn -0.89519900 0.14843200 -0.42022300
vn -0.89020600 0.23387600 -0.39094100
vn -0.87824900 0.31693300 -0.35809500
vn -0.84698000 0.45283600 -0.27850300
vn -0.75831100 -0.52208300 0.39037600
vn -0.72996900 -0.51449900 0.44993000
vn -0.66843600 -0.49104300 0.55863200
vn -0.59926100 -0.43373000 0.67287800
vn -0.44670200 -0.20443300 0.87101300
vn -0.49238800 -0.31955800 0.80959000
vn -0.55235900 -0.42004000 0.72004600
vn -0.38271900 0.15397100 0.91094400
vn -0.33850300 0.15815000 0.92758000
vn -0.37563800 0.05352100 0.92522000
vn -0.35001600 -0.01695600 0.93659000
vn -0.36897500 -0.14846400 0.91750500
vn -0.42047700 0.07264000 0.90439000
vn -0.42761800 0.07113800 0.90115600
vn -0.42689500 0.19281400 0.88350600
vn -0.43383200 0.26082700 0.86241500
vn -0.45125800 0.38370000 0.80569200
vn -0.46520000 0.43513900 0.77087200
vn -0.48217800 0.50124800 0.71850900
vn -0.50688200 0.56782000 0.64857600
vn -0.58350600 0.68530900 0.43574300
vn -0.55596100 0.65591100 0.51057500
vn -0.51059500 0.57823600 0.63634600
vn -0.42967500 0.02897500 0.90251900
vn -0.42071800 0.03061400 0.90667500
vn -0.42008800 0.03639900 0.90675300
vn -0.42005500 0.03641300 0.90676800
vn -0.42872000 0.02450800 0.90310500
vn -0.41221400 0.09447700 0.90617500
vn -0.41492300 0.05340300 0.90828800
vn -0.39512500 0.08224800 0.91493800
vn -0.41472100 0.03954000 0.90908900
vn -0.42256200 0.03591700 0.90562200
vn -0.42536400 0.03414800 0.90437800
vn -0.36783600 0.15368800 0.91710200
vn -0.03314600 -0.99551800 -0.08857400
vn -0.03180200 -0.99609300 -0.08239100
vn -0.10754200 -0.95066500 -0.29098200
vn -0.15486700 -0.88979900 -0.42927200
vn -0.23209200 -0.73918600 -0.63224700
vn -0.26902200 -0.61993500 -0.73709400
vn -0.32770900 -0.32221600 -0.88813500
vn -0.31600500 -0.38681400 -0.86632300
vn -0.34150900 -0.05879400 -0.93803800
vn -0.34152300 -0.05887800 -0.93802800
vn -0.34416300 -0.13820800 -0.92868200
vn -0.34134100 -0.18853300 -0.92083700
vn -0.00160500 -0.99999900 0.00058400
vn 0.01604600 -0.99866900 0.04902100
vn 0.03746200 -0.99287700 0.11310500
vn 0.21112700 -0.78896900 0.57702100
vn 0.23065600 -0.73520800 0.63739000
vn 0.15073500 -0.89636400 0.41690500
vn 0.10222000 -0.95339500 0.28388100
vn 0.27503500 -0.59069700 0.75857300
vn 0.26162800 -0.64059400 0.72193500
vn 0.24723700 -0.68765700 0.68264300
vn 0.24718900 -0.68770900 0.68260900
vn 0.24718900 -0.68770900 0.68260900
vn 0.24717500 -0.68775300 0.68256900
vn 0.24717100 -0.68773400 0.68259000
vn 0.24718900 -0.68770900 0.68260900
vn 0.24717300 -0.68779100 0.68253200
vn 0.34156600 -0.04725500 0.93866900
vn 0.33908900 -0.12613200 0.93226000
vn 0.32465300 -0.31012000 0.89354700
vn 0.30830300 -0.42870800 0.84921000
vn 0.33949700 0.12613200 0.93211200
vn 0.34144000 0.06311300 0.93778200
vn 0.34202300 0.00000400 0.93969200
vn 0.26364800 0.64058500 0.72120800
vn 0.27691600 0.59066600 0.75791300
vn 0.30972700 0.42867900 0.84870700
vn 0.32562400 0.31014600 0.89318500
vn 0.24937200 0.68775500 0.68176700
vn 0.24936800 0.68774200 0.68178100
vn 0.22944200 0.74518700 0.62614200
vn 0.24936800 0.68773900 0.68178500
vn 0.22355100 0.75985300 0.61045000
vn 0.03578100 0.99494800 0.09380000
vn 0.03629600 0.99484000 0.09474700
vn 0.06968100 0.97981300 0.18737900
vn 0.06875500 0.98020600 0.18565800
vn 0.19662500 0.82181400 0.53475200
vn 0.19795300 0.82000200 0.53703900
vn 0.00160500 0.99999900 -0.00058400
vn -0.01002200 0.99942200 -0.03248000
vn -0.03180700 0.99569200 -0.08709500
vn -0.34097800 0.05372100 -0.93853500
vn -0.34058000 0.08832500 -0.93605800
vn -0.32478000 0.30933100 -0.89377400
vn -0.30109400 0.45518600 -0.83794300
vn -0.25238800 0.67316900 -0.69508500
vn -0.20983500 0.78548000 -0.58222800
vn -0.12946100 0.92718200 -0.35153000
vn -0.12987000 0.92308200 -0.36201200
vn -0.06321800 0.98276700 -0.17370300
vn -0.34206600 0.00000300 -0.93967600
vn -0.34200100 -0.00000900 -0.93970000
vn -0.34239700 0.00004900 -0.93955500
vn -0.34200500 -0.00000600 -0.93969800
vn -0.34203200 0.00000700 -0.93968800
vn -0.34239700 0.00004900 -0.93955500
vn -0.34211400 0.00011900 -0.93965900
vn -0.34200500 -0.00000600 -0.93969800
vn -0.34239700 0.00004900 -0.93955500
vn -0.34213800 -0.00021300 -0.93965000
vn -0.34213800 -0.00021300 -0.93965000
vn -0.34200500 -0.00000600 -0.93969800
vn -0.34187700 0.00041000 -0.93974500
vn -0.34187700 0.00041000 -0.93974500
vn -0.34213800 -0.00021300 -0.93965000
vn -0.34187700 0.00041000 -0.93974500
vn -0.34224300 0.00023600 -0.93961100
vn -0.34224300 0.00023600 -0.93961100
vn -0.34211400 0.00011900 -0.93965900
vn -0.34224300 0.00023600 -0.93961100
vn -0.34212200 0.00009400 -0.93965600
vn -0.34211400 0.00011900 -0.93965900
vn -0.93257000 -0.17604000 -0.31515700
vn -0.93257000 -0.17604000 -0.31515700
vn -0.93257000 -0.17604000 -0.31515700
vn -0.91059700 -0.19028600 0.36688500
vn -0.91326800 -0.22993500 0.33626000
vn -0.90018500 -0.25826300 0.35066600
vn -0.93914300 -0.03358200 0.34188000
vn -0.92516000 -0.10019500 0.36611600
vn -0.90477400 -0.13840800 0.40277500
vn -0.93954800 -0.01757200 0.34196500
vn -0.93905900 -0.03671800 0.34178900
vn -0.93791300 -0.06150400 0.34137300
vn -0.93757000 -0.06718400 0.34124500
vn -0.93756700 -0.06722900 0.34124500
vn -0.93721500 -0.07261500 0.34110700
vn -0.92923300 -0.14878800 0.33821300
vn -0.93174300 -0.12981800 0.33911900
vn -0.91477600 -0.23110600 0.33132300
vn -0.92470200 -0.17217100 0.33953300
vn -0.93961700 -0.01268800 0.34199400
vn -0.93832500 -0.05560500 0.34125500
vn -0.93217200 -0.15241800 0.32836600
vn -0.89698600 -0.30052300 0.32419400
vn -0.89696000 -0.30059100 0.32420400
vn -0.94044100 -0.09268500 0.32707800
vn -0.91307900 -0.22991600 0.33678600
vn -0.78148600 -0.55399300 0.28700200
vn -0.72395500 -0.63655700 0.26586600
vn -0.72413400 -0.63666700 0.26511200
vn -0.80486900 -0.51401900 0.29659800
vn -0.72657400 -0.63395300 0.26494000
vn -0.72665600 -0.63682200 0.25773800
vn -0.69756300 -0.68063200 0.22393100
vn -0.77418100 -0.58549900 0.24049100
vn -0.84295100 -0.47344700 0.25550200
vn -0.88969900 -0.37769800 0.25647500
vn -0.90965500 -0.29433200 0.29308000
vn -0.93821000 -0.26307000 0.22484900
vn -0.16682500 -0.98411500 0.06071500
vn -0.16680000 -0.98412000 0.06071100
vn -0.28539300 -0.95276100 0.10390900
vn -0.40101800 -0.90436300 0.14598500
vn -0.93144900 0.13217600 0.33901700
vn -0.92510900 0.17549300 0.33671200
vn -0.90725700 0.26047600 0.33020600
vn -0.90728500 0.26041200 0.33018300
vn -0.66340700 0.70823600 0.24143800
vn -0.66332600 0.70830900 0.24144800
vn -0.66340700 0.70823600 0.24143800
vn -0.66332600 0.70830900 0.24144800
vn -0.66340700 0.70823600 0.24143800
vn -0.66332600 0.70830900 0.24144800
vn -0.24162500 0.96637600 0.08795300
vn -0.24162500 0.96637600 0.08795300
vn -0.24163200 0.96637400 0.08795100
vn -0.24162500 0.96637600 0.08795300
vn -0.24163200 0.96637400 0.08795100
vn -0.24163200 0.96637400 0.08795100
vn -0.93804900 0.05915000 0.34141800
vn -0.93830800 0.05024000 0.34213200
vn -0.91817000 0.21174700 0.33485300
vn -0.86195200 0.39610600 0.31644600
vn -0.85020000 0.42532400 0.31025600
vn -0.81961500 0.54207700 0.18542700
vn -0.76574300 0.60119300 0.22848200
vn -0.85748000 0.49771500 0.13041600
vn -0.63953500 0.51211100 0.57335600
vn -0.63953500 0.51211000 0.57335600
vn -0.63953500 0.51211000 0.57335600
vn -0.95364400 0.22441200 0.20050500
vn -0.95364400 0.22441200 0.20050500
vn -0.95364400 0.22441200 0.20050500
vn -0.76056600 0.60074600 0.24625700
vn -0.73493800 0.62834100 0.25505600
vn -0.71728400 0.64745700 0.25749400
vn -0.78543400 0.54696500 0.28969600
vn -0.66432600 0.70667900 0.24346500
vn -0.72565000 0.63497600 0.26502300
vn -0.72565600 0.63496900 0.26502300
vn -0.61332200 0.75763500 0.22321600
vn -0.39814100 0.90580500 0.14491600
vn -0.28240100 0.95377600 0.10276600
vn -0.16362200 0.98472400 0.05955600
vn -0.16364000 0.98472000 0.05956000
vn -0.93597300 0.08865200 0.34072900
vn -0.92510800 0.17547000 0.33672900
vn -0.90720600 0.26040800 0.33040200
vn -0.90719500 0.26041400 0.33042700
vn -0.66326300 0.70831400 0.24160500
vn -0.66331200 0.70831800 0.24146000
vn -0.66326300 0.70831400 0.24160500
vn -0.66326300 0.70831400 0.24160500
vn -0.66331200 0.70831800 0.24146000
vn -0.66331200 0.70831800 0.24146000
vn -0.24160300 0.96637800 0.08798000
vn -0.24164600 0.96637200 0.08793200
vn -0.24160300 0.96637800 0.08798000
vn -0.24164600 0.96637200 0.08793200
vn -0.24160300 0.96637800 0.08798000
vn -0.24164600 0.96637200 0.08793200
vn -0.93968600 0.00144600 0.34203600
vn -0.93969200 0.00157400 0.34201900
vn -0.93969300 0.00175600 0.34201500
vn -0.93969100 0.00169400 0.34201900
vn -0.93969200 0.00157400 0.34201900
vn -0.93968900 0.00169500 0.34202600
vn -0.93968600 0.00144600 0.34203600
vn -0.93969000 0.00170400 0.34202400
vn -0.93969200 0.00157400 0.34201900
vn -0.93968600 0.00144600 0.34203600
vn -0.93968900 0.00169500 0.34202600
vn -0.93968900 0.00169500 0.34202600
vn -0.93965700 0.00173600 0.34211300
vn -0.93972100 0.00170100 0.34193700
vn -0.93969300 0.00168800 0.34201400
vn -0.93969400 0.00173300 0.34201100
vn -0.93969200 0.00168600 0.34201800
vn -0.93969500 0.00168600 0.34200900
vn -0.93969100 0.00169200 0.34201900
vn -0.93969500 0.00168600 0.34200900
vn -0.93969500 0.00164900 0.34200900
vn -0.93969500 0.00164900 0.34200900
vn -0.93969500 0.00168600 0.34200900
vn -0.93969100 0.00178700 0.34201900
vn -0.93969100 0.00178700 0.34201900
vn -0.93969200 0.00163500 0.34201900
vn -0.93969500 0.00164900 0.34200900
vn -0.93969000 0.00176400 0.34202200
vn -0.93969100 0.00178700 0.34201900
vn -0.93969200 0.00174200 0.34201800
vn 0.42137500 0.06297700 -0.90469700
vn 0.42188700 0.06159700 -0.90455400
vn 0.42255500 -0.00119600 -0.90633700
vn 0.42255400 -0.00119700 -0.90633700
vn 0.42486500 -0.05726500 -0.90344400
vn 0.42200900 -0.05127500 -0.90514100
vn 0.49390400 0.46969000 -0.73174500
vn 0.53118700 0.58524000 -0.61264500
vn 0.57630800 0.64371900 -0.50348400
vn 0.60264300 0.68193800 -0.41446600
vn 0.64755600 0.70245100 -0.29535300
vn 0.64762300 0.70502400 -0.28900800
vn 0.43417200 0.21403300 -0.87503400
vn 0.44714000 0.29678000 -0.84379400
vn 0.48081100 0.44918200 -0.75303100
vn 0.50864600 -0.51985400 -0.68631700
vn 0.50867000 -0.51997600 -0.68620700
vn 0.45316700 -0.35091200 -0.81945200
vn 0.44865000 -0.27727300 -0.84960800
vn 0.43032300 -0.18455200 -0.88360800
vn 0.64055500 -0.70691500 -0.29993300
vn 0.63968000 -0.70722000 -0.30108100
vn 0.58958900 -0.67497700 -0.44361000
vn 0.56261500 -0.64118400 -0.52186900
vn 0.51099800 -0.54448600 -0.66514400
vn 0.48120800 -0.48057500 -0.73313500
vn 0.68853200 0.70310100 -0.17768900
vn 0.68856600 0.70406500 -0.17369600
vn 0.66551200 0.70598100 -0.24224800
vn 0.66551000 0.70598400 -0.24224600
vn 0.66339900 -0.70824100 -0.24144400
vn 0.66340700 -0.70822800 -0.24146400
vn 0.68102700 -0.70412000 -0.20104100
vn 0.66921000 -0.70809900 -0.22528500
vn 0.75917400 0.65087500 0.00391100
vn 0.83672800 0.49722400 0.22946800
vn 0.83209700 0.51415400 0.20798900
vn 0.80987300 0.56633000 0.15289400
vn 0.75194600 0.65919500 -0.00624600
vn 0.76702800 -0.64082200 0.03186400
vn 0.82000300 -0.53864400 0.19354100
vn 0.82189600 -0.53528900 0.19481500
vn 0.70594600 -0.69689800 -0.12638800
vn 0.76880900 -0.63778900 0.04646300
vn 0.85467800 0.43576300 0.28219700
vn 0.85467300 0.43504800 0.28331500
vn 0.84083000 0.48509100 0.24019200
vn 0.84083100 0.48509200 0.24018700
vn 0.83928000 -0.48748400 0.24076600
vn 0.83927400 -0.48747800 0.24079800
vn 0.84366700 -0.47339400 0.25322700
vn 0.84577200 -0.46626000 0.25936800
vn 0.88992300 0.27501600 0.36387100
vn 0.90597600 0.02776300 0.42241900
vn 0.90779600 0.04623600 0.41685500
vn 0.90432900 0.12693100 0.40752700
vn 0.88520100 0.29090200 0.36303600
vn 0.89349200 -0.24515000 0.37626300
vn 0.90413200 -0.06865400 0.42170200
vn 0.90440300 -0.06743800 0.42131500
vn 0.86876500 -0.38432800 0.31231200
vn 0.86877700 -0.38427900 0.31234100
vn 0.87413000 -0.37646800 0.30686800
vn 0.89273800 -0.23197200 0.38627400
vn 0.90630900 -0.00119800 0.42261500
vn 0.90630700 -0.00119800 0.42261900
f 1//1 2//2 4//4
f 3//3 6//6 9//9
f 11//11 12//12 13//13
f 13//13 12//12 14//14
f 13//13 14//14 15//15
f 16//16 17//17 18//18
f 18//18 17//17 19//19
f 21//21 23//23 29//29
f 31//31 32//32 33//33
f 34//34 40//40 46//46
f 45//45 39//39 50//50
f 45//45 50//50 51//51
f 53//53 43//43 54//54
f 55//55 45//45 51//51
f 55//55 51//51 56//56
f 56//56 51//51 17//17
f 56//56 17//17 57//57
f 57//57 17//17 16//16
f 22//22 58//58 25//25
f 28//28 59//59 60//60
f 26//26 61//61 62//62
f 62//62 61//61 63//63
f 62//62 63//63 64//64
f 66//66 68//68 74//74
f 76//76 71//71 77//77
f 79//79 87//87 90//90
f 92//92 88//88 97//97
f 98//98 100//100 104//104
f 101//101 99//99 106//106
f 110//110 91//91 114//114
f 52//52 116//116 49//49
f 44//44 115//115 118//118
f 42//42 117//117 120//120
f 78//78 123//123 72//72
f 73//73 122//122 127//127
f 75//75 124//124 129//129
f 65//65 103//103 69//69
f 70//70 102//102 107//107
f 67//67 105//105 130//130
f 131//131 132//132 133//133
f 121//121 138//138 47//47
f 48//48 137//137 140//140
f 41//41 141//141 30//30
f 27//27 139//139 142//142
f 24//24 143//143 20//20
f 119//119 144//144 134//134
f 136//136 145//145 148//148
f 135//135 147//147 151//151
f 152//152 146//146 154//154
f 150//150 153//153 157//157
f 35//35 159//159 37//37
f 38//38 160//160 162//162
f 36//36 161//161 163//163
f 163//163 161//161 164//164
f 163//163 164//164 167//167
f 167//167 168//168 163//163
f 163//163 168//168 170//170
f 163//163 170//170 171//171
f 171//171 170//170 172//172
f 171//171 172//172 8//8
f 7//7 173//173 174//174
f 5//5 175//175 10//10
f 11//11 13//13 176//176
f 176//176 13//13 180//180
f 177//177 179//179 156//156
f 158//158 178//178 182//182
f 155//155 181//181 149//149
f 128//128 126//126 183//183
f 184//184 125//125 188//188
f 185//185 186//186 80//80
f 81//81 187//187 191//191
f 82//82 190//190 83//83
f 85//85 189//189 193//193
f 84//84 192//192 197//197
f 33//33 198//198 31//31
f 31//31 198//198 199//199
f 31//31 199//199 201//201
f 203//203 200//200 206//206
f 202//202 205//205 208//208
f 207//207 204//204 212//212
f 209//209 211//211 194//194
f 195//195 210//210 214//214
f 196//196 213//213 86//86
f 218//218 219//219 221//221
f 112//112 89//89 222//222
f 223//223 93//93 95//95
f 224//224 94//94 226//226
f 227//227 96//96 230//230
f 225//225 229//229 232//232
f 233//233 228//228 236//236
f 231//231 235//235 237//237
f 165//165 234//234 239//239
f 166//166 238//238 169//169
f 113//113 241//241 108//108
f 109//109 240//240 216//216
f 111//111 215//215 243//243
f 242//242 217//217 220//220
f 244//244 245//245 246//246
f 247//247 248//248 249//249
f 250//250 255//255 257//257
f 260//260 261//261 262//262
f 262//262 261//261 263//263
f 262//262 263//263 264//264
f 265//265 271//271 273//273
f 276//276 280//280 285//285
f 290//290 293//293 298//298
f 282//282 279//279 304//304
f 275//275 283//283 292//292
f 295//295 284//284 305//305
f 294//294 306//306 296//296
f 274//274 307//307 267//267
f 269//269 308//308 311//311
f 266//266 309//309 312//312
f 313//313 310//310 315//315
f 314//314 317//317 277//277
f 281//281 316//316 320//320
f 278//278 319//319 302//302
f 303//303 318//318 322//322
f 323//323 286//286 325//325
f 327//327 289//289 297//297
f 326//326 329//329 331//331
f 330//330 328//328 333//333
f 332//332 334//334 338//338
f 336//336 335//335 343//343
f 337//337 339//339 345//345
f 344//344 340//340 347//347
f 346//346 342//342 350//350
f 349//349 341//341 351//351
f 348//348 352//352 353//353
f 354//354 355//355 260//260
f 260//260 355//355 356//356
f 260//260 356//356 261//261
f 261//261 356//356 357//357
f 359//359 360//360 362//362
f 363//363 361//361 366//366
f 365//365 367//367 369//369
f 268//268 358//358 272//272
f 270//270 359//359 362//362
f 270//270 362//362 370//370
f 370//370 362//362 371//371
f 370//370 371//371 372//372
f 372//372 371//371 373//373
f 372//372 373//373 374//374
f 373//373 375//375 374//374
f 374//374 375//375 376//376
f 374//374 376//376 377//377
f 377//377 376//376 378//378
f 377//377 378//378 379//379
f 379//379 378//378 380//380
f 380//380 378//378 381//381
f 380//380 381//381 382//382
f 249//249 248//248 383//383
f 384//384 385//385 386//386
f 387//387 388//388 389//389
f 390//390 391//391 392//392
f 390//390 392//392 393//393
f 393//393 392//392 394//394
f 393//393 394//394 381//381
f 381//381 394//394 395//395
f 381//381 395//395 382//382
f 396//396 397//397 398//398
f 398//398 397//397 399//399
f 398//398 399//399 400//400
f 400//400 399//399 401//401
f 400//400 401//401 402//402
f 402//402 401//401 403//403
f 402//402 403//403 404//404
f 404//404 403//403 405//405
f 404//404 405//405 406//406
f 406//406 405//405 407//407
f 406//406 407//407 408//408
f 408//408 407//407 409//409
f 408//408 409//409 410//410
f 410//410 409//409 411//411
f 410//410 411//411 386//386
f 386//386 411//411 412//412
f 386//386 412//412 384//384
f 321//321 414//414 300//300
f 299//299 413//413 416//416
f 301//301 415//415 419//419
f 418//418 417//417 420//420
f 418//418 420//420 421//421
f 421//421 420//420 396//396
f 421//421 396//396 422//422
f 422//422 396//396 398//398
f 423//423 424//424 425//425
f 425//425 424//424 426//426
f 425//425 426//426 427//427
f 427//427 426//426 428//428
f 427//427 428//428 248//248
f 248//248 428//428 429//429
f 248//248 429//429 383//383
f 423//423 425//425 430//430
f 430//430 425//425 431//431
f 430//430 431//431 432//432
f 432//432 431//431 433//433
f 432//432 433//433 434//434
f 434//434 433//433 435//435
f 434//434 435//435 436//436
f 357//357 437//437 261//261
f 261//261 437//437 438//438
f 261//261 438//438 435//435
f 435//435 438//438 439//439
f 435//435 439//439 436//436
f 443//443 445//445 451//451
f 450//450 447//447 454//454
f 456//456 461//461 462//462
f 467//467 473//473 476//476
f 464//464 457//457 448//448
f 455//455 465//465 472//472
f 475//475 463//463 479//479
f 474//474 480//480 478//478
f 481//481 483//483 488//488
f 485//485 484//484 490//490
f 487//487 489//489 492//492
f 493//493 491//491 495//495
f 494//494 496//496 458//458
f 460//460 497//497 500//500
f 459//459 499//499 446//446
f 444//444 498//498 502//502
f 449//449 501//501 453//453
f 504//504 509//509 512//512
f 513//513 470//470 517//517
f 515//515 466//466 477//477
f 516//516 518//518 522//522
f 520//520 519//519 525//525
f 521//521 524//524 527//527
f 528//528 523//523 507//507
f 526//526 503//503 529//529
f 530//530 506//506 511//511
f 533//533 535//535 540//540
f 536//536 534//534 542//542
f 537//537 541//541 544//544
f 545//545 546//546 547//547
f 482//482 486//486 547//547
f 547//547 486//486 548//548
f 547//547 548//548 545//545
f 505//505 531//531 510//510
f 508//508 532//532 539//539
f 508//508 539//539 549//549
f 549//549 539//539 550//550
f 549//549 550//550 551//551
f 551//551 550//550 552//552
f 551//551 552//552 553//553
f 553//553 552//552 364//364
f 553//553 364//364 554//554
f 554//554 364//364 368//368
f 324//324 555//555 291//291
f 287//287 556//556 557//557
f 288//288 559//559 561//561
f 560//560 558//558 564//564
f 562//562 563//563 565//565
f 565//565 563//563 566//566
f 565//565 566//566 567//567
f 567//567 566//566 568//568
f 567//567 568//568 569//569
f 569//569 568//568 570//570
f 569//569 570//570 572//572
f 572//572 570//570 574//574
f 571//571 575//575 576//576
f 577//577 573//573 468//468
f 578//578 471//471 579//579
f 580//580 469//469 514//514
f 264//264 263//263 581//581
f 581//581 263//263 582//582
f 581//581 582//582 583//583
f 583//583 582//582 584//584
f 583//583 584//584 585//585
f 586//586 587//587 588//588
f 588//588 587//587 589//589
f 588//588 589//589 590//590
f 591//591 592//592 589//589
f 589//589 592//592 594//594
f 589//589 594//594 590//590
f 591//591 596//596 592//592
f 592//592 596//596 597//597
f 592//592 597//597 598//598
f 599//599 600//600 601//601
f 602//602 603//603 604//604
f 604//604 603//603 605//605
f 604//604 605//605 606//606
f 606//606 605//605 607//607
f 606//606 607//607 608//608
f 604//604 609//609 602//602
f 602//602 609//609 610//610
f 602//602 610//610 611//611
f 611//611 610//610 612//612
f 611//611 612//612 613//613
f 543//543 614//614 538//538
f 538//538 614//614 615//615
f 538//538 615//615 612//612
f 612//612 615//615 616//616
f 612//612 616//616 613//613
f 617//617 618//618 619//619
f 619//619 618//618 620//620
f 452//452 621//621 442//442
f 440//440 622//622 623//623
f 441//441 624//624 617//617
f 617//617 624//624 625//625
f 617//617 625//625 618//618
f 626//626 627//627 628//628
f 628//628 627//627 629//629
f 628//628 629//629 620//620
f 620//620 629//629 630//630
f 620//620 630//630 619//619
f 628//628 631//631 626//626
f 626//626 631//631 632//632
f 626//626 632//632 633//633
f 633//633 632//632 634//634
f 633//633 634//634 635//635
f 635//635 634//634 586//586
f 635//635 586//586 636//636
f 636//636 586//586 588//588
f 637//637 638//638 639//639
f 639//639 638//638 640//640
f 639//639 640//640 641//641
f 641//641 640//640 642//642
f 641//641 642//642 643//643
f 643//643 642//642 644//644
f 643//643 644//644 584//584
f 584//584 644//644 547//547
f 584//584 547//547 585//585
f 585//585 547//547 546//546
f 645//645 646//646 639//639
f 639//639 646//646 647//647
f 639//639 647//647 637//637
f 600//600 648//648 601//601
f 601//601 648//648 649//649
f 601//601 649//649 650//650
f 650//650 649//649 651//651
f 650//650 651//651 645//645
f 645//645 651//651 652//652
f 645//645 652//652 646//646
f 654//654 657//657 664//664
f 663//663 660//660 666//666
f 669//669 675//675 678//678
f 680//680 683//683 685//685
f 689//689 682//682 690//690
f 692//692 684//684 695//695
f 691//691 694//694 698//698
f 696//696 693//693 703//703
f 697//697 702//702 706//706
f 707//707 699//699 713//713
f 715//715 720//720 725//725
f 708//708 729//729 700//700
f 704//704 728//728 730//730
f 701//701 731//731 705//705
f 724//724 732//732 718//718
f 717//717 733//733 736//736
f 719//719 735//735 739//739
f 738//738 734//734 740//740
f 737//737 742//742 743//743
f 744//744 741//741 676//676
f 745//745 674//674 748//748
f 746//746 677//677 672//672
f 747//747 726//726 749//749
f 750//750 727//727 709//709
f 751//751 753//753 688//688
f 686//686 754//754 755//755
f 687//687 756//756 681//681
f 757//757 759//759 766//766
f 769//769 760//760 770//770
f 764//764 771//771 773//773
f 772//772 774//774 765//765
f 763//763 775//775 776//776
f 762//762 777//777 779//779
f 785//785 788//788 793//793
f 794//794 787//787 780//780
f 778//778 800//800 782//782
f 781//781 801//801 804//804
f 783//783 803//803 797//797
f 790//790 802//802 805//805
f 796//796 806//806 808//808
f 807//807 810//810 792//792
f 791//791 809//809 811//811
f 789//789 812//812 819//819
f 817//817 813//813 821//821
f 814//814 820//820 823//823
f 825//825 828//828 835//835
f 824//824 830//830 838//838
f 822//822 840//840 816//816
f 815//815 839//839 842//842
f 818//818 841//841 832//832
f 831//831 843//843 844//844
f 834//834 845//845 837//837
f 848//848 856//856 858//858
f 857//857 860//860 852//852
f 851//851 859//859 862//862
f 849//849 861//861 865//865
f 714//714 869//869 710//710
f 711//711 868//868 872//872
f 712//712 871//871 873//873
f 874//874 870//870 878//878
f 875//875 877//877 881//881
f 879//879 876//876 866//866
f 880//880 867//867 883//883
f 882//882 864//864 863//863
f 884//884 887//887 890//890
f 894//894 888//888 897//897
f 896//896 886//886 900//900
f 895//895 898//898 902//902
f 901//901 899//899 906//906
f 903//903 905//905 909//909
f 916//916 893//893 918//918
f 915//915 919//919 892//892
f 891//891 920//920 921//921
f 889//889 922//922 885//885
f 914//914 923//923 850//850
f 846//846 924//924 925//925
f 847//847 927//927 853//853
f 855//855 926//926 929//929
f 854//854 930//930 933//933
f 931//931 928//928 934//934
f 932//932 936//936 939//939
f 937//937 935//935 944//944
f 938//938 943//943 946//946
f 948//948 957//957 959//959
f 958//958 955//955 960//960
f 965//965 966//966 971//971
f 968//968 967//967 975//975
f 945//945 976//976 982//982
f 981//981 977//977 985//985
f 983//983 986//986 987//987
f 988//988 984//984 973//973
f 989//989 970//970 991//991
f 990//990 972//972 974//974
f 993//993 997//997 978//978
f 980//980 996//996 1001//1001
f 979//979 999//999 941//941
f 942//942 1000//1000 1003//1003
f 940//940 1002//1002 947//947
f 992//992 1004//1004 995//995
f 994//994 1005//1005 1006//1006
f 998//998 1008//1008 761//761
f 767//767 1007//1007 1009//1009
f 768//768 1010//1010 758//758
f 949//949 1012//1012 950//950
f 953//953 1011//1011 964//964
f 954//954 962//962 1014//1014
f 1013//1013 963//963 969//969
f 1019//1019 1025//1025 1026//1026
f 1027//1027 1028//1028 1018//1018
f 1017//1017 1029//1029 1032//1032
f 1016//1016 1031//1031 665//665
f 667//667 1030//1030 1033//1033
f 668//668 1034//1034 662//662
f 1035//1035 1038//1038 1046//1046
f 1036//1036 1044//1044 1051//1051
f 1053//1053 1054//1054 1057//1057
f 1058//1058 1055//1055 1063//1063
f 1065//1065 1067//1067 1047//1047
f 1064//1064 1040//1040 1071//1071
f 1070//1070 1048//1048 1037//1037
f 1068//1068 1039//1039 1074//1074
f 1066//1066 1078//1078 1049//1049
f 1041//1041 1077//1077 1079//1079
f 1043//1043 1080//1080 1084//1084
f 1083//1083 1081//1081 1085//1085
f 1082//1082 1087//1087 1090//1090
f 1089//1089 1086//1086 1091//1091
f 1088//1088 1093//1093 1094//1094
f 1095//1095 1092//1092 1097//1097
f 1096//1096 1098//1098 1101//1101
f 1102//1102 1099//1099 1104//1104
f 1100//1100 1105//1105 1021//1021
f 1015//1015 1103//1103 1108//1108
f 1020//1020 1106//1106 1024//1024
f 1022//1022 1107//1107 1110//1110
f 1023//1023 1109//1109 907//907
f 904//904 1111//1111 1112//1112
f 908//908 1113//1113 910//910
f 1114//1114 1118//1118 1075//1075
f 1076//1076 1119//1119 1120//1120
f 1073//1073 1121//1121 1069//1069
f 1072//1072 1122//1122 1117//1117
f 1115//1115 1123//1123 1125//1125
f 1116//1116 1126//1126 1128//1128
f 1129//1129 1124//1124 1130//1130
f 1127//1127 1132//1132 1134//1134
f 1135//1135 1131//1131 1137//1137
f 1133//1133 1136//1136 1139//1139
f 1140//1140 1138//1138 913//913
f 1141//1141 911//911 1142//1142
f 1143//1143 912//912 917//917
f 1056//1056 1144//1144 1146//1146
f 1148//1148 1145//1145 833//833
f 1147//1147 836//836 956//956
f 951//951 829//829 826//826
f 952//952 827//827 961//961
f 254//254 251//251 1150//1150
f 1151//1151 253//253 1152//1152
f 1149//1149 1153//1153 1154//1154
f 1153//1153 1155//1155 1154//1154
f 1154//1154 1155//1155 1156//1156
f 1154//1154 1156//1156 1157//1157
f 1157//1157 1158//1158 1154//1154
f 1154//1154 1158//1158 1159//1159
f 1154//1154 1159//1159 1160//1160
f 1161//1161 1162//1162 1167//1167
f 1168//1168 1169//1169 1170//1170
f 1160//1160 1171//1171 1154//1154
f 1154//1154 1171//1171 1172//1172
f 1154//1154 1172//1172 1168//1168
f 752//752 1174//1174 656//656
f 655//655 1173//1173 1177//1177
f 653//653 1176//1176 659//659
f 661//661 1175//1175 1179//1179
f 658//658 1180//1180 258//258
f 256//256 1178//1178 1182//1182
f 259//259 1181//1181 252//252
f 1163//1163 1183//1183 1164//1164
f 1166//1166 1184//1184 1187//1187
f 1165//1165 1185//1185 1188//1188
f 1190//1190 1186//1186 1192//1192
f 1189//1189 1193//1193 1196//1196
f 1194//1194 1191//1191 1197//1197
f 1195//1195 1198//1198 1201//1201
f 1200//1200 1199//1199 1203//1203
f 1202//1202 1205//1205 1206//1206
f 1208//1208 1204//1204 671//671
f 1207//1207 673//673 1210//1210
f 1209//1209 670//670 679//679
f 1169//1169 1211//1211 1170//1170
f 1170//1170 1211//1211 1213//1213
f 1170//1170 1213//1213 1215//1215
f 1214//1214 1212//1212 1219//1219
f 1216//1216 1218//1218 1221//1221
f 1222//1222 1217//1217 1225//1225
f 1220//1220 1224//1224 798//798
f 795//795 1223//1223 721//721
f 799//799 723//723 786//786
f 784//784 722//722 716//716
f 1168//1168 1170//1170 1154//1154
f 1154//1154 1170//1170 1226//1226
f 1154//1154 1226//1226 1227//1227
f 1227//1227 1226//1226 1228//1228
f 1227//1227 1228//1228 1229//1229
f 1230//1230 1231//1231 1232//1232
f 1229//1229 1228//1228 1233//1233
f 1233//1233 1228//1228 1234//1234
f 1233//1233 1234//1234 1235//1235
f 1235//1235 1234//1234 1236//1236
f 1235//1235 1236//1236 1231//1231
f 1231//1231 1236//1236 1237//1237
f 1231//1231 1237//1237 1232//1232
f 1238//1238 1239//1239 1240//1240
f 1240//1240 1239//1239 1241//1241
f 1240//1240 1241//1241 1242//1242
f 1242//1242 1241//1241 1243//1243
f 608//608 595//595 606//606
f 1244//1244 593//593 1245//1245
f 1244//1244 1245//1245 1246//1246
f 1246//1246 1245//1245 1247//1247
f 1246//1246 1247//1247 1248//1248
f 1248//1248 1247//1247 1249//1249
f 1248//1248 1249//1249 1243//1243
f 1243//1243 1249//1249 1250//1250
f 1243//1243 1250//1250 1242//1242
f 1251//1251 1252//1252 1253//1253
f 1253//1253 1252//1252 1254//1254
f 1253//1253 1254//1254 1255//1255
f 1255//1255 1254//1254 1256//1256
f 1255//1255 1256//1256 1257//1257
f 1257//1257 1256//1256 1258//1258
f 1257//1257 1258//1258 1238//1238
f 1238//1238 1258//1258 1259//1259
f 1238//1238 1259//1259 1239//1239
f 1232//1232 1260//1260 1230//1230
f 1230//1230 1260//1260 1261//1261
f 1230//1230 1261//1261 1262//1262
f 1262//1262 1261//1261 1263//1263
f 1262//1262 1263//1263 1264//1264
f 1264//1264 1263//1263 1265//1265
f 1264//1264 1265//1265 1266//1266
f 1266//1266 1265//1265 1267//1267
f 1266//1266 1267//1267 1268//1268
f 1268//1268 1267//1267 1269//1269
f 1268//1268 1269//1269 1270//1270
f 1270//1270 1269//1269 1251//1251
f 1270//1270 1251//1251 1271//1271
f 1271//1271 1251//1251 1253//1253
f 1272//1272 1273//1273 1274//1274
f 1274//1274 1273//1273 1275//1275
f 1274//1274 1275//1275 1276//1276
f 1276//1276 1275//1275 247//247
f 1276//1276 247//247 1277//1277
f 1277//1277 247//247 249//249
f 246//246 245//245 1278//1278
f 1278//1278 245//245 1279//1279
f 1278//1278 1279//1279 1280//1280
f 244//244 246//246 1281//1281
f 1281//1281 246//246 1282//1282
f 1281//1281 1282//1282 1283//1283
f 1283//1283 1282//1282 1284//1284
f 1283//1283 1284//1284 1285//1285
f 1285//1285 1284//1284 1286//1286
f 1285//1285 1286//1286 1287//1287
f 1287//1287 1286//1286 1288//1288
f 1287//1287 1288//1288 1289//1289
f 1290//1290 1291//1291 1292//1292
f 1292//1292 1291//1291 1293//1293
f 1292//1292 1293//1293 1294//1294
f 1294//1294 1293//1293 1295//1295
f 1294//1294 1295//1295 1296//1296
f 1296//1296 1295//1295 1297//1297
f 1296//1296 1297//1297 1045//1045
f 1045//1045 1297//1297 1059//1059
f 1042//1042 1060//1060 1052//1052
f 1050//1050 1061//1061 1062//1062
f 1280//1280 1279//1279 1298//1298
f 1298//1298 1279//1279 1299//1299
f 1298//1298 1299//1299 1300//1300
f 1300//1300 1299//1299 1301//1301
f 1300//1300 1301//1301 1302//1302
f 1302//1302 1301//1301 1303//1303
f 1302//1302 1303//1303 1304//1304
f 1304//1304 1303//1303 1305//1305
f 1304//1304 1305//1305 1306//1306
f 1306//1306 1305//1305 1307//1307
f 1306//1306 1307//1307 1290//1290
f 1290//1290 1307//1307 1308//1308
f 1290//1290 1308//1308 1291//1291
f 1289//1289 1288//1288 1309//1309
f 1309//1309 1288//1288 1310//1310
f 1309//1309 1310//1310 1272//1272
f 1272//1272 1310//1310 1311//1311
f 1272//1272 1311//1311 1273//1273
f 1312//1312 1313//1313 1314//1314
f 1314//1314 1313//1313 1315//1315
f 1314//1314 1315//1315 1316//1316
f 1317//1317 1318//1318 1319//1319
f 1319//1319 1318//1318 1320//1320
f 1319//1319 1320//1320 1321//1321
f 1323//1323 1325//1325 1326//1326
f 1324//1324 1330//1330 1327//1327
f 1332//1332 1331//1331 1333//1333
f 1332//1332 1333//1333 1334//1334
f 1322//1322 1328//1328 1335//1335
f 1336//1336 1329//1329 1337//1337
f 1336//1336 1337//1337 1338//1338
f 1339//1339 1340//1340 1341//1341
f 1341//1341 1340//1340 1342//1342
f 1343//1343 1344//1344 1345//1345
f 1345//1345 1344//1344 1346//1346
f 1345//1345 1346//1346 1347//1347
f 1348//1348 1349//1349 1350//1350
f 1350//1350 1349//1349 1345//1345
f 1350//1350 1345//1345 1351//1351
f 1351//1351 1345//1345 1347//1347
f 1352//1352 1353//1353 1354//1354
f 1354//1354 1353//1353 1355//1355
f 1354//1354 1355//1355 1356//1356
f 1357//1357 1358//1358 1359//1359
f 1359//1359 1358//1358 1361//1361
f 1362//1362 1363//1363 1364//1364
f 1364//1364 1363//1363 1359//1359
f 1364//1364 1359//1359 1365//1365
f 1365//1365 1359//1359 1361//1361
f 1366//1366 1367//1367 1368//1368
f 1366//1366 1368//1368 1369//1369
f 1367//1367 1370//1370 1368//1368
f 1368//1368 1370//1370 1371//1371
f 1368//1368 1371//1371 1372//1372
f 1373//1373 1374//1374 1375//1375
f 1375//1375 1374//1374 1376//1376
f 1377//1377 1378//1378 1379//1379
f 1379//1379 1378//1378 1380//1380
f 1379//1379 1380//1380 1376//1376
f 1376//1376 1380//1380 1381//1381
f 1376//1376 1381//1381 1375//1375
f 1382//1382 1383//1383 1384//1384
f 1384//1384 1383//1383 1385//1385
f 1386//1386 1387//1387 1388//1388
f 1389//1389 1368//1368 1372//1372
f 1382//1382 1390//1390 1383//1383
f 1383//1383 1390//1390 1391//1391
f 1383//1383 1391//1391 1392//1392
f 1392//1392 1391//1391 1393//1393
f 1379//1379 1394//1394 1377//1377
f 1377//1377 1394//1394 1395//1395
f 1377//1377 1395//1395 1396//1396
f 1396//1396 1395//1395 1397//1397
f 1396//1396 1397//1397 1398//1398
f 1401//1401 1406//1406 1409//1409
f 1408//1408 1405//1405 1411//1411
f 1416//1416 1419//1419 1421//1421
f 1424//1424 1418//1418 1413//1413
f 1427//1427 1428//1428 1429//1429
f 1429//1429 1428//1428 1431//1431
f 1429//1429 1431//1431 1433//1433
f 1432//1432 1430//1430 1436//1436
f 1434//1434 1437//1437 1440//1440
f 1438//1438 1435//1435 1443//1443
f 1439//1439 1441//1441 1444//1444
f 1446//1446 1442//1442 1425//1425
f 1445//1445 1423//1423 1449//1449
f 1447//1447 1426//1426 1414//1414
f 1448//1448 1412//1412 1451//1451
f 1450//1450 1415//1415 1407//1407
f 1452//1452 1453//1453 1455//1455
f 1455//1455 1453//1453 1456//1456
f 1456//1456 1457//1457 1455//1455
f 1455//1455 1457//1457 1458//1458
f 1455//1455 1458//1458 1459//1459
f 1459//1459 1458//1458 1460//1460
f 1410//1410 1462//1462 1402//1402
f 1400//1400 1461//1461 1464//1464
f 1399//1399 1463//1463 1466//1466
f 1465//1465 1468//1468 1403//1403
f 1404//1404 1467//1467 1469//1469
f 1404//1404 1469//1469 1470//1470
f 1470//1470 1469//1469 1471//1471
f 1470//1470 1471//1471 1472//1472
f 1473//1473 1476//1476 1477//1477
f 1479//1479 1475//1475 1483//1483
f 1486//1486 1488//1488 1480//1480
f 1481//1481 1489//1489 1492//1492
f 1481//1481 1492//1492 1474//1474
f 1398//1398 1397//1397 1493//1493
f 1493//1493 1397//1397 1496//1496
f 1494//1494 1499//1499 1500//1500
f 1417//1417 1420//1420 1506//1506
f 1503//1503 1422//1422 1507//1507
f 1504//1504 1508//1508 1512//1512
f 1485//1485 1505//1505 1490//1490
f 1491//1491 1502//1502 1509//1509
f 1487//1487 1510//1510 1495//1495
f 1498//1498 1511//1511 1514//1514
f 1497//1497 1513//1513 1501//1501
f 1515//1515 1516//1516 1517//1517
f 1517//1517 1516//1516 1519//1519
f 1519//1519 1520//1520 1517//1517
f 1517//1517 1520//1520 1521//1521
f 1517//1517 1521//1521 1522//1522
f 1522//1522 1521//1521 1523//1523
f 1393//1393 1524//1524 1392//1392
f 1392//1392 1524//1524 1525//1525
f 1392//1392 1525//1525 1526//1526
f 1526//1526 1525//1525 1527//1527
f 1526//1526 1527//1527 1454//1454
f 1454//1454 1527//1527 1528//1528
f 1454//1454 1528//1528 1429//1429
f 1429//1429 1528//1528 1529//1529
f 1429//1429 1529//1529 1427//1427
f 1523//1523 1530//1530 1522//1522
f 1522//1522 1530//1530 1531//1531
f 1522//1522 1531//1531 1532//1532
f 1532//1532 1531//1531 1369//1369
f 1532//1532 1369//1369 1533//1533
f 1533//1533 1369//1369 1368//1368
f 1534//1534 1535//1535 1536//1536
f 1536//1536 1535//1535 1537//1537
f 1536//1536 1537//1537 1538//1538
f 1539//1539 1540//1540 1541//1541
f 1539//1539 1541//1541 1542//1542
f 1542//1542 1541//1541 1543//1543
f 1542//1542 1543//1543 1544//1544
f 1540//1540 1539//1539 1545//1545
f 1545//1545 1539//1539 1546//1546
f 1545//1545 1546//1546 1547//1547
f 1548//1548 1549//1549 1550//1550
f 1550//1550 1549//1549 1551//1551
f 1551//1551 1552//1552 1550//1550
f 1550//1550 1552//1552 1553//1553
f 1550//1550 1553//1553 1554//1554
f 1543//1543 1555//1555 1544//1544
f 1544//1544 1555//1555 1556//1556
f 1544//1544 1556//1556 1557//1557
f 1557//1557 1556//1556 1558//1558
f 1557//1557 1558//1558 1561//1561
f 1560//1560 1559//1559 1564//1564
f 1562//1562 1565//1565 1566//1566
f 1567//1567 1563//1563 1568//1568
f 1567//1567 1568//1568 1569//1569
f 1571//1571 1580//1580 1585//1585
f 1584//1584 1587//1587 1572//1572
f 1570//1570 1586//1586 1589//1589
f 1576//1576 1590//1590 1593//1593
f 1592//1592 1588//1588 1595//1595
f 1591//1591 1594//1594 1600//1600
f 1599//1599 1598//1598 1601//1601
f 1604//1604 1605//1605 1612//1612
f 1610//1610 1609//1609 1613//1613
f 1611//1611 1616//1616 1617//1617
f 1618//1618 1614//1614 1574//1574
f 1575//1575 1615//1615 1620//1620
f 1573//1573 1619//1619 1582//1582
f 1581//1581 1621//1621 1623//1623
f 1577//1577 1622//1622 1625//1625
f 1624//1624 1627//1627 1583//1583
f 1578//1578 1626//1626 1628//1628
f 1579//1579 1630//1630 1631//1631
f 1632//1632 1629//1629 1633//1633
f 1633//1633 1634//1634 1635//1635
f 1635//1635 1634//1634 1636//1636
f 1636//1636 1637//1637 1635//1635
f 1635//1635 1637//1637 1638//1638
f 1635//1635 1638//1638 1639//1639
f 1639//1639 1638//1638 1640//1640
f 1642//1642 1644//1644 1648//1648
f 1649//1649 1643//1643 1652//1652
f 1653//1653 1659//1659 1645//1645
f 1650//1650 1656//1656 1660//1660
f 1650//1650 1660//1660 1641//1641
f 1569//1569 1568//1568 1661//1661
f 1661//1661 1568//1568 1663//1663
f 1661//1661 1663//1663 1667//1667
f 1602//1602 1596//1596 1671//1671
f 1670//1670 1597//1597 1674//1674
f 1672//1672 1673//1673 1675//1675
f 1654//1654 1668//1668 1657//1657
f 1658//1658 1669//1669 1677//1677
f 1655//1655 1676//1676 1664//1664
f 1662//1662 1678//1678 1680//1680
f 1665//1665 1679//1679 1666//1666
f 1681//1681 1682//1682 1684//1684
f 1684//1684 1682//1682 1685//1685
f 1685//1685 1686//1686 1684//1684
f 1684//1684 1686//1686 1687//1687
f 1684//1684 1687//1687 1688//1688
f 1688//1688 1687//1687 1689//1689
f 1553//1553 1690//1690 1554//1554
f 1554//1554 1690//1690 1691//1691
f 1554//1554 1691//1691 1692//1692
f 1692//1692 1691//1691 1694//1694
f 1692//1692 1694//1694 1695//1695
f 1697//1697 1693//1693 1700//1700
f 1696//1696 1698//1698 1702//1702
f 1701//1701 1699//1699 1703//1703
f 1701//1701 1703//1703 1635//1635
f 1635//1635 1703//1703 1704//1704
f 1635//1635 1704//1704 1633//1633
f 1633//1633 1704//1704 1705//1705
f 1633//1633 1705//1705 1632//1632
f 1689//1689 1706//1706 1688//1688
f 1688//1688 1706//1706 1708//1708
f 1688//1688 1708//1708 1711//1711
f 1709//1709 1707//1707 1714//1714
f 1710//1710 1712//1712 1716//1716
f 1715//1715 1713//1713 1717//1717
f 1715//1715 1717//1717 1718//1718
f 1718//1718 1717//1717 1719//1719
f 1718//1718 1719//1719 1720//1720
f 1720//1720 1719//1719 1721//1721
f 1720//1720 1721//1721 1536//1536
f 1536//1536 1721//1721 1722//1722
f 1536//1536 1722//1722 1534//1534
f 1460//1460 1723//1723 1459//1459
f 1459//1459 1723//1723 1724//1724
f 1459//1459 1724//1724 1683//1683
f 1683//1683 1724//1724 1725//1725
f 1683//1683 1725//1725 1726//1726
f 1726//1726 1725//1725 1647//1647
f 1726//1726 1647//1647 1727//1727
f 1728//1728 1646//1646 1651//1651
f 1603//1603 1729//1729 1606//1606
f 1608//1608 1730//1730 1731//1731
f 1607//1607 1732//1732 1472//1472
f 1472//1472 1732//1732 1733//1733
f 1472//1472 1733//1733 1470//1470
f 1640//1640 1734//1734 1639//1639
f 1639//1639 1734//1734 1735//1735
f 1639//1639 1735//1735 1518//1518
f 1518//1518 1735//1735 1736//1736
f 1518//1518 1736//1736 1737//1737
f 1737//1737 1736//1736 1482//1482
f 1737//1737 1482//1482 1738//1738
f 1739//1739 1478//1478 1484//1484
f 1383//1383 1740//1740 1385//1385
f 1385//1385 1740//1740 1741//1741
f 1385//1385 1741//1741 1742//1742
f 1743//1743 1744//1744 1745//1745
f 1547//1547 1746//1746 1545//1545
f 1747//1747 1748//1748 1749//1749
f 1538//1538 1745//1745 1536//1536
f 1536//1536 1745//1745 1744//1744
f 1536//1536 1744//1744 1750//1750
f 1741//1741 1752//1752 1742//1742
f 1742//1742 1752//1752 1753//1753
f 1742//1742 1753//1753 1754//1754
f 1754//1754 1753//1753 1755//1755
f 1754//1754 1755//1755 1756//1756
f 1756//1756 1755//1755 1757//1757
f 1756//1756 1757//1757 1758//1758
f 1758//1758 1757//1757 1759//1759
f 1758//1758 1759//1759 1760//1760
f 1760//1760 1759//1759 1761//1761
f 1760//1760 1761//1761 1762//1762
f 1762//1762 1761//1761 1763//1763
f 1762//1762 1763//1763 1764//1764
f 1764//1764 1763//1763 1765//1765
f 1764//1764 1765//1765 1766//1766
f 1766//1766 1765//1765 1767//1767
f 1766//1766 1767//1767 1768//1768
f 1768//1768 1767//1767 1769//1769
f 1768//1768 1769//1769 1770//1770
f 1770//1770 1769//1769 1771//1771
f 1770//1770 1771//1771 1772//1772
f 1772//1772 1771//1771 1774//1774
f 1772//1772 1774//1774 1775//1775
f 1777//1777 1773//1773 1779//1779
f 1776//1776 1778//1778 1781//1781
f 1783//1783 1780//1780 1786//1786
f 1782//1782 1784//1784 1788//1788
f 1787//1787 1785//1785 1789//1789
f 1787//1787 1789//1789 1790//1790
f 1790//1790 1789//1789 1791//1791
f 1790//1790 1791//1791 1792//1792
f 1792//1792 1791//1791 1793//1793
f 1792//1792 1793//1793 1794//1794
f 1794//1794 1793//1793 1795//1795
f 1794//1794 1795//1795 1796//1796
f 1796//1796 1795//1795 1797//1797
f 1796//1796 1797//1797 1798//1798
f 1798//1798 1797//1797 1799//1799
f 1798//1798 1799//1799 1800//1800
f 1800//1800 1799//1799 1801//1801
f 1800//1800 1801//1801 1802//1802
f 1802//1802 1801//1801 1803//1803
f 1802//1802 1803//1803 1804//1804
f 1804//1804 1803//1803 1805//1805
f 1804//1804 1805//1805 1806//1806
f 1806//1806 1805//1805 1807//1807
f 1806//1806 1807//1807 1808//1808
f 1808//1808 1807//1807 1743//1743
f 1808//1808 1743//1743 1809//1809
f 1809//1809 1743//1743 1745//1745
f 1810//1810 1811//1811 1813//1813
f 1813//1813 1811//1811 1815//1815
f 1812//1812 1816//1816 1818//1818
f 1817//1817 1814//1814 1819//1819
f 1817//1817 1819//1819 1820//1820
f 1821//1821 1825//1825 1828//1828
f 1829//1829 1826//1826 1833//1833
f 1827//1827 1832//1832 1835//1835
f 1834//1834 1831//1831 1836//1836
f 1834//1834 1836//1836 1837//1837
f 1838//1838 1839//1839 1841//1841
f 1841//1841 1839//1839 1843//1843
f 1840//1840 1842//1842 1846//1846
f 1847//1847 1844//1844 1824//1824
f 1845//1845 1822//1822 1849//1849
f 1848//1848 1823//1823 1830//1830
f 1851//1851 1854//1854 1855//1855
f 1856//1856 1857//1857 1858//1858
f 1858//1858 1857//1857 1853//1853
f 1859//1859 1852//1852 1861//1861
f 1860//1860 1850//1850 1862//1862
f 1863//1863 1868//1868 1871//1871
f 1870//1870 1867//1867 1872//1872
f 1872//1872 1867//1867 1873//1873
f 1872//1872 1873//1873 1874//1874
f 1869//1869 1876//1876 1866//1866
f 1865//1865 1875//1875 1877//1877
f 1864//1864 1878//1878 1880//1880
f 1882//1882 1879//1879 1883//1883
f 1881//1881 1884//1884 1885//1885
f 1885//1885 1884//1884 1886//1886
f 1885//1885 1886//1886 1887//1887
f 1888//1888 1889//1889 1890//1890
f 1890//1890 1889//1889 1893//1893
f 1891//1891 1894//1894 1895//1895
f 1896//1896 1892//1892 1897//1897
f 1896//1896 1897//1897 1898//1898
f 1899//1899 1900//1900 1901//1901
f 1901//1901 1900//1900 1903//1903
f 1902//1902 1905//1905 1908//1908
f 1907//1907 1904//1904 1911//1911
f 1906//1906 1912//1912 1914//1914
f 1913//1913 1909//1909 1915//1915
f 1916//1916 1917//1917 1919//1919
f 1919//1919 1917//1917 1921//1921
f 1918//1918 1922//1922 1924//1924
f 1925//1925 1920//1920 1928//1928
f 1923//1923 1926//1926 1929//1929
f 1930//1930 1927//1927 1910//1910
f 1932//1932 1936//1936 1937//1937
f 1938//1938 1935//1935 1940//1940
f 1940//1940 1935//1935 1941//1941
f 1940//1940 1941//1941 1942//1942
f 1939//1939 1944//1944 1931//1931
f 1933//1933 1943//1943 1945//1945
f 1934//1934 1947//1947 1949//1949
f 1950//1950 1946//1946 1952//1952
f 1948//1948 1951//1951 1953//1953
f 1953//1953 1951//1951 1954//1954
f 1953//1953 1954//1954 1955//1955
f 1956//1956 1957//1957 1958//1958
f 1956//1956 1958//1958 1960//1960
f 1962//1962 1963//1963 1965//1965
f 1965//1965 1963//1963 1968//1968
f 1964//1964 1967//1967 1971//1971
f 1969//1969 1966//1966 1959//1959
f 1970//1970 1961//1961 1973//1973
f 1972//1972 1960//1960 1958//1958
f 1974//1974 1975//1975 1977//1977
f 1977//1977 1975//1975 1979//1979
f 1976//1976 1980//1980 1982//1982
f 1981//1981 1978//1978 1987//1987
f 1983//1983 1984//1984 1988//1988
f 1990//1990 1991//1991 1992//1992
f 1992//1992 1991//1991 1994//1994
f 1993//1993 1995//1995 1997//1997
f 1986//1986 1996//1996 1998//1998
f 1985//1985 1999//1999 1989//1989
f 2000//2000 2001//2001 2002//2002
f 2002//2002 2001//2001 2006//2006
f 2003//2003 2004//2004 2007//2007
f 2008//2008 2009//2009 2010//2010
f 2010//2010 2009//2009 2013//2013
f 2011//2011 2012//2012 2017//2017
f 2016//2016 2014//2014 2018//2018
f 2015//2015 2019//2019 2021//2021
f 2022//2022 2020//2020 2005//2005
f 2023//2023 2024//2024 2025//2025
f 2023//2023 2025//2025 2026//2026
f 2025//2025 2029//2029 2026//2026
f 2027//2027 2030//2030 2033//2033
f 2028//2028 2031//2031 2034//2034
f 2035//2035 2032//2032 2037//2037
f 2036//2036 2038//2038 2039//2039
f 2039//2039 2038//2038 2040//2040
f 2039//2039 2040//2040 2041//2041
f 2042//2042 2044//2044 2045//2045
f 2045//2045 2044//2044 2046//2046
f 2045//2045 2046//2046 2047//2047
f 2048//2048 2049//2049 2050//2050
f 2050//2050 2049//2049 2051//2051
f 2052//2052 2053//2053 2054//2054
f 2054//2054 2053//2053 2056//2056
f 2055//2055 2057//2057 2058//2058
f 2060//2060 2061//2061 2062//2062
f 2062//2062 2061//2061 2063//2063
f 2064//2064 2066//2066 2070//2070
f 2065//2065 2069//2069 2076//2076
f 2078//2078 2083//2083 2086//2086
f 2084//2084 2082//2082 2087//2087
f 2085//2085 2088//2088 2091//2091
f 2090//2090 2089//2089 2095//2095
f 2092//2092 2094//2094 2096//2096
f 2098//2098 2093//2093 2099//2099
f 2097//2097 2100//2100 2103//2103
f 2104//2104 2101//2101 2108//2108
f 2102//2102 2107//2107 2110//2110
f 2113//2113 2115//2115 2118//2118
f 2125//2125 2126//2126 2129//2129
f 2130//2130 2127//2127 2134//2134
f 2128//2128 2133//2133 2136//2136
f 2135//2135 2132//2132 2138//2138
f 2137//2137 2139//2139 2144//2144
f 2145//2145 2140//2140 2147//2147
f 2141//2141 2146//2146 2148//2148
f 2131//2131 2152//2152 2123//2123
f 2122//2122 2153//2153 2155//2155
f 2124//2124 2154//2154 2159//2159
f 2158//2158 2156//2156 2162//2162
f 2157//2157 2160//2160 2163//2163
f 2164//2164 2161//2161 2167//2167
f 2165//2165 2166//2166 2068//2068
f 2168//2168 2169//2169 2072//2072
f 2067//2067 2170//2170 2173//2173
f 2071//2071 2171//2171 2073//2073
f 2074//2074 2172//2172 2176//2176
f 2075//2075 2175//2175 2177//2177
f 2179//2179 2174//2174 2181//2181
f 2178//2178 2182//2182 2183//2183
f 2184//2184 2180//2180 2187//2187
f 2188//2188 2196//2196 2199//2199
f 2201//2201 2202//2202 2205//2205
f 2105//2105 2207//2207 2194//2194
f 2193//2193 2206//2206 2208//2208
f 2192//2192 2209//2209 2197//2197
f 2106//2106 2195//2195 2111//2111
f 2112//2112 2191//2191 2212//2212
f 2109//2109 2210//2210 2213//2213
f 2214//2214 2211//2211 2218//2218
f 2215//2215 2216//2216 2219//2219
f 2116//2116 2217//2217 2221//2221
f 2117//2117 2220//2220 2119//2119
f 2198//2198 2222//2222 2189//2189
f 2190//2190 2223//2223 2224//2224
f 2228//2228 2225//2225 2233//2233
f 2200//2200 2204//2204 2236//2236
f 2234//2234 2203//2203 2229//2229
f 2235//2235 2226//2226 2237//2237
f 2238//2238 2227//2227 2231//2231
f 2239//2239 2230//2230 2080//2080
f 2079//2079 2232//2232 2241//2241
f 2077//2077 2240//2240 2081//2081
f 2114//2114 2121//2121 2243//2243
f 2244//2244 2120//2120 2248//2248
f 2245//2245 2249//2249 2251//2251
f 2252//2252 2255//2255 2257//2257
f 2258//2258 2254//2254 2262//2262
f 2259//2259 2261//2261 2263//2263
f 2264//2264 2260//2260 2247//2247
f 2265//2265 2242//2242 2267//2267
f 2266//2266 2246//2246 2250//2250
f 2253//2253 2269//2269 2256//2256
f 2272//2272 2268//2268 2275//2275
f 2271//2271 2276//2276 2278//2278
f 2186//2186 2142//2142 2185//2185
f 2280//2280 2143//2143 2151//2151
f 2279//2279 2150//2150 2283//2283
f 2282//2282 2149//2149 2285//2285
f 2281//2281 2286//2286 2288//2288
f 2287//2287 2284//2284 2270//2270
f 2289//2289 2274//2274 2290//2290
f 2291//2291 2273//2273 2277//2277
f 2292//2292 2293//2293 2294//2294
f 2295//2295 2292//2292 2297//2297
f 2297//2297 2292//2292 2294//2294
f 2296//2296 2298//2298 2299//2299
f 2299//2299 2298//2298 2300//2300
f 51//51 50//50 2301//2301
f 2301//2301 50//50 2302//2302
f 2303//2303 2305//2305 2307//2307
f 2306//2306 2304//2304 2308//2308
f 2309//2309 2311//2311 2312//2312
f 2313//2313 2310//2310 2314//2314
f 2315//2315 2316//2316 2318//2318
f 2319//2319 2317//2317 2320//2320
f 2300//2300 2321//2321 2299//2299
f 2322//2322 2324//2324 2325//2325
f 2326//2326 2323//2323 2327//2327
f 2328//2328 2329//2329 2330//2330
f 2330//2330 2329//2329 2331//2331
f 2330//2330 2331//2331 2332//2332
f 2332//2332 2331//2331 2333//2333
f 2334//2334 2335//2335 2338//2338
f 2337//2337 2336//2336 2339//2339
f 2340//2340 2341//2341 2343//2343
f 2344//2344 2342//2342 2345//2345
f 2346//2346 2348//2348 2350//2350
f 2349//2349 2347//2347 2351//2351
f 2352//2352 2354//2354 2356//2356
f 2355//2355 2353//2353 2357//2357
f 2358//2358 2360//2360 2362//2362
f 2361//2361 2359//2359 2363//2363
f 2364//2364 2365//2365 2333//2333
f 2333//2333 2365//2365 2366//2366
f 2333//2333 2366//2366 2332//2332
f 2332//2332 2366//2366 2367//2367
f 2368//2368 2370//2370 2371//2371
f 2372//2372 2369//2369 2375//2375
f 2373//2373 2374//2374 2376//2376
f 2377//2377 2378//2378 2379//2379
f 2380//2380 2381//2381 2382//2382
f 2382//2382 2381//2381 2383//2383
f 2384//2384 2385//2385 2386//2386
f 2385//2385 2377//2377 2386//2386
f 2386//2386 2377//2377 2379//2379
f 2387//2387 2388//2388 2391//2391
f 2390//2390 2389//2389 2392//2392
f 2393//2393 2394//2394 2396//2396
f 2397//2397 2395//2395 2398//2398
f 2399//2399 2400//2400 2402//2402
f 2403//2403 2401//2401 2404//2404
f 2405//2405 2406//2406 2408//2408
f 2409//2409 2407//2407 2410//2410
f 2411//2411 2412//2412 2414//2414
f 2415//2415 2413//2413 2416//2416
f 2417//2417 2418//2418 2421//2421
f 2420//2420 2419//2419 2422//2422
f 2423//2423 2424//2424 2425//2425
f 2426//2426 2423//2423 2427//2427
f 2427//2427 2423//2423 2425//2425
f 2428//2428 2430//2430 2431//2431
f 2432//2432 2429//2429 2433//2433
f 2434//2434 2436//2436 2438//2438
f 2437//2437 2435//2435 2439//2439
f 2440//2440 2442//2442 2444//2444
f 2443//2443 2441//2441 2445//2445
f 2446//2446 2447//2447 2449//2449
f 2450//2450 2448//2448 2451//2451
f 2452//2452 2453//2453 171//171
f 171//171 2453//2453 163//163
f 2454//2454 2456//2456 2458//2458
f 2457//2457 2455//2455 2459//2459
f 2461//2461 2463//2463 2468//2468
f 2470//2470 2472//2472 2473//2473
f 2475//2475 2471//2471 2478//2478
f 2474//2474 2476//2476 2484//2484
f 2481//2481 2477//2477 2486//2486
f 2482//2482 2485//2485 2488//2488
f 2490//2490 2494//2494 2496//2496
f 2497//2497 2491//2491 2502//2502
f 2498//2498 2501//2501 2505//2505
f 2506//2506 2503//2503 2508//2508
f 2509//2509 2514//2514 2518//2518
f 2517//2517 2513//2513 2519//2519
f 2516//2516 2520//2520 2469//2469
f 2521//2521 2523//2523 2527//2527
f 2529//2529 2524//2524 2530//2530
f 2528//2528 2531//2531 2512//2512
f 2510//2510 2532//2532 2534//2534
f 2511//2511 2533//2533 2515//2515
f 2522//2522 2526//2526 2537//2537
f 2536//2536 2525//2525 2540//2540
f 2535//2535 2542//2542 2544//2544
f 2545//2545 2549//2549 2553//2553
f 2556//2556 2558//2558 2565//2565
f 2465//2465 2464//2464 2538//2538
f 2541//2541 2462//2462 2568//2568
f 2539//2539 2569//2569 2543//2543
f 2573//2573 2575//2575 2579//2579
f 2578//2578 2574//2574 2581//2581
f 2577//2577 2582//2582 2500//2500
f 2499//2499 2580//2580 2584//2584
f 2504//2504 2583//2583 2507//2507
f 2586//2586 2587//2587 2562//2562
f 2561//2561 2588//2588 2590//2590
f 2563//2563 2589//2589 2555//2555
f 2489//2489 2591//2591 2492//2492
f 2493//2493 2592//2592 2593//2593
f 2495//2495 2594//2594 2596//2596
f 2598//2598 2595//2595 2601//2601
f 2597//2597 2599//2599 2602//2602
f 2467//2467 2600//2600 2603//2603
f 2466//2466 2604//2604 2460//2460
f 2606//2606 2609//2609 2572//2572
f 2571//2571 2611//2611 2613//2613
f 2570//2570 2612//2612 2576//2576
f 2615//2615 2617//2617 2619//2619
f 2622//2622 2616//2616 2625//2625
f 2621//2621 2626//2626 2630//2630
f 2628//2628 2624//2624 2634//2634
f 2627//2627 2633//2633 2635//2635
f 2551//2551 2547//2547 2620//2620
f 2623//2623 2548//2548 2637//2637
f 2618//2618 2638//2638 2614//2614
f 2640//2640 2642//2642 2647//2647
f 2648//2648 2641//2641 2649//2649
f 2643//2643 2651//2651 2654//2654
f 2554//2554 2657//2657 2560//2560
f 2557//2557 2656//2656 2660//2660
f 2559//2559 2658//2658 2645//2645
f 2646//2646 2659//2659 2662//2662
f 2644//2644 2661//2661 2639//2639
f 2664//2664 2665//2665 2668//2668
f 2546//2546 2550//2550 2672//2672
f 2673//2673 2552//2552 2677//2677
f 2671//2671 2676//2676 2678//2678
f 2680//2680 2683//2683 2684//2684
f 2689//2689 2682//2682 2690//2690
f 2688//2688 2691//2691 2693//2693
f 2694//2694 2692//2692 2696//2696
f 2695//2695 2698//2698 2702//2702
f 2703//2703 2697//2697 2704//2704
f 2650//2650 2707//2707 2653//2653
f 2655//2655 2706//2706 2710//2710
f 2652//2652 2709//2709 2686//2686
f 2687//2687 2708//2708 2712//2712
f 2685//2685 2711//2711 2681//2681
f 2487//2487 2713//2713 2479//2479
f 2483//2483 2714//2714 2716//2716
f 2480//2480 2715//2715 2670//2670
f 2667//2667 2717//2717 2718//2718
f 2669//2669 2719//2719 2663//2663
f 2705//2705 2720//2720 2700//2700
f 2701//2701 2721//2721 2723//2723
f 2699//2699 2722//2722 2725//2725
f 2675//2675 2724//2724 2726//2726
f 2674//2674 2727//2727 2679//2679
f 2636//2636 2728//2728 2629//2629
f 2631//2631 2729//2729 2732//2732
f 2632//2632 2730//2730 2607//2607
f 2605//2605 2731//2731 2733//2733
f 2608//2608 2734//2734 2610//2610
f 2666//2666 2735//2735 2738//2738
f 2739//2739 2736//2736 2740//2740
f 2737//2737 2741//2741 2567//2567
f 2564//2564 2742//2742 2743//2743
f 2566//2566 2744//2744 2585//2585
f 2746//2746 2749//2749 2753//2753
f 2754//2754 2748//2748 2756//2756
f 2755//2755 2758//2758 2759//2759
f 2761//2761 2757//2757 2765//2765
f 2760//2760 2764//2764 2767//2767
f 2769//2769 2773//2773 2776//2776
f 2782//2782 2783//2783 2775//2775
f 2778//2778 2785//2785 2786//2786
f 2777//2777 2787//2787 2770//2770
f 2788//2788 2790//2790 2794//2794
f 2798//2798 2799//2799 2771//2771
f 2772//2772 2800//2800 2801//2801
f 2774//2774 2802//2802 2806//2806
f 2791//2791 2807//2807 2796//2796
f 2795//2795 2808//2808 2810//2810
f 2797//2797 2809//2809 2779//2779
f 2781//2781 2811//2811 2813//2813
f 2780//2780 2812//2812 2784//2784
f 2815//2815 2816//2816 2821//2821
f 2818//2818 2817//2817 2823//2823
f 2819//2819 2824//2824 2826//2826
f 2827//2827 2828//2828 2831//2831
f 2825//2825 2829//2829 2762//2762
f 2766//2766 2830//2830 2832//2832
f 2763//2763 2833//2833 2768//2768
f 2814//2814 2820//2820 2835//2835
f 2836//2836 2822//2822 2838//2838
f 2834//2834 2839//2839 2842//2842
f 2844//2844 2845//2845 2803//2803
f 2804//2804 2846//2846 2847//2847
f 2805//2805 2848//2848 2850//2850
f 2853//2853 2857//2857 2861//2861
f 2859//2859 2862//2862 2865//2865
f 2867//2867 2870//2870 2872//2872
f 2873//2873 2871//2871 2878//2878
f 2745//2745 2882//2882 2750//2750
f 2752//2752 2881//2881 2884//2884
f 2747//2747 2883//2883 2885//2885
f 2888//2888 2893//2893 2837//2837
f 2841//2841 2891//2891 2895//2895
f 2840//2840 2894//2894 2843//2843
f 2897//2897 2902//2902 2889//2889
f 2887//2887 2900//2900 2904//2904
f 2890//2890 2903//2903 2892//2892
f 2906//2906 2908//2908 2863//2863
f 2866//2866 2910//2910 2912//2912
f 2864//2864 2911//2911 2860//2860
f 2915//2915 2917//2917 2920//2920
f 2905//2905 2919//2919 2921//2921
f 2907//2907 2922//2922 2909//2909
f 2886//2886 2923//2923 2751//2751
f 2925//2925 2924//2924 2929//2929
f 2926//2926 2927//2927 2930//2930
f 2931//2931 2928//2928 2933//2933
f 2932//2932 2934//2934 2936//2936
f 2937//2937 2935//2935 2940//2940
f 2938//2938 2939//2939 2944//2944
f 2942//2942 2941//2941 2945//2945
f 2943//2943 2946//2946 2948//2948
f 2793//2793 2947//2947 2949//2949
f 2792//2792 2950//2950 2789//2789
f 2869//2869 2951//2951 2879//2879
f 2877//2877 2952//2952 2953//2953
f 2880//2880 2954//2954 2957//2957
f 2960//2960 2965//2965 2874//2874
f 2876//2876 2966//2966 2967//2967
f 2875//2875 2968//2968 2868//2868
f 2969//2969 2971//2971 2849//2849
f 2852//2852 2970//2970 2974//2974
f 2851//2851 2972//2972 2976//2976
f 2854//2854 2980//2980 2856//2856
f 2855//2855 2979//2979 2981//2981
f 2858//2858 2982//2982 2986//2986
f 2984//2984 2983//2983 2989//2989
f 2985//2985 2988//2988 2899//2899
f 2898//2898 2987//2987 2991//2991
f 2896//2896 2990//2990 2901//2901
f 2955//2955 2993//2993 2956//2956
f 2959//2959 2992//2992 2996//2996
f 2958//2958 2994//2994 2997//2997
f 2998//2998 2995//2995 3000//3000
f 2999//2999 3001//3001 3003//3003
f 3009//3009 3010//3010 3014//3014
f 3013//3013 3011//3011 3016//3016
f 3015//3015 3017//3017 2962//2962
f 2961//2961 3018//3018 3020//3020
f 2963//2963 3019//3019 2964//2964
f 2973//2973 3021//3021 2977//2977
f 2978//2978 3022//3022 3024//3024
f 2975//2975 3023//3023 3026//3026
f 3007//3007 3025//3025 3027//3027
f 3008//3008 3028//3028 3012//3012
f 3002//3002 3029//3029 3004//3004
f 3006//3006 3030//3030 3031//3031
f 3005//3005 3033//3033 3035//3035
f 3034//3034 3032//3032 3037//3037
f 3036//3036 3038//3038 3040//3040
f 3039//3039 3045//3045 3042//3042
f 3041//3041 3044//3044 3046//3046
f 3043//3043 3048//3048 3049//3049
f 3051//3051 3047//3047 3053//3053
f 3050//3050 3055//3055 3057//3057
f 3056//3056 3052//3052 3058//3058
f 3060//3060 3054//3054 3062//3062
f 3059//3059 3063//3063 3065//3065
f 3064//3064 3061//3061 3068//3068
f 3066//3066 3069//3069 2914//2914
f 2913//2913 3067//3067 3070//3070
f 2916//2916 3071//3071 2918//2918
f 3072//3072 3073//3073 3074//3074
f 3074//3074 3073//3073 3075//3075
f 3074//3074 3075//3075 3076//3076
f 3076//3076 3075//3075 3077//3077
f 3078//3078 3079//3079 3080//3080
f 3080//3080 3079//3079 3081//3081
f 3080//3080 3081//3081 3082//3082
f 3082//3082 3081//3081 3083//3083
f 3082//3082 3083//3083 3084//3084
f 3084//3084 3083//3083 3085//3085
f 3084//3084 3085//3085 3086//3086
f 3086//3086 3085//3085 3087//3087
f 3086//3086 3087//3087 3088//3088
f 3088//3088 3087//3087 3073//3073
f 3088//3088 3073//3073 3072//3072
f 3089//3089 3090//3090 3091//3091
f 3091//3091 3090//3090 3079//3079
f 3091//3091 3079//3079 3078//3078
f 3092//3092 3093//3093 3094//3094
f 3094//3094 3093//3093 3095//3095
f 3094//3094 3095//3095 3096//3096
f 3096//3096 3095//3095 3097//3097
f 3096//3096 3097//3097 3098//3098
f 3098//3098 3097//3097 3099//3099
f 3098//3098 3099//3099 3100//3100
f 3100//3100 3099//3099 3101//3101
f 3100//3100 3101//3101 3089//3089
f 3089//3089 3101//3101 3090//3090
f 3102//3102 3103//3103 3104//3104
f 3104//3104 3103//3103 3105//3105
f 3104//3104 3105//3105 3092//3092
f 3092//3092 3105//3105 3093//3093
f 3106//3106 3107//3107 3108//3108
f 3108//3108 3107//3107 3109//3109
f 3108//3108 3109//3109 3110//3110
f 3110//3110 3109//3109 3111//3111
f 3110//3110 3111//3111 3102//3102
f 3102//3102 3111//3111 3103//3103
f 3112//3112 3113//3113 3114//3114
f 3114//3114 3113//3113 3115//3115
f 3114//3114 3115//3115 3116//3116
f 3116//3116 3115//3115 3117//3117
f 3107//3107 3106//3106 3117//3117
f 3117//3117 3106//3106 3118//3118
f 3117//3117 3118//3118 3116//3116
f 3076//3076 3077//3077 3119//3119
f 3119//3119 3077//3077 3120//3120
f 3119//3119 3120//3120 3121//3121
f 3121//3121 3120//3120 3122//3122
f 3121//3121 3122//3122 3112//3112
f 3112//3112 3122//3122 3113//3113
f 3123//3123 3126//3126 3128//3128
f 3127//3127 3125//3125 3138//3138
f 3140//3140 3141//3141 3145//3145
f 3146//3146 3142//3142 3148//3148
f 3144//3144 3150//3150 3133//3133
f 3129//3129 3149//3149 3152//3152
f 3134//3134 3151//3151 3124//3124
f 3139//3139 3143//3143 3156//3156
f 3155//3155 3147//3147 3159//3159
f 3153//3153 3160//3160 3162//3162
f 3164//3164 3165//3165 3173//3173
f 3163//3163 3174//3174 3177//3177
f 3178//3178 3184//3184 3195//3195
f 3196//3196 3187//3187 3198//3198
f 3201//3201 3203//3203 3209//3209
f 3210//3210 3207//3207 3213//3213
f 3208//3208 3211//3211 3214//3214
f 3215//3215 3212//3212 3217//3217
f 3216//3216 3219//3219 3220//3220
f 3202//3202 3175//3175 3206//3206
f 3205//3205 3176//3176 3172//3172
f 3204//3204 3170//3170 3226//3226
f 3224//3224 3171//3171 3157//3157
f 3225//3225 3158//3158 3228//3228
f 3227//3227 3154//3154 3161//3161
f 3166//3166 3230//3230 3169//3169
f 3168//3168 3229//3229 3231//3231
f 3167//3167 3232//3232 3234//3234
f 3236//3236 3233//3233 3239//3239
f 3242//3242 3245//3245 3249//3249
f 3248//3248 3244//3244 3252//3252
f 3179//3179 3256//3256 3188//3188
f 3189//3189 3255//3255 3257//3257
f 3190//3190 3258//3258 3262//3262
f 3261//3261 3259//3259 3271//3271
f 3270//3270 3272//3272 3264//3264
f 3260//3260 3273//3273 3274//3274
f 3263//3263 3276//3276 3286//3286
f 3287//3287 3275//3275 3291//3291
f 3288//3288 3290//3290 3293//3293
f 3285//3285 3295//3295 3298//3298
f 3289//3289 3301//3301 3303//3303
f 3218//3218 3305//3305 3222//3222
f 3221//3221 3304//3304 3306//3306
f 3223//3223 3307//3307 3309//3309
f 3311//3311 3308//3308 3312//3312
f 3310//3310 3314//3314 3317//3317
f 3315//3315 3313//3313 3318//3318
f 3316//3316 3319//3319 3321//3321
f 3322//3322 3320//3320 3283//3283
f 3323//3323 3284//3284 3325//3325
f 3326//3326 3282//3282 3299//3299
f 3324//3324 3297//3297 3238//3238
f 3240//3240 3327//3327 3329//3329
f 3237//3237 3328//3328 3235//3235
f 3300//3300 3280//3280 3330//3330
f 3331//3331 3281//3281 3294//3294
f 3332//3332 3292//3292 3251//3251
f 3254//3254 3333//3333 3335//3335
f 3253//3253 3334//3334 3250//3250
f 3302//3302 3337//3337 3279//3279
f 3278//3278 3336//3336 3339//3339
f 3277//3277 3338//3338 3296//3296
f 3241//3241 3340//3340 3243//3243
f 3246//3246 3341//3341 3344//3344
f 3247//3247 3343//3343 3135//3135
f 3136//3136 3342//3342 3199//3199
f 3137//3137 3200//3200 3130//3130
f 3132//3132 3197//3197 3183//3183
f 3131//3131 3193//3193 3348//3348
f 3349//3349 3192//3192 3354//3354
f 3355//3355 3358//3358 3346//3346
f 3345//3345 3357//3357 3360//3360
f 3347//3347 3359//3359 3361//3361
f 3363//3363 3366//3366 3370//3370
f 3371//3371 3367//3367 3373//3373
f 3378//3378 3372//3372 3381//3381
f 3379//3379 3369//3369 3374//3374
f 3380//3380 3384//3384 3387//3387
f 3386//3386 3383//3383 3389//3389
f 3385//3385 3390//3390 3394//3394
f 3396//3396 3268//3268 3398//3398
f 3399//3399 3269//3269 3376//3376
f 3397//3397 3377//3377 3400//3400
f 3401//3401 3375//3375 3382//3382
f 3402//3402 3404//3404 3191//3191
f 3395//3395 3406//3406 3266//3266
f 3265//3265 3407//3407 3409//3409
f 3267//3267 3410//3410 3185//3185
f 3194//3194 3408//3408 3412//3412
f 3180//3180 3411//3411 3403//3403
f 3415//3415 3417//3417 3419//3419
f 3421//3421 3416//3416 3427//3427
f 3420//3420 3428//3428 3429//3429
f 3433//3433 3436//3436 3439//3439
f 3438//3438 3434//3434 3350//3350
f 3437//3437 3353//3353 3440//3440
f 3388//3388 3442//3442 3393//3393
f 3392//3392 3443//3443 3445//3445
f 3391//3391 3444//3444 3425//3425
f 3426//3426 3446//3446 3448//3448
f 3424//3424 3447//3447 3430//3430
f 3368//3368 3450//3450 3362//3362
f 3364//3364 3449//3449 3452//3452
f 3365//3365 3451//3451 3455//3455
f 3454//3454 3453//3453 3459//3459
f 3456//3456 3457//3457 3460//3460
f 3431//3431 3458//3458 3462//3462
f 3432//3432 3461//3461 3435//3435
f 3405//3405 3413//3413 3186//3186
f 3182//3182 3414//3414 3423//3423
f 3181//3181 3422//3422 3351//3351
f 3352//3352 3418//3418 3463//3463
f 3356//3356 3464//3464 3441//3441
f 3465//3465 3466//3466 3469//3469
f 3468//3468 3467//3467 3470//3470
f 3471//3471 3473//3473 3474//3474
f 3475//3475 3472//3472 3476//3476
f 2423//2423 3477//3477 2424//2424
f 2424//2424 3477//3477 3478//3478
f 3479//3479 3480//3480 3482//3482
f 3483//3483 3481//3481 3487//3487
f 3484//3484 3486//3486 3488//3488
f 3489//3489 3485//3485 3490//3490
f 3491//3491 2381//2381 3492//3492
f 3492//3492 2381//2381 2380//2380
f 2328//2328 3493//3493 2329//2329
f 2329//2329 3493//3493 3494//3494
f 3495//3495 3497//3497 3499//3499
f 3502//3502 3504//3504 3498//3498
f 3500//3500 3503//3503 3506//3506
f 3501//3501 3505//3505 3496//3496
f 3507//3507 2292//2292 3508//3508
f 3508//3508 2292//2292 2295//2295
f 3509//3509 3521//3521 3535//3535
f 3537//3537 3520//3520 3540//3540
f 3542//3542 3545//3545 3555//3555
f 3552//3552 3549//3549 3556//3556
f 3550//3550 3557//3557 3558//3558
f 3536//3536 3539//3539 3564//3564
f 3563//3563 3538//3538 3566//3566
f 3562//3562 3565//3565 3567//3567
f 3570//3570 3573//3573 3581//3581
f 3579//3579 3571//3571 3547//3547
f 3580//3580 3546//3546 3582//3582
f 3583//3583 3548//3548 3543//3543
f 3585//3585 3588//3588 3590//3590
f 3569//3569 3591//3591 3578//3578
f 3572//3572 3592//3592 3593//3593
f 3574//3574 3594//3594 3595//3595
f 3568//3568 3598//3598 3560//3560
f 3559//3559 3599//3599 3586//3586
f 3561//3561 3587//3587 3601//3601
f 3600//3600 3584//3584 3589//3589
f 3602//3602 3604//3604 3609//3609
f 3608//3608 3605//3605 3610//3610
f 3615//3615 3611//3611 3617//3617
f 3618//3618 3623//3623 3629//3629
f 3627//3627 3622//3622 3630//3630
f 3632//3632 3634//3634 3517//3517
f 3633//3633 3514//3514 3639//3639
f 3603//3603 3607//3607 3642//3642
f 3640//3640 3606//3606 3645//3645
f 3641//3641 3643//3643 3626//3626
f 3628//3628 3644//3644 3646//3646
f 3625//3625 3647//3647 3619//3619
f 3651//3651 3652//3652 3655//3655
f 3635//3635 3658//3658 3519//3519
f 3525//3525 3657//3657 3660//3660
f 3516//3516 3659//3659 3663//3663
f 3667//3667 3661//3661 3679//3679
f 3666//3666 3678//3678 3681//3681
f 3648//3648 3656//3656 3684//3684
f 3683//3683 3654//3654 3688//3688
f 3682//3682 3685//3685 3691//3691
f 3653//3653 3650//3650 3692//3692
f 3694//3694 3649//3649 3697//3697
f 3693//3693 3696//3696 3698//3698
f 3700//3700 3695//3695 3636//3636
f 3699//3699 3637//3637 3701//3701
f 3703//3703 3638//3638 3527//3527
f 3702//3702 3522//3522 3705//3705
f 3706//3706 3528//3528 3575//3575
f 3704//3704 3576//3576 3621//3621
f 3620//3620 3577//3577 3596//3596
f 3624//3624 3597//3597 3631//3631
f 3680//3680 3708//3708 3674//3674
f 3665//3665 3707//3707 3709//3709
f 3664//3664 3710//3710 3721//3721
f 3723//3723 3724//3724 3732//3732
f 3729//3729 3725//3725 3734//3734
f 3731//3731 3736//3736 3737//3737
f 3738//3738 3733//3733 3739//3739
f 3740//3740 3735//3735 3726//3726
f 3741//3741 3742//3742 3554//3554
f 3553//3553 3743//3743 3614//3614
f 3551//3551 3612//3612 3544//3544
f 3541//3541 3613//3613 3616//3616
f 3744//3744 3718//3718 3747//3747
f 3746//3746 3719//3719 3712//3712
f 3748//3748 3713//3713 3751//3751
f 3750//3750 3711//3711 3753//3753
f 3749//3749 3754//3754 3687//3687
f 3689//3689 3752//3752 3755//3755
f 3686//3686 3756//3756 3690//3690
f 3745//3745 3758//3758 3716//3716
f 3717//3717 3757//3757 3761//3761
f 3715//3715 3760//3760 3730//3730
f 3728//3728 3759//3759 3763//3763
f 3727//3727 3762//3762 3722//3722
f 3764//3764 3771//3771 3669//3669
f 3772//3772 3775//3775 3778//3778
f 3781//3781 3786//3786 3788//3788
f 3787//3787 3785//3785 3789//3789
f 3790//3790 3792//3792 3784//3784
f 3510//3510 3531//3531 3794//3794
f 3795//3795 3532//3532 3800//3800
f 3799//3799 3801//3801 3774//3774
f 3779//3779 3802//3802 3805//3805
f 3533//3533 3808//3808 3811//3811
f 3809//3809 3807//3807 3813//3813
f 3810//3810 3812//3812 3791//3791
f 3814//3814 3819//3819 3769//3769
f 3770//3770 3818//3818 3821//3821
f 3767//3767 3822//3822 3670//3670
f 3671//3671 3820//3820 3824//3824
f 3677//3677 3823//3823 3826//3826
f 3773//3773 3776//3776 3797//3797
f 3796//3796 3777//3777 3804//3804
f 3798//3798 3803//3803 3827//3827
f 3829//3829 3526//3526 3832//3832
f 3831//3831 3518//3518 3672//3672
f 3830//3830 3673//3673 3834//3834
f 3833//3833 3676//3676 3825//3825
f 3828//3828 3835//3835 3511//3511
f 3515//3515 3836//3836 3838//3838
f 3512//3512 3837//3837 3839//3839
f 3840//3840 3845//3845 3846//3846
f 3768//3768 3850//3850 3816//3816
f 3815//3815 3851//3851 3852//3852
f 3817//3817 3853//3853 3855//3855
f 3856//3856 3854//3854 3859//3859
f 3857//3857 3860//3860 3862//3862
f 3863//3863 3858//3858 3866//3866
f 3861//3861 3864//3864 3843//3843
f 3844//3844 3865//3865 3868//3868
f 3842//3842 3867//3867 3847//3847
f 3841//3841 3849//3849 3524//3524
f 3513//3513 3848//3848 3870//3870
f 3523//3523 3871//3871 3530//3530
f 3529//3529 3869//3869 3873//3873
f 3534//3534 3872//3872 3806//3806
f 3793//3793 3765//3765 3780//3780
f 3783//3783 3766//3766 3668//3668
f 3782//3782 3675//3675 3878//3878
f 3879//3879 3662//3662 3714//3714
f 3875//3875 3720//3720 3880//3880
f 3881//3881 3882//3882 3877//3877
f 3874//3874 3883//3883 3884//3884
f 3876//3876 3885//3885 3886//3886
f 1751//1751 3888//3888 3889//3889
f 3890//3890 3887//3887 3891//3891
f 3892//3892 3893//3893 3894//3894
f 3894//3894 3893//3893 3896//3896
f 3896//3896 3897//3897 3894//3894
f 3895//3895 3898//3898 3899//3899
f 19//19 17//17 3900//3900
f 62//62 64//64 3901//3901
f 3901//3901 64//64 3902//3902
f 3901//3901 3902//3902 3903//3903
f 3903//3903 3904//3904 3901//3901
f 3901//3901 3904//3904 3905//3905
f 3901//3901 3905//3905 3906//3906
f 3907//3907 3909//3909 3910//3910
f 3900//3900 3908//3908 3911//3911
f 3911//3911 13//13 3900//3900
f 3900//3900 13//13 15//15
f 3900//3900 15//15 19//19
f 3899//3899 3898//3898 3912//3912
f 3912//3912 3898//3898 3913//3913
f 3914//3914 3916//3916 3918//3918
f 3917//3917 3915//3915 3919//3919
f 3920//3920 3921//3921 3910//3910
f 3910//3910 3921//3921 3901//3901
f 3910//3910 3901//3901 3907//3907
f 3907//3907 3901//3901 3906//3906
f 3922//3922 3923//3923 3924//3924
f 31//31 3925//3925 32//32
f 32//32 3925//3925 3926//3926
f 32//32 3926//3926 1//1
f 1//1 3926//3926 2//2
f 3925//3925 3927//3927 3926//3926
f 3926//3926 3927//3927 3928//3928
f 3926//3926 3928//3928 3929//3929
f 133//133 132//132 3931//3931
f 3931//3931 132//132 3932//3932
f 3930//3930 3924//3924 3933//3933
f 3933//3933 3924//3924 3923//3923
f 3929//3929 3922//3922 3926//3926
f 3926//3926 3922//3922 3924//3924
f 3926//3926 3924//3924 3934//3934
f 3934//3934 3924//3924 3935//3935
f 3936//3936 3937//3937 3938//3938
f 3938//3938 3937//3937 3939//3939
f 3938//3938 3939//3939 3940//3940
f 3940//3940 3939//3939 3941//3941
f 3942//3942 3943//3943 3941//3941
f 3941//3941 3943//3943 3940//3940
f 3943//3943 3942//3942 3944//3944
f 3944//3944 3942//3942 3945//3945
f 3946//3946 3947//3947 1740//1740
f 1740//1740 3947//3947 1741//1741
f 3949//3949 3950//3950 3951//3951
f 3954//3954 3956//3956 3959//3959
f 3958//3958 3955//3955 3962//3962
f 3957//3957 3960//3960 3963//3963
f 3965//3965 3970//3970 3971//3971
f 3976//3976 3978//3978 3979//3979
f 3983//3983 3977//3977 3985//3985
f 3980//3980 3986//3986 3988//3988
f 3984//3984 3995//3995 3989//3989
f 3990//3990 3994//3994 3997//3997
f 3993//3993 3996//3996 3966//3966
f 3999//3999 4003//4003 4007//4007
f 3961//3961 4011//4011 4013//4013
f 4012//4012 4010//4010 4017//4017
f 4014//4014 4016//4016 4019//4019
f 4018//4018 4015//4015 3992//3992
f 4020//4020 3991//3991 4023//4023
f 4022//4022 3987//3987 3968//3968
f 4021//4021 3964//3964 4025//4025
f 4024//4024 3967//3967 3974//3974
f 4027//4027 4028//4028 4031//4031
f 4038//4038 4042//4042 4045//4045
f 4043//4043 4047//4047 4037//4037
f 4039//4039 4046//4046 4048//4048
f 4036//4036 4050//4050 4052//4052
f 4051//4051 4049//4049 4005//4005
f 4053//4053 4004//4004 4055//4055
f 4054//4054 4006//4006 4002//4002
f 3948//3948 3952//3952 4057//4057
f 4056//4056 3953//3953 4059//4059
f 4058//4058 4060//4060 4063//4063
f 4035//4035 4029//4029 4067//4067
f 4062//4062 4061//4061 4069//4069
f 4070//4070 4071//4071 4001//4001
f 4068//4068 3998//3998 4033//4033
f 4032//4032 4000//4000 4008//4008
f 4034//4034 4009//4009 4026//4026
f 4030//4030 4073//4073 4065//4065
f 4066//4066 4072//4072 4074//4074
f 4064//4064 4075//4075 4079//4079
f 4078//4078 4076//4076 4084//4084
f 4077//4077 4080//4080 4085//4085
f 4086//4086 4081//4081 4090//4090
f 4091//4091 4094//4094 4099//4099
f 4100//4100 4093//4093 4104//4104
f 4105//4105 4097//4097 4107//4107
f 4109//4109 4098//4098 4102//4102
f 4108//4108 4103//4103 4112//4112
f 4111//4111 4101//4101 4115//4115
f 4110//4110 4114//4114 4116//4116
f 4118//4118 4113//4113 4119//4119
f 4117//4117 4120//4120 4123//4123
f 4124//4124 4121//4121 4125//4125
f 4122//4122 3972//3972 4126//4126
f 4127//4127 3973//3973 3969//3969
f 3975//3975 3982//3982 4128//4128
f 4129//4129 3981//3981 4132//4132
f 4130//4130 4131//4131 4106//4106
f 4133//4133 4136//4136 4138//4138
f 4040//4040 4135//4135 4139//4139
f 4041//4041 4140//4140 4044//4044
f 4137//4137 4141//4141 4134//4134
f 4082//4082 4142//4142 4143//4143
f 4083//4083 4144//4144 4087//4087
f 4089//4089 4145//4145 4146//4146
f 4088//4088 4147//4147 4151//4151
f 4149//4149 4148//4148 4152//4152
f 4150//4150 4154//4154 4157//4157
f 4155//4155 4153//4153 4160//4160
f 4156//4156 4158//4158 4161//4161
f 4163//4163 4159//4159 4165//4165
f 4162//4162 4164//4164 4167//4167
f 4169//4169 4166//4166 4172//4172
f 4168//4168 4174//4174 4175//4175
f 4180//4180 4182//4182 4170//4170
f 4171//4171 4183//4183 4185//4185
f 4173//4173 4184//4184 4176//4176
f 4092//4092 4095//4095 4186//4186
f 4187//4187 4096//4096 4189//4189
f 4188//4188 4191//4191 4194//4194
f 4193//4193 4190//4190 4197//4197
f 4192//4192 4195//4195 4177//4177
f 4178//4178 4196//4196 4199//4199
f 4179//4179 4198//4198 4181//4181
f 4200//4200 4201//4201 4202//4202
f 4203//4203 4201//4201 4200//4200
f 4200//4200 4204//4204 4205//4205
f 4206//4206 4204//4204 4200//4200
f 4202//4202 4206//4206 4200//4200
f 4200//4200 4207//4207 4208//4208
f 4209//4209 4207//4207 4200//4200
f 4205//4205 4209//4209 4200//4200
f 4200//4200 4210//4210 4211//4211
f 4212//4212 4210//4210 4200//4200
f 4208//4208 4212//4212 4200//4200
f 4211//4211 4203//4203 4200//4200
f 4213//4213 4215//4215 4216//4216
f 4217//4217 4214//4214 4218//4218
f 4219//4219 4220//4220 4222//4222
f 4223//4223 4221//4221 4224//4224
f 4225//4225 4227//4227 4229//4229
f 4228//4228 4226//4226 4230//4230
f 4231//4231 4232//4232 4234//4234
f 4235//4235 4233//4233 4236//4236
f 4237//4237 4238//4238 4241//4241
f 4240//4240 4239//4239 4242//4242
f 4243//4243 4244//4244 4246//4246
f 4247//4247 4245//4245 4248//4248
f 4249//4249 4251//4251 4253//4253
f 4252//4252 4250//4250 4254//4254
f 4255//4255 4256//4256 4258//4258
f 4259//4259 4257//4257 4260//4260
f 4261//4261 4262//4262 4265//4265
f 4264//4264 4263//4263 4266//4266
f 4267//4267 4268//4268 4271//4271
f 4270//4270 4269//4269 4272//4272
f 4273//4273 4275//4275 4276//4276
f 4277//4277 4274//4274 4278//4278
f 4279//4279 4280//4280 4282//4282
f 4283//4283 4281//4281 4284//4284
f 4285//4285 4286//4286 4287//4287
f 4288//4288 4286//4286 4285//4285
f 4285//4285 4289//4289 4290//4290
f 4291//4291 4289//4289 4285//4285
f 4287//4287 4291//4291 4285//4285
f 4285//4285 4292//4292 4293//4293
f 4294//4294 4292//4292 4285//4285
f 4290//4290 4294//4294 4285//4285
f 4285//4285 4295//4295 4296//4296
f 4297//4297 4295//4295 4285//4285
f 4293//4293 4297//4297 4285//4285
f 4296//4296 4288//4288 4285//4285
f 4298//4298 4299//4299 4301//4301
f 4302//4302 4300//4300 4303//4303
f 4304//4304 4306//4306 4307//4307
f 4308//4308 4305//4305 4309//4309
f 4310//4310 4311//4311 4314//4314
f 4313//4313 4312//4312 4315//4315
f 4316//4316 4317//4317 4320//4320
f 4319//4319 4318//4318 4321//4321
f 4322//4322 4324//4324 4326//4326
f 4325//4325 4323//4323 4327//4327
f 4328//4328 4330//4330 4332//4332
f 4331//4331 4329//4329 4333//4333
f 4334//4334 4336//4336 4338//4338
f 4337//4337 4335//4335 4339//4339
f 4340//4340 4341//4341 4343//4343
f 4344//4344 4342//4342 4345//4345
f 4346//4346 4347//4347 4350//4350
f 4349//4349 4348//4348 4351//4351
f 4352//4352 4354//4354 4355//4355
f 4356//4356 4353//4353 4357//4357
f 4358//4358 4359//4359 4361//4361
f 4362//4362 4360//4360 4363//4363
f 4364//4364 4365//4365 4368//4368
f 4367//4367 4366//4366 4369//4369
f 4370//4370 4371//4371 4372//4372
f 4373//4373 4371//4371 4370//4370
f 4370//4370 4374//4374 4375//4375
f 4376//4376 4374//4374 4370//4370
f 4372//4372 4376//4376 4370//4370
f 4370//4370 4377//4377 4378//4378
f 4379//4379 4377//4377 4370//4370
f 4375//4375 4379//4379 4370//4370
f 4370//4370 4380//4380 4381//4381
f 4382//4382 4380//4380 4370//4370
f 4378//4378 4382//4382 4370//4370
f 4381//4381 4373//4373 4370//4370
f 4383//4383 4384//4384 4386//4386
f 4387//4387 4385//4385 4388//4388
f 4389//4389 4390//4390 4393//4393
f 4392//4392 4391//4391 4394//4394
f 4395//4395 4396//4396 4398//4398
f 4399//4399 4397//4397 4400//4400
f 4401//4401 4403//4403 4405//4405
f 4404//4404 4402//4402 4406//4406
f 4407//4407 4409//4409 4410//4410
f 4411//4411 4408//4408 4412//4412
f 4413//4413 4414//4414 4417//4417
f 4416//4416 4415//4415 4418//4418
f 4419//4419 4421//4421 4423//4423
f 4422//4422 4420//4420 4424//4424
f 4425//4425 4426//4426 4428//4428
f 4429//4429 4427//4427 4430//4430
f 4431//4431 4433//4433 4435//4435
f 4434//4434 4432//4432 4436//4436
f 4437//4437 4438//4438 4441//4441
f 4440//4440 4439//4439 4442//4442
f 4443//4443 4444//4444 4447//4447
f 4446//4446 4445//4445 4448//4448
f 4449//4449 4451//4451 4453//4453
f 4452//4452 4450//4450 4454//4454
f 4455//4455 4456//4456 4457//4457
f 4458//4458 4456//4456 4455//4455
f 4455//4455 4459//4459 4460//4460
f 4461//4461 4459//4459 4455//4455
f 4457//4457 4461//4461 4455//4455
f 4455//4455 4462//4462 4463//4463
f 4464//4464 4462//4462 4455//4455
f 4460//4460 4464//4464 4455//4455
f 4455//4455 4465//4465 4466//4466
f 4467//4467 4465//4465 4455//4455
f 4463//4463 4467//4467 4455//4455
f 4466//4466 4458//4458 4455//4455
f 4468//4468 4470//4470 4471//4471
f 4472//4472 4469//4469 4473//4473
f 4474//4474 4475//4475 4478//4478
f 4477//4477 4476//4476 4479//4479
f 4480//4480 4481//4481 4483//4483
f 4484//4484 4482//4482 4485//4485
f 4486//4486 4487//4487 4489//4489
f 4490//4490 4488//4488 4491//4491
f 4492//4492 4493//4493 4495//4495
f 4496//4496 4494//4494 4497//4497
f 4498//4498 4499//4499 4502//4502
f 4501//4501 4500//4500 4503//4503
f 4504//4504 4505//4505 4507//4507
f 4508//4508 4506//4506 4509//4509
f 4510//4510 4512//4512 4513//4513
f 4514//4514 4511//4511 4515//4515
f 4516//4516 4518//4518 4519//4519
f 4520//4520 4517//4517 4521//4521
f 4522//4522 4523//4523 4525//4525
f 4526//4526 4524//4524 4527//4527
f 4528//4528 4529//4529 4531//4531
f 4532//4532 4530//4530 4533//4533
f 4534//4534 4536//4536 4537//4537
f 4538//4538 4535//4535 4539//4539
f 4540//4540 4541//4541 4542//4542
f 4542//4542 4541//4541 4543//4543
f 4544//4544 4545//4545 4547//4547
f 4548//4548 4546//4546 4549//4549
f 4550//4550 4551//4551 4552//4552
f 4552//4552 4551//4551 4553//4553
f 4541//4541 4540//4540 4554//4554
f 4554//4554 4540//4540 4555//4555
f 4554//4554 4555//4555 4556//4556
f 4556//4556 4555//4555 4557//4557
f 4558//4558 4559//4559 4560//4560
f 4560//4560 4559//4559 4561//4561
f 4560//4560 4561//4561 4562//4562
f 4562//4562 4561//4561 4563//4563
f 4564//4564 4565//4565 4566//4566
f 4566//4566 4565//4565 4567//4567
f 4566//4566 4567//4567 4557//4557
f 4557//4557 4567//4567 4556//4556
f 4568//4568 4559//4559 4569//4569
f 4569//4569 4559//4559 4558//4558
f 4570//4570 4572//4572 4573//4573
f 4573//4573 4572//4572 4574//4574
f 4573//4573 4574//4574 4575//4575
f 4575//4575 4574//4574 4576//4576
f 4577//4577 4578//4578 4579//4579
f 4579//4579 4578//4578 4580//4580
f 4579//4579 4580//4580 4569//4569
f 4569//4569 4580//4580 4568//4568
f 4581//4581 4582//4582 4583//4583
f 4583//4583 4582//4582 4584//4584
f 4583//4583 4584//4584 4571//4571
f 4571//4571 4584//4584 4585//4585
f 4586//4586 4587//4587 4588//4588
f 4588//4588 4587//4587 4589//4589
f 4590//4590 4592//4592 4593//4593
f 4594//4594 4591//4591 4595//4595
f 4596//4596 4597//4597 4581//4581
f 4581//4581 4597//4597 4582//4582
f 4553//4553 4587//4587 4552//4552
f 4552//4552 4587//4587 4586//4586
f 4598//4598 4600//4600 4601//4601
f 4602//4602 4599//4599 4603//4603
f 4604//4604 4606//4606 4607//4607
f 4608//4608 4605//4605 4609//4609
f 4610//4610 4612//4612 4613//4613
f 4614//4614 4611//4611 4615//4615
f 4616//4616 4617//4617 4620//4620
f 4619//4619 4618//4618 4621//4621
f 4622//4622 4623//4623 4625//4625
f 4626//4626 4624//4624 4627//4627
f 4628//4628 4630//4630 4631//4631
f 4632//4632 4629//4629 4633//4633
f 4634//4634 4635//4635 4638//4638
f 4637//4637 4636//4636 4639//4639
f 4640//4640 4641//4641 4644//4644
f 4643//4643 4642//4642 4645//4645
f 4646//4646 4647//4647 4650//4650
f 4649//4649 4648//4648 4651//4651
f 4652//4652 4653//4653 4655//4655
f 4656//4656 4654//4654 4657//4657
f 4658//4658 4659//4659 4661//4661
f 4662//4662 4660//4660 4663//4663
f 4664//4664 4665//4665 4667//4667
f 4668//4668 4666//4666 4669//4669
f 4670//4670 4671//4671 4673//4673
f 4674//4674 4672//4672 4675//4675
f 4676//4676 4678//4678 4680//4680
f 4679//4679 4677//4677 4681//4681
f 4682//4682 4683//4683 4686//4686
f 4685//4685 4684//4684 4687//4687
f 4688//4688 4690//4690 4692//4692
f 4691//4691 4689//4689 4693//4693
f 4694//4694 4695//4695 4697//4697
f 4698//4698 4696//4696 4699//4699
f 4700//4700 4701//4701 4704//4704
f 4703//4703 4702//4702 4705//4705
f 4706//4706 4707//4707 4709//4709
f 4710//4710 4708//4708 4711//4711
f 4712//4712 4713//4713 4715//4715
f 4716//4716 4714//4714 4717//4717
f 4718//4718 4720//4720 4722//4722
f 4721//4721 4719//4719 4723//4723
f 4724//4724 4725//4725 4727//4727
f 4728//4728 4726//4726 4729//4729
f 4730//4730 4731//4731 4734//4734
f 4733//4733 4732//4732 4735//4735
f 4736//4736 4737//4737 4739//4739
f 4740//4740 4738//4738 4741//4741
f 4742//4742 4743//4743 4745//4745
f 4746//4746 4744//4744 4747//4747
f 4748//4748 4749//4749 4751//4751
f 4752//4752 4750//4750 4753//4753
f 4754//4754 4755//4755 4757//4757
f 4758//4758 4756//4756 4759//4759
f 4760//4760 4761//4761 4763//4763
f 4764//4764 4762//4762 4765//4765
f 4766//4766 4767//4767 4769//4769
f 4770//4770 4768//4768 4771//4771
f 4772//4772 4773//4773 4775//4775
f 4776//4776 4774//4774 4777//4777
f 4778//4778 4779//4779 4781//4781
f 4782//4782 4780//4780 4783//4783
f 4784//4784 4786//4786 4788//4788
f 4787//4787 4785//4785 4789//4789
f 4790//4790 4791//4791 4794//4794
f 4793//4793 4792//4792 4795//4795
f 4796//4796 4798//4798 4800//4800
f 4799//4799 4797//4797 4801//4801
f 4802//4802 4804//4804 4806//4806
f 4805//4805 4803//4803 4807//4807
f 4808//4808 4810//4810 4811//4811
f 4812//4812 4809//4809 4813//4813
f 4814//4814 4815//4815 4817//4817
f 4818//4818 4816//4816 4819//4819
f 4820//4820 4821//4821 4823//4823
f 4824//4824 4822//4822 4825//4825
f 4826//4826 4827//4827 4829//4829
f 4830//4830 4828//4828 4831//4831
f 4832//4832 4834//4834 4836//4836
f 4835//4835 4833//4833 4837//4837
f 4838//4838 4840//4840 4842//4842
f 4841//4841 4839//4839 4843//4843
f 4844//4844 4845//4845 4848//4848
f 4847//4847 4846//4846 4849//4849
f 4850//4850 4852//4852 4854//4854
f 4853//4853 4851//4851 4855//4855
f 4856//4856 4858//4858 4860//4860
f 4859//4859 4857//4857 4861//4861
f 4862//4862 4863//4863 4866//4866
f 4865//4865 4864//4864 4867//4867
f 4868//4868 4869//4869 4872//4872
f 4871//4871 4870//4870 4873//4873
f 4874//4874 4876//4876 4878//4878
f 4877//4877 4875//4875 4879//4879
f 4880//4880 4882//4882 4883//4883
f 4884//4884 4881//4881 4885//4885
f 4886//4886 4888//4888 4890//4890
f 4889//4889 4887//4887 4891//4891
f 4892//4892 4894//4894 4895//4895
f 4896//4896 4893//4893 4897//4897
f 4898//4898 4900//4900 4902//4902
f 4901//4901 4899//4899 4903//4903
f 4904//4904 4906//4906 4907//4907
f 4908//4908 4905//4905 4909//4909
f 4910//4910 4911//4911 4914//4914
f 4913//4913 4912//4912 4915//4915
f 4916//4916 4918//4918 4919//4919
f 4920//4920 4917//4917 4921//4921
f 4922//4922 4924//4924 4925//4925
f 4926//4926 4923//4923 4927//4927
f 4928//4928 4929//4929 4931//4931
f 4932//4932 4930//4930 4933//4933
f 4934//4934 4936//4936 4937//4937
f 4938//4938 4935//4935 4939//4939
f 4942//4942 4943//4943 4945//4945
f 4944//4944 4947//4947 4950//4950
f 4949//4949 4948//4948 4951//4951
f 4949//4949 4951//4951 4952//4952
f 4946//4946 4954//4954 4941//4941
f 4940//4940 4953//4953 4955//4955
f 4940//4940 4955//4955 4956//4956
f 4957//4957 4961//4961 4962//4962
f 4963//4963 4964//4964 4965//4965
f 4965//4965 4964//4964 4960//4960
f 4966//4966 4959//4959 4967//4967
f 4968//4968 4958//4958 4969//4969
f 4970//4970 4972//4972 4974//4974
f 4975//4975 4973//4973 4976//4976
f 4977//4977 4978//4978 4980//4980
f 4981//4981 4979//4979 4982//4982
f 4983//4983 4984//4984 1342//1342
f 1342//1342 4984//4984 1341//1341
f 1318//1318 1317//1317 4985//4985
f 4985//4985 1317//1317 4986//4986
f 4987//4987 4988//4988 4990//4990
f 4991//4991 4989//4989 4992//4992
f 4993//4993 4994//4994 4995//4995
f 4995//4995 4994//4994 4996//4996
f 4995//4995 4996//4996 4997//4997
f 4997//4997 4996//4996 4998//4998
f 4997//4997 4998//4998 4999//4999
f 4999//4999 4998//4998 4971//4971
f 1313//1313 1312//1312 5000//5000
f 5000//5000 1312//1312 5001//5001
f 5000//5000 5001//5001 5002//5002
f 5002//5002 5001//5001 5003//5003
f 5002//5002 5003//5003 5004//5004
f 5004//5004 5003//5003 5005//5005
f 5005//5005 5003//5003 5006//5006
f 5005//5005 5006//5006 5007//5007
f 5007//5007 5006//5006 5008//5008
f 5008//5008 5006//5006 5009//5009
f 5008//5008 5009//5009 5010//5010
f 5010//5010 5009//5009 5011//5011
f 5010//5010 5011//5011 5012//5012
f 5013//5013 5014//5014 5015//5015
f 5013//5013 5015//5015 5016//5016
f 5016//5016 5015//5015 5017//5017
f 5017//5017 5015//5015 1356//1356
f 5017//5017 1356//1356 1355//1355
f 5018//5018 5019//5019 5020//5020
f 5020//5020 5019//5019 5021//5021
f 5020//5020 5021//5021 5022//5022
f 2047//2047 2046//2046 5023//5023
f 5023//5023 2046//2046 5024//5024
f 5025//5025 5026//5026 5028//5028
f 5029//5029 5027//5027 5030//5030
f 5031//5031 5032//5032 5021//5021
f 5021//5021 5032//5032 5033//5033
f 5021//5021 5033//5033 5022//5022
f 2049//2049 2048//2048 5034//5034
f 5034//5034 2048//2048 5035//5035
f 5036//5036 5038//5038 5039//5039
f 5040//5040 5037//5037 5041//5041
f 5042//5042 5043//5043 5018//5018
f 5018//5018 5043//5043 5019//5019
f 5044//5044 5045//5045 5046//5046
f 5044//5044 5046//5046 5047//5047
f 5048//5048 5049//5049 5050//5050
f 5048//5048 5050//5050 5051//5051
f 5052//5052 5053//5053 5054//5054
f 5052//5052 5054//5054 5055//5055
f 5055//5055 5054//5054 5056//5056
f 5056//5056 5054//5054 2058//2058
f 5056//5056 2058//2058 2057//2057
f 5057//5057 5058//5058 2059//2059
f 5057//5057 2059//2059 5059//5059
f 5059//5059 2059//2059 5060//5060
f 5059//5059 5060//5060 5061//5061
f 5061//5061 5060//5060 5062//5062
f 5061//5061 5062//5062 5063//5063
f 5063//5063 5062//5062 5064//5064
f 5064//5064 5062//5062 5045//5045
f 5064//5064 5045//5045 5044//5044
f 1837//1837 1836//1836 5065//5065
f 1837//1837 5065//5065 5067//5067
f 5066//5066 5068//5068 5069//5069
f 5069//5069 5068//5068 5071//5071
f 5069//5069 5071//5071 5072//5072
f 5070//5070 5073//5073 5074//5074
f 5074//5074 5073//5073 5075//5075
f 5074//5074 5075//5075 5076//5076
f 5076//5076 5075//5075 5077//5077
f 5076//5076 5077//5077 5078//5078
f 5079//5079 5080//5080 5081//5081
f 5081//5081 5082//5082 5079//5079
f 5079//5079 5082//5082 5083//5083
f 5079//5079 5083//5083 5084//5084
f 5083//5083 5085//5085 5084//5084
f 5084//5084 5085//5085 5086//5086
f 5087//5087 5088//5088 5089//5089
f 5089//5089 5088//5088 5090//5090
f 5090//5090 5091//5091 5089//5089
f 5092//5092 5093//5093 1885//1885
f 5092//5092 1885//1885 1887//1887
f 1917//1917 1916//1916 5094//5094
f 1917//1917 5094//5094 5095//5095
f 5094//5094 5096//5096 5095//5095
f 5095//5095 5096//5096 5097//5097
f 5095//5095 5097//5097 5098//5098
f 5097//5097 5099//5099 5098//5098
f 5098//5098 5099//5099 5100//5100
f 5098//5098 5100//5100 5101//5101
f 5101//5101 5100//5100 5102//5102
f 5101//5101 5102//5102 5103//5103
f 5104//5104 5105//5105 5106//5106
f 5106//5106 5107//5107 5104//5104
f 5104//5104 5107//5107 5108//5108
f 5104//5104 5108//5108 5109//5109
f 5108//5108 5110//5110 5109//5109
f 5109//5109 5110//5110 5111//5111
f 5112//5112 5113//5113 5114//5114
f 5114//5114 5113//5113 5115//5115
f 5115//5115 5116//5116 5114//5114
f 5117//5117 5118//5118 1953//1953
f 5117//5117 1953//1953 1955//1955
f 5119//5119 5120//5120 5121//5121
f 5121//5121 5122//5122 5119//5119
f 5119//5119 5122//5122 5123//5123
f 5119//5119 5123//5123 5124//5124
f 5123//5123 5125//5125 5124//5124
f 5124//5124 5125//5125 5126//5126
f 5124//5124 5126//5126 2024//2024
f 2024//2024 5126//5126 5127//5127
f 2024//2024 5127//5127 2025//2025
f 2009//2009 2008//2008 5128//5128
f 2009//2009 5128//5128 5129//5129
f 5130//5130 5131//5131 5132//5132
f 5130//5130 5132//5132 5133//5133
f 5133//5133 5132//5132 5134//5134
f 5133//5133 5134//5134 5135//5135
f 5135//5135 5134//5134 5136//5136
f 5135//5135 5136//5136 5137//5137
f 5137//5137 5136//5136 5138//5138
f 5137//5137 5138//5138 5139//5139
f 5140//5140 5141//5141 5142//5142
f 5142//5142 5143//5143 5140//5140
f 5140//5140 5143//5143 5144//5144
f 5140//5140 5144//5144 5145//5145
f 5144//5144 5146//5146 5145//5145
f 5145//5145 5146//5146 5147//5147
f 5145//5145 5147//5147 1957//1957
f 1957//1957 5147//5147 5148//5148
f 1957//1957 5148//5148 1958//1958
f 1975//1975 1974//1974 5149//5149
f 1975//1975 5149//5149 5150//5150
f 5151//5151 5152//5152 5153//5153
f 5151//5151 5153//5153 5155//5155
f 5154//5154 5156//5156 5157//5157
f 5157//5157 5156//5156 5158//5158
f 5157//5157 5158//5158 5159//5159
f 5142//5142 5141//5141 5160//5160
f 5160//5160 5141//5141 5159//5159
f 5160//5160 5159//5159 5161//5161
f 5161//5161 5159//5159 5158//5158
f 1321//1321 1320//1320 5162//5162
f 5162//5162 1320//1320 5163//5163
f 5162//5162 5163//5163 5164//5164
f 5164//5164 5163//5163 5165//5165
f 5166//5166 5167//5167 5169//5169
f 5170//5170 5168//5168 5171//5171
f 5172//5172 5173//5173 5174//5174
f 5174//5174 5173//5173 5175//5175
f 1340//1340 1339//1339 5176//5176
f 5176//5176 1339//1339 5177//5177
f 5178//5178 5179//5179 5181//5181
f 5182//5182 5180//5180 5183//5183
f 5184//5184 5185//5185 5187//5187
f 5188//5188 5186//5186 5189//5189
f 5190//5190 5191//5191 5175//5175
f 5175//5175 5191//5191 5174//5174
f 1316//1316 1315//1315 5192//5192
f 5192//5192 1315//1315 5193//5193
f 5192//5192 5193//5193 5194//5194
f 5194//5194 5193//5193 5195//5195
f 5196//5196 5197//5197 5198//5198
f 5198//5198 5197//5197 5200//5200
f 5199//5199 5201//5201 5203//5203
f 5203//5203 5201//5201 5204//5204
f 1353//1353 1352//1352 5205//5205
f 5205//5205 1352//1352 5206//5206
f 5207//5207 5208//5208 5211//5211
f 5210//5210 5209//5209 5212//5212
f 5213//5213 5214//5214 5215//5215
f 5215//5215 5214//5214 5216//5216
f 5215//5215 5216//5216 5217//5217
f 5217//5217 5216//5216 5202//5202
f 5218//5218 5219//5219 5220//5220
f 5220//5220 5221//5221 5218//5218
f 5222//5222 5223//5223 5224//5224
f 5222//5222 5224//5224 5225//5225
f 1363//1363 1362//1362 5226//5226
f 5226//5226 1362//1362 5227//5227
f 5226//5226 5227//5227 5224//5224
f 5224//5224 5227//5227 5228//5228
f 5224//5224 5228//5228 5225//5225
f 4952//4952 4951//4951 5229//5229
f 5229//5229 4951//4951 5230//5230
f 5229//5229 5230//5230 5231//5231
f 5231//5231 5230//5230 5232//5232
f 5231//5231 5232//5232 5233//5233
f 5233//5233 5232//5232 5234//5234
f 5233//5233 5234//5234 5235//5235
f 5236//5236 5237//5237 5238//5238
f 5236//5236 5238//5238 5239//5239
f 5240//5240 5241//5241 5242//5242
f 5242//5242 5243//5243 5240//5240
f 5244//5244 5245//5245 5246//5246
f 5244//5244 5246//5246 5247//5247
f 1349//1349 1348//1348 5248//5248
f 5248//5248 1348//1348 5249//5249
f 5250//5250 5251//5251 5246//5246
f 5246//5246 5251//5251 5252//5252
f 5246//5246 5252//5252 5247//5247
f 1338//1338 1337//1337 5253//5253
f 5253//5253 1337//1337 5254//5254
f 5253//5253 5254//5254 5255//5255
f 5255//5255 5254//5254 5256//5256
f 5255//5255 5256//5256 5257//5257
f 5257//5257 5256//5256 5258//5258
f 5257//5257 5258//5258 5259//5259
f 5260//5260 5261//5261 5262//5262
f 5260//5260 5262//5262 5263//5263
f 4956//4956 4955//4955 5264//5264
f 5264//5264 4955//4955 5265//5265
f 5264//5264 5265//5265 5266//5266
f 5266//5266 5265//5265 5267//5267
f 5268//5268 5269//5269 5270//5270
f 5270//5270 5269//5269 5272//5272
f 5271//5271 5273//5273 5274//5274
f 5274//5274 5273//5273 5275//5275
f 5274//5274 5275//5275 5276//5276
f 5276//5276 5275//5275 5277//5277
f 5276//5276 5277//5277 5278//5278
f 5278//5278 5277//5277 5279//5279
f 5280//5280 5281//5281 5282//5282
f 5282//5282 5281//5281 5283//5283
f 5282//5282 5283//5283 1360//1360
f 1359//1359 5284//5284 1357//1357
f 5285//5285 5286//5286 5287//5287
f 5287//5287 5286//5286 5288//5288
f 5289//5289 5291//5291 5293//5293
f 5292//5292 5290//5290 5294//5294
f 5295//5295 5296//5296 5299//5299
f 5298//5298 5297//5297 5300//5300
f 5301//5301 5302//5302 1333//1333
f 1333//1333 5302//5302 1334//1334
f 5286//5286 5285//5285 5303//5303
f 5303//5303 5285//5285 5304//5304
f 5303//5303 5304//5304 5305//5305
f 5305//5305 5304//5304 5306//5306
f 5307//5307 5308//5308 5309//5309
f 5309//5309 5308//5308 5310//5310
f 5309//5309 5310//5310 1345//1345
f 1345//1345 5310//5310 1343//1343
f 5311//5311 5312//5312 5313//5313
f 5313//5313 5312//5312 5314//5314
f 5313//5313 5314//5314 5315//5315
f 5315//5315 5314//5314 5316//5316
f 5317//5317 5319//5319 5321//5321
f 5320//5320 5318//5318 5322//5322
f 5323//5323 5324//5324 2063//2063
f 2063//2063 5324//5324 2062//2062
f 5312//5312 5311//5311 5325//5325
f 5325//5325 5311//5311 5326//5326
f 5327//5327 5329//5329 5331//5331
f 5330//5330 5328//5328 5332//5332
f 5333//5333 5334//5334 5335//5335
f 5335//5335 5334//5334 5336//5336
f 5335//5335 5336//5336 2052//2052
f 2052//2052 5336//5336 2053//2053
f 5337//5337 5338//5338 5339//5339
f 5339//5339 5338//5338 5340//5340
f 5341//5341 5342//5342 5344//5344
f 5345//5345 5343//5343 5346//5346
f 5347//5347 5348//5348 5349//5349
f 5349//5349 5348//5348 5350//5350
f 5349//5349 5350//5350 2051//2051
f 2051//2051 5350//5350 2050//2050
f 5338//5338 5337//5337 5351//5351
f 5351//5351 5337//5337 5352//5352
f 5351//5351 5352//5352 5353//5353
f 5353//5353 5352//5352 5354//5354
f 5355//5355 5356//5356 5357//5357
f 5357//5357 5356//5356 5358//5358
f 5357//5357 5358//5358 2043//2043
f 2042//2042 5359//5359 2044//2044
f 5360//5360 5361//5361 5362//5362
f 5360//5360 5362//5362 5363//5363
f 5363//5363 5362//5362 5364//5364
f 5363//5363 5364//5364 5365//5365
f 5365//5365 5364//5364 5366//5366
f 5365//5365 5366//5366 5367//5367
f 5367//5367 5366//5366 5368//5368
f 5367//5367 5368//5368 5369//5369
f 5369//5369 5368//5368 5370//5370
f 5369//5369 5370//5370 5371//5371
f 5371//5371 5370//5370 1839//1839
f 5371//5371 1839//1839 1838//1838
f 5372//5372 5361//5361 5360//5360
f 5360//5360 5373//5373 5372//5372
f 5372//5372 5373//5373 5374//5374
f 5372//5372 5374//5374 5375//5375
f 5375//5375 5374//5374 5376//5376
f 5375//5375 5376//5376 5377//5377
f 5377//5377 5376//5376 5378//5378
f 5377//5377 5378//5378 5379//5379
f 5379//5379 5378//5378 5380//5380
f 5379//5379 5380//5380 5381//5381
f 5381//5381 5380//5380 1872//1872
f 5381//5381 1872//1872 1874//1874
f 5382//5382 5383//5383 5384//5384
f 5384//5384 5385//5385 5382//5382
f 5382//5382 5385//5385 5386//5386
f 5382//5382 5386//5386 5387//5387
f 5387//5387 5386//5386 5388//5388
f 5387//5387 5388//5388 5389//5389
f 5389//5389 5388//5388 5390//5390
f 5389//5389 5390//5390 5391//5391
f 5391//5391 5390//5390 5392//5392
f 5391//5391 5392//5392 5393//5393
f 5393//5393 5392//5392 1940//1940
f 5393//5393 1940//1940 1942//1942
f 5384//5384 5383//5383 5394//5394
f 5384//5384 5394//5394 5395//5395
f 5395//5395 5394//5394 5396//5396
f 5395//5395 5396//5396 5397//5397
f 5397//5397 5396//5396 5398//5398
f 5397//5397 5398//5398 5399//5399
f 5399//5399 5398//5398 5400//5400
f 5399//5399 5400//5400 5401//5401
f 5401//5401 5400//5400 5402//5402
f 5401//5401 5402//5402 5403//5403
f 5403//5403 5402//5402 1900//1900
f 5403//5403 1900//1900 1899//1899
f 1898//1898 1897//1897 5404//5404
f 1898//1898 5404//5404 5405//5405
f 5405//5405 5404//5404 5406//5406
f 5405//5405 5406//5406 5407//5407
f 5406//5406 5408//5408 5407//5407
f 5407//5407 5408//5408 5409//5409
f 5407//5407 5409//5409 5410//5410
f 5410//5410 5409//5409 5411//5411
f 5410//5410 5411//5411 5412//5412
f 5412//5412 5411//5411 5413//5413
f 5413//5413 5411//5411 5414//5414
f 5413//5413 5414//5414 5415//5415
f 5416//5416 5417//5417 5418//5418
f 5418//5418 5417//5417 5415//5415
f 5418//5418 5415//5415 5414//5414
f 5418//5418 5419//5419 5416//5416
f 5416//5416 5419//5419 5420//5420
f 5416//5416 5420//5420 5421//5421
f 5421//5421 5420//5420 5422//5422
f 5421//5421 5422//5422 5423//5423
f 5423//5423 5422//5422 5424//5424
f 5423//5423 5424//5424 5425//5425
f 5425//5425 5424//5424 4964//4964
f 5425//5425 4964//4964 4963//4963
f 5426//5426 5427//5427 5428//5428
f 5428//5428 5427//5427 5429//5429
f 5428//5428 5429//5429 5430//5430
f 5428//5428 5431//5431 5426//5426
f 5426//5426 5431//5431 5432//5432
f 5426//5426 5432//5432 5433//5433
f 5433//5433 5432//5432 5434//5434
f 5433//5433 5434//5434 5435//5435
f 5435//5435 5434//5434 5436//5436
f 5435//5435 5436//5436 5437//5437
f 5437//5437 5436//5436 1857//1857
f 5437//5437 1857//1857 1856//1856
f 1820//1820 1819//1819 5438//5438
f 1820//1820 5438//5438 5439//5439
f 5439//5439 5438//5438 5440//5440
f 5439//5439 5440//5440 5441//5441
f 5440//5440 5442//5442 5441//5441
f 5441//5441 5442//5442 5443//5443
f 5441//5441 5443//5443 5444//5444
f 5444//5444 5443//5443 5445//5445
f 5444//5444 5445//5445 5446//5446
f 5446//5446 5445//5445 5447//5447
f 5447//5447 5445//5445 5430//5430
f 5447//5447 5430//5430 5429//5429
f 1855//1855 1854//1854 5448//5448
f 1855//1855 5448//5448 5449//5449
f 5449//5449 5448//5448 5450//5450
f 5449//5449 5450//5450 5451//5451
f 5450//5450 5452//5452 5451//5451
f 5451//5451 5452//5452 5453//5453
f 5451//5451 5453//5453 5454//5454
f 5454//5454 5453//5453 5455//5455
f 5454//5454 5455//5455 5456//5456
f 5456//5456 5455//5455 5457//5457
f 5457//5457 5455//5455 5458//5458
f 5457//5457 5458//5458 5459//5459
f 5460//5460 5461//5461 5462//5462
f 5462//5462 5461//5461 5459//5459
f 5462//5462 5459//5459 5458//5458
f 5462//5462 5463//5463 5460//5460
f 5460//5460 5463//5463 5464//5464
f 5460//5460 5464//5464 5465//5465
f 5465//5465 5464//5464 5466//5466
f 5465//5465 5466//5466 5467//5467
f 5467//5467 5466//5466 5468//5468
f 5467//5467 5468//5468 5469//5469
f 5469//5469 5468//5468 1811//1811
f 5469//5469 1811//1811 1810//1810
f 4962//4962 4961//4961 5470//5470
f 4962//4962 5470//5470 5471//5471
f 5471//5471 5470//5470 5472//5472
f 5471//5471 5472//5472 5473//5473
f 5472//5472 5474//5474 5473//5473
f 5473//5473 5474//5474 5475//5475
f 5473//5473 5475//5475 5476//5476
f 5476//5476 5475//5475 5477//5477
f 5476//5476 5477//5477 5478//5478
f 5478//5478 5477//5477 5479//5479
f 5479//5479 5477//5477 5480//5480
f 5479//5479 5480//5480 5481//5481
f 5482//5482 5483//5483 5484//5484
f 5484//5484 5483//5483 5481//5481
f 5484//5484 5481//5481 5480//5480
f 5484//5484 5485//5485 5482//5482
f 5482//5482 5485//5485 5486//5486
f 5482//5482 5486//5486 5487//5487
f 5487//5487 5486//5486 5488//5488
f 5487//5487 5488//5488 5489//5489
f 5489//5489 5488//5488 5490//5490
f 5489//5489 5490//5490 5491//5491
f 5491//5491 5490//5490 1889//1889
f 5491//5491 1889//1889 1888//1888
f 5492//5492 5493//5493 5494//5494
f 5492//5492 5494//5494 5495//5495
f 5495//5495 5494//5494 5496//5496
f 5495//5495 5496//5496 5497//5497
f 5497//5497 5496//5496 5498//5498
f 5497//5497 5498//5498 5499//5499
f 5499//5499 5498//5498 5500//5500
f 5499//5499 5500//5500 5501//5501
f 5501//5501 5500//5500 5502//5502
f 5501//5501 5502//5502 5503//5503
f 5503//5503 5502//5502 1991//1991
f 5503//5503 1991//1991 1990//1990
f 5504//5504 5493//5493 5492//5492
f 5492//5492 5505//5505 5504//5504
f 5504//5504 5505//5505 5506//5506
f 5504//5504 5506//5506 5507//5507
f 5507//5507 5506//5506 5508//5508
f 5507//5507 5508//5508 5509//5509
f 5509//5509 5508//5508 5510//5510
f 5509//5509 5510//5510 5511//5511
f 5511//5511 5510//5510 5512//5512
f 5511//5511 5512//5512 5513//5513
f 5513//5513 5512//5512 1963//1963
f 5513//5513 1963//1963 1962//1962
f 5514//5514 5515//5515 5516//5516
f 5514//5514 5516//5516 5517//5517
f 5517//5517 5516//5516 5518//5518
f 5517//5517 5518//5518 5519//5519
f 5519//5519 5518//5518 5520//5520
f 5519//5519 5520//5520 5521//5521
f 5521//5521 5520//5520 5522//5522
f 5521//5521 5522//5522 5523//5523
f 5523//5523 5522//5522 5524//5524
f 5523//5523 5524//5524 5525//5525
f 5525//5525 5524//5524 2001//2001
f 5525//5525 2001//2001 2000//2000
f 5526//5526 5515//5515 5514//5514
f 5514//5514 5527//5527 5526//5526
f 5526//5526 5527//5527 5528//5528
f 5526//5526 5528//5528 5529//5529
f 5529//5529 5528//5528 5530//5530
f 5529//5529 5530//5530 5531//5531
f 5531//5531 5530//5530 5532//5532
f 5531//5531 5532//5532 5533//5533
f 5533//5533 5532//5532 5534//5534
f 5533//5533 5534//5534 5535//5535
f 5535//5535 5534//5534 2039//2039
f 5535//5535 2039//2039 2041//2041
f 5536//5536 5537//5537 5538//5538
f 5536//5536 5538//5538 5539//5539
f 5539//5539 5538//5538 5540//5540
f 5539//5539 5540//5540 5541//5541
f 5537//5537 5536//5536 5542//5542
f 5542//5542 5536//5536 5543//5543
f 5542//5542 5543//5543 5544//5544
f 5545//5545 5546//5546 5547//5547
f 5547//5547 5546//5546 5548//5548
f 5547//5547 5548//5548 5549//5549
f 5549//5549 5548//5548 5544//5544
f 5549//5549 5544//5544 5550//5550
f 5550//5550 5544//5544 5543//5543
f 5551//5551 5552//5552 5553//5553
f 5553//5553 5552//5552 5554//5554
f 5553//5553 5554//5554 5555//5555
f 5541//5541 5540//5540 5556//5556
f 5556//5556 5540//5540 5557//5557
f 5556//5556 5557//5557 5558//5558
f 5558//5558 5557//5557 5555//5555
f 5558//5558 5555//5555 5559//5559
f 5559//5559 5555//5555 5554//5554
f 5546//5546 5545//5545 5560//5560
f 5560//5560 5545//5545 5561//5561
f 5560//5560 5561//5561 5562//5562
f 5563//5563 5564//5564 5565//5565
f 5565//5565 5564//5564 5566//5566
f 5565//5565 5566//5566 5567//5567
f 5567//5567 5566//5566 5562//5562
f 5567//5567 5562//5562 5568//5568
f 5568//5568 5562//5562 5561//5561
f 5569//5569 5570//5570 5571//5571
f 5571//5571 5570//5570 5572//5572
f 5571//5571 5572//5572 5573//5573
f 5552//5552 5551//5551 5574//5574
f 5574//5574 5551//5551 5573//5573
f 5574//5574 5573//5573 5575//5575
f 5575//5575 5573//5573 5572//5572
f 5564//5564 5563//5563 5569//5569
f 5569//5569 5563//5563 5570//5570
f 5576//5576 5577//5577 5578//5578
f 5576//5576 5578//5578 5579//5579
f 5579//5579 5578//5578 5580//5580
f 5579//5579 5580//5580 5581//5581
f 5577//5577 5576//5576 5582//5582
f 5582//5582 5576//5576 5583//5583
f 5582//5582 5583//5583 5584//5584
f 5585//5585 5586//5586 5587//5587
f 5587//5587 5586//5586 5588//5588
f 5587//5587 5588//5588 5589//5589
f 5589//5589 5588//5588 5584//5584
f 5589//5589 5584//5584 5590//5590
f 5590//5590 5584//5584 5583//5583
f 5591//5591 5592//5592 5593//5593
f 5593//5593 5592//5592 5594//5594
f 5593//5593 5594//5594 5595//5595
f 5581//5581 5580//5580 5596//5596
f 5596//5596 5580//5580 5597//5597
f 5596//5596 5597//5597 5598//5598
f 5598//5598 5597//5597 5595//5595
f 5598//5598 5595//5595 5599//5599
f 5599//5599 5595//5595 5594//5594
f 5586//5586 5585//5585 5600//5600
f 5600//5600 5585//5585 5601//5601
f 5600//5600 5601//5601 5602//5602
f 5603//5603 5604//5604 5605//5605
f 5605//5605 5604//5604 5606//5606
f 5605//5605 5606//5606 5607//5607
f 5607//5607 5606//5606 5602//5602
f 5607//5607 5602//5602 5608//5608
f 5608//5608 5602//5602 5601//5601
f 5609//5609 5610//5610 5611//5611
f 5611//5611 5610//5610 5612//5612
f 5611//5611 5612//5612 5613//5613
f 5592//5592 5591//5591 5614//5614
f 5614//5614 5591//5591 5613//5613
f 5614//5614 5613//5613 5615//5615
f 5615//5615 5613//5613 5612//5612
f 5610//5610 5609//5609 5616//5616
f 5616//5616 5609//5609 5604//5604
f 5616//5616 5604//5604 5603//5603
f 5617//5617 5618//5618 5619//5619
f 5617//5617 5619//5619 5620//5620
f 5620//5620 5619//5619 5621//5621
f 5620//5620 5621//5621 5622//5622
f 5618//5618 5617//5617 5623//5623
f 5623//5623 5617//5617 5624//5624
f 5623//5623 5624//5624 5625//5625
f 5626//5626 5627//5627 5628//5628
f 5628//5628 5627//5627 5629//5629
f 5628//5628 5629//5629 5630//5630
f 5630//5630 5629//5629 5625//5625
f 5630//5630 5625//5625 5631//5631
f 5631//5631 5625//5625 5624//5624
f 5632//5632 5633//5633 5634//5634
f 5634//5634 5633//5633 5635//5635
f 5634//5634 5635//5635 5636//5636
f 5622//5622 5621//5621 5637//5637
f 5637//5637 5621//5621 5638//5638
f 5637//5637 5638//5638 5639//5639
f 5639//5639 5638//5638 5636//5636
f 5639//5639 5636//5636 5640//5640
f 5640//5640 5636//5636 5635//5635
f 5627//5627 5626//5626 5641//5641
f 5641//5641 5626//5626 5642//5642
f 5641//5641 5642//5642 5643//5643
f 5644//5644 5645//5645 5646//5646
f 5646//5646 5645//5645 5643//5643
f 5646//5646 5643//5643 5647//5647
f 5647//5647 5643//5643 5642//5642
f 5648//5648 5649//5649 5650//5650
f 5650//5650 5649//5649 5651//5651
f 5650//5650 5651//5651 5652//5652
f 5633//5633 5632//5632 5653//5653
f 5653//5653 5632//5632 5654//5654
f 5653//5653 5654//5654 5655//5655
f 5655//5655 5654//5654 5652//5652
f 5655//5655 5652//5652 5656//5656
f 5656//5656 5652//5652 5651//5651
f 5645//5645 5644//5644 5648//5648
f 5648//5648 5644//5644 5649//5649
f 5657//5657 5658//5658 5659//5659
f 5659//5659 5658//5658 5663//5663
f 5660//5660 5661//5661 5664//5664
f 5665//5665 5662//5662 5666//5666
f 5665//5665 5666//5666 5667//5667
f 5658//5658 5657//5657 5668//5668
f 5668//5668 5657//5657 5669//5669
f 5668//5668 5669//5669 5670//5670
f 5671//5671 5672//5672 5673//5673
f 5673//5673 5672//5672 5674//5674
f 5673//5673 5674//5674 5675//5675
f 5675//5675 5674//5674 5670//5670
f 5675//5675 5670//5670 5676//5676
f 5676//5676 5670//5670 5669//5669
f 5677//5677 5678//5678 5679//5679
f 5679//5679 5678//5678 5680//5680
f 5679//5679 5680//5680 5681//5681
f 5667//5667 5666//5666 5682//5682
f 5682//5682 5666//5666 5683//5683
f 5682//5682 5683//5683 5684//5684
f 5684//5684 5683//5683 5681//5681
f 5684//5684 5681//5681 5685//5685
f 5685//5685 5681//5681 5680//5680
f 5672//5672 5671//5671 5686//5686
f 5686//5686 5671//5671 5687//5687
f 5686//5686 5687//5687 5688//5688
f 5689//5689 5690//5690 5691//5691
f 5691//5691 5690//5690 5688//5688
f 5691//5691 5688//5688 5692//5692
f 5692//5692 5688//5688 5687//5687
f 5693//5693 5694//5694 5695//5695
f 5695//5695 5694//5694 5696//5696
f 5695//5695 5696//5696 5697//5697
f 5678//5678 5677//5677 5698//5698
f 5698//5698 5677//5677 5699//5699
f 5698//5698 5699//5699 5700//5700
f 5700//5700 5699//5699 5697//5697
f 5700//5700 5697//5697 5701//5701
f 5701//5701 5697//5697 5696//5696
f 5694//5694 5693//5693 5702//5702
f 5694//5694 5702//5702 5703//5703
f 5703//5703 5702//5702 5690//5690
f 5703//5703 5690//5690 5689//5689
f 5704//5704 5705//5705 5706//5706
f 5704//5704 5706//5706 5707//5707
f 5707//5707 5706//5706 5708//5708
f 5707//5707 5708//5708 5709//5709
f 5705//5705 5704//5704 5710//5710
f 5710//5710 5704//5704 5711//5711
f 5710//5710 5711//5711 5712//5712
f 5713//5713 5714//5714 5716//5716
f 5716//5716 5714//5714 5717//5717
f 5716//5716 5717//5717 5718//5718
f 5718//5718 5717//5717 5712//5712
f 5718//5718 5712//5712 5719//5719
f 5719//5719 5712//5712 5711//5711
f 5720//5720 5721//5721 5722//5722
f 5722//5722 5721//5721 5723//5723
f 5722//5722 5723//5723 5724//5724
f 5709//5709 5708//5708 5725//5725
f 5725//5725 5708//5708 5726//5726
f 5725//5725 5726//5726 5727//5727
f 5727//5727 5726//5726 5724//5724
f 5727//5727 5724//5724 5728//5728
f 5728//5728 5724//5724 5723//5723
f 5715//5715 5729//5729 5731//5731
f 5731//5731 5729//5729 5732//5732
f 5730//5730 5733//5733 5734//5734
f 5735//5735 5736//5736 5737//5737
f 5737//5737 5736//5736 5738//5738
f 5737//5737 5738//5738 5739//5739
f 5739//5739 5738//5738 5734//5734
f 5739//5739 5734//5734 5740//5740
f 5740//5740 5734//5734 5733//5733
f 5741//5741 5742//5742 5743//5743
f 5743//5743 5742//5742 5744//5744
f 5743//5743 5744//5744 5745//5745
f 5721//5721 5720//5720 5746//5746
f 5746//5746 5720//5720 5747//5747
f 5746//5746 5747//5747 5748//5748
f 5748//5748 5747//5747 5745//5745
f 5748//5748 5745//5745 5749//5749
f 5749//5749 5745//5745 5744//5744
f 5736//5736 5735//5735 5741//5741
f 5741//5741 5735//5735 5742//5742
f 5750//5750 5751//5751 5752//5752
f 5750//5750 5752//5752 5753//5753
f 5753//5753 5752//5752 5754//5754
f 5753//5753 5754//5754 5755//5755
f 5751//5751 5750//5750 5756//5756
f 5756//5756 5750//5750 5757//5757
f 5756//5756 5757//5757 5758//5758
f 5759//5759 5760//5760 5761//5761
f 5761//5761 5760//5760 5762//5762
f 5761//5761 5762//5762 5763//5763
f 5763//5763 5762//5762 5758//5758
f 5763//5763 5758//5758 5764//5764
f 5764//5764 5758//5758 5757//5757
f 5765//5765 5766//5766 5767//5767
f 5767//5767 5766//5766 5768//5768
f 5767//5767 5768//5768 5769//5769
f 5755//5755 5754//5754 5770//5770
f 5770//5770 5754//5754 5771//5771
f 5770//5770 5771//5771 5772//5772
f 5772//5772 5771//5771 5769//5769
f 5772//5772 5769//5769 5773//5773
f 5773//5773 5769//5769 5768//5768
f 5760//5760 5759//5759 5774//5774
f 5774//5774 5759//5759 5775//5775
f 5774//5774 5775//5775 5776//5776
f 5777//5777 5778//5778 5779//5779
f 5779//5779 5778//5778 5780//5780
f 5779//5779 5780//5780 5781//5781
f 5781//5781 5780//5780 5776//5776
f 5781//5781 5776//5776 5782//5782
f 5782//5782 5776//5776 5775//5775
f 5783//5783 5784//5784 5785//5785
f 5785//5785 5784//5784 5786//5786
f 5785//5785 5786//5786 5787//5787
f 5766//5766 5765//5765 5788//5788
f 5788//5788 5765//5765 5789//5789
f 5788//5788 5789//5789 5790//5790
f 5790//5790 5789//5789 5787//5787
f 5790//5790 5787//5787 5791//5791
f 5791//5791 5787//5787 5786//5786
f 5778//5778 5777//5777 5783//5783
f 5783//5783 5777//5777 5784//5784
f 5792//5792 5793//5793 5795//5795
f 5795//5795 5793//5793 5796//5796
f 5794//5794 5797//5797 5800//5800
f 5799//5799 5798//5798 5801//5801
f 5799//5799 5801//5801 5802//5802
f 5802//5802 5801//5801 5803//5803
f 5803//5803 5801//5801 5804//5804
f 5803//5803 5804//5804 5805//5805
f 5805//5805 5804//5804 5806//5806
f 5805//5805 5806//5806 5807//5807
f 5808//5808 5809//5809 5806//5806
f 5806//5806 5809//5809 5810//5810
f 5806//5806 5810//5810 5807//5807
f 5793//5793 5792//5792 5811//5811
f 5811//5811 5792//5792 5812//5812
f 5811//5811 5812//5812 5813//5813
f 5813//5813 5812//5812 5814//5814
f 5813//5813 5814//5814 5815//5815
f 5815//5815 5814//5814 5816//5816
f 5817//5817 5818//5818 5819//5819
f 5819//5819 5818//5818 5820//5820
f 5819//5819 5820//5820 5816//5816
f 5816//5816 5820//5820 5821//5821
f 5816//5816 5821//5821 5815//5815
f 5822//5822 5823//5823 5824//5824
f 5825//5825 5826//5826 5827//5827
f 5827//5827 5826//5826 5822//5822
f 5827//5827 5822//5822 5828//5828
f 5828//5828 5822//5822 5824//5824
f 5809//5809 5808//5808 5829//5829
f 5829//5829 5808//5808 5830//5830
f 5829//5829 5830//5830 5823//5823
f 5823//5823 5830//5830 5831//5831
f 5823//5823 5831//5831 5824//5824
f 5818//5818 5817//5817 5832//5832
f 5832//5832 5817//5817 5833//5833
f 5832//5832 5833//5833 5834//5834
f 5834//5834 5833//5833 5835//5835
f 5834//5834 5835//5835 5836//5836
f 5836//5836 5835//5835 5837//5837
f 5838//5838 5839//5839 5840//5840
f 5840//5840 5839//5839 5841//5841
f 5840//5840 5841//5841 5837//5837
f 5837//5837 5841//5841 5842//5842
f 5837//5837 5842//5842 5836//5836
f 5826//5826 5825//5825 5843//5843
f 5843//5843 5825//5825 5844//5844
f 5843//5843 5844//5844 5845//5845
f 5845//5845 5844//5844 5846//5846
f 5845//5845 5846//5846 5847//5847
f 5847//5847 5846//5846 5848//5848
f 5847//5847 5848//5848 5849//5849
f 5849//5849 5848//5848 5850//5850
f 5849//5849 5850//5850 5851//5851
f 5851//5851 5850//5850 5852//5852
f 5853//5853 5854//5854 5856//5856
f 5851//5851 5852//5852 5857//5857
f 5857//5857 5852//5852 5858//5858
f 5856//5856 5854//5854 5859//5859
f 5858//5858 5855//5855 5860//5860
f 5858//5858 5860//5860 5857//5857
f 5853//5853 5856//5856 5861//5861
f 5861//5861 5856//5856 5862//5862
f 5861//5861 5862//5862 5863//5863
f 5863//5863 5862//5862 5864//5864
f 5863//5863 5864//5864 5865//5865
f 5865//5865 5864//5864 5839//5839
f 5865//5865 5839//5839 5838//5838
f 5866//5866 5867//5867 5868//5868
f 5868//5868 5867//5867 5869//5869
f 5868//5868 5869//5869 5870//5870
f 5870//5870 5869//5869 5871//5871
f 5871//5871 5869//5869 5872//5872
f 5871//5871 5872//5872 5873//5873
f 5873//5873 5872//5872 5874//5874
f 5873//5873 5874//5874 5875//5875
f 5876//5876 5877//5877 5874//5874
f 5874//5874 5877//5877 5878//5878
f 5874//5874 5878//5878 5875//5875
f 5867//5867 5866//5866 5879//5879
f 5879//5879 5866//5866 5880//5880
f 5879//5879 5880//5880 5881//5881
f 5881//5881 5880//5880 5882//5882
f 5881//5881 5882//5882 5883//5883
f 5883//5883 5882//5882 5884//5884
f 5885//5885 5886//5886 5887//5887
f 5887//5887 5886//5886 5888//5888
f 5887//5887 5888//5888 5884//5884
f 5884//5884 5888//5888 5889//5889
f 5884//5884 5889//5889 5883//5883
f 5890//5890 5891//5891 5892//5892
f 5893//5893 5894//5894 5895//5895
f 5895//5895 5894//5894 5897//5897
f 5896//5896 5890//5890 5898//5898
f 5898//5898 5890//5890 5892//5892
f 5877//5877 5876//5876 5899//5899
f 5899//5899 5876//5876 5900//5900
f 5899//5899 5900//5900 5891//5891
f 5891//5891 5900//5900 5901//5901
f 5891//5891 5901//5901 5892//5892
f 5886//5886 5885//5885 5902//5902
f 5902//5902 5885//5885 5903//5903
f 5902//5902 5903//5903 5904//5904
f 5904//5904 5903//5903 5905//5905
f 5904//5904 5905//5905 5906//5906
f 5906//5906 5905//5905 5907//5907
f 5908//5908 5910//5910 5911//5911
f 5911//5911 5910//5910 5912//5912
f 5911//5911 5912//5912 5907//5907
f 5907//5907 5912//5912 5913//5913
f 5907//5907 5913//5913 5906//5906
f 5914//5914 5915//5915 5916//5916
f 5917//5917 5919//5919 5920//5920
f 5920//5920 5919//5919 5921//5921
f 5920//5920 5921//5921 5922//5922
f 5922//5922 5921//5921 5914//5914
f 5922//5922 5914//5914 5923//5923
f 5923//5923 5914//5914 5916//5916
f 5894//5894 5893//5893 5924//5924
f 5924//5924 5893//5893 5925//5925
f 5924//5924 5925//5925 5915//5915
f 5915//5915 5925//5925 5926//5926
f 5915//5915 5926//5926 5916//5916
f 5910//5910 5908//5908 5927//5927
f 5909//5909 5928//5928 5929//5929
f 5928//5928 5930//5930 5929//5929
f 5929//5929 5930//5930 5931//5931
f 5929//5929 5931//5931 5932//5932
f 5932//5932 5931//5931 5933//5933
f 5932//5932 5933//5933 5934//5934
f 5933//5933 5935//5935 5934//5934
f 5934//5934 5935//5935 5936//5936
f 5934//5934 5936//5936 5937//5937
f 5937//5937 5936//5936 5938//5938
f 5938//5938 5936//5936 5939//5939
f 5938//5938 5939//5939 5918//5918
f 5940//5940 5941//5941 5942//5942
f 5942//5942 5941//5941 5943//5943
f 5942//5942 5943//5943 5944//5944
f 5944//5944 5943//5943 5945//5945
f 5945//5945 5943//5943 5946//5946
f 5945//5945 5946//5946 5947//5947
f 5941//5941 5940//5940 5948//5948
f 5948//5948 5940//5940 5949//5949
f 5948//5948 5949//5949 5950//5950
f 5950//5950 5949//5949 5951//5951
f 5950//5950 5951//5951 5952//5952
f 5952//5952 5951//5951 5953//5953
f 5954//5954 5955//5955 5956//5956
f 5956//5956 5955//5955 5957//5957
f 5956//5956 5957//5957 5953//5953
f 5953//5953 5957//5957 5958//5958
f 5953//5953 5958//5958 5952//5952
f 5959//5959 5960//5960 5961//5961
f 5961//5961 5960//5960 5962//5962
f 5961//5961 5962//5962 5963//5963
f 5963//5963 5962//5962 5965//5965
f 5964//5964 5966//5966 5967//5967
f 5967//5967 5966//5966 5968//5968
f 5947//5947 5946//5946 5969//5969
f 5969//5969 5946//5946 5970//5970
f 5969//5969 5970//5970 5971//5971
f 5971//5971 5970//5970 5972//5972
f 5968//5968 5973//5973 5967//5967
f 5955//5955 5954//5954 5974//5974
f 5974//5974 5954//5954 5976//5976
f 5975//5975 5977//5977 5978//5978
f 5978//5978 5977//5977 5980//5980
f 5979//5979 5981//5981 5982//5982
f 5982//5982 5981//5981 5983//5983
f 5984//5984 5985//5985 5986//5986
f 5986//5986 5985//5985 5987//5987
f 5986//5986 5987//5987 5983//5983
f 5983//5983 5987//5987 5988//5988
f 5983//5983 5988//5988 5982//5982
f 5989//5989 5990//5990 5991//5991
f 5991//5991 5990//5990 5992//5992
f 5991//5991 5992//5992 5993//5993
f 5993//5993 5992//5992 5995//5995
f 5994//5994 5996//5996 5997//5997
f 5997//5997 5996//5996 5998//5998
f 5960//5960 5959//5959 5999//5999
f 5999//5999 5959//5959 6000//6000
f 5999//5999 6000//6000 5998//5998
f 5998//5998 6000//6000 6001//6001
f 5998//5998 6001//6001 5997//5997
f 5990//5990 5989//5989 6002//6002
f 6002//6002 5989//5989 6003//6003
f 6002//6002 6003//6003 6004//6004
f 6004//6004 6003//6003 6005//6005
f 6005//6005 6003//6003 5985//5985
f 6005//6005 5985//5985 5984//5984
f 6006//6006 6007//6007 6008//6008
f 6008//6008 6007//6007 6009//6009
f 6008//6008 6009//6009 6010//6010
f 6010//6010 6009//6009 6011//6011
f 6011//6011 6009//6009 6012//6012
f 6011//6011 6012//6012 6013//6013
f 6007//6007 6006//6006 6014//6014
f 6014//6014 6006//6006 6015//6015
f 6014//6014 6015//6015 6016//6016
f 6016//6016 6015//6015 6017//6017
f 6016//6016 6017//6017 6018//6018
f 6018//6018 6017//6017 6019//6019
f 6020//6020 6021//6021 6022//6022
f 6022//6022 6021//6021 6023//6023
f 6022//6022 6023//6023 6019//6019
f 6019//6019 6023//6023 6024//6024
f 6019//6019 6024//6024 6018//6018
f 6025//6025 6026//6026 6027//6027
f 6027//6027 6026//6026 6028//6028
f 6027//6027 6028//6028 6029//6029
f 6029//6029 6028//6028 6030//6030
f 6029//6029 6030//6030 6031//6031
f 6031//6031 6030//6030 6032//6032
f 6013//6013 6012//6012 6033//6033
f 6033//6033 6012//6012 6034//6034
f 6033//6033 6034//6034 6032//6032
f 6032//6032 6034//6034 6035//6035
f 6032//6032 6035//6035 6031//6031
f 6021//6021 6020//6020 6036//6036
f 6036//6036 6020//6020 6037//6037
f 6036//6036 6037//6037 6038//6038
f 6038//6038 6037//6037 6040//6040
f 6039//6039 6041//6041 6042//6042
f 6042//6042 6041//6041 6043//6043
f 6044//6044 6045//6045 6046//6046
f 6046//6046 6045//6045 6047//6047
f 6046//6046 6047//6047 6048//6048
f 6048//6048 6047//6047 6050//6050
f 6043//6043 6049//6049 6042//6042
f 6051//6051 6053//6053 6054//6054
f 6054//6054 6053//6053 6055//6055
f 6054//6054 6055//6055 6056//6056
f 6056//6056 6055//6055 6057//6057
f 6056//6056 6057//6057 6058//6058
f 6058//6058 6057//6057 6059//6059
f 6026//6026 6025//6025 6060//6060
f 6060//6060 6025//6025 6061//6061
f 6060//6060 6061//6061 6059//6059
f 6059//6059 6061//6061 6062//6062
f 6059//6059 6062//6062 6058//6058
f 6063//6063 6052//6052 6064//6064
f 6064//6064 6052//6052 6065//6065
f 6064//6064 6065//6065 6066//6066
f 6066//6066 6065//6065 6067//6067
f 6067//6067 6065//6065 6045//6045
f 6067//6067 6045//6045 6044//6044
f 6068//6068 6070//6070 6071//6071
f 6071//6071 6070//6070 6072//6072
f 6071//6071 6072//6072 6073//6073
f 6073//6073 6072//6072 6074//6074
f 6073//6073 6074//6074 6075//6075
f 6075//6075 6074//6074 6076//6076
f 6075//6075 6076//6076 6078//6078
f 6078//6078 6076//6076 6081//6081
f 6077//6077 6079//6079 6082//6082
f 6083//6083 6080//6080 6084//6084
f 6083//6083 6084//6084 6085//6085
f 6085//6085 6084//6084 6086//6086
f 6085//6085 6086//6086 6087//6087
f 6088//6088 6089//6089 6090//6090
f 6069//6069 6091//6091 6092//6092
f 6092//6092 6091//6091 6094//6094
f 6093//6093 6095//6095 6096//6096
f 6096//6096 6095//6095 6097//6097
f 6090//6090 6098//6098 6088//6088
f 6088//6088 6098//6098 6099//6099
f 6088//6088 6099//6099 6097//6097
f 6097//6097 6099//6099 6100//6100
f 6097//6097 6100//6100 6096//6096
f 6101//6101 6102//6102 6103//6103
f 6103//6103 6102//6102 6104//6104
f 6103//6103 6104//6104 6105//6105
f 6105//6105 6104//6104 6106//6106
f 6105//6105 6106//6106 6107//6107
f 6107//6107 6106//6106 6108//6108
f 6087//6087 6086//6086 6109//6109
f 6109//6109 6086//6086 6110//6110
f 6109//6109 6110//6110 6108//6108
f 6108//6108 6110//6110 6111//6111
f 6108//6108 6111//6111 6107//6107
f 6090//6090 6089//6089 6112//6112
f 6112//6112 6089//6089 6113//6113
f 6112//6112 6113//6113 6114//6114
f 6114//6114 6113//6113 6115//6115
f 6116//6116 6117//6117 6115//6115
f 6115//6115 6117//6117 6118//6118
f 6115//6115 6118//6118 6114//6114
f 6119//6119 6120//6120 6121//6121
f 6121//6121 6120//6120 6122//6122
f 6121//6121 6122//6122 6116//6116
f 6116//6116 6122//6122 6123//6123
f 6116//6116 6123//6123 6117//6117
f 6124//6124 6125//6125 6126//6126
f 6126//6126 6125//6125 6127//6127
f 6126//6126 6127//6127 6128//6128
f 6128//6128 6127//6127 6129//6129
f 6128//6128 6129//6129 6130//6130
f 6130//6130 6129//6129 6131//6131
f 6102//6102 6101//6101 6132//6132
f 6132//6132 6101//6101 6133//6133
f 6132//6132 6133//6133 6131//6131
f 6131//6131 6133//6133 6134//6134
f 6131//6131 6134//6134 6130//6130
f 6125//6125 6124//6124 6135//6135
f 6135//6135 6124//6124 6136//6136
f 6135//6135 6136//6136 6137//6137
f 6137//6137 6136//6136 6138//6138
f 6137//6137 6138//6138 6139//6139
f 6139//6139 6138//6138 6140//6140
f 6140//6140 6138//6138 6141//6141
f 6140//6140 6141//6141 6142//6142
f 6142//6142 6141//6141 6143//6143
f 6142//6142 6143//6143 6144//6144
f 6144//6144 6143//6143 6145//6145
f 6145//6145 6143//6143 6120//6120
f 6145//6145 6120//6120 6119//6119
f 6146//6146 6147//6147 6149//6149
f 6149//6149 6147//6147 6150//6150
f 6151//6151 6154//6154 6156//6156
f 6155//6155 6153//6153 6159//6159
f 6157//6157 6158//6158 6160//6160
f 6162//6162 6163//6163 6164//6164
f 6161//6161 6165//6165 6167//6167
f 6167//6167 6165//6165 6168//6168
f 6166//6166 6169//6169 6146//6146
f 6146//6146 6169//6169 6170//6170
f 6146//6146 6170//6170 6147//6147
f 6171//6171 6172//6172 6173//6173
f 6148//6148 6174//6174 6175//6175
f 6175//6175 6174//6174 6176//6176
f 6175//6175 6176//6176 6177//6177
f 6177//6177 6176//6176 6178//6178
f 6173//6173 6179//6179 6171//6171
f 6171//6171 6179//6179 6180//6180
f 6171//6171 6180//6180 6178//6178
f 6178//6178 6180//6180 6181//6181
f 6178//6178 6181//6181 6177//6177
f 6182//6182 6183//6183 6184//6184
f 6184//6184 6183//6183 6185//6185
f 6184//6184 6185//6185 6186//6186
f 6186//6186 6185//6185 6187//6187
f 6186//6186 6187//6187 6188//6188
f 6188//6188 6187//6187 6189//6189
f 6190//6190 6152//6152 6191//6191
f 6191//6191 6152//6152 6192//6192
f 6191//6191 6192//6192 6189//6189
f 6189//6189 6192//6192 6193//6193
f 6189//6189 6193//6193 6188//6188
f 6173//6173 6172//6172 6194//6194
f 6194//6194 6172//6172 6195//6195
f 6194//6194 6195//6195 6196//6196
f 6196//6196 6195//6195 6197//6197
f 6198//6198 6199//6199 6197//6197
f 6197//6197 6199//6199 6200//6200
f 6197//6197 6200//6200 6196//6196
f 6201//6201 6202//6202 6203//6203
f 6203//6203 6202//6202 6204//6204
f 6203//6203 6204//6204 6198//6198
f 6198//6198 6204//6204 6205//6205
f 6198//6198 6205//6205 6199//6199
f 6206//6206 6207//6207 6208//6208
f 6208//6208 6207//6207 6209//6209
f 6208//6208 6209//6209 6210//6210
f 6210//6210 6209//6209 6211//6211
f 6210//6210 6211//6211 6212//6212
f 6212//6212 6211//6211 6213//6213
f 6183//6183 6182//6182 6214//6214
f 6214//6214 6182//6182 6215//6215
f 6214//6214 6215//6215 6213//6213
f 6213//6213 6215//6215 6216//6216
f 6213//6213 6216//6216 6212//6212
f 6217//6217 6218//6218 6220//6220
f 6218//6218 6217//6217 6221//6221
f 6221//6221 6217//6217 6207//6207
f 6221//6221 6207//6207 6206//6206
f 6222//6222 6223//6223 6224//6224
f 6224//6224 6223//6223 6225//6225
f 6224//6224 6225//6225 6219//6219
f 6219//6219 6225//6225 6226//6226
f 6219//6219 6226//6226 6227//6227
f 6222//6222 6224//6224 6228//6228
f 6228//6228 6224//6224 6202//6202
f 6228//6228 6202//6202 6201//6201
f 6229//6229 6230//6230 6231//6231
f 6229//6229 6231//6231 6232//6232
f 6232//6232 6231//6231 6233//6233
f 6232//6232 6233//6233 6234//6234
f 6234//6234 6233//6233 6235//6235
f 6234//6234 6235//6235 6236//6236
f 6238//6238 6239//6239 6235//6235
f 6235//6235 6239//6239 6240//6240
f 6235//6235 6240//6240 6236//6236
f 6230//6230 6229//6229 6241//6241
f 6241//6241 6229//6229 6242//6242
f 6241//6241 6242//6242 6243//6243
f 6244//6244 6245//6245 6246//6246
f 6244//6244 6246//6246 6247//6247
f 6247//6247 6246//6246 6243//6243
f 6247//6247 6243//6243 6242//6242
f 6248//6248 6249//6249 6250//6250
f 6250//6250 6249//6249 6253//6253
f 6251//6251 6252//6252 6255//6255
f 6256//6256 6254//6254 6245//6245
f 6256//6256 6245//6245 6244//6244
f 6257//6257 6258//6258 6259//6259
f 6259//6259 6258//6258 6260//6260
f 6259//6259 6260//6260 6248//6248
f 6248//6248 6260//6260 6249//6249
f 6261//6261 6262//6262 6257//6257
f 6257//6257 6262//6262 6263//6263
f 6257//6257 6263//6263 6258//6258
f 6264//6264 6265//6265 6266//6266
f 6266//6266 6265//6265 6267//6267
f 6266//6266 6267//6267 6261//6261
f 6261//6261 6267//6267 6262//6262
f 6265//6265 6264//6264 6268//6268
f 6268//6268 6264//6264 6269//6269
f 6268//6268 6269//6269 6270//6270
f 6270//6270 6269//6269 6271//6271
f 6270//6270 6271//6271 6272//6272
f 6273//6273 6274//6274 6275//6275
f 6273//6273 6275//6275 6276//6276
f 6277//6277 6278//6278 6270//6270
f 6277//6277 6270//6270 6272//6272
f 6274//6274 6273//6273 6279//6279
f 6279//6279 6273//6273 6280//6280
f 6279//6279 6280//6280 6281//6281
f 6282//6282 6283//6283 6284//6284
f 6282//6282 6284//6284 6285//6285
f 6285//6285 6284//6284 6286//6286
f 6285//6285 6286//6286 6287//6287
f 6287//6287 6286//6286 6288//6288
f 6287//6287 6288//6288 6289//6289
f 6289//6289 6288//6288 6290//6290
f 6290//6290 6288//6288 6281//6281
f 6290//6290 6281//6281 6280//6280
f 6291//6291 6283//6283 6282//6282
f 6293//6293 6296//6296 6299//6299
f 6298//6298 6294//6294 6302//6302
f 6300//6300 6301//6301 6305//6305
f 6304//6304 6303//6303 6306//6306
f 6291//6291 6282//6282 6237//6237
f 6307//6307 6308//6308 6310//6310
f 6312//6312 6309//6309 6297//6297
f 6311//6311 6295//6295 6282//6282
f 6282//6282 6295//6295 6292//6292
f 6282//6282 6292//6292 6237//6237
f 6313//6313 6314//6314 6315//6315
f 6316//6316 6317//6317 6318//6318
f 6319//6319 6320//6320 6318//6318
f 6318//6318 6320//6320 6321//6321
f 6318//6318 6321//6321 6316//6316
f 6322//6322 6323//6323 6324//6324
f 6324//6324 6323//6323 6325//6325
f 6324//6324 6325//6325 6327//6327
f 6328//6328 6326//6326 6329//6329
f 6328//6328 6329//6329 6330//6330
f 6331//6331 6332//6332 6333//6333
f 6330//6330 6334//6334 6335//6335
f 6335//6335 6334//6334 6337//6337
f 6336//6336 6331//6331 6338//6338
f 6338//6338 6331//6331 6333//6333
f 6339//6339 6341//6341 6342//6342
f 6335//6335 6340//6340 6318//6318
f 6335//6335 6318//6318 6330//6330
f 6330//6330 6318//6318 6317//6317
f 6330//6330 6317//6317 6328//6328
f 6343//6343 6344//6344 6345//6345
f 6344//6344 6346//6346 6345//6345
f 6345//6345 6346//6346 6347//6347
f 6345//6345 6347//6347 6348//6348
f 6348//6348 6347//6347 6349//6349
f 6348//6348 6349//6349 6350//6350
f 6351//6351 6352//6352 6353//6353
f 6353//6353 6352//6352 6354//6354
f 6353//6353 6354//6354 6345//6345
f 6345//6345 6354//6354 6341//6341
f 6345//6345 6341//6341 6343//6343
f 6343//6343 6341//6341 6339//6339
f 6355//6355 6356//6356 6357//6357
f 6357//6357 6356//6356 6358//6358
f 6359//6359 6361//6361 6363//6363
f 6362//6362 6360//6360 6364//6364
f 6365//6365 6366//6366 6368//6368
f 6369//6369 6367//6367 6370//6370
f 6371//6371 6372//6372 6373//6373
f 6373//6373 6372//6372 6374//6374
f 6373//6373 6374//6374 6375//6375
f 6376//6376 6377//6377 6378//6378
f 6379//6379 6380//6380 6381//6381
f 6382//6382 6383//6383 6384//6384
f 6376//6376 6385//6385 6377//6377
f 6377//6377 6385//6385 6386//6386
f 6377//6377 6386//6386 6387//6387
f 6375//6375 6374//6374 6388//6388
f 6388//6388 6374//6374 6389//6389
f 6388//6388 6389//6389 6390//6390
f 6387//6387 6391//6391 6377//6377
f 6392//6392 6390//6390 6389//6389
f 6392//6392 6389//6389 6393//6393
f 6393//6393 6389//6389 6394//6394
f 6393//6393 6394//6394 6395//6395
f 6395//6395 6394//6394 6396//6396
f 6397//6397 6398//6398 6399//6399
f 6399//6399 6398//6398 6400//6400
f 6401//6401 6403//6403 6404//6404
f 6405//6405 6402//6402 6406//6406
f 6407//6407 6409//6409 6411//6411
f 6410//6410 6408//6408 6412//6412
f 6415//6415 6323//6323 6322//6322
f 6416//6416 6356//6356 6355//6355
f 6322//6322 6420//6420 6415//6415
f 6414//6414 6421//6421 6417//6417
f 6413//6413 6419//6419 6422//6422
f 6423//6423 6418//6418 6424//6424
f 6425//6425 6320//6320 6319//6319
f 6398//6398 6397//6397 6319//6319
f 6319//6319 6397//6397 6426//6426
f 6319//6319 6426//6426 6425//6425
f 6372//6372 6371//6371 6427//6427
f 6427//6427 6428//6428 6372//6372
f 6372//6372 6428//6428 6429//6429
f 6372//6372 6429//6429 6431//6431
f 6432//6432 6430//6430 6435//6435
f 6433//6433 6434//6434 6439//6439
f 6437//6437 6436//6436 6441//6441
f 6438//6438 6440//6440 6332//6332
f 6332//6332 6440//6440 6442//6442
f 6332//6332 6442//6442 6333//6333
f 6443//6443 6444//6444 6445//6445
f 6443//6443 6445//6445 6446//6446
f 6446//6446 6445//6445 6447//6447
f 6446//6446 6447//6447 6448//6448
f 6449//6449 6450//6450 6451//6451
f 6451//6451 6450//6450 6452//6452
f 6451//6451 6452//6452 6453//6453
f 6453//6453 6452//6452 6454//6454
f 6444//6444 6443//6443 6455//6455
f 6455//6455 6443//6443 6456//6456
f 6455//6455 6456//6456 6449//6449
f 6449//6449 6456//6456 6457//6457
f 6449//6449 6457//6457 6450//6450
f 6458//6458 6460//6460 6461//6461
f 6461//6461 6460//6460 6462//6462
f 6461//6461 6462//6462 6447//6447
f 6447//6447 6462//6462 6448//6448
f 6463//6463 6464//6464 6465//6465
f 6465//6465 6464//6464 6466//6466
f 6465//6465 6466//6466 6459//6459
f 6459//6459 6466//6466 6467//6467
f 6459//6459 6467//6467 6468//6468
f 6469//6469 6470//6470 6471//6471
f 6469//6469 6471//6471 6472//6472
f 6472//6472 6471//6471 6453//6453
f 6472//6472 6453//6453 6454//6454
f 6464//6464 6463//6463 6473//6473
f 6464//6464 6473//6473 6474//6474
f 6474//6474 6473//6473 6475//6475
f 6474//6474 6475//6475 6476//6476
f 6477//6477 6470//6470 6469//6469
f 6478//6478 6479//6479 6480//6480
f 6480//6480 6479//6479 6477//6477
f 6480//6480 6477//6477 6481//6481
f 6481//6481 6477//6477 6469//6469
f 6482//6482 6483//6483 6484//6484
f 6476//6476 6475//6475 6485//6485
f 6485//6485 6475//6475 6482//6482
f 6485//6485 6482//6482 6486//6486
f 6486//6486 6482//6482 6484//6484
f 6487//6487 6488//6488 6489//6489
f 6487//6487 6489//6489 6490//6490
f 6490//6490 6489//6489 6479//6479
f 6490//6490 6479//6479 6478//6478
f 6484//6484 6483//6483 6491//6491
f 6484//6484 6491//6491 6492//6492
f 6492//6492 6491//6491 6493//6493
f 6492//6492 6493//6493 6494//6494
f 6495//6495 6488//6488 6487//6487
f 6496//6496 6497//6497 6498//6498
f 6498//6498 6497//6497 6495//6495
f 6498//6498 6495//6495 6499//6499
f 6499//6499 6495//6495 6487//6487
f 6500//6500 6501//6501 6502//6502
f 6494//6494 6493//6493 6503//6503
f 6504//6504 6505//6505 6500//6500
f 6504//6504 6500//6500 6506//6506
f 6506//6506 6500//6500 6502//6502
f 6502//6502 6501//6501 6507//6507
f 6502//6502 6507//6507 6508//6508
f 6508//6508 6507//6507 6497//6497
f 6508//6508 6497//6497 6496//6496

