mtllib material.mtl
usemtl Material-塑胶__2__035-material
v -0.03005000 0.01100000 0.03700000
v -0.03005000 0.01100000 0.04200000
v -0.02901800 0.01348900 0.04200000
v -0.03151600 0.00554100 0.01500000
v -0.03110700 0.00750500 0.03700000
v -0.03091600 0.00826000 0.01500000
v -0.03091600 0.00826000 0.03700000
v -0.03008100 0.01091500 0.01500000
v -0.02901800 0.01348900 0.01500000
v -0.02773600 0.01596000 0.01500000
v -0.02901800 -0.01348900 0.01500000
v -0.03005000 -0.01100000 0.03700000
v -0.02984700 -0.01153800 0.01500000
v -0.03005000 -0.01100000 0.03700000
v -0.03091600 -0.00826000 0.03700000
v -0.03103700 -0.00779000 0.01500000
v -0.03110700 -0.00750500 0.03700000
v -0.03175800 -0.00392500 0.01500000
v -0.03177600 -0.00377900 0.03700000
v -0.03187900 -0.00278100 0.01500000
v -0.03187900 -0.00278100 0.03700000
v -0.03200000 -0.00000000 0.01500000
v -0.03200000 -0.00000000 0.03700000
v -0.03187900 0.00278100 0.01500000
v -0.03187900 0.00278100 0.03700000
v -0.03177600 0.00377900 0.03700000
v -0.01842400 0.02616400 0.04200000
v -0.01842400 0.02616400 0.01500000
v -0.02147100 0.02372700 0.04200000
v -0.01842400 0.02616400 0.01500000
v -0.02062900 0.02446300 0.01500000
v -0.02267700 0.02257800 0.04200000
v -0.02267700 0.02257800 0.01500000
v -0.02419900 0.02093800 0.04200000
v -0.02455300 0.02052200 0.01500000
v -0.02624400 0.01831000 0.04200000
v -0.02624400 0.01831000 0.01500000
v -0.02656700 0.01783700 0.04200000
v -0.02854100 0.01447100 0.04200000
v -0.01842400 -0.02616400 0.01500000
v -0.01842400 -0.02616400 0.04200000
v -0.02086000 -0.02426600 0.01500000
v -0.02062900 -0.02446300 0.04200000
v -0.02267700 -0.02257800 0.01500000
v -0.02267700 -0.02257800 0.04200000
v -0.02367900 -0.02152400 0.01500000
v -0.02455300 -0.02052200 0.04200000
v -0.02614000 -0.01845800 0.01500000
v -0.02624400 -0.01831000 0.04200000
v -0.02820700 -0.01511200 0.01500000
v -0.02773600 -0.01596000 0.04200000
v -0.02901800 -0.01348900 0.04200000
v -0.03005000 -0.01100000 0.04200000
v -0.02745100 -0.02320900 0.01300000
v -0.02745100 -0.02320900 0.01300000
v -0.02484400 -0.02598000 0.01300000
v -0.02484400 -0.02598000 0.01300000
v -0.03400000 -0.00946400 0.01300000
v -0.03400000 -0.00946400 0.01300000
v -0.03400000 -0.00946400 0.01300000
v -0.03400000 -0.00946400 0.01300000
v -0.03400000 -0.00946400 0.01300000
v -0.02484400 0.02598000 0.01300000
v -0.02484400 0.02598000 0.01300000
v -0.02745100 0.02320900 0.01300000
v -0.02745100 0.02320900 0.01300000
v -0.03400000 0.00946400 0.01300000
v -0.03400000 0.00946400 0.01300000
v -0.03400000 0.00946400 0.01300000
v -0.02813600 0.02268600 0.01300000
v -0.02813600 0.02268600 0.01300000
v -0.02813600 0.02268600 0.01300000
v -0.03600000 0.01000000 0.01300000
v -0.03600000 0.01000000 0.01300000
v -0.02897800 0.02250000 0.01300000
v -0.02897800 0.02250000 0.01300000
v -0.03800000 0.00946400 0.01300000
v -0.06470300 0.02250000 0.01300000
v -0.03946400 0.00800000 0.01300000
v -0.03196100 0.01159800 0.01300000
v -0.03400000 0.00946400 0.01300000
v -0.03284800 0.00877600 0.01300000
v -0.03291000 0.00854000 0.01300000
v -0.02216400 -0.02578300 0.01300000
v -0.02515900 -0.02287000 0.01300000
v -0.03800000 -0.00946400 0.01300000
v -0.06470300 -0.02250000 0.01300000
v -0.03600000 -0.01000000 0.01300000
v -0.03600000 -0.01000000 0.01300000
v -0.02897800 -0.02250000 0.01300000
v -0.02897800 -0.02250000 0.01300000
v -0.02897800 -0.02250000 0.01300000
v -0.02813600 -0.02268600 0.01300000
v -0.02813600 -0.02268600 0.01300000
v -0.02777400 -0.01961100 0.01300000
v -0.02997000 -0.01605700 0.01300000
v -0.03171300 -0.01226000 0.01300000
v -0.03291000 -0.00854000 0.01300000
v -0.03083200 0.01433200 0.01300000
v -0.02946900 0.01695700 0.01300000
v -0.02788400 0.01945400 0.01300000
v -0.02608800 0.02180400 0.01300000
v -0.01900000 0.02819600 0.01300000
v -0.01900000 0.03051500 0.01300000
v -0.01957600 0.02779900 0.01300000
v -0.02060400 0.02945600 0.01300000
v -0.02191800 0.02599200 0.01300000
v -0.02409400 0.02398900 0.01300000
v -0.03946400 -0.00800000 0.01300000
v -0.03946400 -0.00800000 0.01300000
v -0.06470300 -0.02250000 0.01300000
v -0.04000000 -0.00600000 0.01300000
v -0.04000000 0.00600000 0.01300000
v -0.01900000 -0.02819600 0.01300000
v -0.02060400 -0.02945600 0.01300000
v -0.01900000 -0.03051500 0.01300000
v -0.01876600 -0.02735500 0.01317900
v -0.01860000 -0.02677200 0.01357300
v -0.02124200 -0.02471000 0.01358600
v -0.01842600 -0.02617100 0.01483000
v -0.01847400 -0.02633400 0.01419900
v -0.01857100 -0.02666900 0.01367900
v -0.02095900 -0.02438200 0.01423500
v -0.02379200 -0.02162700 0.01423500
v -0.02626500 -0.01854500 0.01423500
v -0.02834100 -0.01518400 0.01423500
v -0.02834100 -0.01518400 0.01423500
v -0.02998900 -0.01159300 0.01423500
v -0.02998900 -0.01159300 0.01423500
v -0.03118500 -0.00782800 0.01423500
v -0.03190900 -0.00394300 0.01423500
v -0.03200000 -0.00003500 0.01499100
v -0.03200000 -0.00392300 0.01405100
v -0.03200000 -0.00600000 0.01361400
v -0.03118500 -0.00782800 0.01423500
v -0.03160500 -0.00793300 0.01358600
v -0.03039400 -0.01175000 0.01358600
v -0.02872300 -0.01538900 0.01358600
v -0.02661900 -0.01879600 0.01358600
v -0.02411200 -0.02191900 0.01358600
v -0.03213600 -0.00703500 0.01333200
v -0.03213600 -0.00703500 0.01333200
v -0.03223500 -0.00809100 0.01315200
v -0.03223500 -0.00809100 0.01315200
v -0.03039400 -0.01175000 0.01358600
v -0.03099900 -0.01198400 0.01315200
v -0.02929500 -0.01569500 0.01315200
v -0.02714900 -0.01917000 0.01315200
v -0.02411200 -0.02191900 0.01358600
v -0.02459300 -0.02235500 0.01315200
v -0.02166500 -0.02520300 0.01315200
v -0.01879600 -0.02746200 0.01313400
v -0.03253600 -0.00800000 0.01306200
v -0.03223500 -0.00809100 0.01315200
v -0.03099900 -0.01198400 0.01315200
v -0.02929500 -0.01569500 0.01315200
v -0.02714900 -0.01917000 0.01315200
v -0.02459300 -0.02235500 0.01315200
v -0.03485900 -0.01116300 0.04300000
v -0.03485900 -0.01116300 0.04300000
v -0.03565100 -0.01100000 0.04300000
v -0.03111300 -0.01100000 0.04300000
v -0.03111300 -0.01100000 0.04300000
v -0.03111300 -0.01100000 0.04300000
v -0.03150600 -0.01730800 0.04300000
v -0.03150600 -0.01730800 0.04300000
v -0.03377200 -0.01231500 0.04300000
v -0.03377200 -0.01231500 0.04300000
v -0.03419600 -0.01162700 0.04300000
v -0.03419600 -0.01162700 0.04300000
v -0.02484400 -0.02598000 0.04300000
v -0.02850700 -0.02189900 0.04300000
v -0.02532000 -0.02116300 0.04300000
v -0.03111300 -0.01100000 0.04300000
v -0.02992500 -0.01391000 0.04300000
v -0.02860300 -0.01645800 0.04300000
v -0.02706400 -0.01888200 0.04300000
v -0.02338500 -0.02328400 0.04300000
v -0.02127300 -0.02522800 0.04300000
v -0.02060400 -0.02945600 0.04300000
v -0.01900000 -0.02698100 0.04300000
v -0.01900000 -0.03051500 0.04300000
v -0.01874100 -0.02661300 0.04289300
v -0.01861100 -0.02642900 0.04273700
v -0.01871200 -0.02657300 0.04286600
v -0.02095100 -0.02484600 0.04286600
v -0.03026000 -0.01100000 0.04259600
v -0.03019300 -0.01100000 0.04250000
v -0.03019300 -0.01100000 0.04250000
v -0.02914000 -0.01354500 0.04250000
v -0.03010400 -0.01100000 0.04231600
v -0.03082000 -0.01100000 0.04296100
v -0.03058200 -0.01100000 0.04286600
v -0.02947200 -0.01369900 0.04286600
v -0.03050300 -0.01100000 0.04281800
v -0.02914000 -0.01354500 0.04250000
v -0.02785200 -0.01602600 0.04250000
v -0.02635400 -0.01838700 0.04250000
v -0.02465600 -0.02060800 0.04250000
v -0.02277200 -0.02267300 0.04250000
v -0.02071500 -0.02456600 0.04250000
v -0.01850100 -0.02627300 0.04250000
v -0.01855700 -0.02635200 0.04263800
v -0.02277200 -0.02267300 0.04250000
v -0.02303100 -0.02293100 0.04286600
v -0.02465600 -0.02060800 0.04250000
v -0.02493700 -0.02084200 0.04286600
v -0.02635400 -0.01838700 0.04250000
v -0.02665400 -0.01859600 0.04286600
v -0.02785200 -0.01602600 0.04250000
v -0.02816900 -0.01620900 0.04286600
v -0.02095100 -0.02484600 0.04286600
v -0.02303100 -0.02293100 0.04286600
v -0.02493700 -0.02084200 0.04286600
v -0.02665400 -0.01859600 0.04286600
v -0.02816900 -0.01620900 0.04286600
v -0.02947200 -0.01369900 0.04286600
v -0.01878100 0.02740700 0.01315600
v -0.03200000 0.00392300 0.01405100
v -0.03200000 0.00392300 0.01405100
v -0.03200000 0.00392300 0.01405100
v -0.03200000 0.00003500 0.01499100
v -0.03200000 0.00600000 0.01361400
v -0.03178000 0.00558800 0.01400000
v -0.03213600 0.00703500 0.01333200
v -0.03117400 0.00832900 0.01400000
v -0.03218900 0.00721400 0.01327500
v -0.03253600 0.00800000 0.01306200
v -0.03188200 0.00851800 0.01326800
v -0.01871700 0.02718000 0.01326700
v -0.01871700 0.02718000 0.01326700
v -0.01851800 0.02648600 0.01391800
v -0.01862600 0.02686300 0.01349000
v -0.01900000 0.02698100 0.01326800
v -0.01844900 0.02624900 0.01442500
v -0.01850300 0.02643600 0.01400000
v -0.01857800 0.02638300 0.01400000
v -0.01900000 0.02698100 0.01326800
v -0.02127300 0.02522800 0.01326800
v -0.02338500 0.02328400 0.01326800
v -0.02532000 0.02116300 0.01326800
v -0.02706400 0.01888200 0.01326800
v -0.02860300 0.01645800 0.01326800
v -0.02992500 0.01391000 0.01326800
v -0.03102100 0.01125700 0.01326800
v -0.02080100 0.02466800 0.01400000
v -0.02127300 0.02522800 0.01326800
v -0.02286600 0.02276700 0.01400000
v -0.02338500 0.02328400 0.01326800
v -0.02475900 0.02069300 0.01400000
v -0.02532000 0.02116300 0.01326800
v -0.02646400 0.01846300 0.01400000
v -0.02706400 0.01888200 0.01326800
v -0.02796800 0.01609300 0.01400000
v -0.02860300 0.01645800 0.01326800
v -0.02926100 0.01360200 0.01400000
v -0.02992500 0.01391000 0.01326800
v -0.03033300 0.01100700 0.01400000
v -0.03102100 0.01125700 0.01326800
v -0.03188200 0.00851800 0.01326800
v -0.03218900 0.00721400 0.01327500
v -0.03178000 0.00558800 0.01400000
v -0.03117400 0.00832900 0.01400000
v -0.03033300 0.01100700 0.01400000
v -0.02926100 0.01360200 0.01400000
v -0.02796800 0.01609300 0.01400000
v -0.02646400 0.01846300 0.01400000
v -0.02475900 0.02069300 0.01400000
v -0.02286600 0.02276700 0.01400000
v -0.02080100 0.02466800 0.01400000
v -0.01857800 0.02638300 0.01400000
v -0.01857800 0.02638300 0.01400000
v -0.01842400 0.02616400 0.01500000
v -0.01844900 0.02624900 0.01442500
v -0.03398900 0.00945800 0.01032400
v -0.03421100 0.00957800 0.01041600
v -0.03340200 0.01174700 0.01037600
v -0.02761900 0.02000000 0.00850000
v -0.02916800 0.01766500 0.00850000
v -0.02764200 0.01998800 0.00871400
v -0.02783000 0.01989200 0.00914900
v -0.03028700 0.01834200 0.01037600
v -0.03004800 0.01870500 0.01037100
v -0.02905500 0.01924800 0.01006300
v -0.03127500 0.01801000 0.01050000
v -0.03201500 0.01512500 0.01037600
v -0.03129200 0.01800000 0.01050000
v -0.03264100 0.01542000 0.01050000
v -0.03405500 0.01197600 0.01050000
v -0.03474500 0.00979800 0.01050000
v -0.03327200 0.00892500 0.00962800
v -0.03347100 0.00909900 0.00991400
v -0.03347100 0.00909900 0.00991400
v -0.03272100 0.01150700 0.00991400
v -0.03272100 0.01150700 0.00991400
v -0.03364500 0.00923300 0.01009100
v -0.03228500 0.01135400 0.00919200
v -0.03306200 0.00871500 0.00909900
v -0.03216900 0.01131300 0.00850000
v -0.03298900 0.00863300 0.00850000
v -0.03094400 0.01461900 0.00919200
v -0.03094400 0.01461900 0.00919200
v -0.03083200 0.01456600 0.00850000
v -0.02987400 0.01644200 0.00850000
v -0.02927400 0.01772900 0.00919200
v -0.02786400 0.01987500 0.00919700
v -0.03136200 0.01481600 0.00991400
v -0.02966900 0.01796800 0.00991400
v -0.02927400 0.01772900 0.00919200
v -0.03201500 0.01512500 0.01037600
v -0.03136200 0.01481600 0.00991400
v -0.02966900 0.01796800 0.00991400
v -0.02905500 0.01924800 0.01006300
v -0.02905500 0.01924800 0.01006300
v -0.02828300 0.01965700 0.00962000
v -0.03298900 0.00863300 0.00000000
v -0.03167300 0.01263400 0.00000000
v -0.02987400 0.01644200 0.00000000
v -0.02761900 0.02000000 0.00000000
v -0.02987400 0.01644200 0.00000000
v -0.01900000 0.03051500 0.04300000
v -0.01900000 0.02698100 0.04300000
v -0.02060400 0.02945600 0.04300000
v -0.02214200 0.02446900 0.04300000
v -0.02484400 0.02598000 0.04300000
v -0.02850700 0.02189900 0.04300000
v -0.02495600 0.02159200 0.04300000
v -0.02739800 0.01839500 0.04300000
v -0.03150600 0.01730800 0.04300000
v -0.02943300 0.01492400 0.04300000
v -0.03377200 0.01231500 0.04300000
v -0.03074100 0.01200000 0.04300000
v -0.03391800 0.01200000 0.04300000
v -0.08537600 0.02250000 0.02052400
v -0.08537600 0.02250000 0.02052400
v -0.08537600 0.02250000 0.02052400
v -0.08535500 0.03352500 0.02051700
v -0.08674400 0.02250000 0.01676600
v -0.08674400 0.02250000 0.01676600
v -0.08672300 0.03352500 0.01675800
v -0.07724600 0.03349700 0.01756500
v -0.07861400 0.03349700 0.01380600
v -0.07861400 0.03349700 0.01380600
v -0.07744900 0.03269800 0.01763900
v -0.07744900 0.03269800 0.01763900
v -0.07881700 0.03269800 0.01388000
v -0.07744900 0.03269800 0.01763900
v -0.07881700 0.03269800 0.01388000
v -0.07881700 0.03269800 0.01388000
v -0.07800000 0.03211300 0.01784000
v -0.07800000 0.03211300 0.01784000
v -0.07936800 0.03211300 0.01408100
v -0.07800000 0.03211300 0.01784000
v -0.07936800 0.03211300 0.01408100
v -0.07936800 0.03211300 0.01408100
v -0.07875200 0.03190000 0.01811300
v -0.07875200 0.03190000 0.01811300
v -0.08012000 0.03190000 0.01435500
v -0.07875200 0.03190000 0.01811300
v -0.08012000 0.03190000 0.01435500
v -0.08012000 0.03190000 0.01435500
v -0.07950300 0.03211600 0.01838700
v -0.07950300 0.03211600 0.01838700
v -0.08087100 0.03211600 0.01462800
v -0.07950300 0.03211600 0.01838700
v -0.08087100 0.03211600 0.01462800
v -0.08087100 0.03211600 0.01462800
v -0.08005300 0.03270200 0.01858700
v -0.08005300 0.03270200 0.01858700
v -0.08142100 0.03270200 0.01482800
v -0.08005300 0.03270200 0.01858700
v -0.08142100 0.03270200 0.01482800
v -0.08142100 0.03270200 0.01482800
v -0.08025300 0.03350300 0.01866000
v -0.08025300 0.03350300 0.01866000
v -0.08162100 0.03350300 0.01490100
v -0.08025300 0.03350300 0.01866000
v -0.08162100 0.03350300 0.01490100
v -0.08162100 0.03350300 0.01490100
v -0.08005000 0.03430200 0.01858600
v -0.08005000 0.03430200 0.01858600
v -0.08141800 0.03430200 0.01482700
v -0.08005000 0.03430200 0.01858600
v -0.08141800 0.03430200 0.01482700
v -0.08141800 0.03430200 0.01482700
v -0.07949900 0.03488700 0.01838500
v -0.07949900 0.03488700 0.01838500
v -0.08086700 0.03488700 0.01462700
v -0.07949900 0.03488700 0.01838500
v -0.08086700 0.03488700 0.01462700
v -0.08086700 0.03488700 0.01462700
v -0.07874700 0.03510000 0.01811100
v -0.07874700 0.03510000 0.01811100
v -0.08011500 0.03510000 0.01435300
v -0.07874700 0.03510000 0.01811100
v -0.08011500 0.03510000 0.01435300
v -0.08011500 0.03510000 0.01435300
v -0.07799500 0.03488400 0.01783800
v -0.07799500 0.03488400 0.01783800
v -0.07936300 0.03488400 0.01407900
v -0.07799500 0.03488400 0.01783800
v -0.07936300 0.03488400 0.01407900
v -0.07936300 0.03488400 0.01407900
v -0.07744600 0.03429800 0.01763800
v -0.07744600 0.03429800 0.01763800
v -0.07881400 0.03429800 0.01387900
v -0.07744600 0.03429800 0.01763800
v -0.07881400 0.03429800 0.01387900
v -0.07881400 0.03429800 0.01387900
v -0.07724600 0.03349700 0.01756500
v -0.07724600 0.03349700 0.01756500
v -0.07861400 0.03349700 0.01380600
v -0.07254700 0.03349700 0.01585500
v -0.07391500 0.03349700 0.01209600
v -0.07391500 0.03349700 0.01209600
v -0.07275000 0.03269800 0.01592900
v -0.07275000 0.03269800 0.01592900
v -0.07411800 0.03269800 0.01217000
v -0.07275000 0.03269800 0.01592900
v -0.07411800 0.03269800 0.01217000
v -0.07411800 0.03269800 0.01217000
v -0.07330100 0.03211300 0.01613000
v -0.07330100 0.03211300 0.01613000
v -0.07466900 0.03211300 0.01237100
v -0.07330100 0.03211300 0.01613000
v -0.07466900 0.03211300 0.01237100
v -0.07466900 0.03211300 0.01237100
v -0.07405300 0.03190000 0.01640300
v -0.07405300 0.03190000 0.01640300
v -0.07542200 0.03190000 0.01264400
v -0.07405300 0.03190000 0.01640300
v -0.07542200 0.03190000 0.01264400
v -0.07542200 0.03190000 0.01264400
v -0.07480500 0.03211600 0.01667700
v -0.07480500 0.03211600 0.01667700
v -0.07617300 0.03211600 0.01291800
v -0.07480500 0.03211600 0.01667700
v -0.07617300 0.03211600 0.01291800
v -0.07617300 0.03211600 0.01291800
v -0.07535400 0.03270200 0.01687700
v -0.07535400 0.03270200 0.01687700
v -0.07672200 0.03270200 0.01311800
v -0.07535400 0.03270200 0.01687700
v -0.07672200 0.03270200 0.01311800
v -0.07672200 0.03270200 0.01311800
v -0.07555400 0.03350300 0.01695000
v -0.07555400 0.03350300 0.01695000
v -0.07692200 0.03350300 0.01319100
v -0.07555400 0.03350300 0.01695000
v -0.07692200 0.03350300 0.01319100
v -0.07692200 0.03350300 0.01319100
v -0.07535200 0.03430200 0.01687600
v -0.07535200 0.03430200 0.01687600
v -0.07672000 0.03430200 0.01311700
v -0.07535200 0.03430200 0.01687600
v -0.07672000 0.03430200 0.01311700
v -0.07672000 0.03430200 0.01311700
v -0.07480000 0.03488700 0.01667500
v -0.07480000 0.03488700 0.01667500
v -0.07616800 0.03488700 0.01291600
v -0.07480000 0.03488700 0.01667500
v -0.07616800 0.03488700 0.01291600
v -0.07616800 0.03488700 0.01291600
v -0.07404800 0.03510000 0.01640100
v -0.07404800 0.03510000 0.01640100
v -0.07541600 0.03510000 0.01264300
v -0.07404800 0.03510000 0.01640100
v -0.07541600 0.03510000 0.01264300
v -0.07541600 0.03510000 0.01264300
v -0.07329700 0.03488400 0.01612800
v -0.07329700 0.03488400 0.01612800
v -0.07466500 0.03488400 0.01236900
v -0.07329700 0.03488400 0.01612800
v -0.07466500 0.03488400 0.01236900
v -0.07466500 0.03488400 0.01236900
v -0.07274800 0.03429800 0.01592800
v -0.07274800 0.03429800 0.01592800
v -0.07411600 0.03429800 0.01216900
v -0.07274800 0.03429800 0.01592800
v -0.07411600 0.03429800 0.01216900
v -0.07411600 0.03429800 0.01216900
v -0.07254700 0.03349700 0.01585500
v -0.07254700 0.03349700 0.01585500
v -0.07391500 0.03349700 0.01209600
v -0.06311400 -0.02574800 0.01242200
v -0.06241500 -0.02408000 0.01216700
v -0.06109300 -0.02291700 0.01168600
v -0.05942200 -0.02250000 0.01107800
v -0.07497100 -0.01305700 0.01673700
v -0.07497100 -0.01305700 0.01673700
v -0.07497100 -0.01305700 0.01673700
v -0.07497100 -0.01305700 0.01673700
v -0.07497100 -0.01305700 0.01673700
v -0.07752000 -0.01230200 0.01766500
v -0.07752000 -0.01230200 0.01766500
v -0.07807100 -0.01288700 0.01786600
v -0.07807100 -0.01288700 0.01786600
v -0.07807100 -0.01288700 0.01786600
v -0.07807100 -0.01288700 0.01786600
v -0.07535200 0.03430200 0.01687600
v -0.07535200 0.03430200 0.01687600
v -0.07535200 0.03430200 0.01687600
v -0.07535200 0.03430200 0.01687600
v -0.07480000 0.03488700 0.01667500
v -0.07871500 0.04446900 0.01810000
v -0.07871500 0.04446900 0.01810000
v -0.07871500 0.04446900 0.01810000
v -0.07871500 0.04446900 0.01810000
v -0.07521800 -0.03539800 0.01682700
v -0.07521800 -0.03539800 0.01682700
v -0.07521800 -0.03539800 0.01682700
v -0.07521800 -0.03539800 0.01682700
v -0.07521800 -0.03539800 0.01682700
v -0.07191700 -0.03521500 0.01562500
v -0.06880800 -0.03401700 0.01449400
v -0.07274800 0.03429800 0.01592800
v -0.07274800 0.03429800 0.01592800
v -0.07274800 0.03429800 0.01592800
v -0.07274800 0.03429800 0.01592800
v -0.07274800 0.03429800 0.01592800
v -0.07274800 0.03429800 0.01592800
v -0.07274800 0.03429800 0.01592800
v -0.07254700 0.03349700 0.01585500
v -0.08537600 -0.02250000 0.02052400
v -0.08537600 -0.02250000 0.02052400
v -0.08537600 -0.02250000 0.02052400
v -0.08537600 -0.02250000 0.02052400
v -0.08537800 -0.02347500 0.02052500
v -0.08537800 -0.02347500 0.02052500
v -0.08537800 -0.02347500 0.02052500
v -0.07957500 -0.01288400 0.01841300
v -0.07957500 -0.01288400 0.01841300
v -0.07957500 -0.01288400 0.01841300
v -0.06616200 -0.03190700 0.01353100
v -0.06420700 -0.02906900 0.01282000
v -0.07480000 0.03488700 0.01667500
v -0.07480000 0.03488700 0.01667500
v -0.07562200 0.04542800 0.01697400
v -0.07562200 0.04542800 0.01697400
v -0.07562200 0.04542800 0.01697400
v -0.07404800 0.03510000 0.01640100
v -0.07404800 0.03510000 0.01640100
v -0.07404800 0.03510000 0.01640100
v -0.07239900 0.04542100 0.01580100
v -0.07239900 0.04542100 0.01580100
v -0.07239900 0.04542100 0.01580100
v -0.07329700 0.03488400 0.01612800
v -0.07329700 0.03488400 0.01612800
v -0.07329700 0.03488400 0.01612800
v -0.07329700 0.03488400 0.01612800
v -0.07329700 0.03488400 0.01612800
v -0.06931000 0.04444800 0.01467700
v -0.06931000 0.04444800 0.01467700
v -0.05896800 0.02250000 0.01091300
v -0.06040900 0.02280500 0.01143700
v -0.07874700 0.03510000 0.01811100
v -0.07874700 0.03510000 0.01811100
v -0.07874700 0.03510000 0.01811100
v -0.08142900 0.04262100 0.01908800
v -0.08142900 0.04262100 0.01908800
v -0.08142900 0.04262100 0.01908800
v -0.07949900 0.03488700 0.01838500
v -0.07949900 0.03488700 0.01838500
v -0.07949900 0.03488700 0.01838500
v -0.08354500 0.04003400 0.01985800
v -0.08354500 0.04003400 0.01985800
v -0.08354500 0.04003400 0.01985800
v -0.08005000 0.03430200 0.01858600
v -0.08005000 0.03430200 0.01858600
v -0.08005000 0.03430200 0.01858600
v -0.08488900 0.03691800 0.02034700
v -0.08488900 0.03691800 0.02034700
v -0.08488900 0.03691800 0.02034700
v -0.08025300 0.03350300 0.01866000
v -0.08025300 0.03350300 0.01866000
v -0.08025300 0.03350300 0.01866000
v -0.08535500 0.03352500 0.02051700
v -0.08535500 0.03352500 0.02051700
v -0.08535500 0.03352500 0.02051700
v -0.08005300 0.03270200 0.01858700
v -0.08005300 0.03270200 0.01858700
v -0.08005300 0.03270200 0.01858700
v -0.08537600 0.02250000 0.02052400
v -0.08537600 0.02250000 0.02052400
v -0.08537600 0.02250000 0.02052400
v -0.08537600 0.02250000 0.02052400
v -0.08537600 0.02250000 0.02052400
v -0.08537600 0.02250000 0.02052400
v -0.08537600 0.02250000 0.02052400
v -0.08537600 0.02250000 0.02052400
v -0.07950300 0.03211600 0.01838700
v -0.07950300 0.03211600 0.01838700
v -0.07882300 -0.01310000 0.01813900
v -0.07882300 -0.01310000 0.01813900
v -0.07882300 -0.01310000 0.01813900
v -0.07882300 -0.01310000 0.01813900
v -0.07882300 -0.01310000 0.01813900
v -0.07882300 -0.01310000 0.01813900
v -0.08489800 -0.02695600 0.02035000
v -0.08489800 -0.02695600 0.02035000
v -0.08348700 -0.03013800 0.01983700
v -0.08348700 -0.03013800 0.01983700
v -0.06162900 0.02367400 0.01188100
v -0.06244300 0.02497500 0.01217800
v -0.06244300 0.02497500 0.01217800
v -0.08126600 -0.03274500 0.01902800
v -0.08126600 -0.03274500 0.01902800
v -0.07842800 -0.03455000 0.01799500
v -0.07842800 -0.03455000 0.01799500
v -0.07842800 -0.03455000 0.01799500
v -0.06272700 0.02650800 0.01228100
v -0.06272700 0.02650800 0.01228100
v -0.06271400 0.03347500 0.01227600
v -0.06271400 0.03347500 0.01227600
v -0.06271400 0.03348000 0.01227600
v -0.06271400 0.03348000 0.01227600
v -0.08012400 -0.01229800 0.01861300
v -0.08012400 -0.01229800 0.01861300
v -0.08032400 -0.01149700 0.01868600
v -0.08032400 -0.01149700 0.01868600
v -0.08032400 -0.01149700 0.01868600
v -0.08012200 -0.01069800 0.01861200
v -0.08012200 -0.01069800 0.01861200
v -0.07957000 -0.01011300 0.01841100
v -0.07957000 -0.01011300 0.01841100
v -0.07881800 -0.00990000 0.01813800
v -0.07881800 -0.00990000 0.01813800
v -0.07881800 -0.00990000 0.01813800
v -0.07881800 -0.00990000 0.01813800
v -0.07875200 0.03190000 0.01811300
v -0.07875200 0.03190000 0.01811300
v -0.07875200 0.03190000 0.01811300
v -0.07875200 0.03190000 0.01811300
v -0.07875200 0.03190000 0.01811300
v -0.07744900 0.03269800 0.01763900
v -0.07744900 0.03269800 0.01763900
v -0.07744900 0.03269800 0.01763900
v -0.07744900 0.03269800 0.01763900
v -0.07800000 0.03211300 0.01784000
v -0.07800000 0.03211300 0.01784000
v -0.07800000 0.03211300 0.01784000
v -0.07327400 -0.00994300 0.01612000
v -0.07327400 -0.00994300 0.01612000
v -0.07327400 -0.00994300 0.01612000
v -0.07327400 -0.00994300 0.01612000
v -0.07327400 -0.00994300 0.01612000
v -0.07243100 -0.01150300 0.01581300
v -0.07265900 -0.01240300 0.01589600
v -0.07327900 -0.01306000 0.01612100
v -0.07327900 -0.01306000 0.01612100
v -0.07412500 -0.01330000 0.01642900
v -0.07412500 -0.01330000 0.01642900
v -0.07265600 -0.01060300 0.01589500
v -0.07275000 0.03269800 0.01592900
v -0.07330100 0.03211300 0.01613000
v -0.07330100 0.03211300 0.01613000
v -0.07405300 0.03190000 0.01640300
v -0.07405300 0.03190000 0.01640300
v -0.07405300 0.03190000 0.01640300
v -0.07480500 0.03211600 0.01667700
v -0.07480500 0.03211600 0.01667700
v -0.07480500 0.03211600 0.01667700
v -0.07724600 0.03349700 0.01756500
v -0.07724600 0.03349700 0.01756500
v -0.07724600 0.03349700 0.01756500
v -0.07535400 0.03270200 0.01687700
v -0.07535400 0.03270200 0.01687700
v -0.07535400 0.03270200 0.01687700
v -0.07744600 0.03429800 0.01763800
v -0.07744600 0.03429800 0.01763800
v -0.07744600 0.03429800 0.01763800
v -0.07555400 0.03350300 0.01695000
v -0.07555400 0.03350300 0.01695000
v -0.07555400 0.03350300 0.01695000
v -0.07799500 0.03488400 0.01783800
v -0.07799500 0.03488400 0.01783800
v -0.07799500 0.03488400 0.01783800
v -0.07874700 0.03510000 0.01811100
v -0.07731700 -0.01150300 0.01759100
v -0.07731700 -0.01150300 0.01759100
v -0.07731700 -0.01150300 0.01759100
v -0.07558900 -0.01239700 0.01696200
v -0.07558900 -0.01239700 0.01696200
v -0.07558900 -0.01239700 0.01696200
v -0.07751700 -0.01070200 0.01766400
v -0.07751700 -0.01070200 0.01766400
v -0.07751700 -0.01070200 0.01766400
v -0.07581400 -0.01149700 0.01704400
v -0.07581400 -0.01149700 0.01704400
v -0.07581400 -0.01149700 0.01704400
v -0.07806700 -0.01011600 0.01786400
v -0.07806700 -0.01011600 0.01786400
v -0.07806700 -0.01011600 0.01786400
v -0.07558600 -0.01059700 0.01696100
v -0.07558600 -0.01059700 0.01696100
v -0.07558600 -0.01059700 0.01696100
v -0.07558600 -0.01059700 0.01696100
v -0.07496600 -0.00993900 0.01673500
v -0.07496600 -0.00993900 0.01673500
v -0.07496600 -0.00993900 0.01673500
v -0.07800000 0.03211300 0.01784000
v -0.07411900 -0.00970000 0.01642700
v -0.07411900 -0.00970000 0.01642700
v -0.06316500 0.03687000 0.01244000
v -0.06316500 0.03687000 0.01244000
v -0.06449800 0.03999200 0.01292500
v -0.06449800 0.03999200 0.01292500
v -0.06449800 0.03999200 0.01292500
v -0.06660300 0.04258800 0.01369100
v -0.06660300 0.04258800 0.01369100
v -0.06271400 0.03347500 0.01227600
v -0.06408200 0.03347500 0.00851700
v -0.06271400 0.03348000 0.01227600
v -0.06453400 0.03687000 0.00868200
v -0.06316500 0.03687000 0.01244000
v -0.06586600 0.03999200 0.00916700
v -0.06449800 0.03999200 0.01292500
v -0.06797100 0.04258800 0.00993300
v -0.06660300 0.04258800 0.01369100
v -0.07067800 0.04444800 0.01091800
v -0.06931000 0.04444800 0.01467700
v -0.07376800 0.04542100 0.01204300
v -0.07239900 0.04542100 0.01580100
v -0.07699000 0.04542800 0.01321500
v -0.07562200 0.04542800 0.01697400
v -0.08008300 0.04446900 0.01434100
v -0.07871500 0.04446900 0.01810000
v -0.08279800 0.04262100 0.01532900
v -0.08142900 0.04262100 0.01908800
v -0.08491300 0.04003400 0.01609900
v -0.08354500 0.04003400 0.01985800
v -0.08625700 0.03691800 0.01658800
v -0.08488900 0.03691800 0.02034700
v -0.06220300 0.02000000 0.00783300
v -0.06220300 0.02000000 0.00783300
v -0.06220300 0.02000000 0.00783300
v -0.06220300 0.02000000 0.00783300
v -0.06220300 0.02000000 0.00783300
v -0.06220300 0.02000000 0.00783300
v -0.06220300 0.02000000 0.00783300
v -0.06220300 0.02000000 0.00783300
v -0.06220300 0.02000000 0.00783300
v -0.06220300 0.02000000 0.00783300
v -0.06220300 -0.02000000 0.00783300
v -0.06220300 -0.02000000 0.00783300
v -0.06220300 -0.02000000 0.00783300
v -0.06220300 -0.02000000 0.00783300
v -0.06220300 -0.02000000 0.00783300
v -0.06220300 -0.02000000 0.00783300
v -0.06220300 -0.02000000 0.00783300
v -0.06220300 -0.02000000 0.00783300
v -0.07379900 -0.01150300 0.01205400
v -0.07379900 -0.01150300 0.01205400
v -0.07379900 -0.01150300 0.01205400
v -0.04233800 0.02250000 0.00060300
v -0.04233800 0.02000000 0.00060300
v -0.06033700 0.02250000 0.00715400
v -0.06033700 0.02250000 0.00715400
v -0.06177700 0.02280500 0.00767800
v -0.06177700 0.02280500 0.00767800
v -0.06299700 0.02367400 0.00812200
v -0.06299700 0.02367400 0.00812200
v -0.07466900 0.03211300 0.01237100
v -0.07466900 0.03211300 0.01237100
v -0.07466900 0.03211300 0.01237100
v -0.07466900 0.03211300 0.01237100
v -0.07411800 0.03269800 0.01217000
v -0.07411800 0.03269800 0.01217000
v -0.07411800 0.03269800 0.01217000
v -0.07411800 0.03269800 0.01217000
v -0.07411800 0.03269800 0.01217000
v -0.06381100 0.02497500 0.00841900
v -0.06381100 0.02497500 0.00841900
v -0.06381100 0.02497500 0.00841900
v -0.04233800 -0.02000000 0.00060300
v -0.04233800 -0.02250000 0.00060300
v -0.06079100 -0.02250000 0.00731900
v -0.06079100 -0.02250000 0.00731900
v -0.08018600 -0.00990000 0.01437900
v -0.08018600 -0.00990000 0.01437900
v -0.08018600 -0.00990000 0.01437900
v -0.08093800 -0.01011300 0.01465300
v -0.08093800 -0.01011300 0.01465300
v -0.08674400 0.02250000 0.01676600
v -0.08674400 0.02250000 0.01676600
v -0.08674400 0.02250000 0.01676600
v -0.08674400 0.02250000 0.01676600
v -0.08674400 0.02250000 0.01676600
v -0.08674400 0.02250000 0.01676600
v -0.08674400 0.02250000 0.01676600
v -0.08674400 0.02250000 0.01676600
v -0.08674400 0.02250000 0.01676600
v -0.08674400 0.02250000 0.01676600
v -0.08674400 0.02250000 0.01676600
v -0.08674400 0.02250000 0.01676600
v -0.06246100 -0.02291700 0.00792700
v -0.06246100 -0.02291700 0.00792700
v -0.06378400 -0.02408000 0.00840900
v -0.06378400 -0.02408000 0.00840900
v -0.06378400 -0.02408000 0.00840900
v -0.06753000 -0.03190700 0.00977200
v -0.06753000 -0.03190700 0.00977200
v -0.06753000 -0.03190700 0.00977200
v -0.06753000 -0.03190700 0.00977200
v -0.06753000 -0.03190700 0.00977200
v -0.06753000 -0.03190700 0.00977200
v -0.06448200 -0.02574800 0.00866300
v -0.06448200 -0.02574800 0.00866300
v -0.06557500 -0.02906900 0.00906100
v -0.07411600 0.03429800 0.01216900
v -0.07411600 0.03429800 0.01216900
v -0.07411600 0.03429800 0.01216900
v -0.07411600 0.03429800 0.01216900
v -0.06453400 0.03687000 0.00868200
v -0.06453400 0.03687000 0.00868200
v -0.06453400 0.03687000 0.00868200
v -0.07391500 0.03349700 0.01209600
v -0.07391500 0.03349700 0.01209600
v -0.07391500 0.03349700 0.01209600
v -0.06408200 0.03347500 0.00851700
v -0.06408200 0.03347500 0.00851700
v -0.06408200 0.03347500 0.00851700
v -0.06409500 0.02650800 0.00852200
v -0.06409500 0.02650800 0.00852200
v -0.07466500 0.03488400 0.01236900
v -0.07466500 0.03488400 0.01236900
v -0.07466500 0.03488400 0.01236900
v -0.07466500 0.03488400 0.01236900
v -0.06797100 0.04258800 0.00993300
v -0.06797100 0.04258800 0.00993300
v -0.06797100 0.04258800 0.00993300
v -0.06586600 0.03999200 0.00916700
v -0.06586600 0.03999200 0.00916700
v -0.07541600 0.03510000 0.01264300
v -0.07541600 0.03510000 0.01264300
v -0.07541600 0.03510000 0.01264300
v -0.07541600 0.03510000 0.01264300
v -0.07376800 0.04542100 0.01204300
v -0.07376800 0.04542100 0.01204300
v -0.07376800 0.04542100 0.01204300
v -0.07376800 0.04542100 0.01204300
v -0.07067800 0.04444800 0.01091800
v -0.07067800 0.04444800 0.01091800
v -0.08008300 0.04446900 0.01434100
v -0.08008300 0.04446900 0.01434100
v -0.07699000 0.04542800 0.01321500
v -0.07699000 0.04542800 0.01321500
v -0.07699000 0.04542800 0.01321500
v -0.08011500 0.03510000 0.01435300
v -0.08011500 0.03510000 0.01435300
v -0.08011500 0.03510000 0.01435300
v -0.08011500 0.03510000 0.01435300
v -0.07936300 0.03488400 0.01407900
v -0.07936300 0.03488400 0.01407900
v -0.07936300 0.03488400 0.01407900
v -0.07936300 0.03488400 0.01407900
v -0.08279800 0.04262100 0.01532900
v -0.08279800 0.04262100 0.01532900
v -0.08279800 0.04262100 0.01532900
v -0.08086700 0.03488700 0.01462700
v -0.08086700 0.03488700 0.01462700
v -0.08086700 0.03488700 0.01462700
v -0.08086700 0.03488700 0.01462700
v -0.08491300 0.04003400 0.01609900
v -0.08491300 0.04003400 0.01609900
v -0.08019100 -0.01310000 0.01438100
v -0.08019100 -0.01310000 0.01438100
v -0.08019100 -0.01310000 0.01438100
v -0.08019100 -0.01310000 0.01438100
v -0.08019100 -0.01310000 0.01438100
v -0.08019100 -0.01310000 0.01438100
v -0.07979600 -0.03455000 0.01423600
v -0.07979600 -0.03455000 0.01423600
v -0.07979600 -0.03455000 0.01423600
v -0.07979600 -0.03455000 0.01423600
v -0.08263400 -0.03274500 0.01526900
v -0.08263400 -0.03274500 0.01526900
v -0.07881400 0.03429800 0.01387900
v -0.07881400 0.03429800 0.01387900
v -0.07881400 0.03429800 0.01387900
v -0.07616800 0.03488700 0.01291600
v -0.07616800 0.03488700 0.01291600
v -0.07616800 0.03488700 0.01291600
v -0.07861400 0.03349700 0.01380600
v -0.07861400 0.03349700 0.01380600
v -0.07861400 0.03349700 0.01380600
v -0.07672000 0.03430200 0.01311700
v -0.07672000 0.03430200 0.01311700
v -0.07672000 0.03430200 0.01311700
v -0.07672000 0.03430200 0.01311700
v -0.07881700 0.03269800 0.01388000
v -0.07881700 0.03269800 0.01388000
v -0.07936800 0.03211300 0.01408100
v -0.07936800 0.03211300 0.01408100
v -0.07936800 0.03211300 0.01408100
v -0.08087100 0.03211600 0.01462800
v -0.08087100 0.03211600 0.01462800
v -0.08012000 0.03190000 0.01435500
v -0.08012000 0.03190000 0.01435500
v -0.07936800 0.03211300 0.01408100
v -0.07936800 0.03211300 0.01408100
v -0.07633400 -0.00993900 0.01297600
v -0.07633400 -0.00993900 0.01297600
v -0.07868500 -0.01150300 0.01383200
v -0.07868500 -0.01150300 0.01383200
v -0.07868500 -0.01150300 0.01383200
v -0.07868500 -0.01150300 0.01383200
v -0.07888600 -0.01070200 0.01390500
v -0.07888600 -0.01070200 0.01390500
v -0.07617300 0.03211600 0.01291800
v -0.07617300 0.03211600 0.01291800
v -0.07617300 0.03211600 0.01291800
v -0.07617300 0.03211600 0.01291800
v -0.07542200 0.03190000 0.01264400
v -0.07542200 0.03190000 0.01264400
v -0.07542200 0.03190000 0.01264400
v -0.07542200 0.03190000 0.01264400
v -0.07943500 -0.01011600 0.01410500
v -0.07943500 -0.01011600 0.01410500
v -0.07943500 -0.01011600 0.01410500
v -0.08149000 -0.01069800 0.01485300
v -0.08149000 -0.01069800 0.01485300
v -0.08169200 -0.01149700 0.01492700
v -0.08169200 -0.01149700 0.01492700
v -0.08169200 -0.01149700 0.01492700
v -0.08674400 -0.02250000 0.01676600
v -0.08674400 -0.02250000 0.01676600
v -0.08674400 -0.02250000 0.01676600
v -0.08149200 -0.01229800 0.01485400
v -0.08149200 -0.01229800 0.01485400
v -0.08149200 -0.01229800 0.01485400
v -0.08674600 -0.02347500 0.01676600
v -0.08674600 -0.02347500 0.01676600
v -0.08674600 -0.02347500 0.01676600
v -0.08094300 -0.01288400 0.01465400
v -0.08094300 -0.01288400 0.01465400
v -0.08094300 -0.01288400 0.01465400
v -0.08626600 -0.02695600 0.01659200
v -0.08626600 -0.02695600 0.01659200
v -0.08626600 -0.02695600 0.01659200
v -0.08485500 -0.03013800 0.01607800
v -0.08485500 -0.03013800 0.01607800
v -0.07695700 -0.01239700 0.01320300
v -0.07695700 -0.01239700 0.01320300
v -0.07695700 -0.01239700 0.01320300
v -0.07695700 -0.01239700 0.01320300
v -0.07695700 -0.01239700 0.01320300
v -0.07633900 -0.01305700 0.01297800
v -0.07633900 -0.01305700 0.01297800
v -0.07633900 -0.01305700 0.01297800
v -0.07658700 -0.03539800 0.01306800
v -0.07658700 -0.03539800 0.01306800
v -0.07658700 -0.03539800 0.01306800
v -0.07549300 -0.01330000 0.01267100
v -0.07549300 -0.01330000 0.01267100
v -0.07549300 -0.01330000 0.01267100
v -0.07549300 -0.01330000 0.01267100
v -0.07549300 -0.01330000 0.01267100
v -0.07328500 -0.03521500 0.01186700
v -0.07328500 -0.03521500 0.01186700
v -0.07017600 -0.03401700 0.01073500
v -0.07017600 -0.03401700 0.01073500
v -0.07464700 -0.01306000 0.01236300
v -0.07464700 -0.01306000 0.01236300
v -0.07464700 -0.01306000 0.01236300
v -0.07402700 -0.01240300 0.01213700
v -0.07402700 -0.01240300 0.01213700
v -0.08625700 0.03691800 0.01658800
v -0.08625700 0.03691800 0.01658800
v -0.08625700 0.03691800 0.01658800
v -0.08141800 0.03430200 0.01482700
v -0.08141800 0.03430200 0.01482700
v -0.08141800 0.03430200 0.01482700
v -0.08672300 0.03352500 0.01675800
v -0.08672300 0.03352500 0.01675800
v -0.08672300 0.03352500 0.01675800
v -0.08162100 0.03350300 0.01490100
v -0.08162100 0.03350300 0.01490100
v -0.08162100 0.03350300 0.01490100
v -0.08142100 0.03270200 0.01482800
v -0.08142100 0.03270200 0.01482800
v -0.07943500 -0.01011600 0.01410500
v -0.07672200 0.03270200 0.01311800
v -0.07672200 0.03270200 0.01311800
v -0.07672200 0.03270200 0.01311800
v -0.07692200 0.03350300 0.01319100
v -0.07692200 0.03350300 0.01319100
v -0.07633400 -0.00993900 0.01297600
v -0.07633400 -0.00993900 0.01297600
v -0.07633400 -0.00993900 0.01297600
v -0.07548800 -0.00970000 0.01266900
v -0.07548800 -0.00970000 0.01266900
v -0.07548800 -0.00970000 0.01266900
v -0.07464200 -0.00994300 0.01236100
v -0.07464200 -0.00994300 0.01236100
v -0.07464200 -0.00994300 0.01236100
v -0.07402400 -0.01060300 0.01213600
v -0.07402400 -0.01060300 0.01213600
v -0.07695400 -0.01059700 0.01320200
v -0.07695400 -0.01059700 0.01320200
v -0.07718200 -0.01149700 0.01328500
v -0.07718200 -0.01149700 0.01328500
v -0.07718200 -0.01149700 0.01328500
v -0.07888800 -0.01230200 0.01390600
v -0.07888800 -0.01230200 0.01390600
v -0.07888800 -0.01230200 0.01390600
v -0.07943900 -0.01288700 0.01410700
v -0.07943900 -0.01288700 0.01410700
v -0.06409500 0.02650800 0.00852200
v -0.06272700 0.02650800 0.01228100
v -0.08537800 -0.02347500 0.02052500
v -0.08674600 -0.02347500 0.01676600
v -0.08626600 -0.02695600 0.01659200
v -0.08489800 -0.02695600 0.02035000
v -0.08485500 -0.03013800 0.01607800
v -0.08348700 -0.03013800 0.01983700
v -0.08263400 -0.03274500 0.01526900
v -0.08126600 -0.03274500 0.01902800
v -0.07979600 -0.03455000 0.01423600
v -0.07842800 -0.03455000 0.01799500
v -0.07658700 -0.03539800 0.01306800
v -0.07521800 -0.03539800 0.01682700
v -0.07328500 -0.03521500 0.01186700
v -0.07191700 -0.03521500 0.01562500
v -0.07017600 -0.03401700 0.01073500
v -0.06880800 -0.03401700 0.01449400
v -0.06753000 -0.03190700 0.00977200
v -0.06616200 -0.03190700 0.01353100
v -0.06557500 -0.02906900 0.00906100
v -0.06420700 -0.02906900 0.01282000
v -0.06448200 -0.02574800 0.00866300
v -0.06311400 -0.02574800 0.01242200
v -0.03600000 -0.01000000 0.01050000
v -0.03129200 -0.01800000 0.01050000
v -0.03800000 -0.00946400 0.01050000
v -0.06020300 -0.01800000 0.01050000
v -0.03946400 -0.00800000 0.01050000
v -0.03800000 0.00946400 0.01050000
v -0.06020300 0.01800000 0.01050000
v -0.06020300 0.01800000 0.01050000
v -0.06020300 0.01800000 0.01050000
v -0.06020300 0.01800000 0.01050000
v -0.03600000 0.01000000 0.01050000
v -0.03600000 0.01000000 0.01050000
v -0.03474500 -0.00979800 0.01050000
v -0.03405500 -0.01197600 0.01050000
v -0.03264100 -0.01542000 0.01050000
v -0.03946400 0.00800000 0.01050000
v -0.03946400 0.00800000 0.01050000
v -0.04000000 0.00600000 0.01050000
v -0.04000000 0.00600000 0.01050000
v -0.04000000 -0.00600000 0.01050000
v -0.06021300 0.01801000 0.01050000
v -0.06096800 -0.01876500 0.01034800
v -0.06089500 0.01869200 0.01037600
v -0.06089500 0.01869200 0.01037600
v -0.06096800 -0.01876500 0.01034800
v -0.06161700 -0.01941400 0.00991400
v -0.06161700 0.01941400 0.00991400
v -0.06161700 0.01941400 0.00991400
v -0.06161700 0.01941400 0.00991400
v -0.06161700 -0.01941400 0.00991400
v -0.06207900 -0.01987600 0.00919200
v -0.06207900 -0.01987600 0.00919200
v -0.06207900 0.01987600 0.00919200
v -0.06207900 0.01987600 0.00919200
v -0.06207900 -0.01987600 0.00919200
v -0.06220300 -0.02000000 0.00850000
v -0.06220300 0.02000000 0.00850000
v -0.06161700 0.01941400 0.00991400
v -0.06207900 0.01987600 0.00919200
v -0.02828300 0.01965700 0.00962000
v -0.02905500 0.01924800 0.01006300
v -0.02761900 0.02000000 0.00850000
v -0.02764200 0.01998800 0.00871400
v -0.06220300 0.02000000 0.00850000
v -0.02783000 0.01989200 0.00914900
v -0.02786400 0.01987500 0.00919700
v -0.03167300 -0.01263400 0.00850000
v -0.03083200 -0.01456600 0.00850000
v -0.03094400 -0.01461900 0.00919200
v -0.02973000 -0.01888100 0.01029500
v -0.03028700 -0.01834200 0.01037600
v -0.02966900 -0.01796800 0.00991400
v -0.03086600 -0.01824500 0.01048500
v -0.03201500 -0.01512500 0.01037600
v -0.02873600 -0.01941800 0.00991000
v -0.02927400 -0.01772900 0.00919200
v -0.02806700 -0.01976900 0.00943300
v -0.02771600 -0.01995000 0.00894300
v -0.02916800 -0.01766500 0.00850000
v -0.02761900 -0.02000000 0.00850000
v -0.03298900 -0.00863300 0.00850000
v -0.03216900 -0.01131300 0.00850000
v -0.03304100 -0.00869200 0.00900600
v -0.03228500 -0.01135400 0.00919200
v -0.03228500 -0.01135400 0.00919200
v -0.03328800 -0.00894000 0.00965600
v -0.03272100 -0.01150700 0.00991400
v -0.03416400 -0.00955400 0.01040000
v -0.03399200 -0.00946000 0.01032600
v -0.03367700 -0.00925600 0.01011900
v -0.03347100 -0.00909900 0.00991400
v -0.03340200 -0.01174700 0.01037600
v -0.03136200 -0.01481600 0.00991400
v -0.03136200 -0.01481600 0.00991400
v -0.03201500 -0.01512500 0.01037600
v -0.03228500 -0.01135400 0.00919200
v -0.03272100 -0.01150700 0.00991400
v -0.02873600 -0.01941800 0.00991000
v -0.06161700 -0.01941400 0.00991400
v -0.02806700 -0.01976900 0.00943300
v -0.06207900 -0.01987600 0.00919200
v -0.06207900 -0.01987600 0.00919200
v -0.02806700 -0.01976900 0.00943300
v -0.06220300 -0.02000000 0.00850000
v -0.02771600 -0.01995000 0.00894300
v -0.02761900 -0.02000000 0.00850000
v -0.06241500 -0.02408000 0.01216700
v -0.06378400 -0.02408000 0.00840900
v -0.06241500 -0.02408000 0.01216700
v -0.06378400 -0.02408000 0.00840900
v -0.06378400 -0.02408000 0.00840900
v -0.06109300 -0.02291700 0.01168600
v -0.06109300 -0.02291700 0.01168600
v -0.06246100 -0.02291700 0.00792700
v -0.06109300 -0.02291700 0.01168600
v -0.06246100 -0.02291700 0.00792700
v -0.06246100 -0.02291700 0.00792700
v -0.05942200 -0.02250000 0.01107800
v -0.05942200 -0.02250000 0.01107800
v -0.06079100 -0.02250000 0.00731900
v -0.06079100 -0.02250000 0.00731900
v -0.06220300 -0.02000000 0.00783300
v -0.06220300 0.02000000 0.00783300
v -0.08537600 -0.02250000 0.02052400
v -0.08537600 -0.02250000 0.02052400
v -0.08674400 -0.02250000 0.01676600
v -0.08674400 -0.02250000 0.01676600
v -0.08674400 -0.02250000 0.01676600
v -0.07731700 -0.01150300 0.01759100
v -0.07868500 -0.01150300 0.01383200
v -0.07868500 -0.01150300 0.01383200
v -0.07752000 -0.01230200 0.01766500
v -0.07752000 -0.01230200 0.01766500
v -0.07888800 -0.01230200 0.01390600
v -0.07752000 -0.01230200 0.01766500
v -0.07888800 -0.01230200 0.01390600
v -0.07888800 -0.01230200 0.01390600
v -0.07807100 -0.01288700 0.01786600
v -0.07807100 -0.01288700 0.01786600
v -0.07943900 -0.01288700 0.01410700
v -0.07807100 -0.01288700 0.01786600
v -0.07943900 -0.01288700 0.01410700
v -0.07943900 -0.01288700 0.01410700
v -0.07882300 -0.01310000 0.01813900
v -0.07882300 -0.01310000 0.01813900
v -0.08019100 -0.01310000 0.01438100
v -0.07882300 -0.01310000 0.01813900
v -0.08019100 -0.01310000 0.01438100
v -0.08019100 -0.01310000 0.01438100
v -0.07957500 -0.01288400 0.01841300
v -0.07957500 -0.01288400 0.01841300
v -0.08094300 -0.01288400 0.01465400
v -0.07957500 -0.01288400 0.01841300
v -0.08094300 -0.01288400 0.01465400
v -0.08094300 -0.01288400 0.01465400
v -0.08012400 -0.01229800 0.01861300
v -0.08012400 -0.01229800 0.01861300
v -0.08149200 -0.01229800 0.01485400
v -0.08012400 -0.01229800 0.01861300
v -0.08149200 -0.01229800 0.01485400
v -0.08149200 -0.01229800 0.01485400
v -0.08032400 -0.01149700 0.01868600
v -0.08032400 -0.01149700 0.01868600
v -0.08169200 -0.01149700 0.01492700
v -0.08032400 -0.01149700 0.01868600
v -0.08169200 -0.01149700 0.01492700
v -0.08169200 -0.01149700 0.01492700
v -0.08012200 -0.01069800 0.01861200
v -0.08012200 -0.01069800 0.01861200
v -0.08149000 -0.01069800 0.01485300
v -0.08012200 -0.01069800 0.01861200
v -0.08149000 -0.01069800 0.01485300
v -0.08149000 -0.01069800 0.01485300
v -0.07957000 -0.01011300 0.01841100
v -0.07957000 -0.01011300 0.01841100
v -0.08093800 -0.01011300 0.01465300
v -0.07957000 -0.01011300 0.01841100
v -0.08093800 -0.01011300 0.01465300
v -0.08093800 -0.01011300 0.01465300
v -0.07881800 -0.00990000 0.01813800
v -0.07881800 -0.00990000 0.01813800
v -0.08018600 -0.00990000 0.01437900
v -0.07881800 -0.00990000 0.01813800
v -0.08018600 -0.00990000 0.01437900
v -0.08018600 -0.00990000 0.01437900
v -0.07806700 -0.01011600 0.01786400
v -0.07806700 -0.01011600 0.01786400
v -0.07943500 -0.01011600 0.01410500
v -0.07806700 -0.01011600 0.01786400
v -0.07943500 -0.01011600 0.01410500
v -0.07943500 -0.01011600 0.01410500
v -0.07751700 -0.01070200 0.01766400
v -0.07751700 -0.01070200 0.01766400
v -0.07888600 -0.01070200 0.01390500
v -0.07751700 -0.01070200 0.01766400
v -0.07888600 -0.01070200 0.01390500
v -0.07888600 -0.01070200 0.01390500
v -0.07731700 -0.01150300 0.01759100
v -0.07731700 -0.01150300 0.01759100
v -0.07868500 -0.01150300 0.01383200
v -0.07243100 -0.01150300 0.01581300
v -0.07379900 -0.01150300 0.01205400
v -0.07379900 -0.01150300 0.01205400
v -0.07265900 -0.01240300 0.01589600
v -0.07265900 -0.01240300 0.01589600
v -0.07402700 -0.01240300 0.01213700
v -0.07265900 -0.01240300 0.01589600
v -0.07402700 -0.01240300 0.01213700
v -0.07402700 -0.01240300 0.01213700
v -0.07327900 -0.01306000 0.01612100
v -0.07327900 -0.01306000 0.01612100
v -0.07464700 -0.01306000 0.01236300
v -0.07327900 -0.01306000 0.01612100
v -0.07464700 -0.01306000 0.01236300
v -0.07464700 -0.01306000 0.01236300
v -0.07412500 -0.01330000 0.01642900
v -0.07412500 -0.01330000 0.01642900
v -0.07549300 -0.01330000 0.01267100
v -0.07412500 -0.01330000 0.01642900
v -0.07549300 -0.01330000 0.01267100
v -0.07549300 -0.01330000 0.01267100
v -0.07497100 -0.01305700 0.01673700
v -0.07497100 -0.01305700 0.01673700
v -0.07633900 -0.01305700 0.01297800
v -0.07497100 -0.01305700 0.01673700
v -0.07633900 -0.01305700 0.01297800
v -0.07633900 -0.01305700 0.01297800
v -0.07558900 -0.01239700 0.01696200
v -0.07558900 -0.01239700 0.01696200
v -0.07695700 -0.01239700 0.01320300
v -0.07558900 -0.01239700 0.01696200
v -0.07695700 -0.01239700 0.01320300
v -0.07695700 -0.01239700 0.01320300
v -0.07581400 -0.01149700 0.01704400
v -0.07581400 -0.01149700 0.01704400
v -0.07718200 -0.01149700 0.01328500
v -0.07581400 -0.01149700 0.01704400
v -0.07718200 -0.01149700 0.01328500
v -0.07718200 -0.01149700 0.01328500
v -0.07558600 -0.01059700 0.01696100
v -0.07558600 -0.01059700 0.01696100
v -0.07695400 -0.01059700 0.01320200
v -0.07558600 -0.01059700 0.01696100
v -0.07695400 -0.01059700 0.01320200
v -0.07695400 -0.01059700 0.01320200
v -0.07496600 -0.00993900 0.01673500
v -0.07496600 -0.00993900 0.01673500
v -0.07633400 -0.00993900 0.01297600
v -0.07496600 -0.00993900 0.01673500
v -0.07633400 -0.00993900 0.01297600
v -0.07633400 -0.00993900 0.01297600
v -0.07411900 -0.00970000 0.01642700
v -0.07411900 -0.00970000 0.01642700
v -0.07548800 -0.00970000 0.01266900
v -0.07411900 -0.00970000 0.01642700
v -0.07548800 -0.00970000 0.01266900
v -0.07548800 -0.00970000 0.01266900
v -0.07327400 -0.00994300 0.01612000
v -0.07327400 -0.00994300 0.01612000
v -0.07464200 -0.00994300 0.01236100
v -0.07327400 -0.00994300 0.01612000
v -0.07464200 -0.00994300 0.01236100
v -0.07464200 -0.00994300 0.01236100
v -0.07265600 -0.01060300 0.01589500
v -0.07265600 -0.01060300 0.01589500
v -0.07402400 -0.01060300 0.01213600
v -0.07265600 -0.01060300 0.01589500
v -0.07402400 -0.01060300 0.01213600
v -0.07402400 -0.01060300 0.01213600
v -0.07243100 -0.01150300 0.01581300
v -0.07243100 -0.01150300 0.01581300
v -0.07379900 -0.01150300 0.01205400
v -0.05896800 0.02250000 0.01091300
v -0.06033700 0.02250000 0.00715400
v -0.06040900 0.02280500 0.01143700
v -0.06177700 0.02280500 0.00767800
v -0.06040900 0.02280500 0.01143700
v -0.06177700 0.02280500 0.00767800
v -0.06177700 0.02280500 0.00767800
v -0.06162900 0.02367400 0.01188100
v -0.06162900 0.02367400 0.01188100
v -0.06299700 0.02367400 0.00812200
v -0.06162900 0.02367400 0.01188100
v -0.06299700 0.02367400 0.00812200
v -0.06299700 0.02367400 0.00812200
v -0.06244300 0.02497500 0.01217800
v -0.06244300 0.02497500 0.01217800
v -0.06381100 0.02497500 0.00841900
v -0.06244300 0.02497500 0.01217800
v -0.06381100 0.02497500 0.00841900
v -0.03377200 0.01231500 0.04300000
v -0.03377200 0.01231500 0.04800000
v -0.03377200 0.01231500 0.04800000
v -0.03150600 0.01730800 0.04800000
v -0.03150600 0.01730800 0.04300000
v -0.02850700 0.02189900 0.04800000
v -0.02850700 0.02189900 0.04300000
v -0.02484400 0.02598000 0.04800000
v -0.02484400 0.02598000 0.04300000
v -0.02060400 0.02945600 0.04800000
v -0.02060400 0.02945600 0.04300000
v -0.02060400 0.02945600 0.01300000
v -0.01900000 0.03051500 0.01300000
v -0.01588400 0.03224700 0.00000000
v -0.01588400 0.03224700 0.00000000
v -0.01861700 0.03075000 0.01307600
v -0.01829300 0.03094400 0.01329300
v -0.01807600 0.03107100 0.01361700
v -0.01800000 0.03111600 0.01400000
v -0.01588400 0.03224700 0.04800000
v -0.01800000 0.03111600 0.04200000
v -0.01807600 0.03107100 0.04238300
v -0.01829300 0.03094400 0.04270700
v -0.01861700 0.03075000 0.04292400
v -0.01900000 0.03051500 0.04300000
v -0.02060400 0.02945600 0.00000000
v -0.02060400 0.02945600 0.01300000
v -0.02484400 0.02598000 0.00000000
v -0.02484400 0.02598000 0.01300000
v -0.02745100 0.02320900 0.00000000
v -0.02745100 0.02320900 0.01300000
v -0.06470300 0.02250000 0.01300000
v -0.02897800 0.02250000 0.01300000
v -0.02897800 0.02250000 0.00000000
v -0.03891800 0.02250000 0.00000000
v -0.04233800 0.02250000 0.00060300
v -0.04065400 0.02250000 0.00015200
v -0.03891800 0.02250000 0.00000000
v -0.03891800 0.02000000 0.00000000
v -0.04065400 0.02000000 0.00015200
v -0.04065400 0.02250000 0.00015200
v -0.06220300 0.02000000 0.00783300
v -0.04233800 0.02000000 0.00060300
v -0.04065400 0.02000000 0.00015200
v -0.03891800 0.02000000 0.00000000
v -0.02761900 0.02000000 0.00000000
v -0.02761900 -0.02000000 0.00000000
v -0.02987400 -0.01644200 0.00000000
v -0.03167300 -0.01263400 0.00000000
v -0.03298900 -0.00863300 0.00000000
v -0.02761900 -0.02000000 0.00000000
v -0.03891800 -0.02000000 0.00000000
v -0.06220300 -0.02000000 0.00783300
v -0.04233800 -0.02000000 0.00060300
v -0.04065400 -0.02000000 0.00015200
v -0.03891800 -0.02000000 0.00000000
v -0.03891800 -0.02250000 0.00000000
v -0.04065400 -0.02250000 0.00015200
v -0.04065400 -0.02000000 0.00015200
v -0.06470300 -0.02250000 0.01300000
v -0.05942200 -0.02250000 0.01107800
v -0.02897800 -0.02250000 0.01300000
v -0.04233800 -0.02250000 0.00060300
v -0.04065400 -0.02250000 0.00015200
v -0.03891800 -0.02250000 0.00000000
v -0.02897800 -0.02250000 0.00000000
v -0.02060400 -0.02945600 0.00000000
v -0.02484400 -0.02598000 0.01300000
v -0.02484400 -0.02598000 0.00000000
v -0.02484400 -0.02598000 0.00000000
v -0.02745100 -0.02320900 0.01300000
v -0.02745100 -0.02320900 0.01300000
v -0.02745100 -0.02320900 0.00000000
v -0.01829300 -0.03094400 0.04270700
v -0.01807600 -0.03107100 0.04238300
v -0.01588400 -0.03224700 0.04800000
v -0.01861700 -0.03075000 0.04292400
v -0.01800000 -0.03111600 0.04200000
v -0.01800000 -0.03111600 0.01400000
v -0.01588400 -0.03224700 0.00000000
v -0.01807600 -0.03107100 0.01361700
v -0.01829300 -0.03094400 0.01329300
v -0.01829300 -0.03094400 0.01329300
v -0.01861700 -0.03075000 0.01307600
v -0.01588400 -0.03224700 0.00000000
v -0.01900000 -0.03051500 0.01300000
v -0.02060400 -0.02945600 0.01300000
v -0.01900000 -0.03051500 0.04300000
v -0.02060400 -0.02945600 0.04800000
v -0.02060400 -0.02945600 0.04300000
v -0.02484400 -0.02598000 0.04800000
v -0.02484400 -0.02598000 0.04300000
v -0.02850700 -0.02189900 0.04800000
v -0.02850700 -0.02189900 0.04800000
v -0.02850700 -0.02189900 0.04300000
v -0.02850700 -0.02189900 0.04300000
v -0.03150600 -0.01730800 0.04800000
v -0.03150600 -0.01730800 0.04300000
v -0.03377200 -0.01231500 0.04800000
v -0.03377200 -0.01231500 0.04300000
v -0.01352700 -0.02519900 0.04700000
v -0.01352700 -0.02519900 0.00100000
v -0.01683900 -0.02311700 0.04700000
v -0.01683900 -0.02311700 0.00100000
v -0.01817600 -0.02208100 0.04700000
v -0.01817600 -0.02208100 0.00100000
v -0.02086800 -0.01955700 0.04700000
v -0.02086800 -0.01955700 0.00100000
v -0.02212900 -0.01811800 0.04700000
v -0.02212900 -0.01811800 0.00100000
v -0.02415900 -0.01530700 0.04700000
v -0.02415900 -0.01530700 0.00100000
v -0.02523400 -0.01346100 0.04700000
v -0.02523400 -0.01346100 0.00100000
v -0.02659700 -0.01051500 0.04700000
v -0.02659700 -0.01051500 0.00100000
v -0.02737200 -0.00828900 0.04700000
v -0.02737200 -0.00828900 0.00100000
v -0.02809500 -0.00535200 0.04700000
v -0.02809500 -0.00535200 0.00100000
v -0.02846300 -0.00279900 0.04700000
v -0.02846300 -0.00279900 0.00100000
v -0.02860000 -0.00000000 0.04700000
v -0.02860000 -0.00000000 0.00100000
v -0.02846300 0.00279900 0.04700000
v -0.02846300 0.00279900 0.00100000
v -0.02809500 0.00535200 0.04700000
v -0.02809500 0.00535200 0.00100000
v -0.02737200 0.00828900 0.04700000
v -0.02737200 0.00828900 0.00100000
v -0.02659700 0.01051500 0.04700000
v -0.02659700 0.01051500 0.00100000
v -0.02523400 0.01346100 0.04700000
v -0.02523400 0.01346100 0.00100000
v -0.02415900 0.01530700 0.04700000
v -0.02415900 0.01530700 0.00100000
v -0.02212900 0.01811800 0.04700000
v -0.02212900 0.01811800 0.00100000
v -0.02086800 0.01955700 0.04700000
v -0.02086800 0.01955700 0.00100000
v -0.01817600 0.02208100 0.04700000
v -0.01817600 0.02208100 0.00100000
v -0.01683900 0.02311700 0.04700000
v -0.01683900 0.02311700 0.00100000
v -0.01352700 0.02519900 0.04700000
v -0.01352700 0.02519900 0.00100000
v -0.01300000 0.03045300 0.00000000
v -0.01300000 0.02659200 0.00000000
v -0.02060400 0.02945600 0.00000000
v -0.02484400 -0.02598000 0.00000000
v -0.02745100 -0.02320900 0.00000000
v -0.02761900 -0.02000000 0.00000000
v -0.03200000 0.00600000 0.00000000
v -0.03253600 0.00800000 0.00000000
v -0.02752700 0.01088300 0.00000000
v -0.02897800 -0.02250000 0.00000000
v -0.02813600 -0.02268600 0.00000000
v -0.02761900 0.02000000 0.00000000
v -0.02897800 0.02250000 0.00000000
v -0.01588400 -0.03224700 0.00000000
v -0.02060400 -0.02945600 0.00000000
v -0.01300000 -0.03045300 0.00000000
v -0.01300000 -0.02659200 0.00000000
v -0.03167300 -0.01263400 0.00000000
v -0.03298900 -0.00863300 0.00000000
v -0.03253600 -0.00800000 0.00000000
v -0.01300000 -0.02659200 0.00000000
v -0.01742800 -0.02392500 0.00000000
v -0.02159700 -0.02024100 0.00000000
v -0.01742800 0.02392500 0.00000000
v -0.02159700 0.02024100 0.00000000
v -0.02987400 0.01644200 0.00000000
v -0.02500400 0.01584200 0.00000000
v -0.03167300 0.01263400 0.00000000
v -0.03298900 0.00863300 0.00000000
v -0.02813600 0.02268600 0.00000000
v -0.02745100 0.02320900 0.00000000
v -0.02484400 0.02598000 0.00000000
v -0.02500400 -0.01584200 0.00000000
v -0.02987400 -0.01644200 0.00000000
v -0.02752700 -0.01088300 0.00000000
v -0.02907700 -0.00553900 0.00000000
v -0.03200000 -0.00600000 0.00000000
v -0.02960000 -0.00000000 0.00000000
v -0.02907700 0.00553900 0.00000000
v -0.02752700 0.01088300 0.00000000
v -0.01325200 -0.03142400 0.00000000
v -0.01394300 -0.03215100 0.00000000
v -0.01300000 -0.03045300 0.00000000
v -0.01490100 -0.03245100 0.00000000
v -0.01394300 0.03215100 0.00000000
v -0.01325200 0.03142400 0.00000000
v -0.01490100 0.03245100 0.00000000
v -0.01588400 0.03224700 0.00000000
v -0.01300000 -0.03045300 0.04800000
v -0.01300000 -0.02659200 0.04800000
v -0.01742800 -0.02392500 0.04800000
v -0.02484400 -0.02598000 0.04800000
v -0.02484400 -0.02598000 0.04800000
v -0.02484400 -0.02598000 0.04800000
v -0.02484400 -0.02598000 0.04800000
v -0.02159700 -0.02024100 0.04800000
v -0.02159700 -0.02024100 0.04800000
v -0.02500400 -0.01584200 0.04800000
v -0.02500400 -0.01584200 0.04800000
v -0.03876500 0.01084800 0.04800000
v -0.03876500 0.01084800 0.04800000
v -0.03685000 0.00747200 0.04800000
v -0.03685000 0.00747200 0.04800000
v -0.03685000 0.00747200 0.04800000
v -0.03685000 0.00747200 0.04800000
v -0.03800000 0.01100000 0.04800000
v -0.03800000 0.01100000 0.04800000
v -0.03800000 0.01100000 0.04800000
v -0.03600000 0.00770000 0.04800000
v -0.03600000 0.00770000 0.04800000
v -0.03515000 0.00747200 0.04800000
v -0.03515000 0.00747200 0.04800000
v -0.03515000 0.00747200 0.04800000
v -0.03485900 0.01116300 0.04800000
v -0.03565100 0.01100000 0.04800000
v -0.03150600 -0.01730800 0.04800000
v -0.03150600 -0.01730800 0.04800000
v -0.02850700 -0.02189900 0.04800000
v -0.02907700 0.00553900 0.04800000
v -0.02907700 0.00553900 0.04800000
v -0.02752700 0.01088300 0.04800000
v -0.02752700 0.01088300 0.04800000
v -0.02752700 0.01088300 0.04800000
v -0.03515000 -0.00452800 0.04800000
v -0.03515000 -0.00452800 0.04800000
v -0.03515000 -0.00452800 0.04800000
v -0.03430000 0.00600000 0.04800000
v -0.03430000 0.00600000 0.04800000
v -0.03430000 0.00600000 0.04800000
v -0.03600000 -0.00430000 0.04800000
v -0.03600000 -0.00430000 0.04800000
v -0.03452800 0.00515000 0.04800000
v -0.03452800 0.00515000 0.04800000
v -0.03452800 0.00515000 0.04800000
v -0.03685000 -0.00452800 0.04800000
v -0.03685000 -0.00452800 0.04800000
v -0.03747200 -0.00515000 0.04800000
v -0.03747200 -0.00515000 0.04800000
v -0.03747200 -0.00515000 0.04800000
v -0.01742800 -0.02392500 0.04800000
v -0.02060400 -0.02945600 0.04800000
v -0.03515000 -0.00747200 0.04800000
v -0.03515000 -0.00747200 0.04800000
v -0.03600000 -0.00770000 0.04800000
v -0.03600000 -0.00770000 0.04800000
v -0.03600000 -0.00770000 0.04800000
v -0.03565100 -0.01100000 0.04800000
v -0.03565100 -0.01100000 0.04800000
v -0.03565100 -0.01100000 0.04800000
v -0.03800000 -0.01100000 0.04800000
v -0.03800000 -0.01100000 0.04800000
v -0.03685000 -0.00747200 0.04800000
v -0.03685000 -0.00747200 0.04800000
v -0.03685000 -0.00747200 0.04800000
v -0.03685000 -0.00747200 0.04800000
v -0.03876500 -0.01084800 0.04800000
v -0.03876500 -0.01084800 0.04800000
v -0.02850700 0.02189900 0.04800000
v -0.03150600 0.01730800 0.04800000
v -0.02484400 0.02598000 0.04800000
v -0.02484400 0.02598000 0.04800000
v -0.02484400 0.02598000 0.04800000
v -0.03377200 0.01231500 0.04800000
v -0.03377200 0.01231500 0.04800000
v -0.03377200 0.01231500 0.04800000
v -0.03419600 0.01162700 0.04800000
v -0.03419600 0.01162700 0.04800000
v -0.01742800 0.02392500 0.04800000
v -0.01742800 0.02392500 0.04800000
v -0.02060400 0.02945600 0.04800000
v -0.02060400 0.02945600 0.04800000
v -0.02159700 0.02024100 0.04800000
v -0.02159700 0.02024100 0.04800000
v -0.02159700 0.02024100 0.04800000
v -0.02500400 0.01584200 0.04800000
v -0.02500400 0.01584200 0.04800000
v -0.03515000 0.00747200 0.04800000
v -0.03515000 0.00747200 0.04800000
v -0.03452800 0.00685000 0.04800000
v -0.03452800 0.00685000 0.04800000
v -0.01394300 -0.03215100 0.04800000
v -0.01325200 -0.03142400 0.04800000
v -0.01325200 -0.03142400 0.04800000
v -0.01490100 -0.03245100 0.04800000
v -0.01490100 -0.03245100 0.04800000
v -0.01588400 -0.03224700 0.04800000
v -0.03485900 -0.01116300 0.04800000
v -0.03485900 -0.01116300 0.04800000
v -0.03515000 -0.00747200 0.04800000
v -0.03515000 -0.00747200 0.04800000
v -0.03515000 -0.00747200 0.04800000
v -0.03515000 -0.00747200 0.04800000
v -0.03419600 -0.01162700 0.04800000
v -0.03419600 -0.01162700 0.04800000
v -0.03377200 -0.01231500 0.04800000
v -0.03377200 -0.01231500 0.04800000
v -0.03377200 -0.01231500 0.04800000
v -0.04000000 0.00900000 0.04800000
v -0.04000000 0.00900000 0.04800000
v -0.04000000 0.00900000 0.04800000
v -0.03747200 0.00685000 0.04800000
v -0.03747200 0.00685000 0.04800000
v -0.03747200 0.00685000 0.04800000
v -0.03984800 0.00976500 0.04800000
v -0.03984800 0.00976500 0.04800000
v -0.03941400 0.01041400 0.04800000
v -0.03770000 -0.00600000 0.04800000
v -0.03770000 -0.00600000 0.04800000
v -0.03770000 -0.00600000 0.04800000
v -0.04000000 -0.00900000 0.04800000
v -0.04000000 -0.00900000 0.04800000
v -0.04000000 -0.00900000 0.04800000
v -0.03747200 -0.00685000 0.04800000
v -0.03747200 -0.00685000 0.04800000
v -0.03984800 -0.00976500 0.04800000
v -0.03984800 -0.00976500 0.04800000
v -0.03984800 -0.00976500 0.04800000
v -0.03941400 -0.01041400 0.04800000
v -0.03941400 -0.01041400 0.04800000
v -0.02960000 -0.00000000 0.04800000
v -0.02960000 -0.00000000 0.04800000
v -0.02960000 -0.00000000 0.04800000
v -0.03452800 -0.00515000 0.04800000
v -0.03452800 -0.00515000 0.04800000
v -0.03452800 -0.00515000 0.04800000
v -0.02907700 -0.00553900 0.04800000
v -0.02907700 -0.00553900 0.04800000
v -0.02907700 -0.00553900 0.04800000
v -0.03430000 -0.00600000 0.04800000
v -0.03430000 -0.00600000 0.04800000
v -0.03430000 -0.00600000 0.04800000
v -0.02752700 -0.01088300 0.04800000
v -0.02752700 -0.01088300 0.04800000
v -0.02752700 -0.01088300 0.04800000
v -0.03452800 -0.00685000 0.04800000
v -0.03452800 -0.00685000 0.04800000
v -0.03452800 -0.00685000 0.04800000
v -0.03515000 0.00452800 0.04800000
v -0.03515000 0.00452800 0.04800000
v -0.03600000 0.00430000 0.04800000
v -0.03600000 0.00430000 0.04800000
v -0.03600000 0.00430000 0.04800000
v -0.03685000 0.00452800 0.04800000
v -0.03685000 0.00452800 0.04800000
v -0.03685000 0.00452800 0.04800000
v -0.03747200 0.00515000 0.04800000
v -0.03747200 0.00515000 0.04800000
v -0.03747200 0.00515000 0.04800000
v -0.03770000 0.00600000 0.04800000
v -0.03770000 0.00600000 0.04800000
v -0.01394300 0.03215100 0.04800000
v -0.01490100 0.03245100 0.04800000
v -0.01490100 0.03245100 0.04800000
v -0.01325200 0.03142400 0.04800000
v -0.01325200 0.03142400 0.04800000
v -0.01325200 0.03142400 0.04800000
v -0.01588400 0.03224700 0.04800000
v -0.01588400 0.03224700 0.04800000
v -0.01300000 0.03045300 0.04800000
v -0.01300000 0.02659200 0.04800000
v -0.03005000 0.01100000 0.04200000
v -0.03005000 0.01100000 0.03700000
v -0.03010400 0.01100000 0.03731600
v -0.03026000 0.01100000 0.03759600
v -0.03050300 0.01100000 0.03781800
v -0.03070700 0.01100000 0.03792400
v -0.03800000 0.01100000 0.04800000
v -0.03565100 0.01100000 0.04800000
v -0.03800000 0.01100000 0.03800000
v -0.03565100 0.01100000 0.04200000
v -0.03111300 0.01100000 0.03800000
v -0.03082000 0.01100000 0.03796100
v -0.03074400 -0.01100000 0.03793800
v -0.03041700 -0.01100000 0.03775600
v -0.03041700 -0.01100000 0.03775600
v -0.03005000 -0.01100000 0.04200000
v -0.03018100 -0.01100000 0.03748000
v -0.03018100 -0.01100000 0.03748000
v -0.03005000 -0.01100000 0.04200000
v -0.03005000 -0.01100000 0.04200000
v -0.03005000 -0.01100000 0.04200000
v -0.03006300 -0.01100000 0.03715900
v -0.03006300 -0.01100000 0.03715900
v -0.03005000 -0.01100000 0.03700000
v -0.03565100 -0.01100000 0.04800000
v -0.03800000 -0.01100000 0.04800000
v -0.03565100 -0.01100000 0.04300000
v -0.03800000 -0.01100000 0.03800000
v -0.03800000 -0.01100000 0.03800000
v -0.03111300 -0.01100000 0.04300000
v -0.03111300 -0.01100000 0.04300000
v -0.03111300 -0.01100000 0.03800000
v -0.03111300 -0.01100000 0.03800000
v -0.03111300 -0.01100000 0.03800000
v -0.03111300 -0.01100000 0.03800000
v -0.03111300 -0.01100000 0.03800000
v -0.03111300 -0.01100000 0.03800000
v -0.03082000 -0.01100000 0.04296100
v -0.03082000 -0.01100000 0.04296100
v -0.03058200 -0.01100000 0.04286600
v -0.03058200 -0.01100000 0.04286600
v -0.03010400 -0.01100000 0.04231600
v -0.03010400 -0.01100000 0.04231600
v -0.03019300 -0.01100000 0.04250000
v -0.03019300 -0.01100000 0.04250000
v -0.03026000 -0.01100000 0.04259600
v -0.03026000 -0.01100000 0.04259600
v -0.03050300 -0.01100000 0.04281800
v -0.03050300 -0.01100000 0.04281800
v -0.04000000 0.00900000 0.03800000
v -0.04000000 -0.00900000 0.03800000
v -0.04000000 0.00900000 0.04800000
v -0.04000000 -0.00900000 0.04800000
v -0.03515000 0.00452800 0.03800000
v -0.03515000 0.00452800 0.03800000
v -0.03452800 0.00515000 0.03800000
v -0.03276900 0.00389700 0.03800000
v -0.03876500 -0.01084800 0.03800000
v -0.03685000 -0.00747200 0.03800000
v -0.03685000 -0.00747200 0.03800000
v -0.03685000 -0.00747200 0.03800000
v -0.03800000 -0.01100000 0.03800000
v -0.03800000 -0.01100000 0.03800000
v -0.03600000 -0.00770000 0.03800000
v -0.03600000 -0.00770000 0.03800000
v -0.03111300 -0.01100000 0.03800000
v -0.03515000 -0.00747200 0.03800000
v -0.03207900 -0.00774000 0.03800000
v -0.04000000 -0.00900000 0.03800000
v -0.04000000 -0.00900000 0.03800000
v -0.04000000 -0.00900000 0.03800000
v -0.03747200 -0.00685000 0.03800000
v -0.03747200 -0.00685000 0.03800000
v -0.03747200 -0.00685000 0.03800000
v -0.03984800 -0.00976500 0.03800000
v -0.03984800 -0.00976500 0.03800000
v -0.03941400 -0.01041400 0.03800000
v -0.03452800 -0.00685000 0.03800000
v -0.03430000 -0.00600000 0.03800000
v -0.03430000 -0.00600000 0.03800000
v -0.03430000 -0.00600000 0.03800000
v -0.03276900 -0.00389700 0.03800000
v -0.03300000 -0.00000000 0.03800000
v -0.03207900 0.00774000 0.03800000
v -0.03984800 0.00976500 0.03800000
v -0.03941400 0.01041400 0.03800000
v -0.03876500 0.01084800 0.03800000
v -0.03876500 0.01084800 0.03800000
v -0.03876500 0.01084800 0.03800000
v -0.03600000 0.00430000 0.03800000
v -0.03600000 0.00430000 0.03800000
v -0.03600000 0.00430000 0.03800000
v -0.03452800 -0.00515000 0.03800000
v -0.03452800 -0.00515000 0.03800000
v -0.03452800 -0.00515000 0.03800000
v -0.03685000 0.00452800 0.03800000
v -0.03685000 0.00452800 0.03800000
v -0.03515000 -0.00452800 0.03800000
v -0.03515000 -0.00452800 0.03800000
v -0.03515000 -0.00452800 0.03800000
v -0.03747200 0.00515000 0.03800000
v -0.03770000 0.00600000 0.03800000
v -0.03770000 0.00600000 0.03800000
v -0.03770000 0.00600000 0.03800000
v -0.03770000 0.00600000 0.03800000
v -0.03685000 0.00747200 0.03800000
v -0.03685000 0.00747200 0.03800000
v -0.03747200 0.00685000 0.03800000
v -0.03747200 0.00685000 0.03800000
v -0.04000000 0.00900000 0.03800000
v -0.04000000 0.00900000 0.03800000
v -0.04000000 0.00900000 0.03800000
v -0.03600000 0.00770000 0.03800000
v -0.03600000 0.00770000 0.03800000
v -0.03600000 0.00770000 0.03800000
v -0.03800000 0.01100000 0.03800000
v -0.03800000 0.01100000 0.03800000
v -0.03800000 0.01100000 0.03800000
v -0.03515000 0.00747200 0.03800000
v -0.03515000 0.00747200 0.03800000
v -0.03111300 0.01100000 0.03800000
v -0.03452800 0.00685000 0.03800000
v -0.03430000 0.00600000 0.03800000
v -0.03600000 -0.00430000 0.03800000
v -0.03600000 -0.00430000 0.03800000
v -0.03685000 -0.00452800 0.03800000
v -0.03685000 -0.00452800 0.03800000
v -0.03685000 -0.00452800 0.03800000
v -0.03747200 -0.00515000 0.03800000
v -0.03747200 -0.00515000 0.03800000
v -0.03747200 -0.00515000 0.03800000
v -0.03770000 -0.00600000 0.03800000
v -0.03770000 -0.00600000 0.03800000
v -0.03770000 -0.00600000 0.03800000
v -0.03770000 -0.00600000 0.04800000
v -0.03770000 -0.00600000 0.04800000
v -0.03747200 -0.00685000 0.03800000
v -0.03747200 -0.00685000 0.03800000
v -0.03747200 -0.00685000 0.04800000
v -0.03747200 -0.00685000 0.03800000
v -0.03747200 -0.00685000 0.04800000
v -0.03747200 -0.00685000 0.04800000
v -0.03685000 -0.00747200 0.03800000
v -0.03685000 -0.00747200 0.03800000
v -0.03685000 -0.00747200 0.04800000
v -0.03685000 -0.00747200 0.03800000
v -0.03685000 -0.00747200 0.04800000
v -0.03600000 -0.00770000 0.03800000
v -0.03600000 -0.00770000 0.04800000
v -0.03600000 -0.00770000 0.03800000
v -0.03600000 -0.00770000 0.04800000
v -0.03515000 -0.00747200 0.03800000
v -0.03515000 -0.00747200 0.04800000
v -0.03515000 -0.00747200 0.03800000
v -0.03515000 -0.00747200 0.04800000
v -0.03515000 -0.00747200 0.04800000
v -0.03452800 -0.00685000 0.03800000
v -0.03452800 -0.00685000 0.03800000
v -0.03452800 -0.00685000 0.04800000
v -0.03452800 -0.00685000 0.03800000
v -0.03452800 -0.00685000 0.04800000
v -0.03452800 -0.00685000 0.04800000
v -0.03430000 -0.00600000 0.03800000
v -0.03430000 -0.00600000 0.03800000
v -0.03430000 -0.00600000 0.04800000
v -0.03430000 -0.00600000 0.03800000
v -0.03430000 -0.00600000 0.04800000
v -0.03430000 -0.00600000 0.04800000
v -0.03452800 -0.00515000 0.03800000
v -0.03452800 -0.00515000 0.03800000
v -0.03452800 -0.00515000 0.04800000
v -0.03452800 -0.00515000 0.03800000
v -0.03452800 -0.00515000 0.04800000
v -0.03452800 -0.00515000 0.04800000
v -0.03515000 -0.00452800 0.03800000
v -0.03515000 -0.00452800 0.03800000
v -0.03515000 -0.00452800 0.04800000
v -0.03515000 -0.00452800 0.03800000
v -0.03515000 -0.00452800 0.04800000
v -0.03515000 -0.00452800 0.04800000
v -0.03600000 -0.00430000 0.03800000
v -0.03600000 -0.00430000 0.03800000
v -0.03600000 -0.00430000 0.04800000
v -0.03600000 -0.00430000 0.03800000
v -0.03600000 -0.00430000 0.04800000
v -0.03600000 -0.00430000 0.04800000
v -0.03685000 -0.00452800 0.03800000
v -0.03685000 -0.00452800 0.03800000
v -0.03685000 -0.00452800 0.04800000
v -0.03685000 -0.00452800 0.03800000
v -0.03685000 -0.00452800 0.04800000
v -0.03685000 -0.00452800 0.04800000
v -0.03747200 -0.00515000 0.03800000
v -0.03747200 -0.00515000 0.03800000
v -0.03747200 -0.00515000 0.04800000
v -0.03747200 -0.00515000 0.03800000
v -0.03747200 -0.00515000 0.04800000
v -0.03747200 -0.00515000 0.04800000
v -0.03770000 -0.00600000 0.03800000
v -0.03770000 -0.00600000 0.03800000
v -0.03770000 -0.00600000 0.04800000
v -0.03770000 0.00600000 0.03800000
v -0.03770000 0.00600000 0.04800000
v -0.03770000 0.00600000 0.04800000
v -0.03747200 0.00515000 0.03800000
v -0.03747200 0.00515000 0.03800000
v -0.03747200 0.00515000 0.04800000
v -0.03747200 0.00515000 0.03800000
v -0.03747200 0.00515000 0.04800000
v -0.03747200 0.00515000 0.04800000
v -0.03685000 0.00452800 0.03800000
v -0.03685000 0.00452800 0.03800000
v -0.03685000 0.00452800 0.04800000
v -0.03685000 0.00452800 0.03800000
v -0.03685000 0.00452800 0.04800000
v -0.03685000 0.00452800 0.04800000
v -0.03600000 0.00430000 0.03800000
v -0.03600000 0.00430000 0.03800000
v -0.03600000 0.00430000 0.04800000
v -0.03600000 0.00430000 0.03800000
v -0.03600000 0.00430000 0.04800000
v -0.03600000 0.00430000 0.04800000
v -0.03515000 0.00452800 0.03800000
v -0.03515000 0.00452800 0.03800000
v -0.03515000 0.00452800 0.04800000
v -0.03515000 0.00452800 0.03800000
v -0.03515000 0.00452800 0.04800000
v -0.03515000 0.00452800 0.04800000
v -0.03452800 0.00515000 0.03800000
v -0.03452800 0.00515000 0.03800000
v -0.03452800 0.00515000 0.04800000
v -0.03452800 0.00515000 0.03800000
v -0.03452800 0.00515000 0.04800000
v -0.03452800 0.00515000 0.04800000
v -0.03430000 0.00600000 0.03800000
v -0.03430000 0.00600000 0.03800000
v -0.03430000 0.00600000 0.04800000
v -0.03430000 0.00600000 0.03800000
v -0.03430000 0.00600000 0.04800000
v -0.03452800 0.00685000 0.03800000
v -0.03452800 0.00685000 0.04800000
v -0.03452800 0.00685000 0.03800000
v -0.03452800 0.00685000 0.04800000
v -0.03452800 0.00685000 0.04800000
v -0.03515000 0.00747200 0.03800000
v -0.03515000 0.00747200 0.03800000
v -0.03515000 0.00747200 0.04800000
v -0.03515000 0.00747200 0.03800000
v -0.03515000 0.00747200 0.04800000
v -0.03600000 0.00770000 0.03800000
v -0.03600000 0.00770000 0.04800000
v -0.03600000 0.00770000 0.03800000
v -0.03600000 0.00770000 0.04800000
v -0.03685000 0.00747200 0.03800000
v -0.03685000 0.00747200 0.04800000
v -0.03685000 0.00747200 0.03800000
v -0.03685000 0.00747200 0.04800000
v -0.03685000 0.00747200 0.04800000
v -0.03747200 0.00685000 0.03800000
v -0.03747200 0.00685000 0.03800000
v -0.03747200 0.00685000 0.04800000
v -0.03747200 0.00685000 0.03800000
v -0.03747200 0.00685000 0.04800000
v -0.03747200 0.00685000 0.04800000
v -0.03770000 0.00600000 0.03800000
v -0.03770000 0.00600000 0.03800000
v -0.03770000 0.00600000 0.04800000
v -0.02813600 0.02268600 0.01300000
v -0.02813600 0.02268600 0.00000000
v -0.02813600 0.02268600 0.01300000
v -0.02813600 0.02268600 0.00000000
v -0.02813600 -0.02268600 0.01300000
v -0.02813600 -0.02268600 0.00000000
v -0.02813600 -0.02268600 0.01300000
v -0.02813600 -0.02268600 0.00000000
v -0.03419600 -0.01162700 0.04300000
v -0.03419600 -0.01162700 0.04800000
v -0.03419600 -0.01162700 0.04300000
v -0.03419600 -0.01162700 0.04800000
v -0.03419600 -0.01162700 0.04800000
v -0.03485900 -0.01116300 0.04300000
v -0.03485900 -0.01116300 0.04300000
v -0.03485900 -0.01116300 0.04800000
v -0.03485900 -0.01116300 0.04300000
v -0.03485900 -0.01116300 0.04800000
v -0.03466500 0.01126000 0.04267300
v -0.03527300 0.01103600 0.04226600
v -0.03565100 0.01100000 0.04800000
v -0.03534600 0.01102300 0.04221400
v -0.03564300 0.01100000 0.04200500
v -0.03485900 0.01116300 0.04800000
v -0.03466500 0.01126000 0.04267300
v -0.03485900 0.01116300 0.04800000
v -0.03419600 0.01162700 0.04800000
v -0.03422300 0.01159900 0.04291600
v -0.03377200 0.01231500 0.04300000
v -0.03391800 0.01200000 0.04300000
v -0.03984800 0.00976500 0.04800000
v -0.03984800 0.00976500 0.03800000
v -0.03941400 0.01041400 0.04800000
v -0.03941400 0.01041400 0.03800000
v -0.03941400 0.01041400 0.03800000
v -0.03941400 0.01041400 0.03800000
v -0.03941400 0.01041400 0.04800000
v -0.03876500 0.01084800 0.04800000
v -0.03876500 0.01084800 0.04800000
v -0.03876500 0.01084800 0.03800000
v -0.03876500 0.01084800 0.03800000
v -0.03876500 0.01084800 0.04800000
v -0.03876500 -0.01084800 0.04800000
v -0.03876500 -0.01084800 0.04800000
v -0.03876500 -0.01084800 0.03800000
v -0.03941400 -0.01041400 0.04800000
v -0.03941400 -0.01041400 0.03800000
v -0.03984800 -0.00976500 0.04800000
v -0.03984800 -0.00976500 0.03800000
v -0.03984800 -0.00976500 0.03800000
v -0.03984800 -0.00976500 0.04800000
v -0.03185200 -0.00378800 0.03738300
v -0.03170700 0.00765000 0.03792400
v -0.03238900 0.00385200 0.03792400
v -0.03261700 -0.00000000 0.03792400
v -0.03238900 -0.00385200 0.03792400
v -0.03170700 -0.00765000 0.03792400
v -0.03118100 0.00752300 0.03738300
v -0.03118100 0.00752300 0.03738300
v -0.03010400 0.01100000 0.03731600
v -0.03010400 0.01100000 0.03731600
v -0.03139200 0.00757400 0.03770700
v -0.03026000 0.01100000 0.03759600
v -0.03050300 0.01100000 0.03781800
v -0.03170700 0.00765000 0.03792400
v -0.03070700 0.01100000 0.03792400
v -0.03082000 0.01100000 0.03796100
v -0.03082000 0.01100000 0.03796100
v -0.03074400 -0.01100000 0.03793800
v -0.03074400 -0.01100000 0.03793800
v -0.03170700 -0.00765000 0.03792400
v -0.03139200 -0.00757400 0.03770700
v -0.03041700 -0.01100000 0.03775600
v -0.03041700 -0.01100000 0.03775600
v -0.03139200 -0.00757400 0.03770700
v -0.03118100 -0.00752300 0.03738300
v -0.03018100 -0.01100000 0.03748000
v -0.03006300 -0.01100000 0.03715900
v -0.03238900 -0.00385200 0.03792400
v -0.03206700 -0.00381400 0.03770700
v -0.03206700 -0.00381400 0.03770700
v -0.03261700 -0.00000000 0.03792400
v -0.03229300 -0.00000000 0.03770700
v -0.03207600 -0.00000000 0.03738300
v -0.03185200 0.00378800 0.03738300
v -0.03238900 0.00385200 0.03792400
v -0.03206700 0.00381400 0.03770700
v -0.03185200 0.00378800 0.03738300
v -0.04000000 -0.00600000 0.01050000
v -0.04000000 0.00600000 0.01050000
v -0.04000000 -0.00600000 0.01300000
v -0.04000000 0.00600000 0.01300000
v -0.03421100 0.00957800 0.01041600
v -0.03398900 0.00945800 0.01032400
v -0.03400000 0.00946400 0.01300000
v -0.03298900 0.00863300 0.00850000
v -0.03298900 0.00863300 0.00000000
v -0.03253600 0.00800000 0.00000000
v -0.03327200 0.00892500 0.00962800
v -0.03306200 0.00871500 0.00909900
v -0.03253600 0.00800000 0.01306200
v -0.03291000 0.00854000 0.01300000
v -0.03364500 0.00923300 0.01009100
v -0.03347100 0.00909900 0.00991400
v -0.03218900 0.00721400 0.01327500
v -0.03200000 0.00600000 0.00000000
v -0.03213600 0.00703500 0.01333200
v -0.03200000 0.00600000 0.01361400
v -0.03946400 0.00800000 0.01300000
v -0.03946400 0.00800000 0.01050000
v -0.03946400 0.00800000 0.01300000
v -0.03946400 0.00800000 0.01050000
v -0.03946400 0.00800000 0.01050000
v -0.03800000 0.00946400 0.01300000
v -0.03800000 0.00946400 0.01300000
v -0.03800000 0.00946400 0.01050000
v -0.03800000 0.00946400 0.01300000
v -0.03800000 0.00946400 0.01050000
v -0.03800000 0.00946400 0.01050000
v -0.03600000 0.01000000 0.01300000
v -0.03600000 0.01000000 0.01300000
v -0.03600000 0.01000000 0.01050000
v -0.03600000 0.01000000 0.01300000
v -0.03600000 0.01000000 0.01050000
v -0.03474500 0.00979800 0.01050000
v -0.03946400 -0.00800000 0.01050000
v -0.03946400 -0.00800000 0.01300000
v -0.03946400 -0.00800000 0.01050000
v -0.03946400 -0.00800000 0.01300000
v -0.03946400 -0.00800000 0.01300000
v -0.03800000 -0.00946400 0.01050000
v -0.03800000 -0.00946400 0.01050000
v -0.03800000 -0.00946400 0.01300000
v -0.03800000 -0.00946400 0.01050000
v -0.03800000 -0.00946400 0.01300000
v -0.03800000 -0.00946400 0.01300000
v -0.03600000 -0.01000000 0.01050000
v -0.03600000 -0.01000000 0.01050000
v -0.03600000 -0.01000000 0.01300000
v -0.03600000 -0.01000000 0.01050000
v -0.03600000 -0.01000000 0.01300000
v -0.03474500 -0.00979800 0.01050000
v -0.03400000 -0.00946400 0.01300000
v -0.03416400 -0.00955400 0.01040000
v -0.03399200 -0.00946000 0.01032600
v -0.03298900 -0.00863300 0.00850000
v -0.03304100 -0.00869200 0.00900600
v -0.03253600 -0.00800000 0.01306200
v -0.03328800 -0.00894000 0.00965600
v -0.03328800 -0.00894000 0.00965600
v -0.03253600 -0.00800000 0.01306200
v -0.03347100 -0.00909900 0.00991400
v -0.03367700 -0.00925600 0.01011900
v -0.03291000 -0.00854000 0.01300000
v -0.03298900 -0.00863300 0.00000000
v -0.03253600 -0.00800000 0.00000000
v -0.03200000 -0.00600000 0.00000000
v -0.03213600 -0.00703500 0.01333200
v -0.03200000 -0.00600000 0.01361400
v -0.03007900 0.01104200 0.04228800
v -0.03007900 0.01104200 0.04228800
v -0.03527300 0.01103600 0.04226600
v -0.03466500 0.01126000 0.04267300
v -0.03025500 0.01129400 0.04270800
v -0.03016100 0.01115900 0.04254200
v -0.03422300 0.01159900 0.04291600
v -0.03073700 0.01199500 0.04300000
v -0.03047500 0.01161200 0.04292200
v -0.03422300 0.01159900 0.04291600
v -0.03047500 0.01161200 0.04292200
v -0.03029000 0.01134500 0.04275500
v -0.02152200 0.02378400 0.04238300
v -0.01846800 0.02622600 0.04238300
v -0.02188600 0.02418500 0.04292400
v -0.01878000 0.02666800 0.04292400
v -0.01859300 0.02640300 0.04270700
v -0.02909100 0.01475100 0.04292400
v -0.02909100 0.01475100 0.04292400
v -0.03029000 0.01134500 0.04275500
v -0.02880200 0.01460400 0.04270700
v -0.03025500 0.01129400 0.04270800
v -0.02860900 0.01450600 0.04238300
v -0.03016100 0.01115900 0.04254200
v -0.03007900 0.01104200 0.04228800
v -0.01878000 0.02666800 0.04292400
v -0.01878000 0.02666800 0.04292400
v -0.02188600 0.02418500 0.04292400
v -0.02442100 0.02112900 0.04270700
v -0.02681100 0.01800000 0.04270700
v -0.02708000 0.01818100 0.04292400
v -0.02708000 0.01818100 0.04292400
v -0.02466600 0.02134200 0.04292400
v -0.02466600 0.02134200 0.04292400
v -0.02166800 0.02394400 0.04270700
v -0.02152200 0.02378400 0.04238300
v -0.02425700 0.02098800 0.04238300
v -0.02663100 0.01788000 0.04238300
v -0.01859300 0.02640300 0.04270700
v -0.01859300 0.02640300 0.04270700
v -0.01848000 0.02624300 0.04242800
v -0.01300000 0.02608000 0.04754000
v -0.01300000 0.02659200 0.04800000
v -0.01742800 0.02392500 0.04800000
v -0.01742800 -0.02392500 0.04800000
v -0.01300000 -0.02659200 0.04800000
v -0.01300000 -0.02608000 0.04754000
v -0.01306400 -0.02572800 0.04725500
v -0.01324700 -0.02542100 0.04706600
v -0.01352700 -0.02519900 0.04700000
v -0.01683900 -0.02311700 0.04700000
v -0.01817600 -0.02208100 0.04700000
v -0.02159700 -0.02024100 0.04800000
v -0.02086800 -0.01955700 0.04700000
v -0.02212900 -0.01811800 0.04700000
v -0.02500400 -0.01584200 0.04800000
v -0.02500400 -0.01584200 0.04800000
v -0.02415900 -0.01530700 0.04700000
v -0.02523400 -0.01346100 0.04700000
v -0.02523400 -0.01346100 0.04700000
v -0.02752700 -0.01088300 0.04800000
v -0.02659700 -0.01051500 0.04700000
v -0.02737200 -0.00828900 0.04700000
v -0.02907700 -0.00553900 0.04800000
v -0.02907700 -0.00553900 0.04800000
v -0.02737200 -0.00828900 0.04700000
v -0.02809500 -0.00535200 0.04700000
v -0.02846300 -0.00279900 0.04700000
v -0.02960000 -0.00000000 0.04800000
v -0.02960000 -0.00000000 0.04800000
v -0.02846300 -0.00279900 0.04700000
v -0.02860000 -0.00000000 0.04700000
v -0.02907700 0.00553900 0.04800000
v -0.02907700 0.00553900 0.04800000
v -0.02907700 0.00553900 0.04800000
v -0.02860000 -0.00000000 0.04700000
v -0.02846300 0.00279900 0.04700000
v -0.02809500 0.00535200 0.04700000
v -0.02809500 0.00535200 0.04700000
v -0.02752700 0.01088300 0.04800000
v -0.02737200 0.00828900 0.04700000
v -0.02659700 0.01051500 0.04700000
v -0.02500400 0.01584200 0.04800000
v -0.02523400 0.01346100 0.04700000
v -0.02415900 0.01530700 0.04700000
v -0.02159700 0.02024100 0.04800000
v -0.02212900 0.01811800 0.04700000
v -0.02086800 0.01955700 0.04700000
v -0.01324700 0.02542100 0.04706600
v -0.01306400 0.02572800 0.04725500
v -0.01352700 0.02519900 0.04700000
v -0.01683900 0.02311700 0.04700000
v -0.01817600 0.02208100 0.04700000
v -0.01300000 -0.02608000 0.00046000
v -0.01300000 -0.02659200 0.00000000
v -0.01742800 -0.02392500 0.00000000
v -0.01742800 0.02392500 0.00000000
v -0.01300000 0.02659200 0.00000000
v -0.01300000 0.02608000 0.00046000
v -0.01306400 0.02572800 0.00074500
v -0.01324700 0.02542100 0.00093400
v -0.01352700 0.02519900 0.00100000
v -0.01683900 0.02311700 0.00100000
v -0.01817600 0.02208100 0.00100000
v -0.02159700 0.02024100 0.00000000
v -0.02086800 0.01955700 0.00100000
v -0.02212900 0.01811800 0.00100000
v -0.02500400 0.01584200 0.00000000
v -0.02415900 0.01530700 0.00100000
v -0.02523400 0.01346100 0.00100000
v -0.02752700 0.01088300 0.00000000
v -0.02659700 0.01051500 0.00100000
v -0.02737200 0.00828900 0.00100000
v -0.02907700 0.00553900 0.00000000
v -0.02809500 0.00535200 0.00100000
v -0.02846300 0.00279900 0.00100000
v -0.02960000 -0.00000000 0.00000000
v -0.02860000 -0.00000000 0.00100000
v -0.02907700 -0.00553900 0.00000000
v -0.02846300 -0.00279900 0.00100000
v -0.02809500 -0.00535200 0.00100000
v -0.02752700 -0.01088300 0.00000000
v -0.02737200 -0.00828900 0.00100000
v -0.02659700 -0.01051500 0.00100000
v -0.02500400 -0.01584200 0.00000000
v -0.02523400 -0.01346100 0.00100000
v -0.02415900 -0.01530700 0.00100000
v -0.02159700 -0.02024100 0.00000000
v -0.02212900 -0.01811800 0.00100000
v -0.02086800 -0.01955700 0.00100000
v -0.01324700 -0.02542100 0.00093400
v -0.01306400 -0.02572800 0.00074500
v -0.01352700 -0.02519900 0.00100000
v -0.01683900 -0.02311700 0.00100000
v -0.01817600 -0.02208100 0.00100000
v -0.01300000 0.02608000 0.04754000
v -0.01300000 0.02608000 0.00046000
v -0.01300000 0.02659200 0.04800000
v -0.01300000 0.02659200 0.00000000
v -0.01300000 0.03045300 0.04800000
v -0.01300000 0.03045300 0.00000000
v -0.01300000 -0.03045300 0.04800000
v -0.01300000 -0.03045300 0.00000000
v -0.01300000 -0.02659200 0.00000000
v -0.01300000 -0.02608000 0.00046000
v -0.01300000 -0.02608000 0.04754000
v -0.01300000 -0.02659200 0.04800000
v -0.01800000 -0.03111600 0.04200000
v -0.01800000 -0.02698100 0.04200000
v -0.01800000 -0.03111600 0.01400000
v -0.01800000 -0.02698100 0.01500000
v -0.01800000 -0.02769600 0.01408900
v -0.01800000 -0.02776000 0.01406700
v -0.01800000 -0.02819600 0.01400000
v -0.01800000 -0.02698600 0.01491500
v -0.01800000 -0.02708400 0.01459900
v -0.01800000 -0.02728500 0.01434000
v -0.01800000 -0.02734700 0.01428600
v -0.01800000 0.02698100 0.01500000
v -0.01800000 0.02698100 0.04200000
v -0.01800000 0.03111600 0.04200000
v -0.01800000 0.02772700 0.01407800
v -0.01800000 0.02819600 0.01400000
v -0.01800000 0.03111600 0.01400000
v -0.01800000 0.02740100 0.01424500
v -0.01800000 0.02717600 0.01445900
v -0.01800000 0.02703300 0.01471300
v -0.01850000 0.02819600 0.01313400
v -0.01850000 0.02819600 0.01313400
v -0.01850000 0.02819600 0.01313400
v -0.01861700 0.03075000 0.01307600
v -0.01861700 0.03075000 0.01307600
v -0.01829300 0.02819600 0.01329300
v -0.01829300 0.03094400 0.01329300
v -0.01813400 0.02819600 0.01350000
v -0.01807600 0.03107100 0.01361700
v -0.01811200 0.02652100 0.01500000
v -0.01805000 0.02666800 0.01500000
v -0.01805400 0.02673000 0.01460100
v -0.01819700 0.02638600 0.01500000
v -0.01820900 0.02645900 0.01450200
v -0.01837800 0.02747000 0.01333800
v -0.01809900 0.02758400 0.01366700
v -0.01878100 0.02740700 0.01315600
v -0.01837800 0.02747000 0.01333800
v -0.01829700 0.02698800 0.01366500
v -0.01829700 0.02698800 0.01366500
v -0.01851800 0.02648600 0.01391800
v -0.01824300 0.02666200 0.01405600
v -0.01806300 0.02690100 0.01424400
v -0.01807700 0.02717800 0.01393100
v -0.01809900 0.02758400 0.01366700
v -0.01807700 0.02717800 0.01393100
v -0.01806300 0.02690100 0.01424400
v -0.01829600 0.02627100 0.04200000
v -0.01811200 0.02652100 0.04200000
v -0.01807700 0.02659700 0.04200000
v -0.01807700 0.02664800 0.04219200
v -0.01862400 0.02698100 0.04292600
v -0.01829600 0.02636600 0.04235500
v -0.01878000 0.02666800 0.04292400
v -0.01862400 0.02651800 0.04280200
v -0.01859300 0.02640300 0.04270700
v -0.01862400 0.02651800 0.04280200
v -0.01829600 0.02662600 0.04261500
v -0.01807700 0.02678900 0.04233300
v -0.01807700 0.02664800 0.04219200
v -0.01807700 0.02678900 0.04233300
v -0.01862400 0.02698100 0.04292600
v -0.01829600 0.02698100 0.04271000
v -0.01829600 0.02698100 0.04271000
v -0.01807700 0.02698100 0.04238500
v -0.01807700 0.02698100 0.04238500
v -0.01807600 0.03107100 0.04238300
v -0.01807600 0.03107100 0.04238300
v -0.01829300 0.03094400 0.04270700
v -0.01829300 0.03094400 0.04270700
v -0.01861700 0.03075000 0.04292400
v -0.01861700 0.03075000 0.04292400
v -0.01813400 -0.02819600 0.01350000
v -0.01807600 -0.03107100 0.01361700
v -0.01807600 -0.03107100 0.01361700
v -0.01813400 -0.02819600 0.01350000
v -0.01829300 -0.02819600 0.01329300
v -0.01829300 -0.03094400 0.01329300
v -0.01850000 -0.02819600 0.01313400
v -0.01861700 -0.03075000 0.01307600
v -0.01810200 -0.02762600 0.01364800
v -0.01811200 -0.02652100 0.01500000
v -0.01819700 -0.02638600 0.01500000
v -0.01819800 -0.02639200 0.01485300
v -0.01805000 -0.02666800 0.01500000
v -0.01822100 -0.02653100 0.01430400
v -0.01826900 -0.02682000 0.01384000
v -0.01826900 -0.02682000 0.01384000
v -0.01828400 -0.02690900 0.01374200
v -0.01837000 -0.02742300 0.01336200
v -0.01838700 -0.02752000 0.01331500
v -0.01838700 -0.02752000 0.01331500
v -0.01837000 -0.02742300 0.01336200
v -0.01809700 -0.02754500 0.01368600
v -0.01828400 -0.02690900 0.01374200
v -0.01807400 -0.02711000 0.01399300
v -0.01807000 -0.02703500 0.01407100
v -0.01805700 -0.02679100 0.01444300
v -0.01805100 -0.02667300 0.01488200
v -0.01810200 -0.02762600 0.01364800
v -0.01829600 -0.02627100 0.04200000
v -0.01811200 -0.02652100 0.04200000
v -0.01807700 -0.02659700 0.04200000
v -0.01807700 -0.02662600 0.04214700
v -0.01829600 -0.02647900 0.04250200
v -0.01829600 -0.02632500 0.04227200
v -0.01807700 -0.02662600 0.04214700
v -0.01862400 -0.02698100 0.04292600
v -0.01862400 -0.02662700 0.04285600
v -0.01829600 -0.02670900 0.04265600
v -0.01829600 -0.02698100 0.04271000
v -0.01807700 -0.02698100 0.04238500
v -0.01807700 -0.02683400 0.04235500
v -0.01807700 -0.02683400 0.04235500
v -0.01829600 -0.02670900 0.04265600
v -0.01807700 -0.02670900 0.04227200
v -0.01807700 -0.02670900 0.04227200
v -0.01861700 -0.03075000 0.04292400
v -0.01829300 -0.03094400 0.04270700
v -0.01807600 -0.03107100 0.04238300
v -0.01324700 0.02542100 0.00093400
v -0.01324700 0.02542100 0.04706600
v -0.01306400 0.02572800 0.00074500
v -0.01306400 0.02572800 0.04725500
v -0.01324700 -0.02542100 0.04706600
v -0.01324700 -0.02542100 0.00093400
v -0.01306400 -0.02572800 0.04725500
v -0.01306400 -0.02572800 0.00074500
v -0.01490100 -0.03245100 0.00000000
v -0.01490100 -0.03245100 0.04800000
v -0.01490100 -0.03245100 0.04800000
v -0.01490100 -0.03245100 0.04800000
v -0.01490100 -0.03245100 0.00000000
v -0.01394300 -0.03215100 0.00000000
v -0.01394300 -0.03215100 0.00000000
v -0.01394300 -0.03215100 0.04800000
v -0.01394300 -0.03215100 0.04800000
v -0.01394300 -0.03215100 0.04800000
v -0.01394300 -0.03215100 0.00000000
v -0.01325200 -0.03142400 0.00000000
v -0.01325200 -0.03142400 0.00000000
v -0.01325200 -0.03142400 0.04800000
v -0.01325200 -0.03142400 0.04800000
v -0.01325200 -0.03142400 0.00000000
v -0.01325200 0.03142400 0.00000000
v -0.01325200 0.03142400 0.04800000
v -0.01325200 0.03142400 0.04800000
v -0.01325200 0.03142400 0.04800000
v -0.01325200 0.03142400 0.00000000
v -0.01394300 0.03215100 0.00000000
v -0.01394300 0.03215100 0.00000000
v -0.01394300 0.03215100 0.04800000
v -0.01394300 0.03215100 0.04800000
v -0.01394300 0.03215100 0.04800000
v -0.01394300 0.03215100 0.00000000
v -0.01490100 0.03245100 0.00000000
v -0.01490100 0.03245100 0.00000000
v -0.01490100 0.03245100 0.04800000
v -0.01490100 0.03245100 0.04800000
v -0.01490100 0.03245100 0.00000000
vn -0.93928200 0.34069500 -0.04094900
vn -0.92116800 0.38189800 -0.07485500
vn -0.91010000 0.41030000 -0.05806500
vn -0.97753300 0.16428800 0.13205300
vn -0.97374200 0.20561700 -0.09771400
vn -0.95657700 0.26072000 0.13033000
vn -0.95873700 0.27881100 -0.05556800
vn -0.93193500 0.33814900 0.13096700
vn -0.89904700 0.41790700 0.13064800
vn -0.86274200 0.49314900 0.11171800
vn -0.90516000 -0.41869800 0.07332600
vn -0.92264400 -0.38565200 0.00035500
vn -0.93867600 -0.33066000 0.09772700
vn -0.95275700 -0.30100000 -0.04065800
vn -0.95726700 -0.28286100 -0.06025200
vn -0.96757100 -0.23295100 0.09767600
vn -0.97554400 -0.20532100 -0.07847000
vn -0.98553500 -0.15029400 0.07830700
vn -0.98542300 -0.13897600 -0.09811900
vn -0.98558600 -0.09886600 0.13727800
vn -0.99661100 -0.06692500 -0.04782400
vn -0.99833400 -0.00728300 0.05724500
vn -0.99736400 -0.00256500 -0.07252000
vn -0.99196200 0.07182100 0.10417700
vn -0.99357700 0.08006400 -0.07996400
vn -0.98541600 0.13892500 -0.09826300
vn -0.64008800 0.76206400 -0.09770000
vn -0.67479600 0.73516100 0.06472400
vn -0.64661200 0.75879300 -0.07827100
vn -0.60539900 0.78495800 0.13165700
vn -0.64146600 0.75593600 0.13069600
vn -0.70474800 0.70565700 -0.07333600
vn -0.70172400 0.70041700 0.13038400
vn -0.76099600 0.64341000 -0.08311900
vn -0.76001000 0.63666100 0.13056900
vn -0.80343700 0.59232000 -0.06038800
vn -0.80992500 0.57185700 0.13038900
vn -0.84342800 0.52828100 -0.09771000
vn -0.87762700 0.46916400 -0.09826600
vn -0.65431200 -0.75604600 0.01643900
vn -0.60303200 -0.78977700 -0.11227200
vn -0.63784500 -0.76426300 0.09516500
vn -0.63989300 -0.75729100 -0.13056500
vn -0.69673600 -0.71517300 0.05555700
vn -0.70035600 -0.70179300 -0.13033800
vn -0.75143000 -0.65252100 0.09781800
vn -0.75835400 -0.63862300 -0.13061500
vn -0.81513400 -0.57098200 0.09765000
vn -0.81435500 -0.56540700 -0.13092600
vn -0.86519000 -0.49530500 0.07822500
vn -0.86074200 -0.49199700 -0.13062000
vn -0.90165400 -0.41104100 -0.13440700
vn -0.92086100 -0.38177400 -0.07914300
vn -0.00000000 0.00000200 1.00000000
vn 0.00000000 0.00000000 1.00000000
vn 0.00000000 0.00000000 1.00000000
vn 0.00000000 0.00000000 1.00000000
vn 0.00000000 -0.00000100 1.00000000
vn -0.00000000 0.00000200 1.00000000
vn 0.00000000 0.00000000 1.00000000
vn 0.00000000 0.00000000 1.00000000
vn -0.00000000 0.00000100 1.00000000
vn 0.00000000 0.00000000 1.00000000
vn -0.00000000 0.00000100 1.00000000
vn -0.00000000 0.00000100 1.00000000
vn 0.00000000 -0.00000200 1.00000000
vn 0.00000000 -0.00000200 1.00000000
vn 0.00000000 0.00000000 1.00000000
vn -0.00000000 0.00000100 1.00000000
vn 0.00000000 0.00000000 1.00000000
vn 0.00000000 -0.00000100 1.00000000
vn 0.00000000 -0.00000200 1.00000000
vn 0.00000000 -0.00000100 1.00000000
vn 0.00000000 0.00000000 1.00000000
vn 0.00000000 0.00000000 1.00000000
vn 0.00000000 -0.00000100 1.00000000
vn 0.00000000 0.00000000 1.00000000
vn 0.23111300 -0.00000400 0.97292700
vn 0.00000000 0.00000000 1.00000000
vn -0.14797700 0.05127800 0.98766100
vn -0.00000000 0.00000000 1.00000000
vn -0.12544300 0.03621500 0.99144000
vn -0.16920300 0.00067600 0.98558100
vn -0.07370300 -0.08945000 0.99326100
vn -0.08537400 -0.08086500 0.99306200
vn 0.00000000 0.00000000 1.00000000
vn 0.00000000 0.00000000 1.00000000
vn -0.00000000 0.00000100 1.00000000
vn 0.00000000 0.00000000 1.00000000
vn -0.00000000 0.00000100 1.00000000
vn 0.00000000 -0.00000100 1.00000000
vn 0.00000000 0.00000000 1.00000000
vn 0.00000000 -0.00000100 1.00000000
vn -0.00000000 0.00000200 1.00000000
vn -0.09466700 -0.06980000 0.99305900
vn -0.08543100 -0.04803800 0.99518500
vn -0.10874600 -0.04478900 0.99306000
vn -0.15948000 -0.01130700 0.98713600
vn -0.14293500 0.06393000 0.98766500
vn -0.11403600 0.06345400 0.99144800
vn -0.12973200 0.08773400 0.98766000
vn -0.12159600 0.09867400 0.98766300
vn -0.15842900 0.07111900 0.98480600
vn -0.11622700 0.00324600 0.99321700
vn -0.06728500 0.15656300 0.98537300
vn 0.00000000 0.00000000 1.00000000
vn -0.08557700 0.09855600 0.99144500
vn -0.11253900 0.10885000 0.98766700
vn 0.00000000 0.00000000 1.00000000
vn 0.00000000 -0.00000000 1.00000000
vn 0.29852700 0.00000000 0.95440100
vn 0.00000000 0.00000000 1.00000000
vn 0.00000000 0.00000000 1.00000000
vn -0.15569500 -0.05356000 0.98635200
vn 0.00000000 0.00000000 1.00000000
vn -0.09802300 -0.00000000 0.99518400
vn -0.39743500 -0.38421400 0.83332100
vn -0.50767200 -0.49390600 0.70592200
vn -0.43473000 -0.51250600 0.74050500
vn -0.66097400 -0.74098100 0.11857900
vn -0.62609500 -0.71046900 0.32130700
vn -0.55330300 -0.61138800 0.56573900
vn -0.58904900 -0.67881900 0.43843600
vn -0.69016600 -0.63822900 0.34107900
vn -0.75378600 -0.53412300 0.38277800
vn -0.79352200 -0.44121100 0.41911300
vn -0.89059300 -0.42674400 0.15726900
vn -0.86731400 -0.33200000 0.37086600
vn -0.86727000 -0.33199000 0.37097800
vn -0.94614600 -0.25822700 0.19526300
vn -0.92576800 -0.15994200 0.34259600
vn -0.99741100 -0.01722100 0.06981400
vn -0.98278000 -0.06445000 0.17317400
vn -0.78645400 -0.13866300 0.60188300
vn -0.79834000 -0.19113500 0.57107000
vn -0.69293500 -0.18171000 0.69772700
vn -0.68138300 -0.27457800 0.67847200
vn -0.62186900 -0.33642500 0.70717500
vn -0.57591300 -0.41016800 0.70716800
vn -0.60371500 -0.57180300 0.55549000
vn -0.49616100 -0.11933800 0.85999000
vn -0.49628200 -0.11931900 0.85992300
vn -0.53708900 -0.14223200 0.83144800
vn -0.53709500 -0.14219700 0.83145000
vn -0.53019200 -0.16831800 0.83100300
vn -0.51405400 -0.21094400 0.83141500
vn -0.48430000 -0.27240300 0.83141500
vn -0.44723500 -0.32973900 0.83141600
vn -0.41874500 -0.36524200 0.83141500
vn -0.40341000 -0.38211100 0.83141500
vn -0.22936100 -0.26935600 0.93532900
vn -0.29455200 -0.21089800 0.93207300
vn -0.29411400 -0.02845400 0.95534700
vn -0.25723500 -0.03839100 0.96558600
vn -0.18211700 -0.06649700 0.98102600
vn -0.17385200 -0.08860500 0.98077800
vn -0.16167100 -0.10926000 0.98077800
vn -0.14698500 -0.12833600 0.98077800
vn 0.00000000 0.00000000 -1.00000000
vn -0.00000000 0.00000800 -1.00000000
vn 0.00000000 0.00000000 -1.00000000
vn -0.00000000 0.00000800 -1.00000000
vn 0.00000000 0.00000000 -1.00000000
vn 0.00000000 -0.00000800 -1.00000000
vn 0.00000000 0.00000000 -1.00000000
vn 0.00000000 0.00000000 -1.00000000
vn 0.00000000 0.00000000 -1.00000000
vn 0.00000000 -0.00000800 -1.00000000
vn 0.00000000 -0.00000800 -1.00000000
vn -0.00000000 0.00000800 -1.00000000
vn 0.00000000 0.00000000 -1.00000000
vn 0.00000000 0.00000000 -1.00000000
vn -0.10133900 -0.08224700 -0.99144600
vn -0.06574700 -0.02683600 -0.99747500
vn -0.12197200 -0.05254500 -0.99114200
vn -0.11402900 -0.06345400 -0.99144900
vn -0.12966600 -0.08769900 -0.98767200
vn -0.11255300 -0.10885600 -0.98766500
vn -0.09315100 -0.11123700 -0.98941900
vn 0.00000000 0.00000000 -1.00000000
vn -0.10531700 -0.06698500 -0.99218000
vn -0.12941500 0.00012100 -0.99159100
vn -0.23672900 -0.24498500 -0.94018200
vn -0.48181300 -0.47484500 -0.73646300
vn -0.33677100 -0.41619300 -0.84461100
vn -0.41387100 -0.50938100 -0.75448100
vn -0.69853200 -0.28311000 -0.65719200
vn -0.81298500 -0.33633400 -0.47532600
vn -0.81295000 -0.33631400 -0.47539900
vn -0.67546200 -0.31026000 -0.66894700
vn -0.88974000 -0.36421500 -0.27515500
vn -0.24889200 -0.09802900 -0.96355800
vn -0.43644500 -0.17949700 -0.88164400
vn -0.48077800 -0.20733000 -0.85197800
vn -0.58042600 -0.23541800 -0.77954000
vn -0.86953300 -0.38576100 -0.30838400
vn -0.84410200 -0.46950700 -0.25895000
vn -0.80007900 -0.54110000 -0.25900900
vn -0.75002000 -0.60864400 -0.25888600
vn -0.69427900 -0.67152500 -0.25890200
vn -0.56710200 -0.67368500 -0.47386000
vn -0.57449000 -0.71644800 -0.39580800
vn -0.50592000 -0.57249800 -0.64520600
vn -0.49382200 -0.50615300 -0.70707000
vn -0.50830300 -0.49161100 -0.70706900
vn -0.53594000 -0.46132400 -0.70707000
vn -0.54910100 -0.44557400 -0.70707300
vn -0.57401000 -0.41299000 -0.70707300
vn -0.58575200 -0.39615900 -0.70707300
vn -0.60773200 -0.36154200 -0.70707100
vn -0.61796800 -0.34375300 -0.70707100
vn -0.16516400 -0.19932600 -0.96591400
vn -0.18082900 -0.18520800 -0.96591900
vn -0.19624200 -0.16879300 -0.96591800
vn -0.21016900 -0.15110100 -0.96591800
vn -0.22248500 -0.13229600 -0.96591800
vn -0.22996500 -0.11931500 -0.96585700
vn -0.11001400 0.24837500 0.96239600
vn -0.91657600 0.12944300 0.37833000
vn -0.91661900 0.12943700 0.37822600
vn -0.99814400 0.01431600 0.05918900
vn -0.99740400 0.01718200 0.06992800
vn -0.82904100 0.07645300 0.55393700
vn -0.78833400 0.10274300 0.60660800
vn -0.73346400 0.08235100 0.67472200
vn -0.67275800 0.16139800 0.72204400
vn -0.65734800 0.11385000 0.74493700
vn -0.30969600 0.01350900 0.95074000
vn -0.27302500 0.04979400 0.96071700
vn -0.33080000 0.38224900 0.86281900
vn -0.33069700 0.38222300 0.86287000
vn -0.44094700 0.66785100 0.59961800
vn -0.40825100 0.54311400 0.73372900
vn -0.32353300 0.60608100 0.72663100
vn -0.63254200 0.71275100 0.30311100
vn -0.59921400 0.67685600 0.42756100
vn -0.42797200 0.68533400 0.58920000
vn -0.15280600 0.20899400 0.96590500
vn -0.16396900 0.20028500 0.96591900
vn -0.18079200 0.18524200 0.96591900
vn -0.19624000 0.16879000 0.96591900
vn -0.21011200 0.15117300 0.96591900
vn -0.22248100 0.13229700 0.96591900
vn -0.23313600 0.11246300 0.96591900
vn -0.24201200 0.09181900 0.96591900
vn -0.44796700 0.54715400 0.70707000
vn -0.46365400 0.53392700 0.70707000
vn -0.49381900 0.50615600 0.70707000
vn -0.50829800 0.49161400 0.70707100
vn -0.53594600 0.46131700 0.70707100
vn -0.54910500 0.44557200 0.70707100
vn -0.57401100 0.41299100 0.70707100
vn -0.58575300 0.39616200 0.70707100
vn -0.60773700 0.36153400 0.70707000
vn -0.61797200 0.34374900 0.70707000
vn -0.63685900 0.30734800 0.70707000
vn -0.64550700 0.28874100 0.70707000
vn -0.66116100 0.25083400 0.70707000
vn -0.66816000 0.23154600 0.70707000
vn -0.68138000 0.18905800 0.70709100
vn -0.36359900 0.09090000 0.92711000
vn -0.95052700 0.17175700 0.25884000
vn -0.93668500 0.23573000 0.25894500
vn -0.91264300 0.31625800 0.25896600
vn -0.88170300 0.39437800 0.25897300
vn -0.84406700 0.46955900 0.25897000
vn -0.80009300 0.54110600 0.25895000
vn -0.75003600 0.60860200 0.25893900
vn -0.69430300 0.67149100 0.25892600
vn -0.63330400 0.72929200 0.25895800
vn -0.59000000 0.76487000 0.25860200
vn 0.53279000 0.84009200 0.10188300
vn 0.53279000 0.84009200 0.10188300
vn 0.53279000 0.84009200 0.10188300
vn -0.44934500 0.13105900 -0.88369200
vn -0.21364500 0.06529900 -0.97472700
vn -0.31205400 0.10871400 -0.94382400
vn -0.83300200 0.55251000 -0.02898800
vn -0.83349800 0.53872300 -0.12270900
vn -0.82114500 0.55254500 -0.14287900
vn -0.78491000 0.55295000 -0.27957600
vn -0.35726500 0.21135800 -0.90977500
vn -0.12079000 -0.18659500 -0.97498300
vn -0.42781100 0.28484100 -0.85781300
vn -0.04800700 -0.02117800 -0.99862200
vn -0.12516300 0.07005900 -0.98965900
vn -0.03739500 0.02597800 -0.99896300
vn -0.09665000 0.04320900 -0.99438000
vn -0.09449100 0.03130600 -0.99503300
vn -0.06911700 0.02187400 -0.99736900
vn -0.80201900 0.24352900 -0.54539800
vn -0.67868200 0.21127900 -0.70338700
vn -0.67861100 0.21126500 -0.70345900
vn -0.77514100 0.26065300 -0.57551400
vn -0.52788800 0.17832400 -0.83038300
vn -0.56075700 0.16444900 -0.81148500
vn -0.86031000 0.30470200 -0.40868500
vn -0.92292700 0.28287200 -0.26113100
vn -0.93852700 0.33097900 -0.09808300
vn -0.95330300 0.29182600 -0.07779500
vn -0.80600300 0.37872500 -0.45489300
vn -0.88873700 0.43122600 -0.15553400
vn -0.90537800 0.41861000 -0.07110700
vn -0.87515000 0.47472600 -0.09352700
vn -0.80065500 0.50229700 -0.32657200
vn -0.77983700 0.53095600 -0.33157300
vn -0.76761700 0.34663800 -0.53907900
vn -0.73924500 0.40404300 -0.53876400
vn -0.73777600 0.40664100 -0.53882300
vn -0.49141700 0.22190300 -0.84218100
vn -0.48349200 0.23867700 -0.84218100
vn -0.45907000 0.28273100 -0.84221000
vn -0.67510800 0.43763200 -0.59389200
vn -0.67519500 0.43761800 -0.59380400
vn -0.67646300 0.47283100 -0.56464900
vn -0.95310300 0.30262800 -0.00342400
vn -0.92755800 0.37366700 -0.00311800
vn -0.90414700 0.42715400 -0.00766000
vn -0.83902600 0.54408100 -0.00341100
vn -0.86762800 0.49720900 -0.00227700
vn -0.09803800 -0.00000000 -0.99518300
vn -0.11721900 0.04284400 -0.99218200
vn 0.00000000 0.00000000 -1.00000000
vn -0.05510000 0.06343300 -0.99646400
vn 0.00000000 0.00000000 -1.00000000
vn 0.00000000 0.00000000 -1.00000000
vn -0.08735100 0.07874300 -0.99306100
vn -0.08025000 0.05626800 -0.99518500
vn 0.00000000 0.00000000 -1.00000000
vn -0.07438000 0.03994500 -0.99643000
vn -0.00000000 0.00000000 -1.00000000
vn 0.00394100 0.04490200 -0.99898400
vn -0.00000000 0.10306400 -0.99467500
vn -0.93969200 0.00057500 0.34202100
vn -0.93969300 0.00079600 0.34201800
vn -0.93969300 0.00047900 0.34201800
vn -0.93853500 0.04964600 0.34159400
vn -0.93969300 0.00129400 0.34201800
vn -0.93969200 0.00161000 0.34201800
vn -0.93524000 0.09719000 0.34041200
vn -0.90727200 0.26043100 0.33020100
vn -0.90725600 0.26047200 0.33021500
vn -0.90727200 0.26043100 0.33020100
vn -0.90725600 0.26047200 0.33021500
vn -0.90727200 0.26043100 0.33020100
vn -0.90725600 0.26047200 0.33021500
vn -0.66335000 0.70829100 0.24143300
vn -0.66333000 0.70830800 0.24143800
vn -0.66335000 0.70829100 0.24143300
vn -0.66333000 0.70830800 0.24143800
vn -0.66335000 0.70829100 0.24143300
vn -0.66333000 0.70830800 0.24143800
vn -0.24170500 0.96635400 0.08797300
vn -0.24170500 0.96635400 0.08797300
vn -0.24169600 0.96635600 0.08797200
vn -0.24169600 0.96635600 0.08797200
vn -0.24170500 0.96635400 0.08797300
vn -0.24169600 0.96635600 0.08797200
vn 0.24472800 0.96549100 -0.08907700
vn 0.24472800 0.96549100 -0.08907700
vn 0.24475700 0.96548400 -0.08908100
vn 0.24472800 0.96549100 -0.08907700
vn 0.24475700 0.96548400 -0.08908100
vn 0.24475700 0.96548400 -0.08908100
vn 0.66560700 0.70589000 -0.24225400
vn 0.66555400 0.70594200 -0.24225000
vn 0.66560700 0.70589000 -0.24225400
vn 0.66560700 0.70589000 -0.24225400
vn 0.66555400 0.70594200 -0.24225000
vn 0.66555400 0.70594200 -0.24225000
vn 0.90807900 0.25719100 -0.33052200
vn 0.90807900 0.25719100 -0.33052200
vn 0.90808300 0.25717700 -0.33052300
vn 0.90807900 0.25719100 -0.33052200
vn 0.90808300 0.25717700 -0.33052300
vn 0.90808300 0.25717700 -0.33052300
vn 0.90725900 -0.26045600 -0.33021700
vn 0.90725900 -0.26045600 -0.33021700
vn 0.90725400 -0.26047000 -0.33022100
vn 0.90725900 -0.26045600 -0.33021700
vn 0.90725400 -0.26047000 -0.33022100
vn 0.90725400 -0.26047000 -0.33022100
vn 0.66335500 -0.70828400 -0.24144300
vn 0.66335500 -0.70828400 -0.24144300
vn 0.66334000 -0.70830300 -0.24142700
vn 0.66335500 -0.70828400 -0.24144300
vn 0.66334000 -0.70830300 -0.24142700
vn 0.66334000 -0.70830300 -0.24142700
vn 0.24162800 -0.96637500 -0.08794600
vn 0.24162800 -0.96637500 -0.08794600
vn 0.24164400 -0.96637200 -0.08794600
vn 0.24162800 -0.96637500 -0.08794600
vn 0.24164400 -0.96637200 -0.08794600
vn 0.24164400 -0.96637200 -0.08794600
vn -0.24474300 -0.96548800 0.08907600
vn -0.24474300 -0.96548800 0.08907600
vn -0.24475600 -0.96548400 0.08908400
vn -0.24474300 -0.96548800 0.08907600
vn -0.24475600 -0.96548400 0.08908400
vn -0.24475600 -0.96548400 0.08908400
vn -0.66558400 -0.70590900 0.24226000
vn -0.66558400 -0.70590900 0.24226000
vn -0.66556300 -0.70593800 0.24223500
vn -0.66558400 -0.70590900 0.24226000
vn -0.66556300 -0.70593800 0.24223500
vn -0.66556300 -0.70593800 0.24223500
vn -0.90809000 -0.25717500 0.33050600
vn -0.90808800 -0.25718400 0.33050400
vn -0.90809000 -0.25717500 0.33050600
vn -0.90808800 -0.25718400 0.33050400
vn -0.90809000 -0.25717500 0.33050600
vn -0.90808800 -0.25718400 0.33050400
vn -0.90727600 0.26040800 0.33021000
vn -0.90727600 0.26040800 0.33021000
vn -0.90725800 0.26045500 0.33022100
vn -0.90725800 0.26045500 0.33022100
vn -0.90727600 0.26040800 0.33021000
vn -0.90725800 0.26045500 0.33022100
vn -0.66333600 0.70830500 0.24143300
vn -0.66332300 0.70831500 0.24143800
vn -0.66333600 0.70830500 0.24143300
vn -0.66332300 0.70831500 0.24143800
vn -0.66333600 0.70830500 0.24143300
vn -0.66332300 0.70831500 0.24143800
vn -0.24170400 0.96635400 0.08797400
vn -0.24169500 0.96635600 0.08797200
vn -0.24170400 0.96635400 0.08797400
vn -0.24169500 0.96635600 0.08797200
vn -0.24170400 0.96635400 0.08797400
vn -0.24169500 0.96635600 0.08797200
vn 0.24474000 0.96548800 -0.08908300
vn 0.24475800 0.96548300 -0.08908500
vn 0.24474000 0.96548800 -0.08908300
vn 0.24474000 0.96548800 -0.08908300
vn 0.24475800 0.96548300 -0.08908500
vn 0.24475800 0.96548300 -0.08908500
vn 0.66556400 0.70593300 -0.24224500
vn 0.66559400 0.70590400 -0.24224900
vn 0.66556400 0.70593300 -0.24224500
vn 0.66559400 0.70590400 -0.24224900
vn 0.66556400 0.70593300 -0.24224500
vn 0.66559400 0.70590400 -0.24224900
vn 0.90808900 0.25717700 -0.33050600
vn 0.90808900 0.25717700 -0.33050600
vn 0.90809100 0.25716900 -0.33050600
vn 0.90809100 0.25716900 -0.33050600
vn 0.90808900 0.25717700 -0.33050600
vn 0.90809100 0.25716900 -0.33050600
vn 0.90726100 -0.26047200 -0.33020000
vn 0.90727300 -0.26039300 -0.33022900
vn 0.90726100 -0.26047200 -0.33020000
vn 0.90726100 -0.26047200 -0.33020000
vn 0.90727300 -0.26039300 -0.33022900
vn 0.90727300 -0.26039300 -0.33022900
vn 0.66336500 -0.70827300 -0.24144800
vn 0.66336500 -0.70827300 -0.24144800
vn 0.66332700 -0.70831600 -0.24142400
vn 0.66332700 -0.70831600 -0.24142400
vn 0.66336500 -0.70827300 -0.24144800
vn 0.66332700 -0.70831600 -0.24142400
vn 0.24163400 -0.96637400 -0.08794600
vn 0.24164700 -0.96637000 -0.08794900
vn 0.24163400 -0.96637400 -0.08794600
vn 0.24163400 -0.96637400 -0.08794600
vn 0.24164700 -0.96637000 -0.08794900
vn 0.24164700 -0.96637000 -0.08794900
vn -0.24473700 -0.96548900 0.08907700
vn -0.24474300 -0.96548700 0.08908100
vn -0.24473700 -0.96548900 0.08907700
vn -0.24474300 -0.96548700 0.08908100
vn -0.24473700 -0.96548900 0.08907700
vn -0.24474300 -0.96548700 0.08908100
vn -0.66558800 -0.70590700 0.24225600
vn -0.66558800 -0.70590700 0.24225600
vn -0.66556300 -0.70593700 0.24223600
vn -0.66558800 -0.70590700 0.24225600
vn -0.66556300 -0.70593700 0.24223600
vn -0.66556300 -0.70593700 0.24223600
vn -0.90808600 -0.25718700 0.33050700
vn -0.90808600 -0.25718700 0.33050700
vn -0.90808700 -0.25717900 0.33051000
vn -0.90808700 -0.25717900 0.33051000
vn -0.90808600 -0.25718700 0.33050700
vn -0.90808700 -0.25717900 0.33051000
vn 0.34202800 0.00000200 0.93969000
vn 0.34201600 -0.00000800 0.93969400
vn 0.34201800 0.00004100 0.93969300
vn 0.34201900 0.00005600 0.93969300
vn 0.34203700 -0.00000000 0.93968700
vn 0.34201100 -0.00001700 0.93969600
vn 0.34201200 -0.00000000 0.93969500
vn 0.34204500 0.00006400 0.93968400
vn 0.34201300 0.00000300 0.93969500
vn 0.34201300 0.00000300 0.93969500
vn 0.34201100 -0.00001700 0.93969600
vn 0.34205200 0.00000100 0.93968100
vn 0.34202200 0.00000100 0.93969200
vn 0.34201100 -0.00001700 0.93969600
vn 0.34201200 -0.00000000 0.93969500
vn 0.34201900 0.00000000 0.93969300
vn 0.34203500 0.00013200 0.93968700
vn 0.34202900 0.00000500 0.93968900
vn 0.34202400 0.00000200 0.93969100
vn 0.34202400 0.00000200 0.93969100
vn 0.34202800 0.00000000 0.93969000
vn 0.34201900 0.00000000 0.93969300
vn 0.34202400 0.00000200 0.93969100
vn 0.34201300 -0.00000200 0.93969500
vn 0.34204700 -0.00000200 0.93968300
vn 0.34201900 0.00000200 0.93969300
vn 0.34201200 -0.00000000 0.93969500
vn 0.34202200 0.00000100 0.93969200
vn 0.34203700 -0.00000000 0.93968700
vn 0.34202000 0.00000200 0.93969200
vn 0.34202500 -0.00000200 0.93969100
vn 0.34202400 -0.00001000 0.93969100
vn 0.34201800 0.00000300 0.93969300
vn 0.34202900 0.00000800 0.93969000
vn 0.34202900 0.00000800 0.93968900
vn 0.34201800 -0.00000300 0.93969300
vn 0.34201900 0.00000400 0.93969300
vn 0.34222400 -0.00028500 0.93961800
vn 0.34204000 0.00001700 0.93968500
vn 0.34195800 0.00003500 0.93971500
vn 0.34210000 -0.00004600 0.93966400
vn 0.34204300 -0.00001100 0.93968400
vn 0.34203000 0.00000000 0.93968900
vn 0.34210000 -0.00004600 0.93966400
vn 0.34200200 0.00001200 0.93969900
vn 0.34200800 0.00000400 0.93969700
vn 0.34210000 -0.00004600 0.93966400
vn 0.34200200 0.00001200 0.93969900
vn 0.34204300 -0.00001100 0.93968400
vn 0.34202000 -0.00000000 0.93969300
vn 0.34201200 0.00000200 0.93969600
vn 0.34204000 -0.00000000 0.93968500
vn 0.34201300 -0.00000200 0.93969500
vn 0.34204000 -0.00000000 0.93968500
vn 0.34202200 -0.00000300 0.93969200
vn 0.34201300 -0.00000200 0.93969500
vn 0.34204000 -0.00000000 0.93968500
vn 0.34198900 0.00000300 0.93970400
vn 0.34202200 -0.00000300 0.93969200
vn 0.34202200 -0.00000300 0.93969200
vn 0.34198900 0.00000300 0.93970400
vn 0.34202000 -0.00000000 0.93969300
vn 0.34198900 0.00000300 0.93970400
vn 0.34202400 -0.00001000 0.93969100
vn 0.34202000 -0.00000000 0.93969300
vn 0.34202100 -0.00000100 0.93969200
vn 0.34202400 -0.00000000 0.93969100
vn 0.34202400 -0.00000000 0.93969100
vn 0.34202000 -0.00000000 0.93969300
vn 0.34201500 0.00011100 0.93969500
vn 0.34201700 0.00007800 0.93969400
vn 0.34201900 0.00000000 0.93969300
vn 0.34205300 0.00001000 0.93968100
vn 0.34202800 0.00000000 0.93969000
vn 0.34205300 0.00001000 0.93968100
vn 0.34202800 0.00000000 0.93969000
vn 0.34202200 0.00000000 0.93969200
vn 0.34205300 0.00001000 0.93968100
vn 0.34202200 0.00000000 0.93969200
vn 0.34202000 0.00000000 0.93969300
vn 0.34202200 0.00000000 0.93969200
vn 0.34202300 0.00000100 0.93969100
vn 0.34202000 0.00000000 0.93969300
vn 0.34202000 0.00000000 0.93969300
vn 0.34202500 0.00000900 0.93969100
vn 0.34202300 0.00000100 0.93969100
vn 0.34202300 0.00000100 0.93969100
vn 0.34202500 0.00000900 0.93969100
vn 0.34201000 -0.00001600 0.93969600
vn 0.34202500 0.00000900 0.93969100
vn 0.34200900 -0.00005700 0.93969700
vn 0.34201000 -0.00001600 0.93969600
vn 0.34201000 -0.00001600 0.93969600
vn 0.34200900 -0.00005700 0.93969700
vn 0.34201900 0.00000500 0.93969300
vn 0.34200900 -0.00005700 0.93969700
vn 0.34197600 0.00003100 0.93970900
vn 0.34201900 0.00000500 0.93969300
vn 0.34195700 -0.00001500 0.93971600
vn 0.34202300 0.00000100 0.93969100
vn 0.34185500 -0.00002600 0.93975300
vn 0.34201900 0.00000500 0.93969300
vn 0.34203000 0.00000000 0.93968900
vn 0.34197600 0.00003100 0.93970900
vn 0.34211100 0.00001500 0.93966000
vn 0.34205600 -0.00002300 0.93967900
vn 0.34197600 0.00003100 0.93970900
vn 0.34205600 -0.00002300 0.93967900
vn 0.34200900 0.00000200 0.93969700
vn 0.34202000 -0.00000000 0.93969300
vn 0.34202600 -0.00000400 0.93969000
vn 0.34200800 0.00000400 0.93969700
vn 0.34200200 0.00001200 0.93969900
vn 0.34205200 0.00000100 0.93968100
vn 0.34200800 0.00000400 0.93969700
vn 0.34202600 -0.00000400 0.93969000
vn 0.34200900 0.00000200 0.93969700
vn 0.34202600 -0.00000400 0.93969000
vn 0.34201800 -0.00003700 0.93969300
vn 0.34202900 0.00000800 0.93969000
vn 0.34200900 0.00000400 0.93969700
vn 0.34200900 0.00000200 0.93969700
vn 0.34202000 -0.00000000 0.93969300
vn 0.34205200 0.00000100 0.93968100
vn 0.34202200 0.00000100 0.93969200
vn 0.34202000 -0.00000000 0.93969300
vn 0.34202900 0.00000800 0.93969000
vn 0.34201800 -0.00000300 0.93969300
vn 0.34201800 -0.00000300 0.93969300
vn 0.34222400 -0.00028500 0.93961800
vn 0.34222400 -0.00028500 0.93961800
vn 0.34201800 0.00000300 0.93969300
vn 0.34204300 -0.00001100 0.93968400
vn 0.34195800 0.00003500 0.93971500
vn 0.34203000 0.00000000 0.93968900
vn 0.34195800 0.00003500 0.93971500
vn 0.34185500 -0.00002600 0.93975300
vn 0.34185500 -0.00002600 0.93975300
vn 0.34211100 0.00001500 0.93966000
vn 0.34211100 0.00001500 0.93966000
vn 0.34195700 -0.00001500 0.93971600
vn 0.34195700 -0.00001500 0.93971600
vn 0.34202300 0.00000100 0.93969100
vn 0.34203400 0.00005400 0.93968800
vn 0.34202400 0.00000100 0.93969100
vn 0.34202300 0.00000100 0.93969100
vn 0.34202400 0.00000100 0.93969100
vn 0.34197800 -0.00000300 0.93970800
vn 0.34200700 -0.00000100 0.93969700
vn 0.34205600 -0.00002300 0.93967900
vn 0.34202000 0.00000000 0.93969300
vn 0.34199400 -0.00005500 0.93970200
vn 0.34204400 -0.00000800 0.93968400
vn 0.34210000 0.00000900 0.93966400
vn 0.34204700 0.00000200 0.93968300
vn 0.34203200 0.00000000 0.93968800
vn 0.34210000 0.00000900 0.93966400
vn 0.34210000 0.00000900 0.93966400
vn 0.34202000 0.00000000 0.93969300
vn 0.34203200 0.00000000 0.93968800
vn 0.34197700 -0.00000100 0.93970800
vn 0.34198500 0.00000700 0.93970500
vn 0.34201800 -0.00000400 0.93969300
vn 0.34200000 -0.00001700 0.93970000
vn 0.34201200 -0.00000400 0.93969500
vn 0.34204700 -0.00000200 0.93968300
vn 0.34204700 -0.00000200 0.93968300
vn 0.34203700 -0.00000000 0.93968700
vn 0.34201100 0.00000300 0.93969600
vn 0.34203400 0.00000800 0.93968800
vn 0.34197700 -0.00000100 0.93970800
vn 0.34201300 -0.00001000 0.93969500
vn 0.34202000 0.00000000 0.93969300
vn 0.34197700 -0.00000100 0.93970800
vn 0.34204500 -0.00000800 0.93968400
vn 0.34204400 -0.00000800 0.93968400
vn 0.34203500 0.00002000 0.93968700
vn 0.34199400 -0.00005500 0.93970200
vn 0.34203000 0.00002500 0.93968900
vn 0.34199400 -0.00005500 0.93970200
vn 0.34203500 0.00002000 0.93968700
vn 0.34203500 0.00002000 0.93968700
vn 0.34202700 0.00001800 0.93969000
vn 0.34203000 0.00002500 0.93968900
vn 0.34203000 0.00002500 0.93968900
vn 0.34200500 -0.00005100 0.93969800
vn 0.34202700 0.00001800 0.93969000
vn 0.34202700 0.00001800 0.93969000
vn 0.34200500 -0.00005100 0.93969800
vn 0.34202900 0.00000500 0.93968900
vn 0.34202900 0.00000500 0.93968900
vn 0.34203500 0.00013200 0.93968700
vn 0.34200500 -0.00005100 0.93969800
vn 0.34203500 0.00013200 0.93968700
vn 0.34200500 -0.00003400 0.93969800
vn 0.34204500 0.00006400 0.93968400
vn 0.34201300 0.00000300 0.93969500
vn 0.34200500 -0.00003400 0.93969800
vn 0.34204900 0.00001500 0.93968200
vn 0.34204500 0.00006400 0.93968400
vn 0.34204900 0.00001500 0.93968200
vn 0.34211400 0.00017000 0.93965800
vn 0.34200500 -0.00003400 0.93969800
vn 0.34200500 -0.00002600 0.93969800
vn 0.34211400 0.00017000 0.93965800
vn 0.34204900 0.00001500 0.93968200
vn 0.34200500 -0.00002600 0.93969800
vn 0.34211400 0.00017000 0.93965800
vn 0.34203400 0.00005400 0.93968800
vn 0.34200700 -0.00000100 0.93969700
vn 0.34203400 0.00005400 0.93968800
vn 0.34200500 -0.00002600 0.93969800
vn 0.34202400 0.00000100 0.93969100
vn 0.34200700 -0.00000100 0.93969700
vn 0.34197800 -0.00000300 0.93970800
vn 0.34204700 0.00000200 0.93968300
vn 0.34197800 -0.00000300 0.93970800
vn 0.34203200 0.00000000 0.93968800
vn 0.34204700 0.00000200 0.93968300
vn 0.34201800 0.00000300 0.93969300
vn 0.34201900 0.00000400 0.93969300
vn 0.34202100 -0.00000100 0.93969200
vn 0.34201900 0.00000400 0.93969300
vn 0.34202400 -0.00001000 0.93969100
vn 0.34202400 -0.00000000 0.93969100
vn 0.34202100 -0.00000100 0.93969200
vn 0.93972200 -0.00252000 -0.34193000
vn 0.93915800 0.03330200 -0.34186800
vn 0.93562300 0.09274100 -0.34059900
vn 0.91368300 0.23354700 -0.33262500
vn 0.88855000 0.32539300 -0.32341500
vn 0.81490800 0.49794400 -0.29660900
vn 0.76644200 0.57858100 -0.27894700
vn 0.65007000 0.72209900 -0.23660600
vn 0.58220500 0.78493700 -0.21192200
vn 0.43257100 0.88774600 -0.15744500
vn 0.35082900 0.92769300 -0.12769300
vn 0.18002300 0.98147800 -0.06552300
vn 0.09101600 0.99529800 -0.03312900
vn -0.08711200 0.99569400 0.03169000
vn -0.17616700 0.98227000 0.06412000
vn -0.34718100 0.92924600 0.12636500
vn -0.42909100 0.88966300 0.15614200
vn -0.57913200 0.78751400 0.21077900
vn -0.64722800 0.72498000 0.23558400
vn -0.76415800 0.58198900 0.27812100
vn -0.81294800 0.50156500 0.29588400
vn -0.88727900 0.32930800 0.32294200
vn -0.91279500 0.23751700 0.33225200
vn -0.34203300 0.00000400 -0.93968800
vn -0.34202500 -0.00000700 -0.93969100
vn -0.34201700 -0.00000000 -0.93969400
vn -0.34200900 -0.00000100 -0.93969700
vn -0.34202100 -0.00000800 -0.93969200
vn -0.34201100 -0.00000200 -0.93969600
vn -0.34200500 0.00001800 -0.93969800
vn -0.34200600 -0.00000000 -0.93969800
vn -0.34202300 0.00000200 -0.93969200
vn -0.34201600 -0.00000000 -0.93969400
vn -0.34203400 -0.00002200 -0.93968800
vn -0.34221500 0.00009900 -0.93962200
vn -0.34201800 0.00002200 -0.93969300
vn -0.34202000 0.00000100 -0.93969300
vn -0.34202500 -0.00001400 -0.93969100
vn -0.34203300 0.00001400 -0.93968800
vn -0.34201500 0.00001300 -0.93969500
vn -0.34201700 -0.00000000 -0.93969400
vn -0.34201700 -0.00000000 -0.93969400
vn -0.34201100 -0.00000200 -0.93969600
vn -0.34203400 -0.00002200 -0.93968800
vn -0.30070500 -0.00000100 -0.95371700
vn -0.30070600 -0.00000100 -0.95371700
vn -0.34202000 -0.00000800 -0.93969300
vn -0.34203300 0.00000400 -0.93968800
vn -0.34200900 -0.00000100 -0.93969700
vn -0.34203300 0.00000400 -0.93968800
vn -0.34200600 -0.00000000 -0.93969800
vn -0.34200900 -0.00000100 -0.93969700
vn -0.34204600 0.00000100 -0.93968300
vn -0.34200500 0.00001800 -0.93969800
vn -0.34201600 -0.00000000 -0.93969400
vn -0.34200800 -0.00000000 -0.93969700
vn -0.34202500 -0.00000700 -0.93969100
vn -0.34200500 0.00001800 -0.93969800
vn -0.34201800 -0.00001200 -0.93969300
vn -0.34201900 0.00000600 -0.93969300
vn -0.34203200 -0.00002400 -0.93968800
vn -0.34200600 -0.00000000 -0.93969800
vn -0.34203200 -0.00002400 -0.93968800
vn -0.34202500 -0.00000700 -0.93969100
vn -0.30070600 -0.00000000 -0.95371700
vn -0.30070600 0.00000100 -0.95371700
vn -0.34203300 0.00001400 -0.93968800
vn -0.34201800 0.00002500 -0.93969300
vn -0.34205400 -0.00000700 -0.93968000
vn -0.34202200 0.00000000 -0.93969200
vn -0.34198900 -0.00000300 -0.93970400
vn -0.34197300 0.00000800 -0.93971000
vn -0.34205400 -0.00000700 -0.93968000
vn -0.34201700 -0.00000000 -0.93969400
vn -0.34199600 -0.00001300 -0.93970100
vn -0.34213200 -0.00002000 -0.93965200
vn -0.34203200 0.00001000 -0.93968800
vn -0.34202200 0.00000000 -0.93969200
vn -0.34202300 0.00000000 -0.93969100
vn -0.34201700 -0.00000300 -0.93969400
vn -0.34205400 -0.00000700 -0.93968000
vn -0.34201400 -0.00000600 -0.93969500
vn -0.34204700 0.00002300 -0.93968300
vn -0.34201400 -0.00000300 -0.93969500
vn -0.34197300 0.00000800 -0.93971000
vn -0.34201500 0.00001300 -0.93969500
vn -0.34203300 0.00001400 -0.93968800
vn -0.34206500 0.00001200 -0.93967600
vn -0.34221500 0.00009900 -0.93962200
vn -0.34201500 0.00001300 -0.93969500
vn -0.34200400 -0.00001400 -0.93969800
vn -0.34202000 0.00000100 -0.93969300
vn -0.34221500 0.00009900 -0.93962200
vn -0.34206500 0.00001200 -0.93967600
vn -0.34202000 -0.00000300 -0.93969300
vn -0.34197200 0.00002000 -0.93971000
vn -0.34206500 0.00001200 -0.93967600
vn -0.34200400 -0.00001400 -0.93969800
vn -0.34200400 -0.00001400 -0.93969800
vn -0.34201400 -0.00000700 -0.93969500
vn -0.34202400 0.00001300 -0.93969100
vn -0.34201200 -0.00000600 -0.93969600
vn -0.34201700 -0.00000700 -0.93969400
vn -0.34202400 0.00001300 -0.93969100
vn -0.34201700 -0.00000700 -0.93969400
vn -0.34201900 -0.00001100 -0.93969300
vn -0.34201700 -0.00000700 -0.93969400
vn -0.34201900 -0.00001100 -0.93969300
vn -0.34201800 -0.00001200 -0.93969300
vn -0.34201900 0.00000600 -0.93969300
vn -0.34201800 -0.00001200 -0.93969300
vn -0.34201900 -0.00001100 -0.93969300
vn -0.34201900 0.00000600 -0.93969300
vn -0.34203200 -0.00002400 -0.93968800
vn -0.34207400 0.00001000 -0.93967300
vn -0.34203100 0.00000600 -0.93968900
vn -0.34201400 -0.00000700 -0.93969500
vn -0.34201900 0.00000000 -0.93969300
vn -0.34201400 -0.00000700 -0.93969500
vn -0.34201900 0.00000000 -0.93969300
vn -0.34201200 -0.00000600 -0.93969600
vn -0.34202400 0.00001300 -0.93969100
vn -0.34201200 -0.00000600 -0.93969600
vn -0.34201400 -0.00000100 -0.93969500
vn -0.34207400 0.00001000 -0.93967300
vn -0.34203100 0.00009300 -0.93968900
vn -0.34201300 0.00001100 -0.93969500
vn -0.34200700 -0.00000500 -0.93969700
vn -0.34207400 0.00001000 -0.93967300
vn -0.34201400 -0.00000100 -0.93969500
vn -0.34203100 0.00000600 -0.93968900
vn -0.34201900 0.00000000 -0.93969300
vn -0.34203100 0.00000600 -0.93968900
vn -0.34201500 0.00000600 -0.93969500
vn -0.34203700 0.00000600 -0.93968600
vn -0.34199600 -0.00000700 -0.93970200
vn -0.34203700 0.00000600 -0.93968600
vn -0.34200700 -0.00000500 -0.93969700
vn -0.34205000 -0.00001000 -0.93968200
vn -0.34201500 0.00000600 -0.93969500
vn -0.34203700 0.00000600 -0.93968600
vn -0.34199600 -0.00000700 -0.93970200
vn -0.34200700 -0.00000500 -0.93969700
vn -0.34199600 -0.00000700 -0.93970200
vn -0.34201300 0.00001100 -0.93969500
vn -0.34201400 -0.00000100 -0.93969500
vn -0.34205000 -0.00001000 -0.93968200
vn -0.34201500 0.00000600 -0.93969500
vn -0.34202400 -0.00000000 -0.93969100
vn -0.34205000 -0.00001000 -0.93968200
vn -0.34202400 -0.00000000 -0.93969100
vn -0.34201800 0.00000300 -0.93969300
vn -0.34201200 0.00002100 -0.93969600
vn -0.34202400 -0.00000000 -0.93969100
vn -0.34201800 0.00000300 -0.93969300
vn -0.34201000 -0.00000900 -0.93969600
vn -0.34202600 0.00000100 -0.93969100
vn -0.34202300 -0.00000000 -0.93969200
vn -0.34204400 0.00000800 -0.93968400
vn -0.34202700 0.00000100 -0.93969000
vn -0.34202600 0.00000100 -0.93969100
vn -0.34202600 0.00000100 -0.93969100
vn -0.34202400 0.00000000 -0.93969100
vn -0.34202600 0.00000100 -0.93969100
vn -0.34202100 0.00000000 -0.93969200
vn -0.34202700 0.00000100 -0.93969000
vn -0.34202600 0.00000100 -0.93969100
vn -0.34201500 -0.00002100 -0.93969400
vn -0.34203100 0.00009300 -0.93968900
vn -0.34201300 0.00001100 -0.93969500
vn -0.34208300 0.00009700 -0.93967000
vn -0.34201500 -0.00002100 -0.93969400
vn -0.34203100 0.00009300 -0.93968900
vn -0.34208300 0.00009700 -0.93967000
vn -0.34203900 -0.00000000 -0.93968600
vn -0.34201500 -0.00002100 -0.93969400
vn -0.34219500 0.00020000 -0.93962900
vn -0.34203900 -0.00000000 -0.93968600
vn -0.34208300 0.00009700 -0.93967000
vn -0.34199300 -0.00004100 -0.93970200
vn -0.34219500 0.00020000 -0.93962900
vn -0.34203900 -0.00000000 -0.93968600
vn -0.34201900 -0.00000900 -0.93969300
vn -0.34199300 -0.00004100 -0.93970200
vn -0.34219500 0.00020000 -0.93962900
vn -0.34201400 -0.00000600 -0.93969500
vn -0.34201400 -0.00000300 -0.93969500
vn -0.34204700 0.00002300 -0.93968300
vn -0.34201400 -0.00000600 -0.93969500
vn -0.34204700 0.00002300 -0.93968300
vn -0.34201700 -0.00000300 -0.93969400
vn -0.34202200 -0.00001100 -0.93969200
vn -0.34199800 -0.00006500 -0.93970100
vn -0.34202200 -0.00001100 -0.93969200
vn -0.34199800 -0.00006500 -0.93970100
vn -0.34201400 -0.00002100 -0.93969500
vn -0.34201300 0.00004800 -0.93969500
vn -0.34202900 0.00000400 -0.93968900
vn -0.34202200 -0.00001100 -0.93969200
vn -0.34201100 -0.00000100 -0.93969600
vn -0.34203200 0.00001000 -0.93968800
vn -0.34202200 0.00000000 -0.93969200
vn -0.34198900 -0.00000300 -0.93970400
vn -0.34204600 0.00000100 -0.93968300
vn -0.34201100 -0.00000100 -0.93969600
vn -0.34203000 0.00000100 -0.93968900
vn -0.34203600 0.00000100 -0.93968700
vn -0.34203000 0.00000100 -0.93968900
vn -0.34202900 0.00000400 -0.93968900
vn -0.34201100 -0.00000100 -0.93969600
vn -0.34197300 0.00000800 -0.93971000
vn -0.34213200 -0.00002000 -0.93965200
vn -0.34209300 0.00004000 -0.93966600
vn -0.34201700 -0.00000000 -0.93969400
vn -0.34213200 -0.00002000 -0.93965200
vn -0.34209300 0.00004000 -0.93966600
vn -0.34199400 -0.00001300 -0.93970200
vn -0.34201700 -0.00000000 -0.93969400
vn -0.34209300 0.00004000 -0.93966600
vn -0.34199400 -0.00001300 -0.93970200
vn -0.34198800 -0.00002400 -0.93970400
vn -0.34198800 -0.00002400 -0.93970400
vn -0.34199400 -0.00001300 -0.93970200
vn -0.34201900 0.00000100 -0.93969300
vn -0.34204400 0.00000800 -0.93968400
vn -0.34201900 0.00000100 -0.93969300
vn -0.34198800 -0.00002400 -0.93970400
vn -0.34201900 0.00000100 -0.93969300
vn -0.34204400 0.00000800 -0.93968400
vn -0.34202300 -0.00000000 -0.93969200
vn -0.34202700 0.00000100 -0.93969000
vn -0.34202300 -0.00000000 -0.93969200
vn -0.34202100 0.00000000 -0.93969200
vn -0.34201000 -0.00000900 -0.93969600
vn -0.34202300 -0.00007500 -0.93969200
vn -0.34202600 0.00000100 -0.93969100
vn -0.34201800 0.00004900 -0.93969400
vn -0.34202100 0.00000000 -0.93969200
vn -0.34203100 0.00000100 -0.93968900
vn -0.34202400 0.00000000 -0.93969100
vn -0.34201600 -0.00000000 -0.93969400
vn -0.34203100 0.00000100 -0.93968900
vn -0.34202400 0.00000000 -0.93969100
vn -0.34200900 0.00000000 -0.93969700
vn -0.34197200 0.00002000 -0.93971000
vn -0.34201600 -0.00000000 -0.93969400
vn -0.34202000 -0.00000300 -0.93969300
vn -0.34203100 0.00000100 -0.93968900
vn -0.34200900 0.00000000 -0.93969700
vn -0.34201600 -0.00000000 -0.93969400
vn -0.34202000 -0.00000300 -0.93969300
vn -0.34200900 0.00000000 -0.93969700
vn -0.34202500 -0.00001400 -0.93969100
vn -0.34197200 0.00002000 -0.93971000
vn -0.34202000 0.00000100 -0.93969300
vn -0.34203400 -0.00002200 -0.93968800
vn -0.34202500 -0.00001400 -0.93969100
vn -0.34202300 -0.00000300 -0.93969200
vn -0.34201200 0.00002100 -0.93969600
vn -0.34201800 0.00000300 -0.93969300
vn -0.34201200 0.00002100 -0.93969600
vn -0.34202300 -0.00000300 -0.93969200
vn -0.34202400 -0.00000600 -0.93969100
vn -0.34202300 0.00000000 -0.93969100
vn -0.34202400 -0.00000600 -0.93969100
vn -0.34202300 -0.00000300 -0.93969200
vn -0.34202400 -0.00000600 -0.93969100
vn -0.34199600 -0.00001300 -0.93970100
vn -0.34202300 0.00000000 -0.93969100
vn -0.34199600 -0.00001300 -0.93970100
vn -0.34201400 -0.00000300 -0.93969500
vn -0.34198900 -0.00000300 -0.93970400
vn -0.34203200 0.00001000 -0.93968800
vn -0.34201700 -0.00000300 -0.93969400
vn -0.34201900 -0.00000900 -0.93969300
vn -0.34199300 -0.00004100 -0.93970200
vn -0.34201900 -0.00000900 -0.93969300
vn -0.34203600 0.00000100 -0.93968700
vn -0.34203000 0.00000100 -0.93968900
vn -0.34202900 0.00000400 -0.93968900
vn -0.34204600 0.00000100 -0.93968300
vn -0.34200800 -0.00000000 -0.93969700
vn -0.34203600 0.00000100 -0.93968700
vn -0.34201600 -0.00000000 -0.93969400
vn -0.34200800 -0.00000000 -0.93969700
vn -0.34202300 0.00000200 -0.93969200
vn -0.34202300 0.00000200 -0.93969200
vn -0.34201100 -0.00000200 -0.93969600
vn -0.34201400 -0.00002100 -0.93969500
vn -0.34199800 -0.00006500 -0.93970100
vn -0.34201400 -0.00002100 -0.93969500
vn -0.34201300 0.00004800 -0.93969500
vn -0.34201800 0.00004900 -0.93969400
vn -0.34201800 0.00004900 -0.93969400
vn -0.34201300 0.00004800 -0.93969500
vn -0.34202300 -0.00007500 -0.93969200
vn -0.34202300 -0.00007500 -0.93969200
vn -0.34201000 -0.00000900 -0.93969600
vn 0.93534500 0.09607400 -0.34044100
vn 0.93534800 0.09606400 -0.34043500
vn -0.93532300 -0.09630200 0.34043500
vn -0.93865000 -0.04710700 0.34164000
vn -0.91190900 -0.24139200 0.33189300
vn -0.88497600 -0.33624600 0.32211200
vn -0.80634400 -0.51349200 0.29348800
vn -0.75463900 -0.59588800 0.27466000
vn -0.63091300 -0.74109400 0.22962800
vn -0.55888700 -0.80389900 0.20344800
vn -0.40079800 -0.90447500 0.14589700
vn -0.31471800 -0.94224600 0.11456600
vn -0.13596900 -0.98947600 0.04948900
vn -0.04328500 -0.99893900 0.01575200
vn 0.14065400 -0.98873400 -0.05119700
vn 0.23191200 -0.96906700 -0.08441000
vn 0.40509100 -0.90230900 -0.14744300
vn 0.48701200 -0.85521700 -0.17726200
vn 0.63441900 -0.73769800 -0.23089800
vn 0.69991200 -0.66725900 -0.25473300
vn 0.80876600 -0.50915300 -0.29438200
vn 0.85215400 -0.42147400 -0.31015100
vn 0.87329400 -0.36922800 -0.31785000
vn 0.87329200 -0.36923700 -0.31784600
vn -0.00000000 0.00000100 -1.00000000
vn -0.00785600 0.03943500 -0.99919100
vn -0.00000000 0.00000000 -1.00000000
vn 0.02482700 0.02453200 -0.99939100
vn 0.00000000 0.00000000 -1.00000000
vn 0.00000000 0.00000000 -1.00000000
vn 0.00038000 -0.00077500 -1.00000000
vn 0.00033800 -0.00068900 -1.00000000
vn 0.00038000 -0.00066600 -1.00000000
vn 0.00029500 -0.00060300 -1.00000000
vn 0.00000000 -0.00000000 -1.00000000
vn 0.00000000 0.00000000 -1.00000000
vn -0.07536300 -0.02385100 -0.99687100
vn -0.10789700 -0.03839500 -0.99342000
vn -0.07331700 -0.03681500 -0.99662900
vn -0.00000000 0.00000000 -1.00000000
vn 0.00000000 0.00000000 -1.00000000
vn 0.00000000 0.00000000 -1.00000000
vn -0.00000000 0.00000000 -1.00000000
vn 0.00000000 0.00000000 -1.00000000
vn 0.07573300 -0.03628700 -0.99646800
vn 0.05572200 0.24927400 -0.96682900
vn 0.04579400 -0.23032000 -0.97203700
vn 0.54751900 -0.00022400 -0.83679300
vn 0.55592800 -0.00045000 -0.83123000
vn 0.54754400 -0.00022700 -0.83677700
vn 0.53915900 0.00000000 -0.84220400
vn 0.84219800 0.00000000 -0.53916800
vn 0.84219300 0.00000000 -0.53917600
vn 0.84219300 0.00000000 -0.53917600
vn 0.84219800 0.00000000 -0.53916800
vn 0.84219300 0.00000000 -0.53917600
vn 0.84219800 0.00000000 -0.53916800
vn 0.98442300 0.00000000 -0.17581400
vn 0.98442800 0.00000000 -0.17578600
vn 0.99609900 0.00000000 -0.08824300
vn 0.99609600 0.00000000 -0.08827200
vn 0.00057100 -0.66551200 -0.74638700
vn 0.00040100 -0.92431300 -0.38163500
vn 0.00024400 -0.82689400 -0.56235800
vn 0.00040000 -0.62249900 -0.78262000
vn -0.00000100 -0.99995900 -0.00903500
vn 0.00051100 -0.99074000 -0.13577500
vn 0.00010700 -0.99370100 -0.11206300
vn 0.00041400 -0.96985400 -0.24368700
vn 0.00000400 -0.91736200 -0.39805400
vn -0.92248300 -0.37454100 -0.09350800
vn -0.89833600 -0.43352100 -0.07107100
vn -0.85511300 -0.40018800 -0.32959100
vn -0.24403900 0.04089800 -0.96890300
vn -0.33116100 -0.18725000 -0.92480800
vn -0.56491400 -0.33951400 -0.75206500
vn -0.09993700 0.01299100 -0.99490900
vn -0.15915200 -0.07466900 -0.98442600
vn -0.62807500 -0.41461100 -0.65849800
vn -0.77301200 -0.47031800 -0.42573900
vn -0.72680800 -0.48674800 -0.48458900
vn -0.81235800 -0.53840900 -0.22403000
vn -0.85174500 -0.51563600 -0.09300200
vn -0.83185500 -0.55173900 -0.06001800
vn -0.95414200 -0.29208500 -0.06556300
vn -0.94613600 -0.31325700 -0.08183800
vn -0.92599000 -0.28423400 -0.24850100
vn -0.85961900 -0.28065000 -0.42695600
vn -0.85968200 -0.28062000 -0.42684800
vn -0.80254400 -0.24564400 -0.54367500
vn -0.58579100 -0.17441300 -0.79147200
vn -0.30564900 -0.07865000 -0.94889000
vn -0.43044200 -0.08649900 -0.89846400
vn -0.55224300 -0.15997500 -0.81819000
vn -0.67191500 -0.20917200 -0.71047700
vn -0.37549800 -0.14146400 -0.91596400
vn -0.75524800 -0.37281200 -0.53908400
vn -0.49141600 -0.22190300 -0.84218100
vn -0.41727200 -0.20818200 -0.88461500
vn -0.92086400 -0.36180300 -0.14528900
vn -0.77933200 -0.32012800 -0.53866400
vn 0.00024800 0.65636900 -0.75444000
vn 0.00038700 0.74648500 -0.66540200
vn 0.00058800 0.82409100 -0.56645700
vn 0.00116200 0.84185600 -0.53970000
vn -0.00186300 0.98448200 -0.17547400
vn 0.00061700 0.96526200 -0.26128200
vn 0.00024000 0.99184000 -0.12748700
vn 0.00155500 0.97320300 -0.22994100
vn -0.00000100 0.99975000 -0.02236400
vn 0.85823200 -0.40726500 -0.31236700
vn 0.85823500 -0.40725200 -0.31237600
vn 0.59871500 -0.77074900 -0.21791400
vn 0.59871600 -0.77074700 -0.21791800
vn 0.59871500 -0.77074900 -0.21791400
vn 0.59871500 -0.77074900 -0.21791400
vn 0.59871600 -0.77074700 -0.21791800
vn 0.59871600 -0.77074700 -0.21791800
vn 0.21448700 -0.97360200 -0.07806700
vn 0.21448700 -0.97360200 -0.07806700
vn 0.21448400 -0.97360300 -0.07806700
vn 0.21448700 -0.97360200 -0.07806700
vn 0.21448400 -0.97360300 -0.07806700
vn 0.07191500 -0.99706700 -0.02617500
vn 0.07199000 -0.99706100 -0.02620200
vn 1.00000000 0.00000000 0.00000000
vn 1.00000000 0.00000000 0.00000000
vn -0.93969400 0.00143800 0.34201200
vn -0.93969200 0.00150200 0.34201900
vn -0.93969500 0.00084100 0.34201100
vn -0.93969300 0.00057500 0.34201900
vn -0.93969300 0.00047900 0.34201800
vn -0.90725300 0.26047300 0.33022100
vn -0.90726400 0.26043800 0.33021900
vn -0.90725300 0.26047300 0.33022100
vn -0.90726400 0.26043800 0.33021900
vn -0.90725300 0.26047300 0.33022100
vn -0.90726400 0.26043800 0.33021900
vn -0.66333900 0.70830100 0.24143600
vn -0.66335200 0.70828800 0.24143900
vn -0.66333900 0.70830100 0.24143600
vn -0.66335200 0.70828800 0.24143900
vn -0.66333900 0.70830100 0.24143600
vn -0.66335200 0.70828800 0.24143900
vn -0.24162400 0.96637700 0.08794300
vn -0.24163400 0.96637400 0.08794500
vn -0.24162400 0.96637700 0.08794300
vn -0.24163400 0.96637400 0.08794500
vn -0.24162400 0.96637700 0.08794300
vn -0.24163400 0.96637400 0.08794500
vn 0.24474700 0.96548700 -0.08907700
vn 0.24474700 0.96548700 -0.08907700
vn 0.24472000 0.96549300 -0.08907500
vn 0.24474700 0.96548700 -0.08907700
vn 0.24472000 0.96549300 -0.08907500
vn 0.24472000 0.96549300 -0.08907500
vn 0.66558800 0.70590500 -0.24226200
vn 0.66558800 0.70590500 -0.24226200
vn 0.66560100 0.70589200 -0.24226300
vn 0.66558800 0.70590500 -0.24226200
vn 0.66560100 0.70589200 -0.24226300
vn 0.66560100 0.70589200 -0.24226300
vn 0.90806600 0.25725200 -0.33051100
vn 0.90807900 0.25720900 -0.33050900
vn 0.90806600 0.25725200 -0.33051100
vn 0.90806600 0.25725200 -0.33051100
vn 0.90807900 0.25720900 -0.33050900
vn 0.90807900 0.25720900 -0.33050900
vn 0.90726400 -0.26045000 -0.33020800
vn 0.90726400 -0.26045000 -0.33020800
vn 0.90727100 -0.26039800 -0.33023100
vn 0.90726400 -0.26045000 -0.33020800
vn 0.90727100 -0.26039800 -0.33023100
vn 0.90727100 -0.26039800 -0.33023100
vn 0.66335200 -0.70828700 -0.24144300
vn 0.66335200 -0.70828700 -0.24144300
vn 0.66332900 -0.70831200 -0.24143100
vn 0.66335200 -0.70828700 -0.24144300
vn 0.66332900 -0.70831200 -0.24143100
vn 0.66332900 -0.70831200 -0.24143100
vn 0.24168700 -0.96635900 -0.08796500
vn 0.24169100 -0.96635700 -0.08796900
vn 0.24168700 -0.96635900 -0.08796500
vn 0.24169100 -0.96635700 -0.08796900
vn 0.24168700 -0.96635900 -0.08796500
vn 0.24169100 -0.96635700 -0.08796900
vn -0.24474400 -0.96548700 0.08907900
vn -0.24473800 -0.96548900 0.08907600
vn -0.24474400 -0.96548700 0.08907900
vn -0.24473800 -0.96548900 0.08907600
vn -0.24474400 -0.96548700 0.08907900
vn -0.24473800 -0.96548900 0.08907600
vn -0.66560300 -0.70589200 0.24225900
vn -0.66559000 -0.70590800 0.24224800
vn -0.66560300 -0.70589200 0.24225900
vn -0.66559000 -0.70590800 0.24224800
vn -0.66560300 -0.70589200 0.24225900
vn -0.66559000 -0.70590800 0.24224800
vn -0.90806900 -0.25725600 0.33050000
vn -0.90808600 -0.25716000 0.33052900
vn -0.90806900 -0.25725600 0.33050000
vn -0.90808600 -0.25716000 0.33052900
vn -0.90806900 -0.25725600 0.33050000
vn -0.90808600 -0.25716000 0.33052900
vn -0.90726100 0.26044300 0.33022300
vn -0.90725300 0.26047000 0.33022400
vn -0.90726100 0.26044300 0.33022300
vn -0.90725300 0.26047000 0.33022400
vn -0.90726100 0.26044300 0.33022300
vn -0.90725300 0.26047000 0.33022400
vn -0.66329400 0.70834700 0.24142600
vn -0.66329400 0.70834700 0.24142600
vn -0.66336600 0.70827700 0.24143100
vn -0.66336600 0.70827700 0.24143100
vn -0.66329400 0.70834700 0.24142600
vn -0.66336600 0.70827700 0.24143100
vn -0.24172000 0.96635100 0.08796200
vn -0.24164700 0.96637000 0.08795200
vn -0.24172000 0.96635100 0.08796200
vn -0.24164700 0.96637000 0.08795200
vn -0.24172000 0.96635100 0.08796200
vn -0.24164700 0.96637000 0.08795200
vn 0.24478500 0.96547500 -0.08909500
vn 0.24478300 0.96547600 -0.08909500
vn 0.24478500 0.96547500 -0.08909500
vn 0.24478300 0.96547600 -0.08909500
vn 0.24478500 0.96547500 -0.08909500
vn 0.24478300 0.96547600 -0.08909500
vn 0.66556400 0.70593200 -0.24224900
vn 0.66559600 0.70590100 -0.24225000
vn 0.66556400 0.70593200 -0.24224900
vn 0.66559600 0.70590100 -0.24225000
vn 0.66556400 0.70593200 -0.24224900
vn 0.66559600 0.70590100 -0.24225000
vn 0.90808400 0.25719500 -0.33050600
vn 0.90808400 0.25719500 -0.33050600
vn 0.90807700 0.25721600 -0.33050800
vn 0.90807700 0.25721600 -0.33050800
vn 0.90808400 0.25719500 -0.33050600
vn 0.90807700 0.25721600 -0.33050800
vn 0.90726600 -0.26043400 -0.33021500
vn 0.90726500 -0.26045700 -0.33020100
vn 0.90726600 -0.26043400 -0.33021500
vn 0.90726500 -0.26045700 -0.33020100
vn 0.90726600 -0.26043400 -0.33021500
vn 0.90726500 -0.26045700 -0.33020100
vn 0.66332400 -0.70832000 -0.24142100
vn 0.66332400 -0.70832000 -0.24142100
vn 0.66335100 -0.70828600 -0.24144700
vn 0.66335100 -0.70828600 -0.24144700
vn 0.66332400 -0.70832000 -0.24142100
vn 0.66335100 -0.70828600 -0.24144700
vn 0.24165500 -0.96636700 -0.08795900
vn 0.24165600 -0.96636700 -0.08795700
vn 0.24165500 -0.96636700 -0.08795900
vn 0.24165600 -0.96636700 -0.08795700
vn 0.24165500 -0.96636700 -0.08795900
vn 0.24165600 -0.96636700 -0.08795700
vn -0.24472600 -0.96549200 0.08907400
vn -0.24471300 -0.96549600 0.08906700
vn -0.24472600 -0.96549200 0.08907400
vn -0.24471300 -0.96549600 0.08906700
vn -0.24472600 -0.96549200 0.08907400
vn -0.24471300 -0.96549600 0.08906700
vn -0.66559500 -0.70590200 0.24225100
vn -0.66561800 -0.70587500 0.24226800
vn -0.66559500 -0.70590200 0.24225100
vn -0.66561800 -0.70587500 0.24226800
vn -0.66559500 -0.70590200 0.24225100
vn -0.66561800 -0.70587500 0.24226800
vn -0.90807700 -0.25719600 0.33052400
vn -0.90807700 -0.25719600 0.33052400
vn -0.90807700 -0.25720300 0.33051900
vn -0.90807700 -0.25720300 0.33051900
vn -0.90807700 -0.25719600 0.33052400
vn -0.90807700 -0.25720300 0.33051900
vn 0.04606000 0.99879800 -0.01676400
vn 0.12291500 0.99140800 -0.04473700
vn 0.18357800 0.98073200 -0.06681500
vn 0.18358000 0.98073100 -0.06681500
vn 0.52267200 0.83103900 -0.19023400
vn 0.52265800 0.83104700 -0.19023600
vn 0.52267200 0.83103900 -0.19023400
vn 0.52265800 0.83104700 -0.19023600
vn 0.52267200 0.83103900 -0.19023400
vn 0.52265800 0.83104700 -0.19023600
vn 0.78200400 0.55448500 -0.28463300
vn 0.78202400 0.55446200 -0.28462500
vn 0.78200400 0.55448500 -0.28463300
vn 0.78200400 0.55448500 -0.28463300
vn 0.78202400 0.55446200 -0.28462500
vn 0.78202400 0.55446200 -0.28462500
vn 0.92197500 0.19328700 -0.33556200
vn 0.92196800 0.19330600 -0.33557000
vn -0.91062100 0.41324300 0.00000000
vn -0.88253100 0.47025500 0.00000000
vn -0.88250000 0.47031200 0.00000000
vn -0.88842500 0.45902300 0.00000000
vn -0.86390800 0.50364900 0.00000000
vn -0.80827300 0.58880800 -0.00000000
vn -0.77722300 0.62922600 0.00001200
vn -0.70931200 0.70489400 0.00000000
vn -0.67251200 0.74008600 -0.00001200
vn -0.57113900 0.82082500 0.00677800
vn -0.59331600 0.80497000 0.00000000
vn -0.55093500 0.83428600 -0.02091200
vn -0.53637700 0.84382400 -0.01615100
vn -0.44391200 0.89605300 -0.00552300
vn -0.44376600 0.89612600 -0.00553200
vn -0.51513000 0.85705800 -0.00957000
vn -0.50440100 0.86344300 -0.00678100
vn -0.49426700 0.86929800 -0.00451400
vn -0.47735200 0.87871200 -0.00112600
vn -0.45059400 0.89269600 0.00767000
vn -0.47708500 0.87885300 0.00251000
vn -0.48825800 0.87266400 0.00789200
vn -0.49935300 0.86628500 0.01403300
vn -0.51149500 0.85911700 0.01704100
vn -0.53624700 0.84403400 0.00677800
vn -0.57316900 0.81943800 0.00000000
vn -0.59386100 0.80456800 -0.00000100
vn -0.66672000 0.74530900 0.00000000
vn -0.69824700 0.71585700 -0.00001000
vn -0.66972700 0.74260700 0.00000000
vn -0.66973100 0.74260400 0.00000000
vn -0.00000000 1.00000000 0.00000000
vn -0.06190300 0.99808200 0.00000000
vn -0.10839100 0.99410800 0.00000000
vn -0.00000000 1.00000000 0.00000000
vn -0.00000000 1.00000000 0.00000000
vn -0.00000000 1.00000000 0.00000000
vn -0.04361900 -0.00000000 -0.99904800
vn -0.04361800 -0.00000000 -0.99904800
vn -0.14487600 -0.00000100 -0.98945000
vn -0.20227200 0.00001500 -0.97932900
vn 0.00000000 -1.00000000 0.00000000
vn 0.00000000 -1.00000000 0.00000000
vn 0.00000000 -1.00000000 0.00000000
vn 0.00000000 -1.00000000 0.00000000
vn 0.00000000 -1.00000000 0.00000000
vn -0.83905100 -0.54404200 -0.00342400
vn -0.87770100 -0.47919900 -0.00312000
vn -0.92787700 -0.37287000 -0.00362700
vn -0.95311600 -0.30258400 -0.00341000
vn -0.00000000 1.00000000 0.00000000
vn -0.00000000 1.00000000 0.00000000
vn -0.00000000 1.00000000 0.00000000
vn -0.00000000 1.00000000 0.00000000
vn -0.00000000 1.00000000 0.00000000
vn -0.04362000 -0.00000000 -0.99904800
vn -0.04361800 -0.00000000 -0.99904800
vn -0.14487600 0.00000900 -0.98945000
vn -0.20227200 0.00001100 -0.97932900
vn 0.00000000 -1.00000000 0.00000000
vn 0.00000000 -1.00000000 0.00000000
vn -0.03091600 -0.99952200 0.00000000
vn 0.00000100 -1.00000000 0.00000000
vn 0.00000100 -1.00000000 0.00000000
vn -0.00000100 -1.00000000 0.00000000
vn -0.14443300 -0.98951500 0.00000000
vn -0.58326400 -0.81228000 -0.00184300
vn -0.66672000 -0.74530900 0.00000000
vn -0.69825300 -0.71585100 -0.00000200
vn -0.69821100 -0.71589200 0.00000100
vn -0.72841200 -0.68513900 0.00000000
vn -0.64908400 -0.76071600 0.00000000
vn -0.66973100 -0.74260400 0.00000000
vn -0.49913200 -0.86641400 0.01390000
vn -0.48822300 -0.87268300 0.00787500
vn -0.43229100 -0.90169000 0.00892900
vn -0.51202800 -0.85867400 0.02249400
vn -0.47711500 -0.87883700 0.00252200
vn -0.47735100 -0.87871200 -0.00112600
vn -0.41926900 -0.90785900 -0.00228000
vn -0.49426800 -0.86929800 -0.00451300
vn -0.50454400 -0.86335900 -0.00681300
vn -0.50452400 -0.86337100 -0.00681000
vn -0.51513100 -0.85705800 -0.00957000
vn -0.51331500 -0.85815400 -0.00888100
vn -0.52737100 -0.84961200 -0.00623000
vn -0.59331500 -0.80497000 0.00000000
vn -0.52652000 -0.85002100 0.01553800
vn -0.56583000 -0.82449800 0.00636600
vn -0.60707800 -0.79464300 0.00000000
vn -0.67247600 -0.74011900 0.00000000
vn -0.70931300 -0.70489400 -0.00001200
vn -0.77721000 -0.62924200 -0.00000200
vn -0.77727500 -0.62916100 -0.00000500
vn -0.74424600 -0.66790600 0.00000000
vn -0.83717500 -0.54693600 0.00000000
vn -0.86390800 -0.50365000 0.00000000
vn -0.88842500 -0.45902200 -0.00001000
vn -0.88251700 -0.47028100 0.00000000
vn -0.88251600 -0.47028300 0.00000000
vn 0.57834200 0.81579500 -0.00000000
vn 0.57839900 0.81575400 0.00000000
vn 0.55950900 0.82882400 0.00000100
vn 0.58626000 0.81012300 0.00000600
vn 0.63692900 0.77092200 0.00000000
vn 0.66081000 0.75055300 -0.00000700
vn 0.70745100 0.70676200 0.00000600
vn 0.73017300 0.68326200 0.00000000
vn 0.77242300 0.63510900 -0.00000600
vn 0.79194600 0.61059200 0.00000000
vn 0.82942000 0.55862600 -0.00000600
vn 0.84720900 0.53126000 0.00000000
vn 0.87948700 0.47592400 0.00000000
vn 0.89396800 0.44813000 0.00000000
vn 0.92082900 0.38996700 0.00000000
vn 0.93306500 0.35970800 0.00000000
vn 0.95418500 0.29921800 0.00000000
vn 0.96309200 0.26917100 0.00000800
vn 0.97835200 0.20694600 0.00000000
vn 0.98458500 0.17490700 0.00000000
vn 0.99376300 0.11150800 -0.00000900
vn 0.99677000 0.08031300 0.00000500
vn 0.99986700 0.01632000 0.00000000
vn 0.99986700 -0.01632000 0.00000000
vn 0.99677000 -0.08031300 0.00000100
vn 0.99376400 -0.11150800 0.00000000
vn 0.98458500 -0.17490700 0.00000000
vn 0.97835200 -0.20694600 0.00000000
vn 0.96309200 -0.26917100 0.00000100
vn 0.95418500 -0.29921800 0.00000600
vn 0.93306500 -0.35970800 0.00000000
vn 0.92082900 -0.38996700 0.00000000
vn 0.89396800 -0.44813000 0.00000500
vn 0.87948700 -0.47592300 0.00000600
vn 0.84720900 -0.53126000 0.00000000
vn 0.82939400 -0.55866500 0.00000000
vn 0.79194500 -0.61059200 -0.00000600
vn 0.77242300 -0.63510900 0.00000000
vn 0.73017300 -0.68326200 0.00000000
vn 0.70748500 -0.70672900 -0.00000800
vn 0.66077600 -0.75058300 -0.00000600
vn 0.63692800 -0.77092300 0.00000000
vn 0.58626100 -0.81012300 -0.00000600
vn 0.55951200 -0.82882200 -0.00000000
vn 0.57836400 -0.81577900 0.00000000
vn 0.57838100 -0.81576700 0.00000000
vn 0.00000000 0.00000000 -1.00000000
vn 0.00000000 0.00000000 -1.00000000
vn 0.00000000 0.00000000 -1.00000000
vn 0.00000000 0.00000000 -1.00000000
vn 0.00000000 0.00000000 -1.00000000
vn 0.00000000 0.00000000 -1.00000000
vn 0.00000000 0.00000000 -1.00000000
vn 0.00000000 0.00000000 -1.00000000
vn 0.00000000 0.00000000 -1.00000000
vn 0.00000000 0.00000000 -1.00000000
vn 0.00000000 0.00000000 -1.00000000
vn 0.00000000 0.00000000 -1.00000000
vn 0.00000000 0.00000000 -1.00000000
vn 0.00000000 0.00000000 -1.00000000
vn 0.00000000 0.00000000 -1.00000000
vn 0.00000000 0.00000000 -1.00000000
vn 0.00000000 0.00000000 -1.00000000
vn 0.00000000 0.00000000 -1.00000000
vn 0.00000000 0.00000000 -1.00000000
vn 0.00000000 0.00000000 -1.00000000
vn 0.00000000 0.00000000 -1.00000000
vn 0.00000000 0.00000000 -1.00000000
vn 0.00000000 0.00000000 -1.00000000
vn 0.00000000 0.00000000 -1.00000000
vn 0.00000000 0.00000000 -1.00000000
vn 0.00000000 0.00000000 -1.00000000
vn 0.00000000 0.00000000 -1.00000000
vn 0.00000000 0.00000000 -1.00000000
vn 0.00000000 0.00000000 -1.00000000
vn 0.00000000 0.00000000 -1.00000000
vn 0.00000000 0.00000000 -1.00000000
vn 0.00000000 0.00000000 -1.00000000
vn 0.00000000 0.00000000 -1.00000000
vn 0.00000000 0.00000000 -1.00000000
vn 0.00000000 0.00000000 -1.00000000
vn 0.00000000 0.00000000 -1.00000000
vn 0.00000000 0.00000000 -1.00000000
vn 0.00000000 0.00000000 -1.00000000
vn 0.00000000 0.00000000 -1.00000000
vn 0.00000000 0.00000000 -1.00000000
vn 0.00000000 0.00000000 -1.00000000
vn 0.00000000 0.00000000 -1.00000000
vn 0.00000000 0.00000000 -1.00000000
vn 0.00000000 0.00000000 -1.00000000
vn 0.00000000 0.00000000 -1.00000000
vn 0.00000000 0.00000000 -1.00000000
vn 0.00000000 0.00000000 -1.00000000
vn 0.00000000 0.00000000 -1.00000000
vn 0.00000000 0.00000000 1.00000000
vn 0.00000000 0.00000000 1.00000000
vn 0.00000000 0.00000000 1.00000000
vn 0.00000000 -0.00000600 1.00000000
vn 0.00000000 -0.00000200 1.00000000
vn 0.00000000 0.00000000 1.00000000
vn 0.00000000 -0.00000100 1.00000000
vn 0.00000000 0.00000000 1.00000000
vn 0.00000000 -0.00000200 1.00000000
vn 0.00000000 0.00000000 1.00000000
vn 0.00000000 -0.00000200 1.00000000
vn -0.00000000 0.00000300 1.00000000
vn 0.00000000 0.00000000 1.00000000
vn -0.00000000 0.00000200 1.00000000
vn -0.00000000 0.00000200 1.00000000
vn 0.00000000 0.00000000 1.00000000
vn -0.00000000 0.00000300 1.00000000
vn -0.00000000 0.00000200 1.00000000
vn 0.00000000 0.00000000 1.00000000
vn -0.00000000 0.00000300 1.00000000
vn -0.00000000 0.00000200 1.00000000
vn 0.00000000 0.00000000 1.00000000
vn 0.00000000 -0.00000300 1.00000000
vn 0.00000000 0.00000000 1.00000000
vn -0.00000000 0.00000100 1.00000000
vn 0.00000000 0.00000000 1.00000000
vn 0.00000000 0.00000000 1.00000000
vn 0.00000000 -0.00000600 1.00000000
vn 0.00000000 0.00000000 1.00000000
vn 0.00000000 -0.00000600 1.00000000
vn 0.00000000 0.00000000 1.00000000
vn 0.00000000 -0.00000200 1.00000000
vn 0.00000000 -0.00000400 1.00000000
vn -0.00000000 0.00000400 1.00000000
vn 0.00000000 0.00000000 1.00000000
vn 0.00000000 0.00000000 1.00000000
vn 0.00000000 -0.00000200 1.00000000
vn -0.00000000 0.00000400 1.00000000
vn 0.00000000 -0.00000400 1.00000000
vn 0.00000000 0.00000000 1.00000000
vn 0.00000000 0.00000000 1.00000000
vn 0.00000000 0.00000000 1.00000000
vn -0.00000000 0.00000200 1.00000000
vn 0.00000000 -0.00000300 1.00000000
vn 0.00000000 0.00000000 1.00000000
vn -0.00000000 0.00000200 1.00000000
vn 0.00000000 0.00000000 1.00000000
vn -0.00000000 0.00000200 1.00000000
vn 0.00000000 0.00000000 1.00000000
vn -0.00000000 0.00001600 1.00000000
vn 0.00000000 -0.00000300 1.00000000
vn 0.00000000 -0.00000200 1.00000000
vn 0.00000000 0.00000000 1.00000000
vn -0.00000000 0.00000100 1.00000000
vn 0.00000000 -0.00000100 1.00000000
vn -0.00000000 0.00000100 1.00000000
vn 0.00000000 0.00000000 1.00000000
vn 0.00000000 -0.00000200 1.00000000
vn 0.00000000 0.00000000 1.00000000
vn -0.00000000 0.00000100 1.00000000
vn 0.00000000 -0.00000100 1.00000000
vn 0.00000000 -0.00000200 1.00000000
vn 0.00000000 0.00000000 1.00000000
vn 0.00000000 0.00000000 1.00000000
vn 0.00000000 -0.00000200 1.00000000
vn -0.00000000 0.00000200 1.00000000
vn -0.00000000 0.00000200 1.00000000
vn -0.00000000 0.00000200 1.00000000
vn 0.00000000 0.00000000 1.00000000
vn 0.00000000 0.00000000 1.00000000
vn 0.00000000 0.00000000 1.00000000
vn 0.00000000 -0.00000000 1.00000000
vn 0.00000000 0.00000000 1.00000000
vn -0.00000000 0.00000100 1.00000000
vn 0.00000000 -0.00000300 1.00000000
vn -0.00000000 0.00000100 1.00000000
vn 0.00000000 0.00000000 1.00000000
vn 0.00000000 0.00000000 1.00000000
vn 0.00000000 -0.00000300 1.00000000
vn -0.00000000 0.00000100 1.00000000
vn 0.00000000 0.00000000 1.00000000
vn 0.00000000 0.00000000 1.00000000
vn -0.00000000 0.00000100 1.00000000
vn 0.00000000 0.00000000 1.00000000
vn -0.00000000 0.00000100 1.00000000
vn 0.00000000 -0.00000000 1.00000000
vn 0.00000000 -0.00000000 1.00000000
vn 0.00000000 0.00000000 1.00000000
vn -0.00000000 0.00000400 1.00000000
vn 0.00000000 0.00000000 1.00000000
vn 0.00000000 -0.00000400 1.00000000
vn -0.00000000 0.00000400 1.00000000
vn -0.00000000 0.00003000 1.00000000
vn 0.00000000 0.00000000 1.00000000
vn -0.00000000 0.00003000 1.00000000
vn -0.00000000 0.00003000 1.00000000
vn 0.00000000 0.00000000 1.00000000
vn 0.00000000 0.00000000 1.00000000
vn 0.00000000 -0.00000100 1.00000000
vn 0.00000000 0.00000000 1.00000000
vn -0.00000000 0.00000300 1.00000000
vn 0.00000000 -0.00000200 1.00000000
vn 0.00000000 -0.00000100 1.00000000
vn 0.00000000 0.00000000 1.00000000
vn 0.00000000 0.00000000 1.00000000
vn -0.00000000 0.00000300 1.00000000
vn -0.00000000 0.00000300 1.00000000
vn 0.00000000 0.00000000 1.00000000
vn 0.00000000 -0.00000100 1.00000000
vn 0.00000000 0.00000000 1.00000000
vn -0.00000000 0.00000200 1.00000000
vn 0.00000000 -0.00000400 1.00000000
vn 0.00000000 0.00000000 1.00000000
vn -0.00000000 0.00000200 1.00000000
vn -0.00000000 0.00000200 1.00000000
vn -0.00000000 0.00000200 1.00000000
vn 0.00000000 0.00000000 1.00000000
vn 0.00000000 0.00000000 1.00000000
vn 0.00000000 -0.00000100 1.00000000
vn -0.00000000 0.00001600 1.00000000
vn 0.00000000 0.00000000 1.00000000
vn 0.00000000 0.00000000 1.00000000
vn 0.00000000 -0.00000300 1.00000000
vn -0.00000000 0.00000200 1.00000000
vn 0.00000000 -0.00000300 1.00000000
vn 0.00000000 0.00000000 1.00000000
vn 0.00000000 0.00000000 1.00000000
vn 0.00000000 -0.00000300 1.00000000
vn -0.00000000 0.00000200 1.00000000
vn -0.00000000 0.00000200 1.00000000
vn -0.00000000 0.00000200 1.00000000
vn -0.00000000 0.00000400 1.00000000
vn 0.00000000 -0.00000200 1.00000000
vn 0.00000000 0.00000000 1.00000000
vn -0.00000000 0.00000600 1.00000000
vn -0.00000000 0.00000400 1.00000000
vn 0.00000000 0.00000000 1.00000000
vn 0.00000000 0.00000000 1.00000000
vn 0.00000000 -0.00000200 1.00000000
vn -0.00000000 0.00000600 1.00000000
vn -0.00000000 0.00000400 1.00000000
vn -0.00000000 0.00000600 1.00000000
vn 0.00000000 -0.00000200 1.00000000
vn 0.00000000 -0.00000200 1.00000000
vn -0.00000000 0.00000400 1.00000000
vn 0.00000000 0.00000000 1.00000000
vn -0.00000000 0.00000400 1.00000000
vn 0.00000000 0.00000000 1.00000000
vn 0.00000000 -0.00000200 1.00000000
vn 0.00000000 -0.00000300 1.00000000
vn 0.00000000 0.00000000 1.00000000
vn 0.00000000 0.00000000 1.00000000
vn -0.00000000 0.00001600 1.00000000
vn 0.00000000 -0.00000100 1.00000000
vn 0.00000000 -0.00000100 1.00000000
vn -0.00000000 0.00000200 1.00000000
vn 0.00000000 0.00000000 1.00000000
vn 0.00000000 -0.00000400 1.00000000
vn -0.00000000 0.00000200 1.00000000
vn 0.00000000 0.00000000 1.00000000
vn -0.00000000 0.00000200 1.00000000
vn 0.00000000 -0.00000400 1.00000000
vn 0.00000000 -0.00003000 1.00000000
vn -0.00000000 0.00001100 1.00000000
vn 0.00000000 -0.00003000 1.00000000
vn 0.00000000 0.00000000 1.00000000
vn -0.00000000 0.00001100 1.00000000
vn 0.00000000 -0.00003000 1.00000000
vn 0.00000000 0.00000000 1.00000000
vn -0.00000000 0.00001100 1.00000000
vn 0.00000000 0.00000000 1.00000000
vn 0.00000000 0.00000000 1.00000000
vn 0.00001800 0.99983400 -0.01823100
vn -0.00000000 1.00000000 0.00000000
vn -0.00000000 1.00000000 0.00000000
vn -0.00000000 1.00000000 0.00000000
vn -0.00000000 1.00000000 0.00000000
vn -0.00000100 1.00000000 0.00000000
vn -0.13060600 0.99143400 0.00000100
vn -0.01995300 0.99980100 -0.00002500
vn -0.04896900 0.99880000 0.00001700
vn -0.00164300 0.99973900 -0.02280200
vn -0.00000000 1.00000000 0.00000000
vn -0.00000000 1.00000000 0.00000000
vn 0.00000000 -1.00000000 0.00000000
vn 0.00000700 -1.00000000 0.00000000
vn 0.00000000 -1.00000000 0.00000000
vn 0.00000000 -1.00000000 0.00000000
vn 0.00000700 -1.00000000 0.00000000
vn -0.00000500 -1.00000000 0.00000000
vn 0.00000700 -1.00000000 0.00000000
vn -0.00002000 -1.00000000 0.00000000
vn -0.00000500 -1.00000000 0.00000000
vn -0.00002000 -1.00000000 0.00000000
vn -0.00000500 -1.00000000 0.00000000
vn -0.00002000 -1.00000000 0.00000000
vn -0.10160400 -0.99482500 0.00000000
vn -0.06533200 -0.99786400 0.00000000
vn -0.08126800 -0.99669200 -0.00000300
vn -0.07838300 -0.99692300 -0.00002000
vn -0.07846500 -0.99691700 0.00001000
vn 0.00000500 -1.00000000 0.00000000
vn 0.00000000 -1.00000000 0.00000000
vn -0.00001000 -1.00000000 0.00000000
vn -0.00000000 -1.00000000 0.00000000
vn 0.00001900 -1.00000000 0.00000000
vn 0.00000500 -1.00000000 0.00000000
vn 0.00000000 -1.00000000 0.00000000
vn -0.00001000 -1.00000000 0.00000000
vn 0.00000500 -1.00000000 0.00000000
vn 0.00000000 -1.00000000 0.00000000
vn 0.00000000 -1.00000000 0.00000000
vn -0.00001000 -1.00000000 0.00000000
vn -0.00001000 -1.00000000 0.00000000
vn 0.00000000 -1.00000000 0.00000000
vn -0.00001000 -1.00000000 0.00000000
vn 0.00001900 -1.00000000 0.00000000
vn 0.00001900 -1.00000000 0.00000000
vn -0.00000000 -1.00000000 0.00000000
vn -0.00001000 -1.00000000 0.00000000
vn -0.00000000 -1.00000000 0.00000000
vn -0.99143500 0.13060500 0.00000000
vn -0.99786500 -0.06530900 -0.00001600
vn -0.99786500 0.06530900 0.00000000
vn -0.99143500 -0.13060500 0.00000000
vn 0.00000000 0.00000000 -1.00000000
vn -0.00000000 0.00000200 -1.00000000
vn 0.00000000 -0.00000100 -1.00000000
vn -0.09708900 0.01349000 -0.99518400
vn 0.00000000 0.00000000 -1.00000000
vn -0.00000000 0.00000100 -1.00000000
vn 0.00000000 0.00000000 -1.00000000
vn -0.00000000 0.00000200 -1.00000000
vn 0.00000000 0.00000000 -1.00000000
vn -0.00000000 0.00000200 -1.00000000
vn -0.00000000 0.00000200 -1.00000000
vn -0.00000000 0.00000100 -1.00000000
vn -0.07105700 -0.02159700 -0.99723800
vn -0.00000000 0.00000000 -1.00000000
vn -0.08211700 -0.01788900 -0.99646200
vn 0.00000000 0.00000000 -1.00000000
vn 0.00000000 -0.00000400 -1.00000000
vn 0.00000000 -0.00000100 -1.00000000
vn 0.00000000 0.00000000 -1.00000000
vn 0.00000000 -0.00000100 -1.00000000
vn -0.00000000 0.00000100 -1.00000000
vn 0.00000000 0.00000000 -1.00000000
vn -0.00000000 0.00000100 -1.00000000
vn 0.00000000 0.00000000 -1.00000000
vn 0.00000000 -0.00000400 -1.00000000
vn -0.00000000 0.00000000 -1.00000000
vn 0.00000000 -0.00000600 -1.00000000
vn -0.00000000 0.00000200 -1.00000000
vn -0.11703900 -0.01157800 -0.99306000
vn -0.09799600 0.00192800 -0.99518500
vn -0.07315900 0.01918300 -0.99713600
vn 0.00000000 0.00000000 -1.00000000
vn 0.00000000 0.00000000 -1.00000000
vn 0.00000000 -0.00000400 -1.00000000
vn 0.00000000 -0.00000100 -1.00000000
vn 0.00000000 0.00000000 -1.00000000
vn 0.00000000 0.00000000 -1.00000000
vn 0.00000000 -0.00000600 -1.00000000
vn -0.00000000 0.00000200 -1.00000000
vn 0.00000000 -0.00000600 -1.00000000
vn 0.00000000 -0.00000200 -1.00000000
vn 0.00000000 0.00000000 -1.00000000
vn 0.00000000 0.00000000 -1.00000000
vn 0.00000000 -0.00000200 -1.00000000
vn 0.00000000 0.00000000 -1.00000000
vn 0.00000000 -0.00000200 -1.00000000
vn -0.00000000 0.00000200 -1.00000000
vn 0.00000000 0.00000000 -1.00000000
vn 0.00000000 -0.00000100 -1.00000000
vn -0.00000000 0.00000200 -1.00000000
vn 0.00000000 0.00000000 -1.00000000
vn -0.00000000 0.00000100 -1.00000000
vn 0.00000000 0.00000000 -1.00000000
vn 0.00000000 -0.00000400 -1.00000000
vn 0.00000000 0.00000000 -1.00000000
vn -0.00000000 0.00000100 -1.00000000
vn 0.00000000 0.00000000 -1.00000000
vn -0.00000000 0.00000100 -1.00000000
vn -0.00000000 0.00000100 -1.00000000
vn 0.00000000 -0.00000400 -1.00000000
vn -0.00000000 0.00000600 -1.00000000
vn 0.00000000 -0.00000100 -1.00000000
vn 0.00000000 -0.00000100 -1.00000000
vn -0.00000000 0.00000600 -1.00000000
vn 0.00000000 -0.00000200 -1.00000000
vn 0.00000000 -0.00000100 -1.00000000
vn -0.00000000 0.00000600 -1.00000000
vn -0.03292500 0.00976800 -0.99941000
vn -0.00000000 0.00000000 -1.00000000
vn 0.00000000 0.00000000 -1.00000000
vn -0.00000000 0.00000200 -1.00000000
vn 0.00000000 -0.00000100 -1.00000000
vn -0.00000000 0.00000100 -1.00000000
vn 0.00000000 0.00000000 -1.00000000
vn 0.00000000 -0.00000100 -1.00000000
vn -0.00000000 0.00000100 -1.00000000
vn 0.00000000 0.00000000 -1.00000000
vn 0.00000000 -0.00000400 -1.00000000
vn 0.00000000 -0.00000400 -1.00000000
vn 0.00000000 -0.00000100 -1.00000000
vn 0.96590800 0.25888500 0.00000000
vn 0.96590800 0.25888500 0.00000000
vn 0.96590800 0.25888500 0.00000000
vn 0.96590800 0.25888500 0.00000000
vn 0.96590800 0.25888500 0.00000000
vn 0.96590800 0.25888500 0.00000000
vn 0.70714100 0.70707300 0.00000000
vn 0.70714100 0.70707300 0.00000000
vn 0.70714100 0.70707200 0.00000000
vn 0.70714100 0.70707300 0.00000000
vn 0.70714100 0.70707200 0.00000000
vn 0.70714100 0.70707200 0.00000000
vn 0.25880600 0.96592900 0.00000000
vn 0.25880600 0.96592900 0.00000000
vn 0.25880600 0.96592900 0.00000000
vn 0.25880600 0.96592900 0.00000000
vn -0.25882300 0.96592500 0.00000000
vn -0.25882300 0.96592500 0.00000000
vn -0.25882300 0.96592500 0.00000000
vn -0.25882300 0.96592500 0.00000000
vn -0.70710400 0.70711000 0.00000000
vn -0.70710300 0.70711100 0.00000000
vn -0.70710400 0.70711000 0.00000000
vn -0.70710300 0.70711100 0.00000000
vn -0.70710400 0.70711000 0.00000000
vn -0.70710300 0.70711100 0.00000000
vn -0.96592400 0.25882600 0.00000000
vn -0.96592400 0.25882600 0.00000000
vn -0.96592400 0.25882600 0.00000000
vn -0.96592400 0.25882600 0.00000000
vn -0.96592400 0.25882600 0.00000000
vn -0.96592400 0.25882600 0.00000000
vn -0.96592900 -0.25880900 0.00000000
vn -0.96592900 -0.25880900 0.00000000
vn -0.96592900 -0.25880900 0.00000000
vn -0.96592900 -0.25880900 0.00000000
vn -0.96592900 -0.25880900 0.00000000
vn -0.96592900 -0.25880900 0.00000000
vn -0.70706900 -0.70714400 0.00000000
vn -0.70706900 -0.70714500 0.00000000
vn -0.70706900 -0.70714400 0.00000000
vn -0.70706900 -0.70714500 0.00000000
vn -0.70706900 -0.70714400 0.00000000
vn -0.70706900 -0.70714500 0.00000000
vn -0.25882300 -0.96592500 0.00000000
vn -0.25882100 -0.96592500 0.00000000
vn -0.25882300 -0.96592500 0.00000000
vn -0.25882300 -0.96592500 0.00000000
vn -0.25882100 -0.96592500 0.00000000
vn -0.25882100 -0.96592500 0.00000000
vn 0.25880400 -0.96593000 0.00000000
vn 0.25880400 -0.96593000 0.00000000
vn 0.25880600 -0.96592900 0.00000000
vn 0.25880400 -0.96593000 0.00000000
vn 0.25880600 -0.96592900 0.00000000
vn 0.25880600 -0.96592900 0.00000000
vn 0.70707300 -0.70714000 0.00000000
vn 0.70710700 -0.70710600 -0.00000400
vn 0.70707300 -0.70714000 0.00000000
vn 0.70710700 -0.70710600 -0.00000400
vn 0.70707300 -0.70714000 0.00000000
vn 0.70710700 -0.70710600 -0.00000400
vn 0.96593000 -0.25880500 -0.00000600
vn 0.96591300 -0.25886800 0.00000000
vn 0.96593000 -0.25880500 -0.00000600
vn 0.96591300 -0.25886800 0.00000000
vn 0.96593000 -0.25880500 -0.00000600
vn 0.96591300 -0.25886800 0.00000000
vn 0.96591300 0.25886800 0.00000000
vn 0.96593000 0.25880500 0.00000600
vn 0.96591300 0.25886800 0.00000000
vn 0.96593000 0.25880500 0.00000600
vn 0.96591300 0.25886800 0.00000000
vn 0.96593000 0.25880500 0.00000600
vn 0.70710700 0.70710600 0.00000400
vn 0.70707300 0.70714000 0.00000000
vn 0.70710700 0.70710600 0.00000400
vn 0.70707300 0.70714000 0.00000000
vn 0.70710700 0.70710600 0.00000400
vn 0.70707300 0.70714000 0.00000000
vn 0.25880600 0.96592900 0.00000000
vn 0.25880600 0.96592900 0.00000000
vn 0.25880400 0.96593000 0.00000000
vn 0.25880400 0.96593000 0.00000000
vn 0.25880600 0.96592900 0.00000000
vn 0.25880400 0.96593000 0.00000000
vn -0.25882100 0.96592500 0.00000000
vn -0.25882100 0.96592500 0.00000000
vn -0.25882300 0.96592500 0.00000000
vn -0.25882300 0.96592500 0.00000000
vn -0.25882100 0.96592500 0.00000000
vn -0.25882300 0.96592500 0.00000000
vn -0.70706900 0.70714400 0.00000000
vn -0.70706900 0.70714500 0.00000000
vn -0.70706900 0.70714400 0.00000000
vn -0.70706900 0.70714500 0.00000000
vn -0.70706900 0.70714400 0.00000000
vn -0.70706900 0.70714500 0.00000000
vn -0.96592900 0.25880900 0.00000000
vn -0.96592900 0.25880900 0.00000000
vn -0.96592900 0.25880900 0.00000000
vn -0.96592900 0.25880900 0.00000000
vn -0.96592900 0.25880900 0.00000000
vn -0.96592900 0.25880900 0.00000000
vn -0.96592400 -0.25882600 0.00000000
vn -0.96592400 -0.25882600 0.00000000
vn -0.96592400 -0.25882600 0.00000000
vn -0.96592400 -0.25882600 0.00000000
vn -0.70710300 -0.70711100 0.00000000
vn -0.70710300 -0.70711100 0.00000000
vn -0.70710300 -0.70711000 0.00000000
vn -0.70710300 -0.70711100 0.00000000
vn -0.70710300 -0.70711000 0.00000000
vn -0.70710300 -0.70711000 0.00000000
vn -0.25882300 -0.96592500 0.00000000
vn -0.25882300 -0.96592500 0.00000000
vn -0.25882300 -0.96592500 0.00000000
vn -0.25882300 -0.96592500 0.00000000
vn 0.25880600 -0.96592900 0.00000000
vn 0.25880600 -0.96592900 0.00000000
vn 0.25880600 -0.96592900 0.00000000
vn 0.25880600 -0.96592900 0.00000000
vn 0.70714200 -0.70707200 0.00000000
vn 0.70710700 -0.70710700 0.00000400
vn 0.70714200 -0.70707200 0.00000000
vn 0.70710700 -0.70710700 0.00000400
vn 0.70714200 -0.70707200 0.00000000
vn 0.70710700 -0.70710700 0.00000400
vn 0.96590800 -0.25888500 0.00000600
vn 0.96592500 -0.25882200 0.00000000
vn 0.96590800 -0.25888500 0.00000600
vn 0.96592500 -0.25882200 0.00000000
vn 0.96590800 -0.25888500 0.00000600
vn 0.96592500 -0.25882200 0.00000000
vn -0.60653100 0.79506000 0.00000000
vn -0.60652800 0.79506200 0.00000000
vn -0.21550500 0.97650300 0.00000000
vn -0.21550500 0.97650300 0.00000000
vn -0.21550500 -0.97650300 0.00000000
vn -0.21550500 -0.97650300 0.00000000
vn -0.60652800 -0.79506200 0.00000000
vn -0.60653100 -0.79506000 0.00000000
vn -0.85084300 -0.52542100 0.00000000
vn -0.85084200 -0.52542100 0.00000000
vn -0.57330300 -0.81934400 0.00000000
vn -0.57330300 -0.81934400 0.00000000
vn -0.57330100 -0.81934500 0.00000000
vn -0.57330300 -0.81934400 0.00000000
vn -0.57330100 -0.81934500 0.00000000
vn -0.57330100 -0.81934500 0.00000000
vn -0.20215600 -0.97935300 0.00000000
vn -0.20215600 -0.97935300 0.00000000
vn -0.26973900 0.96292900 -0.00292700
vn -0.17038700 0.98140700 -0.08837100
vn -0.23573300 0.97181100 -0.00355700
vn -0.06229900 0.99410800 -0.08869800
vn -0.02250400 0.99944200 -0.02468300
vn -0.20214600 0.97930000 0.01037700
vn -0.59121900 0.80650300 -0.00360000
vn -0.57329200 0.81932900 -0.00606000
vn -0.76282900 0.64658000 -0.00512900
vn -0.70877400 0.70543600 -0.00012800
vn -0.87996900 0.47493800 -0.00941500
vn -0.85601900 0.51686600 -0.00900500
vn -0.94715900 0.32076400 -0.00002900
vn -0.89655700 0.44292800 0.00000000
vn -0.83145700 0.55558900 0.00000000
vn -0.83145700 0.55558900 0.00000000
vn -0.55561600 0.83143900 0.00000000
vn -0.55561700 0.83143800 0.00000000
vn -0.55561600 0.83143900 0.00000000
vn -0.55561700 0.83143800 0.00000000
vn -0.55561600 0.83143900 0.00000000
vn -0.55561700 0.83143800 0.00000000
vn -0.19507000 0.98078900 0.00000000
vn -0.19507200 0.98078900 0.00000000
vn -0.19507000 -0.98078900 0.00000000
vn -0.38278500 -0.92383700 -0.00005600
vn -0.44289900 -0.89657200 0.00002300
vn -0.65882300 -0.75229800 -0.00002900
vn -0.75228600 -0.65883700 0.00000000
vn -0.83145700 -0.55558900 0.00000000
vn -0.83145700 -0.55558900 0.00000000
vn -0.98079000 -0.19506900 0.00000000
vn -0.98079000 -0.19506900 0.00000000
vn -0.93596100 -0.10528200 -0.33599400
vn -0.19028000 0.04314400 -0.98078100
vn -0.19417000 0.01925800 -0.98077900
vn -0.19508400 -0.00381000 -0.98077900
vn -0.19327500 -0.02677200 -0.98077900
vn -0.18201000 -0.04731600 -0.98215800
vn -0.91443200 0.22465000 -0.33667000
vn -0.91438200 0.22462900 -0.33681800
vn -0.94334600 0.28905600 -0.16292400
vn -0.82164400 0.25035100 -0.51207900
vn -0.69274600 0.17561400 -0.69947400
vn -0.76273500 0.23255000 -0.60345400
vn -0.55280700 0.16644400 -0.81651800
vn -0.46393000 0.12372800 -0.87718900
vn -0.38414000 0.11478300 -0.91611200
vn -0.21012900 0.06424700 -0.97556000
vn -0.21004300 0.06420400 -0.97558200
vn -0.16634800 -0.05190400 -0.98470000
vn -0.50754600 -0.15309000 -0.84791600
vn -0.54303600 -0.11781900 -0.83140300
vn -0.52118600 -0.13485300 -0.84272100
vn -0.48111500 -0.14916200 -0.86387400
vn -0.76914400 -0.23291400 -0.59512100
vn -0.81259700 -0.17646100 -0.55547100
vn -0.90847800 -0.22675500 -0.35106900
vn -0.83433700 -0.25385300 -0.48932600
vn -0.94193100 -0.29215800 -0.16555800
vn -0.55293900 -0.05473000 -0.83142300
vn -0.55035000 -0.07648500 -0.83142300
vn -0.82748200 -0.08186100 -0.55549300
vn -0.55553800 0.01095400 -0.83141900
vn -0.70706300 0.00277900 -0.70714500
vn -0.93078300 -0.00096200 -0.36557100
vn -0.97766000 0.12680900 -0.16763200
vn -0.55036000 0.07648500 -0.83141700
vn -0.70177000 0.08624300 -0.70716400
vn -0.82747900 0.08185900 -0.55549700
vn 0.99144400 0.13053000 0.00000000
vn 0.99144400 -0.13053500 0.00000000
vn 0.99144400 0.13053500 0.00000000
vn 0.99144400 -0.13053000 0.00000000
vn -0.42955200 -0.90303000 -0.00460000
vn -0.56613400 -0.82412900 -0.01743700
vn -0.39149500 -0.91998000 -0.01919400
vn -0.80190800 -0.59743900 -0.00327900
vn -0.81323900 -0.58193000 0.00000000
vn -0.88690500 -0.46194500 0.00251600
vn -0.71579400 -0.69745800 -0.03451200
vn -0.75838300 -0.65159400 -0.01678100
vn -0.78129600 -0.62406900 -0.01068400
vn -0.68923400 -0.72450100 0.00742300
vn -0.69159900 -0.72210900 -0.01580500
vn -0.67321600 -0.73721500 -0.05740500
vn -0.94929800 -0.31429600 0.00724600
vn -0.99646400 -0.08397800 0.00273000
vn -0.97881300 -0.20467300 0.00589000
vn -0.99786100 -0.06537300 0.00000000
vn 0.96592400 -0.25882700 0.00000000
vn 0.96592400 -0.25882700 0.00000000
vn 0.70712200 -0.70709200 0.00000000
vn 0.70712100 -0.70709200 0.00000000
vn 0.70712200 -0.70709200 0.00000000
vn 0.70712100 -0.70709200 0.00000000
vn 0.70712200 -0.70709200 0.00000000
vn 0.70712100 -0.70709200 0.00000000
vn 0.25881800 -0.96592600 0.00000000
vn 0.25881800 -0.96592600 0.00000000
vn 0.25881800 -0.96592600 0.00000000
vn 0.25881800 -0.96592600 0.00000000
vn 0.25881800 -0.96592600 0.00000000
vn 0.25881800 -0.96592600 0.00000000
vn -0.25882300 -0.96592500 0.00000000
vn -0.20903500 -0.97699700 -0.04219900
vn -0.27259800 -0.96097300 -0.04712400
vn 0.96592400 0.25882700 0.00000000
vn 0.96592400 0.25882700 0.00000000
vn 0.70712200 0.70709200 0.00000000
vn 0.70712200 0.70709200 0.00000000
vn 0.70712100 0.70709200 0.00000000
vn 0.70712200 0.70709200 0.00000000
vn 0.70712100 0.70709200 0.00000000
vn 0.70712100 0.70709200 0.00000000
vn 0.25881800 0.96592600 0.00000000
vn 0.25881800 0.96592600 0.00000000
vn 0.25881800 0.96592600 0.00000000
vn 0.25881800 0.96592600 0.00000000
vn 0.25881800 0.96592600 0.00000000
vn 0.25881800 0.96592600 0.00000000
vn -0.15890500 0.98729400 0.00000000
vn -0.20902600 0.97756600 -0.02595000
vn -0.27002100 0.96265100 -0.01979700
vn -0.46857600 0.88328700 -0.01552200
vn -0.43513600 0.90035700 -0.00360000
vn -0.51162400 0.85920900 -0.00004300
vn -0.80326500 0.59561500 -0.00289300
vn -0.76103300 0.64852100 -0.01579500
vn -0.85935500 0.51137400 -0.00237500
vn -0.71539600 0.69785900 -0.03466700
vn -0.71544700 0.69780800 -0.03464600
vn -0.72772600 0.68574900 -0.01278200
vn -0.67060900 0.73946300 -0.05896500
vn -0.67338400 0.73928900 -0.00240100
vn -0.74272800 0.66885300 0.03147600
vn -0.81323900 0.58193000 0.00000000
vn -0.87667800 0.48107800 0.00000000
vn -0.98788000 0.15516700 0.00401500
vn -0.96656900 0.25621000 0.01001500
vn -0.99786200 0.06535400 0.00000100
vn -0.00197800 0.98319000 -0.18257400
vn -0.00194200 0.98321500 -0.18244000
vn 0.00419600 0.86039200 -0.50961500
vn 0.00069600 0.68178100 -0.73155600
vn 0.00421400 0.78708700 -0.61682800
vn 0.00777100 0.85121100 -0.52476600
vn 0.00764400 0.14186300 -0.98985700
vn -0.06755600 0.07621000 -0.99480100
vn -0.22081200 0.16644200 -0.96101000
vn -0.00084200 0.58421300 -0.81160000
vn 0.00246300 0.55784200 -0.82994300
vn 0.00322100 0.60890900 -0.79323300
vn -0.62742900 0.72906500 -0.27348900
vn -0.61724700 0.73488700 -0.28097600
vn -0.36437500 0.41949700 -0.83141600
vn -0.34742500 0.43448400 -0.83097500
vn -0.34742300 0.43448100 -0.83097700
vn -0.17332700 0.08956900 -0.98078300
vn -0.42896400 0.21674100 -0.87693400
vn -0.53266400 0.23307900 -0.81359900
vn -0.65305100 0.32596600 -0.68357200
vn -0.65823800 0.28866100 -0.69526800
vn -0.84637500 0.42662300 -0.31881200
vn -0.76795700 0.33458700 -0.54616200
vn -0.89813400 0.38283200 -0.21632300
vn -0.22368600 0.16180900 -0.96113600
vn -0.22357400 0.16178600 -0.96116600
vn -0.13387000 0.14197200 -0.98077700
vn -0.53281500 0.46475300 -0.70718600
vn -0.58541400 0.39646000 -0.70718500
vn -0.45492600 0.31904300 -0.83141700
vn -0.16417900 0.10546400 -0.98077700
vn -0.15012200 0.12465900 -0.98077700
vn -0.41271800 0.37203900 -0.83141500
vn -0.46030500 0.49837000 -0.73467500
vn -0.57037100 0.60506700 -0.55549100
vn -0.70729500 0.60849000 -0.35982400
vn -0.77719500 0.52664600 -0.34440100
vn -0.55939200 0.57427600 -0.59773600
vn -0.55941800 0.57419400 -0.59779000
vn -0.57831300 0.65169300 -0.49076500
vn 0.36979300 -0.62437700 0.68804600
vn 0.37308400 -0.61942000 0.69074500
vn 0.43488200 -0.57658000 0.69168900
vn 0.41242000 0.59637500 0.68865600
vn 0.37308300 0.61942000 0.69074400
vn 0.35522200 0.62971100 0.69085500
vn 0.33076200 0.63022200 0.70243600
vn 0.33365900 0.63030500 0.70099000
vn 0.36462700 0.62290200 0.69212800
vn 0.40492100 0.57976300 0.70704600
vn 0.47129400 0.54582900 0.69278600
vn 0.52739200 0.50175000 0.68564100
vn 0.50820700 0.49170900 0.70707000
vn 0.56695000 0.44709600 0.69186200
vn 0.61372400 0.39363800 0.68439200
vn 0.61368400 0.39366500 0.68441200
vn 0.59277200 0.38555400 0.70708500
vn 0.61123500 0.35600100 0.70686300
vn 0.65704600 0.31943700 0.68282600
vn 0.67779200 0.27090300 0.68352700
vn 0.65549100 0.26520200 0.70710600
vn 0.69666600 0.22160400 0.68231100
vn 0.71724700 0.13800500 0.68301600
vn 0.71727900 0.13807500 0.68296900
vn 0.68711600 0.16897700 0.70662400
vn 0.69407400 0.13508400 0.70711600
vn 0.72636000 0.08599400 0.68191300
vn 0.72280000 0.01302000 0.69093500
vn 0.72282600 0.01309400 0.69090600
vn 0.70667900 0.03466200 0.70668500
vn 0.70701800 -0.01600400 0.70701400
vn 0.72441300 -0.10146900 0.68185800
vn 0.72440200 -0.10143600 0.68187400
vn 0.72441100 -0.10144200 0.68186400
vn 0.79984600 -0.03923200 0.59892100
vn 0.75247100 -0.07027800 0.65486500
vn 0.70022000 -0.10091200 0.70675900
vn 0.72669100 -0.19378900 0.65906400
vn 0.68991000 -0.23605800 0.68432600
vn 0.72082800 -0.21158400 0.66002900
vn 0.67208000 -0.29515400 0.67911100
vn 0.63078900 -0.36128400 0.68671600
vn 0.66314100 -0.34345500 0.66504400
vn 0.60147800 -0.41557900 0.68228900
vn 0.54928600 -0.47273600 0.68906200
vn 0.58181500 -0.46119000 0.66992200
vn 0.50972700 -0.52004900 0.68536600
vn 0.33824300 -0.63168400 0.69754400
vn 0.33611900 -0.63079200 0.69937500
vn 0.35873000 -0.63481900 0.68433700
vn 0.40186500 -0.60270100 0.68938800
vn 0.48007300 -0.56065200 0.67468500
vn 0.36974700 0.62438700 -0.68806100
vn 0.37307500 0.61940700 -0.69076100
vn 0.43488400 0.57657900 -0.69168900
vn 0.41242000 -0.59637600 -0.68865500
vn 0.37307400 -0.61940600 -0.69076100
vn 0.35521800 -0.62971500 -0.69085500
vn 0.33080000 -0.63024800 -0.70239600
vn 0.33369700 -0.63030800 -0.70096900
vn 0.36462100 -0.62289800 -0.69213400
vn 0.40492600 -0.57976300 -0.70704300
vn 0.47129500 -0.54583100 -0.69278400
vn 0.52737400 -0.50172900 -0.68567100
vn 0.50820700 -0.49171300 -0.70706700
vn 0.56695700 -0.44709700 -0.69185600
vn 0.61367500 -0.39365500 -0.68442600
vn 0.59277900 -0.38555700 -0.70707800
vn 0.64206400 -0.33178300 -0.69114000
vn 0.67779700 -0.27090500 -0.68352100
vn 0.65549800 -0.26520400 -0.70709900
vn 0.69373900 -0.20413200 -0.69069300
vn 0.71726300 -0.13803100 -0.68299400
vn 0.69407700 -0.13508400 -0.70711400
vn 0.72010600 -0.06890100 -0.69043400
vn 0.72279300 -0.01300000 -0.69094300
vn 0.73968700 0.02379300 -0.67253100
vn 0.72440100 0.10147000 -0.68187100
vn 0.75247400 0.07027800 -0.65486200
vn 0.71877700 0.16298300 -0.67586700
vn 0.68991000 0.23605800 -0.68432500
vn 0.72083300 0.21158100 -0.66002500
vn 0.67208300 0.29515800 -0.67910700
vn 0.63079000 0.36128300 -0.68671600
vn 0.66311400 0.34346200 -0.66506700
vn 0.60147900 0.41558100 -0.68228600
vn 0.54928800 0.47273700 -0.68905900
vn 0.58181700 0.46119100 -0.66992000
vn 0.50972900 0.52005100 -0.68536300
vn 0.33785800 0.63168600 -0.69772900
vn 0.33604200 0.63076500 -0.69943700
vn 0.35871600 0.63481900 -0.68434500
vn 0.40186500 0.60271000 -0.68938100
vn 0.48008300 0.56065000 -0.67468000
vn 0.99596800 -0.08971300 0.00000300
vn 0.99596800 -0.08970600 -0.00000500
vn 1.00000000 0.00000000 0.00000000
vn 1.00000000 0.00000000 0.00000000
vn 0.99197400 0.12644300 0.00000000
vn 0.99197400 0.12644200 0.00000000
vn 0.99644700 -0.08422400 -0.00001500
vn 0.98571300 -0.16843500 -0.00000200
vn 1.00000000 0.00000000 0.00000000
vn 0.99596800 0.08971200 -0.00000600
vn 0.99596800 0.08970800 0.00000600
vn 1.00000000 0.00000000 0.00000000
vn -0.99518900 -0.00000000 -0.09797000
vn -0.99200100 -0.08739700 -0.09108300
vn -0.99584100 -0.00237100 0.09107800
vn -0.99885200 -0.04787500 0.00177400
vn -0.99096300 -0.04657200 0.12579300
vn -0.98952600 -0.02419900 0.14231500
vn -0.99139900 -0.01006800 0.13048600
vn -0.99513700 -0.09580100 0.02289500
vn -0.99128500 -0.11063300 0.07151800
vn -0.99550500 -0.06428600 0.06954400
vn -0.99245300 -0.06281600 0.10531300
vn -0.99835100 0.05731600 0.00311900
vn -0.99020400 0.09872800 -0.09873100
vn -0.99690500 0.00002300 -0.07861000
vn -0.99160100 0.04214100 0.12227600
vn -0.99086100 0.00899400 0.13459000
vn -0.99518400 -0.00000100 0.09802500
vn -0.99340600 0.06757900 0.09261100
vn -0.99457100 0.08372600 0.06179000
vn -0.99252000 0.11671200 0.03581700
vn -0.40123800 0.07137600 0.91318900
vn -0.40118800 0.07142500 0.91320700
vn -0.40113300 0.07135700 0.91323600
vn -0.20263400 0.01288200 0.97917000
vn -0.58247300 -0.00499400 0.81283500
vn -0.69632200 0.06096100 0.71513600
vn -0.73719700 -0.00203900 0.67567500
vn -0.88437800 0.02855700 0.46589600
vn -0.93964900 0.00096000 0.34213700
vn -0.87394800 0.48379900 0.04641000
vn -0.95913300 0.28212200 0.02169500
vn -0.94048300 0.31472300 0.12822000
vn -0.75284100 0.65671600 0.04420300
vn -0.77022500 0.60233600 0.20963100
vn -0.75400900 0.19798500 0.62631700
vn -0.97213900 0.04507700 0.23003100
vn -0.43045900 0.23657300 0.87105600
vn -0.46214500 0.29971700 0.83462000
vn -0.69429500 0.41863700 0.58540400
vn -0.69441900 0.41858200 0.58529500
vn -0.54657200 0.55554700 0.62659900
vn -0.76519000 0.51375700 0.38799400
vn -0.84934000 0.39874100 0.34587300
vn -0.81176900 0.31392700 0.49242300
vn -0.78386800 0.18885700 0.59151100
vn -0.97880000 0.09831400 0.17968000
vn -0.98313600 0.13171800 0.12685800
vn -0.73608500 0.67047600 -0.09295700
vn -0.87018200 0.48496100 -0.08715600
vn -0.94117600 0.32817200 -0.08056600
vn -0.98056200 0.16992300 -0.09810500
vn -0.19136100 0.05150000 -0.98016800
vn -0.74989200 0.55787800 -0.35557500
vn 0.02235800 0.64220500 -0.76620700
vn 0.02235800 0.64220500 -0.76620700
vn 0.02235800 0.64220500 -0.76620700
vn -0.52225600 0.27890700 -0.80589100
vn -0.71292200 0.33070200 -0.61836700
vn -0.82847900 0.32198800 -0.45819900
vn -0.82957000 0.48358400 -0.27921300
vn -0.98056100 0.09812600 -0.16991600
vn -0.52722100 0.11324700 -0.84214800
vn -0.54474700 0.14621600 -0.82575500
vn -0.82915900 0.04948000 -0.55681900
vn -0.82544000 0.09887200 -0.55576300
vn -0.98048200 0.01756400 -0.19582100
vn -0.98078700 0.00010800 -0.19508300
vn -0.83049500 0.00005900 -0.55702700
vn -0.83158000 0.00023300 -0.55540500
vn -0.55320800 0.00007000 -0.83304300
vn -0.55572700 0.00037400 -0.83136500
vn -0.19332300 -0.00018600 -0.98113500
vn -0.97152700 -0.01450600 0.23648400
vn -0.98098100 -0.01181700 0.19374400
vn -0.81285700 0.00443200 0.58244700
vn -0.79227300 -0.05225400 0.60792500
vn -0.74116800 -0.05748000 0.66885500
vn -0.67443500 0.00219500 0.73833100
vn -0.46505900 -0.06595800 0.88281900
vn -0.34052300 -0.00118500 0.94023600
vn -0.78167000 -0.15847300 0.60322300
vn -0.89046400 -0.45288800 0.04435200
vn -0.77042400 -0.63729500 0.01737500
vn -0.81735900 -0.56176900 0.12782700
vn -0.95503800 -0.29407300 0.03771700
vn -0.76329100 -0.55209100 0.33553400
vn -0.78947800 -0.45022800 0.41715600
vn -0.57841700 -0.53036200 0.61979800
vn -0.52394600 -0.47140200 0.70940900
vn -0.43413900 -0.35628000 0.82739900
vn -0.36385700 -0.20355200 0.90894100
vn -0.72321200 -0.13546600 0.67721000
vn -0.78257600 -0.22421500 0.58077800
vn -0.91024500 -0.17515100 0.37520100
vn -0.81977500 -0.30120200 0.48708000
vn -0.92742400 -0.22037500 0.30219000
vn -0.93419400 -0.26392100 0.24005800
vn -0.94501400 -0.29751000 0.13578000
vn -0.95881300 -0.28026000 0.04617600
vn -0.97411600 -0.04271200 0.22197800
vn -0.73955900 -0.66812300 -0.08163100
vn -0.85617600 -0.51294900 -0.06202000
vn -0.94461000 -0.32725600 -0.02481300
vn -0.98053600 -0.18139500 -0.07513900
vn -0.70772100 -0.49588400 -0.50322000
vn -0.69966900 -0.66610700 -0.25838700
vn -0.83833200 -0.50273800 -0.21084100
vn -0.36839700 -0.09641300 -0.92465600
vn -0.42603600 -0.31849500 -0.84679100
vn -0.54318500 -0.16389200 -0.82346200
vn -0.70294600 -0.06557200 -0.70821400
vn -0.90679200 -0.03051300 -0.42047300
vn -0.98053000 -0.07516500 -0.18141500
vn -0.82893600 -0.17938500 -0.52979800
vn -0.73546200 -0.32618700 -0.59388300
vn -0.82893400 -0.36847200 -0.42082800
vn -0.98053100 -0.13883600 -0.13886500
vn -0.44098300 0.00005200 -0.89751500
vn -0.75149100 0.00003800 -0.65974300
vn -0.94704000 0.00000100 -0.32111400
vn 0.71146500 -0.70272200 0.00000200
vn 0.79103500 -0.61177100 0.00000000
vn 0.91316800 -0.40758400 -0.00000500
vn 0.95567900 -0.29441100 0.00000000
vn 0.71146000 0.70272700 -0.00000300
vn 0.79103600 0.61176900 -0.00000400
vn 0.91316600 0.40758700 0.00000900
vn 0.95566600 0.29445300 0.00000000
vn -0.20274500 -0.97923200 0.00000000
vn -0.20275000 -0.97923100 0.00000000
vn 0.29842400 -0.95443400 0.00000000
vn 0.29841900 -0.95443500 0.00000000
vn 0.29842400 -0.95443400 0.00000000
vn 0.29841900 -0.95443500 0.00000000
vn 0.29842400 -0.95443400 0.00000000
vn 0.29841900 -0.95443500 0.00000000
vn 0.72435600 -0.68942600 0.00000000
vn 0.72435400 -0.68942800 0.00000000
vn 0.72435400 -0.68942800 0.00000000
vn 0.72435400 -0.68942800 0.00000000
vn 0.72435600 -0.68942600 0.00000000
vn 0.72435600 -0.68942600 0.00000000
vn 0.96802500 -0.25085500 0.00000000
vn 0.96802400 -0.25085600 0.00000000
vn 0.96802500 0.25085500 0.00000000
vn 0.96802400 0.25085600 0.00000000
vn 0.72435400 0.68942800 0.00000000
vn 0.72435600 0.68942600 0.00000000
vn 0.72435600 0.68942600 0.00000000
vn 0.72435600 0.68942600 0.00000000
vn 0.72435400 0.68942800 0.00000000
vn 0.72435400 0.68942800 0.00000000
vn 0.29842400 0.95443400 0.00000000
vn 0.29841900 0.95443500 0.00000000
vn 0.29841900 0.95443500 0.00000000
vn 0.29841900 0.95443500 0.00000000
vn 0.29842400 0.95443400 0.00000000
vn 0.29842400 0.95443400 0.00000000
vn -0.20274500 0.97923100 0.00000000
vn -0.20275000 0.97923100 0.00000000
f 1//1 2//2 3//3
f 4//4 5//5 6//6
f 6//6 5//5 7//7
f 6//6 7//7 8//8
f 8//8 7//7 1//1
f 8//8 1//1 9//9
f 9//9 1//1 3//3
f 9//9 3//3 10//10
f 11//11 12//12 13//13
f 13//13 14//14 15//15
f 13//13 15//15 16//16
f 16//16 15//15 17//17
f 16//16 17//17 18//18
f 18//18 17//17 19//19
f 18//18 19//19 20//20
f 20//20 19//19 21//21
f 20//20 21//21 22//22
f 22//22 21//21 23//23
f 22//22 23//23 24//24
f 24//24 23//23 25//25
f 24//24 25//25 4//4
f 4//4 25//25 26//26
f 4//4 26//26 5//5
f 27//27 28//28 29//29
f 29//29 30//30 31//31
f 29//29 31//31 32//32
f 32//32 31//31 33//33
f 32//32 33//33 34//34
f 34//34 33//33 35//35
f 34//34 35//35 36//36
f 36//36 35//35 37//37
f 36//36 37//37 38//38
f 38//38 37//37 10//10
f 38//38 10//10 39//39
f 39//39 10//10 3//3
f 40//40 41//41 42//42
f 42//42 41//41 43//43
f 42//42 43//43 44//44
f 44//44 43//43 45//45
f 44//44 45//45 46//46
f 46//46 45//45 47//47
f 46//46 47//47 48//48
f 48//48 47//47 49//49
f 48//48 49//49 50//50
f 50//50 49//49 51//51
f 50//50 51//51 11//11
f 11//11 51//51 52//52
f 11//11 52//52 12//12
f 12//12 52//52 53//53
f 55//55 56//56 60//60
f 64//64 65//65 69//69
f 67//67 66//66 72//72
f 68//68 70//70 74//74
f 73//73 71//71 76//76
f 74//74 75//75 77//77
f 77//77 75//75 78//78
f 77//77 78//78 79//79
f 80//80 81//81 82//82
f 82//82 81//81 83//83
f 84//84 85//85 57//57
f 86//86 87//87 89//89
f 89//89 87//87 92//92
f 88//88 90//90 62//62
f 58//58 91//91 93//93
f 59//59 94//94 54//54
f 85//85 95//95 57//57
f 57//57 95//95 96//96
f 57//57 96//96 61//61
f 61//61 96//96 97//97
f 61//61 97//97 98//98
f 80//80 99//99 68//68
f 68//68 99//99 100//100
f 68//68 100//100 63//63
f 63//63 100//100 101//101
f 63//63 101//101 102//102
f 103//103 104//104 105//105
f 105//105 104//104 106//106
f 105//105 106//106 107//107
f 107//107 106//106 63//63
f 107//107 63//63 108//108
f 108//108 63//63 102//102
f 86//86 109//109 87//87
f 111//111 110//110 112//112
f 111//111 112//112 78//78
f 78//78 112//112 113//113
f 78//78 113//113 79//79
f 84//84 57//57 114//114
f 114//114 57//57 115//115
f 114//114 115//115 116//116
f 117//117 118//118 119//119
f 120//120 40//40 42//42
f 120//120 42//42 121//121
f 122//122 121//121 123//123
f 123//123 121//121 42//42
f 123//123 42//42 124//124
f 42//42 44//44 124//124
f 124//124 44//44 46//46
f 124//124 46//46 125//125
f 125//125 46//46 48//48
f 125//125 48//48 126//126
f 48//48 50//50 126//126
f 127//127 50//50 11//11
f 127//127 11//11 128//128
f 128//128 11//11 13//13
f 128//128 13//13 130//130
f 130//130 13//13 16//16
f 130//130 16//16 131//131
f 131//131 16//16 18//18
f 131//131 18//18 20//20
f 22//22 132//132 20//20
f 20//20 132//132 133//133
f 20//20 133//133 131//131
f 131//131 133//133 134//134
f 131//131 134//134 135//135
f 135//135 134//134 136//136
f 135//135 136//136 129//129
f 129//129 136//136 137//137
f 129//129 137//137 126//126
f 126//126 137//137 138//138
f 126//126 138//138 125//125
f 125//125 138//138 139//139
f 125//125 139//139 124//124
f 124//124 139//139 140//140
f 124//124 140//140 123//123
f 123//123 140//140 119//119
f 123//123 119//119 122//122
f 122//122 119//119 118//118
f 134//134 142//142 136//136
f 136//136 142//142 144//144
f 136//136 144//144 145//145
f 137//137 143//143 146//146
f 137//137 146//146 138//138
f 138//138 146//146 147//147
f 138//138 147//147 139//139
f 139//139 147//147 148//148
f 139//139 148//148 149//149
f 149//149 148//148 150//150
f 149//149 150//150 119//119
f 119//119 150//150 151//151
f 119//119 151//151 117//117
f 117//117 151//151 152//152
f 141//141 153//153 154//154
f 154//154 153//153 98//98
f 154//154 98//98 155//155
f 155//155 98//98 97//97
f 155//155 97//97 156//156
f 156//156 97//97 96//96
f 156//156 96//96 157//157
f 157//157 96//96 95//95
f 157//157 95//95 158//158
f 158//158 95//95 85//85
f 158//158 85//85 151//151
f 151//151 85//85 84//84
f 151//151 84//84 152//152
f 152//152 84//84 114//114
f 159//159 161//161 163//163
f 166//166 167//167 163//163
f 164//164 168//168 169//169
f 162//162 170//170 160//160
f 171//171 172//172 173//173
f 174//174 175//175 165//165
f 165//165 175//175 176//176
f 165//165 176//176 172//172
f 172//172 176//176 177//177
f 172//172 177//177 173//173
f 173//173 178//178 171//171
f 171//171 178//178 179//179
f 171//171 179//179 180//180
f 180//180 179//179 181//181
f 180//180 181//181 182//182
f 183//183 181//181 179//179
f 184//184 185//185 186//186
f 187//187 189//189 190//190
f 191//191 53//53 52//52
f 192//192 193//193 194//194
f 194//194 193//193 195//195
f 188//188 191//191 196//196
f 196//196 191//191 52//52
f 196//196 52//52 197//197
f 197//197 52//52 51//51
f 197//197 51//51 198//198
f 198//198 51//51 49//49
f 198//198 49//49 199//199
f 199//199 49//49 47//47
f 199//199 47//47 200//200
f 200//200 47//47 45//45
f 200//200 45//45 201//201
f 201//201 45//45 43//43
f 201//201 43//43 202//202
f 202//202 43//43 41//41
f 184//184 186//186 203//203
f 202//202 203//203 201//201
f 201//201 203//203 186//186
f 201//201 186//186 204//204
f 204//204 186//186 205//205
f 204//204 205//205 206//206
f 206//206 205//205 207//207
f 206//206 207//207 208//208
f 208//208 207//207 209//209
f 208//208 209//209 210//210
f 210//210 209//209 211//211
f 210//210 211//211 190//190
f 190//190 211//211 194//194
f 190//190 194//194 187//187
f 187//187 194//194 195//195
f 185//185 183//183 186//186
f 212//212 183//183 179//179
f 212//212 179//179 213//213
f 213//213 179//179 178//178
f 213//213 178//178 214//214
f 214//214 178//178 173//173
f 214//214 173//173 215//215
f 215//215 173//173 177//177
f 215//215 177//177 216//216
f 216//216 177//177 176//176
f 216//216 176//176 217//217
f 194//194 176//176 175//175
f 194//194 175//175 192//192
f 192//192 175//175 174//174
f 218//218 103//103 105//105
f 4//4 220//220 24//24
f 24//24 221//221 222//222
f 24//24 222//222 22//22
f 223//223 224//224 225//225
f 225//225 224//224 226//226
f 225//225 226//226 227//227
f 83//83 228//228 229//229
f 218//218 105//105 231//231
f 232//232 233//233 234//234
f 235//235 236//236 237//237
f 233//233 230//230 234//234
f 238//238 231//231 105//105
f 238//238 105//105 239//239
f 239//239 105//105 107//107
f 239//239 107//107 240//240
f 240//240 107//107 108//108
f 240//240 108//108 241//241
f 241//241 108//108 102//102
f 241//241 102//102 242//242
f 242//242 102//102 101//101
f 242//242 101//101 243//243
f 243//243 101//101 100//100
f 243//243 100//100 244//244
f 244//244 100//100 99//99
f 244//244 99//99 245//245
f 245//245 99//99 80//80
f 245//245 80//80 229//229
f 229//229 80//80 82//82
f 229//229 82//82 83//83
f 236//236 232//232 237//237
f 237//237 232//232 234//234
f 237//237 234//234 246//246
f 246//246 234//234 247//247
f 246//246 247//247 248//248
f 248//248 247//247 249//249
f 248//248 249//249 250//250
f 250//250 249//249 251//251
f 250//250 251//251 252//252
f 252//252 251//251 253//253
f 252//252 253//253 254//254
f 254//254 253//253 255//255
f 254//254 255//255 256//256
f 256//256 255//255 257//257
f 256//256 257//257 258//258
f 258//258 257//257 259//259
f 258//258 259//259 226//226
f 226//226 259//259 260//260
f 226//226 260//260 227//227
f 261//261 229//229 228//228
f 223//223 219//219 224//224
f 262//262 220//220 4//4
f 262//262 4//4 263//263
f 263//263 4//4 6//6
f 263//263 6//6 264//264
f 264//264 6//6 8//8
f 264//264 8//8 265//265
f 265//265 8//8 9//9
f 265//265 9//9 266//266
f 266//266 9//9 10//10
f 266//266 10//10 267//267
f 267//267 10//10 37//37
f 267//267 37//37 268//268
f 268//268 37//37 35//35
f 268//268 35//35 269//269
f 269//269 35//35 33//33
f 269//269 33//33 270//270
f 270//270 33//33 31//31
f 270//270 31//31 271//271
f 271//271 31//31 30//30
f 272//272 273//273 274//274
f 275//275 276//276 277//277
f 278//278 279//279 280//280
f 280//280 279//279 281//281
f 282//282 283//283 284//284
f 283//283 282//282 285//285
f 285//285 282//282 286//286
f 285//285 286//286 287//287
f 287//287 286//286 288//288
f 288//288 286//286 277//277
f 288//288 277//277 289//289
f 289//289 277//277 276//276
f 289//289 276//276 290//290
f 291//291 292//292 294//294
f 295//295 293//293 296//296
f 295//295 296//296 275//275
f 297//297 298//298 291//291
f 299//299 300//300 298//298
f 298//298 297//297 299//299
f 299//299 297//297 301//301
f 299//299 302//302 303//303
f 303//303 302//302 304//304
f 304//304 302//302 305//305
f 304//304 305//305 279//279
f 279//279 305//305 306//306
f 279//279 306//306 281//281
f 291//291 294//294 297//297
f 297//297 294//294 307//307
f 297//297 307//307 301//301
f 301//301 307//307 308//308
f 301//301 308//308 309//309
f 275//275 277//277 295//295
f 295//295 277//277 310//310
f 295//295 310//310 311//311
f 311//311 310//310 282//282
f 311//311 282//282 312//312
f 312//312 282//282 284//284
f 308//308 314//314 309//309
f 305//305 313//313 315//315
f 305//305 315//315 306//306
f 316//316 300//300 299//299
f 316//316 299//299 317//317
f 317//317 299//299 303//303
f 317//317 303//303 318//318
f 278//278 319//319 279//279
f 279//279 319//319 320//320
f 279//279 320//320 304//304
f 304//304 320//320 303//303
f 321//321 322//322 323//323
f 323//323 322//322 324//324
f 323//323 324//324 325//325
f 325//325 324//324 326//326
f 324//324 327//327 326//326
f 326//326 327//327 328//328
f 326//326 328//328 329//329
f 329//329 328//328 330//330
f 329//329 330//330 331//331
f 331//331 330//330 332//332
f 331//331 332//332 333//333
f 335//335 337//337 339//339
f 339//339 337//337 340//340
f 341//341 343//343 345//345
f 344//344 342//342 346//346
f 347//347 349//349 351//351
f 350//350 348//348 352//352
f 353//353 354//354 357//357
f 356//356 355//355 358//358
f 359//359 360//360 362//362
f 363//363 361//361 364//364
f 365//365 367//367 368//368
f 369//369 366//366 370//370
f 371//371 372//372 374//374
f 375//375 373//373 376//376
f 377//377 378//378 380//380
f 381//381 379//379 382//382
f 383//383 384//384 386//386
f 387//387 385//385 388//388
f 389//389 390//390 392//392
f 393//393 391//391 394//394
f 395//395 396//396 398//398
f 399//399 397//397 400//400
f 401//401 402//402 404//404
f 405//405 403//403 406//406
f 407//407 409//409 411//411
f 410//410 408//408 412//412
f 413//413 414//414 417//417
f 416//416 415//415 418//418
f 419//419 421//421 423//423
f 422//422 420//420 424//424
f 425//425 427//427 429//429
f 428//428 426//426 430//430
f 431//431 433//433 434//434
f 435//435 432//432 436//436
f 437//437 439//439 441//441
f 440//440 438//438 442//442
f 443//443 444//444 447//447
f 446//446 445//445 448//448
f 449//449 451//451 452//452
f 453//453 450//450 454//454
f 455//455 456//456 459//459
f 458//458 457//457 460//460
f 461//461 463//463 464//464
f 465//465 462//462 466//466
f 467//467 469//469 471//471
f 470//470 468//468 472//472
f 473//473 474//474 476//476
f 477//477 475//475 478//478
f 479//479 480//480 483//483
f 482//482 481//481 484//484
f 485//485 486//486 111//111
f 111//111 486//486 487//487
f 111//111 487//487 488//488
f 490//490 495//495 498//498
f 503//503 504//504 507//507
f 510//510 514//514 111//111
f 111//111 514//514 515//515
f 78//78 519//519 523//523
f 525//525 528//528 531//531
f 515//515 534//534 111//111
f 111//111 534//534 535//535
f 111//111 535//535 485//485
f 508//508 537//537 540//540
f 538//538 536//536 541//541
f 539//539 543//543 544//544
f 545//545 542//542 547//547
f 546//546 549//549 553//553
f 78//78 554//554 555//555
f 557//557 559//559 562//562
f 563//563 561//561 565//565
f 564//564 567//567 568//568
f 570//570 566//566 571//571
f 569//569 572//572 574//574
f 576//576 573//573 577//577
f 575//575 578//578 580//580
f 582//582 579//579 586//586
f 581//581 588//588 591//591
f 532//532 529//529 597//597
f 596//596 530//530 599//599
f 595//595 600//600 602//602
f 555//555 603//603 78//78
f 78//78 603//603 605//605
f 78//78 605//605 519//519
f 601//601 606//606 593//593
f 594//594 607//607 610//610
f 598//598 608//608 496//496
f 497//497 609//609 512//512
f 499//499 511//511 491//491
f 604//604 611//611 518//518
f 520//520 612//612 613//613
f 522//522 614//614 615//615
f 533//533 617//617 526//526
f 524//524 618//618 620//620
f 527//527 619//619 587//587
f 585//585 621//621 622//622
f 589//589 623//623 624//624
f 625//625 626//626 583//583
f 584//584 627//627 630//630
f 590//590 634//634 592//592
f 638//638 641//641 642//642
f 647//647 648//648 111//111
f 111//111 648//648 649//649
f 111//111 649//649 510//510
f 509//509 650//650 651//651
f 513//513 652//652 489//489
f 647//647 111//111 653//653
f 653//653 111//111 78//78
f 653//653 78//78 646//646
f 523//523 654//654 78//78
f 78//78 654//654 656//656
f 78//78 656//656 646//646
f 645//645 655//655 658//658
f 643//643 657//657 635//635
f 637//637 659//659 660//660
f 636//636 662//662 664//664
f 665//665 661//661 666//666
f 663//663 668//668 669//669
f 671//671 667//667 672//672
f 670//670 673//673 677//677
f 675//675 674//674 502//502
f 676//676 501//501 678//678
f 556//556 500//500 506//506
f 558//558 505//505 560//560
f 494//494 493//493 681//681
f 680//680 492//492 684//684
f 679//679 682//682 687//687
f 685//685 683//683 690//690
f 686//686 689//689 692//692
f 691//691 688//688 696//696
f 693//693 695//695 628//628
f 629//629 697//697 631//631
f 633//633 694//694 698//698
f 632//632 699//699 701//701
f 639//639 700//700 703//703
f 640//640 702//702 644//644
f 616//616 704//704 517//517
f 521//521 705//705 707//707
f 516//516 708//708 548//548
f 550//550 706//706 710//710
f 551//551 709//709 552//552
f 711//711 712//712 713//713
f 713//713 712//712 714//714
f 713//713 714//714 715//715
f 715//715 714//714 716//716
f 715//715 716//716 717//717
f 717//717 716//716 718//718
f 717//717 718//718 719//719
f 719//719 718//718 720//720
f 719//719 720//720 721//721
f 721//721 720//720 722//722
f 721//721 722//722 723//723
f 723//723 722//722 724//724
f 723//723 724//724 725//725
f 725//725 724//724 726//726
f 725//725 726//726 727//727
f 727//727 726//726 728//728
f 727//727 728//728 729//729
f 729//729 728//728 730//730
f 729//729 730//730 731//731
f 731//731 730//730 732//732
f 731//731 732//732 733//733
f 733//733 732//732 340//340
f 733//733 340//340 337//337
f 736//736 751//751 752//752
f 755//755 756//756 757//757
f 757//757 756//756 738//738
f 758//758 734//734 760//760
f 759//759 737//737 762//762
f 764//764 768//768 740//740
f 735//735 767//767 774//774
f 741//741 772//772 761//761
f 775//775 776//776 746//746
f 746//746 776//776 778//778
f 779//779 783//783 791//791
f 777//777 797//797 749//749
f 750//750 796//796 800//800
f 745//745 799//799 803//803
f 804//804 798//798 807//807
f 801//801 808//808 809//809
f 813//813 815//815 817//817
f 818//818 816//816 822//822
f 819//819 821//821 769//769
f 770//770 820//820 823//823
f 771//771 824//824 773//773
f 827//827 829//829 810//810
f 812//812 831//831 833//833
f 811//811 832//832 814//814
f 835//835 839//839 825//825
f 826//826 841//841 843//843
f 828//828 842//842 830//830
f 845//845 847//847 851//851
f 852//852 846//846 854//854
f 844//844 850//850 858//858
f 857//857 849//849 860//860
f 859//859 861//861 864//864
f 871//871 874//874 877//877
f 848//848 838//838 853//853
f 856//856 840//840 834//834
f 855//855 837//837 880//880
f 879//879 836//836 883//883
f 878//878 882//882 886//886
f 884//884 881//881 889//889
f 885//885 888//888 892//892
f 891//891 887//887 895//895
f 896//896 899//899 792//792
f 793//793 898//898 900//900
f 902//902 904//904 909//909
f 910//910 915//915 920//920
f 782//782 921//921 795//795
f 786//786 922//922 925//925
f 784//784 924//924 928//928
f 926//926 923//923 929//929
f 927//927 930//930 933//933
f 932//932 931//931 937//937
f 934//934 936//936 938//938
f 939//939 935//935 869//869
f 940//940 868//868 942//942
f 941//941 870//870 876//876
f 867//867 946//946 872//872
f 875//875 943//943 948//948
f 873//873 950//950 953//953
f 952//952 949//949 958//958
f 951//951 956//956 960//960
f 959//959 954//954 962//962
f 961//961 957//957 805//805
f 806//806 955//955 964//964
f 802//802 965//965 747//747
f 748//748 963//963 967//967
f 744//744 966//966 754//754
f 865//865 862//862 970//970
f 969//969 863//863 971//971
f 968//968 972//972 976//976
f 975//975 973//973 977//977
f 974//974 979//979 789//789
f 785//785 978//978 980//980
f 794//794 981//981 897//897
f 982//982 781//781 913//913
f 912//912 780//780 788//788
f 911//911 787//787 983//983
f 984//984 790//790 901//901
f 985//985 893//893 987//987
f 986//986 894//894 890//890
f 908//908 919//919 990//990
f 989//989 918//918 916//916
f 988//988 917//917 993//993
f 991//991 914//914 763//763
f 992//992 766//766 995//995
f 994//994 765//765 743//743
f 996//996 742//742 997//997
f 998//998 739//739 753//753
f 903//903 1000//1000 905//905
f 906//906 999//999 1001//1001
f 907//907 1002//1002 1005//1005
f 1004//1004 1003//1003 947//947
f 1006//1006 945//945 1007//1007
f 1008//1008 944//944 866//866
f 1009//1009 712//712 1010//1010
f 1010//1010 712//712 711//711
f 1011//1011 1012//1012 1013//1013
f 1011//1011 1013//1013 1014//1014
f 1014//1014 1013//1013 1015//1015
f 1014//1014 1015//1015 1016//1016
f 1016//1016 1015//1015 1017//1017
f 1016//1016 1017//1017 1018//1018
f 1018//1018 1017//1017 1019//1019
f 1018//1018 1019//1019 1020//1020
f 1020//1020 1019//1019 1021//1021
f 1020//1020 1021//1021 1022//1022
f 1022//1022 1021//1021 1023//1023
f 1022//1022 1023//1023 1024//1024
f 1024//1024 1023//1023 1025//1025
f 1024//1024 1025//1025 1026//1026
f 1026//1026 1025//1025 1027//1027
f 1026//1026 1027//1027 1028//1028
f 1028//1028 1027//1027 1029//1029
f 1028//1028 1029//1029 1030//1030
f 1030//1030 1029//1029 1031//1031
f 1030//1030 1031//1031 1032//1032
f 1033//1033 1034//1034 1035//1035
f 1035//1035 1034//1034 1036//1036
f 1035//1035 1036//1036 1037//1037
f 1038//1038 1042//1042 1044//1044
f 1043//1043 1041//1041 287//287
f 1045//1045 1046//1046 1033//1033
f 1033//1033 1046//1046 1047//1047
f 1033//1033 1047//1047 1034//1034
f 287//287 288//288 1043//1043
f 1043//1043 288//288 289//289
f 1043//1043 289//289 290//290
f 1038//1038 1049//1049 1039//1039
f 1040//1040 1048//1048 1051//1051
f 1041//1041 1050//1050 1036//1036
f 1036//1036 1050//1050 1052//1052
f 1036//1036 1052//1052 1037//1037
f 1041//1041 1036//1036 1053//1053
f 1053//1053 1036//1036 1054//1054
f 1053//1053 1054//1054 1055//1055
f 1056//1056 1057//1057 1058//1058
f 1056//1056 1058//1058 1059//1059
f 1061//1061 1062//1062 1064//1064
f 1060//1060 1063//1063 1065//1065
f 1066//1066 1067//1067 1068//1068
f 1066//1066 1068//1068 1069//1069
f 285//285 287//287 1041//1041
f 1070//1070 283//283 1055//1055
f 1055//1055 283//283 285//285
f 1055//1055 285//285 1053//1053
f 1053//1053 285//285 1041//1041
f 1071//1071 1072//1072 1070//1070
f 1070//1070 1072//1072 1073//1073
f 1070//1070 1073//1073 283//283
f 1074//1074 1075//1075 1076//1076
f 1076//1076 1075//1075 1077//1077
f 1076//1076 1077//1077 1071//1071
f 1071//1071 1077//1077 1078//1078
f 1071//1071 1078//1078 1072//1072
f 1079//1079 1080//1080 1081//1081
f 1082//1082 1083//1083 1084//1084
f 1034//1034 1047//1047 1085//1085
f 1085//1085 1047//1047 1086//1086
f 1082//1082 1084//1084 1087//1087
f 1087//1087 1084//1084 1088//1088
f 1087//1087 1088//1088 1089//1089
f 1089//1089 1088//1088 1090//1090
f 1090//1090 1088//1088 1091//1091
f 1090//1090 1091//1091 1092//1092
f 1093//1093 1094//1094 1095//1095
f 1095//1095 1094//1094 1097//1097
f 1095//1095 1097//1097 1098//1098
f 1098//1098 1097//1097 1099//1099
f 1100//1100 1101//1101 1099//1099
f 1101//1101 1102//1102 1099//1099
f 1099//1099 1102//1102 1103//1103
f 1099//1099 1103//1103 1098//1098
f 1099//1099 1104//1104 1100//1100
f 1100//1100 1104//1104 1046//1046
f 1100//1100 1046//1046 1045//1045
f 1080//1080 1091//1091 1081//1081
f 1081//1081 1091//1091 1088//1088
f 1081//1081 1088//1088 1105//1105
f 1105//1105 1088//1088 1084//1084
f 1106//1106 1084//1084 1107//1107
f 1107//1107 1084//1084 1083//1083
f 1107//1107 1083//1083 1085//1085
f 1085//1085 1083//1083 1082//1082
f 1094//1094 1079//1079 1108//1108
f 1108//1108 1079//1079 1081//1081
f 1096//1096 1081//1081 1109//1109
f 1109//1109 1081//1081 1105//1105
f 1099//1099 1106//1106 1104//1104
f 1104//1104 1106//1106 1107//1107
f 1104//1104 1086//1086 1046//1046
f 1046//1046 1086//1086 1047//1047
f 1036//1036 1034//1034 1054//1054
f 1054//1054 1034//1034 1085//1085
f 1085//1085 1082//1082 1054//1054
f 1054//1054 1082//1082 1110//1110
f 1054//1054 1110//1110 1111//1111
f 1111//1111 1110//1110 1112//1112
f 1111//1111 1112//1112 1113//1113
f 1114//1114 1115//1115 1116//1116
f 1116//1116 1115//1115 1117//1117
f 1116//1116 1117//1117 1118//1118
f 1032//1032 1031//1031 1119//1119
f 1119//1119 1031//1031 1120//1120
f 1121//1121 1123//1123 1124//1124
f 1125//1125 1122//1122 1126//1126
f 1127//1127 1128//1128 1130//1130
f 1131//1131 1129//1129 1133//1133
f 1134//1134 1135//1135 1068//1068
f 1068//1068 1135//1135 1069//1069
f 1136//1136 334//334 1140//1140
f 1139//1139 336//336 338//338
f 1011//1011 1137//1137 1012//1012
f 1012//1012 1137//1137 1138//1138
f 1141//1141 1143//1143 1145//1145
f 1144//1144 1142//1142 1146//1146
f 1147//1147 1149//1149 1151//1151
f 1150//1150 1148//1148 1152//1152
f 1153//1153 1155//1155 1157//1157
f 1156//1156 1154//1154 1158//1158
f 1159//1159 1160//1160 1162//1162
f 1163//1163 1161//1161 1164//1164
f 1165//1165 1166//1166 1168//1168
f 1169//1169 1167//1167 1170//1170
f 1171//1171 1173//1173 1174//1174
f 1175//1175 1172//1172 1176//1176
f 1177//1177 1178//1178 1180//1180
f 1181//1181 1179//1179 1182//1182
f 1183//1183 1184//1184 1186//1186
f 1187//1187 1185//1185 1188//1188
f 1189//1189 1191//1191 1193//1193
f 1192//1192 1190//1190 1194//1194
f 1195//1195 1197//1197 1199//1199
f 1198//1198 1196//1196 1200//1200
f 1201//1201 1203//1203 1205//1205
f 1204//1204 1202//1202 1206//1206
f 1207//1207 1209//1209 1211//1211
f 1210//1210 1208//1208 1212//1212
f 1213//1213 1215//1215 1217//1217
f 1216//1216 1214//1214 1218//1218
f 1219//1219 1220//1220 1223//1223
f 1222//1222 1221//1221 1224//1224
f 1225//1225 1227//1227 1229//1229
f 1228//1228 1226//1226 1230//1230
f 1231//1231 1233//1233 1235//1235
f 1234//1234 1232//1232 1236//1236
f 1237//1237 1239//1239 1241//1241
f 1240//1240 1238//1238 1242//1242
f 1243//1243 1244//1244 1247//1247
f 1246//1246 1245//1245 1248//1248
f 1249//1249 1251//1251 1253//1253
f 1252//1252 1250//1250 1254//1254
f 1255//1255 1256//1256 1259//1259
f 1258//1258 1257//1257 1260//1260
f 1261//1261 1263//1263 1265//1265
f 1264//1264 1262//1262 1266//1266
f 1267//1267 1269//1269 1271//1271
f 1270//1270 1268//1268 1272//1272
f 1273//1273 1275//1275 1277//1277
f 1276//1276 1274//1274 1278//1278
f 1279//1279 1280//1280 1283//1283
f 1282//1282 1281//1281 1284//1284
f 1285//1285 1286//1286 1287//1287
f 1287//1287 1286//1286 1288//1288
f 1289//1289 1291//1291 1293//1293
f 1292//1292 1290//1290 1294//1294
f 1295//1295 1297//1297 1298//1298
f 1299//1299 1296//1296 1300//1300
f 1301//1301 1302//1302 1010//1010
f 1010//1010 1302//1302 1009//1009
f 1303//1303 1304//1304 1306//1306
f 1303//1303 1306//1306 1307//1307
f 1307//1307 1306//1306 1308//1308
f 1307//1307 1308//1308 1309//1309
f 1309//1309 1308//1308 1310//1310
f 1309//1309 1310//1310 1311//1311
f 1311//1311 1310//1310 1312//1312
f 1311//1311 1312//1312 1313//1313
f 1314//1314 1315//1315 1317//1317
f 1317//1317 1315//1315 1318//1318
f 1317//1317 1318//1318 1319//1319
f 1319//1319 1320//1320 1317//1317
f 1317//1317 1320//1320 1321//1321
f 1317//1317 1321//1321 1322//1322
f 1322//1322 1321//1321 1323//1323
f 1322//1322 1323//1323 1324//1324
f 1324//1324 1325//1325 1322//1322
f 1322//1322 1325//1325 1326//1326
f 1322//1322 1326//1326 1312//1312
f 1312//1312 1326//1326 1327//1327
f 1312//1312 1327//1327 1313//1313
f 1316//1316 1328//1328 1329//1329
f 1329//1329 1328//1328 1330//1330
f 1329//1329 1330//1330 1331//1331
f 1331//1331 1330//1330 1332//1332
f 1331//1331 1332//1332 1333//1333
f 1285//1285 1334//1334 1335//1335
f 1335//1335 1336//1336 1337//1337
f 1286//1286 1285//1285 1338//1338
f 1338//1338 1285//1285 1335//1335
f 1338//1338 1335//1335 1339//1339
f 1339//1339 1335//1335 1337//1337
f 1340//1340 1341//1341 1342//1342
f 1340//1340 1342//1342 1343//1343
f 1343//1343 1342//1342 756//756
f 1343//1343 756//756 755//755
f 1076//1076 1344//1344 1074//1074
f 1074//1074 1344//1344 1345//1345
f 1345//1345 1346//1346 1074//1074
f 1074//1074 1346//1346 1347//1347
f 1074//1074 1347//1347 1348//1348
f 1349//1349 1092//1092 1091//1091
f 1349//1349 1091//1091 1350//1350
f 1350//1350 1091//1091 1080//1080
f 1350//1350 1080//1080 1351//1351
f 1093//1093 1352//1352 1094//1094
f 1094//1094 1352//1352 1351//1351
f 1094//1094 1351//1351 1079//1079
f 1079//1079 1351//1351 1080//1080
f 1118//1118 1353//1353 1354//1354
f 1355//1355 1116//1116 1356//1356
f 1356//1356 1116//1116 1118//1118
f 1356//1356 1118//1118 1357//1357
f 1357//1357 1118//1118 1354//1354
f 1358//1358 1359//1359 1360//1360
f 1358//1358 1360//1360 1361//1361
f 1361//1361 1360//1360 776//776
f 1361//1361 776//776 775//775
f 1362//1362 1363//1363 1364//1364
f 1364//1364 1363//1363 1132//1132
f 1364//1364 1132//1132 1365//1365
f 1365//1365 1366//1366 1364//1364
f 1364//1364 1366//1366 1367//1367
f 1364//1364 1367//1367 1368//1368
f 1369//1369 1370//1370 1372//1372
f 1372//1372 1370//1370 1373//1373
f 1371//1371 1374//1374 1375//1375
f 1376//1376 1377//1377 1378//1378
f 1376//1376 1378//1378 1379//1379
f 1377//1377 1380//1380 1378//1378
f 1378//1378 1380//1380 1381//1381
f 1378//1378 1381//1381 1382//1382
f 1382//1382 1381//1381 1383//1383
f 1382//1382 1383//1383 1385//1385
f 1384//1384 1386//1386 1387//1387
f 1387//1387 1386//1386 1388//1388
f 1387//1387 1388//1388 1369//1369
f 1369//1369 1388//1388 1389//1389
f 1369//1369 1389//1389 1370//1370
f 1379//1379 1378//1378 1390//1390
f 1390//1390 1378//1378 1391//1391
f 1390//1390 1391//1391 1392//1392
f 1392//1392 1391//1391 1393//1393
f 1392//1392 1393//1393 1394//1394
f 1394//1394 1393//1393 1395//1395
f 1394//1394 1395//1395 1397//1397
f 1398//1398 1396//1396 1399//1399
f 1398//1398 1399//1399 1400//1400
f 1400//1400 1399//1399 1401//1401
f 1400//1400 1401//1401 1402//1402
f 1403//1403 1404//1404 1405//1405
f 1405//1405 1404//1404 1406//1406
f 1405//1405 1406//1406 1407//1407
f 1407//1407 1406//1406 1408//1408
f 1407//1407 1408//1408 1409//1409
f 1409//1409 1408//1408 1410//1410
f 1409//1409 1410//1410 1411//1411
f 1411//1411 1410//1410 1412//1412
f 1411//1411 1412//1412 1413//1413
f 1413//1413 1412//1412 1414//1414
f 1413//1413 1414//1414 1415//1415
f 1415//1415 1414//1414 1416//1416
f 1415//1415 1416//1416 1417//1417
f 1417//1417 1416//1416 1418//1418
f 1417//1417 1418//1418 1419//1419
f 1419//1419 1418//1418 1420//1420
f 1419//1419 1420//1420 1421//1421
f 1421//1421 1420//1420 1422//1422
f 1421//1421 1422//1422 1423//1423
f 1423//1423 1422//1422 1424//1424
f 1423//1423 1424//1424 1425//1425
f 1425//1425 1424//1424 1426//1426
f 1425//1425 1426//1426 1427//1427
f 1427//1427 1426//1426 1428//1428
f 1427//1427 1428//1428 1429//1429
f 1429//1429 1428//1428 1430//1430
f 1429//1429 1430//1430 1431//1431
f 1431//1431 1430//1430 1432//1432
f 1431//1431 1432//1432 1433//1433
f 1433//1433 1432//1432 1434//1434
f 1433//1433 1434//1434 1435//1435
f 1435//1435 1434//1434 1436//1436
f 1435//1435 1436//1436 1437//1437
f 1437//1437 1436//1436 1438//1438
f 1437//1437 1438//1438 1439//1439
f 1439//1439 1438//1438 1440//1440
f 1439//1439 1440//1440 1441//1441
f 1441//1441 1440//1440 1442//1442
f 1441//1441 1442//1442 1443//1443
f 1443//1443 1442//1442 1444//1444
f 1443//1443 1444//1444 1445//1445
f 1445//1445 1444//1444 1446//1446
f 1445//1445 1446//1446 1447//1447
f 1447//1447 1446//1446 1448//1448
f 1449//1449 1450//1450 1451//1451
f 1452//1452 1453//1453 1454//1454
f 1455//1455 1456//1456 1457//1457
f 1359//1359 1358//1358 1458//1458
f 1458//1458 1358//1358 1454//1454
f 1458//1458 1454//1454 1459//1459
f 1459//1459 1454//1454 1453//1453
f 1341//1341 1340//1340 1460//1460
f 1460//1460 1340//1340 1461//1461
f 1462//1462 1463//1463 1464//1464
f 1464//1464 1463//1463 1465//1465
f 1466//1466 1467//1467 1468//1468
f 1463//1463 1452//1452 1465//1465
f 1469//1469 1452//1452 1454//1454
f 1469//1469 1454//1454 1470//1470
f 1470//1470 1454//1454 1471//1471
f 1450//1450 1472//1472 1460//1460
f 1460//1460 1472//1472 1473//1473
f 1460//1460 1473//1473 1474//1474
f 1474//1474 1473//1473 1475//1475
f 1474//1474 1475//1475 1476//1476
f 1476//1476 1475//1475 1457//1457
f 1476//1476 1457//1457 1477//1477
f 1477//1477 1457//1457 1456//1456
f 1461//1461 1478//1478 1460//1460
f 1460//1460 1478//1478 1479//1479
f 1460//1460 1479//1479 1450//1450
f 1450//1450 1479//1479 1480//1480
f 1450//1450 1480//1480 1451//1451
f 1471//1471 1454//1454 1481//1481
f 1481//1481 1454//1454 1482//1482
f 1481//1481 1482//1482 1483//1483
f 1482//1482 1466//1466 1483//1483
f 1483//1483 1466//1466 1468//1468
f 1483//1483 1468//1468 1484//1484
f 1484//1484 1468//1468 1485//1485
f 1484//1484 1485//1485 1486//1486
f 1486//1486 1485//1485 1455//1455
f 1486//1486 1455//1455 1487//1487
f 1487//1487 1455//1455 1488//1488
f 1489//1489 1490//1490 1491//1491
f 1491//1491 1490//1490 1492//1492
f 1491//1491 1492//1492 1462//1462
f 1493//1493 1494//1494 1495//1495
f 1495//1495 1494//1494 1449//1449
f 1495//1495 1449//1449 1496//1496
f 1496//1496 1449//1449 1451//1451
f 1497//1497 1498//1498 1499//1499
f 1502//1502 1504//1504 1506//1506
f 1508//1508 1513//1513 1516//1516
f 1514//1514 1511//1511 1517//1517
f 1520//1520 1522//1522 1518//1518
f 1518//1518 1522//1522 1523//1523
f 1518//1518 1523//1523 1515//1515
f 1524//1524 1526//1526 1500//1500
f 1527//1527 1531//1531 1532//1532
f 1532//1532 1531//1531 1536//1536
f 1532//1532 1537//1537 1538//1538
f 1538//1538 1537//1537 1541//1541
f 1539//1539 1542//1542 1544//1544
f 1543//1543 1541//1541 1545//1545
f 1505//1505 1501//1501 1548//1548
f 1499//1499 1502//1502 1549//1549
f 1499//1499 1549//1549 1497//1497
f 1550//1550 1552//1552 1556//1556
f 1555//1555 1553//1553 1559//1559
f 1558//1558 1554//1554 1561//1561
f 1559//1559 1560//1560 1565//1565
f 1566//1566 1567//1567 1569//1569
f 1569//1569 1567//1567 1573//1573
f 1570//1570 1572//1572 1521//1521
f 1519//1519 1571//1571 1575//1575
f 1520//1520 1574//1574 1522//1522
f 1576//1576 1579//1579 1581//1581
f 1580//1580 1578//1578 1569//1569
f 1582//1582 1568//1568 1583//1583
f 1584//1584 1569//1569 1586//1586
f 1584//1584 1586//1586 1531//1531
f 1530//1530 1585//1585 1588//1588
f 1529//1529 1587//1587 1535//1535
f 1589//1589 1591//1591 1592//1592
f 1593//1593 1590//1590 1497//1497
f 1593//1593 1497//1497 1594//1594
f 1594//1594 1497//1497 1549//1549
f 1557//1557 1595//1595 1551//1551
f 1600//1600 1596//1596 1601//1601
f 1597//1597 1602//1602 1603//1603
f 1606//1606 1609//1609 1613//1613
f 1612//1612 1611//1611 1510//1510
f 1613//1613 1512//1512 1614//1614
f 1614//1614 1512//1512 1509//1509
f 1617//1617 1618//1618 1622//1622
f 1621//1621 1619//1619 1624//1624
f 1622//1622 1623//1623 1560//1560
f 1562//1562 1625//1625 1626//1626
f 1563//1563 1627//1627 1564//1564
f 1528//1528 1533//1533 1629//1629
f 1628//1628 1534//1534 1632//1632
f 1630//1630 1633//1633 1634//1634
f 1636//1636 1631//1631 1638//1638
f 1635//1635 1639//1639 1640//1640
f 1641//1641 1637//1637 1643//1643
f 1642//1642 1644//1644 1506//1506
f 1507//1507 1645//1645 1598//1598
f 1506//1506 1600//1600 1502//1502
f 1503//1503 1599//1599 1605//1605
f 1502//1502 1604//1604 1525//1525
f 1540//1540 1646//1646 1547//1547
f 1545//1545 1647//1647 1648//1648
f 1546//1546 1649//1649 1616//1616
f 1615//1615 1650//1650 1651//1651
f 1617//1617 1653//1653 1618//1618
f 1620//1620 1652//1652 1655//1655
f 1618//1618 1656//1656 1606//1606
f 1608//1608 1654//1654 1658//1658
f 1607//1607 1657//1657 1610//1610
f 1659//1659 1661//1661 1664//1664
f 1663//1663 1660//1660 1666//1666
f 1662//1662 1665//1665 1667//1667
f 1667//1667 1665//1665 1578//1578
f 1667//1667 1578//1578 1668//1668
f 1668//1668 1578//1578 1577//1577
f 1669//1669 1670//1670 1671//1671
f 1671//1671 1672//1672 1669//1669
f 1669//1669 1672//1672 1673//1673
f 1669//1669 1673//1673 1674//1674
f 1675//1675 1676//1676 1677//1677
f 1677//1677 1676//1676 1678//1678
f 1677//1677 1678//1678 1679//1679
f 1679//1679 1678//1678 1669//1669
f 1679//1679 1669//1669 1680//1680
f 1680//1680 1669//1669 1674//1674
f 1681//1681 1683//1683 1684//1684
f 1682//1682 1685//1685 1687//1687
f 1689//1689 1686//1686 1691//1691
f 1688//1688 1690//1690 1692//1692
f 1693//1693 1694//1694 1695//1695
f 1695//1695 1694//1694 1696//1696
f 1695//1695 1696//1696 1699//1699
f 1699//1699 1696//1696 1704//1704
f 1698//1698 1703//1703 1706//1706
f 1707//1707 1704//1704 1708//1708
f 1681//1681 1684//1684 1704//1704
f 1704//1704 1684//1684 1711//1711
f 1700//1700 1710//1710 1712//1712
f 1713//1713 1714//1714 1702//1702
f 1701//1701 1715//1715 1717//1717
f 1705//1705 1716//1716 1709//1709
f 1718//1718 1719//1719 1720//1720
f 1720//1720 1719//1719 1721//1721
f 1722//1722 1724//1724 1725//1725
f 1726//1726 1728//1728 1730//1730
f 1731//1731 1729//1729 1732//1732
f 1730//1730 1733//1733 1734//1734
f 1734//1734 1733//1733 1735//1735
f 1734//1734 1735//1735 1736//1736
f 1737//1737 1740//1740 1743//1743
f 1744//1744 1742//1742 1727//1727
f 1743//1743 1728//1728 1745//1745
f 1745//1745 1728//1728 1726//1726
f 1735//1735 1746//1746 1736//1736
f 1736//1736 1746//1746 1747//1747
f 1736//1736 1747//1747 1750//1750
f 1750//1750 1747//1747 1751//1751
f 1725//1725 1724//1724 1752//1752
f 1753//1753 1754//1754 1757//1757
f 1725//1725 1751//1751 1722//1722
f 1722//1722 1751//1751 1747//1747
f 1723//1723 1749//1749 1760//1760
f 1759//1759 1748//1748 1761//1761
f 1758//1758 1763//1763 1764//1764
f 1765//1765 1762//1762 1767//1767
f 1764//1764 1766//1766 1769//1769
f 1769//1769 1766//1766 1772//1772
f 1774//1774 1776//1776 1778//1778
f 1779//1779 1777//1777 1773//1773
f 1778//1778 1753//1753 1774//1774
f 1774//1774 1753//1753 1757//1757
f 1775//1775 1755//1755 1781//1781
f 1783//1783 1756//1756 1784//1784
f 1782//1782 1785//1785 1788//1788
f 1787//1787 1786//1786 1789//1789
f 1787//1787 1789//1789 1790//1790
f 1790//1790 1789//1789 1752//1752
f 1790//1790 1752//1752 1791//1791
f 1791//1791 1752//1752 1724//1724
f 1768//1768 1792//1792 1771//1771
f 1770//1770 1793//1793 1796//1796
f 1772//1772 1795//1795 1778//1778
f 1780//1780 1794//1794 1797//1797
f 1778//1778 1798//1798 1737//1737
f 1738//1738 1799//1799 1800//1800
f 1739//1739 1801//1801 1741//1741
f 1802//1802 1803//1803 1805//1805
f 1806//1806 1804//1804 1807//1807
f 1808//1808 1809//1809 1811//1811
f 1812//1812 1810//1810 1813//1813
f 1814//1814 1815//1815 1816//1816
f 1816//1816 1815//1815 1817//1817
f 1818//1818 1819//1819 1820//1820
f 1820//1820 1819//1819 1821//1821
f 1822//1822 1824//1824 1826//1826
f 1825//1825 1823//1823 1827//1827
f 1828//1828 1830//1830 1832//1832
f 1831//1831 1829//1829 1833//1833
f 1834//1834 1835//1835 1837//1837
f 1838//1838 1836//1836 1839//1839
f 1840//1840 1842//1842 1844//1844
f 1843//1843 1841//1841 1845//1845
f 1846//1846 1848//1848 1849//1849
f 1850//1850 1847//1847 1851//1851
f 1852//1852 1853//1853 1855//1855
f 1856//1856 1854//1854 1857//1857
f 1858//1858 1860//1860 1862//1862
f 1861//1861 1859//1859 1863//1863
f 1864//1864 1866//1866 1868//1868
f 1867//1867 1865//1865 1869//1869
f 1870//1870 1872//1872 1874//1874
f 1873//1873 1871//1871 1875//1875
f 1876//1876 1878//1878 1880//1880
f 1879//1879 1877//1877 1881//1881
f 1882//1882 1883//1883 1886//1886
f 1885//1885 1884//1884 1887//1887
f 1888//1888 1889//1889 1892//1892
f 1891//1891 1890//1890 1893//1893
f 1894//1894 1896//1896 1898//1898
f 1897//1897 1895//1895 1899//1899
f 1900//1900 1901//1901 1903//1903
f 1904//1904 1902//1902 1905//1905
f 1906//1906 1907//1907 1908//1908
f 1908//1908 1907//1907 1909//1909
f 1910//1910 1911//1911 1913//1913
f 1914//1914 1912//1912 1915//1915
f 1916//1916 1917//1917 1918//1918
f 1918//1918 1917//1917 1919//1919
f 1920//1920 1921//1921 1922//1922
f 1922//1922 1921//1921 1923//1923
f 1924//1924 1926//1926 1928//1928
f 1927//1927 1925//1925 1929//1929
f 1930//1930 1932//1932 1934//1934
f 1933//1933 1931//1931 1935//1935
f 1333//1333 1332//1332 1936//1936
f 1936//1936 1332//1332 1937//1937
f 1938//1938 1939//1939 1335//1335
f 1335//1335 1939//1939 1336//1336
f 1364//1364 1368//1368 1940//1940
f 1940//1940 1368//1368 1941//1941
f 1942//1942 1943//1943 1374//1374
f 1374//1374 1943//1943 1375//1375
f 1402//1402 1401//1401 1944//1944
f 1944//1944 1401//1401 1945//1945
f 1946//1946 1947//1947 1949//1949
f 1950//1950 1948//1948 1951//1951
f 1952//1952 1953//1953 1695//1695
f 1695//1695 1953//1953 1693//1693
f 1954//1954 1955//1955 1956//1956
f 1955//1955 1957//1957 1956//1956
f 1676//1676 1957//1957 1958//1958
f 1676//1676 1958//1958 1678//1678
f 1956//1956 1959//1959 1954//1954
f 1960//1960 1961//1961 1962//1962
f 1960//1960 1962//1962 1963//1963
f 1305//1305 1964//1964 1962//1962
f 1962//1962 1964//1964 1965//1965
f 1962//1962 1965//1965 1963//1963
f 1718//1718 1720//1720 1966//1966
f 1718//1718 1966//1966 1967//1967
f 1967//1967 1966//1966 1968//1968
f 1967//1967 1968//1968 1969//1969
f 1970//1970 1972//1972 1974//1974
f 1971//1971 1973//1973 1975//1975
f 1976//1976 1977//1977 1675//1675
f 1976//1976 1675//1675 1677//1677
f 1696//1696 1694//1694 1978//1978
f 1697//1697 1979//1979 1980//1980
f 1980//1980 1979//1979 1981//1981
f 1980//1980 1981//1981 1982//1982
f 1982//1982 1981//1981 1983//1983
f 1982//1982 1983//1983 1984//1984
f 1985//1985 1986//1986 1721//1721
f 1985//1985 1721//1721 1719//1719
f 21//21 19//19 1987//1987
f 1725//1725 1752//1752 1988//1988
f 1751//1751 1725//1725 1989//1989
f 1750//1750 1751//1751 1990//1990
f 1736//1736 1750//1750 1991//1991
f 1734//1734 1736//1736 1992//1992
f 7//7 5//5 1993//1993
f 7//7 1993//1993 1//1
f 1//1 1993//1993 1995//1995
f 1996//1996 1994//1994 1997//1997
f 1996//1996 1997//1997 1998//1998
f 1998//1998 1997//1997 1999//1999
f 1999//1999 1997//1997 2000//2000
f 1999//1999 2000//2000 2001//2001
f 2001//2001 2000//2000 2002//2002
f 2003//2003 1988//1988 1752//1752
f 2003//2003 1752//1752 1789//1789
f 1734//1734 1992//1992 2004//2004
f 2005//2005 2006//2006 2007//2007
f 2005//2005 2007//2007 2008//2008
f 2009//2009 2010//2010 2011//2011
f 2009//2009 2011//2011 2012//2012
f 2011//2011 17//17 15//15
f 2012//2012 2011//2011 2013//2013
f 2013//2013 2011//2011 15//15
f 2013//2013 15//15 14//14
f 1736//1736 1991//1991 1992//1992
f 2006//2006 2014//2014 2015//2015
f 2006//2006 2015//2015 2007//2007
f 2010//2010 2016//2016 1987//1987
f 2010//2010 1987//1987 2011//2011
f 2011//2011 1987//1987 19//19
f 2011//2011 19//19 17//17
f 1750//1750 1990//1990 1991//1991
f 2014//2014 2017//2017 2018//2018
f 2014//2014 2018//2018 2015//2015
f 2016//2016 2018//2018 2019//2019
f 2016//2016 2019//2019 1987//1987
f 1987//1987 2019//2019 23//23
f 1987//1987 23//23 21//21
f 2020//2020 26//26 25//25
f 1751//1751 1989//1989 1990//1990
f 2017//2017 2021//2021 2022//2022
f 2017//2017 2022//2022 2018//2018
f 2018//2018 2022//2022 2023//2023
f 2018//2018 2023//2023 2019//2019
f 2019//2019 2020//2020 25//25
f 2019//2019 25//25 23//23
f 1725//1725 1988//1988 1989//1989
f 2021//2021 2000//2000 1997//1997
f 2021//2021 1997//1997 2022//2022
f 2022//2022 1997//1997 1994//1994
f 2022//2022 1994//1994 2023//2023
f 2020//2020 1993//1993 5//5
f 2020//2020 5//5 26//26
f 2024//2024 2025//2025 2026//2026
f 2026//2026 2025//2025 2027//2027
f 2028//2028 2029//2029 2030//2030
f 2031//2031 2032//2032 2033//2033
f 2034//2034 2035//2035 2036//2036
f 2030//2030 2029//2029 2037//2037
f 2037//2037 2029//2029 2038//2038
f 2037//2037 2038//2038 2036//2036
f 2036//2036 2038//2038 2039//2039
f 2036//2036 2039//2039 2034//2034
f 2035//2035 2031//2031 2036//2036
f 2036//2036 2031//2031 2033//2033
f 2036//2036 2033//2033 2040//2040
f 2040//2040 2033//2033 2041//2041
f 2040//2040 2041//2041 2042//2042
f 2042//2042 2041//2041 2043//2043
f 2027//2027 2025//2025 2044//2044
f 2044//2044 2025//2025 2045//2045
f 2046//2046 2048//2048 2050//2050
f 2049//2049 2047//2047 2051//2051
f 2052//2052 2053//2053 2056//2056
f 2055//2055 2054//2054 2057//2057
f 2058//2058 2059//2059 2030//2030
f 2030//2030 2059//2059 2060//2060
f 2030//2030 2060//2060 2028//2028
f 2024//2024 2026//2026 2061//2061
f 2061//2061 2026//2026 2062//2062
f 2063//2063 2064//2064 2066//2066
f 2067//2067 2065//2065 2068//2068
f 2069//2069 2070//2070 2072//2072
f 2073//2073 2071//2071 2074//2074
f 2075//2075 2076//2076 2077//2077
f 2077//2077 2076//2076 2078//2078
f 2077//2077 2078//2078 2079//2079
f 2079//2079 2078//2078 2080//2080
f 2081//2081 2082//2082 2083//2083
f 2082//2082 2085//2085 2083//2083
f 2086//2086 2084//2084 2087//2087
f 2086//2086 2087//2087 2088//2088
f 2080//2080 2078//2078 2088//2088
f 2088//2088 2078//2078 2089//2089
f 2088//2088 2089//2089 2086//2086
f 2090//2090 2081//2081 2091//2091
f 2091//2091 2081//2081 2083//2083
f 2091//2091 2083//2083 2092//2092
f 2092//2092 2083//2083 2093//2093
f 2092//2092 2093//2093 2094//2094
f 221//221 2043//2043 2041//2041
f 221//221 2041//2041 222//222
f 22//22 222//222 132//132
f 132//132 222//222 2041//2041
f 132//132 2041//2041 133//133
f 133//133 2041//2041 2092//2092
f 133//133 2092//2092 2094//2094
f 1669//1669 1678//1678 2096//2096
f 2096//2096 1678//1678 1958//1958
f 2097//2097 2098//2098 2099//2099
f 1958//1958 1957//1957 2096//2096
f 2096//2096 1957//1957 1955//1955
f 2095//2095 2097//2097 2100//2100
f 2100//2100 2097//2097 2099//2099
f 2101//2101 333//333 332//332
f 332//332 2102//2102 2101//2101
f 2101//2101 2102//2102 2103//2103
f 2104//2104 2105//2105 2098//2098
f 2098//2098 2105//2105 2106//2106
f 2098//2098 2106//2106 2099//2099
f 2107//2107 2108//2108 27//27
f 2109//2109 2110//2110 2111//2111
f 332//332 330//330 2102//2102
f 2102//2102 330//330 2112//2112
f 2102//2102 2113//2113 2103//2103
f 2103//2103 2113//2113 2114//2114
f 2114//2114 2113//2113 2115//2115
f 2114//2114 2115//2115 2116//2116
f 2117//2117 39//39 3//3
f 2116//2116 2115//2115 2118//2118
f 2118//2118 2115//2115 2117//2117
f 2118//2118 2117//2117 2119//2119
f 2119//2119 2117//2117 3//3
f 2119//2119 3//3 2//2
f 322//322 2121//2121 324//324
f 324//324 2121//2121 2122//2122
f 324//324 2122//2122 327//327
f 2123//2123 2124//2124 2125//2125
f 330//330 328//328 2126//2126
f 2126//2126 328//328 2127//2127
f 2125//2125 2128//2128 2123//2123
f 2123//2123 2128//2128 2129//2129
f 2129//2129 2130//2130 2123//2123
f 2123//2123 2130//2130 2131//2131
f 2123//2123 2131//2131 2124//2124
f 2124//2124 2131//2131 2132//2132
f 328//328 327//327 2127//2127
f 2127//2127 327//327 2122//2122
f 2128//2128 2109//2109 2129//2129
f 2129//2129 2109//2109 2111//2111
f 2129//2129 2133//2133 2130//2130
f 2107//2107 2134//2134 2135//2135
f 2107//2107 2135//2135 2108//2108
f 330//330 2126//2126 2112//2112
f 2113//2113 2125//2125 2124//2124
f 2113//2113 2124//2124 2115//2115
f 2115//2115 2124//2124 2132//2132
f 2115//2115 2132//2132 2117//2117
f 2117//2117 2132//2132 38//38
f 2117//2117 38//38 39//39
f 27//27 29//29 2107//2107
f 2107//2107 29//29 32//32
f 2107//2107 32//32 2131//2131
f 2131//2131 32//32 34//34
f 2131//2131 34//34 2132//2132
f 2132//2132 34//34 36//36
f 2132//2132 36//36 38//38
f 2136//2136 2137//2137 2138//2138
f 2139//2139 2140//2140 2141//2141
f 2142//2142 2143//2143 2141//2141
f 2141//2141 2143//2143 2144//2144
f 2141//2141 2144//2144 2139//2139
f 2144//2144 2145//2145 2139//2139
f 2139//2139 2145//2145 2146//2146
f 2139//2139 2146//2146 2147//2147
f 2146//2146 2148//2148 2147//2147
f 2147//2147 2148//2148 2149//2149
f 2147//2147 2149//2149 2151//2151
f 2149//2149 2152//2152 2151//2151
f 2151//2151 2152//2152 2153//2153
f 2150//2150 2154//2154 2155//2155
f 2154//2154 2156//2156 2155//2155
f 2155//2155 2156//2156 2157//2157
f 2155//2155 2157//2157 2159//2159
f 2160//2160 2161//2161 2158//2158
f 2158//2158 2161//2161 2162//2162
f 2158//2158 2162//2162 2164//2164
f 2163//2163 2165//2165 2166//2166
f 2163//2163 2166//2166 2169//2169
f 2170//2170 2171//2171 2168//2168
f 2168//2168 2171//2171 2172//2172
f 2167//2167 2173//2173 2174//2174
f 2173//2173 2175//2175 2174//2174
f 2174//2174 2175//2175 2176//2176
f 2174//2174 2176//2176 2177//2177
f 2176//2176 2178//2178 2177//2177
f 2177//2177 2178//2178 2179//2179
f 2177//2177 2179//2179 2180//2180
f 2179//2179 2181//2181 2180//2180
f 2180//2180 2181//2181 2182//2182
f 2180//2180 2182//2182 2138//2138
f 2183//2183 2184//2184 2185//2185
f 2185//2185 2184//2184 2136//2136
f 2185//2185 2136//2136 2186//2186
f 2186//2186 2136//2136 2138//2138
f 2186//2186 2138//2138 2187//2187
f 2187//2187 2138//2138 2182//2182
f 2188//2188 2189//2189 2190//2190
f 2191//2191 2192//2192 2193//2193
f 2194//2194 2195//2195 2193//2193
f 2193//2193 2195//2195 2196//2196
f 2193//2193 2196//2196 2191//2191
f 2196//2196 2197//2197 2191//2191
f 2191//2191 2197//2197 2198//2198
f 2191//2191 2198//2198 2199//2199
f 2198//2198 2200//2200 2199//2199
f 2199//2199 2200//2200 2201//2201
f 2199//2199 2201//2201 2202//2202
f 2201//2201 2203//2203 2202//2202
f 2202//2202 2203//2203 2204//2204
f 2202//2202 2204//2204 2205//2205
f 2204//2204 2206//2206 2205//2205
f 2205//2205 2206//2206 2207//2207
f 2205//2205 2207//2207 2208//2208
f 2207//2207 2209//2209 2208//2208
f 2208//2208 2209//2209 2210//2210
f 2208//2208 2210//2210 2211//2211
f 2211//2211 2210//2210 2212//2212
f 2211//2211 2212//2212 2213//2213
f 2212//2212 2214//2214 2213//2213
f 2213//2213 2214//2214 2215//2215
f 2213//2213 2215//2215 2216//2216
f 2215//2215 2217//2217 2216//2216
f 2216//2216 2217//2217 2218//2218
f 2216//2216 2218//2218 2219//2219
f 2218//2218 2220//2220 2219//2219
f 2219//2219 2220//2220 2221//2221
f 2219//2219 2221//2221 2222//2222
f 2221//2221 2223//2223 2222//2222
f 2222//2222 2223//2223 2224//2224
f 2222//2222 2224//2224 2190//2190
f 2225//2225 2226//2226 2227//2227
f 2227//2227 2226//2226 2188//2188
f 2227//2227 2188//2188 2228//2228
f 2228//2228 2188//2188 2190//2190
f 2228//2228 2190//2190 2229//2229
f 2229//2229 2190//2190 2224//2224
f 2230//2230 2231//2231 2232//2232
f 2232//2232 2231//2231 2233//2233
f 2232//2232 2233//2233 2234//2234
f 2234//2234 2233//2233 2235//2235
f 2236//2236 2237//2237 2238//2238
f 2239//2239 2240//2240 2238//2238
f 2238//2238 2240//2240 2241//2241
f 2238//2238 2241//2241 2236//2236
f 2242//2242 2243//2243 2244//2244
f 2244//2244 2243//2243 2245//2245
f 2246//2246 2247//2247 2245//2245
f 2245//2245 2247//2247 2248//2248
f 2245//2245 2248//2248 2244//2244
f 2249//2249 2250//2250 2251//2251
f 2249//2249 2251//2251 2245//2245
f 2245//2245 2251//2251 2252//2252
f 2245//2245 2252//2252 2246//2246
f 2253//2253 2254//2254 2255//2255
f 2256//2256 2253//2253 2257//2257
f 2257//2257 2253//2253 2255//2255
f 2257//2257 2255//2255 2258//2258
f 2256//2256 2259//2259 2253//2253
f 2253//2253 2259//2259 2260//2260
f 2253//2253 2260//2260 2261//2261
f 104//104 103//103 2264//2264
f 104//104 2264//2264 2265//2265
f 2266//2266 2262//2262 2267//2267
f 2266//2266 2267//2267 2268//2268
f 2268//2268 2267//2267 2269//2269
f 2268//2268 2269//2269 2270//2270
f 2270//2270 2269//2269 2257//2257
f 2270//2270 2257//2257 2258//2258
f 2271//2271 2272//2272 2273//2273
f 28//28 2274//2274 2275//2275
f 2267//2267 2262//2262 2276//2276
f 2264//2264 103//103 218//218
f 2257//2257 2269//2269 2277//2277
f 2263//2263 2278//2278 2279//2279
f 2279//2279 2278//2278 230//230
f 2279//2279 230//230 2280//2280
f 230//230 233//233 2280//2280
f 2280//2280 233//233 2282//2282
f 2281//2281 232//232 2283//2283
f 2283//2283 232//232 236//236
f 2283//2283 236//236 2275//2275
f 2275//2275 236//236 235//235
f 2275//2275 235//235 28//28
f 2274//2274 2271//2271 2275//2275
f 2275//2275 2271//2271 2273//2273
f 2275//2275 2273//2273 2283//2283
f 2283//2283 2273//2273 2284//2284
f 2283//2283 2284//2284 2281//2281
f 2281//2281 2284//2284 2285//2285
f 2281//2281 2285//2285 2276//2276
f 2276//2276 2285//2285 2286//2286
f 2276//2276 2286//2286 2267//2267
f 2267//2267 2286//2286 2269//2269
f 2257//2257 2277//2277 2256//2256
f 2256//2256 2277//2277 2287//2287
f 2256//2256 2287//2287 2259//2259
f 2259//2259 2287//2287 2288//2288
f 2259//2259 2288//2288 2260//2260
f 2260//2260 2288//2288 2273//2273
f 2260//2260 2273//2273 2261//2261
f 2261//2261 2273//2273 2272//2272
f 2261//2261 2272//2272 2253//2253
f 28//28 27//27 2274//2274
f 2274//2274 27//27 2289//2289
f 2274//2274 2289//2289 2271//2271
f 2271//2271 2289//2289 2290//2290
f 2271//2271 2290//2290 2272//2272
f 2272//2272 2290//2290 2291//2291
f 2272//2272 2291//2291 2253//2253
f 2253//2253 2291//2291 2254//2254
f 2254//2254 2291//2291 2292//2292
f 2121//2121 322//322 2293//2293
f 2294//2294 2135//2135 2134//2134
f 2135//2135 2294//2294 2108//2108
f 2108//2108 2294//2294 2289//2289
f 2108//2108 2289//2289 27//27
f 2295//2295 2296//2296 2297//2297
f 2134//2134 2298//2298 2299//2299
f 2134//2134 2299//2299 2294//2294
f 2294//2294 2299//2299 2300//2300
f 2294//2294 2300//2300 2301//2301
f 2301//2301 2291//2291 2294//2294
f 2294//2294 2291//2291 2290//2290
f 2294//2294 2290//2290 2289//2289
f 2302//2302 2254//2254 2292//2292
f 2120//2120 2303//2303 2298//2298
f 2298//2298 2303//2303 2304//2304
f 2298//2298 2304//2304 2299//2299
f 2299//2299 2305//2305 2306//2306
f 2299//2299 2306//2306 2300//2300
f 2302//2302 2307//2307 2254//2254
f 2255//2255 2254//2254 2307//2307
f 2255//2255 2307//2307 2308//2308
f 2309//2309 2306//2306 2305//2305
f 2309//2309 2305//2305 2310//2310
f 2311//2311 2304//2304 2303//2303
f 2311//2311 2303//2303 2312//2312
f 2313//2313 2293//2293 322//322
f 2313//2313 322//322 321//321
f 2244//2244 2248//2248 2314//2314
f 2244//2244 2314//2314 2315//2315
f 2316//2316 2317//2317 2318//2318
f 2316//2316 2318//2318 2319//2319
f 2319//2319 2318//2318 2320//2320
f 2319//2319 2320//2320 2321//2321
f 2321//2321 2320//2320 114//114
f 2321//2321 114//114 116//116
f 2318//2318 2317//2317 2322//2322
f 2323//2323 2324//2324 2325//2325
f 2324//2324 40//40 120//120
f 2323//2323 2325//2325 2326//2326
f 2324//2324 120//120 2325//2325
f 2325//2325 120//120 121//121
f 2325//2325 121//121 2327//2327
f 2327//2327 121//121 122//122
f 2327//2327 122//122 2328//2328
f 2329//2329 122//122 118//118
f 2329//2329 118//118 2330//2330
f 2330//2330 118//118 117//117
f 2330//2330 117//117 2331//2331
f 2331//2331 117//117 152//152
f 2331//2331 152//152 2332//2332
f 2332//2332 152//152 114//114
f 2332//2332 114//114 2320//2320
f 2320//2320 2318//2318 2333//2333
f 2333//2333 2318//2318 2322//2322
f 2333//2333 2322//2322 2334//2334
f 2334//2334 2322//2322 2335//2335
f 2334//2334 2335//2335 2336//2336
f 2336//2336 2335//2335 2337//2337
f 2336//2336 2337//2337 2328//2328
f 2328//2328 2337//2337 2338//2338
f 2328//2328 2338//2338 2327//2327
f 2327//2327 2338//2338 2339//2339
f 2327//2327 2339//2339 2325//2325
f 2325//2325 2339//2339 2340//2340
f 2325//2325 2340//2340 2326//2326
f 2326//2326 2340//2340 2245//2245
f 2245//2245 2340//2340 2249//2249
f 2249//2249 2340//2340 2339//2339
f 2249//2249 2339//2339 2250//2250
f 2250//2250 2339//2339 2338//2338
f 2250//2250 2338//2338 2251//2251
f 2251//2251 2338//2338 2337//2337
f 2251//2251 2337//2337 2252//2252
f 2252//2252 2337//2337 2335//2335
f 2252//2252 2335//2335 2246//2246
f 2246//2246 2335//2335 2341//2341
f 2246//2246 2341//2341 2247//2247
f 2247//2247 2341//2341 2314//2314
f 2247//2247 2314//2314 2248//2248
f 41//41 40//40 2342//2342
f 2342//2342 40//40 2324//2324
f 2342//2342 2324//2324 2343//2343
f 2343//2343 2324//2324 2323//2323
f 2343//2343 2323//2323 2344//2344
f 2344//2344 2323//2323 2326//2326
f 2344//2344 2326//2326 2243//2243
f 2243//2243 2326//2326 2245//2245
f 2345//2345 2344//2344 2243//2243
f 184//184 203//203 2346//2346
f 203//203 202//202 2346//2346
f 2346//2346 202//202 2347//2347
f 2346//2346 2347//2347 2348//2348
f 2349//2349 181//181 183//183
f 183//183 2350//2350 2349//2349
f 2349//2349 2350//2350 2351//2351
f 2349//2349 2351//2351 2352//2352
f 2243//2243 2353//2353 2354//2354
f 2355//2355 2353//2353 2352//2352
f 2352//2352 2356//2356 2355//2355
f 2355//2355 2356//2356 2357//2357
f 2354//2354 2358//2358 2243//2243
f 183//183 185//185 2350//2350
f 2350//2350 185//185 184//184
f 2350//2350 184//184 2356//2356
f 2356//2356 184//184 2346//2346
f 2356//2356 2346//2346 2357//2357
f 2357//2357 2346//2346 2348//2348
f 2358//2358 2345//2345 2243//2243
f 202//202 41//41 2347//2347
f 2347//2347 41//41 2342//2342
f 2347//2347 2342//2342 2348//2348
f 2348//2348 2342//2342 2343//2343
f 2348//2348 2343//2343 2344//2344
f 182//182 181//181 2349//2349
f 182//182 2349//2349 2359//2359
f 2359//2359 2349//2349 2352//2352
f 2359//2359 2352//2352 2360//2360
f 2360//2360 2352//2352 2353//2353
f 2360//2360 2353//2353 2361//2361
f 2361//2361 2353//2353 2243//2243
f 2361//2361 2243//2243 2242//2242
f 1447//1447 1448//1448 2362//2362
f 1447//1447 2362//2362 2363//2363
f 2363//2363 2362//2362 2364//2364
f 2363//2363 2364//2364 2365//2365
f 2365//2365 2364//2364 2231//2231
f 2365//2365 2231//2231 2230//2230
f 1404//1404 1403//1403 2366//2366
f 1404//1404 2366//2366 2367//2367
f 2367//2367 2366//2366 2368//2368
f 2367//2367 2368//2368 2369//2369
f 2369//2369 2368//2368 2240//2240
f 2369//2369 2240//2240 2239//2239
f 1378//1378 1382//1382 2370//2370
f 1378//1378 2370//2370 2371//2371
f 2372//2372 2374//2374 2376//2376
f 2373//2373 2375//2375 2377//2377
f 2379//2379 2380//2380 2381//2381
f 2378//2378 2382//2382 2383//2383
f 2384//2384 2385//2385 2237//2237
f 2384//2384 2237//2237 2236//2236
f 2234//2234 2235//2235 2386//2386
f 2234//2234 2386//2386 2387//2387
f 2389//2389 2390//2390 2391//2391
f 2388//2388 2392//2392 2393//2393
f 2395//2395 2396//2396 2397//2397
f 2394//2394 2398//2398 2399//2399
f 2400//2400 2401//2401 1317//1317
f 2400//2400 1317//1317 1322//1322

