####
#
# Obj File Generated by Style3D V9.2.157
#
####
mtllib nonwoven_5k.mtl
v 1.42847 0.355057 0.280547
v 1.43084 0.277892 0.280862
v 1.42937 0.277057 0.255948
v 1.43444 0.285603 0.255351
v 1.4356 0.285737 0.267794
v 1.43643 0.286105 0.280261
v 1.43907 0.285767 0.2896
v 1.44693 0.283764 0.29372
v 1.45637 0.2829 0.291736
v 1.46444 0.284579 0.285651
v 1.47064 0.288297 0.27776
v 1.47571 0.293011 0.269352
v 1.48047 0.297981 0.260855
v 1.48547 0.302776 0.252406
v 1.49102 0.307165 0.24408
v 1.49694 0.311259 0.23585
v 1.50279 0.315411 0.227611
v 1.50786 0.32019 0.219257
v 1.51125 0.326072 0.210923
v 1.51203 0.333223 0.203136
v 1.50985 0.341246 0.196563
v 1.50493 0.349394 0.191861
v 1.49769 0.356893 0.189707
v 1.48912 0.363431 0.189847
v 1.48005 0.369022 0.19177
v 1.47093 0.373619 0.195382
v 1.46223 0.377123 0.200763
v 1.45461 0.379395 0.208039
v 1.44867 0.380521 0.21694
v 1.4449 0.380706 0.227006
v 1.44358 0.380221 0.237723
v 1.44404 0.379429 0.24858
v 1.44491 0.378395 0.259409
v 1.44456 0.37687 0.270074
v 1.44172 0.374393 0.27983
v 1.43575 0.370557 0.286838
v 1.42791 0.365951 0.288
v 1.42445 0.364114 0.281069
v 1.42398 0.364611 0.268568
v 1.42316 0.364841 0.256088
v 1.4269 0.355614 0.255694
v 1.43254 0.34751 0.255122
v 1.43376 0.347457 0.267562
v 1.43463 0.347267 0.280068
v 1.43814 0.348821 0.287321
v 1.4452 0.353023 0.285983
v 1.44965 0.356226 0.27814
v 1.45019 0.357928 0.267908
v 1.44824 0.358871 0.257309
v 1.44537 0.359614 0.246789
v 1.44282 0.360368 0.236201
v 1.44171 0.361114 0.225441
v 1.44299 0.361568 0.214774
v 1.44685 0.361335 0.204771
v 1.45304 0.360063 0.196069
v 1.46085 0.357641 0.189012
v 1.46957 0.354088 0.183711
v 1.47866 0.34939 0.180275
v 1.48755 0.343534 0.178865
v 1.49535 0.336463 0.180016
v 1.50077 0.328482 0.184139
v 1.50312 0.320481 0.190562
v 1.50243 0.313279 0.198333
v 1.49923 0.307267 0.206668
v 1.49443 0.302276 0.215065
v 1.4889 0.297846 0.223388
v 1.48328 0.293494 0.231704
v 1.47793 0.288949 0.240084
v 1.47292 0.284149 0.248539
v 1.46807 0.27924 0.257026
v 1.46303 0.274481 0.265471
v 1.45732 0.270272 0.273707
v 1.45034 0.267244 0.281245
v 1.44168 0.266222 0.286803
v 1.43207 0.267571 0.28785
v 1.42746 0.268584 0.281383
v 1.42718 0.268003 0.268913
v 1.42637 0.267592 0.256452
v 1.43028 0.351491 0.261624
v 1.4264 0.358539 0.263464
v 1.42746 0.357393 0.272127
v 1.43285 0.351643 0.284999
v 1.42942 0.358485 0.287171
v 1.43591 0.355907 0.288071
v 1.44422 0.364041 0.283791
v 1.44778 0.36824 0.263686
v 1.44262 0.370677 0.231573
v 1.44749 0.371046 0.210709
v 1.47024 0.363911 0.189452
v 1.48844 0.353671 0.184
v 1.50718 0.330722 0.193217
v 1.50132 0.311102 0.217173
v 1.48999 0.302476 0.233743
v 1.47429 0.288596 0.258942
v 1.46421 0.279085 0.275819
v 1.43959 0.275495 0.291094
v 1.42883 0.273023 0.274894
v 1.43213 0.280307 0.273009
v 1.43099 0.279133 0.264353
v 1.43027 0.273026 0.285759
v 1.43407 0.279822 0.287605
v 1.43495 0.36335 0.288869
v 1.4466 0.35805 0.282971
v 1.44227 0.359023 0.287368
v 1.44775 0.362717 0.278566
v 1.441 0.369678 0.283953
v 1.44511 0.368733 0.279256
v 1.44803 0.367407 0.271894
v 1.44891 0.361896 0.262977
v 1.44734 0.365571 0.257526
v 1.44615 0.374457 0.264416
v 1.4463 0.372057 0.258317
v 1.44491 0.369635 0.248872
v 1.44209 0.364237 0.231105
v 1.44275 0.367051 0.237209
v 1.44241 0.367822 0.225466
v 1.44341 0.377088 0.232046
v 1.44341 0.374333 0.226043
v 1.44304 0.373522 0.237392
v 1.44439 0.371411 0.218338
v 1.44546 0.364943 0.209956
v 1.44937 0.367574 0.205239
v 1.44988 0.376997 0.211648
v 1.45193 0.373559 0.2064
v 1.45668 0.369173 0.199002
v 1.4669 0.358825 0.187221
v 1.46379 0.363344 0.191143
v 1.47346 0.359148 0.18592
v 1.47367 0.368726 0.192124
v 1.4769 0.364031 0.188787
v 1.46733 0.368407 0.193107
v 1.48166 0.358229 0.185227
v 1.49176 0.357998 0.187526
v 1.4948 0.352277 0.185673
v 1.48506 0.349183 0.180766
v 1.49127 0.34816 0.182092
v 1.49912 0.343769 0.185142
v 1.50417 0.326616 0.189182
v 1.50386 0.333118 0.187988
v 1.50661 0.324326 0.19493
v 1.50992 0.334899 0.197368
v 1.5096 0.328593 0.199031
v 1.50715 0.337044 0.192001
v 1.50733 0.32045 0.203801
v 1.50329 0.339525 0.187499
v 1.49856 0.306875 0.213088
v 1.50249 0.311748 0.210558
v 1.49709 0.306457 0.219672
v 1.50407 0.315337 0.221256
v 1.4999 0.310853 0.223764
v 1.50507 0.31586 0.214881
v 1.49452 0.30575 0.227562
v 1.48743 0.298078 0.22971
v 1.48562 0.297951 0.236231
v 1.49256 0.306868 0.237779
v 1.48824 0.302505 0.240272
v 1.48226 0.296559 0.245422
v 1.47182 0.284117 0.25494
v 1.47568 0.289027 0.252333
v 1.47049 0.283646 0.26156
v 1.47677 0.293073 0.262945
v 1.47307 0.288242 0.265581
v 1.47797 0.293404 0.256564
v 1.46841 0.282599 0.26956
v 1.46177 0.274578 0.271835
v 1.45977 0.274641 0.278267
v 1.46659 0.283659 0.279767
v 1.46222 0.279364 0.282215
v 1.45463 0.274969 0.286414
v 1.43778 0.2696 0.289592
v 1.44405 0.271527 0.290241
v 1.44118 0.281546 0.292587
v 1.44543 0.277398 0.292271
v 1.44407 0.365442 0.243627
v 1.44384 0.37432 0.244087
v 1.45816 0.364166 0.1947
v 1.46266 0.371517 0.196902
v 1.5041 0.314621 0.204709
v 1.50803 0.320115 0.210529
v 1.47824 0.291212 0.246458
v 1.48146 0.297268 0.252158
v 1.44931 0.270914 0.286534
v 1.45164 0.278014 0.291221
v 1.43153 0.3511 0.274052
v 1.42806 0.272245 0.26245
v 1.21859 0.349461 0.253557
v 1.21642 0.33941 0.252905
v 1.21499 0.339404 0.265419
v 1.21346 0.339107 0.277791
v 1.20802 0.34131 0.286473
v 1.19998 0.344676 0.290602
v 1.19062 0.34863 0.28942
v 1.18191 0.352057 0.284492
v 1.17421 0.354588 0.27735
v 1.16733 0.356288 0.269072
v 1.16103 0.35728 0.260191
v 1.15517 0.357618 0.250954
v 1.14975 0.357132 0.241484
v 1.14474 0.355524 0.231939
v 1.14026 0.352043 0.222783
v 1.13643 0.345675 0.215345
v 1.13339 0.336715 0.211465
v 1.13144 0.326748 0.212335
v 1.13076 0.31747 0.217203
v 1.13129 0.309565 0.224464
v 1.1329 0.303003 0.232978
v 1.13518 0.297246 0.241985
v 1.13778 0.291817 0.251129
v 1.14049 0.286455 0.260286
v 1.14334 0.281129 0.269423
v 1.14669 0.276121 0.278539
v 1.15101 0.271774 0.28754
v 1.15669 0.26837 0.296115
v 1.16408 0.266242 0.303616
v 1.17315 0.265561 0.309109
v 1.18334 0.266323 0.311546
v 1.1936 0.268136 0.310424
v 1.20263 0.27039 0.305767
v 1.2094 0.272481 0.298051
v 1.21363 0.273944 0.288357
v 1.21765 0.275416 0.278288
v 1.21913 0.275528 0.265864
v 1.22065 0.275822 0.253432
v 1.22288 0.265617 0.253953
v 1.22817 0.257155 0.25429
v 1.22727 0.257076 0.26679
v 1.22647 0.257475 0.279123
v 1.2212 0.255382 0.288603
v 1.21501 0.253381 0.297094
v 1.2068 0.25106 0.303288
v 1.19702 0.248951 0.306216
v 1.1867 0.247656 0.305432
v 1.17716 0.247763 0.301105
v 1.16938 0.249549 0.29411
v 1.16367 0.252912 0.285654
v 1.15983 0.257598 0.276663
v 1.15721 0.263144 0.267644
v 1.15527 0.269197 0.258745
v 1.15359 0.275487 0.24994
v 1.15194 0.281853 0.241182
v 1.1504 0.288425 0.232569
v 1.14921 0.295491 0.224328
v 1.14867 0.303392 0.21689
v 1.14901 0.312396 0.210965
v 1.15026 0.322344 0.207285
v 1.15236 0.332692 0.206624
v 1.1552 0.342481 0.209438
v 1.15862 0.350768 0.215254
v 1.1625 0.356994 0.223166
v 1.16674 0.361423 0.232147
v 1.17128 0.364529 0.241576
v 1.17609 0.366582 0.251179
v 1.18117 0.367855 0.260794
v 1.1866 0.368337 0.270263
v 1.19266 0.3678 0.279253
v 1.19981 0.365944 0.286764
v 1.20823 0.362792 0.290275
v 1.21604 0.359699 0.287064
v 1.22169 0.357532 0.278517
v 1.22255 0.358065 0.26641
v 1.22344 0.358101 0.253897
v 1.21593 0.349098 0.277811
v 1.22041 0.265599 0.278246
v 1.22475 0.261192 0.260278
v 1.22118 0.26879 0.2613
v 1.22043 0.267667 0.269912
v 1.22151 0.260768 0.283677
v 1.21771 0.267695 0.285376
v 1.21795 0.261947 0.290025
v 1.20917 0.261907 0.301914
v 1.19025 0.257482 0.309539
v 1.16298 0.258916 0.295154
v 1.15323 0.266841 0.277609
v 1.1459 0.283853 0.250613
v 1.1416 0.295654 0.232734
v 1.14008 0.319466 0.211168
v 1.14747 0.348422 0.215051
v 1.15572 0.358536 0.232026
v 1.1711 0.362564 0.260498
v 1.18334 0.361302 0.278423
v 1.20848 0.35192 0.28999
v 1.21913 0.353702 0.272158
v 1.21577 0.346119 0.270315
v 1.21703 0.34732 0.261785
v 1.21674 0.354137 0.282981
v 1.21297 0.34715 0.284658
v 1.21398 0.267936 0.29347
v 1.2104 0.255608 0.30098
v 1.21381 0.260006 0.297436
v 1.20531 0.257466 0.304891
v 1.20744 0.268157 0.302219
v 1.20406 0.263914 0.305699
v 1.19819 0.259131 0.308584
v 1.19128 0.251357 0.307672
v 1.18501 0.253664 0.308112
v 1.18918 0.263684 0.311079
v 1.18402 0.259889 0.310116
v 1.176 0.256619 0.306056
v 1.165 0.253724 0.291865
v 1.16751 0.254784 0.297963
v 1.16076 0.258064 0.288924
v 1.16107 0.264197 0.298387
v 1.15845 0.263129 0.292493
v 1.16585 0.260462 0.300665
v 1.15607 0.263385 0.284595
v 1.1565 0.262519 0.274048
v 1.15331 0.267592 0.270913
v 1.15017 0.271307 0.281165
v 1.14978 0.271807 0.274599
v 1.1493 0.274536 0.265139
v 1.15041 0.280527 0.247345
v 1.1492 0.27888 0.253795
v 1.14707 0.285461 0.244148
v 1.14144 0.287228 0.253901
v 1.1423 0.288629 0.247481
v 1.14489 0.282612 0.25691
v 1.14302 0.291129 0.239573
v 1.1366 0.298462 0.235773
v 1.13813 0.300493 0.229523
v 1.1469 0.293208 0.229906
v 1.14348 0.29788 0.226943
v 1.14028 0.305066 0.221344
v 1.14619 0.318019 0.209549
v 1.1427 0.313563 0.213031
v 1.14382 0.324158 0.208367
v 1.13409 0.321017 0.213119
v 1.13752 0.325498 0.209911
v 1.13672 0.315381 0.214795
v 1.14236 0.333642 0.208699
v 1.13937 0.309989 0.21723
v 1.15353 0.347551 0.212915
v 1.14865 0.343453 0.210809
v 1.15249 0.351912 0.217833
v 1.14145 0.349118 0.217318
v 1.14638 0.352261 0.220317
v 1.14266 0.344685 0.213009
v 1.15222 0.355644 0.225119
v 1.16149 0.359027 0.22917
v 1.16105 0.36061 0.235647
v 1.15015 0.357315 0.235051
v 1.15539 0.359113 0.23869
v 1.16232 0.361378 0.245349
v 1.17591 0.365775 0.257597
v 1.17064 0.363695 0.253888
v 1.17646 0.364431 0.264179
v 1.16651 0.358945 0.263255
v 1.17182 0.360583 0.266875
v 1.16584 0.360801 0.257105
v 1.17828 0.36209 0.271908
v 1.18723 0.365965 0.27622
v 1.18893 0.36285 0.281878
v 1.17976 0.356269 0.280283
v 1.18534 0.357594 0.283576
v 1.19392 0.357728 0.288217
v 1.2112 0.357812 0.290175
v 1.20501 0.356898 0.291587
v 1.206 0.345915 0.289889
v 1.20249 0.35094 0.291053
v 1.17273 0.25284 0.301681
v 1.17067 0.260728 0.305253
v 1.15114 0.274562 0.258632
v 1.14554 0.279848 0.263109
v 1.14793 0.3373 0.208525
v 1.13952 0.339365 0.210627
v 1.16834 0.363553 0.247546
v 1.16149 0.360006 0.251919
v 1.19999 0.360155 0.289541
v 1.19631 0.352164 0.290659
v 1.22391 0.260982 0.272597
v 1.2204 0.354217 0.259908
v 1.33983 0.209351 0.28861
v 1.35008 0.212255 0.28859
v 1.36024 0.215474 0.288586
v 1.37028 0.219098 0.288564
v 1.38003 0.223402 0.288487
v 1.38923 0.228693 0.288333
v 1.39104 0.229915 0.288312
v 1.39992 0.236319 0.287902
v 1.40834 0.243359 0.287446
v 1.41614 0.251079 0.286896
v 1.42323 0.25944 0.2863
v 1.43406 0.276173 0.285226
v 1.4416 0.295714 0.284288
v 1.44355 0.306201 0.283987
v 1.26559 0.407272 0.0151073
v 1.26384 0.4054 0.0133136
v 1.26454 0.394705 0.0139265
v 1.26508 0.383992 0.0142877
v 1.26556 0.37327 0.014544
v 1.26598 0.36254 0.0146902
v 1.26647 0.351813 0.0149126
v 1.26691 0.341083 0.0150361
v 1.26735 0.330351 0.0151269
v 1.2678 0.31962 0.0152162
v 1.43742 0.285877 0.284172
v 1.43832 0.285557 0.28472
v 1.21924 0.276213 0.282361
v 1.2183 0.275876 0.282825
v 1.33177 0.414491 0.288134
v 1.34224 0.412512 0.288098
v 1.35265 0.410215 0.288081
v 1.36297 0.407558 0.288063
v 1.37311 0.404256 0.287997
v 1.3828 0.399929 0.287852
v 1.38472 0.398896 0.287833
v 1.3942 0.39342 0.287438
v 1.40328 0.387258 0.287002
v 1.41179 0.380331 0.286477
v 1.41962 0.372654 0.285912
v 1.43175 0.356841 0.284913
v 1.44038 0.337973 0.28412
v 1.44293 0.327531 0.283903
v 1.44405 0.316845 0.283848
v 1.31897 0.204828 0.259158
v 1.30833 0.205218 0.259052
v 1.29781 0.206987 0.258863
v 1.28748 0.209605 0.258613
v 1.27729 0.212767 0.258319
v 1.26722 0.21626 0.257991
v 1.26536 0.217423 0.257883
v 1.25719 0.224749 0.2572
v 1.24907 0.232141 0.256509
v 1.24146 0.24005 0.255809
v 1.23458 0.248596 0.255115
v 1.22484 0.266053 0.254002
v 1.21917 0.286252 0.253299
v 1.21606 0.296594 0.252882
v 1.31056 0.416724 0.258679
v 1.3 0.415452 0.258588
v 1.28968 0.412823 0.258413
v 1.27959 0.409398 0.258177
v 1.26968 0.40547 0.257901
v 1.2599 0.401227 0.257594
v 1.25813 0.399935 0.25749
v 1.25048 0.392071 0.256821
v 1.24286 0.384176 0.256145
v 1.23574 0.375824 0.255459
v 1.22935 0.366897 0.254778
v 1.22045 0.348988 0.253675
v 1.21508 0.32872 0.252877
v 1.21391 0.317986 0.252661
v 1.21396 0.307183 0.252613
v 1.31599 0.397732 0.0757954
v 1.30881 0.399274 0.0673359
v 1.30166 0.400553 0.0587669
v 1.29454 0.401824 0.0501314
v 1.28738 0.403071 0.041475
v 1.28027 0.404437 0.0328045
v 1.27306 0.405759 0.0241617
v 1.2663 0.407376 0.0152168
v 1.2653 0.407041 0.01432
v 1.2597 0.398927 0.266957
v 1.25983 0.397887 0.276548
v 1.26031 0.396263 0.286039
v 1.25985 0.396937 0.28677
v 1.33964 0.209854 0.259188
v 1.34993 0.212644 0.259167
v 1.36026 0.215274 0.259138
v 1.37052 0.218148 0.259101
v 1.38056 0.221673 0.259041
v 1.39025 0.226045 0.258929
v 1.39221 0.227023 0.258881
v 1.40123 0.233112 0.258566
v 1.40897 0.240876 0.25807
v 1.41611 0.249214 0.257521
v 1.42266 0.258013 0.25695
v 1.43254 0.275384 0.255946
v 1.43924 0.29534 0.25511
v 1.44099 0.305927 0.254839
v 1.31901 0.20707 0.28838
v 1.30843 0.208164 0.288266
v 1.29796 0.21002 0.288086
v 1.28766 0.212651 0.287838
v 1.27757 0.215997 0.287531
v 1.26774 0.220026 0.287206
v 1.26579 0.221011 0.287085
v 1.25664 0.227016 0.286477
v 1.24811 0.233864 0.285814
v 1.24024 0.241472 0.285132
v 1.23311 0.249773 0.284454
v 1.22239 0.266575 0.283312
v 1.21491 0.286084 0.282374
v 1.2121 0.296466 0.28203
v 1.33161 0.413841 0.258706
v 1.34212 0.412068 0.258678
v 1.35264 0.410345 0.258643
v 1.36312 0.408439 0.258603
v 1.37347 0.405949 0.258546
v 1.38354 0.402573 0.258439
v 1.38559 0.401787 0.258393
v 1.39515 0.39658 0.258087
v 1.4036 0.389599 0.257614
v 1.4115 0.381978 0.257092
v 1.41883 0.373811 0.256555
v 1.43007 0.357284 0.255633
v 1.43801 0.337986 0.254935
v 1.44039 0.327424 0.254747
v 1.4415 0.316651 0.254699
v 1.43559 0.347616 0.283936
v 1.43647 0.347999 0.284479
v 1.31081 0.414814 0.287972
v 1.30037 0.412761 0.287847
v 1.2901 0.40997 0.287663
v 1.28007 0.406442 0.287417
v 1.2703 0.402257 0.287117
v 1.26082 0.397463 0.286805
v 1.25894 0.396337 0.286687
v 1.25022 0.389724 0.286096
v 1.24213 0.382357 0.285449
v 1.23471 0.374309 0.284778
v 1.22803 0.36564 0.284106
v 1.21813 0.348346 0.282959
v 1.21172 0.328489 0.282078
v 1.21033 0.317833 0.281855
v 1.21043 0.307084 0.281831
v 1.28227 0.206493 0.0191275
v 1.29288 0.206716 0.020108
v 1.30345 0.207622 0.0209984
v 1.31403 0.208526 0.0217866
v 1.32462 0.209397 0.0224995
v 1.33523 0.21021 0.023143
v 1.34597 0.211244 0.023777
v 1.35671 0.212287 0.0243649
v 1.36744 0.213637 0.0248989
v 1.378 0.215913 0.0252999
v 1.38716 0.221077 0.0241759
v 1.39333 0.228469 0.0196642
v 1.39324 0.227196 0.0207952
v 1.38991 0.22013 0.0277825
v 1.38992 0.216679 0.0376397
v 1.39054 0.215472 0.0480502
v 1.39123 0.215043 0.058524
v 1.39196 0.214744 0.0689949
v 1.3928 0.214483 0.0794643
v 1.39355 0.21454 0.090654
v 1.39411 0.214496 0.101869
v 1.39432 0.214668 0.113123
v 1.39421 0.215248 0.124372
v 1.39401 0.215983 0.135608
v 1.39379 0.21676 0.146833
v 1.3936 0.217548 0.158054
v 1.39342 0.218335 0.169277
v 1.39324 0.219142 0.180502
v 1.39306 0.219979 0.191727
v 1.39286 0.220854 0.20295
v 1.39263 0.221778 0.21417
v 1.39238 0.222755 0.225385
v 1.39211 0.223792 0.236594
v 1.39179 0.224917 0.247793
v 1.3912 0.22659 0.258924
v 1.39136 0.226591 0.268549
v 1.39104 0.227509 0.278159
v 1.39065 0.228507 0.287788
v 1.39012 0.229317 0.288395
v 1.38958 0.230111 0.287844
v 1.38882 0.23084 0.278177
v 1.3892 0.22995 0.268471
v 1.26184 0.409876 0.0680359
v 1.26263 0.409241 0.0575046
v 1.26351 0.409141 0.0469289
v 1.26442 0.408986 0.0363597
v 1.26518 0.408356 0.0258289
v 1.26539 0.406889 0.015409
v 1.32302 0.224107 0.0762657
v 1.31599 0.222017 0.0677932
v 1.30898 0.220188 0.0592116
v 1.30199 0.218365 0.0505652
v 1.29496 0.216558 0.0418996
v 1.28799 0.214631 0.0332213
v 1.28092 0.212739 0.0245681
v 1.27433 0.21058 0.0156185
v 1.2733 0.210838 0.0147132
v 1.27 0.207769 0.0684332
v 1.27074 0.20849 0.0579038
v 1.27163 0.208658 0.0473287
v 1.27254 0.208867 0.0367594
v 1.27327 0.209535 0.0262266
v 1.27337 0.210995 0.0158086
v 1.33939 0.223235 0.0835362
v 1.34976 0.2211 0.082515
v 1.36025 0.219518 0.0815481
v 1.37077 0.218021 0.0806854
v 1.38121 0.215979 0.0801151
v 1.39171 0.21435 0.0795687
v 1.27363 0.210628 0.0154899
v 1.27173 0.212346 0.0136819
v 1.27158 0.223062 0.0142723
v 1.27126 0.233784 0.014601
v 1.27087 0.244507 0.0148136
v 1.27041 0.255235 0.0149127
v 1.27001 0.265966 0.0150852
v 1.26957 0.276696 0.0151628
v 1.26912 0.287426 0.0152084
v 1.26869 0.298158 0.0152558
v 1.26823 0.308889 0.0152433
v 1.2281 0.258568 0.283311
v 1.22727 0.258081 0.28385
v 1.43336 0.276632 0.280767
v 1.26674 0.220478 0.28717
v 1.2663 0.219582 0.286706
v 1.26625 0.218609 0.277127
v 1.26621 0.217632 0.267543
v 1.26625 0.216784 0.257941
v 1.26628 0.215806 0.246727
v 1.26631 0.21483 0.235508
v 1.26634 0.213893 0.224283
v 1.2664 0.213009 0.213053
v 1.26648 0.212174 0.20182
v 1.26658 0.211377 0.190585
v 1.2667 0.210618 0.179349
v 1.26682 0.209885 0.168114
v 1.26695 0.209173 0.15688
v 1.26707 0.20846 0.145651
v 1.26715 0.207735 0.134423
v 1.26721 0.207006 0.123188
v 1.26731 0.206337 0.111939
v 1.26757 0.205881 0.100679
v 1.26823 0.205848 0.0894472
v 1.27044 0.205992 0.0677777
v 1.27153 0.205985 0.0572109
v 1.27253 0.20591 0.046624
v 1.27347 0.205865 0.03602
v 1.27427 0.206362 0.0253791
v 1.27361 0.209936 0.0153655
v 1.38486 0.40842 0.0703871
v 1.38558 0.404082 0.0608081
v 1.38624 0.399603 0.0512476
v 1.38634 0.397363 0.0410104
v 1.38616 0.39769 0.0305175
v 1.38605 0.399358 0.0201908
v 1.38676 0.399689 0.0197363
v 1.38748 0.400395 0.0193622
v 1.39078 0.408596 0.0148855
v 1.39302 0.399014 0.014974
v 1.39325 0.388438 0.0154934
v 1.39361 0.377834 0.0158192
v 1.39398 0.36722 0.0160872
v 1.39438 0.356602 0.0162928
v 1.39478 0.345981 0.0164639
v 1.3952 0.335359 0.0165679
v 1.39561 0.324738 0.0166649
v 1.32076 0.221773 0.0834995
v 1.31084 0.218179 0.0822219
v 1.30073 0.215067 0.0810296
v 1.29057 0.212034 0.0800146
v 1.2804 0.209022 0.0791588
v 1.27026 0.205938 0.0784123
v 1.26917 0.205882 0.0782718
v 1.33041 0.395418 0.0764637
v 1.33806 0.395772 0.0685533
v 1.34577 0.396185 0.0606221
v 1.35348 0.396662 0.0526885
v 1.3612 0.397175 0.0447389
v 1.36889 0.397692 0.0367685
v 1.37657 0.398183 0.0287779
v 1.38431 0.398744 0.0207024
v 1.33193 0.300728 0.0105912
v 1.33237 0.289998 0.0105914
v 1.33281 0.279267 0.0105912
v 1.33325 0.268537 0.0105914
v 1.33369 0.257806 0.0105913
v 1.33413 0.247076 0.0105924
v 1.33457 0.236345 0.0105883
v 1.33501 0.225613 0.0106549
v 1.33536 0.215603 0.0140436
v 1.3345 0.210546 0.0338978
v 1.33358 0.212937 0.0444201
v 1.33262 0.215777 0.0548356
v 1.33166 0.218993 0.0651307
v 1.3307 0.222742 0.0752157
v 1.3372 0.227587 0.0769518
v 1.34486 0.227885 0.0690396
v 1.35257 0.228128 0.0611062
v 1.36029 0.228308 0.0531698
v 1.36803 0.22845 0.0452191
v 1.37574 0.228583 0.0372492
v 1.38344 0.228738 0.0292609
v 1.39121 0.228823 0.0211919
v 1.39217 0.228728 0.0204526
v 1.27388 0.412122 0.0187404
v 1.28446 0.412816 0.0197223
v 1.29508 0.41282 0.0206074
v 1.3057 0.412812 0.02139
v 1.31633 0.412827 0.0220973
v 1.32697 0.412891 0.0227328
v 1.33776 0.412729 0.0233552
v 1.34857 0.41254 0.0239309
v 1.35937 0.412016 0.0244497
v 1.37007 0.410547 0.024828
v 1.37962 0.406125 0.0236751
v 1.38639 0.399273 0.0191707
v 1.3862 0.400535 0.0202948
v 1.38226 0.407314 0.0272549
v 1.38198 0.410776 0.0371037
v 1.38249 0.412052 0.0475121
v 1.38315 0.412563 0.0579841
v 1.38385 0.412952 0.0684523
v 1.38467 0.41331 0.0789164
v 1.38543 0.413369 0.090105
v 1.38602 0.413521 0.101315
v 1.38629 0.413473 0.112567
v 1.38626 0.412973 0.12382
v 1.38615 0.412295 0.13506
v 1.38603 0.411565 0.146291
v 1.38593 0.410823 0.157516
v 1.38584 0.410083 0.168742
v 1.38576 0.409326 0.179972
v 1.38567 0.408539 0.191201
v 1.38557 0.407712 0.20243
v 1.38545 0.406832 0.213655
v 1.38531 0.405894 0.224876
v 1.38515 0.404891 0.236091
v 1.38496 0.403794 0.247295
v 1.38454 0.402121 0.258435
v 1.3847 0.40216 0.26806
v 1.38448 0.401252 0.277674
v 1.38419 0.400256 0.287306
v 1.38375 0.399399 0.287915
v 1.38329 0.398554 0.287365
v 1.38259 0.397725 0.277701
v 1.38288 0.398619 0.267991
v 1.25934 0.397797 0.286307
v 1.25918 0.398791 0.276731
v 1.25903 0.399781 0.267148
v 1.25898 0.400636 0.257546
v 1.25889 0.401643 0.246334
v 1.25882 0.402622 0.235114
v 1.25876 0.403559 0.223889
v 1.25873 0.404446 0.212659
v 1.25872 0.405288 0.201426
v 1.25874 0.406094 0.190192
v 1.25877 0.406867 0.178956
v 1.25882 0.407613 0.167721
v 1.25887 0.408341 0.156488
v 1.25891 0.40907 0.145259
v 1.25891 0.409806 0.13403
v 1.2589 0.410538 0.122792
v 1.25894 0.411195 0.111541
v 1.25921 0.411608 0.100279
v 1.25992 0.41162 0.0890565
v 1.26212 0.411671 0.06739
v 1.26319 0.411758 0.0568215
v 1.26417 0.411907 0.0462328
v 1.2651 0.412017 0.035627
v 1.26591 0.411577 0.0249849
v 1.26553 0.407962 0.0149755
v 1.32168 0.41485 0.258432
v 1.3217 0.415196 0.268117
v 1.32163 0.415348 0.277791
v 1.32144 0.415246 0.287401
v 1.3213 0.415997 0.288178
v 1.32132 0.416913 0.287569
v 1.32128 0.416383 0.27793
v 1.32124 0.416322 0.26831
v 1.32118 0.416008 0.247491
v 1.32131 0.416865 0.236279
v 1.32142 0.417598 0.225063
v 1.32152 0.418246 0.213843
v 1.32162 0.418845 0.20262
v 1.32171 0.419466 0.191398
v 1.32181 0.420112 0.180178
v 1.3219 0.421 0.168976
v 1.322 0.421932 0.157783
v 1.32209 0.420365 0.146751
v 1.32223 0.41578 0.136503
v 1.32238 0.411127 0.126263
v 1.32252 0.406852 0.115857
v 1.32265 0.40267 0.105423
v 1.32278 0.39841 0.0950297
v 1.32291 0.395065 0.0843481
v 1.31308 0.398962 0.0831611
v 1.3029 0.401744 0.0818821
v 1.29259 0.404036 0.0807074
v 1.2823 0.406227 0.0796723
v 1.27201 0.408428 0.0789227
v 1.26173 0.410843 0.0785555
v 1.26063 0.410909 0.0784699
v 1.33277 0.399136 0.0832592
v 1.34293 0.402153 0.0818775
v 1.35317 0.404681 0.0806217
v 1.36336 0.407058 0.0796459
v 1.37344 0.409841 0.0795561
v 1.38359 0.412761 0.0798509
v 1.32114 0.41492 0.287932
v 1.32076 0.413965 0.278339
v 1.32068 0.414023 0.268649
v 1.32907 0.207954 0.259524
v 1.32879 0.208796 0.269146
v 1.32881 0.20901 0.278811
v 1.32928 0.207926 0.288347
v 1.32955 0.206875 0.288594
v 1.32966 0.205937 0.288033
v 1.32957 0.206438 0.278405
v 1.32955 0.206431 0.268792
v 1.3295 0.206575 0.247979
v 1.32971 0.205757 0.236765
v 1.32989 0.205036 0.22555
v 1.33007 0.204391 0.21433
v 1.33023 0.203795 0.203108
v 1.33039 0.20318 0.191887
v 1.33055 0.202552 0.180667
v 1.33074 0.201699 0.169462
v 1.33093 0.200725 0.158272
v 1.33094 0.20191 0.147184
v 1.33071 0.206386 0.136903
v 1.33048 0.211112 0.126698
v 1.33027 0.215427 0.11631
v 1.33005 0.219642 0.10589
v 1.32984 0.223932 0.0955102
v 1.32969 0.227298 0.0848355
v 1.32961 0.207614 0.287787
v 1.32979 0.207496 0.278112
v 1.32979 0.207567 0.268386
v 1.39258 0.219319 0.0709174
v 1.39292 0.223642 0.061314
v 1.39319 0.228127 0.0517388
v 1.3931 0.23036 0.0415015
v 1.39295 0.230018 0.0310106
v 1.39372 0.228085 0.0202309
v 1.39451 0.227443 0.0198607
v 1.39849 0.219531 0.015413
v 1.39992 0.229258 0.0154616
v 1.39926 0.239815 0.0159361
v 1.39874 0.250411 0.0162097
v 1.39825 0.261019 0.0164156
v 1.39779 0.271634 0.0165535
v 1.39734 0.282253 0.0166565
v 1.3969 0.292874 0.0166948
v 1.39647 0.303495 0.0167253
v 1.39609 0.314118 0.0166633
v 1.2232 0.266939 0.278888
v 1.22345 0.356615 0.282944
v 1.22261 0.357054 0.283502
v 1.43095 0.356555 0.280471
v 1.42534 0.364439 0.284873
v 1.42612 0.365002 0.2854
v 1.21891 0.348057 0.278509
v 1.26675 0.218516 0.267348
v 1.26679 0.219537 0.276943
v 1.26715 0.22118 0.286437
v 1.42839 0.268341 0.285211
v 1.42921 0.267848 0.285741
v 1.21539 0.338601 0.281958
v 1.21446 0.338878 0.282472
v 1.33149 0.311459 0.0105912
v 1.33106 0.322189 0.0105914
v 1.33062 0.33292 0.0105914
v 1.33018 0.34365 0.0105912
v 1.32974 0.35438 0.0105914
v 1.32931 0.36511 0.0105912
v 1.32887 0.37584 0.0105925
v 1.32843 0.386571 0.0105893
v 1.32799 0.397304 0.0106127
v 1.32754 0.40741 0.013722
v 1.32629 0.412396 0.0334811
v 1.32557 0.409851 0.0439841
v 1.32486 0.406893 0.0543865
v 1.32417 0.40357 0.0646699
v 1.32352 0.399717 0.0747415
v 1.34006 0.208465 0.288002
v 1.35035 0.211368 0.288
v 1.36054 0.214595 0.287999
v 1.37062 0.218235 0.287978
v 1.38044 0.222561 0.287914
v 1.38974 0.227881 0.287792
v 1.39154 0.229149 0.287711
v 1.40049 0.235568 0.287333
v 1.40896 0.242647 0.286886
v 1.41682 0.250419 0.286342
v 1.42397 0.258835 0.285762
v 1.42983 0.267017 0.285225
v 1.43491 0.27571 0.284698
v 1.43932 0.285453 0.284188
v 1.44259 0.295645 0.283763
v 1.44453 0.306174 0.283475
v 1.33974 0.210391 0.288214
v 1.35014 0.213336 0.288175
v 1.36044 0.216609 0.288158
v 1.37058 0.220298 0.288107
v 1.38039 0.224693 0.287987
v 1.39864 0.236587 0.287466
v 1.40725 0.243704 0.286984
v 1.41521 0.251522 0.28642
v 1.42244 0.260011 0.285787
v 1.4332 0.276584 0.284684
v 1.44067 0.295926 0.283728
v 1.44261 0.306297 0.283413
v 1.33178 0.413449 0.287736
v 1.34239 0.411442 0.287678
v 1.35294 0.409104 0.287651
v 1.36339 0.406394 0.287611
v 1.3736 0.403009 0.2875
v 1.39295 0.393024 0.287003
v 1.40223 0.386805 0.286541
v 1.41091 0.379801 0.286003
v 1.41888 0.372014 0.285401
v 1.43091 0.356365 0.284375
v 1.43946 0.337702 0.283564
v 1.442 0.32738 0.283329
v 1.44314 0.316819 0.283222
v 1.33192 0.415389 0.287518
v 1.34242 0.413421 0.287509
v 1.35287 0.411122 0.2875
v 1.36323 0.408452 0.28748
v 1.37343 0.405133 0.287422
v 1.38322 0.400787 0.28731
v 1.38514 0.399707 0.287232
v 1.39469 0.394222 0.286867
v 1.40383 0.388025 0.286438
v 1.41241 0.381049 0.285917
v 1.4203 0.373318 0.285366
v 1.42683 0.36565 0.284862
v 1.43256 0.357359 0.284377
v 1.43762 0.347926 0.283926
v 1.44148 0.337939 0.283577
v 1.44398 0.327524 0.283378
v 1.44504 0.316868 0.283374
v 1.3189 0.207937 0.287687
v 1.3082 0.209061 0.28757
v 1.29763 0.210971 0.287385
v 1.28723 0.213681 0.287138
v 1.27705 0.217116 0.286821
v 1.25786 0.227232 0.28587
v 1.24915 0.234159 0.285225
v 1.24113 0.241881 0.284555
v 1.23388 0.250321 0.283888
v 1.22327 0.26699 0.282799
v 1.21589 0.286361 0.28196
v 1.21309 0.296666 0.281594
v 1.31894 0.206057 0.287962
v 1.30829 0.207157 0.287852
v 1.29775 0.209028 0.287665
v 1.28738 0.21168 0.287409
v 1.27723 0.215047 0.287098
v 1.26732 0.219129 0.286745
v 1.26531 0.220113 0.286654
v 1.25609 0.226199 0.285999
v 1.24749 0.233114 0.285305
v 1.23957 0.240793 0.284592
v 1.23239 0.249173 0.283884
v 1.22661 0.257402 0.283263
v 1.22161 0.26614 0.282682
v 1.21733 0.275949 0.282135
v 1.214 0.286097 0.281687
v 1.21123 0.296416 0.281338
v 1.20958 0.307012 0.281139
v 1.31065 0.415796 0.287506
v 1.30014 0.413739 0.287402
v 1.28981 0.410932 0.287226
v 1.27971 0.407383 0.28698
v 1.26988 0.403173 0.28668
v 1.26033 0.398325 0.286344
v 1.2584 0.397197 0.286257
v 1.24961 0.390503 0.285623
v 1.24146 0.38307 0.284947
v 1.23399 0.374951 0.284249
v 1.22727 0.366206 0.283551
v 1.2219 0.357704 0.282935
v 1.2173 0.348749 0.282359
v 1.21346 0.33876 0.281825
v 1.21079 0.328385 0.281417
v 1.20946 0.317744 0.281177
v 1.31079 0.413909 0.287321
v 1.30023 0.411825 0.28718
v 1.28986 0.408982 0.286978
v 1.27973 0.405373 0.286725
v 1.26987 0.401095 0.286413
v 1.25145 0.389589 0.285487
v 1.24318 0.382127 0.284856
v 1.23562 0.373954 0.284194
v 1.22882 0.365137 0.283527
v 1.21902 0.347981 0.28242
v 1.21269 0.328315 0.281585
v 1.21133 0.31778 0.281386
v 1.21143 0.307161 0.281393
v 1.39407 0.227764 0.019141
v 1.39093 0.220038 0.0268151
v 1.39097 0.21666 0.0368347
v 1.39159 0.215667 0.047441
v 1.39226 0.215358 0.0580955
v 1.39297 0.215138 0.0687475
v 1.39382 0.214886 0.0793943
v 1.39459 0.214888 0.0905993
v 1.39512 0.214929 0.101831
v 1.39525 0.215243 0.113093
v 1.39508 0.215917 0.124339
v 1.39485 0.216685 0.135572
v 1.39463 0.217471 0.146796
v 1.39444 0.218255 0.158017
v 1.39427 0.219035 0.16924
v 1.3941 0.219831 0.180466
v 1.39393 0.220654 0.191691
v 1.39374 0.221512 0.202915
v 1.39353 0.222416 0.214136
v 1.3933 0.223368 0.225353
v 1.39304 0.224374 0.236564
v 1.39275 0.225451 0.247766
v 1.39227 0.227216 0.268519
v 1.39194 0.228141 0.278126
v 1.39314 0.229157 0.0204592
v 1.39246 0.227793 0.0211791
v 1.38902 0.220724 0.0279988
v 1.38885 0.216901 0.0377278
v 1.38944 0.21544 0.0481132
v 1.39014 0.214893 0.0585891
v 1.39088 0.214532 0.0690653
v 1.39246 0.214399 0.0907104
v 1.39305 0.214208 0.101907
v 1.39331 0.214215 0.113149
v 1.39324 0.214717 0.124396
v 1.39306 0.21543 0.135631
v 1.39284 0.216206 0.146857
v 1.39264 0.217001 0.158077
v 1.39246 0.217798 0.1693
v 1.39228 0.218619 0.180525
v 1.39208 0.219471 0.191748
v 1.39187 0.220366 0.20297
v 1.39164 0.221315 0.214188
v 1.39137 0.222321 0.2254
v 1.39108 0.223394 0.236604
v 1.39075 0.224561 0.247796
v 1.39037 0.226102 0.268566
v 1.39006 0.227004 0.278177
v 1.26219 0.408843 0.0681684
v 1.26296 0.408196 0.057573
v 1.26394 0.408126 0.0469805
v 1.26491 0.408002 0.0364332
v 1.26573 0.407406 0.025943
v 1.2625 0.410756 0.0680108
v 1.26335 0.410073 0.057528
v 1.26418 0.410014 0.046972
v 1.26503 0.409899 0.0363776
v 1.26577 0.40928 0.0257729
v 1.27073 0.206944 0.0684059
v 1.27152 0.207718 0.0579273
v 1.27236 0.207841 0.0473735
v 1.27322 0.208006 0.0367797
v 1.27393 0.20866 0.0261739
v 1.27027 0.208825 0.068569
v 1.27099 0.209558 0.0579737
v 1.27197 0.209703 0.04738
v 1.27295 0.209886 0.036832
v 1.27374 0.210526 0.0263397
v 1.26532 0.219206 0.277069
v 1.2653 0.21825 0.267483
v 1.26541 0.216484 0.24678
v 1.26543 0.215519 0.235675
v 1.26547 0.214591 0.224565
v 1.26553 0.213717 0.21345
v 1.26561 0.212892 0.202331
v 1.26571 0.212106 0.19121
v 1.26583 0.211356 0.180088
v 1.26596 0.210633 0.168966
v 1.26609 0.209931 0.157847
v 1.26621 0.209226 0.146731
v 1.2663 0.208516 0.135617
v 1.26636 0.207795 0.124496
v 1.26643 0.207099 0.113363
v 1.2666 0.206529 0.102217
v 1.26711 0.206305 0.0910783
v 1.26797 0.206225 0.0799939
v 1.26925 0.206321 0.0689845
v 1.27042 0.206374 0.0579475
v 1.27147 0.206291 0.0468834
v 1.27243 0.206174 0.035808
v 1.27319 0.206395 0.0247087
v 1.2725 0.210076 0.0145836
v 1.26725 0.218133 0.277172
v 1.2672 0.217144 0.267589
v 1.26726 0.215294 0.246774
v 1.26728 0.21432 0.235554
v 1.26731 0.213382 0.224329
v 1.26737 0.212495 0.213099
v 1.26745 0.211656 0.201866
v 1.26755 0.210854 0.190631
v 1.26766 0.210091 0.179395
v 1.26779 0.209356 0.16816
v 1.26792 0.208642 0.156926
v 1.26803 0.207924 0.145696
v 1.26811 0.207194 0.134468
v 1.26817 0.206473 0.123232
v 1.26829 0.205855 0.111985
v 1.26861 0.20553 0.100732
v 1.26932 0.205711 0.089523
v 1.27152 0.205809 0.0678928
v 1.2726 0.205799 0.0573192
v 1.27361 0.20574 0.0467253
v 1.27456 0.205796 0.0361111
v 1.2753 0.206693 0.0254869
v 1.38408 0.409176 0.070167
v 1.38482 0.404921 0.0606767
v 1.38537 0.400392 0.0513907
v 1.38546 0.398073 0.0415277
v 1.3853 0.398292 0.0312924
v 1.38467 0.407387 0.0706421
v 1.38535 0.40301 0.0608837
v 1.38607 0.398496 0.0510346
v 1.38616 0.396379 0.0403469
v 1.38605 0.396889 0.0295087
v 1.38626 0.398568 0.0199652
v 1.38547 0.399874 0.0206825
v 1.38143 0.406645 0.0274738
v 1.38093 0.410464 0.0371926
v 1.3814 0.41199 0.0475757
v 1.38205 0.412617 0.0580496
v 1.38276 0.413066 0.068523
v 1.38433 0.413405 0.0901633
v 1.38493 0.413693 0.101355
v 1.38524 0.41382 0.112593
v 1.38525 0.413408 0.123843
v 1.38516 0.412757 0.135083
v 1.38504 0.41203 0.146314
v 1.38493 0.411281 0.157538
v 1.38483 0.410531 0.168765
v 1.38475 0.409759 0.179994
v 1.38465 0.408955 0.191222
v 1.38455 0.408107 0.202449
v 1.38442 0.407201 0.213672
v 1.38427 0.406232 0.22489
v 1.38409 0.405191 0.236101
v 1.38389 0.404049 0.247299
v 1.38367 0.402549 0.268077
v 1.38345 0.401657 0.277691
v 1.38707 0.400037 0.0186438
v 1.38328 0.407492 0.026286
v 1.38302 0.410883 0.0362983
v 1.38356 0.411946 0.046903
v 1.3842 0.412337 0.0575558
v 1.38489 0.412649 0.0682052
v 1.38572 0.413003 0.0788472
v 1.3865 0.413122 0.0900495
v 1.38707 0.413195 0.101276
v 1.38728 0.412999 0.112538
v 1.3872 0.412394 0.123788
v 1.38706 0.411675 0.135027
v 1.38693 0.410934 0.146256
v 1.38683 0.410195 0.157481
v 1.38675 0.409463 0.168707
v 1.38667 0.408718 0.179937
v 1.3866 0.407945 0.191167
v 1.38651 0.407137 0.202396
v 1.3864 0.406278 0.213622
v 1.38628 0.405369 0.224845
v 1.38613 0.404399 0.236062
v 1.38596 0.403352 0.24727
v 1.38567 0.401627 0.268032
v 1.38544 0.400713 0.277642
v 1.26014 0.399338 0.276773
v 1.25998 0.400339 0.267192
v 1.25982 0.402225 0.246379
v 1.25975 0.403203 0.235159
v 1.25969 0.404142 0.223933
v 1.25966 0.40503 0.212703
v 1.25965 0.405874 0.20147
v 1.25966 0.406684 0.190236
v 1.2597 0.407458 0.179
v 1.25975 0.408207 0.167765
v 1.2598 0.408937 0.156531
v 1.25983 0.409671 0.145302
v 1.25983 0.410412 0.134073
v 1.25983 0.411132 0.122835
v 1.2599 0.411731 0.111586
v 1.26024 0.411999 0.100333
v 1.261 0.411811 0.0891334
v 1.26318 0.411929 0.0675045
v 1.26425 0.412021 0.0569288
v 1.26524 0.412156 0.046333
v 1.26618 0.412169 0.0357171
v 1.26697 0.41133 0.0250909
v 1.2583 0.398127 0.276674
v 1.25817 0.399099 0.26709
v 1.25807 0.400903 0.246389
v 1.258 0.401871 0.235283
v 1.25794 0.402798 0.224172
v 1.25791 0.403675 0.213057
v 1.25791 0.404509 0.201938
v 1.25792 0.405306 0.190818
v 1.25796 0.406069 0.179696
v 1.25801 0.406807 0.168575
v 1.25807 0.407525 0.157456
v 1.2581 0.408244 0.14634
v 1.25812 0.408967 0.135225
v 1.25811 0.409694 0.124101
v 1.25811 0.410384 0.112967
v 1.25827 0.410924 0.101817
v 1.25882 0.411117 0.0906847
v 1.25968 0.411247 0.0796081
v 1.26095 0.411262 0.0685975
v 1.26211 0.411292 0.0575589
v 1.26314 0.411448 0.0464932
v 1.26408 0.41163 0.0354164
v 1.26485 0.411459 0.024316
v 1.26444 0.407728 0.0141967
v 1.3923 0.220332 0.0711671
v 1.39259 0.224689 0.0613847
v 1.39292 0.229215 0.051524
v 1.39284 0.231326 0.0408375
v 1.39278 0.230807 0.0300015
v 1.39186 0.218496 0.0707024
v 1.39223 0.222738 0.061187
v 1.39239 0.227266 0.0518834
v 1.39228 0.22958 0.0420188
v 1.39214 0.229347 0.0317846
v 1.38868 0.226665 0.0236896
v 1.39372 0.221779 0.0174418
v 1.38644 0.406448 0.0176457
v 1.43915 0.290781 0.281983
v 1.43769 0.34279 0.281778
v 1.21395 0.333555 0.279804
v 1.22601 0.36109 0.281285
v 1.38791 0.227561 0.264968
v 1.39192 0.229583 0.264993
v 1.26487 0.219663 0.263528
v 1.38554 0.399236 0.264508
v 1.26181 0.400381 0.263364
v 1.38349 0.224983 0.271206
v 1.39821 0.232876 0.265821
v 1.27566 0.214913 0.264871
v 1.2607 0.223527 0.269317
v 1.39024 0.396742 0.270514
v 1.37509 0.404048 0.265536
v 1.26671 0.401958 0.269622
v 1.3832 0.224215 0.265424
v 1.39446 0.231237 0.2696
v 1.26041 0.223416 0.263469
v 1.39096 0.397379 0.264759
v 1.26711 0.40277 0.263833
v 1.25563 0.395195 0.267595
v 1.42176 0.258669 0.275715
v 1.23125 0.253642 0.273468
v 1.42185 0.369126 0.275009
v 1.22945 0.366542 0.273594
v 1.40129 0.236848 0.274743
v 1.27996 0.214303 0.274089
v 1.37071 0.404966 0.274659
v 1.2492 0.388983 0.272619
v 1.42571 0.263884 0.276883
v 1.23351 0.2504 0.277926
v 1.4191 0.371854 0.279472
v 1.22595 0.361119 0.274704
v 1.43884 0.290456 0.273784
v 1.21794 0.287347 0.27163
v 1.43926 0.337177 0.272978
v 1.21461 0.33377 0.271627
v 1.37386 0.220577 0.269303
v 1.25264 0.230107 0.266683
v 1.39913 0.391239 0.268043
v 1.27641 0.406296 0.267919
v 1.42447 0.26198 0.270523
v 1.23731 0.245874 0.268658
v 1.23738 0.245709 0.280612
v 1.41527 0.376457 0.270322
v 1.41476 0.376062 0.282143
v 1.2273 0.362928 0.268368
v 1.4404 0.294921 0.277669
v 1.21889 0.280776 0.273424
v 1.43724 0.343489 0.274882
v 1.21315 0.329257 0.275518
v 1.24301 0.239228 0.274499
v 1.40911 0.382202 0.276147
v 1.23302 0.371105 0.264584
v 1.22695 0.361617 0.260596
v 1.44051 0.299557 0.26737
v 1.44178 0.300971 0.279726
v 1.21367 0.324509 0.265251
v 1.21203 0.323125 0.277619
v 1.44249 0.309895 0.27231
v 1.21221 0.313952 0.270245
v 1.38926 0.223435 0.0123472
v 1.38188 0.403921 0.0119807
v 1.4042 0.237897 0.2643
v 1.28278 0.212442 0.263736
v 1.36788 0.406226 0.264226
v 1.24707 0.387196 0.262086
v 1.41852 0.254041 0.266668
v 1.42517 0.263267 0.262847
v 1.29296 0.209883 0.268999
v 1.35744 0.408044 0.269274
v 1.2399 0.379631 0.265667
v 1.41137 0.245607 0.267975
v 1.33736 0.22278 0.0700639
v 1.33016 0.400233 0.069582
v 1.3879 0.217104 0.0170993
v 1.38003 0.409834 0.0167035
v 1.34362 0.219858 0.0596844
v 1.33442 0.403888 0.0597477
v 1.37351 0.221308 0.0127412
v 1.36601 0.404818 0.01239
v 1.34242 0.222655 0.0656779
v 1.38166 0.220331 0.0132957
v 1.37407 0.406416 0.0129363
v 1.37947 0.234941 0.0106358
v 1.37657 0.216109 0.0176729
v 1.37304 0.410415 0.0183632
v 1.36503 0.410938 0.0188366
v 1.37305 0.391635 0.0105876
v 1.37851 0.22711 0.0109719
v 1.36508 0.232709 0.0105722
v 1.371 0.228017 0.0106939
v 1.35966 0.220178 0.0125372
v 1.36798 0.216029 0.0167588
v 1.35443 0.40835 0.0150325
v 1.37574 0.399058 0.0109006
v 1.38388 0.391858 0.0114107
v 1.34223 0.212741 0.27387
v 1.34506 0.210407 0.273586
v 1.33453 0.208336 0.253586
v 1.34487 0.210889 0.24882
v 1.3374 0.208496 0.245604
v 1.34702 0.209953 0.233376
v 1.34384 0.209826 0.240843
v 1.35805 0.214109 0.242542
v 1.33823 0.207558 0.23401
v 1.35123 0.21185 0.239608
v 1.35997 0.2134 0.228391
v 1.35412 0.212029 0.232766
v 1.34993 0.209398 0.220018
v 1.34229 0.207808 0.225436
v 1.34082 0.206483 0.214659
v 1.3361 0.206478 0.22772
v 1.33726 0.206164 0.220756
v 1.35008 0.206452 0.186339
v 1.35073 0.204149 0.141552
v 1.37551 0.220255 0.273515
v 1.37556 0.21964 0.243366
v 1.38546 0.223668 0.253372
v 1.38309 0.222327 0.245551
v 1.37843 0.220912 0.251609
v 1.38174 0.221035 0.236085
v 1.37016 0.218031 0.25023
v 1.36691 0.216735 0.241624
v 1.37289 0.218123 0.234423
v 1.36203 0.214786 0.235822
v 1.37956 0.219088 0.224121
v 1.37823 0.219417 0.230647
v 1.38533 0.221318 0.229596
v 1.3714 0.216791 0.22598
v 1.37279 0.215373 0.21012
v 1.37424 0.216771 0.218178
v 1.38278 0.219018 0.215459
v 1.36282 0.212983 0.216607
v 1.38586 0.220555 0.221523
v 1.35601 0.21662 0.100273
v 1.33486 0.224494 0.0897204
v 1.34141 0.220647 0.0999925
v 1.34318 0.222306 0.0914587
v 1.34909 0.219739 0.0967627
v 1.34812 0.216935 0.106189
v 1.35699 0.219417 0.090815
v 1.37638 0.221546 0.0661867
v 1.35506 0.219708 0.0705866
v 1.34453 0.22205 0.0760647
v 1.34547 0.224297 0.076726
v 1.35608 0.224759 0.0715244
v 1.38713 0.219963 0.0767227
v 1.38211 0.225607 0.0671854
v 1.37923 0.223574 0.0751936
v 1.36697 0.228143 0.0669154
v 1.37449 0.226582 0.0693623
v 1.37536 0.229875 0.0563369
v 1.36796 0.225518 0.0757055
v 1.35641 0.227749 0.0726914
v 1.34576 0.226975 0.0775399
v 1.38654 0.215983 0.075247
v 1.37877 0.217055 0.0725708
v 1.36982 0.218691 0.0718952
v 1.38451 0.219557 0.066852
v 1.36579 0.227278 0.0644248
v 1.38265 0.226111 0.0589523
v 1.37327 0.217419 0.0569758
v 1.37691 0.215919 0.0959205
v 1.38488 0.229722 0.037844
v 1.38408 0.229885 0.0476732
v 1.38198 0.221659 0.034905
v 1.37647 0.219666 0.0449065
v 1.38686 0.215288 0.0854147
v 1.37923 0.217009 0.0880543
v 1.38515 0.215639 0.0929324
v 1.37024 0.2174 0.0897699
v 1.38378 0.214374 0.102012
v 1.36675 0.214555 0.0997898
v 1.37474 0.213375 0.104906
v 1.38597 0.214368 0.0746764
v 1.38058 0.215174 0.0649985
v 1.37805 0.214961 0.0727429
v 1.37122 0.216458 0.066242
v 1.38273 0.230913 0.0462496
v 1.35709 0.216102 0.0415021
v 1.37866 0.221632 0.0321809
v 1.36926 0.219537 0.0383539
v 1.394 0.233018 0.28288
v 1.39605 0.232051 0.282716
v 1.40473 0.23842 0.275362
v 1.39814 0.232882 0.274355
v 1.40275 0.235545 0.267083
v 1.40984 0.242517 0.267842
v 1.39753 0.230814 0.264633
v 1.39698 0.229334 0.253147
v 1.40517 0.236252 0.247494
v 1.39916 0.230544 0.244827
v 1.40587 0.236296 0.231478
v 1.40393 0.234673 0.239406
v 1.41406 0.246155 0.239892
v 1.3994 0.22993 0.232949
v 1.40926 0.240268 0.237499
v 1.41442 0.246432 0.225227
v 1.41083 0.241935 0.23023
v 1.40717 0.237194 0.217534
v 1.40196 0.231824 0.223755
v 1.41983 0.254191 0.271652
v 1.42998 0.271426 0.262315
v 1.43361 0.278915 0.263295
v 1.43185 0.27429 0.269463
v 1.43761 0.290345 0.261331
v 1.43522 0.280871 0.27426
v 1.43147 0.271274 0.27057
v 1.43944 0.290226 0.269592
v 1.44321 0.311425 0.269081
v 1.34073 0.212616 0.0184522
v 1.35042 0.215736 0.0153683
v 1.34303 0.217996 0.0130028
v 1.35052 0.224999 0.0108494
v 1.40677 0.23293 0.140269
v 1.40612 0.22863 0.0731843
v 1.40608 0.234718 0.0329922
v 1.39524 0.220061 0.0213416
v 1.40065 0.219872 0.0309568
v 1.40196 0.221518 0.0227472
v 1.40424 0.227332 0.0287874
v 1.40426 0.225795 0.0406832
v 1.40421 0.235532 0.0232861
v 1.37997 0.276221 0.0107431
v 1.35075 0.306872 0.0105917
v 1.33006 0.211949 0.0179318
v 1.32445 0.219873 0.0113083
v 1.32207 0.212879 0.0152665
v 1.30883 0.219728 0.0109525
v 1.31665 0.21772 0.0117741
v 1.31655 0.232506 0.0105854
v 1.31058 0.212101 0.0145942
v 1.3145 0.225016 0.0105729
v 1.30224 0.232415 0.0105866
v 1.30732 0.226989 0.0105743
v 1.29517 0.220698 0.010724
v 1.30153 0.213904 0.012443
v 1.29234 0.212083 0.0128016
v 1.28287 0.219674 0.0110413
v 1.28924 0.21766 0.0109904
v 1.2885 0.226371 0.0106046
v 1.28365 0.211149 0.0125841
v 1.29586 0.228266 0.0105737
v 1.29169 0.241647 0.0105791
v 1.29048 0.233929 0.0105768
v 1.28048 0.239488 0.0111628
v 1.28283 0.231917 0.0108855
v 1.27789 0.21489 0.0118343
v 1.27722 0.20783 0.0135066
v 1.34028 0.210504 0.0288626
v 1.34482 0.213016 0.0397781
v 1.34816 0.211732 0.0319957
v 1.35162 0.213534 0.0378607
v 1.34994 0.215795 0.0456292
v 1.35945 0.213624 0.032973
v 1.34148 0.214815 0.0476592
v 1.35693 0.220401 0.0498571
v 1.36309 0.216461 0.0380835
v 1.36264 0.220296 0.0447252
v 1.36778 0.2154 0.0322194
v 1.34688 0.217811 0.0527119
v 1.35529 0.223946 0.0559137
v 1.37416 0.216943 0.0307427
v 1.30538 0.220322 0.0720494
v 1.27464 0.210675 0.0744247
v 1.28488 0.214957 0.070127
v 1.27768 0.212264 0.0667212
v 1.28725 0.214646 0.0547493
v 1.28398 0.214255 0.0621252
v 1.29579 0.217611 0.0645129
v 1.27892 0.212044 0.0552931
v 1.28264 0.212573 0.044483
v 1.31475 0.222393 0.076269
v 1.32401 0.220181 0.0692713
v 1.32318 0.216562 0.0594319
v 1.28694 0.209526 0.064462
v 1.2756 0.207141 0.0740514
v 1.27887 0.208001 0.0664205
v 1.28304 0.20821 0.0727046
v 1.28081 0.20916 0.0573455
v 1.29205 0.211997 0.0537228
v 1.28736 0.210036 0.0579071
v 1.28473 0.209796 0.0497443
v 1.29481 0.211843 0.0618544
v 1.27809 0.208635 0.051084
v 1.27947 0.208995 0.0426141
v 1.29064 0.212799 0.0465384
v 1.29847 0.214958 0.0561726
v 1.30295 0.215401 0.0641305
v 1.29363 0.210859 0.0714434
v 1.281 0.210119 0.0344423
v 1.32483 0.224015 0.0897238
v 1.31473 0.2195 0.0931076
v 1.32197 0.221308 0.0971591
v 1.31293 0.214214 0.107689
v 1.31577 0.217786 0.100985
v 1.30221 0.212669 0.0974054
v 1.32153 0.217227 0.108064
v 1.30873 0.214541 0.101165
v 1.30053 0.207786 0.11074
v 1.30615 0.211206 0.107285
v 1.31056 0.208668 0.119967
v 1.31781 0.213106 0.115755
v 1.31967 0.20957 0.125961
v 1.32391 0.2154 0.114093
v 1.32301 0.212606 0.120523
v 1.31625 0.218751 0.0758081
v 1.30673 0.214752 0.06963
v 1.31565 0.219555 0.0759879
v 1.30668 0.215437 0.0737796
v 1.30984 0.210106 0.0385438
v 1.28814 0.208759 0.0272358
v 1.29772 0.20947 0.0339736
v 1.29547 0.207396 0.027109
v 1.30311 0.207615 0.0287233
v 1.28033 0.212112 0.032865
v 1.28899 0.20913 0.0556723
v 1.28455 0.208715 0.0950188
v 1.28156 0.208975 0.0322656
v 1.28232 0.207662 0.0422416
v 1.27482 0.207463 0.0843448
v 1.27684 0.20757 0.0923175
v 1.28179 0.209804 0.0867316
v 1.27816 0.205911 0.10169
v 1.29021 0.211503 0.0887924
v 1.2935 0.20955 0.0972675
v 1.28734 0.206527 0.103788
v 1.29842 0.209225 0.10334
v 1.28035 0.204097 0.113628
v 1.28178 0.205098 0.107198
v 1.27441 0.204817 0.10796
v 1.28887 0.204792 0.112148
v 1.28736 0.202516 0.127896
v 1.28588 0.203377 0.119768
v 1.27701 0.20402 0.122224
v 1.29777 0.203945 0.12191
v 1.27386 0.204694 0.116041
v 1.2762 0.206061 0.0737559
v 1.28726 0.207911 0.0695599
v 1.27973 0.206346 0.0660955
v 1.2859 0.207718 0.062257
v 1.29659 0.211219 0.0639009
v 1.28087 0.206562 0.0553924
v 1.28504 0.208099 0.0492958
v 1.29258 0.211845 0.0484652
v 1.28914 0.211391 0.0414223
v 1.31073 0.201468 0.174813
v 1.3101 0.203547 0.219737
v 1.31377 0.204338 0.243424
v 1.32424 0.205616 0.253569
v 1.32171 0.20487 0.245718
v 1.31678 0.204611 0.25171
v 1.32019 0.204323 0.236216
v 1.30805 0.204868 0.250186
v 1.29899 0.205474 0.236583
v 1.3054 0.204778 0.242113
v 1.31088 0.204034 0.234392
v 1.29536 0.206857 0.247517
v 1.31725 0.20376 0.226701
v 1.31587 0.206745 0.273272
v 1.31554 0.205716 0.273529
v 1.29257 0.209276 0.273147
v 1.27229 0.214083 0.252544
v 1.28244 0.210425 0.248114
v 1.275 0.212569 0.244645
v 1.28428 0.208776 0.232726
v 1.28126 0.210197 0.240103
v 1.28858 0.208282 0.243179
v 1.27557 0.211437 0.233078
v 1.2792 0.209358 0.220686
v 1.2796 0.209762 0.227642
v 1.28841 0.207053 0.223788
v 1.26342 0.219244 0.0291526
v 1.26911 0.208209 0.0189202
v 1.26648 0.217293 0.0201579
v 1.26657 0.211224 0.026907
v 1.26515 0.2129 0.0367689
v 1.31312 0.294587 0.0105915
v 1.25768 0.281552 0.0298901
v 1.21794 0.301962 0.233876
v 1.25221 0.228698 0.217787
v 1.32961 0.209427 0.0282106
v 1.31908 0.208989 0.0322163
v 1.32644 0.210218 0.0357943
v 1.31885 0.211129 0.0414764
v 1.3111 0.21363 0.048965
v 1.32618 0.211992 0.0431368
v 1.32042 0.213704 0.0504239
v 1.31473 0.216021 0.0561372
v 1.32763 0.213933 0.0499496
v 1.317 0.218368 0.0624889
v 1.26148 0.220798 0.251987
v 1.25757 0.223974 0.240525
v 1.25541 0.226269 0.248732
v 1.24627 0.235485 0.239064
v 1.25169 0.229791 0.242069
v 1.25298 0.228217 0.229996
v 1.24689 0.23463 0.24807
v 1.23965 0.243025 0.244796
v 1.25436 0.227405 0.271418
v 1.26116 0.221403 0.262345
v 1.25576 0.226058 0.26431
v 1.2599 0.222871 0.269533
v 1.24894 0.232075 0.265661
v 1.25879 0.224179 0.277532
v 1.24749 0.233432 0.275386
v 1.25267 0.228917 0.279378
v 1.23696 0.24463 0.269854
v 1.26225 0.223306 0.281409
v 1.25524 0.228127 0.276287
v 1.22547 0.261615 0.268645
v 1.21814 0.280848 0.267619
v 1.2259 0.262381 0.2729
v 1.22247 0.269703 0.27107
v 1.22382 0.268648 0.262388
v 1.23201 0.253545 0.260975
v 1.22079 0.281398 0.259742
v 1.21824 0.290598 0.262231
v 1.21258 0.301754 0.266953
v 1.43607 0.342961 0.261125
v 1.43915 0.333925 0.263614
v 1.43305 0.352389 0.273992
v 1.43019 0.356524 0.265406
v 1.42898 0.359428 0.273008
v 1.42141 0.369323 0.262505
v 1.44108 0.332883 0.269088
v 1.43715 0.332579 0.235774
v 1.43365 0.352835 0.269806
v 1.42275 0.369625 0.270707
v 1.39923 0.391975 0.27225
v 1.41448 0.378518 0.237402
v 1.39922 0.394003 0.241536
v 1.38992 0.397259 0.282242
v 1.39208 0.396593 0.273881
v 1.39589 0.393691 0.279552
v 1.39504 0.395703 0.266256
v 1.4012 0.391226 0.264798
v 1.40774 0.385544 0.264061
v 1.41558 0.377678 0.266854
v 1.39053 0.399895 0.252659
v 1.39274 0.398879 0.244411
v 1.3968 0.395683 0.250404
v 1.3939 0.398583 0.23469
v 1.40026 0.398353 0.106094
v 1.37737 0.339926 0.0107496
v 1.31093 0.348239 0.0105914
v 1.40267 0.373084 0.0321911
v 1.30962 0.380431 0.0105932
v 1.396 0.404277 0.0300244
v 1.38825 0.407339 0.0211069
v 1.39429 0.406904 0.0221957
v 1.38996 0.410011 0.0272963
v 1.39726 0.398086 0.0231713
v 1.40127 0.389789 0.0378815
v 1.39905 0.396019 0.0317551
v 1.39912 0.386981 0.0249672
v 1.3971 0.403158 0.0465079
v 1.39769 0.40167 0.0380524
v 1.39147 0.408856 0.0406435
v 1.39222 0.408823 0.033686
v 1.36362 0.407566 0.0343494
v 1.37393 0.405475 0.0289543
v 1.35797 0.409566 0.273064
v 1.37854 0.404452 0.252879
v 1.36826 0.407275 0.248199
v 1.3759 0.40557 0.24491
v 1.36659 0.408551 0.232728
v 1.36954 0.407326 0.240185
v 1.35503 0.410359 0.242024
v 1.37553 0.40671 0.23331
v 1.36206 0.409042 0.239016
v 1.35354 0.411824 0.227883
v 1.35936 0.410159 0.232191
v 1.36419 0.410434 0.219391
v 1.37173 0.408303 0.22475
v 1.37363 0.409109 0.213981
v 1.37792 0.406954 0.227025
v 1.377 0.407831 0.220065
v 1.36523 0.413641 0.185734
v 1.36576 0.417318 0.140883
v 1.33669 0.411065 0.273428
v 1.33706 0.413859 0.2731
v 1.33698 0.413705 0.243018
v 1.32638 0.414802 0.253102
v 1.32909 0.414909 0.245262
v 1.33383 0.413625 0.251267
v 1.33085 0.415506 0.235793
v 1.34248 0.412211 0.249813
v 1.34596 0.412183 0.241194
v 1.34002 0.413994 0.234066
v 1.35115 0.411626 0.235342
v 1.33358 0.416163 0.223809
v 1.33468 0.415371 0.230335
v 1.32743 0.416608 0.229299
v 1.3419 0.414481 0.225608
v 1.34116 0.416134 0.209733
v 1.33932 0.415733 0.217819
v 1.33062 0.417301 0.215137
v 1.35114 0.413571 0.216125
v 1.32722 0.417267 0.221212
v 1.36526 0.41353 0.107497
v 1.37883 0.412002 0.0848798
v 1.37339 0.411158 0.0963736
v 1.37095 0.409561 0.0879903
v 1.36015 0.409895 0.0956994
v 1.36695 0.409821 0.0937806
v 1.36763 0.411691 0.100825
v 1.36166 0.40785 0.0880469
v 1.37608 0.413486 0.105546
v 1.35226 0.406291 0.0908448
v 1.36699 0.410212 0.0644676
v 1.3711 0.407594 0.0434592
v 1.37785 0.412776 0.0741399
v 1.36991 0.411478 0.0721181
v 1.37542 0.412222 0.0670316
v 1.36082 0.409325 0.0714263
v 1.35624 0.405923 0.0606463
v 1.36062 0.408495 0.0648714
v 1.35306 0.406661 0.0686389
v 1.36369 0.407981 0.0568056
v 1.35515 0.407755 0.0750867
v 1.34661 0.405453 0.074778
v 1.34963 0.403196 0.0629365
v 1.35807 0.403947 0.0533206
v 1.36475 0.406056 0.0487215
v 1.37276 0.410871 0.0568796
v 1.33892 0.402114 0.0747828
v 1.37372 0.396948 0.048659
v 1.3781 0.397362 0.0373586
v 1.37458 0.405052 0.0344529
v 1.37605 0.39602 0.0457606
v 1.34211 0.410221 0.039493
v 1.34937 0.400557 0.0712468
v 1.33843 0.399261 0.0763228
v 1.32783 0.398264 0.0892319
v 1.3381 0.4022 0.0927836
v 1.33071 0.400817 0.0967211
v 1.33998 0.407389 0.107384
v 1.33704 0.403992 0.100637
v 1.34541 0.405891 0.0970984
v 1.33123 0.404832 0.107641
v 1.33473 0.410232 0.119028
v 1.33525 0.407793 0.112507
v 1.34394 0.411769 0.115458
v 1.36894 0.404726 0.0656955
v 1.36091 0.397816 0.0675468
v 1.37947 0.407352 0.0761778
v 1.37008 0.40175 0.0730309
v 1.37741 0.403169 0.0690208
v 1.3702 0.398524 0.0631582
v 1.34894 0.397114 0.0734078
v 1.33888 0.396764 0.0770389
v 1.37855 0.411231 0.074695
v 1.37634 0.407919 0.0674415
v 1.37606 0.402372 0.0602317
v 1.36972 0.409397 0.0724106
v 1.36608 0.397484 0.0575261
v 1.3602 0.406024 0.0709932
v 1.38801 0.396132 0.282411
v 1.39568 0.392212 0.277517
v 1.25522 0.346095 0.0297933
v 1.27983 0.400729 0.0108007
v 1.25709 0.399921 0.025546
v 1.26891 0.409993 0.0137492
v 1.27171 0.403086 0.0113754
v 1.27633 0.40896 0.0129256
v 1.27342 0.393781 0.0110699
v 1.2889 0.385876 0.0105868
v 1.28226 0.392022 0.0105781
v 1.27578 0.382587 0.0108608
v 1.29649 0.400707 0.0107756
v 1.28816 0.398373 0.0106164
v 1.2943 0.392474 0.010575
v 1.28987 0.407937 0.0129877
v 1.29921 0.382952 0.0105938
v 1.30743 0.393413 0.0105737
v 1.28297 0.406801 0.0122707
v 1.30071 0.395189 0.0105855
v 1.30668 0.403986 0.011666
v 1.26077 0.409385 0.0185537
v 1.21225 0.323324 0.266977
v 1.24618 0.389081 0.195206
v 1.32131 0.413127 0.0278046
v 1.315 0.411355 0.0380754
v 1.31301 0.412953 0.0299264
v 1.29927 0.410742 0.0372679
v 1.30721 0.411766 0.0355659
v 1.30697 0.407724 0.0489979
v 1.30141 0.412883 0.0290161
v 1.30922 0.410015 0.042402
v 1.31707 0.409183 0.0463946
v 1.29038 0.411731 0.0305169
v 1.24548 0.387103 0.228522
v 1.32196 0.410706 0.0175367
v 1.31367 0.408766 0.0146078
v 1.32022 0.405429 0.0123775
v 1.33265 0.410829 0.0181079
v 1.33847 0.402951 0.0117543
v 1.34084 0.409586 0.0161659
v 1.34698 0.404769 0.0123111
v 1.34614 0.388933 0.0105823
v 1.35656 0.397753 0.0106553
v 1.3443 0.397095 0.0106529
v 1.33612 0.394984 0.0105862
v 1.21702 0.343854 0.267841
v 1.22565 0.36218 0.268829
v 1.21758 0.343573 0.272037
v 1.22078 0.351145 0.271001
v 1.22114 0.350301 0.262241
v 1.21615 0.333751 0.259207
v 1.23843 0.379566 0.270203
v 1.2541 0.394152 0.281144
v 1.24643 0.387723 0.274298
v 1.25254 0.393287 0.273004
v 1.24836 0.389817 0.265519
v 1.25344 0.394808 0.263142
v 1.24335 0.384837 0.268091
v 1.23958 0.380715 0.262465
v 1.23354 0.373455 0.264529
v 1.25447 0.396316 0.2516
v 1.2471 0.388651 0.24562
v 1.25269 0.394861 0.24322
v 1.24831 0.390193 0.236668
v 1.23968 0.379854 0.238427
v 1.25211 0.395178 0.228308
v 1.24373 0.384835 0.235138
v 1.23894 0.37868 0.22784
v 1.25556 0.393804 0.281021
v 1.27995 0.410283 0.0268034
v 1.33204 0.412942 0.028446
v 1.33997 0.412339 0.0315387
v 1.33359 0.411695 0.0358614
v 1.3493 0.411291 0.0332857
v 1.27243 0.406327 0.0324563
v 1.27655 0.405635 0.0436607
v 1.27603 0.410166 0.0420777
v 1.27953 0.410827 0.0638296
v 1.26662 0.410454 0.0839518
v 1.2766 0.40846 0.0894569
v 1.26876 0.410338 0.0920916
v 1.27782 0.412483 0.104507
v 1.27502 0.410493 0.0971615
v 1.28977 0.408677 0.0964114
v 1.26875 0.412517 0.103502
v 1.28261 0.410525 0.0987059
v 1.29088 0.412335 0.110191
v 1.28516 0.412136 0.105492
v 1.27988 0.415184 0.117752
v 1.27236 0.414024 0.112118
v 1.27023 0.414548 0.122836
v 1.26616 0.41317 0.109641
v 1.26696 0.413626 0.116636
v 1.26786 0.411903 0.0733376
v 1.2714 0.411992 0.0656959
v 1.27538 0.411347 0.0721391
v 1.27361 0.411736 0.056523
v 1.28477 0.408344 0.0530353
v 1.28003 0.410338 0.0572106
v 1.27745 0.410587 0.0497919
v 1.28743 0.408586 0.061256
v 1.28268 0.407834 0.0449779
v 1.29143 0.405991 0.0554548
v 1.29587 0.405824 0.0634859
v 1.28615 0.409489 0.0709291
v 1.27514 0.40874 0.0425319
v 1.2725 0.408268 0.0323854
v 1.2734 0.409557 0.0318603
v 1.31664 0.40175 0.0688121
v 1.31202 0.405013 0.0588864
v 1.29692 0.400368 0.0701592
v 1.27777 0.403959 0.064387
v 1.30759 0.398735 0.0758051
v 1.26674 0.407482 0.0739694
v 1.26985 0.405999 0.066309
v 1.27374 0.404822 0.072731
v 1.27205 0.405896 0.0571416
v 1.28351 0.403654 0.053543
v 1.27844 0.404305 0.0577799
v 1.27596 0.405433 0.0509669
v 1.28587 0.402624 0.0617758
v 1.29047 0.402287 0.0558611
v 1.29357 0.401448 0.0630834
v 1.28834 0.401611 0.0700437
v 1.28097 0.403013 0.0712102
v 1.2874 0.407865 0.0641471
v 1.30881 0.402518 0.07536
v 1.29954 0.405951 0.0732173
v 1.30828 0.401675 0.075538
v 1.29842 0.404813 0.0693699
v 1.30713 0.40291 0.0978164
v 1.26737 0.41085 0.0736537
v 1.27792 0.410068 0.0697543
v 1.27053 0.410371 0.0661644
v 1.27829 0.40916 0.0596148
v 1.31778 0.397898 0.0892511
v 1.31488 0.400318 0.0965599
v 1.31052 0.400326 0.0901245
v 1.31308 0.403757 0.105378
v 1.30208 0.402886 0.0904948
v 1.2985 0.406247 0.0983696
v 1.3041 0.406594 0.105981
v 1.29341 0.409644 0.103273
v 1.31036 0.40847 0.116414
v 1.30929 0.406421 0.110159
v 1.31649 0.405572 0.111724
v 1.30223 0.409916 0.113774
v 1.30283 0.415047 0.128881
v 1.30469 0.411843 0.121456
v 1.31328 0.411141 0.124761
v 1.29303 0.415122 0.121784
v 1.3167 0.408526 0.119285
v 1.27849 0.414501 0.173899
v 1.27828 0.411703 0.218839
v 1.27458 0.408636 0.242367
v 1.26477 0.403797 0.252137
v 1.26719 0.405457 0.244375
v 1.27174 0.406847 0.250532
v 1.26867 0.406867 0.234934
v 1.27989 0.41014 0.249331
v 1.28871 0.413921 0.236092
v 1.28246 0.411642 0.241371
v 1.27737 0.410362 0.233451
v 1.29217 0.414245 0.24717
v 1.27149 0.40874 0.225532
v 1.27293 0.405535 0.272383
v 1.29488 0.413238 0.272914
v 1.31587 0.416451 0.253085
v 1.30528 0.416713 0.248282
v 1.31312 0.416994 0.245091
v 1.30358 0.417081 0.232815
v 1.30661 0.41708 0.240311
v 1.29901 0.416029 0.243104
v 1.31265 0.41753 0.233503
v 1.30902 0.417939 0.22097
v 1.3085 0.417654 0.227912
v 1.29948 0.416885 0.223714
v 1.29534 0.412337 0.272669
v 1.38269 0.225224 0.279731
v 1.26748 0.40136 0.278164
v 1.41866 0.25554 0.281482
v 1.41324 0.248527 0.277222
v 1.23207 0.370014 0.279341
v 1.23753 0.376983 0.274937
v 1.40286 0.239815 0.281816
v 1.40758 0.242503 0.275321
v 1.28201 0.21446 0.281536
v 1.28805 0.211839 0.275887
v 1.29734 0.209553 0.277715
v 1.36854 0.404941 0.282067
v 1.3624 0.406773 0.276266
v 1.35294 0.408383 0.277929
v 1.24708 0.386597 0.279774
v 1.24312 0.383095 0.273137
v 1.2153 0.291565 0.276945
v 1.21315 0.301692 0.270307
v 1.2154 0.294368 0.269747
v 1.21498 0.298835 0.262063
v 1.2133 0.307836 0.26335
v 1.2134 0.316445 0.261912
v 1.44091 0.332694 0.278492
v 1.44225 0.322238 0.272032
v 1.44096 0.329829 0.271263
v 1.44087 0.325096 0.263565
v 1.44182 0.315899 0.265099
v 1.44132 0.307433 0.264183
v 1.37507 0.220775 0.262937
v 1.36544 0.218447 0.277494
v 1.36492 0.217725 0.267288
v 1.25351 0.229322 0.260236
v 1.24533 0.237004 0.264702
v 1.39859 0.392378 0.261618
v 1.40692 0.384843 0.266131
v 1.27521 0.406374 0.261542
v 1.28517 0.409762 0.266088
v 1.23825 0.245043 0.260923
v 1.41457 0.377291 0.262497
v 1.24496 0.237483 0.280892
v 1.24897 0.233413 0.274779
v 1.40662 0.38371 0.282355
v 1.40264 0.387654 0.275961
v 1.23301 0.370762 0.258217
v 1.43991 0.300722 0.259973
v 1.21454 0.323193 0.257917
v 1.44303 0.311489 0.278981
v 1.21149 0.312474 0.276991
v 1.39634 0.223772 0.0129118
v 1.39244 0.231321 0.0121686
v 1.3852 0.230281 0.011126
v 1.38768 0.239251 0.0113013
v 1.376 0.251717 0.0105759
v 1.38009 0.243824 0.0106454
v 1.38893 0.250066 0.0117138
v 1.36902 0.243084 0.0105883
v 1.38892 0.404183 0.0125799
v 1.29299 0.209374 0.262416
v 1.29928 0.208152 0.265845
v 1.35746 0.408382 0.262687
v 1.35103 0.409189 0.266015
v 1.23975 0.379305 0.259154
v 1.41174 0.245623 0.261441
v 1.33672 0.218125 0.0601739
v 1.32804 0.404972 0.0596757
v 1.33164 0.40649 0.0541216
v 1.34382 0.405118 0.0516411
v 1.33986 0.399952 0.062779
v 1.37607 0.371788 0.0106134
v 1.35076 0.242379 0.0105949
v 1.36038 0.214707 0.0179704
v 1.35415 0.41169 0.0205665
v 1.34803 0.410332 0.0173111
v 1.38654 0.382834 0.0121373
v 1.38587 0.372862 0.0120544
v 1.3899 0.393585 0.0132052
v 1.38545 0.398324 0.0117846
v 1.33469 0.210677 0.273931
v 1.33571 0.210544 0.266321
v 1.33858 0.211481 0.280606
v 1.34336 0.212627 0.266009
v 1.34649 0.213558 0.280825
v 1.35361 0.215373 0.271428
v 1.355 0.215766 0.281256
v 1.3452 0.209931 0.281768
v 1.35539 0.213159 0.278084
v 1.3379 0.208199 0.277683
v 1.3379 0.208635 0.269076
v 1.34488 0.210961 0.265408
v 1.35269 0.212916 0.269491
v 1.36428 0.216295 0.2705
v 1.34478 0.211238 0.255361
v 1.35098 0.212767 0.252072
v 1.33571 0.204995 0.208749
v 1.34866 0.207386 0.202301
v 1.33941 0.205076 0.199537
v 1.34307 0.206438 0.207382
v 1.35111 0.208828 0.210979
v 1.3559 0.210766 0.216097
v 1.36033 0.211104 0.20667
v 1.37342 0.211972 0.175047
v 1.35053 0.204492 0.163937
v 1.34286 0.20401 0.175123
v 1.33955 0.204255 0.186324
v 1.37416 0.209011 0.130175
v 1.34289 0.208171 0.131294
v 1.33999 0.203925 0.141759
v 1.37553 0.220326 0.281717
v 1.38281 0.223764 0.280186
v 1.3686 0.217631 0.277652
v 1.37557 0.219969 0.265316
v 1.38245 0.222991 0.269357
v 1.37938 0.216044 0.197419
v 1.33436 0.22168 0.100563
v 1.33807 0.218706 0.10721
v 1.35009 0.221189 0.0897197
v 1.35078 0.223549 0.06668
v 1.35747 0.221289 0.0632708
v 1.36313 0.21783 0.0685753
v 1.36544 0.218984 0.0603087
v 1.3688 0.216169 0.0735644
v 1.36714 0.221402 0.0518048
v 1.35435 0.218814 0.0775851
v 1.35166 0.227433 0.0677091
v 1.35839 0.22774 0.0656601
v 1.35495 0.220277 0.0770252
v 1.36204 0.21997 0.0732377
v 1.3885 0.223508 0.0665514
v 1.38539 0.226882 0.0605023
v 1.3608 0.229037 0.0614338
v 1.36825 0.229568 0.0593787
v 1.35156 0.228365 0.067869
v 1.35583 0.225213 0.0793204
v 1.37094 0.228856 0.0554719
v 1.38205 0.215951 0.0539367
v 1.38261 0.216859 0.046921
v 1.38608 0.228433 0.0537356
v 1.37843 0.229222 0.0536664
v 1.37638 0.229167 0.0460843
v 1.37298 0.224245 0.0417867
v 1.3635 0.218858 0.0878602
v 1.36141 0.216735 0.0956726
v 1.36114 0.210588 0.115726
v 1.38248 0.21205 0.112718
v 1.38688 0.214737 0.0640853
v 1.38926 0.23093 0.0462626
v 1.38593 0.231073 0.0400465
v 1.38605 0.230009 0.0523721
v 1.37541 0.229874 0.0447124
v 1.37157 0.225068 0.0408549
v 1.39568 0.233004 0.276181
v 1.40474 0.238825 0.282514
v 1.41039 0.243878 0.2786
v 1.41267 0.245206 0.262071
v 1.4151 0.248395 0.268925
v 1.41579 0.249543 0.2768
v 1.41909 0.253053 0.263819
v 1.4248 0.260784 0.266178
v 1.4208 0.255147 0.279476
v 1.42647 0.262731 0.277245
v 1.40522 0.236629 0.254301
v 1.40977 0.241358 0.250583
v 1.41913 0.253177 0.247276
v 1.4329 0.279971 0.237469
v 1.40683 0.235487 0.185162
v 1.40161 0.230441 0.208001
v 1.39739 0.226875 0.219495
v 1.39779 0.227885 0.226924
v 1.43093 0.271985 0.276063
v 1.43899 0.29296 0.26746
v 1.43628 0.280481 0.274698
v 1.43097 0.271101 0.262566
v 1.4347 0.278377 0.266183
v 1.43202 0.271211 0.27863
v 1.44047 0.290468 0.277734
v 1.44251 0.300851 0.273823
v 1.43862 0.290163 0.261447
v 1.44103 0.298131 0.265246
v 1.44243 0.304529 0.267838
v 1.4422 0.309275 0.261714
v 1.44253 0.317852 0.263245
v 1.44357 0.321465 0.273529
v 1.44429 0.311475 0.277204
v 1.35145 0.212582 0.0207606
v 1.35823 0.228025 0.0106148
v 1.35734 0.23668 0.0105859
v 1.35976 0.246113 0.0105938
v 1.349 0.233704 0.0105755
v 1.34261 0.239518 0.0105926
v 1.34288 0.22813 0.0105685
v 1.34374 0.249316 0.0105928
v 1.40228 0.227461 0.151851
v 1.40682 0.231011 0.106589
v 1.40267 0.225921 0.129411
v 1.40054 0.224178 0.140778
v 1.40748 0.277296 0.0323066
v 1.4019 0.222259 0.0628552
v 1.40027 0.22032 0.073652
v 1.39471 0.217324 0.0313582
v 1.39802 0.218356 0.037822
v 1.40643 0.249566 0.0291782
v 1.40335 0.228508 0.0216637
v 1.38664 0.287139 0.0117162
v 1.35206 0.274679 0.0105913
v 1.38751 0.265904 0.0116122
v 1.38994 0.276641 0.0125372
v 1.34047 0.306451 0.0105913
v 1.37867 0.308075 0.0107724
v 1.34987 0.328333 0.0105916
v 1.33117 0.22015 0.0114243
v 1.32753 0.226701 0.0105831
v 1.32409 0.241291 0.0105926
v 1.29833 0.209137 0.0163885
v 1.31444 0.262394 0.0105913
v 1.28847 0.261346 0.0106248
v 1.27931 0.250236 0.0114598
v 1.27427 0.239284 0.0129714
v 1.27621 0.228614 0.0121956
v 1.3381 0.212115 0.0394146
v 1.30487 0.219852 0.0786344
v 1.29863 0.218789 0.0747693
v 1.30952 0.220671 0.0662106
v 1.30302 0.218959 0.0628565
v 1.29803 0.217575 0.056892
v 1.29477 0.216492 0.0496548
v 1.28944 0.214867 0.0450913
v 1.28452 0.214072 0.0766995
v 1.29096 0.216705 0.0740478
v 1.27806 0.211323 0.0488975
v 1.27656 0.210701 0.0424008
v 1.31526 0.220209 0.0866056
v 1.309 0.217881 0.0891215
v 1.31359 0.201613 0.141355
v 1.32499 0.208306 0.131735
v 1.31643 0.205516 0.13354
v 1.32277 0.204545 0.138937
v 1.30406 0.202449 0.132925
v 1.31036 0.202999 0.135497
v 1.31058 0.205842 0.127736
v 1.30417 0.200545 0.14227
v 1.30484 0.205384 0.123206
v 1.3107 0.218457 0.0655626
v 1.30482 0.215494 0.0627141
v 1.29952 0.213915 0.0568114
v 1.30691 0.21473 0.0769981
v 1.29982 0.211797 0.0734545
v 1.29986 0.213047 0.0745736
v 1.30932 0.218287 0.0673009
v 1.30287 0.212997 0.0438282
v 1.29319 0.213322 0.0369171
v 1.28067 0.203714 0.140466
v 1.28636 0.208692 0.0761104
v 1.293 0.209799 0.0738229
v 1.31849 0.200573 0.163718
v 1.28708 0.203787 0.163094
v 1.31815 0.202022 0.186148
v 1.32149 0.201499 0.174967
v 1.31784 0.203071 0.208602
v 1.32531 0.204666 0.231131
v 1.29265 0.207898 0.254024
v 1.32306 0.203874 0.219886
v 1.32328 0.203577 0.212929
v 1.31647 0.203368 0.2159
v 1.30901 0.203219 0.210725
v 1.29818 0.204603 0.21658
v 1.31045 0.202575 0.197272
v 1.31212 0.202858 0.204255
v 1.32089 0.202724 0.198681
v 1.30149 0.203513 0.203093
v 1.32368 0.206961 0.273267
v 1.32261 0.20719 0.280927
v 1.3198 0.206289 0.266582
v 1.31475 0.207412 0.281048
v 1.3117 0.206405 0.266323
v 1.30663 0.207693 0.275896
v 1.32339 0.205825 0.273579
v 1.32245 0.205349 0.265987
v 1.31946 0.205845 0.280242
v 1.31451 0.20519 0.265687
v 1.31135 0.20634 0.280416
v 1.30396 0.206661 0.27093
v 1.30301 0.207597 0.281222
v 1.29547 0.209104 0.280295
v 1.28763 0.211137 0.279314
v 1.28189 0.212127 0.269107
v 1.29259 0.208628 0.264972
v 1.2824 0.210879 0.254656
v 1.29131 0.207084 0.235875
v 1.29573 0.205626 0.228425
v 1.30387 0.204418 0.229876
v 1.27215 0.211396 0.218863
v 1.27814 0.208777 0.208408
v 1.26076 0.238603 0.0299577
v 1.26519 0.228077 0.0215441
v 1.26852 0.208576 0.0410243
v 1.26235 0.216678 0.0486733
v 1.26601 0.210769 0.0472794
v 1.26445 0.212049 0.0556464
v 1.25829 0.22548 0.0612375
v 1.26057 0.219286 0.0562966
v 1.25846 0.231253 0.047136
v 1.26126 0.215572 0.0681614
v 1.25878 0.226419 0.053394
v 1.25566 0.239588 0.0587437
v 1.25709 0.2322 0.0579572
v 1.25529 0.234252 0.0716165
v 1.3208 0.284151 0.0105914
v 1.32339 0.295006 0.0105912
v 1.31224 0.316047 0.0105914
v 1.28715 0.293534 0.0106275
v 1.25894 0.260059 0.0299943
v 1.26291 0.281781 0.021094
v 1.25668 0.30306 0.0298436
v 1.21641 0.301929 0.244076
v 1.22248 0.280929 0.234471
v 1.21868 0.33409 0.234117
v 1.25936 0.220819 0.218446
v 1.25291 0.227512 0.195575
v 1.31912 0.208451 0.0257837
v 1.31241 0.208068 0.0290036
v 1.30768 0.217021 0.0538213
v 1.26252 0.219062 0.240959
v 1.26013 0.220982 0.233718
v 1.23829 0.244205 0.251392
v 1.23403 0.250692 0.245807
v 1.24249 0.239312 0.249385
v 1.24378 0.236801 0.280445
v 1.24197 0.238876 0.272786
v 1.24133 0.239785 0.26433
v 1.23649 0.245569 0.262091
v 1.2311 0.252948 0.262322
v 1.22719 0.259488 0.261526
v 1.22332 0.267173 0.262398
v 1.22071 0.271012 0.272605
v 1.23644 0.244864 0.278089
v 1.23052 0.252936 0.273331
v 1.25333 0.230166 0.282219
v 1.22478 0.26174 0.276681
v 1.2194 0.280918 0.259535
v 1.21586 0.291296 0.263059
v 1.22054 0.274402 0.263803
v 1.21675 0.281121 0.275721
v 1.21542 0.28825 0.271068
v 1.23323 0.25122 0.267334
v 1.21375 0.301793 0.258826
v 1.21223 0.312537 0.262603
v 1.21145 0.301783 0.275078
v 1.21308 0.294516 0.274389
v 1.21116 0.309578 0.270857
v 1.42662 0.362041 0.262038
v 1.41981 0.371506 0.268848
v 1.44014 0.332809 0.260945
v 1.44167 0.32537 0.261994
v 1.43754 0.34307 0.265278
v 1.44218 0.332704 0.277231
v 1.4391 0.341794 0.27488
v 1.43831 0.332657 0.246064
v 1.43068 0.352716 0.237685
v 1.40054 0.395424 0.162233
v 1.43909 0.311149 0.235873
v 1.43295 0.352825 0.261746
v 1.42841 0.361578 0.266201
v 1.4346 0.352655 0.277938
v 1.42958 0.360745 0.275793
v 1.42236 0.369798 0.262633
v 1.42324 0.369592 0.278774
v 1.41649 0.37679 0.276785
v 1.40782 0.384852 0.275859
v 1.42121 0.37 0.244424
v 1.41487 0.378201 0.247887
v 1.40118 0.393289 0.207143
v 1.39006 0.3994 0.26308
v 1.41538 0.377862 0.260343
v 1.38965 0.40221 0.230272
v 1.39563 0.397958 0.219416
v 1.39523 0.397921 0.227121
v 1.40544 0.388634 0.22376
v 1.40083 0.392863 0.232492
v 1.40014 0.393775 0.2235
v 1.40098 0.393242 0.21535
v 1.40719 0.386687 0.23915
v 1.39584 0.398194 0.211143
v 1.41043 0.383099 0.211422
v 1.39493 0.399601 0.199636
v 1.40547 0.388747 0.21133
v 1.4081 0.385837 0.198724
v 1.39402 0.407093 0.106564
v 1.39994 0.399223 0.0836046
v 1.40042 0.39724 0.128557
v 1.38489 0.329598 0.0117797
v 1.38734 0.340334 0.0124951
v 1.2854 0.336446 0.0106526
v 1.31861 0.337804 0.0105914
v 1.3212 0.348658 0.0105912
v 1.39923 0.372859 0.0226506
v 1.40446 0.351838 0.0320865
v 1.3173 0.369995 0.0105912
v 1.31989 0.380849 0.0105926
v 1.39663 0.383344 0.0193138
v 1.3997 0.379761 0.0247827
v 1.40149 0.383302 0.0323226
v 1.40423 0.378226 0.0448949
v 1.40273 0.382836 0.0394678
v 1.40267 0.388896 0.0495089
v 1.39645 0.404074 0.062188
v 1.39132 0.40888 0.0518462
v 1.36443 0.410473 0.0284401
v 1.35772 0.410682 0.031454
v 1.35511 0.406618 0.0415216
v 1.3638 0.402325 0.039819
v 1.35792 0.409459 0.264864
v 1.36831 0.407028 0.268507
v 1.34748 0.41158 0.268994
v 1.35806 0.409841 0.281258
v 1.34884 0.411889 0.278649
v 1.36577 0.407587 0.277134
v 1.37473 0.404744 0.275219
v 1.36829 0.407254 0.254755
v 1.36205 0.408659 0.251511
v 1.37894 0.408682 0.208075
v 1.36615 0.411924 0.201677
v 1.37552 0.410233 0.198873
v 1.37162 0.410267 0.206722
v 1.36335 0.411607 0.210368
v 1.35825 0.412124 0.215533
v 1.35412 0.413986 0.206151
v 1.34173 0.418899 0.174623
v 1.36548 0.415583 0.163312
v 1.37277 0.412965 0.174473
v 1.37574 0.411353 0.185668
v 1.3732 0.416006 0.129589
v 1.37623 0.414797 0.140794
v 1.34197 0.419915 0.141059
v 1.33684 0.411461 0.28162
v 1.34487 0.409779 0.279811
v 1.32924 0.412464 0.277591
v 1.32935 0.412483 0.268791
v 1.33664 0.411448 0.265283
v 1.34361 0.410067 0.26925
v 1.33716 0.414363 0.281281
v 1.32919 0.415608 0.279835
v 1.33694 0.413277 0.264922
v 1.32965 0.414962 0.269016
v 1.3348 0.418078 0.197051
v 1.38034 0.412717 0.0959879
v 1.34796 0.404089 0.0859208
v 1.3772 0.410181 0.0427264
v 1.37441 0.410459 0.0496259
v 1.36616 0.402686 0.0417096
v 1.38075 0.397494 0.046976
v 1.37839 0.398956 0.0539472
v 1.36868 0.397474 0.0438496
v 1.36604 0.397032 0.050456
v 1.37738 0.396412 0.0372349
v 1.38256 0.39648 0.045774
v 1.37926 0.397239 0.0518562
v 1.3693 0.396035 0.0533161
v 1.36868 0.396415 0.0442367
v 1.3475 0.404131 0.0768003
v 1.34518 0.396915 0.0675902
v 1.35261 0.397147 0.0650572
v 1.3377 0.401361 0.0863011
v 1.32747 0.409414 0.120948
v 1.3333 0.414569 0.130271
v 1.3512 0.411045 0.106104
v 1.35929 0.400352 0.0761089
v 1.35462 0.396 0.0615031
v 1.36128 0.395946 0.0561915
v 1.35397 0.396857 0.0684892
v 1.36921 0.405159 0.0782879
v 1.37774 0.40056 0.0614199
v 1.34868 0.399909 0.079348
v 1.34504 0.39587 0.0676376
v 1.36154 0.399929 0.0647344
v 1.35859 0.396984 0.0587524
v 1.39744 0.389979 0.283425
v 1.25885 0.335436 0.0233895
v 1.26029 0.346239 0.0209023
v 1.25488 0.367624 0.0298394
v 1.24926 0.393889 0.0952035
v 1.25825 0.389208 0.0217227
v 1.26004 0.399963 0.0180375
v 1.25933 0.407364 0.0293872
v 1.25697 0.404033 0.0402203
v 1.26975 0.378795 0.0123212
v 1.27633 0.368313 0.0110124
v 1.30556 0.38642 0.010591
v 1.31415 0.387875 0.0105892
v 1.31615 0.397137 0.0106776
v 1.32165 0.391113 0.0105783
v 1.30082 0.409464 0.0149488
v 1.21339 0.323353 0.258861
v 1.21465 0.33388 0.262942
v 1.21109 0.323076 0.275107
v 1.21066 0.315893 0.274333
v 1.21299 0.331239 0.271481
v 1.25242 0.3977 0.195843
v 1.24725 0.391445 0.15077
v 1.32181 0.411288 0.0385045
v 1.29462 0.406919 0.0436484
v 1.29005 0.408303 0.0374802
v 1.3017 0.408804 0.0439564
v 1.30101 0.404517 0.05275
v 1.28947 0.413027 0.024096
v 1.33178 0.402718 0.0115941
v 1.33811 0.381591 0.0105938
v 1.21799 0.34414 0.259758
v 1.22137 0.353442 0.263003
v 1.21613 0.343779 0.275949
v 1.21477 0.3382 0.271636
v 1.21991 0.351865 0.272341
v 1.22621 0.362397 0.260754
v 1.2292 0.367505 0.265164
v 1.23167 0.371344 0.274642
v 1.22512 0.36206 0.276902
v 1.23807 0.379211 0.278442
v 1.24567 0.387004 0.281112
v 1.24684 0.388314 0.25243
v 1.24244 0.383444 0.248608
v 1.23334 0.371604 0.24446
v 1.24821 0.391207 0.213512
v 1.25429 0.393413 0.274195
v 1.28155 0.404121 0.0393142
v 1.28302 0.40411 0.0463622
v 1.26949 0.407287 0.042185
v 1.26967 0.41189 0.041394
v 1.27706 0.407921 0.0829518
v 1.28306 0.40706 0.0867011
v 1.27623 0.416051 0.14015
v 1.26505 0.412893 0.128615
v 1.27341 0.415516 0.131411
v 1.2673 0.413282 0.136733
v 1.28597 0.417678 0.132106
v 1.27951 0.416932 0.134205
v 1.27955 0.416287 0.12595
v 1.28542 0.418241 0.14162
v 1.28576 0.415922 0.122069
v 1.28875 0.405271 0.048072
v 1.26858 0.409701 0.0419831
v 1.27137 0.409616 0.0488534
v 1.28085 0.408058 0.0503623
v 1.28102 0.405871 0.039746
v 1.30716 0.401812 0.0619815
v 1.31334 0.40734 0.052236
v 1.31943 0.405389 0.0592574
v 1.30235 0.400014 0.0656538
v 1.29762 0.400415 0.0772711
v 1.28722 0.402509 0.0767163
v 1.28863 0.407781 0.0732731
v 1.29349 0.40431 0.0586555
v 1.28802 0.40553 0.0529273
v 1.29252 0.407819 0.0740534
v 1.30246 0.403465 0.0666084
v 1.30272 0.401504 0.0653609
v 1.29863 0.404743 0.0766529
v 1.27771 0.40894 0.0760202
v 1.27079 0.409465 0.0587102
v 1.30904 0.418659 0.141215
v 1.26827 0.411159 0.173639
v 1.30203 0.420237 0.163134
v 1.27836 0.413155 0.196371
v 1.27114 0.409956 0.207422
v 1.26393 0.405384 0.22967
v 1.29481 0.414538 0.253787
v 1.26614 0.407191 0.21851
v 1.266 0.40768 0.211547
v 1.27233 0.40987 0.214769
v 1.27946 0.412688 0.209874
v 1.2766 0.412168 0.203285
v 1.26843 0.40964 0.197389
v 1.28678 0.415228 0.202556
v 1.28982 0.415303 0.216133
v 1.26574 0.402343 0.272157
v 1.26649 0.403524 0.264613
v 1.2694 0.403384 0.27894
v 1.27382 0.406618 0.264581
v 1.27684 0.406647 0.279418
v 1.28375 0.409993 0.270227
v 1.28473 0.409578 0.28056
v 1.29205 0.411981 0.279948
v 1.2999 0.414062 0.279294
v 1.30577 0.415719 0.269305
v 1.29483 0.413848 0.264737
v 1.30526 0.416483 0.25483
v 1.29634 0.415868 0.235689
v 1.29202 0.415268 0.228065
v 1.28408 0.412955 0.229204
v 1.31642 0.418114 0.219421
v 1.31032 0.418492 0.208736
v 1.29535 0.412961 0.264508
v 1.3059 0.414748 0.268726
v 1.29493 0.411406 0.280888
v 1.30409 0.413737 0.278335
v 1.28635 0.409335 0.276095
v 1.4152 0.250192 0.27103
v 1.41129 0.247283 0.28335
v 1.23921 0.378501 0.281117
v 1.2361 0.375197 0.268737
v 1.29233 0.211422 0.282568
v 1.30286 0.209078 0.28254
v 1.35805 0.407399 0.282897
v 1.21233 0.301825 0.277159
v 1.44273 0.322138 0.278935
v 1.36539 0.218728 0.284199
v 1.37168 0.220602 0.2808
v 1.24155 0.240926 0.268336
v 1.39356 0.244013 0.0128882
v 1.39387 0.255537 0.0135263
v 1.38637 0.257811 0.0113239
v 1.37617 0.263395 0.0105815
v 1.37193 0.236047 0.0105783
v 1.34807 0.400599 0.0553776
v 1.35137 0.403781 0.0484074
v 1.34607 0.407537 0.0450713
v 1.33765 0.408355 0.0466149
v 1.34855 0.360525 0.0105914
v 1.38239 0.359838 0.0112207
v 1.35458 0.215189 0.264251
v 1.36042 0.216861 0.272727
v 1.35547 0.212912 0.284465
v 1.36113 0.214864 0.281272
v 1.33487 0.207177 0.283727
v 1.3346 0.208097 0.263264
v 1.35513 0.213875 0.263287
v 1.36542 0.216662 0.26363
v 1.34612 0.206116 0.194081
v 1.35698 0.208966 0.194871
v 1.36602 0.213269 0.210293
v 1.36948 0.213239 0.200205
v 1.38367 0.215288 0.174979
v 1.37393 0.209953 0.152638
v 1.33995 0.202429 0.163922
v 1.3355 0.2028 0.175093
v 1.33723 0.204262 0.192934
v 1.34491 0.204955 0.181798
v 1.35506 0.20669 0.175125
v 1.38452 0.211947 0.130112
v 1.33548 0.208777 0.131709
v 1.33903 0.211832 0.124038
v 1.35102 0.210234 0.122483
v 1.34524 0.205395 0.137333
v 1.35416 0.206562 0.131873
v 1.38545 0.223918 0.263283
v 1.38682 0.218348 0.197382
v 1.3833 0.216388 0.188308
v 1.3829 0.218022 0.206018
v 1.3764 0.215805 0.203938
v 1.3673 0.229368 0.0522886
v 1.36502 0.228426 0.0581602
v 1.37539 0.226983 0.0610424
v 1.36653 0.212096 0.108564
v 1.35798 0.213499 0.108156
v 1.3725 0.209983 0.118453
v 1.37297 0.211495 0.111523
v 1.38808 0.213256 0.107985
v 1.38773 0.212638 0.11885
v 1.38779 0.230845 0.0339142
v 1.42378 0.259311 0.272424
v 1.42756 0.264696 0.270901
v 1.41934 0.253427 0.253762
v 1.42258 0.258168 0.250214
v 1.41569 0.24858 0.250823
v 1.42354 0.260162 0.237997
v 1.42955 0.270884 0.244967
v 1.43371 0.280101 0.247323
v 1.40212 0.22888 0.174295
v 1.40003 0.227156 0.185665
v 1.39671 0.225192 0.208326
v 1.39921 0.227308 0.200741
v 1.40778 0.237227 0.198338
v 1.43494 0.280185 0.259822
v 1.43701 0.284443 0.264526
v 1.44346 0.30084 0.280108
v 1.44079 0.300623 0.258997
v 1.44442 0.322196 0.279813
v 1.39765 0.221633 0.152189
v 1.39987 0.225083 0.160186
v 1.40965 0.238336 0.161924
v 1.40511 0.231756 0.158742
v 1.403 0.229479 0.166246
v 1.40989 0.238223 0.150225
v 1.39888 0.224563 0.169527
v 1.4079 0.236279 0.171377
v 1.40322 0.223776 0.0956992
v 1.40144 0.221715 0.107098
v 1.39815 0.220006 0.129748
v 1.40072 0.222293 0.121417
v 1.40786 0.233418 0.119669
v 1.40457 0.228043 0.122916
v 1.40831 0.234716 0.130066
v 1.40467 0.227418 0.114229
v 1.4037 0.228777 0.145071
v 1.40383 0.228176 0.135986
v 1.40449 0.287841 0.0256434
v 1.40332 0.277146 0.0230584
v 1.39662 0.217577 0.0631941
v 1.39915 0.219497 0.0552761
v 1.40654 0.230418 0.0531781
v 1.40376 0.224745 0.0564525
v 1.40684 0.230577 0.0636232
v 1.40372 0.224679 0.0485238
v 1.40133 0.220996 0.0845689
v 1.40334 0.224149 0.0690992
v 1.40354 0.245213 0.0217844
v 1.40602 0.241471 0.0285363
v 1.40818 0.244562 0.0404605
v 1.40366 0.255859 0.0224482
v 1.3932 0.287408 0.0142306
v 1.38969 0.295003 0.0127771
v 1.37731 0.295541 0.0106838
v 1.34179 0.27426 0.0105914
v 1.3941 0.266177 0.0140272
v 1.38485 0.280733 0.0112782
v 1.3775 0.286295 0.0106465
v 1.361 0.290583 0.0105915
v 1.36986 0.290762 0.0105847
v 1.3673 0.302962 0.010585
v 1.36569 0.277489 0.0105895
v 1.36532 0.296178 0.0105876
v 1.35831 0.301896 0.0105913
v 1.36555 0.284823 0.0105899
v 1.35671 0.282531 0.0105917
v 1.37204 0.281288 0.0105821
v 1.37251 0.27329 0.0105791
v 1.36134 0.31473 0.010592
v 1.3472 0.293273 0.0105915
v 1.36193 0.263745 0.0105919
v 1.35748 0.308867 0.0105925
v 1.35138 0.317085 0.010592
v 1.3536 0.289355 0.0105915
v 1.34559 0.283457 0.0105914
v 1.35129 0.299471 0.0105914
v 1.36582 0.270066 0.0105901
v 1.35827 0.270359 0.0105916
v 1.34785 0.262015 0.0105912
v 1.3852 0.272137 0.0112322
v 1.37899 0.269537 0.0106639
v 1.34059 0.317205 0.0105914
v 1.38861 0.308488 0.012699
v 1.3396 0.327912 0.0105912
v 1.33063 0.241558 0.0105926
v 1.3271 0.247662 0.0105919
v 1.32762 0.235187 0.0105868
v 1.31456 0.24969 0.0105917
v 1.32471 0.262814 0.0105911
v 1.27826 0.26094 0.0116312
v 1.28513 0.245436 0.0106873
v 1.29329 0.252018 0.0105821
v 1.32102 0.200785 0.148016
v 1.29361 0.201415 0.137592
v 1.27318 0.205833 0.140248
v 1.27684 0.205345 0.14947
v 1.27698 0.204202 0.131714
v 1.28364 0.2028 0.134007
v 1.32595 0.200793 0.163819
v 1.32287 0.200105 0.156098
v 1.31102 0.200113 0.154391
v 1.27661 0.206283 0.162817
v 1.3256 0.202423 0.186232
v 1.31618 0.201105 0.170353
v 1.30854 0.20092 0.163982
v 1.31604 0.201656 0.179437
v 1.30567 0.202305 0.185969
v 1.32364 0.203219 0.20494
v 1.32298 0.202543 0.192355
v 1.31626 0.202357 0.19366
v 1.30179 0.203804 0.210335
v 1.29002 0.205648 0.207121
v 1.30106 0.208317 0.272289
v 1.30302 0.206279 0.263803
v 1.28234 0.211428 0.262487
v 1.27627 0.213669 0.265188
v 1.27493 0.215016 0.273876
v 1.27332 0.216243 0.280946
v 1.28045 0.213529 0.28038
v 1.31019 0.20378 0.226789
v 1.27144 0.210775 0.207609
v 1.27549 0.208995 0.200189
v 1.26502 0.238833 0.0207854
v 1.26104 0.222865 0.0394734
v 1.25851 0.219339 0.0846411
v 1.26398 0.210318 0.0740476
v 1.25989 0.217448 0.0763999
v 1.26216 0.211899 0.0825081
v 1.25807 0.223826 0.0701759
v 1.26094 0.21354 0.0919495
v 1.25697 0.225217 0.0785678
v 1.25352 0.232242 0.0922839
v 1.25578 0.226853 0.0865206
v 1.25442 0.233709 0.0806655
v 1.25657 0.222545 0.0967058
v 1.25146 0.249763 0.0767435
v 1.2532 0.241224 0.0764025
v 1.25414 0.242285 0.0673587
v 1.2507 0.24466 0.0888681
v 1.25323 0.256273 0.0579688
v 1.25251 0.240092 0.083533
v 1.25402 0.247978 0.0606929
v 1.25642 0.24758 0.0447392
v 1.25193 0.25479 0.0679306
v 1.25487 0.25003 0.0526087
v 1.25485 0.26259 0.0442623
v 1.2543 0.257536 0.050273
v 1.25191 0.270692 0.0559451
v 1.25286 0.263237 0.0550389
v 1.2508 0.265536 0.0656418
v 1.32792 0.284442 0.0105914
v 1.32468 0.276488 0.0105913
v 1.31203 0.274907 0.0105915
v 1.3224 0.305713 0.0105913
v 1.31843 0.290452 0.0105913
v 1.30984 0.284898 0.0105917
v 1.32252 0.316467 0.0105913
v 1.27698 0.293124 0.0119648
v 1.28627 0.31499 0.0106823
v 1.26395 0.260303 0.0210678
v 1.26212 0.292508 0.021568
v 1.26055 0.270905 0.0253302
v 1.26194 0.303262 0.0210608
v 1.21885 0.291424 0.243833
v 1.21614 0.315154 0.238878
v 1.22145 0.280991 0.244732
v 1.21734 0.334039 0.244344
v 1.22416 0.353682 0.236629
v 1.25912 0.220465 0.207302
v 1.25565 0.225093 0.223568
v 1.25967 0.219305 0.196225
v 1.25361 0.226392 0.173361
v 1.23653 0.248852 0.228487
v 1.22832 0.261632 0.24256
v 1.21993 0.271054 0.278924
v 1.233 0.24976 0.267942
v 1.22881 0.255973 0.26772
v 1.21702 0.291388 0.256673
v 1.21319 0.312566 0.256188
v 1.21393 0.295334 0.267905
v 1.44236 0.326164 0.268722
v 1.43677 0.343182 0.25877
v 1.43661 0.346772 0.270929
v 1.43529 0.343045 0.245761
v 1.43986 0.321971 0.2454
v 1.4315 0.35272 0.247274
v 1.39547 0.400397 0.173795
v 1.39324 0.403318 0.162706
v 1.4389 0.300538 0.243265
v 1.44024 0.311222 0.246077
v 1.40808 0.38473 0.282474
v 1.40302 0.388671 0.279447
v 1.41247 0.380689 0.272466
v 1.42163 0.369906 0.251427
v 1.42599 0.363013 0.247548
v 1.42524 0.363033 0.235746
v 1.41733 0.375113 0.242443
v 1.41999 0.37116 0.233798
v 1.39002 0.402758 0.21903
v 1.40643 0.387539 0.231425
v 1.41341 0.379686 0.22541
v 1.4114 0.382126 0.242884
v 1.41014 0.383425 0.250015
v 1.39061 0.40306 0.207773
v 1.3901 0.404302 0.196577
v 1.39472 0.400493 0.185959
v 1.39437 0.407183 0.0952793
v 1.39424 0.405939 0.117784
v 1.3936 0.407858 0.0840448
v 1.39556 0.402423 0.140123
v 1.39358 0.405533 0.129035
v 1.3915 0.329876 0.0141458
v 1.38855 0.322013 0.0128509
v 1.37629 0.320455 0.010671
v 1.38259 0.335833 0.0113447
v 1.37413 0.33034 0.010627
v 1.27774 0.346877 0.01114
v 1.27521 0.336028 0.0118229
v 1.32573 0.338094 0.0105913
v 1.32249 0.33014 0.0105914
v 1.30984 0.32856 0.0105915
v 1.32021 0.359365 0.0105912
v 1.31624 0.344104 0.0105914
v 1.30765 0.33855 0.0105917
v 1.40004 0.362244 0.0232362
v 1.40024 0.351591 0.0228859
v 1.40574 0.330558 0.0320813
v 1.32442 0.370285 0.0105914
v 1.30054 0.365714 0.0105917
v 1.31493 0.376296 0.010592
v 1.30716 0.371793 0.0105918
v 1.2988 0.374249 0.0105932
v 1.31017 0.361888 0.0105913
v 1.2885 0.367692 0.0105835
v 1.39027 0.40963 0.0625737
v 1.39401 0.406891 0.0728218
v 1.39667 0.403773 0.0543388
v 1.40036 0.396878 0.0511448
v 1.40338 0.390446 0.0650598
v 1.40248 0.391794 0.0571003
v 1.39997 0.398634 0.0585561
v 1.40036 0.398256 0.067203
v 1.40556 0.37938 0.0575859
v 1.40316 0.392224 0.0758476
v 1.36832 0.407224 0.262117
v 1.37406 0.4055 0.265273
v 1.34741 0.411303 0.262461
v 1.34361 0.412701 0.274424
v 1.36835 0.406892 0.283326
v 1.37767 0.403462 0.281736
v 1.36898 0.412127 0.193447
v 1.35797 0.414351 0.194317
v 1.34813 0.414829 0.20984
v 1.34496 0.416333 0.199771
v 1.33102 0.420016 0.174614
v 1.37597 0.413127 0.16323
v 1.38003 0.411278 0.174418
v 1.37787 0.410327 0.19227
v 1.37054 0.412894 0.181162
v 1.36056 0.415628 0.174552
v 1.38048 0.414357 0.129522
v 1.37683 0.415375 0.121386
v 1.36357 0.416401 0.120414
v 1.37006 0.416307 0.123259
v 1.36294 0.417669 0.130811
v 1.36995 0.415296 0.114627
v 1.37554 0.414132 0.152018
v 1.37104 0.416333 0.136294
v 1.33126 0.419073 0.141328
v 1.32624 0.413429 0.283678
v 1.32643 0.4151 0.262988
v 1.32705 0.418849 0.197035
v 1.33101 0.419066 0.187944
v 1.33085 0.417931 0.205676
v 1.33767 0.417203 0.203564
v 1.32644 0.41377 0.131305
v 1.3417 0.414524 0.124829
v 1.34558 0.410177 0.109327
v 1.35129 0.413385 0.113521
v 1.35776 0.413556 0.109328
v 1.34879 0.4151 0.121012
v 1.35609 0.415882 0.118928
v 1.3544 0.417704 0.127693
v 1.35529 0.419068 0.138464
v 1.36404 0.396951 0.0619636
v 1.26063 0.324735 0.0216835
v 1.26351 0.335589 0.0180308
v 1.2596 0.356976 0.0212901
v 1.25757 0.341804 0.0251786
v 1.25367 0.334732 0.0345827
v 1.25956 0.367729 0.0207418
v 1.25104 0.394407 0.0730056
v 1.25236 0.401338 0.0844541
v 1.25321 0.40375 0.0957619
v 1.2483 0.393003 0.117434
v 1.26209 0.389275 0.0165249
v 1.26013 0.383103 0.0190417
v 1.25488 0.380348 0.0302051
v 1.2608 0.409358 0.0406826
v 1.25819 0.406699 0.0464705
v 1.25327 0.395265 0.0486084
v 1.26967 0.368047 0.0127174
v 1.27324 0.360947 0.0117705
v 1.28206 0.361491 0.0106399
v 1.27801 0.354744 0.0110043
v 1.29199 0.350926 0.010585
v 1.28553 0.354808 0.0106107
v 1.28534 0.347183 0.0106047
v 1.29299 0.359882 0.0105884
v 1.29272 0.341857 0.0105853
v 1.30214 0.354336 0.0105915
v 1.29651 0.329077 0.0105882
v 1.29229 0.334778 0.0105825
v 1.28654 0.326123 0.0106046
v 1.3001 0.336138 0.0105913
v 1.30136 0.34521 0.0105917
v 1.21553 0.334027 0.256555
v 1.2116 0.316704 0.267788
v 1.21264 0.333588 0.277682
v 1.24946 0.394251 0.181836
v 1.25283 0.400494 0.151386
v 1.33909 0.38858 0.0105839
v 1.33839 0.370855 0.0105918
v 1.23785 0.377834 0.245729
v 1.2328 0.371476 0.251189
v 1.2295 0.366007 0.247428
v 1.22951 0.364506 0.235374
v 1.25332 0.397424 0.218163
v 1.24853 0.391181 0.221878
v 1.24244 0.383405 0.219594
v 1.24915 0.392892 0.203827
v 1.25301 0.397633 0.209696
v 1.27048 0.413458 0.151235
v 1.29614 0.418893 0.137474
v 1.28465 0.407957 0.0580943
v 1.31678 0.418239 0.141489
v 1.31277 0.421223 0.150001
v 1.31302 0.414781 0.133519
v 1.30623 0.416564 0.134986
v 1.26886 0.412107 0.16242
v 1.26877 0.410612 0.184888
v 1.31276 0.421309 0.163291
v 1.26577 0.408181 0.203546
v 1.26573 0.409095 0.19047
v 1.27288 0.411672 0.191249
v 1.27757 0.413658 0.183276
v 1.27225 0.412198 0.179159
v 1.29421 0.417945 0.180531
v 1.28542 0.416076 0.179492
v 1.28939 0.417713 0.166801
v 1.28868 0.416277 0.190894
v 1.29041 0.417504 0.174162
v 1.29703 0.41904 0.169541
v 1.28367 0.415272 0.186178
v 1.30732 0.420139 0.172514
v 1.2864 0.414745 0.209775
v 1.29813 0.417387 0.206939
v 1.28462 0.410861 0.263138
v 1.30526 0.41612 0.262665
v 1.31163 0.416536 0.265592
v 1.31311 0.416229 0.274353
v 1.31485 0.416303 0.281505
v 1.3073 0.415413 0.280655
v 1.27811 0.411155 0.225882
v 1.31734 0.418629 0.208201
v 1.31322 0.418999 0.200629
v 1.30578 0.415185 0.262214
v 1.31196 0.415479 0.265379
v 1.31302 0.415065 0.274528
v 1.31527 0.414986 0.281537
v 1.28466 0.407939 0.282642
v 1.27792 0.406075 0.276885
v 1.34935 0.409182 0.0395544
v 1.331 0.408573 0.0477514
v 1.33828 0.360103 0.0105913
v 1.38946 0.361691 0.013372
v 1.38766 0.353757 0.0126689
v 1.37799 0.350365 0.0107852
v 1.38159 0.36707 0.0111125
v 1.37293 0.362464 0.0105959
v 1.35551 0.2092 0.201813
v 1.36232 0.210974 0.19956
v 1.36721 0.211308 0.188031
v 1.38333 0.214188 0.163768
v 1.38411 0.213478 0.15255
v 1.34516 0.203817 0.168465
v 1.34547 0.20253 0.152735
v 1.37927 0.210798 0.141385
v 1.34339 0.214722 0.115117
v 1.34882 0.208417 0.128431
v 1.36507 0.206558 0.141341
v 1.35988 0.208232 0.124689
v 1.36289 0.206663 0.132811
v 1.36586 0.209026 0.120876
v 1.35788 0.205284 0.138646
v 1.358 0.204996 0.149528
v 1.38563 0.216531 0.181648
v 1.37844 0.21409 0.180478
v 1.37526 0.213829 0.188288
v 1.37931 0.210501 0.123551
v 1.43005 0.270984 0.251606
v 1.42654 0.264696 0.248631
v 1.43692 0.290093 0.246262
v 1.40348 0.231006 0.180872
v 1.39865 0.225035 0.179085
v 1.39883 0.226327 0.193169
v 1.41745 0.251654 0.171371
v 1.39877 0.217837 0.0960158
v 1.40433 0.226015 0.102295
v 1.40888 0.235384 0.0945292
v 1.40013 0.220597 0.114275
v 1.41393 0.245529 0.138194
v 1.40295 0.298437 0.0237646
v 1.40043 0.287691 0.0199074
v 1.40389 0.266514 0.0235291
v 1.40557 0.281538 0.0275412
v 1.40871 0.288559 0.0371154
v 1.39864 0.218923 0.0475463
v 1.40372 0.224376 0.0785821
v 1.40634 0.229357 0.0869043
v 1.4103 0.247201 0.0580649
v 1.34001 0.29791 0.0105913
v 1.35821 0.323729 0.0105914
v 1.34029 0.289371 0.010591
v 1.34714 0.269284 0.0105912
v 1.34041 0.264961 0.0105912
v 1.3454 0.311776 0.0105915
v 1.34604 0.322093 0.0105915
v 1.384 0.301324 0.0113892
v 1.34419 0.341343 0.0105914
v 1.31984 0.256092 0.0105912
v 1.28355 0.256056 0.0108097
v 1.2828 0.274363 0.0109379
v 1.3033 0.245161 0.0105932
v 1.30144 0.262133 0.0105906
v 1.2896 0.202413 0.149998
v 1.31407 0.200199 0.148155
v 1.27704 0.206854 0.174068
v 1.28189 0.204498 0.156328
v 1.27457 0.206459 0.15606
v 1.29748 0.202505 0.171804
v 1.30205 0.203033 0.19415
v 1.29177 0.204074 0.18459
v 1.29326 0.204512 0.198029
v 1.29848 0.203162 0.18764
v 1.30038 0.202532 0.179582
v 1.28593 0.207107 0.215074
v 1.29179 0.205902 0.21811
v 1.26293 0.233721 0.0252413
v 1.26077 0.229971 0.0334627
v 1.25862 0.237491 0.0394993
v 1.2596 0.229681 0.0403823
v 1.26284 0.216748 0.0418732
v 1.26014 0.223439 0.0467811
v 1.26401 0.209292 0.0964258
v 1.25993 0.215621 0.100013
v 1.25536 0.224185 0.111998
v 1.25686 0.221398 0.104637
v 1.25327 0.23026 0.101997
v 1.26035 0.215237 0.112061
v 1.25266 0.248355 0.0701538
v 1.24916 0.26231 0.077927
v 1.25194 0.259513 0.0634614
v 1.31929 0.26964 0.0105913
v 1.31805 0.29991 0.0105914
v 1.31391 0.307537 0.0105914
v 1.29952 0.309132 0.0105898
v 1.30697 0.310593 0.0105917
v 1.30245 0.320235 0.0105917
v 1.30505 0.300673 0.0105917
v 1.31507 0.280808 0.0105914
v 1.27708 0.303872 0.0117924
v 1.27611 0.314578 0.0119703
v 1.26175 0.249487 0.0253654
v 1.25967 0.286769 0.0252593
v 1.25754 0.294494 0.0286253
v 1.25255 0.296264 0.0436819
v 1.25464 0.297602 0.0357576
v 1.25229 0.311476 0.0418258
v 1.25445 0.287239 0.0383065
v 1.25292 0.303622 0.0406693
v 1.24969 0.305306 0.0548495
v 1.25126 0.302409 0.0479906
v 1.25011 0.291397 0.0565874
v 1.26018 0.277507 0.0253057
v 1.25744 0.274078 0.0315558
v 1.26419 0.274384 0.0198073
v 1.25524 0.279346 0.0371713
v 1.25226 0.281382 0.049233
v 1.25519 0.270522 0.0396815
v 1.25652 0.263401 0.0366573
v 1.25653 0.25502 0.0397867
v 1.25377 0.276501 0.0438492
v 1.25365 0.269589 0.0470894
v 1.25843 0.24655 0.0352164
v 1.26086 0.264302 0.0253172
v 1.26441 0.267293 0.0199709
v 1.25821 0.267491 0.0305773
v 1.21813 0.296903 0.2391
v 1.22028 0.289275 0.235523
v 1.22253 0.28733 0.219768
v 1.22184 0.286112 0.227981
v 1.22612 0.272617 0.222118
v 1.2201 0.296247 0.225111
v 1.22387 0.280197 0.223052
v 1.22598 0.278424 0.208635
v 1.22444 0.281298 0.215526
v 1.22336 0.292054 0.206561
v 1.21489 0.312619 0.246559
v 1.21539 0.320757 0.244968
v 1.21703 0.324545 0.235992
v 1.21646 0.307531 0.238891
v 1.21772 0.311375 0.229146
v 1.21998 0.344184 0.24436
v 1.22327 0.353557 0.245976
v 1.2266 0.359878 0.241669
v 1.26341 0.215691 0.207695
v 1.25586 0.224387 0.212824
v 1.2535 0.22692 0.204525
v 1.24373 0.23995 0.201512
v 1.24871 0.232974 0.200721
v 1.24569 0.237828 0.185948
v 1.24661 0.235582 0.211228
v 1.24593 0.237056 0.194134
v 1.23844 0.249955 0.191429
v 1.24169 0.243657 0.19487
v 1.23641 0.251763 0.205672
v 1.23973 0.246341 0.201628
v 1.24047 0.244251 0.212041
v 1.2595 0.219048 0.185077
v 1.26005 0.217925 0.173997
v 1.25428 0.225292 0.151143
v 1.23665 0.24774 0.237561
v 1.24131 0.241369 0.23725
v 1.24547 0.236596 0.227663
v 1.23173 0.256393 0.234071
v 1.22755 0.261635 0.249428
v 1.22479 0.269303 0.245614
v 1.22607 0.269399 0.233685
v 1.43649 0.337616 0.241024
v 1.43387 0.344895 0.237639
v 1.43122 0.348455 0.22272
v 1.43184 0.348663 0.230781
v 1.42822 0.35677 0.230155
v 1.43473 0.338678 0.226753
v 1.42338 0.365265 0.225156
v 1.43862 0.327545 0.240853
v 1.43811 0.321835 0.230058
v 1.43912 0.320344 0.237728
v 1.39021 0.405678 0.174116
v 1.3937 0.403595 0.151457
v 1.39696 0.399167 0.167017
v 1.40419 0.390777 0.173783
v 1.43971 0.300583 0.250328
v 1.4394 0.306856 0.241038
v 1.43748 0.299909 0.23098
v 1.42854 0.357872 0.242704
v 1.41615 0.376308 0.230931
v 1.41861 0.372661 0.223002
v 1.41477 0.377746 0.216918
v 1.41804 0.372304 0.201969
v 1.42215 0.366306 0.212476
v 1.41525 0.376792 0.208552
v 1.42155 0.367861 0.219108
v 1.41857 0.372252 0.214292
v 1.42613 0.359445 0.217961
v 1.41153 0.381641 0.204046
v 1.4139 0.378252 0.194436
v 1.40429 0.389335 0.247062
v 1.38971 0.405413 0.185372
v 1.39218 0.409432 0.100887
v 1.39646 0.404293 0.100959
v 1.39978 0.399459 0.0932661
v 1.38974 0.410611 0.118048
v 1.3973 0.402563 0.111692
v 1.40355 0.392935 0.117061
v 1.39916 0.399538 0.119058
v 1.39188 0.409716 0.0899362
v 1.39631 0.404738 0.0893252
v 1.39045 0.407844 0.14044
v 1.39707 0.40119 0.133346
v 1.40369 0.39231 0.140104
v 1.38343 0.315244 0.0113501
v 1.37929 0.326293 0.0109103
v 1.36111 0.340085 0.0105913
v 1.27089 0.346604 0.0129471
v 1.28009 0.340578 0.0109417
v 1.31709 0.323293 0.0105912
v 1.31586 0.353562 0.0105912
v 1.31288 0.33446 0.0105914
v 1.4016 0.36793 0.0273209
v 1.40343 0.360299 0.0308656
v 1.40698 0.358545 0.0461654
v 1.40562 0.357233 0.0381711
v 1.40797 0.343533 0.0442646
v 1.40507 0.367449 0.0407953
v 1.40714 0.351288 0.0431189
v 1.40976 0.349637 0.0572776
v 1.40832 0.352486 0.0504524
v 1.40846 0.363328 0.0590881
v 1.40107 0.340976 0.0233996
v 1.40126 0.330326 0.0229882
v 1.39693 0.403891 0.0788333
v 1.3912 0.409469 0.0781478
v 1.40749 0.377793 0.0727762
v 1.35922 0.413423 0.201246
v 1.35235 0.415032 0.199058
v 1.34773 0.416889 0.187563
v 1.33171 0.421026 0.163425
v 1.37068 0.414008 0.167813
v 1.37754 0.414805 0.113037
v 1.37884 0.413682 0.146535
v 1.37236 0.4154 0.146253
v 1.36626 0.416277 0.15371
v 1.37872 0.412895 0.157439
v 1.37221 0.414491 0.157843
v 1.33661 0.417801 0.136221
v 1.34503 0.41798 0.132645
v 1.34838 0.419535 0.138485
v 1.35177 0.419487 0.150748
v 1.34741 0.420238 0.145366
v 1.3407 0.420824 0.155371
v 1.34072 0.420925 0.148126
v 1.33102 0.421561 0.15177
v 1.32876 0.419664 0.181287
v 1.33633 0.419093 0.180086
v 1.33939 0.418135 0.187883
v 1.25862 0.313723 0.0252739
v 1.25728 0.351284 0.0251438
v 1.25542 0.359044 0.0285679
v 1.25122 0.360844 0.0438442
v 1.25303 0.362188 0.0358539
v 1.25233 0.373658 0.040184
v 1.25234 0.351813 0.0382916
v 1.25618 0.328509 0.0285343
v 1.25263 0.323381 0.0390253
v 1.2571 0.320969 0.02734
v 1.25469 0.314592 0.0335176
v 1.25422 0.401749 0.0622529
v 1.25457 0.404426 0.0735036
v 1.25582 0.407772 0.0848508
v 1.25289 0.402626 0.10687
v 1.25124 0.399071 0.0909703
v 1.24896 0.389469 0.0838941
v 1.25314 0.402464 0.118032
v 1.26007 0.375371 0.0195432
v 1.28051 0.330676 0.0110242
v 1.27904 0.322412 0.0112681
v 1.27379 0.327649 0.0124267
v 1.25411 0.400623 0.184889
v 1.25316 0.399759 0.176394
v 1.24589 0.389007 0.167348
v 1.24872 0.393391 0.1737
v 1.24144 0.381592 0.179744
v 1.25174 0.398343 0.163624
v 1.24456 0.386809 0.174768
v 1.23913 0.376234 0.166499
v 1.24227 0.382618 0.168956
v 1.2425 0.382625 0.157107
v 1.24935 0.393773 0.189713
v 1.24452 0.386731 0.186585
v 1.23666 0.373806 0.193755
v 1.24 0.379437 0.188037
v 1.24108 0.381398 0.197192
v 1.23434 0.367239 0.179335
v 1.23569 0.373052 0.209594
v 1.23756 0.374516 0.181783
v 1.23742 0.375557 0.201853
v 1.23711 0.372669 0.173708
v 1.24237 0.383378 0.208096
v 1.23099 0.363117 0.200868
v 1.23296 0.360267 0.165802
v 1.24428 0.386226 0.201652
v 1.23417 0.369527 0.199181
v 1.23216 0.363822 0.189763
v 1.23573 0.368362 0.166422
v 1.23365 0.364073 0.172404
v 1.23014 0.355861 0.180726
v 1.23114 0.356357 0.172682
v 1.23584 0.364967 0.151003
v 1.22767 0.342085 0.175471
v 1.23784 0.372205 0.157511
v 1.23498 0.36463 0.159154
v 1.22902 0.349712 0.176105
v 1.22637 0.345127 0.18941
v 1.23028 0.346694 0.162163
v 1.22739 0.345549 0.182051
v 1.23003 0.350146 0.168748
v 1.22515 0.332314 0.184738
v 1.23279 0.354574 0.154387
v 1.2502 0.396773 0.137387
v 1.35011 0.376535 0.0105934
v 1.23457 0.372737 0.234187
v 1.25364 0.398895 0.202737
v 1.26384 0.41095 0.151042
v 1.26673 0.412579 0.144246
v 1.27966 0.416489 0.149381
v 1.2997 0.420593 0.14995
v 1.2657 0.410592 0.16779
v 1.272 0.412813 0.16831
v 1.27913 0.415543 0.16035
v 1.2627 0.408298 0.184712
v 1.30742 0.421334 0.156599
v 1.31501 0.42185 0.156639
v 1.28477 0.415026 0.196179
v 1.2917 0.416629 0.197448
v 1.29907 0.418301 0.189971
v 1.31456 0.420744 0.17056
v 1.31305 0.420087 0.179213
v 1.3037 0.419291 0.181392
v 1.30215 0.417581 0.21507
v 1.29615 0.416584 0.217904
v 1.27466 0.403918 0.282479
v 1.34321 0.365434 0.0105915
v 1.35085 0.368383 0.0105916
v 1.36076 0.361228 0.0105918
v 1.3621 0.373526 0.0105912
v 1.38887 0.347006 0.0131139
v 1.38248 0.345115 0.0112676
v 1.35882 0.208673 0.186045
v 1.36501 0.209771 0.178899
v 1.3864 0.215704 0.169193
v 1.38004 0.213602 0.169587
v 1.37433 0.21103 0.162227
v 1.3866 0.214854 0.158291
v 1.38028 0.212616 0.158001
v 1.34535 0.202966 0.159622
v 1.35251 0.204158 0.156183
v 1.33846 0.201566 0.156156
v 1.36249 0.207447 0.162703
v 1.35942 0.205941 0.156448
v 1.36707 0.208129 0.156235
v 1.36778 0.20763 0.148524
v 1.3722 0.208558 0.142523
v 1.34545 0.203025 0.145871
v 1.3387 0.201942 0.148779
v 1.37937 0.210427 0.134484
v 1.38596 0.212935 0.137874
v 1.37913 0.211328 0.148275
v 1.38561 0.213397 0.145275
v 1.33671 0.216309 0.11367
v 1.34487 0.2121 0.120985
v 1.34974 0.212778 0.116358
v 1.37351 0.213934 0.194819
v 1.41301 0.24376 0.168825
v 1.41179 0.242129 0.178966
v 1.41708 0.251398 0.155477
v 1.41406 0.245417 0.160617
v 1.4175 0.252045 0.16341
v 1.42311 0.264793 0.168063
v 1.42024 0.257734 0.167694
v 1.42197 0.260414 0.181373
v 1.42145 0.261926 0.157049
v 1.4137 0.244755 0.152702
v 1.41662 0.250922 0.145797
v 1.41286 0.243204 0.14533
v 1.41044 0.238727 0.13646
v 1.41316 0.244176 0.127338
v 1.4024 0.309068 0.0235311
v 1.40734 0.260235 0.0318273
v 1.40583 0.272151 0.027556
v 1.40846 0.26866 0.0358178
v 1.40998 0.258207 0.0463768
v 1.41051 0.278008 0.045575
v 1.40905 0.261659 0.0393746
v 1.40827 0.253175 0.0370177
v 1.4105 0.268135 0.0467876
v 1.40922 0.275157 0.0390142
v 1.40669 0.294706 0.0309473
v 1.41007 0.303172 0.0446583
v 1.40623 0.304094 0.0304952
v 1.40898 0.296948 0.038873
v 1.40672 0.317224 0.0331971
v 1.41124 0.29024 0.0496284
v 1.40555 0.311163 0.0295773
v 1.40843 0.308906 0.0378446
v 1.40246 0.319243 0.0241954
v 1.41044 0.296156 0.0457738
v 1.4126 0.300193 0.0580371
v 1.4108 0.318476 0.0513015
v 1.41006 0.311768 0.0458556
v 1.41144 0.306477 0.0523948
v 1.4089 0.320635 0.0420194
v 1.41369 0.313547 0.066236
v 1.4128 0.308036 0.0602844
v 1.41524 0.30014 0.072827
v 1.41225 0.315861 0.0587187
v 1.41306 0.328256 0.0666342
v 1.41164 0.325226 0.0578255
v 1.41304 0.320943 0.064385
v 1.41557 0.320676 0.0782501
v 1.41419 0.305889 0.0676586
v 1.41588 0.309853 0.0776198
v 1.41103 0.337483 0.0587428
v 1.40982 0.327821 0.0485804
v 1.41182 0.33119 0.0607821
v 1.41259 0.336912 0.067278
v 1.41052 0.332341 0.053946
v 1.40953 0.339829 0.0512164
v 1.41474 0.331919 0.0772179
v 1.40856 0.335045 0.0442681
v 1.40645 0.339171 0.0359984
v 1.40422 0.337285 0.029103
v 1.40382 0.344849 0.0292509
v 1.40627 0.229319 0.0935834
v 1.40725 0.231578 0.0998508
v 1.41163 0.242072 0.104405
v 1.41152 0.245322 0.0791051
v 1.40881 0.237959 0.0582144
v 1.40979 0.239864 0.0693438
v 1.40895 0.242547 0.0497953
v 1.3672 0.32181 0.0105849
v 1.37055 0.313086 0.0105786
v 1.36448 0.331055 0.0105881
v 1.33653 0.338535 0.0105913
v 1.33788 0.346706 0.0105914
v 1.34682 0.350831 0.0105912
v 1.3445 0.333736 0.0105913
v 1.35289 0.336692 0.0105917
v 1.35404 0.345554 0.0105916
v 1.36368 0.350701 0.0105892
v 1.32702 0.254927 0.0105912
v 1.27533 0.271566 0.0125217
v 1.27658 0.279733 0.0120458
v 1.28542 0.283845 0.0107386
v 1.28311 0.266756 0.0108841
v 1.29275 0.270949 0.0105811
v 1.29665 0.246188 0.0105884
v 1.29868 0.238993 0.0105915
v 1.30104 0.252602 0.0105914
v 1.29513 0.258875 0.0105851
v 1.28324 0.203541 0.147067
v 1.28886 0.202106 0.14288
v 1.29663 0.201041 0.145756
v 1.29879 0.201446 0.157344
v 1.28176 0.205289 0.168315
v 1.28599 0.204841 0.176942
v 1.27389 0.207416 0.168514
v 1.2769 0.207597 0.185303
v 1.30475 0.201603 0.170367
v 1.29983 0.201801 0.164739
v 1.2844 0.206512 0.199803
v 1.28739 0.205362 0.191849
v 1.2843 0.205674 0.184855
v 1.25708 0.239609 0.0475616
v 1.25671 0.221457 0.12911
v 1.25036 0.240354 0.0989185
v 1.26296 0.211771 0.118619
v 1.25788 0.219501 0.120025
v 1.26127 0.21447 0.126706
v 1.25237 0.229721 0.121939
v 1.26041 0.216053 0.136122
v 1.26348 0.210436 0.107532
v 1.25064 0.256353 0.0746046
v 1.24942 0.255313 0.0832519
v 1.24571 0.267925 0.0927314
v 1.24764 0.263004 0.0861747
v 1.24675 0.277407 0.0805099
v 1.24715 0.254959 0.0974689
v 1.24663 0.270952 0.0853243
v 1.24796 0.256883 0.0903526
v 1.24362 0.282551 0.0940773
v 1.24495 0.275468 0.091343
v 1.24257 0.273853 0.105248
v 1.24405 0.272687 0.0981136
v 1.24451 0.263428 0.10353
v 1.30895 0.321903 0.0105917
v 1.30311 0.32709 0.0105917
v 1.29357 0.320698 0.0105832
v 1.29346 0.31333 0.0105842
v 1.28762 0.304442 0.0106286
v 1.28181 0.29844 0.0110024
v 1.28136 0.309669 0.0110491
v 1.26141 0.256063 0.0253874
v 1.25896 0.25286 0.0314948
v 1.26523 0.252963 0.0197683
v 1.26225 0.242901 0.0251913
v 1.26557 0.245844 0.0196406
v 1.25656 0.288254 0.0316969
v 1.25248 0.28861 0.045894
v 1.21937 0.295324 0.232051
v 1.22147 0.29607 0.215355
v 1.21597 0.327528 0.246144
v 1.21876 0.304033 0.226211
v 1.21987 0.313097 0.214699
v 1.21891 0.310181 0.221692
v 1.22 0.303093 0.218517
v 1.21877 0.32327 0.222989
v 1.22165 0.304356 0.206736
v 1.2191 0.338999 0.239403
v 1.22172 0.344609 0.229022
v 1.22141 0.346122 0.236806
v 1.25111 0.229899 0.210706
v 1.24338 0.240155 0.207967
v 1.23468 0.253273 0.217462
v 1.26365 0.214151 0.18546
v 1.25637 0.223068 0.190606
v 1.25415 0.225734 0.182309
v 1.2491 0.232883 0.17861
v 1.24668 0.237728 0.161991
v 1.24244 0.244558 0.173781
v 1.24905 0.233262 0.16954
v 1.24508 0.239299 0.178551
v 1.24078 0.246551 0.182898
v 1.25369 0.226267 0.162222
v 1.24535 0.239672 0.169018
v 1.24073 0.250011 0.161374
v 1.23413 0.262435 0.179987
v 1.23681 0.254661 0.183837
v 1.23778 0.254741 0.172622
v 1.23176 0.264297 0.196136
v 1.23957 0.249836 0.17703
v 1.23479 0.257708 0.191581
v 1.23243 0.264788 0.187821
v 1.2342 0.257278 0.199858
v 1.23002 0.277228 0.179089
v 1.22985 0.265668 0.209281
v 1.22842 0.276727 0.192402
v 1.23158 0.269821 0.181664
v 1.23352 0.269471 0.167065
v 1.23202 0.271652 0.174246
v 1.23073 0.283259 0.166364
v 1.23153 0.262944 0.203027
v 1.2286 0.27217 0.201153
v 1.23294 0.258108 0.209461
v 1.2303 0.269933 0.192149
v 1.23058 0.261743 0.217817
v 1.22807 0.268638 0.215996
v 1.23213 0.256938 0.225178
v 1.2285 0.264944 0.225755
v 1.22875 0.262796 0.232633
v 1.26042 0.216605 0.151769
v 1.24694 0.234967 0.219577
v 1.24126 0.242436 0.221385
v 1.2316 0.255482 0.24113
v 1.22364 0.274899 0.239814
v 1.43533 0.339124 0.233801
v 1.43669 0.330096 0.227308
v 1.43432 0.333064 0.211488
v 1.43659 0.322097 0.217447
v 1.43515 0.333793 0.219869
v 1.43712 0.324306 0.223829
v 1.43771 0.314605 0.223556
v 1.43259 0.342155 0.215135
v 1.39133 0.405653 0.157053
v 1.39596 0.400792 0.157111
v 1.40042 0.396179 0.149063
v 1.43698 0.29345 0.237616
v 1.4342 0.28708 0.224704
v 1.43531 0.286571 0.23991
v 1.43516 0.288108 0.232319
v 1.43277 0.281069 0.22964
v 1.43005 0.27596 0.216284
v 1.4284 0.269837 0.232143
v 1.43198 0.280318 0.222155
v 1.43329 0.288373 0.210854
v 1.42917 0.272459 0.224039
v 1.42374 0.261739 0.213878
v 1.42449 0.262465 0.224889
v 1.42707 0.268402 0.217262
v 1.42729 0.270837 0.202392
v 1.42638 0.267679 0.2095
v 1.42131 0.257906 0.200203
v 1.42339 0.261555 0.206401
v 1.41695 0.25015 0.21075
v 1.408 0.386007 0.185504
v 1.40548 0.387512 0.0887869
v 1.30906 0.355025 0.0105914
v 1.40377 0.366463 0.0340524
v 1.40393 0.374236 0.0390564
v 1.40661 0.367297 0.0503958
v 1.40018 0.398831 0.0745617
v 1.40528 0.385604 0.0714328
v 1.40537 0.383143 0.064215
v 1.4073 0.374705 0.064677
v 1.40658 0.383198 0.0804616
v 1.40697 0.371438 0.0573069
v 1.41057 0.363579 0.0734988
v 1.40891 0.370546 0.070868
v 1.41022 0.371425 0.0834547
v 1.40851 0.378955 0.0882614
v 1.40843 0.376687 0.0794622
v 1.41306 0.367362 0.0994527
v 1.40824 0.38271 0.104577
v 1.41109 0.371594 0.0921101
v 1.40761 0.383011 0.0959089
v 1.41387 0.356428 0.0877657
v 1.41053 0.375738 0.0998021
v 1.40431 0.390999 0.100793
v 1.41313 0.363521 0.0920634
v 1.41331 0.371645 0.115142
v 1.4166 0.352742 0.102409
v 1.41124 0.375753 0.108146
v 1.41481 0.359617 0.0988041
v 1.41587 0.361312 0.110323
v 1.40911 0.382458 0.117718
v 1.3564 0.415473 0.185505
v 1.3503 0.417234 0.178407
v 1.33644 0.420032 0.169288
v 1.34641 0.41916 0.164641
v 1.32831 0.420746 0.168852
v 1.35903 0.418406 0.146187
v 1.35779 0.417738 0.158001
v 1.33441 0.421285 0.157402
v 1.33949 0.420324 0.162566
v 1.34099 0.417406 0.194409
v 1.25887 0.307185 0.0252714
v 1.26264 0.310586 0.0198444
v 1.25433 0.352815 0.0316402
v 1.2526 0.342977 0.0376399
v 1.24919 0.34614 0.0532465
v 1.25038 0.334264 0.0474222
v 1.25082 0.346816 0.0449657
v 1.25182 0.336844 0.0410308
v 1.25171 0.329777 0.0420477
v 1.24955 0.322188 0.0525488
v 1.24997 0.354279 0.0497259
v 1.24915 0.368196 0.0583223
v 1.24981 0.362461 0.0520718
v 1.25097 0.368646 0.0466603
v 1.24748 0.355206 0.0642695
v 1.25112 0.381773 0.0515122
v 1.24862 0.352735 0.0571081
v 1.24718 0.344142 0.063949
v 1.24857 0.360752 0.0592946
v 1.24716 0.366167 0.0707143
v 1.2513 0.375958 0.0470569
v 1.2529 0.385038 0.0403618
v 1.25016 0.374797 0.0545515
v 1.24982 0.383579 0.0649024
v 1.2491 0.375323 0.0629714
v 1.24786 0.377169 0.0743605
v 1.258 0.40802 0.0627016
v 1.25662 0.405129 0.0547477
v 1.25215 0.399431 0.0777344
v 1.25291 0.399599 0.0687474
v 1.2512 0.392146 0.0646117
v 1.25107 0.38751 0.0576246
v 1.25019 0.380607 0.0584943
v 1.2562 0.408125 0.107224
v 1.2509 0.398663 0.100783
v 1.24913 0.394658 0.108638
v 1.24376 0.37904 0.109807
v 1.24617 0.387117 0.111532
v 1.24299 0.38048 0.125557
v 1.24622 0.384835 0.100741
v 1.24402 0.381895 0.117517
v 1.24001 0.367319 0.118673
v 1.24195 0.374457 0.115951
v 1.24177 0.365743 0.104364
v 1.24216 0.371723 0.108935
v 1.24407 0.37457 0.0988531
v 1.24988 0.395702 0.156629
v 1.25402 0.401907 0.158102
v 1.24593 0.388966 0.180699
v 1.23691 0.375455 0.218917
v 1.24004 0.378685 0.173882
v 1.24615 0.3887 0.207839
v 1.24426 0.385962 0.213829
v 1.24032 0.380415 0.213864
v 1.23199 0.362023 0.183135
v 1.22972 0.356926 0.188135
v 1.24045 0.376766 0.144075
v 1.25444 0.403426 0.140427
v 1.25355 0.402485 0.131934
v 1.24894 0.394521 0.127508
v 1.25004 0.396353 0.145266
v 1.24529 0.387638 0.14074
v 1.34527 0.381821 0.0105946
v 1.35344 0.384434 0.0105939
v 1.35282 0.391609 0.0105786
v 1.36294 0.388858 0.0105853
v 1.35693 0.378311 0.0105938
v 1.3643 0.381096 0.0105901
v 1.36944 0.375499 0.0105814
v 1.36752 0.368003 0.0105855
v 1.3771 0.381435 0.0106397
v 1.30624 0.420755 0.147323
v 1.30066 0.41993 0.142916
v 1.29274 0.419604 0.145411
v 1.29093 0.418795 0.156091
v 1.27318 0.413904 0.157473
v 1.30017 0.418034 0.19855
v 1.30767 0.419041 0.193255
v 1.3062 0.418511 0.202678
v 1.31486 0.419362 0.193625
v 1.31159 0.4196 0.186709
v 1.29934 0.419029 0.176044
v 1.36228 0.208232 0.171083
v 1.35206 0.214292 0.110546
v 1.40779 0.236461 0.178335
v 1.41286 0.243898 0.190349
v 1.41944 0.257501 0.1502
v 1.42337 0.271567 0.145093
v 1.41981 0.261006 0.13671
v 1.42199 0.265108 0.149684
v 1.41896 0.257224 0.142911
v 1.41707 0.253031 0.135791
v 1.4256 0.275587 0.15887
v 1.42144 0.265097 0.14246
v 1.42234 0.273183 0.131882
v 1.41802 0.258876 0.121345
v 1.42409 0.271729 0.152585
v 1.42612 0.284831 0.148544
v 1.41835 0.257842 0.129384
v 1.4205 0.265558 0.130118
v 1.41596 0.251499 0.124574
v 1.42064 0.272713 0.117344
v 1.41504 0.251033 0.112238
v 1.42113 0.270893 0.124722
v 1.42299 0.284613 0.124061
v 1.41345 0.245544 0.118775
v 1.41257 0.244028 0.111532
v 1.40975 0.237178 0.109894
v 1.41099 0.23954 0.12213
v 1.41232 0.262475 0.0613616
v 1.4051 0.323556 0.0296345
v 1.3985 0.319546 0.0191543
v 1.41487 0.315517 0.0731525
v 1.40976 0.238213 0.0853635
v 1.40804 0.233563 0.0693181
v 1.40871 0.235342 0.0775238
v 1.40997 0.250874 0.050501
v 1.41118 0.255371 0.0573171
v 1.4091 0.250799 0.043547
v 1.41206 0.252182 0.0690458
v 1.40719 0.234998 0.0433826
v 1.36922 0.337966 0.0105819
v 1.33656 0.35345 0.0105914
v 1.35724 0.330902 0.0105916
v 1.35564 0.354145 0.0105917
v 1.3673 0.357369 0.0105852
v 1.27533 0.286477 0.0124632
v 1.29753 0.28668 0.0105872
v 1.30804 0.257082 0.0105916
v 1.30543 0.200762 0.158038
v 1.30425 0.200386 0.150201
v 1.29309 0.203483 0.177485
v 1.28997 0.203652 0.170418
v 1.27385 0.208125 0.179588
v 1.27069 0.209455 0.185114
v 1.27373 0.20889 0.190827
v 1.28053 0.206989 0.191354
v 1.25578 0.243324 0.053085
v 1.25163 0.238834 0.0923617
v 1.2495 0.238188 0.112044
v 1.2544 0.225106 0.139702
v 1.26357 0.2121 0.140936
v 1.259 0.218199 0.143876
v 1.2491 0.279622 0.0666618
v 1.24899 0.247486 0.0959699
v 1.24696 0.248783 0.107517
v 1.24597 0.26197 0.0966821
v 1.29549 0.298638 0.010585
v 1.21834 0.328073 0.229143
v 1.22101 0.336056 0.218106
v 1.21991 0.3355 0.226174
v 1.22048 0.306689 0.212898
v 1.22104 0.311752 0.207449
v 1.22328 0.30946 0.194076
v 1.22104 0.325416 0.208757
v 1.22206 0.298108 0.209028
v 1.22337 0.298422 0.199934
v 1.22264 0.305432 0.199832
v 1.22403 0.301937 0.193206
v 1.22214 0.312526 0.20043
v 1.22602 0.289349 0.191124
v 1.22566 0.307423 0.180394
v 1.22344 0.322027 0.192047
v 1.22141 0.318912 0.204663
v 1.22242 0.32653 0.199859
v 1.22467 0.290662 0.198846
v 1.22509 0.284787 0.204078
v 1.22641 0.283341 0.19631
v 1.22379 0.330249 0.192616
v 1.2228 0.337332 0.205908
v 1.22494 0.337585 0.190417
v 1.22475 0.342662 0.198373
v 1.22345 0.335095 0.198578
v 1.22735 0.352061 0.196469
v 1.22532 0.350056 0.20968
v 1.22428 0.344368 0.205368
v 1.22296 0.342949 0.213607
v 1.22465 0.35133 0.220693
v 1.22208 0.34307 0.22137
v 1.23694 0.249948 0.212103
v 1.23805 0.247492 0.218281
v 1.24239 0.243073 0.188309
v 1.2569 0.221785 0.167872
v 1.25843 0.219494 0.159673
v 1.26138 0.215916 0.165794
v 1.25017 0.231873 0.15593
v 1.24974 0.233084 0.145238
v 1.24562 0.240684 0.151679
v 1.24045 0.249285 0.168611
v 1.23716 0.251453 0.19794
v 1.23498 0.26259 0.17164
v 1.23734 0.258005 0.16413
v 1.23885 0.259185 0.147465
v 1.23882 0.256347 0.155704
v 1.24202 0.24867 0.152754
v 1.23547 0.268041 0.155122
v 1.24411 0.246886 0.136743
v 1.24388 0.245664 0.14509
v 1.24692 0.239368 0.139988
v 1.2414 0.25321 0.141865
v 1.24775 0.239398 0.127803
v 1.24156 0.259261 0.127289
v 1.242 0.254229 0.13375
v 1.24464 0.247939 0.127736
v 1.23874 0.265063 0.137207
v 1.24687 0.243847 0.119343
v 1.42213 0.363374 0.185388
v 1.43851 0.315046 0.230313
v 1.43793 0.307343 0.227449
v 1.43596 0.304096 0.212736
v 1.43649 0.300007 0.221419
v 1.43702 0.307807 0.219619
v 1.43629 0.313931 0.211891
v 1.43318 0.342352 0.221615
v 1.42935 0.351291 0.21349
v 1.39664 0.400765 0.146348
v 1.3997 0.397433 0.14149
v 1.4011 0.395947 0.135101
v 1.40721 0.386949 0.129253
v 1.41114 0.381214 0.153527
v 1.41967 0.254219 0.220215
v 1.42523 0.263459 0.231904
v 1.42036 0.255114 0.229995
v 1.40982 0.383691 0.192068
v 1.40396 0.390663 0.192211
v 1.41341 0.378683 0.18536
v 1.40301 0.391552 0.199833
v 1.40184 0.39321 0.182988
v 1.41819 0.371282 0.189302
v 1.41063 0.382466 0.175755
v 1.4025 0.39433 0.0885852
v 1.40531 0.371778 0.0457395
v 1.40545 0.37591 0.0514478
v 1.40533 0.389431 0.109291
v 1.40117 0.396925 0.0994618
v 1.34792 0.419629 0.157255
v 1.35318 0.417477 0.170065
v 1.35313 0.418143 0.163149
v 1.35922 0.416637 0.166454
v 1.26245 0.317896 0.01985
v 1.24842 0.336743 0.0570849
v 1.24379 0.349209 0.0834039
v 1.24823 0.391697 0.102059
v 1.24729 0.385787 0.0918938
v 1.247 0.379661 0.084
v 1.24448 0.379181 0.103378
v 1.23171 0.367363 0.224734
v 1.23834 0.372149 0.149844
v 1.23745 0.366768 0.140101
v 1.25416 0.40383 0.124961
v 1.25053 0.397582 0.121778
v 1.24597 0.38792 0.123517
v 1.24571 0.388001 0.132136
v 1.24233 0.380458 0.135964
v 1.24334 0.383909 0.148454
v 1.24072 0.378401 0.151841
v 1.36623 0.396662 0.0105989
v 1.37857 0.387924 0.0107648
v 1.37061 0.384757 0.0105811
v 1.29806 0.420077 0.157017
v 1.2859 0.417318 0.160738
v 1.28226 0.415978 0.166977
v 1.28688 0.418339 0.149825
v 1.31819 0.419797 0.18576
v 1.4107 0.240678 0.185175
v 1.40867 0.238133 0.191416
v 1.41465 0.246607 0.183878
v 1.40383 0.232044 0.191458
v 1.41837 0.252774 0.191525
v 1.40346 0.231986 0.198242
v 1.40547 0.234623 0.20422
v 1.40563 0.235128 0.211114
v 1.41172 0.242548 0.206207
v 1.40155 0.230837 0.215175
v 1.41918 0.314268 0.0968377
v 1.4112 0.262861 0.0531491
v 1.41245 0.274724 0.0577525
v 1.41267 0.246801 0.0933334
v 1.40668 0.229865 0.0804109
v 1.40786 0.236019 0.049903
v 1.29086 0.287871 0.0105824
v 1.29282 0.27955 0.0105854
v 1.30193 0.275168 0.0105911
v 1.30778 0.250285 0.0105919
v 1.31058 0.243322 0.0105928
v 1.25081 0.236429 0.10507
v 1.25231 0.231141 0.110509
v 1.2504 0.272844 0.0632002
v 1.25088 0.27908 0.0573577
v 1.24879 0.272083 0.0726999
v 1.24956 0.285472 0.0615779
v 1.24723 0.297289 0.069308
v 1.24769 0.288057 0.0703122
v 1.24863 0.29251 0.063786
v 1.24917 0.298754 0.0591001
v 1.24744 0.307692 0.0654525
v 1.24454 0.294082 0.0840444
v 1.24757 0.281328 0.0739777
v 1.2461 0.288155 0.0784543
v 1.24589 0.295596 0.0766568
v 1.24567 0.305298 0.0748662
v 1.24454 0.301496 0.0815948
v 1.24327 0.31547 0.0847536
v 1.24423 0.308952 0.0812264
v 1.24169 0.302038 0.095692
v 1.24567 0.316837 0.0726241
v 1.24322 0.299745 0.0887421
v 1.24254 0.308373 0.0897635
v 1.24251 0.292264 0.0950789
v 1.24473 0.286028 0.0864887
v 1.24017 0.320873 0.0995605
v 1.24161 0.31604 0.0929138
v 1.24243 0.330502 0.0877985
v 1.24003 0.310522 0.101831
v 1.24156 0.324 0.0923447
v 1.23983 0.335451 0.101398
v 1.24032 0.328426 0.0984466
v 1.23764 0.326636 0.112147
v 1.24572 0.255954 0.104975
v 1.24288 0.261496 0.115418
v 1.24487 0.254391 0.112644
v 1.24349 0.255298 0.120535
v 1.30157 0.293523 0.0105911
v 1.29422 0.305147 0.0105829
v 1.22973 0.358802 0.195158
v 1.22425 0.352251 0.228693
v 1.22756 0.3593 0.223993
v 1.22772 0.357961 0.214516
v 1.2268 0.358745 0.231423
v 1.24378 0.243739 0.158374
v 1.24937 0.236713 0.120782
v 1.24742 0.244541 0.112694
v 1.43508 0.295866 0.21423
v 1.43384 0.297754 0.200187
v 1.43426 0.289675 0.217925
v 1.43414 0.294648 0.206947
v 1.43152 0.285499 0.198751
v 1.43601 0.294231 0.226246
v 1.43515 0.323379 0.206822
v 1.43038 0.343445 0.197262
v 1.40643 0.388389 0.1487
v 1.42038 0.255629 0.213407
v 1.41984 0.254908 0.206416
v 1.41712 0.250501 0.199649
v 1.41568 0.248177 0.217959
v 1.41896 0.252942 0.238147
v 1.41583 0.248409 0.232635
v 1.39754 0.397932 0.180045
v 1.41782 0.371033 0.177493
v 1.42246 0.36405 0.196304
v 1.40698 0.38728 0.178901
v 1.4087 0.385143 0.16441
v 1.24916 0.329842 0.0536592
v 1.24674 0.327763 0.066051
v 1.2457 0.349457 0.072988
v 1.24372 0.362635 0.0899101
v 1.24567 0.377911 0.0917239
v 1.2443 0.370146 0.0923113
v 1.24581 0.369249 0.0817478
v 1.2353 0.373303 0.225333
v 1.23275 0.368376 0.216226
v 1.23182 0.365945 0.208486
v 1.2346 0.356782 0.143756
v 1.23967 0.371425 0.130549
v 1.42287 0.261575 0.191148
v 1.41866 0.253498 0.18359
v 1.41259 0.243622 0.198333
v 1.41735 0.314807 0.0866279
v 1.41133 0.27367 0.0509564
v 1.41184 0.282092 0.0531564
v 1.41431 0.286094 0.067466
v 1.41285 0.289506 0.0588453
v 1.41315 0.281902 0.060908
v 1.41448 0.272994 0.0710818
v 1.41406 0.294798 0.0658535
v 1.41184 0.245088 0.0863434
v 1.41476 0.258116 0.0865563
v 1.41318 0.251691 0.08286
v 1.41391 0.259848 0.076133
v 1.41077 0.240826 0.0913177
v 1.41093 0.240689 0.0979526
v 1.29933 0.268739 0.0105893
v 1.30765 0.26776 0.0105917
v 1.24805 0.269052 0.0788486
v 1.24969 0.265541 0.0721714
v 1.2486 0.314377 0.058389
v 1.24618 0.310559 0.0711231
v 1.24717 0.314906 0.0654436
v 1.24779 0.32157 0.0613779
v 1.24104 0.286047 0.105586
v 1.24539 0.279612 0.0864209
v 1.23845 0.317461 0.10865
v 1.24265 0.267528 0.110158
v 1.23941 0.279154 0.118655
v 1.24072 0.269878 0.119029
v 1.24111 0.274582 0.112737
v 1.23808 0.274688 0.129859
v 1.24141 0.263587 0.121871
v 1.23969 0.269065 0.125942
v 1.30763 0.291046 0.0105918
v 1.2281 0.357181 0.206121
v 1.24305 0.244394 0.164942
v 1.43504 0.308229 0.202734
v 1.43549 0.326607 0.212655
v 1.43211 0.340302 0.205938
v 1.42941 0.349 0.204559
v 1.43296 0.331255 0.197391
v 1.42585 0.358426 0.20688
v 1.42683 0.353809 0.194725
v 1.43343 0.333377 0.204304
v 1.40981 0.382831 0.139452
v 1.40356 0.39209 0.155401
v 1.39274 0.402815 0.179802
v 1.4143 0.377088 0.178524
v 1.41447 0.376144 0.16745
v 1.42209 0.365607 0.204327
v 1.41924 0.369924 0.195797
v 1.40794 0.386114 0.170923
v 1.4044 0.39072 0.166462
v 1.24687 0.335975 0.0651622
v 1.24569 0.341161 0.0716633
v 1.24536 0.332683 0.0729437
v 1.24378 0.338349 0.0813385
v 1.24536 0.324747 0.0732701
v 1.24398 0.328997 0.0800062
v 1.24407 0.321373 0.0799907
v 1.24629 0.357875 0.0722185
v 1.24693 0.370743 0.0754418
v 1.24599 0.364191 0.0771496
v 1.24803 0.372653 0.0690694
v 1.24484 0.356672 0.0801897
v 1.22966 0.362903 0.21869
v 1.23589 0.362922 0.144956
v 1.2343 0.358843 0.149831
v 1.23193 0.337464 0.145005
v 1.23964 0.373332 0.137637
v 1.2367 0.356844 0.12893
v 1.24095 0.373521 0.123391
v 1.42459 0.26478 0.198137
v 1.42792 0.275163 0.188538
v 1.42583 0.268552 0.191657
v 1.42538 0.268778 0.182563
v 1.42848 0.282328 0.173665
v 1.42378 0.265444 0.175755
v 1.42655 0.273853 0.175391
v 1.42848 0.279256 0.181358
v 1.42665 0.276824 0.167317
v 1.43042 0.284433 0.189242
v 1.42832 0.289548 0.161603
v 1.42477 0.270619 0.164083
v 1.43037 0.288595 0.180631
v 1.42724 0.282151 0.16208
v 1.4183 0.297546 0.0899912
v 1.41765 0.329485 0.0926355
v 1.41283 0.252927 0.0759718
v 1.41598 0.269976 0.0830502
v 1.413 0.259782 0.0685146
v 1.25036 0.312513 0.0501589
v 1.24222 0.286855 0.0990316
v 1.24079 0.294053 0.103099
v 1.24244 0.280131 0.101671
v 1.23791 0.294183 0.117954
v 1.23952 0.291943 0.110577
v 1.23894 0.302753 0.109391
v 1.23896 0.286603 0.116281
v 1.2365 0.287516 0.128978
v 1.23983 0.264581 0.130743
v 1.43496 0.301832 0.205991
v 1.43529 0.315922 0.204338
v 1.43409 0.322205 0.197816
v 1.43424 0.313681 0.195956
v 1.43204 0.321169 0.181881
v 1.4338 0.304763 0.194448
v 1.43324 0.31943 0.189972
v 1.43231 0.295092 0.189778
v 1.43207 0.328949 0.187877
v 1.43257 0.309439 0.183594
v 1.42708 0.354549 0.201457
v 1.42426 0.359447 0.191046
v 1.42624 0.351784 0.180372
v 1.42632 0.353447 0.187467
v 1.42935 0.342816 0.186183
v 1.41013 0.382633 0.146593
v 1.4156 0.371388 0.142463
v 1.41382 0.37606 0.148394
v 1.41944 0.364311 0.154256
v 1.41564 0.373389 0.157882
v 1.41695 0.369418 0.149486
v 1.42024 0.35855 0.141883
v 1.24458 0.344601 0.0780541
v 1.24183 0.341929 0.0920975
v 1.23254 0.347401 0.147161
v 1.23754 0.363949 0.132583
v 1.23579 0.357667 0.136365
v 1.23409 0.349633 0.138983
v 1.23837 0.363228 0.124975
v 1.23827 0.352734 0.115469
v 1.23876 0.359827 0.118183
v 1.24001 0.358958 0.109583
v 1.23987 0.347686 0.104112
v 1.2414 0.356718 0.0998297
v 1.42355 0.26811 0.158093
v 1.42977 0.291941 0.171215
v 1.41842 0.30679 0.0912936
v 1.41707 0.303209 0.0833213
v 1.42113 0.299866 0.106811
v 1.41664 0.292958 0.0805368
v 1.41998 0.305897 0.100167
v 1.41531 0.291645 0.0729191
v 1.41586 0.281767 0.0772366
v 1.41975 0.297338 0.0985828
v 1.42193 0.316131 0.113181
v 1.41851 0.28202 0.0939878
v 1.42068 0.312867 0.105254
v 1.41889 0.290342 0.0941321
v 1.42198 0.307135 0.11215
v 1.41999 0.325746 0.104781
v 1.41749 0.286363 0.0863561
v 1.42073 0.285863 0.107297
v 1.42299 0.296364 0.118992
v 1.41987 0.319171 0.101993
v 1.41846 0.321859 0.0946575
v 1.41688 0.323608 0.0863079
v 1.41713 0.277749 0.0866146
v 1.42062 0.292782 0.104457
v 1.42182 0.291998 0.112356
v 1.41965 0.286037 0.100032
v 1.41915 0.274204 0.103533
v 1.42223 0.300443 0.113546
v 1.42353 0.305665 0.121595
v 1.41617 0.331442 0.0850475
v 1.41636 0.34329 0.0922586
v 1.41674 0.336308 0.0903831
v 1.4186 0.336355 0.101446
v 1.41458 0.342412 0.0812008
v 1.42179 0.284085 0.115603
v 1.41781 0.272753 0.0944355
v 1.4205 0.278433 0.110144
v 1.41663 0.260253 0.101364
v 1.41782 0.267619 0.100016
v 1.41643 0.264564 0.0920542
v 1.41855 0.265453 0.110177
v 1.41507 0.263246 0.0819962
v 1.41481 0.267699 0.0761605
v 1.25116 0.318913 0.0454646
v 1.23506 0.315694 0.126406
v 1.24038 0.301128 0.10262
v 1.23862 0.310106 0.109057
v 1.23685 0.314211 0.11731
v 1.23745 0.306673 0.115856
v 1.23604 0.322924 0.120572
v 1.23599 0.338646 0.122313
v 1.23351 0.328045 0.133993
v 1.23636 0.331053 0.119035
v 1.23459 0.323177 0.12813
v 1.23489 0.330938 0.126785
v 1.2328 0.316803 0.13816
v 1.2339 0.339135 0.134203
v 1.23802 0.336334 0.11097
v 1.24046 0.281621 0.111264
v 1.43258 0.292031 0.196183
v 1.43271 0.302418 0.187052
v 1.43127 0.301462 0.176287
v 1.42863 0.347558 0.191588
v 1.42817 0.336694 0.166626
v 1.43129 0.336505 0.191194
v 1.41234 0.379454 0.160989
v 1.41967 0.365862 0.165797
v 1.24307 0.343132 0.0857683
v 1.24252 0.348409 0.0900623
v 1.24344 0.35547 0.0875868
v 1.24114 0.347147 0.0970313
v 1.23139 0.347119 0.154663
v 1.2296 0.334486 0.157538
v 1.24062 0.365552 0.111912
v 1.24263 0.363633 0.0972414
v 1.42852 0.286021 0.167743
v 1.41471 0.279924 0.0706308
v 1.41363 0.276091 0.0648302
v 1.41332 0.268724 0.0651696
v 1.41561 0.274732 0.0778403
v 1.42548 0.296588 0.135697
v 1.4188 0.329819 0.0993922
v 1.42175 0.337247 0.121847
v 1.41478 0.348559 0.0863829
v 1.41562 0.351386 0.094212
v 1.41264 0.353985 0.0775189
v 1.41372 0.338938 0.0745067
v 1.41306 0.346684 0.0748665
v 1.41099 0.353556 0.0670511
v 1.41674 0.257922 0.108863
v 1.41442 0.251044 0.102656
v 1.41927 0.265321 0.117664
v 1.2328 0.33353 0.138846
v 1.23082 0.324751 0.148593
v 1.23216 0.326362 0.141282
v 1.23312 0.342703 0.14032
v 1.23918 0.340902 0.105766
v 1.23838 0.346021 0.111559
v 1.23698 0.345945 0.119365
v 1.23705 0.352555 0.122833
v 1.23542 0.345355 0.12807
v 1.43082 0.294688 0.177449
v 1.43088 0.313564 0.171241
v 1.42959 0.302325 0.163437
v 1.43028 0.33136 0.176688
v 1.43052 0.335528 0.183392
v 1.42821 0.342402 0.175608
v 1.41692 0.371371 0.163871
v 1.4178 0.370402 0.170633
v 1.42181 0.362384 0.174808
v 1.42433 0.298999 0.127297
v 1.42368 0.291966 0.124957
v 1.42446 0.287098 0.13344
v 1.42564 0.311947 0.135475
v 1.42477 0.30671 0.129457
v 1.42379 0.318027 0.125078
v 1.42052 0.33391 0.11172
v 1.41209 0.361315 0.0813202
v 1.41143 0.345169 0.0646173
v 1.40957 0.35623 0.060402
v 1.40988 0.361091 0.0662981
v 1.43159 0.308661 0.176485
v 1.43059 0.306391 0.169525
v 1.42949 0.312184 0.161337
v 1.42938 0.295515 0.165168
v 1.42831 0.296904 0.156212
v 1.4274 0.289725 0.154125
v 1.42687 0.296107 0.145967
v 1.42902 0.336534 0.173033
v 1.42948 0.330168 0.169553
v 1.42785 0.328019 0.15642
v 1.43078 0.323624 0.174216
v 1.42957 0.32158 0.164557
v 1.42461 0.351408 0.163577
v 1.42386 0.358514 0.180444
v 1.4245 0.355028 0.173289
v 1.4233 0.280424 0.130258
v 1.42406 0.278443 0.139135
v 1.42483 0.278362 0.146123
v 1.42153 0.325145 0.113677
v 1.42264 0.320393 0.118636
v 1.4231 0.313291 0.119697
v 1.42318 0.327951 0.125082
v 1.41922 0.346582 0.113382
v 1.41186 0.36572 0.086085
v 1.42788 0.30749 0.150195
v 1.4287 0.304091 0.156501
v 1.42652 0.304339 0.141163
v 1.4268 0.344715 0.167833
v 1.42586 0.342083 0.156196
v 1.42268 0.358554 0.166424
v 1.42227 0.357358 0.158087
v 1.42137 0.357616 0.149945
v 1.4235 0.346238 0.144159
v 1.42383 0.350108 0.153557
v 1.42531 0.285795 0.140966
v 1.42189 0.330756 0.118409
v 1.42509 0.323084 0.13496
v 1.41919 0.340772 0.107998
v 1.41758 0.344616 0.100749
v 1.42044 0.339927 0.115432
v 1.42057 0.34563 0.121696
v 1.42276 0.341867 0.132943
v 1.41829 0.355577 0.118883
v 1.42556 0.303061 0.134823
v 1.42589 0.29233 0.140682
v 1.42487 0.317324 0.131621
v 1.42696 0.318062 0.145339
v 1.42318 0.334742 0.129321
v 1.42509 0.333384 0.141087
v 1.41767 0.353875 0.111371
v 1.42019 0.35373 0.130736
v 1.41609 0.364085 0.118666
v 1.41392 0.373162 0.128863
v 1.41444 0.370246 0.122203
v 1.41743 0.363093 0.128535
v 1.41171 0.377388 0.122856
v 1.41084 0.380161 0.13002
v 1.41323 0.375897 0.136325
v 1.42597 0.317709 0.13877
v 1.4267 0.311799 0.142346
v 1.42606 0.323965 0.141788
v 1.42716 0.324645 0.149454
v 1.42831 0.317155 0.154074
v 1.42632 0.333275 0.149684
v 1.42493 0.339187 0.145571
v 1.4198 0.351816 0.124276
v 1.42133 0.346631 0.128351
v 1.42188 0.348495 0.135111
v 1.42184 0.352002 0.140947
v 1.41913 0.359714 0.134769
v 1.41789 0.365074 0.13958
v 1.42864 0.321963 0.158252
v 1.41619 0.368154 0.13339
v 1.27416 0.216923 0.279191
v 1.37644 0.402409 0.279871
v 1.44179 0.303107 0.273154
v 1.21248 0.320834 0.27105
v 1.36506 0.214471 0.223336
v 1.2863 0.211687 0.0401805
v 1.29544 0.205134 0.115162
v 1.30102 0.205989 0.252248
v 1.22712 0.261902 0.260452
v 1.3968 0.391738 0.0204251
v 1.36944 0.40392 0.033946
v 1.34854 0.413405 0.222888
v 1.34391 0.402166 0.0682092
v 1.27068 0.387327 0.0117031
v 1.35906 0.404081 0.0120345
v 1.21881 0.343388 0.259579
v 1.21477 0.331177 0.265348
v 1.25324 0.396003 0.235752
v 1.29574 0.412627 0.115541
v 1.2866 0.412312 0.251671
v 1.35903 0.214825 0.250848
v 1.30124 0.214792 0.0893344
v 1.30304 0.204185 0.222361
v 1.26509 0.210336 0.0634595
v 1.40471 0.387838 0.270146
v 1.35389 0.410231 0.250343
v 1.35268 0.40902 0.0984607
v 1.29107 0.405793 0.0886251
v 1.28499 0.413686 0.221726
v 1.37707 0.222148 0.275872
v 1.3796 0.25751 0.0106266
v 1.37448 0.302187 0.0105993
v 1.3689 0.257661 0.0105885
v 1.36949 0.264394 0.0105871
v 1.36042 0.254981 0.0105919
v 1.36655 0.250354 0.0105907
v 1.35519 0.260391 0.0105916
v 1.35 0.254307 0.010592
v 1.35302 0.266518 0.0105915
v 1.35347 0.24854 0.0105934
v 1.34163 0.25701 0.0105913
v 1.29641 0.202196 0.129869
v 1.26055 0.220043 0.226253
v 1.41136 0.38219 0.231944
v 1.40997 0.383688 0.219392
v 1.28997 0.376757 0.0105887
v 1.28324 0.380582 0.0105809
v 1.27787 0.37552 0.0107577
v 1.28423 0.37303 0.0105755
v 1.40023 0.395872 0.0431044
v 1.29384 0.417106 0.129752
v 1.36761 0.208 0.127683
v 1.26269 0.226142 0.0278182
v 1.2486 0.232975 0.232871
v 1.24079 0.242469 0.229596
v 1.22451 0.27557 0.22925
v 1.42852 0.355104 0.223165
v 1.25388 0.373886 0.0331911
v 1.25637 0.374044 0.0260239
v 1.25442 0.307574 0.0349051
v 1.25395 0.401221 0.169605
v 1.23516 0.370228 0.187386
v 1.23175 0.354042 0.161799
v 1.35794 0.367757 0.010592
v 1.41021 0.285406 0.0438503
v 1.41441 0.325839 0.0733191
v 1.40795 0.328379 0.039612
v 1.40627 0.346625 0.0372548
v 1.29144 0.202558 0.157201
v 1.21757 0.319356 0.229892
v 1.42719 0.266768 0.239012
v 1.43025 0.273296 0.238198
v 1.41364 0.368265 0.107289
v 1.25488 0.390942 0.0316536
v 1.25596 0.386178 0.0271708
v 1.25645 0.393565 0.0260123
v 1.25561 0.398986 0.0337272
v 1.25434 0.396829 0.0410784
v 1.25376 0.391085 0.0380738
v 1.25281 0.390135 0.0445187
v 1.25195 0.389168 0.0511451
v 1.25246 0.394892 0.0562144
v 1.24928 0.385798 0.0734025
v 1.24835 0.384437 0.0797345
v 1.24607 0.389331 0.159424
v 1.36949 0.21012 0.168427
v 1.41075 0.245965 0.0653189
v 1.25211 0.229506 0.131505
v 1.25009 0.232977 0.137789
v 1.2198 0.321067 0.215359
v 1.22032 0.328759 0.215687
v 1.21951 0.329958 0.222306
v 1.228 0.282586 0.185808
v 1.22853 0.287627 0.176132
v 1.23005 0.281288 0.173205
v 1.23175 0.276366 0.168214
v 1.23333 0.274325 0.160239
v 1.23443 0.280551 0.146159
v 1.23428 0.275469 0.152357
v 1.2366 0.26902 0.145663
v 1.23206 0.285846 0.155638
v 1.2369 0.273391 0.138273
v 1.23621 0.281357 0.135021
v 1.23365 0.293626 0.14125
v 1.23509 0.288542 0.136128
v 1.23508 0.299209 0.130808
v 1.23208 0.280922 0.160208
v 1.22892 0.300184 0.16448
v 1.23304 0.288578 0.147837
v 1.23112 0.300747 0.151746
v 1.23146 0.2933 0.153738
v 1.23017 0.291436 0.162511
v 1.22852 0.294091 0.1705
v 1.22726 0.30263 0.172967
v 1.22805 0.316691 0.1643
v 1.22638 0.296593 0.182117
v 1.22794 0.308434 0.166665
v 1.22954 0.306362 0.158292
v 1.22642 0.315016 0.173991
v 1.23109 0.311645 0.148247
v 1.22512 0.302699 0.185985
v 1.2272 0.289374 0.183139
v 1.22701 0.328729 0.171338
v 1.22478 0.316792 0.183666
v 1.22702 0.321357 0.170061
v 1.2285 0.325931 0.161748
v 1.22567 0.323715 0.178389
v 1.22371 0.315305 0.190364
v 1.22954 0.319233 0.155699
v 1.22916 0.313126 0.158629
v 1.22974 0.327822 0.154961
v 1.22459 0.325069 0.185496
v 1.23548 0.26474 0.161733
v 1.40414 0.392012 0.124544
v 1.30317 0.282237 0.0105911
v 1.30937 0.235603 0.0105903
v 1.31696 0.239783 0.0105925
v 1.43059 0.279512 0.20684
v 1.42888 0.273872 0.210031
v 1.41166 0.242644 0.214071
v 1.40676 0.387837 0.135987
v 1.40777 0.386461 0.157309
v 1.23789 0.280921 0.125754
v 1.24126 0.33464 0.0940164
v 1.41487 0.255069 0.0946597
v 1.23091 0.339865 0.152222
v 1.22848 0.338136 0.166551
v 1.22812 0.331556 0.165365
v 1.23534 0.350895 0.132261
v 1.4274 0.335172 0.159143
v 1.42447 0.330204 0.134703
v 1.23652 0.294154 0.12538
v 1.23668 0.301179 0.121597
v 1.23593 0.308718 0.123171
v 1.23417 0.308481 0.132477
v 1.2333 0.302382 0.13908
v 1.23244 0.299197 0.145146
v 1.22532 0.296184 0.189176
v 1.23147 0.318294 0.145208
v 1.23252 0.309725 0.140994
v 1.25036 0.230894 0.188068
v 1.37074 0.346197 0.0105818
v 1.39821 0.396704 0.192528
v 1.42917 0.277323 0.196881
v 1.22649 0.334316 0.177078
# 4467 vertices
vn -0.843623 -0.51303 0.158434
vn 0.881069 -0.453263 -0.135167
vn 0.90961 -0.412187 -0.052066
vn 0.847814 -0.52744 -0.0549531
vn 0.829598 -0.556249 -0.0485243
vn 0.810518 -0.569102 -0.138506
vn 0.639296 -0.431223 -0.636669
vn 0.00755191 0.11297 -0.99357
vn -0.471001 0.493226 -0.731359
vn -0.669279 0.580634 -0.463606
vn -0.793215 0.569432 -0.215772
vn -0.811355 0.566216 -0.145268
vn -0.810399 0.570757 -0.132252
vn -0.784037 0.598018 -0.166313
vn -0.757151 0.621526 -0.201068
vn -0.739539 0.640188 -0.207945
vn -0.762198 0.620963 -0.18292
vn -0.830446 0.553136 -0.0663356
vn -0.900721 0.418901 0.114997
vn -0.934463 0.208484 0.28864
vn -0.855504 -0.0443212 0.515895
vn -0.662158 -0.242404 0.709075
vn -0.468578 -0.406306 0.784442
vn -0.19377 -0.504965 0.841109
vn -0.00983319 -0.504663 0.86326
vn 0.205788 -0.519817 0.829121
vn 0.447768 -0.50575 0.737374
vn 0.614255 -0.475526 0.629735
vn 0.843306 -0.373202 0.386724
vn 0.941392 -0.254141 0.221798
vn 0.995632 -0.0920088 -0.0158607
vn 0.991039 0.0829751 -0.104676
vn 0.965984 0.256411 -0.0335844
vn 0.900647 0.391115 0.189377
vn 0.738305 0.455464 0.497453
vn 0.358054 0.293173 0.88648
vn -0.456136 -0.0673488 0.887358
vn -0.902631 -0.369612 0.220557
vn -0.908568 -0.415671 0.0415
vn -0.917845 -0.390966 0.0686095
vn -0.871883 -0.480081 0.0966585
vn -0.813217 -0.577514 0.0718081
vn -0.803499 -0.59208 0.0618906
vn -0.736445 -0.647059 0.197395
vn -0.258467 -0.34647 0.90175
vn 0.516205 0.0315102 0.855885
vn 0.925164 0.219564 0.309619
vn 0.978675 0.205408 0.00163727
vn 0.96778 0.130232 -0.215502
vn 0.967332 0.100985 -0.23253
vn 0.986016 0.0510048 -0.158652
vn 0.996642 -0.0744114 0.0341673
vn 0.948984 -0.192301 0.249899
vn 0.802754 -0.31764 0.504669
vn 0.605441 -0.424323 0.673343
vn 0.398712 -0.463963 0.791054
vn 0.171957 -0.474675 0.8632
vn -0.0271736 -0.451476 0.891869
vn -0.293786 -0.342849 0.892269
vn -0.581926 -0.201871 0.787788
vn -0.759907 0.0183628 0.649773
vn -0.842529 0.336705 0.420446
vn -0.856403 0.48212 0.184756
vn -0.800896 0.598696 0.0113188
vn -0.755175 0.643565 -0.124641
vn -0.752 0.631897 -0.187625
vn -0.776285 0.600765 -0.190954
vn -0.797284 0.577644 -0.175117
vn -0.811643 0.566381 -0.142997
vn -0.804867 0.577657 -0.136024
vn -0.777561 0.610438 -0.150878
vn -0.687676 0.677996 -0.25966
vn -0.554291 0.676262 -0.485212
vn -0.231649 0.637168 -0.735089
vn 0.485337 0.0271606 -0.873905
vn 0.942115 -0.240692 -0.233423
vn 0.95999 -0.277535 -0.0373362
vn 0.954879 -0.29418 -0.0407918
vn -0.829512 -0.552976 0.0782785
vn -0.894901 -0.440856 0.0692633
vn -0.882005 -0.470733 0.0218566
vn -0.622571 -0.538401 0.567917
vn -0.587559 -0.334722 0.736706
vn -0.0884784 -0.193401 0.977122
vn 0.680296 0.308196 0.66499
vn 0.974889 0.212318 -0.0671705
vn 0.994824 -0.10143 -0.00618104
vn 0.814795 -0.373121 0.443723
vn 0.176074 -0.529859 0.829607
vn -0.242574 -0.47353 0.846716
vn -0.862151 0.135267 0.488261
vn -0.783327 0.6119 -0.109443
vn -0.750882 0.626952 -0.207621
vn -0.816891 0.562715 -0.12665
vn -0.767351 0.600529 -0.224804
vn 0.309389 0.148959 -0.939196
vn 0.936666 -0.349602 -0.0208606
vn 0.863007 -0.50411 -0.0330487
vn 0.881475 -0.469079 -0.0544683
vn 0.781324 -0.192931 -0.593558
vn 0.744279 -0.327265 -0.582191
vn 0.110422 0.0935142 0.989476
vn 0.810301 0.175833 0.559012
vn 0.440351 0.12895 0.888517
vn 0.904106 0.269722 0.331426
vn 0.576962 0.383297 0.721248
vn 0.82105 0.382702 0.423576
vn 0.948892 0.281415 0.14286
vn 0.978732 0.162244 -0.125538
vn 0.969363 0.152947 -0.192203
vn 0.947612 0.318573 0.0233098
vn 0.974114 0.192821 -0.117992
vn 0.978049 0.0858059 -0.189889
vn 0.997617 -0.0215721 -0.0655303
vn 0.991626 -0.00465456 -0.129059
vn 0.986949 -0.136172 0.0859622
vn 0.982318 -0.176015 0.0637993
vn 0.960663 -0.221508 0.167516
vn 0.995594 -0.0692758 -0.0631955
vn 0.91606 -0.291752 0.275163
vn 0.880347 -0.266186 0.392598
vn 0.732213 -0.386841 0.560552
vn 0.7495 -0.443956 0.491073
vn 0.654194 -0.441644 0.613988
vn 0.544302 -0.478282 0.689189
vn 0.27302 -0.481983 0.832558
vn 0.338358 -0.501074 0.796516
vn 0.09921 -0.506581 0.856466
vn 0.104174 -0.529284 0.842025
vn 0.0129249 -0.531767 0.846792
vn 0.243042 -0.52429 0.816119
vn -0.0869091 -0.514733 0.852934
vn -0.310258 -0.486449 0.816767
vn -0.441996 -0.384012 0.810663
vn -0.155397 -0.418049 0.895034
vn -0.369283 -0.369 0.852918
vn -0.57231 -0.269524 0.774479
vn -0.819504 0.182943 0.543089
vn -0.771632 0.0147645 0.635898
vn -0.878809 0.313963 0.359335
vn -0.905736 0.0873441 0.414745
vn -0.909768 0.268114 0.316919
vn -0.824667 -0.00642046 0.565582
vn -0.881772 0.437023 0.177451
vn -0.711754 -0.114148 0.693092
vn -0.77137 0.631561 -0.0782271
vn -0.814915 0.579264 -0.0191698
vn -0.756848 0.634843 -0.155418
vn -0.792306 0.595679 -0.131979
vn -0.754252 0.633483 -0.172634
vn -0.817229 0.573956 -0.05207
vn -0.745589 0.635753 -0.199789
vn -0.759314 0.618752 -0.201464
vn -0.770505 0.606899 -0.194926
vn -0.743355 0.634977 -0.210303
vn -0.761714 0.616901 -0.198052
vn -0.787825 0.590034 -0.176609
vn -0.813304 0.566707 -0.13183
vn -0.812776 0.565646 -0.139425
vn -0.80794 0.574771 -0.129885
vn -0.817974 0.56129 -0.125987
vn -0.813562 0.564677 -0.138769
vn -0.813867 0.564969 -0.135758
vn -0.796727 0.58176 -0.163648
vn -0.747869 0.636336 -0.189126
vn -0.689418 0.650186 -0.319315
vn -0.770669 0.566998 -0.29083
vn -0.680262 0.607015 -0.410824
vn -0.565675 0.604196 -0.561212
vn 0.163959 0.349114 -0.922625
vn -0.186873 0.482268 -0.85586
vn 0.364572 -0.089501 -0.926864
vn -0.0379224 0.280397 -0.959135
vn 0.975586 0.0655638 -0.209604
vn 0.992565 0.0143027 -0.120868
vn 0.484628 -0.464209 0.741381
vn 0.367645 -0.510798 0.777124
vn -0.841084 0.533953 0.0864447
vn -0.861422 0.50642 0.0386095
vn -0.807937 0.568709 -0.154301
vn -0.802458 0.578284 -0.147135
vn -0.455921 0.63799 -0.620568
vn -0.339767 0.445364 -0.828378
vn -0.816442 -0.576815 0.0265891
vn 0.945628 -0.321384 -0.0500006
vn -0.926981 0.359831 -0.10596
vn -0.970607 0.208899 -0.11951
vn -0.973442 0.198492 -0.114068
vn -0.917846 0.28357 -0.277753
vn -0.576594 0.401451 -0.711601
vn -0.0314937 0.182067 -0.982782
vn 0.333431 -0.182587 -0.924925
vn 0.446454 -0.410737 -0.794968
vn 0.507545 -0.646014 -0.570144
vn 0.474027 -0.746674 -0.466665
vn 0.43439 -0.847835 -0.304107
vn 0.364857 -0.916395 -0.164618
vn 0.303759 -0.951067 -0.0565849
vn 0.234372 -0.950385 0.204544
vn 0.21678 -0.889014 0.403312
vn 0.255811 -0.609594 0.750304
vn 0.30151 -0.200849 0.932068
vn 0.423838 0.174004 0.888866
vn 0.487851 0.514059 0.70551
vn 0.530853 0.635702 0.560426
vn 0.60715 0.698715 0.378373
vn 0.64979 0.708696 0.274814
vn 0.684727 0.693716 0.223398
vn 0.731656 0.656557 0.183339
vn 0.781007 0.613265 0.118046
vn 0.821681 0.569543 -0.0214983
vn 0.818014 0.539597 -0.199217
vn 0.763048 0.50152 -0.407719
vn 0.615368 0.459818 -0.640226
vn 0.378538 0.364111 -0.850959
vn 0.090816 0.178379 -0.979762
vn -0.288793 0.00119801 -0.957391
vn -0.548581 -0.153022 -0.821975
vn -0.776697 -0.287305 -0.560533
vn -0.838282 -0.377397 -0.393515
vn -0.93485 -0.282251 -0.215382
vn -0.96908 -0.216873 -0.117683
vn -0.968458 -0.214731 -0.12641
vn -0.91934 -0.382281 -0.0931424
vn -0.824939 -0.556958 -0.0962962
vn -0.798418 -0.599405 -0.0569382
vn -0.785526 -0.573883 -0.231531
vn -0.790596 -0.318128 -0.523214
vn -0.739072 -0.100651 -0.666064
vn -0.473665 0.115211 -0.873137
vn -0.21224 0.28481 -0.934793
vn 0.208774 0.468393 -0.8585
vn 0.461359 0.522432 -0.717087
vn 0.674845 0.595317 -0.436098
vn 0.802368 0.572614 -0.168282
vn 0.816195 0.577612 -0.0137916
vn 0.79756 0.577807 0.173311
vn 0.772489 0.591934 0.229943
vn 0.734715 0.614269 0.287866
vn 0.69129 0.640353 0.334763
vn 0.61622 0.678862 0.399274
vn 0.526814 0.647306 0.550874
vn 0.441203 0.59525 0.671578
vn 0.320552 0.436223 0.840807
vn 0.195487 0.165353 0.966666
vn 0.159639 -0.141579 0.97697
vn 0.0868749 -0.449897 0.888845
vn 0.0936684 -0.741066 0.664867
vn 0.180313 -0.891569 0.415441
vn 0.257855 -0.936462 0.237801
vn 0.32951 -0.942702 0.0523033
vn 0.406588 -0.909865 -0.0826551
vn 0.458169 -0.866514 -0.198076
vn 0.498631 -0.797909 -0.338686
vn 0.483937 -0.692271 -0.535319
vn 0.359988 -0.477495 -0.801503
vn -0.0724577 -0.266779 -0.96103
vn -0.635388 0.261931 -0.726412
vn -0.809261 0.52599 -0.261593
vn -0.820664 0.568858 -0.0539505
vn -0.849903 0.518328 -0.0948718
vn -0.896146 0.39196 -0.208064
vn -0.887102 -0.426977 -0.175329
vn -0.85174 -0.518027 -0.078665
vn -0.947754 -0.299493 -0.109845
vn -0.931157 -0.349715 -0.103183
vn -0.80564 -0.440396 -0.396227
vn -0.869911 -0.355236 -0.342142
vn -0.832067 -0.289281 -0.473267
vn -0.683848 -0.109404 -0.721376
vn -0.0689142 0.261787 -0.962662
vn 0.735054 0.530772 -0.421874
vn 0.807904 0.589235 0.00968916
vn 0.695315 0.666771 0.268243
vn 0.579214 0.713433 0.394365
vn 0.340722 0.367701 0.865277
vn 0.168592 -0.699123 0.694841
vn 0.263192 -0.943773 0.200059
vn 0.462447 -0.850739 -0.249773
vn 0.541678 -0.632505 -0.553645
vn -0.439673 0.207069 -0.873962
vn -0.852412 0.519495 -0.0593215
vn -0.947725 0.301635 -0.104082
vn -0.945431 0.311499 -0.0955388
vn -0.747492 0.391792 -0.536428
vn -0.760922 0.303933 -0.573256
vn -0.818539 -0.3147 -0.480581
vn -0.636238 0.0194121 -0.771248
vn -0.767227 -0.168401 -0.618874
vn -0.499691 0.0804447 -0.86246
vn -0.696659 -0.223594 -0.681668
vn -0.531316 -0.0615226 -0.844937
vn -0.322296 0.136498 -0.936746
vn -0.0293914 0.376433 -0.925978
vn 0.204485 0.391237 -0.897285
vn -0.0961791 0.114352 -0.988774
vn 0.148827 0.291579 -0.944898
vn 0.382105 0.436529 -0.814517
vn 0.750502 0.581262 -0.314454
vn 0.674004 0.52544 -0.519261
vn 0.794224 0.565312 -0.222781
vn 0.702089 0.496151 -0.510789
vn 0.774316 0.540608 -0.328903
vn 0.639088 0.496684 -0.587258
vn 0.806154 0.578774 -0.12303
vn 0.804269 0.588966 0.0791852
vn 0.80139 0.582285 0.136811
vn 0.825934 0.557495 -0.0838565
vn 0.808707 0.585361 0.0578375
vn 0.773975 0.607481 0.178691
vn 0.7083 0.637666 0.30281
vn 0.728837 0.632206 0.262892
vn 0.665133 0.677238 0.314558
vn 0.702394 0.678395 0.215458
vn 0.669678 0.695462 0.260506
vn 0.721637 0.656235 0.220444
vn 0.62102 0.711896 0.327931
vn 0.627202 0.707426 0.325832
vn 0.576336 0.686617 0.443165
vn 0.558427 0.693488 0.455229
vn 0.533726 0.669313 0.516873
vn 0.494661 0.643326 0.584331
vn 0.26434 0.337004 0.903633
vn 0.364814 0.467206 0.805375
vn 0.243992 0.149267 0.958221
vn 0.452048 0.372527 0.810479
vn 0.329419 0.156755 0.931081
vn 0.437631 0.501437 0.746351
vn 0.220504 -0.111921 0.968944
vn 0.465026 0.56424 0.68219
vn 0.0904719 -0.630735 0.770706
vn 0.151283 -0.492591 0.857011
vn 0.152794 -0.803282 0.575667
vn 0.236854 -0.761624 0.603183
vn 0.189008 -0.865902 0.46313
vn 0.196172 -0.577298 0.792618
vn 0.225899 -0.913147 0.339312
vn 0.221437 -0.927153 0.302248
vn 0.277314 -0.95049 0.140233
vn 0.290142 -0.953097 0.0861576
vn 0.306417 -0.951888 0.00427479
vn 0.360033 -0.930902 -0.0616252
vn 0.442787 -0.883422 -0.153317
vn 0.420485 -0.895028 -0.148721
vn 0.477278 -0.832701 -0.28074
vn 0.471534 -0.804335 -0.361526
vn 0.490538 -0.772418 -0.403413
vn 0.434282 -0.867211 -0.243606
vn 0.526992 -0.721703 -0.448802
vn 0.508063 -0.738946 -0.442527
vn 0.487263 -0.5985 -0.635903
vn 0.529418 -0.546618 -0.648787
vn 0.470424 -0.471626 -0.745835
vn 0.398133 -0.356109 -0.845385
vn -0.465316 0.0672358 -0.882587
vn -0.0168371 -0.0717959 -0.997277
vn -0.348618 0.301932 -0.887301
vn -0.0518249 0.0914677 -0.994459
vn 0.55345 0.519726 -0.650828
vn 0.519854 0.435903 -0.73467
vn 0.757761 0.605343 0.243635
vn 0.756739 0.628153 0.181026
vn 0.146461 -0.291681 0.945236
vn 0.2308 -0.369717 0.900023
vn 0.370824 -0.927045 -0.055468
vn 0.392699 -0.898764 -0.194965
vn 0.263232 -0.337642 -0.903718
vn 0.218136 -0.0948413 -0.971299
vn -0.822394 -0.566366 -0.0538349
vn -0.866029 0.49422 -0.0757699
vn 0.0339175 -0.112735 0.993046
vn 0.0295022 -0.0903943 0.995469
vn 0.0307439 -0.0825494 0.996113
vn 0.0360698 -0.0707167 0.996844
vn 0.0413981 -0.0483315 0.997973
vn 0.0152952 -0.0426223 0.998974
vn 0.0732487 -0.02334 0.997041
vn 0.0673079 -0.0254417 0.997408
vn 0.0676101 -0.0101557 0.99766
vn 0.0668305 0.00706655 0.997739
vn 0.0547126 0.026335 0.998155
vn 0.0319555 0.041209 0.998639
vn 0.00630328 0.0324088 0.999455
vn -0.00772475 0.0201391 0.999767
vn -0.9311 0.243429 0.271654
vn -0.508059 0.198698 -0.83809
vn -0.51623 -0.0408398 -0.855476
vn -0.552233 -0.0486159 -0.832271
vn -0.569415 -0.0417065 -0.820991
vn -0.558213 -0.0450403 -0.828474
vn -0.534486 -0.0243412 -0.844827
vn -0.535215 -0.0306804 -0.844159
vn -0.531503 -0.0343782 -0.846359
vn -0.517721 -0.0186991 -0.855345
vn -0.936331 0.342866 0.0756739
vn -0.930965 0.364795 0.0151206
vn -0.794713 0.336708 0.505034
vn 0.0201595 0.0381866 0.999067
vn 0.959219 0.253602 0.124842
vn 0.941789 0.328028 0.0736943
vn 0.768614 0.319996 0.553927
vn -0.129208 -0.00609963 0.991599
vn 0.0241012 0.115876 0.992971
vn 0.0209592 0.0901604 0.995707
vn 0.0222861 0.0817734 0.996402
vn 0.0284777 0.074546 0.996811
vn 0.0373881 0.0559965 0.997731
vn 0.0115947 0.0499096 0.998686
vn 0.0699538 0.0294484 0.997115
vn 0.0647005 0.0373297 0.997206
vn 0.0676389 0.0213413 0.997482
vn 0.0704583 0.00595271 0.997497
vn 0.0594699 -0.0145037 0.998125
vn 0.0397895 -0.0296336 0.998769
vn -0.000295215 -0.0253978 0.999677
vn -0.0180436 -0.0157859 0.999713
vn -0.053684 0.00473568 0.998547
vn 0.0761936 -0.996788 0.0246458
vn -0.09952 -0.99345 0.0561532
vn -0.207298 -0.976357 0.0612801
vn -0.274072 -0.959659 0.0627598
vn -0.315538 -0.946544 0.0670083
vn -0.404029 -0.911407 0.0780847
vn -0.629193 -0.775333 0.0545404
vn -0.668378 -0.743745 0.0106651
vn -0.696096 -0.717781 -0.0155325
vn -0.747523 -0.663183 -0.037389
vn -0.809854 -0.583146 -0.0638546
vn -0.867188 -0.488077 -0.0988228
vn -0.915883 -0.382868 -0.120706
vn -0.951102 -0.27736 -0.135927
vn -0.954617 -0.258616 -0.147733
vn -0.95718 -0.244958 -0.154279
vn -0.00141459 0.999933 0.0114792
vn -0.19071 0.980246 0.0524194
vn -0.285825 0.956007 0.065985
vn -0.348716 0.93456 0.070677
vn -0.384619 0.92022 0.0725496
vn -0.469025 0.879584 0.079667
vn -0.681834 0.729178 0.0583247
vn -0.716815 0.697134 0.0134123
vn -0.737413 0.675251 -0.0160809
vn -0.78613 0.616972 -0.0366757
vn -0.839749 0.539196 -0.0639571
vn -0.890361 0.447041 -0.0860917
vn -0.927538 0.357391 -0.109298
vn -0.956595 0.262076 -0.127442
vn -0.976531 0.157669 -0.146722
vn -0.985965 0.053469 -0.158156
vn -0.981318 -0.0972971 -0.165974
vn 0.67503 -0.404221 -0.617204
vn 0.629804 -0.617083 -0.471758
vn 0.599399 -0.408344 -0.688459
vn 0.650593 -0.572167 -0.499354
vn 0.489957 -0.603008 -0.629542
vn 0.733244 -0.514509 -0.444561
vn 0.614253 -0.61279 -0.497174
vn 0.895458 -0.185332 -0.404731
vn 0.00156079 -0.826531 -0.56289
vn 0.555 -0.826265 -0.0962333
vn 0.537638 -0.834751 -0.118894
vn 0.473619 -0.809494 0.346994
vn 0.0315549 -0.144779 0.988961
vn 0.269651 -0.962593 -0.0265105
vn 0.255355 -0.966765 -0.0126092
vn 0.261373 -0.965237 0.00151653
vn 0.302847 -0.953007 0.00777218
vn 0.368863 -0.929313 0.0177897
vn 0.441095 -0.895804 0.0545123
vn 0.484936 -0.870544 0.0836123
vn 0.647434 -0.759683 0.060909
vn 0.73249 -0.679137 0.0472375
vn 0.781295 -0.624042 0.0122009
vn 0.825459 -0.564123 -0.0195516
vn 0.86617 -0.497586 -0.0464428
vn 0.908073 -0.411464 -0.0781085
vn 0.94158 -0.321541 -0.100188
vn 0.968617 -0.222437 -0.110916
vn 0.986016 -0.104042 -0.130186
vn -0.00461458 0.126748 0.991924
vn 0.00229166 0.13162 0.991298
vn 0.00486286 0.130763 0.991402
vn 0.00660025 0.125745 0.992041
vn 0.00910222 0.120642 0.992654
vn 0.0194643 0.137677 0.990286
vn 0.0205911 0.134774 0.990663
vn -0.00230829 0.0881293 0.996106
vn -0.0154422 0.0697773 0.997443
vn -0.0321235 0.0521532 0.998122
vn -0.0510942 0.0371483 0.998003
vn -0.0968571 0.00803965 0.995266
vn -0.150965 -0.00746309 0.988511
vn -0.152798 -0.00819283 0.988223
vn 0.169003 0.98527 -0.0261094
vn 0.166882 0.985918 -0.0107646
vn 0.173721 0.984795 0.0003253
vn 0.206581 0.97842 0.00442538
vn 0.277913 0.9605 0.0143244
vn 0.3454 0.936455 0.0612521
vn 0.397475 0.915097 0.0679113
vn 0.572649 0.817637 0.0595125
vn 0.666666 0.744722 0.0307351
vn 0.718762 0.695217 0.00737908
vn 0.770166 0.63724 -0.0277401
vn 0.824517 0.562737 -0.0591574
vn 0.874705 0.477547 -0.0827062
vn 0.917367 0.385929 -0.0974486
vn 0.953741 0.278563 -0.11305
vn 0.978662 0.15926 -0.129837
vn 0.990725 0.0271262 -0.133147
vn -0.911261 -0.40395 0.0801748
vn -0.902606 -0.430099 0.0177904
vn -0.769055 -0.386715 0.508927
vn 0.0173319 -0.0288622 0.999433
vn 0.00133724 -0.0847922 0.996398
vn 0.00733875 -0.104508 0.994497
vn 0.00948573 -0.108625 0.994038
vn 0.013905 -0.113804 0.993406
vn 0.0157205 -0.111645 0.993624
vn 0.0308835 -0.133009 0.990633
vn 0.0258309 -0.135019 0.990506
vn 0.0123092 -0.0956039 0.995343
vn -0.00820113 -0.0721479 0.99736
vn -0.0196169 -0.0616011 0.997908
vn -0.039046 -0.0463391 0.998162
vn -0.0667531 -0.0269885 0.997404
vn -0.105824 -0.00521798 0.994371
vn -0.136896 -0.00136558 0.990585
vn -0.161677 -0.00432449 0.986834
vn -0.257734 -0.959943 0.109921
vn 0.0134344 -0.978746 -0.204638
vn 0.0944793 -0.95698 -0.274339
vn 0.0858537 -0.956939 -0.277305
vn 0.0921759 -0.958625 -0.269336
vn 0.0937731 -0.969242 -0.227544
vn 0.0996617 -0.983895 -0.148386
vn 0.130784 -0.987194 -0.0913408
vn 0.1668 -0.985912 -0.0124265
vn 0.329632 -0.902981 0.275623
vn 0.623011 -0.466964 0.627536
vn -0.0624484 -0.763133 0.643217
vn -0.543188 -0.356712 -0.760068
vn -0.519393 -0.707492 -0.479256
vn -0.184413 -0.962772 -0.197644
vn 0.0809743 -0.993536 -0.079553
vn 0.20379 -0.977865 -0.0474228
vn 0.270536 -0.961559 -0.0470599
vn 0.24463 -0.969235 -0.0271937
vn 0.225693 -0.974138 -0.0108856
vn 0.329134 -0.944266 -0.00563528
vn 0.467649 -0.883525 0.0262384
vn 0.546715 -0.835476 0.0555238
vn 0.572771 -0.817114 0.065247
vn 0.577663 -0.813508 0.0671604
vn 0.573266 -0.816636 0.0668717
vn 0.564484 -0.822699 0.0672602
vn 0.554277 -0.82942 0.0695708
vn 0.540214 -0.838348 0.0730869
vn 0.523668 -0.848355 0.0778795
vn 0.502963 -0.860269 0.0834574
vn 0.47798 -0.873786 0.0896259
vn 0.446564 -0.889447 0.0972835
vn 0.404011 -0.905676 0.12855
vn 0.446829 -0.891491 0.0747583
vn 0.50814 -0.859977 0.0472621
vn 0.516614 -0.849905 0.103782
vn 0.502075 -0.683997 0.529215
vn 0.0276701 -0.0063009 0.999597
vn -0.460743 0.707935 0.535297
vn -0.520965 0.852984 -0.0318391
vn -0.458254 0.868485 -0.189043
vn 0.983163 -0.163279 0.082038
vn 0.978579 -0.185859 0.0885413
vn 0.987783 -0.130222 0.0856027
vn 0.994123 -0.0715946 0.081199
vn 0.997753 -0.0236806 0.0626757
vn 0.99253 0.118954 0.027099
vn 0.626604 0.481511 -0.612792
vn 0.674466 0.51189 -0.532038
vn 0.468355 0.618001 -0.631442
vn 0.586158 0.572651 -0.573141
vn 0.586779 0.647346 -0.486449
vn 0.557264 0.629505 -0.541462
vn 0.57081 0.638964 -0.515655
vn 0.870528 0.258986 -0.418458
vn -0.0413889 0.834743 -0.549082
vn 0.974274 0.210557 0.0803476
vn 0.96042 0.26579 0.0833592
vn 0.974786 0.205422 0.0871408
vn 0.985139 0.150051 0.0835766
vn 0.990745 0.117986 0.0671124
vn 0.99927 -0.0211884 0.0317732
vn -0.337247 -0.934385 -0.114848
vn -0.215528 -0.974396 0.0640331
vn -0.120099 -0.989894 0.0754065
vn -0.134415 -0.983817 0.118477
vn -0.164096 -0.978011 0.128712
vn 0.00214744 -0.999849 0.0172577
vn -0.871658 -0.301421 0.386469
vn -0.531774 -0.23277 -0.814269
vn -0.55899 0.000694722 -0.829174
vn -0.59888 -0.0158709 -0.800682
vn -0.556647 -0.00184042 -0.830747
vn -0.538656 -0.0107513 -0.842457
vn -0.546319 -0.0265083 -0.837158
vn -0.54038 -0.00865217 -0.841376
vn -0.543449 -0.0128403 -0.839344
vn -0.531523 -0.0235708 -0.846716
vn -0.517971 -0.0278695 -0.854944
vn 0.854191 0.517032 0.0551014
vn 0.847394 0.530874 -0.00977819
vn 0.719191 0.489667 0.49294
vn -0.0719951 0.0235079 0.997128
vn -0.892824 0.450202 -0.0135194
vn -0.056501 -0.82431 0.563312
vn -0.1534 -0.933466 0.324208
vn -0.18246 -0.922716 0.339564
vn -0.114613 -0.930931 0.346743
vn -0.0869524 -0.95584 0.280729
vn -0.0758226 -0.955057 0.28656
vn -0.0348175 -0.957169 0.287427
vn 0.0660468 -0.978288 0.196446
vn 0.00940214 0.139501 0.990177
vn -0.389111 -0.721732 0.572446
vn -0.488666 -0.867761 0.0905357
vn -0.504965 -0.859288 0.0814487
vn -0.530852 -0.844356 0.0725281
vn -0.540594 -0.838249 0.0713878
vn -0.54017 -0.838647 0.0699199
vn -0.541036 -0.838445 0.0655015
vn -0.5437 -0.837102 0.0604135
vn -0.546988 -0.835268 0.055953
vn -0.551252 -0.832713 0.0520635
vn -0.554888 -0.830489 0.048849
vn -0.557481 -0.828876 0.0466899
vn -0.560024 -0.82717 0.0465183
vn -0.562807 -0.825198 0.0479246
vn -0.567743 -0.821703 0.049728
vn -0.565723 -0.823215 0.0476945
vn -0.534033 -0.844775 0.0341204
vn -0.442348 -0.896843 -0.00126776
vn -0.271938 -0.96207 -0.0216887
vn -0.231039 -0.972614 -0.0253537
vn -0.259326 -0.965566 -0.0207654
vn -0.249128 -0.968341 -0.0158586
vn -0.16653 -0.98557 -0.0303168
vn 0.186077 -0.966848 -0.174872
vn 0.455662 -0.706256 -0.541825
vn -0.959857 -0.276542 0.0468874
vn -0.965976 -0.252696 0.0551015
vn -0.952457 -0.300886 0.0478873
vn -0.948681 -0.316007 0.0120078
vn -0.921407 -0.388197 -0.0176656
vn -0.848622 -0.0883973 -0.521561
vn -0.698379 0.533778 -0.476809
vn -0.832 0.473849 -0.28852
vn 0.136239 0.859579 -0.492506
vn 0.714691 0.0892131 -0.693728
vn 0.651617 -0.0101329 -0.758481
vn 0.637079 -0.0027471 -0.770794
vn 0.634766 0.018374 -0.772486
vn 0.634628 0.00956987 -0.772759
vn 0.626022 0.0102233 -0.779738
vn 0.625198 0.0301607 -0.779884
vn 0.610315 0.0212947 -0.791873
vn 0.450921 -0.891998 0.0317841
vn 0.332133 -0.927799 0.169933
vn 0.268165 -0.946954 0.177104
vn 0.26805 -0.941593 0.203843
vn 0.242591 -0.944682 0.220737
vn 0.136058 -0.989922 0.0392772
vn -0.146942 -0.988757 -0.0277255
vn -0.369085 0.717302 0.590977
vn -0.225774 0.913441 0.338603
vn -0.130811 0.946883 0.293771
vn -0.173258 0.939792 0.294572
vn -0.208283 0.926345 0.313852
vn -0.221845 0.924849 0.308932
vn -0.122311 0.942003 0.312522
vn -0.0132011 0.979852 0.199287
vn 0.106724 0.989493 0.0975413
vn 0.241516 0.928764 0.281189
vn 0.316229 0.871253 0.375389
vn 0.371686 0.846717 0.380682
vn 0.354822 0.83019 0.429983
vn 0.472396 0.721875 0.505705
vn 0.480576 0.700097 0.528121
vn 0.480306 0.646181 0.59309
vn 0.463458 0.451686 0.762356
vn -0.536599 -0.622893 -0.569268
vn -0.579814 -0.540649 -0.60952
vn -0.582097 -0.536272 -0.611208
vn -0.6636 -0.460131 -0.589843
vn -0.67706 -0.440366 -0.589633
vn -0.624085 -0.455773 -0.634656
vn -0.7188 -0.537274 -0.441206
vn -0.763672 -0.504894 -0.402352
vn 3.186e-06 -4.51828e-06 -1
vn -1.38814e-05 4.6601e-07 -1
vn -9.3644e-06 -5.0354e-06 -1
vn -2.40455e-06 5.71075e-06 -1
vn 9.91748e-06 -4.42077e-05 -1
vn 3.37943e-05 2.31363e-05 -1
vn -0.000143187 -0.000733108 -1
vn 0.0313447 -0.138441 -0.989875
vn 0.0244451 -0.630896 -0.775482
vn 0.104474 -0.98307 0.150528
vn 0.0971408 -0.962265 0.254185
vn 0.104238 -0.950254 0.293515
vn 0.140422 -0.925491 0.351778
vn 0.140258 -0.878888 0.455942
vn 0.190077 -0.976912 0.0975397
vn 0.320882 -0.909686 0.263641
vn 0.34852 -0.861493 0.369274
vn 0.438885 -0.815249 0.377821
vn 0.447077 -0.761531 0.469247
vn 0.533997 -0.68739 0.492283
vn 0.533854 -0.663646 0.523998
vn 0.560039 -0.519427 0.645409
vn 0.568565 -0.198975 0.798212
vn -0.630404 0.518004 -0.578155
vn -0.614217 0.499037 -0.61131
vn -0.613288 0.495244 -0.615314
vn -0.683617 0.480563 -0.549297
vn -0.700436 0.362243 -0.614955
vn -0.645316 0.415602 -0.640969
vn -0.76044 0.510085 -0.401927
vn -0.799192 0.449246 -0.399338
vn -0.343683 0.929084 0.136697
vn -0.0507505 0.974567 -0.218272
vn 0.00589098 0.968016 -0.250818
vn 0.016876 0.966686 -0.255409
vn -0.00525564 0.96856 -0.248725
vn 0.0161436 0.973364 -0.228698
vn 0.0375136 0.982331 -0.183353
vn 0.0291774 0.995313 -0.0922024
vn 0.0806451 0.995806 0.0432142
vn 0.284789 0.914016 0.28891
vn 0.550748 0.55769 0.621014
vn -0.147474 0.721372 0.676664
vn -0.56898 0.301277 -0.765176
vn -0.567702 0.664929 -0.48537
vn -0.25207 0.947723 -0.195658
vn 0.00306637 0.996877 -0.0789134
vn 0.118127 0.991686 -0.0510423
vn 0.181515 0.982367 -0.0448073
vn 0.154216 0.987561 -0.0306797
vn 0.132923 0.990894 -0.0214539
vn 0.229494 0.973193 -0.0151194
vn 0.37353 0.927406 0.019836
vn 0.461528 0.885661 0.0509551
vn 0.493446 0.867679 0.060375
vn 0.500825 0.863317 0.0621198
vn 0.496397 0.865905 0.0616328
vn 0.487997 0.870654 0.0618072
vn 0.476312 0.876948 0.0639498
vn 0.462233 0.884186 0.0674932
vn 0.443873 0.893166 0.0723199
vn 0.422219 0.903118 0.0781615
vn 0.394932 0.914805 0.0846176
vn 0.361549 0.927719 0.0928467
vn 0.32203 0.939135 0.119673
vn 0.359143 0.930696 0.0694391
vn 0.416388 0.90797 0.0470279
vn 0.431594 0.896826 0.0971077
vn 0.431226 0.727964 0.533022
vn 0.0224674 0.00259853 0.999744
vn -0.385553 -0.750176 0.537201
vn -0.438201 -0.898595 -0.0225149
vn -0.355463 -0.915093 -0.190395
vn -0.434709 0.696295 0.57114
vn -0.550103 0.829897 0.0930465
vn -0.565758 0.820153 0.0852462
vn -0.58935 0.804385 0.0750381
vn -0.600318 0.796333 0.0739765
vn -0.600972 0.796071 0.0714413
vn -0.602256 0.795505 0.0667858
vn -0.603874 0.794675 0.0618725
vn -0.605425 0.793809 0.0576852
vn -0.609209 0.791178 0.0538651
vn -0.611002 0.789995 0.0508376
vn -0.613439 0.788237 0.048737
vn -0.615927 0.786293 0.0487637
vn -0.618892 0.783879 0.0500712
vn -0.622914 0.780621 0.0510803
vn -0.618261 0.784573 0.0468853
vn -0.579404 0.814531 0.0288192
vn -0.474915 0.879992 -0.00833683
vn -0.308963 0.950839 -0.0211417
vn -0.30028 0.953403 -0.0292386
vn -0.327122 0.944755 -0.0206934
vn -0.318893 0.947592 -0.0194121
vn -0.237039 0.970642 -0.0408359
vn 0.113372 0.97915 -0.168559
vn 0.39987 0.746825 -0.531372
vn 0.982515 0.0984156 0.158045
vn 0.985574 -0.0491784 0.161946
vn 0.975629 -0.163105 0.14678
vn 0.955064 -0.264035 0.134676
vn 0.926501 -0.360271 0.108631
vn 0.88967 -0.449282 0.0814464
vn 0.841169 -0.538912 0.0448259
vn 0.782947 -0.621052 0.0358992
vn 0.735217 -0.677803 0.00622263
vn 0.708457 -0.705235 -0.0270611
vn 0.672193 -0.736979 -0.0708407
vn 0.578525 -0.809347 -0.101322
vn 0.484917 -0.867213 -0.113124
vn 0.385613 -0.918957 -0.0825889
vn 0.347521 -0.934629 -0.0754747
vn 0.286345 -0.955525 -0.0705542
vn 0.189372 -0.978933 -0.0763411
vn 0.0077832 -0.998726 -0.0498614
vn -0.0623459 -0.998049 0.00321186
vn -0.0127098 -0.999898 0.00653695
vn 0.0393231 -0.999217 -0.00431789
vn 0.0839693 -0.932429 0.351461
vn 0.000425358 -0.0908269 0.995867
vn -0.0771164 0.893977 0.441427
vn -0.0252203 0.999423 -0.0227424
vn 0.0166724 0.99959 -0.0232721
vn 0.0922026 0.995738 0.00205766
vn 0.109524 0.992696 0.0505872
vn 0.0684268 0.99582 0.0604925
vn 0.0313284 0.997829 0.057931
vn 0.0277101 0.998286 0.0515552
vn 0.00856257 0.998687 0.0505084
vn 0.0028631 0.998415 0.0562145
vn -0.00925035 0.997908 0.0639908
vn -0.0176338 0.996569 0.0808625
vn -0.00614363 0.999799 -0.0190617
vn 0.00980759 0.960559 -0.277904
vn 0.0357593 0.910853 -0.411179
vn 0.0523762 0.917977 -0.393161
vn 0.0509364 0.927201 -0.371085
vn 0.106261 0.929951 -0.351995
vn 0.182827 0.933565 -0.308272
vn 0.401414 0.893542 -0.201119
vn -0.36308 -0.929878 -0.0591553
vn -0.254484 -0.928057 -0.271933
vn -0.15302 -0.911403 -0.382007
vn -0.176831 -0.894715 -0.41014
vn -0.135251 -0.929312 -0.343638
vn -0.0548287 -0.998385 -0.0148868
vn 0.657441 -0.149695 -0.738487
vn 0.212107 0.948459 -0.235448
vn 0.231097 0.872067 -0.431386
vn 0.266085 0.855758 -0.443708
vn 0.210374 0.801446 -0.559845
vn 0.191612 0.909835 -0.368082
vn 0.304201 0.934585 -0.184425
vn 0.0328039 0.993855 0.105715
vn -0.275617 0.850272 -0.448411
vn -0.165081 0.666809 -0.726715
vn -0.242948 0.492793 -0.835543
vn -0.103784 0.481744 -0.870144
vn -0.214997 0.495844 -0.841377
vn -0.276271 0.795904 -0.538712
vn -0.567604 -0.391372 -0.72433
vn 0.121567 -0.955054 0.270358
vn 0.247998 -0.967759 -0.0440368
vn 0.275991 -0.961098 -0.0109421
vn 0.175312 -0.982923 -0.0559281
vn 0.371603 -0.925466 0.0736452
vn 0.346607 -0.909057 0.231257
vn -0.439349 0.868041 -0.231252
vn -0.237406 0.922653 -0.303892
vn -0.154724 0.920567 -0.358632
vn -0.136915 0.921945 -0.362316
vn -0.0949952 0.913821 -0.39485
vn -0.0990831 0.90297 -0.418124
vn -0.0552727 0.963901 -0.26046
vn 0.0164722 0.999861 -0.00277764
vn 0.0467891 0.99518 0.0861882
vn 0.0556206 0.996152 0.0677297
vn 0.0603875 0.996581 0.0563836
vn 0.072465 0.995499 0.0610811
vn 0.0907905 0.994069 0.0598705
vn 0.106995 0.991925 0.0680887
vn 0.141898 0.986514 0.081574
vn 0.164698 0.984256 0.0641459
vn 0.165625 0.985744 -0.0296164
vn 0.159546 0.986321 -0.0414332
vn 0.122848 0.991494 -0.0429828
vn 0.120622 0.893351 0.432868
vn 0.0383904 0.186406 0.981722
vn -0.111594 -0.728881 0.675484
vn -0.178562 -0.98291 0.044763
vn -0.174282 -0.984091 -0.0344975
vn -0.165723 -0.983546 -0.0719315
vn -0.166851 -0.982495 -0.0828516
vn -0.15771 -0.984333 -0.0788459
vn -0.16331 -0.984974 -0.0561811
vn -0.201792 -0.978699 -0.037783
vn -0.279661 -0.959158 -0.0424966
vn -0.452894 -0.85832 -0.241193
vn -0.0491483 -0.922458 -0.382957
vn 0.194473 -0.905711 -0.376654
vn -0.572894 -0.811674 -0.113924
vn -0.663796 -0.746623 -0.0439079
vn -0.713541 -0.700462 -0.0145737
vn -0.765276 -0.643407 0.0195007
vn -0.819183 -0.570641 0.0575066
vn -0.874027 -0.479492 0.0785178
vn -0.913814 -0.393743 0.0995507
vn -0.952359 -0.281379 0.11764
vn -0.978465 -0.163717 0.125709
vn -0.991783 -0.0268236 0.125085
vn -0.986274 0.104854 0.127552
vn -0.968166 0.225459 0.108729
vn -0.938839 0.330617 0.0963032
vn -0.906374 0.415918 0.0741494
vn -0.863405 0.501699 0.0532076
vn -0.818173 0.574894 0.00951114
vn -0.779168 0.62664 -0.014788
vn -0.730208 0.680024 -0.0660572
vn -0.648304 0.753724 -0.107716
vn 0.0997854 0.91812 -0.383535
vn -0.139798 0.912625 -0.384151
vn -0.536162 0.811742 -0.23153
vn -0.375268 0.925821 -0.0450381
vn -0.298102 0.954178 -0.0260694
vn -0.244148 0.968661 -0.045698
vn -0.24516 0.965097 -0.0921119
vn -0.262882 0.958222 -0.112709
vn -0.270113 0.95752 -0.100965
vn -0.27702 0.959117 -0.0579158
vn -0.26776 0.961909 0.0551041
vn -0.183965 0.720681 0.668413
vn 0.0413319 -0.167286 0.985042
vn 0.194446 -0.864092 0.464258
vn 0.200994 -0.979091 -0.0313251
vn 0.24212 -0.969298 -0.0428912
vn 0.265642 -0.963826 -0.0217664
vn 0.264325 -0.962166 0.0660906
vn 0.233893 -0.96871 0.08304
vn 0.198019 -0.977889 0.0672368
vn 0.181482 -0.981268 0.0646354
vn 0.15783 -0.985784 0.0576221
vn 0.148665 -0.987308 0.0558766
vn 0.14176 -0.98733 0.0712922
vn 0.131518 -0.987744 0.0840527
vn 0.111908 -0.993691 0.00733918
vn 0.0243628 -0.9733 -0.228242
vn -0.0187127 -0.908657 -0.417124
vn -0.0327566 -0.91899 -0.392917
vn -0.0329884 -0.923454 -0.382288
vn -0.0395383 -0.925605 -0.37642
vn -0.165561 -0.941989 -0.29197
vn -0.361728 -0.901632 -0.237092
vn 0.2735 0.936023 0.221492
vn 0.28176 0.958545 0.0424665
vn 0.0948566 0.993073 -0.0693436
vn 0.16564 0.985343 -0.0407774
vn 0.172477 0.984512 -0.031437
vn 0.00159143 0.952558 0.304353
vn -0.641411 0.316135 -0.699035
vn -0.174791 -0.799225 -0.575054
vn -0.121753 -0.626133 -0.770152
vn -0.140722 -0.604902 -0.783767
vn -0.197737 -0.545752 -0.814282
vn -0.112681 -0.682753 -0.721908
vn -0.201357 -0.87112 -0.447889
vn 0.11489 -0.988027 0.102967
vn 0.38043 -0.905785 -0.186617
vn 0.242465 -0.884102 -0.399467
vn 0.34146 -0.803598 -0.487478
vn 0.228551 -0.818579 -0.526966
vn 0.334511 -0.773523 -0.538297
vn 0.32109 -0.925732 -0.199802
vn 0.658121 0.130131 -0.741581
vn -0.153223 0.986581 -0.0563936
vn -0.236377 0.91845 -0.317137
vn -0.233084 0.912688 -0.335667
vn -0.265939 0.900641 -0.34369
vn -0.311062 0.92176 -0.231515
vn -0.437615 0.897478 -0.0550216
vn 0.479278 -0.853085 -0.206248
vn 0.260001 -0.915106 -0.308189
vn 0.177977 -0.917113 -0.356691
vn 0.134551 -0.915963 -0.378033
vn 0.129964 -0.912402 -0.388114
vn 0.0959251 -0.903459 -0.417805
vn 0.0974418 -0.962078 -0.254778
vn 0.0841975 -0.996447 -0.00187815
vn 0.0756086 -0.993345 0.086882
vn 0.0797005 -0.994957 0.0608902
vn 0.0891868 -0.994405 0.0566112
vn 0.0957854 -0.994102 0.0508484
vn 0.110819 -0.992479 0.0519983
vn 0.134903 -0.98946 0.0526347
vn 0.159661 -0.9852 0.0623687
vn 0.204784 -0.977524 0.0501103
vn 0.202639 -0.979254 -0.000297197
vn 0.138791 -0.99028 -0.00913958
vn 0.0681175 -0.997613 -0.0112874
vn 0.000232812 -0.881729 0.471756
vn -0.00861503 0.120555 0.992669
vn 0.00303011 0.945626 0.325242
vn -0.0642735 0.997816 -0.0152439
vn -0.117666 0.993042 0.00479217
vn -0.157272 0.987526 -0.00758834
vn -0.0784642 0.995231 -0.0579586
vn 0.108087 0.991641 -0.0704621
vn 0.203143 0.977281 -0.0604479
vn 0.275755 0.958609 -0.0709054
vn 0.315453 0.945939 -0.0754286
vn 0.405205 0.910053 -0.0872528
vn 0.536559 0.83951 -0.0856052
vn 0.613688 0.78582 -0.0766381
vn 0.663611 0.747902 -0.0162211
vn 0.693993 0.719814 0.0155794
vn 0.74557 0.665564 0.0339054
vn 0.809162 0.58535 0.0512096
vn 0.864638 0.494506 0.0886907
vn 0.916566 0.381987 0.118295
vn 0.95922 0.257708 0.116121
vn 0.963456 0.255154 0.0815432
vn 0.952851 0.274843 0.12859
vn -0.973529 0.216873 0.0721684
vn -0.98538 0.164621 0.0438893
vn -0.974202 0.219445 0.0526725
vn -0.971161 0.23812 0.0120664
vn -0.947399 0.319168 -0.0238059
vn -0.85574 0.0199744 -0.517021
vn -0.647875 -0.591904 -0.479488
vn -0.870678 -0.465391 -0.159155
vn 0.238761 -0.829111 -0.505537
vn 0.716087 -0.00405252 -0.698
vn 0.662217 0.0345122 -0.748517
vn 0.629232 0.0407387 -0.776149
vn 0.652599 0.0400682 -0.756643
vn 0.633828 0.0401144 -0.772433
vn 0.617835 0.013633 -0.786189
vn 0.618575 0.043692 -0.78451
vn 0.601166 0.0221544 -0.798817
vn 0.589031 0.0126736 -0.808011
vn 0.386689 0.922105 0.0139518
vn 0.244452 0.961441 0.125992
vn 0.211288 0.963048 0.167023
vn 0.174512 0.966744 0.186955
vn 0.193913 0.96054 0.1994
vn 0.0678923 0.996449 0.049794
vn -0.210678 0.977428 -0.0158212
vn 0.900628 0.434422 0.0120846
vn 0.882966 -0.466098 0.0558931
vn 0.876069 -0.482149 -0.00597179
vn 0.749787 -0.45248 0.482785
vn -0.0523174 -0.0380697 0.997905
vn -0.405912 0.908681 -0.097647
vn -0.277796 0.957015 0.0833722
vn -0.240673 0.965472 0.0996983
vn -0.220572 0.969099 0.110436
vn -0.248367 0.961147 0.120455
vn -0.0868223 0.996155 0.0117076
vn -0.857651 -0.514146 -0.00938516
vn -0.810161 -0.585507 0.0286534
vn -0.793004 -0.608964 -0.0175113
vn -0.666926 -0.546362 0.506655
vn 0.0500284 -0.0254275 0.998424
vn 0.916056 -0.40087 0.0119831
vn 0.49296 0.865462 -0.0892479
vn 0.481385 0.869043 -0.114156
vn 0.413649 0.841959 0.34641
vn -0.853868 0.520017 0.0221939
vn -0.841128 0.540027 -0.0295877
vn -0.709819 0.492001 0.504076
vn 0.0459466 0.0375112 0.998239
vn 0.954239 -0.279372 0.106672
vn 0.950997 -0.305805 0.0456869
vn 0.800646 -0.284673 0.527188
vn -0.0890866 -0.0115272 0.995957
vn 6.4977e-07 7.73097e-06 -1
vn -2.20295e-06 4.12319e-06 -1
vn -6.34575e-06 -5.17947e-06 -1
vn 1.08831e-05 2.5962e-06 -1
vn 9.43522e-06 -4.16024e-06 -1
vn 1.07617e-05 4.17072e-05 -1
vn 5.02813e-05 -1.47753e-06 -1
vn 0.000184062 9.46409e-05 -1
vn -0.000160618 0.124429 -0.992229
vn 0.0680803 0.613991 -0.786372
vn 0.00300527 0.987428 0.158041
vn 0.0200482 0.965386 0.260054
vn 0.0272745 0.955676 0.293153
vn 0.0729693 0.931455 0.356466
vn 0.0690924 0.885823 0.45885
vn 0.225497 -0.859602 0.458516
vn 0.250476 -0.843714 0.474773
vn 0.285002 -0.829325 0.480618
vn 0.326759 -0.818398 0.472707
vn 0.395907 -0.77949 0.485441
vn 0.443954 -0.730101 0.519478
vn 0.526003 -0.678375 0.51296
vn 0.548441 -0.675098 0.493412
vn 0.60148 -0.622367 0.50088
vn 0.66075 -0.575642 0.481711
vn 0.70601 -0.513693 0.487514
vn 0.74853 -0.456098 0.481329
vn 0.798443 -0.380378 0.466692
vn 0.831086 -0.296114 0.470757
vn 0.862825 -0.204183 0.462431
vn 0.88214 -0.0875286 0.462783
vn -0.188887 0.74832 0.635877
vn -0.218996 0.753023 0.620481
vn -0.251274 0.755914 0.604529
vn -0.299815 0.779957 0.549344
vn -0.384035 0.770366 0.508972
vn -0.497447 0.685034 0.532236
vn -0.556921 0.666338 0.495815
vn -0.618589 0.599103 0.508353
vn -0.657187 0.55559 0.509337
vn -0.757041 0.423241 0.497752
vn -0.838611 0.231293 0.493188
vn -0.858067 0.112046 0.501166
vn -0.121563 -0.767473 0.62945
vn -0.152999 -0.772893 0.615815
vn -0.179661 -0.787419 0.589656
vn -0.217784 -0.803302 0.554325
vn -0.306645 -0.803247 0.510649
vn -0.433597 -0.737748 0.517418
vn -0.48195 -0.71572 0.50544
vn -0.558858 -0.653079 0.511043
vn -0.601219 -0.60396 0.523228
vn -0.726203 -0.467983 0.503608
vn -0.822031 -0.275343 0.49845
vn -0.852946 -0.157352 0.497718
vn -0.877942 -0.0213662 0.478289
vn 0.145192 0.877002 0.458026
vn 0.177725 0.864857 0.469506
vn 0.201264 0.853905 0.479937
vn 0.245171 0.840542 0.483094
vn 0.315253 0.815932 0.484634
vn 0.364355 0.76767 0.527189
vn 0.456264 0.729296 0.509854
vn 0.475807 0.723206 0.500581
vn 0.535817 0.685621 0.492772
vn 0.606911 0.636244 0.47629
vn 0.659079 0.580402 0.478277
vn 0.716103 0.515444 0.470652
vn 0.769536 0.443326 0.459648
vn 0.814555 0.347245 0.464674
vn 0.847934 0.250145 0.467371
vn 0.871967 0.14755 0.4668
vn 0.879862 0.0205915 0.474783
vn 0.0477292 0.922259 0.383616
vn 0.122356 0.922967 0.364913
vn 0.19622 0.914228 0.35452
vn 0.263053 0.894462 0.361582
vn 0.319891 0.875468 0.36225
vn 0.516738 0.75701 0.399897
vn 0.574575 0.698719 0.426211
vn 0.628214 0.630157 0.456343
vn 0.678586 0.557169 0.478627
vn 0.756032 0.403298 0.515526
vn 0.742647 0.235114 0.627054
vn 0.768009 0.201572 0.607891
vn -0.0464707 -0.825728 0.562151
vn -0.119927 -0.806079 0.57953
vn -0.184744 -0.796294 0.576008
vn -0.246932 -0.787274 0.565
vn -0.301782 -0.765115 0.568794
vn -0.337395 -0.749344 0.569779
vn -0.453989 -0.686775 0.567657
vn -0.529369 -0.667286 0.523925
vn -0.598976 -0.628458 0.496255
vn -0.665087 -0.581041 0.469095
vn -0.721019 -0.522865 0.454692
vn -0.776963 -0.460856 0.428883
vn -0.83276 -0.389579 0.393368
vn -0.881182 -0.310579 0.356453
vn -0.904025 -0.253749 0.344021
vn -0.921864 -0.186813 0.339511
vn -0.939841 -0.075669 0.333125
vn -0.128365 0.835808 0.533804
vn -0.194113 0.810307 0.552922
vn -0.255902 0.785008 0.56416
vn -0.311905 0.762113 0.567362
vn -0.365753 0.742102 0.561703
vn -0.388339 0.718147 0.577458
vn -0.501538 0.645612 0.575886
vn -0.571019 0.63387 0.521676
vn -0.632716 0.586685 0.505441
vn -0.689957 0.539561 0.482528
vn -0.744739 0.48162 0.461959
vn -0.793699 0.421969 0.43816
vn -0.838999 0.346579 0.41948
vn -0.881645 0.259324 0.394276
vn -0.915289 0.158683 0.370224
vn -0.935845 0.0463193 0.349353
vn 0.136288 -0.900399 0.413168
vn 0.202749 -0.898038 0.390411
vn 0.271122 -0.885407 0.377554
vn 0.335874 -0.865044 0.372676
vn 0.388885 -0.843406 0.370721
vn 0.569661 -0.723037 0.390775
vn 0.615532 -0.663499 0.42531
vn 0.665494 -0.596098 0.449206
vn 0.706093 -0.527516 0.472398
vn 0.780603 -0.378028 0.497748
vn 0.817077 -0.171621 0.550392
vn 0.818328 -0.0528595 0.572316
vn 0.803705 0.072078 0.590647
vn -0.417253 -0.547894 0.72506
vn -0.543001 -0.673025 -0.502183
vn -0.0419262 -0.983182 -0.177752
vn 0.266092 -0.962337 -0.0556937
vn 0.386408 -0.920895 -0.0513969
vn 0.461148 -0.886472 -0.0388589
vn 0.504307 -0.86257 -0.0405823
vn 0.482904 -0.875028 -0.0336186
vn 0.547994 -0.836315 0.0167215
vn 0.632176 -0.774139 0.0325944
vn 0.683518 -0.727428 0.0604231
vn 0.706793 -0.70441 0.0651961
vn 0.71237 -0.699134 0.0611606
vn 0.710993 -0.700574 0.0606971
vn 0.704805 -0.707027 0.0579919
vn 0.69506 -0.716313 0.0615508
vn 0.686148 -0.724661 0.0637698
vn 0.67065 -0.73878 0.0665807
vn 0.650934 -0.755612 0.0730495
vn 0.631094 -0.771671 0.0790245
vn 0.603002 -0.793575 0.0814131
vn 0.556163 -0.824086 0.107544
vn 0.586544 -0.80751 0.0624
vn 0.6034 -0.791281 0.0989074
vn -0.588774 -0.735289 0.335702
vn -0.651323 -0.221391 -0.725785
vn -0.596896 -0.571671 -0.562945
vn -0.301597 -0.917576 -0.259023
vn -0.0642691 -0.993002 -0.099077
vn 0.0293037 -0.998075 -0.0546682
vn 0.0921809 -0.995056 -0.0369593
vn -0.0175551 -0.999843 -0.00231369
vn 0.132217 -0.989909 -0.0509787
vn 0.328756 -0.944408 0.00370929
vn 0.406035 -0.91246 0.0505262
vn 0.426588 -0.902053 0.0657529
vn 0.425575 -0.902025 0.0723685
vn 0.418034 -0.905496 0.0729745
vn 0.406963 -0.910526 0.0729641
vn 0.395669 -0.915279 0.0755714
vn 0.382102 -0.920609 0.0804765
vn 0.363936 -0.927592 0.0844024
vn 0.342714 -0.934843 0.0928182
vn 0.315553 -0.943971 0.0966743
vn 0.299515 -0.948852 0.099851
vn 0.296587 -0.947383 0.120424
vn 0.412374 -0.909431 0.05369
vn 0.437176 -0.894597 0.0925908
vn 0.703559 0.710583 -0.0087652
vn 0.68949 0.722816 0.0462697
vn 0.634965 0.769967 0.0630107
vn 0.605101 0.79597 0.0168727
vn 0.609158 0.792352 -0.0332368
vn 0.43077 -0.899766 0.0697034
vn 0.381736 -0.921737 0.0684025
vn 0.415908 -0.908363 0.0435534
vn 0.392528 -0.916313 0.0793233
vn 0.303275 -0.940258 0.154721
vn 0.345984 0.933077 0.0982979
vn 0.310695 0.948101 0.0676177
vn 0.334006 0.941516 0.0445775
vn 0.325858 0.942283 0.07694
vn 0.233113 0.957837 0.167951
vn 0.773098 -0.633772 -0.0255416
vn 0.73849 -0.672724 0.0455477
vn 0.681344 -0.729299 0.0624037
vn 0.664571 -0.747006 0.0180736
vn 0.659898 -0.749977 -0.0454881
vn -0.575392 -0.814285 0.0765823
vn -0.60136 -0.795931 0.0697121
vn -0.663038 -0.746307 0.0583663
vn -0.671204 -0.738808 0.0603877
vn -0.675414 -0.735288 0.0562805
vn -0.678829 -0.732528 0.0509295
vn -0.686097 -0.726062 0.0458794
vn -0.689431 -0.723059 0.0432646
vn -0.696573 -0.716479 0.0380107
vn -0.69972 -0.713407 0.0379953
vn -0.706793 -0.706554 0.0350074
vn -0.710098 -0.703052 0.0384491
vn -0.715827 -0.697329 0.0363901
vn -0.717227 -0.695601 0.0415351
vn -0.710877 -0.702403 0.0358228
vn -0.654346 -0.755993 0.0175109
vn -0.590814 -0.806319 -0.0280875
vn -0.52006 -0.853155 -0.0408019
vn -0.483835 -0.873099 -0.0600111
vn -0.512375 -0.857282 -0.0503862
vn -0.488411 -0.87223 -0.0258757
vn -0.469212 -0.881892 -0.0458973
vn -0.175306 -0.972011 -0.156407
vn 0.0450549 -0.573033 -0.818293
vn -0.389017 -0.916357 0.0946347
vn -0.391478 -0.915875 0.0889849
vn -0.391489 -0.916949 0.0770736
vn -0.388114 -0.918413 0.076714
vn -0.386205 -0.919504 0.0732016
vn -0.389892 -0.918326 0.0682804
vn -0.389768 -0.91875 0.0630774
vn -0.3926 -0.917648 0.0615363
vn -0.395063 -0.916952 0.0558917
vn -0.394596 -0.917302 0.0533905
vn -0.395025 -0.917005 0.0552946
vn -0.400683 -0.914393 0.0577735
vn -0.403749 -0.913279 0.0539216
vn -0.378661 -0.924445 0.0449177
vn -0.317149 -0.948064 0.0242997
vn -0.132473 -0.990279 -0.0424007
vn 0.0727039 -0.997192 -0.0179403
vn -0.0544453 -0.998509 -0.00391759
vn -0.0412573 -0.999139 -0.00436051
vn 0.0194612 -0.999732 -0.0125344
vn 0.139884 -0.98896 -0.0488894
vn 0.470446 -0.849637 -0.238323
vn -0.370758 -0.855826 0.360695
vn -0.308273 -0.849366 0.428422
vn -0.185317 -0.925492 0.330337
vn -0.239716 -0.96726 0.0833285
vn -0.310674 -0.947985 -0.0693251
vn -0.779905 0.536121 -0.322989
vn -0.729799 0.61311 -0.302473
vn -0.708778 0.663821 -0.238695
vn -0.645581 0.763546 -0.0149424
vn -0.626911 0.76972 0.120475
vn -0.647366 0.688548 0.326831
vn -0.65631 0.151916 -0.739039
vn -0.653319 0.506307 -0.562875
vn -0.395731 0.881292 -0.258304
vn -0.157185 0.983241 -0.0923619
vn -0.0653019 0.996153 -0.0584386
vn -0.000799447 0.999338 -0.036377
vn -0.094878 0.995328 -0.0178787
vn 0.0357801 0.998685 -0.0367099
vn 0.207671 0.978014 -0.0190132
vn 0.31233 0.949015 0.042677
vn 0.341725 0.937804 0.0612174
vn 0.343082 0.937016 0.0655344
vn 0.334566 0.939932 0.0677714
vn 0.324718 0.943389 0.0676434
vn 0.310005 0.948119 0.0704749
vn 0.297334 0.951936 0.0735558
vn 0.278202 0.957147 0.0804572
vn 0.25556 0.962944 0.0861844
vn 0.229628 0.968948 0.0917055
vn 0.210632 0.972844 0.095964
vn 0.202787 0.972959 0.110584
vn 0.324844 0.944775 0.0433109
vn 0.347369 0.933703 0.0867954
vn -0.287138 0.622555 0.727996
vn -0.546477 0.65059 -0.527347
vn -0.0790532 0.981778 -0.172805
vn 0.196218 0.977804 -0.0734659
vn 0.305631 0.950879 -0.0491887
vn 0.391743 0.919183 -0.040502
vn 0.41544 0.908565 -0.0438128
vn 0.398365 0.916636 -0.0329254
vn 0.467182 0.884159 -0.00195384
vn 0.55408 0.832171 0.0220679
vn 0.613897 0.787008 0.0612189
vn 0.639948 0.766319 0.0567621
vn 0.64545 0.761606 0.0578805
vn 0.64424 0.762814 0.0554135
vn 0.63731 0.768777 0.0530934
vn 0.628232 0.776039 0.0555703
vn 0.614184 0.78702 0.058117
vn 0.598877 0.798399 0.0624979
vn 0.580286 0.811613 0.0674731
vn 0.5559 0.82804 0.0729652
vn 0.525962 0.846879 0.0784907
vn 0.475047 0.873796 0.103974
vn 0.507976 0.858814 0.066335
vn 0.522105 0.847606 0.0947118
vn -0.455206 0.884951 0.0982364
vn -0.457184 0.884461 0.093329
vn -0.45924 0.884685 0.08019
vn -0.455338 0.886896 0.0779924
vn -0.454205 0.887839 0.0737517
vn -0.454708 0.887967 0.0689617
vn -0.453729 0.888795 0.0646002
vn -0.456924 0.887327 0.0622131
vn -0.455832 0.888247 0.0568704
vn -0.457351 0.88742 0.0575864
vn -0.45939 0.886364 0.0576078
vn -0.465067 0.88345 0.0568282
vn -0.466491 0.882661 0.0574042
vn -0.434174 0.899944 0.0399155
vn -0.371828 0.928098 0.0194628
vn -0.182992 0.981875 -0.0493509
vn 0.0124657 0.999791 -0.0162199
vn -0.117632 0.993051 -0.00362258
vn -0.109233 0.994003 -0.00513092
vn -0.0673345 0.997725 -0.00325586
vn 0.0564899 0.99655 -0.0607946
vn 0.387203 0.890272 -0.239769
vn -0.631938 0.771019 0.0786388
vn -0.656158 0.751168 0.0721349
vn -0.713268 0.698072 0.0628008
vn -0.722117 0.689174 0.0598853
vn -0.727136 0.684109 0.0571578
vn -0.731466 0.679826 0.0528707
vn -0.735069 0.6763 0.0478817
vn -0.738958 0.672241 0.0450951
vn -0.743306 0.667693 0.0410057
vn -0.745962 0.664818 0.0394693
vn -0.750691 0.659575 0.0377328
vn -0.754437 0.655121 0.0405159
vn -0.759979 0.648711 0.0400774
vn -0.765406 0.642391 0.0385783
vn -0.750374 0.659742 0.0409787
vn -0.70166 0.712512 -0.000457694
vn -0.628229 0.777903 -0.0139886
vn -0.572773 0.817433 -0.0611154
vn -0.561484 0.826247 -0.0452962
vn -0.57016 0.819768 -0.0538272
vn -0.54968 0.834961 -0.0263118
vn -0.489093 0.870955 -0.0471669
vn -0.216116 0.964658 -0.150763
vn 0.00669815 0.574391 -0.818554
vn -0.712063 -0.635333 -0.29886
vn -0.676359 -0.664367 -0.31805
vn -0.654631 -0.721099 -0.226879
vn -0.592465 -0.805402 -0.0176574
vn -0.560559 -0.820256 0.113818
vn -0.463724 0.821396 0.332067
vn -0.384378 0.820291 0.423529
vn -0.260338 0.91219 0.31644
vn -0.321099 0.942522 0.092452
vn -0.386592 0.919571 -0.0702585
vn 0.696365 -0.0774191 0.7135
vn 0.463577 -0.732301 0.498831
vn 0.506139 0.716789 0.479621
vn -0.950509 0.310077 -0.0196442
vn -0.933526 -0.357773 -0.0229815
vn 0.967683 -0.252014 0.00888379
vn 0.844532 -0.532492 -0.056731
vn -0.608478 0.754172 -0.24694
vn -0.294805 0.913148 -0.281516
vn 0.629917 0.773513 -0.069871
vn -0.19735 -0.93417 -0.297288
vn 0.434825 -0.894858 -0.100783
vn -0.552074 0.828966 -0.0896075
vn -0.573734 0.805953 -0.145839
vn 0.332177 0.938895 -0.0901906
vn 0.62425 0.779384 -0.053605
vn -0.393859 -0.908148 -0.141923
vn -0.391787 -0.911924 -0.122058
vn 0.410975 -0.906099 -0.100418
vn -0.4607 0.882606 -0.0936066
vn -0.396256 0.907151 -0.141631
vn 0.650933 0.758164 -0.0383819
vn -0.469622 -0.868343 -0.159485
vn 0.39984 -0.911853 -0.0930195
vn 0.678083 -0.732454 -0.0609362
vn -0.781537 0.622647 -0.0388758
vn 0.827281 0.561177 0.026204
vn -0.764515 -0.644348 -0.0182413
vn 0.821278 -0.570474 0.00785625
vn -0.618781 0.77107 -0.150206
vn 0.323616 0.941324 -0.0958215
vn -0.32447 -0.944136 -0.057684
vn 0.681714 -0.730769 -0.035253
vn -0.820778 0.570767 -0.0234061
vn 0.79895 0.601283 -0.0117232
vn -0.730757 -0.681849 -0.0327998
vn 0.85541 -0.517687 0.0165412
vn -0.947884 0.312585 0.0616958
vn 0.947798 0.271981 0.16645
vn -0.952055 -0.295775 0.0781508
vn 0.963003 -0.250719 0.0988239
vn -0.339392 0.939517 -0.0460527
vn 0.662089 0.749398 -0.00631343
vn -0.5966 -0.796506 -0.0982229
vn 0.371682 -0.924488 -0.0847033
vn -0.814976 0.579494 -0.00111931
vn 0.774231 0.63264 0.0182328
vn 0.760098 0.648379 -0.0430707
vn -0.719284 -0.694186 -0.0271362
vn -0.706048 -0.707603 -0.0281962
vn 0.847635 -0.528744 0.0440882
vn -0.966489 0.253319 0.0415809
vn 0.964054 0.218944 0.150547
vn -0.928072 -0.366822 0.064216
vn 0.977812 -0.192387 0.0828966
vn 0.727572 0.68597 -0.00921093
vn -0.674622 -0.736101 -0.0551423
vn 0.806227 -0.590942 0.0280276
vn 0.859484 -0.50799 0.0568604
vn -0.975452 0.193278 0.105534
vn -0.98443 0.175017 0.0163
vn 0.982102 -0.132104 0.134255
vn 0.991213 -0.115434 0.0645846
vn -0.994592 0.0545212 0.0883926
vn 0.993302 0.0050612 0.115438
vn 0.0829386 -0.352648 -0.932073
vn 0.0627979 0.372579 -0.925873
vn -0.69057 0.717758 -0.0890866
vn 0.298237 0.951364 -0.0772066
vn -0.235855 -0.970918 -0.0411184
vn 0.710793 -0.703365 -0.00715349
vn -0.788413 0.614905 -0.0172418
vn -0.833008 0.552618 0.0266585
vn 0.251201 0.964765 -0.0782774
vn -0.173387 -0.983712 -0.0474018
vn 0.749138 -0.662294 0.0125874
vn -0.736077 0.674891 -0.0520815
vn 0.393237 -0.794227 0.463215
vn 0.325831 0.821842 0.467344
vn 0.368094 -0.910912 -0.186401
vn 0.219411 0.96112 -0.167652
vn 0.365562 -0.813731 0.451892
vn 0.231895 0.880751 0.412919
vn 0.0303637 -0.481982 -0.875655
vn -0.0186225 0.499046 -0.866375
vn 0.456219 -0.741264 0.492332
vn 0.0451937 -0.528236 -0.847894
vn -0.0276691 0.57523 -0.817524
vn 0.0426028 -0.0169271 -0.998949
vn 0.0787734 -0.902361 -0.423722
vn 0.114419 0.970141 -0.213859
vn 0.0563124 0.915796 -0.397678
vn 0.0317834 0.0143591 -0.999392
vn 0.0572008 -0.18894 -0.980321
vn 0.00255549 -0.008205 -0.999963
vn 0.0152084 -0.14586 -0.989188
vn 0.0324717 -0.476667 -0.878484
vn 0.0680671 -0.828762 -0.555446
vn 0.0277372 0.723463 -0.689806
vn 0.0319167 0.131773 -0.990766
vn 0.180097 0.00600812 -0.983631
vn -0.248861 0.968519 -0.0063051
vn 0.275456 -0.959297 -0.0622317
vn 0.270831 -0.961546 0.0456153
vn 0.265803 -0.961212 0.0736286
vn 0.261363 -0.961554 0.0842855
vn 0.276946 -0.955723 0.0994687
vn 0.27226 -0.957431 0.0959214
vn 0.283991 -0.956315 0.0693653
vn 0.249967 -0.963752 0.0932647
vn 0.278173 -0.956312 0.0899282
vn 0.298033 -0.949337 0.0996793
vn 0.290375 -0.952137 0.095481
vn 0.27421 -0.956763 0.0970261
vn 0.254606 -0.962817 0.0903307
vn 0.224322 -0.971325 0.0787805
vn 0.222273 -0.97173 0.0795936
vn 0.211557 -0.974604 0.0734226
vn 0.228797 -0.970177 0.0800561
vn 0.0733047 -0.98496 -0.156464
vn 0.370213 -0.928693 0.021699
vn 0.3137 -0.948026 0.0532861
vn 0.340816 -0.937743 0.0669524
vn 0.291267 -0.953582 0.0764527
vn 0.338955 -0.940619 0.0185851
vn 0.272678 -0.957733 0.091616
vn 0.301628 -0.953244 0.0186212
vn 0.296698 -0.953395 0.0548442
vn 0.300886 -0.949974 0.083773
vn 0.298055 -0.95085 0.0839469
vn 0.280028 -0.953876 0.108188
vn 0.286582 -0.952702 0.101141
vn 0.249811 -0.962927 0.10181
vn 0.298523 -0.948734 0.103867
vn 0.294171 -0.949666 0.107693
vn 0.292733 -0.94967 0.111508
vn 0.275268 -0.955268 0.108127
vn 0.298136 -0.948503 0.107034
vn 0.255952 -0.961083 0.103965
vn -0.235639 -0.924575 -0.299393
vn -0.262915 -0.948045 -0.179126
vn -0.194229 -0.938981 -0.283884
vn -0.20896 -0.969271 -0.129809
vn -0.232841 -0.935485 -0.265807
vn -0.233743 -0.917581 -0.321573
vn -0.206243 -0.960715 -0.185718
vn 0.200364 0.761473 0.616452
vn -0.329141 -0.909746 -0.25304
vn -0.417759 -0.873512 -0.249907
vn 0.242169 0.92449 0.294402
vn 0.290185 0.784698 0.547761
vn -0.277112 -0.772014 -0.572016
vn -0.25764 -0.916082 -0.30727
vn -0.205909 -0.804781 -0.556713
vn -0.0812109 -0.973986 -0.211558
vn -0.157588 -0.946854 -0.280415
vn -0.0340242 -0.987965 -0.150891
vn -0.148586 -0.822601 -0.548862
vn -0.0526944 -0.970112 -0.236868
vn -0.0735982 -0.923597 -0.376235
vn 0.023601 0.976232 0.215437
vn 0.130741 0.959914 0.247937
vn 0.205604 0.915859 0.344861
vn 0.046995 0.862926 0.50314
vn 0.16113 0.870227 0.465555
vn 0.170151 0.833586 0.52553
vn -0.256614 -0.945025 -0.202676
vn -0.0289304 -0.976762 -0.212364
vn -0.0884085 0.991463 -0.0958385
vn 0.0448726 0.99507 0.0884473
vn -0.577497 -0.621421 -0.529466
vn -0.403728 -0.842708 -0.356155
vn -0.177737 -0.983732 0.0261117
vn -0.138303 -0.989479 -0.0424773
vn -0.131145 -0.988623 -0.0736523
vn -0.0912763 -0.979393 -0.18016
vn -0.00595897 -0.982048 -0.188536
vn -0.0769327 -0.95626 -0.28222
vn 0.0400184 -0.966437 -0.253769
vn -0.0699234 -0.996048 0.0547589
vn -0.116097 -0.990157 -0.0781745
vn -0.122182 -0.990493 0.0632133
vn -0.183182 -0.975015 -0.125661
vn 0.0715362 -0.997291 -0.0171153
vn 0.278092 -0.876899 0.392062
vn 0.618041 -0.456311 0.64016
vn 0.468242 -0.677422 0.567317
vn -0.525722 0.849947 -0.034726
vn 0.61169 -0.787858 0.0715193
vn 0.662392 -0.746344 0.0648663
vn 0.630314 -0.770351 0.0962495
vn 0.667391 -0.738724 0.0942136
vn 0.715488 -0.696319 0.0567243
vn 0.604362 -0.793163 0.0750999
vn 0.610762 -0.786573 0.0909537
vn 0.703267 -0.709984 0.0365751
vn 0.665183 -0.744187 0.0609772
vn 0.730386 -0.68235 0.0305865
vn 0.706154 -0.70716 0.0356557
vn 0.789751 -0.613244 0.0150007
vn 0.690493 -0.721491 0.0516713
vn 0.751404 -0.659412 0.0238159
vn 0.806173 -0.591659 0.00496707
vn 0.77249 -0.634868 0.0142257
vn 0.759627 -0.649859 0.0254814
vn 0.719824 -0.69281 0.0432118
vn 0.77983 -0.625991 0.0010017
vn -0.884817 0.462811 0.0539054
vn -0.915843 0.395059 0.0718263
vn -0.891722 0.450159 0.0467871
vn -0.955761 0.276709 0.0997668
vn -0.917791 0.395195 0.0384624
vn 0.877927 -0.475696 -0.0543777
vn 0.952141 -0.290699 -0.0944583
vn 0.991806 -0.0376936 -0.122064
vn 0.0558464 -0.856294 -0.513461
vn 0.0651398 -0.689345 -0.721499
vn 0.0473643 -0.487521 -0.871825
vn 0.00682354 -0.222009 -0.975021
vn 0.840418 -0.540815 0.0348843
vn 0.897844 -0.440169 -0.0112442
vn 0.978329 -0.16209 -0.128837
vn -0.453671 -0.794744 -0.403194
vn 0.65384 -0.754797 -0.0526789
vn 0.74991 -0.637551 -0.176529
vn 0.960315 -0.265653 -0.0849911
vn 0.892262 -0.451333 -0.0129158
vn 0.931279 -0.0382866 -0.362289
vn 0.0620935 0.00529188 -0.998056
vn 4.5616e-05 4.62157e-05 -1
vn 0.100167 -0.807 -0.581995
vn 0.0565744 -0.339033 -0.939072
vn 0.117765 -0.713775 -0.690403
vn 0.0318473 -0.221052 -0.974742
vn 0.041984 -0.360498 -0.931815
vn 9.75273e-05 0.00122959 -0.999999
vn 0.0665657 -0.695332 -0.715599
vn 0.00924909 -0.0666254 -0.997735
vn 0.000362852 0.00167101 -0.999999
vn -0.000135953 -0.0203211 -0.999793
vn 0.0102147 -0.121716 -0.992512
vn 0.0741682 -0.504145 -0.860429
vn 0.0593871 -0.553445 -0.830766
vn -0.114974 -0.0655783 -0.991202
vn 0.0118077 -0.170232 -0.985333
vn -0.0293047 -0.0173296 -0.99942
vn 0.0808448 -0.514287 -0.853799
vn -0.000615366 -0.00853248 -0.999963
vn -0.0175577 -0.00322084 -0.999841
vn -0.0232486 0.00554536 -0.999714
vn -0.169903 0.000327639 -0.985461
vn -0.111177 -0.00283714 -0.993797
vn -0.158344 -0.0814987 -0.984015
vn -0.259649 -0.812367 -0.522152
vn 0.0930213 -0.993586 0.06429
vn 0.132506 -0.960323 0.2454
vn 0.119728 -0.983656 0.134483
vn 0.172228 -0.947011 0.271124
vn 0.2363 -0.905092 0.353511
vn 0.187991 -0.954752 0.23045
vn 0.156614 -0.942036 0.296717
vn 0.458269 -0.719355 0.522032
vn 0.309273 -0.853926 0.418521
vn 0.487362 -0.655908 0.576423
vn 0.282044 -0.899834 0.33279
vn 0.296491 -0.869544 0.394951
vn 0.559571 -0.578033 0.593935
vn 0.389799 -0.809902 0.43831
vn 0.212414 -0.976823 0.0264148
vn 0.410305 -0.882845 -0.228546
vn 0.314558 -0.949038 -0.0195082
vn 0.366783 -0.930306 0.000827152
vn 0.280525 -0.958036 0.0589311
vn 0.299023 -0.952343 0.060237
vn 0.237017 -0.969575 0.0612204
vn 0.302961 -0.951298 0.0569803
vn 0.319108 -0.947717 -0.00147311
vn 0.287961 -0.948804 -0.129804
vn -0.156007 -0.879211 0.450166
vn -0.00932952 -0.944789 0.327546
vn -0.211429 0.975143 0.0662822
vn -0.160635 0.982382 -0.0955068
vn -0.140539 0.987281 0.0743289
vn -0.208501 0.968307 -0.137509
vn -0.15138 0.987674 0.0398058
vn -0.400244 0.903286 0.15453
vn -0.226267 0.971746 0.0671822
vn -0.270873 0.959763 0.0740492
vn -0.366025 0.924316 0.108009
vn -0.156679 0.987648 0.00176245
vn -0.235485 0.970246 0.0562938
vn -0.451493 0.874217 0.178603
vn -0.470159 0.858101 0.20643
vn -0.440845 0.882074 0.166139
vn -0.284654 0.954463 -0.0892819
vn -0.383135 0.911851 0.14743
vn 0.375831 -0.914611 -0.149126
vn 0.374466 -0.910361 -0.17612
vn 0.286907 -0.915744 -0.281243
vn 0.366929 -0.8751 -0.315535
vn 0.357883 -0.888331 -0.287728
vn 0.360993 -0.890661 -0.276419
vn 0.247385 -0.907556 -0.339327
vn 0.403242 -0.873452 -0.272905
vn 0.291155 -0.915421 -0.277909
vn 0.384705 -0.874349 -0.295831
vn 0.338147 -0.884211 -0.322222
vn 0.296119 -0.889958 -0.346827
vn 0.238476 -0.899475 -0.366161
vn 0.185027 -0.911696 -0.366845
vn 0.186647 -0.907423 -0.376492
vn 0.511191 -0.856994 -0.0651517
vn 0.441313 -0.887131 -0.135064
vn -0.447682 0.893921 0.0220483
vn -0.375254 0.926025 -0.0407652
vn -0.0273876 -0.95681 0.28942
vn -0.393603 -0.790079 0.469949
vn -0.192252 -0.894577 0.403448
vn -0.0706723 -0.978041 0.196065
vn 0.00641514 -0.989371 0.145272
vn 0.343485 -0.936632 -0.0688366
vn 0.364463 -0.926823 -0.0903646
vn 0.185301 -0.952567 -0.24141
vn 0.533462 -0.807981 -0.250172
vn 0.345573 -0.934501 -0.0853685
vn 0.300145 -0.95387 -0.00666396
vn 0.223347 -0.967522 -0.118392
vn 0.26871 -0.960554 -0.0716323
vn 0.091705 -0.976699 -0.194034
vn 0.24301 -0.955323 -0.168238
vn 0.241718 -0.928495 -0.281903
vn 0.161983 -0.955519 -0.246464
vn 0.295544 -0.917019 -0.267825
vn -0.024945 -0.995101 -0.0956683
vn 0.0689449 -0.981069 -0.18097
vn -0.0607178 -0.995449 -0.0734513
vn 0.130971 -0.971629 -0.196936
vn -0.0646089 -0.994345 -0.0842802
vn 0.0071449 -0.993174 -0.116424
vn -0.177917 -0.983984 -0.0110419
vn 0.161292 -0.965245 -0.205639
vn -0.180452 -0.98358 -0.00270627
vn 0.144093 -0.979561 0.140347
vn 0.249968 -0.967245 0.0442006
vn 0.142691 -0.989727 0.00892932
vn 0.27114 -0.962077 -0.0298615
vn 0.370076 -0.923579 -0.100229
vn 0.198849 -0.979476 -0.032959
vn 0.339188 -0.936505 -0.0889334
vn 0.516372 -0.829496 -0.21283
vn 0.561871 -0.789545 -0.246821
vn -0.0423227 -0.997361 0.0589941
vn -0.0400993 -0.998504 0.0371691
vn -0.00283887 -0.999336 0.0363282
vn 0.184724 -0.982124 0.0361792
vn 0.128263 -0.990861 0.0417444
vn 0.0360425 -0.998882 0.0306069
vn 0.082973 -0.995619 0.0431165
vn -0.0881734 -0.995109 0.044534
vn -0.166915 -0.984479 0.0542297
vn -0.116468 -0.992327 0.0415059
vn -0.0406515 -0.998278 0.0422789
vn -0.211278 -0.975703 0.0580106
vn 0.0383744 -0.998445 0.0404374
vn 0.0285948 0.996938 -0.0727825
vn -0.0405139 -0.997885 0.0508351
vn -0.246878 -0.966367 0.0720216
vn -0.317871 -0.945408 0.0718523
vn -0.293031 -0.953625 0.0687947
vn -0.308343 -0.948193 0.0765218
vn -0.273433 -0.959583 0.066595
vn -0.291669 -0.953861 0.071269
vn -0.263481 -0.962382 0.0663248
vn -0.299386 -0.951187 0.0749019
vn -0.279168 -0.957636 0.0707022
vn -0.283947 -0.956125 0.0721087
vn -0.246357 -0.967114 0.063233
vn -0.951488 -0.245501 -0.18547
vn -0.579759 -0.734174 -0.353368
vn -0.882245 -0.127631 -0.453159
vn -0.827479 -0.554774 -0.0866296
vn -0.839846 -0.540874 -0.0459886
vn -3.49382e-05 -3.59404e-06 -1
vn -0.918158 -0.0537932 -0.392546
vn -0.97856 -0.143802 -0.147452
vn -0.75455 -0.655988 0.0182845
vn 0.107491 -0.993557 0.035919
vn 0.0638916 -0.984876 0.16105
vn 0.0772963 -0.977738 0.195076
vn 0.0283534 -0.965012 0.260667
vn -0.178866 -0.90681 0.381711
vn 0.0667726 -0.9659 0.250158
vn -0.000610632 -0.95578 0.294083
vn -0.210684 -0.879658 0.426397
vn 0.0667849 -0.959256 0.27453
vn -0.3032 -0.83153 0.465432
vn -0.686923 -0.72607 0.0309779
vn -0.702663 -0.710858 0.0307557
vn -0.686051 -0.727483 0.0101584
vn -0.74318 -0.668966 -0.0129693
vn -0.710755 -0.703391 0.00829485
vn -0.731739 -0.681347 0.0180223
vn -0.718021 -0.695813 -0.0170262
vn -0.787431 -0.614657 -0.0463554
vn -0.63975 -0.768362 0.0184533
vn -0.652922 -0.7564 0.0393966
vn -0.653522 -0.756793 0.0131534
vn -0.628862 -0.776119 0.0466003
vn -0.683024 -0.73036 -0.0071885
vn -0.600038 -0.799283 0.0331794
vn -0.676624 -0.736229 -0.012115
vn -0.631815 -0.775118 -0.00130039
vn -0.770874 -0.636509 -0.0247008
vn 0.571358 0.811255 -0.124161
vn 0.624435 0.77947 -0.0500706
vn -0.883577 -0.463066 -0.0697203
vn -0.947566 -0.285489 -0.143577
vn 0.877341 0.4771 0.0514569
vn 0.920228 0.381759 0.0862591
vn 0.923921 0.368064 0.1044
vn 0.832529 0.550837 0.0589463
vn 0.971934 0.20658 0.112559
vn 0.94386 0.307866 0.119776
vn -0.976692 -0.160897 -0.142075
vn -0.935323 -0.339502 0.0995457
vn -0.963409 -0.242631 0.113899
vn -0.889612 -0.454274 0.0471808
vn -0.870227 -0.48823 0.0658556
vn -0.840377 -0.540949 0.0337853
vn -0.782758 -0.621504 0.0319836
vn 0.96345 0.239712 -0.119594
vn 0.974207 0.199538 -0.10538
vn 0.883548 0.46125 -0.0811897
vn 0.777173 0.628457 -0.032312
vn 0.587331 0.805912 0.0744871
vn 0.775275 0.631572 -0.00813022
vn 0.646357 0.7626 0.0257734
vn 0.527739 0.84675 0.0671271
vn 0.55133 0.829434 0.0898558
vn 0.551669 0.832723 0.0472692
vn 0.569768 0.815481 0.101756
vn 0.629624 0.774288 0.0636598
vn 0.68356 0.729297 0.0295419
vn 0.728732 0.68479 -0.00348379
vn 0.525952 0.846071 0.0868267
vn 0.589551 0.806237 0.0491179
vn 0.613657 0.788858 0.0335886
vn 0.622338 0.781498 0.044228
vn 0.847329 0.530995 0.00878725
vn 0.0658314 -0.00521972 -0.997817
vn -2.65096e-05 -1.59078e-05 -1
vn 0.960459 0.0995905 -0.260001
vn -8.80141e-05 -0.000132656 -1
vn 0.857679 0.511952 -0.0478679
vn -0.501038 0.762312 -0.409685
vn 0.714204 0.670858 -0.199655
vn 0.200969 0.963179 -0.178601
vn 0.936128 0.211705 -0.280793
vn 0.970606 0.204503 -0.126893
vn 0.959119 0.248094 -0.13616
vn 0.94237 0.103229 -0.318249
vn 0.818671 0.573825 -0.0224238
vn 0.876311 0.480292 -0.0373957
vn 0.529806 0.84808 -0.00815162
vn 0.557467 0.829921 0.0214735
vn 0.389493 0.769285 0.506454
vn 0.543297 0.525067 0.655082
vn 0.227665 0.973421 -0.0248984
vn 0.24288 0.967988 0.0633171
vn 0.235726 0.971446 0.0269286
vn 0.195561 0.977735 0.0761001
vn 0.204424 0.974871 0.0885242
vn 0.21257 0.974906 0.0661264
vn 0.195978 0.979216 0.0522463
vn 0.171813 0.980737 0.0929301
vn 0.212188 0.975508 0.0579627
vn 0.206154 0.973622 0.0977839
vn 0.208403 0.974167 0.0869833
vn 0.204142 0.97334 0.104575
vn 0.190495 0.976372 0.102027
vn 0.189392 0.97651 0.10276
vn 0.157869 0.982392 0.0999132
vn 0.17009 0.980227 0.10112
vn 0.20643 0.974454 0.0884645
vn 0.197087 0.979937 0.029653
vn -0.16881 -0.985648 -0.00115774
vn 0.181395 0.981257 -0.06504
vn 0.177628 0.980522 0.0838177
vn 0.169383 0.984717 0.0405225
vn 0.164112 0.983246 0.0793413
vn 0.16844 0.984533 0.0481914
vn 0.161541 0.982591 0.0917569
vn 0.169688 0.984401 0.0464925
vn 0.186022 0.979811 0.0732523
vn 0.187489 0.977616 0.0954704
vn 0.19977 0.976313 0.0830956
vn 0.157657 0.983728 0.0861583
vn 0.171403 0.980695 0.0941147
vn 0.135379 0.987498 0.0807427
vn 0.190471 0.976999 0.0958841
vn 0.164327 0.982721 0.0851786
vn 0.172899 0.98082 0.0899842
vn 0.124813 0.989586 0.0716979
vn 0.20043 0.974446 0.101404
vn 0.115316 0.99082 0.070559
vn -0.046525 0.967483 -0.248621
vn -0.255195 0.96687 0.00611437
vn -0.178701 0.971252 -0.157274
vn -0.243379 0.968578 -0.0512091
vn -0.143949 0.948105 -0.283504
vn -0.112198 0.970577 -0.213055
vn -0.061879 0.963721 -0.25964
vn -0.185861 0.971999 -0.14378
vn -0.0429098 0.984917 -0.167623
vn -0.260484 0.941346 -0.214514
vn -0.245553 0.963169 -0.109583
vn -0.463945 0.820285 -0.334497
vn -0.156076 0.986269 0.0539754
vn -0.218295 0.973853 0.0629147
vn -0.158624 0.985772 -0.0556002
vn -0.242825 0.969676 0.0276639
vn -0.457112 0.824287 -0.334066
vn -0.298737 0.941376 -0.156739
vn -0.350386 0.919235 -0.179547
vn -0.344341 0.910008 -0.2309
vn -0.235185 0.964535 0.119838
vn -0.332468 0.942802 -0.0242987
vn -0.518284 0.727379 -0.44978
vn -0.615193 0.655666 -0.437767
vn -0.524184 0.764356 -0.375487
vn -0.249878 0.960074 -0.125773
vn -0.480736 0.841614 -0.246126
vn 0.0612943 -0.995458 0.0728437
vn -0.00466376 -0.995634 -0.0932205
vn -0.631397 0.562083 -0.53423
vn -0.0365667 0.99902 -0.0249347
vn 0.0943747 0.951151 0.293948
vn 0.333554 -0.756913 0.561982
vn 0.316937 -0.901385 0.295052
vn -0.332392 0.927523 -0.170928
vn -0.305646 0.933167 -0.189156
vn -0.24489 0.92777 -0.281551
vn -0.307284 0.895455 -0.322082
vn -0.296286 0.908117 -0.29587
vn -0.319025 0.90795 -0.271754
vn -0.201384 0.913088 -0.354562
vn -0.234922 0.903189 -0.359251
vn -0.24177 0.904216 -0.352053
vn -0.283975 0.90208 -0.324976
vn 0.258577 -0.768708 0.585001
vn -0.168578 0.951436 -0.257588
vn -0.352331 0.737633 -0.575987
vn -0.282025 0.863671 -0.417772
vn -0.358874 0.864046 -0.353035
vn -0.261178 0.928965 -0.262317
vn -0.148784 0.947179 -0.284104
vn -0.154303 0.913453 -0.376557
vn 0.105554 -0.968841 0.224064
vn 0.119341 -0.862166 0.492369
vn 0.215979 -0.794949 0.566929
vn 0.234178 -0.942315 0.239173
vn 0.175594 -0.930291 0.322065
vn 0.296428 -0.867557 0.399344
vn -0.425337 -0.90424 -0.0379305
vn -0.548625 -0.827473 -0.119578
vn -0.924886 -0.0249868 -0.379424
vn -0.0159325 0.126252 -0.99187
vn -0.957877 0.176216 -0.226759
vn -0.366582 0.787899 -0.494805
vn -0.137696 0.124223 -0.982654
vn 0.0292783 0.610417 -0.791539
vn -0.170528 0.00611912 -0.985334
vn 0.000543955 -0.000810671 -1
vn -0.0260849 0.0067201 -0.999637
vn -0.123504 -0.0205897 -0.99213
vn 0.0144626 0.202232 -0.979231
vn 0.00233653 0.106693 -0.994289
vn 0.00119683 0.00750144 -0.999971
vn 0.0170139 0.582429 -0.812703
vn 0.000335763 -0.000495747 -1
vn 0.000117028 0.0411053 -0.999155
vn 0.0459963 0.483186 -0.874309
vn 0.015174 0.0415397 -0.999022
vn 0.0250515 0.328635 -0.944125
vn -0.636804 0.678368 -0.366466
vn -0.982549 0.125128 -0.137624
vn -0.821573 0.569935 0.0138543
vn 0.0136377 0.998443 0.0540963
vn -0.0100907 0.974872 0.222539
vn -0.00296083 0.995442 0.0953216
vn -0.137847 0.940508 0.310553
vn -0.0453687 0.971546 0.232465
vn -0.147698 0.928487 0.340732
vn -0.0443751 0.992912 0.110261
vn -0.0628858 0.957847 0.280312
vn -0.0241348 0.961617 0.273333
vn -0.230366 0.917932 0.323006
vn -0.780501 0.624894 0.0180573
vn 0.0404224 0.834724 -0.549183
vn 0.0221695 0.670733 -0.741367
vn -0.0234399 0.434209 -0.900507
vn 0.00518819 0.821769 -0.569798
vn -0.0245406 0.377588 -0.925648
vn -0.0213334 0.77083 -0.636684
vn -0.00969268 0.450037 -0.892957
vn -0.00087333 0.00261256 -0.999996
vn 0.000164145 0.115966 -0.993253
vn -0.00354233 0.105412 -0.994422
vn 0.00335389 0.0640162 -0.997943
vn -0.936966 0.334149 -0.102173
vn -0.858266 0.511432 -0.0426252
vn 0.937494 -0.339183 0.0778458
vn 0.904817 -0.421557 0.0599642
vn 0.915635 -0.392625 0.0863587
vn 0.967722 -0.214003 0.133102
vn -0.749729 0.66173 -0.00436569
vn -0.639622 0.767575 0.0413804
vn -0.688165 0.725336 0.0177977
vn -0.673243 0.737643 0.0512605
vn -0.697902 0.715978 0.0175782
vn -0.700205 0.71273 0.0415752
vn -0.718185 0.695775 0.0103422
vn -0.752005 0.6589 -0.0184045
vn -0.792208 0.609625 -0.0276367
vn -0.736525 0.675516 0.0347566
vn -0.7444 0.667692 0.00747095
vn -0.751922 0.657973 0.0410505
vn -0.759375 0.65019 0.0245435
vn -0.786497 0.617413 -0.0149735
vn -0.774081 0.631625 0.0430006
vn -0.773355 0.633936 0.00686524
vn -0.806941 0.590526 -0.0112386
vn 0.622902 -0.771481 -0.129656
vn -0.412903 0.74441 0.524752
vn 0.0103607 0.997942 0.0632862
vn 0.0510825 0.988016 0.145654
vn 0.0396177 0.974346 0.221542
vn 0.106875 0.968939 0.223012
vn 0.260707 0.962346 -0.0769576
vn 0.233456 0.972367 0.000440707
vn 0.371957 0.911916 -0.173367
vn 0.199684 0.979674 -0.0190973
vn 0.224524 0.974466 -0.00210451
vn 0.155081 0.975044 -0.158867
vn 0.161517 0.98136 -0.104135
vn 0.0466468 0.970933 -0.23476
vn 0.0834635 0.967538 -0.238545
vn 0.237048 0.930239 -0.280113
vn 0.0118603 0.984433 -0.175358
vn 0.104848 0.957098 -0.270132
vn 0.194979 0.946754 -0.256202
vn 0.134876 0.960828 -0.242111
vn -0.0135867 0.985454 -0.169397
vn -0.0597905 0.990042 -0.127442
vn -0.218984 0.974937 -0.0392968
vn -0.140663 0.987891 -0.0654678
vn -0.217122 0.975948 -0.0195706
vn 0.0748489 0.98693 0.142713
vn 0.0687219 0.997578 0.010721
vn 0.147645 0.971727 0.18425
vn 0.128231 0.991236 -0.0317544
vn 0.365045 0.918578 -0.151515
vn 0.259855 0.963098 -0.0701198
vn 0.264391 0.960614 -0.0855445
vn 0.311696 0.945171 -0.097453
vn 0.447901 0.860037 -0.244379
vn 0.452648 0.860345 -0.234342
vn 0.394808 0.898759 -0.190679
vn 0.216904 0.970743 0.103012
vn -0.251257 -0.962332 0.103859
vn -0.31912 -0.934631 0.156933
vn 0.481651 0.846148 -0.228136
vn -0.22408 0.863226 0.452359
vn -0.177695 0.910668 0.372973
vn 0.139984 0.989519 0.0354489
vn 0.222294 0.973738 0.0491996
vn 0.213409 0.968416 -0.128943
vn 0.330103 0.915458 -0.230151
vn 0.297621 0.954682 0.0020044
vn 0.254014 0.942559 -0.21693
vn 0.235787 0.970339 0.05335
vn 0.207444 0.976964 0.0500802
vn 0.208528 0.975067 0.0758943
vn 0.211135 0.975665 0.059167
vn 0.16737 0.983655 0.0664035
vn 0.200492 0.97968 -0.00555052
vn 0.165495 0.985259 0.0433186
vn 0.169944 0.985453 -0.000795364
vn 0.221815 0.966437 -0.129608
vn -0.275437 -0.956311 0.0979991
vn 0.434437 0.898496 -0.0630033
vn 0.300059 0.952369 0.0543844
vn -0.377136 -0.925994 0.0174218
vn -0.359311 -0.924559 0.126833
vn 0.292417 0.921544 -0.255441
vn -0.0886657 -0.991205 -0.0982422
vn -0.138174 -0.989782 -0.0352063
vn -0.0598026 -0.995535 0.0730373
vn -0.127305 -0.989532 0.0679734
vn 0.308578 0.940033 -0.145321
vn 0.215689 0.93667 -0.27591
vn 0.289147 0.954219 -0.0765515
vn 0.190123 0.925456 -0.327695
vn 0.284209 0.950536 -0.12533
vn 0.31986 0.907062 -0.273729
vn 0.303616 0.904132 -0.300605
vn 0.276072 0.920354 -0.277006
vn 0.208882 0.915072 -0.34498
vn 0.241031 0.913409 -0.328006
vn 0.117412 0.927696 -0.354394
vn 0.288483 0.905243 -0.311951
vn 0.193392 0.927911 -0.318718
vn 0.240985 0.913216 -0.328577
vn 0.138763 0.917885 -0.371797
vn 0.16742 0.949763 -0.264425
vn 0.0943096 0.924077 -0.370388
vn -0.28052 0.958227 0.0557661
vn -0.320109 0.945288 0.0629277
vn -0.362456 0.929239 0.0716984
vn -0.389636 0.917828 0.0759912
vn -0.379882 0.921785 0.0774781
vn -0.375098 0.924293 0.0705942
vn -0.370439 0.925765 0.0757289
vn -0.346074 0.935674 0.0689034
vn -0.276361 0.959363 0.0569904
vn -0.320101 0.945432 0.0607679
vn -0.33952 0.938143 0.0679291
vn -0.257534 0.964651 0.0559084
vn -0.35681 0.93142 0.0717145
vn -0.388393 0.917944 0.080813
vn -0.251168 0.965952 0.0620615
vn 0.0761454 0.996516 0.0340375
vn -0.0865588 0.995192 0.0458385
vn 0.0347945 0.997935 0.0539983
vn -0.104829 0.99378 0.03759
vn -0.0683929 0.996929 0.0381586
vn -0.173121 0.983642 0.04977
vn 0.00550729 0.999148 0.0409041
vn -0.0544497 0.997694 0.0405114
vn -0.0478243 0.998094 0.0389923
vn -0.142232 0.988992 0.0407951
vn 0.245338 -0.966069 -0.0807518
vn -0.52951 0.846669 -0.0526458
vn 0.421162 -0.897679 -0.129593
vn -0.763104 0.645158 -0.0379933
vn -0.739125 0.669865 -0.07054
vn 0.795902 -0.604058 -0.0406747
vn 0.760061 -0.649557 -0.019582
vn -0.618816 0.779124 -0.10016
vn -0.681588 0.724865 -0.100042
vn 0.315648 0.939077 -0.136017
vn 0.283917 0.953656 -0.0996548
vn 0.21702 0.970093 -0.108729
vn -0.280621 -0.958537 -0.0495944
vn -0.204901 -0.977426 -0.0515252
vn -0.174534 -0.984643 0.00394057
vn 0.682612 -0.726461 -0.0793487
vn 0.716151 -0.697503 -0.0248579
vn 0.940066 0.298087 0.16559
vn 0.975649 0.184645 0.118383
vn 0.93428 0.328573 0.13842
vn 0.954031 0.261623 0.146214
vn 0.987161 0.0832179 0.136338
vn 0.988774 -0.0361592 0.14498
vn -0.971101 -0.236875 0.0292096
vn -0.991666 -0.0928376 0.0893257
vn -0.976059 -0.196429 0.0934048
vn -0.983293 -0.135733 0.121287
vn -0.993288 -0.0161379 0.114535
vn -0.988491 0.0934424 0.118968
vn -0.338653 0.940424 -0.0302734
vn -0.280332 0.958662 -0.0488052
vn -0.265694 0.96326 -0.0392174
vn 0.669873 0.742468 0.00349217
vn 0.713138 0.700776 0.0186375
vn -0.620816 -0.78008 -0.0778658
vn -0.676208 -0.735437 -0.043292
vn 0.370169 -0.925585 -0.0791708
vn 0.321872 -0.943635 -0.0771458
vn 0.774937 0.630869 0.0384354
vn -0.732755 -0.680492 -0.000455238
vn 0.69944 0.711403 -0.0684807
vn 0.673125 0.739134 -0.0241535
vn -0.633762 -0.769403 -0.0797859
vn -0.60345 -0.792414 -0.0890385
vn 0.814493 -0.578457 0.044599
vn -0.977485 0.176665 0.115383
vn 0.981776 -0.11827 0.148756
vn -0.998446 0.043414 0.0349496
vn 0.996304 0.0153812 0.0845071
vn 0.317967 -0.32206 -0.891725
vn 0.270449 0.00884983 -0.962694
vn 0.0921583 -0.0915198 -0.99153
vn 0.156908 0.0107377 -0.987555
vn 0.0309085 -0.00133454 -0.999521
vn 0.056523 0.0122017 -0.998327
vn 0.239865 0.0238964 -0.970512
vn 0.00126581 0.000375259 -0.999999
vn 0.267179 0.338455 -0.902255
vn 0.250764 0.965867 -0.0649562
vn 0.189285 0.979137 -0.0739126
vn -0.175529 -0.983364 -0.0467511
vn -0.15116 -0.986878 -0.0567635
vn 0.756955 -0.653007 0.0245129
vn -0.751746 0.658573 -0.0340527
vn 0.204975 -0.911492 0.356605
vn 0.111217 0.931285 0.346899
vn 0.119242 0.937201 0.327773
vn 0.279949 0.852191 0.44204
vn 0.451837 0.696964 0.556853
vn 0.0649021 0.00110816 -0.997891
vn -4.33406e-05 0.000846688 -1
vn 0.0942429 -0.861627 -0.498716
vn 0.02557 0.945094 -0.325796
vn -0.00944009 0.847515 -0.530687
vn 0.310911 -0.0190493 -0.950248
vn 0.300085 0.00106141 -0.953912
vn 0.416361 -0.00386475 -0.909191
vn 0.213453 0.0297389 -0.976501
vn -0.266185 0.963846 -0.0121363
vn -0.266579 0.960358 -0.0815361
vn -0.252348 0.962255 0.101914
vn -0.251869 0.964551 -0.0787633
vn -0.25111 0.963622 0.0915262
vn -0.222225 0.974551 -0.0294442
vn -0.266197 0.96255 0.0513431
vn 0.268892 -0.962586 -0.0335516
vn 0.291557 -0.955276 -0.0494226
vn 0.243205 -0.969101 -0.0411615
vn 0.268988 -0.961347 -0.0588014
vn 0.272912 -0.960177 -0.0598205
vn 0.277612 -0.959171 -0.054054
vn 0.30414 -0.952433 -0.0192511
vn 0.261909 -0.964693 0.0277842
vn 0.257064 -0.965381 0.0442593
vn 0.181035 -0.981175 0.0672436
vn 0.243138 -0.966635 0.0806332
vn 0.191433 -0.979254 0.0664419
vn 0.226448 -0.971029 0.0763197
vn 0.265291 -0.959696 0.0927577
vn 0.288924 -0.951823 0.102743
vn 0.288159 -0.952311 0.100337
vn 0.299484 -0.94986 0.0898581
vn 0.224505 -0.969382 0.0994768
vn 0.182279 -0.979386 0.0870524
vn 0.175534 -0.982238 0.0663007
vn 0.223461 -0.973607 -0.0464216
vn -0.121102 -0.915995 -0.382475
vn 0.000397696 -0.942627 -0.333849
vn 0.398013 -0.917379 -0.000806101
vn 0.433908 -0.900242 0.0358937
vn 0.346999 -0.9377 -0.017615
vn 0.343993 -0.938544 0.0283509
vn 0.384692 -0.921518 0.0530653
vn 0.296386 -0.950159 0.0967166
vn -0.107811 -0.938346 -0.328455
vn -0.126674 -0.927459 -0.351815
vn -0.20774 -0.974255 -0.0875853
vn -0.51601 -0.69296 -0.503528
vn -0.436243 -0.781741 -0.445615
vn -0.251137 -0.959782 -0.125491
vn -0.373743 -0.873435 -0.312133
vn -0.180381 -0.979546 0.0891762
vn -0.556046 -0.714127 -0.425248
vn -0.176268 -0.980245 0.0897206
vn 0.0173165 0.979913 0.198673
vn 0.0780064 0.948788 0.30613
vn 0.245394 0.94239 0.227341
vn 0.224932 0.90445 0.362459
vn -0.28384 -0.885644 -0.367518
vn -0.200525 -0.915961 -0.34757
vn 0.0522597 -0.998344 -0.024029
vn 0.0173315 -0.995204 -0.0962782
vn 0.0450839 -0.997739 -0.049839
vn -0.128257 -0.749536 -0.64942
vn -0.0356297 0.995886 0.0833203
vn -0.183498 -0.975076 -0.124723
vn -0.290711 -0.936141 -0.197803
vn 0.181626 0.925511 0.332326
vn 0.037502 0.977839 0.205974
vn -0.137727 0.988235 -0.0665041
vn -0.653132 -0.447705 -0.61072
vn -0.150598 -0.977482 -0.147817
vn -0.188639 -0.938318 -0.289784
vn -0.104766 -0.954833 -0.27806
vn 0.120231 -0.982611 -0.141494
vn -0.0491737 -0.997434 -0.0520333
vn -0.0723758 -0.988206 -0.134947
vn 0.120222 -0.991098 0.0571913
vn -0.0941987 -0.962203 -0.255525
vn 0.141883 -0.983616 0.111213
vn 0.637306 -0.336732 0.693147
vn -0.490062 0.859602 -0.144651
vn 0.647386 -0.761214 0.038
vn 0.701474 -0.712205 0.0264236
vn 0.75426 -0.655996 0.0275927
vn 0.755594 -0.654242 0.0323305
vn 0.741319 -0.671136 0.00475227
vn 0.789577 -0.613618 0.0063708
vn 0.825349 -0.56427 -0.0199735
vn 0.772061 -0.63524 -0.0197927
vn 0.817248 -0.575234 -0.0348199
vn 0.701121 -0.711595 0.0454084
vn 0.752361 -0.65811 0.0290519
vn 0.818146 -0.574992 -0.00456699
vn 0.935917 -0.34509 -0.0705066
vn 0.791821 -0.610105 0.0281256
vn 0.74099 -0.670243 0.0413352
vn 0.710815 -0.700765 0.0605894
vn 0.697708 -0.713657 0.0624237
vn -0.869742 0.493506 0.00127608
vn -0.960214 0.261315 0.0985021
vn 0.913642 -0.398479 -0.0804595
vn 0.881364 -0.469193 -0.0552787
vn 0.910202 -0.408278 -0.0695835
vn 0.868122 -0.492789 -0.0593529
vn 0.948058 -0.299658 -0.10673
vn 0.975428 -0.184409 -0.120554
vn 0.955675 -0.275167 -0.104728
vn 0.97124 -0.212548 -0.107314
vn 0.984844 -0.131077 -0.113586
vn 0.98956 -0.0682922 -0.126917
vn 0.991601 0.0420816 -0.122296
vn 0.987913 0.0867693 -0.12845
vn 0.991709 -0.0468051 -0.119677
vn 0.0943223 -0.925022 -0.368018
vn 0.0119175 -0.110098 -0.993849
vn -0.00027154 -0.000293204 -1
vn -0.000284694 0.000281087 -1
vn 0.00195209 -0.0082645 -0.999964
vn -0.00012532 0.00115058 -0.999999
vn 0.00459948 -0.0958152 -0.995389
vn 8.25656e-05 -0.000131681 -1
vn 0.797344 -0.601749 0.0462768
vn 0.887238 -0.460395 0.0290649
vn 0.815706 -0.57506 0.0626873
vn 0.788343 -0.612465 0.0583198
vn 0.95248 0.0128159 -0.304331
vn 0.758055 -0.651765 0.0235631
vn 0.696029 -0.717133 -0.035549
vn 0.0702745 -0.979629 -0.18812
vn 0.513657 -0.857914 0.0118561
vn 0.959025 -0.0215748 -0.282498
vn 0.930219 -0.134397 -0.341512
vn 0.244695 0.00734042 -0.969572
vn 3.13558e-05 7.02309e-06 -1
vn 0.240125 0.0159201 -0.970611
vn 0.356576 0.0227377 -0.933989
vn 2.40734e-05 8.5954e-06 -1
vn 0.0967679 -0.00107816 -0.995306
vn 1.77577e-05 -7.43638e-06 -1
vn 0.0641899 -0.364672 -0.928921
vn 0.00584875 -0.0558697 -0.998421
vn -4.20682e-05 0.000385503 -1
vn 0.14116 -0.795263 -0.589602
vn -3.15821e-05 1.13591e-05 -1
vn -0.0403486 0.00125567 -0.999185
vn -0.249908 -0.000152559 -0.96827
vn -0.384331 0.0118885 -0.923119
vn -0.308258 -0.0241186 -0.950997
vn 0.109237 -0.968621 0.223249
vn 0.274961 -0.894347 -0.352902
vn 0.28692 -0.937747 -0.195724
vn 0.280523 -0.959818 -0.00748326
vn 0.24992 -0.968042 0.0208635
vn 0.279671 -0.959978 0.0150139
vn 0.319527 -0.947132 -0.0290546
vn 0.327942 -0.943983 -0.0367367
vn 0.298549 -0.862031 -0.409598
vn 0.263581 -0.939677 -0.21802
vn 0.271736 -0.960813 0.0547588
vn 0.26123 -0.965277 -9.37289e-05
vn 0.34843 -0.936874 0.0293866
vn 0.358668 -0.927614 -0.104355
vn 0.143807 -0.946306 -0.289526
vn 0.143875 -0.906005 -0.398064
vn 0.239473 -0.89897 -0.366751
vn 0.148218 -0.908971 -0.389618
vn 0.142556 -0.96249 -0.23085
vn 0.200924 -0.932638 -0.299692
vn 0.284545 -0.905108 -0.315932
vn 0.0134667 -0.992183 -0.124067
vn 0.270636 -0.92419 -0.269499
vn 0.570266 -0.761173 -0.308888
vn 0.508605 -0.820711 -0.260297
vn 0.508102 -0.829875 -0.230521
vn 0.32293 -0.922184 0.21282
vn 0.299298 -0.94391 0.139481
vn -0.306742 0.93741 -0.164842
vn -0.479909 0.852083 0.208906
vn -0.317305 -0.798517 0.511556
vn -0.533581 -0.598773 0.597296
vn -0.237589 -0.969855 0.0541551
vn 0.220328 -0.917587 0.330891
vn 0.285453 -0.935434 0.208518
vn 0.000473843 -0.997174 0.0751301
vn -0.19883 -0.978125 0.0611454
vn 0.0196857 -0.998758 0.0457632
vn 0.0421574 -0.996677 0.0696919
vn 0.0263405 -0.998588 0.0461233
vn 0.12832 -0.990128 0.0563904
vn -0.244018 -0.967645 0.064173
vn 0.0884905 -0.995007 0.0461671
vn 0.0807614 -0.995598 0.0475605
vn 0.0212957 -0.998979 0.0398386
vn -0.047599 -0.998036 0.0407315
vn -0.1628 -0.985611 0.0454671
vn -0.0359596 -0.998226 0.0474575
vn -0.0232144 -0.998826 0.0425082
vn 0.0495353 -0.997601 0.0483521
vn -0.116597 -0.992041 0.0475383
vn -0.0676154 0.99716 -0.033182
vn -0.00763445 0.998179 -0.0598281
vn -0.0635207 0.996741 -0.0497179
vn 0.0741867 0.991535 -0.106562
vn 0.0754592 0.994609 -0.0711336
vn 0.130029 0.986972 -0.0947552
vn 0.0631349 -0.997451 0.0332503
vn 0.103854 -0.994415 0.018781
vn -0.00834561 -0.999774 0.019558
vn -0.0429271 -0.996983 0.064669
vn -0.101216 -0.993519 0.0517296
vn -0.155266 -0.98545 0.0691508
vn -0.174484 -0.982427 0.0662692
vn -0.229998 -0.971009 0.0651323
vn -0.282385 -0.957022 0.066084
vn -0.305208 -0.948949 0.0796423
vn -0.246114 -0.966557 0.0720751
vn -0.295084 -0.953309 0.0642357
vn -0.236063 -0.969803 0.0612875
vn -0.19063 -0.980184 0.0538503
vn -0.115627 -0.99191 0.0523966
vn -0.300087 -0.95107 0.073583
vn -0.273434 -0.959601 0.0663323
vn -0.949802 -0.090276 -0.299543
vn -0.842652 -0.0503417 -0.5361
vn -0.686046 -0.72424 -0.0694174
vn -0.900402 -0.42841 -0.0757726
vn -0.761899 -0.644672 -0.0625118
vn -0.801437 -0.595868 -0.0513809
vn -0.960556 -0.266715 -0.0787123
vn -0.924878 -0.373758 -0.0700434
vn -0.9771 -0.175885 -0.11975
vn -0.893323 -0.442735 -0.0772052
vn -0.967713 -0.234102 -0.0934214
vn -0.977954 -0.172132 -0.118226
vn -0.975553 -0.193978 -0.103291
vn -0.969355 -0.223479 -0.10202
vn 3.90555e-06 -5.76367e-06 -1
vn -7.8267e-06 -5.39093e-06 -1
vn -2.93569e-05 -3.08523e-07 -1
vn -0.0585615 -0.00523576 -0.99827
vn -0.929299 -0.0735978 -0.361921
vn -0.751461 -0.0275552 -0.659202
vn -0.901841 -0.028865 -0.431102
vn -0.973839 -0.165576 -0.155634
vn -0.961717 -0.255409 -0.0993324
vn -0.975454 0.183768 -0.121321
vn -0.737934 -0.673696 0.0398275
vn -0.788445 -0.615091 0.00412723
vn 0.0801612 -0.99632 -0.0303545
vn 0.0544591 -0.994435 0.0901824
vn -0.460485 -0.748589 0.477041
vn -0.716477 -0.695753 0.0508739
vn -0.720517 -0.691975 0.0450139
vn -0.78401 -0.618464 -0.0532111
vn -0.837047 -0.542052 -0.0743737
vn -0.751688 -0.658367 -0.0389625
vn -0.70526 -0.708427 -0.0271831
vn -0.725118 -0.688402 -0.0175288
vn -0.736168 -0.676333 -0.0250961
vn -0.781999 -0.621913 -0.0412513
vn -0.832423 -0.55096 -0.0592804
vn -0.87523 -0.476695 -0.0820683
vn -0.916181 -0.386735 -0.105115
vn -0.922454 -0.371812 -0.104089
vn -0.762004 -0.645873 -0.0468767
vn -0.819381 -0.570825 -0.0526621
vn 0.628463 0.771689 -0.0976236
vn -0.873025 -0.479234 -0.0903427
vn -0.954098 -0.255902 -0.155603
vn -0.949904 -0.26563 -0.164694
vn -0.944792 -0.302903 -0.124972
vn -0.936252 -0.310606 -0.164182
vn -0.947612 -0.27366 -0.164751
vn 0.81203 0.582171 0.0410375
vn -0.971639 -0.176928 -0.156892
vn -0.988712 -0.019233 -0.148586
vn -0.972706 -0.163088 -0.165062
vn -0.956284 -0.235737 -0.173058
vn -0.986916 -0.0553789 -0.15143
vn -0.842049 -0.536849 0.0524153
vn -0.759062 -0.650971 0.00785414
vn 0.964926 0.233296 -0.12038
vn 0.98291 0.136131 -0.123919
vn 0.93386 0.341252 -0.107013
vn 0.965674 0.230964 -0.118864
vn 0.933279 0.342185 -0.109091
vn 0.969844 0.212475 -0.119401
vn 0.907557 0.413504 -0.0731782
vn 0.753308 0.656992 0.0298252
vn 0.993111 -0.0343966 -0.112017
vn 0.893761 0.44049 -0.0846182
vn 0.841112 0.537946 -0.0560807
vn 0.881817 0.462466 -0.092324
vn 0.832568 0.549659 -0.068591
vn 0.786242 0.61708 -0.0321895
vn 0.767305 0.639393 -0.0491905
vn 0.711734 0.702164 -0.0200126
vn 0.66043 0.750751 0.014326
vn 0.815781 0.577334 -0.0344548
vn 0.761332 0.64826 -0.0115015
vn 0.705205 0.708739 0.019359
vn 0.510217 0.858424 0.0527844
vn 0.737471 0.675286 -0.0111898
vn 0.618524 0.783253 0.0627866
vn 0.659028 0.751321 0.0346383
vn 0.643297 0.764466 0.0419645
vn 0.718918 0.695014 0.0106363
vn 0.669776 0.742189 0.023593
vn 0.677874 0.734747 0.0251806
vn 0.694046 0.719619 0.0211929
vn 0.710728 0.703328 0.0139885
vn 0.672723 0.738929 0.0377925
vn 0.768567 0.639672 -0.0111572
vn 0.689395 0.72365 0.0326468
vn 0.7354 0.677604 0.00636891
vn 0.768322 0.640063 0.000335789
vn 0.739806 0.671801 0.0370229
vn 0.869084 0.49465 -0.00387898
vn 0.801645 0.596914 0.0325432
vn 0.250957 0.00782544 -0.967967
vn 0.349176 -0.0013076 -0.937056
vn -0.0370333 -0.00358902 -0.999308
vn -7.88933e-06 -8.02402e-06 -1
vn 1.82107e-07 -4.72785e-06 -1
vn 0.860548 0.0625811 -0.505511
vn 0.941146 0.0664119 -0.331411
vn -3.79158e-06 6.42023e-05 -1
vn -7.98891e-05 -0.000432071 -1
vn 0.832618 -0.000907298 -0.553847
vn 0.912857 0.0665779 -0.402815
vn 0.967099 0.140266 -0.212237
vn 0.977678 0.165646 -0.129256
vn 0.97672 0.165645 -0.136308
vn 0.967434 0.237064 -0.0887252
vn 0.762455 0.647011 -0.00628094
vn 0.558838 0.829204 -0.011033
vn 0.251112 0.892176 0.375451
vn 0.161913 0.93827 0.305669
vn 0.37233 0.762409 0.529247
vn 0.539084 0.484226 0.68914
vn 0.199296 0.979904 -0.00826532
vn 0.261165 0.964935 0.0263313
vn 0.189997 0.980488 -0.050439
vn 0.248135 0.968577 -0.0169398
vn 0.210554 0.976858 -0.0376331
vn 0.277277 0.960782 -0.00396793
vn 0.309503 0.949984 0.0416854
vn 0.239119 0.970988 0.00196067
vn 0.204034 0.978838 0.0157073
vn 0.186358 0.978341 0.0901103
vn 0.204116 0.974088 0.0974177
vn 0.200534 0.975506 0.0904138
vn 0.199252 0.974992 0.0984364
vn 0.203078 0.973681 0.103468
vn 0.206828 0.972854 0.103816
vn 0.197853 0.975388 0.097323
vn 0.132527 0.98721 0.0886134
vn 0.216821 0.97227 0.0876288
vn 0.220766 0.971747 0.0834902
vn 0.214775 0.973304 0.0809338
vn 0.184822 0.982766 0.00336916
vn 0.248637 0.966583 0.0624236
vn -0.0466515 0.979559 -0.195672
vn -0.183323 -0.976394 0.114223
vn -0.176517 -0.982114 0.0655305
vn -0.166923 -0.984633 0.0513283
vn -0.172854 -0.98408 -0.0413314
vn -0.165278 -0.98373 -0.0704181
vn -0.153241 -0.987113 -0.0461012
vn 0.180379 0.982908 -0.036827
vn 0.14069 0.98902 -0.0452309
vn 0.179498 0.9818 -0.0620468
vn 0.16754 0.984257 -0.0562895
vn 0.118836 0.990526 0.0688165
vn -0.187431 0.979896 -0.0683654
vn -0.285857 0.955602 -0.0714824
vn -0.360806 0.904589 -0.227018
vn -0.313458 0.939792 -0.136146
vn -0.688694 0.470298 -0.551833
vn 0.202699 -0.968529 0.144444
vn 0.236618 -0.895706 0.376461
vn -0.077196 -0.990884 -0.110405
vn -0.0264321 -0.999195 -0.0301805
vn 0.0603234 0.992236 0.108758
vn -0.139265 0.98245 -0.124087
vn -0.17675 0.945897 -0.272099
vn -0.0788561 0.991912 -0.0994588
vn 0.0899036 0.99163 0.0926635
vn 0.320685 -0.922974 0.212789
vn 0.133016 -0.961289 0.24131
vn 0.177169 -0.931448 0.31783
vn -0.283453 0.958871 -0.0148443
vn -0.14506 0.919041 -0.366497
vn -0.18726 0.905418 -0.380989
vn -0.268163 0.917073 -0.295068
vn -0.207755 0.789445 -0.577593
vn -0.0226802 0.99783 -0.0618156
vn -0.0104186 0.999911 -0.00835788
vn -0.132794 0.974927 -0.178557
vn -0.195271 0.593193 -0.781019
vn -0.28855 0.903859 -0.315877
vn -0.191424 0.694336 -0.693725
vn -0.064413 0.996981 -0.0433503
vn 0.29255 -0.779049 0.554525
vn 0.0616204 -0.990334 0.124264
vn -0.565668 -0.82158 -0.0708909
vn -0.827383 -0.0112669 -0.561526
vn -0.760921 -0.0357226 -0.647861
vn -0.930887 -0.00498791 -0.365274
vn -0.949796 0.307818 -0.0559963
vn -0.877825 -0.0305486 -0.478007
vn -0.845676 0.0139887 -0.533514
vn -0.814421 0.577854 -0.0529376
vn -0.896661 0.441698 -0.0300413
vn -0.319417 -0.0378195 -0.946859
vn -0.15732 -0.00483281 -0.987536
vn -0.000332739 -0.00106447 -0.999999
vn 0.000381214 0.00224072 -0.999997
vn -0.0059613 0.128147 -0.991737
vn -0.00193461 0.00492405 -0.999986
vn 0.0146183 0.707252 -0.70681
vn -0.982771 0.112736 -0.146467
vn -0.966227 0.224822 -0.125938
vn -0.979962 0.126167 -0.154129
vn -0.987096 0.0319002 -0.156918
vn -0.970848 0.201399 -0.12997
vn -0.8026 0.595587 0.0333075
vn -0.870407 0.492333 0.000596317
vn -0.000389394 0.975455 0.220201
vn -0.429858 0.759974 0.487505
vn -0.454147 0.759411 0.465882
vn -0.175349 0.920217 0.349935
vn -0.432493 0.750483 0.499725
vn -0.0351946 0.9917 0.123662
vn -0.00184871 0.365744 -0.930714
vn 7.12959e-05 -0.000559494 -1
vn -0.941915 0.318178 -0.107513
vn -0.904619 0.419398 -0.0759621
vn -0.928086 0.353987 -0.115542
vn -0.950661 0.283547 -0.125877
vn -0.899443 0.428636 -0.0852882
vn -0.865766 0.497192 -0.0570133
vn -0.827615 0.56038 -0.0320748
vn -0.797271 0.602615 -0.0348322
vn -0.847244 0.526655 -0.0693659
vn -0.739223 0.67308 -0.0226454
vn -0.679365 0.733788 -0.004394
vn -0.727477 0.686132 -0.000284558
vn -0.753834 0.656734 -0.0208697
vn -0.824531 0.563557 -0.0505195
vn -0.793679 0.607536 0.0312135
vn 0.654751 -0.75257 -0.0702738
vn 0.302583 0.949168 -0.0867386
vn 0.256697 0.966423 -0.0115525
vn 0.197299 0.980308 0.0083671
vn 0.176952 0.983275 -0.0431187
vn 0.198735 0.979904 0.0171025
vn 0.167329 0.977094 -0.131486
vn -0.274583 0.960693 0.0409104
vn -0.337612 0.940788 0.0306024
vn -0.250787 0.968023 -0.00608326
vn -0.342041 0.938106 0.0544576
vn -0.0673971 0.990085 -0.123246
vn -0.188398 0.981429 -0.0361174
vn -0.11464 0.986911 -0.113417
vn -0.177265 0.983945 -0.0207154
vn 0.0344808 0.97748 -0.20819
vn 0.511169 0.808133 -0.292621
vn -0.112281 -0.992848 0.0405793
vn -0.107519 -0.993972 0.0214299
vn -0.28989 -0.948111 0.130575
vn -0.416175 -0.888602 0.192833
vn -0.454314 0.718327 0.526883
vn -0.0628909 0.954719 0.290787
vn -0.0279906 0.948581 0.315294
vn 0.198347 0.980072 -0.0108266
vn 0.18526 0.940198 -0.285844
vn 0.250441 0.897336 -0.363412
vn -0.214566 -0.962123 -0.168168
vn -0.396231 -0.896166 0.199717
vn -0.396753 -0.896694 0.196285
vn 0.232085 0.956973 0.174183
vn 0.468498 0.84155 -0.268891
vn -0.414168 -0.883027 0.220745
vn -0.245866 -0.947321 -0.205264
vn -0.150738 -0.934149 -0.323486
vn -0.0679259 -0.996464 0.0494452
vn 0.0802103 0.936059 -0.342577
vn -0.340614 0.938231 0.0608747
vn -0.125982 0.989446 0.0715933
vn -0.299206 0.952519 0.0564237
vn -0.343619 0.936775 0.0661713
vn -0.374193 0.924127 0.0772568
vn -0.232275 0.970872 0.0587812
vn -0.367544 0.927126 0.0731382
vn -0.36556 0.928139 0.0701712
vn -0.344752 0.936252 0.0676684
vn -0.302641 0.95119 0.0603915
vn -0.312628 0.948057 0.0587433
vn -0.34875 0.934995 0.0644827
vn -0.245482 0.967883 0.0542287
vn -0.232658 0.971596 0.0432627
vn -0.407603 0.908295 0.0941269
vn -0.399304 0.91257 0.08816
vn -0.415932 0.906497 0.0725519
vn -0.372553 0.924559 0.0799687
vn -0.379563 0.923157 0.0609352
vn -0.331071 0.940928 0.0710399
vn -0.330753 0.941866 0.0590869
vn -0.279218 0.95857 0.0564091
vn -0.217325 0.974839 0.0495934
vn -0.150855 0.986849 0.0580652
vn -0.245998 0.966663 0.0710433
vn -0.100257 0.994096 0.0414878
vn -0.197903 0.979154 0.0457288
vn -0.232396 0.971413 0.048457
vn -0.300063 0.95182 0.0632536
vn 0.011626 0.998444 0.0545395
vn -0.0517119 0.997608 0.0458791
vn 0.241516 -0.967504 -0.0748713
vn 0.142271 -0.987422 -0.0689686
vn 0.257331 -0.958753 -0.120722
vn 0.174618 -0.980511 -0.0900401
vn 0.318044 -0.943185 -0.0961756
vn -0.763115 0.644776 -0.0438098
vn -0.704549 0.704609 -0.0844809
vn 0.735916 -0.672718 -0.076663
vn 0.778952 -0.626793 0.0190824
vn 0.255971 0.955674 -0.145487
vn 0.1688 0.97514 -0.143555
vn -0.228439 -0.973066 0.0309705
vn 0.980809 0.172722 0.0904437
vn -0.994433 -0.0999848 0.0332566
vn -0.304836 0.952085 0.0246736
vn -0.34152 0.938516 -0.0505229
vn 0.745538 0.666178 0.0195139
vn 0.381542 0.0490454 -0.92305
vn 0.40975 0.0111874 -0.912129
vn 0.189491 0.0141665 -0.98178
vn 0.0333716 0.00287919 -0.999439
vn 0.00477338 -0.00501211 -0.999976
vn 0.532237 0.612823 0.584098
vn 0.470521 0.700293 0.536842
vn 0.216224 0.890196 0.400996
vn 0.11957 0.937942 0.325527
vn 2.58249e-05 1.69384e-05 -1
vn 0.181839 -0.000854613 -0.983328
vn -0.230878 0.971024 -0.0617107
vn -0.236209 0.970901 -0.0394513
vn 0.300318 -0.953762 -0.0121586
vn 0.323325 -0.946005 -0.0231541
vn 0.226433 -0.973507 -0.0318134
vn 0.262424 -0.962325 -0.0711591
vn 0.262419 -0.96454 -0.0282525
vn 0.282051 -0.959399 -0.00125005
vn 0.22093 -0.972621 0.0720978
vn 0.264914 -0.9604 0.0863253
vn 0.296479 -0.949073 0.106585
vn 0.294785 -0.950269 0.100452
vn 0.31293 -0.946092 0.0835815
vn 0.310519 -0.946631 0.0864194
vn 0.154186 -0.98391 0.0902668
vn 0.148166 -0.985613 0.0813299
vn 0.169129 -0.983787 0.0596491
vn 0.198968 -0.976939 0.0774693
vn 0.240802 -0.966519 0.0886277
vn 0.308051 -0.950798 0.0329811
vn -0.045947 -0.911618 -0.408462
vn -0.0987015 -0.918202 -0.383618
vn -0.17 -0.928611 -0.329821
vn -0.0549205 -0.943578 -0.326564
vn -0.0338449 -0.962049 -0.270771
vn 0.393541 -0.918994 0.0239993
vn 0.291906 -0.952243 0.0895774
vn 0.300982 -0.949453 0.0891549
vn 0.284872 -0.953535 0.0980829
vn 0.293914 -0.950323 0.102475
vn 0.128202 -0.989709 0.0635687
vn -0.0494011 0.998197 0.0340889
vn 0.195519 0.847034 0.494273
vn -0.0466369 -0.96483 -0.258705
vn -0.201136 -0.935167 -0.291559
vn 0.0906922 -0.981145 -0.170676
vn 0.0491515 -0.971589 -0.231516
vn 0.108634 -0.988649 -0.103786
vn 0.256367 -0.966522 -0.0105346
vn 0.168926 -0.976976 0.130317
vn 0.80176 -0.597339 -0.0191516
vn 0.83882 -0.543022 -0.0388383
vn 0.807265 -0.590183 0.00279441
vn 0.837864 -0.545515 -0.0199229
vn 0.787873 -0.615734 0.0112898
vn 0.859456 -0.510835 -0.0195845
vn 0.901965 -0.428555 -0.0529137
vn 0.930445 -0.357885 -0.0786748
vn 0.781833 -0.622123 0.0412308
vn 0.76112 -0.646886 0.0472682
vn 0.727478 -0.683676 0.0579909
vn 0.741885 -0.668814 0.0479034
vn 0.7849 -0.619197 0.0229826
vn 0.920954 -0.379432 -0.0887394
vn 0.936009 -0.342431 -0.0814182
vn 0.977977 -0.181444 -0.10315
vn 0.976676 -0.172205 -0.128256
vn 0.989171 0.100567 -0.106899
vn 0.777235 -0.62677 0.0553695
vn 0.780093 -0.623657 0.0500613
vn 0.830752 -0.556206 0.0220442
vn 0.806986 -0.589378 0.0375116
vn 0.792108 -0.609084 0.0397686
vn 0.844531 -0.535113 0.0205333
vn 0.771348 -0.634714 0.0464817
vn 0.810634 -0.584981 0.0258927
vn 0.837619 -0.545702 0.0245762
vn 0.800823 -0.597995 0.0329348
vn 0.775101 -0.628454 0.0653028
vn 0.79763 -0.599299 0.0680238
vn 0.878594 -0.477346 0.0146288
vn 0.841215 -0.538443 0.0493554
vn 0.865532 -0.500099 0.0275041
vn 0.858579 -0.511495 0.0348586
vn 0.810289 -0.583618 0.0531211
vn 0.81987 -0.570719 0.0457497
vn 0.875638 0.0078731 -0.482904
vn 0.822257 0.0332922 -0.568142
vn 0.584092 -0.811546 -0.0151434
vn 0.633402 -0.773715 -0.0129109
vn 0.935085 -0.351465 -0.0457047
vn 0.833585 -0.552389 -0.00140781
vn 0.918699 -0.39427 -0.023312
vn 0.84775 -0.529756 -0.0260546
vn 0.75835 -0.65168 -0.0147666
vn 0.806741 -0.590098 -0.0308636
vn 0.86813 0.0111619 -0.496211
vn 0.968525 -0.0523146 -0.243358
vn 0.986164 -0.0969984 -0.13443
vn 0.857307 0.0294677 -0.513962
vn 0.446777 0.0154848 -0.894511
vn 0.343238 0.0453555 -0.938153
vn 0.0747911 0.00421809 -0.99719
vn -2.54518e-06 5.62316e-06 -1
vn 0.432515 0.032353 -0.901046
vn 0.188796 0.0231318 -0.981744
vn 0.0581432 0.00769382 -0.998279
vn -0.000360055 -7.54606e-05 -1
vn 0.00492216 0.00300163 -0.999983
vn 0.000471681 -0.000535826 -1
vn -0.000798861 3.04213e-05 -1
vn 0.00165232 -0.000159949 -0.999999
vn -0.000330468 2.27562e-06 -1
vn -0.000717094 -3.47323e-05 -1
vn -7.91178e-05 1.50327e-05 -1
vn 0.00768504 -0.000404844 -0.99997
vn 0.00790189 0.0022034 -0.999966
vn -0.000685725 -2.36639e-05 -1
vn 2.39254e-05 7.82157e-07 -1
vn -0.000262599 -2.15191e-05 -1
vn -0.000216867 0.000110064 -1
vn 3.02632e-05 -2.46885e-05 -1
vn 9.84885e-06 -9.59417e-06 -1
vn 2.35027e-05 -4.92816e-06 -1
vn 3.23485e-06 8.15874e-06 -1
vn -0.000815956 -0.000137642 -1
vn -7.90229e-05 -4.69068e-05 -1
vn 3.37926e-05 -3.40054e-05 -1
vn 0.184556 0.00016121 -0.982822
vn 0.0607318 -0.0080022 -0.998122
vn 2.1506e-05 -8.44029e-07 -1
vn 0.349301 0.0101069 -0.936956
vn 8.56573e-06 -5.48383e-06 -1
vn -0.000169283 0.000392065 -1
vn 3.05533e-05 -9.24639e-05 -1
vn 2.90127e-05 0.000673593 -1
vn -3.14463e-05 -8.87129e-05 -1
vn 4.06082e-06 1.28725e-05 -1
vn -0.255233 -0.00218731 -0.966877
vn -0.064596 -0.0078812 -0.99788
vn -0.00825577 0.000862918 -0.999966
vn 0.105612 -0.971698 -0.211305
vn -0.0645354 -0.996289 -0.0569433
vn -0.298578 -0.952547 0.0592065
vn -0.274892 -0.959305 0.0645682
vn -0.242466 -0.969756 0.0279845
vn -0.177823 -0.984019 -0.00920142
vn 0.0560801 -0.995107 0.0813487
vn 0.0535901 -0.998457 -0.0145797
vn -0.0338128 -0.999045 0.0276613
vn -0.268236 -0.961505 0.0596433
vn 0.0723515 -0.995979 0.0528408
vn -0.00458605 -0.997845 0.0654568
vn -0.0616352 -0.995919 0.0659222
vn 0.00299475 -0.998098 0.0615819
vn -0.0673655 -0.996621 0.0469878
vn 0.0821587 -0.995493 0.0473695
vn 0.0648395 -0.996583 0.0511725
vn 0.00633551 -0.99879 0.0487617
vn -0.121432 -0.991715 0.041892
vn -0.206838 -0.976835 0.0548786
vn 0.179389 0.980725 -0.0774528
vn -0.163287 -0.9842 0.0684613
vn -0.297315 -0.952067 0.0719149
vn -0.325763 -0.941654 0.0846569
vn -0.338409 -0.936965 0.0870412
vn -0.3565 -0.931287 0.0749087
vn -0.326795 -0.942796 0.0658868
vn -0.0421658 -0.998467 0.0358494
vn -0.300406 -0.951333 0.0687168
vn -0.284184 -0.956587 0.0646524
vn -0.798494 -0.0453405 -0.600293
vn -0.958911 -0.251595 -0.131107
vn -0.924001 -0.377954 -0.0580758
vn -0.769201 -0.635553 -0.0663524
vn -0.913845 -0.400114 -0.0692529
vn -0.819841 -0.570992 -0.0427601
vn -0.950984 -0.299318 -0.0777121
vn -0.849524 -0.527355 -0.0143219
vn -0.952026 -0.294337 -0.0837406
vn -0.95002 -0.296267 -0.0984266
vn -0.948689 -0.305553 -0.081399
vn -0.962376 -0.249344 -0.107985
vn -0.921507 -0.385916 -0.0435238
vn -0.972545 -0.184466 -0.141878
vn -0.971268 -0.203438 -0.123498
vn -0.975053 -0.185721 -0.12157
vn -0.966132 -0.214882 -0.142882
vn -0.979998 -0.128805 -0.1517
vn -0.965369 -0.226758 -0.129013
vn -0.97885 -0.153677 -0.135041
vn -0.977929 -0.122114 -0.169535
vn -0.977576 -0.149128 -0.148679
vn -0.979932 -0.134113 -0.147471
vn -0.975716 -0.0940002 -0.197843
vn -0.979364 -0.112505 -0.167897
vn -0.979366 -0.0964177 -0.177614
vn -0.979799 -0.108838 -0.167773
vn -0.978634 -0.118554 -0.167991
vn -1.03722e-05 5.04549e-06 -1
vn -6.0183e-06 1.28279e-06 -1
vn 1.45533e-06 -9.09407e-06 -1
vn -1.16281e-05 3.6498e-06 -1
vn -2.17575e-05 -7.25298e-06 -1
vn 1.28198e-05 2.0411e-05 -1
vn -3.48267e-06 -2.31018e-06 -1
vn -0.260809 -0.0126995 -0.965307
vn -0.0592149 -0.000909274 -0.998245
vn -0.771733 -0.0390418 -0.634747
vn -0.763479 -0.025534 -0.645328
vn -0.865293 -0.0435177 -0.499374
vn -0.762934 -0.043938 -0.644981
vn -0.96252 -0.243448 -0.119533
vn -0.987921 0.00399869 -0.154906
vn -0.960638 -0.25591 -0.108093
vn -0.970524 0.200787 -0.133299
vn -0.923195 0.37678 -0.0758196
vn -0.750028 -0.660699 0.0305755
vn -0.734142 -0.678404 0.028347
vn -0.760699 -0.648433 0.0295222
vn -0.814492 -0.580166 0.00319994
vn -0.84717 -0.528436 -0.0553054
vn -0.904869 -0.414968 -0.0949386
vn -0.910195 -0.392374 -0.132618
vn -0.805315 -0.592002 -0.0316326
vn -0.846341 -0.530071 -0.0522656
vn -0.947208 -0.27334 -0.167576
vn -0.98768 -0.0115677 -0.156059
vn -0.957476 -0.244929 -0.152475
vn 0.98131 0.151317 -0.118885
vn 0.934353 0.338091 -0.112598
vn 0.911983 0.400211 -0.090096
vn 0.939969 0.32685 -0.0981185
vn 0.988474 0.0900709 -0.121685
vn 0.902362 0.422283 -0.0861387
vn 0.721906 0.691189 0.0333195
vn 0.717646 0.694991 0.0444076
vn 0.981567 -0.160482 -0.103792
vn 0.992296 -0.0336828 -0.119226
vn 0.642012 0.766694 -0.000621406
vn 0.602552 0.797712 0.0242309
vn 0.687404 0.726002 0.0199175
vn 0.80368 0.593406 -0.0443552
vn 0.852837 0.518414 -0.0625793
vn 0.86415 0.500699 -0.0504419
vn 0.786722 0.617213 -0.0108203
vn 0.823005 0.567355 -0.0277801
vn 0.644474 0.762655 0.0548616
vn 0.713592 0.700526 0.00700013
vn 0.775571 0.631151 -0.0117544
vn 0.741358 0.671097 0.00412764
vn 0.719939 0.694002 0.00701544
vn 0.664731 0.745249 0.0523174
vn 0.682383 0.729406 0.0481737
vn 0.706291 0.706843 0.0390606
vn 0.766263 0.642507 0.00495837
vn 0.754437 0.653589 0.060378
vn 0.676385 0.735656 -0.0362346
vn 0.742179 0.668595 0.0463724
vn 0.740724 0.669359 0.0573237
vn 0.439958 0.0131352 -0.897922
vn 0.353184 -0.0132646 -0.93546
vn 0.0507503 0.000629215 -0.998711
vn 0.183504 -0.00742481 -0.982991
vn 0.0364482 0.00307154 -0.999331
vn -0.174458 -0.0239924 -0.984372
vn -0.26537 -0.0162164 -0.96401
vn -5.14477e-06 -1.2333e-05 -1
vn 2.60421e-06 6.25927e-06 -1
vn -3.90945e-05 -2.60068e-06 -1
vn 3.08903e-06 3.94705e-06 -1
vn -2.11613e-05 -1.65106e-05 -1
vn -6.89611e-06 1.40993e-06 -1
vn 0.85145 0.0307784 -0.523531
vn 0.836877 0.0405447 -0.545887
vn 0.937606 0.0377629 -0.345643
vn 3.76628e-05 8.95899e-05 -1
vn 0.000259708 7.13988e-05 -1
vn -3.3609e-05 0.000153166 -1
vn -7.4349e-05 0.000118953 -1
vn 0.00029276 0.000197124 -1
vn -2.64193e-05 1.15008e-05 -1
vn -0.00161071 -0.00191947 -0.999997
vn 0.55587 0.831116 -0.0159681
vn 0.690715 0.72256 -0.0286364
vn 0.781953 0.623241 -0.0109508
vn 0.922315 0.383083 -0.0508177
vn 0.946053 0.319975 -0.0509819
vn 0.952457 0.297983 -0.0634975
vn 0.891292 0.452328 -0.031588
vn 0.878661 0.477197 -0.0154048
vn 0.972848 0.204386 -0.108592
vn 0.926932 0.374187 -0.0279573
vn 0.240386 0.970515 0.0177561
vn 0.285869 0.957555 0.0369804
vn 0.17246 0.98444 -0.0336998
vn 0.192109 0.979401 -0.0621857
vn 0.307555 0.95153 0.00083116
vn 0.35766 0.93301 0.0396419
vn 0.20685 0.97417 0.0905827
vn 0.196634 0.976291 0.0905044
vn 0.19048 0.977169 0.0941199
vn 0.171542 0.98151 0.0849166
vn 0.0777167 0.993354 0.084905
vn 0.237255 0.968424 0.0765842
vn 0.22836 0.970637 0.0755992
vn 0.207273 0.974734 0.0832514
vn 0.215169 0.972998 0.0835342
vn 0.200509 0.975745 0.0878531
vn 0.240416 0.969767 0.0418527
vn 0.15441 0.987693 -0.0249043
vn 0.0157024 0.985344 -0.169857
vn 0.10567 0.991273 -0.0788128
vn 0.110181 0.991675 -0.0666416
vn 0.0181737 0.986349 -0.163662
vn 0.245725 0.966372 0.0757927
vn 0.206496 0.978044 0.0280989
vn -0.0835807 0.944397 -0.318008
vn -0.140243 -0.982178 0.125132
vn 0.164987 0.983212 -0.0779261
vn 0.0763503 0.995202 0.0611883
vn 0.0880346 0.994024 0.0645536
vn 0.108502 0.991642 0.0698032
vn 0.142689 0.986344 0.0822468
vn -0.120748 0.905341 -0.407158
vn -0.239716 0.912504 -0.331471
vn -0.315607 0.897652 -0.307591
vn -0.237995 0.928039 -0.286536
vn -0.13067 0.955575 -0.264199
vn -0.207265 0.935129 -0.287359
vn -0.101938 0.965168 -0.240955
vn -0.0367322 0.980885 -0.19109
vn 0.112965 0.991828 -0.0593059
vn -0.13836 0.969995 -0.199913
vn -0.772882 -0.0394628 -0.633322
vn -0.696922 -0.0306127 -0.716493
vn -0.787748 -0.0246382 -0.615505
vn -0.862395 -0.0452208 -0.504212
vn -0.942124 -0.0230303 -0.334474
vn -0.801642 -0.0361114 -0.596713
vn -0.966628 0.243739 -0.0788761
vn -0.915594 0.398724 -0.0520199
vn -0.868319 0.495873 -0.0115047
vn -0.912634 0.408385 -0.0178962
vn -0.727758 -0.0487074 -0.684102
vn -0.800273 -0.0350007 -0.598614
vn -0.951516 0.022771 -0.306757
vn -0.706648 0.706812 -0.0326464
vn -0.823077 0.566235 -0.0438394
vn -0.958499 0.271024 -0.0884637
vn -0.344384 -0.0264061 -0.938457
vn -0.261777 -0.044223 -0.964115
vn -0.0567612 -0.00740554 -0.99836
vn -0.16418 -0.015022 -0.986316
vn -0.00141641 0.000289932 -0.999999
vn -0.0242763 -0.00271589 -0.999702
vn -0.0341039 -0.00211709 -0.999416
vn -0.00148668 -0.000162413 -0.999999
vn -0.00254575 -0.000740926 -0.999996
vn 0.000240409 3.90029e-05 -1
vn 1.21251e-05 -0.000113076 -1
vn -0.00375662 0.000605009 -0.999993
vn -0.0407411 -0.00450282 -0.99916
vn 0.000540688 3.01595e-05 -1
vn 0.000352519 -2.01456e-05 -1
vn -0.965793 0.216913 -0.142098
vn -0.989066 0.0444456 -0.140614
vn -0.961851 0.233729 -0.142177
vn -0.823538 0.566877 0.0208612
vn -0.83227 0.553759 0.0260185
vn 0.000880281 0.0012126 -0.999999
vn 2.28118e-05 0.000134534 -1
vn -0.786931 0.616063 -0.0347365
vn -0.815887 0.575666 -0.0541886
vn -0.853477 0.516084 -0.0723521
vn -0.869972 0.489859 -0.0564523
vn -0.78414 0.619044 0.0437004
vn -0.78379 0.62024 0.0312543
vn -0.804093 0.594466 0.00670615
vn -0.802813 0.595683 0.0255328
vn -0.790687 0.610925 0.0398016
vn -0.326662 0.94299 0.0637381
vn 0.0294997 0.978073 -0.206165
vn -0.281416 -0.952043 0.120079
vn 0.0335035 0.924032 -0.380843
vn 0.00379883 0.984406 -0.175873
vn 0.104352 0.91526 -0.389115
vn 0.143232 0.931004 -0.335732
vn -0.341222 0.93802 0.0607191
vn -0.339622 0.938607 0.0606197
vn -0.0570427 0.995451 0.0763098
vn -0.365038 0.928651 0.0659884
vn -0.35854 0.931265 0.0647692
vn -0.321499 0.944981 0.0604133
vn -0.292457 0.954428 0.0594613
vn -0.316342 0.94685 0.0583268
vn -0.182651 0.981892 0.0502614
vn -0.240359 0.969378 0.0503283
vn -0.213334 0.974902 0.0636805
vn -0.218638 0.974704 0.0463739
vn -0.210689 0.97605 0.0541974
vn -0.163059 0.98452 0.0642836
vn -0.258044 0.964864 0.0495114
vn -0.0915187 0.993575 0.0665791
vn -0.252759 0.966291 0.0489404
vn -0.155266 0.986888 0.0440912
vn -0.321944 0.944088 0.0710649
vn -0.137542 0.989477 0.0449118
vn -0.0204969 0.999521 0.0231955
vn -0.0568491 0.99813 0.0224794
vn -0.0790164 0.996857 -0.00578786
vn -0.154159 0.987475 0.0335923
vn -0.330237 0.941754 0.0635772
vn 0.00389129 0.998747 0.0499013
vn -0.0251998 0.998527 0.0480446
vn 0.132168 -0.989447 -0.0593782
vn 0.0166402 -0.998935 -0.043037
vn 0.0670224 -0.996892 -0.0414143
vn 0.094195 -0.994232 -0.0512788
vn 0.333121 -0.93252 -0.139414
vn 0.373562 -0.921576 -0.105594
vn 0.185511 0.911431 0.367258
vn 0.0617616 0.95717 0.282862
vn 4.34583e-06 1.07527e-05 -1
vn 0.406902 0.00558008 -0.913455
vn 0.341387 0.000108962 -0.939923
vn 0.0913738 0.00596418 -0.995799
vn 0.161847 0.00298188 -0.986811
vn 0.0299555 -0.00368582 -0.999545
vn 0.271408 -0.95814 0.0911303
vn 0.285729 -0.953565 0.0952534
vn 0.28798 -0.95314 0.0926939
vn 0.321573 -0.943216 0.0832749
vn 0.33592 -0.938447 0.0804673
vn 0.192813 -0.976158 0.0996943
vn 0.163303 -0.986556 -0.0063333
vn 0.322917 -0.944003 0.0676999
vn -0.180003 -0.91805 -0.353246
vn -0.130859 -0.926138 -0.353758
vn 0.228371 -0.973542 -0.00792561
vn -0.0457804 -0.968968 -0.242909
vn 0.114896 -0.98397 -0.136392
vn 0.0267103 -0.97248 -0.231451
vn 0.123186 -0.985862 -0.113585
vn 0.217606 -0.975774 0.0226356
vn 0.308108 -0.947619 0.0841832
vn 0.303583 -0.948642 0.0889755
vn 0.297994 -0.950131 0.0919304
vn 0.206221 -0.977039 -0.0535578
vn 0.895628 -0.439892 -0.0659241
vn 0.868516 -0.494131 -0.0389094
vn 0.960216 -0.263066 -0.0937127
vn 0.78014 -0.624559 0.0361593
vn 0.764681 -0.642489 0.0497059
vn 0.75078 -0.658707 0.0493506
vn 0.884374 -0.466578 -0.0137018
vn 0.708208 -0.705995 0.00344405
vn 0.860862 -0.507634 0.0349847
vn 0.929771 -0.368114 -0.00417837
vn 0.781677 -0.621186 0.055754
vn 0.904021 -0.427133 -0.0174217
vn 0.826287 0.0352279 -0.562147
vn 0.76034 0.0286704 -0.648892
vn 0.850519 0.0157838 -0.525708
vn 0.905109 0.0406079 -0.423235
vn 0.963309 0.0141363 -0.268021
vn 0.601601 -0.798739 0.00964451
vn 0.834245 -0.551388 -0.0026503
vn 0.899259 -0.43739 0.00478389
vn 0.987506 -0.131673 -0.086566
vn 9.86346e-06 4.62423e-06 -1
vn -0.000324719 -5.09556e-05 -1
vn 8.02526e-06 7.3544e-06 -1
vn 1.3671e-05 1.16798e-05 -1
vn -1.39303e-05 6.6642e-06 -1
vn 4.56279e-05 6.02269e-06 -1
vn 4.95382e-05 -1.49384e-05 -1
vn 0.214872 0.00195499 -0.97664
vn 1.39393e-05 -2.06427e-06 -1
vn -1.3236e-05 -3.65536e-05 -1
vn -0.0918494 0.0130499 -0.995687
vn -0.117152 -0.00128841 -0.993113
vn 0.000229188 -2.12567e-05 -1
vn 0.000488929 -3.26026e-05 -1
vn -0.180697 -0.981397 0.0648797
vn 0.0377024 -0.993506 -0.107354
vn -0.259293 -0.964013 0.0587015
vn -0.23236 -0.970331 0.0668282
vn -0.286449 -0.95607 0.062267
vn -0.138749 -0.989038 0.0505303
vn -0.107693 -0.992906 0.0503916
vn -0.177725 -0.982463 0.0563853
vn -0.175995 -0.983001 0.0523011
vn -0.139338 -0.989021 0.0492277
vn -0.11631 -0.99198 0.0494724
vn -0.248243 -0.966773 0.0610283
vn -0.210421 -0.976055 0.0551372
vn -0.917212 -0.0791405 -0.39046
vn -0.965121 -0.140337 -0.221014
vn -0.974785 -0.128664 -0.18232
vn -0.975247 -0.167874 -0.143915
vn -0.903157 -0.418915 -0.0939023
vn -0.959915 -0.263145 -0.0965301
vn -0.774159 -0.63286 -0.0128802
vn -0.867021 -0.498221 0.00714183
vn -0.895143 -0.44516 -0.0234955
vn -0.899636 -0.436399 -0.0145023
vn -0.934417 -0.348612 -0.0730361
vn -0.843318 -0.537078 0.0189995
vn -0.975526 -0.173203 -0.135462
vn -0.975052 -0.146875 -0.166436
vn -0.978891 -0.131684 -0.156309
vn -1.21218e-05 9.25431e-06 -1
vn -2.33714e-05 1.73571e-06 -1
vn -2.27213e-05 -1.40597e-06 -1
vn 0.000714893 0.000149976 -1
vn 7.16139e-05 1.1452e-05 -1
vn 0.000421232 2.34372e-05 -1
vn 0.000305354 -2.37001e-05 -1
vn -2.25842e-05 3.24843e-06 -1
vn -0.254996 -0.00922133 -0.966898
vn -0.266063 0.00208457 -0.963953
vn -0.890872 -0.0575768 -0.450591
vn -0.85784 -0.035531 -0.512686
vn -0.89222 -0.0323373 -0.450443
vn -0.97076 -0.0538644 -0.233933
vn -0.94851 -0.0485411 -0.313005
vn -0.967195 -0.0360931 -0.251458
vn -0.960069 -0.0569016 -0.273916
vn -0.965906 -0.0459821 -0.254776
vn -0.978577 -0.0459841 -0.200678
vn -0.975613 -0.0488727 -0.213989
vn -0.978459 -0.0631064 -0.196559
vn -0.861874 -0.0516431 -0.504486
vn -0.930781 -0.0595142 -0.3607
vn -0.738064 -0.0240376 -0.674302
vn -0.956781 -0.061556 -0.284219
vn -0.977443 -0.0731564 -0.198127
vn -0.965099 -0.0741286 -0.251177
vn -0.959392 -0.0806461 -0.270304
vn -0.970018 -0.0954873 -0.223488
vn -0.972541 -0.0713203 -0.221535
vn -0.977183 -0.0874703 -0.193553
vn -0.960616 -0.100394 -0.259111
vn -0.867435 -0.048482 -0.495182
vn -0.745826 -0.046138 -0.664541
vn -0.929025 -0.0549395 -0.365914
vn -0.970889 -0.2046 -0.124552
vn -0.967388 -0.229589 -0.107007
vn -0.970379 -0.20859 -0.121879
vn -0.967443 -0.228413 -0.108998
vn -0.94892 -0.29968 -0.0987084
vn -0.976841 -0.171319 -0.128182
vn -0.961483 -0.253914 -0.10525
vn -0.959901 -0.254728 -0.117064
vn -0.963552 -0.241069 -0.115987
vn -0.975943 -0.172157 -0.133782
vn -0.985015 -0.0256743 -0.170546
vn -0.985541 0.0706673 -0.153999
vn -0.985492 0.0986332 -0.138123
vn -0.984423 -0.0897121 -0.151206
vn -0.987407 -0.0449236 -0.151685
vn -0.947391 0.299261 -0.113548
vn -0.91832 0.383241 -0.0990651
vn -0.891189 0.447493 -0.0743826
vn -0.744043 -0.666976 0.039274
vn -0.750621 -0.660234 0.0256761
vn -0.771715 -0.635848 0.0124144
vn -0.832811 -0.552832 -0.0283558
vn -0.800167 -0.599663 -0.0117235
vn -0.845414 -0.533281 -0.0297656
vn -0.799268 -0.60078 -0.015309
vn -0.82739 -0.561077 -0.0248874
vn -0.889222 -0.452758 -0.0655252
vn -0.858163 -0.511193 -0.0473068
vn -0.880673 -0.469547 -0.0627727
vn -0.860333 -0.507489 -0.0477779
vn -0.836891 -0.545521 -0.0449606
vn -0.772715 -0.634328 0.0232251
vn -0.779495 -0.62591 0.0249925
vn -0.838492 -0.544912 0.00110951
vn -0.830353 -0.554435 -0.0558116
vn -0.784378 -0.619614 -0.0288209
vn -0.768627 -0.639406 -0.0193081
vn -0.87762 -0.473755 -0.0730678
vn -0.893851 -0.43379 -0.113383
vn -0.933987 -0.337863 -0.116266
vn -0.936949 -0.335712 -0.0970791
vn 0.961008 0.259695 -0.0949899
vn 0.937435 0.336693 -0.0886191
vn 0.934762 0.345502 -0.0827527
vn 0.930226 0.358175 -0.0799415
vn 0.895552 0.440856 -0.0602729
vn 0.961575 0.257628 -0.0948749
vn 0.864316 0.50106 -0.0435551
vn 0.98159 0.156435 -0.109585
vn 0.988729 0.0944619 -0.116151
vn 0.991724 0.0672788 -0.109348
vn 0.704578 0.70819 0.0451243
vn 0.729774 0.681966 0.048511
vn 0.733659 0.67843 0.0384303
vn 0.76159 0.647838 0.0169198
vn 0.980706 -0.160245 -0.111967
vn 0.98997 -0.0885144 -0.110113
vn 0.984783 -0.140049 -0.102904
vn 0.883295 0.464607 -0.062695
vn 0.793374 0.608602 -0.0126965
vn 0.823508 0.566737 -0.0253841
vn 0.797109 0.603587 -0.0173461
vn 0.841755 0.538884 -0.0324487
vn 0.869561 0.49178 -0.0448995
vn 0.810831 0.584563 -0.028965
vn 0.856566 0.514697 -0.0371772
vn 0.834346 0.550325 -0.031764
vn 0.894847 0.443062 -0.0542709
vn 0.789615 0.613511 -0.0106133
vn 0.820628 0.571275 -0.0146481
vn 0.683861 0.72934 0.0199151
vn 0.693405 0.718897 0.0487451
vn 0.664751 0.745551 0.0475391
vn 0.808798 0.587473 0.026857
vn 0.854785 0.518924 0.0077032
vn 0.682998 0.728412 0.0541246
vn 0.807442 0.589336 0.0268372
vn 0.86061 0.509259 -0.00256842
vn 0.808846 0.586944 0.035568
vn 0.628168 0.777181 -0.0373451
vn 0.796667 0.604403 0.00448068
vn 0.719041 0.692842 0.0543051
vn 0.764923 0.642927 0.0392047
vn 0.813513 0.581443 0.0110341
vn 0.225779 0.00342278 -0.974173
vn 0.118214 0.00275011 -0.992984
vn -0.000551653 5.91022e-06 -1
vn -0.342239 -0.00728944 -0.939585
vn -0.125055 -0.00573546 -0.992133
vn -1.43998e-05 -1.38068e-06 -1
vn -1.67269e-05 -1.98368e-06 -1
vn -2.23331e-05 9.4624e-06 -1
vn 0.932037 0.0761621 -0.35427
vn 0.942044 0.0633217 -0.32946
vn 0.980308 0.105382 -0.167004
vn 0.9717 0.088889 -0.218854
vn 0.978527 0.0726733 -0.192883
vn 0.9773 0.113395 -0.178959
vn 0.978582 0.0838579 -0.188003
vn 0.981389 0.0935354 -0.167712
vn 0.981281 0.095978 -0.166963
vn 0.979355 0.138984 -0.146789
vn 0.826106 0.0379333 -0.562236
vn 0.820611 0.0371248 -0.570281
vn 0.784926 0.618702 -0.033166
vn 0.600457 0.798635 -0.0404155
vn 0.966547 0.239506 -0.0917856
vn 0.202574 0.974466 0.0968537
vn 0.188196 0.977847 0.0916354
vn 0.165448 0.982775 0.0823413
vn 0.0721589 0.993861 0.0838655
vn 0.222231 0.971406 0.0835743
vn 0.0816169 0.988671 -0.125973
vn 0.255573 0.964209 0.0705932
vn 0.238751 0.968513 0.0705742
vn 0.221923 0.971819 0.0794868
vn 0.247301 0.965915 0.0764906
vn 0.235174 0.968617 0.080458
vn -0.144407 0.92429 -0.35332
vn -0.134129 0.951601 -0.276522
vn 0.0106507 0.988213 -0.152716
vn 0.157713 0.986149 0.051348
vn 0.0942982 0.994969 -0.033846
vn 0.118447 0.991989 0.0439074
vn 0.0451232 0.996349 -0.0724691
vn 0.0157455 0.994718 -0.101435
vn 0.0685699 0.995355 0.0675705
vn 0.110007 0.991064 0.0754429
vn 0.134489 0.988497 0.0691791
vn -0.856663 -0.0317536 -0.514898
vn -0.873668 -0.0202868 -0.486099
vn -0.91406 -0.00712123 -0.405517
vn -0.979492 0.0263655 -0.199748
vn -0.966327 0.00960883 -0.257139
vn -0.980305 0.0384152 -0.193719
vn -0.967332 -0.00349286 -0.253489
vn -0.902507 -0.0265206 -0.429858
vn -0.957075 -0.0290061 -0.288386
vn -0.884549 -0.0370257 -0.464975
vn -0.932837 -0.0317808 -0.358894
vn -0.908584 0.413273 -0.0606642
vn -0.854215 0.514415 -0.0754614
vn -0.804871 0.592013 -0.0412763
vn -0.881611 0.471371 0.0238963
vn -0.931227 0.3614 -0.046982
vn -0.967929 0.235938 -0.0862959
vn -0.865146 0.501072 0.0212221
vn -0.781906 -0.0404522 -0.622083
vn -0.127357 -0.0127022 -0.991776
vn -0.187727 -0.0188215 -0.982041
vn -0.306078 -0.0332541 -0.951425
vn -0.805364 0.591888 0.0325122
vn -0.813688 0.580605 0.0284527
vn -0.857128 0.515101 0.0018305
vn -0.835391 0.549477 0.0140476
vn -0.867366 0.497309 -0.0189502
vn -0.833645 0.551886 0.0213814
vn -0.858563 0.512692 -0.00399685
vn -0.905535 0.422242 -0.0414568
vn -0.880998 0.472848 -0.0160409
vn -0.896497 0.442513 -0.0218072
vn -0.817498 0.57546 0.023302
vn -0.840546 0.541739 0.00162059
vn -0.880805 0.472047 -0.0367948
vn -0.866481 0.498791 -0.0204569
vn -0.846138 0.532933 -0.00575087
vn -0.91914 0.388677 -0.0641211
vn -0.858682 0.51168 -0.0291358
vn -0.892562 0.44925 -0.0388282
vn -0.858881 0.511764 -0.0205042
vn -0.90989 0.411436 -0.0531213
vn -0.827562 0.561373 0.000853269
vn -0.912356 0.403897 -0.0668824
vn -0.952873 0.287599 -0.0965396
vn -0.822251 0.569081 0.00709024
vn -0.889146 0.45481 -0.0506606
vn -0.918803 0.388123 -0.0718465
vn -0.929723 0.362509 -0.0648248
vn -0.936372 0.341971 -0.0791419
vn -0.955469 0.279573 -0.0944351
vn -0.956474 0.272742 -0.103774
vn -0.951559 0.292998 -0.0932129
vn -0.98016 0.147719 -0.132159
vn -0.928003 0.367859 -0.0590697
vn -0.94888 0.302921 -0.0886891
vn -0.968576 0.221228 -0.113657
vn -0.969083 0.214961 -0.121117
vn -0.979056 0.152356 -0.135047
vn -0.973398 0.194565 -0.121002
vn -0.971519 0.202103 -0.123714
vn -0.983993 0.0939403 -0.151434
vn -0.969561 0.211342 -0.123636
vn -0.868222 0.496134 0.00639168
vn -9.43321e-06 0.000179163 -1
vn -0.832195 0.553596 -0.0313521
vn -0.794678 0.605892 0.0371611
vn -0.368518 0.927426 0.0638358
vn -0.352252 0.933939 0.0606274
vn -0.270516 0.960986 0.057686
vn -0.108335 0.993763 -0.0264348
vn -0.357282 0.931859 0.0631597
vn -0.312978 0.947583 0.0642683
vn -0.27693 0.958553 0.0669722
vn -0.367784 0.927888 0.0613076
vn -0.0859208 0.996192 0.0147758
vn -0.0233117 0.999418 -0.0249047
vn -0.258473 0.964565 0.0529667
vn -0.201812 0.978234 0.048268
vn -0.145146 0.988214 0.0486424
vn -0.0356256 0.996194 0.0795448
vn -0.0410874 0.997213 0.062281
vn -0.106142 0.992955 0.0526645
vn -0.111178 0.993067 0.0381703
vn -0.180319 0.982775 0.0404829
vn 0.393564 -0.908314 -0.141682
vn 2.02764e-06 4.34013e-05 -1
vn 3.04486e-05 0.000111739 -1
vn -0.000478201 -1.11451e-05 -1
vn -0.000785138 0.000123127 -1
vn 0.398243 -0.00261073 -0.917276
vn 0.184798 0.0119497 -0.982704
vn 0.263901 -0.960536 0.0878999
vn 0.278999 -0.956001 0.0906726
vn 0.322991 -0.942895 0.0814013
vn 0.311362 -0.94632 0.0867907
vn 0.305528 -0.947597 0.0933402
vn 0.332931 -0.939531 0.0802382
vn 0.323273 -0.942289 0.0870937
vn 0.18474 -0.979325 0.0824301
vn 0.220625 -0.972312 0.0770315
vn 0.115897 -0.993232 0.00765781
vn 0.269916 -0.957764 0.0991585
vn 0.258737 -0.96151 0.092492
vn 0.288366 -0.952841 0.0945421
vn 0.281696 -0.957037 0.0687608
vn 0.28754 -0.956675 0.0457535
vn 0.0968824 -0.982487 -0.159165
vn 0.0639543 -0.988278 -0.138621
vn 0.293892 -0.955491 0.0257625
vn 0.340916 -0.9379 0.0641918
vn 0.325364 -0.942134 0.0807588
vn 0.34171 -0.936568 0.0779372
vn -0.0805955 -0.924269 -0.373137
vn -0.173894 -0.915686 -0.362325
vn -0.20392 -0.919827 -0.335165
vn 0.296038 -0.950232 0.097058
vn 0.855191 -0.518134 0.0136317
vn 0.835571 -0.549316 0.00856606
vn 0.908752 -0.416993 -0.016919
vn 0.8711 -0.49109 0.0039732
vn 0.90065 -0.434211 -0.0170522
vn 0.938328 -0.341555 -0.0536686
vn 0.915142 -0.401343 -0.0379278
vn 0.913501 -0.405434 -0.0337375
vn 0.936917 -0.345773 -0.0512489
vn 0.877837 -0.47896 0.000257368
vn 0.915042 -0.402433 -0.0273294
vn 0.880536 -0.473979 -0.000648903
vn 0.873634 -0.486437 0.011928
vn 0.9123 -0.409244 -0.0150973
vn 0.820434 0.0238347 -0.571245
vn 0.956163 -0.00967431 -0.292675
vn 0.920703 0.00721196 -0.390199
vn 0.970432 -0.00849487 -0.241226
vn 0.988281 -0.0584531 -0.141008
vn 0.984056 -0.0120059 -0.177452
vn 0.982379 -0.0320548 -0.184129
vn 0.981485 -0.0551541 -0.183424
vn 0.986224 -0.0322539 -0.162241
vn 0.976814 -0.00702326 -0.213976
vn 0.93212 0.0178821 -0.361709
vn 0.979776 0.0251686 -0.19851
vn 0.924365 0.0310493 -0.380245
vn 0.969333 0.0219177 -0.244771
vn 0.942703 0.0430671 -0.330841
vn 0.984193 0.00729273 -0.176947
vn 0.914929 0.0362949 -0.401979
vn 0.964598 0.032266 -0.261742
vn 0.848644 0.0305426 -0.528082
vn 0.981155 0.0169092 -0.192483
vn 0.984262 0.0177308 -0.175825
vn 0.982343 0.0443108 -0.181765
vn 0.980174 0.0352488 -0.194975
vn 0.983373 0.0278514 -0.179449
vn 0.974228 0.04661 -0.220697
vn 0.983457 0.0362838 -0.177469
vn 0.983793 0.029874 -0.176803
vn 0.984314 0.0138602 -0.175879
vn 0.983327 0.0402266 -0.17734
vn 0.982391 0.0590959 -0.177246
vn 0.982753 0.0526504 -0.177269
vn 0.982974 0.0473865 -0.177532
vn 0.982685 0.0476986 -0.179039
vn 0.983904 0.0249422 -0.176949
vn 0.983608 0.0301053 -0.177791
vn 0.981973 0.0739633 -0.173947
vn 0.980726 0.0549331 -0.187509
vn 0.982431 0.0624959 -0.175851
vn 0.981676 0.0738597 -0.175664
vn 0.982092 0.062531 -0.177724
vn 0.981527 0.0741679 -0.176364
vn 0.982186 0.0681389 -0.175122
vn 0.977946 0.0623602 -0.199329
vn 0.961312 0.0626514 -0.268244
vn 0.915384 0.0446639 -0.400097
vn 0.921888 0.0594773 -0.382865
vn 0.897373 -0.441184 0.0088733
vn 0.907508 -0.419914 0.0100886
vn 0.939211 -0.342069 -0.0295272
vn 0.97123 -0.231828 -0.0544825
vn 0.974249 -0.218493 -0.0556708
vn 0.971175 -0.234626 -0.0420575
vn 0.986223 -0.137131 -0.0925211
vn 0.00335373 0.000604247 -0.999994
vn 0.0093244 0.000641416 -0.999956
vn 0.000953015 -0.000243026 -1
vn 5.03344e-06 6.21278e-06 -1
vn 1.06894e-06 2.54204e-06 -1
vn 1.64677e-05 -4.47929e-06 -1
vn 2.86675e-05 5.20357e-06 -1
vn -1.04743e-06 -6.29749e-06 -1
vn -6.16443e-05 -2.58838e-05 -1
vn -0.000694603 1.30341e-05 -1
vn 2.27283e-05 -5.77913e-05 -1
vn -0.322521 -0.0080313 -0.946528
vn -0.277174 0.00360371 -0.960813
vn -0.0883814 0.00102507 -0.996086
vn -0.111613 -0.00106581 -0.993751
vn -0.0156747 0.00215706 -0.999875
vn 0.00132166 -9.84749e-05 -0.999999
vn 0.000896668 0.000474735 -1
vn 0.000583613 -0.000112836 -1
vn -0.00187016 0.000220019 -0.999998
vn -0.222908 -0.972665 0.065077
vn -0.170877 -0.984617 0.0364831
vn -0.116414 -0.992961 0.0218129
vn -0.131146 -0.989336 0.0633594
vn -0.234171 -0.970563 0.0563154
vn -0.213908 -0.975273 0.0555499
vn -0.287056 -0.956384 0.0541082
vn -0.268296 -0.961423 0.0606936
vn -0.0892434 -0.994281 0.0586568
vn -0.12647 -0.990092 0.0610221
vn -0.238625 -0.969154 0.0616406
vn -0.208536 -0.976506 0.0543046
vn -0.228219 -0.972041 0.055246
vn -0.979476 -0.147839 -0.137003
vn -0.854431 -0.519551 -0.00390146
vn -0.955661 -0.269073 -0.119634
vn -0.806327 -0.590946 0.0249052
vn -0.859016 -0.511929 0.00454909
vn -0.81354 -0.581048 0.0231388
vn -0.899106 -0.436517 -0.0325921
vn -0.810981 -0.584833 0.0167216
vn -0.801937 -0.596611 0.030861
vn -0.975385 -0.156496 -0.155349
vn -0.971849 -0.176493 -0.156075
vn -0.974165 -0.14425 -0.173765
vn -0.973424 -0.153282 -0.17015
vn -0.977388 -0.106911 -0.182433
vn -0.967552 -0.197156 -0.158026
vn -0.975585 -0.128827 -0.17787
vn -0.969654 -0.182828 -0.162313
vn -0.976912 -0.104406 -0.186395
vn -0.976016 -0.120869 -0.181061
vn -0.974169 -0.137651 -0.179019
vn -0.974465 -0.135327 -0.17918
vn -0.970558 -0.170797 -0.169838
vn -3.18193e-05 3.96075e-06 -1
vn 0.000224331 3.7499e-06 -1
vn -0.00367061 -0.00111514 -0.999993
vn -0.00569863 0.000633736 -0.999983
vn -0.0465134 -0.000137983 -0.998918
vn -0.123027 -0.00786761 -0.992372
vn -0.120396 -0.000274063 -0.992726
vn -0.87597 -0.058072 -0.478857
vn -0.940825 -0.0824276 -0.328716
vn -0.761049 -0.0231491 -0.648281
vn -0.900498 -0.052605 -0.431667
vn -0.764315 -0.0369941 -0.643781
vn -0.929498 -0.0527274 -0.365039
vn -0.973831 -0.0594207 -0.219369
vn -0.973382 -0.190178 -0.127909
vn -0.977621 -0.162298 -0.133853
vn -0.979264 0.137079 -0.149169
vn -0.983545 -0.115758 -0.138707
vn -0.988821 -0.0203172 -0.147717
vn -0.987982 -0.0449754 -0.147881
vn -0.982835 -0.116779 -0.14282
vn -0.98803 0.0542581 -0.144407
vn -0.984076 -0.0936791 -0.151056
vn -0.963836 0.242452 -0.110618
vn -0.958155 0.268537 -0.0991347
vn -0.946861 0.308344 -0.091538
vn -0.772371 -0.635163 0.00336825
vn -0.824694 -0.565114 -0.0229234
vn -0.878767 -0.472372 -0.0680693
vn -0.758124 -0.651345 0.0315674
vn -0.780699 -0.624655 0.0177914
vn -0.799651 -0.600414 0.00784286
vn -0.831765 -0.55494 -0.0144431
vn -0.873595 -0.485441 -0.0343301
vn -0.884844 -0.462666 -0.0546896
vn -0.847901 -0.529566 -0.0249702
vn -0.862025 -0.505562 -0.0363423
vn -0.883075 -0.465768 -0.0569102
vn -0.832457 -0.554089 -0.000410891
vn -0.873557 -0.485 -0.0408948
vn -0.919117 -0.386533 -0.0762614
vn -0.938747 -0.32924 -0.101758
vn -0.914008 -0.397892 -0.079193
vn -0.923683 -0.373387 -0.0859764
vn -0.935281 -0.340663 -0.0959087
vn -0.902203 -0.42584 -0.0684814
vn -0.916839 -0.389625 -0.0871672
vn -0.938554 -0.32945 -0.102857
vn -0.909857 -0.406071 -0.0852463
vn -0.96748 -0.214368 -0.134274
vn -0.935757 -0.338557 -0.098683
vn -0.964271 -0.237458 -0.117448
vn -0.953695 -0.275477 -0.120742
vn -0.960105 -0.249836 -0.125623
vn -0.960168 -0.250254 -0.124299
vn -0.975251 -0.160544 -0.152026
vn -0.929457 -0.35612 -0.0963769
vn -0.953854 -0.281025 -0.105769
vn -0.90554 -0.416776 -0.0793431
vn -0.951756 -0.287332 -0.10771
vn -0.91462 -0.395141 -0.0856322
vn -0.941588 -0.320768 -0.102568
vn -0.889537 -0.450955 -0.0732348
vn -0.926308 -0.366508 -0.0873253
vn -0.914105 -0.396989 -0.0825354
vn -0.793967 -0.607518 0.0231835
vn -0.778393 -0.62776 -0.00466576
vn -0.814506 -0.578932 -0.0376453
vn -0.869432 -0.488137 -0.0762283
vn -0.953834 -0.28539 -0.0935615
vn 0.956724 0.272243 -0.102778
vn 0.979233 0.172461 -0.10658
vn 0.975748 0.189087 -0.110281
vn 0.988996 0.08991 -0.117484
vn 0.97402 0.197691 -0.110468
vn 0.986294 0.113331 -0.119921
vn 0.992874 0.0122999 -0.118536
vn 0.956981 0.273446 -0.0970241
vn 0.716599 0.695792 0.0485774
vn 0.738223 0.673538 0.0370557
vn 0.770924 0.636081 0.0328267
vn 0.97183 -0.218169 -0.0891604
vn 0.961504 -0.261197 -0.0853552
vn 0.95238 -0.294646 -0.0784646
vn 0.960212 -0.266951 -0.082032
vn 0.942613 -0.32778 -0.0635677
vn 0.940953 -0.332485 -0.0637352
vn 0.909825 -0.412664 -0.0438944
vn 0.947587 -0.310474 -0.0753979
vn 0.969381 -0.22992 -0.0862417
vn 0.922004 -0.384376 -0.0465171
vn 0.888758 -0.457425 -0.0295284
vn 0.884443 -0.465795 -0.0282062
vn 0.913247 -0.405238 -0.0419814
vn 0.931597 -0.359769 -0.0518964
vn 0.915187 -0.400178 -0.047855
vn 0.885336 -0.464252 -0.0255177
vn 0.896332 -0.442193 -0.0324829
vn 0.83644 -0.548049 -0.00310889
vn 0.780909 0.624641 0.00219871
vn 0.928242 0.369987 -0.0384256
vn -2.64721e-05 -5.60658e-06 -1
vn 0.96547 0.095424 -0.24241
vn 0.976611 0.126947 -0.173537
vn 0.980316 0.131696 -0.147092
vn 0.865181 0.501061 -0.0199805
vn 0.954625 0.291636 -0.0603281
vn 0.965688 0.243651 -0.0898965
vn 0.974417 0.19281 -0.115477
vn 0.949374 0.307824 -0.0627217
vn 0.978989 0.160135 -0.12624
vn 0.975591 0.169086 -0.140113
vn 0.97309 0.194477 -0.123591
vn 0.965196 0.237804 -0.108838
vn 0.948714 0.306863 -0.0760086
vn 0.960903 0.260509 -0.0938137
vn 0.961466 0.255012 -0.102727
vn 0.919892 0.388414 -0.054157
vn 0.958417 0.26724 -0.100104
vn 0.929194 0.3657 -0.0534986
vn 0.976237 0.16272 -0.14312
vn 0.944051 0.320046 -0.0796131
vn 0.897395 0.44081 -0.0192086
vn 0.968998 0.213275 -0.124727
vn 0.939909 0.330445 -0.0858979
vn 0.97511 0.172392 -0.139432
vn 0.935513 0.345824 -0.0722513
vn 0.971351 0.202815 -0.123871
vn 0.962861 0.242635 -0.118433
vn 0.904017 0.425324 -0.0430496
vn 0.189756 0.977816 0.088704
vn 0.169749 0.981844 0.0846567
vn 0.104782 0.989854 0.0959678
vn 0.151667 0.983812 0.0954544
vn 0.0561223 0.993994 0.0939434
vn 0.18354 0.982095 0.0424648
vn 0.196945 0.976673 0.0855708
vn 0.0763312 0.995953 0.0474463
vn 0.119552 0.988494 0.0926674
vn 0.149121 0.985824 0.076901
vn -0.86097 -0.0499636 -0.506196
vn -0.728886 -0.0334886 -0.683816
vn -0.940709 -0.0210332 -0.338561
vn -0.961005 -0.0087087 -0.276393
vn -0.982296 0.0088721 -0.187125
vn -0.977414 -0.0153476 -0.210775
vn -0.97762 0.00308916 -0.210358
vn -0.969377 -0.0168007 -0.245001
vn -0.970641 -0.0205008 -0.239656
vn -0.978445 -0.0243391 -0.205068
vn -0.982279 0.0196944 -0.186388
vn -0.987031 0.0670011 -0.145876
vn -0.985604 0.0411286 -0.163992
vn -0.984357 0.0423819 -0.171013
vn -0.984872 0.0466119 -0.166896
vn -0.988209 0.0907549 -0.123314
vn -0.984636 0.0287512 -0.172238
vn -0.983226 0.0192459 -0.181373
vn -0.986374 0.050002 -0.156735
vn -0.985122 0.0836237 -0.150138
vn -0.986997 0.0606626 -0.148852
vn -0.983869 0.0663535 -0.166129
vn -0.987964 0.0740609 -0.135798
vn -0.985311 0.134166 -0.105646
vn -0.987218 0.0962697 -0.127014
vn -0.9832 0.133803 -0.124156
vn -0.769234 0.635702 -0.0645056
vn -0.850173 0.520659 -0.0782378
vn -0.937809 0.342117 -0.058904
vn -0.931901 0.35158 -0.0891771
vn -0.973259 0.21387 -0.0838266
vn -0.985331 0.138941 -0.0990901
vn -0.987913 0.102801 -0.116013
vn -0.823334 0.567078 0.0233394
vn -0.919993 0.391891 -0.00583047
vn -0.919204 0.393695 -0.00825091
vn -0.95855 0.268519 -0.0952848
vn -0.943311 0.328437 -0.0478915
vn -0.940214 0.335449 -0.0589162
vn -0.962631 0.2576 -0.0835679
vn -0.945286 0.319763 -0.0646955
vn -0.97143 0.201804 -0.124895
vn -0.964508 0.24327 -0.102684
vn -0.977222 0.147822 -0.152271
vn -0.973023 0.195923 -0.121819
vn -0.973228 0.186258 -0.13467
vn -0.847247 0.530948 0.0163299
vn -0.819108 0.573099 0.0249119
vn -0.842699 0.538345 0.00654318
vn -0.838671 0.544137 -0.023357
vn -0.886117 0.462316 -0.0325706
vn -0.807236 0.589985 0.0169437
vn -0.805178 0.592839 0.0151925
vn -0.827872 0.560848 -0.0088437
vn -0.933221 0.350828 -0.07758
vn -0.947839 0.304183 -0.095257
vn -0.931547 0.359488 -0.0546658
vn -0.830505 0.556329 0.0275514
vn -0.846054 0.532635 0.0221933
vn -0.888877 0.458145 -0.000623012
vn -0.85893 0.511914 0.0135333
vn -0.898109 0.439347 -0.0193407
vn 8.93219e-05 -0.000663436 -1
vn -4.68228e-06 -0.00105813 -0.999999
vn 0.000102333 0.00565414 -0.999984
vn -0.00077056 0.00166558 -0.999998
vn -0.00023223 1.41094e-05 -1
vn -0.000957821 -0.000224156 -1
vn 0.00232463 -4.5802e-05 -0.999997
vn 0.000849313 -6.46125e-05 -1
vn 0.0810048 -0.00224846 -0.996711
vn 0.00187291 0.984935 -0.172916
vn 0.0113856 0.978759 -0.204699
vn -0.135956 0.989632 -0.046313
vn -0.195457 0.978908 0.0594691
vn -0.30535 0.949976 0.0656264
vn -0.134382 0.989957 0.0438898
vn -0.0756848 0.996007 0.0473426
vn -0.0867999 0.994881 0.0517382
vn -0.0194924 0.998511 0.0509525
vn -0.0477754 0.997569 0.0507367
vn -0.143863 0.988147 0.0535635
vn 0.267431 -0.959027 0.0935313
vn -0.229923 -0.921179 -0.313949
vn 0.802699 -0.595842 0.0254236
vn 0.829776 -0.558051 0.00718238
vn 0.934355 -0.353818 -0.0423631
vn 0.969747 -0.225523 -0.0934366
vn 0.95452 -0.29011 -0.0687589
vn 0.953728 -0.292006 -0.0716661
vn 0.94145 -0.333139 -0.0518733
vn 0.934033 -0.35461 -0.0428215
vn 0.971119 -0.218926 -0.0948662
vn 0.9597 -0.269819 -0.0785743
vn 0.976684 -0.187527 -0.104512
vn 0.961015 -0.265559 -0.076998
vn 0.966851 -0.239464 -0.0886397
vn 0.984135 -0.133181 -0.117225
vn 0.954295 -0.291652 -0.0652659
vn 0.968284 -0.234863 -0.085244
vn 0.941587 -0.332818 -0.0514415
vn 0.981719 -0.151653 -0.115022
vn 0.950783 -0.303646 -0.0617292
vn 0.978243 -0.179219 -0.104507
vn 0.985931 -0.102767 -0.131833
vn 0.929958 -0.365618 -0.0387504
vn 0.936094 -0.349867 -0.0363416
vn 0.91158 -0.411091 -0.0050837
vn 0.903616 -0.42834 -0.0018776
vn 0.988139 -0.073973 -0.134571
vn 0.918862 0.0384532 -0.3927
vn 0.735177 0.0274505 -0.677319
vn 0.983286 0.0396152 -0.177705
vn 0.948671 -0.315491 -0.0221249
vn 0.948814 -0.315232 -0.0195214
vn 0.949932 -0.312194 -0.0128365
vn 0.988779 -0.0958532 -0.11458
vn 0.988177 -0.0998938 -0.116305
vn 0.988098 -0.0788658 -0.132069
vn 0.984443 -0.149281 -0.0926685
vn 0.970901 -0.225299 -0.0811855
vn 0.00789872 -0.000104631 -0.999969
vn -1.11727e-05 -1.19105e-05 -1
vn -0.000210494 2.92264e-05 -1
vn -8.62115e-05 5.29937e-05 -1
vn 0.00479098 -0.00138701 -0.999988
vn -0.304794 0.000461846 -0.952418
vn 0.000635628 -7.20981e-05 -1
vn 2.63247e-05 -3.19437e-05 -1
vn -0.0908456 -0.99372 0.0653322
vn -0.0722284 -0.997205 0.0191146
vn -0.166382 -0.984626 0.0531899
vn -0.181944 -0.981924 0.0521768
vn -0.290326 -0.955042 0.0600498
vn -0.302089 -0.951292 0.0615246
vn -0.289556 -0.954953 0.0649858
vn -0.254362 -0.965252 0.0599003
vn -0.979722 -0.1485 -0.134512
vn -0.95796 -0.255861 -0.129803
vn -0.940137 -0.329017 -0.0888296
vn -0.854242 -0.519823 -0.00745565
vn -0.78357 -0.620453 0.0324887
vn -0.812072 -0.583306 0.0171351
vn -0.979108 -0.0916834 -0.1815
vn -0.964401 -0.220229 -0.146387
vn -0.960727 -0.24215 -0.135524
vn -0.971568 -0.167762 -0.167068
vn -0.00204679 9.78054e-05 -0.999998
vn -0.984396 0.119558 -0.129111
vn -0.977202 0.171416 -0.125268
vn -0.975126 0.189164 -0.115523
vn -0.98506 -0.080904 -0.152024
vn -0.986939 -0.0378264 -0.156591
vn -0.984722 -0.0532652 -0.165785
vn -0.986141 0.0741689 -0.148409
vn -0.980227 -0.135478 -0.144227
vn -0.980828 -0.125843 -0.148795
vn -0.984498 -0.0809525 -0.155595
vn -0.982844 -0.0973394 -0.156662
vn -0.987085 -0.0297678 -0.15741
vn -0.97664 -0.161027 -0.142286
vn -0.984818 -0.0610532 -0.162497
vn -0.987447 0.0239376 -0.156126
vn -0.987928 0.0133947 -0.154334
vn -0.987201 0.0695271 -0.143527
vn -0.976538 -0.16434 -0.139162
vn -0.970002 -0.208443 -0.125092
vn -0.969969 -0.208094 -0.125923
vn -0.985701 0.0822417 -0.147072
vn -0.979433 0.155353 -0.128749
vn -0.979983 0.140536 -0.141009
vn -0.971674 0.201676 -0.123194
vn -0.983135 0.127555 -0.131055
vn -0.954206 0.280092 -0.10507
vn -0.950953 0.294116 -0.0958359
vn -0.966659 0.228658 -0.115262
vn -0.966389 0.231734 -0.11132
vn -0.941351 0.325044 -0.0905765
vn -0.963367 0.245959 -0.106901
vn -0.86407 -0.498889 -0.0670274
vn -0.845665 -0.531387 -0.0497894
vn -0.861541 -0.505154 -0.0506543
vn -0.802775 -0.596053 0.016522
vn -0.800699 -0.598898 0.0142159
vn -0.777392 -0.628555 0.0240985
vn -0.862968 -0.505116 -0.012017
vn -0.880213 -0.473792 -0.0273253
vn -0.899445 -0.434354 -0.0483322
vn -0.909588 -0.409268 -0.0717572
vn -0.887821 -0.454736 -0.0706248
vn -0.945611 -0.308676 -0.102657
vn -0.936962 -0.335785 -0.096702
vn -0.951331 -0.284452 -0.118557
vn -0.939973 -0.32432 -0.106144
vn -0.924617 -0.371989 -0.0818942
vn -0.961995 -0.239993 -0.130267
vn -0.935082 -0.344029 -0.0852387
vn -0.92487 -0.373131 -0.0734101
vn -0.910556 -0.409186 -0.058771
vn -0.94622 -0.307306 -0.101142
vn -0.922961 -0.378736 -0.0685668
vn -0.962019 -0.237748 -0.134148
vn -0.954354 -0.274875 -0.116846
vn -0.946795 -0.30367 -0.1066
vn -0.964071 -0.223896 -0.142961
vn -0.947197 -0.304661 -0.0999964
vn 0.901982 0.42777 -0.0586547
vn 0.993297 0.0131289 -0.114843
vn 0.991401 -0.0721517 -0.109174
vn 0.989814 -0.0850413 -0.114175
vn 0.985092 -0.133855 -0.108059
vn 0.991252 -0.0596992 -0.117706
vn 0.992454 0.00584025 -0.122479
vn 0.953627 0.286448 -0.0924239
vn 0.929711 0.359908 -0.0781284
vn 0.748157 0.661639 0.0499471
vn 0.778333 0.626906 0.0344475
vn 0.804882 0.592996 0.0228112
vn 0.865911 0.499952 -0.0156938
vn 0.856888 0.515173 -0.0184181
vn 0.850508 -0.525787 -0.0136124
vn 0.881056 -0.472168 -0.0282389
vn 0.846761 -0.531845 -0.0116823
vn 0.788321 0.615263 -0.00138978
vn 0.745222 0.666731 0.0107176
vn 0.828205 0.560173 -0.0167846
vn 0.727559 0.685917 0.0132452
vn 0.740612 0.671698 0.0177703
vn 0.863474 0.503136 -0.035593
vn 0.817587 0.575534 -0.0176345
vn 0.90046 0.434719 -0.013829
vn 0.980043 0.136465 -0.144544
vn 0.977542 0.169127 -0.125729
vn 0.888768 0.457595 -0.0264181
vn 0.86816 0.496192 0.009571
vn 0.154191 0.985224 0.0745567
vn 0.177391 0.979772 0.0926279
vn 0.180319 0.979239 0.0926071
vn 0.199453 0.975703 0.0906815
vn -0.733317 -0.0120491 -0.67978
vn -0.981481 -0.00100364 -0.191558
vn -0.982208 0.053931 -0.179887
vn -0.945175 0.323754 -0.0427513
vn -0.968384 0.229745 -0.0972099
vn -0.978306 0.167079 -0.122485
vn -0.963957 0.241081 -0.112547
vn -0.868941 0.492862 -0.045027
vn -0.939333 0.335438 -0.0716523
vn -0.958163 0.269661 -0.0959497
vn -0.846796 0.531383 0.0238406
vn -0.883065 0.46925 0.00110261
vn -0.923179 0.382684 -0.0359774
vn -0.908697 0.416584 -0.0269667
vn -0.929493 0.3651 -0.0523896
vn -0.902442 0.429961 -0.0270529
vn -0.917346 0.39619 -0.0388684
vn 0.0025952 0.101426 -0.99484
vn 0.0882186 0.0103089 -0.996048
vn 0.00718491 0.000827184 -0.999974
vn -0.16092 0.985618 0.0515994
vn -0.238745 0.968754 0.0672028
vn -0.258435 0.963854 0.0647818
vn -0.219091 0.974585 0.046723
vn -0.00790866 0.998477 0.0546032
vn 0.816688 -0.576871 0.0155218
vn 0.796617 -0.604126 0.0208127
vn 0.849735 -0.527202 -0.00281719
vn 0.77095 -0.635904 0.0355258
vn 0.870838 -0.491437 -0.0114784
vn 0.760021 -0.648906 0.035898
vn 0.765984 -0.642139 0.030434
vn 0.76007 -0.649163 0.0296614
vn 0.804619 -0.593646 0.0131297
vn 0.731511 -0.680261 0.0462279
vn 0.984442 0.0346733 -0.172253
vn 0.98851 -0.0582809 -0.139471
vn 0.986901 -0.0358545 -0.157295
vn 0.961264 -0.270749 -0.0516384
vn 0.911673 -0.410863 0.00667974
vn 0.97453 -0.214698 -0.0647723
vn -0.0113172 -0.00252564 -0.999933
vn -0.0133638 -0.00272276 -0.999907
vn 0.000450245 4.19607e-05 -1
vn -2.10147e-05 -0.000127119 -1
vn -1.66687e-05 6.92567e-05 -1
vn -0.944152 -0.312669 -0.103997
vn -0.921771 -0.382598 -0.0629105
vn -0.979147 -0.102056 -0.175656
vn -0.978947 -0.0841226 -0.185975
vn -0.977962 -0.111842 -0.176301
vn -0.979067 -0.0761982 -0.188735
vn -0.979228 -0.0602573 -0.193599
vn -0.978946 -0.0771708 -0.188972
vn -0.979374 -0.0658267 -0.19103
vn -0.978912 -0.0547804 -0.196802
vn -0.979449 -0.044797 -0.196654
vn -0.978588 -0.0727327 -0.19255
vn -0.978439 -0.0940261 -0.183892
vn -0.978372 -0.0833665 -0.189308
vn -0.978839 -0.0661056 -0.193663
vn -0.9793 -0.0506258 -0.195983
vn -0.979044 -0.0569852 -0.195511
vn -0.980038 -0.0308748 -0.196397
vn -0.979568 -0.0429954 -0.196462
vn -0.979144 -0.0598718 -0.194143
vn -0.98012 -0.0288829 -0.196289
vn -0.978976 -0.0623777 -0.194205
vn -0.979513 -0.0453447 -0.196208
vn -0.978169 -0.0801469 -0.191733
vn -0.97768 -0.0907677 -0.189479
vn -0.980869 -0.0183922 -0.193799
vn -0.980156 -0.0290758 -0.196086
vn -0.981299 0.00476553 -0.192429
vn -0.980057 -0.041162 -0.194405
vn -0.980631 -0.0106104 -0.195577
vn -0.981526 0.023602 -0.189867
vn -0.980979 0.00189833 -0.194104
vn -0.981708 0.000708512 -0.190389
vn -0.966161 -0.20436 -0.157383
vn -0.967934 -0.197237 -0.155568
vn -0.962775 -0.23169 -0.139225
vn -0.960129 -0.244773 -0.135048
vn 0.000541024 4.9384e-05 -1
vn -0.00300026 -0.000455321 -0.999995
vn -0.934772 0.345179 -0.08398
vn -0.932828 0.350917 -0.0817863
vn -0.907006 0.416234 -0.063956
vn -0.921888 0.379724 -0.0770168
vn -0.901843 0.427008 -0.0659031
vn -0.901394 -0.429205 -0.0572036
vn -0.925701 -0.372542 -0.0655035
vn -0.955228 -0.272414 -0.115459
vn 0.981986 -0.159569 -0.101205
vn 0.986891 -0.115185 -0.113045
vn 0.969842 -0.226033 -0.0911876
vn 0.981932 -0.160407 -0.100394
vn 0.969938 -0.227247 -0.0870645
vn 0.975877 -0.195004 -0.0981754
vn 0.987654 0.0947914 -0.124719
vn 0.961905 0.254915 -0.098781
vn 0.819044 0.573726 -0.00231995
vn 0.864018 -0.503269 -0.0139031
vn 0.867773 -0.49671 -0.0157812
vn 0.850389 -0.526124 -0.00571961
vn 0.824888 -0.565287 -0.00333005
vn 0.829161 -0.559008 0.00149193
vn 0.810552 -0.58566 0.00281869
vn 0.725922 0.687048 0.0316425
vn 0.877336 0.477843 -0.0441277
vn 0.894874 0.44304 -0.0539961
vn 0.779388 0.626504 0.00690473
vn 0.820448 0.571701 0.00480718
vn -0.979399 -0.0159875 -0.201298
vn -0.981054 -0.0120859 -0.193358
vn -0.983183 0.0425199 -0.177603
vn -0.980571 0.108296 -0.163559
vn -0.97468 0.183862 -0.127256
vn -0.978162 0.145727 -0.148196
vn -0.981211 0.124344 -0.147528
vn -0.840365 0.541045 -0.0325184
vn -0.868864 0.493394 -0.0404703
vn -0.89337 0.446176 -0.0530662
vn -0.972998 0.193426 -0.125945
vn -0.958021 0.272602 -0.0887876
vn 0.907614 -0.418342 -0.0350267
vn 0.882068 -0.470819 -0.0169064
vn 0.819022 -0.573642 0.0117827
vn 0.983553 0.036959 -0.176797
vn 0.986848 -0.0279742 -0.159216
vn 0.985738 -0.00987148 -0.168
vn 0.985852 -0.0122 -0.167173
vn 0.985277 0.000958562 -0.17096
vn 0.986067 -0.0174188 -0.165432
vn 0.986963 -0.058597 -0.149902
vn 0.984716 0.00704447 -0.174024
vn 0.964758 -0.258415 -0.0496409
vn 0.979533 -0.175981 -0.0977016
vn 0.976161 -0.20231 -0.0786081
vn 0.983967 -0.138601 -0.11224
vn 0.950256 -0.310124 -0.028915
vn 0.941711 -0.335551 -0.0241938
vn 0.000807535 -5.56062e-05 -1
vn 9.15974e-05 9.66033e-08 -1
vn -0.976459 -0.128299 -0.173397
vn -0.9772 -0.131849 -0.166419
vn -0.97948 -0.0343343 -0.198594
vn -0.979806 -0.0389829 -0.196112
vn -0.979836 -0.0330094 -0.197058
vn -0.980309 -0.0239277 -0.196015
vn -0.977546 -0.0993358 -0.185841
vn -0.976829 -0.107196 -0.18524
vn -0.980942 -0.0237426 -0.192844
vn -0.971783 -0.163173 -0.170333
vn -0.975761 -0.131062 -0.175251
vn -0.973024 -0.161265 -0.16498
vn -0.97465 -0.139239 -0.175131
vn -0.973232 -0.160554 -0.164444
vn -0.967525 -0.199963 -0.15463
vn -0.972135 -0.173572 -0.157565
vn 0.000102463 3.7619e-05 -1
vn -0.930384 0.357837 -0.0796087
vn -0.894301 -0.443964 -0.0558706
vn 0.991369 -0.0433305 -0.123734
vn 0.984139 0.135843 -0.114095
vn 0.964623 0.241867 -0.104898
vn 0.942957 0.321724 -0.0855897
vn 0.98043 0.156701 -0.119171
vn 0.908391 0.413275 -0.0634836
vn 0.932864 0.351942 -0.0768215
vn 0.976605 0.180123 -0.117467
vn 0.866412 0.498541 -0.0280559
vn 0.780575 0.624832 0.0169423
vn 0.704437 0.708481 0.0426961
vn 0.849974 0.526334 -0.022723
vn 0.859321 0.510643 -0.0284816
vn 0.878115 0.476276 -0.0455541
vn 0.861815 0.505814 -0.0377786
vn 0.80555 0.592528 0.000572034
vn 0.774695 0.6321 0.0172571
vn -0.982064 0.00285452 -0.188527
vn -0.982386 0.0193467 -0.18586
vn -0.981547 0.000904899 -0.191218
vn -0.98221 0.0171003 -0.187008
vn -0.980681 -0.0148847 -0.195045
vn -0.981174 -0.00363025 -0.19309
vn -0.980506 -0.0186398 -0.195605
vn -0.983606 0.0666204 -0.167575
vn -0.983528 0.108875 -0.144289
vn -0.983137 0.0926626 -0.157658
vn -0.985461 0.10342 -0.134802
vn -0.982647 0.0725771 -0.170696
vn -0.893396 0.44564 -0.0569945
vn -0.960214 0.257125 -0.108978
vn -0.967938 0.226465 -0.108668
vn -0.983852 0.0645196 -0.166948
vn -0.948792 0.307282 -0.073296
vn -0.976453 0.158597 -0.146244
vn -0.960178 0.263942 -0.0916121
vn 0.913227 -0.405988 -0.0344973
vn 0.953957 -0.291383 -0.0711496
vn 0.932361 -0.357495 -0.0538559
vn 0.940302 -0.335714 -0.0559369
vn 0.975147 -0.199232 -0.0969272
vn 0.935521 -0.349752 -0.0497415
vn 0.958336 -0.277357 -0.068311
vn 0.965907 -0.245484 -0.0822216
vn 0.970427 -0.225112 -0.0871578
vn 0.972449 -0.214973 -0.0901683
vn 0.985309 -0.122849 -0.118632
vn 0.956959 -0.280603 -0.0741098
vn 0.980709 -0.165627 -0.103814
vn 0.978647 -0.176089 -0.106029
vn 0.985606 -0.00172971 -0.169051
vn 0.98282 0.0665043 -0.17217
vn 0.981052 -0.171917 -0.0893362
vn 0.986125 -0.0987579 -0.133437
vn 0.986629 -0.11106 -0.119282
vn -0.977045 -0.0374149 -0.209722
vn -0.977247 -0.0949407 -0.189668
vn -0.978532 -0.0785451 -0.190543
vn -0.975865 -0.115457 -0.185359
vn -0.978857 -0.083399 -0.18677
vn -0.978419 -0.0865943 -0.187611
vn -0.979452 -0.0618829 -0.19195
vn -0.977437 -0.104711 -0.183446
vn -0.978215 -0.107612 -0.177523
vn -0.967253 -0.209281 -0.143607
vn 0.988135 -0.0996474 -0.116875
vn 0.991599 0.0299664 -0.125833
vn 0.988213 0.0819592 -0.129298
vn 0.991314 0.00976997 -0.131156
vn 0.988788 0.0637496 -0.135038
vn 0.990456 -0.0622532 -0.122966
vn 0.989265 0.0559023 -0.135018
vn 0.985254 -0.128537 -0.112928
vn 0.984187 0.122724 -0.127726
vn 0.990856 -0.00994389 -0.134557
vn 0.924308 0.375453 -0.068488
vn 0.918507 0.391237 -0.0572651
vn 0.951355 0.29293 -0.0954807
vn 0.941383 0.326709 -0.0840185
vn 0.964842 0.239129 -0.109074
vn 0.855988 0.516552 -0.0214153
vn 0.918366 0.390368 -0.0649427
vn 0.891333 0.451314 -0.0429019
vn 0.927542 0.364381 -0.0830186
vn 0.892909 0.448427 -0.0403302
vn 0.920314 0.385493 -0.0664592
vn 0.952912 0.287919 -0.0951944
vn -0.982319 0.0341448 -0.184075
vn -0.981647 0.0347076 -0.187525
vn -0.979773 0.135972 -0.146821
vn -0.96829 0.222622 -0.113374
vn -0.973853 0.185544 -0.131088
vn -0.979342 0.130891 -0.154131
vn -0.973111 0.190977 -0.128774
vn -0.980144 0.106212 -0.167441
vn -0.978274 0.148372 -0.144796
vn -0.979209 0.12213 -0.16197
vn -0.981223 0.0736891 -0.178245
vn -0.981056 0.0974529 -0.16743
vn 0.955592 -0.285672 -0.0723534
vn 0.985083 -0.123737 -0.119584
vn 0.984762 0.0198291 -0.172773
vn 0.984401 0.0160895 -0.175201
vn 0.986839 -0.0072374 -0.161547
vn 0.985428 -0.00755275 -0.169924
vn 0.985476 0.0144232 -0.169203
vn 0.985332 -0.00553705 -0.170558
vn 0.986465 -0.0339267 -0.160422
vn 0.986288 -0.00650263 -0.164902
vn 0.985439 0.0383289 -0.165651
vn 0.987343 -0.0628106 -0.145628
vn 0.985217 0.0295826 -0.168737
vn 0.986411 -0.0281521 -0.161868
vn 0.986419 0.0138318 -0.163665
vn 0.983906 0.0642003 -0.166756
vn 0.986439 -0.031633 -0.161054
vn 0.986849 -0.0676044 -0.146827
vn 0.98807 -0.0338271 -0.150244
vn 0.98439 0.046519 -0.169742
vn 0.983565 0.0516398 -0.17301
vn 0.982831 0.0537255 -0.176511
vn 0.987017 -0.0648716 -0.14693
vn 0.987386 -0.0302671 -0.155415
vn 0.988172 -0.0437847 -0.146969
vn 0.987086 -0.058548 -0.149111
vn 0.985556 -0.117021 -0.122417
vn 0.987379 -0.0111405 -0.157983
vn 0.987676 0.00176481 -0.156503
vn 0.981984 0.070452 -0.17534
vn 0.980606 0.111058 -0.161489
vn 0.9817 0.0861724 -0.169824
vn 0.982324 0.0934631 -0.162186
vn 0.981158 0.0942768 -0.168642
vn 0.986982 -0.0877916 -0.134754
vn 0.985968 -0.105153 -0.129649
vn 0.985109 -0.112397 -0.130104
vn 0.973611 -0.20791 -0.0941053
vn 0.981976 -0.153016 -0.11095
vn 0.981722 -0.154587 -0.111017
vn 0.977444 -0.184262 -0.103205
vn 0.984214 -0.132103 -0.117777
vn 0.986291 -0.0936863 -0.135843
vn -0.974152 -0.0286141 -0.224072
vn -0.98188 -0.0274593 -0.187505
vn -0.979209 -0.0623796 -0.193026
vn -0.980192 -0.0425833 -0.193416
vn -0.981259 -0.0310481 -0.190177
vn -0.980375 -0.0516255 -0.190263
vn -0.982047 -0.00819588 -0.18846
vn -0.982537 0.0483333 -0.179678
vn -0.983467 0.015949 -0.180386
vn -0.982397 0.0173343 -0.186001
vn -0.982624 -0.005588 -0.185523
vn -0.98312 0.022811 -0.181537
vn -0.982868 -0.0215122 -0.183049
vn -0.983304 0.0637673 -0.170431
vn -0.982278 0.0318957 -0.184698
vn -0.976579 -0.11532 -0.181642
vn 0.980138 -0.168457 -0.10465
vn 0.989695 -0.0721071 -0.123709
vn 0.989567 -0.0643009 -0.128927
vn 0.952153 0.290209 -0.0958326
vn 0.978858 0.160747 -0.126484
vn 0.975754 0.189386 -0.109711
vn 0.85605 0.516658 -0.0155676
vn 0.913527 0.400971 -0.0684932
vn -0.982264 0.0338476 -0.184423
vn -0.981909 0.0584611 -0.180101
vn -0.981728 0.0786331 -0.173283
vn -0.98127 0.0608764 -0.182764
vn -0.979266 0.147514 -0.138844
vn -0.983191 0.0720741 -0.16775
vn -0.975619 0.169948 -0.138873
vn -0.979203 0.128706 -0.156833
vn 0.981775 -0.15757 -0.106252
vn 0.986514 -0.0325288 -0.160415
vn 0.986505 -0.0388906 -0.159043
vn 0.986629 -0.0660958 -0.148978
vn 0.986788 -0.0630255 -0.149255
vn 0.988773 -0.0504422 -0.140652
vn 0.983439 0.0719368 -0.166353
vn 0.981736 0.118571 -0.148782
vn 0.979646 0.123282 -0.158416
vn 0.97778 0.149301 -0.147158
vn 0.978469 0.134005 -0.156976
vn 0.981725 0.0821877 -0.171645
vn 0.980534 0.103366 -0.166941
vn 0.980103 0.117335 -0.160096
vn 0.966223 -0.244661 -0.0809625
vn 0.959384 -0.275388 -0.0611914
vn 0.972844 -0.211441 -0.0941669
vn -0.984028 0.0417619 -0.173045
vn -0.983976 0.0142048 -0.177734
vn -0.984146 0.0141879 -0.176792
vn -0.981975 0.0891913 -0.166641
vn -0.981683 0.0441221 -0.185343
vn -0.981835 0.0671967 -0.177437
vn -0.98195 0.0755849 -0.173381
vn -0.979954 0.121578 -0.157826
vn -0.982825 0.0866159 -0.162951
vn 0.987081 -0.107726 -0.118602
vn 0.990517 0.0210828 -0.135763
vn 0.990245 -0.0445402 -0.132029
vn 0.983313 0.127089 -0.130168
vn 0.977792 0.17121 -0.120872
vn 0.968293 0.222062 -0.114444
vn 0.891238 0.4507 -0.0506426
vn 0.88789 0.457935 -0.0441138
vn 0.916254 0.394915 -0.067241
vn 0.988259 -0.0272646 -0.150332
vn 0.987908 -0.0600097 -0.142959
vn 0.986902 -0.0967394 -0.129095
vn 0.987862 0.0177122 -0.154318
vn 0.988083 0.00470318 -0.153852
vn 0.986614 0.0431641 -0.157256
vn 0.982947 0.0923265 -0.159034
vn 0.974036 0.178222 -0.139613
vn 0.981176 0.0899868 -0.170868
vn 0.979615 0.117584 -0.162873
vn 0.978492 0.145227 -0.146503
vn 0.991154 -0.01237 -0.132136
vn 0.99003 -0.0297086 -0.137688
vn 0.98995 0.01119 -0.140973
vn 0.988206 -0.0874396 -0.125711
vn 0.988807 -0.0693973 -0.132077
vn 0.986098 -0.109788 -0.124726
vn 0.988991 -0.0637956 -0.13352
vn 0.978052 0.165822 -0.126164
vn 0.984119 0.116393 -0.134021
vn 0.985097 0.0999993 -0.139941
vn 0.987415 0.0805562 -0.136094
vn 0.988019 0.0647976 -0.140073
vn 0.959661 0.261671 -0.102855
vn 0.928303 0.36398 -0.0759733
vn 0.946639 0.309752 -0.0890454
vn 0.983061 -0.133895 -0.125152
vn 0.981263 -0.157379 -0.111149
vn 0.979366 -0.172771 -0.104849
vn 0.984469 0.0649086 -0.163119
vn 0.985545 0.0536582 -0.160694
vn 0.986891 0.0272369 -0.159076
vn 0.984585 0.0788998 -0.156102
vn 0.977938 0.154381 -0.140724
vn 0.968684 0.212631 -0.128219
vn 0.989557 -0.00815701 -0.143913
vn 0.989965 -0.0306917 -0.137943
vn 0.989431 -0.0178257 -0.143905
vn 0.967993 0.224683 -0.11184
vn 0.974821 0.18426 -0.125587
vn 0.936533 0.33945 -0.0876362
vn 0.946267 0.310149 -0.0915771
vn 0.949839 0.295087 -0.103583
vn 0.972205 0.198892 -0.12353
vn 0.964535 0.237589 -0.114993
vn 0.985535 -0.116591 -0.122992
vn 0.983859 0.0866275 -0.156579
vn 0.986061 0.065178 -0.153089
vn 0.981092 0.117579 -0.15373
vn 0.979846 0.127258 -0.153968
vn 0.981256 0.121766 -0.149365
vn 0.977863 0.156716 -0.138649
vn 0.97895 0.149713 -0.13872
vn 0.9688 0.217692 -0.118477
vn 0.988958 -0.0154318 -0.147388
vn 0.988214 -0.0810929 -0.129833
vn 0.986799 0.0384918 -0.157308
vn 0.988108 0.0429284 -0.147648
vn 0.982838 0.114276 -0.144813
vn 0.983175 0.113753 -0.142922
vn 0.972214 0.192782 -0.132798
vn 0.965251 0.229932 -0.124188
vn 0.954646 0.278168 -0.106179
vn 0.925902 0.371417 -0.0689602
vn 0.9388 0.333892 -0.0846772
vn 0.951981 0.288945 -0.101206
vn 0.913967 0.400461 -0.0655427
vn 0.891894 0.449435 -0.0503261
vn 0.906858 0.417966 -0.0539803
vn 0.987432 0.04318 -0.152029
vn 0.988985 0.0160586 -0.14714
vn 0.986241 0.075076 -0.147283
vn 0.985859 0.0811552 -0.146614
vn 0.988745 0.0383162 -0.14462
vn 0.982931 0.120998 -0.138585
vn 0.979306 0.152096 -0.133518
vn 0.970032 0.206616 -0.127858
vn 0.976033 0.171234 -0.134308
vn 0.972852 0.193488 -0.126971
vn 0.966881 0.230817 -0.108921
vn 0.954471 0.278182 -0.107701
vn 0.939461 0.333695 -0.0778545
vn 0.987856 0.0659076 -0.140703
vn 0.934841 0.344859 -0.0845276
vn 0.354075 0.926028 -0.130776
vn -0.449758 -0.892941 -0.0193496
vn -0.984735 0.154979 0.0792412
vn 0.989404 -0.0906097 0.113443
vn 0.302725 -0.946995 0.107512
vn -0.436232 0.884376 0.166073
vn 0.1815 -0.951176 -0.249642
vn -0.175486 -0.983048 0.0531111
vn 0.887399 0.452866 0.0862287
vn 0.876871 0.0655317 -0.476239
vn 0.577381 0.499688 0.645712
vn 0.199786 0.974583 0.101357
vn -0.525723 0.738047 -0.422969
vn -0.28805 -0.0212837 -0.957379
vn 0.0241257 0.437324 -0.89898
vn 0.94179 -0.317516 0.110526
vn 0.971244 -0.200066 0.129065
vn -0.767148 0.639983 0.0436563
vn 0.26695 0.919352 -0.289015
vn -0.303954 0.950482 0.06477
vn 0.266575 -0.963308 0.0312186
vn 0.33085 -0.927529 -0.173863
vn -0.113736 -0.992523 0.0442876
vn -0.752764 -0.652851 -0.0844457
vn 0.645655 0.761948 0.0506545
vn 0.180612 0.983079 0.0305801
vn -0.27071 0.914327 -0.301202
vn 0.24092 0.954665 -0.174848
vn -0.286822 0.956386 0.0553108
vn -0.38966 0.917633 -0.0781941
vn 0.0611615 -0.000684202 -0.998128
vn 0.0344953 -0.00167581 -0.999403
vn 0.000159904 7.59039e-05 -1
vn -0.000868906 -0.000235476 -1
vn -0.000174624 -0.000109466 -1
vn -0.000875493 -4.74001e-05 -1
vn 3.31559e-05 -3.11744e-05 -1
vn 2.8875e-05 -0.000161002 -1
vn 4.82226e-05 -6.94616e-06 -1
vn 5.92684e-06 -0.000233594 -1
vn 2.05415e-05 -9.41646e-05 -1
vn 0.0653919 -0.984653 -0.161808
vn -0.729021 -0.682978 0.0454849
vn 0.753336 0.657611 -0.00571314
vn 0.756293 0.654229 0.00225434
vn 0.00108201 0.000272699 -0.999999
vn -0.0171944 -0.000446497 -0.999852
vn -0.111567 -0.017183 -0.993608
vn -0.0186058 -0.00425556 -0.999818
vn 0.944795 0.320226 -0.0694143
vn 0.105136 0.965345 -0.238864
vn 0.125123 -0.982884 -0.135213
vn -0.950311 -0.115703 -0.289002
vn -0.739156 -0.673506 -0.00622366
vn -0.806148 -0.590243 -0.0417017
vn -0.952938 -0.286816 -0.0982084
vn 0.907346 0.415268 -0.0653903
vn -0.964217 0.0253175 -0.263902
vn -0.907521 -0.00448856 -0.419984
vn -0.939987 -0.0336489 -0.339548
vn -0.813885 0.580174 0.0314596
vn -0.903437 0.426379 -0.0447481
vn -0.966797 0.226427 -0.118471
vn -0.000246553 6.83543e-05 -1
vn 0.980942 0.00556448 -0.194221
vn 0.982766 0.0542769 -0.176707
vn 0.969436 0.0484625 -0.240512
vn 0.966515 0.0664234 -0.247865
vn -0.172911 -0.982631 0.0673624
vn -0.988192 0.0327975 -0.149669
vn 0.889909 -0.454472 -0.0389482
vn 0.915613 -0.397955 -0.0573152
vn 0.955341 0.279465 -0.0960335
vn -0.974 0.079541 -0.212127
vn -0.93505 -0.0139785 -0.35424
vn -0.952054 0.0545002 -0.301036
vn -0.960334 0.247027 -0.129367
vn -0.962232 0.260151 -0.0801967
vn -0.981862 0.118231 -0.148216
vn -0.984389 0.130781 -0.117787
vn -0.984892 0.1389 -0.103413
vn -0.961558 0.260023 -0.0882866
vn -0.980281 0.171264 -0.0985777
vn -0.977795 0.180605 -0.106298
vn -0.866543 0.499101 0.00123745
vn 0.292899 -0.951782 0.0912252
vn 0.983373 -0.164388 -0.0771691
vn -0.887666 -0.459274 -0.0334057
vn -0.891489 -0.451175 -0.0410885
vn -0.988838 0.0333646 -0.145208
vn -0.984 0.105668 -0.14345
vn -0.982573 0.128064 -0.13472
vn -0.972108 -0.190766 -0.136433
vn -0.976933 -0.153845 -0.148101
vn -0.972833 -0.185519 -0.138488
vn -0.969236 -0.204895 -0.13638
vn -0.968065 -0.208497 -0.13921
vn -0.974881 -0.15194 -0.162854
vn -0.97116 -0.183129 -0.152685
vn -0.966858 -0.211102 -0.143599
vn -0.976915 -0.13933 -0.161938
vn -0.971866 -0.174277 -0.158443
vn -0.976394 -0.136374 -0.167501
vn -0.979995 -0.0948052 -0.174994
vn -0.978237 -0.111023 -0.175288
vn -0.98012 -0.0760615 -0.183247
vn -0.974341 -0.165656 -0.152377
vn -0.981795 -0.0868839 -0.168907
vn -0.978045 -0.11913 -0.170986
vn -0.981107 -0.0763258 -0.177774
vn -0.979452 -0.105302 -0.172006
vn -0.979155 -0.12249 -0.162026
vn -0.980108 -0.117776 -0.159738
vn -0.983332 -0.0790062 -0.163757
vn -0.984863 -0.0186759 -0.172324
vn -0.981072 -0.113788 -0.156683
vn -0.984319 -0.0534071 -0.168117
vn -0.982551 -0.0607162 -0.175803
vn -0.985813 -0.0266106 -0.165723
vn -0.982679 -0.0424526 -0.180389
vn -0.983166 -0.0857949 -0.16132
vn -0.977371 -0.151649 -0.147473
vn -0.986258 0.0501042 -0.157429
vn -0.986666 -0.0119349 -0.162323
vn -0.986119 0.00611142 -0.165929
vn -0.985119 0.0223036 -0.170423
vn -0.986929 0.0270213 -0.158877
vn -0.98672 -0.0210072 -0.161068
vn -0.984312 -0.00920121 -0.176196
vn -0.983769 -0.0348986 -0.176016
vn -0.984151 0.0305987 -0.174671
vn -0.986655 0.03989 -0.15786
vn -0.954528 -0.272008 -0.122017
vn 0.849863 0.526982 0.00473256
vn 0.0003336 -6.98456e-05 -1
vn -2.62217e-05 0.00103538 -1
vn -8.84183e-05 0.000463255 -1
vn 0.955118 -0.288696 -0.0663662
vn 0.935808 -0.347751 -0.0577256
vn 0.794634 -0.607002 0.0102596
vn 0.844632 0.535342 -0.00253179
vn 0.819304 0.573357 0.0016571
vn -0.975985 -0.129927 -0.17485
vn -0.980623 0.0167291 -0.195189
vn 0.972232 -0.219984 -0.0798212
vn -0.983782 0.090404 -0.154919
vn -0.981855 0.112015 -0.153012
vn -0.985397 0.0613096 -0.158851
vn -0.980578 0.123334 -0.152499
vn 0.98074 0.138923 -0.137292
vn 0.984138 0.0977708 -0.148029
vn -0.979466 -0.0876403 -0.181566
vn -0.980117 -0.0672112 -0.186692
vn -0.981111 -0.0480107 -0.187391
vn -0.981353 -0.049119 -0.185835
vn -0.981381 -0.0686795 -0.17937
vn -0.980951 -0.0797782 -0.177116
vn -0.980405 -0.125616 -0.151744
vn -0.983329 -0.0163273 -0.181102
vn -0.982471 -0.0471232 -0.180363
vn -0.811087 -0.584911 -0.0041936
vn 0.0135838 0.00138064 -0.999907
vn 0.70986 0.703795 0.0277888
vn 0.954219 -0.290657 -0.0706035
vn -0.985024 0.0953997 -0.143623
# 4695 vertex normals
vt 0.484633 0.0361977 0
vt 0.484633 0.506724 0
vt 0.484633 0.540333 0
vt 0.498076 0.540333 0
vt 0.498076 0.523528 0
vt 0.498076 0.506724 0
vt 0.498076 0.49202 0
vt 0.498076 0.477316 0
vt 0.498076 0.462612 0
vt 0.498076 0.447908 0
vt 0.498076 0.433204 0
vt 0.498076 0.4185 0
vt 0.498076 0.403796 0
vt 0.498076 0.389092 0
vt 0.498076 0.374388 0
vt 0.498076 0.359684 0
vt 0.498076 0.34498 0
vt 0.498076 0.330276 0
vt 0.498076 0.315573 0
vt 0.498076 0.300869 0
vt 0.498076 0.286165 0
vt 0.498076 0.271461 0
vt 0.498076 0.256757 0
vt 0.498076 0.242053 0
vt 0.498076 0.227349 0
vt 0.498076 0.212645 0
vt 0.498076 0.197941 0
vt 0.498076 0.183237 0
vt 0.498076 0.168533 0
vt 0.498076 0.153829 0
vt 0.498076 0.139125 0
vt 0.498076 0.124421 0
vt 0.498076 0.109717 0
vt 0.498076 0.0950134 0
vt 0.498076 0.0803095 0
vt 0.498076 0.0656055 0
vt 0.498076 0.0509016 0
vt 0.498076 0.0361977 0
vt 0.498076 0.0193932 0
vt 0.498076 0.00258869 0
vt 0.484633 0.00258869 0
vt 0.471189 0.00258869 0
vt 0.471189 0.0193932 0
vt 0.471189 0.0361977 0
vt 0.471189 0.0509016 0
vt 0.471189 0.0656055 0
vt 0.471189 0.0803095 0
vt 0.471189 0.0950134 0
vt 0.471189 0.109717 0
vt 0.471189 0.124421 0
vt 0.471189 0.139125 0
vt 0.471189 0.153829 0
vt 0.471189 0.168533 0
vt 0.471189 0.183237 0
vt 0.471189 0.197941 0
vt 0.471189 0.212645 0
vt 0.471189 0.227349 0
vt 0.471189 0.242053 0
vt 0.471189 0.256757 0
vt 0.471189 0.271461 0
vt 0.471189 0.286165 0
vt 0.471189 0.300869 0
vt 0.471189 0.315573 0
vt 0.471189 0.330276 0
vt 0.471189 0.34498 0
vt 0.471189 0.359684 0
vt 0.471189 0.374388 0
vt 0.471189 0.389092 0
vt 0.471189 0.403796 0
vt 0.471189 0.4185 0
vt 0.471189 0.433204 0
vt 0.471189 0.447908 0
vt 0.471189 0.462612 0
vt 0.471189 0.477316 0
vt 0.471189 0.49202 0
vt 0.471189 0.506724 0
vt 0.471189 0.523528 0
vt 0.471189 0.540333 0
vt 0.477911 0.0109909 0
vt 0.488939 0.0129234 0
vt 0.487469 0.024687 0
vt 0.477911 0.0435497 0
vt 0.488323 0.0463209 0
vt 0.48095 0.0530773 0
vt 0.484633 0.0729575 0
vt 0.484633 0.102365 0
vt 0.484633 0.146477 0
vt 0.484633 0.175885 0
vt 0.484633 0.219997 0
vt 0.484633 0.249405 0
vt 0.484633 0.293517 0
vt 0.484633 0.337628 0
vt 0.484633 0.367036 0
vt 0.484633 0.411148 0
vt 0.484633 0.440556 0
vt 0.484633 0.484668 0
vt 0.477911 0.515126 0
vt 0.488939 0.517058 0
vt 0.487469 0.528822 0
vt 0.477911 0.499372 0
vt 0.488323 0.4966 0
vt 0.490309 0.0582536 0
vt 0.475901 0.0729575 0
vt 0.480267 0.0649739 0
vt 0.480267 0.0809412 0
vt 0.493365 0.0729575 0
vt 0.489179 0.0808259 0
vt 0.484856 0.091163 0
vt 0.475901 0.102365 0
vt 0.480267 0.110349 0
vt 0.493365 0.102365 0
vt 0.489179 0.110234 0
vt 0.484885 0.122811 0
vt 0.475901 0.146477 0
vt 0.480267 0.138494 0
vt 0.480267 0.154461 0
vt 0.493365 0.146477 0
vt 0.489179 0.154346 0
vt 0.488999 0.138904 0
vt 0.484856 0.164683 0
vt 0.475901 0.175885 0
vt 0.480267 0.183869 0
vt 0.493365 0.175885 0
vt 0.489179 0.183753 0
vt 0.484885 0.19633 0
vt 0.475901 0.219997 0
vt 0.480267 0.212013 0
vt 0.480267 0.22798 0
vt 0.493365 0.219997 0
vt 0.489179 0.227865 0
vt 0.488999 0.212424 0
vt 0.484856 0.238202 0
vt 0.493365 0.249405 0
vt 0.488999 0.257388 0
vt 0.475901 0.249405 0
vt 0.480267 0.256978 0
vt 0.484057 0.26944 0
vt 0.475901 0.293517 0
vt 0.480267 0.285533 0
vt 0.480267 0.3015 0
vt 0.493365 0.293517 0
vt 0.489179 0.301385 0
vt 0.488999 0.285943 0
vt 0.484885 0.313962 0
vt 0.484989 0.278152 0
vt 0.475901 0.337628 0
vt 0.480267 0.329645 0
vt 0.480267 0.345612 0
vt 0.493365 0.337628 0
vt 0.489179 0.345497 0
vt 0.488999 0.330055 0
vt 0.484856 0.355834 0
vt 0.475901 0.367036 0
vt 0.480267 0.37502 0
vt 0.493365 0.367036 0
vt 0.489179 0.374905 0
vt 0.484885 0.387482 0
vt 0.475901 0.411148 0
vt 0.480267 0.403164 0
vt 0.480267 0.419132 0
vt 0.493365 0.411148 0
vt 0.489179 0.419016 0
vt 0.488999 0.403575 0
vt 0.484856 0.429354 0
vt 0.475901 0.440556 0
vt 0.480267 0.44854 0
vt 0.493365 0.440556 0
vt 0.489179 0.448424 0
vt 0.484885 0.461001 0
vt 0.475901 0.484668 0
vt 0.480267 0.476684 0
vt 0.493365 0.484668 0
vt 0.488999 0.477094 0
vt 0.478731 0.12952 0
vt 0.490714 0.129893 0
vt 0.478731 0.20304 0
vt 0.490714 0.203413 0
vt 0.478731 0.320671 0
vt 0.490714 0.321044 0
vt 0.478731 0.394191 0
vt 0.490714 0.394564 0
vt 0.478731 0.467711 0
vt 0.490714 0.468083 0
vt 0.477457 0.0277954 0
vt 0.477457 0.53193 0
vt 0.516671 0.540333 0
vt 0.530114 0.540333 0
vt 0.530114 0.523528 0
vt 0.530114 0.506724 0
vt 0.530114 0.49202 0
vt 0.530114 0.477316 0
vt 0.530114 0.462612 0
vt 0.530114 0.447908 0
vt 0.530114 0.433204 0
vt 0.530114 0.4185 0
vt 0.530114 0.403796 0
vt 0.530114 0.389092 0
vt 0.530114 0.374388 0
vt 0.530114 0.359684 0
vt 0.530114 0.34498 0
vt 0.530114 0.330276 0
vt 0.530114 0.315573 0
vt 0.530114 0.300869 0
vt 0.530114 0.286165 0
vt 0.530114 0.271461 0
vt 0.530114 0.256757 0
vt 0.530114 0.242053 0
vt 0.530114 0.227349 0
vt 0.530114 0.212645 0
vt 0.530114 0.197941 0
vt 0.530114 0.183237 0
vt 0.530114 0.168533 0
vt 0.530114 0.153829 0
vt 0.530114 0.139125 0
vt 0.530114 0.124421 0
vt 0.530114 0.109717 0
vt 0.530114 0.0950134 0
vt 0.530114 0.0803095 0
vt 0.530114 0.0656055 0
vt 0.530114 0.0509016 0
vt 0.530114 0.0361977 0
vt 0.530114 0.0193932 0
vt 0.530114 0.00258869 0
vt 0.516671 0.00258869 0
vt 0.503227 0.00258869 0
vt 0.503227 0.0193932 0
vt 0.503227 0.0361977 0
vt 0.503227 0.0509016 0
vt 0.503227 0.0656055 0
vt 0.503227 0.0803095 0
vt 0.503227 0.0950134 0
vt 0.503227 0.109717 0
vt 0.503227 0.124421 0
vt 0.503227 0.139125 0
vt 0.503227 0.153829 0
vt 0.503227 0.168533 0
vt 0.503227 0.183237 0
vt 0.503227 0.197941 0
vt 0.503227 0.212645 0
vt 0.503227 0.227349 0
vt 0.503227 0.242053 0
vt 0.503227 0.256757 0
vt 0.503227 0.271461 0
vt 0.503227 0.286165 0
vt 0.503227 0.300869 0
vt 0.503227 0.315573 0
vt 0.503227 0.330276 0
vt 0.503227 0.34498 0
vt 0.503227 0.359684 0
vt 0.503227 0.374388 0
vt 0.503227 0.389092 0
vt 0.503227 0.403796 0
vt 0.503227 0.4185 0
vt 0.503227 0.433204 0
vt 0.503227 0.447908 0
vt 0.503227 0.462612 0
vt 0.503227 0.477316 0
vt 0.503227 0.49202 0
vt 0.503227 0.506724 0
vt 0.503227 0.523528 0
vt 0.503227 0.540333 0
vt 0.516671 0.506724 0
vt 0.516671 0.0361977 0
vt 0.509949 0.0109909 0
vt 0.520977 0.0129234 0
vt 0.519507 0.024687 0
vt 0.509949 0.0435497 0
vt 0.520362 0.0463209 0
vt 0.512988 0.0530773 0
vt 0.516671 0.0729575 0
vt 0.516671 0.102365 0
vt 0.516671 0.146477 0
vt 0.516671 0.175885 0
vt 0.516671 0.219997 0
vt 0.516671 0.249405 0
vt 0.516671 0.293517 0
vt 0.516671 0.337628 0
vt 0.516671 0.367036 0
vt 0.516671 0.411148 0
vt 0.516671 0.440556 0
vt 0.516671 0.484668 0
vt 0.509949 0.515126 0
vt 0.520977 0.517058 0
vt 0.519507 0.528822 0
vt 0.509949 0.499372 0
vt 0.520362 0.4966 0
vt 0.522347 0.0582536 0
vt 0.507939 0.0729575 0
vt 0.512305 0.0649739 0
vt 0.512305 0.0809412 0
vt 0.525403 0.0729575 0
vt 0.521217 0.0808259 0
vt 0.516894 0.091163 0
vt 0.507939 0.102365 0
vt 0.512305 0.110349 0
vt 0.525403 0.102365 0
vt 0.521217 0.110234 0
vt 0.516923 0.122811 0
vt 0.507939 0.146477 0
vt 0.512305 0.138494 0
vt 0.512305 0.154461 0
vt 0.525403 0.146477 0
vt 0.521217 0.154346 0
vt 0.521037 0.138904 0
vt 0.516894 0.164683 0
vt 0.507939 0.175885 0
vt 0.512305 0.183869 0
vt 0.525403 0.175885 0
vt 0.521217 0.183753 0
vt 0.516923 0.19633 0
vt 0.507939 0.219997 0
vt 0.512305 0.212013 0
vt 0.512305 0.22798 0
vt 0.525403 0.219997 0
vt 0.521217 0.227865 0
vt 0.521037 0.212424 0
vt 0.516894 0.238202 0
vt 0.525403 0.249405 0
vt 0.521037 0.257388 0
vt 0.507939 0.249405 0
vt 0.512305 0.256978 0
vt 0.516095 0.26944 0
vt 0.507939 0.293517 0
vt 0.512305 0.285533 0
vt 0.512305 0.3015 0
vt 0.525403 0.293517 0
vt 0.521217 0.301385 0
vt 0.521037 0.285943 0
vt 0.516923 0.313962 0
vt 0.517027 0.278152 0
vt 0.507939 0.337628 0
vt 0.512305 0.329645 0
vt 0.512305 0.345612 0
vt 0.525403 0.337628 0
vt 0.521217 0.345497 0
vt 0.521037 0.330055 0
vt 0.516894 0.355834 0
vt 0.507939 0.367036 0
vt 0.512305 0.37502 0
vt 0.525403 0.367036 0
vt 0.521217 0.374905 0
vt 0.516923 0.387482 0
vt 0.507939 0.411148 0
vt 0.512305 0.403164 0
vt 0.512305 0.419132 0
vt 0.525403 0.411148 0
vt 0.521217 0.419016 0
vt 0.521037 0.403575 0
vt 0.516894 0.429354 0
vt 0.507939 0.440556 0
vt 0.512305 0.44854 0
vt 0.525403 0.440556 0
vt 0.521217 0.448424 0
vt 0.516923 0.461001 0
vt 0.507939 0.484668 0
vt 0.512305 0.476684 0
vt 0.525403 0.484668 0
vt 0.521037 0.477094 0
vt 0.510769 0.12952 0
vt 0.522752 0.129893 0
vt 0.510769 0.20304 0
vt 0.522752 0.203413 0
vt 0.510769 0.320671 0
vt 0.522752 0.321044 0
vt 0.510769 0.394191 0
vt 0.522752 0.394564 0
vt 0.510769 0.467711 0
vt 0.522752 0.468083 0
vt 0.509496 0.0277954 0
vt 0.509496 0.53193 0
vt 0.0169094 0.042919 0
vt 0.0312269 0.042919 0
vt 0.0455441 0.042919 0
vt 0.0598615 0.042919 0
vt 0.0741791 0.042919 0
vt 0.0884966 0.042919 0
vt 0.091454 0.042919 0
vt 0.106208 0.042919 0
vt 0.120963 0.042919 0
vt 0.135717 0.042919 0
vt 0.150471 0.042919 0
vt 0.177359 0.042919 0
vt 0.20567 0.042919 0
vt 0.220082 0.042919 0
vt 0.379013 0.586195 0
vt 0.364561 0.586195 0
vt 0.350109 0.586195 0
vt 0.335657 0.586195 0
vt 0.321205 0.586195 0
vt 0.306753 0.586195 0
vt 0.292301 0.586195 0
vt 0.27785 0.586195 0
vt 0.263398 0.586195 0
vt 0.248946 0.586195 0
vt 0.191259 0.0193927 0
vt 0.191259 0.0361972 0
vt 0.191259 0.0414402 0
vt 0.191259 0.042919 0
vt 0.191048 0.98061 0
vt 0.191048 0.963805 0
vt 0.191048 0.958562 0
vt 0.191048 0.957084 0
vt 0.452079 0.042919 0
vt 0.437761 0.042919 0
vt 0.423444 0.042919 0
vt 0.409126 0.042919 0
vt 0.394809 0.042919 0
vt 0.380491 0.042919 0
vt 0.377534 0.042919 0
vt 0.36278 0.042919 0
vt 0.348025 0.042919 0
vt 0.333271 0.042919 0
vt 0.318516 0.042919 0
vt 0.291629 0.042919 0
vt 0.263567 0.042919 0
vt 0.24903 0.042919 0
vt 0.234494 0.042919 0
vt 0.0169094 0.916753 0
vt 0.0312269 0.916753 0
vt 0.0455441 0.916753 0
vt 0.0598615 0.916753 0
vt 0.0741791 0.916753 0
vt 0.0884966 0.916753 0
vt 0.091454 0.916753 0
vt 0.106208 0.916753 0
vt 0.120963 0.916753 0
vt 0.135717 0.916753 0
vt 0.150471 0.916753 0
vt 0.164161 0.916753 0
vt 0.177359 0.916753 0
vt 0.191048 0.916753 0
vt 0.20553 0.916753 0
vt 0.220012 0.916753 0
vt 0.452079 0.916753 0
vt 0.437761 0.916753 0
vt 0.423444 0.916753 0
vt 0.409126 0.916753 0
vt 0.394809 0.916753 0
vt 0.380491 0.916753 0
vt 0.377534 0.916753 0
vt 0.36278 0.916753 0
vt 0.348025 0.916753 0
vt 0.333271 0.916753 0
vt 0.318516 0.916753 0
vt 0.304827 0.916753 0
vt 0.291629 0.916753 0
vt 0.27794 0.916753 0
vt 0.263458 0.916753 0
vt 0.248976 0.916753 0
vt 0.234494 0.916753 0
vt 0.455658 0.66403 0
vt 0.44492 0.653292 0
vt 0.434182 0.642554 0
vt 0.423444 0.631816 0
vt 0.412706 0.621078 0
vt 0.401968 0.61034 0
vt 0.39123 0.599602 0
vt 0.380491 0.588863 0
vt 0.379013 0.587385 0
vt 0.379013 0.984464 0
vt 0.379013 0.971513 0
vt 0.379013 0.958562 0
vt 0.379013 0.957084 0
vt 0.0169094 0.0832498 0
vt 0.0312269 0.0832498 0
vt 0.0455441 0.0832498 0
vt 0.0598615 0.0832498 0
vt 0.0741791 0.0832498 0
vt 0.0884966 0.0832498 0
vt 0.091454 0.0832498 0
vt 0.106208 0.0832498 0
vt 0.120963 0.0832498 0
vt 0.135717 0.0832498 0
vt 0.150471 0.0832498 0
vt 0.164371 0.0832498 0
vt 0.177359 0.0832498 0
vt 0.191259 0.0832498 0
vt 0.20567 0.0832498 0
vt 0.220082 0.0832498 0
vt 0.0169094 0.957084 0
vt 0.0312269 0.957084 0
vt 0.0455441 0.957084 0
vt 0.0598615 0.957084 0
vt 0.0741791 0.957084 0
vt 0.0884966 0.957084 0
vt 0.091454 0.957084 0
vt 0.106208 0.957084 0
vt 0.120963 0.957084 0
vt 0.135717 0.957084 0
vt 0.150471 0.957084 0
vt 0.177359 0.957084 0
vt 0.20553 0.957084 0
vt 0.220012 0.957084 0
vt 0.452079 0.0832498 0
vt 0.437761 0.0832498 0
vt 0.423444 0.0832498 0
vt 0.409126 0.0832498 0
vt 0.394809 0.0832498 0
vt 0.380491 0.0832498 0
vt 0.377534 0.0832498 0
vt 0.36278 0.0832498 0
vt 0.348025 0.0832498 0
vt 0.333271 0.0832498 0
vt 0.318516 0.0832498 0
vt 0.304991 0.0832498 0
vt 0.291629 0.0832498 0
vt 0.278104 0.0832498 0
vt 0.263567 0.0832498 0
vt 0.24903 0.0832498 0
vt 0.234494 0.0832498 0
vt 0.278104 0.0193927 0
vt 0.278104 0.0361972 0
vt 0.278104 0.0414402 0
vt 0.278104 0.042919 0
vt 0.452079 0.957084 0
vt 0.437761 0.957084 0
vt 0.423444 0.957084 0
vt 0.409126 0.957084 0
vt 0.394809 0.957084 0
vt 0.380491 0.957084 0
vt 0.377534 0.957084 0
vt 0.36278 0.957084 0
vt 0.348025 0.957084 0
vt 0.333271 0.957084 0
vt 0.318516 0.957084 0
vt 0.291629 0.957084 0
vt 0.263458 0.957084 0
vt 0.248976 0.957084 0
vt 0.234494 0.957084 0
vt 0.0899752 0.571588 0
vt 0.0899752 0.557271 0
vt 0.0899752 0.542954 0
vt 0.0899752 0.528636 0
vt 0.0899752 0.514319 0
vt 0.0899752 0.500001 0
vt 0.0899752 0.485485 0
vt 0.0899752 0.47097 0
vt 0.0899752 0.456454 0
vt 0.0899752 0.441938 0
vt 0.0899752 0.427423 0
vt 0.0899752 0.412907 0
vt 0.0899752 0.409949 0
vt 0.0899752 0.39583 0
vt 0.0899752 0.381711 0
vt 0.0899752 0.367592 0
vt 0.0899752 0.353473 0
vt 0.0899752 0.339354 0
vt 0.0899752 0.325234 0
vt 0.0899752 0.31011 0
vt 0.0899752 0.294986 0
vt 0.0899752 0.279862 0
vt 0.0899752 0.264738 0
vt 0.0899752 0.249614 0
vt 0.0899752 0.23449 0
vt 0.0899752 0.219366 0
vt 0.0899752 0.204242 0
vt 0.0899752 0.189118 0
vt 0.0899752 0.173994 0
vt 0.0899752 0.15887 0
vt 0.0899752 0.143746 0
vt 0.0899752 0.128622 0
vt 0.0899752 0.113498 0
vt 0.0899752 0.0983738 0
vt 0.0899752 0.0832498 0
vt 0.0899752 0.0702991 0
vt 0.0899752 0.0573484 0
vt 0.0899752 0.0443978 0
vt 0.0899752 0.042919 0
vt 0.0899752 0.0414402 0
vt 0.0899752 0.0284895 0
vt 0.0899752 0.0155388 0
vt 0.452079 0.587385 0
vt 0.437761 0.587385 0
vt 0.423444 0.587385 0
vt 0.409126 0.587385 0
vt 0.394809 0.587385 0
vt 0.380491 0.587385 0
vt 0.0133299 0.66403 0
vt 0.024068 0.653292 0
vt 0.0348061 0.642554 0
vt 0.0455441 0.631816 0
vt 0.0562823 0.621078 0
vt 0.0670204 0.61034 0
vt 0.0777584 0.599602 0
vt 0.0884966 0.588863 0
vt 0.0899752 0.587385 0
vt 0.0169094 0.587385 0
vt 0.0312269 0.587385 0
vt 0.0455441 0.587385 0
vt 0.0598615 0.587385 0
vt 0.0741791 0.587385 0
vt 0.0884966 0.587385 0
vt 0.0169094 0.325234 0
vt 0.0312269 0.325234 0
vt 0.0455441 0.325234 0
vt 0.0598615 0.325234 0
vt 0.0741791 0.325234 0
vt 0.0884966 0.325234 0
vt 0.0899752 0.586195 0
vt 0.104427 0.586195 0
vt 0.118879 0.586195 0
vt 0.133331 0.586195 0
vt 0.147783 0.586195 0
vt 0.162235 0.586195 0
vt 0.176687 0.586195 0
vt 0.191138 0.586195 0
vt 0.20559 0.586195 0
vt 0.220042 0.586195 0
vt 0.234494 0.586195 0
vt 0.164161 0.98061 0
vt 0.164161 0.963805 0
vt 0.164161 0.958562 0
vt 0.164161 0.957084 0
vt 0.177815 0.0361972 0
vt 0.0884966 0.585906 0
vt 0.0777584 0.575168 0
vt 0.0670204 0.56443 0
vt 0.0562823 0.553692 0
vt 0.0455441 0.542954 0
vt 0.0348061 0.532215 0
vt 0.024068 0.521477 0
vt 0.0133299 0.510739 0
vt 0.0899752 0.957084 0
vt 0.0899752 0.955605 0
vt 0.0899752 0.942654 0
vt 0.0899752 0.929704 0
vt 0.0899752 0.916753 0
vt 0.0899752 0.901629 0
vt 0.0899752 0.886505 0
vt 0.0899752 0.871381 0
vt 0.0899752 0.856257 0
vt 0.0899752 0.841133 0
vt 0.0899752 0.826009 0
vt 0.0899752 0.810885 0
vt 0.0899752 0.795761 0
vt 0.0899752 0.780636 0
vt 0.0899752 0.765512 0
vt 0.0899752 0.750388 0
vt 0.0899752 0.735264 0
vt 0.0899752 0.72014 0
vt 0.0899752 0.705016 0
vt 0.0899752 0.689892 0
vt 0.0899752 0.660451 0
vt 0.0899752 0.646133 0
vt 0.0899752 0.631816 0
vt 0.0899752 0.617498 0
vt 0.0899752 0.603181 0
vt 0.0899752 0.588863 0
vt 0.452079 0.412423 0
vt 0.437761 0.412228 0
vt 0.423444 0.412033 0
vt 0.409126 0.411838 0
vt 0.394809 0.411643 0
vt 0.380491 0.411448 0
vt 0.379013 0.411428 0
vt 0.377534 0.411428 0
vt 0.36323 0.411428 0
vt 0.348926 0.411428 0
vt 0.334622 0.411428 0
vt 0.320318 0.411428 0
vt 0.306014 0.411428 0
vt 0.29171 0.411428 0
vt 0.277406 0.411428 0
vt 0.263102 0.411428 0
vt 0.248798 0.411428 0
vt 0.0169094 0.674768 0
vt 0.0312269 0.674768 0
vt 0.0455441 0.674768 0
vt 0.0598615 0.674768 0
vt 0.0741791 0.674768 0
vt 0.0884966 0.674768 0
vt 0.0899752 0.674768 0
vt 0.380491 0.585906 0
vt 0.39123 0.575168 0
vt 0.401968 0.56443 0
vt 0.412706 0.553692 0
vt 0.423444 0.542954 0
vt 0.434182 0.532215 0
vt 0.44492 0.521477 0
vt 0.455658 0.510739 0
vt 0.455802 0.489407 0
vt 0.445208 0.478814 0
vt 0.434615 0.46822 0
vt 0.424021 0.457626 0
vt 0.413427 0.447032 0
vt 0.402833 0.436439 0
vt 0.392239 0.425845 0
vt 0.381646 0.415251 0
vt 0.380491 0.414097 0
vt 0.381646 0.409985 0
vt 0.392239 0.399391 0
vt 0.402833 0.388797 0
vt 0.413427 0.378204 0
vt 0.424021 0.36761 0
vt 0.434615 0.357016 0
vt 0.445208 0.346422 0
vt 0.455802 0.335828 0
vt 0.220042 0.500001 0
vt 0.20559 0.500001 0
vt 0.191138 0.500001 0
vt 0.176687 0.500001 0
vt 0.162235 0.500001 0
vt 0.147783 0.500001 0
vt 0.133331 0.500001 0
vt 0.118879 0.500001 0
vt 0.104427 0.500001 0
vt 0.0754113 0.500001 0
vt 0.0608475 0.500001 0
vt 0.0462836 0.500001 0
vt 0.0317197 0.500001 0
vt 0.0171559 0.500001 0
vt 0.0131856 0.489407 0
vt 0.0237795 0.478814 0
vt 0.0343733 0.46822 0
vt 0.0449672 0.457626 0
vt 0.0555608 0.447032 0
vt 0.0661547 0.436438 0
vt 0.0767485 0.425845 0
vt 0.0873421 0.415251 0
vt 0.0884966 0.414097 0
vt 0.0873421 0.409985 0
vt 0.0767485 0.399391 0
vt 0.0661547 0.388797 0
vt 0.0555608 0.378203 0
vt 0.0449672 0.36761 0
vt 0.0343733 0.357016 0
vt 0.0237795 0.346422 0
vt 0.0131856 0.335828 0
vt 0.379013 0.571588 0
vt 0.379013 0.557271 0
vt 0.379013 0.542954 0
vt 0.379013 0.528636 0
vt 0.379013 0.514319 0
vt 0.379013 0.500001 0
vt 0.379013 0.485486 0
vt 0.379013 0.47097 0
vt 0.379013 0.456454 0
vt 0.379013 0.441938 0
vt 0.379013 0.427423 0
vt 0.379013 0.412907 0
vt 0.379013 0.409949 0
vt 0.379013 0.39583 0
vt 0.379013 0.381711 0
vt 0.379013 0.367592 0
vt 0.379013 0.353473 0
vt 0.379013 0.339354 0
vt 0.379013 0.325235 0
vt 0.379013 0.31011 0
vt 0.379013 0.294986 0
vt 0.379013 0.279862 0
vt 0.379013 0.264738 0
vt 0.379013 0.249614 0
vt 0.379013 0.23449 0
vt 0.379013 0.219366 0
vt 0.379013 0.204242 0
vt 0.379013 0.189118 0
vt 0.379013 0.173994 0
vt 0.379013 0.15887 0
vt 0.379013 0.143746 0
vt 0.379013 0.128622 0
vt 0.379013 0.113498 0
vt 0.379013 0.0983738 0
vt 0.379013 0.0832498 0
vt 0.379013 0.0702991 0
vt 0.379013 0.0573484 0
vt 0.379013 0.0443978 0
vt 0.379013 0.042919 0
vt 0.379013 0.0414402 0
vt 0.379013 0.0284895 0
vt 0.379013 0.0155389 0
vt 0.379013 0.955605 0
vt 0.379013 0.942654 0
vt 0.379013 0.929704 0
vt 0.379013 0.916753 0
vt 0.379013 0.901629 0
vt 0.379013 0.886505 0
vt 0.379013 0.871381 0
vt 0.379013 0.856257 0
vt 0.379013 0.841133 0
vt 0.379013 0.826009 0
vt 0.379013 0.810885 0
vt 0.379013 0.795761 0
vt 0.379013 0.780636 0
vt 0.379013 0.765512 0
vt 0.379013 0.750388 0
vt 0.379013 0.735264 0
vt 0.379013 0.72014 0
vt 0.379013 0.705016 0
vt 0.379013 0.689892 0
vt 0.379013 0.660451 0
vt 0.379013 0.646133 0
vt 0.379013 0.631816 0
vt 0.379013 0.617498 0
vt 0.379013 0.603181 0
vt 0.379013 0.588863 0
vt 0.234494 0.997415 0
vt 0.248976 0.997415 0
vt 0.263458 0.997415 0
vt 0.27794 0.997415 0
vt 0.291629 0.997415 0
vt 0.304827 0.997415 0
vt 0.318516 0.997415 0
vt 0.333271 0.997415 0
vt 0.348025 0.997415 0
vt 0.36278 0.997415 0
vt 0.377534 0.997415 0
vt 0.379013 0.997415 0
vt 0.380491 0.997415 0
vt 0.394809 0.997415 0
vt 0.409126 0.997415 0
vt 0.423444 0.997415 0
vt 0.437761 0.997415 0
vt 0.452079 0.997415 0
vt 0.466396 0.997415 0
vt 0.466396 0.984464 0
vt 0.466396 0.971513 0
vt 0.466396 0.958562 0
vt 0.466396 0.957084 0
vt 0.466396 0.955605 0
vt 0.466396 0.942654 0
vt 0.466396 0.929704 0
vt 0.466396 0.916753 0
vt 0.466396 0.901629 0
vt 0.466396 0.886505 0
vt 0.466396 0.871381 0
vt 0.466396 0.856257 0
vt 0.466396 0.841133 0
vt 0.466396 0.826009 0
vt 0.466396 0.810885 0
vt 0.466396 0.795761 0
vt 0.466396 0.780636 0
vt 0.466396 0.765512 0
vt 0.466396 0.750388 0
vt 0.466396 0.735264 0
vt 0.466396 0.72014 0
vt 0.466396 0.705016 0
vt 0.466396 0.689892 0
vt 0.466396 0.674768 0
vt 0.466396 0.660451 0
vt 0.466396 0.646133 0
vt 0.466396 0.631816 0
vt 0.466396 0.617498 0
vt 0.466396 0.603181 0
vt 0.466396 0.588863 0
vt 0.466396 0.587385 0
vt 0.466396 0.585906 0
vt 0.466396 0.571588 0
vt 0.466396 0.557271 0
vt 0.466396 0.542954 0
vt 0.466396 0.528636 0
vt 0.466396 0.514319 0
vt 0.466396 0.500001 0
vt 0.466396 0.485684 0
vt 0.466396 0.471366 0
vt 0.466396 0.457049 0
vt 0.466396 0.442731 0
vt 0.466396 0.428414 0
vt 0.466396 0.414097 0
vt 0.466396 0.412618 0
vt 0.466396 0.411139 0
vt 0.466396 0.396822 0
vt 0.466396 0.382504 0
vt 0.466396 0.368187 0
vt 0.466396 0.353869 0
vt 0.466396 0.339552 0
vt 0.466396 0.325235 0
vt 0.466396 0.31011 0
vt 0.466396 0.294986 0
vt 0.466396 0.279862 0
vt 0.466396 0.264738 0
vt 0.466396 0.249614 0
vt 0.466396 0.23449 0
vt 0.466396 0.219366 0
vt 0.466396 0.204242 0
vt 0.466396 0.189118 0
vt 0.466396 0.173994 0
vt 0.466396 0.15887 0
vt 0.466396 0.143746 0
vt 0.466396 0.128622 0
vt 0.466396 0.113498 0
vt 0.466396 0.0983738 0
vt 0.466396 0.0832498 0
vt 0.466396 0.0702991 0
vt 0.466396 0.0573484 0
vt 0.466396 0.0443978 0
vt 0.466396 0.042919 0
vt 0.466396 0.0414402 0
vt 0.466396 0.0284895 0
vt 0.466396 0.0155389 0
vt 0.466396 0.00258818 0
vt 0.452079 0.00258818 0
vt 0.437761 0.00258818 0
vt 0.423444 0.00258818 0
vt 0.409126 0.00258818 0
vt 0.394809 0.00258818 0
vt 0.380491 0.00258818 0
vt 0.379013 0.00258818 0
vt 0.377534 0.00258818 0
vt 0.36278 0.00258818 0
vt 0.348025 0.00258818 0
vt 0.333271 0.00258818 0
vt 0.318516 0.00258818 0
vt 0.304991 0.00258818 0
vt 0.291629 0.00258818 0
vt 0.278104 0.00258818 0
vt 0.263567 0.00258818 0
vt 0.24903 0.00258818 0
vt 0.234494 0.00258818 0
vt 0.220082 0.00258818 0
vt 0.20567 0.00258817 0
vt 0.191259 0.00258817 0
vt 0.177359 0.00258816 0
vt 0.164371 0.00258816 0
vt 0.150471 0.00258816 0
vt 0.135717 0.00258816 0
vt 0.120963 0.00258816 0
vt 0.106208 0.00258816 0
vt 0.091454 0.00258816 0
vt 0.0899752 0.00258816 0
vt 0.0884966 0.00258816 0
vt 0.0741791 0.00258816 0
vt 0.0598615 0.00258816 0
vt 0.0455441 0.00258816 0
vt 0.0312269 0.00258816 0
vt 0.0169094 0.00258816 0
vt 0.00259185 0.00258816 0
vt 0.00259185 0.0155388 0
vt 0.00259185 0.0284895 0
vt 0.00259185 0.0414402 0
vt 0.00259185 0.042919 0
vt 0.00259185 0.0443978 0
vt 0.00259185 0.0573484 0
vt 0.00259185 0.0702991 0
vt 0.00259185 0.0832498 0
vt 0.00259185 0.0983738 0
vt 0.00259185 0.113498 0
vt 0.00259185 0.128622 0
vt 0.00259185 0.143746 0
vt 0.00259185 0.15887 0
vt 0.00259185 0.173994 0
vt 0.00259185 0.189118 0
vt 0.00259185 0.204242 0
vt 0.00259185 0.219366 0
vt 0.00259185 0.23449 0
vt 0.00259185 0.249614 0
vt 0.00259185 0.264738 0
vt 0.00259185 0.279862 0
vt 0.00259185 0.294986 0
vt 0.00259185 0.31011 0
vt 0.00259185 0.325234 0
vt 0.00259185 0.339552 0
vt 0.00259185 0.353869 0
vt 0.00259185 0.368187 0
vt 0.00259185 0.382504 0
vt 0.00259185 0.396821 0
vt 0.00259185 0.411139 0
vt 0.00259185 0.412618 0
vt 0.00259185 0.414096 0
vt 0.00259185 0.428414 0
vt 0.00259185 0.442731 0
vt 0.00259185 0.457049 0
vt 0.00259185 0.471366 0
vt 0.00259185 0.485684 0
vt 0.00259185 0.500001 0
vt 0.00259185 0.514319 0
vt 0.00259185 0.528636 0
vt 0.00259185 0.542954 0
vt 0.00259185 0.557271 0
vt 0.00259185 0.571588 0
vt 0.00259185 0.585906 0
vt 0.00259185 0.587385 0
vt 0.00259185 0.588863 0
vt 0.00259185 0.603181 0
vt 0.00259185 0.617498 0
vt 0.00259185 0.631816 0
vt 0.00259185 0.646133 0
vt 0.00259185 0.660451 0
vt 0.00259185 0.674768 0
vt 0.00259185 0.689892 0
vt 0.00259185 0.705016 0
vt 0.00259185 0.72014 0
vt 0.00259185 0.735264 0
vt 0.00259185 0.750388 0
vt 0.00259185 0.765512 0
vt 0.00259185 0.780636 0
vt 0.00259185 0.79576 0
vt 0.00259185 0.810885 0
vt 0.00259185 0.826009 0
vt 0.00259185 0.841133 0
vt 0.00259185 0.856257 0
vt 0.00259185 0.871381 0
vt 0.00259185 0.886505 0
vt 0.00259185 0.901629 0
vt 0.00259185 0.916753 0
vt 0.00259185 0.929704 0
vt 0.00259185 0.942654 0
vt 0.00259185 0.955605 0
vt 0.00259185 0.957084 0
vt 0.00259185 0.958562 0
vt 0.00259185 0.971513 0
vt 0.00259185 0.984464 0
vt 0.00259185 0.997415 0
vt 0.0169094 0.997415 0
vt 0.0312269 0.997415 0
vt 0.0455441 0.997415 0
vt 0.0598615 0.997415 0
vt 0.0741791 0.997415 0
vt 0.0884966 0.997415 0
vt 0.0899752 0.997415 0
vt 0.091454 0.997415 0
vt 0.106208 0.997415 0
vt 0.120963 0.997415 0
vt 0.135717 0.997415 0
vt 0.150471 0.997415 0
vt 0.164161 0.997415 0
vt 0.177359 0.997415 0
vt 0.191048 0.997415 0
vt 0.20553 0.997415 0
vt 0.220012 0.997415 0
vt 0.0169094 0.412423 0
vt 0.0312269 0.412228 0
vt 0.0455441 0.412033 0
vt 0.0598615 0.411838 0
vt 0.0741791 0.411643 0
vt 0.0884966 0.411448 0
vt 0.0899752 0.411428 0
vt 0.091454 0.411428 0
vt 0.105758 0.411428 0
vt 0.120062 0.411428 0
vt 0.134366 0.411428 0
vt 0.14867 0.411428 0
vt 0.162974 0.411428 0
vt 0.177278 0.411428 0
vt 0.191582 0.411428 0
vt 0.205886 0.411428 0
vt 0.22019 0.411428 0
vt 0.234494 0.411428 0
vt 0.452079 0.674768 0
vt 0.437761 0.674768 0
vt 0.423444 0.674768 0
vt 0.409126 0.674768 0
vt 0.394809 0.674768 0
vt 0.380491 0.674768 0
vt 0.379013 0.674768 0
vt 0.177604 0.963805 0
vt 0.304827 0.98061 0
vt 0.304827 0.963805 0
vt 0.304827 0.958562 0
vt 0.304827 0.957084 0
vt 0.452079 0.325235 0
vt 0.437761 0.325235 0
vt 0.423444 0.325235 0
vt 0.409126 0.325235 0
vt 0.394809 0.325235 0
vt 0.380491 0.325235 0
vt 0.291547 0.0361972 0
vt 0.304991 0.0193927 0
vt 0.304991 0.0361972 0
vt 0.304991 0.0414402 0
vt 0.304991 0.042919 0
vt 0.291384 0.963805 0
vt 0.0899752 0.984464 0
vt 0.0899752 0.971513 0
vt 0.0899752 0.958562 0
vt 0.164371 0.0193927 0
vt 0.164371 0.0361972 0
vt 0.164371 0.0414402 0
vt 0.164371 0.042919 0
vt 0.27794 0.98061 0
vt 0.27794 0.963805 0
vt 0.27794 0.958562 0
vt 0.27794 0.957084 0
vt 0.234494 0.500001 0
vt 0.248946 0.500001 0
vt 0.263398 0.500001 0
vt 0.27785 0.500001 0
vt 0.292301 0.500001 0
vt 0.306753 0.500001 0
vt 0.321205 0.500001 0
vt 0.335657 0.500001 0
vt 0.350109 0.500001 0
vt 0.364561 0.500001 0
vt 0.393577 0.500001 0
vt 0.40814 0.500001 0
vt 0.422704 0.500001 0
vt 0.437268 0.500001 0
vt 0.451832 0.500001 0
vt 0.0169094 0.0443978 0
vt 0.0312269 0.0443978 0
vt 0.0455441 0.0443978 0
vt 0.0598615 0.0443978 0
vt 0.0741791 0.0443978 0
vt 0.0884966 0.0443978 0
vt 0.091454 0.0443978 0
vt 0.106208 0.0443978 0
vt 0.120963 0.0443978 0
vt 0.135717 0.0443978 0
vt 0.150471 0.0443978 0
vt 0.163915 0.0443978 0
vt 0.177359 0.0443978 0
vt 0.191643 0.0443978 0
vt 0.205926 0.0443978 0
vt 0.22021 0.0443978 0
vt 0.0171559 0.0414402 0
vt 0.0317197 0.0414402 0
vt 0.0462836 0.0414402 0
vt 0.0608475 0.0414402 0
vt 0.0754113 0.0414402 0
vt 0.105099 0.0414402 0
vt 0.120223 0.0414402 0
vt 0.135347 0.0414402 0
vt 0.150471 0.0414402 0
vt 0.177359 0.0414402 0
vt 0.20567 0.0414402 0
vt 0.220082 0.0414402 0
vt 0.451832 0.0414402 0
vt 0.437268 0.0414402 0
vt 0.422704 0.0414402 0
vt 0.40814 0.0414402 0
vt 0.393577 0.0414402 0
vt 0.363889 0.0414402 0
vt 0.348765 0.0414402 0
vt 0.333641 0.0414402 0
vt 0.318516 0.0414402 0
vt 0.291629 0.0414402 0
vt 0.263567 0.0414402 0
vt 0.24903 0.0414402 0
vt 0.234494 0.0414402 0
vt 0.452079 0.0443978 0
vt 0.437761 0.0443978 0
vt 0.423444 0.0443978 0
vt 0.409126 0.0443978 0
vt 0.394809 0.0443978 0
vt 0.380491 0.0443978 0
vt 0.377534 0.0443978 0
vt 0.36278 0.0443978 0
vt 0.348025 0.0443978 0
vt 0.333271 0.0443978 0
vt 0.318516 0.0443978 0
vt 0.305073 0.0443978 0
vt 0.291629 0.0443978 0
vt 0.277345 0.0443978 0
vt 0.263062 0.0443978 0
vt 0.248778 0.0443978 0
vt 0.234494 0.0443978 0
vt 0.0171559 0.958562 0
vt 0.0317197 0.958562 0
vt 0.0462836 0.958562 0
vt 0.0608475 0.958562 0
vt 0.0754113 0.958562 0
vt 0.105099 0.958562 0
vt 0.120223 0.958562 0
vt 0.135347 0.958562 0
vt 0.150471 0.958562 0
vt 0.177359 0.958562 0
vt 0.20553 0.958562 0
vt 0.220012 0.958562 0
vt 0.0169094 0.955605 0
vt 0.0312269 0.955605 0
vt 0.0455441 0.955605 0
vt 0.0598615 0.955605 0
vt 0.0741791 0.955605 0
vt 0.0884966 0.955605 0
vt 0.091454 0.955605 0
vt 0.106208 0.955605 0
vt 0.120963 0.955605 0
vt 0.135717 0.955605 0
vt 0.150471 0.955605 0
vt 0.163915 0.955605 0
vt 0.177359 0.955605 0
vt 0.191643 0.955605 0
vt 0.205926 0.955605 0
vt 0.22021 0.955605 0
vt 0.234494 0.955605 0
vt 0.452079 0.955605 0
vt 0.437761 0.955605 0
vt 0.423444 0.955605 0
vt 0.409126 0.955605 0
vt 0.394809 0.955605 0
vt 0.380491 0.955605 0
vt 0.377534 0.955605 0
vt 0.36278 0.955605 0
vt 0.348025 0.955605 0
vt 0.333271 0.955605 0
vt 0.318516 0.955605 0
vt 0.305073 0.955605 0
vt 0.291629 0.955605 0
vt 0.277345 0.955605 0
vt 0.263062 0.955605 0
vt 0.248778 0.955605 0
vt 0.451832 0.958562 0
vt 0.437268 0.958562 0
vt 0.422704 0.958562 0
vt 0.40814 0.958562 0
vt 0.393577 0.958562 0
vt 0.363889 0.958562 0
vt 0.348765 0.958562 0
vt 0.333641 0.958562 0
vt 0.318516 0.958562 0
vt 0.291629 0.958562 0
vt 0.263458 0.958562 0
vt 0.248976 0.958562 0
vt 0.234494 0.958562 0
vt 0.091454 0.412618 0
vt 0.091454 0.397062 0
vt 0.091454 0.382697 0
vt 0.091454 0.368331 0
vt 0.091454 0.353966 0
vt 0.091454 0.3396 0
vt 0.091454 0.325234 0
vt 0.091454 0.31011 0
vt 0.091454 0.294986 0
vt 0.091454 0.279862 0
vt 0.091454 0.264738 0
vt 0.091454 0.249614 0
vt 0.091454 0.23449 0
vt 0.091454 0.219366 0
vt 0.091454 0.204242 0
vt 0.091454 0.189118 0
vt 0.091454 0.173994 0
vt 0.091454 0.15887 0
vt 0.091454 0.143746 0
vt 0.091454 0.128622 0
vt 0.091454 0.113498 0
vt 0.091454 0.0983738 0
vt 0.091454 0.0702991 0
vt 0.091454 0.0573484 0
vt 0.0884966 0.412618 0
vt 0.0884966 0.409969 0
vt 0.0884966 0.395847 0
vt 0.0884966 0.381724 0
vt 0.0884966 0.367602 0
vt 0.0884966 0.353479 0
vt 0.0884966 0.339357 0
vt 0.0884966 0.31011 0
vt 0.0884966 0.294986 0
vt 0.0884966 0.279862 0
vt 0.0884966 0.264738 0
vt 0.0884966 0.249614 0
vt 0.0884966 0.23449 0
vt 0.0884966 0.219366 0
vt 0.0884966 0.204242 0
vt 0.0884966 0.189118 0
vt 0.0884966 0.173994 0
vt 0.0884966 0.15887 0
vt 0.0884966 0.143746 0
vt 0.0884966 0.128622 0
vt 0.0884966 0.113498 0
vt 0.0884966 0.0983738 0
vt 0.0884966 0.0702991 0
vt 0.0884966 0.0573484 0
vt 0.452079 0.585906 0
vt 0.437761 0.585906 0
vt 0.423444 0.585906 0
vt 0.409126 0.585906 0
vt 0.394809 0.585906 0
vt 0.452079 0.588863 0
vt 0.437761 0.588863 0
vt 0.423444 0.588863 0
vt 0.409126 0.588863 0
vt 0.394809 0.588863 0
vt 0.0169094 0.588863 0
vt 0.0312269 0.588863 0
vt 0.0455441 0.588863 0
vt 0.0598615 0.588863 0
vt 0.0741791 0.588863 0
vt 0.0169094 0.585906 0
vt 0.0312269 0.585906 0
vt 0.0455441 0.585906 0
vt 0.0598615 0.585906 0
vt 0.0741791 0.585906 0
vt 0.091454 0.942654 0
vt 0.091454 0.929704 0
vt 0.091454 0.901782 0
vt 0.091454 0.88681 0
vt 0.091454 0.871839 0
vt 0.091454 0.856868 0
vt 0.091454 0.841896 0
vt 0.091454 0.826925 0
vt 0.091454 0.811954 0
vt 0.091454 0.796983 0
vt 0.091454 0.782011 0
vt 0.091454 0.76704 0
vt 0.091454 0.752069 0
vt 0.091454 0.737097 0
vt 0.091454 0.722126 0
vt 0.091454 0.707155 0
vt 0.091454 0.692184 0
vt 0.091454 0.677212 0
vt 0.091454 0.662241 0
vt 0.091454 0.64727 0
vt 0.091454 0.632298 0
vt 0.091454 0.617327 0
vt 0.091454 0.602356 0
vt 0.091454 0.587385 0
vt 0.0884966 0.942654 0
vt 0.0884966 0.929704 0
vt 0.0884966 0.901629 0
vt 0.0884966 0.886505 0
vt 0.0884966 0.871381 0
vt 0.0884966 0.856257 0
vt 0.0884966 0.841133 0
vt 0.0884966 0.826009 0
vt 0.0884966 0.810885 0
vt 0.0884966 0.795761 0
vt 0.0884966 0.780636 0
vt 0.0884966 0.765512 0
vt 0.0884966 0.750388 0
vt 0.0884966 0.735264 0
vt 0.0884966 0.72014 0
vt 0.0884966 0.705016 0
vt 0.0884966 0.689892 0
vt 0.0884966 0.660451 0
vt 0.0884966 0.646133 0
vt 0.0884966 0.631816 0
vt 0.0884966 0.617498 0
vt 0.0884966 0.603181 0
vt 0.452271 0.410947 0
vt 0.438146 0.410754 0
vt 0.424021 0.410562 0
vt 0.409896 0.41037 0
vt 0.395771 0.410177 0
vt 0.451832 0.41385 0
vt 0.437268 0.413604 0
vt 0.422704 0.413357 0
vt 0.40814 0.413111 0
vt 0.393577 0.412864 0
vt 0.380491 0.412618 0
vt 0.380491 0.409969 0
vt 0.380491 0.395847 0
vt 0.380491 0.381724 0
vt 0.380491 0.367602 0
vt 0.380491 0.353479 0
vt 0.380491 0.339357 0
vt 0.380491 0.31011 0
vt 0.380491 0.294986 0
vt 0.380491 0.279862 0
vt 0.380491 0.264738 0
vt 0.380491 0.249614 0
vt 0.380491 0.23449 0
vt 0.380491 0.219366 0
vt 0.380491 0.204242 0
vt 0.380491 0.189118 0
vt 0.380491 0.173994 0
vt 0.380491 0.15887 0
vt 0.380491 0.143746 0
vt 0.380491 0.128622 0
vt 0.380491 0.113498 0
vt 0.380491 0.0983738 0
vt 0.380491 0.0702991 0
vt 0.380491 0.0573484 0
vt 0.377534 0.412618 0
vt 0.377534 0.397062 0
vt 0.377534 0.382697 0
vt 0.377534 0.368331 0
vt 0.377534 0.353966 0
vt 0.377534 0.3396 0
vt 0.377534 0.325235 0
vt 0.377534 0.31011 0
vt 0.377534 0.294986 0
vt 0.377534 0.279862 0
vt 0.377534 0.264738 0
vt 0.377534 0.249614 0
vt 0.377534 0.23449 0
vt 0.377534 0.219366 0
vt 0.377534 0.204242 0
vt 0.377534 0.189118 0
vt 0.377534 0.173994 0
vt 0.377534 0.15887 0
vt 0.377534 0.143746 0
vt 0.377534 0.128622 0
vt 0.377534 0.113498 0
vt 0.377534 0.0983738 0
vt 0.377534 0.0702991 0
vt 0.377534 0.0573484 0
vt 0.380491 0.942654 0
vt 0.380491 0.929704 0
vt 0.380491 0.901629 0
vt 0.380491 0.886505 0
vt 0.380491 0.871381 0
vt 0.380491 0.856257 0
vt 0.380491 0.841133 0
vt 0.380491 0.826009 0
vt 0.380491 0.810885 0
vt 0.380491 0.795761 0
vt 0.380491 0.780636 0
vt 0.380491 0.765512 0
vt 0.380491 0.750388 0
vt 0.380491 0.735264 0
vt 0.380491 0.72014 0
vt 0.380491 0.705016 0
vt 0.380491 0.689892 0
vt 0.380491 0.660451 0
vt 0.380491 0.646133 0
vt 0.380491 0.631816 0
vt 0.380491 0.617498 0
vt 0.380491 0.603181 0
vt 0.377534 0.942654 0
vt 0.377534 0.929704 0
vt 0.377534 0.901782 0
vt 0.377534 0.88681 0
vt 0.377534 0.871839 0
vt 0.377534 0.856868 0
vt 0.377534 0.841896 0
vt 0.377534 0.826925 0
vt 0.377534 0.811954 0
vt 0.377534 0.796983 0
vt 0.377534 0.782011 0
vt 0.377534 0.76704 0
vt 0.377534 0.752069 0
vt 0.377534 0.737098 0
vt 0.377534 0.722126 0
vt 0.377534 0.707155 0
vt 0.377534 0.692184 0
vt 0.377534 0.677212 0
vt 0.377534 0.662241 0
vt 0.377534 0.64727 0
vt 0.377534 0.632299 0
vt 0.377534 0.617327 0
vt 0.377534 0.602356 0
vt 0.377534 0.587385 0
vt 0.0171559 0.41385 0
vt 0.0317197 0.413604 0
vt 0.0462836 0.413357 0
vt 0.0608475 0.413111 0
vt 0.0754113 0.412864 0
vt 0.0167168 0.410947 0
vt 0.0308419 0.410754 0
vt 0.0449672 0.410562 0
vt 0.059092 0.41037 0
vt 0.0732173 0.410177 0
vt 0.0860497 0.420636 0
vt 0.0983533 0.417845 0
vt 0.370635 0.417845 0
vt 0.198464 0.0388187 0
vt 0.270836 0.0388187 0
vt 0.270699 0.961184 0
vt 0.311672 0.961184 0
vt 0.0867275 0.0105802 0
vt 0.0932231 0.0105803 0
vt 0.0932231 0.989422 0
vt 0.375765 0.0105803 0
vt 0.382261 0.989422 0
vt 0.0795612 0.018817 0
vt 0.102962 0.0118577 0
vt 0.0771394 0.988215 0
vt 0.100389 0.981185 0
vt 0.368599 0.0188171 0
vt 0.391849 0.0117875 0
vt 0.389427 0.981186 0
vt 0.0788693 0.0109793 0
vt 0.0973563 0.0168305 0
vt 0.101081 0.989023 0
vt 0.367907 0.0109794 0
vt 0.390119 0.989023 0
vt 0.371632 0.983172 0
vt 0.149299 0.0278092 0
vt 0.157018 0.972208 0
vt 0.312137 0.0277949 0
vt 0.319741 0.972007 0
vt 0.108974 0.0242807 0
vt 0.0710038 0.975957 0
vt 0.397984 0.024046 0
vt 0.360014 0.975722 0
vt 0.158018 0.0298776 0
vt 0.151341 0.966538 0
vt 0.317702 0.0335072 0
vt 0.311128 0.970009 0
vt 0.198395 0.0277949 0
vt 0.206557 0.97271 0
vt 0.262554 0.0272448 0
vt 0.270803 0.972208 0
vt 0.0653212 0.0161244 0
vt 0.114629 0.983878 0
vt 0.354359 0.0161246 0
vt 0.403667 0.983878 0
vt 0.155479 0.0211716 0
vt 0.144129 0.979437 0
vt 0.142909 0.963422 0
vt 0.325046 0.0207865 0
vt 0.326079 0.0366556 0
vt 0.313655 0.978684 0
vt 0.204563 0.0332682 0
vt 0.197546 0.970445 0
vt 0.271592 0.0295281 0
vt 0.264588 0.966754 0
vt 0.13185 0.972319 0
vt 0.336858 0.0279862 0
vt 0.3268 0.984554 0
vt 0.311285 0.989012 0
vt 0.211182 0.0195966 0
vt 0.212876 0.0363032 0
vt 0.258028 0.9805 0
vt 0.256217 0.963735 0
vt 0.225219 0.0266122 0
vt 0.243729 0.973563 0
vt 0.11291 0.427161 0
vt 0.356078 0.427161 0
vt 0.113586 0.0103757 0
vt 0.0670204 0.990035 0
vt 0.401968 0.00996769 0
vt 0.355402 0.989627 0
vt 0.142445 0.0152326 0
vt 0.158066 0.0109904 0
vt 0.0527029 0.983308 0
vt 0.416285 0.0166947 0
vt 0.341651 0.983989 0
vt 0.127456 0.0161273 0
vt 0.0244378 0.491232 0
vt 0.44455 0.491232 0
vt 0.101462 0.429018 0
vt 0.367526 0.429018 0
vt 0.039753 0.484193 0
vt 0.429986 0.486547 0
vt 0.110479 0.448383 0
vt 0.358509 0.448383 0
vt 0.0306988 0.484673 0
vt 0.108701 0.437429 0
vt 0.360286 0.437429 0
vt 0.129009 0.439756 0
vt 0.100471 0.444386 0
vt 0.369952 0.438427 0
vt 0.37099 0.449196 0
vt 0.339979 0.439756 0
vt 0.118527 0.441456 0
vt 0.126782 0.459187 0
vt 0.120154 0.451486 0
vt 0.109816 0.467086 0
vt 0.101635 0.455997 0
vt 0.365153 0.463712 0
vt 0.349805 0.435729 0
vt 0.339724 0.425133 0
vt 0.02139 0.0220142 0
vt 0.024068 0.0638238 0
vt 0.00975049 0.0908118 0
vt 0.024068 0.0971962 0
vt 0.0135373 0.101566 0
vt 0.0265491 0.118049 0
vt 0.0223677 0.107973 0
vt 0.0423216 0.105598 0
vt 0.014294 0.117229 0
vt 0.0326794 0.109599 0
vt 0.0445933 0.124692 0
vt 0.036508 0.118826 0
vt 0.030152 0.136092 0
vt 0.0196742 0.128803 0
vt 0.017326 0.143354 0
vt 0.0111647 0.125721 0
vt 0.0125725 0.135122 0
vt 0.0294026 0.181556 0
vt 0.0294026 0.242052 0
vt 0.0670204 0.0638238 0
vt 0.0670204 0.104366 0
vt 0.0813377 0.0908118 0
vt 0.0777584 0.10137 0
vt 0.0711834 0.093255 0
vt 0.075538 0.114153 0
vt 0.0594038 0.0951764 0
vt 0.0547605 0.106776 0
vt 0.0630275 0.11644 0
vt 0.0477412 0.114635 0
vt 0.0720314 0.130331 0
vt 0.0704192 0.121513 0
vt 0.0803001 0.122926 0
vt 0.0606278 0.127859 0
vt 0.0619477 0.149311 0
vt 0.0643128 0.138399 0
vt 0.0761913 0.142037 0
vt 0.0481533 0.140608 0
vt 0.0807166 0.133837 0
vt 0.0383855 0.299854 0
vt 0.00975049 0.317672 0
vt 0.0181533 0.302548 0
vt 0.0211107 0.314088 0
vt 0.028901 0.305943 0
vt 0.0271478 0.29278 0
vt 0.0401622 0.313052 0
vt 0.0236833 0.389663 0
vt 0.0397452 0.34105 0
vt 0.0247478 0.33486 0
vt 0.0122173 0.347391 0
vt 0.0192266 0.361569 0
vt 0.00999701 0.421255 0
vt 0.0246842 0.428291 0
vt 0.0136609 0.432455 0
vt 0.0261837 0.448934 0
vt 0.022369 0.438835 0
vt 0.0403661 0.43726 0
vt 0.0138662 0.447816 0
vt 0.0186654 0.463365 0
vt 0.0122173 0.477845 0
vt 0.0095582 0.40398 0
vt 0.0132105 0.393457 0
vt 0.014746 0.381345 0
vt 0.0218055 0.40083 0
vt 0.0296235 0.37432 0
vt 0.035542 0.397398 0
vt 0.0657256 0.357445 0
vt 0.0670204 0.304119 0
vt 0.0651388 0.400407 0
vt 0.0518758 0.399173 0
vt 0.0780371 0.387509 0
vt 0.0705411 0.373817 0
vt 0.0813377 0.317672 0
vt 0.0705997 0.314676 0
vt 0.0783423 0.307667 0
vt 0.0583398 0.312947 0
vt 0.0759796 0.295369 0
vt 0.0531268 0.29914 0
vt 0.0636352 0.29169 0
vt 0.0813377 0.332296 0
vt 0.0750602 0.345819 0
vt 0.070933 0.335685 0
vt 0.0622787 0.345117 0
vt 0.0537982 0.426982 0
vt 0.0662732 0.468338 0
vt 0.0783339 0.438024 0
vt 0.0704139 0.451292 0
vt 0.0975373 0.0349648 0
vt 0.0988313 0.0508731 0
vt 0.113586 0.0602424 0
vt 0.102097 0.0620331 0
vt 0.109473 0.0716102 0
vt 0.122757 0.0699879 0
vt 0.10015 0.0752726 0
vt 0.0988313 0.0908118 0
vt 0.113586 0.097826 0
vt 0.102613 0.101881 0
vt 0.115288 0.119304 0
vt 0.111408 0.108805 0
vt 0.131959 0.107176 0
vt 0.103012 0.117874 0
vt 0.121913 0.110889 0
vt 0.133518 0.126842 0
vt 0.125466 0.120502 0
vt 0.118253 0.137946 0
vt 0.107815 0.13005 0
vt 0.143094 0.0638238 0
vt 0.170865 0.0109904 0
vt 0.182009 0.0128926 0
vt 0.174919 0.0208341 0
vt 0.198464 0.0109904 0
vt 0.184537 0.0277949 0
vt 0.170865 0.0638238 0
vt 0.198464 0.0638931 0
vt 0.227352 0.0638238 0
vt 0.0972012 0.492743 0
vt 0.103053 0.479691 0
vt 0.107634 0.489583 0
vt 0.117182 0.479155 0
vt 0.118265 0.242052 0
vt 0.11692 0.332417 0
vt 0.127214 0.386071 0
vt 0.0986061 0.404245 0
vt 0.105851 0.38988 0
vt 0.10938 0.400669 0
vt 0.11727 0.392116 0
vt 0.114445 0.376267 0
vt 0.128504 0.399394 0
vt 0.18443 0.436785 0
vt 0.227268 0.474382 0
vt 0.0972012 0.50716 0
vt 0.111653 0.514521 0
vt 0.100781 0.517999 0
vt 0.112383 0.535534 0
vt 0.109054 0.525131 0
vt 0.129161 0.524432 0
vt 0.100735 0.533526 0
vt 0.119206 0.527617 0
vt 0.129829 0.543672 0
vt 0.122253 0.537143 0
vt 0.114466 0.553837 0
vt 0.104636 0.545686 0
vt 0.102587 0.558161 0
vt 0.113773 0.570411 0
vt 0.110704 0.561981 0
vt 0.122466 0.562473 0
vt 0.102012 0.569919 0
vt 0.124605 0.552468 0
vt 0.142811 0.55733 0
vt 0.132509 0.55939 0
vt 0.140498 0.57256 0
vt 0.130208 0.569794 0
vt 0.107589 0.577408 0
vt 0.0978274 0.578857 0
vt 0.0826933 0.492743 0
vt 0.0681294 0.485413 0
vt 0.0790644 0.48182 0
vt 0.0712379 0.476437 0
vt 0.0601914 0.477638 0
vt 0.0784827 0.466425 0
vt 0.0569123 0.488925 0
vt 0.053718 0.466766 0
vt 0.0713047 0.460534 0
vt 0.0610138 0.459424 0
vt 0.0798858 0.455043 0
vt 0.0499274 0.480776 0
vt 0.0440297 0.467283 0
vt 0.0820413 0.446266 0
vt 0.0169094 0.535795 0
vt 0.00975049 0.578747 0
vt 0.0169094 0.56443 0
vt 0.0204887 0.575168 0
vt 0.0377346 0.563453 0
vt 0.0274596 0.566878 0
vt 0.0257918 0.550112 0
vt 0.035906 0.575093 0
vt 0.0508474 0.571477 0
vt 0.0124352 0.522372 0
vt 0.0250731 0.509734 0
vt 0.0390017 0.51211 0
vt 0.024068 0.61034 0
vt 0.00975049 0.596022 0
vt 0.0204887 0.599602 0
vt 0.0124352 0.605865 0
vt 0.0330164 0.601391 0
vt 0.0392803 0.616603 0
vt 0.0329791 0.610302 0
vt 0.043691 0.605892 0
vt 0.0285683 0.621014 0
vt 0.0411534 0.597 0
vt 0.0527029 0.597979 0
vt 0.0489687 0.614329 0
vt 0.0370562 0.626415 0
vt 0.0267721 0.633207 0
vt 0.015444 0.620261 0
vt 0.0639402 0.599435 0
vt 0.00975049 0.68233 0
vt 0.024068 0.688714 0
vt 0.0135373 0.693084 0
vt 0.0265491 0.709567 0
vt 0.0223678 0.699491 0
vt 0.0423216 0.697117 0
vt 0.0142941 0.708747 0
vt 0.0326794 0.701118 0
vt 0.0445933 0.71621 0
vt 0.0365081 0.710344 0
vt 0.0301521 0.72761 0
vt 0.0196742 0.720321 0
vt 0.017326 0.734872 0
vt 0.0111648 0.717239 0
vt 0.0125726 0.72664 0
vt 0.0249629 0.664925 0
vt 0.039472 0.657958 0
vt 0.0124352 0.652397 0
vt 0.0140622 0.638974 0
vt 0.0667073 0.532529 0
vt 0.079173 0.563015 0
vt 0.0714173 0.549295 0
vt 0.0807991 0.553044 0
vt 0.0795107 0.542655 0
vt 0.0661255 0.576063 0
vt 0.0661255 0.641659 0
vt 0.0670204 0.695884 0
vt 0.0786532 0.611234 0
vt 0.0770262 0.624657 0
vt 0.0813377 0.68233 0
vt 0.0777584 0.692888 0
vt 0.0711834 0.684773 0
vt 0.075538 0.705672 0
vt 0.0594038 0.686695 0
vt 0.0547605 0.698294 0
vt 0.0630275 0.707959 0
vt 0.0477412 0.706154 0
vt 0.0720314 0.72185 0
vt 0.0704192 0.713031 0
vt 0.0803001 0.714444 0
vt 0.0606276 0.719378 0
vt 0.0619477 0.740829 0
vt 0.0643128 0.729917 0
vt 0.0761913 0.733556 0
vt 0.0481533 0.732127 0
vt 0.0807166 0.725355 0
vt 0.0813377 0.667609 0
vt 0.0670204 0.660451 0
vt 0.0777584 0.656871 0
vt 0.0698026 0.650901 0
vt 0.0545212 0.651629 0
vt 0.077601 0.642446 0
vt 0.0724353 0.633709 0
vt 0.0612781 0.631333 0
vt 0.0667481 0.622324 0
vt 0.0294026 0.803323 0
vt 0.0294026 0.863819 0
vt 0.024068 0.895637 0
vt 0.00975049 0.909191 0
vt 0.01333 0.898633 0
vt 0.0199047 0.906748 0
vt 0.0155504 0.885849 0
vt 0.0316845 0.904826 0
vt 0.0441663 0.88673 0
vt 0.0353733 0.894018 0
vt 0.0281019 0.883526 0
vt 0.049033 0.90155 0
vt 0.0196767 0.873074 0
vt 0.02139 0.977989 0
vt 0.0214649 0.936179 0
vt 0.0527029 0.936179 0
vt 0.0813377 0.909191 0
vt 0.0670204 0.902806 0
vt 0.0775511 0.898437 0
vt 0.0645647 0.882015 0
vt 0.0687343 0.892063 0
vt 0.0584631 0.895933 0
vt 0.0767994 0.882827 0
vt 0.0717729 0.865991 0
vt 0.071152 0.875345 0
vt 0.0589011 0.869834 0
vt 0.114339 0.609842 0
vt 0.0986818 0.59487 0
vt 0.111511 0.597126 0
vt 0.102878 0.606155 0
vt 0.104871 0.619619 0
vt 0.212816 0.52562 0
vt 0.198364 0.611814 0
vt 0.227253 0.89108 0
vt 0.117994 0.864353 0
vt 0.0826933 0.50716 0
vt 0.0763571 0.520888 0
vt 0.0721376 0.510614 0
vt 0.0635931 0.520127 0
vt 0.0521158 0.529601 0
vt 0.0619922 0.510095 0
vt 0.0513163 0.516943 0
vt 0.0423964 0.52386 0
vt 0.0526781 0.50732 0
vt 0.0335735 0.520044 0
vt 0.0988313 0.909267 0
vt 0.106536 0.894296 0
vt 0.110061 0.905578 0
vt 0.128299 0.893689 0
vt 0.117503 0.897062 0
vt 0.115802 0.880678 0
vt 0.126125 0.905696 0
vt 0.14128 0.902239 0
vt 0.110199 0.936179 0
vt 0.0988313 0.923228 0
vt 0.108204 0.926466 0
vt 0.100789 0.93305 0
vt 0.12025 0.929053 0
vt 0.102391 0.943946 0
vt 0.122083 0.942289 0
vt 0.112569 0.947068 0
vt 0.143094 0.936179 0
vt 0.0975373 0.965038 0
vt 0.109423 0.971264 0
vt 0.170637 0.936221 0
vt 0.198289 0.936073 0
vt 0.170882 0.972208 0
vt 0.18191 0.97414 0
vt 0.180421 0.985931 0
vt 0.157316 0.989012 0
vt 0.198289 0.989012 0
vt 0.211123 0.985273 0
vt 0.227253 0.936143 0
vt 0.270836 0.0109904 0
vt 0.258045 0.0147104 0
vt 0.284826 0.0277949 0
vt 0.291024 0.0159464 0
vt 0.295736 0.0259568 0
vt 0.311754 0.0109904 0
vt 0.256299 0.0639151 0
vt 0.256299 0.109019 0
vt 0.284867 0.0638238 0
vt 0.311754 0.063838 0
vt 0.355402 0.0638238 0
vt 0.325894 0.109405 0
vt 0.355402 0.105206 0
vt 0.370157 0.0508731 0
vt 0.366892 0.0620331 0
vt 0.36073 0.0541727 0
vt 0.362593 0.0722068 0
vt 0.352301 0.0737597 0
vt 0.340648 0.0742179 0
vt 0.325946 0.069738 0
vt 0.370157 0.0908118 0
vt 0.366468 0.10179 0
vt 0.359873 0.093465 0
vt 0.364425 0.114804 0
vt 0.350723 0.287424 0
vt 0.270254 0.436785 0
vt 0.285076 0.52562 0
vt 0.313166 0.386071 0
vt 0.328431 0.52562 0
vt 0.356078 0.390003 0
vt 0.370382 0.404245 0
vt 0.359654 0.400715 0
vt 0.367677 0.3944 0
vt 0.347161 0.398932 0
vt 0.335789 0.37866 0
vt 0.344334 0.387192 0
vt 0.332092 0.39635 0
vt 0.355188 0.367779 0
vt 0.352499 0.379016 0
vt 0.365696 0.376234 0
vt 0.364392 0.385567 0
vt 0.393234 0.449196 0
vt 0.386586 0.43468 0
vt 0.416285 0.0638238 0
vt 0.38765 0.0908118 0
vt 0.401968 0.0971962 0
vt 0.391437 0.101566 0
vt 0.404449 0.118049 0
vt 0.400267 0.107973 0
vt 0.420221 0.105598 0
vt 0.392194 0.117229 0
vt 0.410579 0.1096 0
vt 0.422493 0.124692 0
vt 0.414408 0.118826 0
vt 0.408052 0.136092 0
vt 0.397574 0.128803 0
vt 0.395226 0.143354 0
vt 0.389064 0.125721 0
vt 0.390472 0.135122 0
vt 0.407302 0.181556 0
vt 0.407302 0.242052 0
vt 0.44455 0.0221034 0
vt 0.44492 0.0638238 0
vt 0.44492 0.104366 0
vt 0.459237 0.0908118 0
vt 0.455658 0.10137 0
vt 0.449083 0.093255 0
vt 0.453438 0.114153 0
vt 0.437303 0.0951764 0
vt 0.43266 0.106776 0
vt 0.440927 0.11644 0
vt 0.425641 0.114635 0
vt 0.449931 0.130331 0
vt 0.448319 0.121513 0
vt 0.4582 0.122926 0
vt 0.438527 0.127859 0
vt 0.439847 0.149311 0
vt 0.442213 0.138399 0
vt 0.454091 0.142037 0
vt 0.426053 0.140608 0
vt 0.458616 0.133837 0
vt 0.407302 0.287424 0
vt 0.38765 0.317672 0
vt 0.396053 0.302548 0
vt 0.39901 0.314088 0
vt 0.413946 0.304111 0
vt 0.404725 0.306475 0
vt 0.40394 0.296669 0
vt 0.411752 0.314722 0
vt 0.392651 0.289756 0
vt 0.42486 0.3119 0
vt 0.40158 0.346418 0
vt 0.395018 0.374663 0
vt 0.38765 0.332296 0
vt 0.398195 0.335826 0
vt 0.390238 0.342079 0
vt 0.410604 0.337697 0
vt 0.416629 0.35296 0
vt 0.410458 0.346575 0
vt 0.421258 0.342312 0
vt 0.40583 0.357223 0
vt 0.418826 0.333322 0
vt 0.430602 0.334685 0
vt 0.426536 0.350936 0
vt 0.41445 0.363249 0
vt 0.404419 0.36842 0
vt 0.393064 0.356006 0
vt 0.441788 0.335722 0
vt 0.418941 0.394312 0
vt 0.403849 0.400407 0
vt 0.390951 0.387509 0
vt 0.41519 0.426982 0
vt 0.400762 0.478228 0
vt 0.45058 0.362388 0
vt 0.456771 0.347391 0
vt 0.459237 0.317672 0
vt 0.44492 0.311288 0
vt 0.455451 0.306918 0
vt 0.442439 0.290435 0
vt 0.44662 0.300512 0
vt 0.434663 0.304147 0
vt 0.454694 0.291256 0
vt 0.449668 0.274387 0
vt 0.449041 0.283757 0
vt 0.436771 0.27823 0
vt 0.445305 0.389663 0
vt 0.44439 0.447851 0
vt 0.458991 0.421255 0
vt 0.452741 0.43513 0
vt 0.448048 0.424671 0
vt 0.438821 0.435093 0
vt 0.451977 0.464208 0
vt 0.456771 0.477845 0
vt 0.45943 0.40398 0
vt 0.448861 0.400281 0
vt 0.43662 0.398476 0
vt 0.456313 0.391881 0
vt 0.430709 0.383965 0
vt 0.453279 0.378509 0
vt 0.371451 0.0349649 0
vt 0.359565 0.0287383 0
vt 0.285076 0.611814 0
vt 0.357335 0.564593 0
vt 0.357335 0.605283 0
vt 0.371787 0.578892 0
vt 0.360948 0.575394 0
vt 0.369019 0.568927 0
vt 0.348359 0.5736 0
vt 0.33688 0.553184 0
vt 0.345498 0.561773 0
vt 0.333194 0.571009 0
vt 0.356415 0.5422 0
vt 0.353717 0.553526 0
vt 0.345456 0.545574 0
vt 0.367058 0.550719 0
vt 0.332388 0.539485 0
vt 0.346003 0.527868 0
vt 0.365655 0.56008 0
vt 0.348758 0.536815 0
vt 0.360459 0.528314 0
vt 0.370306 0.59487 0
vt 0.256217 0.936107 0
vt 0.350994 0.834411 0
vt 0.386295 0.50716 0
vt 0.400859 0.514692 0
vt 0.389875 0.518085 0
vt 0.401374 0.535835 0
vt 0.39813 0.525336 0
vt 0.416973 0.524493 0
vt 0.389727 0.533682 0
vt 0.407424 0.522046 0
vt 0.412208 0.511168 0
vt 0.39304 0.548337 0
vt 0.350994 0.879325 0
vt 0.371787 0.50716 0
vt 0.367655 0.518557 0
vt 0.36182 0.509994 0
vt 0.371787 0.492743 0
vt 0.357335 0.485581 0
vt 0.368158 0.481904 0
vt 0.359437 0.474001 0
vt 0.337857 0.476065 0
vt 0.349139 0.461548 0
vt 0.348938 0.478076 0
vt 0.34655 0.489197 0
vt 0.284487 0.936284 0
vt 0.311672 0.936136 0
vt 0.284662 0.972208 0
vt 0.29569 0.97414 0
vt 0.294238 0.985878 0
vt 0.270699 0.989012 0
vt 0.340648 0.936179 0
vt 0.370157 0.94913 0
vt 0.356249 0.940725 0
vt 0.367197 0.938318 0
vt 0.359342 0.928692 0
vt 0.368676 0.924915 0
vt 0.350115 0.932734 0
vt 0.342175 0.925645 0
vt 0.329716 0.929217 0
vt 0.370157 0.909267 0
vt 0.355402 0.902105 0
vt 0.366413 0.8982 0
vt 0.357281 0.889925 0
vt 0.339353 0.893394 0
vt 0.364998 0.878183 0
vt 0.347695 0.888446 0
vt 0.336623 0.879285 0
vt 0.371451 0.965038 0
vt 0.389815 0.563015 0
vt 0.386295 0.492743 0
vt 0.389888 0.481857 0
vt 0.396283 0.490004 0
vt 0.391698 0.469173 0
vt 0.402862 0.576063 0
vt 0.417372 0.569096 0
vt 0.394809 0.624657 0
vt 0.401968 0.653292 0
vt 0.38765 0.68233 0
vt 0.401968 0.688714 0
vt 0.391437 0.693084 0
vt 0.404449 0.709568 0
vt 0.400267 0.699491 0
vt 0.420221 0.697117 0
vt 0.392194 0.708747 0
vt 0.410579 0.701118 0
vt 0.422493 0.71621 0
vt 0.414408 0.710344 0
vt 0.408052 0.72761 0
vt 0.397574 0.720321 0
vt 0.395226 0.734872 0
vt 0.389064 0.717239 0
vt 0.390472 0.72664 0
vt 0.38765 0.667609 0
vt 0.39123 0.656871 0
vt 0.397493 0.664925 0
vt 0.393019 0.644344 0
vt 0.408231 0.63808 0
vt 0.40193 0.644381 0
vt 0.397515 0.634828 0
vt 0.412642 0.648792 0
vt 0.404679 0.627476 0
vt 0.418043 0.640304 0
vt 0.424835 0.650588 0
vt 0.411889 0.661916 0
vt 0.416285 0.603181 0
vt 0.402862 0.598707 0
vt 0.390335 0.611234 0
vt 0.443915 0.509734 0
vt 0.430281 0.516816 0
vt 0.450289 0.537585 0
vt 0.44492 0.56443 0
vt 0.456553 0.522372 0
vt 0.459237 0.578747 0
vt 0.448499 0.575168 0
vt 0.456553 0.568904 0
vt 0.435971 0.573378 0
vt 0.429708 0.558166 0
vt 0.436009 0.564467 0
vt 0.427213 0.568886 0
vt 0.44042 0.553755 0
vt 0.431932 0.548354 0
vt 0.441211 0.543141 0
vt 0.451171 0.54922 0
vt 0.453638 0.559123 0
vt 0.444025 0.621973 0
vt 0.444025 0.664925 0
vt 0.430602 0.663298 0
vt 0.456553 0.652397 0
vt 0.449586 0.637888 0
vt 0.44492 0.695884 0
vt 0.459237 0.596022 0
vt 0.45276 0.609659 0
vt 0.448719 0.599382 0
vt 0.438985 0.609143 0
vt 0.459237 0.68233 0
vt 0.455658 0.692888 0
vt 0.449083 0.684773 0
vt 0.453438 0.705672 0
vt 0.437303 0.686695 0
vt 0.43266 0.698294 0
vt 0.440927 0.707959 0
vt 0.425641 0.706154 0
vt 0.449931 0.72185 0
vt 0.448319 0.713031 0
vt 0.4582 0.714444 0
vt 0.438527 0.719378 0
vt 0.439847 0.740829 0
vt 0.442213 0.729917 0
vt 0.454091 0.733555 0
vt 0.426053 0.732127 0
vt 0.458616 0.725355 0
vt 0.407302 0.803323 0
vt 0.407302 0.863819 0
vt 0.401968 0.895637 0
vt 0.38765 0.909191 0
vt 0.39123 0.898633 0
vt 0.397804 0.906748 0
vt 0.39345 0.885849 0
vt 0.409584 0.904826 0
vt 0.422066 0.88673 0
vt 0.413273 0.894018 0
vt 0.406002 0.883526 0
vt 0.426933 0.90155 0
vt 0.397576 0.873074 0
vt 0.399364 0.936179 0
vt 0.430602 0.936179 0
vt 0.459237 0.909191 0
vt 0.44492 0.902806 0
vt 0.455451 0.898437 0
vt 0.442464 0.882015 0
vt 0.446634 0.892063 0
vt 0.436363 0.895933 0
vt 0.454699 0.882827 0
vt 0.449672 0.865991 0
vt 0.449051 0.875345 0
vt 0.436801 0.869834 0
vt 0.430602 0.978076 0
vt 0.0785694 0.0303273 0
vt 0.390418 0.969675 0
vt 0.142909 0.0352246 0
vt 0.131305 0.028814 0
vt 0.326079 0.964651 0
vt 0.337645 0.971276 0
vt 0.112661 0.0341305 0
vt 0.120322 0.0256478 0
vt 0.0681294 0.965973 0
vt 0.0595323 0.973854 0
vt 0.0465795 0.971691 0
vt 0.400859 0.0340299 0
vt 0.409456 0.026149 0
vt 0.422408 0.0283116 0
vt 0.356327 0.965872 0
vt 0.348659 0.974358 0
vt 0.212771 0.965148 0
vt 0.227091 0.97362 0
vt 0.216753 0.974755 0
vt 0.2231 0.984918 0
vt 0.235442 0.982923 0
vt 0.247074 0.984874 0
vt 0.256299 0.034825 0
vt 0.24192 0.0263264 0
vt 0.252309 0.0251616 0
vt 0.245892 0.0148406 0
vt 0.233406 0.0169523 0
vt 0.221971 0.0155599 0
vt 0.0670204 0.00756995 0
vt 0.0535655 0.0271001 0
vt 0.0527029 0.0133447 0
vt 0.113586 0.992616 0
vt 0.12834 0.985713 0
vt 0.355402 0.00738641 0
vt 0.340648 0.0142897 0
vt 0.401968 0.992433 0
vt 0.416285 0.986658 0
vt 0.143094 0.98991 0
vt 0.325894 0.0102118 0
vt 0.127785 0.963962 0
vt 0.120597 0.972625 0
vt 0.341202 0.036137 0
vt 0.348252 0.0271466 0
vt 0.325894 0.993068 0
vt 0.212876 0.00965032 0
vt 0.256217 0.99041 0
vt 0.227288 0.0356327 0
vt 0.241735 0.964448 0
vt 0.11291 0.417669 0
vt 0.12335 0.422415 0
vt 0.122422 0.432311 0
vt 0.134304 0.428434 0
vt 0.151726 0.443483 0
vt 0.140893 0.438415 0
vt 0.148748 0.426065 0
vt 0.140515 0.453337 0
vt 0.356078 0.417669 0
vt 0.0527029 0.992178 0
vt 0.0439639 0.987743 0
vt 0.416285 0.00782502 0
vt 0.425024 0.0122599 0
vt 0.340648 0.992691 0
vt 0.12834 0.00737675 0
vt 0.0390017 0.493757 0
vt 0.429986 0.495245 0
vt 0.421951 0.490896 0
vt 0.418259 0.474476 0
vt 0.43529 0.478138 0
vt 0.313166 0.436785 0
vt 0.140557 0.477909 0
vt 0.0993508 0.466244 0
vt 0.373983 0.463712 0
vt 0.369568 0.472143 0
vt 0.32747 0.421893 0
vt 0.314092 0.423359 0
vt 0.341774 0.416568 0
vt 0.348333 0.422665 0
vt 0.0108757 0.0220142 0
vt 0.0122051 0.0117771 0
vt 0.0161328 0.0310427 0
vt 0.0228764 0.0114416 0
vt 0.027148 0.0314118 0
vt 0.0371255 0.0188357 0
vt 0.0390017 0.0320642 0
vt 0.024068 0.0527917 0
vt 0.0383855 0.0577526 0
vt 0.014017 0.0583077 0
vt 0.0141888 0.0699099 0
vt 0.024068 0.0748558 0
vt 0.0348529 0.0693398 0
vt 0.0510581 0.0679481 0
vt 0.024068 0.0883857 0
vt 0.0326501 0.0927909 0
vt 0.0101652 0.151308 0
vt 0.0278457 0.160025 0
vt 0.0150223 0.163746 0
vt 0.0202348 0.153173 0
vt 0.0315112 0.1483 0
vt 0.038399 0.141353 0
vt 0.0442755 0.154068 0
vt 0.0616858 0.19668 0
vt 0.0294026 0.211804 0
vt 0.0191965 0.19668 0
vt 0.0149308 0.181556 0
vt 0.0616858 0.257176 0
vt 0.0191965 0.257176 0
vt 0.0149308 0.242052 0
vt 0.0670204 0.0527917 0
vt 0.0778248 0.0547567 0
vt 0.0570811 0.0583077 0
vt 0.0670204 0.0748558 0
vt 0.0770714 0.0693398 0
vt 0.0707785 0.166432 0
vt 0.00853515 0.302548 0
vt 0.0133443 0.292652 0
vt 0.0307419 0.315511 0
vt 0.0330958 0.347699 0
vt 0.043117 0.351071 0
vt 0.0510592 0.342821 0
vt 0.054637 0.353899 0
vt 0.0584018 0.3355 0
vt 0.0569452 0.365793 0
vt 0.0383855 0.331581 0
vt 0.0255756 0.35522 0
vt 0.0283045 0.364298 0
vt 0.00937748 0.361028 0
vt 0.0137839 0.370731 0
vt 0.0245302 0.419188 0
vt 0.0337096 0.423586 0
vt 0.03382 0.457073 0
vt 0.0364496 0.446954 0
vt 0.0252994 0.46974 0
vt 0.00905657 0.464208 0
vt 0.0418321 0.381339 0
vt 0.0779955 0.360541 0
vt 0.0792685 0.369986 0
vt 0.0433294 0.401779 0
vt 0.0440112 0.391454 0
vt 0.0543395 0.388798 0
vt 0.0642508 0.380107 0
vt 0.0492702 0.316308 0
vt 0.0460488 0.305541 0
vt 0.0446854 0.277381 0
vt 0.0736387 0.280675 0
vt 0.0836205 0.346418 0
vt 0.0536492 0.41818 0
vt 0.0620332 0.42244 0
vt 0.0454142 0.422721 0
vt 0.0560125 0.43689 0
vt 0.0641679 0.445046 0
vt 0.0997542 0.0258746 0
vt 0.113586 0.0506027 0
vt 0.123938 0.0554225 0
vt 0.12834 0.0774957 0
vt 0.13326 0.0680079 0
vt 0.134523 0.057327 0
vt 0.141807 0.0744489 0
vt 0.154521 0.0705982 0
vt 0.144396 0.0532042 0
vt 0.157193 0.0555345 0
vt 0.113586 0.0886711 0
vt 0.12263 0.0932486 0
vt 0.143094 0.0966667 0
vt 0.184309 0.10789 0
vt 0.118265 0.181556 0
vt 0.107118 0.151308 0
vt 0.0990369 0.136184 0
vt 0.0999142 0.126131 0
vt 0.171093 0.0295097 0
vt 0.202039 0.0194076 0
vt 0.184501 0.0575835 0
vt 0.170865 0.0746221 0
vt 0.181582 0.0692229 0
vt 0.170637 0.0529492 0
vt 0.198784 0.0528399 0
vt 0.213068 0.0576818 0
vt 0.198464 0.0749127 0
vt 0.209431 0.0694029 0
vt 0.218097 0.0656674 0
vt 0.224537 0.0738435 0
vt 0.236017 0.0716639 0
vt 0.240751 0.0577238 0
vt 0.227352 0.0527979 0
vt 0.0945822 0.478228 0
vt 0.120857 0.46863 0
vt 0.132539 0.46938 0
vt 0.14509 0.465616 0
vt 0.128988 0.480751 0
vt 0.137153 0.489024 0
vt 0.121825 0.489269 0
vt 0.150267 0.486961 0
vt 0.108059 0.226928 0
vt 0.118265 0.287424 0
vt 0.108059 0.257176 0
vt 0.103793 0.242052 0
vt 0.18443 0.386071 0
vt 0.107226 0.346783 0
vt 0.103174 0.332417 0
vt 0.0968605 0.38988 0
vt 0.101356 0.38087 0
vt 0.147275 0.390852 0
vt 0.119057 0.401744 0
vt 0.198734 0.427132 0
vt 0.183912 0.474382 0
vt 0.170126 0.427132 0
vt 0.18443 0.423098 0
vt 0.227268 0.488211 0
vt 0.227342 0.436785 0
vt 0.256172 0.474382 0
vt 0.111653 0.505463 0
vt 0.120754 0.509992 0
vt 0.140557 0.513806 0
vt 0.0962257 0.550112 0
vt 0.169461 0.52562 0
vt 0.169461 0.560576 0
vt 0.155009 0.573571 0
vt 0.140557 0.581292 0
vt 0.126105 0.579073 0
vt 0.0681294 0.494525 0
vt 0.00796092 0.535795 0
vt 0.0124352 0.544743 0
vt 0.0252613 0.531022 0
vt 0.0289268 0.540473 0
vt 0.0362687 0.54819 0
vt 0.0455098 0.553726 0
vt 0.0509217 0.561777 0
vt 0.00796092 0.56443 0
vt 0.0124352 0.555481 0
vt 0.0443424 0.577275 0
vt 0.0528411 0.580262 0
vt 0.024068 0.679904 0
vt 0.0326501 0.684309 0
vt 0.0260918 0.75795 0
vt 0.0101652 0.742826 0
vt 0.0220158 0.746295 0
vt 0.0134257 0.753665 0
vt 0.0392104 0.746822 0
vt 0.0305116 0.749864 0
vt 0.0301878 0.738739 0
vt 0.0388167 0.759655 0
vt 0.0383295 0.733148 0
vt 0.0330182 0.651504 0
vt 0.0422764 0.6487 0
vt 0.050465 0.641526 0
vt 0.0383855 0.667852 0
vt 0.0490148 0.664013 0
vt 0.0120569 0.629419 0
vt 0.0235511 0.642998 0
vt 0.0578976 0.541338 0
vt 0.0650584 0.555654 0
vt 0.0707783 0.75795 0
vt 0.0670204 0.669399 0
vt 0.058414 0.665381 0
vt 0.0191965 0.788198 0
vt 0.0616857 0.788198 0
vt 0.0191965 0.818447 0
vt 0.0149308 0.803323 0
vt 0.0191965 0.848695 0
vt 0.00870514 0.878943 0
vt 0.0527029 0.910394 0
vt 0.0119674 0.863819 0
vt 0.0117909 0.854445 0
vt 0.0209093 0.858545 0
vt 0.0310378 0.85171 0
vt 0.0455769 0.859838 0
vt 0.0293519 0.833571 0
vt 0.0269661 0.84294 0
vt 0.0152798 0.835284 0
vt 0.0413193 0.841606 0
vt 0.0108757 0.977989 0
vt 0.0122433 0.967703 0
vt 0.0161328 0.987006 0
vt 0.0228271 0.967501 0
vt 0.0270467 0.987328 0
vt 0.0338637 0.974356 0
vt 0.0109175 0.936179 0
vt 0.0122017 0.925938 0
vt 0.0161912 0.945189 0
vt 0.0228636 0.925604 0
vt 0.0270884 0.945519 0
vt 0.037084 0.932865 0
vt 0.0383855 0.946776 0
vt 0.0486946 0.945734 0
vt 0.0595731 0.944679 0
vt 0.0676528 0.931122 0
vt 0.0527029 0.925147 0
vt 0.0670204 0.911617 0
vt 0.0547429 0.886006 0
vt 0.0487341 0.87584 0
vt 0.0376375 0.877588 0
vt 0.0817033 0.863819 0
vt 0.0733681 0.849499 0
vt 0.140557 0.611448 0
vt 0.126105 0.599014 0
vt 0.0970794 0.624813 0
vt 0.110182 0.636028 0
vt 0.100937 0.633568 0
vt 0.102841 0.645018 0
vt 0.122449 0.653537 0
vt 0.113847 0.646513 0
vt 0.130601 0.634775 0
vt 0.108173 0.66224 0
vt 0.123879 0.643006 0
vt 0.141833 0.650807 0
vt 0.131756 0.649439 0
vt 0.134369 0.667986 0
vt 0.198364 0.515868 0
vt 0.212816 0.511792 0
vt 0.24172 0.52562 0
vt 0.212816 0.560576 0
vt 0.169461 0.611814 0
vt 0.198364 0.597985 0
vt 0.227268 0.611814 0
vt 0.227253 0.904938 0
vt 0.198289 0.89108 0
vt 0.270699 0.89108 0
vt 0.103668 0.864353 0
vt 0.117994 0.834411 0
vt 0.085035 0.521477 0
vt 0.0800854 0.530177 0
vt 0.0439059 0.533854 0
vt 0.0971376 0.894296 0
vt 0.101837 0.884828 0
vt 0.143094 0.911257 0
vt 0.153953 0.90438 0
vt 0.134625 0.908012 0
vt 0.12834 0.94952 0
vt 0.132655 0.939463 0
vt 0.134847 0.928197 0
vt 0.14512 0.925834 0
vt 0.157316 0.926904 0
vt 0.167565 0.926431 0
vt 0.179009 0.928217 0
vt 0.18445 0.942288 0
vt 0.143094 0.947293 0
vt 0.156853 0.941736 0
vt 0.112661 0.963075 0
vt 0.170637 0.947078 0
vt 0.198289 0.925056 0
vt 0.212771 0.930377 0
vt 0.189293 0.930564 0
vt 0.198784 0.947138 0
vt 0.208648 0.941153 0
vt 0.153298 0.980679 0
vt 0.227253 0.925096 0
vt 0.241735 0.930351 0
vt 0.227352 0.947184 0
vt 0.217412 0.945992 0
vt 0.237822 0.941569 0
vt 0.299656 0.0109904 0
vt 0.315884 0.0193028 0
vt 0.256299 0.0749486 0
vt 0.246145 0.0733902 0
vt 0.270601 0.0694318 0
vt 0.25592 0.0528534 0
vt 0.268655 0.0563657 0
vt 0.256299 0.0951095 0
vt 0.284866 0.107227 0
vt 0.350723 0.211804 0
vt 0.227288 0.108798 0
vt 0.284867 0.0747139 0
vt 0.298307 0.0692689 0
vt 0.284487 0.0528016 0
vt 0.29708 0.0562664 0
vt 0.311754 0.0747219 0
vt 0.311795 0.0529558 0
vt 0.324858 0.0562977 0
vt 0.340648 0.0583131 0
vt 0.311754 0.0992753 0
vt 0.325894 0.0952871 0
vt 0.350723 0.151308 0
vt 0.370768 0.0767745 0
vt 0.325894 0.0785077 0
vt 0.371668 0.12106 0
vt 0.361195 0.13524 0
vt 0.362029 0.124898 0
vt 0.34328 0.128591 0
vt 0.352219 0.117238 0
vt 0.353175 0.129389 0
vt 0.351372 0.140284 0
vt 0.340712 0.107757 0
vt 0.3607 0.146364 0
vt 0.332491 0.144704 0
vt 0.362199 0.161928 0
vt 0.342588 0.145298 0
vt 0.336539 0.161998 0
vt 0.365195 0.287424 0
vt 0.350723 0.317672 0
vt 0.350723 0.257176 0
vt 0.25595 0.427132 0
vt 0.270254 0.423098 0
vt 0.270624 0.560576 0
vt 0.270624 0.515868 0
vt 0.285076 0.511792 0
vt 0.313166 0.399758 0
vt 0.284558 0.386071 0
vt 0.313979 0.515868 0
vt 0.328431 0.511792 0
vt 0.32747 0.404877 0
vt 0.322366 0.396594 0
vt 0.326968 0.386048 0
vt 0.320038 0.368813 0
vt 0.32631 0.376302 0
vt 0.334669 0.36293 0
vt 0.357652 0.346783 0
vt 0.366531 0.361148 0
vt 0.384271 0.449196 0
vt 0.388752 0.457977 0
vt 0.403646 0.460044 0
vt 0.403177 0.446688 0
vt 0.416285 0.0748558 0
vt 0.401968 0.0698949 0
vt 0.430602 0.0693398 0
vt 0.416285 0.0527917 0
vt 0.428926 0.0563227 0
vt 0.4055 0.0583078 0
vt 0.392882 0.060793 0
vt 0.401968 0.0883857 0
vt 0.41055 0.0927909 0
vt 0.388065 0.151308 0
vt 0.405745 0.160025 0
vt 0.392922 0.163746 0
vt 0.398134 0.153173 0
vt 0.409411 0.1483 0
vt 0.416299 0.141354 0
vt 0.422175 0.154068 0
vt 0.439585 0.19668 0
vt 0.407302 0.211804 0
vt 0.397096 0.19668 0
vt 0.39283 0.181556 0
vt 0.397096 0.257176 0
vt 0.39283 0.242052 0
vt 0.439585 0.242052 0
vt 0.44455 0.033143 0
vt 0.433471 0.0307638 0
vt 0.454793 0.0276232 0
vt 0.454562 0.0157886 0
vt 0.444631 0.011137 0
vt 0.435105 0.0165508 0
vt 0.44492 0.0527917 0
vt 0.455725 0.0547567 0
vt 0.44492 0.0748558 0
vt 0.454971 0.0693398 0
vt 0.448678 0.166432 0
vt 0.386435 0.302548 0
vt 0.430602 0.319253 0
vt 0.386038 0.374663 0
vt 0.390291 0.365613 0
vt 0.403713 0.379083 0
vt 0.417049 0.403822 0
vt 0.426713 0.400802 0
vt 0.412238 0.387608 0
vt 0.421112 0.383953 0
vt 0.40379 0.424888 0
vt 0.415339 0.41818 0
vt 0.423574 0.422721 0
vt 0.425199 0.4363 0
vt 0.412975 0.43689 0
vt 0.46005 0.361028 0
vt 0.443931 0.355738 0
vt 0.440559 0.36576 0
vt 0.44492 0.320099 0
vt 0.459611 0.2723 0
vt 0.451452 0.258155 0
vt 0.426461 0.290436 0
vt 0.456463 0.44989 0
vt 0.435923 0.456318 0
vt 0.428898 0.4472 0
vt 0.445395 0.457323 0
vt 0.461438 0.435573 0
vt 0.437249 0.424406 0
vt 0.460964 0.464208 0
vt 0.444031 0.469397 0
vt 0.441302 0.378373 0
vt 0.432135 0.373837 0
vt 0.356327 0.0369273 0
vt 0.270624 0.602061 0
vt 0.285076 0.597985 0
vt 0.313979 0.611814 0
vt 0.350994 0.699669 0
vt 0.342883 0.599842 0
vt 0.357335 0.594371 0
vt 0.368307 0.609842 0
vt 0.363811 0.624813 0
vt 0.328431 0.579574 0
vt 0.313979 0.571055 0
vt 0.336704 0.530756 0
vt 0.338191 0.51913 0
vt 0.350541 0.515949 0
vt 0.342134 0.508875 0
vt 0.369609 0.535795 0
vt 0.256217 0.925075 0
vt 0.270534 0.930221 0
vt 0.25592 0.947162 0
vt 0.246287 0.946255 0
vt 0.266979 0.941928 0
vt 0.36532 0.834411 0
vt 0.350994 0.774526 0
vt 0.400859 0.505542 0
vt 0.411613 0.541861 0
vt 0.403538 0.548573 0
vt 0.410517 0.532012 0
vt 0.423721 0.532492 0
vt 0.384312 0.550112 0
vt 0.357335 0.494602 0
vt 0.328431 0.487268 0
vt 0.284785 0.925321 0
vt 0.298228 0.929042 0
vt 0.284487 0.947264 0
vt 0.276593 0.941774 0
vt 0.296159 0.941774 0
vt 0.311672 0.925236 0
vt 0.319931 0.930686 0
vt 0.32679 0.943044 0
vt 0.311795 0.947031 0
vt 0.340648 0.947293 0
vt 0.355402 0.94997 0
vt 0.355402 0.911286 0
vt 0.346287 0.906696 0
vt 0.325894 0.902361 0
vt 0.356366 0.858762 0
vt 0.369234 0.974128 0
vt 0.410918 0.562642 0
vt 0.420176 0.559838 0
vt 0.416285 0.57899 0
vt 0.385861 0.624657 0
vt 0.401968 0.679904 0
vt 0.41055 0.684309 0
vt 0.403991 0.75795 0
vt 0.388065 0.742826 0
vt 0.399915 0.746295 0
vt 0.391325 0.753665 0
vt 0.41711 0.746822 0
vt 0.408411 0.749864 0
vt 0.408087 0.738739 0
vt 0.416716 0.759655 0
vt 0.416229 0.733149 0
vt 0.414011 0.630511 0
vt 0.416285 0.594232 0
vt 0.425233 0.598707 0
vt 0.426166 0.611756 0
vt 0.411513 0.611533 0
vt 0.436212 0.523507 0
vt 0.420731 0.515635 0
vt 0.429986 0.506834 0
vt 0.443578 0.530873 0
vt 0.459834 0.535795 0
vt 0.460441 0.550112 0
vt 0.456195 0.624657 0
vt 0.435472 0.630526 0
vt 0.428505 0.622288 0
vt 0.421047 0.665303 0
vt 0.434626 0.653809 0
vt 0.443132 0.644342 0
vt 0.45948 0.638974 0
vt 0.46144 0.61034 0
vt 0.438566 0.598991 0
vt 0.448678 0.75795 0
vt 0.39283 0.803323 0
vt 0.439585 0.788198 0
vt 0.407302 0.833571 0
vt 0.397096 0.848695 0
vt 0.386605 0.878943 0
vt 0.430602 0.910394 0
vt 0.389867 0.863819 0
vt 0.38969 0.854445 0
vt 0.398809 0.858545 0
vt 0.408937 0.85171 0
vt 0.404868 0.842933 0
vt 0.393178 0.835287 0
vt 0.41914 0.841647 0
vt 0.423476 0.859838 0
vt 0.388817 0.936179 0
vt 0.390101 0.925938 0
vt 0.394091 0.945189 0
vt 0.400763 0.925604 0
vt 0.404988 0.945519 0
vt 0.414984 0.932865 0
vt 0.416285 0.946776 0
vt 0.426594 0.945734 0
vt 0.437473 0.944679 0
vt 0.445552 0.931122 0
vt 0.430602 0.925147 0
vt 0.44492 0.911617 0
vt 0.432643 0.886006 0
vt 0.426634 0.87584 0
vt 0.415537 0.877588 0
vt 0.459603 0.863819 0
vt 0.451268 0.849499 0
vt 0.430602 0.98907 0
vt 0.445097 0.983573 0
vt 0.429986 0.96697 0
vt 0.442673 0.970601 0
vt 0.417954 0.973208 0
vt 0.13525 0.0206901 0
vt 0.127785 0.0369011 0
vt 0.341202 0.963168 0
vt 0.33404 0.9794 0
vt 0.0535655 0.964966 0
vt 0.0390017 0.965294 0
vt 0.415422 0.0350367 0
vt 0.227253 0.964351 0
vt 0.241762 0.0356302 0
vt 0.0535655 0.0361191 0
vt 0.0624458 0.0316096 0
vt 0.135369 0.980398 0
vt 0.140329 0.419953 0
vt 0.155822 0.418708 0
vt 0.15931 0.429142 0
vt 0.167405 0.442599 0
vt 0.130903 0.449816 0
vt 0.424903 0.467338 0
vt 0.414166 0.464006 0
vt 0.408622 0.472208 0
vt 0.411047 0.483516 0
vt 0.299527 0.474382 0
vt 0.296763 0.428908 0
vt 0.0383855 0.00918374 0
vt 0.0465169 0.0206374 0
vt 0.0383855 0.0491565 0
vt 0.0464038 0.0534546 0
vt 0.00975049 0.0501649 0
vt 0.00975049 0.0777624 0
vt 0.0383855 0.0776883 0
vt 0.0527029 0.0771851 0
vt 0.0241125 0.171117 0
vt 0.0392126 0.170025 0
vt 0.0524217 0.149127 0
vt 0.0569232 0.16274 0
vt 0.0761576 0.19668 0
vt 0.0616858 0.226928 0
vt 0.0149308 0.211804 0
vt 0.0091722 0.19668 0
vt 0.0119113 0.172635 0
vt 0.0221666 0.187679 0
vt 0.0359917 0.19668 0
vt 0.0761576 0.257176 0
vt 0.0091722 0.257176 0
vt 0.0141844 0.268182 0
vt 0.0305747 0.269002 0
vt 0.0221666 0.248175 0
vt 0.0344326 0.255334 0
vt 0.0813377 0.0774826 0
vt 0.0812513 0.166432 0
vt 0.0760148 0.178701 0
vt 0.0760148 0.154796 0
vt 0.0668007 0.157646 0
vt 0.0460008 0.448066 0
vt 0.0383229 0.373315 0
vt 0.0336218 0.387385 0
vt 0.0523591 0.286921 0
vt 0.0407554 0.288399 0
vt 0.0598427 0.273045 0
vt 0.0608559 0.282547 0
vt 0.0814339 0.286967 0
vt 0.0806319 0.2723 0
vt 0.0702026 0.41972 0
vt 0.151702 0.0623292 0
vt 0.160606 0.0639087 0
vt 0.143094 0.0879301 0
vt 0.151039 0.0922984 0
vt 0.13515 0.0922984 0
vt 0.15481 0.108566 0
vt 0.170865 0.0983817 0
vt 0.184309 0.0945899 0
vt 0.108059 0.19668 0
vt 0.103793 0.181556 0
vt 0.0974605 0.151308 0
vt 0.102289 0.16131 0
vt 0.120053 0.163719 0
vt 0.184309 0.077693 0
vt 0.190359 0.0710711 0
vt 0.213068 0.0491199 0
vt 0.212876 0.0777726 0
vt 0.241636 0.0491764 0
vt 0.0980345 0.226928 0
vt 0.103047 0.215923 0
vt 0.125063 0.21254 0
vt 0.114532 0.217336 0
vt 0.109921 0.207439 0
vt 0.125866 0.228264 0
vt 0.101106 0.203424 0
vt 0.120855 0.200006 0
vt 0.108059 0.302548 0
vt 0.103793 0.287424 0
vt 0.0980345 0.257176 0
vt 0.103047 0.268182 0
vt 0.120926 0.26968 0
vt 0.112255 0.265731 0
vt 0.122057 0.255617 0
vt 0.112159 0.277437 0
vt 0.111029 0.23593 0
vt 0.111029 0.248175 0
vt 0.198734 0.395724 0
vt 0.18443 0.399758 0
vt 0.0977045 0.346783 0
vt 0.102465 0.357237 0
vt 0.120528 0.359152 0
vt 0.111816 0.355184 0
vt 0.120253 0.34512 0
vt 0.112223 0.365839 0
vt 0.10415 0.317672 0
vt 0.110047 0.338233 0
vt 0.141518 0.401578 0
vt 0.136424 0.391903 0
vt 0.140318 0.375565 0
vt 0.155822 0.400608 0
vt 0.198734 0.417652 0
vt 0.209143 0.422392 0
vt 0.21056 0.439302 0
vt 0.183912 0.488211 0
vt 0.170126 0.417652 0
vt 0.190221 0.429941 0
vt 0.198116 0.439564 0
vt 0.204802 0.461493 0
vt 0.204552 0.449586 0
vt 0.221098 0.452356 0
vt 0.186938 0.455913 0
vt 0.212086 0.455384 0
vt 0.220161 0.464496 0
vt 0.196807 0.455705 0
vt 0.194213 0.467704 0
vt 0.19169 0.447166 0
vt 0.180913 0.446974 0
vt 0.237251 0.459708 0
vt 0.209179 0.479888 0
vt 0.168671 0.461726 0
vt 0.22958 0.465223 0
vt 0.240965 0.472968 0
vt 0.20356 0.471507 0
vt 0.19607 0.482604 0
vt 0.217288 0.474059 0
vt 0.176953 0.456144 0
vt 0.177764 0.466281 0
vt 0.167117 0.480745 0
vt 0.178639 0.429941 0
vt 0.1755 0.438469 0
vt 0.24172 0.487463 0
vt 0.227342 0.423098 0
vt 0.256172 0.488211 0
vt 0.140557 0.505012 0
vt 0.148957 0.509409 0
vt 0.132157 0.509409 0
vt 0.152374 0.52616 0
vt 0.169461 0.511792 0
vt 0.169461 0.574404 0
vt 0.14825 0.565947 0
vt 0.156664 0.55461 0
vt 0.0160055 0.766901 0
vt 0.0531746 0.753673 0
vt 0.081251 0.75795 0
vt 0.0760148 0.77022 0
vt 0.0760148 0.746314 0
vt 0.0668005 0.749164 0
vt 0.0091722 0.788198 0
vt 0.0134548 0.777828 0
vt 0.0293809 0.775785 0
vt 0.0761576 0.788198 0
vt 0.0091722 0.818447 0
vt 0.0221666 0.7972 0
vt 0.0325618 0.788779 0
vt 0.0221666 0.809445 0
vt 0.036001 0.818458 0
vt 0.0114571 0.843678 0
vt 0.0125932 0.826732 0
vt 0.0216062 0.828598 0
vt 0.0407835 0.851344 0
vt 0.0569018 0.847347 0
vt 0.0414953 0.979102 0
vt 0.0383855 0.923271 0
vt 0.0670204 0.922168 0
vt 0.0755935 0.926062 0
vt 0.0775334 0.937867 0
vt 0.0798568 0.947492 0
vt 0.0696704 0.946406 0
vt 0.0291656 0.873308 0
vt 0.0828009 0.848695 0
vt 0.0771846 0.838539 0
vt 0.140557 0.597787 0
vt 0.119217 0.624039 0
vt 0.113221 0.684698 0
vt 0.0998143 0.669727 0
vt 0.110698 0.673469 0
vt 0.10223 0.68127 0
vt 0.119946 0.665491 0
vt 0.104271 0.694061 0
vt 0.121716 0.676891 0
vt 0.131308 0.695852 0
vt 0.123837 0.687725 0
vt 0.133508 0.680206 0
vt 0.117378 0.701158 0
vt 0.155601 0.675622 0
vt 0.143908 0.674798 0
vt 0.145431 0.662581 0
vt 0.148579 0.691891 0
vt 0.164505 0.650316 0
vt 0.142306 0.684421 0
vt 0.153238 0.653759 0
vt 0.152769 0.632065 0
vt 0.162471 0.66382 0
vt 0.156063 0.642846 0
vt 0.173036 0.631766 0
vt 0.166223 0.639869 0
vt 0.183995 0.647896 0
vt 0.173926 0.646501 0
vt 0.177047 0.661013 0
vt 0.198364 0.506289 0
vt 0.187848 0.511079 0
vt 0.186416 0.528164 0
vt 0.227268 0.512539 0
vt 0.206966 0.518706 0
vt 0.199969 0.530559 0
vt 0.24172 0.511792 0
vt 0.212816 0.574404 0
vt 0.24172 0.560576 0
vt 0.169461 0.597985 0
vt 0.212816 0.598733 0
vt 0.183912 0.6049 0
vt 0.227268 0.597985 0
vt 0.212771 0.904189 0
vt 0.245096 0.898009 0
vt 0.198289 0.904938 0
vt 0.270699 0.904938 0
vt 0.298228 0.893356 0
vt 0.104443 0.849382 0
vt 0.110831 0.871701 0
vt 0.103668 0.834411 0
vt 0.117994 0.804468 0
vt 0.151412 0.880843 0
vt 0.17076 0.900911 0
vt 0.184501 0.950862 0
vt 0.151912 0.934159 0
vt 0.161942 0.934472 0
vt 0.212771 0.921641 0
vt 0.241735 0.921624 0
vt 0.218448 0.937187 0
vt 0.247145 0.0642839 0
vt 0.270836 0.0782504 0
vt 0.2759 0.0619645 0
vt 0.270836 0.0958613 0
vt 0.241762 0.0958613 0
vt 0.284866 0.0942845 0
vt 0.360929 0.19668 0
vt 0.365195 0.211804 0
vt 0.212876 0.0990725 0
vt 0.227288 0.0950077 0
vt 0.340648 0.0493999 0
vt 0.349054 0.0538565 0
vt 0.332093 0.0624764 0
vt 0.311754 0.0898356 0
vt 0.300569 0.0945554 0
vt 0.300444 0.110465 0
vt 0.320252 0.102346 0
vt 0.313324 0.113667 0
vt 0.371087 0.136184 0
vt 0.341765 0.118202 0
vt 0.32728 0.125619 0
vt 0.332609 0.102346 0
vt 0.335485 0.0928861 0
vt 0.37009 0.151308 0
vt 0.37107 0.166432 0
vt 0.362432 0.18036 0
vt 0.364413 0.302548 0
vt 0.364413 0.2723 0
vt 0.365195 0.317672 0
vt 0.360929 0.242052 0
vt 0.365195 0.257176 0
vt 0.25595 0.417652 0
vt 0.245541 0.422392 0
vt 0.244124 0.439302 0
vt 0.264463 0.429941 0
vt 0.257538 0.441673 0
vt 0.285076 0.570328 0
vt 0.270624 0.574404 0
vt 0.270624 0.506289 0
vt 0.260107 0.511079 0
vt 0.258675 0.528164 0
vt 0.299527 0.512539 0
vt 0.279225 0.518706 0
vt 0.272229 0.530559 0
vt 0.298862 0.399018 0
vt 0.284558 0.399758 0
vt 0.25595 0.386071 0
vt 0.313979 0.506289 0
vt 0.309141 0.538622 0
vt 0.322581 0.518706 0
vt 0.316952 0.529401 0
vt 0.32071 0.540504 0
vt 0.30347 0.525899 0
vt 0.312463 0.554704 0
vt 0.36889 0.346783 0
vt 0.363271 0.332706 0
vt 0.356679 0.357311 0
vt 0.345929 0.361119 0
vt 0.337089 0.342064 0
vt 0.338822 0.352838 0
vt 0.348705 0.351266 0
vt 0.348471 0.339629 0
vt 0.321643 0.35167 0
vt 0.339959 0.327662 0
vt 0.401968 0.078491 0
vt 0.39395 0.074193 0
vt 0.430602 0.0781369 0
vt 0.436007 0.0620272 0
vt 0.401968 0.0499592 0
vt 0.388656 0.0519856 0
vt 0.402012 0.171117 0
vt 0.417112 0.170025 0
vt 0.430321 0.149126 0
vt 0.434823 0.16274 0
vt 0.454057 0.19668 0
vt 0.39283 0.211804 0
vt 0.387072 0.19668 0
vt 0.389811 0.172635 0
vt 0.400066 0.187679 0
vt 0.413891 0.19668 0
vt 0.387072 0.257176 0
vt 0.392084 0.268182 0
vt 0.409964 0.269681 0
vt 0.401292 0.265731 0
vt 0.411095 0.255617 0
vt 0.401196 0.277437 0
vt 0.393613 0.226928 0
vt 0.400066 0.248175 0
vt 0.454057 0.242052 0
vt 0.459114 0.0357749 0
vt 0.459237 0.0774826 0
vt 0.459151 0.166432 0
vt 0.453914 0.178701 0
vt 0.453914 0.154796 0
vt 0.4447 0.157646 0
vt 0.460805 0.257176 0
vt 0.43988 0.265097 0
vt 0.43445 0.286726 0
vt 0.426461 0.279978 0
vt 0.417467 0.285207 0
vt 0.430021 0.269698 0
vt 0.419991 0.27198 0
vt 0.422539 0.259995 0
vt 0.421573 0.245375 0
vt 0.43681 0.443565 0
vt 0.256172 0.599064 0
vt 0.270624 0.592483 0
vt 0.299527 0.598733 0
vt 0.279225 0.6049 0
vt 0.269893 0.618728 0
vt 0.313979 0.597985 0
vt 0.350994 0.669727 0
vt 0.361097 0.684698 0
vt 0.36532 0.699669 0
vt 0.350994 0.729612 0
vt 0.342883 0.591105 0
vt 0.334633 0.595474 0
vt 0.331065 0.612187 0
vt 0.372714 0.624813 0
vt 0.368263 0.632974 0
vt 0.35157 0.636785 0
vt 0.313979 0.580349 0
vt 0.304242 0.575702 0
vt 0.304486 0.563689 0
vt 0.295639 0.569519 0
vt 0.289729 0.550921 0
vt 0.295307 0.559386 0
vt 0.285065 0.560064 0
vt 0.301715 0.549094 0
vt 0.277494 0.550441 0
vt 0.293755 0.537102 0
vt 0.260102 0.546046 0
vt 0.268 0.551401 0
vt 0.256677 0.559601 0
vt 0.269399 0.540835 0
vt 0.281528 0.538646 0
vt 0.270699 0.921541 0
vt 0.247338 0.937351 0
vt 0.270204 0.950251 0
vt 0.358157 0.815965 0
vt 0.36532 0.774526 0
vt 0.337775 0.485563 0
vt 0.313979 0.487484 0
vt 0.336323 0.903431 0
vt 0.325894 0.911447 0
vt 0.31703 0.906904 0
vt 0.314363 0.890784 0
vt 0.367535 0.864353 0
vt 0.357281 0.869984 0
vt 0.343841 0.867724 0
vt 0.358157 0.845599 0
vt 0.366826 0.852986 0
vt 0.395892 0.773074 0
vt 0.431074 0.753673 0
vt 0.436174 0.617652 0
vt 0.459151 0.75795 0
vt 0.453914 0.77022 0
vt 0.453914 0.746314 0
vt 0.4447 0.749164 0
vt 0.393613 0.788198 0
vt 0.393613 0.818447 0
vt 0.454057 0.788198 0
vt 0.389355 0.843681 0
vt 0.38927 0.826077 0
vt 0.399519 0.826858 0
vt 0.406079 0.815973 0
vt 0.398536 0.81061 0
vt 0.429116 0.811816 0
vt 0.417011 0.810646 0
vt 0.422363 0.793453 0
vt 0.421645 0.825901 0
vt 0.423827 0.803338 0
vt 0.432843 0.796952 0
vt 0.414656 0.819693 0
vt 0.446821 0.800745 0
vt 0.418668 0.851372 0
vt 0.434787 0.84728 0
vt 0.416285 0.923271 0
vt 0.44492 0.922168 0
vt 0.453493 0.926062 0
vt 0.455433 0.937867 0
vt 0.457756 0.947492 0
vt 0.44757 0.946406 0
vt 0.407065 0.873308 0
vt 0.4607 0.848695 0
vt 0.455084 0.838539 0
vt 0.44492 0.992344 0
vt 0.453283 0.988126 0
vt 0.45477 0.975818 0
vt 0.457896 0.966408 0
vt 0.415422 0.964294 0
vt 0.405805 0.971841 0
vt 0.400571 0.468402 0
vt 0.41301 0.492361 0
vt 0.299527 0.488211 0
vt 0.298862 0.418831 0
vt 0.288292 0.421887 0
vt 0.284259 0.435373 0
vt 0.306532 0.429582 0
vt 0.300801 0.441518 0
vt 0.0373703 0.160659 0
vt 0.0468341 0.163661 0
vt 0.0533394 0.179199 0
vt 0.0753754 0.211804 0
vt 0.0761576 0.226928 0
vt 0.0221666 0.205681 0
vt 0.0221666 0.226928 0
vt 0.0689216 0.242052 0
vt 0.0203582 0.280643 0
vt 0.0273539 0.260714 0
vt 0.0490079 0.242221 0
vt 0.0425001 0.26499 0
vt 0.0461712 0.253724 0
vt 0.0507507 0.269923 0
vt 0.039173 0.245897 0
vt 0.0392989 0.23124 0
vt 0.0791202 0.187666 0
vt 0.0689216 0.189308 0
vt 0.0646735 0.178792 0
vt 0.0689216 0.266058 0
vt 0.170865 0.0894224 0
vt 0.161393 0.0939021 0
vt 0.198464 0.0954657 0
vt 0.111029 0.187679 0
vt 0.100823 0.190557 0
vt 0.101437 0.171552 0
vt 0.145178 0.198814 0
vt 0.0980345 0.302548 0
vt 0.111029 0.293547 0
vt 0.125501 0.303313 0
vt 0.101149 0.277891 0
vt 0.137885 0.243879 0
vt 0.213038 0.39869 0
vt 0.198734 0.405204 0
vt 0.170126 0.399018 0
vt 0.190221 0.392915 0
vt 0.199457 0.379227 0
vt 0.101912 0.367699 0
vt 0.110047 0.325467 0
vt 0.117157 0.31396 0
vt 0.143423 0.351684 0
vt 0.215809 0.489297 0
vt 0.249522 0.463421 0
vt 0.204313 0.489396 0
vt 0.176929 0.481296 0
vt 0.171486 0.49058 0
vt 0.234156 0.481296 0
vt 0.247993 0.479869 0
vt 0.217963 0.429941 0
vt 0.273978 0.481296 0
vt 0.160691 0.518706 0
vt 0.162609 0.56749 0
vt 0.187267 0.56749 0
vt 0.146903 0.541534 0
vt 0.16982 0.543098 0
vt 0.0584122 0.77048 0
vt 0.0253768 0.767303 0
vt 0.0753754 0.803323 0
vt 0.0689216 0.779266 0
vt 0.0791202 0.779185 0
vt 0.0473454 0.799605 0
vt 0.0407284 0.829557 0
vt 0.0548744 0.816975 0
vt 0.0525964 0.835014 0
vt 0.0456868 0.820889 0
vt 0.0432731 0.809994 0
vt 0.0624336 0.858187 0
vt 0.0543058 0.862081 0
vt 0.133858 0.604617 0
vt 0.128941 0.61614 0
vt 0.139124 0.624624 0
vt 0.128529 0.625568 0
vt 0.110493 0.626863 0
vt 0.119876 0.633934 0
vt 0.0969032 0.699669 0
vt 0.106805 0.705034 0
vt 0.118962 0.721839 0
vt 0.115254 0.711722 0
vt 0.128282 0.708846 0
vt 0.105199 0.721146 0
vt 0.153703 0.666616 0
vt 0.172698 0.677675 0
vt 0.168886 0.657881 0
vt 0.178936 0.518706 0
vt 0.219704 0.518706 0
vt 0.230185 0.52384 0
vt 0.233117 0.543098 0
vt 0.234675 0.533009 0
vt 0.247887 0.538554 0
vt 0.221442 0.536131 0
vt 0.194183 0.523758 0
vt 0.227268 0.573657 0
vt 0.24172 0.574404 0
vt 0.155094 0.6049 0
vt 0.205252 0.6049 0
vt 0.215733 0.610034 0
vt 0.218345 0.631371 0
vt 0.220048 0.620334 0
vt 0.238762 0.628873 0
vt 0.206155 0.62384 0
vt 0.228201 0.627243 0
vt 0.230592 0.64678 0
vt 0.226641 0.637349 0
vt 0.211897 0.649068 0
vt 0.192792 0.6049 0
vt 0.188352 0.61418 0
vt 0.188352 0.595867 0
vt 0.19553 0.622186 0
vt 0.198373 0.638878 0
vt 0.183689 0.625581 0
vt 0.174072 0.621284 0
vt 0.162807 0.625463 0
vt 0.191768 0.631415 0
vt 0.18248 0.635766 0
vt 0.151352 0.618979 0
vt 0.175032 0.6049 0
vt 0.178819 0.596146 0
vt 0.179472 0.612726 0
vt 0.220351 0.898009 0
vt 0.209847 0.892864 0
vt 0.207231 0.871482 0
vt 0.205524 0.882542 0
vt 0.186771 0.873986 0
vt 0.219446 0.879029 0
vt 0.197354 0.875619 0
vt 0.194958 0.856041 0
vt 0.198917 0.865492 0
vt 0.213692 0.853749 0
vt 0.241735 0.908478 0
vt 0.25267 0.906215 0
vt 0.257735 0.893942 0
vt 0.234829 0.898009 0
vt 0.239963 0.884789 0
vt 0.284785 0.904432 0
vt 0.298228 0.905985 0
vt 0.307508 0.899671 0
vt 0.0957913 0.849382 0
vt 0.110831 0.857218 0
vt 0.11615 0.84636 0
vt 0.138254 0.843655 0
vt 0.126821 0.84189 0
vt 0.135666 0.822504 0
vt 0.130452 0.856283 0
vt 0.133977 0.833444 0
vt 0.154217 0.830968 0
vt 0.144446 0.83506 0
vt 0.156587 0.850334 0
vt 0.148363 0.844409 0
vt 0.144643 0.858243 0
vt 0.104443 0.81944 0
vt 0.103668 0.804468 0
vt 0.117994 0.774526 0
vt 0.149363 0.89297 0
vt 0.138782 0.891902 0
vt 0.131102 0.87849 0
vt 0.162995 0.889037 0
vt 0.17076 0.910207 0
vt 0.181917 0.905559 0
vt 0.182091 0.889426 0
vt 0.263227 0.102064 0
vt 0.273507 0.106906 0
vt 0.278619 0.127203 0
vt 0.278926 0.116334 0
vt 0.290833 0.11761 0
vt 0.2648 0.121375 0
vt 0.303699 0.124879 0
vt 0.249371 0.102064 0
vt 0.241735 0.116599 0
vt 0.239644 0.106227 0
vt 0.370953 0.19668 0
vt 0.364413 0.226928 0
vt 0.357959 0.205681 0
vt 0.343487 0.195916 0
vt 0.212876 0.0895203 0
vt 0.221454 0.101903 0
vt 0.212148 0.115693 0
vt 0.292608 0.100756 0
vt 0.321774 0.117924 0
vt 0.315393 0.128306 0
vt 0.323579 0.136884 0
vt 0.314171 0.156592 0
vt 0.305023 0.142027 0
vt 0.321654 0.148064 0
vt 0.307609 0.133202 0
vt 0.314452 0.139998 0
vt 0.29467 0.134202 0
vt 0.32959 0.154504 0
vt 0.323453 0.167164 0
vt 0.346476 0.0973767 0
vt 0.371829 0.181556 0
vt 0.368917 0.295199 0
vt 0.359909 0.294733 0
vt 0.351613 0.30472 0
vt 0.373152 0.2723 0
vt 0.357959 0.280216 0
vt 0.342865 0.2723 0
vt 0.353639 0.270106 0
vt 0.368917 0.309898 0
vt 0.359909 0.310364 0
vt 0.370953 0.242052 0
vt 0.357959 0.251054 0
vt 0.343487 0.241288 0
vt 0.236721 0.429941 0
vt 0.251811 0.434941 0
vt 0.271355 0.458633 0
vt 0.285076 0.579907 0
vt 0.276474 0.56749 0
vt 0.251196 0.518706 0
vt 0.291963 0.518706 0
vt 0.266442 0.523758 0
vt 0.306349 0.392915 0
vt 0.295974 0.387833 0
vt 0.29339 0.366714 0
vt 0.291704 0.377638 0
vt 0.273181 0.369187 0
vt 0.305455 0.374168 0
vt 0.283635 0.3708 0
vt 0.281268 0.351463 0
vt 0.285178 0.360798 0
vt 0.299772 0.349198 0
vt 0.270254 0.399018 0
vt 0.25595 0.399758 0
vt 0.357959 0.324387 0
vt 0.368723 0.325764 0
vt 0.31955 0.331082 0
vt 0.41527 0.160659 0
vt 0.424734 0.163662 0
vt 0.43124 0.179201 0
vt 0.453275 0.211804 0
vt 0.400066 0.205681 0
vt 0.390937 0.279444 0
vt 0.389109 0.234278 0
vt 0.398117 0.234743 0
vt 0.406413 0.224757 0
vt 0.389109 0.219579 0
vt 0.398117 0.219113 0
vt 0.446821 0.249143 0
vt 0.435331 0.253631 0
vt 0.430896 0.24543 0
vt 0.426332 0.228875 0
vt 0.432286 0.236141 0
vt 0.441291 0.222688 0
vt 0.44132 0.232448 0
vt 0.454342 0.227529 0
vt 0.45702 0.187667 0
vt 0.446821 0.189308 0
vt 0.442573 0.178792 0
vt 0.241482 0.6049 0
vt 0.291963 0.6049 0
vt 0.302445 0.610034 0
vt 0.305056 0.631371 0
vt 0.306759 0.620334 0
vt 0.322214 0.626111 0
vt 0.292866 0.62384 0
vt 0.261439 0.610008 0
vt 0.254714 0.624986 0
vt 0.25128 0.608158 0
vt 0.242834 0.617194 0
vt 0.361097 0.654755 0
vt 0.36532 0.669727 0
vt 0.37102 0.684698 0
vt 0.364545 0.714641 0
vt 0.358157 0.693608 0
vt 0.344472 0.684698 0
vt 0.36532 0.729612 0
vt 0.324237 0.596162 0
vt 0.263133 0.56749 0
vt 0.252099 0.569933 0
vt 0.259429 0.576897 0
vt 0.36898 0.81944 0
vt 0.36664 0.808135 0
vt 0.348518 0.797012 0
vt 0.35601 0.805129 0
vt 0.337875 0.814352 0
vt 0.36302 0.791143 0
vt 0.345642 0.807183 0
vt 0.32905 0.796999 0
vt 0.338782 0.799751 0
vt 0.338032 0.783819 0
vt 0.358157 0.826579 0
vt 0.346449 0.823063 0
vt 0.326719 0.833908 0
vt 0.335055 0.825703 0
vt 0.338781 0.837825 0
vt 0.316342 0.815029 0
vt 0.326442 0.855291 0
vt 0.327204 0.817727 0
vt 0.3299 0.844643 0
vt 0.324102 0.807004 0
vt 0.342823 0.852284 0
vt 0.311022 0.844398 0
vt 0.305997 0.797261 0
vt 0.346908 0.843347 0
vt 0.320499 0.84159 0
vt 0.31172 0.829358 0
vt 0.317528 0.797527 0
vt 0.311566 0.805914 0
vt 0.300137 0.817712 0
vt 0.300679 0.806802 0
vt 0.312234 0.776953 0
vt 0.281068 0.811296 0
vt 0.322737 0.785218 0
vt 0.311979 0.787986 0
vt 0.291507 0.811815 0
vt 0.285368 0.830061 0
vt 0.287208 0.79305 0
vt 0.285865 0.820072 0
vt 0.292004 0.801826 0
vt 0.267909 0.824186 0
vt 0.297881 0.782142 0
vt 0.358157 0.75608 0
vt 0.320967 0.471421 0
vt 0.327242 0.888419 0
vt 0.368131 0.843531 0
vt 0.386335 0.773074 0
vt 0.390517 0.763804 0
vt 0.408818 0.770266 0
vt 0.436312 0.77048 0
vt 0.389109 0.795548 0
vt 0.398117 0.796014 0
vt 0.408089 0.785061 0
vt 0.384873 0.818447 0
vt 0.446821 0.779266 0
vt 0.45702 0.779185 0
vt 0.416283 0.83312 0
vt 0.42588 0.834647 0
vt 0.43586 0.824417 0
vt 0.456542 0.797992 0
vt 0.454604 0.809685 0
vt 0.44203 0.812775 0
vt 0.440323 0.858152 0
vt 0.432208 0.862077 0
vt 0.400859 0.964127 0
vt 0.306424 0.481296 0
vt 0.309966 0.470867 0
vt 0.2998 0.457936 0
vt 0.316257 0.455459 0
vt 0.27914 0.420517 0
vt 0.276954 0.42958 0
vt 0.0415238 0.18193 0
vt 0.0499686 0.191541 0
vt 0.0798794 0.204455 0
vt 0.0708714 0.203989 0
vt 0.0625752 0.213976 0
vt 0.0798794 0.219153 0
vt 0.0708714 0.219619 0
vt 0.0221666 0.217635 0
vt 0.0318785 0.222282 0
vt 0.0127137 0.222282 0
vt 0.0459539 0.213424 0
vt 0.0414611 0.221897 0
vt 0.0521407 0.222132 0
vt 0.0528901 0.232538 0
vt 0.0589516 0.240588 0
vt 0.0221666 0.236221 0
vt 0.013006 0.232258 0
vt 0.0689216 0.251345 0
vt 0.0783747 0.246699 0
vt 0.0689216 0.232759 0
vt 0.0780823 0.236722 0
vt 0.0113355 0.283426 0
vt 0.0222106 0.271966 0
vt 0.0290418 0.27796 0
vt 0.0624117 0.169987 0
vt 0.133184 0.20284 0
vt 0.129796 0.189344 0
vt 0.145687 0.220204 0
vt 0.136352 0.213742 0
vt 0.146199 0.209491 0
vt 0.164616 0.202341 0
vt 0.154399 0.203319 0
vt 0.157775 0.184719 0
vt 0.160898 0.217362 0
vt 0.135857 0.224431 0
vt 0.145476 0.233258 0
vt 0.133973 0.234458 0
vt 0.127725 0.24672 0
vt 0.136517 0.258575 0
vt 0.227342 0.399036 0
vt 0.161547 0.386971 0
vt 0.177613 0.392915 0
vt 0.172783 0.381286 0
vt 0.158547 0.367096 0
vt 0.185154 0.367741 0
vt 0.163325 0.376539 0
vt 0.15198 0.379973 0
vt 0.171878 0.366281 0
vt 0.181443 0.376774 0
vt 0.207825 0.387858 0
vt 0.218941 0.368709 0
vt 0.220441 0.388457 0
vt 0.210683 0.376716 0
vt 0.238012 0.384535 0
vt 0.201503 0.362031 0
vt 0.229961 0.389787 0
vt 0.226749 0.378047 0
vt 0.240997 0.397907 0
vt 0.209506 0.36724 0
vt 0.214739 0.350449 0
vt 0.239398 0.359537 0
vt 0.230463 0.367008 0
vt 0.223261 0.358101 0
vt 0.242431 0.372242 0
vt 0.232566 0.339168 0
vt 0.225243 0.347322 0
vt 0.214448 0.330265 0
vt 0.235781 0.34942 0
vt 0.252347 0.338594 0
vt 0.248385 0.350619 0
vt 0.242537 0.34167 0
vt 0.241988 0.322742 0
vt 0.222251 0.337271 0
vt 0.227438 0.323647 0
vt 0.264869 0.349385 0
vt 0.251995 0.363244 0
vt 0.256371 0.346585 0
vt 0.263997 0.337736 0
vt 0.258006 0.355919 0
vt 0.268117 0.359667 0
vt 0.25714 0.324151 0
vt 0.261764 0.369154 0
vt 0.26744 0.380562 0
vt 0.265074 0.390365 0
vt 0.275243 0.390155 0
vt 0.116689 0.305 0
vt 0.119615 0.296429 0
vt 0.134598 0.289578 0
vt 0.140202 0.323428 0
vt 0.130838 0.351931 0
vt 0.133047 0.336867 0
vt 0.137351 0.363037 0
vt 0.246448 0.451446 0
vt 0.234532 0.447432 0
vt 0.259029 0.454598 0
vt 0.270624 0.491744 0
vt 0.281536 0.489485 0
vt 0.28659 0.477238 0
vt 0.263732 0.481296 0
vt 0.267245 0.469864 0
vt 0.279097 0.467834 0
vt 0.285487 0.454598 0
vt 0.158729 0.509128 0
vt 0.183912 0.577937 0
vt 0.194825 0.575679 0
vt 0.199879 0.563431 0
vt 0.177021 0.56749 0
vt 0.182144 0.554298 0
vt 0.148647 0.550414 0
vt 0.138866 0.548082 0
vt 0.157029 0.544157 0
vt 0.165783 0.551758 0
vt 0.06716 0.766747 0
vt 0.0595028 0.76092 0
vt 0.0488988 0.764553 0
vt 0.0458175 0.780096 0
vt 0.0689216 0.795406 0
vt 0.0629417 0.806871 0
vt 0.0798794 0.795973 0
vt 0.0753987 0.818447 0
vt 0.0375481 0.797477 0
vt 0.0442955 0.79003 0
vt 0.0647602 0.837686 0
vt 0.0607578 0.826881 0
vt 0.0651463 0.817575 0
vt 0.141958 0.635657 0
vt 0.113592 0.744583 0
vt 0.14257 0.705324 0
vt 0.0988957 0.729612 0
vt 0.111222 0.732211 0
vt 0.102569 0.740705 0
vt 0.126669 0.735665 0
vt 0.104267 0.753483 0
vt 0.0978279 0.714641 0
vt 0.164593 0.672956 0
vt 0.163182 0.684698 0
vt 0.18039 0.698054 0
vt 0.17367 0.688949 0
vt 0.193171 0.681588 0
vt 0.162724 0.704061 0
vt 0.184458 0.688019 0
vt 0.165341 0.694436 0
vt 0.200214 0.700248 0
vt 0.190612 0.696355 0
vt 0.188512 0.715324 0
vt 0.186887 0.705544 0
vt 0.174324 0.712657 0
vt 0.249774 0.529718 0
vt 0.257067 0.53729 0
vt 0.248996 0.55045 0
vt 0.239095 0.551012 0
vt 0.227462 0.559347 0
vt 0.219704 0.56749 0
vt 0.234832 0.56749 0
vt 0.163941 0.6049 0
vt 0.1598 0.613865 0
vt 0.159518 0.595873 0
vt 0.146224 0.604617 0
vt 0.149931 0.595776 0
vt 0.207414 0.614488 0
vt 0.208073 0.634365 0
vt 0.218184 0.888401 0
vt 0.219185 0.865794 0
vt 0.26183 0.907629 0
vt 0.230038 0.880722 0
vt 0.24221 0.865161 0
vt 0.238318 0.874658 0
vt 0.228736 0.870259 0
vt 0.255939 0.876333 0
vt 0.23039 0.854274 0
vt 0.277502 0.898009 0
vt 0.28517 0.883676 0
vt 0.287424 0.894099 0
vt 0.120764 0.854978 0
vt 0.138225 0.852361 0
vt 0.158616 0.866372 0
vt 0.0957913 0.81944 0
vt 0.110831 0.827276 0
vt 0.11615 0.816418 0
vt 0.128185 0.812158 0
vt 0.136722 0.790247 0
vt 0.146604 0.806716 0
vt 0.129363 0.799999 0
vt 0.138354 0.812683 0
vt 0.149334 0.81918 0
vt 0.118672 0.789497 0
vt 0.139341 0.799875 0
vt 0.155099 0.790419 0
vt 0.172673 0.816419 0
vt 0.161393 0.82109 0
vt 0.161729 0.80595 0
vt 0.175157 0.838369 0
vt 0.15443 0.811533 0
vt 0.16571 0.831773 0
vt 0.175956 0.827163 0
vt 0.164951 0.842922 0
vt 0.193361 0.81597 0
vt 0.177005 0.856228 0
vt 0.192645 0.833985 0
vt 0.18308 0.819112 0
vt 0.182651 0.799315 0
vt 0.185657 0.809153 0
vt 0.201593 0.798905 0
vt 0.173157 0.847601 0
vt 0.186265 0.845609 0
vt 0.166024 0.855955 0
vt 0.183182 0.83331 0
vt 0.171231 0.867501 0
vt 0.181193 0.865489 0
vt 0.164015 0.877084 0
vt 0.175788 0.878441 0
vt 0.172576 0.887584 0
vt 0.103668 0.774526 0
vt 0.128839 0.867443 0
vt 0.141285 0.870649 0
vt 0.161499 0.898491 0
vt 0.189828 0.898009 0
vt 0.265383 0.111871 0
vt 0.252973 0.12041 0
vt 0.257177 0.141859 0
vt 0.242216 0.133655 0
vt 0.2581 0.130542 0
vt 0.245138 0.125038 0
vt 0.232059 0.125407 0
vt 0.269712 0.137185 0
vt 0.368917 0.219579 0
vt 0.359909 0.219113 0
vt 0.350825 0.229554 0
vt 0.203241 0.106976 0
vt 0.194609 0.124706 0
vt 0.19362 0.104222 0
vt 0.195918 0.114377 0
vt 0.186067 0.118376 0
vt 0.179116 0.136683 0
vt 0.169731 0.115725 0
vt 0.185173 0.12851 0
vt 0.196634 0.143334 0
vt 0.173859 0.126457 0
vt 0.158359 0.140888 0
vt 0.158983 0.126019 0
vt 0.168144 0.135859 0
vt 0.172168 0.155721 0
vt 0.167355 0.146357 0
vt 0.153162 0.159571 0
vt 0.158395 0.150963 0
vt 0.140518 0.145991 0
vt 0.335997 0.179779 0
vt 0.333575 0.309988 0
vt 0.294303 0.527763 0
vt 0.304209 0.383425 0
vt 0.314646 0.376663 0
vt 0.305197 0.361095 0
vt 0.349643 0.329784 0
vt 0.330403 0.333245 0
vt 0.326876 0.342863 0
vt 0.315259 0.341919 0
vt 0.327208 0.320964 0
vt 0.310797 0.351806 0
vt 0.300023 0.329619 0
vt 0.309558 0.333394 0
vt 0.310779 0.316382 0
vt 0.321348 0.310231 0
vt 0.318065 0.322001 0
vt 0.30516 0.29457 0
vt 0.327031 0.288436 0
vt 0.311045 0.304683 0
vt 0.327263 0.300135 0
vt 0.290174 0.31006 0
vt 0.316933 0.294488 0
vt 0.339138 0.294047 0
vt 0.299852 0.304428 0
vt 0.311252 0.273561 0
vt 0.285029 0.290089 0
vt 0.317044 0.283223 0
vt 0.294463 0.295168 0
vt 0.296751 0.279619 0
vt 0.32697 0.270707 0
vt 0.419424 0.18193 0
vt 0.427867 0.191543 0
vt 0.446821 0.203888 0
vt 0.433378 0.210147 0
vt 0.457779 0.204455 0
vt 0.416474 0.234968 0
vt 0.417979 0.219044 0
vt 0.449732 0.219943 0
vt 0.442798 0.21297 0
vt 0.440311 0.169987 0
vt 0.232693 0.6049 0
vt 0.237068 0.595882 0
vt 0.294125 0.614488 0
vt 0.281 0.622991 0
vt 0.285427 0.644451 0
vt 0.269419 0.636567 0
vt 0.28624 0.633096 0
vt 0.272809 0.627731 0
vt 0.263336 0.629164 0
vt 0.253255 0.643648 0
vt 0.296316 0.639524 0
vt 0.315138 0.65094 0
vt 0.307337 0.642578 0
vt 0.315574 0.635066 0
vt 0.297736 0.659353 0
vt 0.333316 0.641283 0
vt 0.294331 0.649631 0
vt 0.282858 0.659108 0
vt 0.305134 0.652452 0
vt 0.312576 0.667846 0
vt 0.32541 0.63542 0
vt 0.337514 0.626062 0
vt 0.323969 0.645626 0
vt 0.336015 0.659321 0
vt 0.324815 0.657027 0
vt 0.327501 0.672397 0
vt 0.37102 0.654755 0
vt 0.366058 0.644318 0
vt 0.358157 0.675788 0
vt 0.358157 0.663666 0
vt 0.347667 0.658532 0
vt 0.34119 0.649326 0
vt 0.331872 0.650771 0
vt 0.373197 0.714641 0
vt 0.358157 0.706805 0
vt 0.352838 0.717663 0
vt 0.330734 0.720368 0
vt 0.342167 0.722133 0
vt 0.333322 0.741519 0
vt 0.338536 0.70774 0
vt 0.335011 0.730578 0
vt 0.314771 0.733055 0
vt 0.324542 0.728962 0
vt 0.312401 0.713688 0
vt 0.320625 0.719613 0
vt 0.324345 0.70578 0
vt 0.358157 0.782002 0
vt 0.36828 0.783403 0
vt 0.349533 0.814946 0
vt 0.330784 0.867606 0
vt 0.333096 0.806726 0
vt 0.351564 0.851405 0
vt 0.347585 0.859724 0
vt 0.338452 0.860326 0
vt 0.308931 0.820548 0
vt 0.301783 0.827657 0
vt 0.32876 0.766759 0
vt 0.36898 0.759554 0
vt 0.36664 0.74825 0
vt 0.353953 0.743014 0
vt 0.358157 0.766693 0
vt 0.34449 0.761387 0
vt 0.328344 0.477628 0
vt 0.331401 0.466507 0
vt 0.341081 0.466928 0
vt 0.336817 0.453492 0
vt 0.322976 0.462153 0
vt 0.326309 0.452089 0
vt 0.318507 0.445494 0
vt 0.308537 0.44848 0
vt 0.32607 0.434864 0
vt 0.44506 0.766747 0
vt 0.437403 0.760921 0
vt 0.426798 0.764553 0
vt 0.424414 0.778977 0
vt 0.399714 0.781384 0
vt 0.437447 0.835948 0
vt 0.447522 0.828687 0
vt 0.445655 0.8414 0
vt 0.457205 0.829082 0
vt 0.452734 0.819809 0
vt 0.436066 0.805659 0
vt 0.0459206 0.202108 0
vt 0.0324501 0.285927 0
vt 0.120521 0.190646 0
vt 0.131827 0.173907 0
vt 0.154805 0.22688 0
vt 0.174723 0.232922 0
vt 0.160234 0.244833 0
vt 0.165616 0.227092 0
vt 0.154683 0.236714 0
vt 0.148965 0.246581 0
vt 0.179984 0.214116 0
vt 0.165799 0.236834 0
vt 0.177196 0.250698 0
vt 0.157698 0.265684 0
vt 0.174783 0.2228 0
vt 0.192778 0.227677 0
vt 0.156025 0.254901 0
vt 0.166743 0.253468 0
vt 0.147222 0.261788 0
vt 0.176818 0.270385 0
vt 0.146989 0.278444 0
vt 0.174196 0.260488 0
vt 0.192836 0.260845 0
vt 0.138922 0.270001 0
vt 0.137059 0.279856 0
vt 0.127218 0.282537 0
vt 0.129994 0.265914 0
vt 0.163986 0.346632 0
vt 0.24661 0.389635 0
vt 0.241646 0.406544 0
vt 0.235118 0.329717 0
vt 0.130015 0.315444 0
vt 0.124256 0.337281 0
vt 0.126352 0.326156 0
vt 0.148585 0.361745 0
vt 0.154491 0.35236 0
vt 0.148646 0.371164 0
vt 0.149897 0.336635 0
vt 0.127277 0.372039 0
vt 0.268062 0.447847 0
vt 0.290677 0.490896 0
vt 0.259221 0.464339 0
vt 0.290559 0.465208 0
vt 0.294255 0.449358 0
vt 0.203965 0.577089 0
vt 0.203036 0.547004 0
vt 0.162669 0.534502 0
vt 0.0368371 0.780846 0
vt 0.0385385 0.770317 0
vt 0.0532149 0.807378 0
vt 0.0576007 0.797963 0
vt 0.0797607 0.810878 0
vt 0.0841305 0.818447 0
vt 0.0797646 0.826009 0
vt 0.0702615 0.826454 0
vt 0.14696 0.643274 0
vt 0.14051 0.696342 0
vt 0.139341 0.722969 0
vt 0.11858 0.759145 0
vt 0.0971121 0.759554 0
vt 0.107118 0.764094 0
vt 0.196087 0.662698 0
vt 0.152459 0.701688 0
vt 0.15422 0.717457 0
vt 0.172305 0.703257 0
vt 0.219227 0.549094 0
vt 0.262463 0.884564 0
vt 0.273238 0.869324 0
vt 0.272555 0.88027 0
vt 0.233571 0.862681 0
vt 0.240364 0.855306 0
vt 0.237206 0.837109 0
vt 0.258758 0.85696 0
vt 0.221938 0.857263 0
vt 0.222327 0.844918 0
vt 0.231807 0.844901 0
vt 0.22705 0.835838 0
vt 0.241367 0.845759 0
vt 0.209966 0.832719 0
vt 0.23438 0.818471 0
vt 0.254098 0.834308 0
vt 0.249979 0.85149 0
vt 0.260205 0.844857 0
vt 0.21178 0.843242 0
vt 0.203742 0.850132 0
vt 0.201759 0.839552 0
vt 0.265174 0.834938 0
vt 0.274872 0.852748 0
vt 0.275087 0.831735 0
vt 0.282087 0.842314 0
vt 0.27177 0.842892 0
vt 0.295094 0.839231 0
vt 0.292489 0.857218 0
vt 0.284513 0.851703 0
vt 0.282647 0.862927 0
vt 0.294494 0.872014 0
vt 0.282904 0.873423 0
vt 0.153638 0.858854 0
vt 0.149567 0.866957 0
vt 0.143795 0.826167 0
vt 0.110831 0.796643 0
vt 0.107774 0.785414 0
vt 0.101081 0.793267 0
vt 0.128042 0.781572 0
vt 0.130554 0.767303 0
vt 0.141672 0.776615 0
vt 0.153852 0.800132 0
vt 0.156317 0.839878 0
vt 0.172984 0.805138 0
vt 0.166575 0.7947 0
vt 0.168426 0.772216 0
vt 0.16433 0.783197 0
vt 0.153356 0.778682 0
vt 0.180708 0.783052 0
vt 0.151178 0.756935 0
vt 0.1492 0.768116 0
vt 0.14018 0.760755 0
vt 0.16007 0.764273 0
vt 0.140636 0.744327 0
vt 0.168632 0.744841 0
vt 0.16161 0.753349 0
vt 0.152849 0.744827 0
vt 0.176626 0.758589 0
vt 0.147207 0.73321 0
vt 0.30007 0.178333 0
vt 0.232585 0.116266 0
vt 0.222247 0.120257 0
vt 0.218023 0.140227 0
vt 0.212394 0.128605 0
vt 0.222951 0.130837 0
vt 0.231274 0.141194 0
vt 0.269959 0.12844 0
vt 0.282681 0.139793 0
vt 0.358647 0.233563 0
vt 0.352289 0.239824 0
vt 0.349174 0.24829 0
vt 0.334195 0.255478 0
vt 0.326355 0.222413 0
vt 0.146461 0.132941 0
vt 0.160178 0.116508 0
vt 0.147329 0.119724 0
vt 0.33244 0.170772 0
vt 0.34468 0.171145 0
vt 0.323757 0.179406 0
vt 0.346892 0.16098 0
vt 0.348576 0.183747 0
vt 0.312153 0.173569 0
vt 0.329479 0.192611 0
vt 0.343563 0.310674 0
vt 0.311286 0.367514 0
vt 0.316893 0.359872 0
vt 0.337131 0.28251 0
vt 0.348072 0.296231 0
vt 0.431469 0.220118 0
vt 0.424068 0.202787 0
vt 0.424251 0.212124 0
vt 0.415859 0.207619 0
vt 0.246897 0.595808 0
vt 0.272848 0.649799 0
vt 0.289862 0.685605 0
vt 0.348224 0.709044 0
vt 0.339597 0.695728 0
vt 0.331049 0.685359 0
vt 0.330763 0.711662 0
vt 0.318341 0.876196 0
vt 0.322365 0.774885 0
vt 0.314479 0.762099 0
vt 0.368101 0.738781 0
vt 0.358157 0.735059 0
vt 0.343932 0.738199 0
vt 0.344531 0.749785 0
vt 0.333714 0.755548 0
vt 0.339423 0.772074 0
vt 0.331489 0.777089 0
vt 0.34712 0.448632 0
vt 0.334704 0.432534 0
vt 0.330879 0.443411 0
vt 0.434156 0.78004 0
vt 0.417505 0.785381 0
vt 0.412502 0.79389 0
vt 0.418837 0.770646 0
vt 0.46159 0.818447 0
vt 0.126956 0.181119 0
vt 0.122188 0.172941 0
vt 0.13661 0.182389 0
vt 0.111737 0.173383 0
vt 0.145779 0.171628 0
vt 0.110932 0.16428 0
vt 0.115003 0.156036 0
vt 0.115218 0.146738 0
vt 0.128429 0.152712 0
vt 0.107006 0.141647 0
vt 0.233109 0.297401 0
vt 0.164667 0.357768 0
vt 0.180531 0.351209 0
vt 0.141727 0.30418 0
vt 0.118334 0.322637 0
vt 0.12845 0.363214 0
vt 0.205 0.555898 0
vt 0.193705 0.553727 0
vt 0.187319 0.541727 0
vt 0.153546 0.535237 0
vt 0.14403 0.531851 0
vt 0.136987 0.713421 0
vt 0.129263 0.720389 0
vt 0.186922 0.657844 0
vt 0.195313 0.649971 0
vt 0.185928 0.6708 0
vt 0.203949 0.655833 0
vt 0.219916 0.66654 0
vt 0.207486 0.667817 0
vt 0.213442 0.658935 0
vt 0.221813 0.652569 0
vt 0.233884 0.661323 0
vt 0.215705 0.686691 0
vt 0.198431 0.67273 0
vt 0.207673 0.678962 0
vt 0.217689 0.67659 0
vt 0.230739 0.67421 0
vt 0.225674 0.683404 0
vt 0.244505 0.687786 0
vt 0.235707 0.682939 0
vt 0.226516 0.702719 0
vt 0.246241 0.671166 0
vt 0.223371 0.69318 0
vt 0.234998 0.694635 0
vt 0.213337 0.701777 0
vt 0.204858 0.689926 0
vt 0.251892 0.708064 0
vt 0.245339 0.698967 0
vt 0.264742 0.691898 0
vt 0.237986 0.711173 0
vt 0.256037 0.698169 0
vt 0.271506 0.710465 0
vt 0.262038 0.706498 0
vt 0.259741 0.725267 0
vt 0.164098 0.714331 0
vt 0.171715 0.728791 0
vt 0.161946 0.7247 0
vt 0.163177 0.735472 0
vt 0.212017 0.541192 0
vt 0.228049 0.550443 0
vt 0.304615 0.837014 0
vt 0.295971 0.882753 0
vt 0.306105 0.875889 0
vt 0.303885 0.863207 0
vt 0.305526 0.885947 0
vt 0.145952 0.785884 0
vt 0.136964 0.734656 0
vt 0.148275 0.724248 0
vt 0.206847 0.138466 0
vt 0.209594 0.157374 0
vt 0.198321 0.133726 0
vt 0.20529 0.148346 0
vt 0.192878 0.159803 0
vt 0.204456 0.122298 0
vt 0.244058 0.14804 0
vt 0.271594 0.161376 0
vt 0.337583 0.229434 0
vt 0.149023 0.141985 0
vt 0.14828 0.15144 0
vt 0.141767 0.160882 0
vt 0.136893 0.136462 0
vt 0.143319 0.108949 0
vt 0.136288 0.116728 0
vt 0.356979 0.188087 0
vt 0.311434 0.189451 0
vt 0.301269 0.163667 0
vt 0.337782 0.188757 0
vt 0.333227 0.208069 0
vt 0.263546 0.645149 0
vt 0.26087 0.662133 0
vt 0.290097 0.671369 0
vt 0.308029 0.694112 0
vt 0.328791 0.695928 0
vt 0.318229 0.69709 0
vt 0.316882 0.682748 0
vt 0.3277 0.876446 0
vt 0.319552 0.864643 0
vt 0.315488 0.854436 0
vt 0.300745 0.76762 0
vt 0.320714 0.748891 0
vt 0.159079 0.171483 0
vt 0.147337 0.182242 0
vt 0.130794 0.163203 0
vt 0.233975 0.311323 0
vt 0.179234 0.360484 0
vt 0.190505 0.357332 0
vt 0.195652 0.337761 0
vt 0.20037 0.349464 0
vt 0.190123 0.346769 0
vt 0.177978 0.333113 0
vt 0.207373 0.339838 0
vt 0.139607 0.313696 0
vt 0.157537 0.312697 0
vt 0.14884 0.318015 0
vt 0.160133 0.326714 0
vt 0.133426 0.307269 0
vt 0.132927 0.298352 0
vt 0.178817 0.545578 0
vt 0.177046 0.53444 0
vt 0.181852 0.679124 0
vt 0.177068 0.669917 0
vt 0.242814 0.651657 0
vt 0.237786 0.669102 0
vt 0.243584 0.661326 0
vt 0.252506 0.655751 0
vt 0.205023 0.71606 0
vt 0.19619 0.689717 0
vt 0.247375 0.720517 0
vt 0.179942 0.721843 0
vt 0.195784 0.733777 0
vt 0.183182 0.734024 0
vt 0.189546 0.725576 0
vt 0.189778 0.748941 0
vt 0.174593 0.737665 0
vt 0.182098 0.74342 0
vt 0.208356 0.533198 0
vt 0.302536 0.851937 0
vt 0.146688 0.79479 0
vt 0.223704 0.153664 0
vt 0.24837 0.140177 0
vt 0.267184 0.14955 0
vt 0.279381 0.151737 0
vt 0.254831 0.160892 0
vt 0.293035 0.149081 0
vt 0.286222 0.165229 0
vt 0.257665 0.15158 0
vt 0.328278 0.241466 0
vt 0.344283 0.220716 0
vt 0.36616 0.188815 0
vt 0.320903 0.188485 0
vt 0.319046 0.203324 0
vt 0.303787 0.152958 0
vt 0.310245 0.164734 0
vt 0.335274 0.19939 0
vt 0.342805 0.205747 0
vt 0.271897 0.660858 0
vt 0.278928 0.669695 0
vt 0.267544 0.671538 0
vt 0.275236 0.682969 0
vt 0.256881 0.672034 0
vt 0.262652 0.681238 0
vt 0.252403 0.681254 0
vt 0.301418 0.67013 0
vt 0.318821 0.674115 0
vt 0.309991 0.676666 0
vt 0.321308 0.665392 0
vt 0.299882 0.681036 0
vt 0.311304 0.868444 0
vt 0.309238 0.768903 0
vt 0.303682 0.775742 0
vt 0.274561 0.769999 0
vt 0.323608 0.758333 0
vt 0.300626 0.747484 0
vt 0.323438 0.739082 0
vt 0.163518 0.161853 0
vt 0.178714 0.174122 0
vt 0.16923 0.170324 0
vt 0.169832 0.182559 0
vt 0.188972 0.193813 0
vt 0.165291 0.19194 0
vt 0.177207 0.191918 0
vt 0.184585 0.183581 0
vt 0.181513 0.202652 0
vt 0.191582 0.172686 0
vt 0.198989 0.209833 0
vt 0.172975 0.207347 0
vt 0.197424 0.184133 0
vt 0.188923 0.209475 0
vt 0.210715 0.30688 0
vt 0.253656 0.303112 0
vt 0.150725 0.327248 0
vt 0.173704 0.316951 0
vt 0.160207 0.337031 0
vt 0.240237 0.640363 0
vt 0.206066 0.707105 0
vt 0.215812 0.712778 0
vt 0.196995 0.710587 0
vt 0.2161 0.733105 0
vt 0.213022 0.722983 0
vt 0.227588 0.721481 0
vt 0.205851 0.730693 0
vt 0.207173 0.74806 0
vt 0.175961 0.749777 0
vt 0.215041 0.149407 0
vt 0.234033 0.151402 0
vt 0.24257 0.160228 0
vt 0.23111 0.16277 0
vt 0.241346 0.181814 0
vt 0.219129 0.164951 0
vt 0.238914 0.170848 0
vt 0.206118 0.171536 0
vt 0.251797 0.173743 0
vt 0.225544 0.179566 0
vt 0.287332 0.156186 0
vt 0.294372 0.170485 0
vt 0.283309 0.184509 0
vt 0.285685 0.175008 0
vt 0.27077 0.176326 0
vt 0.328267 0.231844 0
vt 0.311215 0.236675 0
vt 0.318241 0.228967 0
vt 0.301064 0.220365 0
vt 0.314483 0.216015 0
vt 0.308439 0.227088 0
vt 0.292832 0.236801 0
vt 0.283613 0.678382 0
vt 0.280143 0.697636 0
vt 0.288002 0.77265 0
vt 0.310396 0.752096 0
vt 0.30185 0.757545 0
vt 0.290944 0.761447 0
vt 0.309276 0.741815 0
vt 0.294903 0.729316 0
vt 0.304544 0.732743 0
vt 0.303264 0.721068 0
vt 0.287992 0.713949 0
vt 0.300133 0.707846 0
vt 0.169606 0.215574 0
vt 0.202099 0.196746 0
vt 0.223127 0.30501 0
vt 0.218423 0.315915 0
vt 0.213605 0.283942 0
vt 0.204681 0.319834 0
vt 0.221804 0.292922 0
vt 0.203029 0.330239 0
vt 0.189683 0.324529 0
vt 0.210316 0.295179 0
vt 0.235396 0.275121 0
vt 0.189772 0.301737 0
vt 0.231111 0.285938 0
vt 0.200969 0.301355 0
vt 0.22331 0.27659 0
vt 0.248456 0.286552 0
vt 0.195728 0.31202 0
vt 0.194757 0.283556 0
vt 0.208736 0.267434 0
vt 0.239638 0.290357 0
vt 0.243356 0.300351 0
vt 0.245824 0.311739 0
vt 0.184131 0.31187 0
vt 0.204109 0.287262 0
vt 0.202949 0.276538 0
vt 0.195094 0.293422 0
vt 0.179073 0.28903 0
vt 0.214292 0.274768 0
vt 0.22121 0.263755 0
vt 0.256395 0.313466 0
vt 0.272299 0.303721 0
vt 0.262886 0.30621 0
vt 0.26281 0.291141 0
vt 0.271245 0.318778 0
vt 0.192243 0.272332 0
vt 0.177264 0.30141 0
vt 0.18469 0.279917 0
vt 0.160113 0.292582 0
vt 0.170202 0.294056 0
vt 0.166204 0.304963 0
vt 0.167043 0.280413 0
vt 0.164618 0.318634 0
vt 0.170752 0.326378 0
vt 0.248788 0.633911 0
vt 0.245137 0.744812 0
vt 0.225345 0.712198 0
vt 0.237485 0.721066 0
vt 0.243073 0.732371 0
vt 0.232918 0.730357 0
vt 0.254815 0.736814 0
vt 0.275972 0.739015 0
vt 0.261803 0.755124 0
vt 0.265733 0.734647 0
vt 0.255213 0.74715 0
vt 0.265638 0.745244 0
vt 0.246717 0.760881 0
vt 0.276726 0.755233 0
vt 0.272771 0.723547 0
vt 0.199079 0.723736 0
vt 0.201875 0.162987 0
vt 0.216052 0.175017 0
vt 0.214891 0.189616 0
vt 0.277357 0.169191 0
vt 0.262533 0.202645 0
vt 0.262053 0.169381 0
vt 0.323943 0.21225 0
vt 0.303462 0.204887 0
vt 0.281707 0.688958 0
vt 0.288844 0.694724 0
vt 0.298333 0.691167 0
vt 0.287205 0.704283 0
vt 0.287698 0.782853 0
vt 0.270643 0.787143 0
vt 0.312248 0.723961 0
vt 0.309457 0.704069 0
vt 0.19411 0.20166 0
vt 0.187308 0.333562 0
vt 0.182248 0.341544 0
vt 0.172332 0.34127 0
vt 0.180206 0.323878 0
vt 0.208824 0.244745 0
vt 0.254017 0.293902 0
vt 0.263767 0.263402 0
vt 0.279499 0.31179 0
vt 0.283254 0.301192 0
vt 0.286946 0.323945 0
vt 0.266637 0.32788 0
vt 0.27709 0.327455 0
vt 0.286466 0.338191 0
vt 0.156706 0.282584 0
vt 0.147322 0.29136 0
vt 0.166701 0.270301 0
vt 0.269216 0.761674 0
vt 0.25748 0.775087 0
vt 0.259593 0.765095 0
vt 0.281586 0.763487 0
vt 0.278873 0.716355 0
vt 0.285811 0.724167 0
vt 0.285777 0.734828 0
vt 0.294738 0.739354 0
vt 0.285057 0.746719 0
vt 0.205734 0.188226 0
vt 0.23123 0.196265 0
vt 0.216204 0.207011 0
vt 0.255184 0.18893 0
vt 0.260784 0.179917 0
vt 0.270271 0.190618 0
vt 0.311626 0.207822 0
vt 0.310314 0.198649 0
vt 0.29849 0.192543 0
vt 0.212174 0.256102 0
vt 0.202739 0.259428 0
vt 0.196058 0.248057 0
vt 0.229483 0.244824 0
vt 0.222515 0.253052 0
vt 0.237795 0.258927 0
vt 0.259377 0.277136 0
vt 0.296888 0.318939 0
vt 0.275162 0.341417 0
vt 0.290147 0.347286 0
vt 0.296686 0.339348 0
vt 0.224578 0.189213 0
vt 0.221604 0.198683 0
vt 0.22949 0.20971 0
vt 0.207007 0.204825 0
vt 0.20899 0.216924 0
vt 0.199328 0.219953 0
vt 0.208044 0.230829 0
vt 0.262258 0.193966 0
vt 0.253642 0.198583 0
vt 0.250886 0.216375 0
vt 0.244746 0.192213 0
vt 0.2421 0.205306 0
vt 0.28281 0.207188 0
vt 0.292909 0.18473 0
vt 0.287889 0.194216 0
vt 0.187078 0.252594 0
vt 0.184244 0.240658 0
vt 0.184016 0.231212 0
vt 0.247529 0.274436 0
vt 0.241063 0.267686 0
vt 0.231491 0.266268 0
vt 0.251167 0.258927 0
vt 0.276527 0.27505 0
vt 0.302904 0.312609 0
vt 0.22331 0.224882 0
vt 0.218663 0.216382 0
vt 0.219182 0.237185 0
vt 0.273504 0.201201 0
vt 0.269989 0.21689 0
vt 0.292869 0.203646 0
vt 0.291161 0.214851 0
vt 0.291517 0.225863 0
vt 0.275782 0.233303 0
vt 0.281039 0.22069 0
vt 0.194194 0.237903 0
vt 0.255034 0.268015 0
vt 0.24448 0.245486 0
vt 0.268704 0.282273 0
vt 0.273994 0.292182 0
vt 0.267473 0.272155 0
vt 0.275151 0.263744 0
vt 0.269916 0.248409 0
vt 0.288788 0.267822 0
vt 0.217541 0.245813 0
vt 0.203021 0.23809 0
vt 0.236766 0.250032 0
vt 0.237589 0.231389 0
vt 0.260289 0.253218 0
vt 0.258315 0.237227 0
vt 0.286499 0.277953 0
vt 0.286178 0.251707 0
vt 0.300596 0.268438 0
vt 0.313559 0.255115 0
vt 0.309312 0.263951 0
vt 0.299216 0.25505 0
vt 0.319619 0.263467 0
vt 0.3239 0.253986 0
vt 0.31771 0.245219 0
vt 0.237195 0.240314 0
vt 0.229199 0.23549 0
vt 0.245585 0.236213 0
vt 0.24641 0.225806 0
vt 0.236262 0.219532 0
vt 0.258073 0.225564 0
vt 0.266142 0.231231 0
vt 0.28358 0.260397 0
vt 0.276453 0.254738 0
vt 0.278947 0.245622 0
vt 0.283738 0.237825 0
vt 0.294468 0.24647 0
vt 0.302047 0.240215 0
vt 0.24269 0.213859 0
vt 0.306416 0.248736 0
vt 0.0793366 0.968813 0
vt 0.389651 0.03119 0
vt 0.215979 0.0275493 0
vt 0.253049 0.972557 0
vt 0.0515813 0.131485 0
vt 0.0569367 0.607548 0
vt 0.0515813 0.723004 0
vt 0.0412222 0.907759 0
vt 0.170412 0.989012 0
vt 0.33871 0.402991 0
vt 0.394234 0.439958 0
vt 0.429481 0.131485 0
vt 0.434832 0.344378 0
vt 0.339851 0.577722 0
vt 0.357799 0.457795 0
vt 0.284225 0.989012 0
vt 0.267164 0.980588 0
vt 0.36743 0.88807 0
vt 0.429481 0.723004 0
vt 0.419122 0.907759 0
vt 0.0438241 0.0944084 0
vt 0.0438241 0.685927 0
vt 0.0388845 0.867495 0
vt 0.0998133 0.655392 0
vt 0.346084 0.0662655 0
vt 0.421724 0.0944084 0
vt 0.42431 0.301031 0
vt 0.421724 0.685927 0
vt 0.416784 0.867495 0
vt 0.0700337 0.025009 0
vt 0.159299 0.438312 0
vt 0.219656 0.44274 0
vt 0.160109 0.452687 0
vt 0.169124 0.451524 0
vt 0.156973 0.464233 0
vt 0.15042 0.456254 0
vt 0.164532 0.470961 0
vt 0.156636 0.478281 0
vt 0.172888 0.473541 0
vt 0.148693 0.473927 0
vt 0.160728 0.489372 0
vt 0.0496854 0.743128 0
vt 0.101164 0.874722 0
vt 0.332032 0.117047 0
vt 0.333992 0.134041 0
vt 0.324565 0.552238 0
vt 0.33008 0.561072 0
vt 0.323581 0.568565 0
vt 0.319875 0.560148 0
vt 0.344292 0.371874 0
vt 0.427585 0.743128 0
vt 0.0527822 0.260602 0
vt 0.123703 0.608209 0
vt 0.124238 0.885082 0
vt 0.14102 0.881715 0
vt 0.190852 0.883771 0
vt 0.288285 0.126939 0
vt 0.322425 0.61647 0
vt 0.322554 0.606247 0
vt 0.233434 0.619184 0
vt 0.368334 0.798893 0
vt 0.321038 0.82564 0
vt 0.297262 0.792212 0
vt 0.308733 0.461375 0
vt 0.195111 0.36999 0
vt 0.249004 0.329468 0
vt 0.252873 0.375556 0
vt 0.27744 0.378838 0
vt 0.0558064 0.780123 0
vt 0.250704 0.885763 0
vt 0.164884 0.106699 0
vt 0.174617 0.107335 0
vt 0.306437 0.284011 0
vt 0.345315 0.613999 0
vt 0.338861 0.607821 0
vt 0.34877 0.606118 0
vt 0.356279 0.616472 0
vt 0.35352 0.626535 0
vt 0.345622 0.622751 0
vt 0.344471 0.631516 0
vt 0.343302 0.640508 0
vt 0.351229 0.647069 0
vt 0.339207 0.67071 0
vt 0.337481 0.679344 0
vt 0.348404 0.786339 0
vt 0.0559555 0.205645 0
vt 0.141544 0.341959 0
vt 0.125854 0.748518 0
vt 0.130769 0.757269 0
vt 0.252934 0.866004 0
vt 0.263311 0.866289 0
vt 0.264974 0.875237 0
vt 0.200716 0.825284 0
vt 0.207574 0.812308 0
vt 0.19892 0.808133 0
vt 0.192167 0.801176 0
vt 0.189359 0.790267 0
vt 0.197823 0.771323 0
vt 0.190919 0.779601 0
vt 0.182071 0.770253 0
vt 0.205066 0.784381 0
vt 0.188042 0.760363 0
vt 0.198864 0.756165 0
vt 0.215513 0.764923 0
vt 0.208608 0.757844 0
vt 0.222974 0.75074 0
vt 0.198388 0.790461 0
vt 0.224519 0.796711 0
vt 0.208726 0.773813 0
vt 0.225195 0.77935 0
vt 0.215153 0.781957 0
vt 0.212683 0.793874 0
vt 0.216321 0.804808 0
vt 0.227873 0.808305 0
vt 0.24675 0.796562 0
vt 0.219765 0.82066 0
vt 0.235656 0.799772 0
vt 0.232809 0.788339 0
vt 0.24456 0.809772 0
vt 0.239851 0.774655 0
vt 0.22804 0.826026 0
vt 0.209975 0.821877 0
vt 0.262987 0.806041 0
vt 0.247008 0.822943 0
vt 0.253062 0.804396 0
vt 0.259158 0.793023 0
vt 0.256285 0.81571 0
vt 0.245047 0.83206 0
vt 0.250111 0.784823 0
vt 0.241917 0.788828 0
vt 0.261655 0.783743 0
vt 0.258152 0.825357 0
vt 0.176093 0.791851 0
vt 0.341859 0.262174 0
vt 0.196755 0.539667 0
vt 0.13372 0.533906 0
vt 0.138923 0.523477 0
vt 0.184384 0.149203 0
vt 0.176294 0.145239 0
vt 0.127966 0.142142 0
vt 0.335943 0.246485 0
vt 0.334955 0.217715 0
vt 0.198223 0.743514 0
vt 0.270356 0.700368 0
vt 0.153148 0.301912 0
vt 0.277856 0.779772 0
vt 0.275639 0.799313 0
vt 0.266752 0.797862 0
vt 0.292589 0.752249 0
vt 0.260542 0.212761 0
vt 0.254089 0.245866 0
vt 0.216115 0.743256 0
vt 0.22556 0.738166 0
vt 0.235727 0.740375 0
vt 0.235479 0.753098 0
vt 0.227311 0.762075 0
vt 0.223059 0.770321 0
vt 0.219244 0.830248 0
vt 0.248773 0.770504 0
vt 0.237215 0.764742 0
vt 0.124282 0.824675 0
vt 0.279047 0.445358 0
vt 0.355906 0.171225 0
vt 0.181539 0.162752 0
vt 0.270557 0.813728 0
# 4695 texture coords
s 1
g Garment
usemtl uniform_1001
f 80/80/80 41/41/41 79/79/79
f 42/42/42 43/43/43 79/79/79
f 80/80/80 40/40/40 41/41/41
f 44/44/44 45/45/45 82/82/82
f 44/44/44 184/184/184 43/43/43
f 41/41/41 42/42/42 79/79/79
f 81/81/81 38/38/38 39/39/39
f 47/47/47 103/103/103 46/46/46
f 83/83/83 1/1/1 82/82/82
f 105/105/105 47/47/47 48/48/48
f 110/110/110 109/109/109 49/49/49
f 1/1/1 44/44/44 82/82/82
f 47/47/47 105/105/105 103/103/103
f 44/44/44 1/1/1 184/184/184
f 84/84/84 82/82/82 45/45/45
f 80/80/80 81/81/81 39/39/39
f 102/102/102 36/36/36 37/37/37
f 50/50/50 174/174/174 113/113/113
f 52/52/52 116/116/116 114/114/114
f 114/114/114 87/87/87 115/115/115
f 81/81/81 79/79/79 184/184/184
f 53/53/53 54/54/54 121/121/121
f 81/81/81 80/80/80 79/79/79
f 37/37/37 83/83/83 102/102/102
f 35/35/35 36/36/36 106/106/106
f 122/122/122 121/121/121 54/54/54
f 33/33/33 34/34/34 111/111/111
f 57/57/57 126/126/126 56/56/56
f 128/128/128 126/126/126 57/57/57
f 86/86/86 110/110/110 112/112/112
f 127/127/127 126/126/126 89/89/89
f 103/103/103 85/85/85 104/104/104
f 58/58/58 128/128/128 57/57/57
f 45/45/45 46/46/46 84/84/84
f 116/116/116 53/53/53 120/120/120
f 83/83/83 38/38/38 1/1/1
f 87/87/87 116/116/116 118/118/118
f 136/136/136 90/90/90 135/135/135
f 53/53/53 116/116/116 52/52/52
f 137/137/137 60/60/60 145/145/145
f 140/140/140 138/138/138 62/62/62
f 25/25/25 26/26/26 129/129/129
f 139/139/139 138/138/138 91/91/91
f 28/28/28 29/29/29 123/123/123
f 133/133/133 23/23/23 24/24/24
f 65/65/65 146/146/146 64/64/64
f 20/20/20 21/21/21 141/141/141
f 148/148/148 65/65/65 66/66/66
f 154/154/154 153/153/153 67/67/67
f 91/91/91 140/140/140 142/142/142
f 65/65/65 148/148/148 146/146/146
f 58/58/58 59/59/59 135/135/135
f 147/147/147 146/146/146 92/92/92
f 125/125/125 55/55/55 176/176/176
f 144/144/144 63/63/63 178/178/178
f 68/68/68 180/180/180 157/157/157
f 93/93/93 154/154/154 156/156/156
f 72/72/72 165/165/165 71/71/71
f 166/166/166 165/165/165 72/72/72
f 12/12/12 13/13/13 161/161/161
f 70/70/70 160/160/160 158/158/158
f 15/15/15 16/16/16 155/155/155
f 10/10/10 11/11/11 167/167/167
f 75/75/75 170/170/170 74/74/74
f 7/7/7 8/8/8 172/172/172
f 77/77/77 97/97/97 76/76/76
f 77/77/77 78/78/78 185/185/185
f 169/169/169 73/73/73 182/182/182
f 100/100/100 76/76/76 2/2/2
f 71/71/71 160/160/160 70/70/70
f 171/171/171 170/170/170 96/96/96
f 94/94/94 160/160/160 162/162/162
f 159/159/159 158/158/158 94/94/94
f 17/17/17 18/18/18 149/149/149
f 82/82/82 84/84/84 83/83/83
f 30/30/30 31/31/31 117/117/117
f 81/81/81 1/1/1 38/38/38
f 32/32/32 113/113/113 175/175/175
f 102/102/102 104/104/104 85/85/85
f 114/114/114 116/116/116 87/87/87
f 51/51/51 174/174/174 50/50/50
f 38/38/38 83/83/83 37/37/37
f 86/86/86 108/108/108 109/109/109
f 110/110/110 50/50/50 113/113/113
f 110/110/110 49/49/49 50/50/50
f 112/112/112 113/113/113 32/32/32
f 32/32/32 33/33/33 112/112/112
f 119/119/119 87/87/87 117/117/117
f 119/119/119 31/31/31 175/175/175
f 48/48/48 49/49/49 109/109/109
f 114/114/114 115/115/115 51/51/51
f 85/85/85 105/105/105 107/107/107
f 88/88/88 120/120/120 121/121/121
f 33/33/33 111/111/111 112/112/112
f 122/122/122 54/54/54 55/55/55
f 111/111/111 86/86/86 112/112/112
f 109/109/109 110/110/110 86/86/86
f 131/131/131 89/89/89 129/129/129
f 110/110/110 113/113/113 112/112/112
f 88/88/88 122/122/122 124/124/124
f 90/90/90 132/132/132 135/135/135
f 108/108/108 34/34/34 107/107/107
f 134/134/134 133/133/133 90/90/90
f 111/111/111 34/34/34 108/108/108
f 34/34/34 35/35/35 107/107/107
f 143/143/143 91/91/91 141/141/141
f 107/107/107 105/105/105 108/108/108
f 134/134/134 22/22/22 23/23/23
f 109/109/109 108/108/108 48/48/48
f 89/89/89 128/128/128 130/130/130
f 111/111/111 108/108/108 86/86/86
f 51/51/51 52/52/52 114/114/114
f 140/140/140 62/62/62 63/63/63
f 35/35/35 106/106/106 107/107/107
f 92/92/92 148/148/148 150/150/150
f 107/107/107 106/106/106 85/85/85
f 104/104/104 102/102/102 84/84/84
f 93/93/93 152/152/152 153/153/153
f 105/105/105 48/48/48 108/108/108
f 151/151/151 92/92/92 149/149/149
f 99/99/99 97/97/97 185/185/185
f 99/99/99 98/98/98 97/97/97
f 154/154/154 67/67/67 68/68/68
f 103/103/103 105/105/105 85/85/85
f 103/103/103 104/104/104 46/46/46
f 163/163/163 94/94/94 161/161/161
f 67/67/67 153/153/153 66/66/66
f 158/158/158 69/69/69 70/70/70
f 84/84/84 46/46/46 104/104/104
f 138/138/138 61/61/61 62/62/62
f 95/95/95 164/164/164 165/165/165
f 36/36/36 102/102/102 106/106/106
f 166/166/166 72/72/72 73/73/73
f 100/100/100 2/2/2 101/101/101
f 75/75/75 76/76/76 100/100/100
f 173/173/173 96/96/96 172/172/172
f 101/101/101 96/96/96 100/100/100
f 95/95/95 166/166/166 168/168/168
f 101/101/101 172/172/172 96/96/96
f 78/78/78 3/3/3 185/185/185
f 98/98/98 5/5/5 6/6/6
f 98/98/98 99/99/99 5/5/5
f 98/98/98 6/6/6 2/2/2
f 3/3/3 4/4/4 99/99/99
f 99/99/99 4/4/4 5/5/5
f 2/2/2 6/6/6 101/101/101
f 100/100/100 170/170/170 75/75/75
f 6/6/6 7/7/7 101/101/101
f 102/102/102 83/83/83 84/84/84
f 2/2/2 76/76/76 97/97/97
f 106/106/106 102/102/102 85/85/85
f 40/40/40 80/80/80 39/39/39
f 118/118/118 117/117/117 87/87/87
f 98/98/98 2/2/2 97/97/97
f 30/30/30 117/117/117 118/118/118
f 87/87/87 119/119/119 115/115/115
f 29/29/29 30/30/30 118/118/118
f 123/123/123 29/29/29 120/120/120
f 174/174/174 115/115/115 175/175/175
f 117/117/117 31/31/31 119/119/119
f 118/118/118 116/116/116 120/120/120
f 120/120/120 29/29/29 118/118/118
f 121/121/121 120/120/120 53/53/53
f 121/121/121 122/122/122 88/88/88
f 123/123/123 88/88/88 124/124/124
f 122/122/122 125/125/125 124/124/124
f 28/28/28 123/123/123 124/124/124
f 123/123/123 120/120/120 88/88/88
f 27/27/27 28/28/28 124/124/124
f 124/124/124 125/125/125 27/27/27
f 131/131/131 26/26/26 177/177/177
f 122/122/122 55/55/55 125/125/125
f 126/126/126 127/127/127 56/56/56
f 126/126/126 128/128/128 89/89/89
f 56/56/56 176/176/176 55/55/55
f 27/27/27 125/125/125 177/177/177
f 130/130/130 129/129/129 89/89/89
f 128/128/128 58/58/58 132/132/132
f 25/25/25 129/129/129 130/130/130
f 89/89/89 131/131/131 127/127/127
f 24/24/24 25/25/25 130/130/130
f 133/133/133 24/24/24 132/132/132
f 176/176/176 127/127/127 177/177/177
f 129/129/129 26/26/26 131/131/131
f 130/130/130 128/128/128 132/132/132
f 132/132/132 24/24/24 130/130/130
f 133/133/133 134/134/134 23/23/23
f 133/133/133 132/132/132 90/90/90
f 136/136/136 60/60/60 137/137/137
f 60/60/60 136/136/136 59/59/59
f 135/135/135 132/132/132 58/58/58
f 90/90/90 136/136/136 134/134/134
f 134/134/134 136/136/136 137/137/137
f 135/135/135 59/59/59 136/136/136
f 22/22/22 134/134/134 137/137/137
f 21/21/21 22/22/22 143/143/143
f 138/138/138 139/139/139 61/61/61
f 138/138/138 140/140/140 91/91/91
f 139/139/139 60/60/60 61/61/61
f 143/143/143 22/22/22 145/145/145
f 141/141/141 91/91/91 142/142/142
f 140/140/140 144/144/144 142/142/142
f 20/20/20 141/141/141 142/142/142
f 91/91/91 143/143/143 139/139/139
f 19/19/19 20/20/20 142/142/142
f 142/142/142 144/144/144 19/19/19
f 143/143/143 145/145/145 139/139/139
f 141/141/141 21/21/21 143/143/143
f 151/151/151 18/18/18 179/179/179
f 140/140/140 63/63/63 144/144/144
f 145/145/145 60/60/60 139/139/139
f 145/145/145 22/22/22 137/137/137
f 146/146/146 147/147/147 64/64/64
f 146/146/146 148/148/148 92/92/92
f 64/64/64 178/178/178 63/63/63
f 19/19/19 144/144/144 179/179/179
f 150/150/150 149/149/149 92/92/92
f 148/148/148 66/66/66 152/152/152
f 17/17/17 149/149/149 150/150/150
f 92/92/92 151/151/151 147/147/147
f 16/16/16 17/17/17 150/150/150
f 155/155/155 16/16/16 152/152/152
f 178/178/178 147/147/147 179/179/179
f 149/149/149 18/18/18 151/151/151
f 150/150/150 148/148/148 152/152/152
f 152/152/152 16/16/16 150/150/150
f 153/153/153 152/152/152 66/66/66
f 153/153/153 154/154/154 93/93/93
f 155/155/155 93/93/93 156/156/156
f 154/154/154 157/157/157 156/156/156
f 15/15/15 155/155/155 156/156/156
f 155/155/155 152/152/152 93/93/93
f 14/14/14 15/15/15 156/156/156
f 156/156/156 157/157/157 14/14/14
f 163/163/163 13/13/13 181/181/181
f 154/154/154 68/68/68 157/157/157
f 158/158/158 159/159/159 69/69/69
f 158/158/158 160/160/160 94/94/94
f 69/69/69 180/180/180 68/68/68
f 14/14/14 157/157/157 181/181/181
f 162/162/162 161/161/161 94/94/94
f 160/160/160 71/71/71 164/164/164
f 12/12/12 161/161/161 162/162/162
f 94/94/94 163/163/163 159/159/159
f 11/11/11 12/12/12 162/162/162
f 167/167/167 11/11/11 164/164/164
f 180/180/180 159/159/159 181/181/181
f 161/161/161 13/13/13 163/163/163
f 162/162/162 160/160/160 164/164/164
f 164/164/164 11/11/11 162/162/162
f 165/165/165 164/164/164 71/71/71
f 165/165/165 166/166/166 95/95/95
f 167/167/167 95/95/95 168/168/168
f 166/166/166 169/169/169 168/168/168
f 10/10/10 167/167/167 168/168/168
f 167/167/167 164/164/164 95/95/95
f 9/9/9 10/10/10 168/168/168
f 168/168/168 169/169/169 9/9/9
f 173/173/173 8/8/8 183/183/183
f 166/166/166 73/73/73 169/169/169
f 170/170/170 171/171/171 74/74/74
f 170/170/170 100/100/100 96/96/96
f 74/74/74 182/182/182 73/73/73
f 9/9/9 169/169/169 183/183/183
f 172/172/172 101/101/101 7/7/7
f 96/96/96 173/173/173 171/171/171
f 182/182/182 171/171/171 183/183/183
f 172/172/172 8/8/8 173/173/173
f 113/113/113 174/174/174 175/175/175
f 174/174/174 51/51/51 115/115/115
f 175/175/175 31/31/31 32/32/32
f 119/119/119 175/175/175 115/115/115
f 125/125/125 176/176/176 177/177/177
f 176/176/176 56/56/56 127/127/127
f 177/177/177 26/26/26 27/27/27
f 131/131/131 177/177/177 127/127/127
f 144/144/144 178/178/178 179/179/179
f 178/178/178 64/64/64 147/147/147
f 179/179/179 18/18/18 19/19/19
f 151/151/151 179/179/179 147/147/147
f 157/157/157 180/180/180 181/181/181
f 180/180/180 69/69/69 159/159/159
f 181/181/181 13/13/13 14/14/14
f 163/163/163 181/181/181 159/159/159
f 169/169/169 182/182/182 183/183/183
f 182/182/182 74/74/74 171/171/171
f 183/183/183 8/8/8 9/9/9
f 173/173/173 183/183/183 171/171/171
f 184/184/184 79/79/79 43/43/43
f 184/184/184 1/1/1 81/81/81
f 185/185/185 97/97/97 77/77/77
f 185/185/185 3/3/3 99/99/99
usemtl uniform_1001
f 265/265/265 224/224/224 264/264/264
f 225/225/225 226/226/226 264/264/264
f 265/265/265 223/223/223 224/224/224
f 227/227/227 228/228/228 267/267/267
f 227/227/227 369/369/369 226/226/226
f 224/224/224 225/225/225 264/264/264
f 266/266/266 221/221/221 222/222/222
f 230/230/230 288/288/288 229/229/229
f 268/268/268 263/263/263 267/267/267
f 290/290/290 230/230/230 231/231/231
f 295/295/295 294/294/294 232/232/232
f 263/263/263 227/227/227 267/267/267
f 230/230/230 290/290/290 288/288/288
f 227/227/227 263/263/263 369/369/369
f 269/269/269 267/267/267 228/228/228
f 265/265/265 266/266/266 222/222/222
f 287/287/287 219/219/219 220/220/220
f 233/233/233 359/359/359 298/298/298
f 235/235/235 301/301/301 299/299/299
f 299/299/299 272/272/272 300/300/300
f 266/266/266 264/264/264 369/369/369
f 236/236/236 237/237/237 306/306/306
f 266/266/266 265/265/265 264/264/264
f 220/220/220 268/268/268 287/287/287
f 218/218/218 219/219/219 291/291/291
f 307/307/307 306/306/306 237/237/237
f 216/216/216 217/217/217 296/296/296
f 240/240/240 311/311/311 239/239/239
f 313/313/313 311/311/311 240/240/240
f 271/271/271 295/295/295 297/297/297
f 312/312/312 311/311/311 274/274/274
f 288/288/288 270/270/270 289/289/289
f 241/241/241 313/313/313 240/240/240
f 228/228/228 229/229/229 269/269/269
f 301/301/301 236/236/236 305/305/305
f 268/268/268 221/221/221 263/263/263
f 272/272/272 301/301/301 303/303/303
f 321/321/321 275/275/275 320/320/320
f 236/236/236 301/301/301 235/235/235
f 322/322/322 243/243/243 330/330/330
f 325/325/325 323/323/323 245/245/245
f 208/208/208 209/209/209 314/314/314
f 324/324/324 323/323/323 276/276/276
f 211/211/211 212/212/212 308/308/308
f 318/318/318 206/206/206 207/207/207
f 248/248/248 331/331/331 247/247/247
f 203/203/203 204/204/204 326/326/326
f 333/333/333 248/248/248 249/249/249
f 339/339/339 338/338/338 250/250/250
f 276/276/276 325/325/325 327/327/327
f 248/248/248 333/333/333 331/331/331
f 241/241/241 242/242/242 320/320/320
f 332/332/332 331/331/331 277/277/277
f 310/310/310 238/238/238 361/361/361
f 329/329/329 246/246/246 363/363/363
f 251/251/251 365/365/365 342/342/342
f 278/278/278 339/339/339 341/341/341
f 255/255/255 350/350/350 254/254/254
f 351/351/351 350/350/350 255/255/255
f 195/195/195 196/196/196 346/346/346
f 253/253/253 345/345/345 343/343/343
f 198/198/198 199/199/199 340/340/340
f 193/193/193 194/194/194 352/352/352
f 258/258/258 355/355/355 257/257/257
f 190/190/190 191/191/191 357/357/357
f 260/260/260 282/282/282 259/259/259
f 260/260/260 261/261/261 370/370/370
f 354/354/354 256/256/256 367/367/367
f 285/285/285 259/259/259 262/262/262
f 254/254/254 345/345/345 253/253/253
f 356/356/356 355/355/355 281/281/281
f 279/279/279 345/345/345 347/347/347
f 344/344/344 343/343/343 279/279/279
f 200/200/200 201/201/201 334/334/334
f 267/267/267 269/269/269 268/268/268
f 213/213/213 214/214/214 302/302/302
f 266/266/266 263/263/263 221/221/221
f 215/215/215 298/298/298 360/360/360
f 287/287/287 289/289/289 270/270/270
f 299/299/299 301/301/301 272/272/272
f 234/234/234 359/359/359 233/233/233
f 221/221/221 268/268/268 220/220/220
f 271/271/271 293/293/293 294/294/294
f 295/295/295 233/233/233 298/298/298
f 295/295/295 232/232/232 233/233/233
f 297/297/297 298/298/298 215/215/215
f 215/215/215 216/216/216 297/297/297
f 304/304/304 272/272/272 302/302/302
f 304/304/304 214/214/214 360/360/360
f 231/231/231 232/232/232 294/294/294
f 299/299/299 300/300/300 234/234/234
f 270/270/270 290/290/290 292/292/292
f 273/273/273 305/305/305 306/306/306
f 216/216/216 296/296/296 297/297/297
f 307/307/307 237/237/237 238/238/238
f 296/296/296 271/271/271 297/297/297
f 294/294/294 295/295/295 271/271/271
f 316/316/316 274/274/274 314/314/314
f 295/295/295 298/298/298 297/297/297
f 273/273/273 307/307/307 309/309/309
f 275/275/275 317/317/317 320/320/320
f 293/293/293 217/217/217 292/292/292
f 319/319/319 318/318/318 275/275/275
f 296/296/296 217/217/217 293/293/293
f 217/217/217 218/218/218 292/292/292
f 328/328/328 276/276/276 326/326/326
f 292/292/292 290/290/290 293/293/293
f 319/319/319 205/205/205 206/206/206
f 294/294/294 293/293/293 231/231/231
f 274/274/274 313/313/313 315/315/315
f 296/296/296 293/293/293 271/271/271
f 234/234/234 235/235/235 299/299/299
f 325/325/325 245/245/245 246/246/246
f 218/218/218 291/291/291 292/292/292
f 277/277/277 333/333/333 335/335/335
f 292/292/292 291/291/291 270/270/270
f 289/289/289 287/287/287 269/269/269
f 278/278/278 337/337/337 338/338/338
f 290/290/290 231/231/231 293/293/293
f 336/336/336 277/277/277 334/334/334
f 284/284/284 282/282/282 370/370/370
f 284/284/284 283/283/283 282/282/282
f 339/339/339 250/250/250 251/251/251
f 288/288/288 290/290/290 270/270/270
f 288/288/288 289/289/289 229/229/229
f 348/348/348 279/279/279 346/346/346
f 250/250/250 338/338/338 249/249/249
f 343/343/343 252/252/252 253/253/253
f 269/269/269 229/229/229 289/289/289
f 323/323/323 244/244/244 245/245/245
f 280/280/280 349/349/349 350/350/350
f 219/219/219 287/287/287 291/291/291
f 351/351/351 255/255/255 256/256/256
f 285/285/285 262/262/262 286/286/286
f 258/258/258 259/259/259 285/285/285
f 358/358/358 281/281/281 357/357/357
f 286/286/286 281/281/281 285/285/285
f 280/280/280 351/351/351 353/353/353
f 286/286/286 357/357/357 281/281/281
f 261/261/261 186/186/186 370/370/370
f 283/283/283 188/188/188 189/189/189
f 283/283/283 284/284/284 188/188/188
f 283/283/283 189/189/189 262/262/262
f 186/186/186 187/187/187 284/284/284
f 284/284/284 187/187/187 188/188/188
f 262/262/262 189/189/189 286/286/286
f 285/285/285 355/355/355 258/258/258
f 189/189/189 190/190/190 286/286/286
f 287/287/287 268/268/268 269/269/269
f 262/262/262 259/259/259 282/282/282
f 291/291/291 287/287/287 270/270/270
f 223/223/223 265/265/265 222/222/222
f 303/303/303 302/302/302 272/272/272
f 283/283/283 262/262/262 282/282/282
f 213/213/213 302/302/302 303/303/303
f 272/272/272 304/304/304 300/300/300
f 212/212/212 213/213/213 303/303/303
f 308/308/308 212/212/212 305/305/305
f 359/359/359 300/300/300 360/360/360
f 302/302/302 214/214/214 304/304/304
f 303/303/303 301/301/301 305/305/305
f 305/305/305 212/212/212 303/303/303
f 306/306/306 305/305/305 236/236/236
f 306/306/306 307/307/307 273/273/273
f 308/308/308 273/273/273 309/309/309
f 307/307/307 310/310/310 309/309/309
f 211/211/211 308/308/308 309/309/309
f 308/308/308 305/305/305 273/273/273
f 210/210/210 211/211/211 309/309/309
f 309/309/309 310/310/310 210/210/210
f 316/316/316 209/209/209 362/362/362
f 307/307/307 238/238/238 310/310/310
f 311/311/311 312/312/312 239/239/239
f 311/311/311 313/313/313 274/274/274
f 239/239/239 361/361/361 238/238/238
f 210/210/210 310/310/310 362/362/362
f 315/315/315 314/314/314 274/274/274
f 313/313/313 241/241/241 317/317/317
f 208/208/208 314/314/314 315/315/315
f 274/274/274 316/316/316 312/312/312
f 207/207/207 208/208/208 315/315/315
f 318/318/318 207/207/207 317/317/317
f 361/361/361 312/312/312 362/362/362
f 314/314/314 209/209/209 316/316/316
f 315/315/315 313/313/313 317/317/317
f 317/317/317 207/207/207 315/315/315
f 318/318/318 319/319/319 206/206/206
f 318/318/318 317/317/317 275/275/275
f 321/321/321 243/243/243 322/322/322
f 243/243/243 321/321/321 242/242/242
f 320/320/320 317/317/317 241/241/241
f 275/275/275 321/321/321 319/319/319
f 319/319/319 321/321/321 322/322/322
f 320/320/320 242/242/242 321/321/321
f 205/205/205 319/319/319 322/322/322
f 204/204/204 205/205/205 328/328/328
f 323/323/323 324/324/324 244/244/244
f 323/323/323 325/325/325 276/276/276
f 324/324/324 243/243/243 244/244/244
f 328/328/328 205/205/205 330/330/330
f 326/326/326 276/276/276 327/327/327
f 325/325/325 329/329/329 327/327/327
f 203/203/203 326/326/326 327/327/327
f 276/276/276 328/328/328 324/324/324
f 202/202/202 203/203/203 327/327/327
f 327/327/327 329/329/329 202/202/202
f 328/328/328 330/330/330 324/324/324
f 326/326/326 204/204/204 328/328/328
f 336/336/336 201/201/201 364/364/364
f 325/325/325 246/246/246 329/329/329
f 330/330/330 243/243/243 324/324/324
f 330/330/330 205/205/205 322/322/322
f 331/331/331 332/332/332 247/247/247
f 331/331/331 333/333/333 277/277/277
f 247/247/247 363/363/363 246/246/246
f 202/202/202 329/329/329 364/364/364
f 335/335/335 334/334/334 277/277/277
f 333/333/333 249/249/249 337/337/337
f 200/200/200 334/334/334 335/335/335
f 277/277/277 336/336/336 332/332/332
f 199/199/199 200/200/200 335/335/335
f 340/340/340 199/199/199 337/337/337
f 363/363/363 332/332/332 364/364/364
f 334/334/334 201/201/201 336/336/336
f 335/335/335 333/333/333 337/337/337
f 337/337/337 199/199/199 335/335/335
f 338/338/338 337/337/337 249/249/249
f 338/338/338 339/339/339 278/278/278
f 340/340/340 278/278/278 341/341/341
f 339/339/339 342/342/342 341/341/341
f 198/198/198 340/340/340 341/341/341
f 340/340/340 337/337/337 278/278/278
f 197/197/197 198/198/198 341/341/341
f 341/341/341 342/342/342 197/197/197
f 348/348/348 196/196/196 366/366/366
f 339/339/339 251/251/251 342/342/342
f 343/343/343 344/344/344 252/252/252
f 343/343/343 345/345/345 279/279/279
f 252/252/252 365/365/365 251/251/251
f 197/197/197 342/342/342 366/366/366
f 347/347/347 346/346/346 279/279/279
f 345/345/345 254/254/254 349/349/349
f 195/195/195 346/346/346 347/347/347
f 279/279/279 348/348/348 344/344/344
f 194/194/194 195/195/195 347/347/347
f 352/352/352 194/194/194 349/349/349
f 365/365/365 344/344/344 366/366/366
f 346/346/346 196/196/196 348/348/348
f 347/347/347 345/345/345 349/349/349
f 349/349/349 194/194/194 347/347/347
f 350/350/350 349/349/349 254/254/254
f 350/350/350 351/351/351 280/280/280
f 352/352/352 280/280/280 353/353/353
f 351/351/351 354/354/354 353/353/353
f 193/193/193 352/352/352 353/353/353
f 352/352/352 349/349/349 280/280/280
f 192/192/192 193/193/193 353/353/353
f 353/353/353 354/354/354 192/192/192
f 358/358/358 191/191/191 368/368/368
f 351/351/351 256/256/256 354/354/354
f 355/355/355 356/356/356 257/257/257
f 355/355/355 285/285/285 281/281/281
f 257/257/257 367/367/367 256/256/256
f 192/192/192 354/354/354 368/368/368
f 357/357/357 286/286/286 190/190/190
f 281/281/281 358/358/358 356/356/356
f 367/367/367 356/356/356 368/368/368
f 357/357/357 191/191/191 358/358/358
f 298/298/298 359/359/359 360/360/360
f 359/359/359 234/234/234 300/300/300
f 360/360/360 214/214/214 215/215/215
f 304/304/304 360/360/360 300/300/300
f 310/310/310 361/361/361 362/362/362
f 361/361/361 239/239/239 312/312/312
f 362/362/362 209/209/209 210/210/210
f 316/316/316 362/362/362 312/312/312
f 329/329/329 363/363/363 364/364/364
f 363/363/363 247/247/247 332/332/332
f 364/364/364 201/201/201 202/202/202
f 336/336/336 364/364/364 332/332/332
f 342/342/342 365/365/365 366/366/366
f 365/365/365 252/252/252 344/344/344
f 366/366/366 196/196/196 197/197/197
f 348/348/348 366/366/366 344/344/344
f 354/354/354 367/367/367 368/368/368
f 367/367/367 257/257/257 356/356/356
f 368/368/368 191/191/191 192/192/192
f 358/358/358 368/368/368 356/356/356
f 369/369/369 264/264/264 226/226/226
f 369/369/369 263/263/263 266/266/266
f 370/370/370 282/282/282 260/260/260
f 370/370/370 186/186/186 284/284/284
usemtl uniform_1001
f 574/588/588 575/589/589 1040/1268/1268
f 2023/2251/2251 788/927/927 789/928/928
f 787/926/926 2024/2252/2252 456/925/925
f 789/928/928 790/929/929 2025/2253/2253
f 986/1214/1214 538/552/552 537/551/551
f 2567/2795/2795 860/1088/1088 792/931/931
f 791/930/930 792/931/931 860/1088/1088
f 2023/2251/2251 1305/1533/1533 2024/2252/2252
f 983/1211/1211 534/548/548 982/1210/1210
f 790/929/929 371/371/371 876/1104/1104
f 2027/2255/2255 2025/2253/2253 876/1104/1104
f 877/1105/1105 373/373/373 878/1106/1106
f 2023/2251/2251 789/928/928 2025/2253/2253
f 877/1105/1105 876/1104/1104 372/372/372
f 372/372/372 373/373/373 877/1105/1105
f 374/374/374 878/1106/1106 373/373/373
f 861/1089/1089 862/1090/1090 372/372/372
f 861/1089/1089 860/1088/1088 2030/2258/2258
f 2028/2256/2256 1305/1533/1533 2027/2255/2255
f 372/372/372 371/371/371 861/1089/1089
f 1306/1534/1534 2031/2259/2259 2030/2258/2258
f 860/1088/1088 2032/2260/2260 2030/2258/2258
f 787/934/934 795/935/935 1307/1535/1535
f 794/933/933 2568/2796/2796 2033/2261/2261
f 1309/1537/1537 1313/1541/1541 1311/1539/1539
f 1317/1545/1545 1316/1544/1544 1310/1538/1538
f 1313/1541/1541 1318/1546/1546 1310/1538/1538
f 1307/1535/1535 1309/1537/1537 1308/1536/1536
f 841/1067/1067 842/1068/1068 382/382/382
f 536/550/550 1007/1235/1235 535/549/549
f 1015/1243/1243 2575/2803/2803 1014/1242/1242
f 799/939/939 2039/2267/2267 798/938/938
f 793/932/932 794/933/933 2032/2260/2260
f 2037/2265/2265 456/464/464 1307/1535/1535
f 2580/2808/2808 2049/2277/2277 2578/2806/2806
f 2578/2806/2806 801/941/941 802/942/942
f 1011/1239/1239 2582/2810/2810 1010/1238/1238
f 2052/2280/2280 2583/2811/2811 2586/2814/2814
f 2577/2805/2805 802/942/942 803/943/943
f 1007/1235/1235 584/598/598 535/549/549
f 1309/1537/1537 1307/1535/1535 795/935/935
f 530/544/544 1002/1230/1230 529/543/543
f 456/464/464 457/465/465 2034/2262/2262
f 1306/1534/1534 2034/2262/2262 2035/2263/2263
f 1976/2204/2204 1974/2202/2202 459/922/922
f 2550/2778/2778 4332/4560/4560 1245/1473/1473
f 879/1107/1107 375/375/375 880/1108/1108
f 879/1107/1107 878/1106/1106 374/374/374
f 374/374/374 375/375/375 879/1107/1107
f 862/1090/1090 863/1091/1091 373/373/373
f 376/376/376 880/1108/1108 375/375/375
f 863/1091/1091 864/1092/1092 374/374/374
f 459/467/467 2570/2798/2798 458/466/466
f 1974/2202/2202 1245/1473/1473 1223/1451/1451
f 1324/1552/1552 2053/2281/2281 2055/2283/2283
f 550/919/919 557/571/571 1212/1440/1440
f 791/998/998 918/1146/1146 470/480/480
f 1216/1444/1444 557/571/571 1211/1439/1439
f 2054/2282/2282 1023/1251/1251 865/1093/1093
f 864/1092/1092 865/1093/1093 375/375/375
f 865/1093/1093 1023/1251/1251 553/567/567
f 554/568/568 376/376/376 865/1093/1093
f 880/1108/1108 376/376/376 555/569/569
f 375/375/375 865/1093/1093 376/376/376
f 552/566/566 1023/1251/1251 1022/1250/1250
f 1974/2202/2202 460/921/921 459/922/922
f 792/997/997 470/480/480 930/1158/1158
f 2054/2282/2282 2057/2285/2285 1023/1251/1251
f 1314/1542/1542 1311/1539/1539 1310/1538/1538
f 2569/2797/2797 2570/2798/2798 2036/2264/2264
f 461/469/469 2588/2816/2816 460/468/468
f 2056/2284/2284 459/467/467 460/468/468
f 460/468/468 2057/2285/2285 2056/2284/2284
f 461/469/469 460/468/468 1326/1554/1554
f 1326/1554/1554 1021/1249/1249 461/469/469
f 550/564/564 1021/1249/1249 549/563/563
f 1335/1563/1563 1329/1557/1557 1332/1560/1560
f 548/562/562 1019/1247/1247 547/561/561
f 1021/1249/1249 1020/1248/1248 549/563/563
f 1328/1556/1556 1326/1554/1554 460/468/468
f 1022/1250/1250 461/469/469 551/565/565
f 1338/1566/1566 2573/2801/2801 2574/2802/2802
f 1318/1546/1546 1320/1548/1548 1321/1549/1549
f 546/560/560 1017/1245/1245 545/559/559
f 2590/2818/2818 2589/2817/2817 2058/2286/2286
f 544/558/558 1015/1243/1243 543/557/557
f 1017/1245/1245 1016/1244/1244 545/559/559
f 1315/1543/1543 1341/1569/1569 4307/4535/4535
f 3330/3558/3558 3337/3565/3565 2988/3216/3216
f 542/556/556 1013/1241/1241 541/555/555
f 3338/3566/3566 3001/3229/3229 2582/2810/2810
f 540/554/554 1011/1239/1239 539/553/553
f 539/553/553 1010/1238/1238 538/552/552
f 1380/1608/1608 2089/2317/2317 1382/1610/1610
f 1013/1241/1241 1012/1240/1240 541/555/555
f 3324/3552/3552 3323/3551/3551 2575/2803/2803
f 1015/1243/1243 1014/1242/1242 543/557/557
f 2572/2800/2800 2571/2799/2799 1322/1550/1550
f 1019/1247/1247 1018/1246/1246 547/561/561
f 796/936/936 1313/1541/1541 1309/1537/1537
f 538/552/552 1010/1238/1238 1009/1237/1237
f 876/1104/1104 877/1105/1105 2027/2255/2255
f 2997/3225/3225 3334/3562/3562 3332/3560/3560
f 1346/1574/1574 1345/1573/1573 1344/1572/1572
f 1344/1572/1572 810/950/950 579/593/593
f 1344/1572/1572 2059/2287/2287 809/949/949
f 539/553/553 1011/1239/1239 1010/1238/1238
f 546/560/560 1018/1246/1246 1017/1245/1245
f 582/954/954 1365/1593/1593 1366/1594/1594
f 1350/1578/1578 1366/1594/1594 1365/1593/1593
f 671/728/728 810/950/950 579/951/951
f 580/594/594 579/593/593 1352/1580/1580
f 579/951/951 1353/1581/1581 671/728/728
f 672/727/727 673/726/726 2062/2290/2290
f 671/728/728 1352/1580/1580 579/593/593
f 579/593/593 1346/1574/1574 1344/1572/1572
f 672/727/727 671/728/728 1353/1581/1581
f 2071/2299/2299 1354/1582/1582 1353/1581/1581
f 1368/1596/1596 1366/1594/1594 1350/1578/1578
f 1199/1427/1427 1367/1595/1595 1364/1592/1592
f 2063/2291/2291 2062/2290/2290 673/726/726
f 672/727/727 1353/1581/1581 2069/2297/2297
f 1200/1428/1428 816/1022/1022 1201/1429/1429
f 580/594/594 2068/2296/2296 581/595/595
f 810/950/950 671/728/728 579/593/593
f 2059/2287/2287 1345/1573/1573 2060/2288/2288
f 1367/1595/1595 1365/1593/1593 1364/1592/1592
f 1199/1427/1427 584/956/956 814/1020/1020
f 548/562/562 1020/1248/1248 1019/1247/1247
f 1194/1422/1422 584/958/958 1355/1583/1583
f 550/564/564 461/469/469 1021/1249/1249
f 1357/1585/1585 1361/1589/1589 1359/1587/1587
f 1363/1591/1591 580/962/962 579/963/963
f 580/962/962 2078/2306/2306 581/961/961
f 1355/1583/1583 584/958/958 583/959/959
f 1194/1422/1422 534/957/957 584/958/958
f 1200/1428/1428 1199/1427/1427 815/1021/1021
f 1200/1428/1428 815/1021/1021 816/1022/1022
f 671/712/712 1363/1591/1591 579/963/963
f 1194/1422/1422 1355/1583/1583 2073/2301/2301
f 672/713/713 1281/1509/1509 1289/1517/1517
f 1362/1590/1590 1358/1586/1586 1361/1589/1589
f 582/960/960 1361/1589/1589 1357/1585/1585
f 1281/1509/1509 670/711/711 669/710/710
f 1357/1585/1585 1355/1583/1583 583/959/959
f 1467/1695/1695 675/716/716 674/715/715
f 674/715/715 2076/2304/2304 2075/2303/2303
f 814/1020/1020 584/956/956 534/957/957
f 1364/1592/1592 584/956/956 1199/1427/1427
f 671/712/712 579/963/963 810/964/964
f 1200/1428/1428 2082/2310/2310 1369/1597/1597
f 674/725/725 2067/2295/2295 2065/2293/2293
f 1376/1604/1604 1007/1235/1235 1378/1606/1606
f 1008/1236/1236 1378/1606/1606 1007/1235/1235
f 537/551/551 1008/1236/1236 536/550/550
f 2086/2314/2314 1349/1577/1577 581/595/595
f 583/597/597 1385/1613/1613 1383/1611/1611
f 1369/1597/1597 1367/1595/1595 1200/1428/1428
f 1005/1233/1233 2080/2308/2308 1004/1232/1232
f 677/722/722 676/723/723 1372/1600/1600
f 2085/2313/2313 676/723/723 1374/1602/1602
f 1374/1602/1602 676/723/723 677/722/722
f 2083/2311/2311 1373/1601/1601 2084/2312/2312
f 584/598/598 1007/1235/1235 1376/1604/1604
f 1346/1574/1574 580/594/594 2061/2289/2289
f 583/597/597 584/598/598 1376/1604/1604
f 2080/2308/2308 2090/2318/2318 1384/1612/1612
f 1006/1234/1234 584/598/598 1383/1611/1611
f 2081/2309/2309 1375/1603/1603 1374/1602/1602
f 530/544/544 531/545/545 1003/1231/1231
f 677/722/722 1002/1230/1230 1374/1602/1602
f 1003/1231/1231 2081/2309/2309 1374/1602/1602
f 529/543/543 1002/1230/1230 1001/1229/1229
f 1195/1423/1423 1196/1424/1424 816/1022/1022
f 1201/1429/1429 816/1022/1022 1202/1430/1430
f 817/1023/1023 1202/1430/1430 816/1022/1022
f 1203/1431/1431 817/1023/1023 818/1024/1024
f 1372/1600/1600 1373/1601/1601 1202/1430/1430
f 817/1023/1023 816/1022/1022 1196/1424/1424
f 675/716/716 2593/2821/2821 674/715/715
f 1360/1588/1588 2094/2322/2322 1387/1615/1615
f 2092/2320/2320 2091/2319/2319 1387/1615/1615
f 817/1023/1023 1196/1424/1424 1197/1425/1425
f 1390/1618/1618 1389/1617/1617 2095/2323/2323
f 1202/1430/1430 817/1023/1023 1203/1431/1431
f 815/1021/1021 1195/1423/1423 816/1022/1022
f 1197/1425/1425 1198/1426/1426 818/1024/1024
f 1203/1431/1431 818/1024/1024 678/721/721
f 678/721/721 818/1024/1024 679/1025/1025
f 678/721/721 679/1025/1025 1001/1229/1229
f 1202/1430/1430 1203/1431/1431 1372/1600/1600
f 1198/1426/1426 678/719/719 1000/1228/1228
f 2092/2320/2320 677/718/718 2602/2830/2830
f 1198/1426/1426 677/718/718 678/719/719
f 1000/1228/1228 678/719/719 679/720/720
f 679/720/720 527/541/541 1000/1228/1228
f 527/541/541 1204/1432/1432 526/540/540
f 527/541/541 678/719/719 1204/1432/1432
f 819/1026/1026 679/1025/1025 527/541/541
f 817/1023/1023 1197/1425/1425 818/1024/1024
f 678/721/721 677/722/722 1203/1431/1431
f 675/716/716 2095/2323/2323 676/717/717
f 1001/1229/1229 679/1025/1025 819/1026/1026
f 1386/1614/1614 1385/1613/1613 2066/2294/2294
f 2585/2813/2813 2587/2815/2815 2991/3219/3219
f 677/718/718 1389/1617/1617 526/540/540
f 1216/1444/1444 1946/2174/2174 556/570/570
f 554/568/568 555/569/569 376/376/376
f 556/570/570 555/569/569 1391/1619/1619
f 1217/1445/1445 1212/1440/1440 1224/1452/1452
f 557/571/571 1224/1452/1452 1212/1440/1440
f 554/568/568 866/1094/1094 377/377/377
f 555/569/569 554/568/568 377/377/377
f 377/377/377 378/378/378 881/1109/1109
f 378/378/378 882/1110/1110 881/1109/1109
f 881/1109/1109 555/569/569 377/377/377
f 1391/1619/1619 555/569/569 881/1109/1109
f 553/567/567 554/568/568 865/1093/1093
f 2541/2769/2769 1949/2177/2177 1953/2181/2181
f 465/915/915 1275/1503/1503 466/914/914
f 464/916/916 1271/1499/1499 2008/2236/2236
f 77/1065/1065 1249/1477/1477 1237/1465/1465
f 379/379/379 380/380/380 882/1110/1110
f 882/1110/1110 380/380/380 883/1111/1111
f 883/1111/1111 380/380/380 381/381/381
f 2540/2768/2768 1280/1508/1508 1949/2177/2177
f 76/1066/1066 1237/1465/1465 884/1112/1112
f 378/378/378 379/379/379 882/1110/1110
f 619/643/643 1085/1313/1313 647/671/671
f 553/567/567 552/566/566 866/1094/1094
f 866/1094/1094 999/1227/1227 1392/1620/1620
f 866/1094/1094 554/568/568 553/567/567
f 999/1227/1227 552/566/566 551/565/565
f 551/565/565 550/564/564 998/1226/1226
f 1397/1625/1625 998/1226/1226 462/470/470
f 550/564/564 549/563/563 462/470/470
f 2097/2325/2325 1392/1620/1620 1394/1622/1622
f 867/1095/1095 1392/1620/1620 2097/2325/2325
f 379/379/379 378/378/378 868/1096/1096
f 379/379/379 869/1097/1097 380/380/380
f 378/378/378 377/377/377 867/1095/1095
f 2098/2326/2326 2100/2328/2328 2101/2329/2329
f 462/470/470 997/1225/1225 1398/1626/1626
f 1397/1625/1625 1395/1623/1623 1394/1622/1622
f 2102/2330/2330 2100/2328/2328 2099/2327/2327
f 1396/1624/1624 1395/1623/1623 464/472/472
f 870/1098/1098 2104/2332/2332 2105/2333/2333
f 1400/1628/1628 1398/1626/1626 997/1225/1225
f 2604/2832/2832 2603/2831/2831 2103/2331/2331
f 2106/2334/2334 463/471/471 1398/1626/1626
f 1394/1622/1622 1392/1620/1620 999/1227/1227
f 380/380/380 870/1098/1098 381/381/381
f 1401/1629/1629 1404/1632/1632 1409/1637/1637
f 884/1112/1112 1237/1465/1465 1229/1457/1457
f 78/913/913 77/1065/1065 1411/1639/1639
f 1413/1641/1641 1412/1640/1640 1411/1639/1639
f 77/1065/1065 1413/1641/1641 1411/1639/1639
f 76/1066/1066 841/1067/1067 885/1113/1113
f 885/1113/1113 598/614/614 76/1066/1066
f 2114/2342/2342 1413/1641/1641 77/1065/1065
f 4/911/911 1412/1640/1640 5/395/395
f 884/1112/1112 841/1067/1067 76/1066/1066
f 1255/1483/1483 1241/1469/1469 1207/1435/1435
f 1414/1642/1642 468/910/910 4/911/911
f 887/1115/1115 1264/1492/1492 886/1114/1114
f 887/1115/1115 900/1128/1128 1992/2220/2220
f 1207/1435/1435 6/396/396 395/397/397
f 396/398/398 383/383/383 395/397/397
f 1207/1435/1435 395/397/397 886/1114/1114
f 1207/1435/1435 886/1114/1114 1255/1483/1483
f 396/398/398 395/397/397 885/1113/1113
f 1264/1492/1492 1992/2220/2220 4305/4533/4533
f 6/396/396 5/395/395 1415/1643/1643
f 1006/1234/1234 534/548/548 584/598/598
f 887/1115/1115 886/1114/1114 384/384/384
f 842/1068/1068 871/1099/1099 872/1100/1100
f 842/1068/1068 381/381/381 871/1099/1099
f 2610/2838/2838 3004/3232/3232 4/477/477
f 2117/2345/2345 78/475/475 467/476/476
f 2117/2345/2345 2118/2346/2346 1416/1644/1644
f 1416/1644/1644 2116/2344/2344 2119/2347/2347
f 872/1100/1100 2116/2344/2344 873/1101/1101
f 1405/1633/1633 1402/1630/1630 1401/1629/1629
f 873/1101/1101 396/398/398 382/382/382
f 2103/2331/2331 2102/2330/2330 466/474/474
f 383/383/383 384/384/384 886/1114/1114
f 384/384/384 413/417/417 887/1115/1115
f 413/417/417 412/416/416 900/1128/1128
f 2616/2844/2844 2118/2346/2346 2117/2345/2345
f 2120/2348/2348 2618/2846/2846 874/1102/1102
f 383/383/383 396/398/398 874/1102/1102
f 2121/2349/2349 2120/2348/2348 1417/1645/1645
f 1417/1645/1645 2122/2350/2350 2123/2351/2351
f 1418/1646/1646 2126/2354/2354 2127/2355/2355
f 2782/3010/3010 2126/2354/2354 2298/2526/2526
f 395/397/397 383/383/383 886/1114/1114
f 887/1115/1115 413/417/417 900/1128/1128
f 2614/2842/2842 2613/2841/2841 993/1221/1221
f 1969/2197/2197 1992/2220/2220 2548/2776/2776
f 77/1065/1065 1276/1504/1504 1249/1477/1477
f 993/1221/1221 2613/2841/2841 994/1222/1222
f 549/563/563 548/562/562 997/1225/1225
f 547/561/561 546/560/560 995/1223/1223
f 996/1224/1224 548/562/562 547/561/561
f 993/1221/1221 544/558/558 992/1220/1220
f 991/1219/1219 542/556/556 990/1218/1218
f 544/558/558 543/557/557 992/1220/1220
f 546/560/560 545/559/559 994/1222/1222
f 990/1218/1218 542/556/556 541/555/555
f 1404/1632/1632 1402/1630/1630 1400/1628/1628
f 1399/1627/1627 1398/1626/1626 1400/1628/1628
f 541/555/555 540/554/554 989/1217/1217
f 988/1216/1216 539/553/553 987/1215/1215
f 986/1214/1214 537/551/551 985/1213/1213
f 539/553/553 538/552/552 987/1215/1215
f 985/1213/1213 537/551/551 536/550/550
f 984/1212/1212 535/549/549 983/1211/1211
f 533/547/547 534/548/548 1006/1234/1234
f 980/1208/1208 532/546/546 531/545/545
f 1004/1232/1232 532/546/546 1005/1233/1233
f 978/1206/1206 530/544/544 529/543/543
f 1002/1230/1230 530/544/544 1003/1231/1231
f 1004/1232/1232 1003/1231/1231 531/545/545
f 979/1207/1207 531/545/545 530/544/544
f 981/1209/1209 532/546/546 980/1208/1208
f 1001/1229/1229 819/1026/1026 528/542/542
f 819/1026/1026 820/1027/1027 528/542/542
f 1205/1433/1433 976/1204/1204 527/541/541
f 527/541/541 679/720/720 678/719/719
f 819/1026/1026 527/541/541 976/1204/1204
f 679/1025/1025 1000/1228/1228 527/541/541
f 1463/1691/1691 1468/1696/1696 1466/1694/1694
f 1283/1511/1511 1205/1433/1433 526/540/540
f 1467/1695/1695 1466/1694/1694 1390/1618/1618
f 1419/1647/1647 665/706/706 1421/1649/1649
f 521/535/535 665/706/706 1419/1647/1647
f 521/535/535 522/536/536 1458/1686/1686
f 524/538/538 1301/1529/1529 1293/1521/1521
f 1460/1688/1688 523/537/537 1463/1691/1691
f 1205/1433/1433 1283/1511/1511 1994/2222/2222
f 526/540/540 1389/1617/1617 525/539/539
f 977/1205/1205 529/543/543 528/542/542
f 1407/1635/1635 1401/1629/1629 1408/1636/1636
f 1405/1633/1633 1401/1629/1629 1407/1635/1635
f 995/1223/1223 994/1222/1222 2112/2340/2340
f 2612/2840/2840 3006/3234/3234 3005/3233/3233
f 2621/2849/2849 989/1217/1217 988/1216/1216
f 2622/2850/2850 990/1218/1218 989/1217/1217
f 992/1220/1220 991/1219/1219 2612/2840/2840
f 2631/2859/2859 987/1215/1215 986/1214/1214
f 3359/3587/3587 3358/3586/3586 2635/2863/2863
f 875/1103/1103 2128/2356/2356 917/1145/1145
f 2786/3014/3014 2302/2530/2530 497/509/509
f 2632/2860/2860 2631/2859/2859 986/1214/1214
f 984/1212/1212 2630/2858/2858 985/1213/1213
f 533/547/547 981/1209/1209 982/1210/1210
f 982/1210/1210 981/1209/1209 2143/2371/2371
f 2143/2371/2371 2641/2869/2869 2648/2876/2876
f 2143/2371/2371 2647/2875/2875 982/1210/1210
f 2140/2368/2368 2631/2859/2859 2638/2866/2866
f 996/1224/1224 1404/1632/1632 1400/1628/1628
f 978/1206/1206 979/1207/1207 530/544/544
f 1428/1656/1656 1427/1655/1655 1426/1654/1654
f 820/1027/1027 977/1205/1205 528/542/542
f 1426/1654/1654 977/1205/1205 820/1027/1027
f 1426/1654/1654 2144/2372/2372 977/1205/1205
f 977/1205/1205 978/1206/1206 529/543/543
f 1205/1433/1433 527/541/541 526/540/540
f 1205/1433/1433 1994/2222/2222 821/1028/1028
f 1995/2223/2223 823/1030/1030 822/1029/1029
f 1426/1654/1654 820/1027/1027 821/1028/1028
f 2129/2357/2357 1420/1648/1648 2016/2244/2244
f 1427/1655/1655 2145/2373/2373 2144/2372/2372
f 976/1204/1204 820/1027/1027 819/1026/1026
f 1287/1515/1515 1299/1527/1527 1297/1525/1525
f 822/1029/1029 1431/1659/1659 2147/2375/2375
f 1290/1518/1518 1287/1515/1515 1297/1525/1525
f 2649/2877/2877 2650/2878/2878 1431/1659/1659
f 2644/2872/2872 2646/2874/2874 2643/2871/2871
f 2657/2885/2885 2681/2909/2909 2151/2379/2379
f 828/1035/1035 827/1034/1034 2653/2881/2881
f 1292/1520/1520 1999/2227/2227 1997/2225/2225
f 2652/2880/2880 825/1032/1032 3016/3244/3244
f 826/1033/1033 827/1034/1034 2640/2868/2868
f 2658/2886/2886 2653/2881/2881 2151/2379/2379
f 829/1036/1036 828/1035/1035 2654/2882/2882
f 2649/2877/2877 823/1030/1030 824/1031/1031
f 657/698/698 845/1073/1073 2152/2380/2380
f 2649/2877/2877 824/1031/1031 2652/2880/2880
f 524/538/538 1293/1521/1521 525/539/539
f 3015/3243/3243 3017/3245/3245 2640/2868/2868
f 1287/1515/1515 1300/1528/1528 1299/1527/1527
f 3160/3388/3388 3165/3393/3393 3166/3394/3394
f 979/1207/1207 980/1208/1208 531/545/545
f 2786/3014/3014 497/509/509 498/510/510
f 1434/1662/1662 665/706/706 521/535/535
f 555/569/569 1946/2174/2174 880/1108/1108
f 666/707/707 521/535/535 1458/1686/1686
f 810/964/964 642/965/965 564/622/622
f 2165/2393/2393 1472/1700/1700 1481/1709/1709
f 642/965/965 1481/1709/1709 564/622/622
f 670/711/711 810/964/964 564/622/622
f 644/967/967 2166/2394/2394 2165/2393/2393
f 462/918/918 550/919/919 1212/1440/1440
f 646/969/969 647/970/970 1473/1701/1701
f 1039/1267/1267 1473/1701/1701 647/970/970
f 1481/1709/1709 642/965/965 643/966/966
f 643/966/966 644/967/967 2165/2393/2393
f 1482/1710/1710 564/622/622 565/621/621
f 1482/1710/1710 1599/1827/1827 1483/1711/1711
f 1593/1821/1821 1595/1823/1823 1596/1824/1824
f 1281/1509/1509 671/712/712 670/711/711
f 566/620/620 2168/2396/2396 2169/2397/2397
f 1040/1268/1268 1039/1267/1267 574/588/588
f 1473/1701/1701 1475/1703/1703 1474/1702/1702
f 574/588/588 1035/1263/1263 1036/1264/1264
f 1039/1267/1267 1475/1703/1703 1473/1701/1701
f 1039/1267/1267 647/970/970 573/587/587
f 1483/1711/1711 669/710/710 1482/1710/1710
f 669/710/710 670/711/711 1482/1710/1710
f 671/712/712 810/964/964 670/711/711
f 648/971/971 647/972/972 1034/1262/1262
f 374/374/374 864/1092/1092 375/375/375
f 1486/1714/1714 1485/1713/1713 1487/1715/1715
f 1034/1262/1262 647/972/972 1485/1713/1713
f 373/373/373 863/1091/1091 374/374/374
f 643/976/976 1517/1745/1745 1518/1746/1746
f 372/372/372 862/1090/1090 373/373/373
f 642/977/977 810/978/978 564/578/578
f 642/977/977 1517/1745/1745 643/976/976
f 1484/1712/1712 1498/1726/1726 1492/1720/1720
f 1488/1716/1716 1035/1263/1263 1486/1714/1714
f 573/587/587 1034/1262/1262 1035/1263/1263
f 1487/1715/1715 645/974/974 1498/1726/1726
f 646/973/973 645/974/974 1487/1715/1715
f 1518/1746/1746 1517/1745/1745 2193/2421/2421
f 1500/1728/1728 642/666/666 810/978/978
f 564/578/578 810/978/978 642/666/666
f 642/666/666 1515/1743/1743 564/578/578
f 1515/1743/1743 642/666/666 643/667/667
f 2190/2418/2418 1516/1744/1744 1515/1743/1743
f 809/979/979 1500/1728/1728 810/978/978
f 564/578/578 1517/1745/1745 642/977/977
f 1502/1730/1730 1501/1729/1729 1500/1728/1728
f 565/579/579 1515/1743/1743 2187/2415/2415
f 1479/1707/1707 1475/1703/1703 1040/1268/1268
f 1477/1705/1705 1475/1703/1703 1479/1707/1707
f 1593/1821/1821 1592/1820/1820 1595/1823/1823
f 2174/2402/2402 1041/1269/1269 2175/2403/2403
f 2174/2402/2402 1479/1707/1707 1041/1269/1269
f 518/532/532 2265/2493/2493 1523/1751/1751
f 1042/1270/1270 1041/1269/1269 576/590/590
f 575/589/589 1036/1264/1264 1037/1265/1265
f 1037/1265/1265 1038/1266/1266 576/590/590
f 1491/1719/1719 1494/1722/1722 1493/1721/1721
f 1042/1270/1270 577/591/591 1043/1271/1271
f 567/619/619 568/618/618 2194/2422/2422
f 2195/2423/2423 569/617/617 1520/1748/1748
f 1520/1748/1748 569/617/617 570/616/616
f 1289/1517/1517 1281/1509/1509 2009/2237/2237
f 1042/1270/1270 1043/1271/1271 1524/1752/1752
f 585/599/599 571/615/615 572/586/586
f 570/616/616 1043/1271/1271 571/615/615
f 1592/1820/1820 1590/1818/1818 666/707/707
f 570/616/616 1524/1752/1752 1043/1271/1271
f 1469/1697/1697 2009/2237/2237 1464/1692/1692
f 571/585/585 577/591/591 1038/1266/1266
f 1554/1782/1782 1528/1756/1756 1527/1755/1755
f 567/581/581 568/582/582 1495/1723/1723
f 1499/1727/1727 4308/4536/4536 569/583/583
f 1038/1266/1266 570/584/584 571/585/585
f 1488/1716/1716 1484/1712/1712 1490/1718/1718
f 1528/1756/1756 1554/1782/1782 1552/1780/1780
f 2189/2417/2417 2188/2416/2416 1550/1778/1778
f 2191/2419/2419 2190/2418/2418 644/668/668
f 1529/1757/1757 1531/1759/1759 1530/1758/1758
f 646/670/670 1546/1774/1774 2197/2425/2425
f 568/582/582 567/581/581 1553/1781/1781
f 1503/1731/1731 1507/1735/1735 1504/1732/1732
f 570/584/584 569/583/583 1527/1755/1755
f 1499/1727/1727 570/584/584 1038/1266/1266
f 1089/1317/1317 571/585/585 570/584/584
f 1088/1316/1316 1527/1755/1755 1528/1756/1756
f 1088/1316/1316 1087/1315/1315 622/646/646
f 623/647/647 1089/1317/1317 1088/1316/1316
f 1527/1755/1755 1088/1316/1316 1089/1317/1317
f 1546/1774/1774 647/671/671 1085/1313/1313
f 619/643/643 620/644/644 1085/1313/1313
f 1529/1757/1757 647/671/671 646/670/670
f 1083/1311/1311 1530/1758/1758 1532/1760/1760
f 647/671/671 648/672/672 619/643/643
f 646/670/670 647/671/671 1546/1774/1774
f 1086/1314/1314 1551/1779/1779 1548/1776/1776
f 809/979/979 1502/1730/1730 1500/1728/1728
f 572/586/586 578/592/592 571/585/585
f 1497/1725/1725 566/580/580 1496/1724/1724
f 666/707/707 1458/1686/1686 2164/2392/2392
f 1535/1763/1763 1538/1766/1766 1532/1760/1760
f 1509/1737/1737 1503/1731/1731 1510/1738/1738
f 805/983/983 804/984/984 2181/2409/2409
f 806/982/982 805/983/983 2179/2407/2407
f 371/371/371 372/372/372 876/1104/1104
f 802/986/986 2700/2928/2928 803/985/985
f 801/987/987 800/988/988 2704/2932/2932
f 2202/2430/2430 2704/2932/2932 2707/2935/2935
f 791/930/930 860/1088/1088 371/371/371
f 2694/2922/2922 2181/2409/2409 804/984/984
f 790/929/929 791/930/930 371/371/371
f 798/990/990 2207/2435/2435 2709/2937/2937
f 1124/1352/1352 1206/1434/1434 691/740/740
f 414/418/418 415/419/419 1560/1788/1788
f 1559/1787/1787 1557/1785/1785 1561/1789/1789
f 821/1028/1028 820/1027/1027 1205/1433/1433
f 414/418/418 1558/1786/1786 787/994/994
f 2222/2450/2450 414/418/418 787/994/994
f 795/993/993 787/994/994 1558/1786/1786
f 1558/1786/1786 414/418/418 1560/1788/1788
f 820/1027/1027 976/1204/1204 1205/1433/1433
f 2213/2441/2441 2711/2939/2939 2710/2938/2938
f 1124/1352/1352 632/656/656 633/657/657
f 1511/1739/1739 1503/1731/1731 1506/1734/1734
f 678/721/721 1001/1229/1229 1002/1230/1230
f 793/996/996 792/997/997 2223/2451/2451
f 1198/1426/1426 1000/1228/1228 818/1024/1024
f 1000/1228/1228 679/1025/1025 818/1024/1024
f 918/1146/1146 811/999/999 2216/2444/2444
f 981/1209/1209 533/547/547 532/546/546
f 813/1001/1001 787/1002/1002 2217/2445/2445
f 2216/2444/2444 2215/2443/2443 1568/1796/1796
f 2222/2450/2450 2221/2449/2449 1569/1797/1797
f 1002/1230/1230 677/722/722 678/721/721
f 792/997/997 791/998/998 470/480/480
f 931/1159/1159 930/1158/1158 471/481/481
f 2225/2453/2453 2223/2451/2451 930/1158/1158
f 794/995/995 793/996/996 2221/2449/2449
f 470/480/480 471/481/481 930/1158/1158
f 813/1001/1001 2217/2445/2445 2215/2443/2443
f 2215/2443/2443 812/1000/1000 813/1001/1001
f 919/1147/1147 2218/2446/2446 2545/2773/2773
f 2220/2448/2448 2219/2447/2447 2714/2942/2942
f 2228/2456/2456 2226/2454/2454 2227/2455/2455
f 918/1146/1146 791/998/998 811/999/999
f 2221/2449/2449 793/996/996 2223/2451/2451
f 1506/1734/1734 1504/1732/1732 1502/1730/1730
f 861/1089/1089 371/371/371 860/1088/1088
f 1511/1739/1739 1513/1741/1741 1514/1742/1742
f 615/639/639 616/640/640 1081/1309/1309
f 2702/2930/2930 2701/2929/2929 2199/2427/2427
f 613/637/637 614/638/638 1079/1307/1307
f 1080/1308/1308 614/638/638 615/639/639
f 2179/2407/2407 805/983/983 2181/2409/2409
f 417/421/421 416/420/420 2231/2459/2459
f 1566/1794/1794 1564/1792/1792 4310/4538/4538
f 3444/3672/3672 3744/3972/3972 3445/3673/3673
f 2232/2460/2460 1572/1800/1800 2205/2433/2433
f 2703/2931/2931 3439/3667/3667 1077/1305/1305
f 2229/2457/2457 2230/2458/2458 1570/1798/1798
f 1078/1306/1306 612/636/636 613/637/637
f 1544/1772/1772 4309/4537/4537 1508/1736/1736
f 2712/2940/2940 2209/2437/2437 1556/1784/1784
f 610/634/634 611/635/635 1076/1304/1304
f 2722/2950/2950 2237/2465/2465 2236/2464/2464
f 608/632/632 609/633/633 1074/1302/1302
f 1075/1303/1303 609/633/633 610/634/634
f 1074/1302/1302 2722/2950/2950 1073/1301/1301
f 1560/1788/1788 415/419/419 1562/1790/1790
f 606/630/630 607/631/631 1072/1300/1300
f 418/422/422 1571/1799/1799 2232/2460/2460
f 604/628/628 605/629/629 1070/1298/1298
f 1071/1299/1299 605/629/629 606/630/630
f 2205/2433/2433 1566/1794/1794 4310/4538/4538
f 1073/1301/1301 607/631/631 608/632/632
f 1575/1803/1803 1573/1801/1801 1577/1805/1805
f 1077/1305/1305 611/635/635 612/636/636
f 1571/1799/1799 418/422/422 419/423/423
f 919/1147/1147 472/482/482 471/481/481
f 2228/2456/2456 932/1160/1160 933/1161/1161
f 473/483/483 472/482/482 920/1148/1148
f 1955/2183/2183 1277/1505/1505 1272/1500/1500
f 1956/2184/2184 2544/2772/2772 920/1148/1148
f 1272/1500/1500 2003/2231/2231 417/1006/1006
f 1234/1462/1462 1954/2182/2182 1955/2183/2183
f 473/483/483 920/1148/1148 921/1149/1149
f 474/484/484 933/1161/1161 473/483/483
f 919/1147/1147 920/1148/1148 472/482/482
f 2228/2456/2456 933/1161/1161 2229/2457/2457
f 2230/2458/2458 2718/2946/2946 2717/2945/2945
f 2720/2948/2948 2718/2946/2946 2230/2458/2458
f 1069/1297/1297 1068/1296/1296 602/626/626
f 603/627/627 419/423/423 1069/1297/1297
f 935/1163/1163 2719/2947/2947 934/1162/1162
f 921/1149/1149 922/1150/1150 474/484/484
f 4303/4531/4531 1954/2182/2182 1234/1462/1462
f 475/485/485 474/484/484 922/1150/1150
f 935/1163/1163 475/485/485 600/624/624
f 922/1150/1150 840/1064/1064 475/485/485
f 601/625/625 1068/1296/1296 935/1163/1163
f 921/1149/1149 474/484/484 473/483/483
f 2717/2945/2945 1069/1297/1297 419/423/423
f 870/1098/1098 871/1099/1099 381/381/381
f 604/628/628 1070/1298/1298 419/423/423
f 931/1159/1159 2225/2453/2453 930/1158/1158
f 808/980/980 1506/1734/1734 1502/1730/1730
f 1082/1310/1310 616/640/640 617/641/641
f 517/531/531 1522/1750/1750 1520/1748/1748
f 1436/1664/1664 1434/1662/1662 520/534/534
f 1520/1748/1748 570/616/616 516/530/530
f 1446/1674/1674 2158/2386/2386 517/531/531
f 1440/1668/1668 1445/1673/1673 1437/1665/1665
f 1520/1748/1748 1522/1750/1750 1521/1749/1749
f 571/615/615 578/592/592 572/586/586
f 516/530/530 1457/1685/1685 1450/1678/1678
f 1066/1294/1294 624/648/648 623/647/647
f 572/586/586 624/648/648 1067/1295/1295
f 1067/1295/1295 585/599/599 572/586/586
f 571/585/585 624/648/648 572/586/586
f 1067/1295/1295 586/600/600 585/599/599
f 571/615/615 585/599/599 516/530/530
f 571/585/585 1089/1317/1317 624/648/648
f 624/648/648 1066/1294/1294 1067/1295/1295
f 1066/1294/1294 1582/1810/1810 1067/1295/1295
f 1582/1810/1810 586/600/600 1067/1295/1295
f 1064/1292/1292 621/645/645 620/644/644
f 621/645/645 1087/1315/1315 1086/1314/1314
f 1063/1291/1291 620/644/644 619/643/643
f 1582/1810/1810 1066/1294/1294 1584/1812/1812
f 1434/1662/1662 521/535/535 520/534/534
f 1061/1289/1289 648/672/672 618/642/642
f 1059/1287/1287 617/641/641 616/640/640
f 618/642/642 1084/1312/1312 1083/1311/1311
f 1084/1312/1312 648/672/672 647/671/671
f 1060/1288/1288 618/642/642 617/641/641
f 1057/1285/1285 615/639/639 614/638/638
f 1055/1283/1283 613/637/637 612/636/636
f 1056/1284/1284 614/638/638 613/637/637
f 1058/1286/1286 616/640/640 615/639/639
f 1053/1281/1281 611/635/635 610/634/634
f 1051/1279/1279 609/633/633 608/632/632
f 1052/1280/1280 610/634/634 609/633/633
f 1049/1277/1277 607/631/631 606/630/630
f 1047/1275/1275 605/629/629 604/628/628
f 1050/1278/1278 608/632/632 607/631/631
f 1054/1282/1282 612/636/636 611/635/635
f 620/644/644 1063/1291/1291 1064/1292/1292
f 648/672/672 1062/1290/1290 619/643/643
f 1446/1674/1674 1450/1678/1678 1448/1676/1676
f 1581/1809/1809 1583/1811/1811 1584/1812/1812
f 519/533/533 1440/1668/1668 1436/1664/1664
f 2556/2784/2784 1298/1526/1526 2001/2229/2229
f 2156/2384/2384 1439/1667/1667 2688/2916/2916
f 1437/1665/1665 1441/1669/1669 1438/1666/1666
f 1584/1812/1812 1065/1293/1293 1585/1813/1813
f 1443/1671/1671 1437/1665/1665 1444/1672/1672
f 1064/1292/1292 2240/2468/2468 1065/1293/1293
f 1453/1681/1681 1455/1683/1683 1454/1682/1682
f 1441/1669/1669 1437/1665/1665 1443/1671/1671
f 2257/2485/2485 3088/3316/3316 3086/3314/3314
f 659/700/700 2752/2980/2980 658/699/699
f 1583/1811/1811 2239/2467/2467 587/601/601
f 3036/3264/3264 3736/3964/3964 3431/3659/3659
f 662/703/703 4343/4571/4571 2136/2364/2364
f 592/606/606 3424/3652/3652 591/605/605
f 2667/2895/2895 2149/2377/2377 2676/2904/2904
f 2676/2904/2904 2656/2884/2884 659/700/700
f 2253/2481/2481 2752/2980/2980 2756/2984/2984
f 2761/2989/2989 591/605/605 590/604/604
f 2691/2919/2919 590/604/604 591/605/605
f 2257/2485/2485 593/607/607 592/606/606
f 2759/2987/2987 593/607/607 594/608/608
f 3427/3655/3655 2691/2919/2919 3424/3652/3652
f 593/607/607 2257/2485/2485 2762/2990/2990
f 846/1074/1074 845/1073/1073 2758/2986/2986
f 589/603/603 2161/2389/2389 2162/2390/2390
f 662/703/703 2136/2364/2364 2134/2362/2362
f 3098/3326/3326 2763/2991/2991 3088/3316/3316
f 1062/1290/1290 1063/1291/1291 619/643/643
f 2725/2953/2953 1581/1809/1809 1585/1813/1813
f 1060/1288/1288 1061/1289/1289 618/642/642
f 2247/2475/2475 2245/2473/2473 4326/4554/4554
f 1583/1811/1811 4355/4583/4583 2239/2467/2467
f 1061/1289/1289 1062/1290/1290 648/672/672
f 1058/1286/1286 1059/1287/1287 616/640/640
f 2730/2958/2958 2247/2475/2475 2728/2956/2956
f 1056/1284/1284 1057/1285/1285 614/638/638
f 2731/2959/2959 2736/2964/2964 2726/2954/2954
f 2727/2955/2955 1061/1289/1289 2729/2957/2957
f 1057/1285/1285 1058/1286/1286 615/639/639
f 2727/2955/2955 2247/2475/2475 4326/4554/4554
f 1059/1287/1287 1060/1288/1288 617/641/641
f 1054/1282/1282 1055/1283/1283 612/636/636
f 2259/2487/2487 2765/2993/2993 427/433/433
f 1052/1280/1280 1053/1281/1281 610/634/634
f 1054/1282/1282 3533/3761/3761 1055/1283/1283
f 2733/2961/2961 3060/3288/3288 3448/3676/3676
f 1053/1281/1281 1054/1282/1282 611/635/635
f 1050/1278/1278 1051/1279/1279 608/632/632
f 1051/1279/1279 2772/3000/3000 3497/3725/3725
f 1048/1276/1276 1049/1277/1277 606/630/630
f 1049/1277/1277 1048/1276/1276 2262/2490/2490
f 4345/4573/4573 1605/1833/1833 2771/2999/2999
f 605/629/629 1048/1276/1276 606/630/630
f 2262/2490/2490 3118/3346/3346 1049/1277/1277
f 1049/1277/1277 1050/1278/1278 607/631/631
f 3132/3360/3360 1053/1281/1281 1052/1280/1280
f 1051/1279/1279 1052/1280/1280 609/633/633
f 3102/3330/3330 3106/3334/3334 3103/3331/3331
f 1055/1283/1283 1056/1284/1284 613/637/637
f 604/628/628 1046/1274/1274 1047/1275/1275
f 1438/1666/1666 1436/1664/1664 1440/1668/1668
f 521/535/535 666/707/707 1590/1818/1818
f 3057/3285/3285 3061/3289/3289 3059/3287/3287
f 603/627/627 602/626/626 420/424/424
f 1600/1828/1828 420/424/424 421/425/425
f 1046/1274/1274 604/628/628 603/627/627
f 475/485/485 599/623/623 600/624/624
f 601/625/625 600/624/624 1044/1272/1272
f 1044/1272/1272 1045/1273/1273 601/625/625
f 1045/1273/1273 1611/1839/1839 1609/1837/1837
f 1609/1837/1837 420/424/424 1045/1273/1273
f 1611/1839/1839 1044/1272/1272 1613/1841/1841
f 1601/1829/1829 1600/1828/1828 1602/1830/1830
f 2274/2502/2502 2275/2503/2503 423/427/427
f 1600/1828/1828 421/425/425 1602/1830/1830
f 2267/2495/2495 1046/1274/1274 1600/1828/1828
f 1612/1840/1840 1610/1838/1838 1608/1836/1836
f 476/486/486 477/487/487 936/1164/1164
f 1613/1841/1841 1044/1272/1272 936/1164/1164
f 1614/1842/1842 1612/1840/1840 1608/1836/1836
f 1613/1841/1841 937/1165/1165 1615/1843/1843
f 477/487/487 478/488/488 937/1165/1165
f 940/1168/1168 939/1167/1167 480/490/490
f 1611/1839/1839 1610/1838/1838 1609/1837/1837
f 1602/1830/1830 1606/1834/1834 1604/1832/1832
f 936/1164/1164 600/624/624 476/486/486
f 839/1063/1063 840/1064/1064 4303/4531/4531
f 923/1151/1151 840/1064/1064 1617/1845/1845
f 840/1064/1064 476/486/486 599/623/623
f 600/624/624 599/623/623 476/486/486
f 839/1063/1063 1617/1845/1845 840/1064/1064
f 840/1064/1064 923/1151/1151 476/486/486
f 599/623/623 475/485/485 840/1064/1064
f 923/1151/1151 924/1152/1152 477/487/487
f 925/1153/1153 478/488/488 924/1152/1152
f 924/1152/1152 478/488/488 477/487/487
f 479/489/489 939/1167/1167 938/1166/1166
f 1246/1474/1474 1225/1453/1453 1977/2205/2205
f 421/1011/1011 422/1012/1012 1977/2205/2205
f 1977/2205/2205 422/1012/1012 1978/2206/2206
f 1259/1487/1487 1251/1479/1479 925/1153/1153
f 926/1154/1154 1238/1466/1466 227/611/611
f 1219/1447/1447 838/1062/1062 1213/1441/1441
f 923/1151/1151 477/487/487 476/486/486
f 867/1095/1095 377/377/377 866/1094/1094
f 2280/2508/2508 939/1167/1167 940/1168/1168
f 2281/2509/2509 2280/2508/2508 940/1168/1168
f 2283/2511/2511 941/1169/1169 942/1170/1170
f 1602/1830/1830 422/426/426 1606/1834/1834
f 2275/2503/2503 2777/3005/3005 2276/2504/2504
f 1619/1847/1847 2278/2506/2506 2277/2505/2505
f 597/613/613 480/490/490 596/612/612
f 480/490/490 597/613/613 940/1168/1168
f 481/491/491 597/613/613 927/1155/1155
f 2287/2515/2515 1620/1848/1848 2279/2507/2507
f 2776/3004/3004 2279/2507/2507 2283/2511/2511
f 944/1172/1172 2287/2515/2515 943/1171/1171
f 3139/3367/3367 425/430/430 223/431/431
f 225/429/429 2270/2498/2498 424/428/428
f 2285/2513/2513 2284/2512/2512 1620/1848/1848
f 482/492/492 398/402/402 928/1156/1156
f 482/492/492 483/493/493 944/1172/1172
f 1620/1848/1848 2287/2515/2515 2288/2516/2516
f 482/492/492 943/1171/1171 398/402/402
f 483/493/493 482/492/492 929/1157/1157
f 2729/2957/2957 2726/2954/2954 2728/2956/2956
f 1619/1847/1847 2279/2507/2507 2278/2506/2506
f 424/428/428 2269/2497/2497 423/427/427
f 398/402/402 481/491/491 397/401/401
f 596/612/612 926/1154/1154 227/611/611
f 227/611/611 226/610/610 1621/1849/1849
f 596/612/612 227/611/611 927/1155/1155
f 1624/1852/1852 424/1014/1014 225/1015/1015
f 227/611/611 1238/1466/1466 1230/1458/1458
f 226/610/610 225/1015/1015 4311/4539/4539
f 1623/1851/1851 1622/1850/1850 1621/1849/1849
f 814/1020/1020 1194/1422/1422 1195/1423/1423
f 1238/1466/1466 2289/2517/2517 1230/1458/1458
f 927/1155/1155 221/400/400 397/401/401
f 426/1018/1018 1625/1853/1853 223/1017/1017
f 1622/1850/1850 222/399/399 221/400/400
f 928/1156/1156 397/401/401 221/400/400
f 222/399/399 223/1017/1017 1625/1853/1853
f 221/400/400 1256/1484/1484 928/1156/1156
f 1626/1854/1854 1625/1853/1853 426/1018/1018
f 1623/1851/1851 425/1016/1016 223/1017/1017
f 2547/2775/2775 1963/2191/2191 1993/2221/2221
f 1623/1851/1851 1621/1849/1849 4311/4539/4539
f 885/1113/1113 841/1067/1067 382/382/382
f 426/432/432 2767/2995/2995 223/431/431
f 2290/2518/2518 442/450/450 427/433/433
f 1591/1819/1819 2265/2493/2493 2264/2492/2492
f 1434/1662/1662 2155/2383/2383 665/706/706
f 641/665/665 2813/3041/3041 640/664/664
f 42/905/905 496/906/906 1628/1856/1856
f 1628/1856/1856 43/511/511 42/905/905
f 1632/1860/1860 1631/1859/1859 1630/1858/1858
f 537/551/551 1009/1237/1237 1008/1236/1236
f 1257/1485/1485 1208/1436/1436 44/512/512
f 499/513/513 1208/1436/1436 898/1126/1126
f 1208/1436/1436 499/513/513 44/512/512
f 44/512/512 897/1125/1125 834/1056/1056
f 1630/1858/1858 44/512/512 834/1056/1056
f 411/415/415 500/514/514 898/1126/1126
f 1631/1859/1859 495/904/904 43/511/511
f 2548/2776/2776 899/1127/1127 1968/2196/2196
f 39/1057/1057 40/903/903 2295/2523/2523
f 536/550/550 1008/1236/1236 1007/1235/1235
f 38/1058/1058 1239/1467/1467 1231/1459/1459
f 1633/1861/1861 494/902/902 40/903/903
f 1632/1860/1860 834/1056/1056 38/1058/1058
f 38/1058/1058 834/1056/1056 835/1059/1059
f 835/1059/1059 896/1124/1124 38/1058/1058
f 896/1124/1124 408/412/412 895/1123/1123
f 1631/1859/1859 43/511/511 1630/1858/1858
f 916/1144/1144 412/416/416 413/417/417
f 412/416/416 411/415/415 899/1127/1127
f 2297/2525/2525 497/509/509 496/508/508
f 916/1144/1144 2300/2528/2528 915/1143/1143
f 1634/1862/1862 2297/2525/2525 2299/2527/2527
f 1636/1864/1864 2784/3012/3012 2306/2534/2534
f 411/415/415 915/1143/1143 914/1142/1142
f 2785/3013/3013 496/508/508 2302/2530/2530
f 2302/2530/2530 496/508/508 497/509/509
f 411/415/415 914/1142/1142 500/514/514
f 410/414/414 499/513/513 500/514/514
f 42/507/507 2787/3015/3015 495/506/506
f 42/507/507 495/506/506 2306/2534/2534
f 2309/2537/2537 1636/1864/1864 2307/2535/2535
f 912/1140/1140 410/414/414 913/1141/1141
f 40/505/505 494/504/504 2310/2538/2538
f 2307/2535/2535 495/506/506 40/505/505
f 2308/2536/2536 913/1141/1141 914/1142/1142
f 2315/2543/2543 2795/3023/3023 2314/2542/2542
f 835/1059/1059 836/1060/1060 409/413/413
f 40/505/505 2795/3023/3023 494/504/504
f 1231/1459/1459 1239/1467/1467 1252/1480/1480
f 2126/2354/2354 2125/2353/2353 498/510/510
f 1980/2208/2208 1979/2207/2207 492/900/900
f 894/1122/1122 406/410/410 893/1121/1121
f 1247/1475/1475 1226/1454/1454 1979/2207/2207
f 870/1098/1098 380/380/380 869/1097/1097
f 1260/1488/1488 1253/1481/1481 895/1123/1123
f 895/1123/1123 408/412/412 407/411/411
f 407/411/411 909/1137/1137 908/1136/1136
f 406/410/410 894/1122/1122 407/411/411
f 408/412/412 910/1138/1138 909/1137/1137
f 491/899/899 492/900/900 1979/2207/2207
f 910/1138/1138 408/412/412 409/413/413
f 1220/1448/1448 721/770/770 1214/1442/1442
f 893/1121/1121 405/409/409 719/768/768
f 406/410/410 908/1136/1136 907/1135/1135
f 405/409/409 907/1135/1135 718/767/767
f 717/766/766 718/767/767 907/1135/1135
f 718/767/767 717/766/766 906/1134/1134
f 405/409/409 718/767/767 719/768/768
f 716/765/765 717/766/766 1147/1375/1375
f 719/768/768 720/769/769 1767/1995/1995
f 405/409/409 893/1121/1121 406/410/410
f 2794/3022/3022 2312/2540/2540 1647/1875/1875
f 1643/1871/1871 908/1136/1136 909/1137/1137
f 2792/3020/3020 2313/2541/2541 2793/3021/3021
f 3170/3398/3398 2803/3031/3031 2326/2554/2554
f 2310/2538/2538 2318/2546/2546 1647/1875/1875
f 1648/1876/1876 490/500/500 491/501/501
f 1645/1873/1873 1646/1874/1874 492/502/502
f 4327/4555/4555 1646/1874/1874 1645/1873/1873
f 492/502/502 1650/1878/1878 491/501/501
f 491/501/501 1645/1873/1873 492/502/502
f 2312/2540/2540 1637/1865/1865 1647/1875/1875
f 1643/1871/1871 1641/1869/1869 908/1136/1136
f 716/765/765 1146/1374/1374 715/764/764
f 907/1135/1135 908/1136/1136 1641/1869/1869
f 714/763/763 715/764/764 490/500/500
f 1648/1876/1876 1145/1373/1373 490/500/500
f 714/763/763 1145/1373/1373 713/762/762
f 490/500/500 715/764/764 1146/1374/1374
f 1648/1876/1876 491/501/501 1650/1878/1878
f 1644/1872/1872 491/501/501 2317/2545/2545
f 907/1135/1135 1147/1375/1375 717/766/766
f 494/504/504 2315/2543/2543 493/503/503
f 1239/1467/1467 38/1058/1058 896/1124/1124
f 869/1097/1097 379/379/379 868/1096/1096
f 713/762/762 1145/1373/1373 1144/1372/1372
f 1651/1879/1879 2321/2549/2549 2319/2547/2547
f 1139/1367/1367 3151/3379/3379 1138/1366/1366
f 2329/2557/2557 2327/2555/2555 2316/2544/2544
f 1639/1867/1867 2799/3027/3027 3159/3387/3387
f 2789/3017/3017 3151/3379/3379 3153/3381/3381
f 1137/1365/1365 1138/1366/1366 2789/3017/3017
f 2108/2336/2336 2608/2836/2836 2606/2834/2834
f 1649/1877/1877 1640/1868/1868 1651/1879/1879
f 3175/3403/3403 1133/1361/1361 1134/1362/1362
f 1132/1360/1360 1133/1361/1361 2332/2560/2560
f 2809/3037/3037 2332/2560/2560 3175/3403/3403
f 2332/2560/2560 3172/3400/3400 1132/1360/1360
f 1131/1359/1359 2810/3038/3038 1130/1358/1358
f 2340/2568/2568 1655/1883/1883 3192/3420/3420
f 828/1035/1035 3014/3242/3242 3015/3243/3243
f 2836/3064/3064 1128/1356/1356 1129/1357/1357
f 2152/2380/2380 845/1073/1073 2683/2911/2911
f 2815/3043/3043 2817/3045/3045 3185/3413/3413
f 847/1075/1075 2685/2913/2913 846/1074/1074
f 639/663/663 2827/3055/3055 3202/3430/3430
f 640/664/664 3203/3431/3431 641/665/665
f 2020/2248/2248 2977/3205/3205 2980/3208/3208
f 3066/3294/3294 2756/2984/2984 1586/1814/1814
f 846/1074/1074 2683/2911/2911 845/1073/1073
f 392/392/392 2819/3047/3047 393/393/393
f 2685/2913/2913 3416/3644/3644 3419/3647/3647
f 847/1075/1075 848/1076/1076 3416/3644/3644
f 2339/2567/2567 2820/3048/3048 2824/3052/3052
f 636/660/660 2020/2248/2248 2019/2247/2247
f 2820/3048/3048 848/1076/1076 847/1075/1075
f 635/659/659 636/660/660 2019/2247/2247
f 637/661/661 636/660/660 2340/2568/2568
f 635/659/659 2019/2247/2247 2021/2249/2249
f 1661/1889/1889 1663/1891/1891 1664/1892/1892
f 2344/2572/2572 2345/2573/2573 636/660/660
f 1270/1498/1498 1303/1531/1531 1291/1519/1519
f 2829/3057/3057 2831/3059/3059 2343/2571/2571
f 3670/3898/3898 2923/3151/3151 1809/2037/2037
f 1808/2036/2036 2018/2246/2246 1302/1530/1530
f 1270/1498/1498 2002/2230/2230 2022/2250/2250
f 1284/1512/1512 1206/1434/1434 2002/2230/2230
f 2835/3063/3063 4348/4576/4576 2833/3061/3061
f 634/658/658 2002/2230/2230 633/657/657
f 854/1082/1082 1802/2030/2030 685/734/734
f 634/658/658 1659/1887/1887 1661/1889/1889
f 2924/3152/3152 3670/3898/3898 3293/3521/3521
f 2837/3065/3065 2836/3064/3064 1129/1357/1357
f 850/1078/1078 2829/3057/3057 851/1079/1079
f 2836/3064/3064 2838/3066/3066 2351/2579/2579
f 2813/3041/3041 2816/3044/3044 2336/2564/2564
f 709/758/758 710/759/759 1141/1369/1369
f 707/756/756 708/757/757 1139/1367/1367
f 708/757/757 709/758/758 1140/1368/1368
f 706/755/755 1137/1365/1365 705/754/754
f 1138/1366/1366 706/755/755 707/756/756
f 704/753/753 705/754/754 1136/1364/1364
f 704/753/753 1135/1363/1363 703/752/752
f 710/759/759 711/760/760 1142/1370/1370
f 702/751/751 703/752/752 1134/1362/1362
f 700/749/749 701/750/750 1132/1360/1360
f 701/750/750 702/751/751 1133/1361/1361
f 698/747/747 699/748/748 1130/1358/1358
f 698/747/747 697/746/746 783/1055/1055
f 699/748/748 700/749/749 1131/1359/1359
f 1668/1896/1896 1667/1895/1895 1666/1894/1894
f 1128/1356/1356 1127/1355/1355 695/744/744
f 1128/1356/1356 695/744/744 696/745/745
f 696/745/745 695/744/744 1105/1333/1333
f 1127/1355/1355 1126/1354/1354 694/743/743
f 1659/1887/1887 1658/1886/1886 1660/1888/1888
f 1125/1353/1353 693/742/742 1126/1354/1354
f 1124/1352/1352 631/655/655 632/656/656
f 1125/1353/1353 632/656/656 692/741/741
f 632/656/656 1125/1353/1353 1658/1886/1886
f 694/743/743 695/744/744 1127/1355/1355
f 1125/1353/1353 1126/1354/1354 1660/1888/1888
f 1126/1354/1354 693/742/742 694/743/743
f 694/743/743 693/742/742 1103/1331/1331
f 631/655/655 692/741/741 632/656/656
f 692/741/741 631/655/655 1101/1329/1329
f 1102/1330/1330 693/742/742 692/741/741
f 693/742/742 1125/1353/1353 692/741/741
f 691/740/740 1206/1434/1434 690/739/739
f 630/689/689 690/739/739 656/688/688
f 1304/1532/1532 1303/1531/1531 2022/2250/2250
f 689/738/738 1670/1898/1898 690/739/739
f 688/737/737 2353/2581/2581 2352/2580/2580
f 4317/4545/4545 1302/1530/1530 1295/1523/1523
f 1670/1898/1898 655/687/687 690/739/739
f 1206/1434/1434 1284/1512/1512 690/739/739
f 691/740/740 630/654/654 631/655/655
f 691/740/740 631/655/655 1124/1352/1352
f 1104/1332/1332 695/744/744 694/743/743
f 1106/1334/1334 697/746/746 696/745/745
f 1666/1894/1894 1663/1891/1891 1657/1885/1885
f 1143/1371/1371 711/760/760 712/761/761
f 1805/2033/2033 1807/2035/2035 1806/2034/2034
f 497/907/907 498/908/908 1971/2199/2199
f 892/1120/1120 403/407/407 891/1119/1119
f 719/768/768 4304/4532/4532 720/769/769
f 906/1134/1134 404/408/408 718/767/767
f 892/1120/1120 719/768/768 404/408/408
f 404/408/408 905/1133/1133 403/407/407
f 892/1120/1120 404/408/408 403/407/407
f 906/1134/1134 716/765/765 1123/1351/1351
f 1235/1463/1463 4304/4532/4532 1957/2185/2185
f 719/768/768 718/767/767 404/408/408
f 1235/1463/1463 1957/2185/2185 1958/2186/2186
f 403/407/407 402/406/406 891/1119/1119
f 890/1118/1118 401/405/405 889/1117/1117
f 1958/2186/2186 1278/1506/1506 1273/1501/1501
f 890/1118/1118 891/1119/1119 402/406/406
f 402/406/406 403/407/407 904/1132/1132
f 2356/2584/2584 487/497/497 486/496/496
f 890/1118/1118 402/406/406 401/405/405
f 903/1131/1131 402/406/406 904/1132/1132
f 2851/3079/3079 905/1133/1133 906/1134/1134
f 1959/2187/2187 2546/2774/2774 890/1118/1118
f 487/894/894 1273/1501/1501 2005/2233/2233
f 2361/2589/2589 1671/1899/1899 2359/2587/2587
f 1122/1350/1350 1123/1351/1351 715/764/764
f 2851/3079/3079 2362/2590/2590 2850/3078/3078
f 1121/1349/1349 489/499/499 713/762/762
f 488/498/498 489/499/499 1672/1900/1900
f 489/499/499 2847/3075/3075 1122/1350/1350
f 489/499/499 1122/1350/1350 714/763/763
f 1119/1347/1347 1120/1348/1348 711/760/760
f 1674/1902/1902 1678/1906/1906 1676/1904/1904
f 1117/1345/1345 1118/1346/1346 709/758/758
f 1682/1910/1910 1681/1909/1909 1675/1903/1903
f 1678/1906/1906 1683/1911/1911 1675/1903/1903
f 1118/1346/1346 1119/1347/1347 710/759/759
f 1672/1900/1900 1674/1902/1902 1673/1901/1901
f 1120/1348/1348 1121/1349/1349 712/761/761
f 1115/1343/1343 1116/1344/1344 707/756/756
f 761/875/875 2856/3084/3084 762/874/874
f 1117/1345/1345 2365/2593/2593 1118/1346/1346
f 905/1133/1133 2850/3078/3078 904/1132/1132
f 1672/1900/1900 489/499/499 1121/1349/1349
f 2860/3088/3088 2375/2603/2603 2858/3086/3086
f 1113/1341/1341 1114/1342/1342 705/754/754
f 2858/3086/3086 1115/1343/1343 1114/1342/1342
f 1111/1339/1339 1112/1340/1340 703/752/752
f 2409/2637/2637 2408/2636/2636 2877/3105/3105
f 2377/2605/2605 2862/3090/3090 2869/3097/3097
f 1110/1338/1338 1111/1339/1339 702/751/751
f 2377/2605/2605 3214/3442/3442 3213/3441/3441
f 1112/1340/1340 1113/1341/1341 704/753/753
f 1674/1902/1902 1672/1900/1900 1121/1349/1349
f 1114/1342/1342 1115/1343/1343 706/755/755
f 2356/2584/2584 1671/1899/1899 2357/2585/2585
f 1116/1344/1344 1117/1345/1345 708/757/757
f 1109/1337/1337 1110/1338/1338 701/750/750
f 2379/2607/2607 889/1117/1117 888/1116/1116
f 401/405/405 400/404/404 889/1117/1117
f 786/889/889 2382/2610/2610 2381/2609/2609
f 983/1211/1211 535/549/549 534/548/548
f 400/404/404 401/405/405 902/1130/1130
f 901/1129/1129 400/404/404 902/1130/1130
f 1671/1899/1899 2358/2586/2586 2360/2588/2588
f 2381/2609/2609 785/888/888 786/889/889
f 2005/2233/2233 1278/1506/1506 2006/2234/2234
f 888/1116/1116 2381/2609/2609 2379/2607/2607
f 988/1216/1216 540/554/554 539/553/553
f 982/1210/1210 534/548/548 533/547/547
f 2871/3099/3099 888/1116/1116 784/887/887
f 399/403/403 752/885/885 751/886/886
f 2386/2614/2614 753/884/884 752/885/885
f 901/1129/1129 902/1130/1130 2385/2613/2613
f 747/890/890 2382/2610/2610 786/889/889
f 2388/2616/2616 753/884/884 2386/2614/2614
f 1694/1922/1922 1693/1921/1921 1692/1920/1920
f 1671/1899/1899 2356/2584/2584 2358/2586/2586
f 484/494/494 747/882/882 2872/3100/3100
f 2358/2586/2586 2356/2584/2584 2848/3076/3076
f 1692/1920/1920 755/881/881 747/882/882
f 1676/1904/1904 1675/1903/1903 1679/1907/1907
f 1695/1923/1923 756/880/880 1693/1921/1921
f 1701/1929/1929 1695/1923/1923 1698/1926/1926
f 2855/3083/3083 1704/1932/1932 2854/3082/3082
f 2388/2616/2616 2387/2615/2615 484/494/494
f 1683/1911/1911 1685/1913/1913 1686/1914/1914
f 2874/3102/3102 2873/3101/3101 2389/2617/2617
f 529/543/543 1001/1229/1229 528/542/542
f 1680/1908/1908 1707/1935/1935 4314/4542/4542
f 3606/3834/3834 3223/3451/3451 3605/3833/3833
f 764/872/872 2870/3098/3098 765/871/871
f 1751/1979/1979 1749/1977/1977 767/869/869
f 2856/3084/3084 2372/2600/2600 3600/3828/3828
f 2853/3081/3081 2852/3080/3080 1687/1915/1915
f 1120/1348/1348 1678/1906/1906 1674/1902/1902
f 1690/1918/1918 2849/3077/3077 2387/2615/2615
f 2408/2636/2636 767/869/869 766/870/870
f 1107/1335/1335 1108/1336/1336 699/748/748
f 1717/1945/1945 1715/1943/1943 1709/1937/1937
f 1710/1938/1938 783/1055/1055 782/1054/1054
f 1710/1938/1938 2390/2618/2618 1107/1335/1335
f 783/1055/1055 1107/1335/1335 698/747/747
f 1721/1949/1949 1723/1951/1951 1722/1950/1950
f 2392/2620/2620 1104/1332/1332 1103/1331/1331
f 1728/1956/1956 1719/1947/1947 1734/1962/1962
f 782/1054/1054 783/1055/1055 1721/1949/1949
f 1728/1956/1956 1726/1954/1954 1719/1947/1947
f 1712/1940/1940 1710/1938/1938 782/1054/1054
f 653/693/693 654/692/692 2397/2625/2625
f 1106/1334/1334 1105/1333/1333 1723/1951/1951
f 1712/1940/1940 1711/1939/1939 1710/1938/1938
f 2394/2622/2622 1720/1948/1948 1738/1966/1966
f 631/655/655 630/654/654 1101/1329/1329
f 654/692/692 655/691/691 1737/1965/1965
f 1103/1331/1331 1102/1330/1330 1738/1966/1966
f 655/691/691 654/692/692 1738/1966/1966
f 655/691/691 1101/1329/1329 656/690/690
f 1737/1965/1965 2395/2623/2623 1736/1964/1964
f 781/1053/1053 1722/1950/1950 1724/1952/1952
f 1714/1942/1942 1712/1940/1940 1716/1944/1944
f 1102/1330/1330 1101/1329/1329 655/691/691
f 691/740/740 630/689/689 1100/1328/1328
f 656/690/690 630/654/654 629/653/653
f 629/653/653 630/654/654 1099/1327/1327
f 1100/1328/1328 1099/1327/1327 630/654/654
f 1101/1329/1329 630/654/654 656/690/690
f 656/688/688 1099/1327/1327 1100/1328/1328
f 2355/2583/2583 654/686/686 4313/4541/4541
f 656/688/688 655/687/687 1099/1327/1327
f 1100/1328/1328 630/689/689 656/688/688
f 688/737/737 2352/2580/2580 689/738/738
f 2399/2627/2627 1098/1326/1326 1099/1327/1327
f 1100/1328/1328 630/654/654 691/740/740
f 1094/1322/1322 629/653/653 628/652/652
f 629/653/653 1094/1322/1322 656/690/690
f 627/651/651 1093/1321/1321 628/652/652
f 628/652/652 1093/1321/1321 1094/1322/1322
f 655/691/691 656/690/690 1094/1322/1322
f 628/652/652 629/653/653 1098/1326/1326
f 1097/1325/1325 1098/1326/1326 2400/2628/2628
f 2403/2631/2631 1739/1967/1967 2399/2627/2627
f 1757/1985/1985 2416/2644/2644 1758/1986/1986
f 2399/2627/2627 655/687/687 654/686/686
f 1098/1326/1326 1097/1325/1325 628/652/652
f 1097/1325/1325 1096/1324/1324 627/651/651
f 1097/1325/1325 627/651/651 628/652/652
f 2353/2581/2581 2974/3202/3202 2354/2582/2582
f 1093/1321/1321 627/651/651 1092/1320/1320
f 1099/1327/1327 1098/1326/1326 629/653/653
f 1094/1322/1322 1737/1965/1965 655/691/691
f 687/736/736 1839/2067/2067 1841/2069/2069
f 1719/1947/1947 1724/1952/1952 1722/1950/1950
f 700/749/749 1108/1336/1336 1109/1337/1337
f 1727/1955/1955 1731/1959/1959 4315/4543/4543
f 650/696/696 1735/1963/1963 4315/4543/4543
f 1735/1963/1963 649/697/697 778/1050/1050
f 778/1050/1050 649/697/697 770/866/866
f 2407/2635/2635 1744/1972/1972 2391/2619/2619
f 1741/1969/1969 1742/1970/1970 2405/2633/2633
f 1093/1321/1321 1092/1320/1320 2395/2623/2623
f 782/861/861 1764/1992/1992 1761/1989/1989
f 2405/2633/2633 651/695/695 2406/2634/2634
f 1732/1960/1960 1725/1953/1953 1728/1956/1956
f 626/650/650 1092/1320/1320 627/651/651
f 649/697/697 650/696/696 1742/1970/1970
f 1727/1955/1955 1730/1958/1958 1729/1957/1957
f 780/1052/1052 1718/1946/1946 1716/1944/1944
f 778/1050/1050 770/866/866 1743/1971/1971
f 542/556/556 1014/1242/1242 1013/1241/1241
f 769/867/867 1743/1971/1971 770/866/866
f 2404/2632/2632 780/863/863 779/864/864
f 1762/1990/1990 1761/1989/1989 1764/1992/1992
f 779/864/864 778/865/865 1742/1970/1970
f 781/862/862 1766/1994/1994 1764/1992/1992
f 649/697/697 778/865/865 770/866/866
f 2391/2619/2619 780/1052/1052 779/1051/1051
f 1763/1991/1991 1091/1319/1319 1762/1990/1990
f 626/650/650 1096/1324/1324 1095/1323/1323
f 627/651/651 1096/1324/1324 626/650/650
f 626/650/650 625/649/649 1091/1319/1319
f 2557/2785/2785 2012/2240/2240 2013/2241/2241
f 652/684/684 651/683/683 2412/2640/2640
f 1755/1983/1983 783/858/858 1095/1323/1323
f 2414/2642/2642 2412/2640/2640 651/683/683
f 781/856/856 2411/2639/2639 780/855/855
f 855/1083/1083 856/1084/1084 1840/2068/2068
f 1090/1318/1318 625/649/649 698/859/859
f 1739/1967/1967 2402/2630/2630 2401/2629/2629
f 783/858/858 1755/1983/1983 782/857/857
f 991/1219/1219 543/557/557 542/556/556
f 984/1212/1212 536/550/550 535/549/549
f 1756/1984/1984 2411/2639/2639 2415/2643/2643
f 2417/2645/2645 1759/1987/1987 1760/1988/1988
f 2417/2645/2645 779/854/854 780/855/855
f 649/681/681 778/853/853 1760/1988/1988
f 1760/1988/1988 778/853/853 779/854/854
f 778/853/853 649/681/681 770/852/852
f 1761/1989/1989 1090/1318/1318 783/860/860
f 1286/1514/1514 1282/1510/1510 2013/2241/2241
f 1766/1994/1994 2419/2647/2647 1753/1981/1981
f 1110/1338/1338 2862/3090/3090 1111/1339/1339
f 1805/2033/2033 2450/2678/2678 854/1082/1082
f 620/644/644 1086/1314/1314 1085/1313/1313
f 1767/1995/1995 893/1121/1121 719/768/768
f 1282/1510/1510 859/1087/1087 649/681/681
f 391/391/391 2423/2651/2651 2889/3117/3117
f 2819/3047/3047 3187/3415/3415 3188/3416/3416
f 2897/3125/3125 387/387/387 388/388/388
f 1770/1998/1998 1777/2005/2005 1775/2003/2003
f 3187/3415/3415 392/392/392 391/391/391
f 1783/2011/2011 2432/2660/2660 1656/1884/1884
f 392/392/392 393/393/393 2888/3116/3116
f 3073/3301/3301 594/608/608 595/609/609
f 389/389/389 390/390/390 2892/3120/3120
f 392/392/392 2423/2651/2651 391/391/391
f 3074/3302/3302 595/609/609 394/394/394
f 2890/3118/3118 2423/2651/2651 2888/3116/3116
f 2897/3125/3125 388/388/388 2898/3126/3126
f 3073/3301/3301 2759/2987/2987 594/608/608
f 387/387/387 1773/2001/2001 1775/2003/2003
f 1786/2014/2014 1781/2009/2009 1779/2007/2007
f 1788/2016/2016 1193/1421/1421 386/386/386
f 386/386/386 385/385/385 1772/2000/2000
f 1780/2008/2008 1785/2013/2013 1782/2010/2010
f 1193/1421/1421 1788/2016/2016 1192/1420/1420
f 2428/2656/2656 1191/1419/1419 1192/1420/1420
f 2890/3118/3118 1769/1997/1997 3230/3458/3458
f 1190/1418/1418 1189/1417/1417 742/791/791
f 2897/3125/3125 2426/2654/2654 2427/2655/2655
f 746/795/795 1193/1421/1421 1192/1420/1420
f 387/387/387 2427/2655/2655 386/386/386
f 2436/2664/2664 683/732/732 1803/2031/2031
f 3242/3470/3470 1186/1414/1414 1187/1415/1415
f 2901/3129/3129 2900/3128/3128 2429/2657/2657
f 1188/1416/1416 1187/1415/1415 777/1044/1044
f 3233/3461/3461 3610/3838/3838 3235/3463/3463
f 1186/1414/1414 1185/1413/1413 739/788/788
f 740/789/789 1187/1415/1415 1186/1414/1414
f 2895/3123/3123 3641/3869/3869 1185/1413/1413
f 1627/1855/1855 2291/2519/2519 2290/2518/2518
f 2259/2487/2487 3110/3338/3338 3113/3341/3341
f 2735/2963/2963 2733/2961/2961 2742/2970/2970
f 3110/3338/3338 442/450/450 441/449/449
f 3665/3893/3893 3668/3896/3896 2922/3150/3150
f 440/448/448 441/449/449 2437/2665/2665
f 738/787/787 1185/1413/1413 1184/1412/1412
f 3244/3472/3472 2895/3123/3123 3242/3470/3470
f 1181/1409/1409 2922/3150/3150 1180/1408/1408
f 1183/1411/1411 1182/1410/1410 736/785/785
f 1178/1406/1406 3252/3480/3480 3251/3479/3479
f 1181/1409/1409 1180/1408/1408 734/783/783
f 735/784/784 1182/1410/1410 1181/1409/1409
f 2259/2487/2487 427/433/433 442/450/450
f 1176/1404/1404 1177/1405/1405 2442/2670/2670
f 1179/1407/1407 1178/1406/1406 732/781/781
f 440/448/448 187/447/447 2768/2996/2996
f 1177/1405/1405 1176/1404/1404 730/779/779
f 1176/1404/1404 1175/1403/1403 729/778/778
f 1175/1403/1403 1176/1404/1404 2933/3161/3161
f 731/780/780 1178/1406/1406 1177/1405/1405
f 3111/3339/3339 3110/3338/3338 441/449/449
f 733/782/782 1180/1408/1408 1179/1407/1407
f 1178/1406/1406 3251/3479/3479 1177/1405/1405
f 737/786/786 1184/1412/1412 1183/1411/1411
f 2930/3158/3158 1833/2061/2061 2929/3157/3157
f 741/790/790 1189/1417/1417 1188/1416/1416
f 2735/2963/2963 2742/2970/2970 2738/2966/2966
f 1779/2007/2007 1787/2015/2015 1786/2014/2014
f 855/1083/1083 685/734/734 1791/2019/2019
f 680/729/729 681/730/730 1774/2002/2002
f 1795/2023/2023 1793/2021/2021 1797/2025/2025
f 1791/2019/2019 685/734/734 684/733/733
f 681/730/730 682/731/731 1782/2010/2010
f 386/386/386 1193/1421/1421 385/385/385
f 1837/2065/2065 681/730/730 680/729/729
f 1193/1421/1421 746/795/795 451/459/459
f 450/673/673 385/385/385 451/459/459
f 385/385/385 449/674/674 680/729/729
f 1193/1421/1421 451/459/459 385/385/385
f 1797/2025/2025 682/731/731 1800/2028/2028
f 1774/2002/2002 1773/2001/2001 1772/2000/2000
f 746/795/795 745/794/794 450/458/458
f 743/792/792 1190/1418/1418 742/791/791
f 744/793/793 743/792/792 1168/1396/1396
f 1169/1397/1397 745/794/794 744/793/793
f 1190/1418/1418 743/792/792 744/793/793
f 1188/1416/1416 777/1044/1044 741/790/790
f 742/791/791 741/790/790 1166/1394/1394
f 740/789/789 1186/1414/1414 739/788/788
f 777/1044/1044 740/789/789 776/1043/1043
f 776/1043/1043 1165/1393/1393 777/1044/1044
f 777/1044/1044 1187/1415/1415 740/789/789
f 1167/1395/1395 743/792/792 742/791/791
f 742/791/791 1189/1417/1417 741/790/790
f 450/458/458 563/577/577 451/459/459
f 746/795/795 1192/1420/1420 745/794/794
f 738/787/787 1184/1412/1412 737/786/786
f 739/788/788 738/787/787 1163/1391/1391
f 736/785/785 1182/1410/1410 735/784/784
f 737/786/786 736/785/785 1161/1389/1389
f 1162/1390/1390 738/787/787 737/786/786
f 737/786/786 1183/1411/1411 736/785/785
f 4320/4548/4548 1173/1401/1401 1833/2061/2061
f 1174/1402/1402 1173/1401/1401 728/777/777
f 734/783/783 1180/1408/1408 733/782/782
f 1181/1409/1409 734/783/783 735/784/784
f 1828/2056/2056 1830/2058/2058 1829/2057/2057
f 1160/1388/1388 736/785/785 735/784/784
f 738/787/787 739/788/788 1185/1413/1413
f 733/782/782 1179/1407/1407 732/781/781
f 734/783/783 733/782/782 1158/1386/1386
f 731/780/780 1177/1405/1405 730/779/779
f 1157/1385/1385 733/782/782 732/781/781
f 732/781/781 1178/1406/1406 731/780/780
f 729/778/778 1175/1403/1403 728/777/777
f 730/779/779 729/778/778 1154/1382/1382
f 728/777/777 1173/1401/1401 727/776/776
f 1151/1379/1379 1152/1380/1380 727/776/776
f 1150/1378/1378 1151/1379/1379 726/775/775
f 727/776/776 1173/1401/1401 1172/1400/1400
f 1174/1402/1402 728/777/777 1175/1403/1403
f 730/779/779 1176/1404/1404 729/778/778
f 1159/1387/1387 735/784/784 734/783/783
f 1830/2058/2058 1828/2056/2056 1172/1400/1400
f 1164/1392/1392 740/789/789 739/788/788
f 685/734/734 1802/2030/2030 684/733/733
f 685/734/734 686/735/735 1805/2033/2033
f 1627/1855/1855 2292/2520/2520 2294/2522/2522
f 2441/2669/2669 1789/2017/2017 2439/2667/2667
f 2440/2668/2668 2294/2522/2522 946/1174/1174
f 2438/2666/2666 2437/2665/2665 1789/2017/2017
f 514/528/528 515/529/529 974/1202/1202
f 515/529/529 514/528/528 946/1174/1174
f 513/527/527 844/1072/1072 961/1189/1189
f 961/1189/1189 962/1190/1190 513/527/527
f 961/1189/1189 844/1072/1072 960/1188/1188
f 960/1188/1188 2920/3148/3148 961/1189/1189
f 1813/2041/2041 2453/2681/2681 2452/2680/2680
f 2454/2682/2682 2456/2684/2684 1813/2041/2041
f 3660/3888/3888 2931/3159/3159 2930/3158/3158
f 1834/2062/2062 1801/2029/2029 1835/2063/2063
f 2454/2682/2682 959/1187/1187 2456/2684/2684
f 972/1200/1200 512/526/526 844/1072/1072
f 960/1188/1188 844/1072/1072 512/526/526
f 959/1187/1187 833/1049/1049 958/1186/1186
f 833/1049/1049 512/526/526 832/1048/1048
f 439/446/446 2452/2680/2680 2453/2681/2681
f 1835/2063/2063 2931/3159/3159 3657/3885/3885
f 844/1072/1072 513/527/527 843/1071/1071
f 4306/4534/4534 1266/1494/1494 1993/2221/2221
f 1258/1486/1486 1209/1437/1437 973/1201/1201
f 973/1201/1201 513/527/527 514/528/528
f 843/1071/1071 1209/1437/1437 189/1070/1070
f 1993/2221/2221 974/1202/1202 975/1203/1203
f 843/1071/1071 973/1201/1201 1209/1437/1437
f 974/1202/1202 1266/1494/1494 973/1201/1201
f 1258/1486/1486 1244/1472/1472 1209/1437/1437
f 427/1019/1019 442/796/796 1965/2193/2193
f 972/1200/1200 837/1061/1061 259/1047/1047
f 188/1069/1069 1815/2043/2043 189/1070/1070
f 259/1047/1047 1210/1438/1438 832/1048/1048
f 260/1046/1046 259/1047/1047 1816/2044/2044
f 187/799/799 188/1069/1069 1818/2046/2046
f 4318/4546/4546 188/1069/1069 187/799/799
f 261/801/801 1817/2045/2045 439/800/800
f 1816/2044/2044 1815/2043/2043 1817/2045/2045
f 1254/1482/1482 260/1046/1046 1262/1490/1490
f 4318/4546/4546 1817/2045/2045 1815/2043/2043
f 1232/1460/1460 1210/1438/1438 1240/1468/1468
f 972/1200/1200 843/1071/1071 837/1061/1061
f 958/1186/1186 957/1185/1185 2460/2688/2688
f 1814/2042/2042 2459/2687/2687 2458/2686/2686
f 1827/2055/2055 1826/2054/2054 437/443/443
f 436/442/442 1826/2054/2054 1825/2053/2053
f 2463/2691/2691 435/441/441 1828/2056/2056
f 2463/2691/2691 1829/2057/2057 2464/2692/2692
f 1820/2048/2048 1170/1398/1398 1822/2050/2050
f 957/1185/1185 510/524/524 956/1184/1184
f 956/1184/1184 510/524/524 509/523/523
f 2460/2688/2688 957/1185/1185 2459/2687/2687
f 2462/2690/2690 1821/2049/2049 2461/2689/2689
f 1821/2049/2049 1820/2048/2048 1822/2050/2050
f 434/440/440 1171/1399/1399 725/774/774
f 1170/1398/1398 1820/2048/2048 953/1181/1181
f 2462/2690/2690 954/1182/1182 1820/2048/2048
f 723/772/772 1170/1398/1398 953/1181/1181
f 723/772/772 722/771/771 1148/1376/1376
f 953/1181/1181 954/1182/1182 507/521/521
f 954/1182/1182 955/1183/1183 508/522/522
f 1149/1377/1377 724/773/773 723/772/772
f 434/440/440 1824/2052/2052 1171/1399/1399
f 1828/2056/2056 435/441/441 434/440/440
f 953/1181/1181 455/463/463 722/771/771
f 1261/1489/1489 1989/2217/2217 437/803/803
f 970/1198/1198 510/524/524 511/525/525
f 969/1197/1197 510/524/524 970/1198/1198
f 969/1197/1197 508/522/522 509/523/523
f 509/523/523 510/524/524 969/1197/1197
f 1254/1482/1482 1240/1468/1468 260/1046/1046
f 2007/2235/2235 1279/1507/1507 1261/1489/1489
f 1274/1502/1502 2007/2235/2235 436/804/804
f 1961/2189/2189 2542/2770/2770 1951/2179/2179
f 508/522/522 969/1197/1197 968/1196/1196
f 1240/1468/1468 1210/1438/1438 259/1047/1047
f 507/521/521 968/1196/1196 454/462/462
f 454/462/462 455/463/463 507/521/521
f 455/463/463 454/462/462 506/520/520
f 953/1181/1181 507/521/521 455/463/463
f 454/462/462 968/1196/1196 1836/2064/2064
f 453/461/461 1222/1450/1450 1947/2175/2175
f 1947/2175/2175 967/1195/1195 454/462/462
f 1960/2188/2188 2467/2695/2695 1836/2064/2064
f 508/522/522 968/1196/1196 507/521/521
f 952/1180/1180 722/771/771 455/463/463
f 832/1048/1048 971/1199/1199 833/1049/1049
f 439/446/446 3115/3343/3343 187/447/447
f 945/1173/1173 946/1174/1174 2292/2520/2520
f 449/674/674 1837/2065/2065 680/729/729
f 385/385/385 450/673/673 449/674/674
f 684/733/733 1793/2021/2021 1791/2019/2019
f 2449/2677/2677 682/731/731 681/730/730
f 685/734/734 855/1083/1083 1838/2066/2066
f 1842/2070/2070 449/674/674 1028/1256/1256
f 451/459/459 563/577/577 450/673/673
f 449/674/674 450/673/673 1028/1256/1256
f 1033/1261/1261 563/577/577 450/458/458
f 1842/2070/2070 1028/1256/1256 1027/1255/1255
f 855/1083/1083 1791/2019/2019 2444/2672/2672
f 1797/2025/2025 1793/2021/2021 683/732/732
f 2448/2676/2676 2447/2675/2675 2445/2673/2673
f 1026/1254/1254 1887/2115/2115 2470/2698/2698
f 1888/2116/2116 1886/2114/2114 1879/2107/2107
f 2490/2718/2718 1877/2105/2105 1876/2104/2104
f 2470/2698/2698 1843/2071/2071 1842/2070/2070
f 1028/1256/1256 562/576/576 561/575/575
f 1027/1255/1255 561/575/575 560/574/574
f 1031/1259/1259 560/574/574 561/575/575
f 561/575/575 562/576/576 1032/1260/1260
f 1842/2070/2070 2468/2696/2696 448/675/675
f 1838/2066/2066 1840/2068/2068 1839/2067/2067
f 450/458/458 1169/1397/1397 449/457/457
f 2471/2699/2699 1844/2072/2072 1875/2103/2103
f 1875/2103/2103 449/457/457 1169/1397/1397
f 1166/1394/1394 1862/2090/2090 1864/2092/2092
f 775/1042/1042 776/1043/1043 1846/2074/2074
f 1861/2089/2089 1165/1393/1393 776/1043/1043
f 1867/2095/2095 2471/2699/2699 1167/1395/1395
f 1032/1260/1260 1033/1261/1261 1874/2102/2102
f 449/457/457 1033/1261/1261 450/458/458
f 2484/2712/2712 1031/1259/1259 1032/1260/1260
f 449/457/457 1874/2102/2102 1033/1261/1261
f 1168/1396/1396 1167/1395/1395 2471/2699/2699
f 1164/1392/1392 1846/2074/2074 776/1043/1043
f 1862/2090/2090 1861/2089/2089 1863/2091/2091
f 1845/2073/2073 1872/2100/2100 1868/2096/2096
f 1874/2102/2102 2487/2715/2715 1873/2101/2101
f 1872/2100/2100 1863/2091/2091 774/1041/1041
f 1863/2091/2091 775/1042/1042 774/1041/1041
f 1870/2098/2098 1871/2099/2099 445/453/453
f 1846/2074/2074 1848/2076/2076 1847/2075/2075
f 2485/2713/2713 1873/2101/2101 2486/2714/2714
f 1875/2103/2103 448/456/456 449/457/457
f 1033/1261/1261 562/576/576 563/577/577
f 1848/2076/2076 1846/2074/2074 1164/1392/1392
f 1901/2129/2129 1030/1258/1258 2502/2730/2730
f 746/795/795 450/458/458 451/459/459
f 2448/2676/2676 2488/2716/2716 1877/2105/2105
f 1876/2104/2104 444/679/679 443/680/680
f 1876/2104/2104 443/680/680 859/1087/1087
f 859/1087/1087 443/680/680 770/852/852
f 2010/2238/2238 858/1086/1086 1282/1510/1510
f 445/678/678 2491/2719/2719 444/679/679
f 1026/1254/1254 560/574/574 559/573/573
f 1883/2111/2111 1881/2109/2109 775/847/847
f 1024/1252/1252 1025/1253/1253 558/572/572
f 1888/2116/2116 1889/2117/2117 1885/2113/2113
f 443/680/680 444/679/679 1880/2108/2108
f 1876/2104/2104 2488/2716/2716 444/679/679
f 771/851/851 770/852/852 443/680/680
f 2492/2720/2720 773/849/849 772/850/850
f 993/1221/1221 545/559/559 544/558/558
f 1880/2108/2108 772/850/850 771/851/851
f 1881/2109/2109 776/846/846 775/847/847
f 777/845/845 776/846/846 1024/1252/1252
f 1024/1252/1252 776/846/846 1881/2109/2109
f 1883/2111/2111 775/847/847 774/848/848
f 1282/1510/1510 858/1086/1086 859/1087/1087
f 2495/2723/2723 446/454/454 445/453/453
f 773/841/841 774/842/842 2494/2722/2722
f 1030/1258/1258 1029/1257/1257 559/573/573
f 1901/2129/2129 1899/2127/2127 1029/1257/1257
f 2499/2727/2727 444/452/452 1896/2124/2124
f 443/451/451 1894/2122/2122 771/1038/1038
f 772/1039/1039 1894/2122/2122 1895/2123/2123
f 443/451/451 771/1038/1038 770/838/838
f 772/1039/1039 771/1038/1038 1894/2122/2122
f 444/452/452 443/451/451 1896/2124/2124
f 1903/2131/2131 1905/2133/2133 1904/2132/2132
f 558/572/572 1029/1257/1257 776/844/844
f 2498/2726/2726 1895/2123/2123 1894/2122/2122
f 775/843/843 776/844/844 1899/2127/2127
f 2500/2728/2728 772/840/840 773/841/841
f 2494/2722/2722 2501/2729/2729 1900/2128/2128
f 1896/2124/2124 443/451/451 771/839/839
f 771/839/839 443/451/451 770/838/838
f 544/558/558 1016/1244/1244 1015/1243/1243
f 540/554/554 1012/1240/1240 1011/1239/1239
f 768/836/836 1904/2132/2132 1906/2134/2134
f 1903/2131/2131 770/838/838 771/1038/1038
f 2500/2728/2728 1897/2125/2125 1896/2124/2124
f 1850/2078/2078 1849/2077/2077 1853/2081/2081
f 413/417/417 917/1145/1145 916/1144/1144
f 1890/2118/2118 1891/2119/2119 1878/2106/2106
f 2010/2238/2238 1286/1514/1514 2011/2239/2239
f 1909/2137/2137 1912/2140/2140 1906/2134/2134
f 1855/2083/2083 1849/2077/2077 1856/2084/2084
f 1160/1388/1388 1159/1387/1387 2477/2705/2705
f 1161/1389/1389 1160/1388/1388 2475/2703/2703
f 2504/2732/2732 1157/1385/1385 1156/1384/1384
f 1155/1383/1383 1154/1382/1382 2945/3173/3173
f 3303/3531/3531 2942/3170/3170 2504/2732/2732
f 1159/1387/1387 3296/3524/3524 3297/3525/3525
f 730/779/779 1155/1383/1383 731/780/780
f 1932/2160/2160 2510/2738/2738 2508/2736/2736
f 728/777/777 1153/1381/1381 729/778/778
f 1924/2152/2152 1922/2150/2150 1926/2154/2154
f 1927/2155/2155 1925/2153/2153 431/437/437
f 726/775/775 1151/1379/1379 727/776/776
f 1924/2152/2152 1923/2151/2151 1925/2153/2153
f 2519/2747/2747 432/438/438 433/439/439
f 433/439/439 432/438/438 1923/2151/2151
f 1924/2152/2152 1926/2154/2154 1151/1379/1379
f 1150/1378/1378 725/774/774 433/439/439
f 2512/2740/2740 2510/2738/2738 1932/2160/2160
f 727/776/776 1152/1380/1380 728/777/777
f 1857/2085/2085 1849/2077/2077 1852/2080/2080
f 2518/2746/2746 1149/1377/1377 1148/1376/1376
f 505/519/519 951/1179/1179 952/1180/1180
f 1148/1376/1376 952/1180/1180 2520/2748/2748
f 1933/2161/2161 2519/2747/2747 2518/2746/2746
f 454/462/462 967/1195/1195 506/520/520
f 1222/1450/1450 452/460/460 1215/1443/1443
f 506/520/520 967/1195/1195 505/519/519
f 967/1195/1195 966/1194/1194 505/519/519
f 505/519/519 504/518/518 951/1179/1179
f 506/520/520 952/1180/1180 455/463/463
f 2525/2753/2753 2523/2751/2751 2524/2752/2752
f 950/1178/1178 2522/2750/2750 951/1179/1179
f 2522/2750/2750 950/1178/1178 2524/2752/2752
f 1925/2153/2153 432/438/438 431/437/437
f 503/517/517 949/1177/1177 950/1178/1178
f 1248/1476/1476 1227/1455/1455 1981/2209/2209
f 1981/2209/2209 432/809/809 431/810/810
f 2539/2767/2767 2537/2765/2765 2972/3200/3200
f 1981/2209/2209 431/810/810 1982/2210/2210
f 966/1194/1194 965/1193/1193 504/518/518
f 966/1194/1194 504/518/518 505/519/519
f 1043/1271/1271 578/592/592 571/615/615
f 504/518/518 965/1193/1193 503/517/517
f 2520/2748/2748 951/1179/1179 2522/2750/2750
f 2520/2748/2748 2518/2746/2746 1148/1376/1376
f 1043/1271/1271 577/591/591 578/592/592
f 1852/2080/2080 1850/2078/2078 1848/2076/2076
f 433/439/439 724/773/773 1149/1377/1377
f 1857/2085/2085 1859/2087/2087 1860/2088/2088
f 2474/2702/2702 2934/3162/3162 3298/3526/3526
f 2475/2703/2703 1160/1388/1388 2477/2705/2705
f 2526/2754/2754 2527/2755/2755 1934/2162/2162
f 2509/2737/2737 2529/2757/2757 1936/2164/2164
f 3687/3915/3915 2967/3195/3195 759/827/827
f 815/1021/1021 814/1020/1020 1195/1423/1423
f 3689/3917/3917 3311/3539/3539 2956/3184/3184
f 3312/3540/3540 2958/3186/3186 3313/3541/3541
f 534/957/957 1194/1422/1422 814/1020/1020
f 949/1177/1177 948/1176/1176 2525/2753/2753
f 2967/3195/3195 2966/3194/3194 759/827/827
f 1941/2169/2169 757/825/825 1943/2171/2171
f 532/546/546 1004/1232/1232 531/545/545
f 2966/3194/3194 2534/2762/2762 2533/2761/2761
f 1931/2159/2159 1929/2157/2157 4322/4550/4550
f 428/434/434 747/822/822 1935/2163/2163
f 2961/3189/3189 754/821/821 747/822/822
f 747/822/822 755/823/823 1935/2163/2163
f 868/1096/1096 378/378/378 867/1095/1095
f 4322/4550/4550 2509/2737/2737 1931/2159/2159
f 2961/3189/3189 2527/2755/2755 2962/3190/3190
f 502/516/516 948/1176/1176 949/1177/1177
f 2525/2753/2753 948/1176/1176 2526/2754/2754
f 964/1192/1192 502/516/516 503/517/517
f 2535/2763/2763 430/811/811 429/812/812
f 964/1192/1192 965/1193/1193 2537/2765/2765
f 2536/2764/2764 2535/2763/2763 2968/3196/3196
f 2970/3198/3198 748/815/815 749/816/816
f 963/1191/1191 502/516/516 964/1192/1192
f 571/585/585 578/592/592 577/591/591
f 502/516/516 501/515/515 948/1176/1176
f 965/1193/1193 964/1192/1192 503/517/517
f 751/818/818 752/819/819 947/1175/1175
f 2963/3191/3191 947/1175/1175 752/819/819
f 2970/3198/3198 2969/3197/3197 748/815/815
f 749/816/816 750/817/817 2971/3199/3199
f 428/813/813 2968/3196/3196 429/812/812
f 428/813/813 747/814/814 2969/3197/3197
f 750/817/817 501/515/515 963/1191/1191
f 2527/2755/2755 2964/3192/3192 2962/3190/3190
f 382/382/382 842/1068/1068 872/1100/1100
f 1918/2146/2146 4321/4549/4549 1854/2082/2082
f 1163/1391/1391 1852/2080/2080 1848/2076/2076
f 770/852/852 649/681/681 859/1087/1087
f 1042/1270/1270 576/590/590 577/591/591
f 3469/3697/3697 3468/3696/3696 3070/3298/3298
f 470/480/480 918/1146/1146 919/1147/1147
f 471/481/481 470/480/480 919/1147/1147
f 616/640/640 1082/1310/1310 1081/1309/1309
f 614/638/638 1080/1308/1308 1079/1307/1307
f 615/639/639 1081/1309/1309 1080/1308/1308
f 613/637/637 1079/1307/1307 1078/1306/1306
f 611/635/635 1077/1305/1305 1076/1304/1304
f 609/633/633 1075/1303/1303 1074/1302/1302
f 610/634/634 1076/1304/1304 1075/1303/1303
f 607/631/631 1073/1301/1301 1072/1300/1300
f 605/629/629 1071/1299/1299 1070/1298/1298
f 606/630/630 1072/1300/1300 1071/1299/1299
f 608/632/632 1074/1302/1302 1073/1301/1301
f 612/636/636 1078/1306/1306 1077/1305/1305
f 932/1160/1160 472/482/482 473/483/483
f 933/1161/1161 932/1160/1160 473/483/483
f 933/1161/1161 474/484/484 934/1162/1162
f 934/1162/1162 474/484/484 475/485/485
f 935/1163/1163 934/1162/1162 475/485/485
f 617/641/641 1083/1311/1311 1082/1310/1310
f 516/530/530 570/616/616 571/615/615
f 622/646/646 1065/1293/1293 1066/1294/1294
f 623/647/647 622/646/646 1066/1294/1294
f 1065/1293/1293 622/646/646 621/645/645
f 621/645/645 1064/1292/1292 1065/1293/1293
f 605/629/629 1047/1275/1275 1048/1276/1276
f 603/627/627 420/424/424 1046/1274/1274
f 477/487/487 937/1165/1165 936/1164/1164
f 478/488/488 938/1166/1166 937/1165/1165
f 939/1167/1167 479/489/489 480/490/490
f 419/1008/1008 603/1009/1009 838/1062/1062
f 925/1153/1153 479/489/489 478/488/488
f 479/489/489 925/1153/1153 926/1154/1154
f 940/1168/1168 597/613/613 941/1169/1169
f 481/491/491 942/1170/1170 941/1169/1169
f 597/613/613 481/491/491 941/1169/1169
f 942/1170/1170 481/491/491 398/402/402
f 398/402/402 943/1171/1171 942/1170/1170
f 483/493/493 945/1173/1173 944/1172/1172
f 483/493/493 929/1157/1157 975/1203/1203
f 515/529/529 483/493/493 975/1203/1203
f 482/492/492 944/1172/1172 943/1171/1171
f 945/1173/1173 483/493/493 515/529/529
f 499/513/513 410/414/414 897/1125/1125
f 896/1124/1124 409/413/413 408/412/412
f 835/1059/1059 409/413/413 896/1124/1124
f 412/416/416 916/1144/1144 915/1143/1143
f 915/1143/1143 411/415/415 412/416/416
f 913/1141/1141 410/414/414 500/514/514
f 500/514/514 914/1142/1142 913/1141/1141
f 410/414/414 912/1140/1140 836/1060/1060
f 407/411/411 894/1122/1122 895/1123/1123
f 489/896/896 714/897/897 721/770/770
f 1146/1374/1374 716/765/765 1147/1375/1375
f 715/764/764 1123/1351/1351 716/765/765
f 1145/1373/1373 714/763/763 490/500/500
f 713/762/762 489/499/499 714/763/763
f 712/761/761 1121/1349/1349 713/762/762
f 713/762/762 1144/1372/1372 712/761/761
f 714/763/763 1122/1350/1350 715/764/764
f 716/765/765 906/1134/1134 717/766/766
f 1143/1371/1371 712/761/761 1144/1372/1372
f 1141/1369/1369 710/759/759 1142/1370/1370
f 1142/1370/1370 711/760/760 1143/1371/1371
f 1138/1366/1366 707/756/756 1139/1367/1367
f 1139/1367/1367 708/757/757 1140/1368/1368
f 1140/1368/1368 709/758/758 1141/1369/1369
f 1136/1364/1364 705/754/754 1137/1365/1365
f 1134/1362/1362 703/752/752 1135/1363/1363
f 1135/1363/1363 704/753/753 1136/1364/1364
f 1132/1360/1360 701/750/750 1133/1361/1361
f 1130/1358/1358 699/748/748 1131/1359/1359
f 1131/1359/1359 700/749/749 1132/1360/1360
f 1133/1361/1361 702/751/751 1134/1362/1362
f 1137/1365/1365 706/755/755 1138/1366/1366
f 710/759/759 1119/1347/1347 711/760/760
f 708/757/757 1117/1345/1345 709/758/758
f 709/758/758 1118/1346/1346 710/759/759
f 705/754/754 1114/1342/1342 706/755/755
f 706/755/755 1115/1343/1343 707/756/756
f 707/756/756 1116/1344/1344 708/757/757
f 703/752/752 1112/1340/1340 704/753/753
f 701/750/750 1110/1338/1338 702/751/751
f 702/751/751 1111/1339/1339 703/752/752
f 699/748/748 1108/1336/1336 700/749/749
f 698/747/747 1107/1335/1335 699/748/748
f 700/749/749 1109/1337/1337 701/750/750
f 704/753/753 1113/1341/1341 705/754/754
f 697/746/746 1129/1357/1357 1128/1356/1356
f 696/745/745 697/746/746 1128/1356/1356
f 1124/1352/1352 633/657/657 1206/1434/1434
f 711/760/760 1120/1348/1348 712/761/761
f 404/408/408 906/1134/1134 905/1133/1133
f 903/1131/1131 401/405/405 402/406/406
f 901/1129/1129 399/403/403 400/404/404
f 399/403/403 888/1116/1116 889/1117/1117
f 400/404/404 399/403/403 889/1117/1117
f 399/403/403 901/1129/1129 752/885/885
f 626/650/650 1091/1319/1319 1092/1320/1320
f 625/649/649 1095/1323/1323 783/858/858
f 625/649/649 626/650/650 1095/1323/1323
f 625/649/649 1090/1318/1318 1091/1319/1319
f 1191/1419/1419 744/793/793 745/794/794
f 745/794/794 1192/1420/1420 1191/1419/1419
f 744/793/793 1191/1419/1419 1190/1418/1418
f 1156/1384/1384 732/781/781 731/780/780
f 1155/1383/1383 1156/1384/1384 731/780/780
f 1153/1381/1381 728/777/777 1152/1380/1380
f 1155/1383/1383 730/779/779 1154/1382/1382
f 946/1174/1174 514/528/528 962/1190/1190
f 514/528/528 974/1202/1202 973/1201/1201
f 844/1072/1072 843/1071/1071 972/1200/1200
f 512/526/526 959/1187/1187 960/1188/1188
f 959/1187/1187 512/526/526 833/1049/1049
f 958/1186/1186 833/1049/1049 511/525/525
f 509/523/523 955/1183/1183 956/1184/1184
f 724/773/773 433/439/439 725/774/774
f 724/773/773 1171/1399/1399 1170/1398/1398
f 723/772/772 724/773/773 1170/1398/1398
f 953/1181/1181 722/771/771 723/772/772
f 434/806/806 725/807/807 452/460/460
f 725/774/774 1150/1378/1378 726/775/775
f 450/673/673 563/577/577 562/576/576
f 1028/1256/1256 450/673/673 562/576/576
f 1028/1256/1256 561/575/575 1027/1255/1255
f 560/574/574 1031/1259/1259 1030/1258/1258
f 560/574/574 1030/1258/1258 559/573/573
f 1026/1254/1254 559/573/573 1025/1253/1253
f 558/572/572 1025/1253/1253 559/573/573
f 949/1177/1177 503/517/517 502/516/516
f 501/515/515 502/516/516 963/1191/1191
f 948/1176/1176 501/515/515 947/1175/1175
f 750/817/817 751/818/818 501/515/515
f 1023/1251/1251 552/566/566 553/567/567
f 1022/1250/1250 551/565/565 552/566/566
f 1020/1248/1248 548/562/562 549/563/563
f 461/469/469 550/564/564 551/565/565
f 1016/1244/1244 544/558/558 545/559/559
f 1012/1240/1240 540/554/554 541/555/555
f 1014/1242/1242 542/556/556 543/557/557
f 1018/1246/1246 546/560/560 547/561/561
f 1009/1237/1237 537/551/551 538/552/552
f 1199/1427/1427 814/1020/1020 815/1021/1021
f 584/598/598 534/548/548 535/549/549
f 533/547/547 1006/1234/1234 1005/1233/1233
f 1005/1233/1233 532/546/546 533/547/547
f 381/381/381 884/1112/1112 883/1111/1111
f 552/566/566 999/1227/1227 866/1094/1094
f 551/565/565 998/1226/1226 999/1227/1227
f 550/564/564 462/470/470 998/1226/1226
f 549/563/563 997/1225/1225 462/470/470
f 884/1112/1112 381/381/381 842/1068/1068
f 841/1067/1067 884/1112/1112 842/1068/1068
f 885/1113/1113 382/382/382 396/398/398
f 382/382/382 872/1100/1100 873/1101/1101
f 875/1103/1103 384/384/384 383/383/383
f 383/383/383 874/1102/1102 875/1103/1103
f 412/416/416 899/1127/1127 900/1128/1128
f 396/398/398 873/1101/1101 874/1102/1102
f 917/1145/1145 413/417/417 384/384/384
f 384/384/384 875/1103/1103 917/1145/1145
f 548/562/562 996/1224/1224 997/1225/1225
f 546/560/560 994/1222/1222 995/1223/1223
f 547/561/561 995/1223/1223 996/1224/1224
f 543/557/557 991/1219/1219 992/1220/1220
f 545/559/559 993/1221/1221 994/1222/1222
f 541/555/555 989/1217/1217 990/1218/1218
f 540/554/554 988/1216/1216 989/1217/1217
f 538/552/552 986/1214/1214 987/1215/1215
f 536/550/550 984/1212/1212 985/1213/1213
f 1039/1267/1267 573/587/587 574/588/588
f 1036/1264/1264 575/589/589 574/588/588
f 575/589/589 1041/1269/1269 1040/1268/1268
f 647/970/970 648/971/971 573/587/587
f 1034/1262/1262 573/587/587 648/971/971
f 1035/1263/1263 574/588/588 573/587/587
f 1041/1269/1269 575/589/589 576/590/590
f 1037/1265/1265 576/590/590 575/589/589
f 1038/1266/1266 577/591/591 576/590/590
f 1089/1317/1317 623/647/647 624/648/648
f 1087/1315/1315 621/645/645 622/646/646
f 1088/1316/1316 622/646/646 623/647/647
f 1084/1312/1312 618/642/642 648/672/672
f 1083/1311/1311 617/641/641 618/642/642
f 1086/1314/1314 620/644/644 621/645/645
f 931/1159/1159 471/481/481 472/482/482
f 472/482/482 932/1160/1160 931/1159/1159
f 1068/1296/1296 601/625/625 602/626/626
f 1069/1297/1297 602/626/626 603/627/627
f 935/1163/1163 600/624/624 601/625/625
f 419/423/423 603/627/627 604/628/628
f 602/626/626 1045/1273/1273 420/424/424
f 600/624/624 936/1164/1164 1044/1272/1272
f 1045/1273/1273 602/626/626 601/625/625
f 938/1166/1166 478/488/488 479/489/489
f 926/1154/1154 480/490/490 479/489/489
f 480/490/490 926/1154/1154 596/612/612
f 597/613/613 596/612/612 927/1155/1155
f 398/402/402 397/401/401 928/1156/1156
f 482/492/492 928/1156/1156 929/1157/1157
f 481/491/491 927/1155/1155 397/401/401
f 515/529/529 946/1174/1174 945/1173/1173
f 500/514/514 499/513/513 898/1126/1126
f 897/1125/1125 410/414/414 836/1060/1060
f 835/1059/1059 897/1125/1125 836/1060/1060
f 411/415/415 898/1126/1126 899/1127/1127
f 911/1139/1139 409/413/413 836/1060/1060
f 836/1060/1060 912/1140/1140 911/1139/1139
f 908/1136/1136 406/410/410 407/411/411
f 909/1137/1137 407/411/411 408/412/412
f 409/413/413 911/1139/1139 910/1138/1138
f 907/1135/1135 405/409/409 406/410/410
f 698/747/747 1130/1358/1358 1129/1357/1357
f 1129/1357/1357 697/746/746 698/747/747
f 697/746/746 1106/1334/1334 783/1055/1055
f 695/744/744 1104/1332/1332 1105/1333/1333
f 693/742/742 1102/1330/1330 1103/1331/1331
f 692/741/741 1101/1329/1329 1102/1330/1330
f 694/743/743 1103/1331/1331 1104/1332/1332
f 696/745/745 1105/1333/1333 1106/1334/1334
f 403/407/407 905/1133/1133 904/1132/1132
f 751/886/886 784/887/887 888/1116/1116
f 888/1116/1116 399/403/403 751/886/886
f 401/405/405 903/1131/1131 902/1130/1130
f 783/858/858 698/859/859 625/649/649
f 698/859/859 783/860/860 1090/1318/1318
f 745/794/794 1169/1397/1397 450/458/458
f 743/792/792 1167/1395/1395 1168/1396/1396
f 744/793/793 1168/1396/1396 1169/1397/1397
f 741/790/790 1165/1393/1393 1166/1394/1394
f 740/789/789 1164/1392/1392 776/1043/1043
f 1165/1393/1393 741/790/790 777/1044/1044
f 742/791/791 1166/1394/1394 1167/1395/1395
f 738/787/787 1162/1390/1390 1163/1391/1391
f 736/785/785 1160/1388/1388 1161/1389/1389
f 737/786/786 1161/1389/1389 1162/1390/1390
f 1172/1400/1400 726/775/775 727/776/776
f 735/784/784 1159/1387/1387 1160/1388/1388
f 733/782/782 1157/1385/1385 1158/1386/1386
f 732/781/781 1156/1384/1384 1157/1385/1385
f 729/778/778 1153/1381/1381 1154/1382/1382
f 734/783/783 1158/1386/1386 1159/1387/1387
f 739/788/788 1163/1391/1391 1164/1392/1392
f 434/440/440 725/774/774 726/775/775
f 726/775/775 1172/1400/1400 434/440/440
f 962/1190/1190 514/528/528 513/527/527
f 515/529/529 975/1203/1203 974/1202/1202
f 971/1199/1199 511/525/525 833/1049/1049
f 512/526/526 972/1200/1200 832/1048/1048
f 511/525/525 957/1185/1185 958/1186/1186
f 513/527/527 973/1201/1201 843/1071/1071
f 957/1185/1185 511/525/525 510/524/524
f 511/525/525 971/1199/1199 970/1198/1198
f 1171/1399/1399 724/773/773 725/774/774
f 722/771/771 952/1180/1180 1148/1376/1376
f 954/1182/1182 508/522/522 507/521/521
f 955/1183/1183 509/523/523 508/522/522
f 723/772/772 1148/1376/1376 1149/1377/1377
f 560/574/574 1026/1254/1254 1027/1255/1255
f 561/575/575 1032/1260/1260 1031/1259/1259
f 562/576/576 1033/1261/1261 1032/1260/1260
f 1024/1252/1252 558/572/572 777/845/845
f 1029/1257/1257 558/572/572 559/573/573
f 776/844/844 777/845/845 558/572/572
f 952/1180/1180 506/520/520 505/519/519
f 504/518/518 950/1178/1178 951/1179/1179
f 950/1178/1178 504/518/518 503/517/517
f 947/1175/1175 501/515/515 751/818/818
f 630/689/689 691/740/740 690/739/739
f 1211/1439/1439 557/571/571 550/919/919
f 461/920/920 1211/1439/1439 550/919/919
f 1213/1441/1441 838/1062/1062 603/1009/1009
f 420/1010/1010 1213/1441/1441 603/1009/1009
f 1214/1442/1442 721/770/770 714/897/897
f 490/898/898 1214/1442/1442 714/897/897
f 1215/1443/1443 452/460/460 725/807/807
f 433/808/808 1215/1443/1443 725/807/807
f 677/718/718 526/540/540 1204/1432/1432
f 678/719/719 677/718/718 1204/1432/1432
f 690/739/739 655/687/687 656/688/688
f 821/1028/1028 1994/2222/2222 822/1029/1029
f 2002/2230/2230 1270/1498/1498 1284/1512/1512
f 598/614/614 885/1113/1113 395/397/397
f 395/397/397 6/396/396 598/614/614
f 1241/1469/1469 5/395/395 6/396/396
f 6/396/396 1207/1435/1435 1241/1469/1469
f 227/611/611 1230/1458/1458 226/610/610
f 831/1045/1045 927/1155/1155 227/611/611
f 831/1045/1045 221/400/400 927/1155/1155
f 1242/1470/1470 928/1156/1156 1256/1484/1484
f 1208/1436/1436 1243/1471/1471 898/1126/1126
f 1243/1471/1471 1208/1436/1436 1257/1485/1485
f 897/1125/1125 44/512/512 499/513/513
f 897/1125/1125 835/1059/1059 834/1056/1056
f 38/1058/1058 1231/1459/1459 39/1057/1057
f 1244/1472/1472 188/1069/1069 189/1070/1070
f 189/1070/1070 1209/1437/1437 1244/1472/1472
f 189/1070/1070 837/1061/1061 843/1071/1071
f 259/1047/1047 832/1048/1048 972/1200/1200
f 1210/1438/1438 1232/1460/1460 971/1199/1199
f 971/1199/1199 832/1048/1048 1210/1438/1438
f 557/571/571 1216/1444/1444 556/570/570
f 1216/1444/1444 1211/1439/1439 1223/1451/1451
f 1217/1445/1445 463/917/917 462/918/918
f 1217/1445/1445 462/918/918 1212/1440/1440
f 1218/1446/1446 418/1007/1007 419/1008/1008
f 1218/1446/1446 419/1008/1008 838/1062/1062
f 838/1062/1062 1219/1447/1447 839/1063/1063
f 1219/1447/1447 1213/1441/1441 1225/1453/1453
f 721/770/770 1220/1448/1448 720/769/769
f 1220/1448/1448 1214/1442/1442 1226/1454/1454
f 1221/1449/1449 488/895/895 489/896/896
f 1221/1449/1449 489/896/896 721/770/770
f 452/460/460 1222/1450/1450 453/461/461
f 1222/1450/1450 1215/1443/1443 1227/1455/1455
f 1228/1456/1456 435/805/805 434/806/806
f 1228/1456/1456 434/806/806 452/460/460
f 2550/2778/2778 2549/2777/2777 879/1107/1107
f 1223/1451/1451 1211/1439/1439 461/920/920
f 464/916/916 463/917/917 1271/1499/1499
f 1224/1452/1452 2096/2324/2324 1233/1461/1461
f 417/1006/1006 418/1007/1007 1272/1500/1500
f 838/1062/1062 4303/4531/4531 1234/1462/1462
f 924/1152/1152 1986/2214/2214 1985/2213/2213
f 1225/1453/1453 1213/1441/1441 420/1010/1010
f 894/1122/1122 1988/2216/2216 1987/2215/2215
f 1226/1454/1454 1214/1442/1442 490/898/898
f 487/894/894 488/895/895 1273/1501/1501
f 721/770/770 4304/4532/4532 1235/1463/1463
f 967/1195/1195 1947/2175/2175 3314/3542/3542
f 1227/1455/1455 1215/1443/1443 433/808/808
f 436/804/804 435/805/805 1274/1502/1502
f 1228/1456/1456 2467/2695/2695 1236/1464/1464
f 1216/1444/1444 1223/1451/1451 1245/1473/1473
f 461/920/920 460/921/921 1223/1451/1451
f 1217/1445/1445 1224/1452/1452 1233/1461/1461
f 557/571/571 556/570/570 1224/1452/1452
f 1218/1446/1446 838/1062/1062 1234/1462/1462
f 1219/1447/1447 1225/1453/1453 1246/1474/1474
f 420/1010/1010 421/1011/1011 1225/1453/1453
f 1220/1448/1448 1226/1454/1454 1247/1475/1475
f 490/898/898 491/899/899 1226/1454/1454
f 1221/1449/1449 721/770/770 1235/1463/1463
f 1222/1450/1450 1227/1455/1455 1248/1476/1476
f 433/808/808 432/809/809 1227/1455/1455
f 452/460/460 453/461/461 1228/1456/1456
f 1229/1457/1457 1948/2176/2176 884/1112/1112
f 466/914/914 1275/1503/1503 1276/1504/1504
f 1250/1478/1478 2289/2517/2517 1238/1466/1466
f 424/1014/1014 1983/2211/2211 423/1013/1013
f 2296/2524/2524 1231/1459/1459 1252/1480/1480
f 494/902/902 1984/2212/2212 493/901/901
f 1232/1460/1460 1950/2178/2178 971/1199/1199
f 1262/1490/1490 1989/2217/2217 1261/1489/1489
f 1217/1445/1445 1271/1499/1499 463/917/917
f 881/1109/1109 882/1110/1110 1952/2180/2180
f 1218/1446/1446 1272/1500/1500 418/1007/1007
f 922/1150/1150 921/1149/1149 1954/2182/2182
f 1221/1449/1449 1273/1501/1501 488/895/895
f 892/1120/1120 891/1119/1119 1957/2185/2185
f 1228/1456/1456 1274/1502/1502 435/805/805
f 968/1196/1196 969/1197/1197 1960/2188/2188
f 1237/1465/1465 1249/1477/1477 1229/1457/1457
f 76/1066/1066 77/1065/1065 1237/1465/1465
f 226/610/610 2289/2517/2517 1624/1852/1852
f 1238/1466/1466 926/1154/1154 1251/1479/1479
f 39/1057/1057 2296/2524/2524 1633/1861/1861
f 1239/1467/1467 896/1124/1124 1253/1481/1481
f 1240/1468/1468 1254/1482/1482 1232/1460/1460
f 259/1047/1047 260/1046/1046 1240/1468/1468
f 1263/1491/1491 2115/2343/2343 1255/1483/1483
f 1255/1483/1483 2115/2343/2343 1241/1469/1469
f 1962/2190/2190 928/1156/1156 1242/1470/1470
f 929/1157/1157 1962/2190/2190 2547/2775/2775
f 1243/1471/1471 1968/2196/2196 898/1126/1126
f 1628/1856/1856 496/906/906 1629/1857/1857
f 4319/4547/4547 1258/1486/1486 1265/1493/1493
f 1244/1472/1472 1258/1486/1486 4319/4547/4547
f 1946/2174/2174 1216/1444/1444 4332/4560/4560
f 879/1107/1107 2549/2777/2777 878/1106/1106
f 1219/1447/1447 1618/1846/1846 1617/1845/1845
f 924/1152/1152 1985/2213/2213 925/1153/1153
f 1220/1448/1448 1768/1996/1996 1767/1995/1995
f 894/1122/1122 1987/2215/2215 895/1123/1123
f 1947/2175/2175 1222/1450/1450 2973/3201/3201
f 2539/2767/2767 1945/2173/2173 2537/2765/2765
f 1229/1457/1457 1249/1477/1477 1275/1503/1503
f 1276/1504/1504 77/1065/1065 78/913/913
f 422/1012/1012 423/1013/1013 1978/2206/2206
f 1251/1479/1479 926/1154/1154 925/1153/1153
f 1250/1478/1478 1238/1466/1466 1251/1479/1479
f 1251/1479/1479 1259/1487/1487 1250/1478/1478
f 492/900/900 493/901/901 1980/2208/2208
f 1253/1481/1481 896/1124/1124 895/1123/1123
f 1252/1480/1480 1239/1467/1467 1253/1481/1481
f 1253/1481/1481 1260/1488/1488 1252/1480/1480
f 1232/1460/1460 1254/1482/1482 1261/1489/1489
f 1262/1490/1490 260/1046/1046 261/801/801
f 5/395/395 2115/2343/2343 1414/1642/1642
f 1255/1483/1483 886/1114/1114 1264/1492/1492
f 222/399/399 1242/1470/1470 1256/1484/1484
f 221/400/400 222/399/399 1256/1484/1484
f 43/511/511 1243/1471/1471 1257/1485/1485
f 44/512/512 43/511/511 1257/1485/1485
f 188/1069/1069 4319/4547/4547 1818/2046/2046
f 1258/1486/1486 973/1201/1201 1266/1494/1494
f 1978/2206/2206 1983/2211/2211 2551/2779/2779
f 1986/2214/2214 2282/2510/2510 1618/1846/1846
f 1984/2212/2212 1252/1480/1480 1980/2208/2208
f 1988/2216/2216 2421/2649/2649 1768/1996/1996
f 1950/2178/2178 2543/2771/2771 1951/2179/2179
f 1960/2188/2188 969/1197/1197 1961/2189/2189
f 1262/1490/1490 1261/1489/1489 1254/1482/1482
f 261/801/801 438/802/802 1262/1490/1490
f 469/909/909 468/910/910 1990/2218/2218
f 1973/2201/2201 1972/2200/2200 498/908/908
f 4305/4533/4533 1263/1491/1491 1255/1483/1483
f 4305/4533/4533 1992/2220/2220 1267/1495/1495
f 441/797/797 440/798/798 1991/2219/2219
f 442/796/796 1967/2195/2195 1966/2194/2194
f 4306/4534/4534 1265/1493/1493 1258/1486/1486
f 4306/4534/4534 1993/2221/2221 1268/1496/1496
f 1973/2201/2201 1267/1495/1495 1972/2200/2200
f 1970/2198/2198 1629/1857/1857 1971/2199/2199
f 1967/2195/2195 1268/1496/1496 1966/2194/2194
f 1626/1854/1854 1965/2193/2193 1964/2192/2192
f 1292/1520/1520 1997/2225/2225 1996/2224/2224
f 1283/1511/1511 1293/1521/1521 1290/1518/1518
f 689/738/738 1294/1522/1522 1295/1523/1523
f 1291/1519/1519 1284/1512/1512 1270/1498/1498
f 1275/1503/1503 2008/2236/2236 1280/1508/1508
f 1217/1445/1445 1233/1461/1461 1271/1499/1499
f 417/1006/1006 2003/2231/2231 416/1005/1005
f 1218/1446/1446 1234/1462/1462 1272/1500/1500
f 487/894/894 2005/2233/2233 486/893/893
f 1221/1449/1449 1235/1463/1463 1273/1501/1501
f 437/803/803 436/804/804 2007/2235/2235
f 1228/1456/1456 1236/1464/1464 1274/1502/1502
f 2540/2768/2768 1948/2176/2176 1229/1457/1457
f 464/916/916 2008/2236/2236 465/915/915
f 1276/1504/1504 1275/1503/1503 1249/1477/1477
f 78/913/913 466/914/914 1276/1504/1504
f 415/1004/1004 416/1005/1005 2004/2232/2232
f 1956/2184/2184 1955/2183/2183 2544/2772/2772
f 485/892/892 486/893/893 2006/2234/2234
f 1959/2187/2187 1958/2186/2186 2546/2774/2774
f 1950/2178/2178 1232/1460/1460 2543/2771/2771
f 1279/1507/1507 1274/1502/1502 1961/2189/2189
f 2540/2768/2768 1949/2177/2177 1948/2176/2176
f 1280/1508/1508 1271/1499/1499 1953/2181/2181
f 672/713/713 671/712/712 1281/1509/1509
f 1285/1513/1513 673/714/714 1289/1517/1517
f 858/1086/1086 2010/2238/2238 857/1085/1085
f 649/681/681 650/682/682 1282/1510/1510
f 1283/1511/1511 1290/1518/1518 1269/1497/1497
f 526/540/540 525/539/539 1283/1511/1511
f 1294/1522/1522 689/738/738 690/739/739
f 1288/1516/1516 1294/1522/1522 1291/1519/1519
f 1470/1698/1698 674/715/715 673/714/714
f 2009/2237/2237 669/710/710 668/709/709
f 856/1084/1084 857/1085/1085 2975/3203/3203
f 2013/2241/2241 650/682/682 651/683/683
f 1994/2222/2222 1269/1497/1497 1995/2223/2223
f 524/538/538 2016/2244/2244 1301/1529/1529
f 1295/1523/1523 2017/2245/2245 688/737/737
f 1808/2036/2036 1811/2039/2039 1806/2034/2034
f 1289/1517/1517 673/714/714 672/713/713
f 1285/1513/1513 1289/1517/1517 2009/2237/2237
f 1996/2224/2224 1995/2223/2223 1269/1497/1497
f 1290/1518/1518 1293/1521/1521 1287/1515/1515
f 1291/1519/1519 1294/1522/1522 1284/1512/1512
f 3864/4092/4092 1288/1516/1516 1303/1531/1531
f 2554/2782/2782 2553/2781/2781 2000/2228/2228
f 2133/2361/2361 2130/2358/2358 1422/1650/1650
f 1287/1515/1515 1293/1521/1521 1301/1529/1529
f 1293/1521/1521 1283/1511/1511 525/539/539
f 1294/1522/1522 690/739/739 1284/1512/1512
f 688/737/737 689/738/738 1295/1523/1523
f 688/737/737 2017/2245/2245 687/736/736
f 1294/1522/1522 1288/1516/1516 1295/1523/1523
f 1810/2038/2038 1808/2036/2036 4317/4545/4545
f 850/1078/1078 2976/3204/3204 849/1077/1077
f 1290/1518/1518 1996/2224/2224 1269/1497/1497
f 2556/2784/2784 1292/1520/1520 1299/1527/1527
f 1999/2227/2227 2000/2228/2228 1997/2225/2225
f 1422/1650/1650 1421/1649/1649 2135/2363/2363
f 1299/1527/1527 1292/1520/1520 1297/1525/1525
f 1298/1526/1526 1299/1527/1527 2130/2358/2358
f 1421/1649/1649 1422/1650/1650 1420/1648/1648
f 1420/1648/1648 1419/1647/1647 1421/1649/1649
f 1300/1528/1528 1287/1515/1515 1301/1529/1529
f 1301/1529/1529 2016/2244/2244 1300/1528/1528
f 686/735/735 1807/2035/2035 1805/2033/2033
f 851/1079/1079 852/1080/1080 2451/2679/2679
f 1303/1531/1531 1288/1516/1516 1291/1519/1519
f 1303/1531/1531 1304/1532/1532 1296/1524/1524
f 3678/3906/3906 2014/2242/2242 3676/3904/3904
f 2021/2249/2249 634/658/658 635/659/659
f 1305/1533/1533 2026/2254/2254 2024/2252/2252
f 2563/2791/2791 2564/2792/2792 1976/2204/2204
f 861/1089/1089 2030/2258/2258 2565/2793/2793
f 2033/2261/2261 2032/2260/2260 794/933/933
f 456/464/464 787/934/934 1307/1535/1535
f 456/464/464 2037/2265/2265 457/465/465
f 2038/2266/2266 4323/4551/4551 458/466/466
f 1330/1558/1558 459/467/467 458/466/466
f 1308/1536/1536 1309/1537/1537 1311/1539/1539
f 795/935/935 796/936/936 1309/1537/1537
f 2037/2265/2265 1308/1536/1536 2038/2266/2266
f 1310/1538/1538 1316/1544/1544 1314/1542/1542
f 2038/2266/2266 1308/1536/1536 1314/1542/1542
f 1310/1538/1538 1311/1539/1539 1313/1541/1541
f 460/468/468 459/467/467 1328/1556/1556
f 1325/1553/1553 1329/1557/1557 1327/1555/1555
f 1310/1538/1538 1318/1546/1546 1317/1545/1545
f 1313/1541/1541 796/936/936 1320/1548/1548
f 1314/1542/1542 1308/1536/1536 1311/1539/1539
f 1333/1561/1561 1312/1540/1540 1316/1544/1544
f 1312/1540/1540 1331/1559/1559 4323/4551/4551
f 1334/1562/1562 1337/1565/1565 1339/1567/1567
f 1316/1544/1544 1312/1540/1540 1314/1542/1542
f 1316/1544/1544 1317/1545/1545 1315/1543/1543
f 4307/4535/4535 1341/1569/1569 1339/1567/1567
f 798/938/938 1321/1549/1549 797/937/937
f 1317/1545/1545 1318/1546/1546 1319/1547/1547
f 1320/1548/1548 796/936/936 797/937/937
f 2042/2270/2270 2040/2268/2268 2043/2271/2271
f 1319/1547/1547 798/938/938 2039/2267/2267
f 1318/1546/1546 1313/1541/1541 1320/1548/1548
f 1318/1546/1546 1321/1549/1549 1319/1547/1547
f 1321/1549/1549 798/938/938 1319/1547/1547
f 1320/1548/1548 797/937/937 1321/1549/1549
f 800/940/940 801/941/941 2049/2277/2277
f 2042/2270/2270 2039/2267/2267 2041/2269/2269
f 804/944/944 805/945/945 2052/2280/2280
f 804/944/944 3330/3558/3558 803/943/943
f 864/1092/1092 863/1091/1091 2053/2281/2281
f 1324/1552/1552 2054/2282/2282 2053/2281/2281
f 1336/1564/1564 1019/1247/1247 1020/1248/1248
f 1328/1556/1556 459/467/467 1330/1558/1558
f 1326/1554/1554 1327/1555/1555 1021/1249/1249
f 1327/1555/1555 1326/1554/1554 1328/1556/1556
f 1020/1248/1248 1021/1249/1249 1327/1555/1555
f 1327/1555/1555 1329/1557/1557 1020/1248/1248
f 1325/1553/1553 1327/1555/1555 1328/1556/1556
f 1325/1553/1553 1328/1556/1556 1330/1558/1558
f 1342/1570/1570 1340/1568/1568 1018/1246/1246
f 1332/1560/1560 1325/1553/1553 1331/1559/1559
f 1330/1558/1558 1331/1559/1559 1325/1553/1553
f 4323/4551/4551 1331/1559/1559 1330/1558/1558
f 1325/1553/1553 1332/1560/1560 1329/1557/1557
f 1333/1561/1561 1316/1544/1544 1315/1543/1543
f 1334/1562/1562 1336/1564/1564 1335/1563/1563
f 1337/1565/1565 1332/1560/1560 1333/1561/1561
f 1331/1559/1559 1312/1540/1540 1333/1561/1561
f 1333/1561/1561 1332/1560/1560 1331/1559/1559
f 1017/1245/1245 2591/2819/2819 2589/2817/2817
f 1335/1563/1563 1332/1560/1560 1337/1565/1565
f 1335/1563/1563 1336/1564/1564 1329/1557/1557
f 1335/1563/1563 1337/1565/1565 1334/1562/1562
f 1336/1564/1564 1020/1248/1248 1329/1557/1557
f 1019/1247/1247 1336/1564/1564 1342/1570/1570
f 1340/1568/1568 1334/1562/1562 1339/1567/1567
f 1337/1565/1565 1333/1561/1561 1315/1543/1543
f 1017/1245/1245 2589/2817/2817 1016/1244/1244
f 2049/2277/2277 2571/2799/2799 2579/2807/2807
f 1342/1570/1570 1334/1562/1562 1340/1568/1568
f 2573/2801/2801 1338/1566/1566 1339/1567/1567
f 1018/1246/1246 2591/2819/2819 1017/1245/1245
f 1339/1567/1567 1338/1566/1566 1340/1568/1568
f 2040/2268/2268 2572/2800/2800 2982/3210/3210
f 1341/1569/1569 1315/1543/1543 2044/2272/2272
f 1342/1570/1570 1336/1564/1564 1334/1562/1562
f 1342/1570/1570 1018/1246/1246 1019/1247/1247
f 1343/1571/1571 1348/1576/1576 1347/1575/1575
f 1008/1236/1236 1380/1608/1608 1378/1606/1606
f 809/949/949 810/950/950 1344/1572/1572
f 808/948/948 809/949/949 2059/2287/2287
f 2060/2288/2288 1345/1573/1573 1348/1576/1576
f 1347/1575/1575 2061/2289/2289 1349/1577/1577
f 1346/1574/1574 1347/1575/1575 1345/1573/1573
f 579/593/593 580/594/594 1346/1574/1574
f 1347/1575/1575 1348/1576/1576 1345/1573/1573
f 1343/1571/1571 1347/1575/1575 1349/1577/1577
f 806/946/946 2584/2812/2812 2583/2811/2811
f 806/946/946 2583/2811/2811 805/945/945
f 1379/1607/1607 2087/2315/2315 2086/2314/2314
f 1349/1577/1577 580/594/594 581/595/595
f 581/953/953 2072/2300/2300 2071/2299/2299
f 2079/2307/2307 2594/2822/2822 1368/1596/1596
f 1352/1580/1580 2062/2290/2290 1351/1579/1579
f 2066/2294/2294 581/595/595 2064/2292/2292
f 580/594/594 1352/1580/1580 2068/2296/2296
f 671/728/728 672/727/727 1352/1580/1580
f 673/726/726 672/727/727 2069/2297/2297
f 1353/1581/1581 579/951/951 580/952/952
f 673/726/726 2070/2298/2298 2594/2822/2822
f 2071/2299/2299 580/952/952 581/953/953
f 1194/1422/1422 2073/2301/2301 1195/1423/1423
f 1356/1584/1584 1355/1583/1583 1357/1585/1585
f 1196/1424/1424 2093/2321/2321 2091/2319/2319
f 1357/1585/1585 1359/1587/1587 1356/1584/1584
f 2076/2304/2304 1360/1588/1588 1359/1587/1587
f 583/959/959 582/960/960 1357/1585/1585
f 673/714/714 674/715/715 2075/2303/2303
f 672/713/713 673/714/714 2077/2305/2305
f 1356/1584/1584 1359/1587/1587 1360/1588/1588
f 1358/1586/1586 1359/1587/1587 1361/1589/1589
f 1356/1584/1584 2074/2302/2302 2073/2301/2301
f 1196/1424/1424 2091/2319/2319 1197/1425/1425
f 1362/1590/1590 2075/2303/2303 1358/1586/1586
f 582/960/960 581/961/961 1361/1589/1589
f 1363/1591/1591 2077/2305/2305 1362/1590/1590
f 1362/1590/1590 1361/1589/1589 2078/2306/2306
f 580/962/962 1363/1591/1591 2078/2306/2306
f 671/712/712 672/713/713 1363/1591/1591
f 583/955/955 584/956/956 1364/1592/1592
f 1364/1592/1592 1365/1593/1593 583/955/955
f 1365/1593/1593 582/954/954 583/955/955
f 1350/1578/1578 1365/1593/1593 1367/1595/1595
f 582/954/954 2072/2300/2300 581/953/953
f 2072/2300/2300 1366/1594/1594 1368/1596/1596
f 1367/1595/1595 1369/1597/1597 1350/1578/1578
f 1199/1427/1427 1200/1428/1428 1367/1595/1595
f 1354/1582/1582 2070/2298/2298 2069/2297/2297
f 674/725/725 2079/2307/2307 675/724/724
f 1368/1596/1596 2595/2823/2823 2079/2307/2307
f 1372/1600/1600 2084/2312/2312 1373/1601/1601
f 673/726/726 674/725/725 2063/2291/2291
f 1383/1611/1611 1385/1613/1613 1384/1612/1612
f 1377/1605/1605 1371/1599/1599 1379/1607/1607
f 1371/1599/1599 1380/1608/1608 1382/1610/1610
f 1372/1600/1600 1203/1431/1431 677/722/722
f 1202/1430/1430 1373/1601/1601 1201/1429/1429
f 2082/2310/2310 1201/1429/1429 1373/1601/1601
f 2083/2311/2311 1369/1597/1597 2082/2310/2310
f 2085/2313/2313 675/724/724 676/723/723
f 1374/1602/1602 1002/1230/1230 1003/1231/1231
f 2085/2313/2313 1375/1603/1603 2067/2295/2295
f 1370/1598/1598 1375/1603/1603 2080/2308/2308
f 1376/1604/1604 1377/1605/1605 583/597/597
f 1377/1605/1605 1376/1604/1604 1378/1606/1606
f 582/596/596 583/597/597 1377/1605/1605
f 1377/1605/1605 1379/1607/1607 582/596/596
f 1371/1599/1599 1377/1605/1605 1378/1606/1606
f 1371/1599/1599 1378/1606/1606 1380/1608/1608
f 582/596/596 2086/2314/2314 581/595/595
f 1349/1577/1577 2087/2315/2315 1343/1571/1571
f 1371/1599/1599 1381/1609/1609 1379/1607/1607
f 1380/1608/1608 1008/1236/1236 2600/2828/2828
f 2596/2824/2824 2088/2316/2316 2597/2825/2825
f 1381/1609/1609 1371/1599/1599 1382/1610/1610
f 2597/2825/2825 1381/1609/1609 2596/2824/2824
f 2600/2828/2828 2601/2829/2829 2089/2317/2317
f 1006/1234/1234 1383/1611/1611 2090/2318/2318
f 584/598/598 583/597/597 1383/1611/1611
f 2090/2318/2318 1005/1233/1233 1006/1234/1234
f 1385/1613/1613 1386/1614/1614 1384/1612/1612
f 1384/1612/1612 1386/1614/1614 1370/1598/1598
f 583/597/597 582/596/596 1385/1613/1613
f 674/725/725 2065/2293/2293 2063/2291/2291
f 1370/1598/1598 1386/1614/1614 2065/2293/2293
f 2094/2322/2322 675/716/716 676/717/717
f 1360/1588/1588 2093/2321/2321 2074/2302/2302
f 1458/1686/1686 522/536/536 1460/1688/1688
f 1462/1690/1690 1461/1689/1689 1388/1616/1616
f 1468/1696/1696 524/538/538 1471/1699/1699
f 677/718/718 676/717/717 1389/1617/1617
f 525/539/539 1389/1617/1617 1471/1699/1699
f 1467/1695/1695 1388/1616/1616 1466/1694/1694
f 556/570/570 2096/2324/2324 1224/1452/1452
f 2096/2324/2324 1391/1619/1619 1952/2180/2180
f 867/1095/1095 866/1094/1094 1392/1620/1620
f 867/1095/1095 2097/2325/2325 868/1096/1096
f 1396/1624/1624 2098/2326/2326 1393/1621/1621
f 464/472/472 1395/1623/1623 463/471/471
f 1394/1622/1622 1395/1623/1623 1393/1621/1621
f 999/1227/1227 998/1226/1226 1394/1622/1622
f 1393/1621/1621 1395/1623/1623 1396/1624/1624
f 1395/1623/1623 1397/1625/1625 463/471/471
f 2098/2326/2326 2097/2325/2325 1393/1621/1621
f 464/472/472 465/473/473 2099/2327/2327
f 1397/1625/1625 462/470/470 463/471/471
f 1397/1625/1625 1394/1622/1622 998/1226/1226
f 463/471/471 462/470/470 1398/1626/1626
f 463/471/471 2106/2334/2334 464/472/472
f 2605/2833/2833 465/473/473 2607/2835/2835
f 465/473/473 2605/2833/2833 466/474/474
f 1399/1627/1627 1400/1628/1628 1402/1630/1630
f 997/1225/1225 996/1224/1224 1400/1628/1628
f 2107/2335/2335 2106/2334/2334 1399/1627/1627
f 2107/2335/2335 1403/1631/1631 2607/2835/2835
f 2107/2335/2335 1399/1627/1627 1405/1633/1633
f 1401/1629/1629 1402/1630/1630 1404/1632/1632
f 2605/2833/2833 2108/2336/2336 2606/2834/2834
f 4/477/477 467/476/476 2610/2838/2838
f 1401/1629/1629 1409/1637/1637 1408/1636/1636
f 1404/1632/1632 996/1224/1224 2113/2341/2341
f 1405/1633/1633 1399/1627/1627 1402/1630/1630
f 3954/4182/4182 1403/1631/1631 1407/1635/1635
f 2108/2336/2336 3953/4181/4181 2608/2836/2836
f 469/479/479 2791/3019/3019 498/510/510
f 1407/1635/1635 1403/1631/1631 1405/1633/1633
f 1407/1635/1635 1408/1636/1636 1406/1634/1634
f 2140/2368/2368 2637/2865/2865 2621/2849/2849
f 3881/4109/4109 2112/2340/2340 2613/2841/2841
f 3881/4109/4109 1408/1636/1636 1409/1637/1637
f 2113/2341/2341 996/1224/1224 995/1223/1223
f 869/1097/1097 2101/2329/2329 2104/2332/2332
f 2102/2330/2330 2099/2327/2327 465/473/473
f 467/912/912 78/913/913 1411/1639/1639
f 1411/1639/1639 1412/1640/1640 467/912/912
f 1412/1640/1640 4/911/911 467/912/912
f 1415/1643/1643 1412/1640/1640 1413/1641/1641
f 1412/1640/1640 1415/1643/1643 5/395/395
f 2114/2342/2342 76/1066/1066 598/614/614
f 468/910/910 1414/1642/1642 1990/2218/2218
f 4/911/911 5/395/395 1414/1642/1642
f 1415/1643/1643 2114/2342/2342 598/614/614
f 598/614/614 6/396/396 1415/1643/1643
f 466/474/474 78/475/475 2103/2331/2331
f 872/1100/1100 871/1099/1099 2119/2347/2347
f 2120/2348/2348 874/1102/1102 873/1101/1101
f 4/477/477 468/478/478 2122/2350/2350
f 469/479/479 2125/2353/2353 2619/2847/2847
f 2619/2847/2847 468/478/478 469/479/479
f 1419/1647/1647 2129/2357/2357 522/536/536
f 522/536/536 521/535/535 1419/1647/1647
f 1419/1647/1647 1420/1648/1648 2129/2357/2357
f 1300/1528/1528 1422/1650/1650 2130/2358/2358
f 1420/1648/1648 1422/1650/1650 1300/1528/1528
f 665/706/706 664/705/705 1421/1649/1649
f 2133/2361/2361 2131/2359/2359 2130/2358/2358
f 664/705/705 2135/2363/2363 1421/1649/1649
f 3181/3409/3409 1135/1363/1363 1136/1364/1364
f 988/1216/1216 987/1215/1215 2140/2368/2368
f 3009/3237/3237 3010/3238/3238 2630/2858/2858
f 3009/3237/3237 984/1212/1212 983/1211/1211
f 1430/1658/1658 1429/1657/1657 1425/1653/1653
f 2650/2878/2878 2146/2374/2374 2651/2879/2879
f 977/1205/1205 2144/2372/2372 978/1206/1206
f 821/1028/1028 1428/1656/1656 1426/1654/1654
f 3019/3247/3247 2646/2874/2874 2642/2870/2870
f 1429/1657/1657 2147/2375/2375 1431/1659/1659
f 1428/1656/1656 1429/1657/1657 1427/1655/1655
f 821/1028/1028 822/1029/1029 1428/1656/1656
f 1429/1657/1657 1430/1658/1658 1427/1655/1655
f 1425/1653/1653 1429/1657/1657 1431/1659/1659
f 980/1208/1208 2642/2870/2870 2641/2869/2869
f 980/1208/1208 2641/2869/2869 981/1209/1209
f 1425/1653/1653 1431/1659/1659 2650/2878/2878
f 1431/1659/1659 822/1029/1029 823/1030/1030
f 2656/2884/2884 660/701/701 659/700/700
f 827/1034/1034 826/1033/1033 2151/2379/2379
f 2152/2380/2380 3023/3251/3251 657/698/698
f 2684/2912/2912 830/1037/1037 829/1036/1036
f 665/706/706 2155/2383/2383 664/705/705
f 1435/1663/1663 1434/1662/1662 1436/1664/1664
f 2686/2914/2914 663/704/704 2688/2916/2916
f 663/704/704 2686/2914/2914 662/703/703
f 1435/1663/1663 1436/1664/1664 1438/1666/1666
f 520/534/534 519/533/533 1436/1664/1664
f 2155/2383/2383 1435/1663/1663 2156/2384/2384
f 2158/2386/2386 518/532/532 517/531/531
f 2156/2384/2384 1435/1663/1663 1441/1669/1669
f 1437/1665/1665 1438/1666/1666 1440/1668/1668
f 2690/2918/2918 660/701/701 661/702/702
f 1453/1681/1681 1449/1677/1677 1455/1683/1683
f 1437/1665/1665 1445/1673/1673 1444/1672/1672
f 519/533/533 518/532/532 1440/1668/1668
f 1441/1669/1669 1435/1663/1663 1438/1666/1666
f 4438/4666/4666 1439/1667/1667 1443/1671/1671
f 2689/2917/2917 2687/2915/2915 2157/2385/2385
f 1449/1677/1677 1447/1675/1675 1455/1683/1683
f 1443/1671/1671 1439/1667/1667 1441/1669/1669
f 1442/1670/1670 1443/1671/1671 1451/1679/1679
f 1447/1675/1675 1449/1677/1677 1448/1676/1676
f 1450/1678/1678 1457/1685/1685 1456/1684/1684
f 1444/1672/1672 1445/1673/1673 1446/1674/1674
f 1440/1668/1668 518/532/532 1445/1673/1673
f 1444/1672/1672 1446/1674/1674 1448/1676/1676
f 1446/1674/1674 517/531/531 1450/1678/1678
f 1451/1679/1679 1444/1672/1672 1449/1677/1677
f 587/601/601 1456/1684/1684 586/600/600
f 1448/1676/1676 1449/1677/1677 1444/1672/1672
f 1448/1676/1676 1450/1678/1678 1447/1675/1675
f 1453/1681/1681 1451/1679/1679 1449/1677/1677
f 1447/1675/1675 2163/2391/2391 1455/1683/1683
f 1450/1678/1678 1456/1684/1684 1447/1675/1675
f 1450/1678/1678 517/531/531 516/530/530
f 1451/1679/1679 1443/1671/1671 1444/1672/1672
f 1451/1679/1679 1453/1681/1681 3430/3658/3658
f 4439/4667/4667 3892/4120/4120 2689/2917/2917
f 590/604/604 2161/2389/2389 589/603/603
f 1451/1679/1679 3430/3658/3658 1442/1670/1670
f 1452/1680/1680 1453/1681/1681 1454/1682/1682
f 2693/2921/2921 2692/2920/2920 3033/3261/3261
f 588/602/602 589/603/603 2162/2390/2390
f 1454/1682/1682 2163/2391/2391 2162/2390/2390
f 2163/2391/2391 587/601/601 588/602/602
f 1456/1684/1684 587/601/601 1447/1675/1675
f 1456/1684/1684 1457/1685/1685 586/600/600
f 585/599/599 586/600/600 1457/1685/1685
f 1457/1685/1685 516/530/530 585/599/599
f 666/707/707 2164/2392/2392 667/708/708
f 1459/1687/1687 1458/1686/1686 1460/1688/1688
f 1462/1690/1690 1464/1692/1692 1459/1687/1687
f 1461/1689/1689 1460/1688/1688 1463/1691/1691
f 1460/1688/1688 1461/1689/1689 1459/1687/1687
f 522/536/536 523/537/537 1460/1688/1688
f 1461/1689/1689 1462/1690/1690 1459/1687/1687
f 1388/1616/1616 1461/1689/1689 1463/1691/1691
f 2164/2392/2392 1459/1687/1687 1464/1692/1692
f 1285/1513/1513 1469/1697/1697 1470/1698/1698
f 1463/1691/1691 1466/1694/1694 1388/1616/1616
f 523/537/537 524/538/538 1463/1691/1691
f 668/709/709 667/708/708 1464/1692/1692
f 668/709/709 1464/1692/1692 2009/2237/2237
f 1462/1690/1690 1388/1616/1616 1465/1693/1693
f 1464/1692/1692 1462/1690/1690 1469/1697/1697
f 1388/1616/1616 1467/1695/1695 1465/1693/1693
f 1466/1694/1694 1468/1696/1696 1390/1618/1618
f 1467/1695/1695 674/715/715 1465/1693/1693
f 675/716/716 1467/1695/1695 2095/2323/2323
f 1389/1617/1617 1390/1618/1618 1471/1699/1699
f 1468/1696/1696 1463/1691/1691 524/538/538
f 1285/1513/1513 1470/1698/1698 673/714/714
f 1462/1690/1690 1465/1693/1693 1469/1697/1697
f 1465/1693/1693 674/715/715 1470/1698/1698
f 1470/1698/1698 1469/1697/1697 1465/1693/1693
f 1471/1699/1699 524/538/538 525/539/539
f 1471/1699/1699 1390/1618/1618 1468/1696/1696
f 566/620/620 565/621/621 2167/2395/2395
f 1478/1706/1706 2169/2397/2397 2168/2396/2396
f 2172/2400/2400 645/968/968 646/969/969
f 1473/1701/1701 2172/2400/2400 646/969/969
f 2166/2394/2394 644/967/967 645/968/968
f 2169/2397/2397 2170/2398/2398 567/619/619
f 1475/1703/1703 1477/1705/1705 1474/1702/1702
f 1039/1267/1267 1040/1268/1268 1475/1703/1703
f 1478/1706/1706 1474/1702/1702 1477/1705/1705
f 1480/1708/1708 569/617/617 2171/2399/2399
f 2172/2400/2400 1474/1702/1702 2173/2401/2401
f 1476/1704/1704 1477/1705/1705 1479/1707/1707
f 2167/2395/2395 1472/1700/1700 2168/2396/2396
f 1477/1705/1705 1476/1704/1704 1478/1706/1706
f 1476/1704/1704 2174/2402/2402 1480/1708/1708
f 1040/1268/1268 1041/1269/1269 1479/1707/1707
f 2170/2398/2398 1476/1704/1704 2171/2399/2399
f 569/617/617 1480/1708/1708 1524/1752/1752
f 565/621/621 564/622/622 1481/1709/1709
f 565/621/621 1481/1709/1709 2167/2395/2395
f 1482/1710/1710 670/711/711 564/622/622
f 669/710/710 1483/1711/1711 668/709/709
f 667/708/708 1595/1823/1823 1592/1820/1820
f 565/621/621 1599/1827/1827 1482/1710/1710
f 1488/1716/1716 1486/1714/1714 1484/1712/1712
f 1492/1720/1720 1490/1718/1718 1484/1712/1712
f 1485/1713/1713 1486/1714/1714 1034/1262/1262
f 647/972/972 646/973/973 1485/1713/1713
f 1486/1714/1714 1035/1263/1263 1034/1262/1262
f 1487/1715/1715 1485/1713/1713 646/973/973
f 1484/1712/1712 1486/1714/1714 1487/1715/1715
f 1484/1712/1712 1487/1715/1715 1498/1726/1726
f 1493/1721/1721 1036/1264/1264 1035/1263/1263
f 1490/1718/1718 1489/1717/1717 1491/1719/1719
f 1488/1716/1716 1491/1719/1719 1493/1721/1721
f 1489/1717/1717 567/581/581 1495/1723/1723
f 1490/1718/1718 1491/1719/1719 1488/1716/1716
f 1490/1718/1718 1492/1720/1720 1489/1717/1717
f 1494/1722/1722 1036/1264/1264 1493/1721/1721
f 1491/1719/1719 1495/1723/1723 4308/4536/4536
f 1492/1720/1720 1496/1724/1724 1489/1717/1717
f 1496/1724/1724 1492/1720/1720 1497/1725/1725
f 1493/1721/1721 1035/1263/1263 1488/1716/1716
f 1036/1264/1264 1494/1722/1722 1037/1265/1265
f 1494/1722/1722 1499/1727/1727 1037/1265/1265
f 568/582/582 4308/4536/4536 1495/1723/1723
f 1491/1719/1719 1489/1717/1717 1495/1723/1723
f 1491/1719/1719 4308/4536/4536 1494/1722/1722
f 567/581/581 1489/1717/1717 1496/1724/1724
f 1496/1724/1724 566/580/580 567/581/581
f 566/580/580 2193/2421/2421 565/579/579
f 2192/2420/2420 1518/1746/1746 1497/1725/1725
f 1498/1726/1726 1497/1725/1725 1492/1720/1720
f 1498/1726/1726 645/974/974 2192/2420/2420
f 1499/1727/1727 1038/1266/1266 1037/1265/1265
f 569/583/583 570/584/584 1499/1727/1727
f 2176/2404/2404 643/667/667 642/666/666
f 1500/1728/1728 2176/2404/2404 642/666/666
f 2177/2405/2405 4324/4552/4552 644/668/668
f 1533/1761/1761 645/669/669 644/668/668
f 1501/1729/1729 1502/1730/1730 1504/1732/1732
f 809/979/979 808/980/980 1502/1730/1730
f 2176/2404/2404 1501/1729/1729 2177/2405/2405
f 1509/1737/1737 1507/1735/1735 1503/1731/1731
f 2177/2405/2405 1501/1729/1729 1507/1735/1735
f 1503/1731/1731 1504/1732/1732 1506/1734/1734
f 646/670/670 645/669/669 1531/1759/1759
f 1526/1754/1754 1532/1760/1760 1530/1758/1758
f 1503/1731/1731 1511/1739/1739 1510/1738/1738
f 1506/1734/1734 808/980/980 1513/1741/1741
f 1507/1735/1735 1501/1729/1729 1504/1732/1732
f 1536/1764/1764 1505/1733/1733 1509/1737/1737
f 1505/1733/1733 1534/1762/1762 4324/4552/4552
f 1537/1765/1765 1540/1768/1768 1542/1770/1770
f 1509/1737/1737 1505/1733/1733 1507/1735/1735
f 1509/1737/1737 1510/1738/1738 1508/1736/1736
f 4309/4537/4537 1544/1772/1772 1542/1770/1770
f 806/982/982 1514/1742/1742 807/981/981
f 1510/1738/1738 1511/1739/1739 1512/1740/1740
f 1513/1741/1741 808/980/980 807/981/981
f 2184/2412/2412 2183/2411/2411 2182/2410/2410
f 1512/1740/1740 806/982/982 2179/2407/2407
f 1511/1739/1739 1506/1734/1734 1513/1741/1741
f 1511/1739/1739 1514/1742/1742 1512/1740/1740
f 1514/1742/1742 806/982/982 1512/1740/1740
f 1513/1741/1741 807/981/981 1514/1742/1742
f 565/579/579 564/578/578 1515/1743/1743
f 566/580/580 565/579/579 2187/2415/2415
f 566/580/580 2188/2416/2416 2189/2417/2417
f 2190/2418/2418 643/667/667 644/668/668
f 644/975/975 643/976/976 1518/1746/1746
f 564/578/578 565/579/579 1517/1745/1745
f 1518/1746/1746 2192/2420/2420 644/975/975
f 1518/1746/1746 2193/2421/2421 1497/1725/1725
f 1593/1821/1821 1594/1822/1822 1519/1747/1747
f 1590/1818/1818 1592/1820/1820 1591/1819/1819
f 2195/2423/2423 568/618/618 569/617/617
f 1520/1748/1748 516/530/530 517/531/531
f 2195/2423/2423 1521/1749/1749 2194/2422/2422
f 1523/1751/1751 1522/1750/1750 518/532/532
f 1522/1750/1750 1523/1751/1751 1521/1749/1749
f 517/531/531 518/532/532 1522/1750/1750
f 1519/1747/1747 1521/1749/1749 1523/1751/1751
f 1591/1819/1819 1519/1747/1747 2265/2493/2493
f 1042/1270/1270 1524/1752/1752 2175/2403/2403
f 570/616/616 569/617/617 1524/1752/1752
f 1546/1774/1774 1085/1313/1313 1548/1776/1776
f 1550/1778/1778 1549/1777/1777 1525/1753/1753
f 1539/1767/1767 1082/1310/1310 1083/1311/1311
f 1531/1759/1759 645/669/669 1533/1761/1761
f 1527/1755/1755 1089/1317/1317 570/584/584
f 1088/1316/1316 1528/1756/1756 1087/1315/1315
f 1087/1315/1315 1552/1780/1780 1551/1779/1779
f 1554/1782/1782 1553/1781/1781 1552/1780/1780
f 1084/1312/1312 647/671/671 1529/1757/1757
f 1529/1757/1757 1530/1758/1758 1084/1312/1312
f 1530/1758/1758 1083/1311/1311 1084/1312/1312
f 1531/1759/1759 1529/1757/1757 646/670/670
f 1526/1754/1754 1530/1758/1758 1531/1759/1759
f 1526/1754/1754 1531/1759/1759 1533/1761/1761
f 1545/1773/1773 1543/1771/1771 1081/1309/1309
f 1535/1763/1763 1526/1754/1754 1534/1762/1762
f 1533/1761/1761 1534/1762/1762 1526/1754/1754
f 4324/4552/4552 1534/1762/1762 1533/1761/1761
f 1526/1754/1754 1535/1763/1763 1532/1760/1760
f 1536/1764/1764 1509/1737/1737 1508/1736/1736
f 1537/1765/1765 1539/1767/1767 1538/1766/1766
f 1540/1768/1768 1535/1763/1763 1536/1764/1764
f 1534/1762/1762 1505/1733/1733 1536/1764/1764
f 1536/1764/1764 1535/1763/1763 1534/1762/1762
f 1080/1308/1308 2698/2926/2926 2696/2924/2924
f 1538/1766/1766 1535/1763/1763 1540/1768/1768
f 1538/1766/1766 1539/1767/1767 1532/1760/1760
f 1538/1766/1766 1540/1768/1768 1537/1765/1765
f 1539/1767/1767 1083/1311/1311 1532/1760/1760
f 1082/1310/1310 1539/1767/1767 1545/1773/1773
f 1537/1765/1765 1542/1770/1770 1543/1771/1771
f 1540/1768/1768 1536/1764/1764 1508/1736/1736
f 2696/2924/2924 1079/1307/1307 1080/1308/1308
f 1077/1305/1305 1078/1306/1306 2703/2931/2931
f 1545/1773/1773 1537/1765/1765 1543/1771/1771
f 1541/1769/1769 1542/1770/1770 1544/1772/1772
f 1081/1309/1309 2698/2926/2926 1080/1308/1308
f 1542/1770/1770 1541/1769/1769 1543/1771/1771
f 2180/2408/2408 2178/2406/2406 2183/2411/2411
f 1544/1772/1772 1508/1736/1736 2186/2414/2414
f 1545/1773/1773 1539/1767/1767 1537/1765/1765
f 1545/1773/1773 1081/1309/1309 1082/1310/1310
f 646/670/670 2197/2425/2425 645/669/669
f 1547/1775/1775 1546/1774/1774 1548/1776/1776
f 2191/2419/2419 644/668/668 645/669/669
f 1549/1777/1777 1548/1776/1776 1551/1779/1779
f 1548/1776/1776 1549/1777/1777 1547/1775/1775
f 1085/1313/1313 1086/1314/1314 1548/1776/1776
f 1549/1777/1777 1550/1778/1778 1547/1775/1775
f 1525/1753/1753 1549/1777/1777 1551/1779/1779
f 645/669/669 2197/2425/2425 2198/2426/2426
f 2187/2415/2415 1516/1744/1744 2188/2416/2416
f 1551/1779/1779 1552/1780/1780 1525/1753/1753
f 1086/1314/1314 1087/1315/1315 1551/1779/1779
f 1552/1780/1780 1553/1781/1781 1525/1753/1753
f 1552/1780/1780 1087/1315/1315 1528/1756/1756
f 1550/1778/1778 1525/1753/1753 2189/2417/2417
f 568/582/582 1553/1781/1781 1554/1782/1782
f 569/583/583 568/582/582 1554/1782/1782
f 1554/1782/1782 1527/1755/1755 569/583/583
f 2723/2951/2951 3443/3671/3671 2237/2465/2465
f 802/986/986 801/987/987 2202/2430/2430
f 1072/1300/1300 1579/1807/1807 1577/1805/1805
f 2206/2434/2434 2204/2432/2432 1567/1795/1795
f 796/992/992 1561/1789/1789 2204/2432/2432
f 1557/1785/1785 1562/1790/1790 1564/1792/1792
f 1558/1786/1786 1559/1787/1787 795/993/993
f 1559/1787/1787 1558/1786/1786 1560/1788/1788
f 796/992/992 795/993/993 1559/1787/1787
f 1559/1787/1787 1561/1789/1789 796/992/992
f 1557/1785/1785 1559/1787/1787 1560/1788/1788
f 1557/1785/1785 1560/1788/1788 1562/1790/1790
f 1567/1795/1795 2721/2949/2949 1556/1784/1784
f 1563/1791/1791 1565/1793/1793 1564/1792/1792
f 1565/1793/1793 1557/1785/1785 1564/1792/1792
f 1562/1790/1790 415/419/419 4310/4538/4538
f 1072/1300/1300 1073/1301/1301 2236/2464/2464
f 1573/1801/1801 1572/1800/1800 1571/1799/1799
f 1557/1785/1785 1565/1793/1793 1561/1789/1789
f 1563/1791/1791 1564/1792/1792 1566/1794/1794
f 1565/1793/1793 1567/1795/1795 1561/1789/1789
f 2234/2462/2462 2235/2463/2463 1563/1791/1791
f 1575/1803/1803 1572/1800/1800 1573/1801/1801
f 416/420/420 417/421/421 2205/2433/2433
f 1567/1795/1795 2204/2432/2432 1561/1789/1789
f 797/991/991 2206/2434/2434 798/990/990
f 2216/2444/2444 1568/1796/1796 2218/2446/2446
f 2219/2447/2447 2217/2445/2445 414/1003/1003
f 1569/1797/1797 2224/2452/2452 2222/2450/2450
f 2715/2943/2943 2226/2454/2454 2231/2459/2459
f 418/422/422 417/421/421 2716/2944/2944
f 2225/2453/2453 931/1159/1159 2227/2455/2455
f 417/421/421 418/422/422 2232/2460/2460
f 419/423/423 1070/1298/1298 1571/1799/1799
f 2233/2461/2461 1566/1794/1794 1576/1804/1804
f 1573/1801/1801 1571/1799/1799 1070/1298/1298
f 1575/1803/1803 1576/1804/1804 1572/1800/1800
f 1070/1298/1298 1071/1299/1299 1573/1801/1801
f 4325/4553/4553 2235/2463/2463 2234/2462/2462
f 1071/1299/1299 1577/1805/1805 1573/1801/1801
f 2205/2433/2433 1572/1800/1800 1576/1804/1804
f 1574/1802/1802 1575/1803/1803 1577/1805/1805
f 1566/1794/1794 2233/2461/2461 1563/1791/1791
f 1575/1803/1803 1574/1802/1802 1576/1804/1804
f 1577/1805/1805 1579/1807/1807 1574/1802/1802
f 1071/1299/1299 1072/1300/1300 1577/1805/1805
f 1578/1806/1806 1580/1808/1808 1579/1807/1807
f 2233/2461/2461 1580/1808/1808 2234/2462/2462
f 1579/1807/1807 1580/1808/1808 1574/1802/1802
f 1578/1806/1806 1579/1807/1807 2236/2464/2464
f 1574/1802/1802 1580/1808/1808 2233/2461/2461
f 2209/2437/2437 2208/2436/2436 1556/1784/1784
f 2724/2952/2952 589/603/603 588/602/602
f 590/604/604 589/603/603 3477/3705/3705
f 1582/1810/1810 1583/1811/1811 586/600/600
f 1583/1811/1811 1582/1810/1810 1584/1812/1812
f 587/601/601 586/600/600 1583/1811/1811
f 587/601/601 2239/2467/2467 588/602/602
f 1584/1812/1812 1585/1813/1813 1581/1809/1809
f 1066/1294/1294 1065/1293/1293 1584/1812/1812
f 2246/2474/2474 3053/3281/3281 3055/3283/3283
f 2242/2470/2470 2240/2468/2468 1064/1292/1292
f 657/698/698 658/699/699 2253/2481/2481
f 2253/2481/2481 2755/2983/2983 657/698/698
f 2764/2992/2992 595/609/609 594/608/608
f 393/393/393 2887/3115/3115 2888/3116/3116
f 1058/1286/1286 3449/3677/3677 3061/3289/3289
f 3256/3484/3484 3254/3482/3482 4363/4591/4591
f 1050/1278/1278 2772/3000/3000 1051/1279/1279
f 2270/2498/2498 3138/3366/3366 3536/3764/3764
f 520/534/534 521/535/535 1590/1818/1818
f 520/534/534 1590/1818/1818 2264/2492/2492
f 2264/2492/2492 519/533/533 520/534/534
f 1592/1820/1820 1593/1821/1821 1591/1819/1819
f 1591/1819/1819 1593/1821/1821 1519/1747/1747
f 666/707/707 667/708/708 1592/1820/1820
f 1594/1822/1822 2194/2422/2422 1519/1747/1747
f 1596/1824/1824 1598/1826/1826 1483/1711/1711
f 2266/2494/2494 567/619/619 1594/1822/1822
f 1597/1825/1825 1594/1822/1822 1596/1824/1824
f 1594/1822/1822 1593/1821/1821 1596/1824/1824
f 1595/1823/1823 667/708/708 1598/1826/1826
f 2266/2494/2494 1594/1822/1822 1597/1825/1825
f 1483/1711/1711 1598/1826/1826 668/709/709
f 566/620/620 1599/1827/1827 565/621/621
f 1596/1824/1824 1483/1711/1711 1597/1825/1825
f 1598/1826/1826 667/708/708 668/709/709
f 1596/1824/1824 1595/1823/1823 1598/1826/1826
f 1597/1825/1825 1483/1711/1711 1599/1827/1827
f 1599/1827/1827 566/620/620 1597/1825/1825
f 1046/1274/1274 2267/2495/2495 1047/1275/1275
f 1046/1274/1274 420/424/424 1600/1828/1828
f 4345/4573/4573 2771/2999/2999 2262/2490/2490
f 1605/1833/1833 1604/1832/1832 4356/4584/4584
f 1601/1829/1829 1602/1830/1830 1604/1832/1832
f 421/425/425 422/426/426 1602/1830/1830
f 1588/1816/1816 3100/3328/3328 2259/2487/2487
f 2271/2499/2499 1606/1834/1834 423/427/427
f 1604/1832/1832 1605/1833/1833 1601/1829/1829
f 1603/1831/1831 1604/1832/1832 1606/1834/1834
f 2267/2495/2495 1601/1829/1829 2268/2496/2496
f 3136/3364/3364 1603/1831/1831 3135/3363/3363
f 1603/1831/1831 2271/2499/2499 1607/1835/1835
f 422/426/426 423/427/427 1606/1834/1834
f 1589/1817/1817 1605/1833/1833 3534/3762/3762
f 2270/2498/2498 2269/2497/2497 424/428/428
f 1610/1838/1838 1611/1839/1839 1608/1836/1836
f 2274/2502/2502 423/427/427 422/426/426
f 1609/1837/1837 1610/1838/1838 421/425/425
f 421/425/425 420/424/424 1609/1837/1837
f 422/426/426 421/425/425 1610/1838/1838
f 1610/1838/1838 1612/1840/1840 422/426/426
f 1611/1839/1839 1613/1841/1841 1608/1836/1836
f 1045/1273/1273 1044/1272/1272 1611/1839/1839
f 2274/2502/2502 422/426/426 1612/1840/1840
f 937/1165/1165 938/1166/1166 1615/1843/1843
f 1608/1836/1836 1615/1843/1843 1614/1842/1842
f 1613/1841/1841 936/1164/1164 937/1165/1165
f 2275/2503/2503 424/428/428 423/427/427
f 938/1166/1166 939/1167/1167 2272/2500/2500
f 1615/1843/1843 1608/1836/1836 1613/1841/1841
f 1615/1843/1843 938/1166/1166 1614/1842/1842
f 424/428/428 2275/2503/2503 2276/2504/2504
f 2273/2501/2501 2272/2500/2500 2280/2508/2508
f 1617/1845/1845 1618/1846/1846 923/1151/1151
f 839/1063/1063 1219/1447/1447 1617/1845/1845
f 1618/1846/1846 2282/2510/2510 923/1151/1151
f 1219/1447/1447 1246/1474/1474 1618/1846/1846
f 940/1168/1168 941/1169/1169 2281/2509/2509
f 2277/2505/2505 2778/3006/3006 1619/1847/1847
f 426/432/432 223/431/431 2284/2512/2512
f 426/432/432 2284/2512/2512 2779/3007/3007
f 1622/1850/1850 831/1045/1045 1621/1849/1849
f 831/1045/1045 227/611/611 1621/1849/1849
f 1622/1850/1850 221/400/400 831/1045/1045
f 1622/1850/1850 1623/1851/1851 222/399/399
f 1623/1851/1851 223/1017/1017 222/399/399
f 225/1015/1015 425/1016/1016 4311/4539/4539
f 424/1014/1014 1624/1852/1852 1983/2211/2211
f 225/1015/1015 226/610/610 1624/1852/1852
f 1242/1470/1470 222/399/399 1625/1853/1853
f 1625/1853/1853 1626/1854/1854 1242/1470/1470
f 1962/2190/2190 1964/2192/2192 2547/2775/2775
f 426/1018/1018 427/1019/1019 1626/1854/1854
f 2780/3008/3008 442/450/450 2290/2518/2518
f 2293/2521/2521 2288/2516/2516 944/1172/1172
f 1243/1471/1471 43/511/511 1628/1856/1856
f 1628/1856/1856 1629/1857/1857 1243/1471/1471
f 1968/2196/2196 1970/2198/2198 2548/2776/2776
f 496/906/906 497/907/907 1629/1857/1857
f 43/511/511 44/512/512 1630/1858/1858
f 495/904/904 2295/2523/2523 40/903/903
f 1632/1860/1860 1630/1858/1858 834/1056/1056
f 39/1057/1057 1631/1859/1859 1632/1860/1860
f 1632/1860/1860 38/1058/1058 39/1057/1057
f 494/902/902 1633/1861/1861 1984/2212/2212
f 40/903/903 39/1057/1057 1633/1861/1861
f 2297/2525/2525 1634/1862/1862 2298/2526/2526
f 2299/2527/2527 2301/2529/2529 1634/1862/1862
f 3182/3410/3410 2812/3040/3040 3181/3409/3409
f 469/479/479 468/478/478 3155/3383/3383
f 2783/3011/3011 496/508/508 42/507/507
f 2307/2535/2535 1637/1865/1865 2309/2537/2537
f 2306/2534/2534 495/506/506 2307/2535/2535
f 2311/2539/2539 911/1139/1139 912/1140/1140
f 1643/1871/1871 1642/1870/1870 1641/1869/1869
f 491/501/501 1644/1872/1872 1645/1873/1873
f 2327/2555/2555 2329/2557/2557 2805/3033/3033
f 1635/1863/1863 3141/3369/3369 3148/3376/3376
f 1144/1372/1372 1651/1879/1879 2319/2547/2547
f 2804/3032/3032 2315/2543/2543 2803/3031/3031
f 1147/1375/1375 907/1135/1135 1641/1869/1869
f 1147/1375/1375 1641/1869/1869 1642/1870/1870
f 1146/1374/1374 1147/1375/1375 1642/1870/1870
f 490/500/500 1146/1374/1374 2317/2545/2545
f 1638/1866/1866 1642/1870/1870 1643/1871/1871
f 2793/3021/3021 4327/4555/4555 1638/1866/1866
f 1642/1870/1870 1638/1866/1866 1644/1872/1872
f 1642/1870/1870 2317/2545/2545 1146/1374/1374
f 492/502/502 1646/1874/1874 493/503/503
f 1644/1872/1872 1638/1866/1866 1645/1873/1873
f 493/503/503 1646/1874/1874 2318/2546/2546
f 910/1138/1138 2792/3020/3020 909/1137/1137
f 2318/2546/2546 494/504/504 493/503/503
f 2312/2540/2540 2311/2539/2539 1637/1865/1865
f 1648/1876/1876 1649/1877/1877 1145/1373/1373
f 1649/1877/1877 1648/1876/1876 1650/1878/1878
f 1144/1372/1372 1145/1373/1373 1649/1877/1877
f 1649/1877/1877 1651/1879/1879 1144/1372/1372
f 1640/1868/1868 1649/1877/1877 1650/1878/1878
f 1640/1868/1868 1650/1878/1878 3170/3398/3398
f 2327/2555/2555 2325/2553/2553 2316/2544/2544
f 2321/2549/2549 2800/3028/3028 2319/2547/2547
f 3014/3242/3242 829/1036/1036 3360/3588/3588
f 1423/1651/1651 2635/2863/2863 3358/3586/3586
f 639/663/663 640/664/664 2336/2564/2564
f 638/662/662 3319/3547/3547 2978/3206/3206
f 849/1077/1077 848/1076/1076 2339/2567/2567
f 2339/2567/2567 2823/3051/3051 849/1077/1077
f 637/661/661 2340/2568/2568 2826/3054/3054
f 638/662/662 2827/3055/3055 639/663/663
f 852/1080/1080 851/1079/1079 2343/2571/2571
f 1784/2012/2012 2433/2661/2661 2432/2660/2660
f 1659/1887/1887 1657/1885/1885 1661/1889/1889
f 1663/1891/1891 1661/1889/1889 1657/1885/1885
f 633/657/657 632/656/656 1658/1886/1886
f 1658/1886/1886 1659/1887/1887 633/657/657
f 1659/1887/1887 634/658/658 633/657/657
f 1660/1888/1888 1658/1886/1886 1125/1353/1353
f 1657/1885/1885 1659/1887/1887 1660/1888/1888
f 1657/1885/1885 1660/1888/1888 1668/1896/1896
f 4312/4540/4540 635/659/659 634/658/658
f 1663/1891/1891 2346/2574/2574 1664/1892/1892
f 2349/2577/2577 4352/4580/4580 2839/3067/3067
f 1126/1354/1354 1127/1355/1355 1667/1895/1895
f 1661/1889/1889 1664/1892/1892 4312/4540/4540
f 1666/1894/1894 4352/4580/4580 1663/1891/1891
f 2344/2572/2572 636/660/660 635/659/659
f 2346/2574/2574 2345/2573/2573 1664/1892/1892
f 3172/3400/3400 2332/2560/2560 3173/3401/3401
f 1127/1355/1355 1128/1356/1356 2351/2579/2579
f 1663/1891/1891 4352/4580/4580 1662/1890/1890
f 1666/1894/1894 1667/1895/1895 1665/1893/1893
f 1665/1893/1893 1667/1895/1895 2351/2579/2579
f 1660/1888/1888 1126/1354/1354 1668/1896/1896
f 1668/1896/1896 1666/1894/1894 1657/1885/1885
f 1668/1896/1896 1126/1354/1354 1667/1895/1895
f 653/685/685 654/686/686 2355/2583/2583
f 2557/2785/2785 652/684/684 2558/2786/2786
f 655/687/687 4313/4541/4541 654/686/686
f 4313/4541/4541 1670/1898/1898 2352/2580/2580
f 487/497/497 2356/2584/2584 2846/3074/3074
f 2359/2587/2587 903/1131/1131 904/1132/1132
f 2363/2591/2591 487/497/497 488/498/498
f 1672/1900/1900 2363/2591/2591 488/498/498
f 2364/2592/2592 4328/4556/4556 486/496/496
f 1696/1924/1924 485/495/495 486/496/496
f 1673/1901/1901 1674/1902/1902 1676/1904/1904
f 1121/1349/1349 1120/1348/1348 1674/1902/1902
f 2363/2591/2591 1673/1901/1901 2364/2592/2592
f 1681/1909/1909 1679/1907/1907 1675/1903/1903
f 2364/2592/2592 1673/1901/1901 1679/1907/1907
f 1675/1903/1903 1676/1904/1904 1678/1906/1906
f 484/494/494 485/495/495 1694/1922/1922
f 1691/1919/1919 1695/1923/1923 1693/1921/1921
f 1675/1903/1903 1683/1911/1911 1682/1910/1910
f 1678/1906/1906 1120/1348/1348 1685/1913/1913
f 1679/1907/1907 1673/1901/1901 1676/1904/1904
f 1699/1927/1927 1677/1905/1905 1681/1909/1909
f 1677/1905/1905 1697/1925/1925 4328/4556/4556
f 1700/1928/1928 1703/1931/1931 1705/1933/1933
f 1681/1909/1909 1677/1905/1905 1679/1907/1907
f 1681/1909/1909 1682/1910/1910 1680/1908/1908
f 4314/4542/4542 1707/1935/1935 1705/1933/1933
f 1118/1346/1346 1686/1914/1914 1119/1347/1347
f 1682/1910/1910 1683/1911/1911 1684/1912/1912
f 1685/1913/1913 1120/1348/1348 1119/1347/1347
f 2368/2596/2596 2366/2594/2594 2369/2597/2597
f 1684/1912/1912 1118/1346/1346 2365/2593/2593
f 1683/1911/1911 1678/1906/1906 1685/1913/1913
f 1683/1911/1911 1686/1914/1914 1684/1912/1912
f 1686/1914/1914 1118/1346/1346 1684/1912/1912
f 1685/1913/1913 1119/1347/1347 1686/1914/1914
f 1116/1344/1344 1115/1343/1343 2375/2603/2603
f 2368/2596/2596 2365/2593/2593 2367/2595/2595
f 1112/1340/1340 1111/1339/1339 2377/2605/2605
f 1113/1341/1341 3216/3444/3444 2857/3085/3085
f 1959/2187/2187 890/1118/1118 2380/2608/2608
f 484/891/891 2383/2611/2611 2382/2610/2610
f 1690/1918/1918 2386/2614/2614 2385/2613/2613
f 2387/2615/2615 485/495/495 484/494/494
f 1702/1930/1930 757/879/879 756/880/880
f 1694/1922/1922 485/495/495 1696/1924/1924
f 1692/1920/1920 1693/1921/1921 755/881/881
f 747/882/882 484/494/494 1692/1920/1920
f 1693/1921/1921 756/880/880 755/881/881
f 1694/1922/1922 1692/1920/1920 484/494/494
f 1691/1919/1919 1693/1921/1921 1694/1922/1922
f 1691/1919/1919 1694/1922/1922 1696/1924/1924
f 1708/1936/1936 1706/1934/1934 758/878/878
f 1698/1926/1926 1691/1919/1919 1697/1925/1925
f 1696/1924/1924 1697/1925/1925 1691/1919/1919
f 4328/4556/4556 1697/1925/1925 1696/1924/1924
f 1691/1919/1919 1698/1926/1926 1695/1923/1923
f 1699/1927/1927 1681/1909/1909 1680/1908/1908
f 1700/1928/1928 1702/1930/1930 1701/1929/1929
f 1703/1931/1931 1698/1926/1926 1699/1927/1927
f 1697/1925/1925 1677/1905/1905 1699/1927/1927
f 1699/1927/1927 1698/1926/1926 1697/1925/1925
f 759/877/877 2875/3103/3103 2873/3101/3101
f 1701/1929/1929 1698/1926/1926 1703/1931/1931
f 1701/1929/1929 1702/1930/1930 1695/1923/1923
f 1701/1929/1929 1703/1931/1931 1700/1928/1928
f 1702/1930/1930 756/880/880 1695/1923/1923
f 757/879/879 1702/1930/1930 1708/1936/1936
f 1706/1934/1934 1700/1928/1928 1705/1933/1933
f 1703/1931/1931 1699/1927/1927 1680/1908/1908
f 759/877/877 2873/3101/3101 760/876/876
f 2375/2603/2603 2852/3080/3080 2859/3087/3087
f 1708/1936/1936 1700/1928/1928 1706/1934/1934
f 2854/3082/3082 1704/1932/1932 1705/1933/1933
f 758/878/878 2875/3103/3103 759/877/877
f 1705/1933/1933 1704/1932/1932 1706/1934/1934
f 2366/2594/2594 2853/3081/3081 3207/3435/3435
f 1707/1935/1935 1680/1908/1908 2370/2598/2598
f 1708/1936/1936 1702/1930/1930 1700/1928/1928
f 1708/1936/1936 758/878/878 757/879/879
f 1109/1337/1337 2863/3091/3091 1110/1338/1338
f 1747/1975/1975 1745/1973/1973 1749/1977/1977
f 1107/1335/1335 783/1055/1055 1710/1938/1938
f 1108/1336/1336 1107/1335/1335 2390/2618/2618
f 1717/1945/1945 1711/1939/1939 1715/1943/1943
f 1712/1940/1940 1714/1942/1942 1711/1939/1939
f 1714/1942/1942 1713/1941/1941 1715/1943/1943
f 782/1054/1054 781/1053/1053 1712/1940/1940
f 1749/1977/1977 1745/1973/1973 768/868/868
f 781/1053/1053 1716/1944/1944 1712/1940/1940
f 1714/1942/1942 1715/1943/1943 1711/1939/1939
f 1713/1941/1941 1714/1942/1942 1716/1944/1944
f 2390/2618/2618 1711/1939/1939 1717/1945/1945
f 1715/1943/1943 1713/1941/1941 1709/1937/1937
f 1716/1944/1944 1718/1946/1946 1713/1941/1941
f 781/1053/1053 780/1052/1052 1716/1944/1944
f 1109/1337/1337 1108/1336/1336 1717/1945/1945
f 2863/3091/3091 2862/3090/3090 1110/1338/1338
f 1752/1980/1980 2879/3107/3107 1746/1974/1974
f 1743/1971/1971 1745/1973/1973 1744/1972/1972
f 1729/1957/1957 780/1052/1052 781/1053/1053
f 1720/1948/1948 1733/1961/1961 2393/2621/2621
f 1734/1962/1962 1723/1951/1951 1105/1333/1333
f 654/692/692 653/693/693 2394/2622/2622
f 1721/1949/1949 1722/1950/1950 782/1054/1054
f 783/1055/1055 1106/1334/1334 1721/1949/1949
f 1722/1950/1950 781/1053/1053 782/1054/1054
f 1723/1951/1951 1721/1949/1949 1106/1334/1334
f 1719/1947/1947 1722/1950/1950 1723/1951/1951
f 1719/1947/1947 1723/1951/1951 1734/1962/1962
f 1727/1955/1955 1726/1954/1954 1725/1953/1953
f 652/694/694 1731/1959/1959 1725/1953/1953
f 1724/1952/1952 1719/1947/1947 1726/1954/1954
f 1729/1957/1957 1724/1952/1952 1727/1955/1955
f 1726/1954/1954 1727/1955/1955 1724/1952/1952
f 1726/1954/1954 1728/1956/1956 1725/1953/1953
f 1729/1957/1957 1730/1958/1958 780/1052/1052
f 1731/1959/1959 652/694/694 651/695/695
f 652/694/694 1725/1953/1953 1732/1960/1960
f 2393/2621/2621 1104/1332/1332 2392/2620/2620
f 1729/1957/1957 781/1053/1053 1724/1952/1952
f 780/1052/1052 1730/1958/1958 779/1051/1051
f 1730/1958/1958 1735/1963/1963 779/1051/1051
f 651/695/695 4315/4543/4543 1731/1959/1959
f 1727/1955/1955 1725/1953/1953 1731/1959/1959
f 1727/1955/1955 4315/4543/4543 1730/1958/1958
f 653/693/693 652/694/694 1732/1960/1960
f 2394/2622/2622 653/693/693 1733/1961/1961
f 1732/1960/1960 1728/1956/1956 1733/1961/1961
f 1733/1961/1961 653/693/693 1732/1960/1960
f 1728/1956/1956 1734/1962/1962 1733/1961/1961
f 1734/1962/1962 1105/1333/1333 2393/2621/2621
f 1735/1963/1963 778/1050/1050 779/1051/1051
f 650/696/696 649/697/697 1735/1963/1963
f 2420/2648/2648 652/694/694 2398/2626/2626
f 2396/2624/2624 2395/2623/2623 1092/1320/1320
f 654/692/692 1737/1965/1965 2397/2625/2625
f 1737/1965/1965 1094/1322/1322 1093/1321/1321
f 1738/1966/1966 1102/1330/1330 655/691/691
f 1103/1331/1331 1738/1966/1966 2392/2620/2620
f 1757/1985/1985 1096/1324/1324 2416/2644/2644
f 654/686/686 653/685/685 2403/2631/2631
f 1839/2067/2067 1740/1968/1968 1841/2069/2069
f 1286/1514/1514 2012/2240/2240 2011/2239/2239
f 780/863/863 1766/1994/1994 781/862/862
f 650/696/696 651/695/695 2405/2633/2633
f 1742/1970/1970 778/865/865 649/697/697
f 779/864/864 1742/1970/1970 2404/2632/2632
f 778/1050/1050 2407/2635/2635 779/1051/1051
f 1743/1971/1971 2407/2635/2635 778/1050/1050
f 2881/3109/3109 1709/1937/1937 1713/1941/1941
f 1745/1973/1973 1743/1971/1971 769/867/867
f 1744/1972/1972 1745/1973/1973 1747/1975/1975
f 769/867/867 768/868/868 1745/1973/1973
f 1748/1976/1976 1744/1972/1972 1747/1975/1975
f 1751/1979/1979 1750/1978/1978 1752/1980/1980
f 2391/2619/2619 1744/1972/1972 1748/1976/1976
f 1746/1974/1974 1747/1975/1975 1749/1977/1977
f 1718/1946/1946 4329/4557/4557 1713/1941/1941
f 1747/1975/1975 1746/1974/1974 1748/1976/1976
f 1749/1977/1977 1751/1979/1979 1746/1974/1974
f 768/868/868 767/869/869 1749/1977/1977
f 2879/3107/3107 2410/2638/2638 1748/1976/1976
f 1750/1978/1978 2409/2637/2637 2878/3106/3106
f 1751/1979/1979 1752/1980/1980 1746/1974/1974
f 1750/1978/1978 1751/1979/1979 2408/2636/2636
f 2865/3093/3093 2867/3095/3095 2864/3092/3092
f 2884/3112/3112 2883/3111/3111 2882/3110/3110
f 1753/1981/1981 1763/1991/1991 1762/1990/1990
f 1765/1993/1993 1763/1991/1991 1753/1981/1981
f 2413/2641/2641 2402/2630/2630 653/685/685
f 1755/1983/1983 1757/1985/1985 1756/1984/1984
f 1755/1983/1983 2415/2643/2643 782/857/857
f 1095/1323/1323 1757/1985/1985 1755/1983/1983
f 2415/2643/2643 781/856/856 782/857/857
f 1757/1985/1985 1758/1986/1986 1756/1984/1984
f 1756/1984/1984 1758/1986/1986 1754/1982/1982
f 1095/1323/1323 1096/1324/1324 1757/1985/1985
f 2886/3114/3114 1754/1982/1982 1758/1986/1986
f 2400/2628/2628 1739/1967/1967 2401/2629/2629
f 2418/2646/2646 651/683/683 650/682/682
f 2414/2642/2642 1759/1987/1987 2411/2639/2639
f 650/682/682 649/681/681 1760/1988/1988
f 650/682/682 1760/1988/1988 2418/2646/2646
f 1761/1989/1989 1762/1990/1990 1090/1318/1318
f 783/860/860 782/861/861 1761/1989/1989
f 1762/1990/1990 1091/1319/1319 1090/1318/1318
f 1753/1981/1981 1762/1990/1990 1764/1992/1992
f 1091/1319/1319 2396/2624/2624 1092/1320/1320
f 2396/2624/2624 1763/1991/1991 1765/1993/1993
f 1764/1992/1992 1766/1994/1994 1753/1981/1981
f 782/861/861 781/862/862 1764/1992/1992
f 2397/2625/2625 1736/1964/1964 2398/2626/2626
f 651/695/695 652/694/694 2406/2634/2634
f 1753/1981/1981 2419/2647/2647 1765/1993/1993
f 1741/1969/1969 1766/1994/1994 2404/2632/2632
f 1767/1995/1995 1768/1996/1996 893/1121/1121
f 720/769/769 1220/1448/1448 1767/1995/1995
f 1768/1996/1996 2421/2649/2649 893/1121/1121
f 1220/1448/1448 1247/1475/1475 1768/1996/1996
f 1186/1414/1414 2895/3123/3123 1185/1413/1413
f 394/394/394 3847/4075/4075 2887/3115/3115
f 1773/2001/2001 1770/1998/1998 1775/2003/2003
f 1770/1998/1998 1780/2008/2008 1777/2005/2005
f 2900/3128/3128 1191/1419/1419 2428/2656/2656
f 3634/3862/3862 3637/3865/3865 3241/3469/3469
f 1772/2000/2000 1773/2001/2001 386/386/386
f 385/385/385 680/729/729 1772/2000/2000
f 1773/2001/2001 387/387/387 386/386/386
f 1774/2002/2002 1772/2000/2000 680/729/729
f 1770/1998/1998 1773/2001/2001 1774/2002/2002
f 1770/1998/1998 1774/2002/2002 1785/2013/2013
f 4316/4544/4544 388/388/388 387/387/387
f 4349/4577/4577 1778/2006/2006 1777/2005/2005
f 1778/2006/2006 1775/2003/2003 1777/2005/2005
f 2430/2658/2658 4350/4578/4578 2903/3131/3131
f 1775/2003/2003 1778/2006/2006 4316/4544/4544
f 1780/2008/2008 1781/2009/2009 1777/2005/2005
f 389/389/389 388/388/388 2430/2658/2658
f 2430/2658/2658 2903/3131/3131 389/389/389
f 1780/2008/2008 1779/2007/2007 1781/2009/2009
f 1803/2031/2031 1787/2015/2015 2436/2664/2664
f 1777/2005/2005 1781/2009/2009 1776/2004/2004
f 1780/2008/2008 1782/2010/2010 1779/2007/2007
f 1781/2009/2009 1783/2011/2011 1776/2004/2004
f 1786/2014/2014 2432/2660/2660 1783/2011/2011
f 1779/2007/2007 1782/2010/2010 2436/2664/2664
f 1774/2002/2002 681/730/730 1785/2013/2013
f 4350/4578/4578 4349/4577/4577 4351/4579/4579
f 2832/3060/3060 2831/3059/3059 2342/2570/2570
f 2343/2571/2571 1656/1884/1884 2433/2661/2661
f 1802/2030/2030 854/1082/1082 1804/2032/2032
f 1785/2013/2013 1780/2008/2008 1770/1998/1998
f 1785/2013/2013 681/730/730 1782/2010/2010
f 1786/2014/2014 1783/2011/2011 1781/2009/2009
f 1786/2014/2014 1787/2015/2015 1784/2012/2012
f 1803/2031/2031 1804/2032/2032 2434/2662/2662
f 683/732/732 2436/2664/2664 682/731/731
f 1788/2016/2016 2428/2656/2656 1192/1420/1420
f 1788/2016/2016 2427/2655/2655 1771/1999/1999
f 2918/3146/3146 2438/2666/2666 2452/2680/2680
f 2439/2667/2667 962/1190/1190 961/1189/1189
f 3105/3333/3333 3103/3331/3331 3482/3710/3710
f 2442/2670/2670 3251/3479/3479 3261/3489/3489
f 855/1083/1083 2444/2672/2672 856/1084/1084
f 1792/2020/2020 1791/2019/2019 1793/2021/2021
f 1796/2024/2024 1799/2027/2027 1798/2026/2026
f 446/677/677 2445/2673/2673 447/676/676
f 1792/2020/2020 1793/2021/2021 1795/2023/2023
f 684/733/733 683/732/732 1793/2021/2021
f 1798/2026/2026 1795/2023/2023 2447/2675/2675
f 1800/2028/2028 448/675/675 2446/2674/2674
f 1795/2023/2023 1798/2026/2026 1792/2020/2020
f 1794/2022/2022 1795/2023/2023 1797/2025/2025
f 1798/2026/2026 1799/2027/2027 1792/2020/2020
f 445/678/678 2448/2676/2676 446/677/677
f 1797/2025/2025 1800/2028/2028 1794/2022/2022
f 683/732/732 682/731/731 1797/2025/2025
f 2444/2672/2672 1792/2020/2020 1799/2027/2027
f 1796/2024/2024 1798/2026/2026 2447/2675/2675
f 857/1085/1085 856/1084/1084 1799/2027/2027
f 2490/2718/2718 857/1085/1085 2489/2717/2717
f 2445/2673/2673 1794/2022/2022 2446/2674/2674
f 1800/2028/2028 1837/2065/2065 448/675/675
f 1834/2062/2062 1831/2059/2059 1801/2029/2029
f 1175/1403/1403 2929/3157/3157 1174/1402/1402
f 1803/2031/2031 684/733/733 1802/2030/2030
f 1803/2031/2031 1802/2030/2030 1804/2032/2032
f 1803/2031/2031 683/732/732 684/733/733
f 1787/2015/2015 2434/2662/2662 1784/2012/2012
f 1787/2015/2015 1803/2031/2031 2434/2662/2662
f 854/1082/1082 853/1081/1081 1804/2032/2032
f 854/1082/1082 685/734/734 1805/2033/2033
f 853/1081/1081 854/1082/1082 2450/2678/2678
f 1811/2039/2039 2923/3151/3151 1812/2040/2040
f 2018/2246/2246 2017/2245/2245 1302/1530/1530
f 1806/2034/2034 1807/2035/2035 1808/2036/2036
f 686/735/735 687/736/736 1807/2035/2035
f 1806/2034/2034 1811/2039/2039 1812/2040/2040
f 4317/4545/4545 3864/4092/4092 1810/2038/2038
f 3670/3898/3898 2451/2679/2679 2923/3151/3151
f 1810/2038/2038 3864/4092/4092 3673/3901/3901
f 1810/2038/2038 1811/2039/2039 1808/2036/2036
f 3671/3899/3899 3670/3898/3898 1809/2037/2037
f 2450/2678/2678 1806/2034/2034 1812/2040/2040
f 1809/2037/2037 1811/2039/2039 3672/3900/3900
f 852/1080/1080 853/1081/1081 1812/2040/2040
f 2451/2679/2679 852/1080/1080 2923/3151/3151
f 2452/2680/2680 439/446/446 187/447/447
f 960/1188/1188 959/1187/1187 2454/2682/2682
f 438/444/444 261/445/445 2457/2685/2685
f 437/443/443 438/444/444 1827/2055/2055
f 1816/2044/2044 837/1061/1061 1815/2043/2043
f 837/1061/1061 189/1070/1070 1815/2043/2043
f 1816/2044/2044 259/1047/1047 837/1061/1061
f 1816/2044/2044 1817/2045/2045 260/1046/1046
f 1817/2045/2045 261/801/801 260/1046/1046
f 187/799/799 439/800/800 4318/4546/4546
f 1818/2046/2046 1991/2219/2219 440/798/798
f 440/798/798 187/799/799 1818/2046/2046
f 956/1184/1184 955/1183/1183 2461/2689/2689
f 1824/2052/2052 435/441/441 1823/2051/2051
f 954/1182/1182 2462/2690/2690 955/1183/1183
f 954/1182/1182 953/1181/1181 1820/2048/2048
f 436/442/442 1825/2053/2053 1823/2051/2051
f 1822/2050/2050 1824/2052/2052 1823/2051/2051
f 1821/2049/2049 1822/2050/2050 1823/2051/2051
f 1170/1398/1398 1171/1399/1399 1822/2050/2050
f 1823/2051/2051 1825/2053/2053 1821/2049/2049
f 435/441/441 436/442/442 1823/2051/2051
f 1824/2052/2052 434/440/440 435/441/441
f 1824/2052/2052 1822/2050/2050 1171/1399/1399
f 1819/2047/2047 1821/2049/2049 1825/2053/2053
f 1819/2047/2047 1825/2053/2053 1826/2054/2054
f 1826/2054/2054 1827/2055/2055 1819/2047/2047
f 436/442/442 437/443/443 1826/2054/2054
f 2461/2689/2689 1819/2047/2047 2459/2687/2687
f 2457/2685/2685 2458/2686/2686 438/444/444
f 436/442/442 435/441/441 2463/2691/2691
f 434/440/440 1172/1400/1400 1828/2056/2056
f 437/443/443 2925/3153/3153 2926/3154/3154
f 1831/2059/2059 4320/4548/4548 1833/2061/2061
f 1830/2058/2058 1831/2059/2059 1829/2057/2057
f 1172/1400/1400 1173/1401/1401 1830/2058/2058
f 1829/2057/2057 1834/2062/2062 1832/2060/2060
f 1801/2029/2029 1831/2059/2059 1833/2061/2061
f 2926/3154/3154 438/444/444 437/443/443
f 261/445/445 3116/3344/3344 439/446/446
f 1801/2029/2029 1833/2061/2061 2930/3158/3158
f 1833/2061/2061 1173/1401/1401 1174/1402/1402
f 1834/2062/2062 1829/2057/2057 1831/2059/2059
f 1834/2062/2062 1835/2063/2063 1832/2060/2060
f 2925/3153/3153 2464/2692/2692 1832/2060/2060
f 2768/2996/2996 187/447/447 3115/3343/3343
f 453/461/461 2467/2695/2695 1228/1456/1456
f 453/461/461 454/462/462 1836/2064/2064
f 681/730/730 1837/2065/2065 2449/2677/2677
f 449/674/674 448/675/675 1837/2065/2065
f 1839/2067/2067 686/735/735 1838/2066/2066
f 686/735/735 685/734/734 1838/2066/2066
f 1839/2067/2067 687/736/736 686/735/735
f 1840/2068/2068 1838/2066/2066 855/1083/1083
f 1740/1968/1968 1839/2067/2067 1840/2068/2068
f 1740/1968/1968 1840/2068/2068 2560/2788/2788
f 687/736/736 2353/2581/2581 688/737/737
f 2355/2583/2583 1669/1897/1897 2354/2582/2582
f 448/675/675 449/674/674 1842/2070/2070
f 447/676/676 448/675/675 2468/2696/2696
f 1885/2113/2113 446/677/677 2469/2697/2697
f 2470/2698/2698 1027/1255/1255 1026/1254/1254
f 1869/2097/2097 447/455/455 448/456/456
f 1864/2092/2092 1845/2073/2073 1866/2094/2094
f 1862/2090/2090 1845/2073/2073 1864/2092/2092
f 1868/2096/2096 1866/2094/2094 1845/2073/2073
f 2472/2700/2700 774/1041/1041 775/1042/1042
f 1846/2074/2074 2472/2700/2700 775/1042/1042
f 2473/2701/2701 4330/4558/4558 773/1040/1040
f 1907/2135/2135 772/1039/1039 773/1040/1040
f 1847/2075/2075 1848/2076/2076 1850/2078/2078
f 1164/1392/1392 1163/1391/1391 1848/2076/2076
f 2472/2700/2700 1847/2075/2075 2473/2701/2701
f 1855/2083/2083 1853/2081/2081 1849/2077/2077
f 2473/2701/2701 1847/2075/2075 1853/2081/2081
f 1849/2077/2077 1850/2078/2078 1852/2080/2080
f 771/1038/1038 772/1039/1039 1905/2133/2133
f 1898/2126/2126 1906/2134/2134 1904/2132/2132
f 1849/2077/2077 1857/2085/2085 1856/2084/2084
f 1852/2080/2080 1163/1391/1391 1859/2087/2087
f 1853/2081/2081 1847/2075/2075 1850/2078/2078
f 1910/2138/2138 1851/2079/2079 1855/2083/2083
f 1851/2079/2079 1908/2136/2136 4330/4558/4558
f 1911/2139/2139 1914/2142/2142 1916/2144/2144
f 1855/2083/2083 1851/2079/2079 1853/2081/2081
f 1855/2083/2083 1856/2084/2084 1854/2082/2082
f 4321/4549/4549 1918/2146/2146 1916/2144/2144
f 1161/1389/1389 1860/2088/2088 1162/1390/1390
f 1856/2084/2084 1857/2085/2085 1858/2086/2086
f 1859/2087/2087 1163/1391/1391 1162/1390/1390
f 2480/2708/2708 2479/2707/2707 2478/2706/2706
f 1858/2086/2086 1161/1389/1389 2475/2703/2703
f 1857/2085/2085 1852/2080/2080 1859/2087/2087
f 1857/2085/2085 1860/2088/2088 1858/2086/2086
f 1860/2088/2088 1161/1389/1389 1858/2086/2086
f 1859/2087/2087 1162/1390/1390 1860/2088/2088
f 1861/2089/2089 1862/2090/2090 1165/1393/1393
f 776/1043/1043 775/1042/1042 1861/2089/2089
f 1862/2090/2090 1166/1394/1394 1165/1393/1393
f 1863/2091/2091 1861/2089/2089 775/1042/1042
f 1845/2073/2073 1862/2090/2090 1863/2091/2091
f 1845/2073/2073 1863/2091/2091 1872/2100/2100
f 1864/2092/2092 1167/1395/1395 1166/1394/1394
f 1865/2093/2093 1869/2097/2097 1867/2095/2095
f 1867/2095/2095 1866/2094/2094 1865/2093/2093
f 446/454/454 447/455/455 2483/2711/2711
f 1866/2094/2094 1867/2095/2095 1864/2092/2092
f 1866/2094/2094 1868/2096/2096 1865/2093/2093
f 1867/2095/2095 1167/1395/1395 1864/2092/2092
f 1844/2072/2072 1867/2095/2095 1869/2097/2097
f 1868/2096/2096 1870/2098/2098 1865/2093/2093
f 1870/2098/2098 1868/2096/2096 1871/2099/2099
f 1869/2097/2097 448/456/456 1844/2072/2072
f 447/455/455 1869/2097/2097 2483/2711/2711
f 1870/2098/2098 2483/2711/2711 1865/2093/2093
f 1870/2098/2098 445/453/453 446/454/454
f 445/453/453 2498/2726/2726 444/452/452
f 2497/2725/2725 1895/2123/2123 1871/2099/2099
f 1872/2100/2100 1871/2099/2099 1868/2096/2096
f 1872/2100/2100 774/1041/1041 2497/2725/2725
f 2502/2730/2730 1030/1258/1258 2485/2713/2713
f 448/456/456 447/455/455 2487/2715/2715
f 1032/1260/1260 1874/2102/2102 2484/2712/2712
f 449/457/457 448/456/456 1874/2102/2102
f 1875/2103/2103 1844/2072/2072 448/456/456
f 1875/2103/2103 1169/1397/1397 1168/1396/1396
f 445/678/678 444/679/679 2488/2716/2716
f 1876/2104/2104 859/1087/1087 858/1086/1086
f 2489/2717/2717 1799/2027/2027 1796/2024/2024
f 2490/2718/2718 858/1086/1086 857/1085/1085
f 2493/2721/2721 774/848/848 773/849/849
f 1880/2108/2108 2491/2719/2719 1878/2106/2106
f 1882/2110/2110 1879/2107/2107 1884/2112/2112
f 1891/2119/2119 1888/2116/2116 1892/2120/2120
f 1880/2108/2108 771/851/851 443/680/680
f 772/850/850 1880/2108/2108 2492/2720/2720
f 1881/2109/2109 1882/2110/2110 1024/1252/1252
f 1882/2110/2110 1881/2109/2109 1883/2111/2111
f 1025/1253/1253 1024/1252/1252 1882/2110/2110
f 1882/2110/2110 1884/2112/2112 1025/1253/1253
f 1879/2107/2107 1882/2110/2110 1883/2111/2111
f 1879/2107/2107 1883/2111/2111 1892/2120/2120
f 1884/2112/2112 1026/1254/1254 1025/1253/1253
f 2469/2697/2697 2468/2696/2696 1843/2071/2071
f 1884/2112/2112 1879/2107/2107 1886/2114/2114
f 1887/2115/2115 1886/2114/2114 1885/2113/2113
f 1886/2114/2114 1887/2115/2115 1884/2112/2112
f 1886/2114/2114 1888/2116/2116 1885/2113/2113
f 1887/2115/2115 1026/1254/1254 1884/2112/2112
f 1843/2071/2071 1887/2115/2115 2469/2697/2697
f 446/677/677 1885/2113/2113 1889/2117/2117
f 1890/2118/2118 1888/2116/2116 1891/2119/2119
f 445/678/678 446/677/677 1889/2117/2117
f 2491/2719/2719 445/678/678 1890/2118/2118
f 1889/2117/2117 1888/2116/2116 1890/2118/2118
f 1890/2118/2118 445/678/678 1889/2117/2117
f 1878/2106/2106 1891/2119/2119 2492/2720/2720
f 1883/2111/2111 774/848/848 1892/2120/2120
f 1892/2120/2120 1888/2116/2116 1879/2107/2107
f 1891/2119/2119 1892/2120/2120 2493/2721/2721
f 2496/2724/2724 2486/2714/2714 447/455/455
f 1900/2128/2128 1899/2127/2127 1901/2129/2129
f 773/1040/1040 772/1039/1039 1895/2123/2123
f 443/451/451 444/452/452 1894/2122/2122
f 1895/2123/2123 2497/2725/2725 773/1040/1040
f 1895/2123/2123 2498/2726/2726 1871/2099/2099
f 2499/2727/2727 445/453/453 444/452/452
f 1896/2124/2124 771/839/839 772/840/840
f 2499/2727/2727 1897/2125/2125 2495/2723/2723
f 1893/2121/2121 1897/2125/2125 2494/2722/2722
f 1913/2141/2141 767/835/835 768/836/836
f 1905/2133/2133 772/1039/1039 1907/2135/2135
f 775/843/843 1899/2127/2127 2501/2729/2729
f 776/844/844 1029/1257/1257 1899/2127/2127
f 2501/2729/2729 774/842/842 775/843/843
f 1901/2129/2129 1902/2130/2130 1900/2128/2128
f 1900/2128/2128 1902/2130/2130 1893/2121/2121
f 1029/1257/1257 1030/1258/1258 1901/2129/2129
f 2495/2723/2723 2936/3164/3164 2496/2724/2724
f 2484/2712/2712 1873/2101/2101 2485/2713/2713
f 769/837/837 770/838/838 1903/2131/2131
f 1903/2131/2131 1904/2132/2132 769/837/837
f 1904/2132/2132 768/836/836 769/837/837
f 1905/2133/2133 1903/2131/2131 771/1038/1038
f 1898/2126/2126 1904/2132/2132 1905/2133/2133
f 1898/2126/2126 1905/2133/2133 1907/2135/2135
f 1919/2147/2147 1917/2145/2145 766/834/834
f 1909/2137/2137 1898/2126/2126 1908/2136/2136
f 1907/2135/2135 1908/2136/2136 1898/2126/2126
f 4330/4558/4558 1908/2136/2136 1907/2135/2135
f 1898/2126/2126 1909/2137/2137 1906/2134/2134
f 1910/2138/2138 1855/2083/2083 1854/2082/2082
f 1911/2139/2139 1913/2141/2141 1912/2140/2140
f 1914/2142/2142 1909/2137/2137 1910/2138/2138
f 1908/2136/2136 1851/2079/2079 1910/2138/2138
f 1910/2138/2138 1909/2137/2137 1908/2136/2136
f 765/833/833 2939/3167/3167 2937/3165/3165
f 1912/2140/2140 1909/2137/2137 1914/2142/2142
f 1912/2140/2140 1913/2141/2141 1906/2134/2134
f 1912/2140/2140 1914/2142/2142 1911/2139/2139
f 1913/2141/2141 768/836/836 1906/2134/2134
f 767/835/835 1913/2141/2141 1919/2147/2147
f 1911/2139/2139 1916/2144/2144 1917/2145/2145
f 1914/2142/2142 1910/2138/2138 1854/2082/2082
f 2937/3165/3165 764/832/832 765/833/833
f 762/830/830 763/831/831 2943/3171/3171
f 1919/2147/2147 1911/2139/2139 1917/2145/2145
f 1915/2143/2143 1916/2144/2144 1918/2146/2146
f 766/834/834 2939/3167/3167 765/833/833
f 1916/2144/2144 1915/2143/2143 1917/2145/2145
f 2476/2704/2704 2474/2702/2702 2479/2707/2707
f 1918/2146/2146 1854/2082/2082 2482/2710/2710
f 1919/2147/2147 1913/2141/2141 1911/2139/2139
f 1919/2147/2147 766/834/834 767/835/835
f 2504/2732/2732 3300/3528/3528 1157/1385/1385
f 2967/3195/3195 3685/3913/3913 3686/3914/3914
f 1153/1381/1381 2511/2739/2739 2944/3172/3172
f 1937/2165/2165 1941/2169/2169 1939/2167/2167
f 1151/1379/1379 1926/2154/2154 2508/2736/2736
f 1922/2150/2150 1927/2155/2155 1929/2157/2157
f 1150/1378/1378 433/439/439 1923/2151/2151
f 1923/2151/2151 1924/2152/2152 1150/1378/1378
f 1924/2152/2152 1151/1379/1379 1150/1378/1378
f 1925/2153/2153 1923/2151/2151 432/438/438
f 1922/2150/2150 1924/2152/2152 1925/2153/2153
f 1922/2150/2150 1925/2153/2153 1927/2155/2155
f 1932/2160/2160 2965/3193/3193 1921/2149/2149
f 1928/2156/2156 1930/2158/2158 1929/2157/2157
f 1930/2158/2158 1922/2150/2150 1929/2157/2157
f 1927/2155/2155 431/437/437 4322/4550/4550
f 757/825/825 758/826/826 2533/2761/2761
f 1937/2165/2165 1936/2164/2164 1935/2163/2163
f 1922/2150/2150 1930/2158/2158 1926/2154/2154
f 1928/2156/2156 1929/2157/2157 1931/2159/2159
f 1930/2158/2158 1932/2160/2160 1926/2154/2154
f 2531/2759/2759 2532/2760/2760 1928/2156/2156
f 1939/2167/2167 1936/2164/2164 1937/2165/2165
f 430/436/436 429/435/435 2509/2737/2737
f 1932/2160/2160 2508/2736/2736 1926/2154/2154
f 1152/1380/1380 2510/2738/2738 1153/1381/1381
f 1933/2161/2161 2521/2749/2749 2519/2747/2747
f 2959/3187/3187 2523/2751/2751 2528/2756/2756
f 429/435/435 2960/3188/3188 428/434/434
f 429/435/435 430/436/436 2528/2756/2756
f 428/434/434 2529/2757/2757 429/435/435
f 1935/2163/2163 2529/2757/2757 428/434/434
f 2530/2758/2758 1931/2159/2159 1940/2168/2168
f 1937/2165/2165 1935/2163/2163 755/823/823
f 1939/2167/2167 1940/2168/2168 1936/2164/2164
f 755/823/823 756/824/824 1937/2165/2165
f 4331/4559/4559 2532/2760/2760 2531/2759/2759
f 756/824/824 1941/2169/2169 1937/2165/2165
f 2509/2737/2737 1936/2164/2164 1940/2168/2168
f 1938/2166/2166 1939/2167/2167 1941/2169/2169
f 1931/2159/2159 2530/2758/2758 1928/2156/2156
f 1939/2167/2167 1938/2166/2166 1940/2168/2168
f 1941/2169/2169 1943/2171/2171 1938/2166/2166
f 756/824/824 757/825/825 1941/2169/2169
f 1942/2170/2170 1944/2172/2172 1943/2171/2171
f 1944/2172/2172 2531/2759/2759 2530/2758/2758
f 1943/2171/2171 1944/2172/2172 1938/2166/2166
f 1942/2170/2170 1943/2171/2171 2533/2761/2761
f 1938/2166/2166 1944/2172/2172 2530/2758/2758
f 2513/2741/2741 2512/2740/2740 1921/2149/2149
f 431/810/810 430/811/811 1982/2210/2210
f 2536/2764/2764 2538/2766/2766 1945/2173/2173
f 1946/2174/2174 555/569/569 556/570/570
f 879/1107/1107 880/1108/1108 2550/2778/2778
f 1947/2175/2175 454/462/462 453/461/461
f 966/1194/1194 967/1195/1195 3314/3542/3542
f 883/1111/1111 884/1112/1112 1948/2176/2176
f 883/1111/1111 1948/2176/2176 1949/2177/2177
f 2541/2769/2769 883/1111/1111 1949/2177/2177
f 1952/2180/2180 882/1110/1110 1953/2181/2181
f 970/1198/1198 971/1199/1199 1950/2178/2178
f 970/1198/1198 1950/2178/2178 1951/2179/2179
f 1951/2179/2179 2542/2770/2770 970/1198/1198
f 1951/2179/2179 2543/2771/2771 1279/1507/1507
f 1952/2180/2180 1391/1619/1619 881/1109/1109
f 1233/1461/1461 1952/2180/2180 1953/2181/2181
f 1953/2181/2181 1271/1499/1499 1233/1461/1461
f 1949/2177/2177 1280/1508/1508 1953/2181/2181
f 1954/2182/2182 4303/4531/4531 922/1150/1150
f 1272/1500/1500 1234/1462/1462 1955/2183/2183
f 1277/1505/1505 1955/2183/2183 1956/2184/2184
f 1955/2183/2183 1954/2182/2182 2544/2772/2772
f 2004/2232/2232 2003/2231/2231 1277/1505/1505
f 1956/2184/2184 920/1148/1148 2545/2773/2773
f 1957/2185/2185 4304/4532/4532 892/1120/1120
f 1273/1501/1501 1235/1463/1463 1958/2186/2186
f 1278/1506/1506 1958/2186/2186 1959/2187/2187
f 1958/2186/2186 1957/2185/2185 2546/2774/2774
f 1959/2187/2187 2006/2234/2234 1278/1506/1506
f 2379/2607/2607 1689/1917/1917 2380/2608/2608
f 1960/2188/2188 1836/2064/2064 968/1196/1196
f 1236/1464/1464 1960/2188/2188 1961/2189/2189
f 1961/2189/2189 1274/1502/1502 1236/1464/1464
f 1951/2179/2179 1279/1507/1507 1961/2189/2189
f 929/1157/1157 928/1156/1156 1962/2190/2190
f 2547/2775/2775 975/1203/1203 929/1157/1157
f 1966/2194/2194 1963/2191/2191 1965/2193/2193
f 1964/2192/2192 1962/2190/2190 1242/1470/1470
f 1964/2192/2192 1965/2193/2193 1963/2191/2191
f 1242/1470/1470 1626/1854/1854 1964/2192/2192
f 1268/1496/1496 1963/2191/2191 1966/2194/2194
f 1626/1854/1854 427/1019/1019 1965/2193/2193
f 1967/2195/2195 4306/4534/4534 1268/1496/1496
f 1965/2193/2193 442/796/796 1966/2194/2194
f 1967/2195/2195 1991/2219/2219 1265/1493/1493
f 1967/2195/2195 442/796/796 441/797/797
f 899/1127/1127 898/1126/1126 1968/2196/2196
f 2548/2776/2776 900/1128/1128 899/1127/1127
f 1972/2200/2200 1969/2197/2197 1971/2199/2199
f 1970/2198/2198 1968/2196/2196 1243/1471/1471
f 1970/2198/2198 1971/2199/2199 1969/2197/2197
f 1243/1471/1471 1629/1857/1857 1970/2198/2198
f 1267/1495/1495 1969/2197/2197 1972/2200/2200
f 1629/1857/1857 497/907/907 1971/2199/2199
f 1973/2201/2201 4305/4533/4533 1267/1495/1495
f 1971/2199/2199 498/908/908 1972/2200/2200
f 1973/2201/2201 1990/2218/2218 1263/1491/1491
f 1973/2201/2201 498/908/908 469/909/909
f 1974/2202/2202 1223/1451/1451 460/921/921
f 1974/2202/2202 1976/2204/2204 1245/1473/1473
f 2027/2255/2255 877/1105/1105 2029/2257/2257
f 1976/2204/2204 459/922/922 458/923/923
f 1975/2203/2203 1245/1473/1473 1976/2204/2204
f 2549/2777/2777 1975/2203/2203 2029/2257/2257
f 1977/2205/2205 1225/1453/1453 421/1011/1011
f 1977/2205/2205 1978/2206/2206 1246/1474/1474
f 1978/2206/2206 1986/2214/2214 1246/1474/1474
f 1978/2206/2206 2551/2779/2779 1259/1487/1487
f 1979/2207/2207 1226/1454/1454 491/899/899
f 1979/2207/2207 1980/2208/2208 1247/1475/1475
f 1980/2208/2208 1988/2216/2216 1247/1475/1475
f 1980/2208/2208 1252/1480/1480 1260/1488/1488
f 1981/2209/2209 1227/1455/1455 432/809/809
f 1981/2209/2209 1982/2210/2210 1248/1476/1476
f 2972/3200/3200 2973/3201/3201 2539/2767/2767
f 1982/2210/2210 2535/2763/2763 1945/2173/2173
f 1983/2211/2211 1978/2206/2206 423/1013/1013
f 1250/1478/1478 1983/2211/2211 2289/2517/2517
f 1984/2212/2212 1980/2208/2208 493/901/901
f 1252/1480/1480 1984/2212/2212 2296/2524/2524
f 1259/1487/1487 925/1153/1153 1985/2213/2213
f 1259/1487/1487 1985/2213/2213 1986/2214/2214
f 1986/2214/2214 1978/2206/2206 1259/1487/1487
f 1618/1846/1846 1246/1474/1474 1986/2214/2214
f 1260/1488/1488 895/1123/1123 1987/2215/2215
f 1260/1488/1488 1987/2215/2215 1988/2216/2216
f 1988/2216/2216 1980/2208/2208 1260/1488/1488
f 1768/1996/1996 1247/1475/1475 1988/2216/2216
f 438/802/802 437/803/803 1989/2217/2217
f 1989/2217/2217 1262/1490/1490 438/802/802
f 1990/2218/2218 1973/2201/2201 469/909/909
f 1263/1491/1491 1990/2218/2218 2115/2343/2343
f 1991/2219/2219 1967/2195/2195 441/797/797
f 1265/1493/1493 1991/2219/2219 4319/4547/4547
f 1992/2220/2220 1264/1492/1492 887/1115/1115
f 1992/2220/2220 1969/2197/2197 1267/1495/1495
f 1993/2221/2221 1266/1494/1494 974/1202/1202
f 1993/2221/2221 1963/2191/2191 1268/1496/1496
f 1994/2222/2222 1995/2223/2223 822/1029/1029
f 1269/1497/1497 1994/2222/2222 1283/1511/1511
f 823/1030/1030 1995/2223/2223 2552/2780/2780
f 1996/2224/2224 1297/1525/1525 1292/1520/1520
f 1297/1525/1525 1996/2224/2224 1290/1518/1518
f 1996/2224/2224 1997/2225/2225 1995/2223/2223
f 2552/2780/2780 2000/2228/2228 824/1031/1031
f 2657/2885/2885 826/1033/1033 825/1032/1032
f 2555/2783/2783 4335/4563/4563 4336/4564/4564
f 2556/2784/2784 2001/2229/2229 1999/2227/2227
f 2552/2780/2780 1997/2225/2225 2000/2228/2228
f 1998/2226/2226 1999/2227/2227 2001/2229/2229
f 2553/2781/2781 825/1032/1032 824/1031/1031
f 1999/2227/2227 1998/2226/2226 2000/2228/2228
f 2131/2359/2359 2015/2243/2243 2132/2360/2360
f 663/704/704 2134/2362/2362 2135/2363/2363
f 2002/2230/2230 1206/1434/1434 633/657/657
f 1303/1531/1531 1270/1498/1498 2022/2250/2250
f 2003/2231/2231 2004/2232/2232 416/1005/1005
f 2003/2231/2231 1272/1500/1500 1277/1505/1505
f 414/1003/1003 415/1004/1004 2219/2447/2447
f 2004/2232/2232 1277/1505/1505 2714/2942/2942
f 2005/2233/2233 2006/2234/2234 486/893/893
f 2005/2233/2233 1273/1501/1501 1278/1506/1506
f 485/892/892 2384/2612/2612 2383/2611/2611
f 1959/2187/2187 2380/2608/2608 2384/2612/2612
f 2007/2235/2235 1261/1489/1489 437/803/803
f 2007/2235/2235 1274/1502/1502 1279/1507/1507
f 2008/2236/2236 1275/1503/1503 465/915/915
f 2008/2236/2236 1271/1499/1499 1280/1508/1508
f 669/710/710 2009/2237/2237 1281/1509/1509
f 1285/1513/1513 2009/2237/2237 1469/1697/1697
f 2010/2238/2238 2011/2239/2239 857/1085/1085
f 2010/2238/2238 1282/1510/1510 1286/1514/1514
f 1840/2068/2068 2975/3203/3203 2560/2788/2788
f 652/684/684 2557/2785/2785 651/683/683
f 2559/2787/2787 1740/1968/1968 2560/2788/2788
f 2974/3202/3202 2353/2581/2581 1841/2069/2069
f 2013/2241/2241 1282/1510/1510 650/682/682
f 2013/2241/2241 2012/2240/2240 1286/1514/1514
f 1810/2038/2038 3672/3900/3900 1811/2039/2039
f 638/662/662 2977/3205/3205 637/661/661
f 2131/2359/2359 2132/2360/2360 2001/2229/2229
f 4338/4566/4566 4335/4563/4563 1998/2226/2226
f 2016/2244/2244 1420/1648/1648 1300/1528/1528
f 2016/2244/2244 524/538/538 523/537/537
f 2017/2245/2245 2018/2246/2246 687/736/736
f 2017/2245/2245 1295/1523/1523 1302/1530/1530
f 1807/2035/2035 687/736/736 2018/2246/2246
f 2018/2246/2246 1808/2036/2036 1807/2035/2035
f 1304/1532/1532 3865/4093/4093 1296/1524/1524
f 3678/3906/3906 2019/2247/2247 2020/2248/2248
f 2014/2242/2242 2020/2248/2248 2980/3208/3208
f 636/660/660 637/661/661 2020/2248/2248
f 634/658/658 2022/2250/2250 2002/2230/2230
f 2021/2249/2249 2019/2247/2247 1304/1532/1532
f 2021/2249/2249 1304/1532/1532 2022/2250/2250
f 2021/2249/2249 2022/2250/2250 634/658/658
f 2023/2251/2251 2024/2252/2252 788/927/927
f 2023/2251/2251 2025/2253/2253 1305/1533/1533
f 2024/2252/2252 787/926/926 788/927/927
f 456/925/925 2024/2252/2252 2026/2254/2254
f 1305/1533/1533 2025/2253/2253 2027/2255/2255
f 876/1104/1104 2025/2253/2253 790/929/929
f 457/924/924 456/925/925 2026/2254/2254
f 458/923/923 457/924/924 2563/2791/2791
f 2026/2254/2254 1305/1533/1533 2028/2256/2256
f 878/1106/1106 2029/2257/2257 877/1105/1105
f 2026/2254/2254 2563/2791/2791 457/924/924
f 2564/2792/2792 1975/2203/2203 1976/2204/2204
f 2028/2256/2256 2027/2255/2255 2029/2257/2257
f 2028/2256/2256 2029/2257/2257 2564/2792/2792
f 861/1089/1089 2565/2793/2793 862/1090/1090
f 2030/2258/2258 2032/2260/2260 1306/1534/1534
f 2566/2794/2794 2055/2283/2283 863/1091/1091
f 458/466/466 2569/2797/2797 457/465/465
f 1306/1534/1534 2032/2260/2260 2033/2261/2261
f 792/931/931 793/932/932 2567/2795/2795
f 2033/2261/2261 2034/2262/2262 1306/1534/1534
f 2033/2261/2261 2568/2796/2796 456/464/464
f 2034/2262/2262 2033/2261/2261 456/464/464
f 1306/1534/1534 2035/2263/2263 2031/2259/2259
f 2031/2259/2259 2035/2263/2263 2036/2264/2264
f 2035/2263/2263 2034/2262/2262 2569/2797/2797
f 2566/2794/2794 2565/2793/2793 2031/2259/2259
f 1324/1552/1552 2036/2264/2264 2056/2284/2284
f 2037/2265/2265 2038/2266/2266 457/465/465
f 2037/2265/2265 1307/1535/1535 1308/1536/1536
f 2038/2266/2266 458/466/466 457/465/465
f 2038/2266/2266 1314/1542/1542 1312/1540/1540
f 2039/2267/2267 2042/2270/2270 1319/1547/1547
f 799/939/939 2041/2269/2269 2039/2267/2267
f 2043/2271/2271 1319/1547/1547 2042/2270/2270
f 2045/2273/2273 2044/2272/2272 2043/2271/2271
f 2041/2269/2269 2571/2799/2799 2040/2268/2268
f 2041/2269/2269 799/939/939 2579/2807/2807
f 1319/1547/1547 2043/2271/2271 1317/1545/1545
f 2042/2270/2270 2041/2269/2269 2040/2268/2268
f 2044/2272/2272 1317/1545/1545 2043/2271/2271
f 1341/1569/1569 2045/2273/2273 2573/2801/2801
f 2044/2272/2272 1315/1543/1543 1317/1545/1545
f 2044/2272/2272 2045/2273/2273 1341/1569/1569
f 1340/1568/1568 1338/1566/1566 2591/2819/2819
f 2045/2273/2273 2043/2271/2271 2982/3210/3210
f 1014/1242/1242 2575/2803/2803 3323/3551/3551
f 1012/1240/1240 1013/1241/1241 2986/3214/3214
f 2581/2809/2809 2987/3215/3215 2047/2275/2275
f 2581/2809/2809 3690/3918/3918 3322/3550/3550
f 2580/2808/2808 2048/2276/2276 2581/2809/2809
f 2987/3215/3215 2578/2806/2806 2577/2805/2805
f 2049/2277/2277 2579/2807/2807 800/940/940
f 2049/2277/2277 2580/2808/2808 1322/1550/1550
f 2600/2828/2828 1009/1237/1237 2601/2829/2829
f 1382/1610/1610 2596/2824/2824 1381/1609/1609
f 2585/2813/2813 2993/3221/3221 2587/2815/2815
f 2584/2812/2812 806/946/946 807/947/947
f 3328/3556/3556 2577/2805/2805 3330/3558/3558
f 3336/3564/3564 2052/2280/2280 2586/2814/2814
f 2053/2281/2281 2054/2282/2282 864/1092/1092
f 1324/1552/1552 2055/2283/2283 2036/2264/2264
f 2054/2282/2282 865/1093/1093 864/1092/1092
f 1022/1250/1250 1023/1251/1251 2057/2285/2285
f 2031/2259/2259 2036/2264/2264 2566/2794/2794
f 2053/2281/2281 863/1091/1091 2055/2283/2283
f 459/467/467 2056/2284/2284 2570/2798/2798
f 2056/2284/2284 2057/2285/2285 1324/1552/1552
f 2057/2285/2285 2054/2282/2282 1324/1552/1552
f 461/469/469 1022/1250/1250 2588/2816/2816
f 1015/1243/1243 2998/3226/3226 2575/2803/2803
f 1322/1550/1550 3321/3549/3549 2572/2800/2800
f 2059/2287/2287 2060/2288/2288 808/948/948
f 2059/2287/2287 1344/1572/1572 1345/1573/1573
f 3342/3570/3570 807/947/947 808/948/948
f 2584/2812/2812 3342/3570/3570 2990/3218/3218
f 2061/2289/2289 1347/1575/1575 1346/1574/1574
f 580/594/594 1349/1577/1577 2061/2289/2289
f 2062/2290/2290 1352/1580/1580 672/727/727
f 2062/2290/2290 2063/2291/2291 1351/1579/1579
f 2063/2291/2291 2064/2292/2292 1351/1579/1579
f 1386/1614/1614 2064/2292/2292 2065/2293/2293
f 2064/2292/2292 2068/2296/2296 1351/1579/1579
f 581/595/595 2066/2294/2294 582/596/596
f 1370/1598/1598 2065/2293/2293 2067/2295/2295
f 2064/2292/2292 2063/2291/2291 2065/2293/2293
f 2066/2294/2294 1385/1613/1613 582/596/596
f 2064/2292/2292 1386/1614/1614 2066/2294/2294
f 2067/2295/2295 1375/1603/1603 1370/1598/1598
f 674/725/725 675/724/724 2067/2295/2295
f 2068/2296/2296 2064/2292/2292 581/595/595
f 2068/2296/2296 1352/1580/1580 1351/1579/1579
f 2069/2297/2297 2070/2298/2298 673/726/726
f 2069/2297/2297 1353/1581/1581 1354/1582/1582
f 673/726/726 2594/2822/2822 674/725/725
f 2070/2298/2298 2072/2300/2300 1368/1596/1596
f 2071/2299/2299 1353/1581/1581 580/952/952
f 2071/2299/2299 2072/2300/2300 1354/1582/1582
f 1354/1582/1582 2072/2300/2300 2070/2298/2298
f 1366/1594/1594 2072/2300/2300 582/954/954
f 2073/2301/2301 2074/2302/2302 1195/1423/1423
f 2073/2301/2301 1355/1583/1583 1356/1584/1584
f 2074/2302/2302 1196/1424/1424 1195/1423/1423
f 1356/1584/1584 1360/1588/1588 2074/2302/2302
f 673/714/714 2075/2303/2303 2077/2305/2305
f 2075/2303/2303 2076/2304/2304 1358/1586/1586
f 2076/2304/2304 1359/1587/1587 1358/1586/1586
f 2593/2821/2821 2094/2322/2322 1360/1588/1588
f 2077/2305/2305 1363/1591/1591 672/713/713
f 2077/2305/2305 2075/2303/2303 1362/1590/1590
f 2078/2306/2306 1361/1589/1589 581/961/961
f 2078/2306/2306 1363/1591/1591 1362/1590/1590
f 2083/2311/2311 2084/2312/2312 2079/2307/2307
f 2595/2823/2823 1350/1578/1578 1369/1597/1597
f 2080/2308/2308 2081/2309/2309 1004/1232/1232
f 2080/2308/2308 1384/1612/1612 1370/1598/1598
f 2081/2309/2309 1003/1231/1231 1004/1232/1232
f 2080/2308/2308 1375/1603/1603 2081/2309/2309
f 2082/2310/2310 1200/1428/1428 1201/1429/1429
f 2595/2823/2823 1369/1597/1597 2083/2311/2311
f 2079/2307/2307 2084/2312/2312 675/724/724
f 2082/2310/2310 1373/1601/1601 2083/2311/2311
f 676/723/723 675/724/724 2084/2312/2312
f 2084/2312/2312 1372/1600/1600 676/723/723
f 2085/2313/2313 2067/2295/2295 675/724/724
f 2085/2313/2313 1374/1602/1602 1375/1603/1603
f 1349/1577/1577 2086/2314/2314 2087/2315/2315
f 2086/2314/2314 582/596/596 1379/1607/1607
f 1381/1609/1609 1343/1571/1571 2087/2315/2315
f 1381/1609/1609 2087/2315/2315 1379/1607/1607
f 2990/3218/3218 3344/3572/3572 3343/3571/3571
f 1382/1610/1610 2089/2317/2317 2599/2827/2827
f 2596/2824/2824 1382/1610/1610 2599/2827/2827
f 2598/2826/2826 3001/3229/3229 2050/2278/2278
f 2090/2318/2318 2080/2308/2308 1005/1233/1233
f 2090/2318/2318 1383/1611/1611 1384/1612/1612
f 2091/2319/2319 2092/2320/2320 1197/1425/1425
f 2091/2319/2319 2093/2321/2321 1387/1615/1615
f 1197/1425/1425 2602/2830/2830 1198/1426/1426
f 2092/2320/2320 676/717/717 677/718/718
f 2093/2321/2321 1360/1588/1588 1387/1615/1615
f 1196/1424/1424 2074/2302/2302 2093/2321/2321
f 675/716/716 2094/2322/2322 2593/2821/2821
f 676/717/717 1387/1615/1615 2094/2322/2322
f 2095/2323/2323 1389/1617/1617 676/717/717
f 2095/2323/2323 1467/1695/1695 1390/1618/1618
f 2096/2324/2324 1952/2180/2180 1233/1461/1461
f 2096/2324/2324 556/570/570 1391/1619/1619
f 2097/2325/2325 2098/2326/2326 868/1096/1096
f 1393/1621/1621 2097/2325/2325 1394/1622/1622
f 869/1097/1097 868/1096/1096 2098/2326/2326
f 2101/2329/2329 2100/2328/2328 1410/1638/1638
f 1396/1624/1624 464/472/472 2099/2327/2327
f 2099/2327/2327 2100/2328/2328 1396/1624/1624
f 2100/2328/2328 2098/2326/2326 1396/1624/1624
f 1410/1638/1638 2100/2328/2328 2102/2330/2330
f 869/1097/1097 2098/2326/2326 2101/2329/2329
f 869/1097/1097 2104/2332/2332 870/1098/1098
f 2102/2330/2330 2103/2331/2331 1410/1638/1638
f 465/473/473 466/474/474 2102/2330/2330
f 2105/2333/2333 2104/2332/2332 2603/2831/2831
f 2117/2345/2345 2604/2832/2832 2103/2331/2331
f 871/1099/1099 870/1098/1098 2105/2333/2333
f 2101/2329/2329 1410/1638/1638 2104/2332/2332
f 871/1099/1099 2105/2333/2333 2119/2347/2347
f 2603/2831/2831 1410/1638/1638 2103/2331/2331
f 2106/2334/2334 2107/2335/2335 464/472/472
f 2106/2334/2334 1398/1626/1626 1399/1627/1627
f 2107/2335/2335 465/473/473 464/472/472
f 2107/2335/2335 1405/1633/1633 1403/1631/1631
f 466/474/474 3003/3231/3231 78/475/475
f 3002/3230/3230 2609/2837/2837 2610/2838/2838
f 3155/3383/3383 3156/3384/3384 2791/3019/3019
f 2626/2854/2854 2624/2852/2852 2137/2365/2365
f 2612/2840/2840 3875/4103/4103 3007/3235/3235
f 3828/4056/4056 3952/4180/4180 3949/4177/4177
f 3878/4106/4106 3877/4105/4105 2615/2843/2843
f 2615/2843/2843 3875/4103/4103 3873/4101/4101
f 2112/2340/2340 2113/2341/2341 995/1223/1223
f 3879/4107/4107 1408/1636/1636 3881/4109/4109
f 1409/1637/1637 1404/1632/1632 2113/2341/2341
f 2113/2341/2341 2112/2340/2340 1409/1637/1637
f 2114/2342/2342 77/1065/1065 76/1066/1066
f 2114/2342/2342 1415/1643/1643 1413/1641/1641
f 2115/2343/2343 5/395/395 1241/1469/1469
f 2115/2343/2343 1990/2218/2218 1414/1642/1642
f 2116/2344/2344 2120/2348/2348 873/1101/1101
f 2617/2845/2845 4/477/477 2122/2350/2350
f 2117/2345/2345 2103/2331/2331 78/475/475
f 1416/1644/1644 2118/2346/2346 2116/2344/2344
f 2116/2344/2344 2617/2845/2845 1417/1645/1645
f 467/476/476 4/477/477 2616/2844/2844
f 2119/2347/2347 2116/2344/2344 872/1100/1100
f 1416/1644/1644 2119/2347/2347 2604/2832/2832
f 875/1103/1103 874/1102/1102 2618/2846/2846
f 2120/2348/2348 2116/2344/2344 1417/1645/1645
f 2618/2846/2846 2121/2349/2349 2128/2356/2356
f 2125/2353/2353 2124/2352/2352 2619/2847/2847
f 2616/2844/2844 4/477/477 2617/2845/2845
f 1417/1645/1645 2123/2351/2351 2121/2349/2349
f 2121/2349/2349 2123/2351/2351 2124/2352/2352
f 2123/2351/2351 2122/2350/2350 2619/2847/2847
f 2124/2352/2352 2128/2356/2356 2121/2349/2349
f 1418/1646/1646 2124/2352/2352 2125/2353/2353
f 2125/2353/2353 2126/2354/2354 1418/1646/1646
f 469/479/479 498/510/510 2125/2353/2353
f 1418/1646/1646 2127/2355/2355 2128/2356/2356
f 2126/2354/2354 498/510/510 2298/2526/2526
f 916/1144/1144 917/1145/1145 2620/2848/2848
f 2300/2528/2528 2620/2848/2848 2127/2355/2355
f 917/1145/1145 2128/2356/2356 2620/2848/2848
f 1418/1646/1646 2128/2356/2356 2124/2352/2352
f 523/537/537 522/536/536 2129/2357/2357
f 2129/2357/2357 2016/2244/2244 523/537/537
f 2130/2358/2358 1299/1527/1527 1300/1528/1528
f 2130/2358/2358 2131/2359/2359 1298/1526/1526
f 2131/2359/2359 2001/2229/2229 1298/1526/1526
f 2015/2243/2243 2131/2359/2359 2133/2361/2361
f 4335/4563/4563 2555/2783/2783 4333/4561/4561
f 4340/4568/4568 4337/4565/4565 4342/4570/4570
f 2133/2361/2361 2134/2362/2362 2015/2243/2243
f 663/704/704 2135/2363/2363 664/705/705
f 2134/2362/2362 2136/2364/2364 2015/2243/2243
f 663/704/704 662/703/703 2134/2362/2362
f 2133/2361/2361 1422/1650/1650 2135/2363/2363
f 2133/2361/2361 2135/2363/2363 2134/2362/2362
f 4342/4570/4570 2132/2360/2360 2015/2243/2243
f 4338/4566/4566 2001/2229/2229 2132/2360/2360
f 3006/3234/3234 990/1218/1218 2627/2855/2855
f 2624/2852/2852 2622/2850/2850 2137/2365/2365
f 2633/2861/2861 2635/2863/2863 2634/2862/2862
f 2333/2561/2561 3573/3801/3801 3204/3432/3432
f 2634/2862/2862 2635/2863/2863 2139/2367/2367
f 2634/2862/2862 2632/2860/2860 2636/2864/2864
f 988/1216/1216 2140/2368/2368 2621/2849/2849
f 2637/2865/2865 2140/2368/2368 2638/2866/2866
f 3020/3248/3248 3886/4114/4114 3021/3249/3249
f 3015/3243/3243 827/1034/1034 828/1035/1035
f 2644/2872/2872 2645/2873/2873 2142/2370/2370
f 2642/2870/2870 980/1208/1208 979/1207/1207
f 3020/3248/3248 2143/2371/2371 2648/2876/2876
f 2144/2372/2372 2145/2373/2373 978/1206/1206
f 2144/2372/2372 1426/1654/1654 1427/1655/1655
f 2145/2373/2373 979/1207/1207 978/1206/1206
f 1427/1655/1655 1430/1658/1658 2145/2373/2373
f 1425/1653/1653 3728/3956/3956 1430/1658/1658
f 2652/2880/2880 824/1031/1031 825/1032/1032
f 1428/1656/1656 822/1029/1029 2147/2375/2375
f 2147/2375/2375 1429/1657/1657 1428/1656/1656
f 2654/2882/2882 2653/2881/2881 2148/2376/2376
f 2655/2883/2883 2654/2882/2882 2148/2376/2376
f 662/703/703 661/702/702 4343/4571/4571
f 2658/2886/2886 1432/1660/1660 2659/2887/2887
f 2150/2378/2378 2682/2910/2910 2681/2909/2909
f 2553/2781/2781 2554/2782/2782 2657/2885/2885
f 827/1034/1034 2151/2379/2379 2653/2881/2881
f 2658/2886/2886 2151/2379/2379 2681/2909/2909
f 3025/3253/3253 658/699/699 3023/3251/3251
f 2674/2902/2902 3028/3256/3256 3029/3257/3257
f 2814/3042/3042 2813/3041/3041 641/665/665
f 2659/2887/2887 2148/2376/2376 2658/2886/2886
f 2673/2901/2901 2665/2893/2893 1433/1661/1661
f 3677/3905/3905 2981/3209/3209 3733/3961/3961
f 2155/2383/2383 2156/2384/2384 664/705/705
f 2155/2383/2383 1434/1662/1662 1435/1663/1663
f 2156/2384/2384 663/704/704 664/705/705
f 2156/2384/2384 1441/1669/1669 1439/1667/1667
f 662/703/703 3423/3651/3651 661/702/702
f 2157/2385/2385 2687/2915/2915 2686/2914/2914
f 1445/1673/1673 518/532/532 2158/2386/2386
f 2158/2386/2386 1446/1674/1674 1445/1673/1673
f 2752/2980/2980 659/700/700 2753/2981/2981
f 4007/4235/4235 2757/2985/2985 4437/4665/4665
f 2160/2388/2388 2693/2921/2921 3033/3261/3261
f 2159/2387/2387 3065/3293/3293 2690/2918/2918
f 2161/2389/2389 2692/2920/2920 1454/1682/1682
f 2161/2389/2389 2691/2919/2919 3033/3261/3261
f 588/602/602 2162/2390/2390 2163/2391/2391
f 2162/2390/2390 2161/2389/2389 1454/1682/1682
f 2163/2391/2391 1447/1675/1675 587/601/601
f 1455/1683/1683 2163/2391/2391 1454/1682/1682
f 2164/2392/2392 1464/1692/1692 667/708/708
f 2164/2392/2392 1458/1686/1686 1459/1687/1687
f 2165/2393/2393 1481/1709/1709 643/966/966
f 2165/2393/2393 2166/2394/2394 1472/1700/1700
f 1478/1706/1706 1472/1700/1700 2166/2394/2394
f 1474/1702/1702 1478/1706/1706 2173/2401/2401
f 2167/2395/2395 2168/2396/2396 566/620/620
f 2167/2395/2395 1481/1709/1709 1472/1700/1700
f 566/620/620 2169/2397/2397 567/619/619
f 2168/2396/2396 1472/1700/1700 1478/1706/1706
f 567/619/619 2170/2398/2398 568/618/618
f 1478/1706/1706 1476/1704/1704 2169/2397/2397
f 2170/2398/2398 2171/2399/2399 568/618/618
f 2169/2397/2397 1476/1704/1704 2170/2398/2398
f 2171/2399/2399 569/617/617 568/618/618
f 2171/2399/2399 1476/1704/1704 1480/1708/1708
f 2172/2400/2400 2173/2401/2401 645/968/968
f 2172/2400/2400 1473/1701/1701 1474/1702/1702
f 2166/2394/2394 645/968/968 2173/2401/2401
f 2173/2401/2401 1478/1706/1706 2166/2394/2394
f 2174/2402/2402 1476/1704/1704 1479/1707/1707
f 2174/2402/2402 2175/2403/2403 1480/1708/1708
f 2175/2403/2403 1524/1752/1752 1480/1708/1708
f 2175/2403/2403 1041/1269/1269 1042/1270/1270
f 2176/2404/2404 2177/2405/2405 643/667/667
f 2176/2404/2404 1500/1728/1728 1501/1729/1729
f 2177/2405/2405 644/668/668 643/667/667
f 2177/2405/2405 1507/1735/1735 1505/1733/1733
f 2185/2413/2413 2183/2411/2411 2178/2406/2406
f 2700/2928/2928 2202/2430/2430 2705/2933/2933
f 2179/2407/2407 2180/2408/2408 1512/1740/1740
f 2180/2408/2408 2179/2407/2407 2181/2409/2409
f 2184/2412/2412 1510/1738/1738 1512/1740/1740
f 2182/2410/2410 2186/2414/2414 2184/2412/2412
f 2178/2406/2406 2180/2408/2408 2181/2409/2409
f 2178/2406/2406 2181/2409/2409 2694/2922/2922
f 4344/4572/4572 2695/2923/2923 1541/1769/1769
f 1543/1771/1771 1541/1769/1769 2698/2926/2926
f 2183/2411/2411 2184/2412/2412 2180/2408/2408
f 2183/2411/2411 2185/2413/2413 2182/2410/2410
f 2184/2412/2412 1512/1740/1740 2180/2408/2408
f 1510/1738/1738 2184/2412/2412 2186/2414/2414
f 2695/2923/2923 4344/4572/4572 2182/2410/2410
f 3435/3663/3663 3434/3662/3662 2695/2923/2923
f 2186/2414/2414 1508/1736/1736 1510/1738/1738
f 1544/1772/1772 2186/2414/2414 4344/4572/4572
f 2187/2415/2415 2188/2416/2416 566/580/580
f 2187/2415/2415 1515/1743/1743 1516/1744/1744
f 566/580/580 2189/2417/2417 567/581/581
f 1516/1744/1744 1550/1778/1778 2188/2416/2416
f 1553/1781/1781 567/581/581 2189/2417/2417
f 2189/2417/2417 1525/1753/1753 1553/1781/1781
f 2190/2418/2418 1515/1743/1743 643/667/667
f 2190/2418/2418 2191/2419/2419 1516/1744/1744
f 1550/1778/1778 1516/1744/1744 2191/2419/2419
f 1547/1775/1775 1550/1778/1778 2198/2426/2426
f 2192/2420/2420 645/974/974 644/975/975
f 2192/2420/2420 1497/1725/1725 1498/1726/1726
f 2193/2421/2421 566/580/580 1497/1725/1725
f 2193/2421/2421 1517/1745/1745 565/579/579
f 2194/2422/2422 1594/1822/1822 567/619/619
f 2194/2422/2422 1521/1749/1749 1519/1747/1747
f 2195/2423/2423 2194/2422/2422 568/618/618
f 2195/2423/2423 1520/1748/1748 1521/1749/1749
f 1078/1306/1306 1079/1307/1307 3041/3269/3269
f 2695/2923/2923 2182/2410/2410 2185/2413/2413
f 645/669/669 2198/2426/2426 2191/2419/2419
f 2197/2425/2425 1546/1774/1774 1547/1775/1775
f 2198/2426/2426 1550/1778/1778 2191/2419/2419
f 2197/2425/2425 1547/1775/1775 2198/2426/2426
f 804/984/984 2701/2929/2929 2694/2922/2922
f 3038/3266/3266 2178/2406/2406 2694/2922/2922
f 2705/2933/2933 2706/2934/2934 2199/2427/2427
f 2196/2424/2424 2697/2925/2925 2696/2924/2924
f 4325/4553/4553 2210/2438/2438 2712/2940/2940
f 2208/2436/2436 2206/2434/2434 1567/1795/1795
f 802/986/986 2202/2430/2430 2700/2928/2928
f 2705/2933/2933 2202/2430/2430 2707/2935/2935
f 2213/2441/2441 2212/2440/2440 2211/2439/2439
f 2212/2440/2440 2203/2431/2431 2209/2437/2437
f 797/991/991 796/992/992 2204/2432/2432
f 797/991/991 2204/2432/2432 2206/2434/2434
f 2205/2433/2433 4310/4538/4538 416/420/420
f 1566/1794/1794 2205/2433/2433 1576/1804/1804
f 2207/2435/2435 798/990/990 2206/2434/2434
f 2208/2436/2436 2207/2435/2435 2206/2434/2434
f 798/990/990 2709/2937/2937 799/989/989
f 2207/2435/2435 2208/2436/2436 2203/2431/2431
f 2208/2436/2436 2209/2437/2437 2203/2431/2431
f 1556/1784/1784 2208/2436/2436 1567/1795/1795
f 2212/2440/2440 2213/2441/2441 2203/2431/2431
f 2713/2941/2941 2712/2940/2940 2210/2438/2438
f 2209/2437/2437 2214/2442/2442 2212/2440/2440
f 3049/3277/3277 3048/3276/3276 2713/2941/2941
f 2201/2429/2429 2708/2936/2936 2707/2935/2935
f 2211/2439/2439 3043/3271/3271 2708/2936/2936
f 2203/2431/2431 2213/2441/2441 2709/2937/2937
f 2212/2440/2440 2214/2442/2442 2211/2439/2439
f 2213/2441/2441 799/989/989 2709/2937/2937
f 799/989/989 2710/2938/2938 800/988/988
f 2711/2939/2939 2211/2439/2439 2708/2936/2936
f 2722/2950/2950 1074/1302/1302 2723/2951/2951
f 2215/2443/2443 2216/2444/2444 812/1000/1000
f 2215/2443/2443 2217/2445/2445 1568/1796/1796
f 2216/2444/2444 811/999/999 812/1000/1000
f 918/1146/1146 2216/2444/2444 2218/2446/2446
f 1568/1796/1796 2217/2445/2445 2219/2447/2447
f 414/1003/1003 2217/2445/2445 787/1002/1002
f 919/1147/1147 918/1146/1146 2218/2446/2446
f 920/1148/1148 919/1147/1147 2545/2773/2773
f 1568/1796/1796 2219/2447/2447 2220/2448/2448
f 415/1004/1004 2004/2232/2232 2219/2447/2447
f 1956/2184/2184 2220/2448/2448 2714/2942/2942
f 2218/2446/2446 1568/1796/1796 2220/2448/2448
f 2221/2449/2449 2222/2450/2450 794/995/995
f 2221/2449/2449 2223/2451/2451 1569/1797/1797
f 2222/2450/2450 787/994/994 794/995/995
f 414/418/418 2222/2450/2450 2224/2452/2452
f 1569/1797/1797 2223/2451/2451 2225/2453/2453
f 930/1158/1158 2223/2451/2451 792/997/997
f 415/419/419 414/418/418 2224/2452/2452
f 416/420/420 415/419/419 2715/2943/2943
f 2225/2453/2453 2226/2454/2454 1569/1797/1797
f 932/1160/1160 2227/2455/2455 931/1159/1159
f 2224/2452/2452 1569/1797/1797 2226/2454/2454
f 2224/2452/2452 2715/2943/2943 415/419/419
f 2226/2454/2454 2225/2453/2453 2227/2455/2455
f 2226/2454/2454 2228/2456/2456 1570/1798/1798
f 1570/1798/1798 2228/2456/2456 2229/2457/2457
f 2227/2455/2455 932/1160/1160 2228/2456/2456
f 2231/2459/2459 1570/1798/1798 2230/2458/2458
f 2229/2457/2457 933/1161/1161 2720/2948/2948
f 2230/2458/2458 2717/2945/2945 2716/2944/2944
f 2718/2946/2946 1069/1297/1297 2717/2945/2945
f 417/421/421 2231/2459/2459 2716/2944/2944
f 2231/2459/2459 2226/2454/2454 1570/1798/1798
f 2232/2460/2460 2205/2433/2433 417/421/421
f 2232/2460/2460 1571/1799/1799 1572/1800/1800
f 1563/1791/1791 2233/2461/2461 2234/2462/2462
f 1576/1804/1804 1574/1802/1802 2233/2461/2461
f 1565/1793/1793 1563/1791/1791 2235/2463/2463
f 2234/2462/2462 3049/3277/3277 2210/2438/2438
f 1565/1793/1793 2721/2949/2949 1567/1795/1795
f 2721/2949/2949 2235/2463/2463 4325/4553/4553
f 2236/2464/2464 1579/1807/1807 1072/1300/1300
f 2236/2464/2464 2237/2465/2465 1578/1806/1806
f 1580/1808/1808 1578/1806/1806 3048/3276/3276
f 1075/1303/1303 2723/2951/2951 1074/1302/1302
f 1061/1289/1289 2727/2955/2955 1062/1290/1290
f 1063/1291/1291 2242/2470/2470 1064/1292/1292
f 2239/2467/2467 2724/2952/2952 588/602/602
f 3051/3279/3279 3050/3278/3278 4355/4583/4583
f 1585/1813/1813 1065/1293/1293 2240/2468/2468
f 2240/2468/2468 2242/2470/2470 3054/3282/3282
f 2245/2473/2473 2244/2472/2472 2248/2476/2476
f 2242/2470/2470 1063/1291/1291 2243/2471/2471
f 2240/2468/2468 3054/3282/3282 1585/1813/1813
f 2241/2469/2469 2242/2470/2470 2243/2471/2471
f 2241/2469/2469 2243/2471/2471 2245/2473/2473
f 2243/2471/2471 1063/1291/1291 4326/4554/4554
f 3055/3283/3283 2725/2953/2953 3054/3282/3282
f 2248/2476/2476 2244/2472/2472 2250/2478/2478
f 2248/2476/2476 3055/3283/3283 2245/2473/2473
f 2244/2472/2472 2245/2473/2473 2247/2475/2475
f 3075/3303/3303 3477/3705/3705 3479/3707/3707
f 2746/2974/2974 2743/2971/2971 2741/2969/2969
f 2244/2472/2472 2251/2479/2479 2250/2478/2478
f 2727/2955/2955 4326/4554/4554 1062/1290/1290
f 2245/2473/2473 3055/3283/3283 2241/2469/2469
f 3446/3674/3674 2246/2474/2474 2250/2478/2478
f 1587/1815/1815 3076/3304/3304 3086/3314/3314
f 1060/1288/1288 1059/1287/1287 3056/3284/3284
f 2250/2478/2478 2246/2474/2474 2248/2476/2476
f 2250/2478/2478 2251/2479/2479 2249/2477/2477
f 3062/3290/3290 3455/3683/3683 2745/2973/2973
f 2767/2995/2995 2260/2488/2488 3537/3765/3765
f 3072/3300/3300 2757/2985/2985 2756/2984/2984
f 3065/3293/3293 660/701/701 2690/2918/2918
f 657/698/698 2755/2983/2983 845/1073/1073
f 3066/3294/3294 2253/2481/2481 2756/2984/2984
f 2820/3048/3048 847/1075/1075 2821/3049/3049
f 2834/3062/3062 2342/2570/2570 2823/3051/3051
f 593/607/607 2759/2987/2987 3734/3962/3962
f 3071/3299/3299 3069/3297/3297 3067/3295/3295
f 2743/2971/2971 3062/3290/3290 2745/2973/2973
f 2744/2972/2972 2748/2976/2976 3093/3321/3321
f 593/607/607 2762/2990/2990 594/608/608
f 3076/3304/3304 2257/2485/2485 3086/3314/3314
f 2749/2977/2977 2751/2979/2979 3895/4123/4123
f 2735/2963/2963 2738/2966/2966 2251/2479/2479
f 427/433/433 2765/2993/2993 426/432/432
f 1588/1816/1816 2259/2487/2487 3113/3341/3341
f 1607/1835/1835 2270/2498/2498 3134/3362/3362
f 2262/2490/2490 1589/1817/1817 3119/3347/3347
f 3482/3710/3710 3485/3713/3713 3105/3333/3333
f 2465/2693/2693 2927/3155/3155 2926/3154/3154
f 1049/1277/1277 3118/3346/3346 1050/1278/1278
f 2262/2490/2490 2771/2999/2999 1589/1817/1817
f 3133/3361/3361 3533/3761/3761 3791/4019/4019
f 3129/3357/3357 3127/3355/3355 3121/3349/3349
f 2264/2492/2492 2265/2493/2493 519/533/533
f 2264/2492/2492 1590/1818/1818 1591/1819/1819
f 2265/2493/2493 518/532/532 519/533/533
f 2265/2493/2493 1519/1747/1747 1523/1751/1751
f 566/620/620 567/619/619 2266/2494/2494
f 2266/2494/2494 1597/1825/1825 566/620/620
f 2267/2495/2495 2268/2496/2496 1047/1275/1275
f 2267/2495/2495 1600/1828/1828 1601/1829/1829
f 1047/1275/1275 4345/4573/4573 1048/1276/1276
f 1601/1829/1829 1605/1833/1833 2268/2496/2496
f 2269/2497/2497 2271/2499/2499 423/427/427
f 2269/2497/2497 2270/2498/2498 1607/1835/1835
f 3134/3362/3362 3135/3363/3363 1607/1835/1835
f 3138/3366/3366 225/429/429 425/430/430
f 2271/2499/2499 1603/1831/1831 1606/1834/1834
f 2271/2499/2499 2269/2497/2497 1607/1835/1835
f 1614/1842/1842 938/1166/1166 2272/2500/2500
f 2272/2500/2500 2273/2501/2501 1614/1842/1842
f 2273/2501/2501 1612/1840/1840 1614/1842/1842
f 1616/1844/1844 2273/2501/2501 2280/2508/2508
f 2273/2501/2501 1616/1844/1844 2274/2502/2502
f 2274/2502/2502 1612/1840/1840 2273/2501/2501
f 225/429/429 424/428/428 2276/2504/2504
f 2274/2502/2502 1616/1844/1844 2275/2503/2503
f 2276/2504/2504 2277/2505/2505 225/429/429
f 2280/2508/2508 2281/2509/2509 1616/1844/1844
f 425/430/430 225/429/429 2277/2505/2505
f 2277/2505/2505 2278/2506/2506 425/430/430
f 223/431/431 425/430/430 2278/2506/2506
f 2284/2512/2512 223/431/431 2286/2514/2514
f 2278/2506/2506 2279/2507/2507 2286/2514/2514
f 942/1170/1170 943/1171/1171 2776/3004/3004
f 939/1167/1167 2280/2508/2508 2272/2500/2500
f 2777/3005/3005 1616/1844/1844 2281/2509/2509
f 2281/2509/2509 2778/3006/3006 2777/3005/3005
f 2281/2509/2509 2283/2511/2511 2778/3006/3006
f 924/1152/1152 923/1151/1151 2282/2510/2510
f 2282/2510/2510 1986/2214/2214 924/1152/1152
f 2283/2511/2511 2281/2509/2509 941/1169/1169
f 2283/2511/2511 2279/2507/2507 1619/1847/1847
f 426/432/432 2779/3007/3007 427/433/433
f 2284/2512/2512 2286/2514/2514 1620/1848/1848
f 2779/3007/3007 2285/2513/2513 2290/2518/2518
f 2293/2521/2521 2292/2520/2520 2781/3009/3009
f 2286/2514/2514 2279/2507/2507 1620/1848/1848
f 2286/2514/2514 223/431/431 2278/2506/2506
f 943/1171/1171 2287/2515/2515 2776/3004/3004
f 1620/1848/1848 2288/2516/2516 2285/2513/2513
f 2781/3009/3009 2290/2518/2518 2285/2513/2513
f 2287/2515/2515 944/1172/1172 2288/2516/2516
f 2289/2517/2517 226/610/610 1230/1458/1458
f 2289/2517/2517 1983/2211/2211 1624/1852/1852
f 441/449/449 442/450/450 2780/3008/3008
f 1627/1855/1855 2290/2518/2518 2781/3009/3009
f 2780/3008/3008 2291/2519/2519 2437/2665/2665
f 2439/2667/2667 2919/3147/3147 2440/2668/2668
f 2292/2520/2520 2293/2521/2521 945/1173/1173
f 1627/1855/1855 2294/2522/2522 2291/2519/2519
f 2293/2521/2521 944/1172/1172 945/1173/1173
f 2285/2513/2513 2288/2516/2516 2781/3009/3009
f 2919/3147/3147 2437/2665/2665 2291/2519/2519
f 2292/2520/2520 946/1174/1174 2294/2522/2522
f 43/511/511 495/904/904 42/905/905
f 1631/1859/1859 39/1057/1057 2295/2523/2523
f 2295/2523/2523 495/904/904 1631/1859/1859
f 2296/2524/2524 39/1057/1057 1231/1459/1459
f 2296/2524/2524 1984/2212/2212 1633/1861/1861
f 2297/2525/2525 2298/2526/2526 497/509/509
f 2300/2528/2528 1634/1862/1862 2301/2529/2529
f 2298/2526/2526 498/510/510 497/509/509
f 2127/2355/2355 2126/2354/2354 2782/3010/3010
f 2306/2534/2534 2784/3012/3012 2299/2527/2527
f 2299/2527/2527 2297/2525/2525 2783/3011/3011
f 915/1143/1143 2300/2528/2528 2301/2529/2529
f 1634/1862/1862 2300/2528/2528 2782/3010/3010
f 914/1142/1142 915/1143/1143 2301/2529/2529
f 914/1142/1142 2301/2529/2529 2308/2536/2536
f 496/508/508 2785/3013/3013 42/507/507
f 3149/3377/3377 3148/3376/3376 3150/3378/3378
f 2795/3023/3023 40/505/505 2796/3024/3024
f 2323/2551/2551 1651/1879/1879 1640/1868/1868
f 3546/3774/3774 1137/1365/1365 2789/3017/3017
f 2626/2854/2854 2637/2865/2865 1423/1651/1651
f 3146/3374/3374 3144/3372/3372 3538/3766/3766
f 3544/3772/3772 3543/3771/3771 3149/3377/3377
f 42/507/507 2306/2534/2534 2783/3011/3011
f 2306/2534/2534 2307/2535/2535 1636/1864/1864
f 2308/2536/2536 1636/1864/1864 2309/2537/2537
f 1637/1865/1865 2307/2535/2535 2310/2538/2538
f 913/1141/1141 2308/2536/2536 2309/2537/2537
f 1636/1864/1864 2308/2536/2536 2784/3012/3012
f 912/1140/1140 913/1141/1141 2309/2537/2537
f 912/1140/1140 2309/2537/2537 2311/2539/2539
f 2310/2538/2538 2307/2535/2535 40/505/505
f 2310/2538/2538 1647/1875/1875 1637/1865/1865
f 911/1139/1139 2311/2539/2539 2312/2540/2540
f 2311/2539/2539 2309/2537/2537 1637/1865/1865
f 910/1138/1138 911/1139/1139 2312/2540/2540
f 2792/3020/3020 910/1138/1138 2312/2540/2540
f 2313/2541/2541 4327/4555/4555 2793/3021/3021
f 1647/1875/1875 1646/1874/1874 2794/3022/3022
f 2799/3027/3027 2798/3026/3026 2314/2542/2542
f 2787/3015/3015 2303/2531/2531 3158/3386/3386
f 2804/3032/3032 2803/3031/3031 3170/3398/3398
f 2803/3031/3031 2315/2543/2543 2798/3026/3026
f 1141/1369/1369 2806/3034/3034 1140/1368/1368
f 2303/2531/2531 2797/3025/3025 3158/3386/3386
f 2317/2545/2545 491/501/501 490/500/500
f 2317/2545/2545 1642/1870/1870 1644/1872/1872
f 2318/2546/2546 2310/2538/2538 494/504/504
f 2318/2546/2546 1646/1874/1874 1647/1875/1875
f 1143/1371/1371 1144/1372/1372 2319/2547/2547
f 1142/1370/1370 1143/1371/1371 2800/3028/3028
f 2322/2550/2550 2323/2551/2551 2801/3029/3029
f 2319/2547/2547 2800/3028/3028 1143/1371/1371
f 2320/2548/2548 2321/2549/2549 2324/2552/2552
f 2321/2549/2549 1651/1879/1879 2323/2551/2551
f 2324/2552/2552 2325/2553/2553 2320/2548/2548
f 2322/2550/2550 2330/2558/2558 2325/2553/2553
f 2323/2551/2551 2324/2552/2552 2321/2549/2549
f 2801/3029/3029 2323/2551/2551 2326/2554/2554
f 2327/2555/2555 2320/2548/2548 2325/2553/2553
f 2324/2552/2552 2323/2551/2551 2322/2550/2550
f 2325/2553/2553 2330/2558/2558 2316/2544/2544
f 2324/2552/2552 2322/2550/2550 2325/2553/2553
f 1639/1867/1867 2803/3031/3031 2798/3026/3026
f 2323/2551/2551 1640/1868/1868 2326/2554/2554
f 2327/2555/2555 2800/3028/3028 2320/2548/2548
f 2805/3033/3033 1141/1369/1369 1142/1370/1370
f 3834/4062/4062 4465/4693/4693 2329/2557/2557
f 3168/3396/3396 2331/2559/2559 2330/2558/2558
f 1139/1367/1367 3171/3399/3399 4020/4248/4248
f 3835/4063/4063 3958/4186/4186 3154/3382/3382
f 2316/2544/2544 2330/2558/2558 3834/4062/4062
f 2328/2556/2556 2330/2558/2558 4347/4575/4575
f 3354/3582/3582 3352/3580/3580 3350/3578/3578
f 3144/3372/3372 2303/2531/2531 3142/3370/3370
f 3179/3407/3407 1131/1359/1359 3172/3400/3400
f 3177/3405/3405 3176/3404/3404 3178/3406/3406
f 1662/1890/1890 2349/2577/2577 2348/2576/2576
f 2346/2574/2574 1662/1890/1890 2348/2576/2576
f 3574/3802/3802 3206/3434/3434 3575/3803/3803
f 2812/3040/3040 1134/1362/1362 1135/1363/1363
f 3420/3648/3648 3186/3414/3414 3731/3959/3959
f 3184/3412/3412 830/1037/1037 2684/2912/2912
f 2977/3205/3205 638/662/662 2978/3206/3206
f 3320/3548/3548 2336/2564/2564 2816/3044/3044
f 3074/3302/3302 3249/3477/3477 2760/2988/2988
f 2758/2986/2986 2254/2482/2482 3189/3417/3417
f 2822/3050/3050 2825/3053/3053 3191/3419/3419
f 3189/3417/3417 846/1074/1074 2758/2986/2986
f 849/1077/1077 2823/3051/3051 850/1078/1078
f 3190/3418/3418 2339/2567/2567 2824/3052/3052
f 637/661/661 2826/3054/3054 638/662/662
f 2345/2573/2573 2344/2572/2572 1664/1892/1892
f 830/1037/1037 641/665/665 3719/3947/3947
f 2844/3072/3072 3578/3806/3806 3840/4068/4068
f 2832/3060/3060 2833/3061/3061 1656/1884/1884
f 2824/3052/3052 1654/1882/1882 3190/3418/3418
f 2435/2663/2663 2434/2662/2662 853/1081/1081
f 2343/2571/2571 2831/3059/3059 1656/1884/1884
f 636/660/660 2345/2573/2573 2340/2568/2568
f 2344/2572/2572 4312/4540/4540 1664/1892/1892
f 1655/1883/1883 2340/2568/2568 2345/2573/2573
f 1662/1890/1890 2346/2574/2574 1663/1891/1891
f 1655/1883/1883 2345/2573/2573 2346/2574/2574
f 2348/2576/2576 3571/3799/3799 2346/2574/2574
f 3197/3425/3425 3195/3423/3423 3570/3798/3798
f 2844/3072/3072 2841/3069/3069 3575/3803/3803
f 2346/2574/2574 3571/3799/3799 1655/1883/1883
f 2348/2576/2576 2349/2577/2577 2347/2575/2575
f 2843/3071/3071 3573/3801/3801 2845/3073/3073
f 2842/3070/3070 2838/3066/3066 2350/2578/2578
f 2842/3070/3070 2841/3069/3069 2839/3067/3067
f 3204/3432/3432 3180/3408/3408 2333/2561/2561
f 2351/2579/2579 1667/1895/1895 1127/1355/1355
f 2351/2579/2579 2838/3066/3066 1665/1893/1893
f 2352/2580/2580 1670/1898/1898 689/738/738
f 2352/2580/2580 2353/2581/2581 1669/1897/1897
f 2353/2581/2581 2354/2582/2582 1669/1897/1897
f 2353/2581/2581 687/736/736 1841/2069/2069
f 653/685/685 2558/2786/2786 652/684/684
f 2559/2787/2787 2558/2786/2786 2354/2582/2582
f 2355/2583/2583 2354/2582/2582 653/685/685
f 2355/2583/2583 4313/4541/4541 1669/1897/1897
f 487/497/497 2846/3074/3074 488/498/498
f 2359/2587/2587 1671/1899/1899 2360/2588/2588
f 2357/2585/2585 2847/3075/3075 2846/3074/3074
f 1122/1350/1350 2362/2590/2590 1123/1351/1351
f 2849/3077/3077 2358/2586/2586 2387/2615/2615
f 2848/3076/3076 486/496/496 485/495/495
f 903/1131/1131 2359/2587/2587 2360/2588/2588
f 1671/1899/1899 2361/2589/2589 2357/2585/2585
f 902/1130/1130 903/1131/1131 2360/2588/2588
f 902/1130/1130 2360/2588/2588 2385/2613/2613
f 2357/2585/2585 2361/2589/2589 2362/2590/2590
f 2361/2589/2589 2359/2587/2587 2850/3078/3078
f 2357/2585/2585 2362/2590/2590 2847/3075/3075
f 2362/2590/2590 2851/3079/3079 1123/1351/1351
f 2363/2591/2591 2364/2592/2592 487/497/497
f 2363/2591/2591 1672/1900/1900 1673/1901/1901
f 2364/2592/2592 486/496/496 487/497/497
f 2364/2592/2592 1679/1907/1907 1677/1905/1905
f 2365/2593/2593 2368/2596/2596 1684/1912/1912
f 1117/1345/1345 2367/2595/2595 2365/2593/2593
f 2369/2597/2597 1684/1912/1912 2368/2596/2596
f 2371/2599/2599 2370/2598/2598 2369/2597/2597
f 2367/2595/2595 2852/3080/3080 2366/2594/2594
f 2367/2595/2595 1117/1345/1345 2859/3087/3087
f 1684/1912/1912 2369/2597/2597 1682/1910/1910
f 2368/2596/2596 2367/2595/2595 2366/2594/2594
f 2370/2598/2598 1682/1910/1910 2369/2597/2597
f 1707/1935/1935 2371/2599/2599 2854/3082/3082
f 2370/2598/2598 1680/1908/1908 1682/1910/1910
f 2370/2598/2598 2371/2599/2599 1707/1935/1935
f 1706/1934/1934 1704/1932/1932 2875/3103/3103
f 2371/2599/2599 2369/2597/2597 3207/3435/3435
f 762/874/874 2856/3084/3084 3602/3830/3830
f 3224/3452/3452 2870/3098/3098 3225/3453/3453
f 2861/3089/3089 3211/3439/3439 2373/2601/2601
f 2857/3085/3085 1114/1342/1342 1113/1341/1341
f 2860/3088/3088 2374/2602/2602 2861/3089/3089
f 3211/3439/3439 2858/3086/3086 2857/3085/3085
f 2375/2603/2603 2859/3087/3087 1116/1344/1344
f 2375/2603/2603 2860/3088/3088 1687/1915/1915
f 2864/3092/3092 2866/3094/3094 2865/3093/3093
f 3212/3440/3440 1717/1945/1945 2867/3095/3095
f 3216/3444/3444 1113/1341/1341 3213/3441/3441
f 3214/3442/3442 2377/2605/2605 2869/3097/3097
f 765/871/871 2877/3105/3105 766/870/870
f 2885/3113/3113 3222/3450/3450 3603/3831/3831
f 2379/2607/2607 2380/2608/2608 889/1117/1117
f 2379/2607/2607 2381/2609/2609 1689/1917/1917
f 2380/2608/2608 890/1118/1118 889/1117/1117
f 2006/2234/2234 1959/2187/2187 2384/2612/2612
f 1689/1917/1917 2381/2609/2609 2382/2610/2610
f 784/887/887 785/888/888 2871/3099/3099
f 2382/2610/2610 2383/2611/2611 1689/1917/1917
f 2382/2610/2610 747/890/890 484/891/891
f 2383/2611/2611 2384/2612/2612 1689/1917/1917
f 2383/2611/2611 484/891/891 485/892/892
f 2384/2612/2612 2380/2608/2608 1689/1917/1917
f 2384/2612/2612 485/892/892 2006/2234/2234
f 2385/2613/2613 2386/2614/2614 901/1129/1129
f 1690/1918/1918 2385/2613/2613 2849/3077/3077
f 2386/2614/2614 752/885/885 901/1129/1129
f 754/883/883 753/884/884 2388/2616/2616
f 485/495/495 2387/2615/2615 2848/3076/3076
f 2387/2615/2615 2388/2616/2616 1690/1918/1918
f 2388/2616/2616 2386/2614/2614 1690/1918/1918
f 747/882/882 754/883/883 2872/3100/3100
f 761/875/875 3226/3454/3454 2856/3084/3084
f 1687/1915/1915 3598/3826/3826 2853/3081/3081
f 2390/2618/2618 1717/1945/1945 1108/1336/1336
f 2390/2618/2618 1710/1938/1938 1711/1939/1939
f 1718/1946/1946 780/1052/1052 2391/2619/2619
f 1718/1946/1946 2391/2619/2619 1748/1976/1976
f 1105/1333/1333 1104/1332/1332 2393/2621/2621
f 2392/2620/2620 1738/1966/1966 1720/1948/1948
f 2393/2621/2621 1733/1961/1961 1734/1962/1962
f 2392/2620/2620 1720/1948/1948 2393/2621/2621
f 2394/2622/2622 1738/1966/1966 654/692/692
f 2394/2622/2622 1733/1961/1961 1720/1948/1948
f 2395/2623/2623 1737/1965/1965 1093/1321/1321
f 2395/2623/2623 2396/2624/2624 1736/1964/1964
f 2396/2624/2624 1765/1993/1993 1736/1964/1964
f 2396/2624/2624 1091/1319/1319 1763/1991/1991
f 2397/2625/2625 2398/2626/2626 653/693/693
f 2397/2625/2625 1737/1965/1965 1736/1964/1964
f 2398/2626/2626 652/694/694 653/693/693
f 2398/2626/2626 1736/1964/1964 1765/1993/1993
f 2399/2627/2627 1099/1327/1327 655/687/687
f 2399/2627/2627 2400/2628/2628 1098/1326/1326
f 2400/2628/2628 2401/2629/2629 1097/1325/1325
f 2400/2628/2628 2399/2627/2627 1739/1967/1967
f 2401/2629/2629 1096/1324/1324 1097/1325/1325
f 2416/2644/2644 2401/2629/2629 2402/2630/2630
f 2413/2641/2641 2412/2640/2640 2886/3114/3114
f 2402/2630/2630 2403/2631/2631 653/685/685
f 2403/2631/2631 2399/2627/2627 654/686/686
f 2403/2631/2631 2402/2630/2630 1739/1967/1967
f 2404/2632/2632 1766/1994/1994 780/863/863
f 2404/2632/2632 1742/1970/1970 1741/1969/1969
f 2405/2633/2633 1742/1970/1970 650/696/696
f 2405/2633/2633 2406/2634/2634 1741/1969/1969
f 2406/2634/2634 1766/1994/1994 1741/1969/1969
f 2420/2648/2648 2419/2647/2647 2406/2634/2634
f 2407/2635/2635 2391/2619/2619 779/1051/1051
f 2407/2635/2635 1743/1971/1971 1744/1972/1972
f 2408/2636/2636 1751/1979/1979 767/869/869
f 2408/2636/2636 2409/2637/2637 1750/1978/1978
f 1750/1978/1978 2878/3106/3106 1752/1980/1980
f 2409/2637/2637 2870/3098/3098 3218/3446/3446
f 2410/2638/2638 4329/4557/4557 1748/1976/1976
f 2883/3111/3111 2864/3092/3092 2881/3109/3109
f 780/855/855 2411/2639/2639 2417/2645/2645
f 2411/2639/2639 1756/1984/1984 1754/1982/1982
f 2412/2640/2640 2413/2641/2641 652/684/684
f 2412/2640/2640 2414/2642/2642 1754/1982/1982
f 2413/2641/2641 653/685/685 652/684/684
f 2402/2630/2630 2886/3114/3114 1758/1986/1986
f 2414/2642/2642 2411/2639/2639 1754/1982/1982
f 1759/1987/1987 2414/2642/2642 2418/2646/2646
f 2415/2643/2643 2411/2639/2639 781/856/856
f 2415/2643/2643 1755/1983/1983 1756/1984/1984
f 2416/2644/2644 2402/2630/2630 1758/1986/1986
f 1096/1324/1324 2401/2629/2629 2416/2644/2644
f 2417/2645/2645 1760/1988/1988 779/854/854
f 2417/2645/2645 2411/2639/2639 1759/1987/1987
f 2418/2646/2646 2414/2642/2642 651/683/683
f 2418/2646/2646 1760/1988/1988 1759/1987/1987
f 2419/2647/2647 2420/2648/2648 1765/1993/1993
f 1766/1994/1994 2406/2634/2634 2419/2647/2647
f 2420/2648/2648 2398/2626/2626 1765/1993/1993
f 2420/2648/2648 2406/2634/2634 652/694/694
f 894/1122/1122 893/1121/1121 2421/2649/2649
f 2421/2649/2649 1988/2216/2216 894/1122/1122
f 2890/3118/3118 2422/2650/2650 2891/3119/3119
f 393/393/393 394/394/394 2887/3115/3115
f 391/391/391 2889/3117/3117 390/390/390
f 3230/3458/3458 2423/2651/2651 2890/3118/3118
f 2428/2656/2656 4379/4607/4607 2429/2657/2657
f 3241/3469/3469 1187/1415/1415 1188/1416/1416
f 3246/3474/3474 1183/1411/1411 1184/1412/1412
f 1181/1409/1409 1182/1410/1410 3665/3893/3893
f 4380/4608/4608 2429/2657/2657 4379/4607/4607
f 2899/3127/3127 4361/4589/4589 4360/4588/4588
f 2427/2655/2655 1788/2016/2016 386/386/386
f 1771/1999/1999 2427/2655/2655 4378/4606/4606
f 1191/1419/1419 2900/3128/3128 1190/1418/1418
f 2428/2656/2656 1788/2016/2016 1771/1999/1999
f 1190/1418/1418 2901/3129/3129 1189/1417/1417
f 4361/4589/4589 3247/3475/3475 2892/3120/3120
f 389/389/389 2903/3131/3131 390/390/390
f 2430/2658/2658 4316/4544/4544 1778/2006/2006
f 390/390/390 2904/3132/3132 391/391/391
f 2908/3136/3136 2906/3134/3134 2905/3133/3133
f 2432/2660/2660 2433/2661/2661 1656/1884/1884
f 2432/2660/2660 1786/2014/2014 1784/2012/2012
f 2343/2571/2571 2435/2663/2663 852/1080/1080
f 853/1081/1081 2434/2662/2662 1804/2032/2032
f 2433/2661/2661 1784/2012/2012 2434/2662/2662
f 2433/2661/2661 2434/2662/2662 2435/2663/2663
f 2435/2663/2663 2343/2571/2571 2433/2661/2661
f 2435/2663/2663 853/1081/1081 852/1080/1080
f 2436/2664/2664 1782/2010/2010 682/731/731
f 1787/2015/2015 1779/2007/2007 2436/2664/2664
f 440/448/448 2437/2665/2665 2918/3146/3146
f 1789/2017/2017 2437/2665/2665 2919/3147/3147
f 2918/3146/3146 187/447/447 440/448/448
f 2455/2683/2683 960/1188/1188 2454/2682/2682
f 2439/2667/2667 2440/2668/2668 962/1190/1190
f 1789/2017/2017 2441/2669/2669 2438/2666/2666
f 2440/2668/2668 946/1174/1174 962/1190/1190
f 2291/2519/2519 2294/2522/2522 2919/3147/3147
f 1813/2041/2041 2438/2666/2666 2455/2683/2683
f 2441/2669/2669 2439/2667/2667 2920/3148/3148
f 2929/3157/3157 1175/1403/1403 2933/3161/3161
f 1790/2018/2018 2442/2670/2670 3261/3489/3489
f 3259/3487/3487 4387/4615/4615 3260/3488/3488
f 3857/4085/4085 1183/1411/1411 3246/3474/3474
f 2444/2672/2672 1799/2027/2027 856/1084/1084
f 2444/2672/2672 1791/2019/2019 1792/2020/2020
f 2445/2673/2673 2446/2674/2674 447/676/676
f 2445/2673/2673 2447/2675/2675 1794/2022/2022
f 2446/2674/2674 448/675/675 447/676/676
f 2446/2674/2674 1794/2022/2022 1800/2028/2028
f 1794/2022/2022 2447/2675/2675 1795/2023/2023
f 1796/2024/2024 2447/2675/2675 2448/2676/2676
f 446/677/677 2448/2676/2676 2445/2673/2673
f 2448/2676/2676 1877/2105/2105 1796/2024/2024
f 1800/2028/2028 682/731/731 2449/2677/2677
f 2449/2677/2677 1837/2065/2065 1800/2028/2028
f 2450/2678/2678 1812/2040/2040 853/1081/1081
f 2450/2678/2678 1805/2033/2033 1806/2034/2034
f 2924/3152/3152 850/1078/1078 851/1079/1079
f 2924/3152/3152 851/1079/1079 2451/2679/2679
f 261/445/445 439/446/446 2453/2681/2681
f 2452/2680/2680 2438/2666/2666 1813/2041/2041
f 2453/2681/2681 2457/2685/2685 261/445/445
f 1814/2042/2042 2456/2684/2684 2460/2688/2688
f 2920/3148/3148 960/1188/1188 2455/2683/2683
f 1813/2041/2041 2456/2684/2684 2453/2681/2681
f 2455/2683/2683 2438/2666/2666 2441/2669/2669
f 2454/2682/2682 1813/2041/2041 2455/2683/2683
f 2456/2684/2684 1814/2042/2042 2453/2681/2681
f 959/1187/1187 958/1186/1186 2456/2684/2684
f 438/444/444 2458/2686/2686 1827/2055/2055
f 2457/2685/2685 2453/2681/2681 1814/2042/2042
f 1827/2055/2055 2458/2686/2686 2459/2687/2687
f 2457/2685/2685 1814/2042/2042 2458/2686/2686
f 2459/2687/2687 1819/2047/2047 1827/2055/2055
f 2459/2687/2687 957/1185/1185 956/1184/1184
f 2460/2688/2688 2456/2684/2684 958/1186/1186
f 2460/2688/2688 2459/2687/2687 1814/2042/2042
f 2461/2689/2689 2459/2687/2687 956/1184/1184
f 2461/2689/2689 1821/2049/2049 1819/2047/2047
f 2462/2690/2690 2461/2689/2689 955/1183/1183
f 2462/2690/2690 1820/2048/2048 1821/2049/2049
f 2463/2691/2691 2464/2692/2692 436/442/442
f 2463/2691/2691 1828/2056/2056 1829/2057/2057
f 2464/2692/2692 437/443/443 436/442/442
f 1829/2057/2057 1832/2060/2060 2464/2692/2692
f 438/444/444 2927/3155/3155 261/445/445
f 2928/3156/3156 2465/2693/2693 3294/3522/3522
f 2931/3159/3159 1801/2029/2029 2930/3158/3158
f 2932/3160/3160 2442/2670/2670 1790/2018/2018
f 2467/2695/2695 1960/2188/2188 1236/1464/1464
f 2467/2695/2695 453/461/461 1836/2064/2064
f 2468/2696/2696 2469/2697/2697 447/676/676
f 2468/2696/2696 1842/2070/2070 1843/2071/2071
f 2469/2697/2697 446/677/677 447/676/676
f 2469/2697/2697 1887/2115/2115 1885/2113/2113
f 2470/2698/2698 1842/2070/2070 1027/1255/1255
f 2470/2698/2698 1887/2115/2115 1843/2071/2071
f 2471/2699/2699 1875/2103/2103 1168/1396/1396
f 2471/2699/2699 1867/2095/2095 1844/2072/2072
f 2472/2700/2700 2473/2701/2701 774/1041/1041
f 2472/2700/2700 1846/2074/2074 1847/2075/2075
f 2473/2701/2701 773/1040/1040 774/1041/1041
f 2473/2701/2701 1853/2081/2081 1851/2079/2079
f 2481/2709/2709 2479/2707/2707 2474/2702/2702
f 3296/3524/3524 1159/1387/1387 1158/1386/1386
f 2475/2703/2703 2476/2704/2704 1858/2086/2086
f 2476/2704/2704 2475/2703/2703 2477/2705/2705
f 2480/2708/2708 1856/2084/2084 1858/2086/2086
f 2478/2706/2706 2482/2710/2710 2480/2708/2708
f 2474/2702/2702 2476/2704/2704 2477/2705/2705
f 2934/3162/3162 2474/2702/2702 3297/3525/3525
f 4353/4581/4581 2935/3163/3163 1915/2143/2143
f 1917/2145/2145 1915/2143/2143 2939/3167/3167
f 2479/2707/2707 2480/2708/2708 2476/2704/2704
f 2479/2707/2707 2481/2709/2709 2478/2706/2706
f 2480/2708/2708 1858/2086/2086 2476/2704/2704
f 1856/2084/2084 2480/2708/2708 2482/2710/2710
f 2935/3163/3163 4353/4581/4581 2478/2706/2706
f 3681/3909/3909 3680/3908/3908 2935/3163/3163
f 2482/2710/2710 1854/2082/2082 1856/2084/2084
f 1918/2146/2146 2482/2710/2710 4353/4581/4581
f 2483/2711/2711 1870/2098/2098 446/454/454
f 2483/2711/2711 1869/2097/2097 1865/2093/2093
f 2484/2712/2712 2485/2713/2713 1031/1259/1259
f 2484/2712/2712 1874/2102/2102 1873/2101/2101
f 2485/2713/2713 1030/1258/1258 1031/1259/1259
f 2485/2713/2713 2486/2714/2714 1902/2130/2130
f 1893/2121/2121 1902/2130/2130 2936/3164/3164
f 2486/2714/2714 2487/2715/2715 447/455/455
f 2487/2715/2715 1874/2102/2102 448/456/456
f 2487/2715/2715 2486/2714/2714 1873/2101/2101
f 2488/2716/2716 2448/2676/2676 445/678/678
f 2488/2716/2716 1876/2104/2104 1877/2105/2105
f 2489/2717/2717 857/1085/1085 1799/2027/2027
f 1796/2024/2024 1877/2105/2105 2489/2717/2717
f 2490/2718/2718 1876/2104/2104 858/1086/1086
f 2490/2718/2718 2489/2717/2717 1877/2105/2105
f 2491/2719/2719 1880/2108/2108 444/679/679
f 2491/2719/2719 1890/2118/2118 1878/2106/2106
f 773/849/849 2492/2720/2720 2493/2721/2721
f 2492/2720/2720 1880/2108/2108 1878/2106/2106
f 2493/2721/2721 1892/2120/2120 774/848/848
f 2493/2721/2721 2492/2720/2720 1891/2119/2119
f 773/841/841 2494/2722/2722 2500/2728/2728
f 2494/2722/2722 1900/2128/2128 1893/2121/2121
f 2495/2723/2723 2496/2724/2724 446/454/454
f 2495/2723/2723 1897/2125/2125 1893/2121/2121
f 2496/2724/2724 447/455/455 446/454/454
f 1902/2130/2130 2486/2714/2714 2936/3164/3164
f 2497/2725/2725 774/1041/1041 773/1040/1040
f 2497/2725/2725 1871/2099/2099 1872/2100/2100
f 2498/2726/2726 445/453/453 1871/2099/2099
f 2498/2726/2726 1894/2122/2122 444/452/452
f 2499/2727/2727 2495/2723/2723 445/453/453
f 2499/2727/2727 1896/2124/2124 1897/2125/2125
f 2500/2728/2728 1896/2124/2124 772/840/840
f 2500/2728/2728 2494/2722/2722 1897/2125/2125
f 2501/2729/2729 2494/2722/2722 774/842/842
f 2501/2729/2729 1899/2127/2127 1900/2128/2128
f 1902/2130/2130 1901/2129/2129 2502/2730/2730
f 2502/2730/2730 2485/2713/2713 1902/2130/2130
f 763/831/831 764/832/832 3305/3533/3533
f 2935/3163/3163 2478/2706/2706 2481/2709/2709
f 1158/1386/1386 3300/3528/3528 2941/3169/3169
f 2942/3170/3170 2946/3174/3174 2947/3175/3175
f 2954/3182/3182 2951/3179/3179 2953/3181/3181
f 2503/2731/2731 2938/3166/3166 2937/3165/3165
f 2947/3175/3175 2950/3178/3178 1920/2148/2148
f 2514/2742/2742 2506/2734/2734 2515/2743/2743
f 2515/2743/2743 2507/2735/2735 2514/2742/2742
f 2507/2735/2735 2513/2741/2741 2514/2742/2742
f 1152/1380/1380 1151/1379/1379 2508/2736/2736
f 1152/1380/1380 2508/2736/2736 2510/2738/2738
f 2509/2737/2737 4322/4550/4550 430/436/436
f 1931/2159/2159 2509/2737/2737 1940/2168/2168
f 2511/2739/2739 1153/1381/1381 2510/2738/2738
f 2512/2740/2740 2511/2739/2739 2510/2738/2738
f 1153/1381/1381 2944/3172/3172 1154/1382/1382
f 2511/2739/2739 2512/2740/2740 2507/2735/2735
f 2512/2740/2740 2513/2741/2741 2507/2735/2735
f 1921/2149/2149 2512/2740/2740 1932/2160/2160
f 2516/2744/2744 2514/2742/2742 2513/2741/2741
f 2957/3185/3185 2513/2741/2741 1921/2149/2149
f 2507/2735/2735 2515/2743/2743 2944/3172/3172
f 2514/2742/2742 2516/2744/2744 2506/2734/2734
f 2515/2743/2743 1154/1382/1382 2944/3172/3172
f 1156/1384/1384 1155/1383/1383 3303/3531/3531
f 2950/3178/3178 2947/3175/3175 2955/3183/3183
f 2966/3194/3194 758/826/826 759/827/827
f 2516/2744/2744 2513/2741/2741 2957/3185/3185
f 2517/2745/2745 2958/3186/3186 2957/3185/3185
f 2518/2746/2746 2519/2747/2747 1149/1377/1377
f 2518/2746/2746 2520/2748/2748 1933/2161/2161
f 2519/2747/2747 433/439/439 1149/1377/1377
f 432/438/438 2519/2747/2747 2521/2749/2749
f 1933/2161/2161 2520/2748/2748 2522/2750/2750
f 951/1179/1179 2520/2748/2748 952/1180/1180
f 431/437/437 432/438/438 2521/2749/2749
f 430/436/436 431/437/437 2959/3187/3187
f 2522/2750/2750 2523/2751/2751 1933/2161/2161
f 949/1177/1177 2524/2752/2752 950/1178/1178
f 2521/2749/2749 1933/2161/2161 2523/2751/2751
f 2521/2749/2749 2959/3187/3187 431/437/437
f 2523/2751/2751 2522/2750/2750 2524/2752/2752
f 2523/2751/2751 2525/2753/2753 1934/2162/2162
f 1934/2162/2162 2525/2753/2753 2526/2754/2754
f 2524/2752/2752 949/1177/1177 2525/2753/2753
f 2528/2756/2756 1934/2162/2162 2527/2755/2755
f 2526/2754/2754 948/1176/1176 2964/3192/3192
f 2527/2755/2755 2961/3189/3189 2960/3188/3188
f 2962/3190/3190 754/821/821 2961/3189/3189
f 429/435/435 2528/2756/2756 2960/3188/3188
f 2528/2756/2756 2523/2751/2751 1934/2162/2162
f 2529/2757/2757 2509/2737/2737 429/435/435
f 2529/2757/2757 1935/2163/2163 1936/2164/2164
f 1928/2156/2156 2530/2758/2758 2531/2759/2759
f 1940/2168/2168 1938/2166/2166 2530/2758/2758
f 1930/2158/2158 1928/2156/2156 2532/2760/2760
f 2531/2759/2759 3313/3541/3541 2517/2745/2745
f 1930/2158/2158 2965/3193/3193 1932/2160/2160
f 2965/3193/3193 2532/2760/2760 4331/4559/4559
f 2533/2761/2761 1943/2171/2171 757/825/825
f 2533/2761/2761 2534/2762/2762 1942/2170/2170
f 1944/2172/2172 1942/2170/2170 3312/3540/3540
f 3308/3536/3536 2952/3180/3180 3307/3535/3535
f 2535/2763/2763 1982/2210/2210 430/811/811
f 1945/2173/2173 2535/2763/2763 2536/2764/2764
f 1945/2173/2173 2538/2766/2766 2537/2765/2765
f 2968/3196/3196 428/813/813 2969/3197/3197
f 964/1192/1192 2537/2765/2765 2538/2766/2766
f 1945/2173/2173 2539/2767/2767 1982/2210/2210
f 963/1191/1191 964/1192/1192 2538/2766/2766
f 2971/3199/3199 2538/2766/2766 2970/3198/3198
f 2539/2767/2767 1248/1476/1476 1982/2210/2210
f 965/1193/1193 966/1194/1194 2972/3200/3200
f 1275/1503/1503 1280/1508/1508 2540/2768/2768
f 2540/2768/2768 1229/1457/1457 1275/1503/1503
f 882/1110/1110 883/1111/1111 2541/2769/2769
f 2541/2769/2769 1953/2181/2181 882/1110/1110
f 969/1197/1197 970/1198/1198 2542/2770/2770
f 2542/2770/2770 1961/2189/2189 969/1197/1197
f 1261/1489/1489 1279/1507/1507 2543/2771/2771
f 2543/2771/2771 1232/1460/1460 1261/1489/1489
f 921/1149/1149 920/1148/1148 2544/2772/2772
f 921/1149/1149 2544/2772/2772 1954/2182/2182
f 2220/2448/2448 1956/2184/2184 2545/2773/2773
f 2545/2773/2773 2218/2446/2446 2220/2448/2448
f 891/1119/1119 890/1118/1118 2546/2774/2774
f 891/1119/1119 2546/2774/2774 1957/2185/2185
f 2547/2775/2775 1993/2221/2221 975/1203/1203
f 1963/2191/2191 2547/2775/2775 1964/2192/2192
f 2548/2776/2776 1992/2220/2220 900/1128/1128
f 1969/2197/2197 2548/2776/2776 1970/2198/2198
f 2549/2777/2777 2029/2257/2257 878/1106/1106
f 2549/2777/2777 2550/2778/2778 1975/2203/2203
f 2550/2778/2778 1245/1473/1473 1975/2203/2203
f 2550/2778/2778 880/1108/1108 1946/2174/2174
f 1250/1478/1478 1259/1487/1487 2551/2779/2779
f 2551/2779/2779 1983/2211/2211 1250/1478/1478
f 2552/2780/2780 1995/2223/2223 1997/2225/2225
f 2552/2780/2780 824/1031/1031 823/1030/1030
f 825/1032/1032 2553/2781/2781 2657/2885/2885
f 824/1031/1031 2000/2228/2228 2553/2781/2781
f 2150/2378/2378 4333/4561/4561 2555/2783/2783
f 2554/2782/2782 2000/2228/2228 4333/4561/4561
f 1432/1660/1660 2669/2897/2897 2668/2896/2896
f 2669/2897/2897 4336/4564/4564 2678/2906/2906
f 2556/2784/2784 1299/1527/1527 1298/1526/1526
f 2556/2784/2784 1999/2227/2227 1292/1520/1520
f 2557/2785/2785 2013/2241/2241 651/683/683
f 2557/2785/2785 2558/2786/2786 2012/2240/2240
f 2558/2786/2786 2559/2787/2787 2012/2240/2240
f 2354/2582/2582 2558/2786/2786 653/685/685
f 2559/2787/2787 2560/2788/2788 2012/2240/2240
f 1841/2069/2069 1740/1968/1968 2974/3202/3202
f 2011/2239/2239 2012/2240/2240 2560/2788/2788
f 2560/2788/2788 2975/3203/3203 2011/2239/2239
f 849/1077/1077 2976/3204/3204 3730/3958/3958
f 3319/3547/3547 2336/2564/2564 3320/3548/3548
f 2981/3209/3209 2562/2790/2790 2979/3207/3207
f 3320/3548/3548 2978/3206/3206 3319/3547/3547
f 2563/2791/2791 1976/2204/2204 458/923/923
f 2563/2791/2791 2026/2254/2254 2028/2256/2256
f 2564/2792/2792 2029/2257/2257 1975/2203/2203
f 2564/2792/2792 2563/2791/2791 2028/2256/2256
f 2565/2793/2793 2566/2794/2794 862/1090/1090
f 2565/2793/2793 2030/2258/2258 2031/2259/2259
f 2566/2794/2794 863/1091/1091 862/1090/1090
f 2566/2794/2794 2036/2264/2264 2055/2283/2283
f 2032/2260/2260 860/1088/1088 2567/2795/2795
f 2567/2795/2795 793/932/932 2032/2260/2260
f 787/934/934 456/464/464 2568/2796/2796
f 2568/2796/2796 794/933/933 787/934/934
f 2569/2797/2797 2034/2262/2262 457/465/465
f 2569/2797/2797 2036/2264/2264 2035/2263/2263
f 2570/2798/2798 2569/2797/2797 458/466/466
f 2570/2798/2798 2056/2284/2284 2036/2264/2264
f 2571/2799/2799 2572/2800/2800 2040/2268/2268
f 2571/2799/2799 2049/2277/2277 1322/1550/1550
f 2574/2802/2802 2573/2801/2801 2045/2273/2273
f 2984/3212/3212 2983/3211/3211 2572/2800/2800
f 2573/2801/2801 1339/1567/1567 1341/1569/1569
f 2592/2820/2820 1338/1566/1566 2574/2802/2802
f 2999/3227/3227 2590/2818/2818 3000/3228/3228
f 2983/3211/3211 2982/3210/3210 2572/2800/2800
f 3326/3554/3554 1013/1241/1241 3323/3551/3551
f 2984/3212/3212 2999/3227/3227 3000/3228/3228
f 2587/2815/2815 2993/3221/3221 2994/3222/3222
f 3339/3567/3567 3338/3566/3566 2582/2810/2810
f 802/942/942 2577/2805/2805 2578/2806/2806
f 3328/3556/3556 2987/3215/3215 2577/2805/2805
f 2578/2806/2806 2049/2277/2277 801/941/941
f 2048/2276/2276 2578/2806/2806 2987/3215/3215
f 2579/2807/2807 799/939/939 800/940/940
f 2579/2807/2807 2571/2799/2799 2041/2269/2269
f 1322/1550/1550 2580/2808/2808 2581/2809/2809
f 2580/2808/2808 2578/2806/2806 2048/2276/2276
f 2572/2800/2800 3321/3549/3549 2984/3212/3212
f 4388/4616/4616 3322/3550/3550 3690/3918/3918
f 1010/1238/1238 2601/2829/2829 1009/1237/1237
f 3335/3563/3563 2992/3220/3220 2050/2278/2278
f 2583/2811/2811 2052/2280/2280 805/945/945
f 2583/2811/2811 2584/2812/2812 2051/2279/2279
f 2991/3219/3219 2051/2279/2279 3343/3571/3571
f 2990/3218/3218 2060/2288/2288 1348/1576/1576
f 2587/2815/2815 2586/2814/2814 2991/3219/3219
f 3691/3919/3919 2597/2825/2825 2088/2316/2316
f 1323/1551/1551 2586/2814/2814 2587/2815/2815
f 2586/2814/2814 2583/2811/2811 2051/2279/2279
f 2997/3225/3225 1323/1551/1551 2996/3224/3224
f 2993/3221/3221 2585/2813/2813 2088/2316/2316
f 2057/2285/2285 460/468/468 2588/2816/2816
f 2588/2816/2816 1022/1250/1250 2057/2285/2285
f 2589/2817/2817 2590/2818/2818 1016/1244/1244
f 2589/2817/2817 2591/2819/2819 2058/2286/2286
f 1016/1244/1244 2998/3226/3226 1015/1243/1243
f 2575/2803/2803 2998/3226/3226 2999/3227/3227
f 2591/2819/2819 2592/2820/2820 2058/2286/2286
f 1340/1568/1568 2591/2819/2819 1018/1246/1246
f 2058/2286/2286 2592/2820/2820 3345/3573/3573
f 2591/2819/2819 1338/1566/1566 2592/2820/2820
f 2076/2304/2304 674/715/715 2593/2821/2821
f 2593/2821/2821 1360/1588/1588 2076/2304/2304
f 2594/2822/2822 2070/2298/2298 1368/1596/1596
f 2079/2307/2307 674/725/725 2594/2822/2822
f 2595/2823/2823 1368/1596/1596 1350/1578/1578
f 2595/2823/2823 2083/2311/2311 2079/2307/2307
f 1381/1609/1609 2597/2825/2825 1343/1571/1571
f 2088/2316/2316 2596/2824/2824 2598/2826/2826
f 3691/3919/3919 1348/1576/1576 1343/1571/1571
f 3344/3572/3572 2990/3218/3218 3691/3919/3919
f 2598/2826/2826 2995/3223/3223 2088/2316/2316
f 3338/3566/3566 2050/2278/2278 3001/3229/3229
f 2598/2826/2826 2596/2824/2824 2599/2827/2827
f 2599/2827/2827 2089/2317/2317 2598/2826/2826
f 2600/2828/2828 1008/1236/1236 1009/1237/1237
f 2089/2317/2317 1380/1608/1608 2600/2828/2828
f 2089/2317/2317 3001/3229/3229 2598/2826/2826
f 1010/1238/1238 2582/2810/2810 2601/2829/2829
f 2092/2320/2320 1387/1615/1615 676/717/717
f 2602/2830/2830 1197/1425/1425 2092/2320/2320
f 2602/2830/2830 677/718/718 1198/1426/1426
f 2603/2831/2831 2104/2332/2332 1410/1638/1638
f 2603/2831/2831 2604/2832/2832 2105/2333/2333
f 2604/2832/2832 2119/2347/2347 2105/2333/2333
f 2604/2832/2832 2117/2345/2345 1416/1644/1644
f 2605/2833/2833 2606/2834/2834 466/474/474
f 2605/2833/2833 2607/2835/2835 2108/2336/2336
f 78/475/475 3002/3230/3230 467/476/476
f 78/475/475 3003/3231/3231 3002/3230/3230
f 2607/2835/2835 1403/1631/1631 2108/2336/2336
f 465/473/473 2107/2335/2335 2607/2835/2835
f 3552/3780/3780 2109/2337/2337 3553/3781/3781
f 3954/4182/4182 1406/1634/1634 3830/4058/4058
f 2610/2838/2838 2609/2837/2837 4374/4602/4602
f 2608/2836/2836 3003/3231/3231 2606/2834/2834
f 4/477/477 3004/3232/3232 468/478/478
f 2109/2337/2337 2610/2838/2838 4374/4602/4602
f 2628/2856/2856 2625/2853/2853 2623/2851/2851
f 2137/2365/2365 2622/2850/2850 2621/2849/2849
f 2614/2842/2842 993/1221/1221 3007/3235/3235
f 3875/4103/4103 2612/2840/2840 3005/3233/3233
f 2613/2841/2841 2112/2340/2340 994/1222/1222
f 2613/2841/2841 2614/2842/2842 2111/2339/2339
f 3877/4105/4105 3878/4106/4106 2111/2339/2339
f 3007/3235/3235 992/1220/1220 2612/2840/2840
f 3950/4178/4178 3564/3792/3792 3565/3793/3793
f 4051/4279/4279 3353/3581/3581 3352/3580/3580
f 2616/2844/2844 2117/2345/2345 467/476/476
f 2118/2346/2346 2616/2844/2844 2617/2845/2845
f 2617/2845/2845 2116/2344/2344 2118/2346/2346
f 2122/2350/2350 1417/1645/1645 2617/2845/2845
f 2618/2846/2846 2128/2356/2356 875/1103/1103
f 2618/2846/2846 2120/2348/2348 2121/2349/2349
f 2619/2847/2847 2122/2350/2350 468/478/478
f 2123/2351/2351 2619/2847/2847 2124/2352/2352
f 2620/2848/2848 2300/2528/2528 916/1144/1144
f 2620/2848/2848 2128/2356/2356 2127/2355/2355
f 2621/2849/2849 2622/2850/2850 989/1217/1217
f 2137/2365/2365 2621/2849/2849 2637/2865/2865
f 991/1219/1219 990/1218/1218 3006/3234/3234
f 2623/2851/2851 2625/2853/2853 2624/2852/2852
f 2628/2856/2856 3346/3574/3574 3347/3575/3575
f 3597/3825/3825 3841/4069/4069 3177/3405/3405
f 2624/2852/2852 2625/2853/2853 2622/2850/2850
f 2623/2851/2851 2624/2852/2852 2626/2854/2854
f 2622/2850/2850 2627/2855/2855 990/1218/1218
f 2611/2839/2839 2625/2853/2853 2628/2856/2856
f 3346/3574/3574 2628/2856/2856 2623/2851/2851
f 2636/2864/2864 2633/2861/2861 2634/2862/2862
f 2625/2853/2853 2611/2839/2839 2627/2855/2855
f 2627/2855/2855 2622/2850/2850 2625/2853/2853
f 2611/2839/2839 3692/3920/3920 3005/3233/3233
f 3347/3575/3575 3872/4100/4100 3692/3920/3920
f 3406/3634/3634 3407/3635/3635 3010/3238/3238
f 2648/2876/2876 1424/1652/1652 3020/3248/3248
f 2632/2860/2860 986/1214/1214 3012/3240/3240
f 2630/2858/2858 3010/3238/3238 2138/2366/2366
f 2631/2859/2859 2140/2368/2368 987/1215/1215
f 2631/2859/2859 2632/2860/2860 2139/2367/2367
f 2139/2367/2367 2632/2860/2860 2634/2862/2862
f 3012/3240/3240 985/1213/1213 2630/2858/2858
f 3359/3587/3587 2635/2863/2863 3716/3944/3944
f 3194/3422/3422 3200/3428/3428 3198/3426/3426
f 2638/2866/2866 2139/2367/2367 2635/2863/2863
f 3715/3943/3943 2633/2861/2861 2636/2864/2864
f 1423/1651/1651 3357/3585/3585 2626/2854/2854
f 3355/3583/3583 3349/3577/3577 2623/2851/2851
f 2630/2858/2858 2138/2366/2366 2636/2864/2864
f 2630/2858/2858 2636/2864/2864 3012/3240/3240
f 2637/2865/2865 2626/2854/2854 2137/2365/2365
f 2637/2865/2865 2638/2866/2866 1423/1651/1651
f 2638/2866/2866 2635/2863/2863 1423/1651/1651
f 2638/2866/2866 2631/2859/2859 2139/2367/2367
f 2827/3055/3055 3405/3633/3633 3202/3430/3430
f 3014/3242/3242 828/1035/1035 829/1036/1036
f 826/1033/1033 3016/3244/3244 825/1032/1032
f 3362/3590/3590 2640/2868/2868 3017/3245/3245
f 2641/2869/2869 2143/2371/2371 981/1209/1209
f 2641/2869/2869 2642/2870/2870 2142/2370/2370
f 2642/2870/2870 2644/2872/2872 2142/2370/2370
f 979/1207/1207 3019/3247/3247 2642/2870/2870
f 2645/2873/2873 2644/2872/2872 2643/2871/2871
f 3728/3956/3956 3887/4115/4115 2643/2871/2871
f 2648/2876/2876 2142/2370/2370 2645/2873/2873
f 3728/3956/3956 2643/2871/2871 2646/2874/2874
f 3721/3949/3949 3886/4114/4114 3723/3951/3951
f 3887/4115/4115 3412/3640/3640 3410/3638/3638
f 1430/1658/1658 3019/3247/3247 2145/2373/2373
f 2644/2872/2872 2642/2870/2870 2646/2874/2874
f 3406/3634/3634 2629/2857/2857 3021/3249/3249
f 2648/2876/2876 2645/2873/2873 1424/1652/1652
f 2648/2876/2876 2641/2869/2869 2142/2370/2370
f 2649/2877/2877 1431/1659/1659 823/1030/1030
f 2649/2877/2877 2652/2880/2880 2146/2374/2374
f 2650/2878/2878 2651/2879/2879 1425/1653/1653
f 2650/2878/2878 2649/2877/2877 2146/2374/2374
f 2643/2871/2871 3410/3638/3638 2645/2873/2873
f 3362/3590/3590 3363/3591/3591 3361/3589/3589
f 3361/3589/3589 2652/2880/2880 3016/3244/3244
f 2640/2868/2868 3016/3244/3244 826/1033/1033
f 2653/2881/2881 2654/2882/2882 828/1035/1035
f 2148/2376/2376 2653/2881/2881 2658/2886/2886
f 829/1036/1036 3030/3258/3258 2684/2912/2912
f 3030/3258/3258 829/1036/1036 2654/2882/2882
f 2661/2889/2889 2660/2888/2888 2664/2892/2892
f 2661/2889/2889 2666/2894/2894 2660/2888/2888
f 3027/3255/3255 3026/3254/3254 2680/2908/2908
f 2676/2904/2904 2675/2903/2903 2667/2895/2895
f 2657/2885/2885 2151/2379/2379 826/1033/1033
f 2150/2378/2378 2657/2885/2885 2554/2782/2782
f 2148/2376/2376 2659/2887/2887 2655/2883/2883
f 2658/2886/2886 2681/2909/2909 1432/1660/1660
f 2659/2887/2887 2661/2889/2889 2655/2883/2883
f 2661/2889/2889 2668/2896/2896 2666/2894/2894
f 2655/2883/2883 2664/2892/2892 4334/4562/4562
f 2675/2903/2903 2660/2888/2888 2667/2895/2895
f 4334/4562/4562 2664/2892/2892 2662/2890/2890
f 2666/2894/2894 2663/2891/2891 2667/2895/2895
f 2674/2902/2902 2673/2901/2901 1433/1661/1661
f 2665/2893/2893 2664/2892/2892 2660/2888/2888
f 2678/2906/2906 2679/2907/2907 2663/2891/2891
f 2659/2887/2887 2668/2896/2896 2661/2889/2889
f 2664/2892/2892 2655/2883/2883 2661/2889/2889
f 2664/2892/2892 2665/2893/2893 2662/2890/2890
f 2662/2890/2890 2673/2901/2901 2670/2898/2898
f 1433/1661/1661 2665/2893/2893 2677/2905/2905
f 2666/2894/2894 2667/2895/2895 2660/2888/2888
f 2663/2891/2891 2666/2894/2894 2668/2896/2896
f 2677/2905/2905 2660/2888/2888 2675/2903/2903
f 2149/2377/2377 2667/2895/2895 2679/2907/2907
f 2668/2896/2896 2669/2897/2897 2663/2891/2891
f 2659/2887/2887 1432/1660/1660 2668/2896/2896
f 2669/2897/2897 2678/2906/2906 2663/2891/2891
f 2669/2897/2897 2682/2910/2910 2555/2783/2783
f 2662/2890/2890 3414/3642/3642 4334/4562/4562
f 2684/2912/2912 2153/2381/2381 3184/3412/3412
f 2152/2380/2380 2677/2905/2905 3023/3251/3251
f 2676/2904/2904 659/700/700 3025/3253/3253
f 4341/4569/4569 2672/2900/2900 4339/4567/4567
f 1998/2226/2226 4335/4563/4563 4333/4561/4561
f 2673/2901/2901 2662/2890/2890 2665/2893/2893
f 2673/2901/2901 2674/2902/2902 2670/2898/2898
f 2674/2902/2902 3024/3252/3252 2670/2898/2898
f 3029/3257/3257 2683/2911/2911 2685/2913/2913
f 2660/2888/2888 2677/2905/2905 2665/2893/2893
f 2671/2899/2899 2675/2903/2903 2676/2904/2904
f 2671/2899/2899 2676/2904/2904 3025/3253/3253
f 2676/2904/2904 2149/2377/2377 2656/2884/2884
f 2677/2905/2905 2152/2380/2380 1433/1661/1661
f 2677/2905/2905 2675/2903/2903 2671/2899/2899
f 2667/2895/2895 2663/2891/2891 2679/2907/2907
f 4335/4563/4563 2672/2900/2900 4336/4564/4564
f 4341/4569/4569 3026/3254/3254 2149/2377/2377
f 2678/2906/2906 2672/2900/2900 2679/2907/2907
f 2656/2884/2884 2149/2377/2377 3026/3254/3254
f 3026/3254/3254 3027/3255/3255 2656/2884/2884
f 2681/2909/2909 2682/2910/2910 1432/1660/1660
f 2681/2909/2909 2657/2885/2885 2150/2378/2378
f 2682/2910/2910 2669/2897/2897 1432/1660/1660
f 2682/2910/2910 2150/2378/2378 2555/2783/2783
f 3028/3256/3256 1433/1661/1661 2152/2380/2380
f 3028/3256/3256 2683/2911/2911 3029/3257/3257
f 641/665/665 830/1037/1037 2814/3042/3042
f 2153/2381/2381 2684/2912/2912 3030/3258/3258
f 2685/2913/2913 2683/2911/2911 846/1074/1074
f 2154/2382/2382 2685/2913/2913 3419/3647/3647
f 2686/2914/2914 2687/2915/2915 662/703/703
f 2686/2914/2914 2688/2916/2916 2157/2385/2385
f 2690/2918/2918 3423/3651/3651 3032/3260/3260
f 2159/2387/2387 2690/2918/2918 3032/3260/3260
f 2688/2916/2916 1439/1667/1667 2157/2385/2385
f 663/704/704 2156/2384/2384 2688/2916/2916
f 3431/3659/3659 3429/3657/3657 2693/2921/2921
f 3892/4120/4120 3891/4119/4119 2689/2917/2917
f 659/700/700 660/701/701 2753/2981/2981
f 3032/3260/3260 3736/3964/3964 2159/2387/2387
f 2691/2919/2919 2161/2389/2389 590/604/604
f 2160/2388/2388 2691/2919/2919 3427/3655/3655
f 1452/1680/1680 1454/1682/1682 2692/2920/2920
f 1452/1680/1680 2692/2920/2920 2693/2921/2921
f 2693/2921/2921 3429/3657/3657 1452/1680/1680
f 3990/4218/4218 2159/2387/2387 3736/3964/3964
f 3738/3966/3966 2185/2413/2413 3038/3266/3266
f 2700/2928/2928 2701/2929/2929 803/985/985
f 2695/2923/2923 2699/2927/2927 1541/1769/1769
f 2697/2925/2925 2196/2424/2424 3433/3661/3661
f 2696/2924/2924 2697/2925/2925 1079/1307/1307
f 2696/2924/2924 2698/2926/2926 2196/2424/2424
f 1079/1307/1307 2697/2925/2925 3041/3269/3269
f 2196/2424/2424 3434/3662/3662 3433/3661/3661
f 2698/2926/2926 2699/2927/2927 2196/2424/2424
f 1543/1771/1771 2698/2926/2926 1081/1309/1309
f 2196/2424/2424 2699/2927/2927 3434/3662/3662
f 2698/2926/2926 1541/1769/1769 2699/2927/2927
f 804/984/984 803/985/985 2701/2929/2929
f 2199/2427/2427 2700/2928/2928 2705/2933/2933
f 2694/2922/2922 2701/2929/2929 3038/3266/3266
f 2700/2928/2928 2199/2427/2427 2701/2929/2929
f 3737/3965/3965 3436/3664/3664 3738/3966/3966
f 2706/2934/2934 2705/2933/2933 1555/1783/1783
f 3741/3969/3969 1076/1304/1304 3439/3667/3667
f 2703/2931/2931 3040/3268/3268 2200/2428/2428
f 2704/2932/2932 2202/2430/2430 801/987/987
f 2710/2938/2938 799/989/989 2213/2441/2441
f 2199/2427/2427 2706/2934/2934 2702/2930/2930
f 2705/2933/2933 2707/2935/2935 1555/1783/1783
f 3738/3966/3966 2702/2930/2930 3737/3965/3965
f 3441/3669/3669 3442/3670/3670 2706/2934/2934
f 1555/1783/1783 2707/2935/2935 2708/2936/2936
f 2707/2935/2935 2704/2932/2932 2201/2429/2429
f 3441/3669/3669 2706/2934/2934 1555/1783/1783
f 2200/2428/2428 3437/3665/3665 2703/2931/2931
f 2709/2937/2937 2207/2435/2435 2203/2431/2431
f 800/988/988 2710/2938/2938 2704/2932/2932
f 2201/2429/2429 2704/2932/2932 2710/2938/2938
f 2711/2939/2939 2213/2441/2441 2211/2439/2439
f 2201/2429/2429 2710/2938/2938 2711/2939/2939
f 2711/2939/2939 2708/2936/2936 2201/2429/2429
f 2214/2442/2442 2209/2437/2437 2712/2940/2940
f 2712/2940/2940 2713/2941/2941 2214/2442/2442
f 2211/2439/2439 2214/2442/2442 3043/3271/3271
f 3048/3276/3276 1578/1806/1806 2237/2465/2465
f 2714/2942/2942 1277/1505/1505 1956/2184/2184
f 2714/2942/2942 2219/2447/2447 2004/2232/2232
f 2715/2943/2943 2231/2459/2459 416/420/420
f 2715/2943/2943 2224/2452/2452 2226/2454/2454
f 2716/2944/2944 2717/2945/2945 418/422/422
f 2716/2944/2944 2231/2459/2459 2230/2458/2458
f 2717/2945/2945 419/423/423 418/422/422
f 1069/1297/1297 2718/2946/2946 1068/1296/1296
f 2719/2947/2947 1068/1296/1296 2718/2946/2946
f 2720/2948/2948 2719/2947/2947 2718/2946/2946
f 2719/2947/2947 935/1163/1163 1068/1296/1296
f 2719/2947/2947 2720/2948/2948 934/1162/1162
f 2720/2948/2948 933/1161/1161 934/1162/1162
f 2229/2457/2457 2720/2948/2948 2230/2458/2458
f 2721/2949/2949 4325/4553/4553 1556/1784/1784
f 2721/2949/2949 1565/1793/1793 2235/2463/2463
f 2722/2950/2950 2236/2464/2464 1073/1301/1301
f 2722/2950/2950 2723/2951/2951 2237/2465/2465
f 3443/3671/3671 2713/2941/2941 2237/2465/2465
f 3045/3273/3273 2214/2442/2442 2713/2941/2941
f 3475/3703/3703 2761/2989/2989 3477/3705/3705
f 3478/3706/3706 2724/2952/2952 3050/3278/3278
f 2725/2953/2953 3051/3279/3279 4355/4583/4583
f 2246/2474/2474 3055/3283/3283 2248/2476/2476
f 2726/2954/2954 2734/2962/2962 2732/2960/2960
f 2731/2959/2959 2729/2957/2957 1060/1288/1288
f 2727/2955/2955 2728/2956/2956 2247/2475/2475
f 2728/2956/2956 2727/2955/2955 2729/2957/2957
f 2247/2475/2475 2730/2958/2958 2244/2472/2472
f 2730/2958/2958 2728/2956/2956 2732/2960/2960
f 2729/2957/2957 2731/2959/2959 2726/2954/2954
f 1061/1289/1289 1060/1288/1288 2729/2957/2957
f 2251/2479/2479 2244/2472/2472 2730/2958/2958
f 2732/2960/2960 2728/2956/2956 2726/2954/2954
f 2736/2964/2964 2734/2962/2962 2726/2954/2954
f 3056/3284/3284 3057/3285/3285 2731/2959/2959
f 2251/2479/2479 2730/2958/2958 2732/2960/2960
f 2732/2960/2960 2734/2962/2962 2735/2963/2963
f 2735/2963/2963 2734/2962/2962 2733/2961/2961
f 3449/3677/3677 1058/1286/1286 1057/1285/1285
f 2732/2960/2960 2735/2963/2963 2251/2479/2479
f 2733/2961/2961 2734/2962/2962 2736/2964/2964
f 2251/2479/2479 2738/2966/2966 2739/2967/2967
f 2249/2477/2477 2739/2967/2967 2743/2971/2971
f 3060/3288/3288 2736/2964/2964 3059/3287/3287
f 3454/3682/3682 3057/3285/3285 3056/3284/3284
f 2745/2973/2973 3064/3292/3292 2741/2969/2969
f 3456/3684/3684 3455/3683/3683 2737/2965/2965
f 2251/2479/2479 2739/2967/2967 2249/2477/2477
f 2740/2968/2968 2737/2965/2965 2742/2970/2970
f 2246/2474/2474 3446/3674/3674 3052/3280/3280
f 2739/2967/2967 2738/2966/2966 3062/3290/3290
f 2745/2973/2973 3455/3683/3683 3992/4220/4220
f 2772/3000/3000 2263/2491/2491 3498/3726/3726
f 2741/2969/2969 2748/2976/2976 2746/2974/2974
f 1587/1815/1815 3087/3315/3315 3089/3317/3317
f 2742/2970/2970 2737/2965/2965 2738/2966/2966
f 2740/2968/2968 2742/2970/2970 3746/3974/3974
f 2744/2972/2972 3446/3674/3674 3745/3973/3973
f 2741/2969/2969 2743/2971/2971 2745/2973/2973
f 2246/2474/2474 3052/3280/3280 3053/3281/3281
f 3475/3703/3703 3075/3303/3303 3476/3704/3704
f 2748/2976/2976 2741/2969/2969 2750/2978/2978
f 3064/3292/3292 2751/2979/2979 2750/2978/2978
f 2743/2971/2971 3745/3973/3973 2249/2477/2477
f 3092/3320/3320 3093/3321/3321 2747/2975/2975
f 3099/3327/3327 2763/2991/2991 3097/3325/3325
f 3079/3307/3307 3480/3708/3708 3081/3309/3309
f 2748/2976/2976 2744/2972/2972 2746/2974/2974
f 3095/3323/3323 2747/2975/2975 2750/2978/2978
f 3847/4075/4075 3229/3457/3457 3238/3466/3466
f 3455/3683/3683 3062/3290/3290 2737/2965/2965
f 2750/2978/2978 2747/2975/2975 2748/2976/2976
f 2749/2977/2977 2750/2978/2978 2751/2979/2979
f 3480/3708/3708 3089/3317/3317 3081/3309/3309
f 3244/3472/3472 2425/2653/2653 3642/3870/3870
f 2752/2980/2980 2253/2481/2481 658/699/699
f 2752/2980/2980 2753/2981/2981 2252/2480/2480
f 3072/3300/3300 2252/2480/2480 2753/2981/2981
f 3065/3293/3293 2753/2981/2981 660/701/701
f 2757/2985/2985 3072/3300/3300 2754/2982/2982
f 3432/3660/3660 2693/2921/2921 2160/2388/2388
f 2755/2983/2983 2758/2986/2986 845/1073/1073
f 3067/3295/3295 2755/2983/2983 3066/3294/3294
f 1586/1814/1814 2756/2984/2984 2757/2985/2985
f 2756/2984/2984 2752/2980/2980 2252/2480/2480
f 3071/3299/3299 4007/4235/4235 3930/4158/4158
f 3426/3654/3654 2759/2987/2987 2255/2483/2483
f 847/1075/1075 846/1074/1074 2821/3049/3049
f 2254/2482/2482 2758/2986/2986 3067/3295/3295
f 592/606/606 3425/3653/3653 3424/3652/3652
f 3472/3700/3700 2760/2988/2988 3471/3699/3699
f 3067/3295/3295 3069/3297/3297 2254/2482/2482
f 2337/2565/2565 2915/3143/3143 3248/3476/3476
f 3088/3316/3316 592/606/606 591/605/605
f 3475/3703/3703 3097/3325/3325 2761/2989/2989
f 2762/2990/2990 2764/2992/2992 594/608/608
f 3077/3305/3305 2762/2990/2990 3076/3304/3304
f 3086/3314/3314 2763/2991/2991 3087/3315/3315
f 2256/2484/2484 3097/3325/3325 3475/3703/3703
f 3229/3457/3457 3847/4075/4075 3609/3837/3837
f 2258/2486/2486 2764/2992/2992 3077/3305/3305
f 2765/2993/2993 2767/2995/2995 426/432/432
f 3101/3329/3329 2765/2993/2993 3100/3328/3328
f 1588/1816/1816 3485/3713/3713 3482/3710/3710
f 3112/3340/3340 3484/3712/3712 2768/2996/2996
f 3138/3366/3366 425/430/430 3139/3367/3367
f 2260/2488/2488 2767/2995/2995 3101/3329/3329
f 440/448/448 2768/2996/2996 3484/3712/3712
f 3492/3720/3720 3491/3719/3719 3493/3721/3721
f 3255/3483/3483 3264/3492/3492 3262/3490/3490
f 2927/3155/3155 2465/2693/2693 2928/3156/3156
f 3118/3346/3346 2770/2998/2998 2772/3000/3000
f 3120/3348/3348 2770/2998/2998 3119/3347/3347
f 1605/1833/1833 1589/1817/1817 2771/2999/2999
f 1605/1833/1833 4345/4573/4573 2268/2496/2496
f 1051/1279/1279 3497/3725/3725 1052/1280/1280
f 2263/2491/2491 2772/3000/3000 3120/3348/3348
f 3451/3679/3679 1057/1285/1285 1056/1284/1284
f 3467/3695/3695 3754/3982/3982 3926/4154/4154
f 3494/3722/3722 3124/3352/3352 3122/3350/3350
f 3536/3764/3764 2775/3003/3003 3137/3365/3365
f 3137/3365/3365 3134/3362/3362 3536/3764/3764
f 2767/2995/2995 3537/3765/3765 3139/3367/3367
f 2776/3004/3004 2283/2511/2511 942/1170/1170
f 2776/3004/3004 2287/2515/2515 2279/2507/2507
f 2777/3005/3005 2275/2503/2503 1616/1844/1844
f 2777/3005/3005 2778/3006/3006 2276/2504/2504
f 2778/3006/3006 2277/2505/2505 2276/2504/2504
f 2778/3006/3006 2283/2511/2511 1619/1847/1847
f 2779/3007/3007 2290/2518/2518 427/433/433
f 2779/3007/3007 2284/2512/2512 2285/2513/2513
f 2780/3008/3008 2437/2665/2665 441/449/449
f 2780/3008/3008 2290/2518/2518 2291/2519/2519
f 2781/3009/3009 2292/2520/2520 1627/1855/1855
f 2781/3009/3009 2288/2516/2516 2293/2521/2521
f 2782/3010/3010 2300/2528/2528 2127/2355/2355
f 2298/2526/2526 1634/1862/1862 2782/3010/3010
f 2783/3011/3011 2297/2525/2525 496/508/508
f 2783/3011/3011 2306/2534/2534 2299/2527/2527
f 2301/2529/2529 2299/2527/2527 2784/3012/3012
f 2784/3012/3012 2308/2536/2536 2301/2529/2529
f 2785/3013/3013 2787/3015/3015 42/507/507
f 3142/3370/3370 2785/3013/3013 3141/3369/3369
f 2302/2530/2530 3148/3376/3376 3141/3369/3369
f 3150/3378/3378 2786/3014/3014 2791/3019/3019
f 40/505/505 495/506/506 2796/3024/3024
f 2303/2531/2531 2787/3015/3015 3142/3370/3370
f 3154/3382/3382 3153/3381/3381 2788/3016/3016
f 1140/1368/1368 2806/3034/3034 3171/3399/3399
f 1136/1364/1364 3546/3774/3774 3152/3380/3380
f 3547/3775/3775 2789/3017/3017 3153/3381/3381
f 3156/3384/3384 2790/3018/3018 3157/3385/3385
f 2610/2838/2838 3551/3779/3779 3004/3232/3232
f 2791/3019/3019 2786/3014/3014 498/510/510
f 2791/3019/3019 3156/3384/3384 2305/2533/2533
f 2792/3020/3020 2793/3021/3021 909/1137/1137
f 2792/3020/3020 2312/2540/2540 2313/2541/2541
f 1643/1871/1871 909/1137/1137 2793/3021/3021
f 2793/3021/3021 1638/1866/1866 1643/1871/1871
f 2313/2541/2541 2312/2540/2540 2794/3022/3022
f 2313/2541/2541 2794/3022/3022 4327/4555/4555
f 2795/3023/3023 2315/2543/2543 494/504/504
f 2795/3023/3023 2796/3024/3024 2314/2542/2542
f 2314/2542/2542 2796/3024/3024 2797/3025/3025
f 2796/3024/3024 495/506/506 2787/3015/3015
f 2314/2542/2542 2797/3025/3025 2799/3027/3027
f 3160/3388/3388 3159/3387/3387 2799/3027/3027
f 1639/1867/1867 2798/3026/3026 2799/3027/3027
f 2315/2543/2543 2314/2542/2542 2798/3026/3026
f 2802/3030/3030 4346/4574/4574 3159/3387/3387
f 3147/3375/3375 2797/3025/3025 3145/3373/3373
f 1142/1370/1370 2800/3028/3028 2805/3033/3033
f 2800/3028/3028 2321/2549/2549 2320/2548/2548
f 2322/2550/2550 4346/4574/4574 2802/3030/3030
f 2801/3029/3029 2326/2554/2554 4346/4574/4574
f 4347/4575/4575 2322/2550/2550 2802/3030/3030
f 3147/3375/3375 4359/4587/4587 3167/3395/3395
f 2315/2543/2543 2804/3032/3032 493/503/503
f 2803/3031/3031 4346/4574/4574 2326/2554/2554
f 492/502/502 493/503/503 2804/3032/3032
f 1640/1868/1868 3170/3398/3398 2326/2554/2554
f 1141/1369/1369 2805/3033/3033 2806/3034/3034
f 2805/3033/3033 2800/3028/3028 2327/2555/2555
f 1139/1367/1367 1140/1368/1368 3171/3399/3399
f 2806/3034/3034 2805/3033/3033 2329/2557/2557
f 3835/4063/4063 3154/3382/3382 3955/4183/4183
f 2807/3035/3035 2806/3034/3034 4465/4693/4693
f 3172/3400/3400 2808/3036/3036 3179/3407/3407
f 3174/3402/3402 2808/3036/3036 3173/3401/3401
f 3176/3404/3404 1652/1880/1880 2332/2560/2560
f 3178/3406/3406 2809/3037/3037 2812/3040/3040
f 2837/3065/3065 1129/1357/1357 3205/3433/3433
f 3174/3402/3402 2333/2561/2561 3180/3408/3408
f 3182/3410/3410 3825/4053/4053 2334/2562/2562
f 2789/3017/3017 3547/3775/3775 3546/3774/3774
f 1134/1362/1362 2812/3040/3040 3175/3403/3403
f 2812/3040/3040 3182/3410/3410 2334/2562/2562
f 2813/3041/3041 2336/2564/2564 640/664/664
f 2813/3041/3041 2814/3042/3042 2335/2563/2563
f 3185/3413/3413 2335/2563/2563 2814/3042/3042
f 3184/3412/3412 2814/3042/3042 830/1037/1037
f 2817/3045/3045 2816/3044/3044 3185/3413/3413
f 2815/3043/3043 3414/3642/3642 3413/3641/3641
f 1653/1881/1881 2816/3044/3044 2817/3045/3045
f 2816/3044/3044 2813/3041/3041 2335/2563/2563
f 3729/3957/3957 2817/3045/3045 3415/3643/3643
f 2154/2382/2382 3024/3252/3252 2674/2902/2902
f 2907/3135/3135 2910/3138/3138 2912/3140/3140
f 2431/2659/2659 2904/3132/3132 2903/3131/3131
f 394/394/394 3249/3477/3477 3074/3302/3302
f 3248/3476/3476 2819/3047/3047 3188/3416/3416
f 2820/3048/3048 2339/2567/2567 848/1076/1076
f 2820/3048/3048 2821/3049/3049 2338/2566/2566
f 3191/3419/3419 2338/2566/2566 2821/3049/3049
f 3189/3417/3417 2821/3049/3049 846/1074/1074
f 2825/3053/3053 2824/3052/3052 3191/3419/3419
f 2825/3053/3053 3469/3697/3697 2916/3144/3144
f 2823/3051/3051 2829/3057/3057 850/1078/1078
f 2834/3062/3062 2832/3060/3060 2342/2570/2570
f 1654/1882/1882 2824/3052/3052 2825/3053/3053
f 2824/3052/3052 2820/3048/3048 2338/2566/2566
f 2917/3145/3145 2916/3144/3144 2911/3139/3139
f 2916/3144/3144 2914/3142/3142 2911/3139/3139
f 2826/3054/3054 2827/3055/3055 638/662/662
f 3193/3421/3421 2826/3054/3054 3192/3420/3420
f 639/663/663 3202/3430/3430 640/664/664
f 2341/2569/2569 2827/3055/3055 3193/3421/3421
f 3018/3246/3246 2639/2867/2867 3370/3598/3598
f 3372/3600/3600 3014/3242/3242 3360/3588/3588
f 2829/3057/3057 2343/2571/2571 851/1079/1079
f 2829/3057/3057 2823/3051/3051 2342/2570/2570
f 2832/3060/3060 2830/3058/3058 2833/3061/3061
f 2905/3133/3133 2910/3138/3138 2908/3136/3136
f 2831/3059/3059 2832/3060/3060 1656/1884/1884
f 2831/3059/3059 2829/3057/3057 2342/2570/2570
f 1656/1884/1884 2833/3061/3061 1783/2011/2011
f 2834/3062/3062 2830/3058/3058 2832/3060/3060
f 4348/4576/4576 1776/2004/2004 1783/2011/2011
f 4348/4576/4576 2835/3063/3063 4351/4579/4579
f 2910/3138/3138 2830/3058/3058 2912/3140/3140
f 3569/3797/3797 2834/3062/3062 3190/3418/3418
f 2904/3132/3132 2431/2659/2659 2905/3133/3133
f 2833/3061/3061 2830/3058/3058 2835/3063/3063
f 2836/3064/3064 2351/2579/2579 1128/1356/1356
f 2836/3064/3064 2837/3065/3065 2350/2578/2578
f 2842/3070/3070 2350/2578/2578 2843/3071/3071
f 2810/3038/3038 3205/3433/3433 1130/1358/1358
f 2838/3066/3066 2839/3067/3067 1665/1893/1893
f 2838/3066/3066 2836/3064/3064 2350/2578/2578
f 1666/1894/1894 1665/1893/1893 4352/4580/4580
f 2349/2577/2577 2839/3067/3067 2841/3069/3069
f 2349/2577/2577 2841/3069/3069 2844/3072/3072
f 3571/3799/3799 3197/3425/3425 3570/3798/3798
f 2347/2575/2575 2349/2577/2577 3840/4068/4068
f 2843/3071/3071 2840/3068/3068 2842/3070/3070
f 2842/3070/3070 2839/3067/3067 2838/3066/3066
f 2842/3070/3070 2840/3068/3068 2841/3069/3069
f 2840/3068/3068 2843/3071/3071 2845/3073/3073
f 2350/2578/2578 2837/3065/3065 2843/3071/3071
f 3194/3422/3422 3197/3425/3425 3572/3800/3800
f 3195/3423/3423 3194/3422/3422 3198/3426/3426
f 3194/3422/3422 3201/3429/3429 3200/3428/3428
f 3577/3805/3805 3574/3802/3802 2845/3073/3073
f 2846/3074/3074 2847/3075/3075 488/498/498
f 2846/3074/3074 2356/2584/2584 2357/2585/2585
f 2847/3075/3075 489/499/499 488/498/498
f 2847/3075/3075 2362/2590/2590 1122/1350/1350
f 2848/3076/3076 2356/2584/2584 486/496/496
f 2848/3076/3076 2387/2615/2615 2358/2586/2586
f 2360/2588/2588 2358/2586/2586 2849/3077/3077
f 2849/3077/3077 2385/2613/2613 2360/2588/2588
f 2850/3078/3078 2359/2587/2587 904/1132/1132
f 2850/3078/3078 2362/2590/2590 2361/2589/2589
f 2851/3079/3079 906/1134/1134 1123/1351/1351
f 2851/3079/3079 2850/3078/3078 905/1133/1133
f 2852/3080/3080 2853/3081/3081 2366/2594/2594
f 2852/3080/3080 2375/2603/2603 1687/1915/1915
f 2855/3083/3083 2854/3082/3082 2371/2599/2599
f 3209/3437/3437 3208/3436/3436 2853/3081/3081
f 2854/3082/3082 1705/1933/1933 1707/1935/1935
f 2876/3104/3104 1704/1932/1932 2855/3083/3083
f 3227/3455/3455 2874/3102/3102 3228/3456/3456
f 3208/3436/3436 3207/3435/3435 2853/3081/3081
f 763/873/873 3602/3830/3830 3210/3438/3438
f 3209/3437/3437 3227/3455/3455 3228/3456/3456
f 1114/1342/1342 2857/3085/3085 2858/3086/3086
f 2377/2605/2605 3213/3441/3441 1112/1340/1340
f 2858/3086/3086 2375/2603/2603 1115/1343/1343
f 2374/2602/2602 2858/3086/3086 3211/3439/3439
f 2859/3087/3087 1117/1345/1345 1116/1344/1344
f 2859/3087/3087 2852/3080/3080 2367/2595/2595
f 1687/1915/1915 2860/3088/3088 2861/3089/3089
f 2860/3088/3088 2858/3086/3086 2374/2602/2602
f 2853/3081/3081 3598/3826/3826 3209/3437/3437
f 3600/3828/3828 2372/2600/2600 3601/3829/3829
f 2862/3090/3090 2377/2605/2605 1111/1339/1339
f 2862/3090/3090 2863/3091/3091 2376/2604/2604
f 2376/2604/2604 2863/3091/3091 2865/3093/3093
f 2867/3095/3095 2863/3091/3091 3212/3440/3440
f 2866/3094/3094 2376/2604/2604 2865/3093/3093
f 1752/1980/1980 2880/3108/3108 2879/3107/3107
f 2869/3097/3097 2376/2604/2604 2866/3094/3094
f 2864/3092/3092 2867/3095/3095 1709/1937/1937
f 2866/3094/3094 2884/3112/3112 2885/3113/3113
f 2884/3112/3112 2882/3110/3110 3219/3447/3447
f 2867/3095/3095 1717/1945/1945 1709/1937/1937
f 2865/3093/3093 2863/3091/3091 2867/3095/3095
f 3217/3445/3445 3215/3443/3443 2373/2601/2601
f 3215/3443/3443 2868/3096/3096 3214/3442/3442
f 2869/3097/3097 2866/3094/3094 1688/1916/1916
f 2869/3097/3097 2862/3090/3090 2376/2604/2604
f 765/871/871 2870/3098/3098 2877/3105/3105
f 3224/3452/3452 3222/3450/3450 2378/2606/2606
f 2381/2609/2609 888/1116/1116 2871/3099/3099
f 2871/3099/3099 785/888/888 2381/2609/2609
f 2388/2616/2616 484/494/494 2872/3100/3100
f 2872/3100/3100 754/883/883 2388/2616/2616
f 2873/3101/3101 2874/3102/3102 760/876/876
f 2873/3101/3101 2875/3103/3103 2389/2617/2617
f 760/876/876 3226/3454/3454 761/875/875
f 2856/3084/3084 3226/3454/3454 3227/3455/3455
f 2875/3103/3103 2876/3104/3104 2389/2617/2617
f 1706/1934/1934 2875/3103/3103 758/878/878
f 2389/2617/2617 2876/3104/3104 3607/3835/3835
f 2875/3103/3103 1704/1932/1932 2876/3104/3104
f 2877/3105/3105 2408/2636/2636 766/870/870
f 2877/3105/3105 2870/3098/3098 2409/2637/2637
f 2882/3110/3110 2880/3108/3108 1752/1980/1980
f 3218/3446/3446 3219/3447/3447 2409/2637/2637
f 2879/3107/3107 1748/1976/1976 1746/1974/1974
f 2879/3107/3107 2880/3108/3108 2410/2638/2638
f 2880/3108/3108 2881/3109/3109 2410/2638/2638
f 2882/3110/3110 1752/1980/1980 2878/3106/3106
f 2410/2638/2638 2881/3109/3109 4329/4557/4557
f 2881/3109/3109 2864/3092/3092 1709/1937/1937
f 2883/3111/3111 2880/3108/3108 2882/3110/3110
f 2884/3112/3112 2864/3092/3092 2883/3111/3111
f 2883/3111/3111 2881/3109/3109 2880/3108/3108
f 2864/3092/3092 2884/3112/3112 2866/3094/3094
f 2866/3094/3094 2885/3113/3113 1688/1916/1916
f 2378/2606/2606 3219/3447/3447 3218/3446/3446
f 3222/3450/3450 3221/3449/3449 3603/3831/3831
f 3220/3448/3448 2884/3112/3112 3219/3447/3447
f 2886/3114/3114 2412/2640/2640 1754/1982/1982
f 2886/3114/3114 2402/2630/2630 2413/2641/2641
f 2422/2650/2650 3236/3464/3464 2891/3119/3119
f 3608/3836/3836 2764/2992/2992 2258/2486/2486
f 2888/3116/3116 2423/2651/2651 392/392/392
f 2888/3116/3116 2887/3115/3115 2422/2650/2650
f 2889/3117/3117 2892/3120/3120 390/390/390
f 3231/3459/3459 2889/3117/3117 3230/3458/3458
f 2890/3118/3118 2891/3119/3119 1769/1997/1997
f 2890/3118/3118 2888/3116/3116 2422/2650/2650
f 3231/3459/3459 3233/3461/3461 2424/2652/2652
f 3094/3322/3322 3481/3709/3709 3081/3309/3309
f 2898/3126/3126 388/388/388 3247/3475/3475
f 2424/2652/2652 2892/3120/3120 3231/3459/3459
f 3615/3843/3843 2891/3119/3119 3616/3844/3844
f 3621/3849/3849 3234/3462/3462 3233/3461/3461
f 3244/3472/3472 2894/3122/3122 3245/3473/3473
f 3636/3864/3864 3242/3470/3470 3241/3469/3469
f 1185/1413/1413 3641/3869/3869 1184/1412/1412
f 3642/3870/3870 2895/3123/3123 3244/3472/3472
f 3483/3711/3711 3109/3337/3337 3102/3330/3330
f 3084/3312/3312 3082/3310/3310 3078/3306/3306
f 2897/3125/3125 2427/2655/2655 387/387/387
f 2897/3125/3125 2898/3126/3126 2426/2654/2654
f 4377/4605/4605 2426/2654/2654 2898/3126/3126
f 3247/3475/3475 389/389/389 2892/3120/3120
f 4376/4604/4604 2899/3127/3127 3629/3857/3857
f 2901/3129/3129 4380/4608/4608 2902/3130/3130
f 2900/3128/3128 2901/3129/3129 1190/1418/1418
f 2900/3128/3128 2428/2656/2656 2429/2657/2657
f 1189/1417/1417 3634/3862/3862 1188/1416/1416
f 1189/1417/1417 3635/3863/3863 3634/3862/3862
f 3621/3849/3849 3628/3856/3856 3234/3462/3462
f 4380/4608/4608 4379/4607/4607 4381/4609/4609
f 2903/3131/3131 2904/3132/3132 390/390/390
f 2431/2659/2659 2903/3131/3131 4350/4578/4578
f 391/391/391 2906/3134/3134 3187/3415/3415
f 2835/3063/3063 2905/3133/3133 4351/4579/4579
f 2906/3134/3134 2904/3132/3132 2905/3133/3133
f 2907/3135/3135 2909/3137/3137 2908/3136/3136
f 2906/3134/3134 391/391/391 2904/3132/3132
f 2908/3136/3136 2909/3137/3137 2906/3134/3134
f 2911/3139/3139 2909/3137/3137 2907/3135/3135
f 2835/3063/3063 2910/3138/3138 2905/3133/3133
f 2906/3134/3134 2909/3137/3137 2818/3046/3046
f 2907/3135/3135 2908/3136/3136 2910/3138/3138
f 2909/3137/3137 3188/3416/3416 2818/3046/3046
f 2909/3137/3137 2911/3139/3139 2337/2565/2565
f 2907/3135/3135 2917/3145/3145 2911/3139/3139
f 2835/3063/3063 2830/3058/3058 2910/3138/3138
f 2337/2565/2565 2911/3139/3139 2914/3142/3142
f 1654/1882/1882 2917/3145/3145 2912/3140/3140
f 1654/1882/1882 3569/3797/3797 3190/3418/3418
f 2912/3140/3140 2830/3058/3058 2834/3062/3062
f 2913/3141/3141 2915/3143/3143 2914/3142/3142
f 3470/3698/3698 3070/3298/3298 3471/3699/3699
f 2914/3142/3142 2915/3143/3143 2337/2565/2565
f 2914/3142/3142 2916/3144/3144 2913/3141/3141
f 3188/3416/3416 2337/2565/2565 3248/3476/3476
f 3470/3698/3698 2913/3141/3141 3070/3298/3298
f 2913/3141/3141 2916/3144/3144 3469/3697/3697
f 2825/3053/3053 2916/3144/3144 2917/3145/3145
f 2917/3145/3145 1654/1882/1882 2825/3053/3053
f 2912/3140/3140 2917/3145/3145 2907/3135/3135
f 2918/3146/3146 2452/2680/2680 187/447/447
f 2918/3146/3146 2437/2665/2665 2438/2666/2666
f 2919/3147/3147 2439/2667/2667 1789/2017/2017
f 2919/3147/3147 2294/2522/2522 2440/2668/2668
f 2920/3148/3148 2439/2667/2667 961/1189/1189
f 2920/3148/3148 2455/2683/2683 2441/2669/2669
f 2921/3149/3149 3262/3490/3490 3261/3489/3489
f 1178/1406/1406 1179/1407/1407 4363/4591/4591
f 4363/4591/4591 1179/1407/1407 3655/3883/3883
f 2443/2671/2671 2922/3150/3150 3668/3896/3896
f 2923/3151/3151 1811/2039/2039 1809/2037/2037
f 2923/3151/3151 852/1080/1080 1812/2040/2040
f 2924/3152/3152 2976/3204/3204 850/1078/1078
f 2924/3152/3152 3316/3544/3544 3315/3543/3543
f 2925/3153/3153 437/443/443 2464/2692/2692
f 1832/2060/2060 2465/2693/2693 2925/3153/3153
f 2926/3154/3154 2927/3155/3155 438/444/444
f 2926/3154/3154 2925/3153/3153 2465/2693/2693
f 261/445/445 3117/3345/3345 3116/3344/3344
f 2769/2997/2997 3116/3344/3344 3117/3345/3345
f 3115/3343/3343 3493/3721/3721 3491/3719/3719
f 3294/3522/3522 1832/2060/2060 1835/2063/2063
f 2929/3157/3157 1833/2061/2061 1174/1402/1402
f 2466/2694/2694 2933/3161/3161 2932/3160/3160
f 1801/2029/2029 2931/3159/3159 1835/2063/2063
f 2930/3158/3158 2929/3157/3157 2466/2694/2694
f 3263/3491/3491 3269/3497/3497 3265/3493/3493
f 2466/2694/2694 2932/3160/3160 3659/3887/3887
f 2442/2670/2670 3295/3523/3523 1176/1404/1404
f 3269/3497/3497 3271/3499/3499 3265/3493/3493
f 2933/3161/3161 2466/2694/2694 2929/3157/3157
f 2442/2670/2670 2932/3160/3160 3295/3523/3523
f 2474/2702/2702 3298/3526/3526 2481/2709/2709
f 2504/2732/2732 3301/3529/3529 3300/3528/3528
f 2935/3163/3163 2940/3168/3168 1915/2143/2143
f 2938/3166/3166 2503/2731/2731 3679/3907/3907
f 2936/3164/3164 2495/2723/2723 1893/2121/2121
f 2936/3164/3164 2486/2714/2714 2496/2724/2724
f 2937/3165/3165 2938/3166/3166 764/832/832
f 2937/3165/3165 2939/3167/3167 2503/2731/2731
f 764/832/832 2938/3166/3166 3305/3533/3533
f 2503/2731/2731 3680/3908/3908 3679/3907/3907
f 2939/3167/3167 2940/3168/3168 2503/2731/2731
f 1917/2145/2145 2939/3167/3167 766/834/834
f 2503/2731/2731 2940/3168/3168 3680/3908/3908
f 2939/3167/3167 1915/2143/2143 2940/3168/3168
f 2941/3169/3169 3296/3524/3524 1158/1386/1386
f 3683/3911/3911 3302/3530/3530 3298/3526/3526
f 1920/2148/2148 2948/3176/3176 2947/3175/3175
f 2946/3174/3174 2945/3173/3173 2515/2743/2743
f 3310/3538/3538 761/829/829 3309/3537/3537
f 2943/3171/3171 3304/3532/3532 2505/2733/2733
f 2944/3172/3172 2511/2739/2739 2507/2735/2735
f 3303/3531/3531 1155/1383/1383 2945/3173/3173
f 2945/3173/3173 2946/3174/3174 2942/3170/3170
f 1154/1382/1382 2515/2743/2743 2945/3173/3173
f 2948/3176/3176 2942/3170/3170 2947/3175/3175
f 2946/3174/3174 2515/2743/2743 2506/2734/2734
f 2950/3178/3178 2949/3177/3177 2953/3181/3181
f 2947/3175/3175 2946/3174/3174 2955/3183/3183
f 2504/2732/2732 2942/3170/3170 2948/3176/3176
f 2948/3176/3176 1920/2148/2148 2504/2732/2732
f 2954/3182/3182 2956/3184/3184 2505/2733/2733
f 2506/2734/2734 2955/3183/3183 2946/3174/3174
f 2953/3181/3181 3869/4097/4097 1920/2148/2148
f 2952/3180/3180 2949/3177/3177 2955/3183/3183
f 3869/4097/4097 3302/3530/3530 3301/3529/3529
f 3682/3910/3910 3299/3527/3527 3681/3909/3909
f 2956/3184/3184 3310/3538/3538 3309/3537/3537
f 3306/3534/3534 2506/2734/2734 2516/2744/2744
f 2953/3181/3181 1920/2148/2148 2950/3178/3178
f 3867/4095/4095 2951/3179/3179 2954/3182/3182
f 2505/2733/2733 2956/3184/3184 2943/3171/3171
f 2954/3182/3182 2953/3181/3181 3689/3917/3917
f 2955/3183/3183 2949/3177/3177 2950/3178/3178
f 2952/3180/3180 2955/3183/3183 3306/3534/3534
f 3309/3537/3537 762/830/830 2943/3171/3171
f 759/827/827 760/828/828 3687/3915/3915
f 2957/3185/3185 2958/3186/3186 2516/2744/2744
f 2517/2745/2745 2957/3185/3185 4331/4559/4559
f 2516/2744/2744 3307/3535/3535 3306/3534/3534
f 3312/3540/3540 1942/2170/2170 2534/2762/2762
f 2959/3187/3187 2528/2756/2756 430/436/436
f 2959/3187/3187 2521/2749/2749 2523/2751/2751
f 2960/3188/3188 2961/3189/3189 428/434/434
f 2960/3188/3188 2528/2756/2756 2527/2755/2755
f 2961/3189/3189 747/822/822 428/434/434
f 754/821/821 2962/3190/3190 753/820/820
f 2963/3191/3191 753/820/820 2962/3190/3190
f 2964/3192/3192 2963/3191/3191 2962/3190/3190
f 2963/3191/3191 752/819/819 753/820/820
f 2963/3191/3191 2964/3192/3192 947/1175/1175
f 2964/3192/3192 948/1176/1176 947/1175/1175
f 2526/2754/2754 2964/3192/3192 2527/2755/2755
f 2965/3193/3193 4331/4559/4559 1921/2149/2149
f 2965/3193/3193 1930/2158/2158 2532/2760/2760
f 2966/3194/3194 2533/2761/2761 758/826/826
f 2966/3194/3194 2967/3195/3195 2534/2762/2762
f 3686/3914/3914 3684/3912/3912 2958/3186/3186
f 3684/3912/3912 3308/3536/3536 3307/3535/3535
f 2968/3196/3196 2535/2763/2763 429/812/812
f 2968/3196/3196 2969/3197/3197 2536/2764/2764
f 2536/2764/2764 2969/3197/3197 2970/3198/3198
f 2969/3197/3197 747/814/814 748/815/815
f 2538/2766/2766 2536/2764/2764 2970/3198/3198
f 2538/2766/2766 2971/3199/3199 963/1191/1191
f 2971/3199/3199 750/817/817 963/1191/1191
f 2970/3198/3198 749/816/816 2971/3199/3199
f 2972/3200/3200 2537/2765/2765 965/1193/1193
f 2539/2767/2767 2973/3201/3201 1248/1476/1476
f 1248/1476/1476 2973/3201/3201 1222/1450/1450
f 2972/3200/3200 966/1194/1194 2973/3201/3201
f 2559/2787/2787 2354/2582/2582 2974/3202/3202
f 2974/3202/3202 1740/1968/1968 2559/2787/2787
f 2975/3203/3203 857/1085/1085 2011/2239/2239
f 2975/3203/3203 1840/2068/2068 856/1084/1084
f 848/1076/1076 3417/3645/3645 3416/3644/3644
f 2976/3204/3204 3315/3543/3543 2561/2789/2789
f 2977/3205/3205 2020/2248/2248 637/661/661
f 2977/3205/3205 2978/3206/3206 2562/2790/2790
f 2562/2790/2790 2978/3206/3206 2979/3207/3207
f 639/663/663 2336/2564/2564 3319/3547/3547
f 2980/3208/3208 2562/2790/2790 2981/3209/3209
f 3418/3646/3646 2976/3204/3204 2561/2789/2789
f 2980/3208/3208 2981/3209/3209 2014/2242/2242
f 2980/3208/3208 2977/3205/3205 2562/2790/2790
f 2561/2789/2789 3316/3544/3544 4366/4594/4594
f 3676/3904/3904 2014/2242/2242 3677/3905/3905
f 2982/3210/3210 2043/2271/2271 2040/2268/2268
f 2982/3210/3210 2983/3211/3211 2045/2273/2273
f 2574/2802/2802 2045/2273/2273 2983/3211/3211
f 2983/3211/3211 2984/3212/3212 2574/2802/2802
f 3345/3573/3573 2592/2820/2820 2574/2802/2802
f 3322/3550/3550 2984/3212/3212 3321/3549/3549
f 3323/3551/3551 2985/3213/3213 3326/3554/3554
f 3325/3553/3553 2985/3213/3213 3324/3552/3552
f 3339/3567/3567 1011/1239/1239 1012/1240/1240
f 3325/3553/3553 2576/2804/2804 3327/3555/3555
f 2987/3215/3215 2581/2809/2809 2048/2276/2276
f 2987/3215/3215 3328/3556/3556 2047/2275/2275
f 2992/3220/3220 2997/3225/3225 2996/3224/3224
f 1323/1551/1551 3336/3564/3564 2586/2814/2814
f 3340/3568/3568 3327/3555/3555 2576/2804/2804
f 2989/3217/3217 3339/3567/3567 3341/3569/3569
f 2990/3218/3218 3342/3570/3570 2060/2288/2288
f 2990/3218/3218 3343/3571/3571 2584/2812/2812
f 2585/2813/2813 2991/3219/3219 3343/3571/3571
f 2991/3219/3219 2586/2814/2814 2051/2279/2279
f 2997/3225/3225 3336/3564/3564 1323/1551/1551
f 2576/2804/2804 3334/3562/3562 3335/3563/3563
f 2996/3224/3224 1323/1551/1551 2587/2815/2815
f 2598/2826/2826 4354/4582/4582 2995/3223/3223
f 2050/2278/2278 2992/3220/3220 2994/3222/3222
f 2994/3222/3222 4354/4582/4582 2050/2278/2278
f 2993/3221/3221 2088/2316/2316 2995/3223/3223
f 2994/3222/3222 2993/3221/3221 4354/4582/4582
f 2994/3222/3222 2992/3220/3220 2996/3224/3224
f 2996/3224/3224 2587/2815/2815 2994/3222/3222
f 3329/3557/3557 3328/3556/3556 2988/3216/3216
f 2997/3225/3225 3332/3560/3560 3329/3557/3557
f 2575/2803/2803 2999/3227/3227 2046/2274/2274
f 2998/3226/3226 1016/1244/1244 2590/2818/2818
f 2999/3227/3227 2984/3212/3212 2046/2274/2274
f 2998/3226/3226 2590/2818/2818 2999/3227/3227
f 2984/3212/3212 3345/3573/3573 2574/2802/2802
f 2590/2818/2818 2058/2286/2286 3000/3228/3228
f 2601/2829/2829 2582/2810/2810 3001/3229/3229
f 3001/3229/3229 2089/2317/2317 2601/2829/2829
f 3002/3230/3230 2610/2838/2838 467/476/476
f 3002/3230/3230 3003/3231/3231 2609/2837/2837
f 2609/2837/2837 3003/3231/3231 4373/4601/4601
f 2606/2834/2834 3003/3231/3231 466/474/474
f 3004/3232/3232 3155/3383/3383 468/478/478
f 3157/3385/3385 2790/3018/3018 3549/3777/3777
f 2110/2338/2338 3005/3233/3233 3692/3920/3920
f 3005/3233/3233 3006/3234/3234 2611/2839/2839
f 3006/3234/3234 2627/2855/2855 2611/2839/2839
f 2612/2840/2840 991/1219/1219 3006/3234/3234
f 3007/3235/3235 993/1221/1221 992/1220/1220
f 3877/4105/4105 3007/3235/3235 3875/4103/4103
f 3539/3767/3767 3146/3374/3374 3538/3766/3766
f 3349/3577/3577 3346/3574/3574 2623/2851/2851
f 3009/3237/3237 2630/2858/2858 984/1212/1212
f 3009/3237/3237 2647/2875/2875 2629/2857/2857
f 3407/3635/3635 3406/3634/3634 3011/3239/3239
f 3010/3238/3238 3009/3237/3237 2629/2857/2857
f 3708/3936/3936 3359/3587/3587 3713/3941/3941
f 2141/2369/2369 3369/3597/3597 3363/3591/3591
f 3012/3240/3240 986/1214/1214 985/1213/1213
f 3012/3240/3240 2636/2864/2864 2632/2860/2860
f 4368/4596/4596 3720/3948/3948 3391/3619/3619
f 3178/3406/3406 3176/3404/3404 2809/3037/3037
f 3017/3245/3245 2639/2867/2867 3018/3246/3246
f 3360/3588/3588 829/1036/1036 830/1037/1037
f 3015/3243/3243 2640/2868/2868 827/1034/1034
f 3015/3243/3243 3014/3242/3242 2639/2867/2867
f 2652/2880/2880 3361/3589/3589 2146/2374/2374
f 3362/3590/3590 3017/3245/3245 2141/2369/2369
f 3017/3245/3245 3018/3246/3246 2141/2369/2369
f 3017/3245/3245 3015/3243/3243 2639/2867/2867
f 2141/2369/2369 3363/3591/3591 3362/3590/3590
f 3715/3943/3943 3408/3636/3636 3714/3942/3942
f 3019/3247/3247 1430/1658/1658 2646/2874/2874
f 979/1207/1207 2145/2373/2373 3019/3247/3247
f 983/1211/1211 982/1210/1210 2647/2875/2875
f 2647/2875/2875 3009/3237/3237 983/1211/1211
f 2647/2875/2875 2143/2371/2371 3020/3248/3248
f 3020/3248/3248 3021/3249/3249 2647/2875/2875
f 3021/3249/3249 2629/2857/2857 2647/2875/2875
f 3011/3239/3239 3021/3249/3249 3721/3949/3949
f 3722/3950/3950 3411/3639/3639 3723/3951/3951
f 2141/2369/2369 3018/3246/3246 3369/3597/3597
f 3023/3251/3251 658/699/699 657/698/698
f 3023/3251/3251 2677/2905/2905 2671/2899/2899
f 3024/3252/3252 3413/3641/3641 2670/2898/2898
f 3415/3643/3643 3413/3641/3641 3024/3252/3252
f 3025/3253/3253 3023/3251/3251 2671/2899/2899
f 3025/3253/3253 659/700/700 658/699/699
f 2656/2884/2884 3027/3255/3255 660/701/701
f 4339/4567/4567 2680/2908/2908 4341/4569/4569
f 661/702/702 660/701/701 3027/3255/3255
f 3027/3255/3255 4343/4571/4571 661/702/702
f 3028/3256/3256 2674/2902/2902 1433/1661/1661
f 2152/2380/2380 2683/2911/2911 3028/3256/3256
f 2154/2382/2382 2674/2902/2902 3029/3257/3257
f 3029/3257/3257 2685/2913/2913 2154/2382/2382
f 3030/3258/3258 4334/4562/4562 2153/2381/2381
f 2654/2882/2882 2655/2883/2883 3030/3258/3258
f 3731/3959/3959 3415/3643/3643 3024/3252/3252
f 3730/3958/3958 2976/3204/3204 3418/3646/3646
f 2687/2915/2915 2689/2917/2917 3032/3260/3260
f 3032/3260/3260 3423/3651/3651 2687/2915/2915
f 2161/2389/2389 3033/3261/3261 2692/2920/2920
f 2691/2919/2919 2160/2388/2388 3033/3261/3261
f 2160/2388/2388 3428/3656/3656 3432/3660/3660
f 3734/3962/3962 2759/2987/2987 3426/3654/3654
f 3429/3657/3657 3035/3263/3263 3430/3658/3658
f 3892/4120/4120 4438/4666/4666 3035/3263/3263
f 3990/4218/4218 3890/4118/4118 2754/2982/2982
f 3889/4117/4117 4437/4665/4665 3890/4118/4118
f 3433/3661/3661 3037/3265/3265 3040/3268/3268
f 3737/3965/3965 2702/2930/2930 2706/2934/2934
f 3038/3266/3266 2185/2413/2413 2178/2406/2406
f 3038/3266/3266 2701/2929/2929 2702/2930/2930
f 1075/1303/1303 1076/1304/1304 3742/3970/3970
f 2708/2936/2936 3043/3271/3271 3046/3274/3274
f 2200/2428/2428 3040/3268/3268 4371/4599/4599
f 3040/3268/3268 3041/3269/3269 2697/2925/2925
f 2703/2931/2931 1078/1306/1306 3041/3269/3269
f 3041/3269/3269 3040/3268/3268 2703/2931/2931
f 3438/3666/3666 3437/3665/3665 3740/3968/3968
f 3047/3275/3275 3441/3669/3669 1555/1783/1783
f 3047/3275/3275 3046/3274/3274 3044/3272/3272
f 3043/3271/3271 2214/2442/2442 3045/3273/3273
f 3438/3666/3666 3740/3968/3968 3739/3967/3967
f 3445/3673/3673 3440/3668/3668 3039/3267/3267
f 3045/3273/3273 3046/3274/3274 3043/3271/3271
f 3443/3671/3671 3444/3672/3672 3045/3273/3273
f 3046/3274/3274 3047/3275/3275 2708/2936/2936
f 3044/3272/3272 3046/3274/3274 3444/3672/3672
f 3047/3275/3275 1555/1783/1783 2708/2936/2936
f 3042/3270/3270 3047/3275/3275 3739/3967/3967
f 3048/3276/3276 3049/3277/3277 1580/1808/1808
f 3048/3276/3276 2237/2465/2465 2713/2941/2941
f 3049/3277/3277 2234/2462/2462 1580/1808/1808
f 3049/3277/3277 2713/2941/2941 2210/2438/2438
f 2238/2466/2466 3050/3278/3278 3051/3279/3279
f 2724/2952/2952 2239/2467/2467 3050/3278/3278
f 2238/2466/2466 3051/3279/3279 3052/3280/3280
f 2725/2953/2953 4355/4583/4583 1581/1809/1809
f 3052/3280/3280 3096/3324/3324 2238/2466/2466
f 3052/3280/3280 3446/3674/3674 2744/2972/2972
f 3051/3279/3279 2725/2953/2953 3053/3281/3281
f 3053/3281/3281 3052/3280/3280 3051/3279/3279
f 3054/3282/3282 2242/2470/2470 2241/2469/2469
f 2725/2953/2953 1585/1813/1813 3054/3282/3282
f 3055/3283/3283 3054/3282/3282 2241/2469/2469
f 2725/2953/2953 3055/3283/3283 3053/3281/3281
f 2731/2959/2959 1060/1288/1288 3056/3284/3284
f 2731/2959/2959 3057/3285/3285 2736/2964/2964
f 2736/2964/2964 3057/3285/3285 3059/3287/3287
f 3061/3289/3289 3057/3285/3285 3454/3682/3682
f 3059/3287/3287 3058/3286/3286 3060/3288/3288
f 3790/4018/4018 2773/3001/3001 3506/3734/3734
f 2736/2964/2964 3060/3288/3288 2733/2961/2961
f 3059/3287/3287 3061/3289/3289 3058/3286/3286
f 3448/3676/3676 3746/3974/3974 2733/2961/2961
f 3927/4155/4155 3926/4154/4154 3928/4156/4156
f 3451/3679/3679 3447/3675/3675 3450/3678/3678
f 1058/1286/1286 3061/3289/3289 3454/3682/3682
f 3062/3290/3290 2738/2966/2966 2737/2965/2965
f 3062/3290/3290 2743/2971/2971 2739/2967/2967
f 3078/3306/3306 3085/3313/3313 3084/3312/3312
f 2443/2671/2671 4387/4615/4615 3654/3882/3882
f 3064/3292/3292 2750/2978/2978 2741/2969/2969
f 3064/3292/3292 3992/4220/4220 2751/2979/2979
f 3065/3293/3293 3072/3300/3300 2753/2981/2981
f 3065/3293/3293 3990/4218/4218 2754/2982/2982
f 2755/2983/2983 2253/2481/2481 3066/3294/3294
f 2758/2986/2986 2755/2983/2983 3067/3295/3295
f 3070/3298/3298 3069/3297/3297 3068/3296/3296
f 3067/3295/3295 3066/3294/3294 3071/3299/3299
f 3472/3700/3700 3471/3699/3699 3931/4159/4159
f 3066/3294/3294 1586/1814/1814 3071/3299/3299
f 3069/3297/3297 3070/3298/3298 2254/2482/2482
f 3068/3296/3296 3069/3297/3297 3071/3299/3299
f 3070/3298/3298 3468/3696/3696 2254/2482/2482
f 3470/3698/3698 2915/3143/3143 2913/3141/3141
f 3931/4159/4159 3071/3299/3299 3755/3983/3983
f 3930/4158/4158 3735/3963/3963 3755/3983/3983
f 2754/2982/2982 3072/3300/3300 3065/3293/3293
f 3072/3300/3300 2756/2984/2984 2252/2480/2480
f 3473/3701/3701 2255/2483/2483 2759/2987/2987
f 3073/3301/3301 3074/3302/3302 3474/3702/3702
f 3074/3302/3302 3073/3301/3301 595/609/609
f 2760/2988/2988 3249/3477/3477 2915/3143/3143
f 3096/3324/3324 3093/3321/3321 3476/3704/3704
f 2238/2466/2466 3478/3706/3706 3050/3278/3278
f 2762/2990/2990 2257/2485/2485 3076/3304/3304
f 2764/2992/2992 2762/2990/2990 3077/3305/3305
f 2258/2486/2486 3077/3305/3305 3079/3307/3307
f 3077/3305/3305 3076/3304/3304 3480/3708/3708
f 3608/3836/3836 4362/4590/4590 3239/3467/3467
f 3078/3306/3306 3082/3310/3310 3079/3307/3307
f 3082/3310/3310 4362/4590/4590 3079/3307/3307
f 3078/3306/3306 3079/3307/3307 3081/3309/3309
f 3235/3463/3463 3611/3839/3839 3614/3842/3842
f 3644/3872/3872 3650/3878/3878 3648/3876/3876
f 3085/3313/3313 3481/3709/3709 3090/3318/3318
f 3091/3319/3319 2747/2975/2975 3095/3323/3323
f 3079/3307/3307 4362/4590/4590 2258/2486/2486
f 4065/4293/4293 3080/3308/3308 3084/3312/3312
f 3080/3308/3308 4362/4590/4590 3082/3310/3310
f 3258/3486/3486 3283/3511/3511 3277/3505/3505
f 3084/3312/3312 3080/3308/3308 3082/3310/3310
f 3083/3311/3311 3084/3312/3312 3902/4130/4130
f 3458/3686/3686 3457/3685/3685 3461/3689/3689
f 3895/4123/4123 3897/4125/4125 3751/3979/3979
f 3086/3314/3314 3087/3315/3315 1587/1815/1815
f 3086/3314/3314 3088/3316/3316 2763/2991/2991
f 3480/3708/3708 1587/1815/1815 3089/3317/3317
f 3099/3327/3327 3092/3320/3320 3091/3319/3319
f 3098/3326/3326 3097/3325/3325 2763/2991/2991
f 3088/3316/3316 2257/2485/2485 592/606/606
f 3481/3709/3709 3078/3306/3306 3081/3309/3309
f 3091/3319/3319 3092/3320/3320 2747/2975/2975
f 3085/3313/3313 3896/4124/4124 3898/4126/4126
f 3091/3319/3319 3095/3323/3323 3094/3322/3322
f 3089/3317/3317 3087/3315/3315 3091/3319/3319
f 3091/3319/3319 3094/3322/3322 3089/3317/3317
f 2748/2976/2976 2747/2975/2975 3093/3321/3321
f 3097/3325/3325 2256/2484/2484 3099/3327/3327
f 2744/2972/2972 3093/3321/3321 3096/3324/3324
f 3092/3320/3320 2256/2484/2484 3093/3321/3321
f 3094/3322/3322 3081/3309/3309 3089/3317/3317
f 3090/3318/3318 3095/3323/3323 2749/2977/2977
f 3095/3323/3323 3090/3318/3318 3094/3322/3322
f 3095/3323/3323 2750/2978/2978 2749/2977/2977
f 3096/3324/3324 3052/3280/3280 2744/2972/2972
f 2238/2466/2466 3096/3324/3324 3478/3706/3706
f 2761/2989/2989 3097/3325/3325 3098/3326/3326
f 2763/2991/2991 3099/3327/3327 3087/3315/3315
f 591/605/605 2761/2989/2989 3098/3326/3326
f 3088/3316/3316 591/605/605 3098/3326/3326
f 3099/3327/3327 3091/3319/3319 3087/3315/3315
f 3099/3327/3327 2256/2484/2484 3092/3320/3320
f 2765/2993/2993 2259/2487/2487 3100/3328/3328
f 2767/2995/2995 2765/2993/2993 3101/3329/3329
f 3101/3329/3329 3103/3331/3331 2260/2488/2488
f 3101/3329/3329 3100/3328/3328 3482/3710/3710
f 3106/3334/3334 3102/3330/3330 3108/3336/3336
f 3489/3717/3717 3487/3715/3715 4372/4600/4600
f 3106/3334/3334 4358/4586/4586 3103/3331/3331
f 3102/3330/3330 3103/3331/3331 3105/3333/3333
f 3534/3762/3762 3124/3352/3352 3494/3722/3722
f 3121/3349/3349 3125/3353/3353 3122/3350/3350
f 3109/3337/3337 3108/3336/3336 3102/3330/3330
f 2768/2996/2996 2261/2489/2489 3112/3340/3340
f 3103/3331/3331 4358/4586/4586 2260/2488/2488
f 3529/3757/3757 3104/3332/3332 3108/3336/3336
f 3456/3684/3684 2740/2968/2968 3462/3690/3690
f 3645/3873/3873 3644/3872/3872 3648/3876/3876
f 3108/3336/3336 3104/3332/3332 3106/3334/3334
f 3107/3335/3335 3108/3336/3336 3774/4002/4002
f 3526/3754/3754 3516/3744/3744 3128/3356/3356
f 2443/2671/2671 3654/3882/3882 2922/3150/3150
f 3110/3338/3338 2259/2487/2487 442/450/450
f 3110/3338/3338 3111/3339/3339 2766/2994/2994
f 3112/3340/3340 2766/2994/2994 3111/3339/3339
f 441/449/449 440/448/448 3111/3339/3339
f 3113/3341/3341 2766/2994/2994 3114/3342/3342
f 4372/4600/4600 3114/3342/3342 2766/2994/2994
f 3113/3341/3341 3114/3342/3342 1588/1816/1816
f 3113/3341/3341 3110/3338/3338 2766/2994/2994
f 3483/3711/3711 3102/3330/3330 3105/3333/3333
f 3278/3506/3506 3280/3508/3508 3279/3507/3507
f 3491/3719/3719 2261/2489/2489 2768/2996/2996
f 3493/3721/3721 3115/3343/3343 3116/3344/3344
f 3116/3344/3344 3115/3343/3343 439/446/446
f 3117/3345/3345 3936/4164/4164 2769/2997/2997
f 2927/3155/3155 2928/3156/3156 3117/3345/3345
f 3117/3345/3345 261/445/445 2927/3155/3155
f 3118/3346/3346 2772/3000/3000 1050/1278/1278
f 3118/3346/3346 2262/2490/2490 2770/2998/2998
f 2770/2998/2998 2262/2490/2490 3119/3347/3347
f 2772/3000/3000 2770/2998/2998 3120/3348/3348
f 2263/2491/2491 3120/3348/3348 3122/3350/3350
f 3120/3348/3348 3119/3347/3347 3494/3722/3722
f 4463/4691/4691 3499/3727/3727 3498/3726/3726
f 3130/3358/3358 3495/3723/3723 3124/3352/3352
f 4463/4691/4691 2263/2491/2491 3125/3353/3353
f 3495/3723/3723 3121/3349/3349 3122/3350/3350
f 3503/3731/3731 3504/3732/3732 3507/3735/3735
f 3127/3355/3355 3125/3353/3353 3121/3349/3349
f 3130/3358/3358 3129/3357/3357 3495/3723/3723
f 4357/4585/4585 3134/3362/3362 2774/3002/3002
f 3125/3353/3353 2263/2491/2491 3122/3350/3350
f 3127/3355/3355 3789/4017/4017 3125/3353/3353
f 3500/3728/3728 4463/4691/4691 3123/3351/3351
f 3510/3738/3738 3513/3741/3741 3505/3733/3733
f 3125/3353/3353 3789/4017/4017 3123/3351/3351
f 3129/3357/3357 3797/4025/4025 3127/3355/3355
f 3514/3742/3742 3510/3738/3738 3126/3354/3354
f 2774/3002/3002 3788/4016/4016 3535/3763/3763
f 3127/3355/3355 3797/4025/4025 3126/3354/3354
f 3128/3356/3356 3129/3357/3357 3130/3358/3358
f 3130/3358/3358 3787/4015/4015 3128/3356/3356
f 3535/3763/3763 3534/3762/3762 3136/3364/3364
f 3497/3725/3725 3131/3359/3359 3132/3360/3360
f 3498/3726/3726 3499/3727/3727 3131/3359/3359
f 3791/4019/4019 3533/3761/3761 1054/1282/1282
f 2773/3001/3001 3132/3360/3360 3499/3727/3727
f 1056/1284/1284 3453/3681/3681 3451/3679/3679
f 3060/3288/3288 3894/4122/4122 3893/4121/4121
f 1607/1835/1835 3135/3363/3363 1603/1831/1831
f 2774/3002/3002 3134/3362/3362 3137/3365/3365
f 1603/1831/1831 3136/3364/3364 4356/4584/4584
f 3135/3363/3363 3134/3362/3362 4357/4585/4585
f 3534/3762/3762 3494/3722/3722 1589/1817/1817
f 3534/3762/3762 3535/3763/3763 3124/3352/3352
f 2774/3002/3002 3530/3758/3758 3496/3724/3724
f 3530/3758/3758 3532/3760/3760 3531/3759/3759
f 3138/3366/3366 2270/2498/2498 225/429/429
f 3138/3366/3366 3139/3367/3367 2775/3003/3003
f 2775/3003/3003 3139/3367/3367 3140/3368/3368
f 223/431/431 2767/2995/2995 3139/3367/3367
f 2775/3003/3003 3532/3760/3760 3137/3365/3365
f 3106/3334/3334 3104/3332/3332 4358/4586/4586
f 2785/3013/3013 2302/2530/2530 3141/3369/3369
f 2787/3015/3015 2785/3013/3013 3142/3370/3370
f 2303/2531/2531 3144/3372/3372 3145/3373/3373
f 3142/3370/3370 3141/3369/3369 3538/3766/3766
f 3832/4060/4060 3567/3795/3795 3835/4063/4063
f 3150/3378/3378 3148/3376/3376 2786/3014/3014
f 2303/2531/2531 3145/3373/3373 2797/3025/3025
f 3821/4049/4049 3143/3371/3371 3144/3372/3372
f 2797/3025/3025 3147/3375/3375 2799/3027/3027
f 3145/3373/3373 3144/3372/3372 4359/4587/4587
f 3350/3578/3578 3352/3580/3580 3008/3236/3236
f 1635/1863/1863 3539/3767/3767 3538/3766/3766
f 2799/3027/3027 3147/3375/3375 3160/3388/3388
f 3163/3391/3391 3166/3394/3394 3165/3393/3393
f 1635/1863/1863 3148/3376/3376 3149/3377/3377
f 2302/2530/2530 2786/3014/3014 3148/3376/3376
f 3539/3767/3767 1635/1863/1863 3149/3377/3377
f 2790/3018/3018 3004/3232/3232 3549/3777/3777
f 3150/3378/3378 3815/4043/4043 3149/3377/3377
f 3150/3378/3378 2791/3019/3019 2305/2533/2533
f 3151/3379/3379 2789/3017/3017 1138/1366/1366
f 3955/4183/4183 2788/3016/3016 4020/4248/4248
f 3152/3380/3380 3181/3409/3409 1136/1364/1364
f 3823/4051/4051 3548/3776/3776 3824/4052/4052
f 2304/2532/2532 3153/3381/3381 4026/4254/4254
f 3153/3381/3381 3151/3379/3379 2788/3016/3016
f 4436/4664/4664 3826/4054/4054 3597/3825/3825
f 3147/3375/3375 3165/3393/3393 3160/3388/3388
f 3155/3383/3383 2791/3019/3019 469/479/479
f 3155/3383/3383 3004/3232/3232 2790/3018/3018
f 3156/3384/3384 3157/3385/3385 2305/2533/2533
f 3156/3384/3384 3155/3383/3383 2790/3018/3018
f 3543/3771/3771 3539/3767/3767 3149/3377/3377
f 3815/4043/4043 3150/3378/3378 2305/2533/2533
f 2796/3024/3024 2787/3015/3015 3158/3386/3386
f 3158/3386/3386 2797/3025/3025 2796/3024/3024
f 3159/3387/3387 4346/4574/4574 1639/1867/1867
f 2802/3030/3030 3159/3387/3387 3160/3388/3388
f 2802/3030/3030 3161/3389/3389 4347/4575/4575
f 2802/3030/3030 3160/3388/3388 3161/3389/3389
f 3168/3396/3396 3164/3392/3392 3162/3390/3390
f 3161/3389/3389 3164/3392/3392 2328/2556/2556
f 3162/3390/3390 3169/3397/3397 3168/3396/3396
f 3956/4184/4184 3833/4061/4061 3836/4064/4064
f 4023/4251/4251 3957/4185/4185 4024/4252/4252
f 3165/3393/3393 3147/3375/3375 3167/3395/3395
f 3164/3392/3392 3168/3396/3396 2328/2556/2556
f 3162/3390/3390 3166/3394/3394 3163/3391/3391
f 3160/3388/3388 3166/3394/3394 3161/3389/3389
f 3165/3393/3393 3167/3395/3395 3163/3391/3391
f 3164/3392/3392 3161/3389/3389 3166/3394/3394
f 3166/3394/3394 3162/3390/3390 3164/3392/3392
f 3822/4050/4050 3143/3371/3371 3545/3773/3773
f 3143/3371/3371 4359/4587/4587 3144/3372/3372
f 3168/3396/3396 2330/2558/2558 2328/2556/2556
f 2331/2559/2559 3168/3396/3396 3169/3397/3397
f 3831/4059/4059 2331/2559/2559 3169/3397/3397
f 3152/3380/3380 3547/3775/3775 3548/3776/3776
f 492/502/502 2804/3032/3032 3170/3398/3398
f 3170/3398/3398 1650/1878/1878 492/502/502
f 1139/1367/1367 4020/4248/4248 3151/3379/3379
f 3171/3399/3399 2806/3034/3034 2807/3035/3035
f 3172/3400/3400 1131/1359/1359 1132/1360/1360
f 3172/3400/3400 3173/3401/3401 2808/3036/3036
f 3180/3408/3408 3179/3407/3407 2808/3036/3036
f 2332/2560/2560 1652/1880/1880 3173/3401/3401
f 2845/3073/3073 3838/4066/4066 3568/3796/3796
f 3174/3402/3402 3173/3401/3401 3842/4070/4070
f 3175/3403/3403 2332/2560/2560 1133/1361/1361
f 3175/3403/3403 2812/3040/3040 2809/3037/3037
f 1652/1880/1880 3176/3404/3404 3177/3405/3405
f 2332/2560/2560 2809/3037/3037 3176/3404/3404
f 2333/2561/2561 3174/3402/3402 3838/4066/4066
f 2626/2854/2854 3355/3583/3583 2623/2851/2851
f 3178/3406/3406 4436/4664/4664 3177/3405/3405
f 3178/3406/3406 2812/3040/3040 2334/2562/2562
f 2810/3038/3038 1131/1359/1359 3179/3407/3407
f 3179/3407/3407 3180/3408/3408 2810/3038/3038
f 2810/3038/3038 3180/3408/3408 3204/3432/3432
f 2808/3036/3036 3174/3402/3402 3180/3408/3408
f 3181/3409/3409 2812/3040/3040 1135/1363/1363
f 2811/3039/3039 3181/3409/3409 3823/4051/4051
f 3825/4053/4053 3182/3410/3410 3824/4052/4052
f 3182/3410/3410 3181/3409/3409 2811/3039/3039
f 3013/3241/3241 3356/3584/3584 3357/3585/3585
f 3547/3775/3775 2304/2532/2532 4019/4247/4247
f 3184/3412/3412 3185/3413/3413 2814/3042/3042
f 2153/2381/2381 2815/3043/3043 3184/3412/3412
f 2815/3043/3043 3185/3413/3413 3184/3412/3412
f 3185/3413/3413 2816/3044/3044 2335/2563/2563
f 3733/3961/3961 2979/3207/3207 4464/4692/4692
f 3031/3259/3259 3420/3648/3648 3419/3647/3647
f 3187/3415/3415 2819/3047/3047 392/392/392
f 3187/3415/3415 2906/3134/3134 2818/3046/3046
f 3188/3416/3416 2909/3137/3137 2337/2565/2565
f 3188/3416/3416 3187/3415/3415 2818/3046/3046
f 3189/3417/3417 3191/3419/3419 2821/3049/3049
f 3189/3417/3417 3468/3696/3696 2822/3050/3050
f 2823/3051/3051 2339/2567/2567 3190/3418/3418
f 3190/3418/3418 2834/3062/3062 2823/3051/3051
f 2822/3050/3050 3191/3419/3419 3189/3417/3417
f 3191/3419/3419 2824/3052/3052 2338/2566/2566
f 2826/3054/3054 2340/2568/2568 3192/3420/3420
f 2827/3055/3055 2826/3054/3054 3193/3421/3421
f 2341/2569/2569 3193/3421/3421 3195/3423/3423
f 3193/3421/3421 3192/3420/3420 3570/3798/3798
f 2828/3056/3056 3403/3631/3631 4369/4597/4597
f 3376/3604/3604 3372/3600/3600 3360/3588/3588
f 3198/3426/3426 4370/4598/4598 3195/3423/3423
f 3194/3422/3422 3195/3423/3423 3197/3425/3425
f 3694/3922/3922 3348/3576/3576 3356/3584/3584
f 2840/3068/3068 2845/3073/3073 3574/3802/3802
f 3201/3429/3429 3194/3422/3422 3572/3800/3800
f 3197/3425/3425 3571/3799/3799 3839/4067/4067
f 3195/3423/3423 4370/4598/4598 2341/2569/2569
f 3400/3628/3628 3196/3424/3424 3200/3428/3428
f 3374/3602/3602 3384/3612/3612 3377/3605/3605
f 3354/3582/3582 3350/3578/3578 3348/3576/3576
f 3200/3428/3428 3196/3424/3424 3198/3426/3426
f 3199/3427/3427 3200/3428/3428 4228/4456/4456
f 3400/3628/3628 3399/3627/3627 3402/3630/3630
f 3206/3434/3434 3576/3804/3804 3575/3803/3803
f 3202/3430/3430 3203/3431/3431 640/664/664
f 3405/3633/3633 4370/4598/4598 3403/3631/3631
f 3360/3588/3588 3719/3947/3947 3378/3606/3606
f 2828/3056/3056 3203/3431/3431 3404/3632/3632
f 3204/3432/3432 3205/3433/3433 2810/3038/3038
f 2837/3065/3065 3573/3801/3801 2843/3071/3071
f 3205/3433/3433 1129/1357/1357 1130/1358/1358
f 3205/3433/3433 3204/3432/3432 2837/3065/3065
f 4196/4424/4424 4142/4370/4370 4195/4423/4423
f 3568/3796/3796 3590/3818/3818 3587/3815/3815
f 3207/3435/3435 2369/2597/2597 2366/2594/2594
f 3207/3435/3435 3208/3436/3436 2371/2599/2599
f 2855/3083/3083 2371/2599/2599 3208/3436/3436
f 3208/3436/3436 3209/3437/3437 2855/3083/3083
f 3607/3835/3835 2876/3104/3104 2855/3083/3083
f 3599/3827/3827 3209/3437/3437 3598/3826/3826
f 3225/3453/3453 2870/3098/3098 764/872/872
f 3220/3448/3448 2378/2606/2606 3222/3450/3450
f 3211/3439/3439 2861/3089/3089 2374/2602/2602
f 3211/3439/3439 3217/3445/3445 2373/2601/2601
f 1109/1337/1337 1717/1945/1945 3212/3440/3440
f 3212/3440/3440 2863/3091/3091 1109/1337/1337
f 3213/3441/3441 1113/1341/1341 1112/1340/1340
f 3213/3441/3441 3214/3442/3442 2868/3096/3096
f 3217/3445/3445 3216/3444/3444 2868/3096/3096
f 3214/3442/3442 2869/3097/3097 1688/1916/1916
f 3215/3443/3443 3604/3832/3832 2373/2601/2601
f 3214/3442/3442 1688/1916/1916 3215/3443/3443
f 3216/3444/3444 3217/3445/3445 2857/3085/3085
f 3216/3444/3444 3213/3441/3441 2868/3096/3096
f 2857/3085/3085 3217/3445/3445 3211/3439/3439
f 2868/3096/3096 3215/3443/3443 3217/3445/3445
f 2409/2637/2637 3219/3447/3447 2878/3106/3106
f 2870/3098/3098 2378/2606/2606 3218/3446/3446
f 3219/3447/3447 2882/3110/3110 2878/3106/3106
f 2884/3112/3112 3220/3448/3448 2885/3113/3113
f 3603/3831/3831 1688/1916/1916 2885/3113/3113
f 3219/3447/3447 2378/2606/2606 3220/3448/3448
f 3845/4073/4073 3846/4074/4074 3604/3832/3832
f 3222/3450/3450 3224/3452/3452 3221/3449/3449
f 3222/3450/3450 2885/3113/3113 3220/3448/3448
f 3843/4071/4071 3221/3449/3449 3224/3452/3452
f 3601/3829/3829 3843/4071/4071 3606/3834/3834
f 763/873/873 3605/3833/3833 3225/3453/3453
f 3223/3451/3451 3224/3452/3452 3225/3453/3453
f 2378/2606/2606 2870/3098/3098 3224/3452/3452
f 3225/3453/3453 3605/3833/3833 3223/3451/3451
f 764/872/872 763/873/873 3225/3453/3453
f 2856/3084/3084 3227/3455/3455 2372/2600/2600
f 3226/3454/3454 760/876/876 2874/3102/3102
f 3227/3455/3455 3209/3437/3437 2372/2600/2600
f 3226/3454/3454 2874/3102/3102 3227/3455/3455
f 3209/3437/3437 3607/3835/3835 2855/3083/3083
f 2874/3102/3102 2389/2617/2617 3228/3456/3456
f 2764/2992/2992 3608/3836/3836 3609/3837/3837
f 2422/2650/2650 2887/3115/3115 3236/3464/3464
f 2889/3117/3117 2423/2651/2651 3230/3458/3458
f 2892/3120/3120 2889/3117/3117 3231/3459/3459
f 3233/3461/3461 4360/4588/4588 2424/2652/2652
f 3231/3459/3459 3230/3458/3458 3610/3838/3838
f 2893/3121/3121 3245/3473/3473 3636/3864/3864
f 3235/3463/3463 3610/3838/3838 1769/1997/1997
f 4360/4588/4588 3233/3461/3461 3234/3462/3462
f 3232/3460/3460 3233/3461/3461 3235/3463/3463
f 3628/3856/3856 3623/3851/3851 3629/3857/3857
f 3640/3868/3868 3639/3867/3867 3623/3851/3851
f 3615/3843/3843 3611/3839/3839 2891/3119/3119
f 3235/3463/3463 1769/1997/1997 3611/3839/3839
f 2891/3119/3119 3236/3464/3464 3237/3465/3465
f 3236/3464/3464 2887/3115/3115 3238/3466/3466
f 2891/3119/3119 3611/3839/3839 1769/1997/1997
f 4152/4380/4380 3617/3845/3845 3616/3844/3844
f 3237/3465/3465 3236/3464/3464 3238/3466/3466
f 3237/3465/3465 3239/3467/3467 3080/3308/3308
f 3238/3466/3466 3229/3457/3457 3239/3467/3467
f 3239/3467/3467 3237/3465/3465 3238/3466/3466
f 3638/3866/3866 2893/3121/3121 3637/3865/3865
f 2902/3130/3130 3635/3863/3863 2901/3129/3129
f 1187/1415/1415 3241/3469/3469 3242/3470/3470
f 3636/3864/3864 3241/3469/3469 3637/3865/3865
f 3242/3470/3470 2895/3123/3123 1186/1414/1414
f 2894/3122/3122 3242/3470/3470 3636/3864/3864
f 3641/3869/3869 3243/3471/3471 3246/3474/3474
f 3643/3871/3871 3243/3471/3471 3642/3870/3870
f 2425/2653/2653 3244/3472/3472 3245/3473/3473
f 3244/3472/3472 3242/3470/3470 2894/3122/3122
f 3853/4081/4081 3647/3875/3875 3653/3881/3881
f 3618/3846/3846 3620/3848/3848 3232/3460/3460
f 1182/1410/1410 3666/3894/3894 3665/3893/3893
f 2896/3124/3124 3246/3474/3474 3643/3871/3871
f 3247/3475/3475 388/388/388 389/389/389
f 2898/3126/3126 4361/4589/4589 2899/3127/3127
f 3250/3478/3478 393/393/393 2819/3047/3047
f 394/394/394 3250/3478/3478 3249/3477/3477
f 3248/3476/3476 2915/3143/3143 3249/3477/3477
f 3248/3476/3476 3249/3477/3477 3250/3478/3478
f 3250/3478/3478 2819/3047/3047 3248/3476/3476
f 3250/3478/3478 394/394/394 393/393/393
f 3251/3479/3479 2442/2670/2670 1177/1405/1405
f 3251/3479/3479 3252/3480/3480 2921/3149/3149
f 2921/3149/3149 3252/3480/3480 3254/3482/3482
f 3252/3480/3480 1178/1406/1406 4363/4591/4591
f 3257/3485/3485 3254/3482/3482 3253/3481/3481
f 3259/3487/3487 3257/3485/3485 3253/3481/3481
f 3257/3485/3485 3656/3884/3884 3254/3482/3482
f 3253/3481/3481 3254/3482/3482 3256/3484/3484
f 3264/3492/3492 3263/3491/3491 3265/3493/3493
f 3270/3498/3498 3268/3496/3496 3658/3886/3886
f 4387/4615/4615 3259/3487/3487 3253/3481/3481
f 3655/3883/3883 1180/1408/1408 2922/3150/3150
f 3254/3482/3482 3656/3884/3884 2921/3149/3149
f 3259/3487/3487 3658/3886/3886 3257/3485/3485
f 3268/3496/3496 3264/3492/3492 3255/3483/3483
f 3277/3505/3505 3270/3498/3498 3258/3486/3486
f 3257/3485/3485 3658/3886/3886 3255/3483/3483
f 3258/3486/3486 3259/3487/3487 3260/3488/3488
f 3277/3505/3505 3283/3511/3511 3284/3512/3512
f 3283/3511/3511 3863/4091/4091 3855/4083/4083
f 3261/3489/3489 3262/3490/3490 1790/2018/2018
f 3261/3489/3489 3251/3479/3479 2921/3149/3149
f 3264/3492/3492 3265/3493/3493 3262/3490/3490
f 3257/3485/3485 3255/3483/3483 3656/3884/3884
f 3263/3491/3491 3276/3504/3504 3275/3503/3503
f 4467/4695/4695 3290/3518/3518 3288/3516/3516
f 3262/3490/3490 3265/3493/3493 1790/2018/2018
f 3268/3496/3496 4364/4592/4592 3264/3492/3492
f 3274/3502/3502 3265/3493/3493 3271/3499/3499
f 3267/3495/3495 3271/3499/3499 3269/3497/3497
f 3275/3503/3503 3269/3497/3497 3263/3491/3491
f 3280/3508/3508 3273/3501/3501 3289/3517/3517
f 3267/3495/3495 3661/3889/3889 3271/3499/3499
f 3785/4013/4013 3786/4014/4014 3492/3720/3720
f 3264/3492/3492 4364/4592/4592 3263/3491/3491
f 3268/3496/3496 3270/3498/3498 3266/3494/3494
f 1790/2018/2018 3265/3493/3493 3274/3502/3502
f 3969/4197/4197 3267/3495/3495 3275/3503/3503
f 3278/3506/3506 3270/3498/3498 3277/3505/3505
f 3259/3487/3487 3258/3486/3486 3658/3886/3886
f 3271/3499/3499 3660/3888/3888 3659/3887/3887
f 3661/3889/3889 3660/3888/3888 3271/3499/3499
f 3968/4196/4196 3967/4195/4195 3657/3885/3885
f 3487/3715/3715 3485/3713/3713 3114/3342/3342
f 3268/3496/3496 3266/3494/3494 4364/4592/4592
f 3284/3512/3512 4041/4269/4269 3291/3519/3519
f 2932/3160/3160 1790/2018/2018 3274/3502/3502
f 3274/3502/3502 3659/3887/3887 2932/3160/3160
f 3275/3503/3503 3267/3495/3495 3269/3497/3497
f 3272/3500/3500 3275/3503/3503 3276/3504/3504
f 3282/3510/3510 3288/3516/3516 3285/3513/3513
f 3266/3494/3494 3278/3506/3506 3662/3890/3890
f 3270/3498/3498 3278/3506/3506 3266/3494/3494
f 3273/3501/3501 3277/3505/3505 3284/3512/3512
f 4364/4592/4592 3266/3494/3494 3662/3890/3890
f 3277/3505/3505 3273/3501/3501 3278/3506/3506
f 3286/3514/3514 3779/4007/4007 3781/4009/4009
f 3278/3506/3506 3273/3501/3501 3280/3508/3508
f 3663/3891/3891 3662/3890/3890 3279/3507/3507
f 3279/3507/3507 3280/3508/3508 3285/3513/3513
f 3289/3517/3517 3285/3513/3513 3280/3508/3508
f 3650/3878/3878 3644/3872/3872 3652/3880/3880
f 3467/3695/3695 3466/3694/3694 3754/3982/3982
f 4365/4593/4593 3273/3501/3501 3284/3512/3512
f 3283/3511/3511 3855/4083/4083 3281/3509/3509
f 3258/3486/3486 3260/3488/3488 3283/3511/3511
f 4365/4593/4593 3284/3512/3512 3291/3519/3519
f 3284/3512/3512 3283/3511/3511 3281/3509/3509
f 3663/3891/3891 3279/3507/3507 3288/3516/3516
f 4449/4677/4677 3282/3510/3510 3289/3517/3517
f 3758/3986/3986 3756/3984/3984 2261/2489/2489
f 3489/3717/3717 4372/4600/4600 3756/3984/3984
f 4416/4644/4644 3769/3997/3997 4421/4649/4649
f 3457/3685/3685 3464/3692/3692 3461/3689/3689
f 3288/3516/3516 3279/3507/3507 3285/3513/3513
f 3286/3514/3514 3288/3516/3516 3778/4006/4006
f 3289/3517/3517 3282/3510/3510 3285/3513/3513
f 3287/3515/3515 3289/3517/3517 4365/4593/4593
f 3112/3340/3340 2261/2489/2489 3756/3984/3984
f 3123/3351/3351 3505/3733/3733 3504/3732/3732
f 4460/4688/4688 4423/4651/4651 4418/4646/4646
f 3612/3840/3840 3613/3841/3841 3848/4076/4076
f 2443/2671/2671 3669/3897/3897 3862/4090/4090
f 3667/3895/3895 3857/4085/4085 3858/4086/4086
f 3316/3544/3544 2924/3152/3152 3293/3521/3521
f 3673/3901/3901 3672/3900/3900 1810/2038/2038
f 3294/3522/3522 2465/2693/2693 1832/2060/2060
f 3967/4195/4195 1835/2063/2063 3657/3885/3885
f 2933/3161/3161 1176/1404/1404 3295/3523/3523
f 3295/3523/3523 2932/3160/3160 2933/3161/3161
f 1159/1387/1387 3297/3525/3525 2477/2705/2705
f 3296/3524/3524 2941/3169/3169 2934/3162/3162
f 3297/3525/3525 2474/2702/2702 2477/2705/2705
f 3296/3524/3524 2934/3162/3162 3297/3525/3525
f 3870/4098/4098 3681/3909/3909 2481/2709/2709
f 2941/3169/3169 3301/3529/3529 3683/3911/3911
f 3679/3907/3907 3299/3527/3527 3304/3532/3532
f 3867/4095/4095 3682/3910/3910 2951/3179/3179
f 3300/3528/3528 1158/1386/1386 1157/1385/1385
f 3300/3528/3528 3301/3529/3529 2941/3169/3169
f 3301/3529/3529 3302/3530/3530 3683/3911/3911
f 2504/2732/2732 1920/2148/2148 3301/3529/3529
f 3870/4098/4098 3868/4096/4096 3682/3910/3910
f 3868/4096/4096 3302/3530/3530 3869/4097/4097
f 3303/3531/3531 2504/2732/2732 1156/1384/1384
f 3303/3531/3531 2945/3173/3173 2942/3170/3170
f 2505/2733/2733 3304/3532/3532 3867/4095/4095
f 3304/3532/3532 3305/3533/3533 2938/3166/3166
f 2943/3171/3171 763/831/831 3305/3533/3533
f 3305/3533/3533 3304/3532/3532 2943/3171/3171
f 3306/3534/3534 2955/3183/3183 2506/2734/2734
f 3306/3534/3534 3307/3535/3535 2952/3180/3180
f 2949/3177/3177 2952/3180/3180 3308/3536/3536
f 2516/2744/2744 2958/3186/3186 3307/3535/3535
f 2956/3184/3184 3311/3539/3539 3310/3538/3538
f 3684/3912/3912 3307/3535/3535 2958/3186/3186
f 3309/3537/3537 761/829/829 762/830/830
f 2943/3171/3171 2956/3184/3184 3309/3537/3537
f 761/829/829 3871/4099/4099 760/828/828
f 2949/3177/3177 3311/3539/3539 3689/3917/3917
f 3871/4099/4099 3688/3916/3916 3687/3915/3915
f 2949/3177/3177 3308/3536/3536 3311/3539/3539
f 3312/3540/3540 3313/3541/3541 1944/2172/2172
f 3312/3540/3540 2534/2762/2762 2958/3186/3186
f 3313/3541/3541 2531/2759/2759 1944/2172/2172
f 3313/3541/3541 2958/3186/3186 2517/2745/2745
f 2973/3201/3201 966/1194/1194 3314/3542/3542
f 3314/3542/3542 1947/2175/2175 2973/3201/3201
f 2561/2789/2789 3315/3543/3543 3316/3544/3544
f 2976/3204/3204 2924/3152/3152 3315/3543/3543
f 2561/2789/2789 4366/4594/4594 3317/3545/3545
f 4366/4594/4594 3316/3544/3544 3674/3902/3902
f 3418/3646/3646 3732/3960/3960 3421/3649/3649
f 3422/3650/3650 3732/3960/3960 3317/3545/3545
f 3733/3961/3961 3317/3545/3545 3677/3905/3905
f 3673/3901/3901 3866/4094/4094 3675/3903/3903
f 3319/3547/3547 638/662/662 639/663/663
f 2978/3206/3206 3320/3548/3548 2979/3207/3207
f 1653/1881/1881 2979/3207/3207 3320/3548/3548
f 3320/3548/3548 2816/3044/3044 1653/1881/1881
f 2984/3212/3212 3322/3550/3550 2046/2274/2274
f 1322/1550/1550 2581/2809/2809 3321/3549/3549
f 3331/3559/3559 4388/4616/4616 3690/3918/3918
f 3321/3549/3549 2581/2809/2809 3322/3550/3550
f 3323/3551/3551 1013/1241/1241 1014/1242/1242
f 3323/3551/3551 3324/3552/3552 2985/3213/3213
f 3327/3555/3555 3326/3554/3554 2985/3213/3213
f 2575/2803/2803 2046/2274/2274 3324/3552/3552
f 3334/3562/3562 3333/3561/3561 3332/3560/3560
f 3325/3553/3553 3324/3552/3552 4388/4616/4616
f 2986/3214/3214 1013/1241/1241 3326/3554/3554
f 3326/3554/3554 3327/3555/3555 2986/3214/3214
f 2986/3214/3214 3327/3555/3555 3340/3568/3568
f 2985/3213/3213 3325/3553/3553 3327/3555/3555
f 3328/3556/3556 3329/3557/3557 2047/2275/2275
f 3328/3556/3556 3330/3558/3558 2988/3216/3216
f 2047/2275/2275 3332/3560/3560 3331/3559/3559
f 2988/3216/3216 2997/3225/3225 3329/3557/3557
f 3337/3565/3565 3336/3564/3564 2988/3216/3216
f 3330/3558/3558 2577/2805/2805 803/943/943
f 2047/2275/2275 3690/3918/3918 2581/2809/2809
f 2576/2804/2804 3325/3553/3553 3333/3561/3561
f 3332/3560/3560 2047/2275/2275 3329/3557/3557
f 3332/3560/3560 3333/3561/3561 3331/3559/3559
f 3333/3561/3561 3325/3553/3553 3331/3559/3559
f 2576/2804/2804 3333/3561/3561 3334/3562/3562
f 3340/3568/3568 2576/2804/2804 3335/3563/3563
f 3334/3562/3562 2997/3225/3225 2992/3220/3220
f 2989/3217/3217 3335/3563/3563 3338/3566/3566
f 3334/3562/3562 2992/3220/3220 3335/3563/3563
f 2052/2280/2280 3336/3564/3564 3337/3565/3565
f 3336/3564/3564 2997/3225/3225 2988/3216/3216
f 804/944/944 2052/2280/2280 3337/3565/3565
f 3330/3558/3558 804/944/944 3337/3565/3565
f 3338/3566/3566 3335/3563/3563 2050/2278/2278
f 3338/3566/3566 3339/3567/3567 2989/3217/3217
f 3341/3569/3569 3340/3568/3568 2989/3217/3217
f 3339/3567/3567 2582/2810/2810 1011/1239/1239
f 2986/3214/3214 3340/3568/3568 3341/3569/3569
f 3340/3568/3568 3335/3563/3563 2989/3217/3217
f 1012/1240/1240 2986/3214/3214 3341/3569/3569
f 3339/3567/3567 1012/1240/1240 3341/3569/3569
f 3342/3570/3570 808/948/948 2060/2288/2288
f 3342/3570/3570 2584/2812/2812 807/947/947
f 2584/2812/2812 3343/3571/3571 2051/2279/2279
f 3343/3571/3571 3344/3572/3572 2585/2813/2813
f 3344/3572/3572 2088/2316/2316 2585/2813/2813
f 2597/2825/2825 3691/3919/3919 1343/1571/1571
f 3000/3228/3228 2058/2286/2286 3345/3573/3573
f 3345/3573/3573 2984/3212/3212 3000/3228/3228
f 2628/2856/2856 3347/3575/3575 3692/3920/3920
f 3346/3574/3574 3349/3577/3577 3350/3578/3578
f 3693/3921/3921 3873/4101/4101 3872/4100/4100
f 3346/3574/3574 3008/3236/3236 3347/3575/3575
f 3348/3576/3576 3350/3578/3578 3349/3577/3577
f 3390/3618/3618 3391/3619/3619 3388/3616/3616
f 3346/3574/3574 3350/3578/3578 3008/3236/3236
f 3348/3576/3576 3349/3577/3577 3355/3583/3583
f 3347/3575/3575 3008/3236/3236 3874/4102/4102
f 3539/3767/3767 3542/3770/3770 3146/3374/3374
f 3973/4201/4201 3353/3581/3581 3972/4200/4200
f 4019/4247/4247 4026/4254/4254 4444/4672/4672
f 3352/3580/3580 3353/3581/3581 3008/3236/3236
f 3351/3579/3579 3352/3580/3580 3354/3582/3582
f 4373/4601/4601 3829/4057/4057 3555/3783/3783
f 3552/3780/3780 3551/3779/3779 2109/2337/2337
f 4095/4323/4323 4261/4489/4489 4096/4324/4324
f 3402/3630/3630 3396/3624/3624 4369/4597/4597
f 3355/3583/3583 3356/3584/3584 3348/3576/3576
f 3355/3583/3583 3357/3585/3585 3356/3584/3584
f 3694/3922/3922 3354/3582/3582 3348/3576/3576
f 3383/3611/3611 3380/3608/3608 3379/3607/3607
f 3013/3241/3241 3357/3585/3585 3358/3586/3586
f 3355/3583/3583 2626/2854/2854 3357/3585/3585
f 3358/3586/3586 3357/3585/3585 1423/1651/1651
f 3358/3586/3586 3359/3587/3587 3013/3241/3241
f 3694/3922/3922 3356/3584/3584 3698/3926/3926
f 3381/3609/3609 3390/3618/3618 3388/3616/3616
f 3014/3242/3242 3370/3598/3598 2639/2867/2867
f 3378/3606/3606 3376/3604/3604 3360/3588/3588
f 3361/3589/3589 3366/3594/3594 3367/3595/3595
f 3366/3594/3594 3361/3589/3589 3363/3591/3591
f 3016/3244/3244 2640/2868/2868 3362/3590/3590
f 3362/3590/3590 3361/3589/3589 3016/3244/3244
f 3364/3592/3592 3367/3595/3595 3366/3594/3594
f 3366/3594/3594 3363/3591/3591 3368/3596/3596
f 3412/3640/3640 3726/3954/3954 3724/3952/3952
f 3368/3596/3596 3369/3597/3597 3365/3593/3593
f 3022/3250/3250 3725/3953/3953 4389/4617/4617
f 3408/3636/3636 3407/3635/3635 3988/4216/4216
f 2146/2374/2374 3361/3589/3589 3367/3595/3595
f 3364/3592/3592 3366/3594/3594 3368/3596/3596
f 2651/2879/2879 2146/2374/2374 3367/3595/3595
f 2651/2879/2879 3367/3595/3595 3726/3954/3954
f 3724/3952/3952 3364/3592/3592 3725/3953/3953
f 3721/3949/3949 3987/4215/4215 3011/3239/3239
f 3369/3597/3597 3368/3596/3596 3363/3591/3591
f 3365/3593/3593 3369/3597/3597 4367/4595/4595
f 3018/3246/3246 3370/3598/3598 3373/3601/3601
f 3370/3598/3598 3014/3242/3242 3372/3600/3600
f 3379/3607/3607 4367/4595/4595 3018/3246/3246
f 3373/3601/3601 3371/3599/3599 3379/3607/3607
f 3372/3600/3600 3373/3601/3601 3370/3598/3598
f 3378/3606/3606 3203/3431/3431 3718/3946/3946
f 4367/4595/4595 3379/3607/3607 3375/3603/3603
f 3371/3599/3599 3373/3601/3601 3377/3605/3605
f 3376/3604/3604 3377/3605/3605 3372/3600/3600
f 3377/3605/3605 3384/3612/3612 3382/3610/3610
f 3883/4111/4111 3976/4204/4204 3884/4112/4112
f 3592/3820/3820 4375/4603/4603 3594/3822/3822
f 3373/3601/3601 3372/3600/3600 3377/3605/3605
f 3376/3604/3604 3378/3606/3606 3374/3602/3602
f 3371/3599/3599 3377/3605/3605 3382/3610/3610
f 3376/3604/3604 3374/3602/3602 3377/3605/3605
f 3378/3606/3606 3718/3946/3946 3374/3602/3602
f 3203/3431/3431 3719/3947/3947 641/665/665
f 3379/3607/3607 3018/3246/3246 3373/3601/3601
f 3379/3607/3607 3380/3608/3608 3375/3603/3603
f 3368/3596/3596 3365/3593/3593 3976/4204/4204
f 3398/3626/3626 3401/3629/3629 3389/3617/3617
f 3382/3610/3610 3383/3611/3611 3371/3599/3599
f 3383/3611/3611 3388/3616/3616 3386/3614/3614
f 3379/3607/3607 3371/3599/3599 3383/3611/3611
f 3381/3609/3609 3382/3610/3610 3384/3612/3612
f 3383/3611/3611 3386/3614/3614 3380/3608/3608
f 3382/3610/3610 3381/3609/3609 3383/3611/3611
f 3390/3618/3618 3381/3609/3609 3396/3624/3624
f 3718/3946/3946 4369/4597/4597 3374/3602/3602
f 3386/3614/3614 3385/3613/3613 3393/3621/3621
f 3580/3808/3808 3576/3804/3804 3206/3434/3434
f 3982/4210/4210 3380/3608/3608 3393/3621/3621
f 3386/3614/3614 3388/3616/3616 3385/3613/3613
f 3979/4207/4207 3980/4208/4208 3977/4205/4205
f 3356/3584/3584 3699/3927/3927 3698/3926/3926
f 3385/3613/3613 3388/3616/3616 3391/3619/3619
f 3388/3616/3616 3383/3611/3611 3381/3609/3609
f 3393/3621/3621 3720/3948/3948 3394/3622/3622
f 3398/3626/3626 3395/3623/3623 4227/4455/4455
f 3390/3618/3618 3397/3625/3625 3389/3617/3617
f 3396/3624/3624 3381/3609/3609 3384/3612/3612
f 3385/3613/3613 3391/3619/3619 3720/3948/3948
f 3391/3619/3619 3390/3618/3618 3389/3617/3617
f 3394/3622/3622 3720/3948/3948 3392/3620/3620
f 3590/3818/3818 1652/1880/1880 3841/4069/4069
f 3393/3621/3621 3380/3608/3608 3386/3614/3614
f 3387/3615/3615 3393/3621/3621 3394/3622/3622
f 3708/3936/3936 3706/3934/3934 3699/3927/3927
f 3721/3949/3949 3409/3637/3637 3983/4211/4211
f 3397/3625/3625 3395/3623/3623 3398/3626/3626
f 3200/3428/3428 3199/3427/3427 3400/3628/3628
f 3397/3625/3625 3390/3618/3618 3399/3627/3627
f 3402/3630/3630 3399/3627/3627 3396/3624/3624
f 3397/3625/3625 3398/3626/3626 3389/3617/3617
f 3397/3625/3625 3399/3627/3627 3395/3623/3623
f 3389/3617/3617 3401/3629/3629 4368/4596/4596
f 3579/3807/3807 4197/4425/4425 4229/4457/4457
f 3399/3627/3627 3400/3628/3628 3395/3623/3623
f 3399/3627/3627 3390/3618/3618 3396/3624/3624
f 3400/3628/3628 3199/3427/3427 3395/3623/3623
f 3196/3424/3424 3400/3628/3628 3402/3630/3630
f 3596/3824/3824 3595/3823/3823 4375/4603/4603
f 3582/3810/3810 3583/3811/3811 3577/3805/3805
f 3402/3630/3630 3403/3631/3631 3196/3424/3424
f 3403/3631/3631 3402/3630/3630 4369/4597/4597
f 3196/3424/3424 4370/4598/4598 3198/3426/3426
f 2827/3055/3055 2341/2569/2569 3405/3633/3633
f 3404/3632/3632 3203/3431/3431 3202/3430/3430
f 3403/3631/3631 2828/3056/3056 3404/3632/3632
f 3404/3632/3632 3202/3430/3430 3405/3633/3633
f 3405/3633/3633 3403/3631/3631 3404/3632/3632
f 3406/3634/3634 3010/3238/3238 2629/2857/2857
f 3021/3249/3249 3011/3239/3239 3406/3634/3634
f 2138/2366/2366 3010/3238/3238 3407/3635/3635
f 2138/2366/2366 3407/3635/3635 3715/3943/3943
f 3356/3584/3584 3013/3241/3241 3699/3927/3927
f 3410/3638/3638 4389/4617/4617 3411/3639/3639
f 3715/3943/3943 3714/3942/3942 3716/3944/3944
f 3368/3596/3596 3883/4111/4111 3364/3592/3592
f 2645/2873/2873 3410/3638/3638 3722/3950/3950
f 3410/3638/3638 3412/3640/3640 3022/3250/3250
f 3722/3950/3950 1424/1652/1652 2645/2873/2873
f 3727/3955/3955 3409/3637/3637 4389/4617/4617
f 3412/3640/3640 3724/3952/3952 3022/3250/3250
f 2651/2879/2879 3412/3640/3640 3728/3956/3956
f 3413/3641/3641 3414/3642/3642 2670/2898/2898
f 3413/3641/3641 2817/3045/3045 2815/3043/3043
f 3414/3642/3642 2662/2890/2890 2670/2898/2898
f 2815/3043/3043 2153/2381/2381 3414/3642/3642
f 2817/3045/3045 3413/3641/3641 3415/3643/3643
f 2817/3045/3045 3729/3957/3957 1653/1881/1881
f 3416/3644/3644 2685/2913/2913 847/1075/1075
f 3416/3644/3644 3417/3645/3645 3031/3259/3259
f 3418/3646/3646 3031/3259/3259 3417/3645/3645
f 848/1076/1076 849/1077/1077 3417/3645/3645
f 3031/3259/3259 3421/3649/3649 3420/3648/3648
f 3421/3649/3649 3031/3259/3259 3418/3646/3646
f 3419/3647/3647 3420/3648/3648 2154/2382/2382
f 3419/3647/3647 3416/3644/3644 3031/3259/3259
f 3024/3252/3252 2154/2382/2382 3731/3959/3959
f 3421/3649/3649 3186/3414/3414 3420/3648/3648
f 3421/3649/3649 3422/3650/3650 3186/3414/3414
f 3422/3650/3650 3421/3649/3649 3732/3960/3960
f 3729/3957/3957 3186/3414/3414 4464/4692/4692
f 2979/3207/3207 3733/3961/3961 2981/3209/3209
f 3423/3651/3651 662/703/703 2687/2915/2915
f 3423/3651/3651 2690/2918/2918 661/702/702
f 3424/3652/3652 2691/2919/2919 591/605/605
f 3424/3652/3652 3425/3653/3653 3034/3262/3262
f 3426/3654/3654 3034/3262/3262 3425/3653/3653
f 592/606/606 593/607/607 3425/3653/3653
f 3428/3656/3656 3427/3655/3655 3034/3262/3262
f 3930/4158/4158 3755/3983/3983 3071/3299/3299
f 3427/3655/3655 3428/3656/3656 2160/2388/2388
f 3427/3655/3655 3424/3652/3652 3034/3262/3262
f 3890/4118/4118 3990/4218/4218 3989/4217/4217
f 3428/3656/3656 3034/3262/3262 3889/4117/4117
f 3429/3657/3657 3430/3658/3658 1452/1680/1680
f 3429/3657/3657 3431/3659/3659 3035/3263/3263
f 3430/3658/3658 1453/1681/1681 1452/1680/1680
f 4438/4666/4666 1442/1670/1670 3430/3658/3658
f 3892/4120/4120 3035/3263/3263 3891/4119/4119
f 3431/3659/3659 3432/3660/3660 3036/3264/3264
f 3432/3660/3660 3431/3659/3659 2693/2921/2921
f 3036/3264/3264 3432/3660/3660 3989/4217/4217
f 3433/3661/3661 3040/3268/3268 2697/2925/2925
f 3433/3661/3661 3434/3662/3662 3037/3265/3265
f 3434/3662/3662 3435/3663/3663 3037/3265/3265
f 2695/2923/2923 3434/3662/3662 2699/2927/2927
f 3436/3664/3664 3037/3265/3265 3435/3663/3663
f 3435/3663/3663 2695/2923/2923 2185/2413/2413
f 4371/4599/4599 3037/3265/3265 3436/3664/3664
f 3740/3968/3968 2200/2428/2428 3442/3670/3670
f 3437/3665/3665 3439/3667/3667 2703/2931/2931
f 3039/3267/3267 3437/3665/3665 3438/3666/3666
f 3741/3969/3969 3039/3267/3267 3440/3668/3668
f 3438/3666/3666 3739/3967/3967 3044/3272/3272
f 3439/3667/3667 1076/1304/1304 1077/1305/1305
f 3439/3667/3667 3437/3665/3665 3039/3267/3267
f 3742/3970/3970 3440/3668/3668 3743/3971/3971
f 3744/3972/3972 3440/3668/3668 3445/3673/3673
f 3737/3965/3965 2706/2934/2934 3442/3670/3670
f 3441/3669/3669 3047/3275/3275 3042/3270/3270
f 3436/3664/3664 3442/3670/3670 4371/4599/4599
f 3441/3669/3669 3042/3270/3270 3442/3670/3670
f 3045/3273/3273 2713/2941/2941 3443/3671/3671
f 3444/3672/3672 3046/3274/3274 3045/3273/3273
f 3444/3672/3672 3445/3673/3673 3044/3272/3272
f 3743/3971/3971 3440/3668/3668 3744/3972/3972
f 3438/3666/3666 3044/3272/3272 3445/3673/3673
f 3445/3673/3673 3039/3267/3267 3438/3666/3666
f 2744/2972/2972 3745/3973/3973 2746/2974/2974
f 3446/3674/3674 2250/2478/2478 2249/2477/2477
f 3448/3676/3676 3060/3288/3288 3893/4121/4121
f 3533/3761/3761 3750/3978/3978 1055/1283/1283
f 2737/2965/2965 2740/2968/2968 3456/3684/3684
f 3447/3675/3675 3452/3680/3680 3450/3678/3678
f 3449/3677/3677 3450/3678/3678 3061/3289/3289
f 3449/3677/3677 3451/3679/3679 3450/3678/3678
f 3058/3286/3286 3061/3289/3289 3450/3678/3678
f 3450/3678/3678 3452/3680/3680 3058/3286/3286
f 3447/3675/3675 3451/3679/3679 3453/3681/3681
f 3449/3677/3677 1057/1285/1285 3451/3679/3679
f 3448/3676/3676 3752/3980/3980 3746/3974/3974
f 3533/3761/3761 3133/3361/3361 3750/3978/3978
f 3447/3675/3675 3453/3681/3681 3748/3976/3976
f 1056/1284/1284 1055/1283/1283 3749/3977/3977
f 1059/1287/1287 1058/1286/1286 3454/3682/3682
f 1059/1287/1287 3454/3682/3682 3056/3284/3284
f 3064/3292/3292 2745/2973/2973 3992/4220/4220
f 3455/3683/3683 3456/3684/3684 3063/3291/3291
f 3991/4219/4219 3897/4125/4125 3992/4220/4220
f 3462/3690/3690 3458/3686/3686 3456/3684/3684
f 3797/4025/4025 3516/3744/3744 3514/3742/3742
f 3063/3291/3291 3456/3684/3684 3458/3686/3686
f 3461/3689/3689 3991/4219/4219 3458/3686/3686
f 3458/3686/3686 3462/3690/3690 3754/3982/3982
f 3901/4129/4129 3085/3313/3313 3898/4126/4126
f 4031/4259/4259 4029/4257/4257 3961/4189/4189
f 3466/3694/3694 3464/3692/3692 3457/3685/3685
f 3939/4167/4167 3753/3981/3981 3893/4121/4121
f 3458/3686/3686 3991/4219/4219 3063/3291/3291
f 3464/3692/3692 3998/4226/4226 3461/3689/3689
f 3458/3686/3686 3754/3982/3982 3457/3685/3685
f 3460/3688/3688 3462/3690/3690 3752/3980/3980
f 3900/4128/4128 3898/4126/4126 3751/3979/3979
f 3909/4137/4137 3904/4132/4132 3914/4142/4142
f 3461/3689/3689 3998/4226/4226 3459/3687/3687
f 4068/4296/4296 3463/3691/3691 3466/3694/3694
f 3914/4142/4142 3904/4132/4132 3916/4144/4144
f 3123/3351/3351 3504/3732/3732 3500/3728/3728
f 3466/3694/3694 3463/3691/3691 3464/3692/3692
f 3465/3693/3693 3466/3694/3694 3467/3695/3695
f 3799/4027/4027 3801/4029/4029 3508/3736/3736
f 3894/4122/4122 3058/3286/3286 3452/3680/3680
f 3468/3696/3696 3189/3417/3417 2254/2482/2482
f 3468/3696/3696 3469/3697/3697 2822/3050/3050
f 2822/3050/3050 3469/3697/3697 2825/3053/3053
f 3070/3298/3298 2913/3141/3141 3469/3697/3697
f 2760/2988/2988 2915/3143/3143 3470/3698/3698
f 3470/3698/3698 3471/3699/3699 2760/2988/2988
f 3472/3700/3700 3474/3702/3702 2760/2988/2988
f 3471/3699/3699 3070/3298/3298 3068/3296/3296
f 3472/3700/3700 3473/3701/3701 3073/3301/3301
f 2255/2483/2483 3472/3700/3700 3755/3983/3983
f 3473/3701/3701 3472/3700/3700 2255/2483/2483
f 2759/2987/2987 3073/3301/3301 3473/3701/3701
f 3474/3702/3702 3472/3700/3700 3073/3301/3301
f 3074/3302/3302 2760/2988/2988 3474/3702/3702
f 3475/3703/3703 3476/3704/3704 2256/2484/2484
f 3475/3703/3703 3477/3705/3705 3075/3303/3303
f 3476/3704/3704 3093/3321/3321 2256/2484/2484
f 3476/3704/3704 3075/3303/3303 3096/3324/3324
f 3479/3707/3707 3478/3706/3706 3075/3303/3303
f 3477/3705/3705 2761/2989/2989 590/604/604
f 2724/2952/2952 3478/3706/3706 3479/3707/3707
f 3478/3706/3706 3096/3324/3324 3075/3303/3303
f 589/603/603 2724/2952/2952 3479/3707/3707
f 3477/3705/3705 589/603/603 3479/3707/3707
f 3480/3708/3708 3076/3304/3304 1587/1815/1815
f 3480/3708/3708 3079/3307/3307 3077/3305/3305
f 3481/3709/3709 3085/3313/3313 3078/3306/3306
f 3481/3709/3709 3094/3322/3322 3090/3318/3318
f 3482/3710/3710 3100/3328/3328 1588/1816/1816
f 3482/3710/3710 3103/3331/3331 3101/3329/3329
f 3487/3715/3715 3486/3714/3714 3759/3987/3987
f 3485/3713/3713 1588/1816/1816 3114/3342/3342
f 3111/3339/3339 440/448/448 3484/3712/3712
f 3484/3712/3712 3112/3340/3340 3111/3339/3339
f 3488/3716/3716 3483/3711/3711 3105/3333/3333
f 3487/3715/3715 3759/3987/3987 3488/3716/3716
f 3483/3711/3711 3763/3991/3991 3109/3337/3337
f 3777/4005/4005 3772/4000/4000 3762/3990/3990
f 3487/3715/3715 3488/3716/3716 3485/3713/3713
f 4392/4620/4620 3486/3714/3714 3487/3715/3715
f 3488/3716/3716 3105/3333/3333 3485/3713/3713
f 3488/3716/3716 3759/3987/3987 3763/3991/3991
f 3486/3714/3714 3771/3999/3999 3760/3988/3988
f 3783/4011/4011 3777/4005/4005 3784/4012/4012
f 3765/3993/3993 3766/3994/3994 3764/3992/3992
f 3759/3987/3987 3486/3714/3714 3760/3988/3988
f 2261/2489/2489 3491/3719/3719 3492/3720/3720
f 2768/2996/2996 3115/3343/3343 3491/3719/3719
f 3756/3984/3984 4394/4622/4622 3489/3717/3717
f 3936/4164/4164 3933/4161/4161 2769/2997/2997
f 3493/3721/3721 3933/4161/4161 3492/3720/3720
f 3493/3721/3721 3116/3344/3344 2769/2997/2997
f 3494/3722/3722 3119/3347/3347 1589/1817/1817
f 3494/3722/3722 3122/3350/3350 3120/3348/3348
f 3495/3723/3723 3122/3350/3350 3124/3352/3352
f 3495/3723/3723 3129/3357/3357 3121/3349/3349
f 3516/3744/3744 3526/3754/3754 3524/3752/3752
f 3529/3757/3757 3528/3756/3756 3531/3759/3759
f 3497/3725/3725 3132/3360/3360 1052/1280/1280
f 3497/3725/3725 2772/3000/3000 3131/3359/3359
f 3131/3359/3359 2772/3000/3000 3498/3726/3726
f 3132/3360/3360 3131/3359/3359 3499/3727/3727
f 3499/3727/3727 3500/3728/3728 2773/3001/3001
f 3500/3728/3728 3499/3727/3727 4463/4691/4691
f 3506/3734/3734 3503/3731/3731 3501/3729/3729
f 3503/3731/3731 2773/3001/3001 3500/3728/3728
f 3501/3729/3729 3793/4021/4021 3506/3734/3734
f 3502/3730/3730 3796/4024/4024 4009/4237/4237
f 3795/4023/4023 3794/4022/4022 3793/4021/4021
f 3510/3738/3738 3505/3733/3733 3126/3354/3354
f 3503/3731/3731 3506/3734/3734 2773/3001/3001
f 3503/3731/3731 3507/3735/3735 3501/3729/3729
f 3504/3732/3732 3503/3731/3731 3500/3728/3728
f 3504/3732/3732 3505/3733/3733 3502/3730/3730
f 3509/3737/3737 3511/3739/3739 3510/3738/3738
f 3127/3355/3355 3126/3354/3354 3789/4017/4017
f 2773/3001/3001 3790/4018/4018 3132/3360/3360
f 3133/3361/3361 3506/3734/3734 3793/4021/4021
f 3937/4165/4165 3501/3729/3729 4009/4237/4237
f 3507/3735/3735 3504/3732/3732 3502/3730/3730
f 3522/3750/3750 4398/4626/4626 3521/3749/3749
f 3768/3996/3996 3775/4003/4003 3773/4001/4001
f 3522/3750/3750 3520/3748/3748 3517/3745/3745
f 3520/3748/3748 3527/3755/3755 3519/3747/3747
f 3505/3733/3733 3513/3741/3741 3502/3730/3730
f 3510/3738/3738 3514/3742/3742 3515/3743/3743
f 3511/3739/3739 3796/4024/4024 3513/3741/3741
f 3798/4026/4026 3799/4027/4027 3511/3739/3739
f 3514/3742/3742 3512/3740/3740 3515/3743/3743
f 3516/3744/3744 3524/3752/3752 3512/3740/3740
f 3513/3741/3741 3796/4024/4024 3502/3730/3730
f 3513/3741/3741 3510/3738/3738 3511/3739/3739
f 3510/3738/3738 3515/3743/3743 3509/3737/3737
f 3514/3742/3742 3516/3744/3744 3512/3740/3740
f 3515/3743/3743 3520/3748/3748 3509/3737/3737
f 3512/3740/3740 3527/3755/3755 3515/3743/3743
f 3524/3752/3752 3518/3746/3746 3525/3753/3753
f 3129/3357/3357 3128/3356/3356 3797/4025/4025
f 3798/4026/4026 3511/3739/3739 3509/3737/3737
f 3771/3999/3999 3772/4000/4000 3770/3998/3998
f 3107/3335/3335 3529/3757/3757 3108/3336/3336
f 3528/3756/3756 3526/3754/3754 3496/3724/3724
f 3765/3993/3993 3761/3989/3989 3766/3994/3994
f 3525/3753/3753 3512/3740/3740 3524/3752/3752
f 3798/4026/4026 3509/3737/3737 3522/3750/3750
f 3520/3748/3748 3519/3747/3747 3517/3745/3745
f 4435/4663/4663 3803/4031/4031 3801/4029/4029
f 3917/4145/4145 3463/3691/3691 3916/4144/4144
f 3522/3750/3750 3509/3737/3737 3520/3748/3748
f 4398/4626/4626 3522/3750/3750 4397/4625/4625
f 4399/4627/4627 3803/4031/4031 4435/4663/4663
f 4181/4409/4409 4448/4676/4676 4433/4661/4661
f 3525/3753/3753 3527/3755/3755 3512/3740/3740
f 3518/3746/3746 3524/3752/3752 3526/3754/3754
f 3519/3747/3747 3525/3753/3753 3775/4003/4003
f 3525/3753/3753 3518/3746/3746 3107/3335/3335
f 3526/3754/3754 3528/3756/3756 3518/3746/3746
f 3526/3754/3754 3787/4015/4015 3496/3724/3724
f 3527/3755/3755 3520/3748/3748 3515/3743/3743
f 3527/3755/3755 3525/3753/3753 3519/3747/3747
f 3529/3757/3757 3518/3746/3746 3528/3756/3756
f 3530/3758/3758 3531/3759/3759 3528/3756/3756
f 3529/3757/3757 3107/3335/3335 3518/3746/3746
f 3529/3757/3757 3531/3759/3759 3104/3332/3332
f 3530/3758/3758 2774/3002/3002 3137/3365/3365
f 3528/3756/3756 3496/3724/3724 3530/3758/3758
f 3531/3759/3759 4358/4586/4586 3104/3332/3332
f 3531/3759/3759 3532/3760/3760 3140/3368/3368
f 3532/3760/3760 2775/3003/3003 3140/3368/3368
f 3532/3760/3760 3530/3758/3758 3137/3365/3365
f 3749/3977/3977 1055/1283/1283 3750/3978/3978
f 3133/3361/3361 3791/4019/4019 3506/3734/3734
f 3124/3352/3352 3535/3763/3763 3130/3358/3358
f 3534/3762/3762 1605/1833/1833 3136/3364/3364
f 3787/4015/4015 3130/3358/3358 3788/4016/4016
f 3535/3763/3763 4357/4585/4585 2774/3002/3002
f 3536/3764/3764 3138/3366/3366 2775/3003/3003
f 3536/3764/3764 3134/3362/3362 2270/2498/2498
f 3140/3368/3368 3139/3367/3367 3537/3765/3765
f 3537/3765/3765 4358/4586/4586 3140/3368/3368
f 3538/3766/3766 3141/3369/3369 1635/1863/1863
f 3538/3766/3766 3144/3372/3372 3142/3370/3370
f 3146/3374/3374 3542/3770/3770 3821/4049/4049
f 3543/3771/3771 3541/3769/3769 3542/3770/3770
f 3542/3770/3770 3540/3768/3768 3545/3773/3773
f 3836/4064/4064 3169/3397/3397 4024/4252/4252
f 3704/3932/3932 3697/3925/3925 3695/3923/3923
f 3544/3772/3772 3819/4047/4047 3820/4048/4048
f 3144/3372/3372 3146/3374/3374 3821/4049/4049
f 3540/3768/3768 3542/3770/3770 4011/4239/4239
f 3543/3771/3771 3542/3770/3770 3539/3767/3767
f 3543/3771/3771 3544/3772/3772 3541/3769/3769
f 3557/3785/3785 3556/3784/3784 3554/3782/3782
f 3816/4044/4044 3815/4043/4043 2305/2533/2533
f 3143/3371/3371 3822/4050/4050 4359/4587/4587
f 4023/4251/4251 3162/3390/3390 3163/3391/3391
f 3546/3774/3774 1136/1364/1364 1137/1365/1365
f 3546/3774/3774 3547/3775/3775 3152/3380/3380
f 3823/4051/4051 3152/3380/3380 3548/3776/3776
f 3547/3775/3775 3153/3381/3381 2304/2532/2532
f 3548/3776/3776 3948/4176/4176 3183/3411/3411
f 3548/3776/3776 3547/3775/3775 4019/4247/4247
f 3552/3780/3780 3945/4173/4173 3549/3777/3777
f 3551/3779/3779 2610/2838/2838 2109/2337/2337
f 3816/4044/4044 3818/4046/4046 3819/4047/4047
f 3561/3789/3789 3558/3786/3786 3560/3788/3788
f 3549/3777/3777 3004/3232/3232 3551/3779/3779
f 3551/3779/3779 3552/3780/3780 3549/3777/3777
f 3549/3777/3777 3945/4173/4173 3157/3385/3385
f 3550/3778/3778 3552/3780/3780 3553/3781/3781
f 3157/3385/3385 3818/4046/4046 3816/4044/4044
f 3555/3783/3783 3553/3781/3781 4374/4602/4602
f 3829/4057/4057 3830/4058/4058 3560/3788/3788
f 3550/3778/3778 3553/3781/3781 3556/3784/3784
f 3553/3781/3781 3558/3786/3786 3556/3784/3784
f 3558/3786/3786 3553/3781/3781 3555/3783/3783
f 3550/3778/3778 3556/3784/3784 3942/4170/4170
f 3554/3782/3782 3556/3784/3784 3558/3786/3786
f 3942/4170/4170 3940/4168/4168 3818/4046/4046
f 4048/4276/4276 4046/4274/4274 3972/4200/4200
f 3558/3786/3786 3561/3789/3789 3554/3782/3782
f 3555/3783/3783 3560/3788/3788 3558/3786/3786
f 3561/3789/3789 3559/3787/3787 3563/3791/3791
f 3565/3793/3793 3563/3791/3791 3559/3787/3787
f 3560/3788/3788 3828/4056/4056 3559/3787/3787
f 3829/4057/4057 4373/4601/4601 2608/2836/2836
f 3563/3791/3791 4441/4669/4669 3561/3789/3789
f 3561/3789/3789 3560/3788/3788 3559/3787/3787
f 4440/4668/4668 3944/4172/4172 3557/3785/3785
f 3557/3785/3785 3944/4172/4172 3943/4171/4171
f 3561/3789/3789 4441/4669/4669 3554/3782/3782
f 4046/4274/4274 3562/3790/3790 3565/3793/3793
f 3347/3575/3575 3874/4102/4102 3872/4100/4100
f 3950/4178/4178 3566/3794/3794 3951/4179/4179
f 3565/3793/3793 3562/3790/3790 3563/3791/3791
f 3950/4178/4178 3565/3793/3793 3949/4177/4177
f 3564/3792/3792 3950/4178/4178 3951/4179/4179
f 3828/4056/4056 1406/1634/1634 3952/4180/4180
f 3832/4060/4060 3831/4059/4059 3567/3795/3795
f 3833/4061/4061 3837/4065/4065 3567/3795/3795
f 3206/3434/3434 3577/3805/3805 3583/3811/3811
f 3590/3818/3818 3585/3813/3813 3587/3815/3815
f 2912/3140/3140 2834/3062/3062 3569/3797/3797
f 3569/3797/3797 1654/1882/1882 2912/3140/3140
f 3570/3798/3798 3192/3420/3420 1655/1883/1883
f 3570/3798/3798 3195/3423/3423 3193/3421/3421
f 3571/3799/3799 2348/2576/2576 2347/2575/2575
f 3571/3799/3799 3570/3798/3798 1655/1883/1883
f 3576/3804/3804 3201/3429/3429 3578/3806/3806
f 3839/4067/4067 3571/3799/3799 2347/2575/2575
f 3573/3801/3801 2333/2561/2561 2845/3073/3073
f 3573/3801/3801 2837/3065/3065 3204/3432/3432
f 3574/3802/3802 3575/3803/3803 2840/3068/3068
f 3574/3802/3802 3577/3805/3805 3206/3434/3434
f 3575/3803/3803 2841/3069/3069 2840/3068/3068
f 2844/3072/3072 3575/3803/3803 3576/3804/3804
f 3576/3804/3804 3578/3806/3806 2844/3072/3072
f 4229/4457/4457 3201/3429/3429 3580/3808/3808
f 3583/3811/3811 3581/3809/3809 3580/3808/3808
f 3577/3805/3805 2845/3073/3073 3568/3796/3796
f 2349/2577/2577 2844/3072/3072 3840/4068/4068
f 3578/3806/3806 3201/3429/3429 3572/3800/3800
f 4138/4366/4366 3401/3629/3629 4142/4370/4370
f 3579/3807/3807 4226/4454/4454 4194/4422/4422
f 3580/3808/3808 3201/3429/3429 3576/3804/3804
f 3579/3807/3807 3580/3808/3808 3581/3809/3809
f 3584/3812/3812 3591/3819/3819 3586/3814/3814
f 3577/3805/3805 3568/3796/3796 3582/3810/3810
f 3582/3810/3810 3586/3814/3814 3581/3809/3809
f 3582/3810/3810 3568/3796/3796 3587/3815/3815
f 3583/3811/3811 3580/3808/3808 3206/3434/3434
f 3583/3811/3811 3582/3810/3810 3581/3809/3809
f 4130/4358/4358 3401/3629/3629 4138/4366/4366
f 3585/3813/3813 3597/3825/3825 3594/3822/3822
f 3589/3817/3817 3582/3810/3810 3587/3815/3815
f 3594/3822/3822 3589/3817/3817 3585/3813/3813
f 3588/3816/3816 4226/4454/4454 4253/4481/4481
f 3586/3814/3814 3589/3817/3817 3584/3812/3812
f 3582/3810/3810 3589/3817/3817 3586/3814/3814
f 3841/4069/4069 3585/3813/3813 3590/3818/3818
f 4196/4424/4424 4227/4455/4455 4197/4425/4425
f 3975/4203/4203 4130/4358/4358 4129/4357/4357
f 3594/3822/3822 4375/4603/4603 3589/3817/3817
f 3589/3817/3817 3587/3815/3815 3585/3813/3813
f 3842/4070/4070 1652/1880/1880 3590/3818/3818
f 3838/4066/4066 3842/4070/4070 3590/3818/3818
f 3586/3814/3814 4253/4481/4481 3581/3809/3809
f 4193/4421/4421 3588/3816/3816 3595/3823/3823
f 3591/3819/3819 3584/3812/3812 3595/3823/3823
f 3827/4055/4055 4092/4320/4320 4090/4318/4318
f 3709/3937/3937 3712/3940/3940 3711/3939/3939
f 3554/3782/3782 4440/4668/4668 3557/3785/3785
f 3589/3817/3817 4375/4603/4603 3584/3812/3812
f 3592/3820/3820 3594/3822/3822 3597/3825/3825
f 3595/3823/3823 3588/3816/3816 3591/3819/3819
f 3593/3821/3821 3595/3823/3823 3596/3824/3824
f 4247/4475/4475 4246/4474/4474 4264/4492/4492
f 4013/4241/4241 3545/3773/3773 4012/4240/4240
f 3826/4054/4054 3825/4053/4053 4443/4671/4671
f 4436/4664/4664 2334/2562/2562 3825/4053/4053
f 3209/3437/3437 3599/3827/3827 2372/2600/2600
f 1687/1915/1915 2861/3089/3089 3598/3826/3826
f 2372/2600/2600 3844/4072/4072 3601/3829/3829
f 3598/3826/3826 2861/3089/3089 3599/3827/3827
f 3600/3828/3828 3602/3830/3830 2856/3084/3084
f 3605/3833/3833 3210/3438/3438 3606/3834/3834
f 3603/3831/3831 3221/3449/3449 3604/3832/3832
f 3844/4072/4072 3599/3827/3827 2861/3089/3089
f 3602/3830/3830 763/873/873 762/874/874
f 3602/3830/3830 3600/3828/3828 3210/3438/3438
f 3215/3443/3443 1688/1916/1916 3603/3831/3831
f 3603/3831/3831 3604/3832/3832 3215/3443/3443
f 2861/3089/3089 3846/4074/4074 3844/4072/4072
f 3845/4073/4073 3604/3832/3832 3843/4071/4071
f 3606/3834/3834 3843/4071/4071 3223/3451/3451
f 3605/3833/3833 763/873/873 3210/3438/3438
f 3600/3828/3828 3601/3829/3829 3606/3834/3834
f 3606/3834/3834 3210/3438/3438 3600/3828/3828
f 3228/3456/3456 2389/2617/2617 3607/3835/3835
f 3607/3835/3835 3209/3437/3437 3228/3456/3456
f 2764/2992/2992 3609/3837/3837 595/609/609
f 3608/3836/3836 3239/3467/3467 3229/3457/3457
f 3609/3837/3837 394/394/394 595/609/609
f 3608/3836/3836 3229/3457/3457 3609/3837/3837
f 3610/3838/3838 3230/3458/3458 1769/1997/1997
f 3610/3838/3838 3233/3461/3461 3231/3459/3459
f 3614/3842/3842 3618/3846/3846 3235/3463/3463
f 3615/3843/3843 3613/3841/3841 3614/3842/3842
f 3612/3840/3840 3618/3846/3846 3614/3842/3842
f 3618/3846/3846 3612/3840/3840 3624/3852/3852
f 4065/4293/4293 3993/4221/4221 3617/3845/3845
f 4152/4380/4380 3616/3844/3844 3237/3465/3465
f 3235/3463/3463 3618/3846/3846 3232/3460/3460
f 3614/3842/3842 3613/3841/3841 3612/3840/3840
f 3615/3843/3843 3614/3842/3842 3611/3839/3839
f 3615/3843/3843 3616/3844/3844 3613/3841/3841
f 3616/3844/3844 3960/4188/4188 3613/3841/3841
f 3616/3844/3844 2891/3119/3119 3237/3465/3465
f 3848/4076/4076 3625/3853/3853 3612/3840/3840
f 3625/3853/3853 3624/3852/3852 3612/3840/3840
f 3620/3848/3848 3621/3849/3849 3232/3460/3460
f 3620/3848/3848 3624/3852/3852 3626/3854/3854
f 4037/4265/4265 4035/4263/4263 3633/3861/3861
f 3630/3858/3858 3632/3860/3860 3640/3868/3868
f 3233/3461/3461 3232/3460/3460 3621/3849/3849
f 3619/3847/3847 3620/3848/3848 3626/3854/3854
f 3234/3462/3462 3628/3856/3856 3629/3857/3857
f 3620/3848/3848 3619/3847/3847 3621/3849/3849
f 3626/3854/3854 3622/3850/3850 3627/3855/3855
f 3964/4192/4192 3852/4080/4080 3966/4194/4194
f 4384/4612/4612 3639/3867/3867 3638/3866/3866
f 3630/3858/3858 3628/3856/3856 3621/3849/3849
f 3624/3852/3852 3620/3848/3848 3618/3846/3846
f 3624/3852/3852 3625/3853/3853 3622/3850/3850
f 3622/3850/3850 3962/4190/4190 4034/4262/4262
f 3902/4130/4130 3899/4127/4127 3903/4131/4131
f 3626/3854/3854 3627/3855/3855 3619/3847/3847
f 3626/3854/3854 3624/3852/3852 3622/3850/3850
f 3647/3875/3875 3645/3873/3873 3850/4078/4078
f 3245/3473/3473 3851/4079/4079 2425/2653/2653
f 4360/4588/4588 3234/3462/3462 3629/3857/3857
f 3628/3856/3856 3630/3858/3858 3623/3851/3851
f 4376/4604/4604 4377/4605/4605 2899/3127/3127
f 3629/3857/3857 4382/4610/4610 4381/4609/4609
f 3639/3867/3867 3631/3859/3859 3638/3866/3866
f 3630/3858/3858 3621/3849/3849 3619/3847/3847
f 3852/4080/4080 3245/3473/3473 4386/4614/4614
f 3632/3860/3860 3630/3858/3858 3619/3847/3847
f 3631/3859/3859 4037/4265/4265 3633/3861/3861
f 3632/3860/3860 3619/3847/3847 4037/4265/4265
f 3633/3861/3861 4385/4613/4613 3631/3859/3859
f 3850/4078/4078 2425/2653/2653 3647/3875/3875
f 3634/3862/3862 3241/3469/3469 1188/1416/1416
f 3634/3862/3862 3635/3863/3863 3240/3468/3468
f 3240/3468/3468 3635/3863/3863 4384/4612/4612
f 3635/3863/3863 1189/1417/1417 2901/3129/3129
f 3636/3864/3864 3245/3473/3473 2894/3122/3122
f 3636/3864/3864 3637/3865/3865 2893/3121/3121
f 4385/4613/4613 2893/3121/3121 3638/3866/3866
f 3637/3865/3865 3634/3862/3862 3240/3468/3468
f 3632/3860/3860 3631/3859/3859 3640/3868/3868
f 3637/3865/3865 3240/3468/3468 3638/3866/3866
f 3623/3851/3851 4383/4611/4611 4382/4610/4610
f 4383/4611/4611 3639/3867/3867 4384/4612/4612
f 3640/3868/3868 3623/3851/3851 3630/3858/3858
f 3640/3868/3868 3631/3859/3859 3639/3867/3867
f 3641/3869/3869 3246/3474/3474 1184/1412/1412
f 3641/3869/3869 2895/3123/3123 3243/3471/3471
f 3243/3471/3471 2895/3123/3123 3642/3870/3870
f 3246/3474/3474 3243/3471/3471 3643/3871/3871
f 2896/3124/3124 3643/3871/3871 3645/3873/3873
f 3643/3871/3871 3642/3870/3870 3850/4078/4078
f 3667/3895/3895 3858/4086/4086 2896/3124/3124
f 3664/3892/3892 3861/4089/4089 4043/4271/4271
f 3859/4087/4087 2896/3124/3124 3648/3876/3876
f 3853/4081/4081 3644/3872/3872 3645/3873/3873
f 3668/3896/3896 3292/3520/3520 3669/3897/3897
f 3970/4198/4198 4040/4268/4268 4101/4329/4329
f 3652/3880/3880 3853/4081/4081 3653/3881/3881
f 3647/3875/3875 2425/2653/2653 3851/4079/4079
f 3648/3876/3876 2896/3124/3124 3645/3873/3873
f 3650/3878/3878 4045/4273/4273 3648/3876/3876
f 3915/4143/4143 3910/4138/4138 3911/4139/4139
f 3622/3850/3850 3625/3853/3853 3962/4190/4190
f 3648/3876/3876 4045/4273/4273 3646/3874/3874
f 3652/3880/3880 4182/4410/4410 3650/3878/3878
f 3912/4140/4140 3921/4149/4149 3915/4143/4143
f 3966/4194/4194 3852/4080/4080 3633/3861/3861
f 3650/3878/3878 4182/4410/4410 3649/3877/3877
f 3651/3879/3879 3652/3880/3880 3653/3881/3881
f 4182/4410/4410 3652/3880/3880 3651/3879/3879
f 3245/3473/3473 3852/4080/4080 3851/4079/4079
f 3654/3882/3882 3655/3883/3883 2922/3150/3150
f 3256/3484/3484 4387/4615/4615 3253/3481/3481
f 3655/3883/3883 1179/1407/1407 1180/1408/1408
f 3655/3883/3883 3654/3882/3882 3256/3484/3484
f 3262/3490/3490 2921/3149/3149 3656/3884/3884
f 3656/3884/3884 3255/3483/3483 3262/3490/3490
f 3967/4195/4195 3854/4082/4082 3294/3522/3522
f 3294/3522/3522 3854/4082/4082 2928/3156/3156
f 3658/3886/3886 3268/3496/3496 3255/3483/3483
f 3658/3886/3886 3258/3486/3486 3270/3498/3498
f 3659/3887/3887 3660/3888/3888 2466/2694/2694
f 3659/3887/3887 3274/3502/3502 3271/3499/3499
f 3660/3888/3888 2930/3158/3158 2466/2694/2694
f 3660/3888/3888 3661/3889/3889 2931/3159/3159
f 3657/3885/3885 2931/3159/3159 3661/3889/3889
f 3661/3889/3889 3267/3495/3495 3657/3885/3885
f 3662/3890/3890 3663/3891/3891 3276/3504/3504
f 3662/3890/3890 3278/3506/3506 3279/3507/3507
f 3276/3504/3504 3932/4160/4160 3272/3500/3500
f 3663/3891/3891 3288/3516/3516 3286/3514/3514
f 3855/4083/4083 3664/3892/3892 3856/4084/4084
f 3859/4087/4087 3646/3874/3874 3860/4088/4088
f 3665/3893/3893 2922/3150/3150 1181/1409/1409
f 3665/3893/3893 3666/3894/3894 3292/3520/3520
f 3667/3895/3895 3292/3520/3520 3666/3894/3894
f 1182/1410/1410 1183/1411/1411 3666/3894/3894
f 3292/3520/3520 3860/4088/4088 3669/3897/3897
f 3667/3895/3895 3859/4087/4087 3860/4088/4088
f 3668/3896/3896 3669/3897/3897 2443/2671/2671
f 3668/3896/3896 3665/3893/3893 3292/3520/3520
f 2443/2671/2671 3862/4090/4090 3260/3488/3488
f 3861/4089/4089 3669/3897/3897 3860/4088/4088
f 3670/3898/3898 2924/3152/3152 2451/2679/2679
f 3670/3898/3898 3671/3899/3899 3293/3521/3521
f 3674/3902/3902 3293/3521/3521 3671/3899/3899
f 3671/3899/3899 3673/3901/3901 3675/3903/3903
f 3671/3899/3899 1809/2037/2037 3672/3900/3900
f 3672/3900/3900 3673/3901/3901 3671/3899/3899
f 3674/3902/3902 3671/3899/3899 3675/3903/3903
f 1296/1524/1524 3673/3901/3901 3864/4092/4092
f 3674/3902/3902 3316/3544/3544 3293/3521/3521
f 3318/3546/3546 3674/3902/3902 3675/3903/3903
f 3676/3904/3904 3318/3546/3546 3675/3903/3903
f 3866/4094/4094 3678/3906/3906 3676/3904/3904
f 3676/3904/3904 3677/3905/3905 3318/3546/3546
f 3678/3906/3906 2020/2248/2248 2014/2242/2242
f 3318/3546/3546 3677/3905/3905 4366/4594/4594
f 3677/3905/3905 2014/2242/2242 2981/3209/3209
f 2019/2247/2247 3865/4093/4093 1304/1532/1532
f 3865/4093/4093 3678/3906/3906 3866/4094/4094
f 3679/3907/3907 3304/3532/3532 2938/3166/3166
f 3679/3907/3907 3680/3908/3908 3299/3527/3527
f 3680/3908/3908 3681/3909/3909 3299/3527/3527
f 2935/3163/3163 3680/3908/3908 2940/3168/3168
f 3682/3910/3910 3867/4095/4095 3299/3527/3527
f 3681/3909/3909 2935/3163/3163 2481/2709/2709
f 3868/4096/4096 2951/3179/3179 3682/3910/3910
f 3298/3526/3526 3868/4096/4096 3870/4098/4098
f 2934/3162/3162 2941/3169/3169 3683/3911/3911
f 3683/3911/3911 3298/3526/3526 2934/3162/3162
f 3684/3912/3912 3685/3913/3913 3308/3536/3536
f 3686/3914/3914 2534/2762/2762 2967/3195/3195
f 3311/3539/3539 3308/3536/3536 3685/3913/3913
f 3311/3539/3539 3688/3916/3916 3310/3538/3538
f 3686/3914/3914 2958/3186/3186 2534/2762/2762
f 3686/3914/3914 3685/3913/3913 3684/3912/3912
f 3685/3913/3913 2967/3195/3195 3687/3915/3915
f 3687/3915/3915 3688/3916/3916 3685/3913/3913
f 3688/3916/3916 3311/3539/3539 3685/3913/3913
f 761/829/829 3310/3538/3538 3871/4099/4099
f 3689/3917/3917 2953/3181/3181 2949/3177/3177
f 3689/3917/3917 2956/3184/3184 2954/3182/3182
f 3322/3550/3550 4388/4616/4616 2046/2274/2274
f 3690/3918/3918 2047/2275/2275 3331/3559/3559
f 3691/3919/3919 2990/3218/3218 1348/1576/1576
f 3691/3919/3919 2088/2316/2316 3344/3572/3572
f 2628/2856/2856 3692/3920/3920 2611/2839/2839
f 3692/3920/3920 3872/4100/4100 2110/2338/2338
f 3880/4108/4108 2615/2843/2843 3974/4202/4202
f 3876/4104/4104 3693/3921/3921 3874/4102/4102
f 3354/3582/3582 3694/3922/3922 3697/3925/3925
f 3697/3925/3925 3698/3926/3926 3701/3929/3929
f 4109/4337/4337 3697/3925/3925 3704/3932/3932
f 3882/4110/4110 4111/4339/4339 3975/4203/4203
f 3707/3935/3935 3702/3930/3930 3701/3929/3929
f 3706/3934/3934 3707/3935/3935 3696/3924/3924
f 4057/4285/4285 3351/3579/3579 4109/4337/4337
f 3697/3925/3925 3701/3929/3929 3695/3923/3923
f 3698/3926/3926 3697/3925/3925 3694/3922/3922
f 3696/3924/3924 3698/3926/3926 3699/3927/3927
f 3699/3927/3927 3706/3934/3934 3696/3924/3924
f 3013/3241/3241 3359/3587/3587 3699/3927/3927
f 3351/3579/3579 4052/4280/4280 4051/4279/4279
f 3941/4169/4169 4010/4238/4238 4075/4303/4303
f 3701/3929/3929 3702/3930/3930 3695/3923/3923
f 3701/3929/3929 3698/3926/3926 3696/3924/3924
f 3704/3932/3932 4247/4475/4475 3700/3928/3928
f 3882/4110/4110 4115/4343/4343 4111/4339/4339
f 4200/4428/4428 3711/3939/3939 3707/3935/3935
f 3713/3941/3941 3710/3938/3938 3708/3936/3936
f 3697/3925/3925 4109/4337/4337 3354/3582/3582
f 3700/3928/3928 4247/4475/4475 3705/3933/3933
f 3557/3785/3785 3943/4171/4171 3940/4168/4168
f 3392/3620/3620 3975/4203/4203 3394/3622/3622
f 3701/3929/3929 3696/3924/3924 3707/3935/3935
f 3706/3934/3934 3708/3936/3936 3703/3931/3931
f 3707/3935/3935 3711/3939/3939 3702/3930/3930
f 3706/3934/3934 3703/3931/3931 3707/3935/3935
f 3703/3931/3931 3708/3936/3936 3710/3938/3938
f 3708/3936/3936 3699/3927/3927 3359/3587/3587
f 4189/4417/4417 4236/4464/4464 4274/4502/4502
f 4150/4378/4378 4151/4379/4379 4063/4291/4291
f 4135/4363/4363 4149/4377/4377 4147/4375/4375
f 4116/4344/4344 4114/4342/4342 4117/4345/4345
f 3702/3930/3930 3711/3939/3939 4245/4473/4473
f 3709/3937/3937 3711/3939/3939 4200/4428/4428
f 4079/4307/4307 4213/4441/4441 4083/4311/4311
f 4111/4339/4339 4112/4340/4340 3975/4203/4203
f 3713/3941/3941 3714/3942/3942 3710/3938/3938
f 3714/3942/3942 3713/3941/3941 3716/3944/3944
f 3714/3942/3942 4199/4427/4427 3710/3938/3938
f 3715/3943/3943 3407/3635/3635 3408/3636/3636
f 3715/3943/3943 2636/2864/2864 2138/2366/2366
f 2633/2861/2861 3715/3943/3943 3716/3944/3944
f 3716/3944/3944 2635/2863/2863 2633/2861/2861
f 3713/3941/3941 3359/3587/3587 3716/3944/3944
f 4186/4414/4414 3980/4208/4208 4185/4413/4413
f 3365/3593/3593 3977/4205/4205 3976/4204/4204
f 3374/3602/3602 4369/4597/4597 3384/3612/3612
f 3718/3946/3946 3203/3431/3431 2828/3056/3056
f 3719/3947/3947 3360/3588/3588 830/1037/1037
f 3719/3947/3947 3203/3431/3431 3378/3606/3606
f 3392/3620/3620 3720/3948/3948 4368/4596/4596
f 3720/3948/3948 3393/3621/3621 3385/3613/3613
f 3885/4113/4113 3988/4216/4216 3987/4215/4215
f 3411/3639/3639 3409/3637/3637 3723/3951/3951
f 3722/3950/3950 3723/3951/3951 1424/1652/1652
f 3722/3950/3950 3410/3638/3638 3411/3639/3639
f 3020/3248/3248 1424/1652/1652 3886/4114/4114
f 3721/3949/3949 3723/3951/3951 3409/3637/3637
f 3724/3952/3952 3725/3953/3953 3022/3250/3250
f 3367/3595/3595 3364/3592/3592 3726/3954/3954
f 3727/3955/3955 4389/4617/4617 3725/3953/3953
f 3717/3945/3945 3725/3953/3953 3883/4111/4111
f 3726/3954/3954 3412/3640/3640 2651/2879/2879
f 3726/3954/3954 3364/3592/3592 3724/3952/3952
f 3409/3637/3637 3985/4213/4213 3983/4211/4211
f 3727/3955/3955 3725/3953/3953 4064/4292/4292
f 3728/3956/3956 1425/1653/1653 2651/2879/2879
f 1430/1658/1658 3728/3956/3956 2646/2874/2874
f 2979/3207/3207 1653/1881/1881 4464/4692/4692
f 3415/3643/3643 3186/3414/3414 3729/3957/3957
f 3417/3645/3645 849/1077/1077 3730/3958/3958
f 3730/3958/3958 3418/3646/3646 3417/3645/3645
f 3731/3959/3959 3186/3414/3414 3415/3643/3643
f 3731/3959/3959 2154/2382/2382 3420/3648/3648
f 2561/2789/2789 3317/3545/3545 3732/3960/3960
f 3732/3960/3960 3418/3646/3646 2561/2789/2789
f 3422/3650/3650 3317/3545/3545 3733/3961/3961
f 3422/3650/3650 3733/3961/3961 4464/4692/4692
f 3425/3653/3653 593/607/607 3734/3962/3962
f 3734/3962/3962 3426/3654/3654 3425/3653/3653
f 3426/3654/3654 2255/2483/2483 3888/4116/4116
f 3888/4116/4116 3735/3963/3963 3889/4117/4117
f 3431/3659/3659 3891/4119/4119 3035/3263/3263
f 3736/3964/3964 3032/3260/3260 2689/2917/2917
f 3038/3266/3266 2702/2930/2930 3738/3966/3966
f 3737/3965/3965 3442/3670/3670 3436/3664/3664
f 3435/3663/3663 2185/2413/2413 3738/3966/3966
f 3738/3966/3966 3436/3664/3664 3435/3663/3663
f 3739/3967/3967 3047/3275/3275 3044/3272/3272
f 3739/3967/3967 3740/3968/3968 3042/3270/3270
f 3740/3968/3968 3442/3670/3670 3042/3270/3270
f 3740/3968/3968 3437/3665/3665 2200/2428/2428
f 3741/3969/3969 3439/3667/3667 3039/3267/3267
f 3741/3969/3969 3742/3970/3970 1076/1304/1304
f 3742/3970/3970 3743/3971/3971 1075/1303/1303
f 3742/3970/3970 3741/3969/3969 3440/3668/3668
f 2723/2951/2951 1075/1303/1303 3743/3971/3971
f 3443/3671/3671 2723/2951/2951 3744/3972/3972
f 3744/3972/3972 2723/2951/2951 3743/3971/3971
f 3444/3672/3672 3443/3671/3671 3744/3972/3972
f 3745/3973/3973 2743/2971/2971 2746/2974/2974
f 3446/3674/3674 2249/2477/2477 3745/3973/3973
f 3746/3974/3974 2742/2970/2970 2733/2961/2961
f 3746/3974/3974 3752/3980/3980 2740/2968/2968
f 3752/3980/3980 3448/3676/3676 3753/3981/3981
f 3796/4024/4024 3508/3736/3736 4009/4237/4237
f 4390/4618/4618 3452/3680/3680 3447/3675/3675
f 3795/4023/4023 3793/4021/4021 3501/3729/3729
f 3453/3681/3681 1056/1284/1284 3749/3977/3977
f 3453/3681/3681 3749/3977/3977 3750/3978/3978
f 3748/3976/3976 3453/3681/3681 3750/3978/3978
f 3750/3978/3978 3133/3361/3361 3748/3976/3976
f 2749/2977/2977 3895/4123/4123 3896/4124/4124
f 3900/4128/4128 3901/4129/4129 3898/4126/4126
f 3752/3980/3980 3462/3690/3690 2740/2968/2968
f 3460/3688/3688 3752/3980/3980 3753/3981/3981
f 3926/4154/4154 3754/3982/3982 3460/3688/3688
f 3800/4028/4028 3807/4035/4035 3802/4030/4030
f 3754/3982/3982 3462/3690/3690 3460/3688/3688
f 3754/3982/3982 3466/3694/3694 3457/3685/3685
f 2255/2483/2483 3755/3983/3983 3888/4116/4116
f 3071/3299/3299 3931/4159/4159 3068/3296/3296
f 3756/3984/3984 4372/4600/4600 3112/3340/3340
f 4394/4622/4622 3757/3985/3985 4393/4621/4621
f 4392/4620/4620 3487/3715/3715 3489/3717/3717
f 3779/4007/4007 3777/4005/4005 3783/4011/4011
f 3758/3986/3986 3786/4014/4014 3757/3985/3985
f 2261/2489/2489 3492/3720/3720 3758/3986/3986
f 3488/3716/3716 3763/3991/3991 3483/3711/3711
f 3759/3987/3987 3760/3988/3988 3490/3718/3718
f 3490/3718/3718 3760/3988/3988 3765/3993/3993
f 4392/4620/4620 3489/3717/3717 4393/4621/4621
f 3764/3992/3992 3763/3991/3991 3490/3718/3718
f 3766/3994/3994 3761/3989/3989 4423/4651/4651
f 3760/3988/3988 3767/3995/3995 3765/3993/3993
f 4393/4621/4621 3757/3985/3985 3777/4005/4005
f 3763/3991/3991 3764/3992/3992 3109/3337/3337
f 3763/3991/3991 3759/3987/3987 3490/3718/3718
f 4460/4688/4688 3768/3996/3996 3773/4001/4001
f 3764/3992/3992 4460/4688/4688 3773/4001/4001
f 3761/3989/3989 3765/3993/3993 3767/3995/3995
f 3764/3992/3992 3490/3718/3718 3765/3993/3993
f 3773/4001/4001 3109/3337/3337 3764/3992/3992
f 4395/4623/4623 4424/4652/4652 4396/4624/4624
f 3761/3989/3989 3767/3995/3995 4430/4658/4658
f 3762/3990/3990 3771/3999/3999 4392/4620/4620
f 3768/3996/3996 4395/4623/4623 3775/4003/4003
f 4396/4624/4624 3517/3745/3745 4395/4623/4623
f 4445/4673/4673 4001/4229/4229 4004/4232/4232
f 3770/3998/3998 4426/4654/4654 4430/4658/4658
f 3769/3997/3997 4430/4658/4658 4426/4654/4654
f 3772/4000/4000 3771/3999/3999 3762/3990/3990
f 3767/3995/3995 3760/3988/3988 3771/3999/3999
f 3771/3999/3999 3770/3998/3998 3767/3995/3995
f 3770/3998/3998 3776/4004/4004 4434/4662/4662
f 3770/3998/3998 3772/4000/4000 3776/4004/4004
f 3774/4002/4002 3109/3337/3337 3773/4001/4001
f 4395/4623/4623 3519/3747/3747 3775/4003/4003
f 3774/4002/4002 3108/3336/3336 3109/3337/3337
f 3107/3335/3335 3774/4002/4002 3525/3753/3753
f 3774/4002/4002 3773/4001/4001 3775/4003/4003
f 3775/4003/4003 3525/3753/3753 3774/4002/4002
f 3778/4006/4006 3290/3518/3518 3776/4004/4004
f 3780/4008/4008 3779/4007/4007 3778/4006/4006
f 3772/4000/4000 3780/4008/4008 3776/4004/4004
f 3779/4007/4007 3780/4008/4008 3777/4005/4005
f 3778/4006/4006 3288/3516/3516 3290/3518/3518
f 3286/3514/3514 3778/4006/4006 3779/4007/4007
f 3286/3514/3514 3781/4009/4009 3663/3891/3891
f 3782/4010/4010 3781/4009/4009 3783/4011/4011
f 3780/4008/4008 3772/4000/4000 3777/4005/4005
f 3780/4008/4008 3778/4006/4006 3776/4004/4004
f 3932/4160/4160 3663/3891/3891 3781/4009/4009
f 3492/3720/3720 3786/4014/4014 3758/3986/3986
f 3781/4009/4009 4008/4236/4236 3932/4160/4160
f 4039/4267/4267 3935/4163/4163 3934/4162/4162
f 3783/4011/4011 3781/4009/4009 3779/4007/4007
f 3783/4011/4011 3784/4012/4012 3782/4010/4010
f 3782/4010/4010 3784/4012/4012 3785/4013/4013
f 3784/4012/4012 3777/4005/4005 3757/3985/3985
f 3267/3495/3495 3968/4196/4196 3657/3885/3885
f 3933/4161/4161 3493/3721/3721 2769/2997/2997
f 3784/4012/4012 3757/3985/3985 3786/4014/4014
f 3786/4014/4014 3785/4013/4013 3784/4012/4012
f 3787/4015/4015 3526/3754/3754 3128/3356/3356
f 3787/4015/4015 3788/4016/4016 3496/3724/3724
f 3788/4016/4016 2774/3002/3002 3496/3724/3724
f 3788/4016/4016 3130/3358/3358 3535/3763/3763
f 3505/3733/3733 3123/3351/3351 3789/4017/4017
f 3789/4017/4017 3126/3354/3354 3505/3733/3733
f 3792/4020/4020 1053/1281/1281 3132/3360/3360
f 1054/1282/1282 3792/4020/4020 3791/4019/4019
f 3790/4018/4018 3506/3734/3734 3791/4019/4019
f 3790/4018/4018 3791/4019/4019 3792/4020/4020
f 3792/4020/4020 3132/3360/3360 3790/4018/4018
f 3792/4020/4020 1054/1282/1282 1053/1281/1281
f 3794/4022/4022 3748/3976/3976 3133/3361/3361
f 3794/4022/4022 3133/3361/3361 3793/4021/4021
f 3447/3675/3675 3748/3976/3976 4390/4618/4618
f 3807/4035/4035 3805/4033/4033 3802/4030/4030
f 3805/4033/4033 3804/4032/4032 3806/4034/4034
f 3804/4032/4032 3807/4035/4035 3810/4038/4038
f 3502/3730/3730 4009/4237/4237 3507/3735/3735
f 3796/4024/4024 3799/4027/4027 3508/3736/3736
f 3797/4025/4025 3514/3742/3742 3126/3354/3354
f 3797/4025/4025 3128/3356/3356 3516/3744/3744
f 3796/4024/4024 3511/3739/3739 3799/4027/4027
f 3798/4026/4026 3522/3750/3750 3521/3749/3749
f 3801/4029/4029 3802/4030/4030 3508/3736/3736
f 3799/4027/4027 3798/4026/4026 4435/4663/4663
f 3805/4033/4033 3806/4034/4034 3795/4023/4023
f 4402/4630/4630 4404/4632/4632 3812/4040/4040
f 3937/4165/4165 3508/3736/3736 3802/4030/4030
f 3800/4028/4028 3801/4029/4029 3803/4031/4031
f 3802/4030/4030 3805/4033/4033 3795/4023/4023
f 3801/4029/4029 3800/4028/4028 3802/4030/4030
f 3800/4028/4028 3812/4040/4040 3807/4035/4035
f 4399/4627/4627 3521/3749/3749 4398/4626/4626
f 3804/4032/4032 3808/4036/4036 3806/4034/4034
f 3929/4157/4157 3928/4156/4156 3813/4041/4041
f 3795/4023/4023 3806/4034/4034 3794/4022/4022
f 3804/4032/4032 3805/4033/4033 3807/4035/4035
f 3748/3976/3976 4391/4619/4619 4390/4618/4618
f 3806/4034/4034 4391/4619/4619 3794/4022/4022
f 3804/4032/4032 3810/4038/4038 3811/4039/4039
f 3812/4040/4040 3810/4038/4038 3807/4035/4035
f 3938/4166/4166 3813/4041/4041 3747/3975/3975
f 3813/4041/4041 3808/4036/4036 3811/4039/4039
f 3928/4156/4156 3929/4157/4157 3927/4155/4155
f 3800/4028/4028 4402/4630/4630 3812/4040/4040
f 3804/4032/4032 3811/4039/4039 3808/4036/4036
f 4074/4302/4302 3809/4037/4037 3810/4038/4038
f 3813/4041/4041 3938/4166/4166 3808/4036/4036
f 3810/4038/4038 3809/4037/4037 3811/4039/4039
f 4003/4231/4231 4000/4228/4228 4002/4230/4230
f 3912/4140/4140 3916/4144/4144 4067/4295/4295
f 3939/4167/4167 3747/3975/3975 3813/4041/4041
f 3926/4154/4154 3753/3981/3981 3928/4156/4156
f 3169/3397/3397 3833/4061/4061 3831/4059/4059
f 4137/4365/4365 4223/4451/4451 4219/4447/4447
f 3544/3772/3772 3149/3377/3377 3815/4043/4043
f 3815/4043/4043 3816/4044/4044 3544/3772/3772
f 3544/3772/3772 3816/4044/4044 3819/4047/4047
f 3816/4044/4044 2305/2533/2533 3157/3385/3385
f 3541/3769/3769 3946/4174/4174 4011/4239/4239
f 3820/4048/4048 3819/4047/4047 3817/4045/4045
f 3818/4046/4046 3940/4168/4168 3817/4045/4045
f 3818/4046/4046 3945/4173/4173 3942/4170/4170
f 3544/3772/3772 3820/4048/4048 3541/3769/3769
f 3819/4047/4047 3818/4046/4046 3817/4045/4045
f 3820/4048/4048 4076/4304/4304 3946/4174/4174
f 3820/4048/4048 3946/4174/4174 3541/3769/3769
f 3545/3773/3773 3143/3371/3371 3821/4049/4049
f 3821/4049/4049 3542/3770/3770 3545/3773/3773
f 3167/3395/3395 4015/4243/4243 3163/3391/3391
f 4015/4243/4243 3822/4050/4050 4013/4241/4241
f 3823/4051/4051 3181/3409/3409 3152/3380/3380
f 3823/4051/4051 3824/4052/4052 2811/3039/3039
f 3824/4052/4052 3182/3410/3410 2811/3039/3039
f 3824/4052/4052 3548/3776/3776 3183/3411/3411
f 3826/4054/4054 4436/4664/4664 3825/4053/4053
f 3824/4052/4052 3183/3411/3411 3825/4053/4053
f 3592/3820/3820 4285/4513/4513 4283/4511/4511
f 4018/4246/4246 4092/4320/4320 4287/4515/4515
f 3183/3411/3411 3948/4176/4176 4018/4246/4246
f 3948/4176/4176 3827/4055/4055 4090/4318/4318
f 3828/4056/4056 3949/4177/4177 3559/3787/3787
f 3830/4058/4058 3829/4057/4057 2608/2836/2836
f 3560/3788/3788 3555/3783/3783 3829/4057/4057
f 3560/3788/3788 3830/4058/4058 3828/4056/4056
f 1406/1634/1634 3828/4056/4056 3830/4058/4058
f 1407/1635/1635 1406/1634/1634 3954/4182/4182
f 3831/4059/4059 3832/4060/4060 2331/2559/2559
f 3831/4059/4059 3833/4061/4061 3567/3795/3795
f 3832/4060/4060 3834/4062/4062 2331/2559/2559
f 2329/2557/2557 4465/4693/4693 2806/3034/3034
f 3567/3795/3795 3837/4065/4065 3958/4186/4186
f 3837/4065/4065 3833/4061/4061 4021/4249/4249
f 3834/4062/4062 2330/2558/2558 2331/2559/2559
f 3834/4062/4062 2329/2557/2557 2316/2544/2544
f 3835/4063/4063 4465/4693/4693 3832/4060/4060
f 3835/4063/4063 3955/4183/4183 2807/3035/3035
f 3814/4042/4042 3836/4064/4064 3957/4185/4185
f 3833/4061/4061 3169/3397/3397 3836/4064/4064
f 3837/4065/4065 4025/4253/4253 3958/4186/4186
f 3814/4042/4042 3956/4184/4184 3836/4064/4064
f 3838/4066/4066 2845/3073/3073 2333/2561/2561
f 3838/4066/4066 3590/3818/3818 3568/3796/3796
f 3572/3800/3800 3197/3425/3425 3839/4067/4067
f 3572/3800/3800 3840/4068/4068 3578/3806/3806
f 3839/4067/4067 2347/2575/2575 3840/4068/4068
f 3839/4067/4067 3840/4068/4068 3572/3800/3800
f 3841/4069/4069 3597/3825/3825 3585/3813/3813
f 3841/4069/4069 1652/1880/1880 3177/3405/3405
f 3842/4070/4070 3173/3401/3401 1652/1880/1880
f 3842/4070/4070 3838/4066/4066 3174/3402/3402
f 3843/4071/4071 3224/3452/3452 3223/3451/3451
f 3843/4071/4071 3604/3832/3832 3221/3449/3449
f 3844/4072/4072 2372/2600/2600 3599/3827/3827
f 3844/4072/4072 3845/4073/4073 3601/3829/3829
f 3845/4073/4073 3843/4071/4071 3601/3829/3829
f 3604/3832/3832 3846/4074/4074 2373/2601/2601
f 3846/4074/4074 2861/3089/3089 2373/2601/2601
f 3845/4073/4073 3844/4072/4072 3846/4074/4074
f 2887/3115/3115 3847/4075/4075 3238/3466/3466
f 394/394/394 3609/3837/3837 3847/4075/4075
f 3906/4134/4134 3459/3687/3687 3917/4145/4145
f 3960/4188/4188 3616/3844/3844 3617/3845/3845
f 3922/4150/4150 3918/4146/4146 3924/4152/4152
f 3905/4133/4133 3459/3687/3687 3906/4134/4134
f 3850/4078/4078 3642/3870/3870 2425/2653/2653
f 3850/4078/4078 3645/3873/3873 3643/3871/3871
f 3964/4192/4192 3653/3881/3881 3647/3875/3875
f 4385/4613/4613 3633/3861/3861 4386/4614/4614
f 3964/4192/4192 3851/4079/4079 3852/4080/4080
f 3653/3881/3881 3965/4193/4193 4183/4411/4411
f 3853/4081/4081 3645/3873/3873 3647/3875/3875
f 3853/4081/4081 3652/3880/3880 3644/3872/3872
f 3936/4164/4164 3854/4082/4082 3934/4162/4162
f 3785/4013/4013 3934/4162/4162 3935/4163/4163
f 3281/3509/3509 3855/4083/4083 4040/4268/4268
f 3862/4090/4090 3664/3892/3892 3863/4091/4091
f 4041/4269/4269 4040/4268/4268 3970/4198/4198
f 3971/4199/4199 3861/4089/4089 3646/3874/3874
f 3666/3894/3894 1183/1411/1411 3857/4085/4085
f 3857/4085/4085 3667/3895/3895 3666/3894/3894
f 3246/3474/3474 2896/3124/3124 3858/4086/4086
f 3858/4086/4086 3857/4085/4085 3246/3474/3474
f 3859/4087/4087 3648/3876/3876 3646/3874/3874
f 3667/3895/3895 2896/3124/3124 3859/4087/4087
f 3860/4088/4088 3292/3520/3520 3667/3895/3895
f 3664/3892/3892 3669/3897/3897 3861/4089/4089
f 3664/3892/3892 4043/4271/4271 3856/4084/4084
f 3860/4088/4088 3646/3874/3874 3861/4089/4089
f 3862/4090/4090 3863/4091/4091 3260/3488/3488
f 3669/3897/3897 3664/3892/3892 3862/4090/4090
f 3863/4091/4091 3283/3511/3511 3260/3488/3488
f 3863/4091/4091 3664/3892/3892 3855/4083/4083
f 3864/4092/4092 1303/1531/1531 1296/1524/1524
f 1288/1516/1516 3864/4092/4092 4317/4545/4545
f 3865/4093/4093 3866/4094/4094 1296/1524/1524
f 3865/4093/4093 2019/2247/2247 3678/3906/3906
f 3866/4094/4094 3673/3901/3901 1296/1524/1524
f 3866/4094/4094 3676/3904/3904 3675/3903/3903
f 3867/4095/4095 3304/3532/3532 3299/3527/3527
f 2505/2733/2733 3867/4095/4095 2954/3182/3182
f 3868/4096/4096 3869/4097/4097 2951/3179/3179
f 3868/4096/4096 3298/3526/3526 3302/3530/3530
f 3869/4097/4097 2953/3181/3181 2951/3179/3179
f 3869/4097/4097 3301/3529/3529 1920/2148/2148
f 3870/4098/4098 2481/2709/2709 3298/3526/3526
f 3682/3910/3910 3681/3909/3909 3870/4098/4098
f 3871/4099/4099 3687/3915/3915 760/828/828
f 3871/4099/4099 3310/3538/3538 3688/3916/3916
f 3872/4100/4100 3873/4101/4101 2110/2338/2338
f 3872/4100/4100 3874/4102/4102 3693/3921/3921
f 3873/4101/4101 3875/4103/4103 2110/2338/2338
f 2615/2843/2843 3873/4101/4101 3974/4202/4202
f 3974/4202/4202 3873/4101/4101 3693/3921/3921
f 3973/4201/4201 3874/4102/4102 3008/3236/3236
f 2110/2338/2338 3875/4103/4103 3005/3233/3233
f 2614/2842/2842 3007/3235/3235 3877/4105/4105
f 3876/4104/4104 3972/4200/4200 3564/3792/3792
f 3876/4104/4104 3973/4201/4201 3972/4200/4200
f 3877/4105/4105 2111/2339/2339 2614/2842/2842
f 3875/4103/4103 2615/2843/2843 3877/4105/4105
f 3879/4107/4107 2111/2339/2339 3878/4106/4106
f 3879/4107/4107 4442/4670/4670 1408/1636/1636
f 3879/4107/4107 3881/4109/4109 2111/2339/2339
f 3880/4108/4108 4442/4670/4670 3879/4107/4107
f 3878/4106/4106 2615/2843/2843 3880/4108/4108
f 3880/4108/4108 3879/4107/4107 3878/4106/4106
f 3881/4109/4109 2613/2841/2841 2111/2339/2339
f 3881/4109/4109 1409/1637/1637 2112/2340/2340
f 4084/4312/4312 4170/4398/4398 4230/4458/4458
f 3392/3620/3620 3401/3629/3629 4130/4358/4358
f 3883/4111/4111 3725/3953/3953 3364/3592/3592
f 3717/3945/3945 3883/4111/4111 3884/4112/4112
f 3380/3608/3608 3982/4210/4210 3979/4207/4207
f 3977/4205/4205 3375/3603/3603 3979/4207/4207
f 3710/3938/3938 4199/4427/4427 4198/4426/4426
f 4149/4377/4377 4145/4373/4373 3709/3937/3937
f 3886/4114/4114 3721/3949/3949 3021/3249/3249
f 3886/4114/4114 1424/1652/1652 3723/3951/3951
f 3887/4115/4115 3410/3638/3638 2643/2871/2871
f 3728/3956/3956 3412/3640/3640 3887/4115/4115
f 3888/4116/4116 3889/4117/4117 3426/3654/3654
f 3888/4116/4116 3755/3983/3983 3735/3963/3963
f 3889/4117/4117 3034/3262/3262 3426/3654/3654
f 3889/4117/4117 3890/4118/4118 3428/3656/3656
f 3890/4118/4118 3989/4217/4217 3428/3656/3656
f 2754/2982/2982 4437/4665/4665 2757/2985/2985
f 3736/3964/3964 2689/2917/2917 3891/4119/4119
f 3891/4119/4119 3431/3659/3659 3736/3964/3964
f 3430/3658/3658 3035/3263/3263 4438/4666/4666
f 4439/4667/4667 2157/2385/2385 1439/1667/1667
f 3893/4121/4121 3753/3981/3981 3448/3676/3676
f 3893/4121/4121 3894/4122/4122 3747/3975/3975
f 3747/3975/3975 3894/4122/4122 3938/4166/4166
f 3894/4122/4122 3060/3288/3288 3058/3286/3286
f 2749/2977/2977 3896/4124/4124 3090/3318/3318
f 3905/4133/4133 3751/3979/3979 3897/4125/4125
f 3896/4124/4124 3085/3313/3313 3090/3318/3318
f 3895/4123/4123 3751/3979/3979 3896/4124/4124
f 3461/3689/3689 3459/3687/3687 3991/4219/4219
f 3895/4123/4123 2751/2979/2979 3897/4125/4125
f 3901/4129/4129 3899/4127/4127 3902/4130/4130
f 3896/4124/4124 3751/3979/3979 3898/4126/4126
f 3083/3311/3311 3903/4131/4131 3993/4221/4221
f 3899/4127/4127 3907/4135/4135 3908/4136/4136
f 3906/4134/4134 3907/4135/4135 3900/4128/4128
f 3905/4133/4133 3897/4125/4125 3459/3687/3687
f 3901/4129/4129 3902/4130/4130 3085/3313/3313
f 3901/4129/4129 3900/4128/4128 3899/4127/4127
f 3902/4130/4130 3084/3312/3312 3085/3313/3313
f 3083/3311/3311 3902/4130/4130 3903/4131/4131
f 3961/4189/4189 3960/4188/4188 3996/4224/4224
f 4028/4256/4256 4027/4255/4255 4029/4257/4257
f 3907/4135/4135 3909/4137/4137 3908/4136/4136
f 4002/4230/4230 4005/4233/4233 4006/4234/4234
f 3900/4128/4128 3751/3979/3979 3905/4133/4133
f 3905/4133/4133 3906/4134/4134 3900/4128/4128
f 3900/4128/4128 3907/4135/4135 3899/4127/4127
f 3904/4132/4132 3906/4134/4134 3917/4145/4145
f 3899/4127/4127 3908/4136/4136 3903/4131/4131
f 3906/4134/4134 3904/4132/4132 3907/4135/4135
f 3910/4138/4138 3913/4141/4141 3911/4139/4139
f 3907/4135/4135 3904/4132/4132 3909/4137/4137
f 3911/4139/4139 3994/4222/4222 3908/4136/4136
f 3908/4136/4136 3909/4137/4137 3911/4139/4139
f 3920/4148/4148 4176/4404/4404 4030/4258/4258
f 3924/4152/4152 3918/4146/4146 3925/4153/4153
f 3908/4136/4136 3994/4222/4222 3903/4131/4131
f 3914/4142/4142 3915/4143/4143 3909/4137/4137
f 3915/4143/4143 3919/4147/4147 3910/4138/4138
f 3997/4225/4225 4066/4294/4294 4068/4296/4296
f 3995/4223/4223 3913/4141/4141 3996/4224/4224
f 3995/4223/4223 3903/4131/4131 3994/4222/4222
f 3909/4137/4137 3915/4143/4143 3911/4139/4139
f 3912/4140/4140 3914/4142/4142 3916/4144/4144
f 3919/4147/4147 3918/4146/4146 3922/4150/4150
f 3914/4142/4142 3912/4140/4140 3915/4143/4143
f 3997/4225/4225 4067/4295/4295 4066/4294/4294
f 3916/4144/4144 3463/3691/3691 4066/4294/4294
f 3917/4145/4145 3916/4144/4144 3904/4132/4132
f 3464/3692/3692 3463/3691/3691 3998/4226/4226
f 4099/4327/4327 4041/4269/4269 3970/4198/4198
f 3921/4149/4149 3919/4147/4147 3915/4143/4143
f 3922/4150/4150 4033/4261/4261 3910/4138/4138
f 3918/4146/4146 3919/4147/4147 3921/4149/4149
f 3913/4141/4141 4033/4261/4261 4031/4259/4259
f 4106/4334/4334 4108/4336/4336 4107/4335/4335
f 3925/4153/4153 3918/4146/4146 3999/4227/4227
f 3810/4038/4038 3812/4040/4040 4074/4302/4302
f 3922/4150/4150 3910/4138/4138 3919/4147/4147
f 3924/4152/4152 4446/4674/4674 3922/4150/4150
f 3649/3877/3877 4105/4333/4333 4103/4331/4331
f 4100/4328/4328 4043/4271/4271 3971/4199/4199
f 3922/4150/4150 4446/4674/4674 3920/4148/4148
f 3924/4152/4152 3925/4153/4153 3923/4151/4151
f 4182/4410/4410 4106/4334/4334 4105/4333/4333
f 4161/4389/4389 3925/4153/4153 4158/4386/4386
f 3467/3695/3695 3926/4154/4154 3927/4155/4155
f 3460/3688/3688 3753/3981/3981 3926/4154/4154
f 3465/3693/3693 3467/3695/3695 4000/4228/4228
f 4000/4228/4228 3927/4155/4155 4002/4230/4230
f 3929/4157/4157 4005/4233/4233 3927/4155/4155
f 3928/4156/4156 3939/4167/4167 3813/4041/4041
f 3811/4039/4039 3809/4037/4037 3929/4157/4157
f 3929/4157/4157 3813/4041/4041 3811/4039/4039
f 3735/3963/3963 4007/4235/4235 4437/4665/4665
f 4007/4235/4235 1586/1814/1814 2757/2985/2985
f 3931/4159/4159 3471/3699/3699 3068/3296/3296
f 3755/3983/3983 3472/3700/3700 3931/4159/4159
f 3932/4160/4160 3276/3504/3504 3663/3891/3891
f 3932/4160/4160 4008/4236/4236 3272/3500/3500
f 3785/4013/4013 3492/3720/3720 3933/4161/4161
f 3785/4013/4013 3933/4161/4161 3934/4162/4162
f 3785/4013/4013 3935/4163/4163 3782/4010/4010
f 3854/4082/4082 3936/4164/4164 2928/3156/3156
f 4008/4236/4236 3782/4010/4010 3935/4163/4163
f 3275/3503/3503 3272/3500/3500 3969/4197/4197
f 2928/3156/3156 3936/4164/4164 3117/3345/3345
f 3934/4162/4162 3933/4161/4161 3936/4164/4164
f 3795/4023/4023 3501/3729/3729 3937/4165/4165
f 3937/4165/4165 3802/4030/4030 3795/4023/4023
f 3452/3680/3680 3808/4036/4036 3938/4166/4166
f 3452/3680/3680 3938/4166/4166 3894/4122/4122
f 3939/4167/4167 3893/4121/4121 3747/3975/3975
f 3939/4167/4167 3928/4156/4156 3753/3981/3981
f 3943/4171/4171 4075/4303/4303 3940/4168/4168
f 3940/4168/4168 3942/4170/4170 3557/3785/3785
f 3817/4045/4045 4010/4238/4238 3820/4048/4048
f 3700/3928/3928 4059/4287/4287 4054/4282/4282
f 3942/4170/4170 3556/3784/3784 3557/3785/3785
f 3550/3778/3778 3942/4170/4170 3945/4173/4173
f 3940/4168/4168 4075/4303/4303 3817/4045/4045
f 3941/4169/4169 3943/4171/4171 4168/4396/4396
f 4057/4285/4285 4054/4282/4282 4052/4280/4280
f 3972/4200/4200 4049/4277/4277 4048/4276/4276
f 3945/4173/4173 3552/3780/3780 3550/3778/3778
f 3818/4046/4046 3157/3385/3385 3945/4173/4173
f 3540/3768/3768 4012/4240/4240 3545/3773/3773
f 4169/4397/4397 4080/4308/4308 4082/4310/4310
f 4250/4478/4478 4249/4477/4477 4224/4452/4452
f 4017/4245/4245 4012/4240/4240 3540/3768/3768
f 3183/3411/3411 4018/4246/4246 4443/4671/4671
f 4444/4672/4672 4174/4402/4402 3827/4055/4055
f 3949/4177/4177 3565/3793/3793 3559/3787/3787
f 3949/4177/4177 3952/4180/4180 3566/3794/3794
f 3876/4104/4104 3564/3792/3792 3951/4179/4179
f 3949/4177/4177 3566/3794/3794 3950/4178/4178
f 3951/4179/4179 3693/3921/3921 3876/4104/4104
f 3951/4179/4179 3566/3794/3794 3880/4108/4108
f 3566/3794/3794 4442/4670/4670 3880/4108/4108
f 3952/4180/4180 1406/1634/1634 4442/4670/4670
f 3953/4181/4181 2108/2336/2336 1403/1631/1631
f 3830/4058/4058 2608/2836/2836 3953/4181/4181
f 3953/4181/4181 1403/1631/1631 3954/4182/4182
f 3954/4182/4182 3830/4058/4058 3953/4181/4181
f 3171/3399/3399 2807/3035/3035 4020/4248/4248
f 3955/4183/4183 3154/3382/3382 2788/3016/3016
f 4022/4250/4250 3837/4065/4065 4021/4249/4249
f 4216/4444/4444 4022/4250/4250 4217/4445/4445
f 4013/4241/4241 3947/4175/4175 4016/4244/4244
f 3947/4175/4175 4013/4241/4241 4012/4240/4240
f 3958/4186/4186 3835/4063/4063 3567/3795/3795
f 3958/4186/4186 4025/4253/4253 3154/3382/3382
f 4025/4253/4253 3959/4187/4187 4026/4254/4254
f 4217/4445/4445 4022/4250/4250 4021/4249/4249
f 3848/4076/4076 3613/3841/3841 3960/4188/4188
f 3848/4076/4076 3960/4188/4188 3961/4189/4189
f 4027/4255/4255 3625/3853/3853 3848/4076/4076
f 4027/4255/4255 3848/4076/4076 3961/4189/4189
f 3622/3850/3850 4034/4262/4262 3627/3855/3855
f 4032/4260/4260 3920/4148/4148 4030/4258/4258
f 3963/4191/4191 4038/4266/4266 4178/4406/4406
f 3964/4192/4192 3966/4194/4194 3965/4193/4193
f 3964/4192/4192 3647/3875/3875 3851/4079/4079
f 3964/4192/4192 3965/4193/4193 3653/3881/3881
f 3653/3881/3881 4183/4411/4411 3651/3879/3879
f 3963/4191/4191 3965/4193/4193 3966/4194/4194
f 3962/4190/4190 3849/4077/4077 4038/4266/4266
f 3966/4194/4194 4035/4263/4263 4036/4264/4264
f 3967/4195/4195 3294/3522/3522 1835/2063/2063
f 3967/4195/4195 3968/4196/4196 3854/4082/4082
f 3854/4082/4082 4039/4267/4267 3934/4162/4162
f 4008/4236/4236 3935/4163/4163 3969/4197/4197
f 3968/4196/4196 3267/3495/3495 3969/4197/4197
f 3968/4196/4196 3969/4197/4197 4039/4267/4267
f 4099/4327/4327 4448/4676/4676 4180/4408/4408
f 3971/4199/4199 4103/4331/4331 4100/4328/4328
f 4101/4329/4329 3856/4084/4084 4100/4328/4328
f 3649/3877/3877 4045/4273/4273 3650/3878/3878
f 4046/4274/4274 3564/3792/3792 3972/4200/4200
f 3562/3790/3790 4048/4276/4276 4466/4694/4694
f 3973/4201/4201 3008/3236/3236 3353/3581/3581
f 3876/4104/4104 3874/4102/4102 3973/4201/4201
f 3951/4179/4179 3880/4108/4108 3974/4202/4202
f 3693/3921/3921 3951/4179/4179 3974/4202/4202
f 4112/4340/4340 4111/4339/4339 4060/4288/4288
f 4128/4356/4356 3882/4110/4110 4129/4357/4357
f 3976/4204/4204 3883/4111/4111 3368/3596/3596
f 3976/4204/4204 3977/4205/4205 3884/4112/4112
f 3980/4208/4208 3884/4112/4112 3977/4205/4205
f 3977/4205/4205 4367/4595/4595 3375/3603/3603
f 3884/4112/4112 4186/4414/4414 4187/4415/4415
f 3717/3945/3945 4064/4292/4292 3725/3953/3953
f 3979/4207/4207 3982/4210/4210 3978/4206/4206
f 3375/3603/3603 3380/3608/3608 3979/4207/4207
f 4186/4414/4414 4185/4413/4413 3981/4209/4209
f 3980/4208/4208 3979/4207/4207 3978/4206/4206
f 3985/4213/4213 3409/3637/3637 4062/4290/4290
f 4062/4290/4290 4064/4292/4292 3986/4214/4214
f 3982/4210/4210 4116/4344/4344 3978/4206/4206
f 3387/3615/3615 3982/4210/4210 3393/3621/3621
f 3983/4211/4211 3987/4215/4215 3721/3949/3949
f 3985/4213/4213 4447/4675/4675 3885/4113/4113
f 3408/3636/3636 4199/4427/4427 3714/3942/3942
f 4060/4288/4288 4118/4346/4346 4122/4350/4350
f 3985/4213/4213 3885/4113/4113 3983/4211/4211
f 3984/4212/4212 3985/4213/4213 3986/4214/4214
f 3986/4214/4214 4150/4378/4378 3984/4212/4212
f 4064/4292/4292 4187/4415/4415 4151/4379/4379
f 3987/4215/4215 3988/4216/4216 3011/3239/3239
f 3987/4215/4215 3983/4211/4211 3885/4113/4113
f 3988/4216/4216 3407/3635/3635 3011/3239/3239
f 3408/3636/3636 3988/4216/4216 4199/4427/4427
f 3989/4217/4217 3432/3660/3660 3428/3656/3656
f 3036/3264/3264 3989/4217/4217 3990/4218/4218
f 3990/4218/4218 3736/3964/3964 3036/3264/3264
f 3990/4218/4218 3065/3293/3293 2159/2387/2387
f 3991/4219/4219 3992/4220/4220 3063/3291/3291
f 3991/4219/4219 3459/3687/3687 3897/4125/4125
f 3992/4220/4220 3455/3683/3683 3063/3291/3291
f 3897/4125/4125 2751/2979/2979 3992/4220/4220
f 3993/4221/4221 4065/4293/4293 3083/3311/3311
f 4031/4259/4259 3961/4189/4189 3996/4224/4224
f 3903/4131/4131 3995/4223/4223 3993/4221/4221
f 3994/4222/4222 3911/4139/4139 3913/4141/4141
f 3993/4221/4221 3995/4223/4223 3996/4224/4224
f 3994/4222/4222 3913/4141/4141 3995/4223/4223
f 3617/3845/3845 3993/4221/4221 3996/4224/4224
f 3996/4224/4224 3960/4188/4188 3617/3845/3845
f 3921/4149/4149 3999/4227/4227 3918/4146/4146
f 4000/4228/4228 4003/4231/4231 3465/3693/3693
f 3917/4145/4145 3459/3687/3687 3998/4226/4226
f 3998/4226/4226 3463/3691/3691 3917/4145/4145
f 4157/4385/4385 4155/4383/4383 4071/4299/4299
f 4070/4298/4298 4071/4299/4299 4067/4295/4295
f 4167/4395/4395 4001/4229/4229 4072/4300/4300
f 3467/3695/3695 3927/4155/4155 4000/4228/4228
f 3997/4225/4225 4070/4298/4298 4067/4295/4295
f 4458/4686/4686 4408/4636/4636 4406/4634/4634
f 4004/4232/4232 4001/4229/4229 4006/4234/4234
f 4005/4233/4233 3929/4157/4157 3809/4037/4037
f 4068/4296/4296 3465/3693/3693 4167/4395/4395
f 4003/4231/4231 4002/4230/4230 4001/4229/4229
f 4167/4395/4395 4072/4300/4300 4070/4298/4298
f 4405/4633/4633 4004/4232/4232 4404/4632/4632
f 4002/4230/4230 3927/4155/4155 4005/4233/4233
f 4001/4229/4229 4002/4230/4230 4006/4234/4234
f 4004/4232/4232 4074/4302/4302 3812/4040/4040
f 4006/4234/4234 4005/4233/4233 4074/4302/4302
f 4007/4235/4235 3071/3299/3299 1586/1814/1814
f 4007/4235/4235 3735/3963/3963 3930/4158/4158
f 4008/4236/4236 3781/4009/4009 3782/4010/4010
f 4008/4236/4236 3969/4197/4197 3272/3500/3500
f 4009/4237/4237 3501/3729/3729 3507/3735/3735
f 4009/4237/4237 3508/3736/3736 3937/4165/4165
f 3946/4174/4174 4017/4245/4245 4011/4239/4239
f 4076/4304/4304 3820/4048/4048 4010/4238/4238
f 4011/4239/4239 3542/3770/3770 3541/3769/3769
f 4011/4239/4239 4017/4245/4245 3540/3768/3768
f 3545/3773/3773 4013/4241/4241 3822/4050/4050
f 4014/4242/4242 3947/4175/4175 4017/4245/4245
f 3167/3395/3395 3822/4050/4050 4015/4243/4243
f 4015/4243/4243 4013/4241/4241 4085/4313/4313
f 4086/4314/4314 4016/4244/4244 4088/4316/4316
f 4059/4287/4287 3700/3928/3928 3705/3933/3933
f 4015/4243/4243 4023/4251/4251 3163/3391/3391
f 3957/4185/4185 4085/4313/4313 4016/4244/4244
f 3814/4042/4042 3957/4185/4185 4086/4314/4314
f 4089/4317/4317 4171/4399/4399 3947/4175/4175
f 4017/4245/4245 3947/4175/4175 4012/4240/4240
f 4017/4245/4245 3946/4174/4174 4014/4242/4242
f 3597/3825/3825 3826/4054/4054 4285/4513/4513
f 4281/4509/4509 4272/4500/4500 3596/3824/3824
f 3948/4176/4176 3548/3776/3776 4019/4247/4247
f 3827/4055/4055 3948/4176/4176 4444/4672/4672
f 4020/4248/4248 2788/3016/3016 3151/3379/3379
f 4020/4248/4248 2807/3035/3035 3955/4183/4183
f 4025/4253/4253 3837/4065/4065 4022/4250/4250
f 3833/4061/4061 3956/4184/4184 4021/4249/4249
f 4174/4402/4402 4216/4444/4444 4094/4322/4322
f 4092/4320/4320 4018/4246/4246 4090/4318/4318
f 4023/4251/4251 4024/4252/4252 3162/3390/3390
f 4023/4251/4251 4015/4243/4243 3957/4185/4185
f 4024/4252/4252 3169/3397/3397 3162/3390/3390
f 3957/4185/4185 3836/4064/4064 4024/4252/4252
f 4025/4253/4253 4026/4254/4254 3154/3382/3382
f 4025/4253/4253 4022/4250/4250 3959/4187/4187
f 4026/4254/4254 3153/3381/3381 3154/3382/3382
f 4026/4254/4254 4019/4247/4247 2304/2532/2532
f 4028/4256/4256 3962/4190/4190 3625/3853/3853
f 3625/3853/3853 4027/4255/4255 4028/4256/4256
f 3962/4190/4190 4097/4325/4325 3849/4077/4077
f 4029/4257/4257 4027/4255/4255 3961/4189/4189
f 4029/4257/4257 4030/4258/4258 4028/4256/4256
f 3913/4141/4141 4031/4259/4259 3996/4224/4224
f 4028/4256/4256 4097/4325/4325 3962/4190/4190
f 4097/4325/4325 4030/4258/4258 4176/4404/4404
f 4032/4260/4260 4029/4257/4257 4031/4259/4259
f 4033/4261/4261 3920/4148/4148 4032/4260/4260
f 4032/4260/4260 4030/4258/4258 4029/4257/4257
f 3922/4150/4150 3920/4148/4148 4033/4261/4261
f 4033/4261/4261 3913/4141/4141 3910/4138/4138
f 4032/4260/4260 4031/4259/4259 4033/4261/4261
f 3627/3855/3855 4036/4264/4264 4035/4263/4263
f 4034/4262/4262 3962/4190/4190 4038/4266/4266
f 4035/4263/4263 4037/4265/4265 3627/3855/3855
f 3966/4194/4194 3633/3861/3861 4035/4263/4263
f 4036/4264/4264 3963/4191/4191 3966/4194/4194
f 3627/3855/3855 4034/4262/4262 4036/4264/4264
f 4037/4265/4265 3619/3847/3847 3627/3855/3855
f 3632/3860/3860 4037/4265/4265 3631/3859/3859
f 4036/4264/4264 4034/4262/4262 4038/4266/4266
f 4038/4266/4266 3963/4191/4191 4036/4264/4264
f 4039/4267/4267 3969/4197/4197 3935/4163/4163
f 4039/4267/4267 3854/4082/4082 3968/4196/4196
f 4040/4268/4268 3855/4083/4083 3856/4084/4084
f 4040/4268/4268 4041/4269/4269 3281/3509/3509
f 4041/4269/4269 3284/3512/3512 3281/3509/3509
f 4041/4269/4269 4099/4327/4327 3291/3519/3519
f 4449/4677/4677 3289/3517/3517 3287/3515/3515
f 4153/4381/4381 4164/4392/4392 4162/4390/4390
f 4043/4271/4271 4100/4328/4328 3856/4084/4084
f 4043/4271/4271 3861/4089/4089 3971/4199/4199
f 4099/4327/4327 4204/4432/4432 4042/4270/4270
f 4107/4335/4335 4205/4433/4433 4206/4434/4434
f 3971/4199/4199 3646/3874/3874 4045/4273/4273
f 3971/4199/4199 4045/4273/4273 4103/4331/4331
f 4046/4274/4274 3565/3793/3793 3564/3792/3792
f 4466/4694/4694 4048/4276/4276 4047/4275/4275
f 4055/4283/4283 4053/4281/4281 4058/4286/4286
f 4049/4277/4277 3972/4200/4200 3353/3581/3581
f 4048/4276/4276 3562/3790/3790 4046/4274/4274
f 4047/4275/4275 4048/4276/4276 4049/4277/4277
f 4049/4277/4277 4052/4280/4280 4053/4281/4281
f 4051/4279/4279 3352/3580/3580 3351/3579/3579
f 4052/4280/4280 4050/4278/4278 4053/4281/4281
f 4076/4304/4304 4078/4306/4306 4077/4305/4305
f 4049/4277/4277 3353/3581/3581 4051/4279/4279
f 4051/4279/4279 4052/4280/4280 4049/4277/4277
f 4049/4277/4277 4053/4281/4281 4047/4275/4275
f 4050/4278/4278 4052/4280/4280 4054/4282/4282
f 4047/4275/4275 4055/4283/4283 4466/4694/4694
f 4047/4275/4275 4053/4281/4281 4055/4283/4283
f 4054/4282/4282 4059/4287/4287 4184/4412/4412
f 4054/4282/4282 4057/4285/4285 3700/3928/3928
f 3944/4172/4172 4168/4396/4396 3943/4171/4171
f 4050/4278/4278 4110/4338/4338 4058/4286/4286
f 4050/4278/4278 4058/4286/4286 4053/4281/4281
f 4056/4284/4284 4184/4412/4412 4059/4287/4287
f 3704/3932/3932 3700/3928/3928 4109/4337/4337
f 4057/4285/4285 4052/4280/4280 3351/3579/3579
f 4082/4310/4310 4080/4308/4308 3941/4169/4169
f 4010/4238/4238 4080/4308/4308 4078/4306/4306
f 4054/4282/4282 4184/4412/4412 4050/4278/4278
f 4056/4284/4284 4059/4287/4287 4235/4463/4463
f 4114/4342/4342 4112/4340/4340 4060/4288/4288
f 4143/4371/4371 4133/4361/4361 4127/4355/4355
f 4121/4349/4349 3882/4110/4110 4128/4356/4356
f 4140/4368/4368 4061/4289/4289 4138/4366/4366
f 4062/4290/4290 3409/3637/3637 3727/3955/3955
f 3986/4214/4214 3985/4213/4213 4062/4290/4290
f 4126/4354/4354 4143/4371/4371 4145/4373/4373
f 4120/4348/4348 4125/4353/4353 4122/4350/4350
f 4064/4292/4292 4062/4290/4290 3727/3955/3955
f 3986/4214/4214 4064/4292/4292 4151/4379/4379
f 4065/4293/4293 3084/3312/3312 3083/3311/3311
f 3237/3465/3465 3080/3308/3308 4152/4380/4380
f 4066/4294/4294 4067/4295/4295 3916/4144/4144
f 4068/4296/4296 4167/4395/4395 3997/4225/4225
f 4154/4382/4382 4071/4299/4299 3921/4149/4149
f 4071/4299/4299 4155/4383/4383 3921/4149/4149
f 4068/4296/4296 3466/3694/3694 3465/3693/3693
f 4066/4294/4294 3463/3691/3691 4068/4296/4296
f 3999/4227/4227 4156/4384/4384 4158/4386/4386
f 4445/4673/4673 4073/4301/4301 4072/4300/4300
f 4154/4382/4382 4067/4295/4295 4071/4299/4299
f 4070/4298/4298 4072/4300/4300 4069/4297/4297
f 3921/4149/4149 4155/4383/4383 3999/4227/4227
f 4070/4298/4298 4069/4297/4297 4071/4299/4299
f 4454/4682/4682 4069/4297/4297 4072/4300/4300
f 4003/4231/4231 4001/4229/4229 4167/4395/4395
f 4407/4635/4635 4406/4634/4634 4408/4636/4636
f 3803/4031/4031 4399/4627/4627 4401/4629/4629
f 4074/4302/4302 4005/4233/4233 3809/4037/4037
f 4074/4302/4302 4004/4232/4232 4006/4234/4234
f 4075/4303/4303 3943/4171/4171 3941/4169/4169
f 4010/4238/4238 3817/4045/4045 4075/4303/4303
f 4077/4305/4305 4014/4242/4242 3946/4174/4174
f 3946/4174/4174 4076/4304/4304 4077/4305/4305
f 4078/4306/4306 4081/4309/4309 4077/4305/4305
f 4076/4304/4304 4010/4238/4238 4078/4306/4306
f 4077/4305/4305 4081/4309/4309 4083/4311/4311
f 4080/4308/4308 4010/4238/4238 3941/4169/4169
f 4081/4309/4309 4079/4307/4307 4083/4311/4311
f 4215/4443/4443 4214/4442/4442 4237/4465/4465
f 4081/4309/4309 4078/4306/4306 4084/4312/4312
f 3944/4172/4172 4055/4283/4283 4168/4396/4396
f 4077/4305/4305 4083/4311/4311 4014/4242/4242
f 4079/4307/4307 4081/4309/4309 4084/4312/4312
f 4084/4312/4312 4078/4306/4306 4080/4308/4308
f 4055/4283/4283 4058/4286/4286 4082/4310/4310
f 4173/4401/4401 4089/4317/4317 3947/4175/4175
f 4089/4317/4317 4088/4316/4316 4171/4399/4399
f 4231/4459/4459 4170/4398/4398 4233/4461/4461
f 4210/4438/4438 4170/4398/4398 4169/4397/4397
f 4085/4313/4313 3957/4185/4185 4015/4243/4243
f 4013/4241/4241 4016/4244/4244 4085/4313/4313
f 4088/4316/4316 4243/4471/4471 4086/4314/4314
f 3957/4185/4185 4016/4244/4244 4086/4314/4314
f 3956/4184/4184 4218/4446/4446 4217/4445/4445
f 4216/4444/4444 4174/4402/4402 4022/4250/4250
f 4086/4314/4314 4243/4471/4471 3814/4042/4042
f 4087/4315/4315 4088/4316/4316 4089/4317/4317
f 4215/4443/4443 4237/4465/4465 4257/4485/4485
f 4173/4401/4401 4014/4242/4242 4083/4311/4311
f 4018/4246/4246 3948/4176/4176 4090/4318/4318
f 4281/4509/4509 3592/3820/3820 4283/4511/4511
f 4141/4369/4369 4267/4495/4495 4225/4453/4453
f 4022/4250/4250 4174/4402/4402 3959/4187/4187
f 4092/4320/4320 4095/4323/4323 4091/4319/4319
f 4092/4320/4320 3827/4055/4055 4094/4322/4322
f 3592/3820/3820 4281/4509/4509 3596/3824/3824
f 4239/4467/4467 4452/4680/4680 4238/4466/4466
f 4094/4322/4322 4095/4323/4323 4092/4320/4320
f 4093/4321/4321 4216/4444/4444 4175/4403/4403
f 4091/4319/4319 4095/4323/4323 4300/4528/4528
f 4095/4323/4323 4094/4322/4322 4093/4321/4321
f 4129/4357/4357 4124/4352/4352 4128/4356/4356
f 4121/4349/4349 4115/4343/4343 3882/4110/4110
f 4097/4325/4325 4176/4404/4404 3849/4077/4077
f 4097/4325/4325 4028/4256/4256 4030/4258/4258
f 4108/4336/4336 4178/4406/4406 4177/4405/4405
f 4098/4326/4326 4446/4674/4674 3923/4151/4151
f 4099/4327/4327 4180/4408/4408 3291/3519/3519
f 4101/4329/4329 4102/4330/4330 3970/4198/4198
f 4040/4268/4268 3856/4084/4084 4101/4329/4329
f 4100/4328/4328 4103/4331/4331 4044/4272/4272
f 3970/4198/4198 4102/4330/4330 4099/4327/4327
f 4100/4328/4328 4044/4272/4272 4101/4329/4329
f 4204/4432/4432 4165/4393/4393 4201/4429/4429
f 4102/4330/4330 4101/4329/4329 4451/4679/4679
f 4103/4331/4331 4105/4333/4333 4208/4436/4436
f 3649/3877/3877 4103/4331/4331 4045/4273/4273
f 4165/4393/4393 4451/4679/4679 4209/4437/4437
f 4107/4335/4335 4104/4332/4332 4106/4334/4334
f 4103/4331/4331 4208/4436/4436 4044/4272/4272
f 4104/4332/4332 4105/4333/4333 4106/4334/4334
f 4166/4394/4394 4207/4435/4435 4206/4434/4434
f 3651/3879/3879 4108/4336/4336 4106/4334/4334
f 4179/4407/4407 4098/4326/4326 3923/4151/4151
f 4177/4405/4405 4176/4404/4404 4098/4326/4326
f 4179/4407/4407 4205/4433/4433 4107/4335/4335
f 4183/4411/4411 3963/4191/4191 4108/4336/4336
f 4109/4337/4337 3351/3579/3579 3354/3582/3582
f 4109/4337/4337 3700/3928/3928 4057/4285/4285
f 4210/4438/4438 4169/4397/4397 4082/4310/4310
f 4210/4438/4438 4058/4286/4286 4110/4338/4338
f 3975/4203/4203 4112/4340/4340 3394/3622/3622
f 4115/4343/4343 4118/4346/4346 4111/4339/4339
f 3387/3615/3615 3394/3622/3622 4112/4340/4340
f 4112/4340/4340 4114/4342/4342 3387/3615/3615
f 4115/4343/4343 4113/4341/4341 4118/4346/4346
f 4137/4365/4365 4136/4364/4364 4123/4351/4351
f 3387/3615/3615 4116/4344/4344 3982/4210/4210
f 4116/4344/4344 4117/4345/4345 3978/4206/4206
f 4111/4339/4339 4118/4346/4346 4060/4288/4288
f 4121/4349/4349 4123/4351/4351 4115/4343/4343
f 3978/4206/4206 4117/4345/4345 4185/4413/4413
f 4116/4344/4344 3387/3615/3615 4114/4342/4342
f 4117/4345/4345 4188/4416/4416 4185/4413/4413
f 4144/4372/4372 4120/4348/4348 4135/4363/4363
f 4125/4353/4353 4060/4288/4288 4122/4350/4350
f 4122/4350/4350 4132/4360/4360 4134/4362/4362
f 4123/4351/4351 4121/4349/4349 4119/4347/4347
f 4268/4496/4496 4252/4480/4480 4267/4495/4495
f 4200/4428/4428 3703/3931/3931 4198/4426/4426
f 4113/4341/4341 4132/4360/4360 4118/4346/4346
f 4115/4343/4343 4123/4351/4351 4113/4341/4341
f 4124/4352/4352 4119/4347/4347 4128/4356/4356
f 4060/4288/4288 4125/4353/4353 4114/4342/4342
f 4120/4348/4348 4122/4350/4350 4134/4362/4362
f 4133/4361/4361 4132/4360/4360 4113/4341/4341
f 4113/4341/4341 4123/4351/4351 4136/4364/4364
f 4270/4498/4498 4252/4480/4480 4272/4500/4500
f 4141/4369/4369 4140/4368/4368 4139/4367/4367
f 4117/4345/4345 4114/4342/4342 4125/4353/4353
f 4188/4416/4416 4117/4345/4345 4131/4359/4359
f 4134/4362/4362 4126/4354/4354 4135/4363/4363
f 4220/4448/4448 3712/3940/3940 4143/4371/4371
f 4189/4417/4417 4221/4449/4449 4220/4448/4448
f 4250/4478/4478 4137/4365/4365 4123/4351/4351
f 4128/4356/4356 4119/4347/4347 4121/4349/4349
f 4190/4418/4418 4124/4352/4352 4129/4357/4357
f 4129/4357/4357 4130/4358/4358 4061/4289/4289
f 3882/4110/4110 3975/4203/4203 4129/4357/4357
f 4061/4289/4289 4130/4358/4358 4138/4366/4366
f 4130/4358/4358 3975/4203/4203 3392/3620/3620
f 4125/4353/4353 4120/4348/4348 4131/4359/4359
f 4131/4359/4359 4117/4345/4345 4125/4353/4353
f 4132/4360/4360 4122/4350/4350 4118/4346/4346
f 4132/4360/4360 4133/4361/4361 4126/4354/4354
f 4126/4354/4354 4133/4361/4361 4143/4371/4371
f 4127/4355/4355 4133/4361/4361 4136/4364/4364
f 4134/4362/4362 4135/4363/4363 4120/4348/4348
f 4134/4362/4362 4132/4360/4360 4126/4354/4354
f 4131/4359/4359 4120/4348/4348 4144/4372/4372
f 4147/4375/4375 4144/4372/4372 4135/4363/4363
f 4136/4364/4364 4133/4361/4361 4113/4341/4341
f 4136/4364/4364 4137/4365/4365 4127/4355/4355
f 4189/4417/4417 4220/4448/4448 4219/4447/4447
f 4219/4447/4447 4127/4355/4355 4137/4365/4365
f 4190/4418/4418 4061/4289/4289 4140/4368/4368
f 4142/4370/4370 4140/4368/4368 4138/4366/4366
f 4139/4367/4367 4192/4420/4420 4193/4421/4421
f 4192/4420/4420 4139/4367/4367 4142/4370/4370
f 4190/4418/4418 4140/4368/4368 4141/4369/4369
f 4139/4367/4367 4140/4368/4368 4142/4370/4370
f 4225/4453/4453 4124/4352/4352 4141/4369/4369
f 4141/4369/4369 4268/4496/4496 4267/4495/4495
f 3588/3816/3816 4192/4420/4420 4194/4422/4422
f 3401/3629/3629 3398/3626/3626 4195/4423/4423
f 4126/4354/4354 4145/4373/4373 4135/4363/4363
f 3712/3940/3940 3709/3937/3937 4143/4371/4371
f 4063/4291/4291 4131/4359/4359 4144/4372/4372
f 4150/4378/4378 4063/4291/4291 4148/4376/4376
f 4145/4373/4373 4149/4377/4377 4135/4363/4363
f 4143/4371/4371 3709/3937/3937 4145/4373/4373
f 4147/4375/4375 4146/4374/4374 4148/4376/4376
f 3984/4212/4212 4447/4675/4675 3985/4213/4213
f 4147/4375/4375 4148/4376/4376 4144/4372/4372
f 4146/4374/4374 4147/4375/4375 4149/4377/4377
f 4148/4376/4376 4063/4291/4291 4144/4372/4372
f 3984/4212/4212 4148/4376/4376 4447/4675/4675
f 4149/4377/4377 4198/4426/4426 4146/4374/4374
f 4149/4377/4377 4200/4428/4428 4198/4426/4426
f 4150/4378/4378 4148/4376/4376 3984/4212/4212
f 4188/4416/4416 4063/4291/4291 4151/4379/4379
f 3981/4209/4209 4151/4379/4379 4187/4415/4415
f 4150/4378/4378 3986/4214/4214 4151/4379/4379
f 4065/4293/4293 3617/3845/3845 4152/4380/4380
f 4152/4380/4380 3080/3308/3308 4065/4293/4293
f 4153/4381/4381 4158/4386/4386 4156/4384/4384
f 3523/3751/3751 4396/4624/4624 4415/4643/4643
f 3912/4140/4140 4067/4295/4295 4154/4382/4382
f 4154/4382/4382 3921/4149/4149 3912/4140/4140
f 4156/4384/4384 3999/4227/4227 4155/4383/4383
f 4156/4384/4384 4155/4383/4383 4157/4385/4385
f 3999/4227/4227 4158/4386/4386 3925/4153/4153
f 4408/4636/4636 4456/4684/4684 4455/4683/4683
f 4156/4384/4384 4456/4684/4684 4153/4381/4381
f 4157/4385/4385 4071/4299/4299 4455/4683/4683
f 4166/4394/4394 3925/4153/4153 4161/4389/4389
f 4158/4386/4386 4162/4390/4390 4163/4391/4391
f 4207/4435/4435 4166/4394/4394 4159/4387/4387
f 4160/4388/4388 4165/4393/4393 4163/4391/4391
f 4448/4676/4676 4042/4270/4270 4433/4661/4661
f 4158/4386/4386 4153/4381/4381 4162/4390/4390
f 3925/4153/4153 4166/4394/4394 3923/4151/4151
f 4163/4391/4391 4162/4390/4390 4160/4388/4388
f 4158/4386/4386 4163/4391/4391 4161/4389/4389
f 4162/4390/4390 4164/4392/4392 4160/4388/4388
f 4159/4387/4387 4161/4389/4389 4163/4391/4391
f 4159/4387/4387 4209/4437/4437 4207/4435/4435
f 4201/4429/4429 4203/4431/4431 4042/4270/4270
f 4414/4642/4642 4403/4631/4631 4409/4637/4637
f 4165/4393/4393 4159/4387/4387 4163/4391/4391
f 4204/4432/4432 4102/4330/4330 4165/4393/4393
f 4166/4394/4394 4205/4433/4433 3923/4151/4151
f 4161/4389/4389 4159/4387/4387 4166/4394/4394
f 4003/4231/4231 4167/4395/4395 3465/3693/3693
f 4167/4395/4395 4070/4298/4298 3997/4225/4225
f 4082/4310/4310 3941/4169/4169 4168/4396/4396
f 4168/4396/4396 4055/4283/4283 4082/4310/4310
f 4084/4312/4312 4080/4308/4308 4169/4397/4397
f 4170/4398/4398 4084/4312/4312 4169/4397/4397
f 4230/4458/4458 4211/4439/4439 4079/4307/4307
f 4238/4466/4466 4213/4441/4441 4240/4468/4468
f 4016/4244/4244 3947/4175/4175 4171/4399/4399
f 4171/4399/4399 4088/4316/4316 4016/4244/4244
f 4244/4472/4472 4087/4315/4315 4215/4443/4443
f 4271/4499/4499 4453/4681/4681 4277/4505/4505
f 4173/4401/4401 3947/4175/4175 4014/4242/4242
f 4173/4401/4401 4214/4442/4442 4089/4317/4317
f 4174/4402/4402 4444/4672/4672 3959/4187/4187
f 4094/4322/4322 3827/4055/4055 4174/4402/4402
f 4172/4400/4400 4257/4485/4485 4237/4465/4465
f 4218/4446/4446 3956/4184/4184 3814/4042/4042
f 4176/4404/4404 4177/4405/4405 3849/4077/4077
f 4176/4404/4404 3920/4148/4148 4098/4326/4326
f 4177/4405/4405 4178/4406/4406 3849/4077/4077
f 4108/4336/4336 4179/4407/4407 4107/4335/4335
f 4178/4406/4406 4038/4266/4266 3849/4077/4077
f 4178/4406/4406 4108/4336/4336 3963/4191/4191
f 4177/4405/4405 4098/4326/4326 4179/4407/4407
f 4179/4407/4407 4108/4336/4336 4177/4405/4405
f 4180/4408/4408 4365/4593/4593 3291/3519/3519
f 4181/4409/4409 3287/3515/3515 4448/4676/4676
f 4429/4657/4657 4421/4649/4649 4426/4654/4654
f 4201/4429/4429 4160/4388/4388 4203/4431/4431
f 4182/4410/4410 4105/4333/4333 3649/3877/3877
f 4182/4410/4410 3651/3879/3879 4106/4334/4334
f 4183/4411/4411 3965/4193/4193 3963/4191/4191
f 4108/4336/4336 3651/3879/3879 4183/4411/4411
f 4110/4338/4338 4050/4278/4278 4184/4412/4412
f 4110/4338/4338 4184/4412/4412 4233/4461/4461
f 4185/4413/4413 3980/4208/4208 3978/4206/4206
f 4185/4413/4413 4188/4416/4416 3981/4209/4209
f 3884/4112/4112 3980/4208/4208 4186/4414/4414
f 3884/4112/4112 4187/4415/4415 3717/3945/3945
f 4187/4415/4415 4064/4292/4292 3717/3945/3945
f 4186/4414/4414 3981/4209/4209 4187/4415/4415
f 4188/4416/4416 4151/4379/4379 3981/4209/4209
f 4188/4416/4416 4131/4359/4359 4063/4291/4291
f 4056/4284/4284 4234/4462/4462 4233/4461/4461
f 4170/4398/4398 4231/4459/4459 4230/4458/4458
f 4190/4418/4418 4129/4357/4357 4061/4289/4289
f 4141/4369/4369 4124/4352/4352 4190/4418/4418
f 4124/4352/4352 4225/4453/4453 4248/4476/4476
f 4250/4478/4478 4224/4452/4452 4223/4451/4451
f 4268/4496/4496 4139/4367/4367 4193/4421/4421
f 4226/4454/4454 3588/3816/3816 4194/4422/4422
f 4193/4421/4421 3595/3823/3823 3593/3821/3821
f 4192/4420/4420 3588/3816/3816 4193/4421/4421
f 3199/3427/3427 4197/4425/4425 4227/4455/4455
f 4194/4422/4422 4192/4420/4420 4196/4424/4424
f 4142/4370/4370 3401/3629/3629 4195/4423/4423
f 4192/4420/4420 4142/4370/4370 4196/4424/4424
f 4194/4422/4422 4196/4424/4424 4197/4425/4425
f 4196/4424/4424 4195/4423/4423 4227/4455/4455
f 3579/3807/3807 4194/4422/4422 4197/4425/4425
f 4229/4457/4457 4197/4425/4425 4228/4456/4456
f 4146/4374/4374 4198/4426/4426 4199/4427/4427
f 4198/4426/4426 3703/3931/3931 3710/3938/3938
f 4199/4427/4427 4447/4675/4675 4146/4374/4374
f 4199/4427/4427 3988/4216/4216 3885/4113/4113
f 3703/3931/3931 4200/4428/4428 3707/3935/3935
f 4149/4377/4377 3709/3937/3937 4200/4428/4428
f 4202/4430/4430 4042/4270/4270 4203/4431/4431
f 4165/4393/4393 4160/4388/4388 4201/4429/4429
f 4419/4647/4647 4416/4644/4644 4421/4649/4649
f 3523/3751/3751 4415/4643/4643 4414/4642/4642
f 4203/4431/4431 4461/4689/4689 4202/4430/4430
f 4160/4388/4388 4164/4392/4392 4203/4431/4431
f 4204/4432/4432 4099/4327/4327 4102/4330/4330
f 4204/4432/4432 4201/4429/4429 4042/4270/4270
f 4205/4433/4433 4179/4407/4407 3923/4151/4151
f 4107/4335/4335 4206/4434/4434 4104/4332/4332
f 4104/4332/4332 4206/4434/4434 4207/4435/4435
f 4205/4433/4433 4166/4394/4394 4206/4434/4434
f 4208/4436/4436 4104/4332/4332 4207/4435/4435
f 4165/4393/4393 4209/4437/4437 4159/4387/4387
f 4208/4436/4436 4105/4333/4333 4104/4332/4332
f 4209/4437/4437 4451/4679/4679 4208/4436/4436
f 4208/4436/4436 4207/4435/4435 4209/4437/4437
f 4044/4272/4272 4208/4436/4436 4451/4679/4679
f 4210/4438/4438 4082/4310/4310 4058/4286/4286
f 4110/4338/4338 4170/4398/4398 4210/4438/4438
f 4212/4440/4440 4232/4460/4460 4231/4459/4459
f 4184/4412/4412 4056/4284/4284 4233/4461/4461
f 4211/4439/4439 4232/4460/4460 4241/4469/4469
f 3705/3933/3933 4235/4463/4463 4059/4287/4287
f 4173/4401/4401 4083/4311/4311 4214/4442/4442
f 4237/4465/4465 4213/4441/4441 4238/4466/4466
f 4089/4317/4317 4214/4442/4442 4215/4443/4443
f 4214/4442/4442 4083/4311/4311 4213/4441/4441
f 4087/4315/4315 4089/4317/4317 4215/4443/4443
f 4244/4472/4472 4243/4471/4471 4087/4315/4315
f 4216/4444/4444 4093/4321/4321 4094/4322/4322
f 4216/4444/4444 4217/4445/4445 4175/4403/4403
f 4217/4445/4445 4218/4446/4446 4175/4403/4403
f 3956/4184/4184 4217/4445/4445 4021/4249/4249
f 4244/4472/4472 4259/4487/4487 4218/4446/4446
f 4218/4446/4446 4243/4471/4471 4244/4472/4472
f 4219/4447/4447 4220/4448/4448 4127/4355/4355
f 4223/4451/4451 4273/4501/4501 4219/4447/4447
f 4220/4448/4448 4143/4371/4371 4127/4355/4355
f 3712/3940/3940 4220/4448/4448 4221/4449/4449
f 4245/4473/4473 3712/3940/3940 4221/4449/4449
f 4246/4474/4474 3702/3930/3930 4245/4473/4473
f 4234/4462/4462 4236/4464/4464 4255/4483/4483
f 4265/4493/4493 4191/4419/4419 4251/4479/4479
f 4219/4447/4447 4273/4501/4501 4189/4417/4417
f 4275/4503/4503 4222/4450/4450 4223/4451/4451
f 4266/4494/4494 4224/4452/4452 4251/4479/4479
f 4225/4453/4453 4265/4493/4493 4248/4476/4476
f 4124/4352/4352 4248/4476/4476 4119/4347/4347
f 4269/4497/4497 4265/4493/4493 4225/4453/4453
f 3588/3816/3816 4253/4481/4481 3591/3819/3819
f 3579/3807/3807 3581/3809/3809 4226/4454/4454
f 4227/4455/4455 3395/3623/3623 3199/3427/3427
f 3398/3626/3626 4227/4455/4455 4195/4423/4423
f 4228/4456/4456 3200/3428/3428 3201/3429/3429
f 4197/4425/4425 3199/3427/3427 4228/4456/4456
f 4229/4457/4457 3580/3808/3808 3579/3807/3807
f 4228/4456/4456 3201/3429/3429 4229/4457/4457
f 4230/4458/4458 4079/4307/4307 4084/4312/4312
f 4230/4458/4458 4231/4459/4459 4211/4439/4439
f 4231/4459/4459 4232/4460/4460 4211/4439/4439
f 4212/4440/4440 4231/4459/4459 4233/4461/4461
f 4241/4469/4469 4240/4468/4468 4211/4439/4439
f 4236/4464/4464 4189/4417/4417 4256/4484/4484
f 4233/4461/4461 4170/4398/4398 4110/4338/4338
f 4233/4461/4461 4234/4462/4462 4212/4440/4440
f 4232/4460/4460 4255/4483/4483 4254/4482/4482
f 4236/4464/4464 4235/4463/4463 3705/3933/3933
f 4234/4462/4462 4056/4284/4284 4235/4463/4463
f 4235/4463/4463 4236/4464/4464 4234/4462/4462
f 4255/4483/4483 4212/4440/4440 4234/4462/4462
f 4264/4492/4492 4221/4449/4449 4274/4502/4502
f 4237/4465/4465 4238/4466/4466 4172/4400/4400
f 4237/4465/4465 4214/4442/4442 4213/4441/4441
f 4452/4680/4680 4172/4400/4400 4238/4466/4466
f 4240/4468/4468 4213/4441/4441 4079/4307/4307
f 4172/4400/4400 4258/4486/4486 4257/4485/4485
f 4288/4516/4516 4275/4503/4503 4266/4494/4494
f 4238/4466/4466 4240/4468/4468 4241/4469/4469
f 4079/4307/4307 4211/4439/4439 4240/4468/4468
f 4239/4467/4467 4238/4466/4466 4241/4469/4469
f 4291/4519/4519 4301/4529/4529 4292/4520/4520
f 4175/4403/4403 4259/4487/4487 4260/4488/4488
f 4259/4487/4487 4242/4470/4470 4260/4488/4488
f 4243/4471/4471 4088/4316/4316 4087/4315/4315
f 4218/4446/4446 3814/4042/4042 4243/4471/4471
f 4218/4446/4446 4259/4487/4487 4175/4403/4403
f 4242/4470/4470 4244/4472/4472 4257/4485/4485
f 4245/4473/4473 3711/3939/3939 3712/3940/3940
f 3702/3930/3930 4246/4474/4474 3695/3923/3923
f 4246/4474/4474 4247/4475/4475 3695/3923/3923
f 4245/4473/4473 4221/4449/4449 4246/4474/4474
f 4247/4475/4475 3704/3932/3932 3695/3923/3923
f 4247/4475/4475 4264/4492/4492 3705/3933/3933
f 4249/4477/4477 4119/4347/4347 4248/4476/4476
f 4265/4493/4493 4251/4479/4479 4249/4477/4477
f 4249/4477/4477 4250/4478/4478 4119/4347/4347
f 4224/4452/4452 4249/4477/4477 4251/4479/4479
f 4250/4478/4478 4123/4351/4351 4119/4347/4347
f 4250/4478/4478 4223/4451/4451 4137/4365/4365
f 4224/4452/4452 4266/4494/4494 4275/4503/4503
f 4271/4499/4499 4262/4490/4490 4294/4522/4522
f 4269/4497/4497 4252/4480/4480 4270/4498/4498
f 4252/4480/4480 4279/4507/4507 4272/4500/4500
f 4253/4481/4481 3586/3814/3814 3591/3819/3819
f 4226/4454/4454 3581/3809/3809 4253/4481/4481
f 4241/4469/4469 4301/4529/4529 4239/4467/4467
f 4223/4451/4451 4222/4450/4450 4273/4501/4501
f 4255/4483/4483 4232/4460/4460 4212/4440/4440
f 4255/4483/4483 4236/4464/4464 4254/4482/4482
f 4254/4482/4482 4236/4464/4464 4256/4484/4484
f 4254/4482/4482 4289/4517/4517 4276/4504/4504
f 4257/4485/4485 4244/4472/4472 4215/4443/4443
f 4257/4485/4485 4258/4486/4486 4242/4470/4470
f 4242/4470/4470 4263/4491/4491 4260/4488/4488
f 4262/4490/4490 4263/4491/4491 4258/4486/4486
f 4175/4403/4403 4260/4488/4488 4093/4321/4321
f 4244/4472/4472 4242/4470/4470 4259/4487/4487
f 4093/4321/4321 4261/4489/4489 4095/4323/4323
f 4093/4321/4321 4260/4488/4488 4261/4489/4489
f 4096/4324/4324 4261/4489/4489 4298/4526/4526
f 4263/4491/4491 4242/4470/4470 4258/4486/4486
f 4297/4525/4525 4296/4524/4524 4280/4508/4508
f 4277/4505/4505 4191/4419/4419 4271/4499/4499
f 4261/4489/4489 4260/4488/4488 4263/4491/4491
f 4263/4491/4491 4262/4490/4490 4261/4489/4489
f 3705/3933/3933 4274/4502/4502 4236/4464/4464
f 4246/4474/4474 4221/4449/4449 4264/4492/4492
f 4191/4419/4419 4265/4493/4493 4269/4497/4497
f 4265/4493/4493 4249/4477/4477 4248/4476/4476
f 4276/4504/4504 4289/4517/4517 4288/4516/4516
f 4294/4522/4522 4278/4506/4506 4271/4499/4499
f 4267/4495/4495 4269/4497/4497 4225/4453/4453
f 4252/4480/4480 4268/4496/4496 3593/3821/3821
f 4268/4496/4496 4193/4421/4421 3593/3821/3821
f 4141/4369/4369 4139/4367/4367 4268/4496/4496
f 4269/4497/4497 4270/4498/4498 4191/4419/4419
f 4269/4497/4497 4267/4495/4495 4252/4480/4480
f 4191/4419/4419 4296/4524/4524 4271/4499/4499
f 3596/3824/3824 4272/4500/4500 4279/4507/4507
f 4191/4419/4419 4277/4505/4505 4251/4479/4479
f 4280/4508/4508 4298/4526/4526 4297/4525/4525
f 4295/4523/4523 4270/4498/4498 4272/4500/4500
f 4281/4509/4509 4283/4511/4511 4284/4512/4512
f 4256/4484/4484 4189/4417/4417 4273/4501/4501
f 4273/4501/4501 4222/4450/4450 4256/4484/4484
f 4274/4502/4502 4221/4449/4449 4189/4417/4417
f 4274/4502/4502 3705/3933/3933 4264/4492/4492
f 4275/4503/4503 4223/4451/4451 4224/4452/4452
f 4275/4503/4503 4288/4516/4516 4222/4450/4450
f 4254/4482/4482 4292/4520/4520 4232/4460/4460
f 4290/4518/4518 4293/4521/4521 4291/4519/4519
f 4453/4681/4681 4266/4494/4494 4251/4479/4479
f 4453/4681/4681 4271/4499/4499 4278/4506/4506
f 4266/4494/4494 4290/4518/4518 4288/4516/4516
f 4293/4521/4521 4290/4518/4518 4278/4506/4506
f 3593/3821/3821 3596/3824/3824 4279/4507/4507
f 4252/4480/4480 3593/3821/3821 4279/4507/4507
f 4296/4524/4524 4295/4523/4523 4280/4508/4508
f 4282/4510/4510 4302/4530/4530 4284/4512/4512
f 4272/4500/4500 4284/4512/4512 4295/4523/4523
f 4302/4530/4530 4300/4528/4528 4299/4527/4527
f 4282/4510/4510 4286/4514/4514 4287/4515/4515
f 4286/4514/4514 4285/4513/4513 3826/4054/4054
f 4272/4500/4500 4281/4509/4509 4284/4512/4512
f 4283/4511/4511 4285/4513/4513 4282/4510/4510
f 4284/4512/4512 4299/4527/4527 4280/4508/4508
f 4283/4511/4511 4282/4510/4510 4284/4512/4512
f 4282/4510/4510 4285/4513/4513 4286/4514/4514
f 4285/4513/4513 3592/3820/3820 3597/3825/3825
f 4287/4515/4515 4302/4530/4530 4282/4510/4510
f 4286/4514/4514 4443/4671/4671 4018/4246/4246
f 4287/4515/4515 4092/4320/4320 4091/4319/4319
f 4286/4514/4514 4018/4246/4246 4287/4515/4515
f 4288/4516/4516 4289/4517/4517 4222/4450/4450
f 4288/4516/4516 4290/4518/4518 4276/4504/4504
f 4256/4484/4484 4222/4450/4450 4289/4517/4517
f 4289/4517/4517 4254/4482/4482 4256/4484/4484
f 4290/4518/4518 4291/4519/4519 4276/4504/4504
f 4290/4518/4518 4453/4681/4681 4278/4506/4506
f 4291/4519/4519 4292/4520/4520 4276/4504/4504
f 4239/4467/4467 4291/4519/4519 4293/4521/4521
f 4292/4520/4520 4254/4482/4482 4276/4504/4504
f 4232/4460/4460 4301/4529/4529 4241/4469/4469
f 4293/4521/4521 4452/4680/4680 4239/4467/4467
f 4258/4486/4486 4294/4522/4522 4262/4490/4490
f 4293/4521/4521 4278/4506/4506 4294/4522/4522
f 4294/4522/4522 4258/4486/4486 4293/4521/4521
f 4295/4523/4523 4296/4524/4524 4270/4498/4498
f 4295/4523/4523 4284/4512/4512 4280/4508/4508
f 4296/4524/4524 4191/4419/4419 4270/4498/4498
f 4271/4499/4499 4296/4524/4524 4297/4525/4525
f 4262/4490/4490 4271/4499/4499 4297/4525/4525
f 4297/4525/4525 4298/4526/4526 4262/4490/4490
f 4298/4526/4526 4261/4489/4489 4262/4490/4490
f 4096/4324/4324 4298/4526/4526 4299/4527/4527
f 4299/4527/4527 4298/4526/4526 4280/4508/4508
f 4299/4527/4527 4300/4528/4528 4096/4324/4324
f 4300/4528/4528 4095/4323/4323 4096/4324/4324
f 4302/4530/4530 4287/4515/4515 4091/4319/4319
f 4301/4529/4529 4291/4519/4519 4239/4467/4467
f 4301/4529/4529 4232/4460/4460 4292/4520/4520
f 4302/4530/4530 4299/4527/4527 4284/4512/4512
f 4300/4528/4528 4302/4530/4530 4091/4319/4319
f 4303/4531/4531 840/1064/1064 922/1150/1150
f 4303/4531/4531 838/1062/1062 839/1063/1063
f 4304/4532/4532 719/768/768 892/1120/1120
f 4304/4532/4532 721/770/770 720/769/769
f 4305/4533/4533 1255/1483/1483 1264/1492/1492
f 4305/4533/4533 1973/2201/2201 1263/1491/1491
f 4306/4534/4534 1258/1486/1486 1266/1494/1494
f 4306/4534/4534 1967/2195/2195 1265/1493/1493
f 1337/1565/1565 1315/1543/1543 4307/4535/4535
f 4307/4535/4535 1339/1567/1567 1337/1565/1565
f 4308/4536/4536 1499/1727/1727 1494/1722/1722
f 4308/4536/4536 568/582/582 569/583/583
f 1540/1768/1768 1508/1736/1736 4309/4537/4537
f 4309/4537/4537 1542/1770/1770 1540/1768/1768
f 4310/4538/4538 415/419/419 416/420/420
f 4310/4538/4538 1564/1792/1792 1562/1790/1790
f 4311/4539/4539 1621/1849/1849 226/610/610
f 4311/4539/4539 425/1016/1016 1623/1851/1851
f 4312/4540/4540 634/658/658 1661/1889/1889
f 4312/4540/4540 2344/2572/2572 635/659/659
f 4313/4541/4541 2352/2580/2580 1669/1897/1897
f 4313/4541/4541 655/687/687 1670/1898/1898
f 1703/1931/1931 1680/1908/1908 4314/4542/4542
f 4314/4542/4542 1705/1933/1933 1703/1931/1931
f 4315/4543/4543 1735/1963/1963 1730/1958/1958
f 4315/4543/4543 651/695/695 650/696/696
f 4316/4544/4544 387/387/387 1775/2003/2003
f 4316/4544/4544 2430/2658/2658 388/388/388
f 4317/4545/4545 1295/1523/1523 1288/1516/1516
f 4317/4545/4545 1808/2036/2036 1302/1530/1530
f 4318/4546/4546 1815/2043/2043 188/1069/1069
f 4318/4546/4546 439/800/800 1817/2045/2045
f 4319/4547/4547 188/1069/1069 1244/1472/1472
f 4319/4547/4547 1991/2219/2219 1818/2046/2046
f 1830/2058/2058 1173/1401/1401 4320/4548/4548
f 4320/4548/4548 1831/2059/2059 1830/2058/2058
f 1914/2142/2142 1854/2082/2082 4321/4549/4549
f 4321/4549/4549 1916/2144/2144 1914/2142/2142
f 4322/4550/4550 431/437/437 430/436/436
f 4322/4550/4550 1929/2157/2157 1927/2155/2155
f 4323/4551/4551 1330/1558/1558 458/466/466
f 2038/2266/2266 1312/1540/1540 4323/4551/4551
f 4324/4552/4552 1533/1761/1761 644/668/668
f 2177/2405/2405 1505/1733/1733 4324/4552/4552
f 4325/4553/4553 2712/2940/2940 1556/1784/1784
f 4325/4553/4553 2234/2462/2462 2210/2438/2438
f 4326/4554/4554 1063/1291/1291 1062/1290/1290
f 4326/4554/4554 2245/2473/2473 2243/2471/2471
f 4327/4555/4555 1645/1873/1873 1638/1866/1866
f 4327/4555/4555 2794/3022/3022 1646/1874/1874
f 4328/4556/4556 1696/1924/1924 486/496/496
f 2364/2592/2592 1677/1905/1905 4328/4556/4556
f 4329/4557/4557 1718/1946/1946 1748/1976/1976
f 4329/4557/4557 2881/3109/3109 1713/1941/1941
f 4330/4558/4558 1907/2135/2135 773/1040/1040
f 2473/2701/2701 1851/2079/2079 4330/4558/4558
f 4331/4559/4559 2957/3185/3185 1921/2149/2149
f 4331/4559/4559 2531/2759/2759 2517/2745/2745
f 4332/4560/4560 1216/1444/1444 1245/1473/1473
f 2550/2778/2778 1946/2174/2174 4332/4560/4560
f 4333/4561/4561 2000/2228/2228 1998/2226/2226
f 4333/4561/4561 2150/2378/2378 2554/2782/2782
f 4334/4562/4562 3030/3258/3258 2655/2883/2883
f 4334/4562/4562 3414/3642/3642 2153/2381/2381
f 4335/4563/4563 4337/4565/4565 2672/2900/2900
f 2001/2229/2229 4338/4566/4566 1998/2226/2226
f 4336/4564/4564 2669/2897/2897 2555/2783/2783
f 4336/4564/4564 2672/2900/2900 2678/2906/2906
f 4339/4567/4567 2672/2900/2900 4337/4565/4565
f 2680/2908/2908 4339/4567/4567 4340/4568/4568
f 4337/4565/4565 4335/4563/4563 4338/4566/4566
f 4338/4566/4566 2132/2360/2360 4337/4565/4565
f 2672/2900/2900 4341/4569/4569 2679/2907/2907
f 4343/4571/4571 2680/2908/2908 4340/4568/4568
f 2015/2243/2243 2136/2364/2364 4342/4570/4570
f 4339/4567/4567 4337/4565/4565 4340/4568/4568
f 4341/4569/4569 2149/2377/2377 2679/2907/2907
f 4341/4569/4569 2680/2908/2908 3026/3254/3254
f 4342/4570/4570 4337/4565/4565 2132/2360/2360
f 4342/4570/4570 2136/2364/2364 4340/4568/4568
f 4343/4571/4571 4340/4568/4568 2136/2364/2364
f 4343/4571/4571 3027/3255/3255 2680/2908/2908
f 4344/4572/4572 2186/2414/2414 2182/2410/2410
f 4344/4572/4572 1541/1769/1769 1544/1772/1772
f 4345/4573/4573 1047/1275/1275 2268/2496/2496
f 4345/4573/4573 2262/2490/2490 1048/1276/1276
f 1639/1867/1867 4346/4574/4574 2803/3031/3031
f 4346/4574/4574 2322/2550/2550 2801/3029/3029
f 4347/4575/4575 2330/2558/2558 2322/2550/2550
f 4347/4575/4575 3161/3389/3389 2328/2556/2556
f 4348/4576/4576 1783/2011/2011 2833/3061/3061
f 4348/4576/4576 4349/4577/4577 1776/2004/2004
f 4349/4577/4577 1777/2005/2005 1776/2004/2004
f 4349/4577/4577 4350/4578/4578 1778/2006/2006
f 4350/4578/4578 2430/2658/2658 1778/2006/2006
f 2905/3133/3133 2431/2659/2659 4351/4579/4579
f 4351/4579/4579 4349/4577/4577 4348/4576/4576
f 4351/4579/4579 2431/2659/2659 4350/4578/4578
f 4352/4580/4580 2349/2577/2577 1662/1890/1890
f 4352/4580/4580 1665/1893/1893 2839/3067/3067
f 4353/4581/4581 2482/2710/2710 2478/2706/2706
f 4353/4581/4581 1915/2143/2143 1918/2146/2146
f 4354/4582/4582 2598/2826/2826 2050/2278/2278
f 4354/4582/4582 2993/3221/3221 2995/3223/3223
f 4355/4583/4583 1583/1811/1811 1581/1809/1809
f 4355/4583/4583 3050/3278/3278 2239/2467/2467
f 4356/4584/4584 1604/1832/1832 1603/1831/1831
f 3136/3364/3364 1605/1833/1833 4356/4584/4584
f 3136/3364/3364 3135/3363/3363 4357/4585/4585
f 4357/4585/4585 3535/3763/3763 3136/3364/3364
f 4358/4586/4586 3537/3765/3765 2260/2488/2488
f 3140/3368/3368 4358/4586/4586 3531/3759/3759
f 4359/4587/4587 3147/3375/3375 3145/3373/3373
f 4359/4587/4587 3822/4050/4050 3167/3395/3395
f 4360/4588/4588 4361/4589/4589 2424/2652/2652
f 4360/4588/4588 3629/3857/3857 2899/3127/3127
f 4361/4589/4589 2892/3120/3120 2424/2652/2652
f 3247/3475/3475 4361/4589/4589 2898/3126/3126
f 4362/4590/4590 3608/3836/3836 2258/2486/2486
f 4362/4590/4590 3080/3308/3308 3239/3467/3467
f 4363/4591/4591 3254/3482/3482 3252/3480/3480
f 4363/4591/4591 3655/3883/3883 3256/3484/3484
f 3276/3504/3504 3263/3491/3491 4364/4592/4592
f 3276/3504/3504 4364/4592/4592 3662/3890/3890
f 4365/4593/4593 3289/3517/3517 3273/3501/3501
f 4365/4593/4593 4180/4408/4408 3287/3515/3515
f 4366/4594/4594 3677/3905/3905 3317/3545/3545
f 4366/4594/4594 3674/3902/3902 3318/3546/3546
f 4367/4595/4595 3369/3597/3597 3018/3246/3246
f 4367/4595/4595 3977/4205/4205 3365/3593/3593
f 4368/4596/4596 3391/3619/3619 3389/3617/3617
f 3401/3629/3629 3392/3620/3620 4368/4596/4596
f 4369/4597/4597 3718/3946/3946 2828/3056/3056
f 4369/4597/4597 3396/3624/3624 3384/3612/3612
f 4370/4598/4598 3405/3633/3633 2341/2569/2569
f 4370/4598/4598 3196/3424/3424 3403/3631/3631
f 4371/4599/4599 3040/3268/3268 3037/3265/3265
f 4371/4599/4599 3442/3670/3670 2200/2428/2428
f 4372/4600/4600 2766/2994/2994 3112/3340/3340
f 4372/4600/4600 3487/3715/3715 3114/3342/3342
f 4373/4601/4601 3003/3231/3231 2608/2836/2836
f 4373/4601/4601 4374/4602/4602 2609/2837/2837
f 4374/4602/4602 3553/3781/3781 2109/2337/2337
f 4374/4602/4602 4373/4601/4601 3555/3783/3783
f 4375/4603/4603 3595/3823/3823 3584/3812/3812
f 4375/4603/4603 3592/3820/3820 3596/3824/3824
f 4376/4604/4604 4378/4606/4606 4377/4605/4605
f 4378/4606/4606 4376/4604/4604 4379/4607/4607
f 4377/4605/4605 2898/3126/3126 2899/3127/3127
f 4377/4605/4605 4378/4606/4606 2426/2654/2654
f 4378/4606/4606 2427/2655/2655 2426/2654/2654
f 4378/4606/4606 4379/4607/4607 1771/1999/1999
f 4379/4607/4607 2428/2656/2656 1771/1999/1999
f 2901/3129/3129 2429/2657/2657 4380/4608/4608
f 4382/4610/4610 4380/4608/4608 4381/4609/4609
f 4381/4609/4609 4376/4604/4604 3629/3857/3857
f 4381/4609/4609 4379/4607/4607 4376/4604/4604
f 4380/4608/4608 4382/4610/4610 2902/3130/3130
f 4382/4610/4610 4383/4611/4611 2902/3130/3130
f 3629/3857/3857 3623/3851/3851 4382/4610/4610
f 4383/4611/4611 4384/4612/4612 2902/3130/3130
f 4383/4611/4611 3623/3851/3851 3639/3867/3867
f 4384/4612/4612 3635/3863/3863 2902/3130/3130
f 4384/4612/4612 3638/3866/3866 3240/3468/3468
f 4385/4613/4613 3638/3866/3866 3631/3859/3859
f 4385/4613/4613 3245/3473/3473 2893/3121/3121
f 4386/4614/4614 3633/3861/3861 3852/4080/4080
f 3245/3473/3473 4385/4613/4613 4386/4614/4614
f 4387/4615/4615 2443/2671/2671 3260/3488/3488
f 4387/4615/4615 3256/3484/3484 3654/3882/3882
f 4388/4616/4616 3324/3552/3552 2046/2274/2274
f 4388/4616/4616 3331/3559/3559 3325/3553/3553
f 4389/4617/4617 3410/3638/3638 3022/3250/3250
f 4389/4617/4617 3409/3637/3637 3411/3639/3639
f 3808/4036/4036 3452/3680/3680 4390/4618/4618
f 3808/4036/4036 4391/4619/4619 3806/4034/4034
f 4391/4619/4619 3748/3976/3976 3794/4022/4022
f 4391/4619/4619 3808/4036/4036 4390/4618/4618
f 4392/4620/4620 3771/3999/3999 3486/3714/3714
f 4392/4620/4620 4393/4621/4621 3762/3990/3990
f 4393/4621/4621 3777/4005/4005 3762/3990/3990
f 3758/3986/3986 3757/3985/3985 4394/4622/4622
f 4394/4622/4622 3756/3984/3984 3758/3986/3986
f 4393/4621/4621 3489/3717/3717 4394/4622/4622
f 3517/3745/3745 3519/3747/3747 4395/4623/4623
f 3517/3745/3745 4396/4624/4624 4397/4625/4625
f 4403/4631/4631 4414/4642/4642 4413/4641/4641
f 4418/4646/4646 4415/4643/4643 4396/4624/4624
f 4397/4625/4625 3522/3750/3750 3517/3745/3745
f 4396/4624/4624 3523/3751/3751 4397/4625/4625
f 4435/4663/4663 3521/3749/3749 4399/4627/4627
f 4397/4625/4625 3523/3751/3751 4398/4626/4626
f 4402/4630/4630 4401/4629/4629 4400/4628/4628
f 4399/4627/4627 4398/4626/4626 4409/4637/4637
f 4411/4639/4639 4400/4628/4628 4403/4631/4631
f 4409/4637/4637 4403/4631/4631 4401/4629/4629
f 4401/4629/4629 4402/4630/4630 3803/4031/4031
f 4400/4628/4628 4401/4629/4629 4403/4631/4631
f 4402/4630/4630 3800/4028/4028 3803/4031/4031
f 4004/4232/4232 3812/4040/4040 4404/4632/4632
f 4407/4635/4635 4405/4633/4633 4400/4628/4628
f 4413/4641/4641 4411/4639/4639 4403/4631/4631
f 4445/4673/4673 4004/4232/4232 4405/4633/4633
f 4402/4630/4630 4400/4628/4628 4404/4632/4632
f 4405/4633/4633 4407/4635/4635 4073/4301/4301
f 4404/4632/4632 4400/4628/4628 4405/4633/4633
f 4454/4682/4682 4073/4301/4301 4408/4636/4636
f 4432/4660/4660 4431/4659/4659 4422/4650/4650
f 4407/4635/4635 4408/4636/4636 4073/4301/4301
f 4406/4634/4634 4407/4635/4635 4411/4639/4639
f 4069/4297/4297 4454/4682/4682 4455/4683/4683
f 4456/4684/4684 4408/4636/4636 4457/4685/4685
f 4409/4637/4637 4398/4626/4626 3523/3751/3751
f 4409/4637/4637 4401/4629/4629 4399/4627/4627
f 4411/4639/4639 4459/4687/4687 4406/4634/4634
f 4419/4647/4647 4410/4638/4638 4416/4644/4644
f 4411/4639/4639 4407/4635/4635 4400/4628/4628
f 4411/4639/4639 4413/4641/4641 4459/4687/4687
f 4457/4685/4685 4408/4636/4636 4458/4686/4686
f 4422/4650/4650 4412/4640/4640 4420/4648/4648
f 4410/4638/4638 4412/4640/4640 4413/4641/4641
f 4413/4641/4641 4414/4642/4642 4410/4638/4638
f 4410/4638/4638 4414/4642/4642 4415/4643/4643
f 4414/4642/4642 4409/4637/4637 3523/3751/3751
f 4416/4644/4644 4410/4638/4638 4415/4643/4643
f 4416/4644/4644 4415/4643/4643 4418/4646/4646
f 4410/4638/4638 4419/4647/4647 4420/4648/4648
f 3769/3997/3997 4416/4644/4644 4418/4646/4646
f 4202/4430/4430 4433/4661/4661 4042/4270/4270
f 4181/4409/4409 4449/4677/4677 3287/3515/3515
f 4418/4646/4646 4423/4651/4651 3769/3997/3997
f 3768/3996/3996 4424/4652/4652 4395/4623/4623
f 4410/4638/4638 4420/4648/4648 4412/4640/4640
f 4417/4645/4645 4419/4647/4647 4421/4649/4649
f 4413/4641/4641 4412/4640/4640 4459/4687/4687
f 4420/4648/4648 4419/4647/4647 4432/4660/4660
f 4421/4649/4649 4427/4655/4655 4417/4645/4645
f 4426/4654/4654 4434/4662/4662 4429/4657/4657
f 4422/4650/4650 4461/4689/4689 4462/4690/4690
f 4433/4661/4661 4202/4430/4430 4431/4659/4659
f 3769/3997/3997 4423/4651/4651 4430/4658/4658
f 4423/4651/4651 4460/4688/4688 3766/3994/3994
f 4418/4646/4646 4396/4624/4624 4424/4652/4652
f 4418/4646/4646 4424/4652/4652 4460/4688/4688
f 4428/4656/4656 4427/4655/4655 4425/4653/4653
f 4467/4695/4695 3288/3516/3516 3282/3510/3510
f 4421/4649/4649 3769/3997/3997 4426/4654/4654
f 4429/4657/4657 4427/4655/4655 4421/4649/4649
f 4427/4655/4655 4428/4656/4656 4417/4645/4645
f 4425/4653/4653 4427/4655/4655 4429/4657/4657
f 4417/4645/4645 4428/4656/4656 4431/4659/4659
f 4449/4677/4677 4181/4409/4409 4450/4678/4678
f 4429/4657/4657 4467/4695/4695 4425/4653/4653
f 4429/4657/4657 4434/4662/4662 3290/3518/3518
f 4430/4658/4658 3767/3995/3995 3770/3998/3998
f 3761/3989/3989 4430/4658/4658 4423/4651/4651
f 4431/4659/4659 4432/4660/4660 4417/4645/4645
f 4431/4659/4659 4461/4689/4689 4422/4650/4650
f 4432/4660/4660 4419/4647/4647 4417/4645/4645
f 4432/4660/4660 4422/4650/4650 4420/4648/4648
f 4428/4656/4656 4181/4409/4409 4433/4661/4661
f 4433/4661/4661 4431/4659/4659 4428/4656/4656
f 4434/4662/4662 3776/4004/4004 3290/3518/3518
f 4434/4662/4662 4426/4654/4654 3770/3998/3998
f 4435/4663/4663 3798/4026/4026 3521/3749/3749
f 4435/4663/4663 3801/4029/4029 3799/4027/4027
f 4436/4664/4664 3178/3406/3406 2334/2562/2562
f 4436/4664/4664 3597/3825/3825 3177/3405/3405
f 4437/4665/4665 3889/4117/4117 3735/3963/3963
f 4437/4665/4665 2754/2982/2982 3890/4118/4118
f 4438/4666/4666 1443/1671/1671 1442/1670/1670
f 4438/4666/4666 4439/4667/4667 1439/1667/1667
f 4439/4667/4667 2689/2917/2917 2157/2385/2385
f 4439/4667/4667 4438/4666/4666 3892/4120/4120
f 4440/4668/4668 4466/4694/4694 3944/4172/4172
f 3562/3790/3790 4441/4669/4669 3563/3791/3791
f 4440/4668/4668 3554/3782/3782 4441/4669/4669
f 4441/4669/4669 3562/3790/3790 4440/4668/4668
f 4442/4670/4670 1406/1634/1634 1408/1636/1636
f 4442/4670/4670 3566/3794/3794 3952/4180/4180
f 4443/4671/4671 3825/4053/4053 3183/3411/3411
f 4443/4671/4671 4286/4514/4514 3826/4054/4054
f 4444/4672/4672 4026/4254/4254 3959/4187/4187
f 4444/4672/4672 3948/4176/4176 4019/4247/4247
f 4445/4673/4673 4072/4300/4300 4001/4229/4229
f 4445/4673/4673 4405/4633/4633 4073/4301/4301
f 4446/4674/4674 3924/4152/4152 3923/4151/4151
f 4098/4326/4326 3920/4148/4148 4446/4674/4674
f 4447/4675/4675 4199/4427/4427 3885/4113/4113
f 4447/4675/4675 4148/4376/4376 4146/4374/4374
f 4448/4676/4676 4099/4327/4327 4042/4270/4270
f 4448/4676/4676 3287/3515/3515 4180/4408/4408
f 4449/4677/4677 4467/4695/4695 3282/3510/3510
f 4450/4678/4678 4428/4656/4656 4425/4653/4653
f 4450/4678/4678 4181/4409/4409 4428/4656/4656
f 4425/4653/4653 4449/4677/4677 4450/4678/4678
f 4451/4679/4679 4101/4329/4329 4044/4272/4272
f 4451/4679/4679 4165/4393/4393 4102/4330/4330
f 4258/4486/4486 4172/4400/4400 4452/4680/4680
f 4452/4680/4680 4293/4521/4521 4258/4486/4486
f 4453/4681/4681 4251/4479/4479 4277/4505/4505
f 4453/4681/4681 4290/4518/4518 4266/4494/4494
f 4454/4682/4682 4072/4300/4300 4073/4301/4301
f 4071/4299/4299 4069/4297/4297 4455/4683/4683
f 4455/4683/4683 4456/4684/4684 4157/4385/4385
f 4454/4682/4682 4408/4636/4636 4455/4683/4683
f 4456/4684/4684 4156/4384/4384 4157/4385/4385
f 4153/4381/4381 4456/4684/4684 4457/4685/4685
f 4164/4392/4392 4153/4381/4381 4457/4685/4685
f 4461/4689/4689 4164/4392/4392 4462/4690/4690
f 4457/4685/4685 4462/4690/4690 4164/4392/4392
f 4422/4650/4650 4459/4687/4687 4412/4640/4640
f 4458/4686/4686 4406/4634/4634 4459/4687/4687
f 4458/4686/4686 4459/4687/4687 4462/4690/4690
f 3766/3994/3994 4460/4688/4688 3764/3992/3992
f 4460/4688/4688 4424/4652/4652 3768/3996/3996
f 4461/4689/4689 4203/4431/4431 4164/4392/4392
f 4461/4689/4689 4431/4659/4659 4202/4430/4430
f 4462/4690/4690 4459/4687/4687 4422/4650/4650
f 4462/4690/4690 4457/4685/4685 4458/4686/4686
f 4463/4691/4691 3125/3353/3353 3123/3351/3351
f 4463/4691/4691 3498/3726/3726 2263/2491/2491
f 4464/4692/4692 3186/3414/3414 3422/3650/3650
f 4464/4692/4692 1653/1881/1881 3729/3957/3957
f 4465/4693/4693 3835/4063/4063 2807/3035/3035
f 4465/4693/4693 3834/4062/4062 3832/4060/4060
f 4466/4694/4694 4440/4668/4668 3562/3790/3790
f 4466/4694/4694 4055/4283/4283 3944/4172/4172
f 4467/4695/4695 4429/4657/4657 3290/3518/3518
f 4467/4695/4695 4449/4677/4677 4425/4653/4653
# 9008 faces
# End of File
